0.0	1
0.002	1
0.01	1
0.013	1
0.014	1
0.016	1
0.017	1
0.018	1
0.019	1
0.02	1
0.021	1
0.025	1
0.026	1
0.026	1
0.027	1
0.028	1
0.029	1
0.029	1
0.031	1
0.032	1
0.034	1
0.036	1
0.036	1
0.038	1
0.038	1
0.04	1
0.041	1
0.041	1
0.041	1
0.042	1
0.042	1
0.042	1
0.042	1
0.043	1
0.044	1
0.044	1
0.044	1
0.045	1
0.045	1
0.045	1
0.046	1
0.046	2
0.046	2
0.047	2
0.049	2
0.049	2
0.05	2
0.05	2
0.05	2
0.05	2
0.05	2
0.051	2
0.051	2
0.052	2
0.052	2
0.053	2
0.053	2
0.053	2
0.053	2
0.054	2
0.054	2
0.054	2
0.055	2
0.055	2
0.055	2
0.055	2
0.056	2
0.057	2
0.057	2
0.059	2
0.061	2
0.069	2
0.077	3
0.085	3
0.094	3
0.096	3
0.11	3
0.111	3
0.118	3
0.127	3
0.136	3
0.157	3
0.161	3
0.165	3
0.17	3
0.174	3
0.175	3
0.176	3
0.179	3
0.182	3
0.189	3
0.19	3
0.193	3
0.194	3
0.196	3
0.196	3
0.204	3
0.211	3
0.213	3
0.216	3
0.218	3
0.218	3
0.222	3
0.223	3
0.225	3
0.228	3
0.228	3
0.229	3
0.234	3
0.238	3
0.241	3
0.241	3
0.243	3
0.243	3
0.249	3
0.257	3
0.259	3
0.261	3
0.269	3
0.269	3
0.272	3
0.275	3
0.278	3
0.278	3
0.28	3
0.281	3
0.281	3
0.281	3
0.286	3
0.289	3
0.293	3
0.293	3
0.304	3
0.305	3
0.305	3
0.308	3
0.309	3
0.31	3
0.318	3
0.318	3
0.323	3
0.328	3
0.329	3
0.335	3
0.337	3
0.338	3
0.342	3
0.348	3
0.352	3
0.362	3
0.374	3
0.375	3
0.377	3
0.382	3
0.383	3
0.385	3
0.397	3
0.398	3
0.398	3
0.419	3
0.422	3
0.422	3
0.428	3
0.429	3
0.429	3
0.434	3
0.436	3
0.439	3
0.443	3
0.445	3
0.445	3
0.447	3
0.45	3
0.46	3
0.468	3
0.47	3
0.471	3
0.481	3
0.488	3
0.489	3
0.49	3
0.491	3
0.495	3
0.5	3
0.507	3
0.507	3
0.512	3
0.515	3
0.52	3
0.52	3
0.525	3
0.53	3
0.532	3
0.534	3
0.534	3
0.538	3
0.542	3
0.556	3
0.556	3
0.558	3
0.561	3
0.563	3
0.563	3
0.567	3
0.571	3
0.573	3
0.577	3
0.578	3
0.583	3
0.583	3
0.586	3
0.587	3
0.591	3
0.593	3
0.594	3
0.594	3
0.595	3
0.598	3
0.6	3
0.601	3
0.602	3
0.603	3
0.603	3
0.604	3
0.607	3
0.611	3
0.613	3
0.615	3
0.619	3
0.621	3
0.631	3
0.634	3
0.639	3
0.64	3
0.641	3
0.641	3
0.643	3
0.646	3
0.648	3
0.65	3
0.651	3
0.657	3
0.658	3
0.659	3
0.66	3
0.663	3
0.667	3
0.675	3
0.676	3
0.681	3
0.686	3
0.692	3
0.694	3
0.694	3
0.7	3
0.704	3
0.712	3
0.714	3
0.717	3
0.717	3
0.718	3
0.72	3
0.72	3
0.72	3
0.721	3
0.728	3
0.731	3
0.733	3
0.737	3
0.749	3
0.75	3
0.751	3
0.765	3
0.766	3
0.77	3
0.777	3
0.777	3
0.783	3
0.79	3
0.794	3
0.795	3
0.798	3
0.804	3
0.809	3
0.81	3
0.812	3
0.818	3
0.82	3
0.828	3
0.833	3
0.845	3
0.845	3
0.847	3
0.858	3
0.87	3
0.872	3
0.872	3
0.876	3
0.883	3
0.883	3
0.885	3
0.885	3
0.888	3
0.893	3
0.908	3
0.911	3
0.917	3
0.92	3
0.93	3
0.933	3
0.945	3
0.949	3
0.96	3
0.963	3
0.964	3
0.97	3
0.982	3
0.985	3
0.993	3
1.012	3
1.024	3
1.047	3
1.051	3
1.055	3
1.076	3
1.081	3
1.094	3
1.098	3
1.103	3
1.108	3
1.12	3
1.122	3
1.133	3
1.17	3
1.188	3
1.209	3
1.213	3
1.273	3
1.331	3
1.437	3
1.44	3
1.445	3
1.447	3
1.471	3
1.611	3
1.709	3
1.768	3
1.837	3
2.083	3
2.123	3
2.123	3
2.233	3
2.242	3
2.384	3
2.384	3
2.625	3
2.649	3
2.719	3
2.742	3
2.753	3
2.836	3
2.933	3
3.087	3
3.285	3
3.303	3
3.365	3
3.526	3
3.711	3
3.727	3
3.739	3
3.974	3
3.976	3
4.145	3
4.369	3
4.385	3
4.439	3
4.621	3
4.728	3
4.74	3
4.779	3
4.789	3
5.083	3
5.087	3
5.118	3
5.492	3
5.515	3
5.554	3
5.583	3
5.595	3
5.685	3
5.722	3
5.825	3
5.959	3
6.053	3
6.094	3
6.13	3
6.186	3
6.19	3
6.253	3
6.29	3
6.398	3
6.473	3
6.533	3
6.778	3
6.843	3
6.873	3
6.879	3
6.928	3
6.949	3
6.969	3
6.986	3
7.036	3
7.095	3
7.137	3
7.16	3
7.21	3
7.237	3
7.315	3
7.454	3
7.488	3
7.619	3
7.631	3
7.701	3
7.829	3
7.866	3
7.868	3
7.96	3
8.135	3
8.151	3
8.164	3
8.286	3
8.301	3
8.445	3
8.669	3
8.775	3
9.299	3
9.349	3
9.455	3
9.656	3
9.77	3
9.834	3
10.055	3
10.331	3
10.339	3
10.34	3
10.366	3
10.603	3
10.642	3
10.796	3
10.865	3
10.878	3
10.939	3
11.202	3
11.29	3
11.307	3
11.55	3
11.78	3
11.871	3
11.924	3
12.123	3
12.138	3
12.427	3
12.527	3
12.709	3
13.247	3
13.369	3
13.411	3
13.507	3
13.658	3
13.686	3
13.749	3
13.793	3
13.832	3
13.955	3
14.013	3
14.355	3
14.47	3
14.546	3
14.566	3
14.587	3
14.662	3
14.713	3
14.847	3
15.126	3
15.812	3
16.749	3
16.794	3
17.25	3
17.347	3
17.404	3
17.854	3
18.122	3
18.127	3
18.471	3
18.897	3
18.971	3
19.032	3
19.744	3
20.545	3
20.548	3
23.91	3
24.1	3
24.151	3
24.403	3
24.685	3
24.688	3
24.72	3
25.06	3
25.391	3
26.905	3
34.978	3
47.193	3
0.0	1
0.008	1
0.011	1
0.012	1
0.014	1
0.015	1
0.016	1
0.017	1
0.018	1
0.019	1
0.023	1
0.024	1
0.024	1
0.025	1
0.026	1
0.027	1
0.027	1
0.029	1
0.03	1
0.032	1
0.034	1
0.034	1
0.036	1
0.036	1
0.038	1
0.039	1
0.039	2
0.039	2
0.04	2
0.04	2
0.04	2
0.04	2
0.041	2
0.042	2
0.042	2
0.042	2
0.043	2
0.043	2
0.043	2
0.044	2
0.044	2
0.044	2
0.045	2
0.047	2
0.047	2
0.048	2
0.048	2
0.048	2
0.048	2
0.048	2
0.049	2
0.049	2
0.05	2
0.05	3
0.051	3
0.051	3
0.051	3
0.051	3
0.052	3
0.052	3
0.052	3
0.053	3
0.053	3
0.053	3
0.053	3
0.054	3
0.055	3
0.055	3
0.057	3
0.059	3
0.067	3
0.075	3
0.083	3
0.092	3
0.094	3
0.108	3
0.109	3
0.116	3
0.125	3
0.134	3
0.155	3
0.159	3
0.163	3
0.168	4
0.172	4
0.173	4
0.174	4
0.177	4
0.18	5
0.187	5
0.188	5
0.191	5
0.192	5
0.194	5
0.194	5
0.202	5
0.209	5
0.211	5
0.214	5
0.216	5
0.216	5
0.22	5
0.221	5
0.223	5
0.226	5
0.226	5
0.227	5
0.232	5
0.236	5
0.239	5
0.239	5
0.241	5
0.241	5
0.247	5
0.255	5
0.257	5
0.259	5
0.267	5
0.267	5
0.27	5
0.273	5
0.276	5
0.276	5
0.278	5
0.279	5
0.279	5
0.279	5
0.284	5
0.287	5
0.291	5
0.291	5
0.302	5
0.303	5
0.303	5
0.306	5
0.307	5
0.308	5
0.316	5
0.316	5
0.321	5
0.326	5
0.327	5
0.333	5
0.335	5
0.336	5
0.34	5
0.346	5
0.35	5
0.36	5
0.372	5
0.373	5
0.375	5
0.38	5
0.381	5
0.383	5
0.395	5
0.396	5
0.396	5
0.417	5
0.42	5
0.42	5
0.426	5
0.427	5
0.427	5
0.432	5
0.434	5
0.437	5
0.441	5
0.443	5
0.443	5
0.445	5
0.448	5
0.458	5
0.466	5
0.468	5
0.469	5
0.479	5
0.486	5
0.487	5
0.488	5
0.489	5
0.493	5
0.498	5
0.505	5
0.505	5
0.51	5
0.513	5
0.518	5
0.518	5
0.523	5
0.528	5
0.53	5
0.532	5
0.532	5
0.536	5
0.54	5
0.554	5
0.554	5
0.556	5
0.559	5
0.561	5
0.561	5
0.565	5
0.569	5
0.571	5
0.575	5
0.576	5
0.581	5
0.581	5
0.584	5
0.585	5
0.589	5
0.591	5
0.592	5
0.592	5
0.593	5
0.596	5
0.598	5
0.599	5
0.6	5
0.601	5
0.601	5
0.602	5
0.605	5
0.609	5
0.611	5
0.613	5
0.617	5
0.619	5
0.629	5
0.632	5
0.637	5
0.638	5
0.639	5
0.639	5
0.641	5
0.644	5
0.646	5
0.648	5
0.649	5
0.655	5
0.656	5
0.657	5
0.658	5
0.661	5
0.665	5
0.673	5
0.674	5
0.679	5
0.684	5
0.69	5
0.692	5
0.692	5
0.698	5
0.702	5
0.71	5
0.712	5
0.715	5
0.715	5
0.716	5
0.718	5
0.718	5
0.718	5
0.719	5
0.726	5
0.729	5
0.731	5
0.735	5
0.747	5
0.748	5
0.749	5
0.763	5
0.764	5
0.768	5
0.775	5
0.775	5
0.781	5
0.788	5
0.792	5
0.793	5
0.796	5
0.802	5
0.807	5
0.808	5
0.81	5
0.816	5
0.818	5
0.826	5
0.831	5
0.843	5
0.843	5
0.845	5
0.856	5
0.868	5
0.87	5
0.87	5
0.874	5
0.881	5
0.881	5
0.883	5
0.883	5
0.886	5
0.891	5
0.906	5
0.909	5
0.915	5
0.918	5
0.928	5
0.931	5
0.943	5
0.947	5
0.958	5
0.961	5
0.962	4
0.968	4
0.98	4
0.983	4
0.991	4
1.01	4
1.022	4
1.045	4
1.049	4
1.053	4
1.074	4
1.079	4
1.092	4
1.096	4
1.101	4
1.106	4
1.118	4
1.12	4
1.131	4
1.168	4
1.186	4
1.207	4
1.211	4
1.271	4
1.329	4
1.435	4
1.438	4
1.443	4
1.445	4
1.469	4
1.609	4
1.707	4
1.766	4
1.835	4
2.081	4
2.121	4
2.121	4
2.231	4
2.24	4
2.382	4
2.382	4
2.623	4
2.647	4
2.717	4
2.74	4
2.751	4
2.834	4
2.931	4
3.085	4
3.283	4
3.301	4
3.363	4
3.524	4
3.709	4
3.725	4
3.737	4
3.972	4
3.974	4
4.143	4
4.367	4
4.383	4
4.437	4
4.619	4
4.726	4
4.738	4
4.777	4
4.787	4
5.081	4
5.085	4
5.116	4
5.49	4
5.513	4
5.552	3
5.581	3
5.593	3
5.683	3
5.72	3
5.823	3
5.957	3
6.051	3
6.092	3
6.128	3
6.184	3
6.188	3
6.251	3
6.288	3
6.396	3
6.471	3
6.531	3
6.776	3
6.841	3
6.871	3
6.877	3
6.926	3
6.947	3
6.967	3
6.984	3
7.034	3
7.093	3
7.135	3
7.158	3
7.208	3
7.235	3
7.313	3
7.452	3
7.486	3
7.617	3
7.629	3
7.699	3
7.827	3
7.864	3
7.866	3
7.958	3
8.133	3
8.149	3
8.162	3
8.284	3
8.299	3
8.443	3
8.667	3
8.773	3
9.297	3
9.347	3
9.453	3
9.654	3
9.768	3
9.832	3
10.053	3
10.329	3
10.337	3
10.338	3
10.364	3
10.601	3
10.64	3
10.794	3
10.863	3
10.876	3
10.937	3
11.2	3
11.288	3
11.305	3
11.548	3
11.778	3
11.869	3
11.922	3
12.121	3
12.136	3
12.425	3
12.525	3
12.707	3
13.245	3
13.367	3
13.409	3
13.505	3
13.656	3
13.684	3
13.747	3
13.791	3
13.83	3
13.953	3
14.011	3
14.353	3
14.468	3
14.544	3
14.564	3
14.585	3
14.66	3
14.711	3
14.845	3
15.124	3
15.81	3
16.747	3
16.792	3
17.248	3
17.345	3
17.402	3
17.852	3
18.12	3
18.125	3
18.469	3
18.895	3
18.969	3
19.03	3
19.742	3
20.543	3
20.546	3
23.908	3
24.098	3
24.149	3
24.401	3
24.683	3
24.686	3
24.718	3
25.058	3
25.389	3
26.903	3
34.976	3
47.191	3
0.0	1
0.003	1
0.004	1
0.006	1
0.007	1
0.008	1
0.009	1
0.01	1
0.011	1
0.015	1
0.016	1
0.016	1
0.017	1
0.018	1
0.019	1
0.019	1
0.021	1
0.022	1
0.024	1
0.026	1
0.026	1
0.028	1
0.028	1
0.03	1
0.031	1
0.031	1
0.031	1
0.032	1
0.032	1
0.032	1
0.032	1
0.033	1
0.034	1
0.034	1
0.034	1
0.035	1
0.035	1
0.035	1
0.036	1
0.036	1
0.036	1
0.037	1
0.039	1
0.039	1
0.04	1
0.04	1
0.04	1
0.04	1
0.04	1
0.041	1
0.041	1
0.042	1
0.042	1
0.043	1
0.043	1
0.043	1
0.043	1
0.044	1
0.044	1
0.044	1
0.045	1
0.045	1
0.045	1
0.045	1
0.046	1
0.047	1
0.047	1
0.049	1
0.051	1
0.059	2
0.067	2
0.075	2
0.084	2
0.086	2
0.1	2
0.101	2
0.108	2
0.117	2
0.126	2
0.147	2
0.151	2
0.155	2
0.16	2
0.164	2
0.165	2
0.166	2
0.169	2
0.172	2
0.179	2
0.18	2
0.183	2
0.184	2
0.186	2
0.186	2
0.194	2
0.201	2
0.203	2
0.206	2
0.208	2
0.208	2
0.212	2
0.213	2
0.215	2
0.218	2
0.218	2
0.219	2
0.224	2
0.228	2
0.231	2
0.231	2
0.233	2
0.233	2
0.239	2
0.247	2
0.249	2
0.251	2
0.259	2
0.259	2
0.262	2
0.265	2
0.268	2
0.268	2
0.27	2
0.271	2
0.271	2
0.271	2
0.276	2
0.279	2
0.283	2
0.283	2
0.294	2
0.295	2
0.295	2
0.298	2
0.299	2
0.3	2
0.308	2
0.308	2
0.313	2
0.318	2
0.319	2
0.325	2
0.327	2
0.328	2
0.332	2
0.338	2
0.342	3
0.352	3
0.364	3
0.365	3
0.367	3
0.372	3
0.373	3
0.375	4
0.387	4
0.388	4
0.388	4
0.409	4
0.412	4
0.412	5
0.418	5
0.419	5
0.419	5
0.424	5
0.426	5
0.429	5
0.433	5
0.435	5
0.435	5
0.437	6
0.44	6
0.45	6
0.458	6
0.46	6
0.461	6
0.471	6
0.478	6
0.479	6
0.48	6
0.481	6
0.485	6
0.49	6
0.497	6
0.497	6
0.502	6
0.505	6
0.51	6
0.51	6
0.515	6
0.52	6
0.522	6
0.524	6
0.524	6
0.528	6
0.532	6
0.546	6
0.546	6
0.548	6
0.551	6
0.553	6
0.553	6
0.557	6
0.561	6
0.563	6
0.567	6
0.568	6
0.573	6
0.573	6
0.576	6
0.577	6
0.581	6
0.583	6
0.584	6
0.584	6
0.585	6
0.588	6
0.59	6
0.591	6
0.592	6
0.593	6
0.593	6
0.594	6
0.597	6
0.601	6
0.603	6
0.605	6
0.609	6
0.611	6
0.621	6
0.624	6
0.629	6
0.63	6
0.631	6
0.631	6
0.633	6
0.636	6
0.638	6
0.64	7
0.641	7
0.647	7
0.648	7
0.649	7
0.65	7
0.653	7
0.657	7
0.665	7
0.666	7
0.671	7
0.676	7
0.682	7
0.684	7
0.684	7
0.69	7
0.694	7
0.702	7
0.704	7
0.707	7
0.707	7
0.708	7
0.71	7
0.71	7
0.71	7
0.711	7
0.718	7
0.721	7
0.723	7
0.727	7
0.739	7
0.74	7
0.741	7
0.755	7
0.756	7
0.76	7
0.767	7
0.767	7
0.773	7
0.78	7
0.784	7
0.785	7
0.788	7
0.794	7
0.799	7
0.8	7
0.802	7
0.808	7
0.81	7
0.818	7
0.823	7
0.835	7
0.835	7
0.837	8
0.848	8
0.86	8
0.862	8
0.862	8
0.866	8
0.873	8
0.873	8
0.875	8
0.875	8
0.878	8
0.883	8
0.898	8
0.901	8
0.907	8
0.91	8
0.92	8
0.923	8
0.935	8
0.939	8
0.95	8
0.953	8
0.954	8
0.96	8
0.972	8
0.975	8
0.983	8
1.002	8
1.014	8
1.037	8
1.041	8
1.045	8
1.066	8
1.071	8
1.084	8
1.088	8
1.093	8
1.098	8
1.11	8
1.112	8
1.123	8
1.16	8
1.178	8
1.199	8
1.203	8
1.263	8
1.321	8
1.427	8
1.43	8
1.435	8
1.437	8
1.461	8
1.601	8
1.699	8
1.758	8
1.827	8
2.073	8
2.113	8
2.113	8
2.223	8
2.232	8
2.374	8
2.374	8
2.615	8
2.639	8
2.709	8
2.732	8
2.743	8
2.826	8
2.923	8
3.077	8
3.275	8
3.293	8
3.355	8
3.516	8
3.701	8
3.717	8
3.729	8
3.964	8
3.966	8
4.135	8
4.359	8
4.375	8
4.429	8
4.611	8
4.718	8
4.73	8
4.769	8
4.779	8
5.073	8
5.077	8
5.108	8
5.482	8
5.505	7
5.544	7
5.573	7
5.585	7
5.675	7
5.712	6
5.815	6
5.949	6
6.043	6
6.084	6
6.12	6
6.176	6
6.18	6
6.243	6
6.28	6
6.388	6
6.463	6
6.523	6
6.768	6
6.833	6
6.863	6
6.869	6
6.918	6
6.939	6
6.959	6
6.976	6
7.026	6
7.085	6
7.127	6
7.15	6
7.2	6
7.227	6
7.305	6
7.444	6
7.478	6
7.609	6
7.621	6
7.691	6
7.819	6
7.856	6
7.858	6
7.95	6
8.125	6
8.141	6
8.154	6
8.276	6
8.291	6
8.435	6
8.659	6
8.765	6
9.289	6
9.339	6
9.445	6
9.646	6
9.76	6
9.824	6
10.045	6
10.321	6
10.329	6
10.33	6
10.356	6
10.593	6
10.632	6
10.786	6
10.855	6
10.868	6
10.929	6
11.192	6
11.28	6
11.297	6
11.54	6
11.77	6
11.861	6
11.914	6
12.113	6
12.128	6
12.417	6
12.517	6
12.699	6
13.237	5
13.359	5
13.401	5
13.497	5
13.648	5
13.676	5
13.739	5
13.783	5
13.822	5
13.945	5
14.003	5
14.345	5
14.46	5
14.536	5
14.556	5
14.577	5
14.652	5
14.703	5
14.837	5
15.116	5
15.802	5
16.739	5
16.784	5
17.24	5
17.337	5
17.394	4
17.844	4
18.112	4
18.117	4
18.461	4
18.887	3
18.961	3
19.022	3
19.734	3
20.535	3
20.538	3
23.9	3
24.09	3
24.141	3
24.393	3
24.675	3
24.678	3
24.71	3
25.05	3
25.381	3
26.895	3
34.968	3
47.183	3
0.0	1
0.001	1
0.003	1
0.004	1
0.005	1
0.006	1
0.007	1
0.008	1
0.012	1
0.013	1
0.013	1
0.014	1
0.015	1
0.016	1
0.016	1
0.018	1
0.019	1
0.021	1
0.023	1
0.023	1
0.025	1
0.025	1
0.027	1
0.028	1
0.028	1
0.028	1
0.029	1
0.029	1
0.029	1
0.029	1
0.03	1
0.031	1
0.031	1
0.031	1
0.032	1
0.032	1
0.032	1
0.033	1
0.033	1
0.033	1
0.034	1
0.036	1
0.036	1
0.037	1
0.037	1
0.037	1
0.037	1
0.037	1
0.038	1
0.038	1
0.039	1
0.039	1
0.04	1
0.04	1
0.04	1
0.04	1
0.041	1
0.041	1
0.041	1
0.042	1
0.042	1
0.042	1
0.042	1
0.043	1
0.044	1
0.044	1
0.046	1
0.048	1
0.056	1
0.064	1
0.072	1
0.081	1
0.083	1
0.097	1
0.098	1
0.105	1
0.114	1
0.123	1
0.144	1
0.148	1
0.152	1
0.157	1
0.161	1
0.162	1
0.163	1
0.166	1
0.169	1
0.176	1
0.177	1
0.18	1
0.181	1
0.183	1
0.183	1
0.191	1
0.198	1
0.2	1
0.203	1
0.205	1
0.205	1
0.209	1
0.21	1
0.212	1
0.215	1
0.215	1
0.216	1
0.221	2
0.225	2
0.228	2
0.228	2
0.23	2
0.23	2
0.236	3
0.244	3
0.246	3
0.248	3
0.256	3
0.256	3
0.259	3
0.262	3
0.265	3
0.265	3
0.267	3
0.268	3
0.268	3
0.268	3
0.273	3
0.276	3
0.28	3
0.28	3
0.291	3
0.292	3
0.292	3
0.295	3
0.296	3
0.297	3
0.305	3
0.305	3
0.31	3
0.315	3
0.316	3
0.322	3
0.324	3
0.325	3
0.329	3
0.335	3
0.339	3
0.349	3
0.361	3
0.362	3
0.364	3
0.369	4
0.37	4
0.372	4
0.384	4
0.385	4
0.385	4
0.406	4
0.409	4
0.409	4
0.415	4
0.416	4
0.416	4
0.421	4
0.423	4
0.426	4
0.43	4
0.432	4
0.432	4
0.434	4
0.437	4
0.447	4
0.455	4
0.457	4
0.458	4
0.468	4
0.475	4
0.476	4
0.477	4
0.478	4
0.482	4
0.487	4
0.494	4
0.494	4
0.499	4
0.502	4
0.507	4
0.507	4
0.512	4
0.517	4
0.519	4
0.521	4
0.521	4
0.525	4
0.529	4
0.543	4
0.543	4
0.545	4
0.548	4
0.55	4
0.55	4
0.554	4
0.558	4
0.56	4
0.564	4
0.565	4
0.57	4
0.57	4
0.573	4
0.574	4
0.578	4
0.58	4
0.581	4
0.581	4
0.582	4
0.585	4
0.587	4
0.588	4
0.589	4
0.59	4
0.59	4
0.591	4
0.594	4
0.598	4
0.6	4
0.602	4
0.606	4
0.608	4
0.618	4
0.621	4
0.626	4
0.627	4
0.628	4
0.628	4
0.63	4
0.633	4
0.635	4
0.637	4
0.638	4
0.644	4
0.645	4
0.646	4
0.647	4
0.65	4
0.654	4
0.662	4
0.663	4
0.668	4
0.673	4
0.679	4
0.681	4
0.681	4
0.687	4
0.691	4
0.699	4
0.701	4
0.704	4
0.704	4
0.705	4
0.707	4
0.707	4
0.707	4
0.708	4
0.715	4
0.718	4
0.72	4
0.724	4
0.736	4
0.737	4
0.738	4
0.752	4
0.753	4
0.757	4
0.764	4
0.764	4
0.77	4
0.777	4
0.781	4
0.782	4
0.785	4
0.791	4
0.796	4
0.797	4
0.799	5
0.805	5
0.807	5
0.815	5
0.82	5
0.832	5
0.832	5
0.834	5
0.845	5
0.857	5
0.859	5
0.859	5
0.863	5
0.87	5
0.87	5
0.872	5
0.872	5
0.875	5
0.88	5
0.895	5
0.898	5
0.904	5
0.907	5
0.917	5
0.92	5
0.932	5
0.936	5
0.947	5
0.95	5
0.951	5
0.957	5
0.969	5
0.972	5
0.98	5
0.999	5
1.011	5
1.034	5
1.038	5
1.042	5
1.063	5
1.068	5
1.081	5
1.085	5
1.09	5
1.095	5
1.107	5
1.109	5
1.12	5
1.157	5
1.175	5
1.196	5
1.2	5
1.26	5
1.318	5
1.424	5
1.427	5
1.432	5
1.434	5
1.458	5
1.598	5
1.696	5
1.755	5
1.824	5
2.07	5
2.11	5
2.11	5
2.22	5
2.229	5
2.371	5
2.371	5
2.612	5
2.636	5
2.706	5
2.729	5
2.74	5
2.823	5
2.92	5
3.074	5
3.272	5
3.29	5
3.352	5
3.513	5
3.698	5
3.714	5
3.726	5
3.961	5
3.963	5
4.132	5
4.356	5
4.372	5
4.426	5
4.608	5
4.715	5
4.727	5
4.766	5
4.776	5
5.07	5
5.074	5
5.105	5
5.479	5
5.502	5
5.541	5
5.57	5
5.582	5
5.672	5
5.709	5
5.812	5
5.946	5
6.04	5
6.081	5
6.117	5
6.173	5
6.177	5
6.24	5
6.277	5
6.385	5
6.46	5
6.52	5
6.765	5
6.83	5
6.86	5
6.866	5
6.915	5
6.936	5
6.956	5
6.973	5
7.023	5
7.082	5
7.124	5
7.147	5
7.197	5
7.224	5
7.302	5
7.441	5
7.475	5
7.606	5
7.618	5
7.688	5
7.816	5
7.853	5
7.855	5
7.947	5
8.122	5
8.138	5
8.151	5
8.273	5
8.288	5
8.432	5
8.656	5
8.762	5
9.286	5
9.336	5
9.442	5
9.643	5
9.757	5
9.821	4
10.042	4
10.318	4
10.326	4
10.327	4
10.353	3
10.59	3
10.629	3
10.783	3
10.852	3
10.865	3
10.926	3
11.189	3
11.277	3
11.294	3
11.537	3
11.767	3
11.858	3
11.911	3
12.11	3
12.125	3
12.414	3
12.514	3
12.696	3
13.234	3
13.356	3
13.398	3
13.494	3
13.645	3
13.673	3
13.736	3
13.78	3
13.819	3
13.942	3
14.0	3
14.342	3
14.457	3
14.533	3
14.553	3
14.574	3
14.649	3
14.7	3
14.834	3
15.113	3
15.799	3
16.736	3
16.781	3
17.237	3
17.334	3
17.391	3
17.841	3
18.109	3
18.114	3
18.458	3
18.884	3
18.958	3
19.019	3
19.731	3
20.532	3
20.535	3
23.897	3
24.087	3
24.138	3
24.39	3
24.672	3
24.675	3
24.707	3
25.047	3
25.378	3
26.892	3
34.965	3
47.18	3
0.0	1
0.002	1
0.003	1
0.004	1
0.005	1
0.006	1
0.007	1
0.011	1
0.012	2
0.012	2
0.013	2
0.014	2
0.015	2
0.015	2
0.017	2
0.018	2
0.02	2
0.022	2
0.022	2
0.024	2
0.024	2
0.026	2
0.027	2
0.027	2
0.027	2
0.028	2
0.028	2
0.028	2
0.028	2
0.029	2
0.03	2
0.03	2
0.03	2
0.031	2
0.031	2
0.031	2
0.032	2
0.032	2
0.032	2
0.033	2
0.035	2
0.035	2
0.036	2
0.036	2
0.036	2
0.036	2
0.036	2
0.037	2
0.037	2
0.038	2
0.038	2
0.039	2
0.039	2
0.039	2
0.039	2
0.04	2
0.04	2
0.04	2
0.041	2
0.041	2
0.041	2
0.041	2
0.042	2
0.043	2
0.043	2
0.045	2
0.047	2
0.055	2
0.063	2
0.071	2
0.08	2
0.082	2
0.096	2
0.097	2
0.104	2
0.113	2
0.122	2
0.143	2
0.147	2
0.151	3
0.156	3
0.16	3
0.161	4
0.162	4
0.165	4
0.168	4
0.175	4
0.176	4
0.179	4
0.18	4
0.182	4
0.182	4
0.19	4
0.197	4
0.199	4
0.202	4
0.204	4
0.204	4
0.208	4
0.209	4
0.211	4
0.214	4
0.214	5
0.215	5
0.22	5
0.224	5
0.227	5
0.227	5
0.229	5
0.229	5
0.235	5
0.243	5
0.245	5
0.247	5
0.255	5
0.255	5
0.258	5
0.261	5
0.264	5
0.264	5
0.266	5
0.267	5
0.267	5
0.267	5
0.272	5
0.275	5
0.279	5
0.279	5
0.29	5
0.291	5
0.291	5
0.294	5
0.295	5
0.296	5
0.304	5
0.304	5
0.309	5
0.314	5
0.315	5
0.321	5
0.323	5
0.324	5
0.328	5
0.334	5
0.338	5
0.348	5
0.36	5
0.361	5
0.363	5
0.368	5
0.369	5
0.371	5
0.383	5
0.384	5
0.384	5
0.405	5
0.408	5
0.408	5
0.414	5
0.415	5
0.415	5
0.42	5
0.422	5
0.425	5
0.429	5
0.431	5
0.431	5
0.433	5
0.436	5
0.446	5
0.454	5
0.456	5
0.457	5
0.467	5
0.474	5
0.475	5
0.476	5
0.477	5
0.481	5
0.486	5
0.493	5
0.493	5
0.498	5
0.501	5
0.506	5
0.506	5
0.511	5
0.516	5
0.518	5
0.52	5
0.52	5
0.524	5
0.528	5
0.542	5
0.542	5
0.544	5
0.547	5
0.549	5
0.549	5
0.553	5
0.557	5
0.559	5
0.563	5
0.564	5
0.569	5
0.569	5
0.572	5
0.573	5
0.577	5
0.579	5
0.58	5
0.58	5
0.581	5
0.584	5
0.586	5
0.587	5
0.588	5
0.589	5
0.589	5
0.59	5
0.593	5
0.597	5
0.599	5
0.601	5
0.605	5
0.607	5
0.617	5
0.62	5
0.625	5
0.626	5
0.627	5
0.627	5
0.629	5
0.632	5
0.634	5
0.636	5
0.637	5
0.643	5
0.644	5
0.645	5
0.646	5
0.649	5
0.653	5
0.661	5
0.662	5
0.667	5
0.672	5
0.678	5
0.68	5
0.68	5
0.686	5
0.69	5
0.698	5
0.7	5
0.703	5
0.703	5
0.704	5
0.706	5
0.706	5
0.706	5
0.707	5
0.714	5
0.717	5
0.719	5
0.723	5
0.735	5
0.736	5
0.737	5
0.751	5
0.752	5
0.756	5
0.763	5
0.763	5
0.769	5
0.776	5
0.78	5
0.781	5
0.784	5
0.79	5
0.795	5
0.796	5
0.798	5
0.804	5
0.806	5
0.814	5
0.819	5
0.831	5
0.831	5
0.833	5
0.844	5
0.856	5
0.858	5
0.858	5
0.862	5
0.869	5
0.869	5
0.871	5
0.871	5
0.874	5
0.879	5
0.894	5
0.897	5
0.903	5
0.906	5
0.916	5
0.919	5
0.931	5
0.935	5
0.946	5
0.949	5
0.95	5
0.956	5
0.968	5
0.971	5
0.979	5
0.998	5
1.01	5
1.033	5
1.037	5
1.041	5
1.062	5
1.067	5
1.08	5
1.084	5
1.089	5
1.094	5
1.106	5
1.108	5
1.119	5
1.156	5
1.174	5
1.195	5
1.199	5
1.259	5
1.317	5
1.423	5
1.426	5
1.431	5
1.433	5
1.457	5
1.597	5
1.695	5
1.754	5
1.823	5
2.069	5
2.109	5
2.109	5
2.219	5
2.228	5
2.37	5
2.37	5
2.611	5
2.635	5
2.705	5
2.728	5
2.739	5
2.822	5
2.919	5
3.073	5
3.271	5
3.289	5
3.351	5
3.512	5
3.697	5
3.713	5
3.725	5
3.96	5
3.962	5
4.131	5
4.355	5
4.371	5
4.425	5
4.607	5
4.714	4
4.726	4
4.765	4
4.775	4
5.069	4
5.073	4
5.104	4
5.478	4
5.501	4
5.54	4
5.569	4
5.581	4
5.671	4
5.708	4
5.811	4
5.945	4
6.039	4
6.08	4
6.116	4
6.172	4
6.176	4
6.239	4
6.276	4
6.384	4
6.459	4
6.519	4
6.764	4
6.829	4
6.859	4
6.865	4
6.914	4
6.935	4
6.955	4
6.972	4
7.022	4
7.081	4
7.123	4
7.146	4
7.196	4
7.223	4
7.301	4
7.44	4
7.474	4
7.605	4
7.617	4
7.687	4
7.815	4
7.852	4
7.854	4
7.946	4
8.121	4
8.137	4
8.15	4
8.272	4
8.287	4
8.431	4
8.655	4
8.761	4
9.285	4
9.335	4
9.441	4
9.642	4
9.756	4
9.82	4
10.041	4
10.317	4
10.325	4
10.326	4
10.352	4
10.589	4
10.628	4
10.782	4
10.851	4
10.864	4
10.925	4
11.188	4
11.276	4
11.293	4
11.536	4
11.766	4
11.857	4
11.91	4
12.109	4
12.124	4
12.413	4
12.513	4
12.695	4
13.233	4
13.355	4
13.397	4
13.493	4
13.644	4
13.672	4
13.735	4
13.779	4
13.818	4
13.941	4
13.999	4
14.341	4
14.456	4
14.532	4
14.552	4
14.573	4
14.648	4
14.699	4
14.833	4
15.112	4
15.798	4
16.735	4
16.78	4
17.236	4
17.333	4
17.39	4
17.84	4
18.108	4
18.113	4
18.457	4
18.883	4
18.957	4
19.018	4
19.73	4
20.531	3
20.534	3
23.896	3
24.086	3
24.137	3
24.389	3
24.671	3
24.674	3
24.706	3
25.046	3
25.377	3
26.891	3
34.964	3
47.179	3
0.001	1
0.002	1
0.003	1
0.004	1
0.005	1
0.006	1
0.01	1
0.011	1
0.011	1
0.012	1
0.013	1
0.014	1
0.014	1
0.016	1
0.017	1
0.019	1
0.021	1
0.021	1
0.023	1
0.023	1
0.025	1
0.026	1
0.026	1
0.026	1
0.027	1
0.027	1
0.027	1
0.027	1
0.028	1
0.029	1
0.029	1
0.029	1
0.03	1
0.03	1
0.03	1
0.031	1
0.031	1
0.031	1
0.032	1
0.034	1
0.034	1
0.035	1
0.035	1
0.035	1
0.035	1
0.035	1
0.036	1
0.036	1
0.037	1
0.037	1
0.038	1
0.038	1
0.038	1
0.038	1
0.039	1
0.039	1
0.039	1
0.04	1
0.04	1
0.04	1
0.04	1
0.041	1
0.042	1
0.042	1
0.044	1
0.046	1
0.054	1
0.062	1
0.07	1
0.079	1
0.081	1
0.095	1
0.096	1
0.103	1
0.112	1
0.121	1
0.142	1
0.146	1
0.15	1
0.155	1
0.159	1
0.16	1
0.161	1
0.164	1
0.167	1
0.174	1
0.175	1
0.178	1
0.179	1
0.181	1
0.181	1
0.189	1
0.196	1
0.198	1
0.201	1
0.203	1
0.203	1
0.207	1
0.208	1
0.21	1
0.213	1
0.213	1
0.214	1
0.219	1
0.223	1
0.226	1
0.226	1
0.228	1
0.228	1
0.234	1
0.242	1
0.244	1
0.246	1
0.254	1
0.254	1
0.257	1
0.26	1
0.263	1
0.263	1
0.265	1
0.266	2
0.266	2
0.266	2
0.271	2
0.274	2
0.278	2
0.278	2
0.289	2
0.29	2
0.29	2
0.293	2
0.294	2
0.295	3
0.303	3
0.303	3
0.308	3
0.313	3
0.314	3
0.32	3
0.322	3
0.323	3
0.327	4
0.333	4
0.337	4
0.347	4
0.359	4
0.36	4
0.362	4
0.367	4
0.368	4
0.37	4
0.382	4
0.383	4
0.383	4
0.404	4
0.407	4
0.407	4
0.413	4
0.414	4
0.414	4
0.419	4
0.421	4
0.424	4
0.428	4
0.43	4
0.43	4
0.432	4
0.435	4
0.445	5
0.453	5
0.455	5
0.456	5
0.466	5
0.473	5
0.474	5
0.475	5
0.476	5
0.48	5
0.485	5
0.492	5
0.492	5
0.497	5
0.5	6
0.505	6
0.505	6
0.51	6
0.515	6
0.517	6
0.519	6
0.519	6
0.523	6
0.527	6
0.541	6
0.541	6
0.543	6
0.546	6
0.548	6
0.548	6
0.552	6
0.556	6
0.558	6
0.562	6
0.563	6
0.568	6
0.568	6
0.571	6
0.572	6
0.576	6
0.578	6
0.579	6
0.579	6
0.58	6
0.583	6
0.585	6
0.586	6
0.587	6
0.588	6
0.588	6
0.589	6
0.592	6
0.596	6
0.598	6
0.6	6
0.604	6
0.606	6
0.616	6
0.619	6
0.624	6
0.625	6
0.626	6
0.626	6
0.628	7
0.631	7
0.633	7
0.635	7
0.636	7
0.642	7
0.643	7
0.644	8
0.645	8
0.648	8
0.652	8
0.66	8
0.661	8
0.666	8
0.671	8
0.677	8
0.679	8
0.679	8
0.685	8
0.689	8
0.697	8
0.699	8
0.702	8
0.702	8
0.703	8
0.705	8
0.705	8
0.705	8
0.706	8
0.713	8
0.716	8
0.718	8
0.722	8
0.734	8
0.735	8
0.736	8
0.75	8
0.751	8
0.755	8
0.762	8
0.762	8
0.768	8
0.775	8
0.779	8
0.78	8
0.783	8
0.789	8
0.794	8
0.795	8
0.797	8
0.803	8
0.805	8
0.813	8
0.818	8
0.83	8
0.83	8
0.832	8
0.843	8
0.855	8
0.857	8
0.857	8
0.861	8
0.868	8
0.868	8
0.87	8
0.87	8
0.873	8
0.878	8
0.893	8
0.896	8
0.902	8
0.905	8
0.915	8
0.918	8
0.93	8
0.934	8
0.945	8
0.948	8
0.949	8
0.955	8
0.967	8
0.97	8
0.978	8
0.997	8
1.009	8
1.032	8
1.036	8
1.04	8
1.061	8
1.066	8
1.079	8
1.083	8
1.088	8
1.093	8
1.105	8
1.107	8
1.118	8
1.155	8
1.173	8
1.194	8
1.198	8
1.258	8
1.316	8
1.422	8
1.425	8
1.43	8
1.432	8
1.456	8
1.596	8
1.694	8
1.753	8
1.822	8
2.068	8
2.108	8
2.108	8
2.218	8
2.227	8
2.369	8
2.369	8
2.61	8
2.634	8
2.704	8
2.727	8
2.738	8
2.821	8
2.918	8
3.072	8
3.27	8
3.288	8
3.35	8
3.511	8
3.696	8
3.712	8
3.724	8
3.959	8
3.961	8
4.13	8
4.354	8
4.37	8
4.424	8
4.606	8
4.713	8
4.725	8
4.764	8
4.774	8
5.068	8
5.072	8
5.103	8
5.477	8
5.5	8
5.539	8
5.568	8
5.58	8
5.67	8
5.707	8
5.81	8
5.944	8
6.038	8
6.079	8
6.115	8
6.171	8
6.175	8
6.238	8
6.275	8
6.383	8
6.458	8
6.518	8
6.763	8
6.828	8
6.858	8
6.864	8
6.913	8
6.934	8
6.954	8
6.971	8
7.021	8
7.08	8
7.122	8
7.145	8
7.195	7
7.222	7
7.3	7
7.439	7
7.473	6
7.604	6
7.616	5
7.686	5
7.814	5
7.851	5
7.853	5
7.945	5
8.12	5
8.136	5
8.149	5
8.271	5
8.286	5
8.43	5
8.654	5
8.76	5
9.284	5
9.334	5
9.44	5
9.641	5
9.755	5
9.819	5
10.04	5
10.316	5
10.324	5
10.325	5
10.351	5
10.588	5
10.627	5
10.781	5
10.85	5
10.863	5
10.924	5
11.187	5
11.275	5
11.292	5
11.535	5
11.765	5
11.856	5
11.909	5
12.108	5
12.123	5
12.412	5
12.512	5
12.694	5
13.232	5
13.354	5
13.396	5
13.492	5
13.643	5
13.671	5
13.734	5
13.778	5
13.817	5
13.94	5
13.998	5
14.34	5
14.455	5
14.531	5
14.551	5
14.572	5
14.647	5
14.698	5
14.832	5
15.111	5
15.797	5
16.734	5
16.779	5
17.235	5
17.332	5
17.389	5
17.839	5
18.107	5
18.112	4
18.456	4
18.882	4
18.956	4
19.017	4
19.729	4
20.53	4
20.533	4
23.895	4
24.085	4
24.136	4
24.388	4
24.67	4
24.673	3
24.705	3
25.045	3
25.376	3
26.89	3
34.963	3
47.178	3
0.001	1
0.002	1
0.003	1
0.004	1
0.005	1
0.009	1
0.01	1
0.01	1
0.011	1
0.012	1
0.013	1
0.013	1
0.015	1
0.016	1
0.018	1
0.02	1
0.02	1
0.022	1
0.022	1
0.024	1
0.025	1
0.025	1
0.025	1
0.026	1
0.026	1
0.026	1
0.026	1
0.027	1
0.028	1
0.028	1
0.028	1
0.029	1
0.029	1
0.029	1
0.03	1
0.03	1
0.03	1
0.031	1
0.033	1
0.033	1
0.034	1
0.034	1
0.034	1
0.034	1
0.034	1
0.035	1
0.035	1
0.036	1
0.036	1
0.037	1
0.037	1
0.037	1
0.037	1
0.038	1
0.038	1
0.038	1
0.039	1
0.039	1
0.039	1
0.039	1
0.04	1
0.041	1
0.041	1
0.043	1
0.045	1
0.053	1
0.061	1
0.069	1
0.078	1
0.08	1
0.094	2
0.095	2
0.102	2
0.111	2
0.12	2
0.141	2
0.145	2
0.149	2
0.154	2
0.158	3
0.159	3
0.16	3
0.163	3
0.166	3
0.173	3
0.174	3
0.177	3
0.178	3
0.18	3
0.18	3
0.188	3
0.195	3
0.197	3
0.2	3
0.202	3
0.202	3
0.206	3
0.207	3
0.209	3
0.212	3
0.212	3
0.213	3
0.218	3
0.222	3
0.225	3
0.225	3
0.227	3
0.227	3
0.233	3
0.241	3
0.243	3
0.245	3
0.253	3
0.253	3
0.256	3
0.259	3
0.262	3
0.262	3
0.264	3
0.265	3
0.265	3
0.265	3
0.27	3
0.273	3
0.277	3
0.277	3
0.288	3
0.289	3
0.289	3
0.292	3
0.293	3
0.294	3
0.302	3
0.302	3
0.307	3
0.312	3
0.313	3
0.319	3
0.321	3
0.322	3
0.326	3
0.332	3
0.336	3
0.346	3
0.358	3
0.359	3
0.361	3
0.366	3
0.367	3
0.369	3
0.381	3
0.382	3
0.382	3
0.403	3
0.406	3
0.406	3
0.412	3
0.413	3
0.413	3
0.418	3
0.42	3
0.423	3
0.427	3
0.429	3
0.429	3
0.431	3
0.434	3
0.444	3
0.452	3
0.454	3
0.455	3
0.465	3
0.472	3
0.473	3
0.474	3
0.475	3
0.479	3
0.484	3
0.491	3
0.491	3
0.496	3
0.499	3
0.504	3
0.504	3
0.509	3
0.514	3
0.516	3
0.518	3
0.518	3
0.522	3
0.526	3
0.54	3
0.54	3
0.542	3
0.545	3
0.547	3
0.547	3
0.551	3
0.555	3
0.557	3
0.561	3
0.562	3
0.567	3
0.567	3
0.57	3
0.571	3
0.575	3
0.577	3
0.578	3
0.578	3
0.579	3
0.582	3
0.584	3
0.585	3
0.586	3
0.587	3
0.587	3
0.588	3
0.591	3
0.595	3
0.597	3
0.599	3
0.603	3
0.605	3
0.615	3
0.618	3
0.623	3
0.624	3
0.625	3
0.625	3
0.627	3
0.63	3
0.632	3
0.634	3
0.635	3
0.641	3
0.642	3
0.643	3
0.644	3
0.647	3
0.651	3
0.659	3
0.66	3
0.665	3
0.67	3
0.676	3
0.678	3
0.678	3
0.684	3
0.688	3
0.696	3
0.698	3
0.701	3
0.701	3
0.702	3
0.704	3
0.704	3
0.704	3
0.705	3
0.712	3
0.715	3
0.717	3
0.721	3
0.733	3
0.734	3
0.735	3
0.749	3
0.75	3
0.754	3
0.761	3
0.761	3
0.767	3
0.774	3
0.778	3
0.779	3
0.782	3
0.788	3
0.793	3
0.794	3
0.796	3
0.802	3
0.804	3
0.812	3
0.817	3
0.829	3
0.829	3
0.831	3
0.842	3
0.854	3
0.856	3
0.856	3
0.86	3
0.867	3
0.867	3
0.869	3
0.869	3
0.872	3
0.877	3
0.892	3
0.895	3
0.901	3
0.904	3
0.914	3
0.917	3
0.929	3
0.933	3
0.944	3
0.947	3
0.948	3
0.954	3
0.966	3
0.969	3
0.977	3
0.996	3
1.008	3
1.031	3
1.035	3
1.039	3
1.06	3
1.065	3
1.078	3
1.082	3
1.087	3
1.092	3
1.104	3
1.106	3
1.117	3
1.154	3
1.172	3
1.193	3
1.197	3
1.257	3
1.315	3
1.421	3
1.424	3
1.429	3
1.431	3
1.455	3
1.595	3
1.693	3
1.752	3
1.821	3
2.067	3
2.107	3
2.107	3
2.217	3
2.226	3
2.368	3
2.368	3
2.609	3
2.633	3
2.703	3
2.726	3
2.737	3
2.82	3
2.917	3
3.071	3
3.269	3
3.287	3
3.349	3
3.51	3
3.695	3
3.711	3
3.723	3
3.958	3
3.96	3
4.129	3
4.353	3
4.369	3
4.423	3
4.605	3
4.712	3
4.724	3
4.763	3
4.773	3
5.067	3
5.071	3
5.102	3
5.476	3
5.499	3
5.538	3
5.567	3
5.579	3
5.669	3
5.706	3
5.809	3
5.943	3
6.037	3
6.078	3
6.114	3
6.17	3
6.174	3
6.237	3
6.274	3
6.382	3
6.457	3
6.517	3
6.762	3
6.827	3
6.857	3
6.863	3
6.912	3
6.933	3
6.953	3
6.97	3
7.02	3
7.079	3
7.121	3
7.144	3
7.194	3
7.221	3
7.299	3
7.438	3
7.472	3
7.603	3
7.615	3
7.685	3
7.813	3
7.85	3
7.852	3
7.944	3
8.119	3
8.135	3
8.148	3
8.27	3
8.285	3
8.429	3
8.653	3
8.759	3
9.283	3
9.333	3
9.439	3
9.64	3
9.754	3
9.818	3
10.039	3
10.315	3
10.323	3
10.324	3
10.35	3
10.587	3
10.626	3
10.78	3
10.849	3
10.862	3
10.923	3
11.186	3
11.274	3
11.291	3
11.534	3
11.764	3
11.855	3
11.908	3
12.107	3
12.122	3
12.411	3
12.511	3
12.693	3
13.231	3
13.353	3
13.395	3
13.491	3
13.642	3
13.67	3
13.733	3
13.777	3
13.816	3
13.939	3
13.997	3
14.339	3
14.454	3
14.53	3
14.55	3
14.571	3
14.646	3
14.697	3
14.831	3
15.11	3
15.796	3
16.733	3
16.778	3
17.234	3
17.331	3
17.388	3
17.838	3
18.106	3
18.111	3
18.455	3
18.881	3
18.955	3
19.016	3
19.728	3
20.529	3
20.532	3
23.894	3
24.084	3
24.135	3
24.387	3
24.669	3
24.672	3
24.704	3
25.044	3
25.375	3
26.889	3
34.962	3
47.177	3
0.001	1
0.002	1
0.003	1
0.004	1
0.008	1
0.009	1
0.009	1
0.01	1
0.011	1
0.012	1
0.012	1
0.014	1
0.015	1
0.017	1
0.019	1
0.019	1
0.021	1
0.021	1
0.023	1
0.024	1
0.024	1
0.024	1
0.025	1
0.025	1
0.025	1
0.025	1
0.026	1
0.027	1
0.027	1
0.027	1
0.028	1
0.028	1
0.028	1
0.029	1
0.029	1
0.029	1
0.03	1
0.032	1
0.032	1
0.033	1
0.033	1
0.033	1
0.033	1
0.033	1
0.034	1
0.034	1
0.035	1
0.035	1
0.036	1
0.036	1
0.036	1
0.036	1
0.037	1
0.037	1
0.037	1
0.038	1
0.038	1
0.038	1
0.038	1
0.039	1
0.04	1
0.04	1
0.042	1
0.044	1
0.052	1
0.06	1
0.068	1
0.077	1
0.079	1
0.093	1
0.094	1
0.101	1
0.11	1
0.119	1
0.14	1
0.144	1
0.148	1
0.153	1
0.157	1
0.158	1
0.159	1
0.162	1
0.165	1
0.172	1
0.173	1
0.176	1
0.177	1
0.179	1
0.179	1
0.187	1
0.194	1
0.196	1
0.199	1
0.201	1
0.201	1
0.205	1
0.206	1
0.208	1
0.211	1
0.211	1
0.212	1
0.217	1
0.221	1
0.224	1
0.224	1
0.226	1
0.226	1
0.232	1
0.24	1
0.242	2
0.244	2
0.252	2
0.252	3
0.255	3
0.258	3
0.261	3
0.261	3
0.263	3
0.264	3
0.264	3
0.264	3
0.269	3
0.272	3
0.276	3
0.276	3
0.287	3
0.288	3
0.288	3
0.291	3
0.292	3
0.293	3
0.301	3
0.301	3
0.306	3
0.311	3
0.312	3
0.318	3
0.32	3
0.321	3
0.325	3
0.331	3
0.335	3
0.345	4
0.357	4
0.358	4
0.36	4
0.365	4
0.366	4
0.368	4
0.38	4
0.381	4
0.381	4
0.402	4
0.405	4
0.405	4
0.411	4
0.412	4
0.412	4
0.417	4
0.419	4
0.422	4
0.426	4
0.428	4
0.428	4
0.43	4
0.433	4
0.443	4
0.451	4
0.453	4
0.454	4
0.464	4
0.471	4
0.472	4
0.473	4
0.474	4
0.478	4
0.483	4
0.49	4
0.49	4
0.495	4
0.498	4
0.503	4
0.503	4
0.508	4
0.513	4
0.515	4
0.517	4
0.517	4
0.521	4
0.525	4
0.539	4
0.539	4
0.541	4
0.544	4
0.546	4
0.546	4
0.55	4
0.554	4
0.556	4
0.56	4
0.561	4
0.566	4
0.566	4
0.569	4
0.57	4
0.574	4
0.576	4
0.577	4
0.577	4
0.578	4
0.581	4
0.583	4
0.584	4
0.585	4
0.586	4
0.586	4
0.587	4
0.59	4
0.594	4
0.596	4
0.598	4
0.602	4
0.604	4
0.614	4
0.617	4
0.622	4
0.623	4
0.624	4
0.624	4
0.626	4
0.629	4
0.631	4
0.633	4
0.634	4
0.64	4
0.641	4
0.642	4
0.643	4
0.646	4
0.65	4
0.658	4
0.659	4
0.664	4
0.669	5
0.675	5
0.677	5
0.677	5
0.683	5
0.687	5
0.695	5
0.697	5
0.7	5
0.7	5
0.701	5
0.703	5
0.703	5
0.703	5
0.704	5
0.711	5
0.714	5
0.716	5
0.72	5
0.732	5
0.733	5
0.734	5
0.748	5
0.749	5
0.753	5
0.76	5
0.76	5
0.766	5
0.773	5
0.777	5
0.778	5
0.781	5
0.787	5
0.792	5
0.793	5
0.795	5
0.801	5
0.803	5
0.811	5
0.816	5
0.828	5
0.828	5
0.83	5
0.841	5
0.853	5
0.855	5
0.855	5
0.859	5
0.866	5
0.866	5
0.868	5
0.868	5
0.871	5
0.876	5
0.891	5
0.894	5
0.9	5
0.903	5
0.913	5
0.916	5
0.928	5
0.932	5
0.943	5
0.946	5
0.947	5
0.953	5
0.965	5
0.968	5
0.976	5
0.995	5
1.007	5
1.03	5
1.034	5
1.038	5
1.059	5
1.064	5
1.077	5
1.081	5
1.086	5
1.091	5
1.103	5
1.105	5
1.116	5
1.153	5
1.171	5
1.192	5
1.196	5
1.256	5
1.314	5
1.42	5
1.423	5
1.428	5
1.43	5
1.454	5
1.594	5
1.692	5
1.751	5
1.82	5
2.066	5
2.106	5
2.106	5
2.216	5
2.225	5
2.367	5
2.367	5
2.608	5
2.632	5
2.702	5
2.725	4
2.736	4
2.819	4
2.916	4
3.07	4
3.268	4
3.286	4
3.348	4
3.509	4
3.694	4
3.71	4
3.722	4
3.957	3
3.959	3
4.128	3
4.352	3
4.368	3
4.422	3
4.604	3
4.711	3
4.723	3
4.762	3
4.772	3
5.066	3
5.07	3
5.101	3
5.475	3
5.498	3
5.537	3
5.566	3
5.578	3
5.668	3
5.705	3
5.808	3
5.942	3
6.036	3
6.077	3
6.113	3
6.169	3
6.173	3
6.236	3
6.273	3
6.381	3
6.456	3
6.516	3
6.761	3
6.826	3
6.856	3
6.862	3
6.911	3
6.932	3
6.952	3
6.969	3
7.019	3
7.078	3
7.12	3
7.143	3
7.193	3
7.22	3
7.298	3
7.437	3
7.471	3
7.602	3
7.614	3
7.684	3
7.812	3
7.849	3
7.851	3
7.943	3
8.118	3
8.134	3
8.147	3
8.269	3
8.284	3
8.428	3
8.652	3
8.758	3
9.282	3
9.332	3
9.438	3
9.639	3
9.753	3
9.817	3
10.038	3
10.314	3
10.322	3
10.323	3
10.349	3
10.586	3
10.625	3
10.779	3
10.848	3
10.861	3
10.922	3
11.185	3
11.273	3
11.29	3
11.533	3
11.763	3
11.854	3
11.907	3
12.106	3
12.121	3
12.41	3
12.51	3
12.692	3
13.23	3
13.352	3
13.394	3
13.49	3
13.641	3
13.669	3
13.732	3
13.776	3
13.815	3
13.938	3
13.996	3
14.338	3
14.453	3
14.529	3
14.549	3
14.57	3
14.645	3
14.696	3
14.83	3
15.109	3
15.795	3
16.732	3
16.777	3
17.233	3
17.33	3
17.387	3
17.837	3
18.105	3
18.11	3
18.454	3
18.88	3
18.954	3
19.015	3
19.727	3
20.528	3
20.531	3
23.893	3
24.083	3
24.134	3
24.386	3
24.668	3
24.671	3
24.703	3
25.043	3
25.374	3
26.888	3
34.961	3
47.176	3
0.001	1
0.002	1
0.006	1
0.007	1
0.007	1
0.008	1
0.009	1
0.01	1
0.01	1
0.012	1
0.013	1
0.015	1
0.017	1
0.017	1
0.019	1
0.019	1
0.021	2
0.022	2
0.022	2
0.022	2
0.023	2
0.023	2
0.023	2
0.023	2
0.024	2
0.025	2
0.025	2
0.025	2
0.026	2
0.026	2
0.026	2
0.027	2
0.027	2
0.027	2
0.028	2
0.03	2
0.03	2
0.031	2
0.031	2
0.031	2
0.031	2
0.031	2
0.032	2
0.032	2
0.033	2
0.033	2
0.034	2
0.034	2
0.034	2
0.034	2
0.035	2
0.035	2
0.035	2
0.036	2
0.036	2
0.036	2
0.036	2
0.037	2
0.038	2
0.038	2
0.04	2
0.042	2
0.05	2
0.058	2
0.066	2
0.075	3
0.077	3
0.091	3
0.092	3
0.099	3
0.108	3
0.117	3
0.138	3
0.142	3
0.146	3
0.151	3
0.155	3
0.156	3
0.157	3
0.16	3
0.163	3
0.17	3
0.171	3
0.174	3
0.175	3
0.177	3
0.177	3
0.185	3
0.192	3
0.194	3
0.197	3
0.199	3
0.199	3
0.203	3
0.204	3
0.206	3
0.209	3
0.209	3
0.21	3
0.215	3
0.219	3
0.222	3
0.222	3
0.224	3
0.224	3
0.23	3
0.238	3
0.24	3
0.242	3
0.25	3
0.25	3
0.253	3
0.256	3
0.259	3
0.259	3
0.261	3
0.262	3
0.262	3
0.262	3
0.267	3
0.27	3
0.274	3
0.274	3
0.285	3
0.286	3
0.286	3
0.289	3
0.29	3
0.291	3
0.299	3
0.299	3
0.304	3
0.309	3
0.31	3
0.316	3
0.318	3
0.319	3
0.323	3
0.329	3
0.333	3
0.343	3
0.355	3
0.356	3
0.358	3
0.363	3
0.364	3
0.366	3
0.378	3
0.379	3
0.379	3
0.4	3
0.403	3
0.403	3
0.409	3
0.41	3
0.41	3
0.415	3
0.417	3
0.42	3
0.424	3
0.426	3
0.426	3
0.428	3
0.431	3
0.441	3
0.449	3
0.451	3
0.452	3
0.462	3
0.469	3
0.47	3
0.471	3
0.472	3
0.476	3
0.481	3
0.488	3
0.488	3
0.493	3
0.496	3
0.501	3
0.501	3
0.506	3
0.511	3
0.513	3
0.515	3
0.515	3
0.519	3
0.523	3
0.537	3
0.537	3
0.539	3
0.542	3
0.544	3
0.544	3
0.548	3
0.552	3
0.554	3
0.558	3
0.559	3
0.564	3
0.564	3
0.567	3
0.568	3
0.572	3
0.574	3
0.575	3
0.575	3
0.576	3
0.579	3
0.581	3
0.582	3
0.583	3
0.584	3
0.584	3
0.585	3
0.588	3
0.592	3
0.594	3
0.596	3
0.6	3
0.602	3
0.612	3
0.615	3
0.62	3
0.621	3
0.622	3
0.622	3
0.624	3
0.627	3
0.629	3
0.631	3
0.632	3
0.638	3
0.639	3
0.64	3
0.641	3
0.644	3
0.648	3
0.656	3
0.657	3
0.662	3
0.667	3
0.673	3
0.675	3
0.675	3
0.681	3
0.685	3
0.693	3
0.695	3
0.698	3
0.698	3
0.699	3
0.701	3
0.701	3
0.701	3
0.702	3
0.709	3
0.712	3
0.714	3
0.718	3
0.73	3
0.731	3
0.732	3
0.746	3
0.747	3
0.751	3
0.758	3
0.758	3
0.764	3
0.771	3
0.775	3
0.776	3
0.779	3
0.785	3
0.79	3
0.791	3
0.793	3
0.799	3
0.801	3
0.809	3
0.814	3
0.826	3
0.826	3
0.828	3
0.839	3
0.851	3
0.853	3
0.853	3
0.857	3
0.864	3
0.864	3
0.866	3
0.866	3
0.869	3
0.874	3
0.889	3
0.892	3
0.898	3
0.901	3
0.911	3
0.914	3
0.926	3
0.93	3
0.941	3
0.944	3
0.945	3
0.951	3
0.963	3
0.966	3
0.974	3
0.993	3
1.005	3
1.028	3
1.032	3
1.036	3
1.057	3
1.062	3
1.075	3
1.079	3
1.084	3
1.089	3
1.101	3
1.103	3
1.114	3
1.151	3
1.169	3
1.19	3
1.194	3
1.254	3
1.312	3
1.418	3
1.421	3
1.426	3
1.428	3
1.452	3
1.592	3
1.69	3
1.749	3
1.818	3
2.064	3
2.104	3
2.104	3
2.214	3
2.223	3
2.365	3
2.365	3
2.606	3
2.63	3
2.7	3
2.723	3
2.734	3
2.817	3
2.914	3
3.068	3
3.266	3
3.284	3
3.346	3
3.507	3
3.692	3
3.708	3
3.72	3
3.955	3
3.957	3
4.126	3
4.35	3
4.366	3
4.42	3
4.602	3
4.709	3
4.721	3
4.76	3
4.77	3
5.064	3
5.068	3
5.099	3
5.473	3
5.496	3
5.535	3
5.564	3
5.576	3
5.666	3
5.703	3
5.806	3
5.94	3
6.034	3
6.075	3
6.111	3
6.167	3
6.171	3
6.234	3
6.271	3
6.379	3
6.454	3
6.514	3
6.759	3
6.824	3
6.854	3
6.86	3
6.909	3
6.93	3
6.95	3
6.967	3
7.017	3
7.076	3
7.118	3
7.141	3
7.191	3
7.218	3
7.296	3
7.435	3
7.469	3
7.6	3
7.612	3
7.682	3
7.81	3
7.847	3
7.849	3
7.941	3
8.116	3
8.132	3
8.145	3
8.267	3
8.282	3
8.426	3
8.65	3
8.756	3
9.28	3
9.33	3
9.436	3
9.637	3
9.751	3
9.815	3
10.036	3
10.312	3
10.32	3
10.321	3
10.347	3
10.584	3
10.623	3
10.777	3
10.846	3
10.859	3
10.92	3
11.183	3
11.271	3
11.288	3
11.531	3
11.761	3
11.852	3
11.905	3
12.104	3
12.119	3
12.408	3
12.508	3
12.69	3
13.228	3
13.35	3
13.392	3
13.488	3
13.639	3
13.667	3
13.73	3
13.774	3
13.813	3
13.936	3
13.994	3
14.336	3
14.451	3
14.527	3
14.547	3
14.568	3
14.643	3
14.694	3
14.828	3
15.107	3
15.793	3
16.73	3
16.775	3
17.231	3
17.328	3
17.385	3
17.835	3
18.103	3
18.108	3
18.452	3
18.878	3
18.952	3
19.013	3
19.725	3
20.526	3
20.529	3
23.891	3
24.081	3
24.132	3
24.384	3
24.666	3
24.669	3
24.701	3
25.041	3
25.372	3
26.886	3
34.959	3
47.174	3
0.0	1
0.001	1
0.002	1
0.006	1
0.007	1
0.007	1
0.008	1
0.009	1
0.01	1
0.01	1
0.012	1
0.013	1
0.015	1
0.017	1
0.017	1
0.019	1
0.019	1
0.021	1
0.022	1
0.022	1
0.022	1
0.023	1
0.023	1
0.023	1
0.023	1
0.024	1
0.025	1
0.025	1
0.025	1
0.026	1
0.026	1
0.026	1
0.027	1
0.027	1
0.027	1
0.028	1
0.03	1
0.03	1
0.031	1
0.031	1
0.031	1
0.031	1
0.031	1
0.032	1
0.032	1
0.033	1
0.033	1
0.034	1
0.034	1
0.034	1
0.034	1
0.035	1
0.035	1
0.035	1
0.036	1
0.036	1
0.036	1
0.036	1
0.037	1
0.038	1
0.038	1
0.04	1
0.042	1
0.05	1
0.058	1
0.066	1
0.075	1
0.077	1
0.091	1
0.092	1
0.099	1
0.108	1
0.117	1
0.138	1
0.142	1
0.146	1
0.151	1
0.155	1
0.156	1
0.157	1
0.16	1
0.163	1
0.17	1
0.171	1
0.174	1
0.175	1
0.177	1
0.177	1
0.185	1
0.192	2
0.194	2
0.197	2
0.199	2
0.199	2
0.203	2
0.204	2
0.206	2
0.209	2
0.209	2
0.21	2
0.215	2
0.219	2
0.222	2
0.222	2
0.224	2
0.224	2
0.23	2
0.238	2
0.24	2
0.242	2
0.25	2
0.25	2
0.253	2
0.256	2
0.259	2
0.259	3
0.261	3
0.262	3
0.262	3
0.262	3
0.267	3
0.27	3
0.274	3
0.274	3
0.285	3
0.286	3
0.286	3
0.289	3
0.29	3
0.291	3
0.299	3
0.299	3
0.304	3
0.309	3
0.31	3
0.316	3
0.318	3
0.319	3
0.323	3
0.329	4
0.333	4
0.343	4
0.355	4
0.356	4
0.358	4
0.363	4
0.364	4
0.366	4
0.378	4
0.379	4
0.379	4
0.4	4
0.403	4
0.403	4
0.409	4
0.41	4
0.41	5
0.415	5
0.417	5
0.42	5
0.424	5
0.426	5
0.426	5
0.428	5
0.431	5
0.441	5
0.449	5
0.451	5
0.452	5
0.462	5
0.469	5
0.47	5
0.471	5
0.472	5
0.476	5
0.481	5
0.488	5
0.488	5
0.493	5
0.496	5
0.501	5
0.501	5
0.506	5
0.511	5
0.513	6
0.515	6
0.515	6
0.519	6
0.523	6
0.537	6
0.537	6
0.539	6
0.542	6
0.544	6
0.544	6
0.548	6
0.552	6
0.554	6
0.558	6
0.559	6
0.564	6
0.564	6
0.567	6
0.568	7
0.572	7
0.574	7
0.575	7
0.575	7
0.576	7
0.579	7
0.581	7
0.582	7
0.583	7
0.584	8
0.584	8
0.585	8
0.588	8
0.592	8
0.594	8
0.596	8
0.6	8
0.602	8
0.612	8
0.615	8
0.62	8
0.621	8
0.622	8
0.622	8
0.624	8
0.627	8
0.629	8
0.631	8
0.632	8
0.638	8
0.639	8
0.64	8
0.641	8
0.644	8
0.648	8
0.656	8
0.657	8
0.662	8
0.667	8
0.673	8
0.675	8
0.675	8
0.681	8
0.685	8
0.693	8
0.695	8
0.698	8
0.698	8
0.699	8
0.701	8
0.701	8
0.701	8
0.702	8
0.709	8
0.712	8
0.714	8
0.718	8
0.73	8
0.731	8
0.732	8
0.746	8
0.747	8
0.751	8
0.758	8
0.758	8
0.764	8
0.771	9
0.775	9
0.776	9
0.779	9
0.785	10
0.79	10
0.791	10
0.793	10
0.799	10
0.801	10
0.809	10
0.814	10
0.826	10
0.826	10
0.828	10
0.839	10
0.851	10
0.853	10
0.853	10
0.857	10
0.864	10
0.864	10
0.866	10
0.866	10
0.869	10
0.874	10
0.889	10
0.892	10
0.898	10
0.901	10
0.911	10
0.914	10
0.926	10
0.93	10
0.941	10
0.944	10
0.945	10
0.951	10
0.963	10
0.966	10
0.974	10
0.993	10
1.005	10
1.028	10
1.032	10
1.036	10
1.057	10
1.062	10
1.075	10
1.079	10
1.084	10
1.089	10
1.101	10
1.103	10
1.114	10
1.151	10
1.169	10
1.19	10
1.194	10
1.254	10
1.312	10
1.418	10
1.421	10
1.426	10
1.428	10
1.452	10
1.592	10
1.69	10
1.749	10
1.818	10
2.064	10
2.104	10
2.104	10
2.214	10
2.223	9
2.365	9
2.365	9
2.606	9
2.63	9
2.7	9
2.723	9
2.734	9
2.817	9
2.914	9
3.068	9
3.266	9
3.284	9
3.346	9
3.507	9
3.692	9
3.708	9
3.72	9
3.955	9
3.957	9
4.126	9
4.35	9
4.366	9
4.42	9
4.602	9
4.709	9
4.721	9
4.76	8
4.77	8
5.064	8
5.068	8
5.099	8
5.473	8
5.496	8
5.535	8
5.564	8
5.576	8
5.666	8
5.703	8
5.806	8
5.94	8
6.034	8
6.075	8
6.111	8
6.167	7
6.171	7
6.234	7
6.271	7
6.379	7
6.454	7
6.514	7
6.759	7
6.824	7
6.854	7
6.86	7
6.909	7
6.93	7
6.95	7
6.967	7
7.017	7
7.076	7
7.118	7
7.141	7
7.191	7
7.218	7
7.296	7
7.435	7
7.469	7
7.6	7
7.612	7
7.682	7
7.81	7
7.847	7
7.849	7
7.941	7
8.116	7
8.132	7
8.145	6
8.267	6
8.282	6
8.426	6
8.65	6
8.756	6
9.28	6
9.33	6
9.436	6
9.637	6
9.751	6
9.815	6
10.036	6
10.312	6
10.32	6
10.321	6
10.347	6
10.584	6
10.623	6
10.777	6
10.846	6
10.859	6
10.92	5
11.183	5
11.271	5
11.288	5
11.531	5
11.761	5
11.852	5
11.905	5
12.104	5
12.119	4
12.408	4
12.508	4
12.69	4
13.228	4
13.35	4
13.392	4
13.488	4
13.639	4
13.667	4
13.73	4
13.774	4
13.813	4
13.936	3
13.994	3
14.336	3
14.451	3
14.527	3
14.547	3
14.568	3
14.643	3
14.694	3
14.828	3
15.107	3
15.793	3
16.73	3
16.775	3
17.231	3
17.328	3
17.385	3
17.835	3
18.103	3
18.108	3
18.452	3
18.878	3
18.952	3
19.013	3
19.725	3
20.526	3
20.529	3
23.891	3
24.081	3
24.132	3
24.384	3
24.666	3
24.669	3
24.701	3
25.041	3
25.372	3
26.886	3
34.959	3
47.174	3
0.0	1
0.004	1
0.005	1
0.005	1
0.006	1
0.007	1
0.008	1
0.008	1
0.01	1
0.011	1
0.013	1
0.015	1
0.015	1
0.017	1
0.017	1
0.019	1
0.02	1
0.02	1
0.02	1
0.021	1
0.021	1
0.021	1
0.021	1
0.022	1
0.023	1
0.023	1
0.023	1
0.024	1
0.024	1
0.024	1
0.025	1
0.025	1
0.025	1
0.026	1
0.028	1
0.028	1
0.029	1
0.029	1
0.029	1
0.029	1
0.029	1
0.03	1
0.03	1
0.031	1
0.031	1
0.032	1
0.032	1
0.032	1
0.032	1
0.033	1
0.033	1
0.033	1
0.034	1
0.034	1
0.034	1
0.034	1
0.035	1
0.036	1
0.036	1
0.038	1
0.04	1
0.048	1
0.056	1
0.064	1
0.073	1
0.075	1
0.089	1
0.09	1
0.097	1
0.106	1
0.115	1
0.136	1
0.14	1
0.144	1
0.149	1
0.153	1
0.154	1
0.155	1
0.158	1
0.161	1
0.168	1
0.169	1
0.172	1
0.173	1
0.175	1
0.175	1
0.183	1
0.19	1
0.192	1
0.195	1
0.197	1
0.197	1
0.201	1
0.202	1
0.204	1
0.207	1
0.207	1
0.208	1
0.213	1
0.217	1
0.22	1
0.22	1
0.222	1
0.222	1
0.228	1
0.236	1
0.238	1
0.24	1
0.248	1
0.248	1
0.251	1
0.254	1
0.257	1
0.257	1
0.259	1
0.26	1
0.26	1
0.26	1
0.265	1
0.268	1
0.272	1
0.272	1
0.283	1
0.284	1
0.284	1
0.287	1
0.288	1
0.289	1
0.297	1
0.297	1
0.302	2
0.307	2
0.308	2
0.314	3
0.316	3
0.317	3
0.321	3
0.327	3
0.331	3
0.341	3
0.353	3
0.354	3
0.356	3
0.361	3
0.362	3
0.364	3
0.376	3
0.377	3
0.377	3
0.398	3
0.401	3
0.401	3
0.407	3
0.408	3
0.408	3
0.413	3
0.415	3
0.418	3
0.422	3
0.424	3
0.424	3
0.426	3
0.429	3
0.439	3
0.447	3
0.449	3
0.45	3
0.46	3
0.467	3
0.468	3
0.469	3
0.47	3
0.474	3
0.479	3
0.486	3
0.486	3
0.491	3
0.494	3
0.499	3
0.499	3
0.504	3
0.509	3
0.511	3
0.513	3
0.513	3
0.517	3
0.521	3
0.535	3
0.535	3
0.537	3
0.54	3
0.542	3
0.542	3
0.546	3
0.55	3
0.552	3
0.556	3
0.557	3
0.562	3
0.562	3
0.565	3
0.566	3
0.57	3
0.572	3
0.573	3
0.573	3
0.574	3
0.577	3
0.579	3
0.58	3
0.581	3
0.582	3
0.582	3
0.583	3
0.586	3
0.59	3
0.592	3
0.594	3
0.598	3
0.6	3
0.61	3
0.613	3
0.618	3
0.619	3
0.62	3
0.62	3
0.622	3
0.625	3
0.627	3
0.629	3
0.63	3
0.636	3
0.637	3
0.638	3
0.639	3
0.642	3
0.646	3
0.654	3
0.655	3
0.66	3
0.665	3
0.671	3
0.673	3
0.673	3
0.679	3
0.683	3
0.691	3
0.693	3
0.696	3
0.696	3
0.697	3
0.699	3
0.699	3
0.699	3
0.7	3
0.707	3
0.71	3
0.712	3
0.716	3
0.728	3
0.729	3
0.73	3
0.744	3
0.745	3
0.749	4
0.756	4
0.756	4
0.762	4
0.769	4
0.773	4
0.774	4
0.777	4
0.783	4
0.788	4
0.789	4
0.791	4
0.797	4
0.799	4
0.807	4
0.812	4
0.824	4
0.824	4
0.826	4
0.837	4
0.849	4
0.851	4
0.851	4
0.855	4
0.862	4
0.862	4
0.864	4
0.864	4
0.867	4
0.872	4
0.887	4
0.89	4
0.896	4
0.899	4
0.909	4
0.912	4
0.924	4
0.928	4
0.939	4
0.942	4
0.943	4
0.949	4
0.961	4
0.964	4
0.972	4
0.991	4
1.003	4
1.026	4
1.03	4
1.034	4
1.055	4
1.06	4
1.073	4
1.077	4
1.082	4
1.087	4
1.099	4
1.101	4
1.112	4
1.149	4
1.167	4
1.188	4
1.192	4
1.252	4
1.31	4
1.416	4
1.419	4
1.424	4
1.426	4
1.45	4
1.59	4
1.688	4
1.747	4
1.816	4
2.062	4
2.102	4
2.102	4
2.212	4
2.221	4
2.363	4
2.363	4
2.604	4
2.628	4
2.698	4
2.721	4
2.732	4
2.815	4
2.912	4
3.066	4
3.264	4
3.282	4
3.344	4
3.505	4
3.69	4
3.706	4
3.718	4
3.953	4
3.955	4
4.124	4
4.348	4
4.364	4
4.418	4
4.6	4
4.707	4
4.719	4
4.758	4
4.768	4
5.062	4
5.066	4
5.097	4
5.471	4
5.494	4
5.533	4
5.562	4
5.574	4
5.664	4
5.701	4
5.804	4
5.938	4
6.032	4
6.073	4
6.109	4
6.165	4
6.169	4
6.232	4
6.269	4
6.377	4
6.452	4
6.512	4
6.757	4
6.822	4
6.852	4
6.858	4
6.907	4
6.928	4
6.948	4
6.965	4
7.015	4
7.074	4
7.116	4
7.139	4
7.189	4
7.216	4
7.294	4
7.433	4
7.467	4
7.598	4
7.61	4
7.68	4
7.808	3
7.845	3
7.847	3
7.939	3
8.114	3
8.13	3
8.143	3
8.265	3
8.28	3
8.424	3
8.648	3
8.754	3
9.278	3
9.328	3
9.434	3
9.635	3
9.749	3
9.813	3
10.034	3
10.31	3
10.318	3
10.319	3
10.345	3
10.582	3
10.621	3
10.775	3
10.844	3
10.857	3
10.918	3
11.181	3
11.269	3
11.286	3
11.529	3
11.759	3
11.85	3
11.903	3
12.102	3
12.117	3
12.406	3
12.506	3
12.688	3
13.226	3
13.348	3
13.39	3
13.486	3
13.637	3
13.665	3
13.728	3
13.772	3
13.811	3
13.934	3
13.992	3
14.334	3
14.449	3
14.525	3
14.545	3
14.566	3
14.641	3
14.692	3
14.826	3
15.105	3
15.791	3
16.728	3
16.773	3
17.229	3
17.326	3
17.383	3
17.833	3
18.101	3
18.106	3
18.45	3
18.876	3
18.95	3
19.011	3
19.723	3
20.524	3
20.527	3
23.889	3
24.079	3
24.13	3
24.382	3
24.664	3
24.667	3
24.699	3
25.039	3
25.37	3
26.884	3
34.957	3
47.172	3
0.0	1
0.001	1
0.001	1
0.002	1
0.003	1
0.004	1
0.004	1
0.006	1
0.007	1
0.009	1
0.011	1
0.011	1
0.013	1
0.013	1
0.015	1
0.016	1
0.016	1
0.016	1
0.017	1
0.017	1
0.017	1
0.017	1
0.018	1
0.019	1
0.019	1
0.019	1
0.02	1
0.02	1
0.02	1
0.021	1
0.021	1
0.021	1
0.022	1
0.024	1
0.024	1
0.025	1
0.025	1
0.025	1
0.025	1
0.025	1
0.026	1
0.026	1
0.027	1
0.027	1
0.028	1
0.028	1
0.028	1
0.028	1
0.029	1
0.029	1
0.029	1
0.03	1
0.03	1
0.03	1
0.03	1
0.031	1
0.032	1
0.032	1
0.034	1
0.036	1
0.044	1
0.052	1
0.06	1
0.069	1
0.071	1
0.085	1
0.086	1
0.093	1
0.102	1
0.111	1
0.132	1
0.136	1
0.14	1
0.145	1
0.149	1
0.15	1
0.151	1
0.154	1
0.157	1
0.164	1
0.165	1
0.168	2
0.169	2
0.171	2
0.171	2
0.179	2
0.186	2
0.188	2
0.191	2
0.193	2
0.193	2
0.197	2
0.198	2
0.2	2
0.203	2
0.203	2
0.204	2
0.209	2
0.213	2
0.216	2
0.216	2
0.218	2
0.218	2
0.224	2
0.232	2
0.234	2
0.236	2
0.244	2
0.244	2
0.247	2
0.25	2
0.253	2
0.253	2
0.255	2
0.256	2
0.256	2
0.256	2
0.261	2
0.264	2
0.268	2
0.268	2
0.279	2
0.28	2
0.28	2
0.283	2
0.284	2
0.285	2
0.293	2
0.293	2
0.298	2
0.303	2
0.304	2
0.31	2
0.312	2
0.313	2
0.317	2
0.323	2
0.327	2
0.337	2
0.349	2
0.35	2
0.352	2
0.357	2
0.358	3
0.36	3
0.372	3
0.373	3
0.373	3
0.394	3
0.397	3
0.397	3
0.403	3
0.404	3
0.404	3
0.409	3
0.411	4
0.414	4
0.418	4
0.42	4
0.42	4
0.422	4
0.425	4
0.435	4
0.443	4
0.445	4
0.446	4
0.456	4
0.463	4
0.464	4
0.465	4
0.466	4
0.47	4
0.475	4
0.482	4
0.482	4
0.487	5
0.49	5
0.495	5
0.495	5
0.5	5
0.505	6
0.507	6
0.509	6
0.509	6
0.513	6
0.517	6
0.531	6
0.531	6
0.533	6
0.536	6
0.538	6
0.538	6
0.542	6
0.546	6
0.548	6
0.552	6
0.553	6
0.558	6
0.558	6
0.561	6
0.562	6
0.566	6
0.568	6
0.569	6
0.569	6
0.57	6
0.573	6
0.575	6
0.576	6
0.577	6
0.578	6
0.578	6
0.579	6
0.582	6
0.586	6
0.588	6
0.59	6
0.594	6
0.596	6
0.606	6
0.609	6
0.614	6
0.615	6
0.616	6
0.616	6
0.618	6
0.621	6
0.623	6
0.625	6
0.626	6
0.632	6
0.633	6
0.634	6
0.635	7
0.638	7
0.642	7
0.65	7
0.651	7
0.656	7
0.661	7
0.667	7
0.669	7
0.669	7
0.675	7
0.679	7
0.687	7
0.689	7
0.692	7
0.692	7
0.693	7
0.695	7
0.695	7
0.695	7
0.696	7
0.703	7
0.706	7
0.708	7
0.712	7
0.724	7
0.725	7
0.726	7
0.74	7
0.741	7
0.745	7
0.752	7
0.752	7
0.758	7
0.765	7
0.769	7
0.77	7
0.773	7
0.779	7
0.784	7
0.785	7
0.787	7
0.793	7
0.795	7
0.803	7
0.808	7
0.82	7
0.82	7
0.822	7
0.833	7
0.845	7
0.847	7
0.847	7
0.851	7
0.858	7
0.858	7
0.86	7
0.86	7
0.863	7
0.868	7
0.883	7
0.886	7
0.892	7
0.895	7
0.905	7
0.908	7
0.92	7
0.924	7
0.935	7
0.938	7
0.939	7
0.945	7
0.957	7
0.96	7
0.968	7
0.987	7
0.999	7
1.022	7
1.026	7
1.03	7
1.051	7
1.056	7
1.069	7
1.073	7
1.078	7
1.083	7
1.095	7
1.097	7
1.108	7
1.145	7
1.163	7
1.184	7
1.188	7
1.248	7
1.306	7
1.412	7
1.415	7
1.42	7
1.422	7
1.446	7
1.586	7
1.684	7
1.743	7
1.812	6
2.058	6
2.098	6
2.098	6
2.208	6
2.217	6
2.359	6
2.359	6
2.6	6
2.624	6
2.694	6
2.717	6
2.728	6
2.811	6
2.908	6
3.062	6
3.26	6
3.278	6
3.34	6
3.501	6
3.686	6
3.702	6
3.714	6
3.949	6
3.951	6
4.12	6
4.344	6
4.36	6
4.414	6
4.596	6
4.703	6
4.715	6
4.754	6
4.764	6
5.058	6
5.062	6
5.093	6
5.467	6
5.49	6
5.529	6
5.558	6
5.57	6
5.66	6
5.697	6
5.8	6
5.934	6
6.028	6
6.069	6
6.105	6
6.161	6
6.165	6
6.228	6
6.265	6
6.373	6
6.448	6
6.508	6
6.753	6
6.818	6
6.848	6
6.854	6
6.903	6
6.924	6
6.944	6
6.961	6
7.011	6
7.07	6
7.112	6
7.135	6
7.185	6
7.212	6
7.29	6
7.429	6
7.463	6
7.594	6
7.606	6
7.676	6
7.804	6
7.841	6
7.843	6
7.935	6
8.11	6
8.126	6
8.139	6
8.261	6
8.276	6
8.42	6
8.644	6
8.75	6
9.274	6
9.324	6
9.43	6
9.631	6
9.745	6
9.809	6
10.03	6
10.306	6
10.314	6
10.315	6
10.341	6
10.578	6
10.617	6
10.771	6
10.84	6
10.853	6
10.914	6
11.177	6
11.265	6
11.282	6
11.525	6
11.755	6
11.846	6
11.899	6
12.098	6
12.113	6
12.402	6
12.502	6
12.684	5
13.222	5
13.344	5
13.386	5
13.482	5
13.633	5
13.661	5
13.724	5
13.768	5
13.807	5
13.93	5
13.988	5
14.33	5
14.445	5
14.521	5
14.541	5
14.562	5
14.637	5
14.688	5
14.822	5
15.101	5
15.787	4
16.724	3
16.769	2
17.225	3
17.322	4
17.379	4
17.829	4
18.097	4
18.102	4
18.446	4
18.872	4
18.946	4
19.007	4
19.719	4
20.52	4
20.523	4
23.885	3
24.075	3
24.126	3
24.378	3
24.66	3
24.663	3
24.695	3
25.035	3
25.366	3
26.88	3
34.953	3
47.168	3
0.0	1
0.001	1
0.002	1
0.003	1
0.003	1
0.005	1
0.006	1
0.008	1
0.01	1
0.01	1
0.012	1
0.012	1
0.014	1
0.015	1
0.015	1
0.015	1
0.016	1
0.016	1
0.016	1
0.016	1
0.017	1
0.018	1
0.018	1
0.018	1
0.019	1
0.019	1
0.019	1
0.02	1
0.02	1
0.02	1
0.021	1
0.023	1
0.023	1
0.024	1
0.024	1
0.024	1
0.024	1
0.024	1
0.025	1
0.025	1
0.026	1
0.026	1
0.027	1
0.027	1
0.027	1
0.027	1
0.028	1
0.028	1
0.028	1
0.029	1
0.029	1
0.029	1
0.029	1
0.03	1
0.031	1
0.031	1
0.033	1
0.035	1
0.043	1
0.051	1
0.059	1
0.068	1
0.07	1
0.084	1
0.085	1
0.092	2
0.101	2
0.11	2
0.131	2
0.135	2
0.139	2
0.144	2
0.148	2
0.149	2
0.15	2
0.153	2
0.156	2
0.163	2
0.164	2
0.167	2
0.168	2
0.17	2
0.17	2
0.178	3
0.185	3
0.187	3
0.19	3
0.192	3
0.192	3
0.196	3
0.197	3
0.199	3
0.202	3
0.202	3
0.203	3
0.208	3
0.212	3
0.215	3
0.215	3
0.217	3
0.217	3
0.223	3
0.231	3
0.233	3
0.235	3
0.243	3
0.243	3
0.246	3
0.249	3
0.252	3
0.252	3
0.254	3
0.255	3
0.255	3
0.255	4
0.26	4
0.263	4
0.267	4
0.267	4
0.278	4
0.279	4
0.279	4
0.282	4
0.283	4
0.284	4
0.292	4
0.292	4
0.297	4
0.302	4
0.303	4
0.309	4
0.311	4
0.312	4
0.316	4
0.322	4
0.326	4
0.336	4
0.348	4
0.349	4
0.351	4
0.356	4
0.357	4
0.359	4
0.371	4
0.372	4
0.372	4
0.393	4
0.396	4
0.396	4
0.402	4
0.403	4
0.403	4
0.408	4
0.41	4
0.413	4
0.417	4
0.419	4
0.419	4
0.421	4
0.424	4
0.434	4
0.442	4
0.444	4
0.445	4
0.455	4
0.462	4
0.463	4
0.464	4
0.465	4
0.469	4
0.474	4
0.481	4
0.481	4
0.486	4
0.489	4
0.494	4
0.494	4
0.499	4
0.504	4
0.506	4
0.508	4
0.508	4
0.512	4
0.516	4
0.53	4
0.53	4
0.532	4
0.535	4
0.537	4
0.537	4
0.541	4
0.545	4
0.547	4
0.551	4
0.552	4
0.557	4
0.557	4
0.56	4
0.561	4
0.565	4
0.567	4
0.568	4
0.568	4
0.569	4
0.572	4
0.574	4
0.575	4
0.576	4
0.577	4
0.577	4
0.578	4
0.581	4
0.585	4
0.587	4
0.589	4
0.593	4
0.595	4
0.605	4
0.608	4
0.613	4
0.614	4
0.615	4
0.615	4
0.617	4
0.62	4
0.622	4
0.624	4
0.625	4
0.631	4
0.632	4
0.633	4
0.634	4
0.637	4
0.641	4
0.649	4
0.65	4
0.655	4
0.66	4
0.666	4
0.668	4
0.668	4
0.674	4
0.678	4
0.686	4
0.688	4
0.691	4
0.691	4
0.692	4
0.694	4
0.694	4
0.694	4
0.695	4
0.702	4
0.705	4
0.707	4
0.711	4
0.723	4
0.724	4
0.725	4
0.739	4
0.74	4
0.744	4
0.751	4
0.751	4
0.757	4
0.764	4
0.768	4
0.769	4
0.772	4
0.778	4
0.783	4
0.784	4
0.786	4
0.792	4
0.794	4
0.802	4
0.807	4
0.819	4
0.819	4
0.821	4
0.832	4
0.844	4
0.846	4
0.846	4
0.85	4
0.857	4
0.857	4
0.859	4
0.859	4
0.862	4
0.867	4
0.882	4
0.885	4
0.891	4
0.894	4
0.904	4
0.907	4
0.919	4
0.923	4
0.934	4
0.937	4
0.938	4
0.944	4
0.956	4
0.959	4
0.967	4
0.986	4
0.998	4
1.021	4
1.025	4
1.029	4
1.05	4
1.055	4
1.068	4
1.072	4
1.077	4
1.082	4
1.094	4
1.096	4
1.107	4
1.144	4
1.162	4
1.183	4
1.187	4
1.247	4
1.305	4
1.411	4
1.414	4
1.419	4
1.421	4
1.445	4
1.585	4
1.683	4
1.742	4
1.811	4
2.057	4
2.097	4
2.097	4
2.207	4
2.216	4
2.358	4
2.358	4
2.599	4
2.623	4
2.693	4
2.716	4
2.727	4
2.81	4
2.907	4
3.061	4
3.259	4
3.277	4
3.339	4
3.5	4
3.685	4
3.701	4
3.713	4
3.948	4
3.95	4
4.119	4
4.343	4
4.359	4
4.413	4
4.595	4
4.702	4
4.714	4
4.753	4
4.763	4
5.057	4
5.061	4
5.092	4
5.466	4
5.489	4
5.528	4
5.557	4
5.569	4
5.659	4
5.696	4
5.799	4
5.933	4
6.027	4
6.068	4
6.104	4
6.16	4
6.164	4
6.227	4
6.264	4
6.372	4
6.447	4
6.507	4
6.752	4
6.817	4
6.847	4
6.853	4
6.902	4
6.923	4
6.943	4
6.96	4
7.01	4
7.069	4
7.111	3
7.134	3
7.184	3
7.211	3
7.289	3
7.428	3
7.462	3
7.593	3
7.605	3
7.675	3
7.803	3
7.84	3
7.842	3
7.934	3
8.109	3
8.125	3
8.138	3
8.26	3
8.275	3
8.419	3
8.643	3
8.749	3
9.273	3
9.323	3
9.429	3
9.63	3
9.744	3
9.808	3
10.029	3
10.305	3
10.313	3
10.314	3
10.34	3
10.577	3
10.616	3
10.77	3
10.839	3
10.852	3
10.913	3
11.176	3
11.264	3
11.281	3
11.524	3
11.754	3
11.845	3
11.898	3
12.097	3
12.112	3
12.401	3
12.501	3
12.683	3
13.221	3
13.343	3
13.385	3
13.481	3
13.632	3
13.66	3
13.723	3
13.767	3
13.806	3
13.929	3
13.987	3
14.329	3
14.444	3
14.52	3
14.54	3
14.561	3
14.636	3
14.687	3
14.821	3
15.1	3
15.786	3
16.723	3
16.768	3
17.224	3
17.321	3
17.378	3
17.828	3
18.096	3
18.101	3
18.445	3
18.871	3
18.945	3
19.006	3
19.718	3
20.519	3
20.522	3
23.884	3
24.074	3
24.125	3
24.377	3
24.659	3
24.662	3
24.694	3
25.034	3
25.365	3
26.879	3
34.952	3
47.167	3
0.0	1
0.001	1
0.002	1
0.002	1
0.004	1
0.005	1
0.007	1
0.009	1
0.009	1
0.011	1
0.011	1
0.013	1
0.014	1
0.014	1
0.014	1
0.015	1
0.015	1
0.015	1
0.015	1
0.016	1
0.017	1
0.017	1
0.017	1
0.018	1
0.018	1
0.018	1
0.019	1
0.019	1
0.019	1
0.02	1
0.022	1
0.022	1
0.023	1
0.023	1
0.023	1
0.023	1
0.023	1
0.024	1
0.024	1
0.025	1
0.025	1
0.026	1
0.026	1
0.026	1
0.026	1
0.027	1
0.027	1
0.027	1
0.028	1
0.028	1
0.028	1
0.028	1
0.029	1
0.03	1
0.03	1
0.032	1
0.034	1
0.042	1
0.05	1
0.058	1
0.067	1
0.069	1
0.083	1
0.084	1
0.091	1
0.1	1
0.109	1
0.13	1
0.134	1
0.138	1
0.143	1
0.147	1
0.148	1
0.149	1
0.152	1
0.155	1
0.162	1
0.163	1
0.166	1
0.167	1
0.169	1
0.169	1
0.177	1
0.184	1
0.186	1
0.189	1
0.191	1
0.191	1
0.195	1
0.196	1
0.198	1
0.201	1
0.201	1
0.202	1
0.207	1
0.211	1
0.214	1
0.214	2
0.216	2
0.216	2
0.222	2
0.23	2
0.232	2
0.234	2
0.242	2
0.242	2
0.245	2
0.248	2
0.251	2
0.251	2
0.253	2
0.254	2
0.254	2
0.254	2
0.259	2
0.262	2
0.266	2
0.266	2
0.277	2
0.278	2
0.278	2
0.281	2
0.282	2
0.283	2
0.291	2
0.291	2
0.296	2
0.301	2
0.302	2
0.308	2
0.31	2
0.311	2
0.315	2
0.321	2
0.325	2
0.335	2
0.347	2
0.348	2
0.35	2
0.355	2
0.356	2
0.358	2
0.37	2
0.371	2
0.371	2
0.392	2
0.395	2
0.395	2
0.401	2
0.402	2
0.402	2
0.407	2
0.409	2
0.412	2
0.416	2
0.418	2
0.418	2
0.42	2
0.423	2
0.433	2
0.441	2
0.443	2
0.444	2
0.454	2
0.461	2
0.462	2
0.463	2
0.464	2
0.468	2
0.473	2
0.48	3
0.48	3
0.485	3
0.488	3
0.493	3
0.493	3
0.498	3
0.503	3
0.505	3
0.507	3
0.507	3
0.511	3
0.515	3
0.529	3
0.529	3
0.531	3
0.534	3
0.536	3
0.536	3
0.54	3
0.544	3
0.546	3
0.55	3
0.551	3
0.556	3
0.556	3
0.559	3
0.56	3
0.564	3
0.566	3
0.567	3
0.567	3
0.568	3
0.571	3
0.573	3
0.574	3
0.575	3
0.576	3
0.576	3
0.577	3
0.58	3
0.584	3
0.586	3
0.588	3
0.592	3
0.594	3
0.604	3
0.607	3
0.612	3
0.613	3
0.614	3
0.614	3
0.616	3
0.619	3
0.621	3
0.623	3
0.624	3
0.63	3
0.631	3
0.632	3
0.633	3
0.636	3
0.64	3
0.648	3
0.649	3
0.654	3
0.659	3
0.665	3
0.667	3
0.667	3
0.673	3
0.677	3
0.685	3
0.687	3
0.69	3
0.69	3
0.691	3
0.693	3
0.693	3
0.693	3
0.694	3
0.701	3
0.704	3
0.706	3
0.71	3
0.722	3
0.723	3
0.724	3
0.738	3
0.739	3
0.743	3
0.75	3
0.75	3
0.756	4
0.763	4
0.767	4
0.768	4
0.771	4
0.777	4
0.782	4
0.783	4
0.785	4
0.791	5
0.793	5
0.801	5
0.806	5
0.818	5
0.818	5
0.82	5
0.831	5
0.843	5
0.845	5
0.845	5
0.849	5
0.856	5
0.856	5
0.858	5
0.858	5
0.861	5
0.866	5
0.881	5
0.884	5
0.89	5
0.893	5
0.903	5
0.906	5
0.918	5
0.922	5
0.933	5
0.936	5
0.937	5
0.943	5
0.955	5
0.958	5
0.966	5
0.985	5
0.997	5
1.02	5
1.024	5
1.028	5
1.049	5
1.054	5
1.067	5
1.071	5
1.076	5
1.081	5
1.093	5
1.095	5
1.106	5
1.143	5
1.161	5
1.182	5
1.186	5
1.246	5
1.304	5
1.41	5
1.413	5
1.418	5
1.42	5
1.444	5
1.584	5
1.682	5
1.741	5
1.81	5
2.056	5
2.096	5
2.096	5
2.206	5
2.215	5
2.357	5
2.357	5
2.598	5
2.622	5
2.692	5
2.715	5
2.726	5
2.809	5
2.906	5
3.06	5
3.258	5
3.276	5
3.338	5
3.499	5
3.684	5
3.7	5
3.712	5
3.947	5
3.949	5
4.118	5
4.342	5
4.358	5
4.412	5
4.594	5
4.701	5
4.713	5
4.752	5
4.762	5
5.056	5
5.06	5
5.091	5
5.465	5
5.488	5
5.527	5
5.556	5
5.568	5
5.658	5
5.695	5
5.798	5
5.932	5
6.026	5
6.067	5
6.103	4
6.159	4
6.163	4
6.226	4
6.263	4
6.371	4
6.446	4
6.506	4
6.751	4
6.816	4
6.846	4
6.852	4
6.901	4
6.922	4
6.942	4
6.959	4
7.009	4
7.068	4
7.11	4
7.133	4
7.183	4
7.21	4
7.288	4
7.427	4
7.461	4
7.592	4
7.604	4
7.674	4
7.802	4
7.839	4
7.841	4
7.933	4
8.108	4
8.124	4
8.137	4
8.259	4
8.274	4
8.418	4
8.642	4
8.748	4
9.272	4
9.322	4
9.428	4
9.629	3
9.743	3
9.807	3
10.028	3
10.304	3
10.312	3
10.313	3
10.339	3
10.576	3
10.615	3
10.769	3
10.838	3
10.851	3
10.912	3
11.175	3
11.263	3
11.28	3
11.523	3
11.753	3
11.844	3
11.897	3
12.096	3
12.111	3
12.4	3
12.5	3
12.682	3
13.22	3
13.342	3
13.384	3
13.48	3
13.631	3
13.659	3
13.722	3
13.766	3
13.805	3
13.928	3
13.986	3
14.328	3
14.443	3
14.519	3
14.539	3
14.56	3
14.635	3
14.686	3
14.82	3
15.099	3
15.785	3
16.722	3
16.767	3
17.223	3
17.32	3
17.377	3
17.827	3
18.095	3
18.1	3
18.444	3
18.87	3
18.944	3
19.005	3
19.717	3
20.518	3
20.521	3
23.883	3
24.073	3
24.124	3
24.376	3
24.658	3
24.661	3
24.693	3
25.033	3
25.364	3
26.878	3
34.951	3
47.166	3
0.001	1
0.002	1
0.002	1
0.004	1
0.005	1
0.007	1
0.009	1
0.009	1
0.011	1
0.011	1
0.013	1
0.014	1
0.014	1
0.014	1
0.015	1
0.015	1
0.015	1
0.015	1
0.016	1
0.017	1
0.017	1
0.017	1
0.018	1
0.018	1
0.018	1
0.019	1
0.019	1
0.019	1
0.02	1
0.022	1
0.022	1
0.023	1
0.023	1
0.023	1
0.023	1
0.023	1
0.024	1
0.024	1
0.025	1
0.025	1
0.026	1
0.026	1
0.026	1
0.026	1
0.027	1
0.027	1
0.027	1
0.028	1
0.028	1
0.028	1
0.028	1
0.029	1
0.03	1
0.03	1
0.032	1
0.034	1
0.042	1
0.05	1
0.058	1
0.067	1
0.069	1
0.083	1
0.084	1
0.091	1
0.1	1
0.109	1
0.13	1
0.134	1
0.138	1
0.143	1
0.147	1
0.148	1
0.149	1
0.152	1
0.155	1
0.162	1
0.163	1
0.166	1
0.167	1
0.169	1
0.169	1
0.177	1
0.184	1
0.186	1
0.189	1
0.191	1
0.191	1
0.195	1
0.196	1
0.198	1
0.201	1
0.201	1
0.202	1
0.207	1
0.211	2
0.214	2
0.214	2
0.216	2
0.216	2
0.222	2
0.23	2
0.232	2
0.234	2
0.242	2
0.242	2
0.245	2
0.248	2
0.251	2
0.251	2
0.253	2
0.254	2
0.254	2
0.254	2
0.259	2
0.262	2
0.266	2
0.266	2
0.277	2
0.278	2
0.278	2
0.281	2
0.282	2
0.283	2
0.291	2
0.291	2
0.296	2
0.301	2
0.302	2
0.308	2
0.31	2
0.311	2
0.315	2
0.321	2
0.325	2
0.335	2
0.347	2
0.348	2
0.35	2
0.355	2
0.356	2
0.358	2
0.37	2
0.371	2
0.371	2
0.392	2
0.395	2
0.395	2
0.401	2
0.402	2
0.402	2
0.407	2
0.409	2
0.412	2
0.416	2
0.418	2
0.418	2
0.42	2
0.423	2
0.433	2
0.441	2
0.443	2
0.444	2
0.454	2
0.461	2
0.462	2
0.463	2
0.464	2
0.468	2
0.473	2
0.48	2
0.48	2
0.485	2
0.488	2
0.493	2
0.493	2
0.498	2
0.503	2
0.505	2
0.507	2
0.507	2
0.511	2
0.515	2
0.529	2
0.529	2
0.531	2
0.534	2
0.536	2
0.536	2
0.54	2
0.544	2
0.546	2
0.55	2
0.551	2
0.556	2
0.556	2
0.559	2
0.56	2
0.564	2
0.566	2
0.567	2
0.567	2
0.568	2
0.571	2
0.573	2
0.574	2
0.575	2
0.576	2
0.576	2
0.577	2
0.58	2
0.584	2
0.586	2
0.588	2
0.592	2
0.594	2
0.604	2
0.607	2
0.612	2
0.613	2
0.614	2
0.614	2
0.616	2
0.619	2
0.621	2
0.623	2
0.624	2
0.63	2
0.631	2
0.632	2
0.633	2
0.636	2
0.64	2
0.648	2
0.649	2
0.654	2
0.659	2
0.665	2
0.667	2
0.667	2
0.673	2
0.677	2
0.685	2
0.687	2
0.69	2
0.69	2
0.691	2
0.693	2
0.693	2
0.693	2
0.694	2
0.701	3
0.704	3
0.706	4
0.71	4
0.722	4
0.723	4
0.724	4
0.738	4
0.739	4
0.743	4
0.75	4
0.75	4
0.756	4
0.763	4
0.767	4
0.768	4
0.771	4
0.777	4
0.782	4
0.783	4
0.785	4
0.791	4
0.793	5
0.801	5
0.806	5
0.818	5
0.818	5
0.82	5
0.831	5
0.843	5
0.845	5
0.845	5
0.849	5
0.856	5
0.856	5
0.858	5
0.858	5
0.861	5
0.866	5
0.881	6
0.884	6
0.89	6
0.893	6
0.903	6
0.906	6
0.918	6
0.922	6
0.933	6
0.936	6
0.937	6
0.943	6
0.955	6
0.958	6
0.966	6
0.985	6
0.997	6
1.02	6
1.024	6
1.028	6
1.049	6
1.054	6
1.067	6
1.071	6
1.076	6
1.081	6
1.093	6
1.095	6
1.106	6
1.143	6
1.161	6
1.182	6
1.186	6
1.246	6
1.304	6
1.41	6
1.413	6
1.418	6
1.42	6
1.444	6
1.584	6
1.682	6
1.741	6
1.81	6
2.056	6
2.096	6
2.096	6
2.206	6
2.215	6
2.357	6
2.357	6
2.598	6
2.622	6
2.692	6
2.715	6
2.726	6
2.809	6
2.906	6
3.06	6
3.258	6
3.276	6
3.338	6
3.499	6
3.684	6
3.7	6
3.712	6
3.947	6
3.949	6
4.118	6
4.342	6
4.358	6
4.412	6
4.594	6
4.701	6
4.713	6
4.752	6
4.762	6
5.056	6
5.06	6
5.091	6
5.465	6
5.488	6
5.527	6
5.556	6
5.568	6
5.658	5
5.695	5
5.798	5
5.932	5
6.026	5
6.067	5
6.103	5
6.159	5
6.163	4
6.226	4
6.263	4
6.371	4
6.446	4
6.506	4
6.751	4
6.816	4
6.846	4
6.852	4
6.901	3
6.922	3
6.942	3
6.959	3
7.009	3
7.068	3
7.11	3
7.133	3
7.183	3
7.21	3
7.288	3
7.427	3
7.461	3
7.592	3
7.604	3
7.674	3
7.802	3
7.839	3
7.841	3
7.933	3
8.108	3
8.124	3
8.137	3
8.259	3
8.274	3
8.418	3
8.642	3
8.748	3
9.272	3
9.322	3
9.428	3
9.629	3
9.743	3
9.807	3
10.028	3
10.304	3
10.312	3
10.313	3
10.339	3
10.576	3
10.615	3
10.769	3
10.838	3
10.851	3
10.912	3
11.175	3
11.263	3
11.28	3
11.523	3
11.753	3
11.844	3
11.897	3
12.096	3
12.111	3
12.4	3
12.5	3
12.682	3
13.22	3
13.342	3
13.384	3
13.48	3
13.631	3
13.659	3
13.722	3
13.766	3
13.805	3
13.928	3
13.986	3
14.328	3
14.443	3
14.519	3
14.539	3
14.56	3
14.635	3
14.686	3
14.82	3
15.099	3
15.785	3
16.722	3
16.767	3
17.223	3
17.32	3
17.377	3
17.827	3
18.095	3
18.1	3
18.444	3
18.87	3
18.944	3
19.005	3
19.717	3
20.518	3
20.521	3
23.883	3
24.073	3
24.124	3
24.376	3
24.658	3
24.661	3
24.693	3
25.033	3
25.364	3
26.878	3
34.951	3
47.166	3
0.0	1
0.0	1
0.002	1
0.003	1
0.005	1
0.007	1
0.007	1
0.009	1
0.009	1
0.011	1
0.012	1
0.012	1
0.012	1
0.013	1
0.013	1
0.013	1
0.013	1
0.014	1
0.015	1
0.015	1
0.015	1
0.016	1
0.016	1
0.016	1
0.017	1
0.017	1
0.017	1
0.018	1
0.02	1
0.02	1
0.021	1
0.021	1
0.021	1
0.021	1
0.021	1
0.022	1
0.022	1
0.023	1
0.023	1
0.024	1
0.024	1
0.024	1
0.024	1
0.025	1
0.025	1
0.025	1
0.026	1
0.026	1
0.026	1
0.026	1
0.027	1
0.028	1
0.028	1
0.03	1
0.032	1
0.04	1
0.048	1
0.056	1
0.065	1
0.067	1
0.081	1
0.082	1
0.089	1
0.098	1
0.107	1
0.128	1
0.132	1
0.136	1
0.141	1
0.145	1
0.146	1
0.147	1
0.15	1
0.153	1
0.16	1
0.161	1
0.164	1
0.165	1
0.167	1
0.167	1
0.175	1
0.182	1
0.184	1
0.187	1
0.189	1
0.189	1
0.193	1
0.194	1
0.196	1
0.199	1
0.199	1
0.2	1
0.205	1
0.209	1
0.212	1
0.212	1
0.214	1
0.214	1
0.22	1
0.228	1
0.23	1
0.232	1
0.24	1
0.24	1
0.243	1
0.246	1
0.249	1
0.249	1
0.251	1
0.252	1
0.252	1
0.252	1
0.257	1
0.26	1
0.264	1
0.264	1
0.275	1
0.276	1
0.276	1
0.279	1
0.28	1
0.281	1
0.289	1
0.289	1
0.294	1
0.299	1
0.3	1
0.306	1
0.308	1
0.309	1
0.313	1
0.319	1
0.323	1
0.333	1
0.345	1
0.346	1
0.348	1
0.353	1
0.354	1
0.356	1
0.368	1
0.369	1
0.369	1
0.39	1
0.393	1
0.393	1
0.399	1
0.4	1
0.4	1
0.405	1
0.407	1
0.41	1
0.414	1
0.416	1
0.416	1
0.418	1
0.421	1
0.431	1
0.439	1
0.441	1
0.442	1
0.452	1
0.459	1
0.46	1
0.461	1
0.462	1
0.466	1
0.471	1
0.478	1
0.478	1
0.483	1
0.486	1
0.491	1
0.491	1
0.496	1
0.501	1
0.503	1
0.505	1
0.505	1
0.509	1
0.513	1
0.527	1
0.527	1
0.529	1
0.532	1
0.534	1
0.534	1
0.538	1
0.542	1
0.544	1
0.548	1
0.549	1
0.554	1
0.554	1
0.557	1
0.558	1
0.562	2
0.564	2
0.565	2
0.565	2
0.566	2
0.569	2
0.571	2
0.572	2
0.573	2
0.574	2
0.574	2
0.575	2
0.578	2
0.582	2
0.584	2
0.586	2
0.59	2
0.592	2
0.602	2
0.605	2
0.61	2
0.611	2
0.612	2
0.612	2
0.614	2
0.617	2
0.619	2
0.621	2
0.622	2
0.628	2
0.629	2
0.63	2
0.631	2
0.634	2
0.638	2
0.646	2
0.647	2
0.652	2
0.657	2
0.663	2
0.665	2
0.665	2
0.671	2
0.675	2
0.683	2
0.685	3
0.688	3
0.688	3
0.689	3
0.691	3
0.691	4
0.691	4
0.692	4
0.699	4
0.702	4
0.704	4
0.708	4
0.72	4
0.721	4
0.722	4
0.736	4
0.737	4
0.741	4
0.748	4
0.748	4
0.754	4
0.761	4
0.765	4
0.766	4
0.769	4
0.775	4
0.78	4
0.781	5
0.783	5
0.789	5
0.791	5
0.799	5
0.804	5
0.816	5
0.816	5
0.818	5
0.829	5
0.841	5
0.843	5
0.843	5
0.847	5
0.854	5
0.854	5
0.856	5
0.856	5
0.859	5
0.864	5
0.879	5
0.882	5
0.888	5
0.891	5
0.901	5
0.904	5
0.916	5
0.92	5
0.931	5
0.934	5
0.935	5
0.941	5
0.953	5
0.956	5
0.964	5
0.983	5
0.995	5
1.018	5
1.022	5
1.026	5
1.047	5
1.052	5
1.065	5
1.069	5
1.074	5
1.079	5
1.091	5
1.093	5
1.104	5
1.141	5
1.159	5
1.18	5
1.184	5
1.244	5
1.302	5
1.408	5
1.411	5
1.416	5
1.418	5
1.442	5
1.582	5
1.68	5
1.739	5
1.808	5
2.054	5
2.094	5
2.094	5
2.204	5
2.213	5
2.355	5
2.355	5
2.596	4
2.62	4
2.69	4
2.713	4
2.724	3
2.807	3
2.904	2
3.058	2
3.256	2
3.274	2
3.336	2
3.497	2
3.682	2
3.698	2
3.71	2
3.945	2
3.947	2
4.116	2
4.34	2
4.356	3
4.41	3
4.592	3
4.699	3
4.711	3
4.75	3
4.76	3
5.054	3
5.058	3
5.089	3
5.463	3
5.486	3
5.525	3
5.554	3
5.566	3
5.656	3
5.693	3
5.796	3
5.93	3
6.024	3
6.065	3
6.101	3
6.157	3
6.161	3
6.224	3
6.261	3
6.369	3
6.444	3
6.504	3
6.749	3
6.814	3
6.844	3
6.85	3
6.899	3
6.92	3
6.94	3
6.957	3
7.007	3
7.066	3
7.108	3
7.131	3
7.181	3
7.208	3
7.286	3
7.425	3
7.459	3
7.59	3
7.602	3
7.672	3
7.8	3
7.837	3
7.839	3
7.931	3
8.106	3
8.122	3
8.135	3
8.257	3
8.272	3
8.416	3
8.64	3
8.746	3
9.27	3
9.32	3
9.426	3
9.627	3
9.741	3
9.805	3
10.026	3
10.302	3
10.31	3
10.311	3
10.337	3
10.574	3
10.613	3
10.767	3
10.836	3
10.849	3
10.91	3
11.173	3
11.261	3
11.278	3
11.521	3
11.751	3
11.842	3
11.895	3
12.094	3
12.109	3
12.398	3
12.498	3
12.68	3
13.218	3
13.34	3
13.382	3
13.478	3
13.629	3
13.657	3
13.72	3
13.764	3
13.803	3
13.926	3
13.984	3
14.326	3
14.441	3
14.517	3
14.537	3
14.558	3
14.633	3
14.684	3
14.818	3
15.097	3
15.783	3
16.72	3
16.765	3
17.221	3
17.318	3
17.375	3
17.825	3
18.093	3
18.098	3
18.442	3
18.868	3
18.942	3
19.003	3
19.715	3
20.516	3
20.519	3
23.881	3
24.071	3
24.122	3
24.374	3
24.656	3
24.659	3
24.691	3
25.031	3
25.362	3
26.876	3
34.949	3
47.164	3
0.0	1
0.002	1
0.003	1
0.005	1
0.007	1
0.007	1
0.009	1
0.009	1
0.011	1
0.012	1
0.012	1
0.012	1
0.013	1
0.013	1
0.013	1
0.013	1
0.014	1
0.015	1
0.015	1
0.015	1
0.016	1
0.016	1
0.016	1
0.017	1
0.017	1
0.017	1
0.018	1
0.02	1
0.02	1
0.021	1
0.021	1
0.021	1
0.021	1
0.021	1
0.022	1
0.022	1
0.023	1
0.023	1
0.024	1
0.024	1
0.024	1
0.024	1
0.025	1
0.025	1
0.025	1
0.026	1
0.026	1
0.026	1
0.026	1
0.027	1
0.028	1
0.028	1
0.03	1
0.032	1
0.04	1
0.048	1
0.056	1
0.065	1
0.067	1
0.081	1
0.082	1
0.089	1
0.098	1
0.107	1
0.128	1
0.132	1
0.136	1
0.141	1
0.145	1
0.146	1
0.147	1
0.15	1
0.153	1
0.16	1
0.161	2
0.164	2
0.165	2
0.167	2
0.167	2
0.175	2
0.182	2
0.184	2
0.187	2
0.189	2
0.189	2
0.193	2
0.194	3
0.196	3
0.199	3
0.199	3
0.2	3
0.205	3
0.209	3
0.212	3
0.212	3
0.214	3
0.214	3
0.22	3
0.228	3
0.23	3
0.232	3
0.24	3
0.24	3
0.243	3
0.246	3
0.249	3
0.249	3
0.251	3
0.252	3
0.252	3
0.252	3
0.257	3
0.26	3
0.264	3
0.264	3
0.275	3
0.276	3
0.276	3
0.279	3
0.28	3
0.281	3
0.289	3
0.289	3
0.294	3
0.299	3
0.3	3
0.306	3
0.308	3
0.309	3
0.313	3
0.319	3
0.323	3
0.333	3
0.345	3
0.346	3
0.348	3
0.353	3
0.354	3
0.356	3
0.368	3
0.369	3
0.369	3
0.39	3
0.393	3
0.393	3
0.399	3
0.4	3
0.4	3
0.405	3
0.407	3
0.41	3
0.414	3
0.416	3
0.416	3
0.418	3
0.421	3
0.431	3
0.439	3
0.441	3
0.442	3
0.452	3
0.459	3
0.46	3
0.461	3
0.462	3
0.466	3
0.471	3
0.478	3
0.478	3
0.483	3
0.486	3
0.491	3
0.491	3
0.496	3
0.501	3
0.503	3
0.505	3
0.505	4
0.509	4
0.513	4
0.527	4
0.527	4
0.529	4
0.532	4
0.534	4
0.534	4
0.538	4
0.542	4
0.544	4
0.548	4
0.549	4
0.554	4
0.554	4
0.557	4
0.558	4
0.562	4
0.564	4
0.565	4
0.565	4
0.566	4
0.569	4
0.571	4
0.572	4
0.573	4
0.574	4
0.574	4
0.575	4
0.578	4
0.582	4
0.584	4
0.586	4
0.59	4
0.592	4
0.602	4
0.605	4
0.61	4
0.611	4
0.612	4
0.612	4
0.614	4
0.617	4
0.619	4
0.621	4
0.622	4
0.628	4
0.629	4
0.63	4
0.631	4
0.634	4
0.638	4
0.646	4
0.647	4
0.652	4
0.657	4
0.663	4
0.665	4
0.665	4
0.671	4
0.675	4
0.683	4
0.685	4
0.688	4
0.688	4
0.689	4
0.691	4
0.691	4
0.691	4
0.692	4
0.699	4
0.702	4
0.704	4
0.708	4
0.72	4
0.721	4
0.722	4
0.736	4
0.737	4
0.741	4
0.748	4
0.748	4
0.754	4
0.761	4
0.765	4
0.766	4
0.769	4
0.775	4
0.78	4
0.781	4
0.783	4
0.789	4
0.791	4
0.799	4
0.804	4
0.816	4
0.816	4
0.818	4
0.829	4
0.841	4
0.843	4
0.843	4
0.847	4
0.854	4
0.854	4
0.856	4
0.856	4
0.859	4
0.864	4
0.879	4
0.882	4
0.888	4
0.891	4
0.901	4
0.904	4
0.916	4
0.92	4
0.931	4
0.934	4
0.935	4
0.941	4
0.953	4
0.956	4
0.964	4
0.983	4
0.995	4
1.018	4
1.022	4
1.026	4
1.047	4
1.052	4
1.065	4
1.069	4
1.074	4
1.079	4
1.091	4
1.093	4
1.104	4
1.141	4
1.159	4
1.18	4
1.184	4
1.244	4
1.302	4
1.408	4
1.411	4
1.416	4
1.418	4
1.442	4
1.582	4
1.68	4
1.739	4
1.808	4
2.054	4
2.094	4
2.094	4
2.204	4
2.213	4
2.355	4
2.355	4
2.596	4
2.62	4
2.69	4
2.713	4
2.724	4
2.807	4
2.904	4
3.058	4
3.256	4
3.274	4
3.336	4
3.497	4
3.682	4
3.698	4
3.71	4
3.945	4
3.947	4
4.116	4
4.34	4
4.356	4
4.41	4
4.592	4
4.699	4
4.711	4
4.75	4
4.76	4
5.054	4
5.058	4
5.089	4
5.463	4
5.486	4
5.525	4
5.554	4
5.566	4
5.656	4
5.693	4
5.796	4
5.93	4
6.024	4
6.065	4
6.101	4
6.157	4
6.161	4
6.224	4
6.261	4
6.369	4
6.444	4
6.504	4
6.749	4
6.814	4
6.844	4
6.85	4
6.899	4
6.92	4
6.94	4
6.957	4
7.007	4
7.066	4
7.108	4
7.131	4
7.181	4
7.208	4
7.286	4
7.425	4
7.459	4
7.59	4
7.602	4
7.672	4
7.8	4
7.837	4
7.839	4
7.931	4
8.106	4
8.122	4
8.135	4
8.257	4
8.272	4
8.416	4
8.64	4
8.746	4
9.27	4
9.32	3
9.426	3
9.627	3
9.741	3
9.805	3
10.026	3
10.302	3
10.31	3
10.311	3
10.337	3
10.574	3
10.613	3
10.767	3
10.836	3
10.849	3
10.91	3
11.173	3
11.261	3
11.278	3
11.521	3
11.751	3
11.842	3
11.895	3
12.094	3
12.109	3
12.398	3
12.498	3
12.68	3
13.218	3
13.34	3
13.382	3
13.478	3
13.629	3
13.657	3
13.72	3
13.764	3
13.803	3
13.926	3
13.984	3
14.326	3
14.441	3
14.517	3
14.537	3
14.558	3
14.633	3
14.684	3
14.818	3
15.097	3
15.783	3
16.72	3
16.765	3
17.221	3
17.318	3
17.375	3
17.825	3
18.093	3
18.098	3
18.442	3
18.868	3
18.942	3
19.003	3
19.715	3
20.516	3
20.519	3
23.881	3
24.071	3
24.122	3
24.374	3
24.656	3
24.659	3
24.691	3
25.031	3
25.362	3
26.876	3
34.949	3
47.164	3
0.001	1
0.002	1
0.004	1
0.006	1
0.006	1
0.008	1
0.008	1
0.01	1
0.011	1
0.011	1
0.011	1
0.012	1
0.012	1
0.012	1
0.012	1
0.013	1
0.014	1
0.014	1
0.014	2
0.015	2
0.015	2
0.015	2
0.016	2
0.016	2
0.016	2
0.017	2
0.019	2
0.019	2
0.02	2
0.02	2
0.02	2
0.02	2
0.02	2
0.021	2
0.021	2
0.022	2
0.022	2
0.023	2
0.023	2
0.023	2
0.023	2
0.024	2
0.024	2
0.024	2
0.025	2
0.025	2
0.025	2
0.025	2
0.026	2
0.027	2
0.027	2
0.029	2
0.031	2
0.039	2
0.047	2
0.055	2
0.064	2
0.066	2
0.08	2
0.081	2
0.088	2
0.097	2
0.106	2
0.127	2
0.131	2
0.135	2
0.14	2
0.144	2
0.145	2
0.146	2
0.149	2
0.152	2
0.159	2
0.16	2
0.163	2
0.164	2
0.166	2
0.166	2
0.174	2
0.181	2
0.183	2
0.186	2
0.188	2
0.188	2
0.192	2
0.193	2
0.195	2
0.198	3
0.198	3
0.199	3
0.204	3
0.208	3
0.211	3
0.211	3
0.213	3
0.213	3
0.219	3
0.227	3
0.229	3
0.231	3
0.239	3
0.239	3
0.242	3
0.245	3
0.248	3
0.248	3
0.25	3
0.251	3
0.251	3
0.251	3
0.256	3
0.259	3
0.263	3
0.263	3
0.274	3
0.275	3
0.275	3
0.278	3
0.279	3
0.28	3
0.288	3
0.288	3
0.293	3
0.298	3
0.299	3
0.305	3
0.307	3
0.308	3
0.312	3
0.318	3
0.322	3
0.332	3
0.344	3
0.345	3
0.347	3
0.352	3
0.353	3
0.355	3
0.367	3
0.368	3
0.368	3
0.389	3
0.392	3
0.392	3
0.398	3
0.399	3
0.399	3
0.404	3
0.406	3
0.409	3
0.413	3
0.415	3
0.415	3
0.417	3
0.42	3
0.43	3
0.438	3
0.44	3
0.441	3
0.451	3
0.458	3
0.459	3
0.46	3
0.461	3
0.465	3
0.47	3
0.477	3
0.477	3
0.482	3
0.485	3
0.49	3
0.49	3
0.495	3
0.5	3
0.502	3
0.504	3
0.504	3
0.508	3
0.512	3
0.526	3
0.526	3
0.528	3
0.531	3
0.533	3
0.533	3
0.537	3
0.541	3
0.543	3
0.547	3
0.548	3
0.553	3
0.553	3
0.556	3
0.557	3
0.561	3
0.563	3
0.564	3
0.564	3
0.565	3
0.568	3
0.57	3
0.571	3
0.572	3
0.573	3
0.573	3
0.574	3
0.577	3
0.581	3
0.583	3
0.585	3
0.589	3
0.591	3
0.601	3
0.604	3
0.609	3
0.61	3
0.611	3
0.611	3
0.613	3
0.616	3
0.618	3
0.62	3
0.621	3
0.627	3
0.628	3
0.629	3
0.63	3
0.633	4
0.637	4
0.645	4
0.646	4
0.651	4
0.656	4
0.662	4
0.664	4
0.664	4
0.67	4
0.674	4
0.682	4
0.684	4
0.687	4
0.687	4
0.688	4
0.69	4
0.69	4
0.69	4
0.691	4
0.698	4
0.701	4
0.703	4
0.707	4
0.719	4
0.72	4
0.721	4
0.735	4
0.736	4
0.74	4
0.747	4
0.747	4
0.753	4
0.76	4
0.764	4
0.765	4
0.768	4
0.774	4
0.779	4
0.78	4
0.782	4
0.788	4
0.79	4
0.798	4
0.803	4
0.815	4
0.815	4
0.817	4
0.828	4
0.84	4
0.842	4
0.842	4
0.846	4
0.853	4
0.853	4
0.855	4
0.855	4
0.858	4
0.863	4
0.878	4
0.881	4
0.887	4
0.89	4
0.9	4
0.903	4
0.915	4
0.919	4
0.93	4
0.933	4
0.934	4
0.94	4
0.952	4
0.955	4
0.963	4
0.982	4
0.994	4
1.017	4
1.021	4
1.025	4
1.046	4
1.051	4
1.064	4
1.068	4
1.073	4
1.078	4
1.09	4
1.092	4
1.103	4
1.14	4
1.158	4
1.179	4
1.183	4
1.243	4
1.301	4
1.407	4
1.41	4
1.415	4
1.417	4
1.441	4
1.581	4
1.679	4
1.738	4
1.807	4
2.053	4
2.093	4
2.093	4
2.203	4
2.212	4
2.354	4
2.354	4
2.595	4
2.619	4
2.689	4
2.712	4
2.723	4
2.806	4
2.903	4
3.057	4
3.255	4
3.273	4
3.335	4
3.496	4
3.681	3
3.697	3
3.709	3
3.944	3
3.946	3
4.115	3
4.339	3
4.355	3
4.409	3
4.591	3
4.698	3
4.71	3
4.749	3
4.759	3
5.053	3
5.057	3
5.088	3
5.462	3
5.485	3
5.524	3
5.553	3
5.565	3
5.655	3
5.692	3
5.795	3
5.929	3
6.023	3
6.064	3
6.1	3
6.156	3
6.16	3
6.223	3
6.26	3
6.368	3
6.443	3
6.503	3
6.748	3
6.813	3
6.843	3
6.849	3
6.898	3
6.919	3
6.939	3
6.956	3
7.006	3
7.065	3
7.107	3
7.13	3
7.18	3
7.207	3
7.285	3
7.424	3
7.458	3
7.589	3
7.601	3
7.671	3
7.799	3
7.836	3
7.838	3
7.93	3
8.105	3
8.121	3
8.134	3
8.256	3
8.271	3
8.415	3
8.639	3
8.745	3
9.269	3
9.319	3
9.425	3
9.626	3
9.74	3
9.804	3
10.025	3
10.301	3
10.309	3
10.31	3
10.336	3
10.573	3
10.612	3
10.766	3
10.835	3
10.848	3
10.909	3
11.172	3
11.26	3
11.277	3
11.52	3
11.75	3
11.841	3
11.894	3
12.093	3
12.108	3
12.397	3
12.497	3
12.679	3
13.217	3
13.339	3
13.381	3
13.477	3
13.628	3
13.656	3
13.719	3
13.763	3
13.802	3
13.925	3
13.983	3
14.325	3
14.44	3
14.516	3
14.536	3
14.557	3
14.632	3
14.683	3
14.817	3
15.096	3
15.782	3
16.719	3
16.764	3
17.22	3
17.317	3
17.374	3
17.824	3
18.092	3
18.097	3
18.441	3
18.867	3
18.941	3
19.002	3
19.714	3
20.515	3
20.518	3
23.88	3
24.07	3
24.121	3
24.373	3
24.655	3
24.658	3
24.69	3
25.03	3
25.361	3
26.875	3
34.948	3
47.163	3
0.0	1
0.002	1
0.004	1
0.004	1
0.006	1
0.006	1
0.008	1
0.009	1
0.009	1
0.009	1
0.01	1
0.01	1
0.01	1
0.01	1
0.011	1
0.012	1
0.012	1
0.012	1
0.013	1
0.013	1
0.013	1
0.014	1
0.014	1
0.014	1
0.015	1
0.017	1
0.017	1
0.018	1
0.018	1
0.018	1
0.018	1
0.018	1
0.019	1
0.019	1
0.02	1
0.02	1
0.021	1
0.021	1
0.021	1
0.021	1
0.022	1
0.022	1
0.022	1
0.023	1
0.023	1
0.023	1
0.023	1
0.024	1
0.025	1
0.025	1
0.027	1
0.029	1
0.037	1
0.045	1
0.053	1
0.062	1
0.064	1
0.078	1
0.079	1
0.086	1
0.095	1
0.104	1
0.125	1
0.129	1
0.133	1
0.138	1
0.142	1
0.143	1
0.144	1
0.147	1
0.15	1
0.157	1
0.158	1
0.161	1
0.162	1
0.164	1
0.164	1
0.172	1
0.179	1
0.181	1
0.184	1
0.186	1
0.186	1
0.19	1
0.191	1
0.193	1
0.196	1
0.196	1
0.197	1
0.202	1
0.206	1
0.209	1
0.209	1
0.211	1
0.211	1
0.217	1
0.225	1
0.227	1
0.229	1
0.237	1
0.237	1
0.24	1
0.243	1
0.246	1
0.246	1
0.248	1
0.249	1
0.249	1
0.249	1
0.254	1
0.257	1
0.261	1
0.261	1
0.272	1
0.273	1
0.273	1
0.276	1
0.277	1
0.278	1
0.286	1
0.286	1
0.291	1
0.296	1
0.297	1
0.303	1
0.305	1
0.306	1
0.31	1
0.316	1
0.32	1
0.33	1
0.342	1
0.343	1
0.345	1
0.35	1
0.351	1
0.353	1
0.365	1
0.366	1
0.366	1
0.387	1
0.39	1
0.39	1
0.396	1
0.397	1
0.397	1
0.402	1
0.404	1
0.407	1
0.411	1
0.413	1
0.413	1
0.415	1
0.418	1
0.428	1
0.436	1
0.438	1
0.439	1
0.449	1
0.456	1
0.457	1
0.458	1
0.459	1
0.463	1
0.468	1
0.475	1
0.475	1
0.48	1
0.483	1
0.488	1
0.488	1
0.493	1
0.498	1
0.5	1
0.502	1
0.502	1
0.506	1
0.51	1
0.524	1
0.524	1
0.526	1
0.529	1
0.531	1
0.531	1
0.535	1
0.539	1
0.541	1
0.545	1
0.546	1
0.551	1
0.551	1
0.554	2
0.555	2
0.559	2
0.561	2
0.562	2
0.562	2
0.563	2
0.566	2
0.568	2
0.569	2
0.57	2
0.571	2
0.571	2
0.572	2
0.575	2
0.579	2
0.581	2
0.583	2
0.587	2
0.589	2
0.599	2
0.602	2
0.607	2
0.608	2
0.609	2
0.609	2
0.611	2
0.614	2
0.616	2
0.618	2
0.619	2
0.625	3
0.626	3
0.627	3
0.628	3
0.631	3
0.635	3
0.643	3
0.644	3
0.649	3
0.654	3
0.66	3
0.662	3
0.662	3
0.668	3
0.672	3
0.68	3
0.682	3
0.685	3
0.685	3
0.686	3
0.688	3
0.688	3
0.688	3
0.689	3
0.696	3
0.699	4
0.701	4
0.705	4
0.717	4
0.718	4
0.719	4
0.733	4
0.734	4
0.738	4
0.745	4
0.745	4
0.751	4
0.758	4
0.762	4
0.763	4
0.766	4
0.772	4
0.777	4
0.778	4
0.78	4
0.786	4
0.788	4
0.796	4
0.801	4
0.813	4
0.813	4
0.815	4
0.826	4
0.838	4
0.84	4
0.84	4
0.844	4
0.851	4
0.851	4
0.853	4
0.853	4
0.856	4
0.861	4
0.876	4
0.879	4
0.885	4
0.888	4
0.898	4
0.901	5
0.913	5
0.917	5
0.928	5
0.931	5
0.932	5
0.938	5
0.95	5
0.953	5
0.961	5
0.98	5
0.992	5
1.015	5
1.019	5
1.023	5
1.044	5
1.049	5
1.062	6
1.066	6
1.071	6
1.076	6
1.088	6
1.09	6
1.101	6
1.138	6
1.156	6
1.177	6
1.181	6
1.241	6
1.299	6
1.405	6
1.408	6
1.413	6
1.415	6
1.439	6
1.579	6
1.677	6
1.736	6
1.805	6
2.051	6
2.091	6
2.091	6
2.201	6
2.21	6
2.352	6
2.352	6
2.593	6
2.617	6
2.687	6
2.71	6
2.721	6
2.804	6
2.901	6
3.055	6
3.253	6
3.271	6
3.333	6
3.494	6
3.679	6
3.695	6
3.707	6
3.942	6
3.944	6
4.113	6
4.337	6
4.353	6
4.407	6
4.589	6
4.696	6
4.708	6
4.747	6
4.757	6
5.051	6
5.055	6
5.086	6
5.46	6
5.483	6
5.522	6
5.551	6
5.563	6
5.653	6
5.69	6
5.793	6
5.927	6
6.021	6
6.062	6
6.098	6
6.154	6
6.158	6
6.221	6
6.258	6
6.366	6
6.441	6
6.501	6
6.746	6
6.811	6
6.841	6
6.847	6
6.896	6
6.917	6
6.937	6
6.954	6
7.004	6
7.063	6
7.105	6
7.128	6
7.178	6
7.205	6
7.283	6
7.422	5
7.456	5
7.587	5
7.599	5
7.669	5
7.797	5
7.834	5
7.836	5
7.928	5
8.103	5
8.119	5
8.132	5
8.254	5
8.269	5
8.413	5
8.637	5
8.743	5
9.267	4
9.317	4
9.423	4
9.624	4
9.738	4
9.802	4
10.023	4
10.299	4
10.307	4
10.308	3
10.334	3
10.571	3
10.61	2
10.764	2
10.833	2
10.846	2
10.907	2
11.17	3
11.258	4
11.275	5
11.518	5
11.748	5
11.839	5
11.892	5
12.091	5
12.106	5
12.395	5
12.495	5
12.677	5
13.215	5
13.337	5
13.379	5
13.475	5
13.626	5
13.654	5
13.717	5
13.761	5
13.8	5
13.923	5
13.981	5
14.323	4
14.438	4
14.514	3
14.534	3
14.555	3
14.63	3
14.681	3
14.815	3
15.094	3
15.78	3
16.717	3
16.762	3
17.218	3
17.315	3
17.372	3
17.822	3
18.09	3
18.095	3
18.439	3
18.865	3
18.939	3
19.0	3
19.712	3
20.513	3
20.516	3
23.878	3
24.068	3
24.119	3
24.371	3
24.653	3
24.656	3
24.688	3
25.028	3
25.359	3
26.873	3
34.946	3
47.161	3
0.0	1
0.002	1
0.002	1
0.004	1
0.004	1
0.006	1
0.007	1
0.007	1
0.007	1
0.008	1
0.008	1
0.008	1
0.008	1
0.009	1
0.01	1
0.01	1
0.01	1
0.011	1
0.011	1
0.011	1
0.012	1
0.012	1
0.012	1
0.013	1
0.015	1
0.015	1
0.016	1
0.016	1
0.016	1
0.016	1
0.016	1
0.017	1
0.017	1
0.018	1
0.018	1
0.019	1
0.019	1
0.019	1
0.019	1
0.02	1
0.02	1
0.02	1
0.021	1
0.021	1
0.021	1
0.021	1
0.022	1
0.023	1
0.023	1
0.025	1
0.027	1
0.035	1
0.043	1
0.051	1
0.06	1
0.062	1
0.076	1
0.077	1
0.084	1
0.093	1
0.102	1
0.123	1
0.127	1
0.131	1
0.136	1
0.14	1
0.141	1
0.142	1
0.145	1
0.148	1
0.155	1
0.156	1
0.159	1
0.16	1
0.162	1
0.162	1
0.17	1
0.177	1
0.179	1
0.182	1
0.184	1
0.184	1
0.188	1
0.189	1
0.191	2
0.194	2
0.194	2
0.195	2
0.2	2
0.204	2
0.207	2
0.207	2
0.209	2
0.209	2
0.215	2
0.223	2
0.225	2
0.227	2
0.235	2
0.235	2
0.238	2
0.241	2
0.244	2
0.244	2
0.246	2
0.247	2
0.247	2
0.247	2
0.252	2
0.255	2
0.259	2
0.259	2
0.27	2
0.271	2
0.271	2
0.274	2
0.275	2
0.276	2
0.284	2
0.284	3
0.289	3
0.294	3
0.295	3
0.301	3
0.303	3
0.304	3
0.308	3
0.314	3
0.318	3
0.328	3
0.34	3
0.341	3
0.343	3
0.348	3
0.349	3
0.351	3
0.363	3
0.364	3
0.364	3
0.385	3
0.388	3
0.388	3
0.394	3
0.395	3
0.395	3
0.4	3
0.402	3
0.405	3
0.409	3
0.411	3
0.411	4
0.413	4
0.416	4
0.426	4
0.434	4
0.436	4
0.437	4
0.447	4
0.454	4
0.455	5
0.456	5
0.457	5
0.461	5
0.466	5
0.473	5
0.473	5
0.478	5
0.481	5
0.486	5
0.486	5
0.491	5
0.496	5
0.498	5
0.5	5
0.5	5
0.504	6
0.508	6
0.522	6
0.522	6
0.524	6
0.527	6
0.529	6
0.529	6
0.533	6
0.537	6
0.539	6
0.543	6
0.544	6
0.549	6
0.549	6
0.552	6
0.553	6
0.557	6
0.559	6
0.56	6
0.56	6
0.561	6
0.564	6
0.566	6
0.567	6
0.568	6
0.569	6
0.569	6
0.57	6
0.573	6
0.577	6
0.579	6
0.581	6
0.585	6
0.587	6
0.597	6
0.6	6
0.605	6
0.606	6
0.607	6
0.607	6
0.609	6
0.612	6
0.614	6
0.616	6
0.617	7
0.623	7
0.624	7
0.625	7
0.626	7
0.629	7
0.633	7
0.641	7
0.642	7
0.647	7
0.652	7
0.658	7
0.66	7
0.66	7
0.666	7
0.67	7
0.678	7
0.68	7
0.683	7
0.683	7
0.684	7
0.686	7
0.686	7
0.686	7
0.687	7
0.694	7
0.697	7
0.699	7
0.703	7
0.715	8
0.716	8
0.717	8
0.731	8
0.732	8
0.736	8
0.743	8
0.743	8
0.749	8
0.756	8
0.76	8
0.761	8
0.764	8
0.77	8
0.775	8
0.776	8
0.778	8
0.784	8
0.786	8
0.794	8
0.799	8
0.811	8
0.811	8
0.813	8
0.824	8
0.836	8
0.838	8
0.838	8
0.842	8
0.849	8
0.849	8
0.851	8
0.851	8
0.854	8
0.859	8
0.874	8
0.877	8
0.883	8
0.886	8
0.896	8
0.899	8
0.911	8
0.915	8
0.926	8
0.929	8
0.93	8
0.936	8
0.948	8
0.951	8
0.959	8
0.978	8
0.99	8
1.013	8
1.017	8
1.021	8
1.042	8
1.047	8
1.06	8
1.064	8
1.069	8
1.074	8
1.086	8
1.088	8
1.099	8
1.136	8
1.154	8
1.175	8
1.179	8
1.239	8
1.297	8
1.403	8
1.406	8
1.411	8
1.413	8
1.437	8
1.577	8
1.675	8
1.734	8
1.803	8
2.049	8
2.089	8
2.089	8
2.199	8
2.208	8
2.35	8
2.35	8
2.591	8
2.615	8
2.685	8
2.708	8
2.719	8
2.802	8
2.899	8
3.053	8
3.251	8
3.269	8
3.331	8
3.492	8
3.677	8
3.693	8
3.705	8
3.94	8
3.942	8
4.111	8
4.335	8
4.351	8
4.405	8
4.587	8
4.694	8
4.706	8
4.745	8
4.755	8
5.049	8
5.053	8
5.084	8
5.458	8
5.481	8
5.52	8
5.549	8
5.561	8
5.651	8
5.688	8
5.791	8
5.925	8
6.019	8
6.06	8
6.096	8
6.152	8
6.156	8
6.219	8
6.256	8
6.364	8
6.439	8
6.499	8
6.744	8
6.809	8
6.839	8
6.845	8
6.894	8
6.915	8
6.935	8
6.952	8
7.002	8
7.061	8
7.103	8
7.126	8
7.176	8
7.203	8
7.281	8
7.42	8
7.454	8
7.585	8
7.597	8
7.667	8
7.795	8
7.832	8
7.834	8
7.926	8
8.101	8
8.117	8
8.13	8
8.252	8
8.267	8
8.411	8
8.635	7
8.741	7
9.265	7
9.315	7
9.421	7
9.622	7
9.736	7
9.8	7
10.021	7
10.297	7
10.305	7
10.306	7
10.332	7
10.569	7
10.608	7
10.762	7
10.831	7
10.844	7
10.905	7
11.168	7
11.256	7
11.273	7
11.516	7
11.746	7
11.837	7
11.89	7
12.089	7
12.104	7
12.393	7
12.493	7
12.675	7
13.213	7
13.335	7
13.377	7
13.473	6
13.624	6
13.652	6
13.715	6
13.759	6
13.798	6
13.921	6
13.979	6
14.321	6
14.436	6
14.512	6
14.532	6
14.553	5
14.628	5
14.679	5
14.813	5
15.092	5
15.778	5
16.715	5
16.76	5
17.216	5
17.313	5
17.37	5
17.82	5
18.088	5
18.093	5
18.437	4
18.863	4
18.937	4
18.998	4
19.71	4
20.511	4
20.514	4
23.876	4
24.066	4
24.117	3
24.369	2
24.651	3
24.654	3
24.686	4
25.026	5
25.357	5
26.871	5
34.944	4
47.159	3
0.0	1
0.0	1
0.002	1
0.002	1
0.004	1
0.005	1
0.005	1
0.005	1
0.006	1
0.006	1
0.006	1
0.006	1
0.007	1
0.008	1
0.008	1
0.008	1
0.009	1
0.009	1
0.009	1
0.01	1
0.01	1
0.01	1
0.011	1
0.013	1
0.013	1
0.014	1
0.014	1
0.014	1
0.014	1
0.014	1
0.015	1
0.015	1
0.016	1
0.016	1
0.017	1
0.017	1
0.017	1
0.017	1
0.018	1
0.018	1
0.018	1
0.019	1
0.019	1
0.019	1
0.019	1
0.02	1
0.021	1
0.021	1
0.023	1
0.025	1
0.033	1
0.041	1
0.049	1
0.058	1
0.06	1
0.074	1
0.075	1
0.082	1
0.091	1
0.1	1
0.121	1
0.125	1
0.129	1
0.134	1
0.138	1
0.139	1
0.14	1
0.143	1
0.146	1
0.153	1
0.154	1
0.157	1
0.158	1
0.16	1
0.16	1
0.168	1
0.175	1
0.177	1
0.18	1
0.182	1
0.182	1
0.186	1
0.187	1
0.189	1
0.192	1
0.192	1
0.193	1
0.198	1
0.202	1
0.205	1
0.205	1
0.207	1
0.207	1
0.213	1
0.221	1
0.223	1
0.225	1
0.233	1
0.233	1
0.236	1
0.239	1
0.242	1
0.242	1
0.244	1
0.245	1
0.245	1
0.245	1
0.25	1
0.253	1
0.257	1
0.257	1
0.268	1
0.269	1
0.269	1
0.272	1
0.273	1
0.274	1
0.282	1
0.282	1
0.287	1
0.292	1
0.293	1
0.299	1
0.301	1
0.302	1
0.306	1
0.312	1
0.316	1
0.326	1
0.338	1
0.339	1
0.341	1
0.346	1
0.347	1
0.349	1
0.361	1
0.362	1
0.362	1
0.383	1
0.386	1
0.386	1
0.392	1
0.393	1
0.393	1
0.398	1
0.4	1
0.403	1
0.407	1
0.409	1
0.409	1
0.411	1
0.414	1
0.424	1
0.432	1
0.434	1
0.435	1
0.445	1
0.452	1
0.453	1
0.454	1
0.455	1
0.459	1
0.464	1
0.471	1
0.471	1
0.476	1
0.479	1
0.484	1
0.484	1
0.489	1
0.494	1
0.496	1
0.498	2
0.498	2
0.502	2
0.506	3
0.52	3
0.52	3
0.522	3
0.525	3
0.527	3
0.527	3
0.531	3
0.535	3
0.537	3
0.541	3
0.542	3
0.547	3
0.547	3
0.55	3
0.551	3
0.555	3
0.557	3
0.558	3
0.558	3
0.559	3
0.562	3
0.564	3
0.565	3
0.566	3
0.567	3
0.567	3
0.568	3
0.571	3
0.575	3
0.577	3
0.579	3
0.583	3
0.585	3
0.595	3
0.598	3
0.603	3
0.604	3
0.605	3
0.605	3
0.607	3
0.61	3
0.612	3
0.614	3
0.615	3
0.621	3
0.622	3
0.623	3
0.624	3
0.627	3
0.631	3
0.639	3
0.64	4
0.645	4
0.65	4
0.656	4
0.658	4
0.658	4
0.664	4
0.668	4
0.676	4
0.678	4
0.681	4
0.681	4
0.682	4
0.684	4
0.684	4
0.684	4
0.685	4
0.692	4
0.695	4
0.697	4
0.701	4
0.713	4
0.714	4
0.715	4
0.729	4
0.73	4
0.734	4
0.741	4
0.741	4
0.747	4
0.754	4
0.758	4
0.759	4
0.762	4
0.768	4
0.773	4
0.774	4
0.776	4
0.782	4
0.784	4
0.792	4
0.797	4
0.809	4
0.809	4
0.811	4
0.822	4
0.834	4
0.836	4
0.836	4
0.84	4
0.847	4
0.847	4
0.849	4
0.849	4
0.852	4
0.857	4
0.872	4
0.875	4
0.881	4
0.884	4
0.894	4
0.897	4
0.909	4
0.913	4
0.924	4
0.927	4
0.928	4
0.934	4
0.946	4
0.949	4
0.957	4
0.976	4
0.988	4
1.011	4
1.015	4
1.019	4
1.04	4
1.045	4
1.058	4
1.062	4
1.067	4
1.072	4
1.084	4
1.086	4
1.097	4
1.134	4
1.152	4
1.173	4
1.177	4
1.237	4
1.295	4
1.401	4
1.404	4
1.409	4
1.411	4
1.435	4
1.575	4
1.673	4
1.732	4
1.801	4
2.047	3
2.087	2
2.087	2
2.197	2
2.206	2
2.348	2
2.348	2
2.589	2
2.613	2
2.683	3
2.706	3
2.717	3
2.8	3
2.897	3
3.051	4
3.249	4
3.267	4
3.329	4
3.49	4
3.675	4
3.691	4
3.703	4
3.938	4
3.94	4
4.109	4
4.333	4
4.349	4
4.403	4
4.585	4
4.692	4
4.704	4
4.743	4
4.753	3
5.047	3
5.051	3
5.082	3
5.456	3
5.479	3
5.518	3
5.547	3
5.559	3
5.649	3
5.686	3
5.789	3
5.923	3
6.017	3
6.058	3
6.094	3
6.15	3
6.154	3
6.217	3
6.254	3
6.362	3
6.437	3
6.497	3
6.742	3
6.807	3
6.837	3
6.843	3
6.892	3
6.913	3
6.933	3
6.95	3
7.0	3
7.059	3
7.101	3
7.124	3
7.174	3
7.201	3
7.279	3
7.418	3
7.452	3
7.583	3
7.595	3
7.665	3
7.793	3
7.83	3
7.832	3
7.924	3
8.099	3
8.115	3
8.128	3
8.25	3
8.265	3
8.409	3
8.633	3
8.739	3
9.263	3
9.313	3
9.419	3
9.62	3
9.734	3
9.798	3
10.019	3
10.295	3
10.303	3
10.304	3
10.33	3
10.567	3
10.606	3
10.76	3
10.829	3
10.842	3
10.903	3
11.166	3
11.254	3
11.271	3
11.514	3
11.744	3
11.835	3
11.888	3
12.087	3
12.102	3
12.391	3
12.491	3
12.673	3
13.211	3
13.333	3
13.375	3
13.471	3
13.622	3
13.65	3
13.713	3
13.757	3
13.796	3
13.919	3
13.977	3
14.319	3
14.434	3
14.51	3
14.53	3
14.551	3
14.626	3
14.677	3
14.811	3
15.09	3
15.776	3
16.713	3
16.758	3
17.214	3
17.311	3
17.368	3
17.818	3
18.086	3
18.091	3
18.435	3
18.861	3
18.935	3
18.996	3
19.708	3
20.509	3
20.512	3
23.874	3
24.064	3
24.115	3
24.367	3
24.649	3
24.652	3
24.684	3
25.024	3
25.355	3
26.869	3
34.942	3
47.157	3
0.0	1
0.002	1
0.002	1
0.004	1
0.005	1
0.005	1
0.005	1
0.006	1
0.006	1
0.006	1
0.006	1
0.007	1
0.008	1
0.008	1
0.008	1
0.009	1
0.009	1
0.009	1
0.01	1
0.01	1
0.01	1
0.011	1
0.013	1
0.013	1
0.014	1
0.014	1
0.014	1
0.014	1
0.014	1
0.015	1
0.015	1
0.016	1
0.016	1
0.017	1
0.017	1
0.017	1
0.017	1
0.018	1
0.018	1
0.018	1
0.019	1
0.019	1
0.019	1
0.019	1
0.02	1
0.021	1
0.021	1
0.023	1
0.025	1
0.033	1
0.041	1
0.049	1
0.058	1
0.06	1
0.074	1
0.075	1
0.082	1
0.091	1
0.1	1
0.121	1
0.125	1
0.129	1
0.134	1
0.138	1
0.139	1
0.14	1
0.143	1
0.146	1
0.153	1
0.154	1
0.157	1
0.158	1
0.16	2
0.16	2
0.168	2
0.175	2
0.177	2
0.18	2
0.182	2
0.182	2
0.186	2
0.187	2
0.189	2
0.192	2
0.192	2
0.193	2
0.198	2
0.202	2
0.205	2
0.205	2
0.207	2
0.207	2
0.213	2
0.221	2
0.223	2
0.225	2
0.233	2
0.233	2
0.236	2
0.239	2
0.242	2
0.242	2
0.244	2
0.245	2
0.245	2
0.245	2
0.25	2
0.253	2
0.257	2
0.257	2
0.268	2
0.269	2
0.269	2
0.272	2
0.273	2
0.274	2
0.282	2
0.282	2
0.287	2
0.292	2
0.293	2
0.299	2
0.301	2
0.302	2
0.306	2
0.312	2
0.316	2
0.326	2
0.338	2
0.339	2
0.341	2
0.346	2
0.347	2
0.349	2
0.361	2
0.362	2
0.362	2
0.383	2
0.386	2
0.386	2
0.392	2
0.393	2
0.393	2
0.398	2
0.4	2
0.403	2
0.407	2
0.409	2
0.409	2
0.411	2
0.414	2
0.424	2
0.432	2
0.434	2
0.435	2
0.445	2
0.452	2
0.453	2
0.454	2
0.455	2
0.459	2
0.464	2
0.471	2
0.471	2
0.476	2
0.479	2
0.484	2
0.484	2
0.489	2
0.494	2
0.496	2
0.498	2
0.498	2
0.502	2
0.506	2
0.52	2
0.52	2
0.522	2
0.525	2
0.527	2
0.527	2
0.531	2
0.535	2
0.537	2
0.541	2
0.542	2
0.547	2
0.547	2
0.55	2
0.551	2
0.555	2
0.557	2
0.558	2
0.558	2
0.559	2
0.562	2
0.564	2
0.565	2
0.566	2
0.567	2
0.567	2
0.568	2
0.571	3
0.575	3
0.577	3
0.579	3
0.583	3
0.585	3
0.595	3
0.598	3
0.603	3
0.604	3
0.605	3
0.605	3
0.607	3
0.61	3
0.612	3
0.614	3
0.615	3
0.621	3
0.622	3
0.623	3
0.624	3
0.627	3
0.631	3
0.639	3
0.64	3
0.645	3
0.65	3
0.656	3
0.658	3
0.658	3
0.664	3
0.668	3
0.676	3
0.678	3
0.681	3
0.681	3
0.682	4
0.684	4
0.684	4
0.684	4
0.685	4
0.692	4
0.695	4
0.697	4
0.701	4
0.713	4
0.714	4
0.715	4
0.729	4
0.73	4
0.734	4
0.741	4
0.741	4
0.747	4
0.754	4
0.758	4
0.759	4
0.762	4
0.768	4
0.773	4
0.774	4
0.776	4
0.782	4
0.784	4
0.792	4
0.797	4
0.809	4
0.809	4
0.811	4
0.822	4
0.834	4
0.836	4
0.836	4
0.84	4
0.847	4
0.847	4
0.849	4
0.849	4
0.852	4
0.857	4
0.872	4
0.875	4
0.881	4
0.884	4
0.894	4
0.897	4
0.909	4
0.913	4
0.924	4
0.927	4
0.928	4
0.934	4
0.946	4
0.949	4
0.957	4
0.976	4
0.988	4
1.011	4
1.015	4
1.019	4
1.04	4
1.045	4
1.058	4
1.062	4
1.067	4
1.072	4
1.084	4
1.086	4
1.097	4
1.134	4
1.152	4
1.173	4
1.177	4
1.237	4
1.295	4
1.401	4
1.404	4
1.409	4
1.411	4
1.435	4
1.575	4
1.673	4
1.732	4
1.801	4
2.047	4
2.087	4
2.087	4
2.197	4
2.206	4
2.348	4
2.348	4
2.589	4
2.613	4
2.683	4
2.706	4
2.717	4
2.8	4
2.897	4
3.051	4
3.249	4
3.267	4
3.329	4
3.49	4
3.675	4
3.691	4
3.703	4
3.938	4
3.94	4
4.109	4
4.333	4
4.349	4
4.403	4
4.585	4
4.692	4
4.704	4
4.743	4
4.753	4
5.047	4
5.051	4
5.082	4
5.456	4
5.479	4
5.518	4
5.547	4
5.559	4
5.649	4
5.686	4
5.789	4
5.923	4
6.017	4
6.058	4
6.094	4
6.15	4
6.154	4
6.217	4
6.254	4
6.362	4
6.437	4
6.497	4
6.742	4
6.807	4
6.837	4
6.843	4
6.892	4
6.913	4
6.933	4
6.95	4
7.0	4
7.059	4
7.101	4
7.124	4
7.174	4
7.201	4
7.279	4
7.418	4
7.452	4
7.583	4
7.595	4
7.665	4
7.793	4
7.83	4
7.832	4
7.924	4
8.099	4
8.115	4
8.128	4
8.25	4
8.265	4
8.409	4
8.633	4
8.739	4
9.263	4
9.313	4
9.419	4
9.62	4
9.734	4
9.798	4
10.019	4
10.295	3
10.303	3
10.304	3
10.33	3
10.567	3
10.606	3
10.76	3
10.829	3
10.842	3
10.903	3
11.166	3
11.254	3
11.271	3
11.514	3
11.744	3
11.835	3
11.888	3
12.087	3
12.102	3
12.391	3
12.491	3
12.673	3
13.211	3
13.333	3
13.375	3
13.471	3
13.622	3
13.65	3
13.713	3
13.757	3
13.796	3
13.919	3
13.977	3
14.319	3
14.434	3
14.51	3
14.53	3
14.551	3
14.626	3
14.677	3
14.811	3
15.09	3
15.776	3
16.713	3
16.758	3
17.214	3
17.311	3
17.368	3
17.818	3
18.086	3
18.091	3
18.435	3
18.861	3
18.935	3
18.996	3
19.708	3
20.509	3
20.512	3
23.874	3
24.064	3
24.115	3
24.367	3
24.649	3
24.652	3
24.684	3
25.024	3
25.355	3
26.869	3
34.942	3
47.157	3
0.0	1
0.0	1
0.002	1
0.003	1
0.003	1
0.003	1
0.004	1
0.004	1
0.004	1
0.004	1
0.005	1
0.006	1
0.006	1
0.006	1
0.007	1
0.007	1
0.007	1
0.008	1
0.008	1
0.008	1
0.009	1
0.011	1
0.011	1
0.012	1
0.012	1
0.012	1
0.012	1
0.012	1
0.013	1
0.013	1
0.014	1
0.014	1
0.015	1
0.015	1
0.015	1
0.015	1
0.016	1
0.016	1
0.016	1
0.017	1
0.017	1
0.017	1
0.017	1
0.018	1
0.019	1
0.019	1
0.021	1
0.023	1
0.031	1
0.039	1
0.047	2
0.056	2
0.058	2
0.072	2
0.073	3
0.08	3
0.089	3
0.098	3
0.119	3
0.123	3
0.127	3
0.132	3
0.136	3
0.137	3
0.138	3
0.141	3
0.144	3
0.151	3
0.152	3
0.155	3
0.156	3
0.158	3
0.158	3
0.166	3
0.173	3
0.175	3
0.178	3
0.18	3
0.18	3
0.184	3
0.185	3
0.187	3
0.19	3
0.19	3
0.191	3
0.196	3
0.2	3
0.203	3
0.203	3
0.205	3
0.205	3
0.211	3
0.219	3
0.221	3
0.223	3
0.231	3
0.231	3
0.234	3
0.237	3
0.24	3
0.24	3
0.242	3
0.243	3
0.243	3
0.243	3
0.248	3
0.251	3
0.255	3
0.255	3
0.266	3
0.267	3
0.267	3
0.27	3
0.271	3
0.272	3
0.28	3
0.28	3
0.285	3
0.29	3
0.291	3
0.297	3
0.299	3
0.3	3
0.304	3
0.31	3
0.314	3
0.324	3
0.336	3
0.337	3
0.339	3
0.344	3
0.345	3
0.347	3
0.359	3
0.36	3
0.36	3
0.381	3
0.384	3
0.384	3
0.39	3
0.391	3
0.391	3
0.396	3
0.398	3
0.401	3
0.405	3
0.407	3
0.407	3
0.409	3
0.412	3
0.422	3
0.43	3
0.432	3
0.433	3
0.443	3
0.45	3
0.451	3
0.452	3
0.453	3
0.457	3
0.462	3
0.469	3
0.469	3
0.474	3
0.477	3
0.482	3
0.482	3
0.487	3
0.492	3
0.494	3
0.496	3
0.496	3
0.5	3
0.504	3
0.518	3
0.518	3
0.52	3
0.523	3
0.525	3
0.525	3
0.529	3
0.533	3
0.535	3
0.539	3
0.54	3
0.545	3
0.545	3
0.548	3
0.549	3
0.553	3
0.555	3
0.556	3
0.556	3
0.557	3
0.56	3
0.562	3
0.563	3
0.564	3
0.565	3
0.565	3
0.566	3
0.569	3
0.573	3
0.575	3
0.577	3
0.581	3
0.583	3
0.593	3
0.596	3
0.601	3
0.602	3
0.603	3
0.603	3
0.605	3
0.608	3
0.61	3
0.612	3
0.613	3
0.619	3
0.62	3
0.621	3
0.622	3
0.625	3
0.629	3
0.637	3
0.638	3
0.643	3
0.648	3
0.654	3
0.656	3
0.656	3
0.662	3
0.666	3
0.674	3
0.676	3
0.679	3
0.679	3
0.68	3
0.682	3
0.682	3
0.682	3
0.683	3
0.69	3
0.693	3
0.695	3
0.699	3
0.711	3
0.712	3
0.713	3
0.727	3
0.728	3
0.732	3
0.739	3
0.739	3
0.745	3
0.752	3
0.756	3
0.757	3
0.76	3
0.766	3
0.771	3
0.772	3
0.774	3
0.78	3
0.782	3
0.79	3
0.795	3
0.807	3
0.807	3
0.809	3
0.82	3
0.832	3
0.834	3
0.834	3
0.838	3
0.845	3
0.845	3
0.847	3
0.847	3
0.85	3
0.855	3
0.87	3
0.873	3
0.879	3
0.882	3
0.892	3
0.895	3
0.907	3
0.911	3
0.922	3
0.925	3
0.926	3
0.932	3
0.944	3
0.947	3
0.955	3
0.974	3
0.986	3
1.009	3
1.013	3
1.017	3
1.038	3
1.043	3
1.056	3
1.06	3
1.065	3
1.07	3
1.082	3
1.084	3
1.095	3
1.132	3
1.15	3
1.171	3
1.175	3
1.235	3
1.293	3
1.399	3
1.402	3
1.407	3
1.409	3
1.433	3
1.573	3
1.671	3
1.73	3
1.799	3
2.045	3
2.085	3
2.085	3
2.195	3
2.204	3
2.346	3
2.346	3
2.587	3
2.611	3
2.681	3
2.704	3
2.715	3
2.798	3
2.895	3
3.049	3
3.247	3
3.265	3
3.327	3
3.488	3
3.673	3
3.689	3
3.701	3
3.936	3
3.938	3
4.107	3
4.331	3
4.347	3
4.401	3
4.583	3
4.69	3
4.702	3
4.741	3
4.751	3
5.045	3
5.049	3
5.08	3
5.454	3
5.477	3
5.516	3
5.545	3
5.557	3
5.647	3
5.684	3
5.787	3
5.921	3
6.015	3
6.056	3
6.092	3
6.148	3
6.152	3
6.215	3
6.252	3
6.36	3
6.435	3
6.495	3
6.74	3
6.805	3
6.835	3
6.841	3
6.89	3
6.911	3
6.931	3
6.948	3
6.998	3
7.057	3
7.099	3
7.122	3
7.172	3
7.199	3
7.277	3
7.416	3
7.45	3
7.581	3
7.593	3
7.663	3
7.791	3
7.828	3
7.83	3
7.922	3
8.097	3
8.113	3
8.126	3
8.248	3
8.263	3
8.407	3
8.631	3
8.737	3
9.261	3
9.311	3
9.417	3
9.618	3
9.732	3
9.796	3
10.017	3
10.293	3
10.301	3
10.302	3
10.328	3
10.565	3
10.604	3
10.758	3
10.827	3
10.84	3
10.901	3
11.164	3
11.252	3
11.269	3
11.512	3
11.742	3
11.833	3
11.886	3
12.085	3
12.1	3
12.389	3
12.489	3
12.671	3
13.209	3
13.331	3
13.373	3
13.469	3
13.62	3
13.648	3
13.711	3
13.755	3
13.794	3
13.917	3
13.975	3
14.317	3
14.432	3
14.508	3
14.528	3
14.549	3
14.624	3
14.675	3
14.809	3
15.088	3
15.774	3
16.711	3
16.756	3
17.212	3
17.309	3
17.366	3
17.816	3
18.084	3
18.089	3
18.433	3
18.859	3
18.933	3
18.994	3
19.706	3
20.507	3
20.51	3
23.872	3
24.062	3
24.113	3
24.365	3
24.647	3
24.65	3
24.682	3
25.022	3
25.353	3
26.867	3
34.94	3
47.155	3
0.0	1
0.002	1
0.003	1
0.003	1
0.003	1
0.004	1
0.004	1
0.004	1
0.004	1
0.005	1
0.006	1
0.006	1
0.006	1
0.007	1
0.007	1
0.007	1
0.008	1
0.008	1
0.008	1
0.009	1
0.011	1
0.011	1
0.012	1
0.012	1
0.012	1
0.012	1
0.012	1
0.013	1
0.013	1
0.014	1
0.014	1
0.015	1
0.015	1
0.015	1
0.015	1
0.016	1
0.016	1
0.016	1
0.017	1
0.017	1
0.017	1
0.017	1
0.018	1
0.019	1
0.019	1
0.021	1
0.023	1
0.031	1
0.039	1
0.047	1
0.056	1
0.058	1
0.072	1
0.073	1
0.08	1
0.089	1
0.098	1
0.119	1
0.123	1
0.127	1
0.132	1
0.136	1
0.137	1
0.138	1
0.141	1
0.144	1
0.151	1
0.152	1
0.155	1
0.156	1
0.158	1
0.158	1
0.166	1
0.173	1
0.175	1
0.178	1
0.18	1
0.18	1
0.184	1
0.185	1
0.187	1
0.19	1
0.19	1
0.191	1
0.196	1
0.2	1
0.203	1
0.203	1
0.205	1
0.205	1
0.211	1
0.219	1
0.221	1
0.223	1
0.231	1
0.231	1
0.234	1
0.237	1
0.24	1
0.24	1
0.242	1
0.243	1
0.243	1
0.243	1
0.248	1
0.251	1
0.255	1
0.255	1
0.266	1
0.267	1
0.267	1
0.27	1
0.271	1
0.272	1
0.28	1
0.28	1
0.285	1
0.29	1
0.291	1
0.297	1
0.299	1
0.3	1
0.304	1
0.31	1
0.314	1
0.324	1
0.336	2
0.337	2
0.339	3
0.344	3
0.345	3
0.347	3
0.359	3
0.36	3
0.36	4
0.381	4
0.384	4
0.384	4
0.39	4
0.391	4
0.391	4
0.396	4
0.398	4
0.401	4
0.405	4
0.407	4
0.407	4
0.409	4
0.412	4
0.422	4
0.43	4
0.432	4
0.433	4
0.443	4
0.45	4
0.451	4
0.452	4
0.453	4
0.457	4
0.462	4
0.469	4
0.469	4
0.474	4
0.477	4
0.482	4
0.482	4
0.487	4
0.492	4
0.494	4
0.496	4
0.496	4
0.5	4
0.504	4
0.518	4
0.518	4
0.52	4
0.523	4
0.525	4
0.525	4
0.529	4
0.533	4
0.535	4
0.539	4
0.54	4
0.545	4
0.545	4
0.548	4
0.549	4
0.553	4
0.555	4
0.556	4
0.556	4
0.557	4
0.56	4
0.562	4
0.563	5
0.564	5
0.565	5
0.565	5
0.566	5
0.569	5
0.573	5
0.575	5
0.577	5
0.581	5
0.583	5
0.593	5
0.596	5
0.601	5
0.602	5
0.603	5
0.603	5
0.605	5
0.608	5
0.61	5
0.612	5
0.613	5
0.619	5
0.62	5
0.621	5
0.622	5
0.625	5
0.629	5
0.637	5
0.638	5
0.643	5
0.648	5
0.654	5
0.656	5
0.656	5
0.662	5
0.666	5
0.674	5
0.676	5
0.679	5
0.679	5
0.68	5
0.682	5
0.682	5
0.682	5
0.683	5
0.69	5
0.693	5
0.695	5
0.699	5
0.711	5
0.712	5
0.713	5
0.727	5
0.728	5
0.732	5
0.739	5
0.739	5
0.745	5
0.752	5
0.756	5
0.757	5
0.76	5
0.766	5
0.771	5
0.772	5
0.774	5
0.78	5
0.782	5
0.79	5
0.795	5
0.807	5
0.807	5
0.809	5
0.82	5
0.832	5
0.834	5
0.834	5
0.838	5
0.845	5
0.845	5
0.847	5
0.847	5
0.85	5
0.855	5
0.87	5
0.873	5
0.879	5
0.882	5
0.892	5
0.895	5
0.907	5
0.911	5
0.922	5
0.925	5
0.926	5
0.932	5
0.944	5
0.947	5
0.955	5
0.974	5
0.986	5
1.009	5
1.013	5
1.017	5
1.038	5
1.043	5
1.056	5
1.06	5
1.065	5
1.07	5
1.082	5
1.084	5
1.095	5
1.132	5
1.15	5
1.171	5
1.175	5
1.235	5
1.293	5
1.399	5
1.402	5
1.407	5
1.409	5
1.433	5
1.573	5
1.671	5
1.73	5
1.799	5
2.045	5
2.085	5
2.085	5
2.195	5
2.204	5
2.346	4
2.346	4
2.587	4
2.611	4
2.681	4
2.704	4
2.715	4
2.798	4
2.895	4
3.049	4
3.247	4
3.265	4
3.327	4
3.488	4
3.673	4
3.689	4
3.701	4
3.936	4
3.938	4
4.107	4
4.331	4
4.347	4
4.401	4
4.583	4
4.69	4
4.702	4
4.741	4
4.751	4
5.045	4
5.049	4
5.08	4
5.454	4
5.477	4
5.516	4
5.545	4
5.557	4
5.647	4
5.684	4
5.787	4
5.921	4
6.015	4
6.056	4
6.092	4
6.148	4
6.152	4
6.215	4
6.252	4
6.36	4
6.435	4
6.495	4
6.74	4
6.805	4
6.835	4
6.841	4
6.89	4
6.911	4
6.931	4
6.948	4
6.998	4
7.057	4
7.099	4
7.122	4
7.172	4
7.199	4
7.277	4
7.416	4
7.45	4
7.581	4
7.593	4
7.663	4
7.791	4
7.828	3
7.83	3
7.922	3
8.097	3
8.113	3
8.126	3
8.248	3
8.263	3
8.407	3
8.631	3
8.737	3
9.261	3
9.311	3
9.417	3
9.618	3
9.732	3
9.796	3
10.017	3
10.293	3
10.301	3
10.302	3
10.328	3
10.565	3
10.604	3
10.758	3
10.827	3
10.84	3
10.901	3
11.164	3
11.252	3
11.269	3
11.512	3
11.742	3
11.833	3
11.886	3
12.085	3
12.1	3
12.389	3
12.489	3
12.671	3
13.209	3
13.331	3
13.373	3
13.469	3
13.62	3
13.648	3
13.711	3
13.755	3
13.794	3
13.917	3
13.975	3
14.317	3
14.432	3
14.508	3
14.528	3
14.549	3
14.624	3
14.675	3
14.809	3
15.088	3
15.774	3
16.711	3
16.756	3
17.212	3
17.309	3
17.366	3
17.816	3
18.084	3
18.089	3
18.433	3
18.859	3
18.933	3
18.994	3
19.706	3
20.507	3
20.51	3
23.872	3
24.062	3
24.113	3
24.365	3
24.647	3
24.65	3
24.682	3
25.022	3
25.353	3
26.867	3
34.94	3
47.155	3
0.001	1
0.001	1
0.001	1
0.002	1
0.002	1
0.002	1
0.002	1
0.003	1
0.004	1
0.004	1
0.004	1
0.005	1
0.005	1
0.005	1
0.006	1
0.006	1
0.006	1
0.007	1
0.009	1
0.009	1
0.01	1
0.01	1
0.01	1
0.01	1
0.01	1
0.011	1
0.011	1
0.012	1
0.012	1
0.013	1
0.013	1
0.013	1
0.013	1
0.014	1
0.014	1
0.014	1
0.015	1
0.015	1
0.015	1
0.015	1
0.016	1
0.017	1
0.017	1
0.019	1
0.021	1
0.029	1
0.037	1
0.045	1
0.054	1
0.056	1
0.07	1
0.071	1
0.078	1
0.087	1
0.096	1
0.117	1
0.121	1
0.125	1
0.13	1
0.134	1
0.135	1
0.136	1
0.139	1
0.142	1
0.149	1
0.15	1
0.153	1
0.154	2
0.156	2
0.156	2
0.164	2
0.171	2
0.173	2
0.176	2
0.178	2
0.178	2
0.182	2
0.183	2
0.185	2
0.188	2
0.188	2
0.189	2
0.194	2
0.198	2
0.201	2
0.201	2
0.203	2
0.203	2
0.209	2
0.217	2
0.219	2
0.221	2
0.229	2
0.229	2
0.232	2
0.235	2
0.238	2
0.238	2
0.24	2
0.241	2
0.241	2
0.241	2
0.246	3
0.249	3
0.253	3
0.253	3
0.264	3
0.265	3
0.265	3
0.268	3
0.269	3
0.27	3
0.278	3
0.278	3
0.283	3
0.288	3
0.289	3
0.295	3
0.297	3
0.298	3
0.302	3
0.308	3
0.312	3
0.322	3
0.334	3
0.335	3
0.337	3
0.342	3
0.343	3
0.345	3
0.357	3
0.358	3
0.358	3
0.379	3
0.382	3
0.382	3
0.388	3
0.389	3
0.389	3
0.394	3
0.396	3
0.399	3
0.403	3
0.405	3
0.405	3
0.407	3
0.41	3
0.42	3
0.428	3
0.43	3
0.431	3
0.441	3
0.448	4
0.449	4
0.45	4
0.451	4
0.455	4
0.46	4
0.467	4
0.467	4
0.472	4
0.475	4
0.48	5
0.48	5
0.485	5
0.49	5
0.492	5
0.494	5
0.494	5
0.498	5
0.502	5
0.516	5
0.516	5
0.518	5
0.521	5
0.523	5
0.523	5
0.527	5
0.531	5
0.533	5
0.537	5
0.538	5
0.543	5
0.543	5
0.546	5
0.547	5
0.551	5
0.553	5
0.554	5
0.554	5
0.555	5
0.558	5
0.56	5
0.561	5
0.562	5
0.563	5
0.563	5
0.564	5
0.567	5
0.571	5
0.573	5
0.575	5
0.579	5
0.581	5
0.591	5
0.594	5
0.599	5
0.6	5
0.601	5
0.601	5
0.603	5
0.606	5
0.608	5
0.61	5
0.611	5
0.617	5
0.618	5
0.619	5
0.62	5
0.623	5
0.627	5
0.635	5
0.636	5
0.641	5
0.646	5
0.652	5
0.654	5
0.654	5
0.66	5
0.664	5
0.672	5
0.674	5
0.677	5
0.677	5
0.678	5
0.68	5
0.68	5
0.68	5
0.681	5
0.688	5
0.691	5
0.693	5
0.697	5
0.709	5
0.71	5
0.711	5
0.725	5
0.726	5
0.73	5
0.737	5
0.737	5
0.743	5
0.75	5
0.754	5
0.755	5
0.758	5
0.764	5
0.769	5
0.77	5
0.772	5
0.778	5
0.78	5
0.788	5
0.793	5
0.805	5
0.805	5
0.807	5
0.818	5
0.83	5
0.832	5
0.832	5
0.836	5
0.843	5
0.843	5
0.845	5
0.845	5
0.848	5
0.853	5
0.868	5
0.871	5
0.877	5
0.88	5
0.89	5
0.893	5
0.905	5
0.909	5
0.92	5
0.923	5
0.924	5
0.93	5
0.942	5
0.945	5
0.953	5
0.972	5
0.984	5
1.007	5
1.011	5
1.015	5
1.036	5
1.041	5
1.054	5
1.058	5
1.063	5
1.068	5
1.08	5
1.082	5
1.093	5
1.13	5
1.148	5
1.169	5
1.173	5
1.233	5
1.291	5
1.397	5
1.4	5
1.405	5
1.407	5
1.431	5
1.571	5
1.669	5
1.728	5
1.797	5
2.043	5
2.083	5
2.083	5
2.193	5
2.202	5
2.344	5
2.344	5
2.585	5
2.609	5
2.679	5
2.702	5
2.713	5
2.796	5
2.893	5
3.047	5
3.245	5
3.263	5
3.325	5
3.486	5
3.671	5
3.687	5
3.699	5
3.934	5
3.936	5
4.105	5
4.329	5
4.345	5
4.399	5
4.581	5
4.688	5
4.7	5
4.739	5
4.749	5
5.043	5
5.047	5
5.078	4
5.452	4
5.475	4
5.514	4
5.543	4
5.555	4
5.645	4
5.682	4
5.785	4
5.919	4
6.013	4
6.054	4
6.09	4
6.146	4
6.15	4
6.213	4
6.25	4
6.358	4
6.433	4
6.493	4
6.738	4
6.803	4
6.833	4
6.839	4
6.888	4
6.909	4
6.929	4
6.946	4
6.996	4
7.055	4
7.097	4
7.12	4
7.17	4
7.197	4
7.275	4
7.414	4
7.448	4
7.579	4
7.591	4
7.661	4
7.789	4
7.826	4
7.828	4
7.92	4
8.095	4
8.111	4
8.124	4
8.246	3
8.261	3
8.405	3
8.629	3
8.735	3
9.259	3
9.309	3
9.415	3
9.616	3
9.73	3
9.794	3
10.015	3
10.291	3
10.299	3
10.3	3
10.326	3
10.563	3
10.602	3
10.756	3
10.825	3
10.838	3
10.899	3
11.162	3
11.25	3
11.267	3
11.51	3
11.74	3
11.831	3
11.884	3
12.083	3
12.098	3
12.387	3
12.487	3
12.669	3
13.207	3
13.329	3
13.371	3
13.467	3
13.618	3
13.646	3
13.709	3
13.753	3
13.792	3
13.915	3
13.973	3
14.315	3
14.43	3
14.506	3
14.526	3
14.547	3
14.622	3
14.673	3
14.807	3
15.086	3
15.772	3
16.709	3
16.754	3
17.21	3
17.307	3
17.364	3
17.814	3
18.082	3
18.087	3
18.431	3
18.857	3
18.931	3
18.992	3
19.704	3
20.505	3
20.508	3
23.87	3
24.06	3
24.111	3
24.363	3
24.645	3
24.648	3
24.68	3
25.02	3
25.351	3
26.865	3
34.938	3
47.153	3
0.0	1
0.001	1
0.001	1
0.001	1
0.001	1
0.002	1
0.003	1
0.003	1
0.003	1
0.004	1
0.004	1
0.004	1
0.005	1
0.005	1
0.005	1
0.006	1
0.008	1
0.008	1
0.009	1
0.009	1
0.009	1
0.009	1
0.009	1
0.01	1
0.01	1
0.011	1
0.011	1
0.012	1
0.012	1
0.012	1
0.012	1
0.013	1
0.013	1
0.013	1
0.014	1
0.014	1
0.014	1
0.014	1
0.015	1
0.016	1
0.016	1
0.018	1
0.02	1
0.028	1
0.036	1
0.044	1
0.053	1
0.055	1
0.069	1
0.07	1
0.077	1
0.086	1
0.095	1
0.116	1
0.12	1
0.124	1
0.129	1
0.133	1
0.134	1
0.135	2
0.138	2
0.141	2
0.148	2
0.149	2
0.152	2
0.153	2
0.155	2
0.155	2
0.163	2
0.17	2
0.172	2
0.175	2
0.177	2
0.177	2
0.181	2
0.182	2
0.184	2
0.187	2
0.187	2
0.188	2
0.193	2
0.197	2
0.2	2
0.2	2
0.202	2
0.202	2
0.208	2
0.216	2
0.218	2
0.22	2
0.228	2
0.228	2
0.231	2
0.234	2
0.237	2
0.237	2
0.239	2
0.24	2
0.24	2
0.24	2
0.245	2
0.248	2
0.252	2
0.252	2
0.263	2
0.264	2
0.264	2
0.267	2
0.268	2
0.269	2
0.277	2
0.277	2
0.282	2
0.287	2
0.288	2
0.294	2
0.296	2
0.297	2
0.301	2
0.307	2
0.311	2
0.321	2
0.333	2
0.334	2
0.336	2
0.341	2
0.342	2
0.344	2
0.356	2
0.357	2
0.357	2
0.378	2
0.381	2
0.381	2
0.387	2
0.388	2
0.388	2
0.393	2
0.395	2
0.398	2
0.402	2
0.404	2
0.404	2
0.406	2
0.409	2
0.419	2
0.427	2
0.429	2
0.43	2
0.44	2
0.447	2
0.448	2
0.449	2
0.45	2
0.454	2
0.459	2
0.466	2
0.466	2
0.471	2
0.474	2
0.479	2
0.479	2
0.484	2
0.489	2
0.491	2
0.493	2
0.493	2
0.497	2
0.501	2
0.515	2
0.515	2
0.517	2
0.52	2
0.522	2
0.522	2
0.526	2
0.53	2
0.532	2
0.536	2
0.537	2
0.542	2
0.542	2
0.545	2
0.546	2
0.55	2
0.552	2
0.553	2
0.553	2
0.554	2
0.557	2
0.559	2
0.56	2
0.561	2
0.562	2
0.562	2
0.563	2
0.566	2
0.57	2
0.572	2
0.574	2
0.578	2
0.58	2
0.59	2
0.593	2
0.598	2
0.599	2
0.6	2
0.6	2
0.602	2
0.605	2
0.607	2
0.609	2
0.61	2
0.616	2
0.617	3
0.618	3
0.619	3
0.622	3
0.626	3
0.634	3
0.635	3
0.64	3
0.645	3
0.651	3
0.653	3
0.653	3
0.659	3
0.663	3
0.671	3
0.673	3
0.676	3
0.676	3
0.677	3
0.679	3
0.679	3
0.679	3
0.68	3
0.687	3
0.69	3
0.692	3
0.696	3
0.708	3
0.709	3
0.71	4
0.724	4
0.725	4
0.729	4
0.736	4
0.736	4
0.742	4
0.749	4
0.753	4
0.754	4
0.757	4
0.763	4
0.768	4
0.769	4
0.771	4
0.777	4
0.779	4
0.787	4
0.792	4
0.804	4
0.804	4
0.806	4
0.817	4
0.829	4
0.831	4
0.831	4
0.835	4
0.842	4
0.842	4
0.844	4
0.844	4
0.847	4
0.852	4
0.867	4
0.87	4
0.876	4
0.879	4
0.889	4
0.892	4
0.904	4
0.908	4
0.919	4
0.922	4
0.923	4
0.929	4
0.941	4
0.944	4
0.952	4
0.971	4
0.983	4
1.006	4
1.01	4
1.014	4
1.035	4
1.04	4
1.053	4
1.057	4
1.062	4
1.067	4
1.079	4
1.081	4
1.092	4
1.129	4
1.147	4
1.168	4
1.172	4
1.232	4
1.29	4
1.396	4
1.399	4
1.404	4
1.406	4
1.43	4
1.57	4
1.668	4
1.727	4
1.796	4
2.042	4
2.082	4
2.082	3
2.192	3
2.201	3
2.343	3
2.343	3
2.584	3
2.608	3
2.678	3
2.701	3
2.712	3
2.795	3
2.892	3
3.046	3
3.244	3
3.262	3
3.324	3
3.485	3
3.67	3
3.686	3
3.698	3
3.933	3
3.935	3
4.104	3
4.328	3
4.344	3
4.398	3
4.58	3
4.687	3
4.699	3
4.738	3
4.748	3
5.042	3
5.046	3
5.077	3
5.451	3
5.474	3
5.513	3
5.542	3
5.554	3
5.644	3
5.681	3
5.784	3
5.918	3
6.012	3
6.053	3
6.089	3
6.145	3
6.149	3
6.212	3
6.249	3
6.357	3
6.432	3
6.492	3
6.737	3
6.802	3
6.832	3
6.838	3
6.887	3
6.908	3
6.928	3
6.945	3
6.995	3
7.054	3
7.096	3
7.119	3
7.169	3
7.196	3
7.274	3
7.413	3
7.447	3
7.578	3
7.59	3
7.66	3
7.788	3
7.825	3
7.827	3
7.919	3
8.094	3
8.11	3
8.123	3
8.245	3
8.26	3
8.404	3
8.628	3
8.734	3
9.258	3
9.308	3
9.414	3
9.615	3
9.729	3
9.793	3
10.014	3
10.29	3
10.298	3
10.299	3
10.325	3
10.562	3
10.601	3
10.755	3
10.824	3
10.837	3
10.898	3
11.161	3
11.249	3
11.266	3
11.509	3
11.739	3
11.83	3
11.883	3
12.082	3
12.097	3
12.386	3
12.486	3
12.668	3
13.206	3
13.328	3
13.37	3
13.466	3
13.617	3
13.645	3
13.708	3
13.752	3
13.791	3
13.914	3
13.972	3
14.314	3
14.429	3
14.505	3
14.525	3
14.546	3
14.621	3
14.672	3
14.806	3
15.085	3
15.771	3
16.708	3
16.753	3
17.209	3
17.306	3
17.363	3
17.813	3
18.081	3
18.086	3
18.43	3
18.856	3
18.93	3
18.991	3
19.703	3
20.504	3
20.507	3
23.869	3
24.059	3
24.11	3
24.362	3
24.644	3
24.647	3
24.679	3
25.019	3
25.35	3
26.864	3
34.937	3
47.152	3
0.0	1
0.0	1
0.0	1
0.0	1
0.001	1
0.002	1
0.002	1
0.002	1
0.003	1
0.003	1
0.003	1
0.004	1
0.004	1
0.004	1
0.005	1
0.007	1
0.007	1
0.008	1
0.008	1
0.008	1
0.008	1
0.008	1
0.009	1
0.009	1
0.01	1
0.01	1
0.011	1
0.011	1
0.011	1
0.011	1
0.012	1
0.012	1
0.012	1
0.013	1
0.013	1
0.013	1
0.013	1
0.014	1
0.015	1
0.015	1
0.017	1
0.019	1
0.027	1
0.035	1
0.043	1
0.052	1
0.054	1
0.068	1
0.069	1
0.076	1
0.085	1
0.094	1
0.115	1
0.119	1
0.123	1
0.128	1
0.132	1
0.133	1
0.134	1
0.137	1
0.14	1
0.147	1
0.148	1
0.151	1
0.152	1
0.154	1
0.154	1
0.162	1
0.169	1
0.171	1
0.174	1
0.176	1
0.176	1
0.18	1
0.181	1
0.183	1
0.186	1
0.186	1
0.187	1
0.192	1
0.196	1
0.199	1
0.199	1
0.201	2
0.201	2
0.207	2
0.215	2
0.217	2
0.219	2
0.227	2
0.227	2
0.23	2
0.233	2
0.236	2
0.236	2
0.238	2
0.239	2
0.239	2
0.239	2
0.244	2
0.247	2
0.251	2
0.251	2
0.262	2
0.263	2
0.263	2
0.266	2
0.267	2
0.268	2
0.276	2
0.276	2
0.281	2
0.286	2
0.287	2
0.293	2
0.295	2
0.296	2
0.3	2
0.306	2
0.31	2
0.32	2
0.332	2
0.333	3
0.335	3
0.34	3
0.341	3
0.343	3
0.355	3
0.356	3
0.356	3
0.377	3
0.38	3
0.38	3
0.386	3
0.387	3
0.387	3
0.392	3
0.394	3
0.397	3
0.401	3
0.403	3
0.403	3
0.405	3
0.408	3
0.418	3
0.426	3
0.428	3
0.429	3
0.439	3
0.446	3
0.447	3
0.448	3
0.449	3
0.453	3
0.458	3
0.465	3
0.465	3
0.47	3
0.473	3
0.478	3
0.478	3
0.483	3
0.488	3
0.49	3
0.492	3
0.492	3
0.496	3
0.5	3
0.514	3
0.514	3
0.516	3
0.519	3
0.521	3
0.521	3
0.525	3
0.529	3
0.531	3
0.535	3
0.536	3
0.541	3
0.541	3
0.544	3
0.545	3
0.549	3
0.551	3
0.552	3
0.552	3
0.553	3
0.556	3
0.558	3
0.559	3
0.56	3
0.561	3
0.561	3
0.562	3
0.565	3
0.569	3
0.571	3
0.573	3
0.577	3
0.579	3
0.589	3
0.592	3
0.597	3
0.598	3
0.599	3
0.599	3
0.601	3
0.604	3
0.606	3
0.608	3
0.609	3
0.615	3
0.616	3
0.617	3
0.618	3
0.621	3
0.625	3
0.633	3
0.634	3
0.639	4
0.644	4
0.65	4
0.652	4
0.652	5
0.658	5
0.662	5
0.67	5
0.672	5
0.675	5
0.675	5
0.676	5
0.678	5
0.678	5
0.678	5
0.679	5
0.686	5
0.689	5
0.691	5
0.695	5
0.707	5
0.708	5
0.709	5
0.723	5
0.724	5
0.728	5
0.735	5
0.735	5
0.741	5
0.748	5
0.752	5
0.753	5
0.756	5
0.762	5
0.767	5
0.768	5
0.77	5
0.776	5
0.778	5
0.786	5
0.791	5
0.803	5
0.803	5
0.805	5
0.816	5
0.828	5
0.83	5
0.83	5
0.834	5
0.841	5
0.841	5
0.843	5
0.843	5
0.846	5
0.851	5
0.866	5
0.869	5
0.875	5
0.878	5
0.888	5
0.891	5
0.903	5
0.907	5
0.918	5
0.921	5
0.922	5
0.928	5
0.94	5
0.943	5
0.951	5
0.97	5
0.982	5
1.005	5
1.009	5
1.013	5
1.034	5
1.039	5
1.052	5
1.056	5
1.061	5
1.066	5
1.078	5
1.08	5
1.091	5
1.128	5
1.146	5
1.167	5
1.171	5
1.231	5
1.289	5
1.395	5
1.398	5
1.403	5
1.405	5
1.429	5
1.569	5
1.667	5
1.726	5
1.795	5
2.041	5
2.081	5
2.081	5
2.191	5
2.2	5
2.342	5
2.342	5
2.583	5
2.607	4
2.677	4
2.7	4
2.711	4
2.794	4
2.891	4
3.045	4
3.243	4
3.261	4
3.323	4
3.484	4
3.669	4
3.685	4
3.697	4
3.932	4
3.934	4
4.103	4
4.327	4
4.343	4
4.397	4
4.579	4
4.686	4
4.698	4
4.737	4
4.747	4
5.041	4
5.045	4
5.076	4
5.45	4
5.473	4
5.512	4
5.541	4
5.553	4
5.643	4
5.68	4
5.783	4
5.917	4
6.011	4
6.052	4
6.088	4
6.144	4
6.148	4
6.211	4
6.248	4
6.356	4
6.431	4
6.491	4
6.736	4
6.801	4
6.831	4
6.837	4
6.886	4
6.907	4
6.927	4
6.944	4
6.994	4
7.053	4
7.095	4
7.118	4
7.168	4
7.195	4
7.273	3
7.412	3
7.446	3
7.577	3
7.589	3
7.659	3
7.787	3
7.824	3
7.826	3
7.918	3
8.093	3
8.109	3
8.122	3
8.244	3
8.259	3
8.403	3
8.627	3
8.733	3
9.257	3
9.307	3
9.413	3
9.614	3
9.728	3
9.792	3
10.013	3
10.289	3
10.297	3
10.298	3
10.324	3
10.561	3
10.6	3
10.754	3
10.823	3
10.836	3
10.897	3
11.16	3
11.248	3
11.265	3
11.508	3
11.738	3
11.829	3
11.882	3
12.081	3
12.096	3
12.385	3
12.485	3
12.667	3
13.205	3
13.327	3
13.369	3
13.465	3
13.616	3
13.644	3
13.707	3
13.751	3
13.79	3
13.913	3
13.971	3
14.313	3
14.428	3
14.504	3
14.524	3
14.545	3
14.62	3
14.671	3
14.805	3
15.084	3
15.77	3
16.707	3
16.752	3
17.208	3
17.305	3
17.362	3
17.812	3
18.08	3
18.085	3
18.429	3
18.855	3
18.929	3
18.99	3
19.702	3
20.503	3
20.506	3
23.868	3
24.058	3
24.109	3
24.361	3
24.643	3
24.646	3
24.678	3
25.018	3
25.349	3
26.863	3
34.936	3
47.151	3
0.0	1
0.0	1
0.0	1
0.001	1
0.002	1
0.002	1
0.002	1
0.003	1
0.003	1
0.003	1
0.004	1
0.004	1
0.004	1
0.005	1
0.007	1
0.007	1
0.008	1
0.008	1
0.008	1
0.008	1
0.008	1
0.009	1
0.009	1
0.01	1
0.01	1
0.011	1
0.011	1
0.011	1
0.011	1
0.012	1
0.012	1
0.012	1
0.013	1
0.013	1
0.013	1
0.013	1
0.014	1
0.015	1
0.015	1
0.017	1
0.019	1
0.027	1
0.035	1
0.043	1
0.052	1
0.054	1
0.068	1
0.069	1
0.076	1
0.085	1
0.094	1
0.115	1
0.119	1
0.123	1
0.128	1
0.132	1
0.133	1
0.134	1
0.137	1
0.14	1
0.147	1
0.148	1
0.151	1
0.152	1
0.154	1
0.154	1
0.162	1
0.169	1
0.171	1
0.174	1
0.176	1
0.176	1
0.18	1
0.181	1
0.183	1
0.186	1
0.186	1
0.187	1
0.192	1
0.196	1
0.199	1
0.199	1
0.201	1
0.201	1
0.207	1
0.215	1
0.217	1
0.219	1
0.227	1
0.227	1
0.23	1
0.233	1
0.236	1
0.236	1
0.238	1
0.239	1
0.239	1
0.239	1
0.244	1
0.247	1
0.251	1
0.251	1
0.262	1
0.263	1
0.263	1
0.266	1
0.267	1
0.268	1
0.276	1
0.276	1
0.281	1
0.286	1
0.287	1
0.293	1
0.295	1
0.296	1
0.3	1
0.306	1
0.31	1
0.32	1
0.332	1
0.333	1
0.335	1
0.34	1
0.341	1
0.343	1
0.355	1
0.356	1
0.356	1
0.377	1
0.38	1
0.38	1
0.386	1
0.387	1
0.387	1
0.392	1
0.394	1
0.397	1
0.401	1
0.403	2
0.403	2
0.405	2
0.408	2
0.418	2
0.426	2
0.428	2
0.429	2
0.439	2
0.446	2
0.447	2
0.448	2
0.449	2
0.453	2
0.458	2
0.465	2
0.465	2
0.47	2
0.473	2
0.478	2
0.478	2
0.483	2
0.488	2
0.49	2
0.492	2
0.492	2
0.496	2
0.5	2
0.514	2
0.514	2
0.516	2
0.519	2
0.521	2
0.521	2
0.525	2
0.529	2
0.531	2
0.535	2
0.536	2
0.541	2
0.541	2
0.544	2
0.545	2
0.549	2
0.551	2
0.552	2
0.552	2
0.553	2
0.556	2
0.558	2
0.559	2
0.56	2
0.561	2
0.561	2
0.562	2
0.565	2
0.569	2
0.571	2
0.573	2
0.577	2
0.579	2
0.589	2
0.592	2
0.597	2
0.598	2
0.599	2
0.599	2
0.601	2
0.604	2
0.606	2
0.608	2
0.609	2
0.615	2
0.616	2
0.617	2
0.618	2
0.621	2
0.625	2
0.633	2
0.634	2
0.639	2
0.644	2
0.65	2
0.652	2
0.652	2
0.658	2
0.662	2
0.67	2
0.672	2
0.675	2
0.675	2
0.676	2
0.678	2
0.678	2
0.678	3
0.679	3
0.686	3
0.689	3
0.691	3
0.695	3
0.707	3
0.708	3
0.709	3
0.723	3
0.724	3
0.728	3
0.735	3
0.735	3
0.741	3
0.748	3
0.752	3
0.753	3
0.756	3
0.762	3
0.767	3
0.768	3
0.77	3
0.776	3
0.778	3
0.786	3
0.791	3
0.803	3
0.803	3
0.805	3
0.816	3
0.828	3
0.83	3
0.83	3
0.834	3
0.841	3
0.841	3
0.843	3
0.843	3
0.846	3
0.851	3
0.866	3
0.869	3
0.875	3
0.878	3
0.888	3
0.891	3
0.903	3
0.907	3
0.918	3
0.921	3
0.922	3
0.928	3
0.94	3
0.943	3
0.951	3
0.97	3
0.982	3
1.005	4
1.009	4
1.013	4
1.034	4
1.039	4
1.052	4
1.056	4
1.061	4
1.066	4
1.078	4
1.08	4
1.091	4
1.128	4
1.146	4
1.167	4
1.171	4
1.231	4
1.289	4
1.395	4
1.398	4
1.403	4
1.405	4
1.429	4
1.569	4
1.667	4
1.726	4
1.795	4
2.041	4
2.081	4
2.081	4
2.191	4
2.2	4
2.342	4
2.342	4
2.583	4
2.607	4
2.677	4
2.7	4
2.711	4
2.794	4
2.891	4
3.045	4
3.243	4
3.261	4
3.323	4
3.484	4
3.669	4
3.685	4
3.697	3
3.932	3
3.934	3
4.103	3
4.327	3
4.343	3
4.397	3
4.579	3
4.686	3
4.698	3
4.737	3
4.747	3
5.041	3
5.045	3
5.076	3
5.45	3
5.473	3
5.512	3
5.541	3
5.553	3
5.643	3
5.68	3
5.783	3
5.917	3
6.011	3
6.052	3
6.088	3
6.144	3
6.148	3
6.211	3
6.248	3
6.356	3
6.431	3
6.491	3
6.736	3
6.801	3
6.831	3
6.837	3
6.886	3
6.907	3
6.927	3
6.944	3
6.994	3
7.053	3
7.095	3
7.118	3
7.168	3
7.195	3
7.273	3
7.412	3
7.446	3
7.577	3
7.589	3
7.659	3
7.787	3
7.824	3
7.826	3
7.918	3
8.093	3
8.109	3
8.122	3
8.244	3
8.259	3
8.403	3
8.627	3
8.733	3
9.257	3
9.307	3
9.413	3
9.614	3
9.728	3
9.792	3
10.013	3
10.289	3
10.297	3
10.298	3
10.324	3
10.561	3
10.6	3
10.754	3
10.823	3
10.836	3
10.897	3
11.16	3
11.248	3
11.265	3
11.508	3
11.738	3
11.829	3
11.882	3
12.081	3
12.096	3
12.385	3
12.485	3
12.667	3
13.205	3
13.327	3
13.369	3
13.465	3
13.616	3
13.644	3
13.707	3
13.751	3
13.79	3
13.913	3
13.971	3
14.313	3
14.428	3
14.504	3
14.524	3
14.545	3
14.62	3
14.671	3
14.805	3
15.084	3
15.77	3
16.707	3
16.752	3
17.208	3
17.305	3
17.362	3
17.812	3
18.08	3
18.085	3
18.429	3
18.855	3
18.929	3
18.99	3
19.702	3
20.503	3
20.506	3
23.868	3
24.058	3
24.109	3
24.361	3
24.643	3
24.646	3
24.678	3
25.018	3
25.349	3
26.863	3
34.936	3
47.151	3
0.0	1
0.0	1
0.001	1
0.002	1
0.002	1
0.002	1
0.003	1
0.003	1
0.003	1
0.004	1
0.004	1
0.004	1
0.005	1
0.007	1
0.007	1
0.008	1
0.008	1
0.008	1
0.008	1
0.008	1
0.009	1
0.009	1
0.01	1
0.01	1
0.011	1
0.011	1
0.011	1
0.011	1
0.012	1
0.012	1
0.012	1
0.013	1
0.013	1
0.013	1
0.013	1
0.014	1
0.015	1
0.015	1
0.017	1
0.019	1
0.027	1
0.035	1
0.043	1
0.052	1
0.054	1
0.068	1
0.069	1
0.076	1
0.085	1
0.094	1
0.115	1
0.119	1
0.123	1
0.128	1
0.132	1
0.133	1
0.134	1
0.137	1
0.14	1
0.147	1
0.148	1
0.151	1
0.152	1
0.154	1
0.154	1
0.162	1
0.169	1
0.171	1
0.174	1
0.176	1
0.176	1
0.18	1
0.181	1
0.183	1
0.186	1
0.186	1
0.187	1
0.192	1
0.196	1
0.199	1
0.199	1
0.201	1
0.201	1
0.207	1
0.215	1
0.217	1
0.219	1
0.227	1
0.227	1
0.23	1
0.233	1
0.236	1
0.236	1
0.238	1
0.239	1
0.239	1
0.239	1
0.244	1
0.247	1
0.251	1
0.251	1
0.262	1
0.263	1
0.263	1
0.266	1
0.267	1
0.268	1
0.276	1
0.276	1
0.281	1
0.286	1
0.287	2
0.293	2
0.295	2
0.296	2
0.3	2
0.306	2
0.31	2
0.32	2
0.332	2
0.333	2
0.335	2
0.34	2
0.341	2
0.343	2
0.355	2
0.356	2
0.356	2
0.377	2
0.38	2
0.38	2
0.386	2
0.387	2
0.387	2
0.392	2
0.394	2
0.397	2
0.401	2
0.403	2
0.403	2
0.405	2
0.408	2
0.418	2
0.426	2
0.428	2
0.429	2
0.439	2
0.446	2
0.447	2
0.448	2
0.449	2
0.453	2
0.458	2
0.465	2
0.465	3
0.47	3
0.473	3
0.478	3
0.478	3
0.483	3
0.488	3
0.49	3
0.492	3
0.492	3
0.496	3
0.5	3
0.514	3
0.514	3
0.516	3
0.519	3
0.521	3
0.521	3
0.525	3
0.529	3
0.531	3
0.535	3
0.536	3
0.541	3
0.541	3
0.544	3
0.545	3
0.549	3
0.551	3
0.552	3
0.552	3
0.553	3
0.556	3
0.558	3
0.559	3
0.56	3
0.561	3
0.561	3
0.562	3
0.565	3
0.569	3
0.571	3
0.573	3
0.577	3
0.579	3
0.589	3
0.592	3
0.597	3
0.598	3
0.599	3
0.599	3
0.601	3
0.604	3
0.606	3
0.608	3
0.609	3
0.615	3
0.616	3
0.617	3
0.618	3
0.621	3
0.625	3
0.633	3
0.634	3
0.639	3
0.644	3
0.65	3
0.652	3
0.652	3
0.658	3
0.662	3
0.67	3
0.672	3
0.675	3
0.675	3
0.676	3
0.678	3
0.678	3
0.678	3
0.679	3
0.686	3
0.689	3
0.691	3
0.695	3
0.707	3
0.708	3
0.709	3
0.723	3
0.724	3
0.728	3
0.735	3
0.735	3
0.741	3
0.748	3
0.752	3
0.753	3
0.756	4
0.762	4
0.767	4
0.768	4
0.77	4
0.776	4
0.778	4
0.786	4
0.791	4
0.803	4
0.803	4
0.805	4
0.816	4
0.828	4
0.83	4
0.83	4
0.834	4
0.841	4
0.841	4
0.843	4
0.843	4
0.846	4
0.851	4
0.866	4
0.869	5
0.875	5
0.878	5
0.888	5
0.891	5
0.903	5
0.907	5
0.918	5
0.921	5
0.922	5
0.928	5
0.94	5
0.943	5
0.951	5
0.97	6
0.982	6
1.005	6
1.009	6
1.013	6
1.034	6
1.039	6
1.052	6
1.056	6
1.061	6
1.066	6
1.078	6
1.08	6
1.091	6
1.128	6
1.146	6
1.167	6
1.171	6
1.231	6
1.289	6
1.395	6
1.398	6
1.403	6
1.405	6
1.429	6
1.569	6
1.667	6
1.726	6
1.795	6
2.041	6
2.081	6
2.081	6
2.191	6
2.2	6
2.342	6
2.342	6
2.583	6
2.607	6
2.677	6
2.7	6
2.711	6
2.794	6
2.891	6
3.045	6
3.243	6
3.261	6
3.323	6
3.484	6
3.669	6
3.685	6
3.697	6
3.932	6
3.934	6
4.103	6
4.327	6
4.343	6
4.397	6
4.579	6
4.686	6
4.698	5
4.737	5
4.747	5
5.041	5
5.045	5
5.076	5
5.45	5
5.473	5
5.512	5
5.541	5
5.553	5
5.643	5
5.68	5
5.783	5
5.917	5
6.011	5
6.052	4
6.088	4
6.144	4
6.148	4
6.211	4
6.248	4
6.356	4
6.431	4
6.491	4
6.736	4
6.801	4
6.831	4
6.837	4
6.886	4
6.907	4
6.927	4
6.944	4
6.994	4
7.053	4
7.095	4
7.118	4
7.168	4
7.195	4
7.273	4
7.412	4
7.446	4
7.577	4
7.589	4
7.659	4
7.787	4
7.824	4
7.826	4
7.918	4
8.093	4
8.109	4
8.122	4
8.244	4
8.259	4
8.403	4
8.627	4
8.733	4
9.257	4
9.307	4
9.413	4
9.614	4
9.728	4
9.792	4
10.013	4
10.289	4
10.297	4
10.298	4
10.324	4
10.561	4
10.6	4
10.754	4
10.823	3
10.836	3
10.897	3
11.16	3
11.248	3
11.265	3
11.508	3
11.738	3
11.829	3
11.882	3
12.081	3
12.096	3
12.385	3
12.485	3
12.667	3
13.205	3
13.327	3
13.369	3
13.465	3
13.616	3
13.644	3
13.707	3
13.751	3
13.79	3
13.913	3
13.971	3
14.313	3
14.428	3
14.504	3
14.524	3
14.545	3
14.62	3
14.671	3
14.805	3
15.084	3
15.77	3
16.707	3
16.752	3
17.208	3
17.305	3
17.362	3
17.812	3
18.08	3
18.085	3
18.429	3
18.855	3
18.929	3
18.99	3
19.702	3
20.503	3
20.506	3
23.868	3
24.058	3
24.109	3
24.361	3
24.643	3
24.646	3
24.678	3
25.018	3
25.349	3
26.863	3
34.936	3
47.151	3
0.0	1
0.001	1
0.002	1
0.002	1
0.002	1
0.003	1
0.003	1
0.003	1
0.004	1
0.004	1
0.004	1
0.005	1
0.007	1
0.007	1
0.008	1
0.008	1
0.008	1
0.008	1
0.008	1
0.009	1
0.009	1
0.01	1
0.01	1
0.011	1
0.011	1
0.011	1
0.011	1
0.012	1
0.012	1
0.012	1
0.013	1
0.013	1
0.013	1
0.013	1
0.014	1
0.015	1
0.015	1
0.017	1
0.019	1
0.027	1
0.035	1
0.043	1
0.052	1
0.054	1
0.068	1
0.069	1
0.076	1
0.085	1
0.094	1
0.115	2
0.119	2
0.123	2
0.128	2
0.132	2
0.133	2
0.134	2
0.137	2
0.14	2
0.147	2
0.148	2
0.151	2
0.152	2
0.154	2
0.154	2
0.162	2
0.169	2
0.171	2
0.174	2
0.176	2
0.176	2
0.18	2
0.181	2
0.183	2
0.186	2
0.186	2
0.187	2
0.192	2
0.196	2
0.199	2
0.199	2
0.201	2
0.201	2
0.207	2
0.215	2
0.217	2
0.219	2
0.227	2
0.227	2
0.23	2
0.233	2
0.236	2
0.236	2
0.238	2
0.239	2
0.239	2
0.239	2
0.244	2
0.247	2
0.251	2
0.251	2
0.262	2
0.263	2
0.263	2
0.266	2
0.267	2
0.268	2
0.276	2
0.276	2
0.281	2
0.286	2
0.287	2
0.293	2
0.295	2
0.296	2
0.3	2
0.306	2
0.31	2
0.32	2
0.332	2
0.333	2
0.335	2
0.34	2
0.341	2
0.343	2
0.355	2
0.356	2
0.356	2
0.377	2
0.38	3
0.38	3
0.386	3
0.387	3
0.387	3
0.392	3
0.394	3
0.397	3
0.401	3
0.403	3
0.403	3
0.405	3
0.408	3
0.418	3
0.426	3
0.428	3
0.429	3
0.439	3
0.446	3
0.447	3
0.448	3
0.449	3
0.453	3
0.458	3
0.465	3
0.465	3
0.47	3
0.473	3
0.478	3
0.478	3
0.483	3
0.488	3
0.49	3
0.492	3
0.492	3
0.496	3
0.5	3
0.514	3
0.514	3
0.516	3
0.519	3
0.521	3
0.521	3
0.525	3
0.529	3
0.531	3
0.535	3
0.536	3
0.541	3
0.541	3
0.544	3
0.545	3
0.549	3
0.551	3
0.552	3
0.552	3
0.553	3
0.556	3
0.558	3
0.559	3
0.56	3
0.561	3
0.561	3
0.562	3
0.565	3
0.569	3
0.571	3
0.573	3
0.577	3
0.579	3
0.589	3
0.592	3
0.597	3
0.598	3
0.599	4
0.599	4
0.601	4
0.604	4
0.606	4
0.608	4
0.609	4
0.615	4
0.616	4
0.617	4
0.618	4
0.621	4
0.625	4
0.633	4
0.634	4
0.639	4
0.644	4
0.65	4
0.652	4
0.652	4
0.658	4
0.662	4
0.67	4
0.672	4
0.675	4
0.675	4
0.676	4
0.678	4
0.678	4
0.678	4
0.679	4
0.686	4
0.689	4
0.691	4
0.695	4
0.707	4
0.708	4
0.709	4
0.723	4
0.724	5
0.728	5
0.735	5
0.735	5
0.741	5
0.748	5
0.752	5
0.753	5
0.756	5
0.762	5
0.767	5
0.768	5
0.77	5
0.776	5
0.778	5
0.786	5
0.791	5
0.803	5
0.803	5
0.805	5
0.816	5
0.828	5
0.83	5
0.83	5
0.834	5
0.841	5
0.841	5
0.843	5
0.843	5
0.846	5
0.851	5
0.866	5
0.869	5
0.875	5
0.878	5
0.888	5
0.891	5
0.903	5
0.907	5
0.918	5
0.921	5
0.922	5
0.928	5
0.94	5
0.943	5
0.951	5
0.97	5
0.982	5
1.005	5
1.009	5
1.013	5
1.034	5
1.039	5
1.052	5
1.056	5
1.061	5
1.066	5
1.078	5
1.08	5
1.091	5
1.128	5
1.146	5
1.167	5
1.171	5
1.231	5
1.289	5
1.395	5
1.398	5
1.403	5
1.405	5
1.429	5
1.569	4
1.667	4
1.726	4
1.795	4
2.041	4
2.081	4
2.081	4
2.191	4
2.2	4
2.342	4
2.342	4
2.583	4
2.607	4
2.677	4
2.7	4
2.711	4
2.794	4
2.891	4
3.045	4
3.243	4
3.261	4
3.323	4
3.484	4
3.669	4
3.685	4
3.697	4
3.932	4
3.934	4
4.103	4
4.327	4
4.343	4
4.397	4
4.579	4
4.686	4
4.698	4
4.737	4
4.747	4
5.041	4
5.045	4
5.076	4
5.45	4
5.473	4
5.512	4
5.541	4
5.553	4
5.643	4
5.68	4
5.783	4
5.917	4
6.011	4
6.052	4
6.088	4
6.144	4
6.148	4
6.211	4
6.248	4
6.356	4
6.431	4
6.491	3
6.736	3
6.801	3
6.831	3
6.837	3
6.886	3
6.907	3
6.927	3
6.944	3
6.994	3
7.053	3
7.095	3
7.118	3
7.168	3
7.195	3
7.273	3
7.412	3
7.446	3
7.577	3
7.589	3
7.659	3
7.787	3
7.824	3
7.826	3
7.918	3
8.093	3
8.109	3
8.122	3
8.244	3
8.259	3
8.403	3
8.627	3
8.733	3
9.257	3
9.307	3
9.413	3
9.614	3
9.728	3
9.792	3
10.013	3
10.289	3
10.297	3
10.298	3
10.324	3
10.561	3
10.6	3
10.754	3
10.823	3
10.836	3
10.897	3
11.16	3
11.248	3
11.265	3
11.508	3
11.738	3
11.829	3
11.882	3
12.081	3
12.096	3
12.385	3
12.485	3
12.667	3
13.205	3
13.327	3
13.369	3
13.465	3
13.616	3
13.644	3
13.707	3
13.751	3
13.79	3
13.913	3
13.971	3
14.313	3
14.428	3
14.504	3
14.524	3
14.545	3
14.62	3
14.671	3
14.805	3
15.084	3
15.77	3
16.707	3
16.752	3
17.208	3
17.305	3
17.362	3
17.812	3
18.08	3
18.085	3
18.429	3
18.855	3
18.929	3
18.99	3
19.702	3
20.503	3
20.506	3
23.868	3
24.058	3
24.109	3
24.361	3
24.643	3
24.646	3
24.678	3
25.018	3
25.349	3
26.863	3
34.936	3
47.151	3
0.0	1
0.001	1
0.001	1
0.001	1
0.002	1
0.002	1
0.002	1
0.003	1
0.003	1
0.003	1
0.004	1
0.006	1
0.006	1
0.007	1
0.007	1
0.007	1
0.007	1
0.007	1
0.008	1
0.008	1
0.009	1
0.009	1
0.01	1
0.01	1
0.01	1
0.01	1
0.011	1
0.011	1
0.011	1
0.012	1
0.012	1
0.012	1
0.012	1
0.013	1
0.014	1
0.014	1
0.016	1
0.018	1
0.026	1
0.034	1
0.042	1
0.051	1
0.053	1
0.067	1
0.068	1
0.075	1
0.084	1
0.093	1
0.114	1
0.118	1
0.122	1
0.127	1
0.131	1
0.132	1
0.133	1
0.136	1
0.139	1
0.146	2
0.147	2
0.15	2
0.151	2
0.153	2
0.153	2
0.161	2
0.168	2
0.17	2
0.173	2
0.175	2
0.175	2
0.179	2
0.18	2
0.182	2
0.185	2
0.185	2
0.186	2
0.191	2
0.195	2
0.198	2
0.198	2
0.2	2
0.2	3
0.206	3
0.214	3
0.216	3
0.218	4
0.226	4
0.226	4
0.229	4
0.232	4
0.235	4
0.235	4
0.237	4
0.238	4
0.238	4
0.238	4
0.243	4
0.246	4
0.25	4
0.25	4
0.261	5
0.262	5
0.262	5
0.265	5
0.266	5
0.267	5
0.275	5
0.275	5
0.28	5
0.285	5
0.286	5
0.292	5
0.294	5
0.295	5
0.299	5
0.305	5
0.309	5
0.319	5
0.331	5
0.332	5
0.334	5
0.339	5
0.34	5
0.342	5
0.354	5
0.355	5
0.355	5
0.376	5
0.379	5
0.379	5
0.385	5
0.386	5
0.386	5
0.391	5
0.393	5
0.396	5
0.4	5
0.402	5
0.402	5
0.404	5
0.407	5
0.417	5
0.425	5
0.427	5
0.428	5
0.438	5
0.445	5
0.446	5
0.447	5
0.448	5
0.452	5
0.457	5
0.464	5
0.464	5
0.469	5
0.472	5
0.477	5
0.477	5
0.482	5
0.487	5
0.489	5
0.491	5
0.491	5
0.495	5
0.499	5
0.513	5
0.513	5
0.515	5
0.518	5
0.52	5
0.52	5
0.524	5
0.528	5
0.53	5
0.534	5
0.535	5
0.54	5
0.54	5
0.543	5
0.544	5
0.548	5
0.55	5
0.551	5
0.551	5
0.552	5
0.555	5
0.557	5
0.558	5
0.559	5
0.56	5
0.56	5
0.561	5
0.564	5
0.568	5
0.57	5
0.572	5
0.576	5
0.578	5
0.588	5
0.591	5
0.596	5
0.597	5
0.598	5
0.598	5
0.6	5
0.603	5
0.605	5
0.607	5
0.608	5
0.614	5
0.615	5
0.616	5
0.617	5
0.62	5
0.624	5
0.632	5
0.633	5
0.638	5
0.643	5
0.649	5
0.651	5
0.651	5
0.657	5
0.661	5
0.669	5
0.671	5
0.674	5
0.674	5
0.675	5
0.677	5
0.677	5
0.677	5
0.678	5
0.685	5
0.688	5
0.69	5
0.694	5
0.706	5
0.707	5
0.708	5
0.722	5
0.723	5
0.727	5
0.734	5
0.734	5
0.74	5
0.747	5
0.751	5
0.752	5
0.755	5
0.761	5
0.766	5
0.767	5
0.769	5
0.775	5
0.777	5
0.785	5
0.79	5
0.802	5
0.802	5
0.804	5
0.815	5
0.827	5
0.829	5
0.829	5
0.833	5
0.84	5
0.84	5
0.842	5
0.842	5
0.845	5
0.85	5
0.865	5
0.868	5
0.874	5
0.877	5
0.887	5
0.89	5
0.902	5
0.906	5
0.917	5
0.92	5
0.921	5
0.927	5
0.939	5
0.942	5
0.95	5
0.969	5
0.981	5
1.004	5
1.008	5
1.012	5
1.033	5
1.038	5
1.051	5
1.055	5
1.06	5
1.065	5
1.077	5
1.079	5
1.09	5
1.127	5
1.145	5
1.166	5
1.17	5
1.23	5
1.288	5
1.394	5
1.397	5
1.402	5
1.404	5
1.428	5
1.568	5
1.666	5
1.725	5
1.794	5
2.04	5
2.08	5
2.08	5
2.19	5
2.199	5
2.341	5
2.341	5
2.582	5
2.606	5
2.676	5
2.699	5
2.71	5
2.793	5
2.89	5
3.044	5
3.242	5
3.26	5
3.322	5
3.483	5
3.668	5
3.684	5
3.696	5
3.931	5
3.933	5
4.102	5
4.326	5
4.342	5
4.396	5
4.578	5
4.685	5
4.697	5
4.736	5
4.746	5
5.04	5
5.044	5
5.075	5
5.449	5
5.472	5
5.511	5
5.54	5
5.552	5
5.642	5
5.679	5
5.782	5
5.916	5
6.01	5
6.051	5
6.087	5
6.143	5
6.147	5
6.21	5
6.247	5
6.355	4
6.43	4
6.49	4
6.735	4
6.8	4
6.83	4
6.836	4
6.885	4
6.906	4
6.926	4
6.943	4
6.993	4
7.052	4
7.094	4
7.117	4
7.167	4
7.194	4
7.272	4
7.411	4
7.445	4
7.576	4
7.588	4
7.658	4
7.786	4
7.823	4
7.825	4
7.917	4
8.092	4
8.108	4
8.121	4
8.243	4
8.258	4
8.402	4
8.626	4
8.732	4
9.256	4
9.306	4
9.412	4
9.613	4
9.727	4
9.791	4
10.012	4
10.288	4
10.296	4
10.297	4
10.323	4
10.56	4
10.599	4
10.753	4
10.822	4
10.835	4
10.896	4
11.159	4
11.247	4
11.264	4
11.507	4
11.737	4
11.828	4
11.881	4
12.08	4
12.095	4
12.384	4
12.484	4
12.666	4
13.204	4
13.326	4
13.368	4
13.464	4
13.615	3
13.643	3
13.706	3
13.75	3
13.789	3
13.912	3
13.97	3
14.312	3
14.427	3
14.503	3
14.523	3
14.544	3
14.619	3
14.67	3
14.804	3
15.083	3
15.769	3
16.706	3
16.751	3
17.207	3
17.304	3
17.361	3
17.811	3
18.079	3
18.084	3
18.428	3
18.854	3
18.928	3
18.989	3
19.701	3
20.502	3
20.505	3
23.867	3
24.057	3
24.108	3
24.36	3
24.642	3
24.645	3
24.677	3
25.017	3
25.348	3
26.862	3
34.935	3
47.15	3
0.0	1
0.0	1
0.0	1
0.001	1
0.001	1
0.001	1
0.002	1
0.002	1
0.002	1
0.003	1
0.005	1
0.005	1
0.006	1
0.006	1
0.006	1
0.006	1
0.006	1
0.007	1
0.007	1
0.008	1
0.008	1
0.009	1
0.009	1
0.009	1
0.009	1
0.01	1
0.01	1
0.01	1
0.011	1
0.011	1
0.011	1
0.011	1
0.012	1
0.013	1
0.013	1
0.015	1
0.017	1
0.025	1
0.033	1
0.041	1
0.05	1
0.052	1
0.066	1
0.067	1
0.074	1
0.083	1
0.092	1
0.113	1
0.117	1
0.121	1
0.126	1
0.13	1
0.131	1
0.132	1
0.135	1
0.138	1
0.145	1
0.146	1
0.149	1
0.15	1
0.152	1
0.152	1
0.16	1
0.167	1
0.169	1
0.172	1
0.174	1
0.174	1
0.178	1
0.179	1
0.181	1
0.184	1
0.184	1
0.185	1
0.19	1
0.194	1
0.197	1
0.197	1
0.199	1
0.199	1
0.205	1
0.213	1
0.215	1
0.217	1
0.225	1
0.225	1
0.228	1
0.231	1
0.234	1
0.234	1
0.236	1
0.237	1
0.237	1
0.237	1
0.242	1
0.245	1
0.249	1
0.249	1
0.26	1
0.261	1
0.261	1
0.264	1
0.265	1
0.266	1
0.274	1
0.274	1
0.279	1
0.284	1
0.285	1
0.291	1
0.293	1
0.294	1
0.298	1
0.304	1
0.308	1
0.318	1
0.33	1
0.331	1
0.333	1
0.338	1
0.339	1
0.341	1
0.353	1
0.354	2
0.354	2
0.375	2
0.378	2
0.378	2
0.384	2
0.385	2
0.385	2
0.39	2
0.392	2
0.395	2
0.399	2
0.401	2
0.401	2
0.403	2
0.406	2
0.416	2
0.424	2
0.426	2
0.427	2
0.437	2
0.444	2
0.445	2
0.446	2
0.447	2
0.451	2
0.456	2
0.463	2
0.463	2
0.468	2
0.471	2
0.476	2
0.476	2
0.481	3
0.486	3
0.488	3
0.49	3
0.49	3
0.494	3
0.498	3
0.512	3
0.512	3
0.514	3
0.517	3
0.519	3
0.519	3
0.523	3
0.527	3
0.529	3
0.533	3
0.534	3
0.539	3
0.539	3
0.542	3
0.543	3
0.547	3
0.549	4
0.55	4
0.55	4
0.551	4
0.554	5
0.556	5
0.557	5
0.558	5
0.559	5
0.559	5
0.56	5
0.563	5
0.567	5
0.569	5
0.571	5
0.575	5
0.577	5
0.587	5
0.59	6
0.595	6
0.596	6
0.597	6
0.597	6
0.599	6
0.602	7
0.604	7
0.606	7
0.607	7
0.613	7
0.614	7
0.615	7
0.616	7
0.619	7
0.623	7
0.631	7
0.632	7
0.637	7
0.642	7
0.648	7
0.65	7
0.65	7
0.656	7
0.66	7
0.668	7
0.67	7
0.673	7
0.673	7
0.674	7
0.676	7
0.676	7
0.676	7
0.677	7
0.684	7
0.687	7
0.689	7
0.693	7
0.705	7
0.706	7
0.707	7
0.721	7
0.722	7
0.726	7
0.733	7
0.733	7
0.739	7
0.746	7
0.75	7
0.751	7
0.754	7
0.76	7
0.765	7
0.766	7
0.768	7
0.774	7
0.776	7
0.784	7
0.789	7
0.801	7
0.801	7
0.803	7
0.814	7
0.826	7
0.828	7
0.828	7
0.832	7
0.839	7
0.839	7
0.841	7
0.841	7
0.844	7
0.849	7
0.864	7
0.867	7
0.873	7
0.876	7
0.886	7
0.889	7
0.901	7
0.905	7
0.916	7
0.919	7
0.92	7
0.926	7
0.938	7
0.941	7
0.949	7
0.968	7
0.98	7
1.003	7
1.007	7
1.011	7
1.032	7
1.037	7
1.05	7
1.054	7
1.059	7
1.064	7
1.076	7
1.078	7
1.089	7
1.126	7
1.144	7
1.165	7
1.169	7
1.229	7
1.287	7
1.393	7
1.396	7
1.401	7
1.403	7
1.427	7
1.567	7
1.665	7
1.724	7
1.793	7
2.039	7
2.079	7
2.079	7
2.189	7
2.198	7
2.34	7
2.34	7
2.581	7
2.605	7
2.675	7
2.698	7
2.709	7
2.792	7
2.889	7
3.043	7
3.241	7
3.259	7
3.321	7
3.482	7
3.667	7
3.683	6
3.695	6
3.93	6
3.932	6
4.101	6
4.325	6
4.341	6
4.395	6
4.577	6
4.684	6
4.696	6
4.735	6
4.745	6
5.039	6
5.043	5
5.074	5
5.448	5
5.471	5
5.51	5
5.539	5
5.551	5
5.641	5
5.678	5
5.781	5
5.915	5
6.009	5
6.05	5
6.086	5
6.142	5
6.146	5
6.209	5
6.246	5
6.354	5
6.429	5
6.489	5
6.734	5
6.799	5
6.829	5
6.835	5
6.884	5
6.905	5
6.925	5
6.942	5
6.992	5
7.051	5
7.093	5
7.116	5
7.166	5
7.193	5
7.271	5
7.41	5
7.444	5
7.575	5
7.587	5
7.657	5
7.785	5
7.822	5
7.824	5
7.916	5
8.091	5
8.107	5
8.12	5
8.242	5
8.257	5
8.401	5
8.625	5
8.731	5
9.255	5
9.305	5
9.411	5
9.612	5
9.726	5
9.79	5
10.011	5
10.287	5
10.295	5
10.296	5
10.322	5
10.559	5
10.598	5
10.752	5
10.821	5
10.834	5
10.895	5
11.158	5
11.246	5
11.263	5
11.506	4
11.736	4
11.827	4
11.88	4
12.079	4
12.094	4
12.383	4
12.483	4
12.665	4
13.203	4
13.325	4
13.367	4
13.463	4
13.614	4
13.642	4
13.705	4
13.749	4
13.788	4
13.911	4
13.969	4
14.311	4
14.426	3
14.502	3
14.522	3
14.543	3
14.618	3
14.669	3
14.803	3
15.082	3
15.768	3
16.705	3
16.75	3
17.206	3
17.303	3
17.36	3
17.81	3
18.078	3
18.083	3
18.427	3
18.853	3
18.927	3
18.988	3
19.7	3
20.501	3
20.504	3
23.866	3
24.056	3
24.107	3
24.359	3
24.641	3
24.644	3
24.676	3
25.016	3
25.347	3
26.861	3
34.934	3
47.149	3
0.0	1
0.0	1
0.001	1
0.001	1
0.001	1
0.002	1
0.002	1
0.002	1
0.003	1
0.005	1
0.005	1
0.006	1
0.006	1
0.006	1
0.006	1
0.006	1
0.007	1
0.007	1
0.008	1
0.008	1
0.009	1
0.009	1
0.009	1
0.009	1
0.01	1
0.01	1
0.01	1
0.011	1
0.011	1
0.011	1
0.011	1
0.012	1
0.013	1
0.013	1
0.015	1
0.017	1
0.025	1
0.033	1
0.041	1
0.05	1
0.052	1
0.066	1
0.067	1
0.074	1
0.083	1
0.092	1
0.113	1
0.117	1
0.121	1
0.126	1
0.13	1
0.131	1
0.132	1
0.135	1
0.138	1
0.145	1
0.146	1
0.149	1
0.15	1
0.152	1
0.152	1
0.16	1
0.167	1
0.169	1
0.172	1
0.174	1
0.174	1
0.178	1
0.179	1
0.181	1
0.184	1
0.184	1
0.185	1
0.19	1
0.194	1
0.197	2
0.197	2
0.199	2
0.199	2
0.205	2
0.213	3
0.215	3
0.217	3
0.225	3
0.225	3
0.228	3
0.231	3
0.234	3
0.234	3
0.236	3
0.237	3
0.237	3
0.237	3
0.242	3
0.245	3
0.249	3
0.249	3
0.26	3
0.261	3
0.261	4
0.264	4
0.265	4
0.266	4
0.274	4
0.274	4
0.279	4
0.284	4
0.285	4
0.291	4
0.293	4
0.294	4
0.298	4
0.304	4
0.308	4
0.318	4
0.33	4
0.331	4
0.333	4
0.338	4
0.339	4
0.341	4
0.353	4
0.354	4
0.354	4
0.375	4
0.378	4
0.378	4
0.384	4
0.385	4
0.385	4
0.39	4
0.392	4
0.395	4
0.399	4
0.401	4
0.401	4
0.403	4
0.406	4
0.416	4
0.424	4
0.426	4
0.427	4
0.437	4
0.444	4
0.445	4
0.446	4
0.447	4
0.451	4
0.456	4
0.463	4
0.463	4
0.468	4
0.471	4
0.476	4
0.476	4
0.481	4
0.486	4
0.488	4
0.49	4
0.49	4
0.494	4
0.498	4
0.512	4
0.512	4
0.514	4
0.517	4
0.519	4
0.519	4
0.523	4
0.527	4
0.529	4
0.533	4
0.534	4
0.539	4
0.539	4
0.542	4
0.543	4
0.547	4
0.549	4
0.55	4
0.55	4
0.551	4
0.554	4
0.556	4
0.557	4
0.558	4
0.559	4
0.559	4
0.56	4
0.563	4
0.567	4
0.569	4
0.571	4
0.575	4
0.577	4
0.587	4
0.59	4
0.595	4
0.596	4
0.597	4
0.597	4
0.599	4
0.602	4
0.604	4
0.606	4
0.607	4
0.613	4
0.614	4
0.615	4
0.616	4
0.619	4
0.623	4
0.631	4
0.632	4
0.637	4
0.642	4
0.648	4
0.65	4
0.65	4
0.656	4
0.66	4
0.668	4
0.67	4
0.673	4
0.673	4
0.674	4
0.676	4
0.676	4
0.676	4
0.677	4
0.684	4
0.687	4
0.689	4
0.693	4
0.705	4
0.706	4
0.707	4
0.721	4
0.722	4
0.726	4
0.733	4
0.733	4
0.739	4
0.746	4
0.75	4
0.751	5
0.754	5
0.76	5
0.765	5
0.766	5
0.768	5
0.774	5
0.776	5
0.784	5
0.789	5
0.801	5
0.801	5
0.803	5
0.814	5
0.826	5
0.828	5
0.828	5
0.832	5
0.839	5
0.839	5
0.841	5
0.841	5
0.844	5
0.849	5
0.864	5
0.867	5
0.873	5
0.876	5
0.886	5
0.889	5
0.901	5
0.905	5
0.916	5
0.919	5
0.92	5
0.926	5
0.938	5
0.941	5
0.949	5
0.968	5
0.98	5
1.003	5
1.007	5
1.011	5
1.032	5
1.037	5
1.05	5
1.054	5
1.059	5
1.064	5
1.076	5
1.078	5
1.089	5
1.126	5
1.144	5
1.165	5
1.169	5
1.229	5
1.287	5
1.393	5
1.396	5
1.401	5
1.403	5
1.427	5
1.567	5
1.665	5
1.724	5
1.793	5
2.039	5
2.079	5
2.079	5
2.189	5
2.198	5
2.34	5
2.34	5
2.581	5
2.605	5
2.675	5
2.698	5
2.709	5
2.792	5
2.889	5
3.043	5
3.241	5
3.259	5
3.321	5
3.482	5
3.667	5
3.683	5
3.695	5
3.93	5
3.932	5
4.101	5
4.325	5
4.341	5
4.395	5
4.577	5
4.684	5
4.696	5
4.735	5
4.745	5
5.039	5
5.043	5
5.074	5
5.448	5
5.471	5
5.51	5
5.539	5
5.551	5
5.641	5
5.678	5
5.781	5
5.915	4
6.009	4
6.05	4
6.086	4
6.142	4
6.146	4
6.209	4
6.246	4
6.354	4
6.429	4
6.489	4
6.734	4
6.799	4
6.829	4
6.835	4
6.884	4
6.905	4
6.925	4
6.942	4
6.992	4
7.051	4
7.093	4
7.116	4
7.166	4
7.193	4
7.271	4
7.41	4
7.444	4
7.575	4
7.587	4
7.657	4
7.785	4
7.822	4
7.824	3
7.916	3
8.091	3
8.107	3
8.12	3
8.242	3
8.257	3
8.401	3
8.625	3
8.731	3
9.255	3
9.305	3
9.411	3
9.612	3
9.726	3
9.79	3
10.011	3
10.287	3
10.295	3
10.296	3
10.322	3
10.559	3
10.598	3
10.752	3
10.821	3
10.834	3
10.895	3
11.158	3
11.246	3
11.263	3
11.506	3
11.736	3
11.827	3
11.88	3
12.079	3
12.094	3
12.383	3
12.483	3
12.665	3
13.203	3
13.325	3
13.367	3
13.463	3
13.614	3
13.642	3
13.705	3
13.749	3
13.788	3
13.911	3
13.969	3
14.311	3
14.426	3
14.502	3
14.522	3
14.543	3
14.618	3
14.669	3
14.803	3
15.082	3
15.768	3
16.705	3
16.75	3
17.206	3
17.303	3
17.36	3
17.81	3
18.078	3
18.083	3
18.427	3
18.853	3
18.927	3
18.988	3
19.7	3
20.501	3
20.504	3
23.866	3
24.056	3
24.107	3
24.359	3
24.641	3
24.644	3
24.676	3
25.016	3
25.347	3
26.861	3
34.934	3
47.149	3
0.0	1
0.0	1
0.0	1
0.001	1
0.001	1
0.001	1
0.002	1
0.004	1
0.004	1
0.005	1
0.005	1
0.005	1
0.005	1
0.005	1
0.006	1
0.006	1
0.007	1
0.007	1
0.008	1
0.008	1
0.008	1
0.008	1
0.009	1
0.009	1
0.009	1
0.01	1
0.01	1
0.01	1
0.01	1
0.011	1
0.012	1
0.012	1
0.014	1
0.016	1
0.024	1
0.032	1
0.04	1
0.049	1
0.051	1
0.065	1
0.066	1
0.073	1
0.082	1
0.091	1
0.112	1
0.116	1
0.12	1
0.125	1
0.129	1
0.13	1
0.131	1
0.134	1
0.137	1
0.144	1
0.145	1
0.148	1
0.149	1
0.151	1
0.151	1
0.159	1
0.166	1
0.168	1
0.171	1
0.173	1
0.173	1
0.177	1
0.178	1
0.18	1
0.183	1
0.183	1
0.184	1
0.189	1
0.193	1
0.196	1
0.196	1
0.198	1
0.198	1
0.204	1
0.212	1
0.214	1
0.216	1
0.224	2
0.224	2
0.227	2
0.23	2
0.233	2
0.233	2
0.235	2
0.236	2
0.236	2
0.236	2
0.241	2
0.244	2
0.248	2
0.248	2
0.259	2
0.26	2
0.26	2
0.263	2
0.264	2
0.265	2
0.273	2
0.273	2
0.278	2
0.283	2
0.284	2
0.29	2
0.292	2
0.293	2
0.297	2
0.303	2
0.307	2
0.317	2
0.329	2
0.33	2
0.332	2
0.337	2
0.338	2
0.34	2
0.352	2
0.353	2
0.353	2
0.374	2
0.377	2
0.377	2
0.383	2
0.384	2
0.384	2
0.389	2
0.391	2
0.394	2
0.398	2
0.4	2
0.4	2
0.402	2
0.405	2
0.415	2
0.423	2
0.425	2
0.426	2
0.436	2
0.443	2
0.444	2
0.445	3
0.446	3
0.45	3
0.455	3
0.462	3
0.462	3
0.467	3
0.47	3
0.475	3
0.475	3
0.48	3
0.485	3
0.487	3
0.489	3
0.489	3
0.493	3
0.497	3
0.511	3
0.511	3
0.513	3
0.516	3
0.518	3
0.518	3
0.522	3
0.526	3
0.528	3
0.532	3
0.533	3
0.538	3
0.538	3
0.541	3
0.542	3
0.546	3
0.548	3
0.549	3
0.549	3
0.55	3
0.553	3
0.555	3
0.556	3
0.557	3
0.558	3
0.558	3
0.559	3
0.562	3
0.566	3
0.568	3
0.57	3
0.574	3
0.576	3
0.586	3
0.589	3
0.594	3
0.595	3
0.596	3
0.596	3
0.598	3
0.601	3
0.603	3
0.605	3
0.606	3
0.612	3
0.613	3
0.614	3
0.615	3
0.618	3
0.622	3
0.63	3
0.631	3
0.636	3
0.641	3
0.647	3
0.649	3
0.649	3
0.655	3
0.659	3
0.667	3
0.669	3
0.672	3
0.672	3
0.673	3
0.675	3
0.675	3
0.675	3
0.676	3
0.683	3
0.686	3
0.688	3
0.692	3
0.704	3
0.705	3
0.706	3
0.72	3
0.721	3
0.725	3
0.732	3
0.732	3
0.738	3
0.745	3
0.749	3
0.75	3
0.753	3
0.759	3
0.764	3
0.765	3
0.767	3
0.773	3
0.775	3
0.783	3
0.788	3
0.8	3
0.8	3
0.802	3
0.813	3
0.825	3
0.827	3
0.827	3
0.831	3
0.838	3
0.838	3
0.84	3
0.84	3
0.843	3
0.848	3
0.863	3
0.866	3
0.872	3
0.875	3
0.885	3
0.888	3
0.9	3
0.904	3
0.915	3
0.918	3
0.919	3
0.925	3
0.937	3
0.94	3
0.948	3
0.967	3
0.979	3
1.002	3
1.006	3
1.01	3
1.031	3
1.036	3
1.049	3
1.053	3
1.058	3
1.063	3
1.075	3
1.077	3
1.088	3
1.125	3
1.143	3
1.164	3
1.168	3
1.228	3
1.286	3
1.392	3
1.395	3
1.4	3
1.402	3
1.426	3
1.566	3
1.664	3
1.723	3
1.792	3
2.038	3
2.078	3
2.078	3
2.188	3
2.197	3
2.339	3
2.339	3
2.58	3
2.604	3
2.674	3
2.697	3
2.708	3
2.791	3
2.888	3
3.042	3
3.24	3
3.258	3
3.32	3
3.481	3
3.666	3
3.682	3
3.694	3
3.929	3
3.931	3
4.1	3
4.324	3
4.34	3
4.394	3
4.576	3
4.683	3
4.695	3
4.734	3
4.744	3
5.038	3
5.042	3
5.073	3
5.447	3
5.47	3
5.509	3
5.538	3
5.55	3
5.64	3
5.677	3
5.78	3
5.914	3
6.008	3
6.049	3
6.085	3
6.141	3
6.145	3
6.208	3
6.245	3
6.353	3
6.428	3
6.488	3
6.733	3
6.798	3
6.828	3
6.834	3
6.883	3
6.904	3
6.924	3
6.941	3
6.991	3
7.05	3
7.092	3
7.115	3
7.165	3
7.192	3
7.27	3
7.409	3
7.443	3
7.574	3
7.586	3
7.656	3
7.784	3
7.821	3
7.823	3
7.915	3
8.09	3
8.106	3
8.119	3
8.241	3
8.256	3
8.4	3
8.624	3
8.73	3
9.254	3
9.304	3
9.41	3
9.611	3
9.725	3
9.789	3
10.01	3
10.286	3
10.294	3
10.295	3
10.321	3
10.558	3
10.597	3
10.751	3
10.82	3
10.833	3
10.894	3
11.157	3
11.245	3
11.262	3
11.505	3
11.735	3
11.826	3
11.879	3
12.078	3
12.093	3
12.382	3
12.482	3
12.664	3
13.202	3
13.324	3
13.366	3
13.462	3
13.613	3
13.641	3
13.704	3
13.748	3
13.787	3
13.91	3
13.968	3
14.31	3
14.425	3
14.501	3
14.521	3
14.542	3
14.617	3
14.668	3
14.802	3
15.081	3
15.767	3
16.704	3
16.749	3
17.205	3
17.302	3
17.359	3
17.809	3
18.077	3
18.082	3
18.426	3
18.852	3
18.926	3
18.987	3
19.699	3
20.5	3
20.503	3
23.865	3
24.055	3
24.106	3
24.358	3
24.64	3
24.643	3
24.675	3
25.015	3
25.346	3
26.86	3
34.933	3
47.148	3
0.0	1
0.0	1
0.001	1
0.001	1
0.001	1
0.002	1
0.004	1
0.004	1
0.005	1
0.005	1
0.005	1
0.005	1
0.005	1
0.006	1
0.006	1
0.007	1
0.007	1
0.008	1
0.008	1
0.008	1
0.008	1
0.009	1
0.009	1
0.009	1
0.01	1
0.01	1
0.01	1
0.01	1
0.011	1
0.012	1
0.012	1
0.014	1
0.016	2
0.024	2
0.032	2
0.04	2
0.049	2
0.051	2
0.065	2
0.066	2
0.073	2
0.082	2
0.091	2
0.112	2
0.116	2
0.12	2
0.125	2
0.129	2
0.13	2
0.131	2
0.134	2
0.137	2
0.144	2
0.145	2
0.148	2
0.149	2
0.151	2
0.151	2
0.159	2
0.166	2
0.168	2
0.171	2
0.173	2
0.173	2
0.177	2
0.178	2
0.18	2
0.183	2
0.183	2
0.184	2
0.189	2
0.193	2
0.196	2
0.196	2
0.198	2
0.198	2
0.204	2
0.212	2
0.214	2
0.216	2
0.224	2
0.224	2
0.227	2
0.23	2
0.233	2
0.233	2
0.235	2
0.236	2
0.236	2
0.236	2
0.241	2
0.244	2
0.248	2
0.248	2
0.259	2
0.26	2
0.26	2
0.263	2
0.264	2
0.265	2
0.273	2
0.273	2
0.278	2
0.283	2
0.284	2
0.29	2
0.292	2
0.293	2
0.297	2
0.303	2
0.307	2
0.317	2
0.329	2
0.33	2
0.332	2
0.337	2
0.338	2
0.34	2
0.352	2
0.353	2
0.353	2
0.374	2
0.377	2
0.377	2
0.383	2
0.384	2
0.384	2
0.389	2
0.391	2
0.394	2
0.398	2
0.4	2
0.4	2
0.402	2
0.405	2
0.415	2
0.423	2
0.425	2
0.426	2
0.436	2
0.443	2
0.444	2
0.445	2
0.446	2
0.45	2
0.455	2
0.462	2
0.462	2
0.467	2
0.47	2
0.475	2
0.475	2
0.48	2
0.485	2
0.487	2
0.489	2
0.489	2
0.493	2
0.497	2
0.511	2
0.511	2
0.513	2
0.516	2
0.518	2
0.518	2
0.522	2
0.526	2
0.528	2
0.532	2
0.533	2
0.538	2
0.538	2
0.541	2
0.542	2
0.546	2
0.548	2
0.549	2
0.549	2
0.55	2
0.553	2
0.555	2
0.556	2
0.557	2
0.558	2
0.558	2
0.559	2
0.562	2
0.566	2
0.568	2
0.57	2
0.574	2
0.576	2
0.586	2
0.589	2
0.594	2
0.595	2
0.596	2
0.596	2
0.598	2
0.601	2
0.603	2
0.605	2
0.606	2
0.612	2
0.613	2
0.614	2
0.615	2
0.618	2
0.622	2
0.63	2
0.631	2
0.636	2
0.641	2
0.647	2
0.649	3
0.649	3
0.655	3
0.659	3
0.667	3
0.669	3
0.672	3
0.672	3
0.673	3
0.675	3
0.675	3
0.675	3
0.676	3
0.683	3
0.686	3
0.688	3
0.692	3
0.704	3
0.705	3
0.706	3
0.72	3
0.721	3
0.725	3
0.732	3
0.732	3
0.738	3
0.745	3
0.749	3
0.75	3
0.753	3
0.759	3
0.764	3
0.765	3
0.767	3
0.773	3
0.775	3
0.783	3
0.788	3
0.8	3
0.8	3
0.802	3
0.813	3
0.825	3
0.827	3
0.827	3
0.831	3
0.838	4
0.838	4
0.84	4
0.84	4
0.843	4
0.848	4
0.863	4
0.866	4
0.872	4
0.875	4
0.885	4
0.888	4
0.9	4
0.904	4
0.915	5
0.918	6
0.919	6
0.925	6
0.937	6
0.94	6
0.948	6
0.967	6
0.979	6
1.002	6
1.006	6
1.01	6
1.031	6
1.036	6
1.049	6
1.053	6
1.058	6
1.063	6
1.075	6
1.077	6
1.088	6
1.125	6
1.143	6
1.164	6
1.168	6
1.228	6
1.286	6
1.392	6
1.395	6
1.4	6
1.402	6
1.426	6
1.566	6
1.664	6
1.723	6
1.792	6
2.038	6
2.078	6
2.078	6
2.188	6
2.197	6
2.339	6
2.339	6
2.58	6
2.604	6
2.674	6
2.697	6
2.708	6
2.791	6
2.888	6
3.042	6
3.24	6
3.258	6
3.32	5
3.481	5
3.666	5
3.682	5
3.694	5
3.929	5
3.931	5
4.1	4
4.324	4
4.34	4
4.394	4
4.576	4
4.683	4
4.695	4
4.734	4
4.744	4
5.038	4
5.042	4
5.073	4
5.447	4
5.47	4
5.509	4
5.538	4
5.55	4
5.64	4
5.677	4
5.78	4
5.914	4
6.008	4
6.049	4
6.085	4
6.141	4
6.145	4
6.208	4
6.245	4
6.353	4
6.428	4
6.488	4
6.733	4
6.798	4
6.828	4
6.834	4
6.883	4
6.904	4
6.924	4
6.941	4
6.991	4
7.05	4
7.092	4
7.115	3
7.165	3
7.192	3
7.27	3
7.409	3
7.443	3
7.574	3
7.586	3
7.656	3
7.784	3
7.821	3
7.823	3
7.915	3
8.09	3
8.106	3
8.119	3
8.241	3
8.256	3
8.4	3
8.624	3
8.73	3
9.254	3
9.304	3
9.41	3
9.611	3
9.725	3
9.789	3
10.01	3
10.286	3
10.294	3
10.295	3
10.321	3
10.558	3
10.597	3
10.751	3
10.82	3
10.833	3
10.894	3
11.157	3
11.245	3
11.262	3
11.505	3
11.735	3
11.826	3
11.879	3
12.078	3
12.093	3
12.382	3
12.482	3
12.664	3
13.202	3
13.324	3
13.366	3
13.462	3
13.613	3
13.641	3
13.704	3
13.748	3
13.787	3
13.91	3
13.968	3
14.31	3
14.425	3
14.501	3
14.521	3
14.542	3
14.617	3
14.668	3
14.802	3
15.081	3
15.767	3
16.704	3
16.749	3
17.205	3
17.302	3
17.359	3
17.809	3
18.077	3
18.082	3
18.426	3
18.852	3
18.926	3
18.987	3
19.699	3
20.5	3
20.503	3
23.865	3
24.055	3
24.106	3
24.358	3
24.64	3
24.643	3
24.675	3
25.015	3
25.346	3
26.86	3
34.933	3
47.148	3
0.0	1
0.001	1
0.001	1
0.001	1
0.002	1
0.004	1
0.004	1
0.005	1
0.005	1
0.005	1
0.005	1
0.005	1
0.006	1
0.006	1
0.007	1
0.007	1
0.008	1
0.008	1
0.008	1
0.008	1
0.009	1
0.009	1
0.009	1
0.01	1
0.01	1
0.01	1
0.01	1
0.011	1
0.012	1
0.012	1
0.014	1
0.016	1
0.024	1
0.032	1
0.04	1
0.049	1
0.051	1
0.065	1
0.066	1
0.073	1
0.082	1
0.091	1
0.112	1
0.116	1
0.12	1
0.125	1
0.129	1
0.13	1
0.131	1
0.134	1
0.137	1
0.144	1
0.145	1
0.148	1
0.149	1
0.151	1
0.151	1
0.159	1
0.166	1
0.168	1
0.171	1
0.173	1
0.173	1
0.177	2
0.178	2
0.18	2
0.183	2
0.183	2
0.184	2
0.189	2
0.193	2
0.196	2
0.196	2
0.198	2
0.198	2
0.204	2
0.212	2
0.214	2
0.216	2
0.224	2
0.224	2
0.227	2
0.23	2
0.233	2
0.233	2
0.235	2
0.236	2
0.236	2
0.236	2
0.241	2
0.244	2
0.248	2
0.248	2
0.259	2
0.26	2
0.26	2
0.263	2
0.264	2
0.265	2
0.273	2
0.273	2
0.278	2
0.283	2
0.284	2
0.29	2
0.292	2
0.293	3
0.297	3
0.303	3
0.307	3
0.317	3
0.329	3
0.33	3
0.332	3
0.337	3
0.338	3
0.34	3
0.352	3
0.353	3
0.353	3
0.374	3
0.377	3
0.377	3
0.383	3
0.384	3
0.384	3
0.389	3
0.391	3
0.394	3
0.398	3
0.4	3
0.4	3
0.402	3
0.405	3
0.415	3
0.423	3
0.425	3
0.426	3
0.436	3
0.443	3
0.444	3
0.445	3
0.446	3
0.45	3
0.455	3
0.462	3
0.462	3
0.467	3
0.47	3
0.475	3
0.475	3
0.48	3
0.485	3
0.487	3
0.489	3
0.489	3
0.493	3
0.497	3
0.511	3
0.511	3
0.513	3
0.516	3
0.518	3
0.518	3
0.522	3
0.526	3
0.528	3
0.532	3
0.533	3
0.538	3
0.538	3
0.541	3
0.542	3
0.546	3
0.548	3
0.549	3
0.549	3
0.55	4
0.553	4
0.555	4
0.556	4
0.557	4
0.558	4
0.558	4
0.559	4
0.562	4
0.566	4
0.568	4
0.57	4
0.574	4
0.576	4
0.586	4
0.589	4
0.594	4
0.595	4
0.596	4
0.596	4
0.598	4
0.601	4
0.603	4
0.605	4
0.606	4
0.612	4
0.613	4
0.614	4
0.615	4
0.618	4
0.622	4
0.63	4
0.631	4
0.636	4
0.641	4
0.647	4
0.649	4
0.649	4
0.655	4
0.659	4
0.667	4
0.669	4
0.672	4
0.672	4
0.673	4
0.675	4
0.675	4
0.675	4
0.676	4
0.683	4
0.686	4
0.688	4
0.692	4
0.704	4
0.705	4
0.706	4
0.72	4
0.721	4
0.725	4
0.732	4
0.732	4
0.738	4
0.745	4
0.749	4
0.75	4
0.753	4
0.759	4
0.764	4
0.765	4
0.767	4
0.773	4
0.775	4
0.783	4
0.788	4
0.8	4
0.8	4
0.802	4
0.813	4
0.825	4
0.827	4
0.827	4
0.831	4
0.838	4
0.838	4
0.84	4
0.84	4
0.843	4
0.848	4
0.863	4
0.866	4
0.872	4
0.875	4
0.885	4
0.888	4
0.9	4
0.904	4
0.915	4
0.918	4
0.919	4
0.925	4
0.937	4
0.94	4
0.948	4
0.967	4
0.979	4
1.002	4
1.006	4
1.01	4
1.031	4
1.036	4
1.049	4
1.053	4
1.058	4
1.063	4
1.075	4
1.077	4
1.088	4
1.125	4
1.143	4
1.164	4
1.168	4
1.228	4
1.286	4
1.392	4
1.395	4
1.4	4
1.402	4
1.426	4
1.566	4
1.664	4
1.723	4
1.792	4
2.038	4
2.078	4
2.078	4
2.188	4
2.197	4
2.339	4
2.339	4
2.58	4
2.604	4
2.674	4
2.697	4
2.708	4
2.791	4
2.888	4
3.042	4
3.24	4
3.258	4
3.32	4
3.481	4
3.666	4
3.682	4
3.694	4
3.929	4
3.931	4
4.1	4
4.324	4
4.34	4
4.394	4
4.576	4
4.683	4
4.695	4
4.734	4
4.744	4
5.038	4
5.042	4
5.073	4
5.447	4
5.47	4
5.509	4
5.538	4
5.55	4
5.64	4
5.677	4
5.78	3
5.914	3
6.008	3
6.049	3
6.085	3
6.141	3
6.145	3
6.208	3
6.245	3
6.353	3
6.428	3
6.488	3
6.733	3
6.798	3
6.828	3
6.834	3
6.883	3
6.904	3
6.924	3
6.941	3
6.991	3
7.05	3
7.092	3
7.115	3
7.165	3
7.192	3
7.27	3
7.409	3
7.443	3
7.574	3
7.586	3
7.656	3
7.784	3
7.821	3
7.823	3
7.915	3
8.09	3
8.106	3
8.119	3
8.241	3
8.256	3
8.4	3
8.624	3
8.73	3
9.254	3
9.304	3
9.41	3
9.611	3
9.725	3
9.789	3
10.01	3
10.286	3
10.294	3
10.295	3
10.321	3
10.558	3
10.597	3
10.751	3
10.82	3
10.833	3
10.894	3
11.157	3
11.245	3
11.262	3
11.505	3
11.735	3
11.826	3
11.879	3
12.078	3
12.093	3
12.382	3
12.482	3
12.664	3
13.202	3
13.324	3
13.366	3
13.462	3
13.613	3
13.641	3
13.704	3
13.748	3
13.787	3
13.91	3
13.968	3
14.31	3
14.425	3
14.501	3
14.521	3
14.542	3
14.617	3
14.668	3
14.802	3
15.081	3
15.767	3
16.704	3
16.749	3
17.205	3
17.302	3
17.359	3
17.809	3
18.077	3
18.082	3
18.426	3
18.852	3
18.926	3
18.987	3
19.699	3
20.5	3
20.503	3
23.865	3
24.055	3
24.106	3
24.358	3
24.64	3
24.643	3
24.675	3
25.015	3
25.346	3
26.86	3
34.933	3
47.148	3
0.0	1
0.0	1
0.0	1
0.001	1
0.003	1
0.003	1
0.004	1
0.004	1
0.004	1
0.004	1
0.004	1
0.005	1
0.005	1
0.006	1
0.006	1
0.007	1
0.007	1
0.007	1
0.007	1
0.008	1
0.008	1
0.008	1
0.009	1
0.009	1
0.009	1
0.009	1
0.01	1
0.011	1
0.011	1
0.013	1
0.015	1
0.023	1
0.031	1
0.039	1
0.048	1
0.05	1
0.064	1
0.065	1
0.072	1
0.081	1
0.09	1
0.111	1
0.115	1
0.119	1
0.124	1
0.128	1
0.129	1
0.13	1
0.133	1
0.136	1
0.143	1
0.144	1
0.147	1
0.148	1
0.15	1
0.15	1
0.158	1
0.165	1
0.167	1
0.17	1
0.172	1
0.172	1
0.176	1
0.177	1
0.179	1
0.182	1
0.182	1
0.183	1
0.188	1
0.192	1
0.195	1
0.195	1
0.197	1
0.197	1
0.203	1
0.211	1
0.213	1
0.215	1
0.223	1
0.223	1
0.226	1
0.229	1
0.232	2
0.232	2
0.234	2
0.235	2
0.235	2
0.235	2
0.24	2
0.243	2
0.247	2
0.247	2
0.258	2
0.259	2
0.259	2
0.262	2
0.263	2
0.264	2
0.272	2
0.272	2
0.277	2
0.282	2
0.283	2
0.289	2
0.291	2
0.292	2
0.296	2
0.302	2
0.306	2
0.316	2
0.328	2
0.329	2
0.331	2
0.336	2
0.337	2
0.339	2
0.351	2
0.352	2
0.352	2
0.373	2
0.376	2
0.376	2
0.382	2
0.383	2
0.383	2
0.388	2
0.39	2
0.393	2
0.397	2
0.399	2
0.399	2
0.401	2
0.404	2
0.414	2
0.422	2
0.424	2
0.425	2
0.435	2
0.442	2
0.443	2
0.444	2
0.445	2
0.449	2
0.454	2
0.461	2
0.461	2
0.466	2
0.469	2
0.474	2
0.474	2
0.479	2
0.484	2
0.486	2
0.488	2
0.488	2
0.492	2
0.496	2
0.51	2
0.51	2
0.512	2
0.515	2
0.517	2
0.517	3
0.521	3
0.525	3
0.527	3
0.531	3
0.532	3
0.537	3
0.537	3
0.54	3
0.541	3
0.545	3
0.547	3
0.548	3
0.548	3
0.549	3
0.552	3
0.554	3
0.555	3
0.556	3
0.557	3
0.557	3
0.558	3
0.561	3
0.565	3
0.567	3
0.569	3
0.573	3
0.575	4
0.585	4
0.588	4
0.593	5
0.594	5
0.595	5
0.595	6
0.597	6
0.6	6
0.602	7
0.604	7
0.605	7
0.611	7
0.612	7
0.613	7
0.614	7
0.617	7
0.621	8
0.629	8
0.63	8
0.635	8
0.64	8
0.646	8
0.648	8
0.648	8
0.654	8
0.658	8
0.666	8
0.668	8
0.671	8
0.671	8
0.672	8
0.674	8
0.674	8
0.674	8
0.675	8
0.682	8
0.685	8
0.687	8
0.691	8
0.703	8
0.704	8
0.705	8
0.719	8
0.72	8
0.724	8
0.731	8
0.731	8
0.737	8
0.744	8
0.748	8
0.749	8
0.752	8
0.758	8
0.763	8
0.764	8
0.766	8
0.772	8
0.774	8
0.782	8
0.787	8
0.799	8
0.799	8
0.801	8
0.812	8
0.824	8
0.826	8
0.826	8
0.83	8
0.837	8
0.837	8
0.839	8
0.839	8
0.842	8
0.847	8
0.862	8
0.865	8
0.871	8
0.874	8
0.884	8
0.887	8
0.899	8
0.903	8
0.914	8
0.917	8
0.918	8
0.924	8
0.936	8
0.939	8
0.947	8
0.966	8
0.978	8
1.001	8
1.005	8
1.009	8
1.03	8
1.035	8
1.048	8
1.052	8
1.057	8
1.062	8
1.074	8
1.076	8
1.087	8
1.124	8
1.142	8
1.163	8
1.167	8
1.227	8
1.285	8
1.391	8
1.394	8
1.399	8
1.401	8
1.425	8
1.565	8
1.663	8
1.722	8
1.791	8
2.037	8
2.077	8
2.077	8
2.187	8
2.196	8
2.338	8
2.338	8
2.579	8
2.603	8
2.673	8
2.696	8
2.707	8
2.79	8
2.887	8
3.041	8
3.239	8
3.257	8
3.319	8
3.48	8
3.665	8
3.681	8
3.693	8
3.928	8
3.93	8
4.099	8
4.323	8
4.339	8
4.393	8
4.575	8
4.682	8
4.694	8
4.733	8
4.743	8
5.037	8
5.041	8
5.072	8
5.446	7
5.469	7
5.508	7
5.537	7
5.549	7
5.639	7
5.676	7
5.779	7
5.913	7
6.007	7
6.048	7
6.084	7
6.14	7
6.144	7
6.207	7
6.244	6
6.352	6
6.427	6
6.487	6
6.732	6
6.797	6
6.827	6
6.833	6
6.882	6
6.903	6
6.923	6
6.94	6
6.99	5
7.049	5
7.091	5
7.114	5
7.164	5
7.191	5
7.269	5
7.408	5
7.442	5
7.573	5
7.585	5
7.655	5
7.783	5
7.82	5
7.822	5
7.914	5
8.089	5
8.105	5
8.118	5
8.24	5
8.255	5
8.399	5
8.623	5
8.729	5
9.253	5
9.303	5
9.409	5
9.61	5
9.724	5
9.788	5
10.009	5
10.285	5
10.293	5
10.294	5
10.32	5
10.557	5
10.596	5
10.75	5
10.819	5
10.832	5
10.893	5
11.156	5
11.244	5
11.261	5
11.504	5
11.734	5
11.825	5
11.878	4
12.077	4
12.092	4
12.381	4
12.481	4
12.663	4
13.201	4
13.323	4
13.365	4
13.461	4
13.612	4
13.64	4
13.703	4
13.747	4
13.786	4
13.909	4
13.967	4
14.309	4
14.424	4
14.5	4
14.52	4
14.541	4
14.616	3
14.667	3
14.801	3
15.08	3
15.766	3
16.703	3
16.748	3
17.204	3
17.301	3
17.358	3
17.808	3
18.076	3
18.081	3
18.425	3
18.851	3
18.925	3
18.986	3
19.698	3
20.499	3
20.502	3
23.864	3
24.054	3
24.105	3
24.357	3
24.639	3
24.642	3
24.674	3
25.014	3
25.345	3
26.859	3
34.932	3
47.147	3
0.0	1
0.001	1
0.003	1
0.003	1
0.004	1
0.004	1
0.004	1
0.004	1
0.004	1
0.005	1
0.005	1
0.006	1
0.006	1
0.007	1
0.007	1
0.007	1
0.007	1
0.008	1
0.008	1
0.008	1
0.009	1
0.009	1
0.009	1
0.009	1
0.01	1
0.011	1
0.011	1
0.013	1
0.015	1
0.023	1
0.031	1
0.039	1
0.048	1
0.05	1
0.064	1
0.065	1
0.072	1
0.081	1
0.09	1
0.111	1
0.115	1
0.119	1
0.124	1
0.128	1
0.129	1
0.13	1
0.133	1
0.136	1
0.143	1
0.144	1
0.147	1
0.148	1
0.15	1
0.15	1
0.158	1
0.165	1
0.167	1
0.17	1
0.172	1
0.172	1
0.176	1
0.177	1
0.179	1
0.182	1
0.182	1
0.183	1
0.188	1
0.192	1
0.195	1
0.195	1
0.197	1
0.197	1
0.203	1
0.211	1
0.213	1
0.215	1
0.223	1
0.223	1
0.226	1
0.229	1
0.232	1
0.232	1
0.234	1
0.235	1
0.235	1
0.235	1
0.24	1
0.243	2
0.247	2
0.247	2
0.258	2
0.259	2
0.259	2
0.262	2
0.263	2
0.264	2
0.272	3
0.272	3
0.277	3
0.282	3
0.283	3
0.289	3
0.291	3
0.292	3
0.296	3
0.302	3
0.306	3
0.316	3
0.328	3
0.329	3
0.331	3
0.336	3
0.337	3
0.339	3
0.351	3
0.352	3
0.352	3
0.373	4
0.376	4
0.376	4
0.382	4
0.383	4
0.383	4
0.388	4
0.39	4
0.393	4
0.397	4
0.399	4
0.399	4
0.401	4
0.404	4
0.414	4
0.422	4
0.424	4
0.425	4
0.435	4
0.442	4
0.443	4
0.444	4
0.445	4
0.449	4
0.454	4
0.461	4
0.461	4
0.466	4
0.469	4
0.474	4
0.474	4
0.479	4
0.484	4
0.486	4
0.488	4
0.488	4
0.492	4
0.496	4
0.51	4
0.51	4
0.512	4
0.515	4
0.517	4
0.517	4
0.521	4
0.525	4
0.527	4
0.531	4
0.532	4
0.537	4
0.537	4
0.54	4
0.541	4
0.545	4
0.547	4
0.548	4
0.548	4
0.549	4
0.552	4
0.554	4
0.555	4
0.556	4
0.557	4
0.557	4
0.558	4
0.561	4
0.565	4
0.567	4
0.569	4
0.573	4
0.575	4
0.585	4
0.588	4
0.593	4
0.594	4
0.595	4
0.595	4
0.597	4
0.6	4
0.602	4
0.604	4
0.605	4
0.611	4
0.612	4
0.613	4
0.614	4
0.617	4
0.621	4
0.629	4
0.63	4
0.635	4
0.64	4
0.646	4
0.648	4
0.648	4
0.654	4
0.658	4
0.666	4
0.668	4
0.671	4
0.671	4
0.672	4
0.674	4
0.674	4
0.674	4
0.675	4
0.682	4
0.685	4
0.687	4
0.691	4
0.703	4
0.704	4
0.705	4
0.719	4
0.72	4
0.724	4
0.731	4
0.731	4
0.737	4
0.744	4
0.748	4
0.749	4
0.752	4
0.758	4
0.763	4
0.764	4
0.766	4
0.772	4
0.774	4
0.782	4
0.787	4
0.799	4
0.799	4
0.801	4
0.812	4
0.824	4
0.826	4
0.826	4
0.83	4
0.837	4
0.837	4
0.839	4
0.839	4
0.842	4
0.847	4
0.862	4
0.865	4
0.871	4
0.874	4
0.884	4
0.887	4
0.899	5
0.903	5
0.914	5
0.917	5
0.918	5
0.924	5
0.936	5
0.939	5
0.947	5
0.966	5
0.978	5
1.001	5
1.005	5
1.009	5
1.03	5
1.035	5
1.048	5
1.052	5
1.057	5
1.062	5
1.074	5
1.076	5
1.087	5
1.124	5
1.142	5
1.163	5
1.167	5
1.227	5
1.285	5
1.391	5
1.394	5
1.399	4
1.401	4
1.425	4
1.565	4
1.663	4
1.722	4
1.791	4
2.037	4
2.077	4
2.077	4
2.187	4
2.196	4
2.338	4
2.338	4
2.579	4
2.603	4
2.673	4
2.696	4
2.707	4
2.79	4
2.887	4
3.041	4
3.239	4
3.257	4
3.319	4
3.48	4
3.665	4
3.681	4
3.693	4
3.928	4
3.93	4
4.099	4
4.323	4
4.339	4
4.393	4
4.575	4
4.682	4
4.694	4
4.733	4
4.743	4
5.037	3
5.041	3
5.072	3
5.446	3
5.469	3
5.508	3
5.537	3
5.549	3
5.639	3
5.676	3
5.779	3
5.913	3
6.007	3
6.048	3
6.084	3
6.14	3
6.144	3
6.207	3
6.244	3
6.352	3
6.427	3
6.487	3
6.732	3
6.797	3
6.827	3
6.833	3
6.882	3
6.903	3
6.923	3
6.94	3
6.99	3
7.049	3
7.091	3
7.114	3
7.164	3
7.191	3
7.269	3
7.408	3
7.442	3
7.573	3
7.585	3
7.655	3
7.783	3
7.82	3
7.822	3
7.914	3
8.089	3
8.105	3
8.118	3
8.24	3
8.255	3
8.399	3
8.623	3
8.729	3
9.253	3
9.303	3
9.409	3
9.61	3
9.724	3
9.788	3
10.009	3
10.285	3
10.293	3
10.294	3
10.32	3
10.557	3
10.596	3
10.75	3
10.819	3
10.832	3
10.893	3
11.156	3
11.244	3
11.261	3
11.504	3
11.734	3
11.825	3
11.878	3
12.077	3
12.092	3
12.381	3
12.481	3
12.663	3
13.201	3
13.323	3
13.365	3
13.461	3
13.612	3
13.64	3
13.703	3
13.747	3
13.786	3
13.909	3
13.967	3
14.309	3
14.424	3
14.5	3
14.52	3
14.541	3
14.616	3
14.667	3
14.801	3
15.08	3
15.766	3
16.703	3
16.748	3
17.204	3
17.301	3
17.358	3
17.808	3
18.076	3
18.081	3
18.425	3
18.851	3
18.925	3
18.986	3
19.698	3
20.499	3
20.502	3
23.864	3
24.054	3
24.105	3
24.357	3
24.639	3
24.642	3
24.674	3
25.014	3
25.345	3
26.859	3
34.932	3
47.147	3
0.0	1
0.002	1
0.002	1
0.003	1
0.003	1
0.003	1
0.003	1
0.003	1
0.004	1
0.004	1
0.005	1
0.005	1
0.006	1
0.006	1
0.006	1
0.006	1
0.007	1
0.007	1
0.007	1
0.008	1
0.008	1
0.008	1
0.008	1
0.009	1
0.01	1
0.01	1
0.012	1
0.014	1
0.022	1
0.03	1
0.038	1
0.047	1
0.049	1
0.063	1
0.064	1
0.071	1
0.08	1
0.089	1
0.11	1
0.114	1
0.118	1
0.123	1
0.127	1
0.128	1
0.129	1
0.132	1
0.135	1
0.142	1
0.143	1
0.146	1
0.147	1
0.149	1
0.149	1
0.157	1
0.164	1
0.166	1
0.169	1
0.171	1
0.171	2
0.175	2
0.176	2
0.178	2
0.181	2
0.181	2
0.182	2
0.187	2
0.191	2
0.194	2
0.194	2
0.196	2
0.196	2
0.202	2
0.21	2
0.212	2
0.214	2
0.222	2
0.222	2
0.225	2
0.228	2
0.231	2
0.231	2
0.233	2
0.234	2
0.234	2
0.234	2
0.239	2
0.242	2
0.246	2
0.246	2
0.257	2
0.258	2
0.258	2
0.261	2
0.262	2
0.263	2
0.271	2
0.271	2
0.276	2
0.281	2
0.282	2
0.288	2
0.29	2
0.291	2
0.295	2
0.301	2
0.305	2
0.315	2
0.327	2
0.328	2
0.33	2
0.335	2
0.336	2
0.338	2
0.35	2
0.351	2
0.351	2
0.372	2
0.375	2
0.375	2
0.381	2
0.382	2
0.382	2
0.387	2
0.389	2
0.392	2
0.396	2
0.398	2
0.398	2
0.4	2
0.403	2
0.413	2
0.421	3
0.423	3
0.424	3
0.434	3
0.441	3
0.442	3
0.443	3
0.444	3
0.448	3
0.453	3
0.46	3
0.46	3
0.465	3
0.468	3
0.473	3
0.473	3
0.478	3
0.483	3
0.485	3
0.487	3
0.487	3
0.491	3
0.495	3
0.509	3
0.509	3
0.511	3
0.514	3
0.516	3
0.516	3
0.52	3
0.524	3
0.526	3
0.53	3
0.531	3
0.536	3
0.536	3
0.539	3
0.54	3
0.544	3
0.546	3
0.547	3
0.547	3
0.548	3
0.551	3
0.553	3
0.554	3
0.555	3
0.556	3
0.556	3
0.557	3
0.56	3
0.564	3
0.566	3
0.568	3
0.572	3
0.574	3
0.584	3
0.587	3
0.592	3
0.593	3
0.594	3
0.594	3
0.596	3
0.599	3
0.601	3
0.603	3
0.604	3
0.61	3
0.611	3
0.612	3
0.613	3
0.616	3
0.62	3
0.628	3
0.629	3
0.634	3
0.639	3
0.645	3
0.647	3
0.647	3
0.653	3
0.657	4
0.665	5
0.667	5
0.67	5
0.67	5
0.671	5
0.673	5
0.673	5
0.673	5
0.674	5
0.681	5
0.684	5
0.686	5
0.69	5
0.702	5
0.703	5
0.704	5
0.718	5
0.719	5
0.723	5
0.73	5
0.73	5
0.736	5
0.743	5
0.747	5
0.748	5
0.751	5
0.757	5
0.762	5
0.763	5
0.765	5
0.771	5
0.773	5
0.781	5
0.786	5
0.798	5
0.798	5
0.8	5
0.811	5
0.823	5
0.825	5
0.825	5
0.829	5
0.836	5
0.836	5
0.838	5
0.838	5
0.841	5
0.846	5
0.861	5
0.864	5
0.87	5
0.873	5
0.883	5
0.886	5
0.898	5
0.902	5
0.913	5
0.916	5
0.917	5
0.923	5
0.935	5
0.938	5
0.946	5
0.965	5
0.977	5
1.0	5
1.004	5
1.008	5
1.029	5
1.034	5
1.047	5
1.051	5
1.056	5
1.061	5
1.073	5
1.075	5
1.086	5
1.123	5
1.141	5
1.162	5
1.166	5
1.226	5
1.284	5
1.39	4
1.393	4
1.398	4
1.4	4
1.424	4
1.564	4
1.662	4
1.721	4
1.79	4
2.036	4
2.076	4
2.076	4
2.186	4
2.195	4
2.337	4
2.337	4
2.578	4
2.602	4
2.672	4
2.695	4
2.706	4
2.789	4
2.886	4
3.04	4
3.238	4
3.256	3
3.318	3
3.479	3
3.664	3
3.68	3
3.692	3
3.927	3
3.929	3
4.098	3
4.322	3
4.338	3
4.392	3
4.574	3
4.681	3
4.693	3
4.732	3
4.742	3
5.036	3
5.04	3
5.071	3
5.445	3
5.468	3
5.507	3
5.536	3
5.548	3
5.638	3
5.675	3
5.778	3
5.912	3
6.006	3
6.047	3
6.083	3
6.139	3
6.143	3
6.206	3
6.243	3
6.351	3
6.426	3
6.486	3
6.731	3
6.796	3
6.826	3
6.832	3
6.881	3
6.902	3
6.922	3
6.939	3
6.989	3
7.048	3
7.09	3
7.113	3
7.163	3
7.19	3
7.268	3
7.407	3
7.441	3
7.572	3
7.584	3
7.654	3
7.782	3
7.819	3
7.821	3
7.913	3
8.088	3
8.104	3
8.117	3
8.239	3
8.254	3
8.398	3
8.622	3
8.728	3
9.252	3
9.302	3
9.408	3
9.609	3
9.723	3
9.787	3
10.008	3
10.284	3
10.292	3
10.293	3
10.319	3
10.556	3
10.595	3
10.749	3
10.818	3
10.831	3
10.892	3
11.155	3
11.243	3
11.26	3
11.503	3
11.733	3
11.824	3
11.877	3
12.076	3
12.091	3
12.38	3
12.48	3
12.662	3
13.2	3
13.322	3
13.364	3
13.46	3
13.611	3
13.639	3
13.702	3
13.746	3
13.785	3
13.908	3
13.966	3
14.308	3
14.423	3
14.499	3
14.519	3
14.54	3
14.615	3
14.666	3
14.8	3
15.079	3
15.765	3
16.702	3
16.747	3
17.203	3
17.3	3
17.357	3
17.807	3
18.075	3
18.08	3
18.424	3
18.85	3
18.924	3
18.985	3
19.697	3
20.498	3
20.501	3
23.863	3
24.053	3
24.104	3
24.356	3
24.638	3
24.641	3
24.673	3
25.013	3
25.344	3
26.858	3
34.931	3
47.146	3
0.0	1
0.0	1
0.001	1
0.001	1
0.001	1
0.001	1
0.001	1
0.002	1
0.002	1
0.003	1
0.003	1
0.004	1
0.004	1
0.004	1
0.004	1
0.005	1
0.005	1
0.005	1
0.006	1
0.006	1
0.006	1
0.006	1
0.007	1
0.008	1
0.008	1
0.01	1
0.012	1
0.02	1
0.028	1
0.036	1
0.045	1
0.047	1
0.061	1
0.062	1
0.069	1
0.078	1
0.087	1
0.108	1
0.112	1
0.116	1
0.121	1
0.125	1
0.126	1
0.127	1
0.13	1
0.133	1
0.14	1
0.141	1
0.144	1
0.145	1
0.147	1
0.147	1
0.155	1
0.162	1
0.164	2
0.167	2
0.169	2
0.169	2
0.173	2
0.174	2
0.176	2
0.179	2
0.179	2
0.18	2
0.185	2
0.189	2
0.192	2
0.192	2
0.194	2
0.194	2
0.2	2
0.208	2
0.21	2
0.212	2
0.22	2
0.22	2
0.223	2
0.226	2
0.229	2
0.229	2
0.231	3
0.232	3
0.232	3
0.232	3
0.237	3
0.24	3
0.244	3
0.244	4
0.255	4
0.256	4
0.256	4
0.259	5
0.26	5
0.261	5
0.269	5
0.269	5
0.274	5
0.279	5
0.28	5
0.286	5
0.288	5
0.289	5
0.293	5
0.299	5
0.303	5
0.313	5
0.325	5
0.326	5
0.328	5
0.333	5
0.334	5
0.336	5
0.348	5
0.349	5
0.349	5
0.37	5
0.373	5
0.373	5
0.379	5
0.38	5
0.38	5
0.385	5
0.387	5
0.39	5
0.394	5
0.396	5
0.396	5
0.398	5
0.401	5
0.411	5
0.419	5
0.421	5
0.422	5
0.432	5
0.439	5
0.44	5
0.441	5
0.442	5
0.446	5
0.451	5
0.458	5
0.458	5
0.463	5
0.466	5
0.471	5
0.471	5
0.476	5
0.481	5
0.483	5
0.485	5
0.485	5
0.489	5
0.493	5
0.507	5
0.507	5
0.509	5
0.512	5
0.514	5
0.514	5
0.518	5
0.522	5
0.524	5
0.528	5
0.529	5
0.534	5
0.534	5
0.537	5
0.538	5
0.542	5
0.544	5
0.545	5
0.545	5
0.546	5
0.549	5
0.551	5
0.552	5
0.553	5
0.554	5
0.554	5
0.555	5
0.558	5
0.562	5
0.564	5
0.566	5
0.57	5
0.572	5
0.582	5
0.585	5
0.59	5
0.591	5
0.592	5
0.592	5
0.594	5
0.597	5
0.599	5
0.601	5
0.602	5
0.608	5
0.609	5
0.61	5
0.611	5
0.614	5
0.618	5
0.626	5
0.627	5
0.632	5
0.637	5
0.643	5
0.645	5
0.645	5
0.651	5
0.655	5
0.663	5
0.665	5
0.668	5
0.668	5
0.669	5
0.671	6
0.671	6
0.671	6
0.672	6
0.679	6
0.682	6
0.684	6
0.688	6
0.7	6
0.701	6
0.702	6
0.716	6
0.717	6
0.721	6
0.728	6
0.728	6
0.734	6
0.741	6
0.745	6
0.746	6
0.749	6
0.755	6
0.76	6
0.761	6
0.763	6
0.769	6
0.771	6
0.779	6
0.784	6
0.796	6
0.796	6
0.798	6
0.809	6
0.821	6
0.823	6
0.823	6
0.827	6
0.834	6
0.834	6
0.836	6
0.836	6
0.839	6
0.844	6
0.859	6
0.862	6
0.868	6
0.871	6
0.881	6
0.884	6
0.896	6
0.9	6
0.911	6
0.914	6
0.915	6
0.921	6
0.933	6
0.936	6
0.944	6
0.963	6
0.975	6
0.998	6
1.002	6
1.006	6
1.027	6
1.032	6
1.045	6
1.049	6
1.054	6
1.059	6
1.071	6
1.073	6
1.084	6
1.121	6
1.139	6
1.16	6
1.164	6
1.224	6
1.282	6
1.388	6
1.391	6
1.396	6
1.398	6
1.422	6
1.562	6
1.66	6
1.719	6
1.788	6
2.034	6
2.074	6
2.074	6
2.184	6
2.193	6
2.335	6
2.335	6
2.576	6
2.6	6
2.67	6
2.693	6
2.704	6
2.787	6
2.884	6
3.038	6
3.236	6
3.254	6
3.316	6
3.477	6
3.662	6
3.678	6
3.69	6
3.925	6
3.927	6
4.096	6
4.32	6
4.336	6
4.39	6
4.572	6
4.679	6
4.691	6
4.73	6
4.74	6
5.034	6
5.038	6
5.069	6
5.443	6
5.466	6
5.505	6
5.534	6
5.546	6
5.636	6
5.673	6
5.776	6
5.91	6
6.004	6
6.045	6
6.081	6
6.137	6
6.141	6
6.204	6
6.241	6
6.349	6
6.424	6
6.484	6
6.729	6
6.794	6
6.824	6
6.83	6
6.879	6
6.9	6
6.92	6
6.937	6
6.987	6
7.046	6
7.088	6
7.111	6
7.161	6
7.188	6
7.266	6
7.405	6
7.439	6
7.57	6
7.582	6
7.652	6
7.78	6
7.817	6
7.819	6
7.911	6
8.086	6
8.102	6
8.115	6
8.237	6
8.252	6
8.396	6
8.62	6
8.726	6
9.25	6
9.3	6
9.406	6
9.607	6
9.721	6
9.785	6
10.006	6
10.282	6
10.29	6
10.291	6
10.317	6
10.554	6
10.593	6
10.747	6
10.816	6
10.829	6
10.89	6
11.153	6
11.241	6
11.258	6
11.501	6
11.731	6
11.822	6
11.875	6
12.074	6
12.089	6
12.378	6
12.478	6
12.66	6
13.198	6
13.32	6
13.362	6
13.458	6
13.609	6
13.637	6
13.7	6
13.744	6
13.783	6
13.906	6
13.964	6
14.306	6
14.421	6
14.497	6
14.517	6
14.538	6
14.613	6
14.664	6
14.798	6
15.077	6
15.763	6
16.7	6
16.745	6
17.201	6
17.298	6
17.355	6
17.805	5
18.073	4
18.078	4
18.422	4
18.848	4
18.922	4
18.983	4
19.695	4
20.496	4
20.499	3
23.861	3
24.051	3
24.102	3
24.354	3
24.636	3
24.639	3
24.671	3
25.011	3
25.342	3
26.856	3
34.929	3
47.144	3
0.0	1
0.001	1
0.001	1
0.001	1
0.001	1
0.001	1
0.002	1
0.002	1
0.003	1
0.003	1
0.004	1
0.004	1
0.004	1
0.004	1
0.005	1
0.005	1
0.005	1
0.006	1
0.006	1
0.006	1
0.006	1
0.007	1
0.008	1
0.008	1
0.01	1
0.012	1
0.02	1
0.028	1
0.036	1
0.045	1
0.047	1
0.061	1
0.062	1
0.069	1
0.078	1
0.087	1
0.108	1
0.112	1
0.116	1
0.121	1
0.125	1
0.126	1
0.127	1
0.13	1
0.133	1
0.14	1
0.141	1
0.144	1
0.145	1
0.147	1
0.147	1
0.155	1
0.162	1
0.164	1
0.167	1
0.169	1
0.169	1
0.173	1
0.174	1
0.176	1
0.179	1
0.179	1
0.18	1
0.185	1
0.189	1
0.192	1
0.192	1
0.194	1
0.194	1
0.2	1
0.208	1
0.21	1
0.212	1
0.22	1
0.22	1
0.223	1
0.226	1
0.229	1
0.229	1
0.231	1
0.232	1
0.232	1
0.232	1
0.237	1
0.24	1
0.244	1
0.244	1
0.255	1
0.256	2
0.256	2
0.259	2
0.26	2
0.261	2
0.269	2
0.269	2
0.274	2
0.279	2
0.28	2
0.286	2
0.288	2
0.289	2
0.293	2
0.299	2
0.303	2
0.313	2
0.325	2
0.326	2
0.328	2
0.333	2
0.334	2
0.336	2
0.348	2
0.349	2
0.349	2
0.37	2
0.373	2
0.373	2
0.379	2
0.38	2
0.38	2
0.385	3
0.387	3
0.39	3
0.394	3
0.396	3
0.396	3
0.398	3
0.401	3
0.411	3
0.419	3
0.421	3
0.422	4
0.432	4
0.439	4
0.44	4
0.441	4
0.442	4
0.446	4
0.451	5
0.458	5
0.458	5
0.463	5
0.466	5
0.471	5
0.471	5
0.476	5
0.481	5
0.483	5
0.485	5
0.485	5
0.489	5
0.493	5
0.507	6
0.507	6
0.509	6
0.512	6
0.514	6
0.514	6
0.518	6
0.522	6
0.524	7
0.528	8
0.529	9
0.534	9
0.534	9
0.537	9
0.538	9
0.542	9
0.544	9
0.545	9
0.545	9
0.546	9
0.549	9
0.551	9
0.552	9
0.553	9
0.554	9
0.554	9
0.555	9
0.558	9
0.562	9
0.564	9
0.566	9
0.57	9
0.572	9
0.582	9
0.585	9
0.59	9
0.591	9
0.592	9
0.592	9
0.594	9
0.597	9
0.599	9
0.601	9
0.602	9
0.608	9
0.609	9
0.61	9
0.611	9
0.614	9
0.618	9
0.626	9
0.627	9
0.632	9
0.637	9
0.643	9
0.645	9
0.645	9
0.651	9
0.655	9
0.663	9
0.665	9
0.668	9
0.668	9
0.669	9
0.671	9
0.671	9
0.671	9
0.672	9
0.679	9
0.682	9
0.684	9
0.688	9
0.7	9
0.701	9
0.702	9
0.716	9
0.717	9
0.721	9
0.728	9
0.728	9
0.734	9
0.741	9
0.745	9
0.746	9
0.749	9
0.755	9
0.76	9
0.761	9
0.763	9
0.769	9
0.771	9
0.779	9
0.784	9
0.796	9
0.796	9
0.798	9
0.809	9
0.821	9
0.823	9
0.823	9
0.827	9
0.834	9
0.834	9
0.836	9
0.836	9
0.839	9
0.844	9
0.859	9
0.862	9
0.868	9
0.871	9
0.881	9
0.884	9
0.896	9
0.9	9
0.911	9
0.914	9
0.915	9
0.921	9
0.933	9
0.936	9
0.944	9
0.963	9
0.975	9
0.998	9
1.002	9
1.006	9
1.027	9
1.032	9
1.045	9
1.049	9
1.054	9
1.059	9
1.071	9
1.073	9
1.084	9
1.121	9
1.139	8
1.16	8
1.164	8
1.224	8
1.282	8
1.388	8
1.391	8
1.396	8
1.398	8
1.422	8
1.562	8
1.66	8
1.719	8
1.788	8
2.034	8
2.074	8
2.074	8
2.184	8
2.193	8
2.335	8
2.335	8
2.576	8
2.6	8
2.67	8
2.693	8
2.704	8
2.787	8
2.884	8
3.038	8
3.236	8
3.254	8
3.316	8
3.477	8
3.662	8
3.678	8
3.69	8
3.925	8
3.927	8
4.096	8
4.32	8
4.336	8
4.39	8
4.572	8
4.679	8
4.691	8
4.73	8
4.74	8
5.034	8
5.038	8
5.069	8
5.443	8
5.466	8
5.505	8
5.534	8
5.546	8
5.636	8
5.673	8
5.776	8
5.91	8
6.004	8
6.045	8
6.081	8
6.137	8
6.141	8
6.204	8
6.241	8
6.349	8
6.424	8
6.484	8
6.729	8
6.794	8
6.824	8
6.83	8
6.879	8
6.9	8
6.92	8
6.937	8
6.987	8
7.046	8
7.088	8
7.111	8
7.161	8
7.188	8
7.266	8
7.405	8
7.439	8
7.57	8
7.582	8
7.652	8
7.78	8
7.817	8
7.819	8
7.911	8
8.086	8
8.102	8
8.115	8
8.237	8
8.252	8
8.396	8
8.62	8
8.726	8
9.25	8
9.3	8
9.406	8
9.607	8
9.721	8
9.785	8
10.006	7
10.282	7
10.29	7
10.291	7
10.317	7
10.554	7
10.593	7
10.747	7
10.816	7
10.829	7
10.89	7
11.153	7
11.241	7
11.258	7
11.501	7
11.731	7
11.822	7
11.875	7
12.074	7
12.089	7
12.378	7
12.478	7
12.66	7
13.198	7
13.32	7
13.362	7
13.458	7
13.609	7
13.637	7
13.7	7
13.744	7
13.783	7
13.906	7
13.964	7
14.306	7
14.421	7
14.497	7
14.517	6
14.538	6
14.613	6
14.664	6
14.798	5
15.077	5
15.763	5
16.7	5
16.745	5
17.201	5
17.298	5
17.355	5
17.805	5
18.073	5
18.078	5
18.422	5
18.848	5
18.922	5
18.983	5
19.695	5
20.496	5
20.499	5
23.861	5
24.051	4
24.102	4
24.354	4
24.636	4
24.639	4
24.671	4
25.011	4
25.342	3
26.856	3
34.929	3
47.144	3
0.0	1
0.0	1
0.0	1
0.0	1
0.0	1
0.001	1
0.001	1
0.002	1
0.002	1
0.003	1
0.003	1
0.003	1
0.003	1
0.004	1
0.004	1
0.004	1
0.005	1
0.005	1
0.005	1
0.005	1
0.006	1
0.007	1
0.007	1
0.009	1
0.011	1
0.019	1
0.027	1
0.035	1
0.044	1
0.046	1
0.06	1
0.061	1
0.068	1
0.077	1
0.086	1
0.107	1
0.111	1
0.115	1
0.12	1
0.124	1
0.125	1
0.126	1
0.129	1
0.132	1
0.139	1
0.14	1
0.143	1
0.144	1
0.146	1
0.146	2
0.154	2
0.161	2
0.163	2
0.166	2
0.168	2
0.168	2
0.172	2
0.173	2
0.175	2
0.178	2
0.178	2
0.179	2
0.184	2
0.188	2
0.191	2
0.191	2
0.193	2
0.193	2
0.199	2
0.207	2
0.209	2
0.211	2
0.219	2
0.219	2
0.222	2
0.225	2
0.228	2
0.228	2
0.23	2
0.231	2
0.231	2
0.231	2
0.236	2
0.239	2
0.243	2
0.243	2
0.254	2
0.255	2
0.255	2
0.258	2
0.259	2
0.26	2
0.268	2
0.268	2
0.273	2
0.278	2
0.279	2
0.285	2
0.287	2
0.288	2
0.292	2
0.298	2
0.302	2
0.312	2
0.324	2
0.325	2
0.327	2
0.332	2
0.333	2
0.335	2
0.347	2
0.348	2
0.348	2
0.369	2
0.372	2
0.372	2
0.378	2
0.379	2
0.379	2
0.384	2
0.386	2
0.389	2
0.393	2
0.395	2
0.395	2
0.397	2
0.4	2
0.41	2
0.418	2
0.42	3
0.421	3
0.431	3
0.438	3
0.439	3
0.44	3
0.441	3
0.445	3
0.45	3
0.457	3
0.457	3
0.462	3
0.465	3
0.47	3
0.47	3
0.475	3
0.48	3
0.482	3
0.484	3
0.484	3
0.488	3
0.492	3
0.506	3
0.506	3
0.508	3
0.511	3
0.513	3
0.513	3
0.517	3
0.521	3
0.523	3
0.527	3
0.528	3
0.533	3
0.533	3
0.536	3
0.537	3
0.541	3
0.543	3
0.544	3
0.544	3
0.545	3
0.548	3
0.55	3
0.551	3
0.552	3
0.553	3
0.553	3
0.554	3
0.557	3
0.561	3
0.563	3
0.565	3
0.569	3
0.571	3
0.581	3
0.584	3
0.589	3
0.59	3
0.591	3
0.591	3
0.593	3
0.596	3
0.598	3
0.6	3
0.601	3
0.607	3
0.608	3
0.609	3
0.61	3
0.613	3
0.617	3
0.625	3
0.626	3
0.631	3
0.636	3
0.642	3
0.644	3
0.644	3
0.65	3
0.654	3
0.662	3
0.664	3
0.667	4
0.667	4
0.668	4
0.67	4
0.67	4
0.67	4
0.671	4
0.678	4
0.681	4
0.683	4
0.687	4
0.699	4
0.7	4
0.701	4
0.715	4
0.716	4
0.72	4
0.727	4
0.727	4
0.733	4
0.74	4
0.744	4
0.745	4
0.748	4
0.754	4
0.759	4
0.76	4
0.762	4
0.768	4
0.77	4
0.778	4
0.783	4
0.795	4
0.795	5
0.797	5
0.808	5
0.82	5
0.822	5
0.822	5
0.826	5
0.833	5
0.833	5
0.835	5
0.835	5
0.838	5
0.843	5
0.858	5
0.861	5
0.867	5
0.87	5
0.88	5
0.883	5
0.895	5
0.899	5
0.91	5
0.913	5
0.914	5
0.92	5
0.932	5
0.935	5
0.943	5
0.962	5
0.974	5
0.997	5
1.001	5
1.005	5
1.026	5
1.031	5
1.044	5
1.048	5
1.053	5
1.058	5
1.07	5
1.072	5
1.083	5
1.12	5
1.138	5
1.159	5
1.163	5
1.223	5
1.281	5
1.387	5
1.39	5
1.395	5
1.397	5
1.421	5
1.561	5
1.659	5
1.718	5
1.787	5
2.033	5
2.073	5
2.073	5
2.183	5
2.192	5
2.334	5
2.334	5
2.575	5
2.599	5
2.669	5
2.692	5
2.703	5
2.786	5
2.883	5
3.037	5
3.235	5
3.253	5
3.315	5
3.476	5
3.661	5
3.677	5
3.689	5
3.924	5
3.926	5
4.095	5
4.319	5
4.335	5
4.389	5
4.571	5
4.678	5
4.69	5
4.729	5
4.739	5
5.033	5
5.037	5
5.068	5
5.442	5
5.465	5
5.504	5
5.533	5
5.545	5
5.635	5
5.672	5
5.775	5
5.909	5
6.003	5
6.044	5
6.08	5
6.136	5
6.14	5
6.203	5
6.24	5
6.348	5
6.423	5
6.483	5
6.728	5
6.793	5
6.823	5
6.829	5
6.878	5
6.899	4
6.919	4
6.936	4
6.986	4
7.045	4
7.087	4
7.11	4
7.16	4
7.187	4
7.265	4
7.404	4
7.438	4
7.569	4
7.581	4
7.651	4
7.779	4
7.816	4
7.818	4
7.91	4
8.085	4
8.101	4
8.114	4
8.236	4
8.251	4
8.395	4
8.619	4
8.725	4
9.249	4
9.299	4
9.405	4
9.606	4
9.72	4
9.784	4
10.005	4
10.281	4
10.289	4
10.29	4
10.316	4
10.553	4
10.592	4
10.746	4
10.815	4
10.828	4
10.889	4
11.152	4
11.24	4
11.257	4
11.5	4
11.73	3
11.821	3
11.874	3
12.073	2
12.088	2
12.377	2
12.477	2
12.659	2
13.197	2
13.319	2
13.361	3
13.457	3
13.608	3
13.636	4
13.699	5
13.743	5
13.782	6
13.905	6
13.963	6
14.305	6
14.42	6
14.496	6
14.516	6
14.537	6
14.612	6
14.663	6
14.797	6
15.076	6
15.762	6
16.699	6
16.744	6
17.2	6
17.297	6
17.354	6
17.804	6
18.072	6
18.077	6
18.421	6
18.847	6
18.921	6
18.982	5
19.694	4
20.495	4
20.498	4
23.86	4
24.05	4
24.101	4
24.353	4
24.635	4
24.638	4
24.67	4
25.01	4
25.341	4
26.855	3
34.928	3
47.143	3
0.0	1
0.0	1
0.0	1
0.0	1
0.001	1
0.001	1
0.002	1
0.002	1
0.003	1
0.003	1
0.003	1
0.003	1
0.004	1
0.004	1
0.004	1
0.005	1
0.005	1
0.005	1
0.005	1
0.006	1
0.007	1
0.007	1
0.009	1
0.011	1
0.019	1
0.027	1
0.035	1
0.044	1
0.046	1
0.06	1
0.061	1
0.068	1
0.077	1
0.086	1
0.107	1
0.111	1
0.115	1
0.12	1
0.124	1
0.125	1
0.126	1
0.129	1
0.132	1
0.139	1
0.14	1
0.143	1
0.144	1
0.146	1
0.146	1
0.154	1
0.161	1
0.163	1
0.166	1
0.168	1
0.168	1
0.172	1
0.173	1
0.175	1
0.178	1
0.178	1
0.179	1
0.184	1
0.188	1
0.191	1
0.191	1
0.193	1
0.193	1
0.199	1
0.207	1
0.209	1
0.211	1
0.219	1
0.219	1
0.222	1
0.225	1
0.228	1
0.228	1
0.23	1
0.231	1
0.231	1
0.231	1
0.236	1
0.239	1
0.243	1
0.243	1
0.254	1
0.255	1
0.255	1
0.258	1
0.259	1
0.26	1
0.268	1
0.268	1
0.273	1
0.278	2
0.279	2
0.285	2
0.287	2
0.288	2
0.292	2
0.298	2
0.302	2
0.312	2
0.324	2
0.325	2
0.327	2
0.332	2
0.333	2
0.335	2
0.347	2
0.348	2
0.348	2
0.369	2
0.372	2
0.372	2
0.378	2
0.379	2
0.379	2
0.384	2
0.386	2
0.389	2
0.393	2
0.395	2
0.395	2
0.397	2
0.4	2
0.41	2
0.418	2
0.42	2
0.421	2
0.431	2
0.438	2
0.439	2
0.44	2
0.441	2
0.445	2
0.45	2
0.457	2
0.457	2
0.462	2
0.465	2
0.47	2
0.47	2
0.475	2
0.48	2
0.482	2
0.484	2
0.484	2
0.488	2
0.492	2
0.506	2
0.506	2
0.508	2
0.511	3
0.513	3
0.513	3
0.517	3
0.521	3
0.523	3
0.527	3
0.528	3
0.533	3
0.533	3
0.536	3
0.537	3
0.541	3
0.543	3
0.544	3
0.544	3
0.545	3
0.548	3
0.55	3
0.551	3
0.552	3
0.553	3
0.553	3
0.554	3
0.557	3
0.561	3
0.563	3
0.565	3
0.569	3
0.571	3
0.581	3
0.584	3
0.589	3
0.59	3
0.591	3
0.591	3
0.593	3
0.596	3
0.598	3
0.6	3
0.601	3
0.607	3
0.608	3
0.609	3
0.61	3
0.613	3
0.617	3
0.625	3
0.626	3
0.631	3
0.636	3
0.642	3
0.644	3
0.644	3
0.65	3
0.654	3
0.662	3
0.664	3
0.667	3
0.667	3
0.668	3
0.67	3
0.67	3
0.67	3
0.671	3
0.678	3
0.681	3
0.683	3
0.687	3
0.699	3
0.7	3
0.701	3
0.715	3
0.716	3
0.72	3
0.727	3
0.727	3
0.733	3
0.74	3
0.744	3
0.745	3
0.748	3
0.754	3
0.759	3
0.76	3
0.762	3
0.768	3
0.77	3
0.778	3
0.783	3
0.795	3
0.795	3
0.797	3
0.808	3
0.82	3
0.822	3
0.822	3
0.826	3
0.833	3
0.833	3
0.835	3
0.835	4
0.838	4
0.843	4
0.858	4
0.861	4
0.867	4
0.87	4
0.88	4
0.883	4
0.895	4
0.899	4
0.91	4
0.913	4
0.914	4
0.92	4
0.932	4
0.935	4
0.943	4
0.962	4
0.974	4
0.997	4
1.001	4
1.005	4
1.026	4
1.031	4
1.044	4
1.048	4
1.053	4
1.058	4
1.07	4
1.072	4
1.083	4
1.12	4
1.138	4
1.159	4
1.163	4
1.223	4
1.281	4
1.387	4
1.39	4
1.395	4
1.397	4
1.421	4
1.561	4
1.659	4
1.718	4
1.787	4
2.033	4
2.073	4
2.073	4
2.183	4
2.192	4
2.334	4
2.334	4
2.575	4
2.599	4
2.669	4
2.692	4
2.703	4
2.786	4
2.883	4
3.037	4
3.235	4
3.253	4
3.315	4
3.476	4
3.661	4
3.677	4
3.689	4
3.924	4
3.926	4
4.095	4
4.319	4
4.335	4
4.389	4
4.571	4
4.678	4
4.69	4
4.729	4
4.739	4
5.033	4
5.037	4
5.068	4
5.442	4
5.465	4
5.504	4
5.533	4
5.545	4
5.635	4
5.672	4
5.775	4
5.909	4
6.003	4
6.044	4
6.08	4
6.136	4
6.14	4
6.203	4
6.24	4
6.348	4
6.423	4
6.483	4
6.728	4
6.793	4
6.823	4
6.829	4
6.878	4
6.899	4
6.919	4
6.936	4
6.986	4
7.045	4
7.087	4
7.11	4
7.16	4
7.187	4
7.265	4
7.404	4
7.438	4
7.569	4
7.581	4
7.651	4
7.779	4
7.816	4
7.818	4
7.91	4
8.085	4
8.101	4
8.114	4
8.236	4
8.251	4
8.395	4
8.619	4
8.725	4
9.249	4
9.299	4
9.405	4
9.606	4
9.72	4
9.784	4
10.005	4
10.281	4
10.289	3
10.29	3
10.316	3
10.553	3
10.592	3
10.746	3
10.815	3
10.828	3
10.889	3
11.152	3
11.24	3
11.257	3
11.5	3
11.73	3
11.821	3
11.874	3
12.073	3
12.088	3
12.377	3
12.477	3
12.659	3
13.197	3
13.319	3
13.361	3
13.457	3
13.608	3
13.636	3
13.699	3
13.743	3
13.782	3
13.905	3
13.963	3
14.305	3
14.42	3
14.496	3
14.516	3
14.537	3
14.612	3
14.663	3
14.797	3
15.076	3
15.762	3
16.699	3
16.744	3
17.2	3
17.297	3
17.354	3
17.804	3
18.072	3
18.077	3
18.421	3
18.847	3
18.921	3
18.982	3
19.694	3
20.495	3
20.498	3
23.86	3
24.05	3
24.101	3
24.353	3
24.635	3
24.638	3
24.67	3
25.01	3
25.341	3
26.855	3
34.928	3
47.143	3
0.0	1
0.0	1
0.0	1
0.001	1
0.001	1
0.002	1
0.002	1
0.003	1
0.003	1
0.003	1
0.003	1
0.004	1
0.004	1
0.004	1
0.005	1
0.005	1
0.005	1
0.005	1
0.006	1
0.007	1
0.007	1
0.009	1
0.011	1
0.019	1
0.027	1
0.035	1
0.044	1
0.046	1
0.06	1
0.061	1
0.068	1
0.077	2
0.086	2
0.107	2
0.111	2
0.115	2
0.12	2
0.124	2
0.125	2
0.126	2
0.129	2
0.132	2
0.139	2
0.14	2
0.143	2
0.144	2
0.146	2
0.146	2
0.154	2
0.161	2
0.163	2
0.166	2
0.168	2
0.168	2
0.172	2
0.173	2
0.175	2
0.178	2
0.178	2
0.179	2
0.184	2
0.188	2
0.191	2
0.191	2
0.193	2
0.193	2
0.199	2
0.207	2
0.209	2
0.211	2
0.219	2
0.219	2
0.222	2
0.225	2
0.228	2
0.228	2
0.23	2
0.231	2
0.231	2
0.231	2
0.236	2
0.239	2
0.243	2
0.243	2
0.254	2
0.255	2
0.255	2
0.258	2
0.259	2
0.26	2
0.268	2
0.268	2
0.273	2
0.278	2
0.279	2
0.285	2
0.287	2
0.288	2
0.292	2
0.298	2
0.302	2
0.312	2
0.324	2
0.325	2
0.327	2
0.332	2
0.333	2
0.335	2
0.347	2
0.348	2
0.348	2
0.369	2
0.372	2
0.372	2
0.378	2
0.379	2
0.379	2
0.384	2
0.386	2
0.389	2
0.393	2
0.395	2
0.395	2
0.397	2
0.4	2
0.41	2
0.418	2
0.42	2
0.421	2
0.431	2
0.438	2
0.439	2
0.44	2
0.441	2
0.445	2
0.45	2
0.457	2
0.457	2
0.462	2
0.465	2
0.47	2
0.47	2
0.475	2
0.48	2
0.482	2
0.484	2
0.484	2
0.488	2
0.492	2
0.506	2
0.506	2
0.508	2
0.511	2
0.513	2
0.513	2
0.517	2
0.521	3
0.523	3
0.527	3
0.528	3
0.533	3
0.533	3
0.536	3
0.537	3
0.541	3
0.543	3
0.544	3
0.544	4
0.545	4
0.548	4
0.55	4
0.551	4
0.552	4
0.553	4
0.553	5
0.554	5
0.557	5
0.561	5
0.563	5
0.565	5
0.569	5
0.571	5
0.581	6
0.584	6
0.589	6
0.59	6
0.591	6
0.591	6
0.593	6
0.596	6
0.598	6
0.6	6
0.601	6
0.607	6
0.608	6
0.609	6
0.61	6
0.613	6
0.617	6
0.625	6
0.626	6
0.631	6
0.636	6
0.642	6
0.644	6
0.644	6
0.65	6
0.654	6
0.662	6
0.664	6
0.667	6
0.667	6
0.668	6
0.67	6
0.67	6
0.67	6
0.671	6
0.678	6
0.681	6
0.683	6
0.687	6
0.699	6
0.7	6
0.701	6
0.715	6
0.716	6
0.72	6
0.727	6
0.727	6
0.733	6
0.74	6
0.744	6
0.745	6
0.748	6
0.754	6
0.759	6
0.76	6
0.762	6
0.768	6
0.77	6
0.778	6
0.783	6
0.795	6
0.795	6
0.797	6
0.808	6
0.82	7
0.822	7
0.822	7
0.826	7
0.833	7
0.833	7
0.835	7
0.835	7
0.838	7
0.843	7
0.858	7
0.861	7
0.867	7
0.87	7
0.88	7
0.883	7
0.895	7
0.899	7
0.91	7
0.913	7
0.914	7
0.92	7
0.932	7
0.935	7
0.943	7
0.962	7
0.974	7
0.997	7
1.001	7
1.005	7
1.026	7
1.031	7
1.044	7
1.048	7
1.053	7
1.058	7
1.07	7
1.072	7
1.083	7
1.12	7
1.138	7
1.159	7
1.163	7
1.223	7
1.281	7
1.387	7
1.39	7
1.395	7
1.397	7
1.421	6
1.561	6
1.659	6
1.718	6
1.787	6
2.033	6
2.073	6
2.073	6
2.183	6
2.192	6
2.334	6
2.334	6
2.575	6
2.599	6
2.669	6
2.692	6
2.703	6
2.786	6
2.883	6
3.037	6
3.235	6
3.253	6
3.315	6
3.476	6
3.661	6
3.677	6
3.689	6
3.924	6
3.926	5
4.095	5
4.319	5
4.335	5
4.389	5
4.571	5
4.678	5
4.69	5
4.729	5
4.739	5
5.033	5
5.037	5
5.068	5
5.442	5
5.465	5
5.504	5
5.533	5
5.545	5
5.635	5
5.672	5
5.775	5
5.909	5
6.003	5
6.044	5
6.08	5
6.136	5
6.14	5
6.203	4
6.24	4
6.348	4
6.423	4
6.483	4
6.728	4
6.793	4
6.823	4
6.829	4
6.878	4
6.899	4
6.919	4
6.936	4
6.986	4
7.045	4
7.087	4
7.11	4
7.16	4
7.187	4
7.265	4
7.404	4
7.438	4
7.569	4
7.581	4
7.651	4
7.779	4
7.816	4
7.818	4
7.91	4
8.085	4
8.101	4
8.114	4
8.236	4
8.251	4
8.395	4
8.619	4
8.725	4
9.249	4
9.299	4
9.405	4
9.606	4
9.72	4
9.784	4
10.005	4
10.281	4
10.289	4
10.29	4
10.316	4
10.553	4
10.592	4
10.746	4
10.815	4
10.828	3
10.889	3
11.152	3
11.24	3
11.257	3
11.5	3
11.73	3
11.821	3
11.874	3
12.073	3
12.088	3
12.377	3
12.477	3
12.659	3
13.197	3
13.319	3
13.361	3
13.457	3
13.608	3
13.636	3
13.699	3
13.743	3
13.782	3
13.905	3
13.963	3
14.305	3
14.42	3
14.496	3
14.516	3
14.537	3
14.612	3
14.663	3
14.797	3
15.076	3
15.762	3
16.699	3
16.744	3
17.2	3
17.297	3
17.354	3
17.804	3
18.072	3
18.077	3
18.421	3
18.847	3
18.921	3
18.982	3
19.694	3
20.495	3
20.498	3
23.86	3
24.05	3
24.101	3
24.353	3
24.635	3
24.638	3
24.67	3
25.01	3
25.341	3
26.855	3
34.928	3
47.143	3
0.0	1
0.0	1
0.001	1
0.001	1
0.002	1
0.002	1
0.003	1
0.003	1
0.003	1
0.003	1
0.004	1
0.004	1
0.004	1
0.005	1
0.005	1
0.005	1
0.005	1
0.006	1
0.007	1
0.007	1
0.009	1
0.011	1
0.019	1
0.027	1
0.035	1
0.044	1
0.046	2
0.06	2
0.061	2
0.068	2
0.077	2
0.086	2
0.107	2
0.111	2
0.115	2
0.12	2
0.124	2
0.125	2
0.126	2
0.129	2
0.132	2
0.139	2
0.14	2
0.143	2
0.144	2
0.146	2
0.146	2
0.154	2
0.161	2
0.163	2
0.166	2
0.168	2
0.168	2
0.172	2
0.173	2
0.175	2
0.178	2
0.178	2
0.179	2
0.184	2
0.188	2
0.191	2
0.191	2
0.193	2
0.193	2
0.199	2
0.207	2
0.209	2
0.211	2
0.219	2
0.219	2
0.222	2
0.225	2
0.228	2
0.228	2
0.23	2
0.231	2
0.231	2
0.231	2
0.236	2
0.239	2
0.243	2
0.243	2
0.254	2
0.255	2
0.255	2
0.258	2
0.259	3
0.26	3
0.268	3
0.268	3
0.273	3
0.278	3
0.279	3
0.285	3
0.287	3
0.288	3
0.292	3
0.298	3
0.302	3
0.312	3
0.324	3
0.325	3
0.327	3
0.332	3
0.333	3
0.335	3
0.347	3
0.348	3
0.348	3
0.369	3
0.372	3
0.372	3
0.378	3
0.379	3
0.379	3
0.384	3
0.386	3
0.389	3
0.393	3
0.395	3
0.395	3
0.397	3
0.4	3
0.41	3
0.418	3
0.42	3
0.421	3
0.431	3
0.438	3
0.439	3
0.44	3
0.441	3
0.445	3
0.45	3
0.457	3
0.457	3
0.462	3
0.465	3
0.47	3
0.47	3
0.475	3
0.48	3
0.482	3
0.484	3
0.484	3
0.488	3
0.492	3
0.506	3
0.506	3
0.508	3
0.511	3
0.513	3
0.513	3
0.517	3
0.521	3
0.523	3
0.527	3
0.528	3
0.533	3
0.533	3
0.536	3
0.537	3
0.541	3
0.543	3
0.544	3
0.544	3
0.545	3
0.548	3
0.55	3
0.551	3
0.552	3
0.553	3
0.553	3
0.554	3
0.557	3
0.561	3
0.563	3
0.565	3
0.569	3
0.571	3
0.581	3
0.584	3
0.589	3
0.59	3
0.591	3
0.591	3
0.593	3
0.596	3
0.598	3
0.6	3
0.601	3
0.607	3
0.608	3
0.609	3
0.61	3
0.613	3
0.617	3
0.625	3
0.626	3
0.631	3
0.636	3
0.642	3
0.644	3
0.644	3
0.65	3
0.654	3
0.662	3
0.664	3
0.667	3
0.667	3
0.668	3
0.67	3
0.67	3
0.67	3
0.671	3
0.678	3
0.681	3
0.683	3
0.687	3
0.699	3
0.7	3
0.701	3
0.715	3
0.716	3
0.72	3
0.727	3
0.727	3
0.733	3
0.74	3
0.744	3
0.745	3
0.748	3
0.754	3
0.759	3
0.76	3
0.762	3
0.768	3
0.77	3
0.778	3
0.783	3
0.795	3
0.795	3
0.797	3
0.808	3
0.82	3
0.822	3
0.822	3
0.826	4
0.833	4
0.833	4
0.835	4
0.835	4
0.838	4
0.843	4
0.858	4
0.861	4
0.867	4
0.87	4
0.88	4
0.883	4
0.895	4
0.899	4
0.91	4
0.913	4
0.914	4
0.92	4
0.932	4
0.935	4
0.943	4
0.962	4
0.974	4
0.997	4
1.001	4
1.005	4
1.026	4
1.031	4
1.044	4
1.048	4
1.053	4
1.058	4
1.07	4
1.072	4
1.083	4
1.12	4
1.138	4
1.159	4
1.163	4
1.223	4
1.281	4
1.387	4
1.39	4
1.395	4
1.397	4
1.421	4
1.561	4
1.659	4
1.718	4
1.787	4
2.033	4
2.073	4
2.073	4
2.183	4
2.192	4
2.334	4
2.334	3
2.575	3
2.599	3
2.669	3
2.692	3
2.703	3
2.786	3
2.883	3
3.037	3
3.235	3
3.253	3
3.315	3
3.476	3
3.661	3
3.677	3
3.689	3
3.924	3
3.926	3
4.095	3
4.319	3
4.335	3
4.389	3
4.571	3
4.678	3
4.69	3
4.729	3
4.739	3
5.033	3
5.037	3
5.068	3
5.442	3
5.465	3
5.504	3
5.533	3
5.545	3
5.635	3
5.672	3
5.775	3
5.909	3
6.003	3
6.044	3
6.08	3
6.136	3
6.14	3
6.203	3
6.24	3
6.348	3
6.423	3
6.483	3
6.728	3
6.793	3
6.823	3
6.829	3
6.878	3
6.899	3
6.919	3
6.936	3
6.986	3
7.045	3
7.087	3
7.11	3
7.16	3
7.187	3
7.265	3
7.404	3
7.438	3
7.569	3
7.581	3
7.651	3
7.779	3
7.816	3
7.818	3
7.91	3
8.085	3
8.101	3
8.114	3
8.236	3
8.251	3
8.395	3
8.619	3
8.725	3
9.249	3
9.299	3
9.405	3
9.606	3
9.72	3
9.784	3
10.005	3
10.281	3
10.289	3
10.29	3
10.316	3
10.553	3
10.592	3
10.746	3
10.815	3
10.828	3
10.889	3
11.152	3
11.24	3
11.257	3
11.5	3
11.73	3
11.821	3
11.874	3
12.073	3
12.088	3
12.377	3
12.477	3
12.659	3
13.197	3
13.319	3
13.361	3
13.457	3
13.608	3
13.636	3
13.699	3
13.743	3
13.782	3
13.905	3
13.963	3
14.305	3
14.42	3
14.496	3
14.516	3
14.537	3
14.612	3
14.663	3
14.797	3
15.076	3
15.762	3
16.699	3
16.744	3
17.2	3
17.297	3
17.354	3
17.804	3
18.072	3
18.077	3
18.421	3
18.847	3
18.921	3
18.982	3
19.694	3
20.495	3
20.498	3
23.86	3
24.05	3
24.101	3
24.353	3
24.635	3
24.638	3
24.67	3
25.01	3
25.341	3
26.855	3
34.928	3
47.143	3
0.0	1
0.001	1
0.001	1
0.002	1
0.002	1
0.003	1
0.003	1
0.003	1
0.003	1
0.004	1
0.004	1
0.004	1
0.005	1
0.005	1
0.005	1
0.005	1
0.006	1
0.007	1
0.007	1
0.009	1
0.011	1
0.019	1
0.027	1
0.035	1
0.044	1
0.046	1
0.06	1
0.061	1
0.068	1
0.077	1
0.086	1
0.107	1
0.111	1
0.115	1
0.12	1
0.124	1
0.125	1
0.126	1
0.129	1
0.132	1
0.139	1
0.14	1
0.143	1
0.144	1
0.146	1
0.146	1
0.154	1
0.161	1
0.163	1
0.166	1
0.168	1
0.168	1
0.172	1
0.173	1
0.175	1
0.178	1
0.178	1
0.179	2
0.184	2
0.188	2
0.191	2
0.191	2
0.193	2
0.193	2
0.199	2
0.207	2
0.209	2
0.211	2
0.219	2
0.219	2
0.222	2
0.225	2
0.228	2
0.228	2
0.23	2
0.231	2
0.231	2
0.231	2
0.236	2
0.239	2
0.243	2
0.243	2
0.254	2
0.255	2
0.255	2
0.258	2
0.259	2
0.26	2
0.268	2
0.268	2
0.273	2
0.278	2
0.279	2
0.285	2
0.287	2
0.288	2
0.292	2
0.298	2
0.302	2
0.312	2
0.324	2
0.325	2
0.327	2
0.332	2
0.333	2
0.335	2
0.347	2
0.348	2
0.348	2
0.369	2
0.372	2
0.372	2
0.378	2
0.379	2
0.379	2
0.384	2
0.386	2
0.389	2
0.393	2
0.395	2
0.395	2
0.397	2
0.4	2
0.41	2
0.418	2
0.42	2
0.421	2
0.431	2
0.438	2
0.439	2
0.44	2
0.441	2
0.445	2
0.45	2
0.457	2
0.457	2
0.462	2
0.465	2
0.47	2
0.47	2
0.475	2
0.48	2
0.482	2
0.484	2
0.484	2
0.488	2
0.492	2
0.506	2
0.506	2
0.508	2
0.511	2
0.513	3
0.513	3
0.517	3
0.521	3
0.523	3
0.527	3
0.528	3
0.533	3
0.533	3
0.536	3
0.537	3
0.541	3
0.543	3
0.544	3
0.544	3
0.545	3
0.548	3
0.55	3
0.551	3
0.552	3
0.553	3
0.553	3
0.554	3
0.557	3
0.561	3
0.563	3
0.565	3
0.569	3
0.571	3
0.581	3
0.584	3
0.589	3
0.59	3
0.591	3
0.591	3
0.593	3
0.596	3
0.598	3
0.6	3
0.601	3
0.607	3
0.608	3
0.609	3
0.61	3
0.613	3
0.617	3
0.625	3
0.626	3
0.631	3
0.636	3
0.642	3
0.644	3
0.644	3
0.65	3
0.654	3
0.662	3
0.664	3
0.667	3
0.667	3
0.668	3
0.67	3
0.67	3
0.67	3
0.671	3
0.678	3
0.681	3
0.683	3
0.687	3
0.699	3
0.7	3
0.701	3
0.715	3
0.716	3
0.72	3
0.727	3
0.727	3
0.733	3
0.74	3
0.744	3
0.745	3
0.748	3
0.754	3
0.759	3
0.76	3
0.762	3
0.768	3
0.77	3
0.778	3
0.783	3
0.795	3
0.795	3
0.797	3
0.808	3
0.82	3
0.822	3
0.822	3
0.826	3
0.833	3
0.833	4
0.835	4
0.835	4
0.838	4
0.843	4
0.858	4
0.861	4
0.867	5
0.87	5
0.88	5
0.883	5
0.895	5
0.899	5
0.91	5
0.913	5
0.914	5
0.92	5
0.932	5
0.935	6
0.943	6
0.962	6
0.974	6
0.997	6
1.001	6
1.005	6
1.026	6
1.031	6
1.044	6
1.048	6
1.053	6
1.058	6
1.07	7
1.072	7
1.083	7
1.12	7
1.138	7
1.159	7
1.163	7
1.223	7
1.281	7
1.387	7
1.39	7
1.395	7
1.397	7
1.421	7
1.561	7
1.659	7
1.718	7
1.787	7
2.033	7
2.073	7
2.073	7
2.183	7
2.192	7
2.334	7
2.334	7
2.575	7
2.599	7
2.669	7
2.692	7
2.703	7
2.786	6
2.883	6
3.037	6
3.235	6
3.253	6
3.315	6
3.476	6
3.661	6
3.677	6
3.689	6
3.924	6
3.926	6
4.095	6
4.319	6
4.335	6
4.389	6
4.571	6
4.678	6
4.69	6
4.729	6
4.739	6
5.033	6
5.037	6
5.068	6
5.442	6
5.465	6
5.504	6
5.533	6
5.545	6
5.635	6
5.672	6
5.775	6
5.909	6
6.003	6
6.044	6
6.08	6
6.136	6
6.14	6
6.203	6
6.24	6
6.348	6
6.423	6
6.483	6
6.728	6
6.793	6
6.823	6
6.829	6
6.878	6
6.899	6
6.919	6
6.936	6
6.986	6
7.045	6
7.087	6
7.11	6
7.16	6
7.187	6
7.265	6
7.404	6
7.438	6
7.569	6
7.581	6
7.651	6
7.779	6
7.816	6
7.818	6
7.91	6
8.085	6
8.101	6
8.114	6
8.236	6
8.251	6
8.395	6
8.619	6
8.725	6
9.249	6
9.299	6
9.405	6
9.606	6
9.72	6
9.784	6
10.005	6
10.281	6
10.289	6
10.29	6
10.316	6
10.553	6
10.592	6
10.746	6
10.815	6
10.828	6
10.889	6
11.152	6
11.24	6
11.257	6
11.5	6
11.73	6
11.821	5
11.874	5
12.073	5
12.088	5
12.377	5
12.477	4
12.659	4
13.197	4
13.319	4
13.361	4
13.457	4
13.608	4
13.636	4
13.699	4
13.743	4
13.782	4
13.905	4
13.963	4
14.305	4
14.42	4
14.496	4
14.516	4
14.537	4
14.612	4
14.663	4
14.797	4
15.076	4
15.762	4
16.699	4
16.744	4
17.2	4
17.297	4
17.354	4
17.804	4
18.072	4
18.077	4
18.421	4
18.847	4
18.921	3
18.982	3
19.694	3
20.495	3
20.498	3
23.86	3
24.05	3
24.101	3
24.353	3
24.635	3
24.638	3
24.67	3
25.01	3
25.341	3
26.855	3
34.928	3
47.143	3
0.0	1
0.0	1
0.001	1
0.001	1
0.002	1
0.002	1
0.002	1
0.002	1
0.003	1
0.003	1
0.003	1
0.004	1
0.004	1
0.004	1
0.004	1
0.005	1
0.006	1
0.006	1
0.008	1
0.01	1
0.018	1
0.026	1
0.034	1
0.043	1
0.045	1
0.059	1
0.06	1
0.067	1
0.076	1
0.085	1
0.106	1
0.11	1
0.114	1
0.119	1
0.123	1
0.124	1
0.125	1
0.128	1
0.131	1
0.138	1
0.139	1
0.142	1
0.143	1
0.145	1
0.145	1
0.153	1
0.16	1
0.162	1
0.165	1
0.167	1
0.167	1
0.171	1
0.172	1
0.174	1
0.177	1
0.177	1
0.178	1
0.183	1
0.187	1
0.19	1
0.19	1
0.192	1
0.192	1
0.198	1
0.206	1
0.208	1
0.21	1
0.218	1
0.218	1
0.221	1
0.224	1
0.227	1
0.227	1
0.229	1
0.23	1
0.23	1
0.23	1
0.235	1
0.238	1
0.242	1
0.242	1
0.253	1
0.254	1
0.254	1
0.257	1
0.258	1
0.259	1
0.267	1
0.267	1
0.272	1
0.277	1
0.278	1
0.284	1
0.286	1
0.287	1
0.291	1
0.297	1
0.301	1
0.311	1
0.323	1
0.324	1
0.326	1
0.331	1
0.332	1
0.334	1
0.346	1
0.347	1
0.347	1
0.368	1
0.371	1
0.371	1
0.377	1
0.378	1
0.378	1
0.383	1
0.385	1
0.388	1
0.392	1
0.394	1
0.394	1
0.396	1
0.399	1
0.409	1
0.417	1
0.419	1
0.42	1
0.43	1
0.437	1
0.438	1
0.439	1
0.44	1
0.444	1
0.449	1
0.456	1
0.456	1
0.461	1
0.464	1
0.469	1
0.469	1
0.474	1
0.479	1
0.481	1
0.483	1
0.483	1
0.487	1
0.491	1
0.505	1
0.505	1
0.507	1
0.51	1
0.512	1
0.512	1
0.516	1
0.52	1
0.522	1
0.526	1
0.527	1
0.532	1
0.532	1
0.535	1
0.536	1
0.54	1
0.542	1
0.543	1
0.543	1
0.544	1
0.547	1
0.549	1
0.55	1
0.551	1
0.552	1
0.552	1
0.553	1
0.556	1
0.56	1
0.562	1
0.564	1
0.568	1
0.57	1
0.58	1
0.583	1
0.588	1
0.589	1
0.59	1
0.59	1
0.592	1
0.595	1
0.597	1
0.599	1
0.6	1
0.606	1
0.607	1
0.608	1
0.609	1
0.612	1
0.616	1
0.624	1
0.625	1
0.63	1
0.635	1
0.641	1
0.643	1
0.643	1
0.649	1
0.653	1
0.661	1
0.663	1
0.666	1
0.666	1
0.667	1
0.669	1
0.669	1
0.669	1
0.67	1
0.677	1
0.68	1
0.682	1
0.686	1
0.698	1
0.699	2
0.7	2
0.714	3
0.715	3
0.719	3
0.726	3
0.726	4
0.732	4
0.739	4
0.743	4
0.744	4
0.747	4
0.753	4
0.758	4
0.759	4
0.761	4
0.767	4
0.769	4
0.777	4
0.782	4
0.794	5
0.794	5
0.796	5
0.807	5
0.819	5
0.821	5
0.821	5
0.825	5
0.832	5
0.832	5
0.834	6
0.834	6
0.837	6
0.842	6
0.857	6
0.86	6
0.866	6
0.869	6
0.879	6
0.882	6
0.894	6
0.898	6
0.909	6
0.912	6
0.913	6
0.919	6
0.931	6
0.934	6
0.942	6
0.961	6
0.973	6
0.996	6
1.0	7
1.004	7
1.025	7
1.03	7
1.043	7
1.047	7
1.052	7
1.057	7
1.069	7
1.071	7
1.082	8
1.119	8
1.137	8
1.158	8
1.162	8
1.222	8
1.28	8
1.386	8
1.389	8
1.394	8
1.396	8
1.42	8
1.56	8
1.658	8
1.717	8
1.786	8
2.032	8
2.072	8
2.072	8
2.182	8
2.191	8
2.333	8
2.333	8
2.574	8
2.598	8
2.668	8
2.691	8
2.702	8
2.785	8
2.882	8
3.036	8
3.234	8
3.252	8
3.314	8
3.475	8
3.66	8
3.676	8
3.688	8
3.923	8
3.925	8
4.094	8
4.318	7
4.334	7
4.388	7
4.57	7
4.677	7
4.689	7
4.728	7
4.738	7
5.032	7
5.036	7
5.067	7
5.441	7
5.464	7
5.503	7
5.532	7
5.544	7
5.634	7
5.671	7
5.774	7
5.908	7
6.002	7
6.043	7
6.079	7
6.135	7
6.139	7
6.202	7
6.239	7
6.347	7
6.422	7
6.482	7
6.727	7
6.792	7
6.822	7
6.828	7
6.877	7
6.898	7
6.918	7
6.935	7
6.985	7
7.044	7
7.086	7
7.109	7
7.159	7
7.186	7
7.264	7
7.403	7
7.437	7
7.568	7
7.58	7
7.65	6
7.778	6
7.815	6
7.817	6
7.909	5
8.084	4
8.1	4
8.113	4
8.235	4
8.25	4
8.394	4
8.618	4
8.724	4
9.248	4
9.298	4
9.404	4
9.605	4
9.719	4
9.783	4
10.004	4
10.28	4
10.288	4
10.289	4
10.315	4
10.552	3
10.591	3
10.745	3
10.814	3
10.827	3
10.888	3
11.151	3
11.239	3
11.256	3
11.499	3
11.729	3
11.82	3
11.873	3
12.072	3
12.087	3
12.376	3
12.476	3
12.658	3
13.196	3
13.318	3
13.36	3
13.456	3
13.607	3
13.635	3
13.698	3
13.742	3
13.781	3
13.904	3
13.962	3
14.304	3
14.419	3
14.495	3
14.515	3
14.536	3
14.611	3
14.662	3
14.796	3
15.075	3
15.761	3
16.698	3
16.743	3
17.199	3
17.296	3
17.353	3
17.803	3
18.071	3
18.076	3
18.42	3
18.846	3
18.92	3
18.981	3
19.693	3
20.494	3
20.497	3
23.859	3
24.049	3
24.1	3
24.352	3
24.634	3
24.637	3
24.669	3
25.009	3
25.34	3
26.854	3
34.927	3
47.142	3
0.0	1
0.001	1
0.001	1
0.002	1
0.002	1
0.002	1
0.002	1
0.003	1
0.003	1
0.003	1
0.004	1
0.004	1
0.004	1
0.004	1
0.005	1
0.006	1
0.006	1
0.008	1
0.01	1
0.018	1
0.026	1
0.034	1
0.043	1
0.045	1
0.059	1
0.06	1
0.067	1
0.076	1
0.085	1
0.106	1
0.11	1
0.114	1
0.119	1
0.123	1
0.124	1
0.125	1
0.128	1
0.131	1
0.138	1
0.139	1
0.142	1
0.143	1
0.145	1
0.145	1
0.153	1
0.16	1
0.162	1
0.165	1
0.167	1
0.167	1
0.171	1
0.172	1
0.174	1
0.177	1
0.177	1
0.178	1
0.183	1
0.187	1
0.19	1
0.19	1
0.192	1
0.192	1
0.198	1
0.206	1
0.208	1
0.21	1
0.218	1
0.218	1
0.221	1
0.224	1
0.227	1
0.227	1
0.229	1
0.23	1
0.23	1
0.23	1
0.235	1
0.238	1
0.242	1
0.242	1
0.253	1
0.254	1
0.254	1
0.257	1
0.258	1
0.259	1
0.267	1
0.267	1
0.272	1
0.277	1
0.278	1
0.284	1
0.286	2
0.287	2
0.291	2
0.297	2
0.301	2
0.311	2
0.323	2
0.324	2
0.326	2
0.331	2
0.332	2
0.334	2
0.346	2
0.347	2
0.347	2
0.368	2
0.371	2
0.371	2
0.377	2
0.378	2
0.378	2
0.383	2
0.385	2
0.388	2
0.392	2
0.394	2
0.394	2
0.396	2
0.399	2
0.409	2
0.417	2
0.419	2
0.42	2
0.43	2
0.437	2
0.438	2
0.439	2
0.44	2
0.444	2
0.449	2
0.456	2
0.456	2
0.461	2
0.464	2
0.469	2
0.469	3
0.474	3
0.479	3
0.481	3
0.483	3
0.483	3
0.487	3
0.491	3
0.505	3
0.505	3
0.507	3
0.51	3
0.512	3
0.512	3
0.516	3
0.52	3
0.522	3
0.526	3
0.527	3
0.532	3
0.532	3
0.535	3
0.536	3
0.54	3
0.542	3
0.543	3
0.543	3
0.544	3
0.547	3
0.549	4
0.55	4
0.551	4
0.552	4
0.552	4
0.553	4
0.556	4
0.56	4
0.562	4
0.564	4
0.568	4
0.57	4
0.58	4
0.583	4
0.588	4
0.589	4
0.59	4
0.59	4
0.592	4
0.595	4
0.597	4
0.599	4
0.6	4
0.606	4
0.607	4
0.608	4
0.609	4
0.612	4
0.616	4
0.624	4
0.625	4
0.63	4
0.635	4
0.641	4
0.643	4
0.643	4
0.649	4
0.653	4
0.661	4
0.663	4
0.666	4
0.666	4
0.667	4
0.669	4
0.669	4
0.669	4
0.67	4
0.677	4
0.68	4
0.682	4
0.686	4
0.698	4
0.699	4
0.7	4
0.714	4
0.715	4
0.719	4
0.726	4
0.726	4
0.732	4
0.739	4
0.743	4
0.744	4
0.747	4
0.753	4
0.758	4
0.759	4
0.761	4
0.767	4
0.769	4
0.777	4
0.782	4
0.794	4
0.794	4
0.796	4
0.807	4
0.819	4
0.821	5
0.821	5
0.825	5
0.832	5
0.832	5
0.834	5
0.834	5
0.837	5
0.842	5
0.857	5
0.86	5
0.866	5
0.869	5
0.879	5
0.882	5
0.894	5
0.898	6
0.909	6
0.912	6
0.913	6
0.919	6
0.931	6
0.934	6
0.942	6
0.961	6
0.973	6
0.996	6
1.0	6
1.004	6
1.025	6
1.03	6
1.043	6
1.047	6
1.052	6
1.057	6
1.069	6
1.071	6
1.082	6
1.119	6
1.137	6
1.158	6
1.162	6
1.222	6
1.28	6
1.386	6
1.389	6
1.394	6
1.396	6
1.42	6
1.56	6
1.658	6
1.717	6
1.786	6
2.032	6
2.072	6
2.072	6
2.182	6
2.191	6
2.333	6
2.333	6
2.574	6
2.598	6
2.668	6
2.691	6
2.702	6
2.785	6
2.882	6
3.036	6
3.234	6
3.252	6
3.314	6
3.475	6
3.66	6
3.676	6
3.688	6
3.923	6
3.925	6
4.094	6
4.318	6
4.334	6
4.388	6
4.57	6
4.677	6
4.689	6
4.728	6
4.738	6
5.032	6
5.036	6
5.067	6
5.441	6
5.464	6
5.503	6
5.532	6
5.544	6
5.634	6
5.671	6
5.774	6
5.908	6
6.002	6
6.043	6
6.079	6
6.135	6
6.139	6
6.202	6
6.239	6
6.347	6
6.422	5
6.482	5
6.727	5
6.792	5
6.822	5
6.828	4
6.877	4
6.898	4
6.918	4
6.935	4
6.985	4
7.044	4
7.086	4
7.109	4
7.159	4
7.186	4
7.264	4
7.403	4
7.437	4
7.568	4
7.58	4
7.65	4
7.778	4
7.815	4
7.817	4
7.909	4
8.084	4
8.1	4
8.113	4
8.235	4
8.25	4
8.394	4
8.618	4
8.724	4
9.248	4
9.298	4
9.404	4
9.605	4
9.719	4
9.783	4
10.004	4
10.28	4
10.288	4
10.289	4
10.315	4
10.552	4
10.591	4
10.745	4
10.814	4
10.827	4
10.888	4
11.151	4
11.239	4
11.256	4
11.499	4
11.729	4
11.82	4
11.873	4
12.072	4
12.087	4
12.376	4
12.476	4
12.658	4
13.196	4
13.318	4
13.36	4
13.456	4
13.607	4
13.635	4
13.698	4
13.742	4
13.781	4
13.904	4
13.962	4
14.304	4
14.419	4
14.495	4
14.515	4
14.536	4
14.611	4
14.662	3
14.796	3
15.075	3
15.761	3
16.698	3
16.743	3
17.199	3
17.296	3
17.353	3
17.803	3
18.071	3
18.076	3
18.42	3
18.846	3
18.92	3
18.981	3
19.693	3
20.494	3
20.497	3
23.859	3
24.049	3
24.1	3
24.352	3
24.634	3
24.637	3
24.669	3
25.009	3
25.34	3
26.854	3
34.927	3
47.142	3
0.0	1
0.0	1
0.001	1
0.001	1
0.001	1
0.001	1
0.002	1
0.002	1
0.002	1
0.003	1
0.003	1
0.003	1
0.003	1
0.004	1
0.005	1
0.005	1
0.007	1
0.009	1
0.017	1
0.025	1
0.033	1
0.042	1
0.044	1
0.058	1
0.059	1
0.066	1
0.075	1
0.084	1
0.105	1
0.109	2
0.113	2
0.118	2
0.122	2
0.123	2
0.124	2
0.127	2
0.13	2
0.137	2
0.138	2
0.141	2
0.142	2
0.144	2
0.144	2
0.152	2
0.159	2
0.161	2
0.164	2
0.166	2
0.166	2
0.17	2
0.171	2
0.173	2
0.176	2
0.176	2
0.177	2
0.182	2
0.186	2
0.189	2
0.189	2
0.191	2
0.191	2
0.197	2
0.205	2
0.207	2
0.209	2
0.217	2
0.217	2
0.22	2
0.223	2
0.226	2
0.226	2
0.228	2
0.229	2
0.229	2
0.229	2
0.234	2
0.237	2
0.241	2
0.241	2
0.252	2
0.253	2
0.253	2
0.256	2
0.257	2
0.258	2
0.266	2
0.266	2
0.271	2
0.276	2
0.277	2
0.283	2
0.285	2
0.286	2
0.29	2
0.296	2
0.3	2
0.31	2
0.322	2
0.323	2
0.325	2
0.33	2
0.331	2
0.333	2
0.345	2
0.346	2
0.346	2
0.367	2
0.37	2
0.37	2
0.376	2
0.377	2
0.377	2
0.382	2
0.384	2
0.387	2
0.391	2
0.393	2
0.393	2
0.395	2
0.398	2
0.408	2
0.416	2
0.418	2
0.419	2
0.429	2
0.436	2
0.437	2
0.438	2
0.439	2
0.443	2
0.448	2
0.455	2
0.455	2
0.46	2
0.463	2
0.468	2
0.468	2
0.473	2
0.478	2
0.48	2
0.482	2
0.482	2
0.486	2
0.49	2
0.504	2
0.504	2
0.506	2
0.509	2
0.511	2
0.511	2
0.515	2
0.519	2
0.521	2
0.525	2
0.526	2
0.531	3
0.531	3
0.534	3
0.535	3
0.539	3
0.541	3
0.542	4
0.542	4
0.543	4
0.546	4
0.548	4
0.549	4
0.55	4
0.551	4
0.551	4
0.552	4
0.555	4
0.559	4
0.561	5
0.563	5
0.567	5
0.569	5
0.579	5
0.582	5
0.587	5
0.588	5
0.589	5
0.589	5
0.591	5
0.594	5
0.596	5
0.598	5
0.599	5
0.605	5
0.606	5
0.607	5
0.608	5
0.611	5
0.615	5
0.623	6
0.624	6
0.629	6
0.634	6
0.64	6
0.642	6
0.642	6
0.648	6
0.652	6
0.66	6
0.662	6
0.665	6
0.665	7
0.666	7
0.668	7
0.668	7
0.668	7
0.669	7
0.676	7
0.679	7
0.681	7
0.685	7
0.697	7
0.698	7
0.699	7
0.713	7
0.714	7
0.718	7
0.725	7
0.725	7
0.731	7
0.738	7
0.742	7
0.743	7
0.746	7
0.752	7
0.757	7
0.758	7
0.76	7
0.766	7
0.768	7
0.776	7
0.781	7
0.793	7
0.793	7
0.795	7
0.806	8
0.818	8
0.82	8
0.82	8
0.824	8
0.831	8
0.831	8
0.833	8
0.833	8
0.836	8
0.841	8
0.856	8
0.859	8
0.865	8
0.868	8
0.878	8
0.881	8
0.893	8
0.897	8
0.908	8
0.911	8
0.912	8
0.918	8
0.93	8
0.933	8
0.941	8
0.96	8
0.972	8
0.995	8
0.999	8
1.003	8
1.024	8
1.029	8
1.042	8
1.046	8
1.051	8
1.056	8
1.068	8
1.07	8
1.081	8
1.118	8
1.136	8
1.157	8
1.161	8
1.221	8
1.279	8
1.385	8
1.388	8
1.393	8
1.395	8
1.419	8
1.559	8
1.657	8
1.716	8
1.785	8
2.031	8
2.071	8
2.071	8
2.181	8
2.19	8
2.332	8
2.332	8
2.573	8
2.597	8
2.667	8
2.69	8
2.701	8
2.784	8
2.881	8
3.035	8
3.233	8
3.251	8
3.313	8
3.474	8
3.659	8
3.675	8
3.687	8
3.922	8
3.924	8
4.093	8
4.317	8
4.333	8
4.387	7
4.569	7
4.676	7
4.688	7
4.727	7
4.737	7
5.031	7
5.035	7
5.066	7
5.44	7
5.463	7
5.502	7
5.531	7
5.543	7
5.633	7
5.67	7
5.773	7
5.907	7
6.001	7
6.042	7
6.078	7
6.134	7
6.138	7
6.201	7
6.238	7
6.346	7
6.421	7
6.481	7
6.726	7
6.791	7
6.821	7
6.827	7
6.876	7
6.897	7
6.917	7
6.934	7
6.984	7
7.043	7
7.085	7
7.108	7
7.158	7
7.185	7
7.263	7
7.402	7
7.436	7
7.567	7
7.579	7
7.649	7
7.777	7
7.814	7
7.816	7
7.908	7
8.083	7
8.099	7
8.112	7
8.234	7
8.249	7
8.393	6
8.617	6
8.723	6
9.247	6
9.297	6
9.403	6
9.604	6
9.718	6
9.782	6
10.003	6
10.279	6
10.287	6
10.288	6
10.314	6
10.551	6
10.59	6
10.744	6
10.813	6
10.826	6
10.887	6
11.15	6
11.238	6
11.255	6
11.498	6
11.728	6
11.819	6
11.872	6
12.071	6
12.086	6
12.375	5
12.475	5
12.657	5
13.195	5
13.317	5
13.359	5
13.455	5
13.606	5
13.634	5
13.697	5
13.741	4
13.78	4
13.903	4
13.961	4
14.303	4
14.418	4
14.494	4
14.514	4
14.535	4
14.61	4
14.661	4
14.795	4
15.074	3
15.76	3
16.697	3
16.742	3
17.198	3
17.295	3
17.352	3
17.802	3
18.07	3
18.075	3
18.419	3
18.845	3
18.919	3
18.98	3
19.692	3
20.493	3
20.496	3
23.858	3
24.048	3
24.099	3
24.351	3
24.633	3
24.636	3
24.668	3
25.008	3
25.339	3
26.853	3
34.926	3
47.141	3
0.001	1
0.001	1
0.001	1
0.002	1
0.002	1
0.002	1
0.003	1
0.003	1
0.003	1
0.003	1
0.004	1
0.005	1
0.005	1
0.007	1
0.009	1
0.017	1
0.025	1
0.033	1
0.042	1
0.044	1
0.058	1
0.059	1
0.066	1
0.075	1
0.084	1
0.105	1
0.109	1
0.113	1
0.118	1
0.122	1
0.123	1
0.124	1
0.127	2
0.13	2
0.137	2
0.138	2
0.141	2
0.142	2
0.144	2
0.144	2
0.152	2
0.159	2
0.161	2
0.164	2
0.166	2
0.166	2
0.17	2
0.171	2
0.173	2
0.176	2
0.176	2
0.177	2
0.182	2
0.186	2
0.189	2
0.189	2
0.191	2
0.191	2
0.197	2
0.205	2
0.207	2
0.209	2
0.217	2
0.217	2
0.22	2
0.223	2
0.226	2
0.226	2
0.228	2
0.229	2
0.229	2
0.229	2
0.234	2
0.237	2
0.241	2
0.241	2
0.252	2
0.253	2
0.253	2
0.256	2
0.257	2
0.258	2
0.266	2
0.266	2
0.271	2
0.276	2
0.277	2
0.283	2
0.285	2
0.286	2
0.29	2
0.296	2
0.3	2
0.31	2
0.322	2
0.323	2
0.325	2
0.33	2
0.331	2
0.333	2
0.345	2
0.346	2
0.346	2
0.367	2
0.37	2
0.37	2
0.376	2
0.377	2
0.377	2
0.382	2
0.384	2
0.387	2
0.391	2
0.393	2
0.393	2
0.395	2
0.398	2
0.408	2
0.416	2
0.418	2
0.419	2
0.429	3
0.436	3
0.437	3
0.438	3
0.439	3
0.443	3
0.448	3
0.455	3
0.455	3
0.46	3
0.463	3
0.468	3
0.468	3
0.473	3
0.478	3
0.48	3
0.482	3
0.482	3
0.486	3
0.49	3
0.504	3
0.504	3
0.506	3
0.509	3
0.511	3
0.511	3
0.515	3
0.519	3
0.521	3
0.525	3
0.526	3
0.531	3
0.531	3
0.534	3
0.535	3
0.539	3
0.541	3
0.542	3
0.542	3
0.543	3
0.546	3
0.548	3
0.549	3
0.55	3
0.551	3
0.551	3
0.552	3
0.555	3
0.559	3
0.561	3
0.563	3
0.567	4
0.569	4
0.579	4
0.582	4
0.587	4
0.588	4
0.589	4
0.589	4
0.591	4
0.594	4
0.596	4
0.598	4
0.599	4
0.605	4
0.606	4
0.607	4
0.608	4
0.611	4
0.615	4
0.623	4
0.624	4
0.629	4
0.634	4
0.64	4
0.642	4
0.642	4
0.648	4
0.652	4
0.66	4
0.662	4
0.665	4
0.665	4
0.666	4
0.668	4
0.668	4
0.668	4
0.669	4
0.676	4
0.679	4
0.681	4
0.685	4
0.697	4
0.698	4
0.699	4
0.713	4
0.714	4
0.718	4
0.725	4
0.725	4
0.731	4
0.738	4
0.742	4
0.743	4
0.746	4
0.752	4
0.757	4
0.758	4
0.76	4
0.766	4
0.768	4
0.776	4
0.781	4
0.793	4
0.793	4
0.795	4
0.806	4
0.818	4
0.82	4
0.82	4
0.824	4
0.831	4
0.831	4
0.833	4
0.833	4
0.836	4
0.841	4
0.856	4
0.859	4
0.865	4
0.868	4
0.878	4
0.881	4
0.893	4
0.897	4
0.908	4
0.911	4
0.912	4
0.918	4
0.93	4
0.933	4
0.941	4
0.96	4
0.972	4
0.995	4
0.999	4
1.003	4
1.024	4
1.029	4
1.042	4
1.046	4
1.051	4
1.056	4
1.068	4
1.07	4
1.081	4
1.118	4
1.136	4
1.157	4
1.161	4
1.221	4
1.279	4
1.385	4
1.388	4
1.393	4
1.395	4
1.419	4
1.559	4
1.657	4
1.716	3
1.785	3
2.031	3
2.071	3
2.071	3
2.181	3
2.19	3
2.332	3
2.332	3
2.573	3
2.597	3
2.667	3
2.69	3
2.701	3
2.784	3
2.881	3
3.035	3
3.233	3
3.251	3
3.313	3
3.474	3
3.659	3
3.675	3
3.687	3
3.922	3
3.924	3
4.093	3
4.317	3
4.333	3
4.387	3
4.569	3
4.676	3
4.688	3
4.727	3
4.737	3
5.031	3
5.035	3
5.066	3
5.44	3
5.463	3
5.502	3
5.531	3
5.543	3
5.633	3
5.67	3
5.773	3
5.907	3
6.001	3
6.042	3
6.078	3
6.134	3
6.138	3
6.201	3
6.238	3
6.346	3
6.421	3
6.481	3
6.726	3
6.791	3
6.821	3
6.827	3
6.876	3
6.897	3
6.917	3
6.934	3
6.984	3
7.043	3
7.085	3
7.108	3
7.158	3
7.185	3
7.263	3
7.402	3
7.436	3
7.567	3
7.579	3
7.649	3
7.777	3
7.814	3
7.816	3
7.908	3
8.083	3
8.099	3
8.112	3
8.234	3
8.249	3
8.393	3
8.617	3
8.723	3
9.247	3
9.297	3
9.403	3
9.604	3
9.718	3
9.782	3
10.003	3
10.279	3
10.287	3
10.288	3
10.314	3
10.551	3
10.59	3
10.744	3
10.813	3
10.826	3
10.887	3
11.15	3
11.238	3
11.255	3
11.498	3
11.728	3
11.819	3
11.872	3
12.071	3
12.086	3
12.375	3
12.475	3
12.657	3
13.195	3
13.317	3
13.359	3
13.455	3
13.606	3
13.634	3
13.697	3
13.741	3
13.78	3
13.903	3
13.961	3
14.303	3
14.418	3
14.494	3
14.514	3
14.535	3
14.61	3
14.661	3
14.795	3
15.074	3
15.76	3
16.697	3
16.742	3
17.198	3
17.295	3
17.352	3
17.802	3
18.07	3
18.075	3
18.419	3
18.845	3
18.919	3
18.98	3
19.692	3
20.493	3
20.496	3
23.858	3
24.048	3
24.099	3
24.351	3
24.633	3
24.636	3
24.668	3
25.008	3
25.339	3
26.853	3
34.926	3
47.141	3
0.001	1
0.001	1
0.002	1
0.002	1
0.002	1
0.003	1
0.003	1
0.003	1
0.003	1
0.004	1
0.005	1
0.005	1
0.007	1
0.009	1
0.017	1
0.025	1
0.033	1
0.042	1
0.044	1
0.058	1
0.059	1
0.066	1
0.075	1
0.084	1
0.105	1
0.109	1
0.113	1
0.118	1
0.122	1
0.123	1
0.124	1
0.127	1
0.13	1
0.137	1
0.138	1
0.141	1
0.142	1
0.144	1
0.144	1
0.152	1
0.159	1
0.161	1
0.164	2
0.166	2
0.166	2
0.17	2
0.171	2
0.173	2
0.176	2
0.176	2
0.177	2
0.182	2
0.186	2
0.189	2
0.189	2
0.191	2
0.191	2
0.197	2
0.205	2
0.207	2
0.209	2
0.217	2
0.217	2
0.22	2
0.223	2
0.226	2
0.226	2
0.228	2
0.229	2
0.229	3
0.229	3
0.234	3
0.237	3
0.241	3
0.241	3
0.252	3
0.253	3
0.253	3
0.256	3
0.257	3
0.258	3
0.266	3
0.266	3
0.271	3
0.276	3
0.277	3
0.283	3
0.285	3
0.286	3
0.29	3
0.296	3
0.3	3
0.31	3
0.322	3
0.323	3
0.325	3
0.33	3
0.331	3
0.333	3
0.345	3
0.346	3
0.346	3
0.367	3
0.37	3
0.37	3
0.376	3
0.377	3
0.377	3
0.382	3
0.384	3
0.387	3
0.391	3
0.393	3
0.393	3
0.395	3
0.398	3
0.408	3
0.416	3
0.418	3
0.419	3
0.429	3
0.436	3
0.437	3
0.438	3
0.439	3
0.443	3
0.448	3
0.455	3
0.455	3
0.46	3
0.463	3
0.468	3
0.468	3
0.473	3
0.478	3
0.48	3
0.482	3
0.482	3
0.486	3
0.49	3
0.504	3
0.504	3
0.506	3
0.509	3
0.511	3
0.511	3
0.515	3
0.519	3
0.521	3
0.525	3
0.526	3
0.531	3
0.531	3
0.534	3
0.535	3
0.539	3
0.541	3
0.542	3
0.542	3
0.543	3
0.546	3
0.548	3
0.549	3
0.55	3
0.551	3
0.551	3
0.552	3
0.555	3
0.559	3
0.561	3
0.563	3
0.567	3
0.569	3
0.579	3
0.582	3
0.587	3
0.588	3
0.589	3
0.589	3
0.591	3
0.594	3
0.596	3
0.598	3
0.599	3
0.605	3
0.606	3
0.607	3
0.608	3
0.611	3
0.615	3
0.623	3
0.624	3
0.629	3
0.634	3
0.64	3
0.642	3
0.642	3
0.648	3
0.652	3
0.66	3
0.662	3
0.665	3
0.665	3
0.666	3
0.668	3
0.668	3
0.668	3
0.669	3
0.676	3
0.679	3
0.681	3
0.685	3
0.697	3
0.698	3
0.699	3
0.713	3
0.714	3
0.718	3
0.725	3
0.725	3
0.731	3
0.738	3
0.742	3
0.743	3
0.746	3
0.752	3
0.757	3
0.758	3
0.76	3
0.766	3
0.768	3
0.776	3
0.781	3
0.793	3
0.793	3
0.795	3
0.806	3
0.818	3
0.82	3
0.82	3
0.824	3
0.831	3
0.831	3
0.833	3
0.833	3
0.836	3
0.841	3
0.856	3
0.859	3
0.865	3
0.868	3
0.878	3
0.881	3
0.893	3
0.897	3
0.908	3
0.911	3
0.912	3
0.918	3
0.93	3
0.933	3
0.941	3
0.96	3
0.972	3
0.995	3
0.999	3
1.003	3
1.024	3
1.029	3
1.042	3
1.046	3
1.051	3
1.056	3
1.068	3
1.07	3
1.081	3
1.118	3
1.136	3
1.157	3
1.161	3
1.221	3
1.279	3
1.385	3
1.388	3
1.393	3
1.395	3
1.419	3
1.559	3
1.657	3
1.716	3
1.785	3
2.031	3
2.071	3
2.071	3
2.181	3
2.19	3
2.332	3
2.332	3
2.573	3
2.597	3
2.667	3
2.69	3
2.701	3
2.784	3
2.881	3
3.035	3
3.233	3
3.251	3
3.313	3
3.474	3
3.659	3
3.675	3
3.687	3
3.922	3
3.924	3
4.093	3
4.317	3
4.333	3
4.387	3
4.569	3
4.676	3
4.688	3
4.727	3
4.737	3
5.031	3
5.035	3
5.066	3
5.44	3
5.463	3
5.502	3
5.531	3
5.543	3
5.633	3
5.67	3
5.773	3
5.907	3
6.001	3
6.042	3
6.078	3
6.134	3
6.138	3
6.201	3
6.238	3
6.346	3
6.421	3
6.481	3
6.726	3
6.791	3
6.821	3
6.827	3
6.876	3
6.897	3
6.917	3
6.934	3
6.984	3
7.043	3
7.085	3
7.108	3
7.158	3
7.185	3
7.263	3
7.402	3
7.436	3
7.567	3
7.579	3
7.649	3
7.777	3
7.814	3
7.816	3
7.908	3
8.083	3
8.099	3
8.112	3
8.234	3
8.249	3
8.393	3
8.617	3
8.723	3
9.247	3
9.297	3
9.403	3
9.604	3
9.718	3
9.782	3
10.003	3
10.279	3
10.287	3
10.288	3
10.314	3
10.551	3
10.59	3
10.744	3
10.813	3
10.826	3
10.887	3
11.15	3
11.238	3
11.255	3
11.498	3
11.728	3
11.819	3
11.872	3
12.071	3
12.086	3
12.375	3
12.475	3
12.657	3
13.195	3
13.317	3
13.359	3
13.455	3
13.606	3
13.634	3
13.697	3
13.741	3
13.78	3
13.903	3
13.961	3
14.303	3
14.418	3
14.494	3
14.514	3
14.535	3
14.61	3
14.661	3
14.795	3
15.074	3
15.76	3
16.697	3
16.742	3
17.198	3
17.295	3
17.352	3
17.802	3
18.07	3
18.075	3
18.419	3
18.845	3
18.919	3
18.98	3
19.692	3
20.493	3
20.496	3
23.858	3
24.048	3
24.099	3
24.351	3
24.633	3
24.636	3
24.668	3
25.008	3
25.339	3
26.853	3
34.926	3
47.141	3
0.0	1
0.0	1
0.0	1
0.0	1
0.001	1
0.001	1
0.001	1
0.002	1
0.002	1
0.002	1
0.002	1
0.003	1
0.004	1
0.004	1
0.006	1
0.008	1
0.016	1
0.024	1
0.032	1
0.041	1
0.043	1
0.057	1
0.058	1
0.065	1
0.074	1
0.083	1
0.104	1
0.108	1
0.112	1
0.117	1
0.121	1
0.122	1
0.123	1
0.126	1
0.129	1
0.136	1
0.137	1
0.14	1
0.141	1
0.143	1
0.143	1
0.151	1
0.158	1
0.16	1
0.163	1
0.165	1
0.165	1
0.169	1
0.17	1
0.172	1
0.175	1
0.175	1
0.176	1
0.181	1
0.185	1
0.188	1
0.188	1
0.19	1
0.19	1
0.196	1
0.204	1
0.206	1
0.208	1
0.216	1
0.216	1
0.219	1
0.222	1
0.225	1
0.225	1
0.227	1
0.228	1
0.228	1
0.228	1
0.233	1
0.236	1
0.24	1
0.24	1
0.251	1
0.252	1
0.252	1
0.255	1
0.256	1
0.257	1
0.265	1
0.265	1
0.27	1
0.275	1
0.276	1
0.282	1
0.284	1
0.285	1
0.289	1
0.295	1
0.299	1
0.309	1
0.321	1
0.322	1
0.324	1
0.329	1
0.33	1
0.332	1
0.344	1
0.345	1
0.345	1
0.366	1
0.369	1
0.369	1
0.375	1
0.376	1
0.376	1
0.381	1
0.383	1
0.386	1
0.39	1
0.392	1
0.392	1
0.394	1
0.397	1
0.407	1
0.415	1
0.417	1
0.418	1
0.428	1
0.435	1
0.436	1
0.437	1
0.438	1
0.442	1
0.447	1
0.454	1
0.454	1
0.459	1
0.462	1
0.467	1
0.467	1
0.472	1
0.477	1
0.479	1
0.481	1
0.481	1
0.485	1
0.489	1
0.503	1
0.503	1
0.505	1
0.508	1
0.51	1
0.51	1
0.514	1
0.518	1
0.52	1
0.524	1
0.525	1
0.53	1
0.53	1
0.533	1
0.534	1
0.538	1
0.54	1
0.541	1
0.541	1
0.542	1
0.545	1
0.547	1
0.548	1
0.549	1
0.55	1
0.55	1
0.551	1
0.554	1
0.558	1
0.56	1
0.562	1
0.566	1
0.568	1
0.578	1
0.581	1
0.586	1
0.587	1
0.588	1
0.588	1
0.59	1
0.593	1
0.595	1
0.597	1
0.598	1
0.604	1
0.605	1
0.606	1
0.607	1
0.61	1
0.614	1
0.622	1
0.623	1
0.628	1
0.633	1
0.639	1
0.641	1
0.641	1
0.647	1
0.651	1
0.659	1
0.661	1
0.664	1
0.664	1
0.665	1
0.667	1
0.667	1
0.667	1
0.668	1
0.675	1
0.678	1
0.68	1
0.684	1
0.696	1
0.697	1
0.698	1
0.712	1
0.713	1
0.717	1
0.724	1
0.724	1
0.73	1
0.737	1
0.741	1
0.742	1
0.745	1
0.751	1
0.756	1
0.757	1
0.759	1
0.765	1
0.767	1
0.775	1
0.78	1
0.792	1
0.792	1
0.794	1
0.805	1
0.817	1
0.819	1
0.819	2
0.823	2
0.83	2
0.83	2
0.832	2
0.832	2
0.835	2
0.84	2
0.855	2
0.858	2
0.864	2
0.867	2
0.877	2
0.88	2
0.892	2
0.896	2
0.907	2
0.91	2
0.911	2
0.917	2
0.929	3
0.932	3
0.94	4
0.959	4
0.971	4
0.994	4
0.998	4
1.002	4
1.023	4
1.028	4
1.041	4
1.045	4
1.05	4
1.055	4
1.067	4
1.069	4
1.08	4
1.117	4
1.135	4
1.156	4
1.16	4
1.22	4
1.278	4
1.384	4
1.387	4
1.392	4
1.394	4
1.418	4
1.558	4
1.656	3
1.715	3
1.784	3
2.03	3
2.07	3
2.07	3
2.18	3
2.189	3
2.331	3
2.331	3
2.572	3
2.596	3
2.666	3
2.689	3
2.7	3
2.783	3
2.88	3
3.034	3
3.232	3
3.25	3
3.312	3
3.473	3
3.658	3
3.674	3
3.686	3
3.921	3
3.923	3
4.092	3
4.316	3
4.332	3
4.386	3
4.568	3
4.675	3
4.687	3
4.726	3
4.736	3
5.03	3
5.034	3
5.065	3
5.439	3
5.462	3
5.501	3
5.53	3
5.542	3
5.632	3
5.669	3
5.772	3
5.906	3
6.0	3
6.041	3
6.077	3
6.133	3
6.137	3
6.2	3
6.237	3
6.345	3
6.42	3
6.48	3
6.725	3
6.79	3
6.82	3
6.826	3
6.875	3
6.896	3
6.916	3
6.933	3
6.983	3
7.042	3
7.084	3
7.107	3
7.157	3
7.184	3
7.262	3
7.401	3
7.435	3
7.566	3
7.578	3
7.648	3
7.776	3
7.813	3
7.815	3
7.907	3
8.082	3
8.098	3
8.111	3
8.233	3
8.248	3
8.392	3
8.616	3
8.722	3
9.246	3
9.296	3
9.402	3
9.603	3
9.717	3
9.781	3
10.002	3
10.278	3
10.286	3
10.287	3
10.313	3
10.55	3
10.589	3
10.743	3
10.812	3
10.825	3
10.886	3
11.149	3
11.237	3
11.254	3
11.497	3
11.727	3
11.818	3
11.871	3
12.07	3
12.085	3
12.374	3
12.474	3
12.656	3
13.194	3
13.316	3
13.358	3
13.454	3
13.605	3
13.633	3
13.696	3
13.74	3
13.779	3
13.902	3
13.96	3
14.302	3
14.417	3
14.493	3
14.513	3
14.534	3
14.609	3
14.66	3
14.794	3
15.073	3
15.759	3
16.696	3
16.741	3
17.197	3
17.294	3
17.351	3
17.801	3
18.069	3
18.074	3
18.418	3
18.844	3
18.918	3
18.979	3
19.691	3
20.492	3
20.495	3
23.857	3
24.047	3
24.098	3
24.35	3
24.632	3
24.635	3
24.667	3
25.007	3
25.338	3
26.852	3
34.925	3
47.14	3
0.0	1
0.001	1
0.001	1
0.001	1
0.002	1
0.002	1
0.002	1
0.002	1
0.003	1
0.004	1
0.004	1
0.006	1
0.008	1
0.016	1
0.024	1
0.032	1
0.041	1
0.043	1
0.057	1
0.058	1
0.065	1
0.074	1
0.083	1
0.104	1
0.108	1
0.112	1
0.117	1
0.121	1
0.122	1
0.123	1
0.126	1
0.129	1
0.136	1
0.137	1
0.14	1
0.141	1
0.143	1
0.143	1
0.151	1
0.158	1
0.16	1
0.163	1
0.165	1
0.165	1
0.169	1
0.17	1
0.172	1
0.175	1
0.175	1
0.176	1
0.181	1
0.185	1
0.188	1
0.188	1
0.19	1
0.19	1
0.196	1
0.204	1
0.206	1
0.208	1
0.216	1
0.216	1
0.219	1
0.222	1
0.225	1
0.225	1
0.227	1
0.228	1
0.228	1
0.228	1
0.233	1
0.236	1
0.24	1
0.24	1
0.251	1
0.252	1
0.252	1
0.255	1
0.256	1
0.257	1
0.265	1
0.265	1
0.27	1
0.275	1
0.276	1
0.282	1
0.284	1
0.285	1
0.289	1
0.295	1
0.299	1
0.309	1
0.321	1
0.322	1
0.324	1
0.329	1
0.33	1
0.332	1
0.344	1
0.345	1
0.345	1
0.366	1
0.369	1
0.369	1
0.375	1
0.376	2
0.376	2
0.381	2
0.383	2
0.386	2
0.39	2
0.392	2
0.392	2
0.394	2
0.397	2
0.407	2
0.415	2
0.417	2
0.418	2
0.428	2
0.435	2
0.436	2
0.437	2
0.438	2
0.442	3
0.447	3
0.454	3
0.454	3
0.459	3
0.462	3
0.467	3
0.467	3
0.472	3
0.477	3
0.479	3
0.481	3
0.481	3
0.485	3
0.489	3
0.503	3
0.503	3
0.505	3
0.508	3
0.51	3
0.51	3
0.514	3
0.518	3
0.52	3
0.524	3
0.525	3
0.53	3
0.53	3
0.533	3
0.534	3
0.538	3
0.54	3
0.541	3
0.541	3
0.542	3
0.545	3
0.547	3
0.548	3
0.549	3
0.55	3
0.55	3
0.551	3
0.554	3
0.558	3
0.56	3
0.562	3
0.566	3
0.568	3
0.578	3
0.581	3
0.586	3
0.587	3
0.588	3
0.588	3
0.59	3
0.593	3
0.595	3
0.597	3
0.598	3
0.604	3
0.605	3
0.606	3
0.607	3
0.61	3
0.614	3
0.622	3
0.623	3
0.628	3
0.633	3
0.639	3
0.641	3
0.641	3
0.647	3
0.651	3
0.659	3
0.661	3
0.664	3
0.664	3
0.665	3
0.667	3
0.667	3
0.667	3
0.668	3
0.675	3
0.678	3
0.68	3
0.684	3
0.696	3
0.697	3
0.698	3
0.712	3
0.713	3
0.717	3
0.724	3
0.724	3
0.73	3
0.737	3
0.741	3
0.742	3
0.745	3
0.751	3
0.756	3
0.757	3
0.759	3
0.765	3
0.767	3
0.775	3
0.78	4
0.792	4
0.792	4
0.794	4
0.805	4
0.817	4
0.819	4
0.819	4
0.823	4
0.83	4
0.83	4
0.832	4
0.832	4
0.835	4
0.84	4
0.855	4
0.858	4
0.864	4
0.867	5
0.877	5
0.88	5
0.892	5
0.896	5
0.907	5
0.91	5
0.911	5
0.917	5
0.929	5
0.932	5
0.94	5
0.959	5
0.971	5
0.994	5
0.998	5
1.002	5
1.023	5
1.028	5
1.041	5
1.045	5
1.05	5
1.055	5
1.067	5
1.069	5
1.08	5
1.117	5
1.135	5
1.156	5
1.16	5
1.22	5
1.278	5
1.384	5
1.387	5
1.392	5
1.394	5
1.418	5
1.558	5
1.656	5
1.715	5
1.784	5
2.03	5
2.07	5
2.07	5
2.18	5
2.189	5
2.331	5
2.331	5
2.572	5
2.596	5
2.666	5
2.689	5
2.7	5
2.783	5
2.88	5
3.034	5
3.232	5
3.25	5
3.312	5
3.473	5
3.658	5
3.674	5
3.686	5
3.921	5
3.923	5
4.092	5
4.316	5
4.332	5
4.386	5
4.568	5
4.675	5
4.687	5
4.726	5
4.736	5
5.03	5
5.034	5
5.065	5
5.439	5
5.462	5
5.501	5
5.53	5
5.542	5
5.632	5
5.669	5
5.772	5
5.906	5
6.0	5
6.041	5
6.077	5
6.133	5
6.137	5
6.2	5
6.237	5
6.345	5
6.42	5
6.48	5
6.725	5
6.79	4
6.82	4
6.826	4
6.875	4
6.896	4
6.916	4
6.933	4
6.983	4
7.042	3
7.084	3
7.107	3
7.157	3
7.184	3
7.262	3
7.401	3
7.435	3
7.566	2
7.578	2
7.648	2
7.776	2
7.813	2
7.815	2
7.907	2
8.082	2
8.098	3
8.111	3
8.233	3
8.248	3
8.392	3
8.616	3
8.722	3
9.246	3
9.296	3
9.402	3
9.603	3
9.717	3
9.781	3
10.002	3
10.278	3
10.286	3
10.287	3
10.313	3
10.55	3
10.589	3
10.743	3
10.812	3
10.825	3
10.886	3
11.149	3
11.237	3
11.254	3
11.497	3
11.727	3
11.818	3
11.871	3
12.07	3
12.085	3
12.374	3
12.474	3
12.656	3
13.194	3
13.316	3
13.358	3
13.454	3
13.605	3
13.633	3
13.696	3
13.74	3
13.779	3
13.902	3
13.96	3
14.302	3
14.417	3
14.493	3
14.513	3
14.534	3
14.609	3
14.66	3
14.794	3
15.073	3
15.759	3
16.696	3
16.741	3
17.197	3
17.294	3
17.351	3
17.801	3
18.069	3
18.074	3
18.418	3
18.844	3
18.918	3
18.979	3
19.691	3
20.492	3
20.495	3
23.857	3
24.047	3
24.098	3
24.35	3
24.632	3
24.635	3
24.667	3
25.007	3
25.338	3
26.852	3
34.925	3
47.14	3
0.0	1
0.0	1
0.0	1
0.001	1
0.001	1
0.001	1
0.001	1
0.002	1
0.003	1
0.003	1
0.005	1
0.007	1
0.015	1
0.023	1
0.031	1
0.04	1
0.042	1
0.056	1
0.057	1
0.064	1
0.073	1
0.082	1
0.103	1
0.107	1
0.111	1
0.116	1
0.12	1
0.121	1
0.122	1
0.125	1
0.128	1
0.135	1
0.136	1
0.139	1
0.14	1
0.142	1
0.142	1
0.15	1
0.157	1
0.159	1
0.162	1
0.164	2
0.164	2
0.168	2
0.169	2
0.171	2
0.174	2
0.174	2
0.175	2
0.18	2
0.184	2
0.187	2
0.187	2
0.189	2
0.189	2
0.195	2
0.203	2
0.205	2
0.207	2
0.215	2
0.215	2
0.218	2
0.221	3
0.224	3
0.224	3
0.226	3
0.227	3
0.227	3
0.227	3
0.232	3
0.235	3
0.239	4
0.239	4
0.25	4
0.251	4
0.251	4
0.254	4
0.255	4
0.256	4
0.264	4
0.264	4
0.269	4
0.274	4
0.275	4
0.281	4
0.283	4
0.284	4
0.288	4
0.294	4
0.298	4
0.308	4
0.32	4
0.321	4
0.323	4
0.328	4
0.329	4
0.331	4
0.343	4
0.344	4
0.344	4
0.365	4
0.368	4
0.368	4
0.374	4
0.375	4
0.375	4
0.38	4
0.382	4
0.385	4
0.389	4
0.391	4
0.391	4
0.393	4
0.396	4
0.406	4
0.414	4
0.416	4
0.417	4
0.427	4
0.434	4
0.435	4
0.436	4
0.437	4
0.441	4
0.446	4
0.453	4
0.453	4
0.458	4
0.461	4
0.466	4
0.466	4
0.471	4
0.476	4
0.478	4
0.48	4
0.48	4
0.484	4
0.488	4
0.502	4
0.502	4
0.504	4
0.507	4
0.509	4
0.509	4
0.513	4
0.517	4
0.519	4
0.523	4
0.524	4
0.529	4
0.529	4
0.532	4
0.533	4
0.537	4
0.539	4
0.54	4
0.54	4
0.541	4
0.544	4
0.546	4
0.547	4
0.548	4
0.549	4
0.549	4
0.55	4
0.553	4
0.557	4
0.559	4
0.561	4
0.565	4
0.567	4
0.577	4
0.58	4
0.585	4
0.586	4
0.587	4
0.587	4
0.589	4
0.592	4
0.594	4
0.596	4
0.597	4
0.603	4
0.604	4
0.605	4
0.606	4
0.609	4
0.613	4
0.621	4
0.622	4
0.627	4
0.632	4
0.638	4
0.64	4
0.64	4
0.646	4
0.65	4
0.658	4
0.66	4
0.663	4
0.663	4
0.664	4
0.666	4
0.666	4
0.666	4
0.667	4
0.674	4
0.677	4
0.679	4
0.683	4
0.695	4
0.696	4
0.697	4
0.711	4
0.712	4
0.716	4
0.723	4
0.723	4
0.729	4
0.736	4
0.74	4
0.741	4
0.744	4
0.75	4
0.755	4
0.756	4
0.758	4
0.764	4
0.766	4
0.774	4
0.779	4
0.791	4
0.791	4
0.793	4
0.804	4
0.816	4
0.818	4
0.818	4
0.822	4
0.829	4
0.829	4
0.831	4
0.831	4
0.834	4
0.839	4
0.854	4
0.857	4
0.863	4
0.866	4
0.876	4
0.879	4
0.891	4
0.895	4
0.906	4
0.909	4
0.91	4
0.916	4
0.928	4
0.931	4
0.939	4
0.958	4
0.97	4
0.993	4
0.997	4
1.001	4
1.022	4
1.027	4
1.04	4
1.044	4
1.049	4
1.054	4
1.066	4
1.068	4
1.079	4
1.116	4
1.134	4
1.155	4
1.159	4
1.219	4
1.277	4
1.383	4
1.386	4
1.391	4
1.393	4
1.417	4
1.557	4
1.655	4
1.714	4
1.783	4
2.029	4
2.069	4
2.069	4
2.179	3
2.188	3
2.33	3
2.33	3
2.571	3
2.595	3
2.665	3
2.688	3
2.699	3
2.782	3
2.879	3
3.033	3
3.231	3
3.249	3
3.311	3
3.472	3
3.657	3
3.673	3
3.685	3
3.92	3
3.922	3
4.091	3
4.315	3
4.331	3
4.385	3
4.567	3
4.674	3
4.686	3
4.725	3
4.735	3
5.029	3
5.033	3
5.064	3
5.438	3
5.461	3
5.5	3
5.529	3
5.541	3
5.631	3
5.668	3
5.771	3
5.905	3
5.999	3
6.04	3
6.076	3
6.132	3
6.136	3
6.199	3
6.236	3
6.344	3
6.419	3
6.479	3
6.724	3
6.789	3
6.819	3
6.825	3
6.874	3
6.895	3
6.915	3
6.932	3
6.982	3
7.041	3
7.083	3
7.106	3
7.156	3
7.183	3
7.261	3
7.4	3
7.434	3
7.565	3
7.577	3
7.647	3
7.775	3
7.812	3
7.814	3
7.906	3
8.081	3
8.097	3
8.11	3
8.232	3
8.247	3
8.391	3
8.615	3
8.721	3
9.245	3
9.295	3
9.401	3
9.602	3
9.716	3
9.78	3
10.001	3
10.277	3
10.285	3
10.286	3
10.312	3
10.549	3
10.588	3
10.742	3
10.811	3
10.824	3
10.885	3
11.148	3
11.236	3
11.253	3
11.496	3
11.726	3
11.817	3
11.87	3
12.069	3
12.084	3
12.373	3
12.473	3
12.655	3
13.193	3
13.315	3
13.357	3
13.453	3
13.604	3
13.632	3
13.695	3
13.739	3
13.778	3
13.901	3
13.959	3
14.301	3
14.416	3
14.492	3
14.512	3
14.533	3
14.608	3
14.659	3
14.793	3
15.072	3
15.758	3
16.695	3
16.74	3
17.196	3
17.293	3
17.35	3
17.8	3
18.068	3
18.073	3
18.417	3
18.843	3
18.917	3
18.978	3
19.69	3
20.491	3
20.494	3
23.856	3
24.046	3
24.097	3
24.349	3
24.631	3
24.634	3
24.666	3
25.006	3
25.337	3
26.851	3
34.924	3
47.139	3
0.0	1
0.0	1
0.001	1
0.001	1
0.001	1
0.001	1
0.002	1
0.003	1
0.003	1
0.005	1
0.007	1
0.015	1
0.023	1
0.031	1
0.04	1
0.042	1
0.056	1
0.057	1
0.064	1
0.073	1
0.082	1
0.103	1
0.107	1
0.111	1
0.116	1
0.12	1
0.121	1
0.122	1
0.125	1
0.128	1
0.135	1
0.136	1
0.139	1
0.14	1
0.142	1
0.142	1
0.15	1
0.157	1
0.159	1
0.162	1
0.164	1
0.164	1
0.168	1
0.169	1
0.171	1
0.174	1
0.174	1
0.175	1
0.18	1
0.184	1
0.187	1
0.187	1
0.189	1
0.189	1
0.195	1
0.203	1
0.205	1
0.207	1
0.215	1
0.215	1
0.218	2
0.221	2
0.224	2
0.224	2
0.226	2
0.227	2
0.227	2
0.227	2
0.232	2
0.235	2
0.239	2
0.239	2
0.25	2
0.251	2
0.251	2
0.254	2
0.255	2
0.256	2
0.264	2
0.264	2
0.269	2
0.274	2
0.275	2
0.281	2
0.283	2
0.284	2
0.288	2
0.294	2
0.298	2
0.308	2
0.32	2
0.321	2
0.323	2
0.328	2
0.329	2
0.331	2
0.343	2
0.344	2
0.344	2
0.365	2
0.368	2
0.368	2
0.374	2
0.375	2
0.375	2
0.38	2
0.382	2
0.385	2
0.389	3
0.391	3
0.391	3
0.393	3
0.396	3
0.406	3
0.414	3
0.416	3
0.417	3
0.427	3
0.434	3
0.435	3
0.436	3
0.437	3
0.441	3
0.446	3
0.453	3
0.453	3
0.458	3
0.461	3
0.466	3
0.466	3
0.471	3
0.476	3
0.478	3
0.48	3
0.48	3
0.484	3
0.488	3
0.502	3
0.502	3
0.504	3
0.507	3
0.509	3
0.509	3
0.513	3
0.517	3
0.519	3
0.523	3
0.524	3
0.529	3
0.529	3
0.532	3
0.533	3
0.537	3
0.539	3
0.54	3
0.54	3
0.541	3
0.544	3
0.546	3
0.547	3
0.548	3
0.549	3
0.549	3
0.55	3
0.553	3
0.557	3
0.559	3
0.561	3
0.565	3
0.567	3
0.577	3
0.58	3
0.585	3
0.586	3
0.587	3
0.587	3
0.589	3
0.592	3
0.594	3
0.596	3
0.597	3
0.603	3
0.604	3
0.605	3
0.606	3
0.609	3
0.613	3
0.621	3
0.622	3
0.627	3
0.632	3
0.638	3
0.64	3
0.64	3
0.646	3
0.65	3
0.658	3
0.66	3
0.663	3
0.663	3
0.664	3
0.666	3
0.666	3
0.666	3
0.667	3
0.674	3
0.677	3
0.679	3
0.683	3
0.695	3
0.696	3
0.697	3
0.711	3
0.712	3
0.716	3
0.723	3
0.723	3
0.729	3
0.736	3
0.74	3
0.741	3
0.744	3
0.75	3
0.755	4
0.756	4
0.758	4
0.764	4
0.766	4
0.774	5
0.779	5
0.791	5
0.791	5
0.793	5
0.804	5
0.816	5
0.818	5
0.818	5
0.822	5
0.829	5
0.829	5
0.831	5
0.831	5
0.834	5
0.839	5
0.854	5
0.857	5
0.863	5
0.866	5
0.876	6
0.879	6
0.891	6
0.895	6
0.906	6
0.909	6
0.91	6
0.916	6
0.928	6
0.931	6
0.939	6
0.958	6
0.97	6
0.993	6
0.997	6
1.001	6
1.022	6
1.027	6
1.04	6
1.044	6
1.049	6
1.054	6
1.066	6
1.068	6
1.079	6
1.116	6
1.134	6
1.155	6
1.159	6
1.219	6
1.277	6
1.383	6
1.386	6
1.391	6
1.393	5
1.417	5
1.557	5
1.655	5
1.714	5
1.783	5
2.029	5
2.069	5
2.069	5
2.179	5
2.188	5
2.33	5
2.33	5
2.571	5
2.595	5
2.665	5
2.688	5
2.699	5
2.782	5
2.879	5
3.033	5
3.231	5
3.249	5
3.311	5
3.472	5
3.657	5
3.673	5
3.685	5
3.92	5
3.922	5
4.091	5
4.315	5
4.331	5
4.385	5
4.567	5
4.674	5
4.686	5
4.725	5
4.735	5
5.029	5
5.033	5
5.064	5
5.438	5
5.461	5
5.5	5
5.529	4
5.541	4
5.631	4
5.668	4
5.771	4
5.905	4
5.999	4
6.04	4
6.076	4
6.132	4
6.136	4
6.199	4
6.236	4
6.344	4
6.419	4
6.479	4
6.724	4
6.789	4
6.819	4
6.825	4
6.874	4
6.895	4
6.915	4
6.932	4
6.982	4
7.041	4
7.083	4
7.106	4
7.156	4
7.183	4
7.261	4
7.4	4
7.434	4
7.565	4
7.577	4
7.647	4
7.775	4
7.812	4
7.814	4
7.906	4
8.081	4
8.097	4
8.11	4
8.232	4
8.247	4
8.391	4
8.615	4
8.721	4
9.245	4
9.295	4
9.401	4
9.602	4
9.716	4
9.78	4
10.001	4
10.277	4
10.285	4
10.286	4
10.312	4
10.549	4
10.588	4
10.742	3
10.811	3
10.824	3
10.885	3
11.148	3
11.236	3
11.253	3
11.496	3
11.726	3
11.817	3
11.87	3
12.069	3
12.084	3
12.373	3
12.473	3
12.655	3
13.193	3
13.315	3
13.357	3
13.453	3
13.604	3
13.632	3
13.695	3
13.739	3
13.778	3
13.901	3
13.959	3
14.301	3
14.416	3
14.492	3
14.512	3
14.533	3
14.608	3
14.659	3
14.793	3
15.072	3
15.758	3
16.695	3
16.74	3
17.196	3
17.293	3
17.35	3
17.8	3
18.068	3
18.073	3
18.417	3
18.843	3
18.917	3
18.978	3
19.69	3
20.491	3
20.494	3
23.856	3
24.046	3
24.097	3
24.349	3
24.631	3
24.634	3
24.666	3
25.006	3
25.337	3
26.851	3
34.924	3
47.139	3
0.0	1
0.001	1
0.001	1
0.001	1
0.001	1
0.002	1
0.003	1
0.003	1
0.005	1
0.007	1
0.015	1
0.023	1
0.031	1
0.04	1
0.042	1
0.056	1
0.057	1
0.064	1
0.073	1
0.082	1
0.103	1
0.107	1
0.111	1
0.116	1
0.12	1
0.121	1
0.122	1
0.125	1
0.128	1
0.135	1
0.136	1
0.139	1
0.14	1
0.142	1
0.142	1
0.15	1
0.157	1
0.159	1
0.162	1
0.164	1
0.164	1
0.168	1
0.169	1
0.171	1
0.174	1
0.174	1
0.175	1
0.18	1
0.184	1
0.187	1
0.187	1
0.189	1
0.189	1
0.195	1
0.203	1
0.205	1
0.207	1
0.215	1
0.215	1
0.218	1
0.221	1
0.224	1
0.224	1
0.226	1
0.227	1
0.227	1
0.227	1
0.232	1
0.235	1
0.239	1
0.239	1
0.25	1
0.251	1
0.251	1
0.254	1
0.255	1
0.256	1
0.264	1
0.264	1
0.269	1
0.274	1
0.275	1
0.281	1
0.283	1
0.284	1
0.288	1
0.294	1
0.298	1
0.308	1
0.32	1
0.321	1
0.323	1
0.328	1
0.329	1
0.331	1
0.343	2
0.344	2
0.344	2
0.365	2
0.368	2
0.368	2
0.374	2
0.375	2
0.375	2
0.38	2
0.382	2
0.385	2
0.389	2
0.391	2
0.391	2
0.393	2
0.396	2
0.406	2
0.414	2
0.416	2
0.417	2
0.427	2
0.434	2
0.435	2
0.436	2
0.437	2
0.441	2
0.446	2
0.453	2
0.453	2
0.458	2
0.461	2
0.466	2
0.466	2
0.471	2
0.476	2
0.478	2
0.48	2
0.48	2
0.484	2
0.488	2
0.502	2
0.502	2
0.504	2
0.507	2
0.509	2
0.509	2
0.513	2
0.517	2
0.519	2
0.523	2
0.524	2
0.529	2
0.529	2
0.532	2
0.533	2
0.537	2
0.539	2
0.54	2
0.54	2
0.541	2
0.544	2
0.546	2
0.547	2
0.548	2
0.549	2
0.549	2
0.55	2
0.553	2
0.557	2
0.559	2
0.561	2
0.565	2
0.567	2
0.577	2
0.58	2
0.585	2
0.586	2
0.587	2
0.587	2
0.589	2
0.592	2
0.594	2
0.596	2
0.597	2
0.603	2
0.604	2
0.605	2
0.606	2
0.609	2
0.613	2
0.621	2
0.622	2
0.627	2
0.632	2
0.638	2
0.64	2
0.64	2
0.646	2
0.65	2
0.658	2
0.66	2
0.663	2
0.663	2
0.664	2
0.666	2
0.666	2
0.666	2
0.667	2
0.674	2
0.677	2
0.679	2
0.683	2
0.695	2
0.696	2
0.697	2
0.711	2
0.712	2
0.716	2
0.723	2
0.723	2
0.729	2
0.736	2
0.74	2
0.741	2
0.744	2
0.75	2
0.755	2
0.756	2
0.758	2
0.764	2
0.766	2
0.774	2
0.779	2
0.791	2
0.791	2
0.793	2
0.804	2
0.816	2
0.818	2
0.818	2
0.822	2
0.829	2
0.829	2
0.831	2
0.831	2
0.834	3
0.839	3
0.854	3
0.857	3
0.863	3
0.866	3
0.876	3
0.879	3
0.891	3
0.895	3
0.906	3
0.909	3
0.91	3
0.916	4
0.928	4
0.931	4
0.939	4
0.958	4
0.97	4
0.993	4
0.997	4
1.001	5
1.022	5
1.027	5
1.04	5
1.044	5
1.049	5
1.054	5
1.066	5
1.068	4
1.079	4
1.116	5
1.134	5
1.155	5
1.159	6
1.219	6
1.277	6
1.383	6
1.386	6
1.391	6
1.393	6
1.417	6
1.557	6
1.655	6
1.714	6
1.783	6
2.029	6
2.069	6
2.069	6
2.179	6
2.188	6
2.33	6
2.33	6
2.571	6
2.595	6
2.665	6
2.688	6
2.699	6
2.782	6
2.879	6
3.033	6
3.231	6
3.249	6
3.311	6
3.472	6
3.657	6
3.673	6
3.685	6
3.92	6
3.922	6
4.091	6
4.315	6
4.331	6
4.385	6
4.567	6
4.674	6
4.686	6
4.725	6
4.735	6
5.029	6
5.033	6
5.064	6
5.438	6
5.461	6
5.5	6
5.529	6
5.541	6
5.631	6
5.668	6
5.771	6
5.905	6
5.999	6
6.04	6
6.076	6
6.132	6
6.136	6
6.199	6
6.236	6
6.344	6
6.419	6
6.479	6
6.724	6
6.789	6
6.819	5
6.825	5
6.874	5
6.895	5
6.915	5
6.932	5
6.982	5
7.041	5
7.083	5
7.106	5
7.156	5
7.183	4
7.261	4
7.4	4
7.434	4
7.565	4
7.577	4
7.647	4
7.775	4
7.812	4
7.814	4
7.906	4
8.081	4
8.097	4
8.11	4
8.232	4
8.247	4
8.391	4
8.615	4
8.721	3
9.245	3
9.295	3
9.401	3
9.602	3
9.716	3
9.78	3
10.001	3
10.277	3
10.285	3
10.286	3
10.312	3
10.549	3
10.588	3
10.742	3
10.811	3
10.824	3
10.885	3
11.148	3
11.236	3
11.253	3
11.496	3
11.726	3
11.817	3
11.87	3
12.069	3
12.084	3
12.373	3
12.473	3
12.655	3
13.193	3
13.315	3
13.357	3
13.453	3
13.604	3
13.632	3
13.695	3
13.739	3
13.778	3
13.901	3
13.959	3
14.301	3
14.416	3
14.492	3
14.512	3
14.533	3
14.608	3
14.659	3
14.793	3
15.072	3
15.758	3
16.695	3
16.74	3
17.196	3
17.293	3
17.35	3
17.8	3
18.068	3
18.073	3
18.417	3
18.843	3
18.917	3
18.978	3
19.69	3
20.491	3
20.494	3
23.856	3
24.046	3
24.097	3
24.349	3
24.631	3
24.634	3
24.666	3
25.006	3
25.337	3
26.851	3
34.924	3
47.139	3
0.0	1
0.0	1
0.0	1
0.0	1
0.001	1
0.002	1
0.002	1
0.004	1
0.006	1
0.014	1
0.022	1
0.03	1
0.039	1
0.041	1
0.055	1
0.056	1
0.063	1
0.072	1
0.081	1
0.102	1
0.106	1
0.11	1
0.115	1
0.119	1
0.12	1
0.121	1
0.124	1
0.127	1
0.134	1
0.135	1
0.138	1
0.139	1
0.141	1
0.141	1
0.149	1
0.156	1
0.158	1
0.161	1
0.163	1
0.163	1
0.167	1
0.168	1
0.17	1
0.173	1
0.173	1
0.174	1
0.179	1
0.183	1
0.186	1
0.186	1
0.188	1
0.188	1
0.194	1
0.202	1
0.204	1
0.206	1
0.214	1
0.214	1
0.217	1
0.22	1
0.223	1
0.223	1
0.225	1
0.226	1
0.226	1
0.226	1
0.231	1
0.234	1
0.238	1
0.238	1
0.249	1
0.25	1
0.25	1
0.253	1
0.254	1
0.255	1
0.263	1
0.263	1
0.268	1
0.273	1
0.274	1
0.28	1
0.282	1
0.283	1
0.287	1
0.293	1
0.297	1
0.307	1
0.319	1
0.32	1
0.322	1
0.327	1
0.328	1
0.33	1
0.342	1
0.343	1
0.343	1
0.364	1
0.367	1
0.367	1
0.373	1
0.374	1
0.374	1
0.379	1
0.381	1
0.384	2
0.388	2
0.39	2
0.39	2
0.392	2
0.395	2
0.405	2
0.413	2
0.415	2
0.416	2
0.426	2
0.433	2
0.434	2
0.435	2
0.436	2
0.44	2
0.445	2
0.452	2
0.452	2
0.457	2
0.46	2
0.465	2
0.465	2
0.47	2
0.475	2
0.477	2
0.479	2
0.479	2
0.483	2
0.487	2
0.501	2
0.501	2
0.503	2
0.506	2
0.508	2
0.508	2
0.512	2
0.516	2
0.518	2
0.522	2
0.523	2
0.528	2
0.528	2
0.531	2
0.532	2
0.536	2
0.538	2
0.539	2
0.539	2
0.54	2
0.543	2
0.545	2
0.546	2
0.547	2
0.548	2
0.548	2
0.549	2
0.552	2
0.556	3
0.558	3
0.56	3
0.564	3
0.566	3
0.576	3
0.579	3
0.584	3
0.585	3
0.586	3
0.586	3
0.588	3
0.591	3
0.593	3
0.595	3
0.596	3
0.602	3
0.603	3
0.604	3
0.605	3
0.608	3
0.612	3
0.62	3
0.621	3
0.626	3
0.631	3
0.637	3
0.639	3
0.639	3
0.645	3
0.649	3
0.657	3
0.659	3
0.662	3
0.662	3
0.663	3
0.665	3
0.665	3
0.665	3
0.666	3
0.673	3
0.676	3
0.678	3
0.682	3
0.694	3
0.695	3
0.696	3
0.71	3
0.711	3
0.715	3
0.722	3
0.722	3
0.728	3
0.735	3
0.739	3
0.74	3
0.743	3
0.749	3
0.754	3
0.755	3
0.757	3
0.763	3
0.765	3
0.773	3
0.778	3
0.79	3
0.79	3
0.792	3
0.803	3
0.815	3
0.817	3
0.817	3
0.821	3
0.828	3
0.828	3
0.83	3
0.83	3
0.833	3
0.838	3
0.853	3
0.856	3
0.862	3
0.865	3
0.875	3
0.878	3
0.89	3
0.894	3
0.905	3
0.908	3
0.909	3
0.915	3
0.927	3
0.93	3
0.938	3
0.957	3
0.969	3
0.992	3
0.996	3
1.0	3
1.021	3
1.026	3
1.039	3
1.043	3
1.048	3
1.053	3
1.065	3
1.067	3
1.078	3
1.115	3
1.133	3
1.154	3
1.158	3
1.218	3
1.276	3
1.382	3
1.385	3
1.39	3
1.392	3
1.416	3
1.556	3
1.654	3
1.713	3
1.782	3
2.028	3
2.068	3
2.068	3
2.178	3
2.187	3
2.329	3
2.329	3
2.57	3
2.594	3
2.664	3
2.687	3
2.698	3
2.781	3
2.878	3
3.032	3
3.23	3
3.248	3
3.31	3
3.471	3
3.656	3
3.672	3
3.684	3
3.919	3
3.921	3
4.09	3
4.314	3
4.33	3
4.384	3
4.566	3
4.673	3
4.685	3
4.724	3
4.734	3
5.028	3
5.032	3
5.063	3
5.437	3
5.46	3
5.499	3
5.528	3
5.54	3
5.63	3
5.667	3
5.77	3
5.904	3
5.998	3
6.039	3
6.075	3
6.131	3
6.135	3
6.198	3
6.235	3
6.343	3
6.418	3
6.478	3
6.723	3
6.788	3
6.818	3
6.824	3
6.873	3
6.894	3
6.914	3
6.931	3
6.981	3
7.04	3
7.082	3
7.105	3
7.155	3
7.182	3
7.26	3
7.399	3
7.433	3
7.564	3
7.576	3
7.646	3
7.774	3
7.811	3
7.813	3
7.905	3
8.08	3
8.096	3
8.109	3
8.231	3
8.246	3
8.39	3
8.614	3
8.72	3
9.244	3
9.294	3
9.4	3
9.601	3
9.715	3
9.779	3
10.0	3
10.276	3
10.284	3
10.285	3
10.311	3
10.548	3
10.587	3
10.741	3
10.81	3
10.823	3
10.884	3
11.147	3
11.235	3
11.252	3
11.495	3
11.725	3
11.816	3
11.869	3
12.068	3
12.083	3
12.372	3
12.472	3
12.654	3
13.192	3
13.314	3
13.356	3
13.452	3
13.603	3
13.631	3
13.694	3
13.738	3
13.777	3
13.9	3
13.958	3
14.3	3
14.415	3
14.491	3
14.511	3
14.532	3
14.607	3
14.658	3
14.792	3
15.071	3
15.757	3
16.694	3
16.739	3
17.195	3
17.292	3
17.349	3
17.799	3
18.067	3
18.072	3
18.416	3
18.842	3
18.916	3
18.977	3
19.689	3
20.49	3
20.493	3
23.855	3
24.045	3
24.096	3
24.348	3
24.63	3
24.633	3
24.665	3
25.005	3
25.336	3
26.85	3
34.923	3
47.138	3
0.0	1
0.0	1
0.0	1
0.001	1
0.002	1
0.002	1
0.004	1
0.006	1
0.014	1
0.022	1
0.03	1
0.039	1
0.041	1
0.055	1
0.056	1
0.063	1
0.072	1
0.081	2
0.102	2
0.106	2
0.11	2
0.115	2
0.119	2
0.12	2
0.121	2
0.124	2
0.127	2
0.134	2
0.135	2
0.138	2
0.139	2
0.141	2
0.141	2
0.149	2
0.156	2
0.158	2
0.161	2
0.163	2
0.163	2
0.167	2
0.168	2
0.17	2
0.173	2
0.173	2
0.174	2
0.179	2
0.183	2
0.186	2
0.186	2
0.188	2
0.188	2
0.194	2
0.202	2
0.204	2
0.206	2
0.214	2
0.214	2
0.217	2
0.22	2
0.223	2
0.223	2
0.225	2
0.226	2
0.226	2
0.226	2
0.231	2
0.234	2
0.238	2
0.238	2
0.249	2
0.25	2
0.25	2
0.253	2
0.254	2
0.255	2
0.263	2
0.263	2
0.268	2
0.273	2
0.274	2
0.28	2
0.282	2
0.283	2
0.287	2
0.293	2
0.297	2
0.307	2
0.319	2
0.32	2
0.322	2
0.327	2
0.328	2
0.33	2
0.342	2
0.343	2
0.343	2
0.364	2
0.367	2
0.367	2
0.373	2
0.374	2
0.374	2
0.379	2
0.381	2
0.384	2
0.388	2
0.39	2
0.39	2
0.392	2
0.395	2
0.405	2
0.413	2
0.415	2
0.416	2
0.426	2
0.433	2
0.434	2
0.435	2
0.436	3
0.44	3
0.445	3
0.452	3
0.452	3
0.457	3
0.46	3
0.465	3
0.465	3
0.47	3
0.475	3
0.477	3
0.479	3
0.479	3
0.483	3
0.487	3
0.501	3
0.501	3
0.503	4
0.506	4
0.508	4
0.508	4
0.512	4
0.516	4
0.518	4
0.522	4
0.523	4
0.528	4
0.528	5
0.531	5
0.532	5
0.536	5
0.538	5
0.539	5
0.539	5
0.54	5
0.543	5
0.545	5
0.546	5
0.547	5
0.548	5
0.548	5
0.549	5
0.552	5
0.556	5
0.558	5
0.56	5
0.564	5
0.566	5
0.576	5
0.579	5
0.584	5
0.585	6
0.586	6
0.586	6
0.588	6
0.591	6
0.593	6
0.595	6
0.596	6
0.602	6
0.603	6
0.604	6
0.605	6
0.608	6
0.612	6
0.62	6
0.621	6
0.626	6
0.631	6
0.637	6
0.639	6
0.639	6
0.645	7
0.649	7
0.657	7
0.659	7
0.662	7
0.662	7
0.663	7
0.665	7
0.665	7
0.665	7
0.666	7
0.673	7
0.676	7
0.678	7
0.682	7
0.694	7
0.695	7
0.696	7
0.71	7
0.711	7
0.715	7
0.722	7
0.722	7
0.728	7
0.735	7
0.739	8
0.74	8
0.743	8
0.749	8
0.754	8
0.755	8
0.757	8
0.763	8
0.765	8
0.773	8
0.778	8
0.79	8
0.79	8
0.792	8
0.803	8
0.815	8
0.817	8
0.817	8
0.821	8
0.828	8
0.828	8
0.83	8
0.83	8
0.833	8
0.838	8
0.853	8
0.856	8
0.862	8
0.865	8
0.875	8
0.878	8
0.89	8
0.894	8
0.905	8
0.908	8
0.909	8
0.915	8
0.927	8
0.93	8
0.938	8
0.957	8
0.969	8
0.992	8
0.996	8
1.0	8
1.021	8
1.026	8
1.039	8
1.043	8
1.048	8
1.053	8
1.065	8
1.067	8
1.078	8
1.115	8
1.133	8
1.154	8
1.158	8
1.218	8
1.276	8
1.382	8
1.385	8
1.39	8
1.392	8
1.416	8
1.556	8
1.654	8
1.713	8
1.782	8
2.028	8
2.068	8
2.068	8
2.178	8
2.187	8
2.329	8
2.329	8
2.57	8
2.594	8
2.664	8
2.687	8
2.698	8
2.781	8
2.878	8
3.032	8
3.23	8
3.248	8
3.31	8
3.471	8
3.656	8
3.672	8
3.684	8
3.919	8
3.921	8
4.09	8
4.314	8
4.33	8
4.384	8
4.566	8
4.673	8
4.685	8
4.724	8
4.734	8
5.028	8
5.032	8
5.063	8
5.437	8
5.46	8
5.499	8
5.528	8
5.54	8
5.63	8
5.667	8
5.77	8
5.904	8
5.998	7
6.039	7
6.075	7
6.131	7
6.135	7
6.198	7
6.235	7
6.343	7
6.418	7
6.478	7
6.723	7
6.788	7
6.818	7
6.824	7
6.873	7
6.894	7
6.914	6
6.931	5
6.981	5
7.04	5
7.082	5
7.105	5
7.155	5
7.182	5
7.26	5
7.399	5
7.433	5
7.564	5
7.576	5
7.646	5
7.774	5
7.811	5
7.813	5
7.905	5
8.08	5
8.096	5
8.109	5
8.231	5
8.246	5
8.39	5
8.614	5
8.72	5
9.244	5
9.294	5
9.4	5
9.601	5
9.715	5
9.779	5
10.0	5
10.276	5
10.284	5
10.285	5
10.311	5
10.548	5
10.587	5
10.741	5
10.81	5
10.823	5
10.884	5
11.147	5
11.235	5
11.252	5
11.495	5
11.725	5
11.816	5
11.869	5
12.068	5
12.083	5
12.372	5
12.472	5
12.654	5
13.192	5
13.314	4
13.356	4
13.452	4
13.603	4
13.631	4
13.694	4
13.738	4
13.777	4
13.9	4
13.958	3
14.3	3
14.415	3
14.491	3
14.511	3
14.532	3
14.607	3
14.658	3
14.792	3
15.071	3
15.757	3
16.694	3
16.739	3
17.195	3
17.292	3
17.349	3
17.799	3
18.067	3
18.072	3
18.416	3
18.842	3
18.916	3
18.977	3
19.689	3
20.49	3
20.493	3
23.855	3
24.045	3
24.096	3
24.348	3
24.63	3
24.633	3
24.665	3
25.005	3
25.336	3
26.85	3
34.923	3
47.138	3
0.0	1
0.0	1
0.001	1
0.002	1
0.002	1
0.004	1
0.006	1
0.014	1
0.022	1
0.03	1
0.039	1
0.041	1
0.055	1
0.056	1
0.063	1
0.072	1
0.081	1
0.102	1
0.106	1
0.11	1
0.115	1
0.119	1
0.12	1
0.121	1
0.124	1
0.127	1
0.134	1
0.135	1
0.138	1
0.139	1
0.141	1
0.141	1
0.149	1
0.156	1
0.158	1
0.161	1
0.163	1
0.163	1
0.167	1
0.168	1
0.17	1
0.173	1
0.173	1
0.174	1
0.179	1
0.183	1
0.186	1
0.186	1
0.188	1
0.188	1
0.194	1
0.202	1
0.204	1
0.206	1
0.214	1
0.214	1
0.217	1
0.22	1
0.223	1
0.223	1
0.225	1
0.226	1
0.226	1
0.226	1
0.231	1
0.234	1
0.238	1
0.238	1
0.249	1
0.25	1
0.25	1
0.253	1
0.254	1
0.255	1
0.263	1
0.263	1
0.268	1
0.273	1
0.274	1
0.28	1
0.282	1
0.283	1
0.287	1
0.293	1
0.297	1
0.307	1
0.319	1
0.32	1
0.322	1
0.327	1
0.328	1
0.33	1
0.342	1
0.343	1
0.343	1
0.364	1
0.367	1
0.367	1
0.373	1
0.374	1
0.374	1
0.379	1
0.381	1
0.384	1
0.388	1
0.39	1
0.39	1
0.392	1
0.395	1
0.405	1
0.413	1
0.415	1
0.416	1
0.426	1
0.433	1
0.434	1
0.435	1
0.436	1
0.44	1
0.445	1
0.452	1
0.452	1
0.457	1
0.46	1
0.465	1
0.465	1
0.47	1
0.475	1
0.477	1
0.479	1
0.479	1
0.483	1
0.487	1
0.501	1
0.501	1
0.503	1
0.506	1
0.508	1
0.508	1
0.512	1
0.516	1
0.518	1
0.522	1
0.523	1
0.528	1
0.528	1
0.531	1
0.532	1
0.536	1
0.538	1
0.539	1
0.539	1
0.54	1
0.543	1
0.545	1
0.546	1
0.547	2
0.548	2
0.548	2
0.549	2
0.552	2
0.556	2
0.558	2
0.56	2
0.564	2
0.566	2
0.576	2
0.579	2
0.584	2
0.585	2
0.586	2
0.586	2
0.588	2
0.591	2
0.593	2
0.595	2
0.596	2
0.602	2
0.603	2
0.604	2
0.605	2
0.608	2
0.612	2
0.62	2
0.621	2
0.626	2
0.631	2
0.637	2
0.639	2
0.639	2
0.645	2
0.649	2
0.657	2
0.659	2
0.662	2
0.662	2
0.663	2
0.665	2
0.665	2
0.665	2
0.666	2
0.673	2
0.676	2
0.678	2
0.682	2
0.694	2
0.695	2
0.696	2
0.71	2
0.711	2
0.715	2
0.722	2
0.722	2
0.728	2
0.735	2
0.739	2
0.74	2
0.743	2
0.749	2
0.754	2
0.755	2
0.757	2
0.763	2
0.765	2
0.773	2
0.778	2
0.79	2
0.79	2
0.792	2
0.803	2
0.815	2
0.817	2
0.817	2
0.821	2
0.828	2
0.828	2
0.83	2
0.83	2
0.833	2
0.838	2
0.853	2
0.856	2
0.862	2
0.865	2
0.875	2
0.878	2
0.89	2
0.894	2
0.905	2
0.908	2
0.909	2
0.915	2
0.927	2
0.93	2
0.938	2
0.957	2
0.969	2
0.992	2
0.996	2
1.0	2
1.021	2
1.026	2
1.039	2
1.043	3
1.048	3
1.053	3
1.065	3
1.067	3
1.078	3
1.115	3
1.133	3
1.154	3
1.158	3
1.218	4
1.276	4
1.382	4
1.385	4
1.39	4
1.392	4
1.416	4
1.556	4
1.654	4
1.713	4
1.782	4
2.028	4
2.068	4
2.068	4
2.178	4
2.187	4
2.329	4
2.329	4
2.57	4
2.594	4
2.664	4
2.687	4
2.698	4
2.781	4
2.878	4
3.032	4
3.23	4
3.248	4
3.31	4
3.471	3
3.656	3
3.672	3
3.684	3
3.919	3
3.921	3
4.09	3
4.314	3
4.33	3
4.384	3
4.566	3
4.673	3
4.685	3
4.724	3
4.734	3
5.028	3
5.032	3
5.063	3
5.437	3
5.46	3
5.499	3
5.528	3
5.54	3
5.63	3
5.667	3
5.77	3
5.904	3
5.998	3
6.039	3
6.075	3
6.131	3
6.135	3
6.198	3
6.235	3
6.343	3
6.418	3
6.478	3
6.723	3
6.788	3
6.818	3
6.824	3
6.873	3
6.894	3
6.914	3
6.931	3
6.981	3
7.04	3
7.082	3
7.105	3
7.155	3
7.182	3
7.26	3
7.399	3
7.433	3
7.564	3
7.576	3
7.646	3
7.774	3
7.811	3
7.813	3
7.905	3
8.08	3
8.096	3
8.109	3
8.231	3
8.246	3
8.39	3
8.614	3
8.72	3
9.244	3
9.294	3
9.4	3
9.601	3
9.715	3
9.779	3
10.0	3
10.276	3
10.284	3
10.285	3
10.311	3
10.548	3
10.587	3
10.741	3
10.81	3
10.823	3
10.884	3
11.147	3
11.235	3
11.252	3
11.495	3
11.725	3
11.816	3
11.869	3
12.068	3
12.083	3
12.372	3
12.472	3
12.654	3
13.192	3
13.314	3
13.356	3
13.452	3
13.603	3
13.631	3
13.694	3
13.738	3
13.777	3
13.9	3
13.958	3
14.3	3
14.415	3
14.491	3
14.511	3
14.532	3
14.607	3
14.658	3
14.792	3
15.071	3
15.757	3
16.694	3
16.739	3
17.195	3
17.292	3
17.349	3
17.799	3
18.067	3
18.072	3
18.416	3
18.842	3
18.916	3
18.977	3
19.689	3
20.49	3
20.493	3
23.855	3
24.045	3
24.096	3
24.348	3
24.63	3
24.633	3
24.665	3
25.005	3
25.336	3
26.85	3
34.923	3
47.138	3
0.0	1
0.001	1
0.002	1
0.002	1
0.004	1
0.006	1
0.014	1
0.022	1
0.03	1
0.039	1
0.041	1
0.055	1
0.056	1
0.063	1
0.072	1
0.081	1
0.102	1
0.106	1
0.11	1
0.115	1
0.119	1
0.12	1
0.121	1
0.124	1
0.127	1
0.134	1
0.135	1
0.138	1
0.139	1
0.141	1
0.141	1
0.149	1
0.156	1
0.158	1
0.161	1
0.163	1
0.163	1
0.167	1
0.168	1
0.17	1
0.173	1
0.173	1
0.174	1
0.179	1
0.183	1
0.186	1
0.186	1
0.188	1
0.188	1
0.194	1
0.202	1
0.204	1
0.206	1
0.214	1
0.214	1
0.217	1
0.22	1
0.223	1
0.223	1
0.225	1
0.226	1
0.226	1
0.226	1
0.231	1
0.234	1
0.238	1
0.238	1
0.249	1
0.25	1
0.25	1
0.253	1
0.254	1
0.255	1
0.263	1
0.263	1
0.268	1
0.273	1
0.274	1
0.28	1
0.282	1
0.283	1
0.287	1
0.293	1
0.297	1
0.307	1
0.319	1
0.32	1
0.322	1
0.327	1
0.328	1
0.33	1
0.342	1
0.343	1
0.343	1
0.364	1
0.367	1
0.367	1
0.373	2
0.374	2
0.374	2
0.379	2
0.381	2
0.384	2
0.388	2
0.39	2
0.39	2
0.392	2
0.395	2
0.405	2
0.413	2
0.415	2
0.416	2
0.426	2
0.433	2
0.434	2
0.435	2
0.436	2
0.44	2
0.445	2
0.452	2
0.452	2
0.457	2
0.46	2
0.465	2
0.465	2
0.47	2
0.475	2
0.477	2
0.479	2
0.479	2
0.483	2
0.487	2
0.501	2
0.501	3
0.503	3
0.506	3
0.508	3
0.508	3
0.512	3
0.516	3
0.518	3
0.522	3
0.523	3
0.528	3
0.528	3
0.531	3
0.532	3
0.536	3
0.538	3
0.539	3
0.539	3
0.54	3
0.543	3
0.545	3
0.546	3
0.547	3
0.548	3
0.548	3
0.549	3
0.552	3
0.556	3
0.558	3
0.56	3
0.564	3
0.566	3
0.576	3
0.579	3
0.584	3
0.585	3
0.586	3
0.586	3
0.588	3
0.591	3
0.593	3
0.595	3
0.596	3
0.602	3
0.603	3
0.604	3
0.605	3
0.608	3
0.612	3
0.62	3
0.621	3
0.626	3
0.631	3
0.637	3
0.639	3
0.639	3
0.645	3
0.649	3
0.657	3
0.659	3
0.662	3
0.662	3
0.663	3
0.665	3
0.665	3
0.665	3
0.666	3
0.673	3
0.676	3
0.678	3
0.682	3
0.694	3
0.695	3
0.696	3
0.71	3
0.711	3
0.715	3
0.722	3
0.722	3
0.728	3
0.735	3
0.739	3
0.74	3
0.743	3
0.749	3
0.754	3
0.755	3
0.757	3
0.763	3
0.765	3
0.773	3
0.778	3
0.79	3
0.79	3
0.792	3
0.803	3
0.815	3
0.817	3
0.817	3
0.821	3
0.828	3
0.828	3
0.83	3
0.83	3
0.833	3
0.838	3
0.853	3
0.856	3
0.862	3
0.865	3
0.875	3
0.878	3
0.89	3
0.894	3
0.905	3
0.908	3
0.909	3
0.915	3
0.927	3
0.93	3
0.938	3
0.957	3
0.969	3
0.992	3
0.996	3
1.0	3
1.021	4
1.026	4
1.039	4
1.043	4
1.048	4
1.053	4
1.065	4
1.067	4
1.078	4
1.115	4
1.133	4
1.154	4
1.158	4
1.218	4
1.276	4
1.382	4
1.385	4
1.39	4
1.392	4
1.416	4
1.556	4
1.654	4
1.713	4
1.782	4
2.028	4
2.068	4
2.068	4
2.178	4
2.187	4
2.329	4
2.329	4
2.57	4
2.594	4
2.664	4
2.687	4
2.698	4
2.781	4
2.878	4
3.032	4
3.23	3
3.248	3
3.31	3
3.471	3
3.656	3
3.672	3
3.684	3
3.919	3
3.921	3
4.09	3
4.314	3
4.33	3
4.384	3
4.566	3
4.673	3
4.685	3
4.724	3
4.734	3
5.028	3
5.032	3
5.063	3
5.437	3
5.46	3
5.499	3
5.528	3
5.54	3
5.63	3
5.667	3
5.77	3
5.904	3
5.998	3
6.039	3
6.075	3
6.131	3
6.135	3
6.198	3
6.235	3
6.343	3
6.418	3
6.478	3
6.723	3
6.788	3
6.818	3
6.824	3
6.873	3
6.894	3
6.914	3
6.931	3
6.981	3
7.04	3
7.082	3
7.105	3
7.155	3
7.182	3
7.26	3
7.399	3
7.433	3
7.564	3
7.576	3
7.646	3
7.774	3
7.811	3
7.813	3
7.905	3
8.08	3
8.096	3
8.109	3
8.231	3
8.246	3
8.39	3
8.614	3
8.72	3
9.244	3
9.294	3
9.4	3
9.601	3
9.715	3
9.779	3
10.0	3
10.276	3
10.284	3
10.285	3
10.311	3
10.548	3
10.587	3
10.741	3
10.81	3
10.823	3
10.884	3
11.147	3
11.235	3
11.252	3
11.495	3
11.725	3
11.816	3
11.869	3
12.068	3
12.083	3
12.372	3
12.472	3
12.654	3
13.192	3
13.314	3
13.356	3
13.452	3
13.603	3
13.631	3
13.694	3
13.738	3
13.777	3
13.9	3
13.958	3
14.3	3
14.415	3
14.491	3
14.511	3
14.532	3
14.607	3
14.658	3
14.792	3
15.071	3
15.757	3
16.694	3
16.739	3
17.195	3
17.292	3
17.349	3
17.799	3
18.067	3
18.072	3
18.416	3
18.842	3
18.916	3
18.977	3
19.689	3
20.49	3
20.493	3
23.855	3
24.045	3
24.096	3
24.348	3
24.63	3
24.633	3
24.665	3
25.005	3
25.336	3
26.85	3
34.923	3
47.138	3
0.0	1
0.001	1
0.001	1
0.003	1
0.005	1
0.013	1
0.021	1
0.029	1
0.038	1
0.04	1
0.054	1
0.055	1
0.062	1
0.071	1
0.08	1
0.101	1
0.105	1
0.109	1
0.114	1
0.118	1
0.119	1
0.12	1
0.123	1
0.126	1
0.133	1
0.134	1
0.137	1
0.138	1
0.14	1
0.14	1
0.148	1
0.155	1
0.157	1
0.16	1
0.162	1
0.162	1
0.166	1
0.167	1
0.169	1
0.172	1
0.172	1
0.173	1
0.178	1
0.182	1
0.185	1
0.185	1
0.187	1
0.187	1
0.193	1
0.201	1
0.203	1
0.205	1
0.213	1
0.213	1
0.216	1
0.219	1
0.222	1
0.222	1
0.224	1
0.225	1
0.225	1
0.225	1
0.23	1
0.233	1
0.237	1
0.237	1
0.248	1
0.249	1
0.249	1
0.252	1
0.253	1
0.254	1
0.262	1
0.262	1
0.267	1
0.272	1
0.273	1
0.279	1
0.281	1
0.282	1
0.286	1
0.292	1
0.296	1
0.306	1
0.318	1
0.319	1
0.321	1
0.326	1
0.327	1
0.329	1
0.341	1
0.342	1
0.342	1
0.363	1
0.366	1
0.366	1
0.372	1
0.373	1
0.373	1
0.378	1
0.38	1
0.383	1
0.387	1
0.389	1
0.389	1
0.391	1
0.394	1
0.404	1
0.412	1
0.414	1
0.415	1
0.425	1
0.432	1
0.433	1
0.434	1
0.435	1
0.439	1
0.444	1
0.451	1
0.451	1
0.456	1
0.459	1
0.464	1
0.464	1
0.469	1
0.474	1
0.476	1
0.478	1
0.478	1
0.482	1
0.486	1
0.5	1
0.5	1
0.502	1
0.505	1
0.507	1
0.507	1
0.511	1
0.515	1
0.517	1
0.521	1
0.522	1
0.527	1
0.527	1
0.53	1
0.531	1
0.535	1
0.537	1
0.538	1
0.538	1
0.539	1
0.542	1
0.544	1
0.545	1
0.546	1
0.547	1
0.547	1
0.548	2
0.551	2
0.555	2
0.557	2
0.559	3
0.563	3
0.565	3
0.575	3
0.578	3
0.583	3
0.584	3
0.585	3
0.585	3
0.587	3
0.59	3
0.592	3
0.594	3
0.595	3
0.601	3
0.602	3
0.603	3
0.604	3
0.607	3
0.611	3
0.619	3
0.62	3
0.625	3
0.63	3
0.636	3
0.638	3
0.638	3
0.644	3
0.648	3
0.656	3
0.658	3
0.661	3
0.661	3
0.662	3
0.664	3
0.664	3
0.664	3
0.665	4
0.672	4
0.675	4
0.677	4
0.681	5
0.693	5
0.694	5
0.695	5
0.709	5
0.71	5
0.714	5
0.721	6
0.721	6
0.727	6
0.734	6
0.738	6
0.739	6
0.742	6
0.748	6
0.753	6
0.754	6
0.756	6
0.762	6
0.764	6
0.772	6
0.777	6
0.789	6
0.789	6
0.791	6
0.802	6
0.814	6
0.816	6
0.816	6
0.82	6
0.827	6
0.827	6
0.829	6
0.829	6
0.832	6
0.837	6
0.852	6
0.855	6
0.861	6
0.864	6
0.874	6
0.877	6
0.889	6
0.893	6
0.904	6
0.907	6
0.908	6
0.914	6
0.926	6
0.929	6
0.937	6
0.956	6
0.968	6
0.991	6
0.995	6
0.999	6
1.02	6
1.025	6
1.038	6
1.042	6
1.047	7
1.052	7
1.064	7
1.066	7
1.077	7
1.114	7
1.132	7
1.153	7
1.157	7
1.217	7
1.275	6
1.381	6
1.384	6
1.389	6
1.391	6
1.415	6
1.555	6
1.653	6
1.712	6
1.781	6
2.027	6
2.067	6
2.067	6
2.177	6
2.186	6
2.328	6
2.328	6
2.569	6
2.593	6
2.663	6
2.686	6
2.697	6
2.78	6
2.877	6
3.031	6
3.229	6
3.247	6
3.309	6
3.47	6
3.655	6
3.671	6
3.683	6
3.918	6
3.92	6
4.089	6
4.313	6
4.329	6
4.383	6
4.565	5
4.672	5
4.684	5
4.723	5
4.733	5
5.027	5
5.031	5
5.062	5
5.436	5
5.459	5
5.498	5
5.527	5
5.539	5
5.629	5
5.666	5
5.769	5
5.903	5
5.997	5
6.038	5
6.074	5
6.13	5
6.134	5
6.197	5
6.234	5
6.342	5
6.417	5
6.477	5
6.722	4
6.787	4
6.817	4
6.823	4
6.872	4
6.893	4
6.913	4
6.93	4
6.98	4
7.039	4
7.081	4
7.104	4
7.154	4
7.181	4
7.259	4
7.398	4
7.432	4
7.563	4
7.575	4
7.645	4
7.773	4
7.81	4
7.812	4
7.904	4
8.079	4
8.095	4
8.108	4
8.23	4
8.245	4
8.389	4
8.613	4
8.719	4
9.243	4
9.293	4
9.399	4
9.6	4
9.714	3
9.778	3
9.999	3
10.275	3
10.283	3
10.284	3
10.31	3
10.547	3
10.586	3
10.74	3
10.809	3
10.822	3
10.883	3
11.146	3
11.234	3
11.251	3
11.494	3
11.724	3
11.815	3
11.868	3
12.067	3
12.082	3
12.371	3
12.471	3
12.653	3
13.191	3
13.313	3
13.355	3
13.451	3
13.602	3
13.63	3
13.693	3
13.737	3
13.776	3
13.899	3
13.957	3
14.299	3
14.414	3
14.49	3
14.51	3
14.531	3
14.606	3
14.657	3
14.791	3
15.07	3
15.756	3
16.693	3
16.738	3
17.194	3
17.291	3
17.348	3
17.798	3
18.066	3
18.071	3
18.415	3
18.841	3
18.915	3
18.976	3
19.688	3
20.489	3
20.492	3
23.854	3
24.044	3
24.095	3
24.347	3
24.629	3
24.632	3
24.664	3
25.004	3
25.335	3
26.849	3
34.922	3
47.137	3
0.0	1
0.0	1
0.002	1
0.004	1
0.012	1
0.02	1
0.028	1
0.037	1
0.039	1
0.053	1
0.054	1
0.061	1
0.07	1
0.079	1
0.1	1
0.104	1
0.108	1
0.113	1
0.117	1
0.118	1
0.119	1
0.122	1
0.125	1
0.132	1
0.133	1
0.136	1
0.137	1
0.139	1
0.139	1
0.147	1
0.154	1
0.156	1
0.159	1
0.161	1
0.161	1
0.165	1
0.166	1
0.168	1
0.171	1
0.171	1
0.172	1
0.177	1
0.181	1
0.184	1
0.184	1
0.186	1
0.186	1
0.192	1
0.2	1
0.202	1
0.204	1
0.212	1
0.212	1
0.215	1
0.218	1
0.221	1
0.221	1
0.223	1
0.224	1
0.224	1
0.224	1
0.229	1
0.232	1
0.236	1
0.236	1
0.247	1
0.248	1
0.248	1
0.251	1
0.252	1
0.253	1
0.261	1
0.261	1
0.266	1
0.271	1
0.272	1
0.278	1
0.28	1
0.281	1
0.285	1
0.291	1
0.295	1
0.305	1
0.317	1
0.318	1
0.32	1
0.325	1
0.326	1
0.328	1
0.34	1
0.341	1
0.341	1
0.362	1
0.365	1
0.365	1
0.371	1
0.372	1
0.372	1
0.377	1
0.379	1
0.382	1
0.386	1
0.388	1
0.388	1
0.39	1
0.393	2
0.403	2
0.411	2
0.413	2
0.414	2
0.424	2
0.431	2
0.432	2
0.433	2
0.434	2
0.438	2
0.443	2
0.45	2
0.45	2
0.455	2
0.458	2
0.463	2
0.463	2
0.468	2
0.473	2
0.475	2
0.477	2
0.477	2
0.481	2
0.485	2
0.499	2
0.499	2
0.501	2
0.504	2
0.506	2
0.506	2
0.51	3
0.514	3
0.516	3
0.52	3
0.521	3
0.526	3
0.526	3
0.529	3
0.53	3
0.534	3
0.536	3
0.537	3
0.537	3
0.538	3
0.541	3
0.543	3
0.544	3
0.545	3
0.546	3
0.546	3
0.547	3
0.55	3
0.554	3
0.556	3
0.558	3
0.562	3
0.564	3
0.574	3
0.577	3
0.582	3
0.583	3
0.584	3
0.584	3
0.586	3
0.589	3
0.591	3
0.593	3
0.594	3
0.6	3
0.601	3
0.602	3
0.603	3
0.606	3
0.61	3
0.618	3
0.619	3
0.624	3
0.629	3
0.635	4
0.637	4
0.637	4
0.643	4
0.647	4
0.655	4
0.657	4
0.66	4
0.66	4
0.661	4
0.663	4
0.663	4
0.663	4
0.664	4
0.671	4
0.674	4
0.676	4
0.68	4
0.692	4
0.693	4
0.694	4
0.708	4
0.709	4
0.713	4
0.72	4
0.72	4
0.726	4
0.733	4
0.737	4
0.738	4
0.741	4
0.747	4
0.752	4
0.753	4
0.755	4
0.761	4
0.763	4
0.771	4
0.776	4
0.788	4
0.788	4
0.79	4
0.801	4
0.813	4
0.815	4
0.815	4
0.819	4
0.826	4
0.826	4
0.828	4
0.828	4
0.831	4
0.836	4
0.851	4
0.854	4
0.86	4
0.863	4
0.873	4
0.876	4
0.888	4
0.892	4
0.903	4
0.906	4
0.907	4
0.913	4
0.925	4
0.928	4
0.936	4
0.955	4
0.967	4
0.99	4
0.994	4
0.998	4
1.019	4
1.024	4
1.037	4
1.041	4
1.046	4
1.051	4
1.063	4
1.065	4
1.076	4
1.113	4
1.131	4
1.152	4
1.156	4
1.216	4
1.274	4
1.38	4
1.383	4
1.388	4
1.39	4
1.414	4
1.554	4
1.652	4
1.711	4
1.78	4
2.026	4
2.066	4
2.066	4
2.176	4
2.185	4
2.327	4
2.327	4
2.568	4
2.592	4
2.662	4
2.685	4
2.696	4
2.779	4
2.876	4
3.03	4
3.228	4
3.246	4
3.308	4
3.469	4
3.654	4
3.67	4
3.682	4
3.917	4
3.919	4
4.088	4
4.312	4
4.328	4
4.382	4
4.564	4
4.671	4
4.683	4
4.722	4
4.732	4
5.026	4
5.03	4
5.061	4
5.435	4
5.458	4
5.497	4
5.526	4
5.538	3
5.628	3
5.665	3
5.768	3
5.902	3
5.996	3
6.037	3
6.073	3
6.129	3
6.133	3
6.196	3
6.233	3
6.341	3
6.416	3
6.476	3
6.721	3
6.786	3
6.816	3
6.822	3
6.871	3
6.892	3
6.912	3
6.929	3
6.979	3
7.038	3
7.08	3
7.103	3
7.153	3
7.18	3
7.258	3
7.397	3
7.431	3
7.562	3
7.574	3
7.644	3
7.772	3
7.809	3
7.811	3
7.903	3
8.078	3
8.094	3
8.107	3
8.229	3
8.244	3
8.388	3
8.612	3
8.718	3
9.242	3
9.292	3
9.398	3
9.599	3
9.713	3
9.777	3
9.998	3
10.274	3
10.282	3
10.283	3
10.309	3
10.546	3
10.585	3
10.739	3
10.808	3
10.821	3
10.882	3
11.145	3
11.233	3
11.25	3
11.493	3
11.723	3
11.814	3
11.867	3
12.066	3
12.081	3
12.37	3
12.47	3
12.652	3
13.19	3
13.312	3
13.354	3
13.45	3
13.601	3
13.629	3
13.692	3
13.736	3
13.775	3
13.898	3
13.956	3
14.298	3
14.413	3
14.489	3
14.509	3
14.53	3
14.605	3
14.656	3
14.79	3
15.069	3
15.755	3
16.692	3
16.737	3
17.193	3
17.29	3
17.347	3
17.797	3
18.065	3
18.07	3
18.414	3
18.84	3
18.914	3
18.975	3
19.687	3
20.488	3
20.491	3
23.853	3
24.043	3
24.094	3
24.346	3
24.628	3
24.631	3
24.663	3
25.003	3
25.334	3
26.848	3
34.921	3
47.136	3
0.0	1
0.002	1
0.004	1
0.012	1
0.02	1
0.028	1
0.037	1
0.039	1
0.053	1
0.054	1
0.061	1
0.07	1
0.079	1
0.1	1
0.104	1
0.108	1
0.113	1
0.117	1
0.118	1
0.119	1
0.122	1
0.125	1
0.132	1
0.133	1
0.136	1
0.137	1
0.139	1
0.139	1
0.147	1
0.154	1
0.156	1
0.159	1
0.161	1
0.161	1
0.165	1
0.166	1
0.168	1
0.171	1
0.171	1
0.172	1
0.177	1
0.181	1
0.184	1
0.184	1
0.186	1
0.186	1
0.192	1
0.2	1
0.202	1
0.204	1
0.212	1
0.212	1
0.215	1
0.218	1
0.221	1
0.221	1
0.223	1
0.224	1
0.224	1
0.224	1
0.229	1
0.232	1
0.236	1
0.236	1
0.247	1
0.248	1
0.248	1
0.251	1
0.252	1
0.253	1
0.261	1
0.261	1
0.266	1
0.271	1
0.272	1
0.278	1
0.28	1
0.281	1
0.285	1
0.291	1
0.295	1
0.305	1
0.317	1
0.318	1
0.32	1
0.325	1
0.326	1
0.328	1
0.34	1
0.341	1
0.341	1
0.362	1
0.365	1
0.365	1
0.371	1
0.372	1
0.372	1
0.377	1
0.379	1
0.382	1
0.386	1
0.388	1
0.388	1
0.39	1
0.393	1
0.403	1
0.411	1
0.413	1
0.414	1
0.424	1
0.431	1
0.432	1
0.433	1
0.434	1
0.438	1
0.443	1
0.45	1
0.45	1
0.455	1
0.458	1
0.463	1
0.463	1
0.468	1
0.473	1
0.475	1
0.477	1
0.477	1
0.481	1
0.485	1
0.499	1
0.499	1
0.501	1
0.504	1
0.506	1
0.506	1
0.51	1
0.514	1
0.516	1
0.52	1
0.521	1
0.526	1
0.526	1
0.529	1
0.53	1
0.534	1
0.536	1
0.537	1
0.537	1
0.538	1
0.541	1
0.543	1
0.544	1
0.545	1
0.546	1
0.546	1
0.547	1
0.55	1
0.554	1
0.556	1
0.558	1
0.562	1
0.564	1
0.574	1
0.577	1
0.582	1
0.583	1
0.584	1
0.584	1
0.586	1
0.589	1
0.591	1
0.593	1
0.594	1
0.6	1
0.601	1
0.602	1
0.603	1
0.606	1
0.61	1
0.618	1
0.619	1
0.624	1
0.629	1
0.635	1
0.637	1
0.637	1
0.643	1
0.647	1
0.655	1
0.657	1
0.66	1
0.66	1
0.661	1
0.663	1
0.663	1
0.663	1
0.664	1
0.671	1
0.674	1
0.676	1
0.68	1
0.692	1
0.693	1
0.694	1
0.708	1
0.709	1
0.713	1
0.72	1
0.72	1
0.726	1
0.733	1
0.737	1
0.738	1
0.741	1
0.747	1
0.752	1
0.753	1
0.755	1
0.761	1
0.763	1
0.771	1
0.776	1
0.788	1
0.788	1
0.79	1
0.801	1
0.813	1
0.815	1
0.815	1
0.819	1
0.826	1
0.826	1
0.828	1
0.828	1
0.831	1
0.836	2
0.851	2
0.854	2
0.86	2
0.863	2
0.873	2
0.876	2
0.888	2
0.892	2
0.903	2
0.906	2
0.907	2
0.913	2
0.925	2
0.928	2
0.936	2
0.955	2
0.967	2
0.99	2
0.994	2
0.998	2
1.019	2
1.024	2
1.037	2
1.041	2
1.046	2
1.051	3
1.063	3
1.065	3
1.076	3
1.113	3
1.131	3
1.152	4
1.156	4
1.216	4
1.274	4
1.38	4
1.383	4
1.388	4
1.39	4
1.414	4
1.554	4
1.652	4
1.711	4
1.78	4
2.026	4
2.066	4
2.066	4
2.176	4
2.185	4
2.327	4
2.327	4
2.568	4
2.592	4
2.662	4
2.685	4
2.696	4
2.779	4
2.876	4
3.03	4
3.228	4
3.246	4
3.308	4
3.469	4
3.654	4
3.67	4
3.682	4
3.917	4
3.919	4
4.088	4
4.312	4
4.328	4
4.382	4
4.564	4
4.671	4
4.683	4
4.722	4
4.732	4
5.026	4
5.03	4
5.061	4
5.435	4
5.458	4
5.497	4
5.526	4
5.538	4
5.628	4
5.665	4
5.768	4
5.902	4
5.996	4
6.037	4
6.073	4
6.129	4
6.133	4
6.196	4
6.233	4
6.341	4
6.416	4
6.476	4
6.721	4
6.786	4
6.816	4
6.822	4
6.871	4
6.892	4
6.912	4
6.929	4
6.979	4
7.038	4
7.08	4
7.103	4
7.153	4
7.18	4
7.258	4
7.397	4
7.431	4
7.562	4
7.574	4
7.644	4
7.772	4
7.809	4
7.811	4
7.903	4
8.078	4
8.094	4
8.107	4
8.229	4
8.244	3
8.388	3
8.612	3
8.718	3
9.242	3
9.292	3
9.398	3
9.599	3
9.713	3
9.777	3
9.998	3
10.274	3
10.282	3
10.283	3
10.309	3
10.546	3
10.585	3
10.739	3
10.808	3
10.821	3
10.882	3
11.145	3
11.233	3
11.25	3
11.493	3
11.723	3
11.814	3
11.867	3
12.066	3
12.081	3
12.37	3
12.47	3
12.652	3
13.19	3
13.312	3
13.354	3
13.45	3
13.601	3
13.629	3
13.692	3
13.736	3
13.775	3
13.898	3
13.956	3
14.298	3
14.413	3
14.489	3
14.509	3
14.53	3
14.605	3
14.656	3
14.79	3
15.069	3
15.755	3
16.692	3
16.737	3
17.193	3
17.29	3
17.347	3
17.797	3
18.065	3
18.07	3
18.414	3
18.84	3
18.914	3
18.975	3
19.687	3
20.488	3
20.491	3
23.853	3
24.043	3
24.094	3
24.346	3
24.628	3
24.631	3
24.663	3
25.003	3
25.334	3
26.848	3
34.921	3
47.136	3
0.0	1
0.002	1
0.01	1
0.018	1
0.026	1
0.035	1
0.037	1
0.051	1
0.052	1
0.059	1
0.068	1
0.077	1
0.098	1
0.102	1
0.106	1
0.111	1
0.115	1
0.116	1
0.117	1
0.12	1
0.123	1
0.13	1
0.131	1
0.134	1
0.135	1
0.137	1
0.137	1
0.145	1
0.152	1
0.154	1
0.157	1
0.159	1
0.159	1
0.163	1
0.164	1
0.166	1
0.169	1
0.169	1
0.17	1
0.175	1
0.179	1
0.182	1
0.182	1
0.184	1
0.184	1
0.19	1
0.198	1
0.2	1
0.202	1
0.21	1
0.21	1
0.213	1
0.216	1
0.219	1
0.219	1
0.221	1
0.222	1
0.222	1
0.222	1
0.227	1
0.23	1
0.234	1
0.234	1
0.245	1
0.246	1
0.246	1
0.249	1
0.25	1
0.251	1
0.259	1
0.259	1
0.264	1
0.269	1
0.27	1
0.276	1
0.278	1
0.279	1
0.283	1
0.289	1
0.293	1
0.303	1
0.315	1
0.316	1
0.318	1
0.323	1
0.324	1
0.326	1
0.338	1
0.339	1
0.339	1
0.36	1
0.363	1
0.363	1
0.369	1
0.37	1
0.37	1
0.375	1
0.377	1
0.38	1
0.384	1
0.386	1
0.386	1
0.388	1
0.391	1
0.401	1
0.409	1
0.411	1
0.412	1
0.422	1
0.429	1
0.43	1
0.431	1
0.432	1
0.436	1
0.441	1
0.448	1
0.448	1
0.453	1
0.456	1
0.461	1
0.461	1
0.466	1
0.471	1
0.473	1
0.475	1
0.475	1
0.479	1
0.483	1
0.497	1
0.497	1
0.499	1
0.502	1
0.504	1
0.504	1
0.508	1
0.512	1
0.514	1
0.518	1
0.519	1
0.524	1
0.524	1
0.527	1
0.528	1
0.532	1
0.534	1
0.535	1
0.535	1
0.536	1
0.539	1
0.541	1
0.542	1
0.543	1
0.544	1
0.544	1
0.545	1
0.548	1
0.552	1
0.554	1
0.556	1
0.56	1
0.562	1
0.572	1
0.575	1
0.58	1
0.581	1
0.582	1
0.582	1
0.584	1
0.587	1
0.589	1
0.591	1
0.592	1
0.598	1
0.599	1
0.6	1
0.601	1
0.604	1
0.608	1
0.616	1
0.617	1
0.622	1
0.627	1
0.633	1
0.635	1
0.635	1
0.641	1
0.645	1
0.653	1
0.655	1
0.658	1
0.658	1
0.659	1
0.661	1
0.661	1
0.661	1
0.662	1
0.669	1
0.672	1
0.674	1
0.678	1
0.69	1
0.691	1
0.692	1
0.706	1
0.707	1
0.711	1
0.718	1
0.718	1
0.724	1
0.731	1
0.735	1
0.736	1
0.739	1
0.745	1
0.75	1
0.751	1
0.753	1
0.759	1
0.761	1
0.769	1
0.774	1
0.786	1
0.786	1
0.788	1
0.799	1
0.811	1
0.813	1
0.813	1
0.817	1
0.824	1
0.824	1
0.826	1
0.826	1
0.829	1
0.834	1
0.849	1
0.852	1
0.858	1
0.861	1
0.871	1
0.874	1
0.886	1
0.89	1
0.901	1
0.904	1
0.905	1
0.911	1
0.923	1
0.926	1
0.934	1
0.953	1
0.965	2
0.988	2
0.992	2
0.996	2
1.017	2
1.022	3
1.035	3
1.039	3
1.044	3
1.049	3
1.061	3
1.063	3
1.074	3
1.111	3
1.129	3
1.15	3
1.154	3
1.214	3
1.272	3
1.378	3
1.381	4
1.386	4
1.388	4
1.412	4
1.552	4
1.65	4
1.709	4
1.778	4
2.024	4
2.064	4
2.064	4
2.174	4
2.183	4
2.325	4
2.325	4
2.566	4
2.59	4
2.66	4
2.683	4
2.694	4
2.777	4
2.874	4
3.028	4
3.226	4
3.244	4
3.306	4
3.467	4
3.652	4
3.668	4
3.68	4
3.915	4
3.917	4
4.086	4
4.31	4
4.326	4
4.38	4
4.562	4
4.669	4
4.681	4
4.72	4
4.73	4
5.024	4
5.028	4
5.059	4
5.433	4
5.456	4
5.495	4
5.524	4
5.536	4
5.626	4
5.663	4
5.766	4
5.9	4
5.994	4
6.035	4
6.071	4
6.127	4
6.131	4
6.194	4
6.231	4
6.339	4
6.414	4
6.474	4
6.719	4
6.784	4
6.814	4
6.82	4
6.869	4
6.89	4
6.91	4
6.927	4
6.977	4
7.036	4
7.078	4
7.101	4
7.151	4
7.178	4
7.256	4
7.395	4
7.429	4
7.56	4
7.572	4
7.642	4
7.77	4
7.807	4
7.809	4
7.901	4
8.076	4
8.092	4
8.105	4
8.227	4
8.242	4
8.386	4
8.61	4
8.716	4
9.24	4
9.29	4
9.396	3
9.597	3
9.711	3
9.775	3
9.996	3
10.272	3
10.28	3
10.281	3
10.307	3
10.544	3
10.583	3
10.737	3
10.806	3
10.819	3
10.88	3
11.143	3
11.231	3
11.248	3
11.491	3
11.721	3
11.812	3
11.865	3
12.064	3
12.079	3
12.368	3
12.468	3
12.65	3
13.188	3
13.31	3
13.352	3
13.448	3
13.599	3
13.627	3
13.69	3
13.734	3
13.773	3
13.896	3
13.954	3
14.296	3
14.411	3
14.487	3
14.507	3
14.528	3
14.603	3
14.654	3
14.788	3
15.067	3
15.753	3
16.69	3
16.735	3
17.191	3
17.288	3
17.345	3
17.795	3
18.063	3
18.068	3
18.412	3
18.838	3
18.912	3
18.973	3
19.685	3
20.486	3
20.489	3
23.851	3
24.041	3
24.092	3
24.344	3
24.626	3
24.629	3
24.661	3
25.001	3
25.332	3
26.846	3
34.919	3
47.134	3
