0.0	1
0.002	1
0.01	1
0.013	1
0.014	1
0.016	1
0.017	1
0.018	1
0.019	1
0.02	1
0.021	1
0.025	1
0.026	1
0.026	1
0.027	1
0.028	1
0.029	1
0.029	1
0.031	1
0.032	1
0.034	1
0.036	1
0.036	1
0.038	1
0.038	1
0.04	1
0.041	1
0.041	1
0.041	1
0.042	1
0.042	1
0.042	1
0.042	1
0.043	1
0.044	1
0.044	1
0.044	1
0.045	1
0.045	1
0.045	1
0.046	1
0.046	2
0.046	2
0.047	2
0.049	2
0.049	2
0.05	2
0.05	2
0.05	2
0.05	2
0.05	2
0.051	2
0.051	2
0.052	2
0.052	2
0.053	2
0.053	2
0.053	2
0.053	2
0.054	2
0.054	2
0.054	2
0.055	2
0.055	2
0.055	2
0.055	2
0.056	2
0.057	2
0.057	2
0.059	2
0.061	2
0.069	2
0.077	3
0.085	3
0.094	3
0.096	3
0.11	3
0.111	3
0.118	3
0.127	3
0.136	3
0.157	3
0.161	3
0.165	3
0.17	3
0.174	3
0.175	3
0.176	3
0.179	3
0.182	3
0.189	3
0.19	3
0.193	3
0.194	3
0.196	3
0.196	3
0.204	3
0.211	3
0.213	3
0.216	3
0.218	3
0.218	3
0.222	3
0.223	3
0.225	3
0.228	3
0.228	3
0.229	3
0.234	3
0.238	3
0.241	3
0.241	3
0.243	3
0.243	3
0.249	3
0.257	3
0.259	3
0.261	3
0.269	3
0.269	3
0.272	3
0.275	3
0.278	3
0.278	3
0.28	3
0.281	3
0.281	3
0.281	3
0.286	3
0.289	3
0.293	3
0.293	3
0.304	3
0.305	3
0.305	3
0.308	3
0.309	3
0.31	3
0.318	3
0.318	3
0.323	3
0.328	3
0.329	3
0.335	3
0.337	3
0.338	3
0.342	3
0.348	3
0.352	3
0.362	3
0.374	3
0.375	3
0.377	3
0.382	3
0.383	3
0.385	3
0.397	3
0.398	3
0.398	3
0.419	3
0.422	3
0.422	3
0.428	3
0.429	3
0.429	3
0.434	3
0.436	3
0.439	3
0.443	3
0.445	3
0.445	3
0.447	3
0.45	3
0.46	3
0.468	3
0.47	3
0.471	3
0.481	3
0.488	3
0.489	3
0.49	3
0.491	3
0.495	3
0.5	3
0.507	3
0.507	3
0.512	3
0.515	3
0.52	3
0.52	3
0.525	3
0.53	3
0.532	3
0.534	3
0.534	3
0.538	3
0.542	3
0.556	3
0.556	3
0.558	3
0.561	3
0.563	3
0.563	3
0.567	3
0.571	3
0.573	3
0.577	3
0.578	3
0.583	3
0.583	3
0.586	3
0.587	3
0.591	3
0.593	3
0.594	3
0.594	3
0.595	3
0.598	3
0.6	3
0.601	3
0.602	3
0.603	3
0.603	3
0.604	3
0.607	3
0.611	3
0.613	3
0.615	3
0.619	3
0.621	3
0.631	3
0.634	3
0.639	3
0.64	3
0.641	3
0.641	3
0.643	3
0.646	3
0.648	3
0.65	3
0.651	3
0.657	3
0.658	3
0.659	3
0.66	3
0.663	3
0.667	3
0.675	3
0.676	3
0.681	3
0.686	3
0.692	3
0.694	3
0.694	3
0.7	3
0.704	3
0.712	3
0.714	3
0.717	3
0.717	3
0.718	3
0.72	3
0.72	3
0.72	3
0.721	3
0.728	3
0.731	3
0.733	3
0.737	3
0.749	3
0.75	3
0.751	3
0.765	3
0.766	3
0.77	3
0.777	3
0.777	3
0.783	3
0.79	3
0.794	3
0.795	3
0.798	3
0.804	3
0.809	3
0.81	3
0.812	3
0.818	3
0.82	3
0.828	3
0.833	3
0.845	3
0.845	3
0.847	3
0.858	3
0.87	3
0.872	3
0.872	3
0.876	3
0.883	3
0.883	3
0.885	3
0.885	3
0.888	3
0.893	3
0.908	3
0.911	3
0.917	3
0.92	3
0.93	3
0.933	3
0.945	3
0.949	3
0.96	3
0.963	3
0.964	3
0.97	3
0.982	3
0.985	3
0.993	3
1.012	3
1.024	3
1.047	3
1.051	3
1.055	3
1.076	3
1.081	3
1.094	3
1.098	3
1.103	3
1.108	3
1.12	3
1.122	3
1.133	3
1.17	3
1.188	3
1.209	3
1.213	3
1.273	3
1.331	3
1.437	3
1.44	3
1.445	3
1.447	3
1.471	3
1.611	3
1.709	3
1.768	3
1.837	3
2.083	3
2.123	3
2.123	3
2.233	3
2.242	3
2.384	3
2.384	3
2.625	3
2.649	3
2.719	3
2.742	3
2.753	3
2.836	3
2.933	3
3.087	3
3.285	3
3.303	3
3.365	3
3.526	3
3.711	3
3.727	3
3.739	3
3.974	3
3.976	3
4.145	3
4.369	3
4.385	3
4.439	3
4.621	3
4.728	3
4.74	3
4.779	3
4.789	3
5.083	3
5.087	3
5.118	3
5.492	3
5.515	3
5.554	3
5.583	3
5.595	3
5.685	3
5.722	3
5.825	3
5.959	3
6.053	3
6.094	3
6.13	3
6.186	3
6.19	3
6.253	3
6.29	3
6.398	3
6.473	3
6.533	3
6.778	3
6.843	3
6.873	3
6.879	3
6.928	3
6.949	3
6.969	3
6.986	3
7.036	3
7.095	3
7.137	3
7.16	3
7.21	3
7.237	3
7.315	3
7.454	3
7.488	3
7.619	3
7.631	3
7.701	3
7.829	3
7.866	3
7.868	3
7.96	3
8.135	3
8.151	3
8.164	3
8.286	3
8.301	3
8.445	3
8.669	3
8.775	3
9.299	3
9.349	3
9.455	3
9.656	3
9.77	3
9.834	3
10.055	3
10.331	3
10.339	3
10.34	3
10.366	3
10.603	3
10.642	3
10.796	3
10.865	3
10.878	3
10.939	3
11.202	3
11.29	3
11.307	3
11.55	3
11.78	3
11.871	3
11.924	3
12.123	3
12.138	3
12.427	3
12.527	3
12.709	3
13.247	3
13.369	3
13.411	3
13.507	3
13.658	3
13.686	3
13.749	3
13.793	3
13.832	3
13.955	3
14.013	3
14.355	3
14.47	3
14.546	3
14.566	3
14.587	3
14.662	3
14.713	3
14.847	3
15.126	3
15.812	3
16.749	3
16.794	3
17.25	3
17.347	3
17.404	3
17.854	3
18.122	3
18.127	3
18.471	3
18.897	3
18.971	3
19.032	3
19.744	3
20.545	3
20.548	3
23.91	3
24.1	3
24.151	3
24.403	3
24.685	3
24.688	3
24.72	3
25.06	3
25.391	3
26.905	3
34.978	3
47.193	3
0.0	1
0.008	1
0.011	1
0.012	1
0.014	1
0.015	1
0.016	1
0.017	1
0.018	1
0.019	1
0.023	1
0.024	1
0.024	1
0.025	1
0.026	1
0.027	1
0.027	1
0.029	1
0.03	1
0.032	1
0.034	1
0.034	1
0.036	1
0.036	1
0.038	1
0.039	1
0.039	2
0.039	2
0.04	2
0.04	2
0.04	2
0.04	2
0.041	2
0.042	2
0.042	2
0.042	2
0.043	2
0.043	2
0.043	2
0.044	2
0.044	2
0.044	2
0.045	2
0.047	2
0.047	2
0.048	2
0.048	2
0.048	2
0.048	2
0.048	2
0.049	2
0.049	2
0.05	2
0.05	3
0.051	3
0.051	3
0.051	3
0.051	3
0.052	3
0.052	3
0.052	3
0.053	3
0.053	3
0.053	3
0.053	3
0.054	3
0.055	3
0.055	3
0.057	3
0.059	3
0.067	3
0.075	3
0.083	3
0.092	3
0.094	3
0.108	3
0.109	3
0.116	3
0.125	3
0.134	3
0.155	3
0.159	3
0.163	3
0.168	4
0.172	4
0.173	4
0.174	4
0.177	4
0.18	5
0.187	5
0.188	5
0.191	5
0.192	5
0.194	5
0.194	5
0.202	5
0.209	5
0.211	5
0.214	5
0.216	5
0.216	5
0.22	5
0.221	5
0.223	5
0.226	5
0.226	5
0.227	5
0.232	5
0.236	5
0.239	5
0.239	5
0.241	5
0.241	5
0.247	5
0.255	5
0.257	5
0.259	5
0.267	5
0.267	5
0.27	5
0.273	5
0.276	5
0.276	5
0.278	5
0.279	5
0.279	5
0.279	5
0.284	5
0.287	5
0.291	5
0.291	5
0.302	5
0.303	5
0.303	5
0.306	5
0.307	5
0.308	5
0.316	5
0.316	5
0.321	5
0.326	5
0.327	5
0.333	5
0.335	5
0.336	5
0.34	5
0.346	5
0.35	5
0.36	5
0.372	5
0.373	5
0.375	5
0.38	5
0.381	5
0.383	5
0.395	5
0.396	5
0.396	5
0.417	5
0.42	5
0.42	5
0.426	5
0.427	5
0.427	5
0.432	5
0.434	5
0.437	5
0.441	5
0.443	5
0.443	5
0.445	5
0.448	5
0.458	5
0.466	5
0.468	5
0.469	5
0.479	5
0.486	5
0.487	5
0.488	5
0.489	5
0.493	5
0.498	5
0.505	5
0.505	5
0.51	5
0.513	5
0.518	5
0.518	5
0.523	5
0.528	5
0.53	5
0.532	5
0.532	5
0.536	5
0.54	5
0.554	5
0.554	5
0.556	5
0.559	5
0.561	5
0.561	5
0.565	5
0.569	5
0.571	5
0.575	5
0.576	5
0.581	5
0.581	5
0.584	5
0.585	5
0.589	5
0.591	5
0.592	5
0.592	5
0.593	5
0.596	5
0.598	5
0.599	5
0.6	5
0.601	5
0.601	5
0.602	5
0.605	5
0.609	5
0.611	5
0.613	5
0.617	5
0.619	5
0.629	5
0.632	5
0.637	5
0.638	5
0.639	5
0.639	5
0.641	5
0.644	5
0.646	5
0.648	5
0.649	5
0.655	5
0.656	5
0.657	5
0.658	5
0.661	5
0.665	5
0.673	5
0.674	5
0.679	5
0.684	5
0.69	5
0.692	5
0.692	5
0.698	5
0.702	5
0.71	5
0.712	5
0.715	5
0.715	5
0.716	5
0.718	5
0.718	5
0.718	5
0.719	5
0.726	5
0.729	5
0.731	5
0.735	5
0.747	5
0.748	5
0.749	5
0.763	5
0.764	5
0.768	5
0.775	5
0.775	5
0.781	5
0.788	5
0.792	5
0.793	5
0.796	5
0.802	5
0.807	5
0.808	5
0.81	5
0.816	5
0.818	5
0.826	5
0.831	5
0.843	5
0.843	5
0.845	5
0.856	5
0.868	5
0.87	5
0.87	5
0.874	5
0.881	5
0.881	5
0.883	5
0.883	5
0.886	5
0.891	5
0.906	5
0.909	5
0.915	5
0.918	5
0.928	5
0.931	5
0.943	5
0.947	5
0.958	5
0.961	5
0.962	4
0.968	4
0.98	4
0.983	4
0.991	4
1.01	4
1.022	4
1.045	4
1.049	4
1.053	4
1.074	4
1.079	4
1.092	4
1.096	4
1.101	4
1.106	4
1.118	4
1.12	4
1.131	4
1.168	4
1.186	4
1.207	4
1.211	4
1.271	4
1.329	4
1.435	4
1.438	4
1.443	4
1.445	4
1.469	4
1.609	4
1.707	4
1.766	4
1.835	4
2.081	4
2.121	4
2.121	4
2.231	4
2.24	4
2.382	4
2.382	4
2.623	4
2.647	4
2.717	4
2.74	4
2.751	4
2.834	4
2.931	4
3.085	4
3.283	4
3.301	4
3.363	4
3.524	4
3.709	4
3.725	4
3.737	4
3.972	4
3.974	4
4.143	4
4.367	4
4.383	4
4.437	4
4.619	4
4.726	4
4.738	4
4.777	4
4.787	4
5.081	4
5.085	4
5.116	4
5.49	4
5.513	4
5.552	3
5.581	3
5.593	3
5.683	3
5.72	3
5.823	3
5.957	3
6.051	3
6.092	3
6.128	3
6.184	3
6.188	3
6.251	3
6.288	3
6.396	3
6.471	3
6.531	3
6.776	3
6.841	3
6.871	3
6.877	3
6.926	3
6.947	3
6.967	3
6.984	3
7.034	3
7.093	3
7.135	3
7.158	3
7.208	3
7.235	3
7.313	3
7.452	3
7.486	3
7.617	3
7.629	3
7.699	3
7.827	3
7.864	3
7.866	3
7.958	3
8.133	3
8.149	3
8.162	3
8.284	3
8.299	3
8.443	3
8.667	3
8.773	3
9.297	3
9.347	3
9.453	3
9.654	3
9.768	3
9.832	3
10.053	3
10.329	3
10.337	3
10.338	3
10.364	3
10.601	3
10.64	3
10.794	3
10.863	3
10.876	3
10.937	3
11.2	3
11.288	3
11.305	3
11.548	3
11.778	3
11.869	3
11.922	3
12.121	3
12.136	3
12.425	3
12.525	3
12.707	3
13.245	3
13.367	3
13.409	3
13.505	3
13.656	3
13.684	3
13.747	3
13.791	3
13.83	3
13.953	3
14.011	3
14.353	3
14.468	3
14.544	3
14.564	3
14.585	3
14.66	3
14.711	3
14.845	3
15.124	3
15.81	3
16.747	3
16.792	3
17.248	3
17.345	3
17.402	3
17.852	3
18.12	3
18.125	3
18.469	3
18.895	3
18.969	3
19.03	3
19.742	3
20.543	3
20.546	3
23.908	3
24.098	3
24.149	3
24.401	3
24.683	3
24.686	3
24.718	3
25.058	3
25.389	3
26.903	3
34.976	3
47.191	3
0.0	1
0.003	1
0.004	1
0.006	1
0.007	1
0.008	1
0.009	1
0.01	1
0.011	1
0.015	1
0.016	1
0.016	1
0.017	1
0.018	1
0.019	1
0.019	1
0.021	1
0.022	1
0.024	1
0.026	1
0.026	1
0.028	1
0.028	1
0.03	1
0.031	1
0.031	1
0.031	1
0.032	1
0.032	1
0.032	1
0.032	1
0.033	1
0.034	1
0.034	1
0.034	1
0.035	1
0.035	1
0.035	1
0.036	1
0.036	1
0.036	1
0.037	1
0.039	1
0.039	1
0.04	1
0.04	1
0.04	1
0.04	1
0.04	1
0.041	1
0.041	1
0.042	1
0.042	1
0.043	1
0.043	1
0.043	1
0.043	1
0.044	1
0.044	1
0.044	1
0.045	1
0.045	1
0.045	1
0.045	1
0.046	1
0.047	1
0.047	1
0.049	1
0.051	1
0.059	2
0.067	2
0.075	2
0.084	2
0.086	2
0.1	2
0.101	2
0.108	2
0.117	2
0.126	2
0.147	2
0.151	2
0.155	2
0.16	2
0.164	2
0.165	2
0.166	2
0.169	2
0.172	2
0.179	2
0.18	2
0.183	2
0.184	2
0.186	2
0.186	2
0.194	2
0.201	2
0.203	2
0.206	2
0.208	2
0.208	2
0.212	2
0.213	2
0.215	2
0.218	2
0.218	2
0.219	2
0.224	2
0.228	2
0.231	2
0.231	2
0.233	2
0.233	2
0.239	2
0.247	2
0.249	2
0.251	2
0.259	2
0.259	2
0.262	2
0.265	2
0.268	2
0.268	2
0.27	2
0.271	2
0.271	2
0.271	2
0.276	2
0.279	2
0.283	2
0.283	2
0.294	2
0.295	2
0.295	2
0.298	2
0.299	2
0.3	2
0.308	2
0.308	2
0.313	2
0.318	2
0.319	2
0.325	2
0.327	2
0.328	2
0.332	2
0.338	2
0.342	3
0.352	3
0.364	3
0.365	3
0.367	3
0.372	3
0.373	3
0.375	4
0.387	4
0.388	4
0.388	4
0.409	4
0.412	4
0.412	5
0.418	5
0.419	5
0.419	5
0.424	5
0.426	5
0.429	5
0.433	5
0.435	5
0.435	5
0.437	6
0.44	6
0.45	6
0.458	6
0.46	6
0.461	6
0.471	6
0.478	6
0.479	6
0.48	6
0.481	6
0.485	6
0.49	6
0.497	6
0.497	6
0.502	6
0.505	6
0.51	6
0.51	6
0.515	6
0.52	6
0.522	6
0.524	6
0.524	6
0.528	6
0.532	6
0.546	6
0.546	6
0.548	6
0.551	6
0.553	6
0.553	6
0.557	6
0.561	6
0.563	6
0.567	6
0.568	6
0.573	6
0.573	6
0.576	6
0.577	6
0.581	6
0.583	6
0.584	6
0.584	6
0.585	6
0.588	6
0.59	6
0.591	6
0.592	6
0.593	6
0.593	6
0.594	6
0.597	6
0.601	6
0.603	6
0.605	6
0.609	6
0.611	6
0.621	6
0.624	6
0.629	6
0.63	6
0.631	6
0.631	6
0.633	6
0.636	6
0.638	6
0.64	7
0.641	7
0.647	7
0.648	7
0.649	7
0.65	7
0.653	7
0.657	7
0.665	7
0.666	7
0.671	7
0.676	7
0.682	7
0.684	7
0.684	7
0.69	7
0.694	7
0.702	7
0.704	7
0.707	7
0.707	7
0.708	7
0.71	7
0.71	7
0.71	7
0.711	7
0.718	7
0.721	7
0.723	7
0.727	7
0.739	7
0.74	7
0.741	7
0.755	7
0.756	7
0.76	7
0.767	7
0.767	7
0.773	7
0.78	7
0.784	7
0.785	7
0.788	7
0.794	7
0.799	7
0.8	7
0.802	7
0.808	7
0.81	7
0.818	7
0.823	7
0.835	7
0.835	7
0.837	8
0.848	8
0.86	8
0.862	8
0.862	8
0.866	8
0.873	8
0.873	8
0.875	8
0.875	8
0.878	8
0.883	8
0.898	8
0.901	8
0.907	8
0.91	8
0.92	8
0.923	8
0.935	8
0.939	8
0.95	8
0.953	8
0.954	8
0.96	8
0.972	8
0.975	8
0.983	8
1.002	8
1.014	8
1.037	8
1.041	8
1.045	8
1.066	8
1.071	8
1.084	8
1.088	8
1.093	8
1.098	8
1.11	8
1.112	8
1.123	8
1.16	8
1.178	8
1.199	8
1.203	8
1.263	8
1.321	8
1.427	8
1.43	8
1.435	8
1.437	8
1.461	8
1.601	8
1.699	8
1.758	8
1.827	8
2.073	8
2.113	8
2.113	8
2.223	8
2.232	8
2.374	8
2.374	8
2.615	8
2.639	8
2.709	8
2.732	8
2.743	8
2.826	8
2.923	8
3.077	8
3.275	8
3.293	8
3.355	8
3.516	8
3.701	8
3.717	8
3.729	8
3.964	8
3.966	8
4.135	8
4.359	8
4.375	8
4.429	8
4.611	8
4.718	8
4.73	8
4.769	8
4.779	8
5.073	8
5.077	8
5.108	8
5.482	8
5.505	7
5.544	7
5.573	7
5.585	7
5.675	7
5.712	6
5.815	6
5.949	6
6.043	6
6.084	6
6.12	6
6.176	6
6.18	6
6.243	6
6.28	6
6.388	6
6.463	6
6.523	6
6.768	6
6.833	6
6.863	6
6.869	6
6.918	6
6.939	6
6.959	6
6.976	6
7.026	6
7.085	6
7.127	6
7.15	6
7.2	6
7.227	6
7.305	6
7.444	6
7.478	6
7.609	6
7.621	6
7.691	6
7.819	6
7.856	6
7.858	6
7.95	6
8.125	6
8.141	6
8.154	6
8.276	6
8.291	6
8.435	6
8.659	6
8.765	6
9.289	6
9.339	6
9.445	6
9.646	6
9.76	6
9.824	6
10.045	6
10.321	6
10.329	6
10.33	6
10.356	6
10.593	6
10.632	6
10.786	6
10.855	6
10.868	6
10.929	6
11.192	6
11.28	6
11.297	6
11.54	6
11.77	6
11.861	6
11.914	6
12.113	6
12.128	6
12.417	6
12.517	6
12.699	6
13.237	5
13.359	5
13.401	5
13.497	5
13.648	5
13.676	5
13.739	5
13.783	5
13.822	5
13.945	5
14.003	5
14.345	5
14.46	5
14.536	5
14.556	5
14.577	5
14.652	5
14.703	5
14.837	5
15.116	5
15.802	5
16.739	5
16.784	5
17.24	5
17.337	5
17.394	4
17.844	4
18.112	4
18.117	4
18.461	4
18.887	3
18.961	3
19.022	3
19.734	3
20.535	3
20.538	3
23.9	3
24.09	3
24.141	3
24.393	3
24.675	3
24.678	3
24.71	3
25.05	3
25.381	3
26.895	3
34.968	3
47.183	3
0.0	1
0.001	1
0.003	1
0.004	1
0.005	1
0.006	1
0.007	1
0.008	1
0.012	1
0.013	1
0.013	1
0.014	1
0.015	1
0.016	1
0.016	1
0.018	1
0.019	1
0.021	1
0.023	1
0.023	1
0.025	1
0.025	1
0.027	1
0.028	1
0.028	1
0.028	1
0.029	1
0.029	1
0.029	1
0.029	1
0.03	1
0.031	1
0.031	1
0.031	1
0.032	1
0.032	1
0.032	1
0.033	1
0.033	1
0.033	1
0.034	1
0.036	1
0.036	1
0.037	1
0.037	1
0.037	1
0.037	1
0.037	1
0.038	1
0.038	1
0.039	1
0.039	1
0.04	1
0.04	1
0.04	1
0.04	1
0.041	1
0.041	1
0.041	1
0.042	1
0.042	1
0.042	1
0.042	1
0.043	1
0.044	1
0.044	1
0.046	1
0.048	1
0.056	1
0.064	1
0.072	1
0.081	1
0.083	1
0.097	1
0.098	1
0.105	1
0.114	1
0.123	1
0.144	1
0.148	1
0.152	1
0.157	1
0.161	1
0.162	1
0.163	1
0.166	1
0.169	1
0.176	1
0.177	1
0.18	1
0.181	1
0.183	1
0.183	1
0.191	1
0.198	1
0.2	1
0.203	1
0.205	1
0.205	1
0.209	1
0.21	1
0.212	1
0.215	1
0.215	1
0.216	1
0.221	2
0.225	2
0.228	2
0.228	2
0.23	2
0.23	2
0.236	3
0.244	3
0.246	3
0.248	3
0.256	3
0.256	3
0.259	3
0.262	3
0.265	3
0.265	3
0.267	3
0.268	3
0.268	3
0.268	3
0.273	3
0.276	3
0.28	3
0.28	3
0.291	3
0.292	3
0.292	3
0.295	3
0.296	3
0.297	3
0.305	3
0.305	3
0.31	3
0.315	3
0.316	3
0.322	3
0.324	3
0.325	3
0.329	3
0.335	3
0.339	3
0.349	3
0.361	3
0.362	3
0.364	3
0.369	4
0.37	4
0.372	4
0.384	4
0.385	4
0.385	4
0.406	4
0.409	4
0.409	4
0.415	4
0.416	4
0.416	4
0.421	4
0.423	4
0.426	4
0.43	4
0.432	4
0.432	4
0.434	4
0.437	4
0.447	4
0.455	4
0.457	4
0.458	4
0.468	4
0.475	4
0.476	4
0.477	4
0.478	4
0.482	4
0.487	4
0.494	4
0.494	4
0.499	4
0.502	4
0.507	4
0.507	4
0.512	4
0.517	4
0.519	4
0.521	4
0.521	4
0.525	4
0.529	4
0.543	4
0.543	4
0.545	4
0.548	4
0.55	4
0.55	4
0.554	4
0.558	4
0.56	4
0.564	4
0.565	4
0.57	4
0.57	4
0.573	4
0.574	4
0.578	4
0.58	4
0.581	4
0.581	4
0.582	4
0.585	4
0.587	4
0.588	4
0.589	4
0.59	4
0.59	4
0.591	4
0.594	4
0.598	4
0.6	4
0.602	4
0.606	4
0.608	4
0.618	4
0.621	4
0.626	4
0.627	4
0.628	4
0.628	4
0.63	4
0.633	4
0.635	4
0.637	4
0.638	4
0.644	4
0.645	4
0.646	4
0.647	4
0.65	4
0.654	4
0.662	4
0.663	4
0.668	4
0.673	4
0.679	4
0.681	4
0.681	4
0.687	4
0.691	4
0.699	4
0.701	4
0.704	4
0.704	4
0.705	4
0.707	4
0.707	4
0.707	4
0.708	4
0.715	4
0.718	4
0.72	4
0.724	4
0.736	4
0.737	4
0.738	4
0.752	4
0.753	4
0.757	4
0.764	4
0.764	4
0.77	4
0.777	4
0.781	4
0.782	4
0.785	4
0.791	4
0.796	4
0.797	4
0.799	5
0.805	5
0.807	5
0.815	5
0.82	5
0.832	5
0.832	5
0.834	5
0.845	5
0.857	5
0.859	5
0.859	5
0.863	5
0.87	5
0.87	5
0.872	5
0.872	5
0.875	5
0.88	5
0.895	5
0.898	5
0.904	5
0.907	5
0.917	5
0.92	5
0.932	5
0.936	5
0.947	5
0.95	5
0.951	5
0.957	5
0.969	5
0.972	5
0.98	5
0.999	5
1.011	5
1.034	5
1.038	5
1.042	5
1.063	5
1.068	5
1.081	5
1.085	5
1.09	5
1.095	5
1.107	5
1.109	5
1.12	5
1.157	5
1.175	5
1.196	5
1.2	5
1.26	5
1.318	5
1.424	5
1.427	5
1.432	5
1.434	5
1.458	5
1.598	5
1.696	5
1.755	5
1.824	5
2.07	5
2.11	5
2.11	5
2.22	5
2.229	5
2.371	5
2.371	5
2.612	5
2.636	5
2.706	5
2.729	5
2.74	5
2.823	5
2.92	5
3.074	5
3.272	5
3.29	5
3.352	5
3.513	5
3.698	5
3.714	5
3.726	5
3.961	5
3.963	5
4.132	5
4.356	5
4.372	5
4.426	5
4.608	5
4.715	5
4.727	5
4.766	5
4.776	5
5.07	5
5.074	5
5.105	5
5.479	5
5.502	5
5.541	5
5.57	5
5.582	5
5.672	5
5.709	5
5.812	5
5.946	5
6.04	5
6.081	5
6.117	5
6.173	5
6.177	5
6.24	5
6.277	5
6.385	5
6.46	5
6.52	5
6.765	5
6.83	5
6.86	5
6.866	5
6.915	5
6.936	5
6.956	5
6.973	5
7.023	5
7.082	5
7.124	5
7.147	5
7.197	5
7.224	5
7.302	5
7.441	5
7.475	5
7.606	5
7.618	5
7.688	5
7.816	5
7.853	5
7.855	5
7.947	5
8.122	5
8.138	5
8.151	5
8.273	5
8.288	5
8.432	5
8.656	5
8.762	5
9.286	5
9.336	5
9.442	5
9.643	5
9.757	5
9.821	4
10.042	4
10.318	4
10.326	4
10.327	4
10.353	3
10.59	3
10.629	3
10.783	3
10.852	3
10.865	3
10.926	3
11.189	3
11.277	3
11.294	3
11.537	3
11.767	3
11.858	3
11.911	3
12.11	3
12.125	3
12.414	3
12.514	3
12.696	3
13.234	3
13.356	3
13.398	3
13.494	3
13.645	3
13.673	3
13.736	3
13.78	3
13.819	3
13.942	3
14.0	3
14.342	3
14.457	3
14.533	3
14.553	3
14.574	3
14.649	3
14.7	3
14.834	3
15.113	3
15.799	3
16.736	3
16.781	3
17.237	3
17.334	3
17.391	3
17.841	3
18.109	3
18.114	3
18.458	3
18.884	3
18.958	3
19.019	3
19.731	3
20.532	3
20.535	3
23.897	3
24.087	3
24.138	3
24.39	3
24.672	3
24.675	3
24.707	3
25.047	3
25.378	3
26.892	3
34.965	3
47.18	3
0.0	1
0.002	1
0.003	1
0.004	1
0.005	1
0.006	1
0.007	1
0.011	1
0.012	2
0.012	2
0.013	2
0.014	2
0.015	2
0.015	2
0.017	2
0.018	2
0.02	2
0.022	2
0.022	2
0.024	2
0.024	2
0.026	2
0.027	2
0.027	2
0.027	2
0.028	2
0.028	2
0.028	2
0.028	2
0.029	2
0.03	2
0.03	2
0.03	2
0.031	2
0.031	2
0.031	2
0.032	2
0.032	2
0.032	2
0.033	2
0.035	2
0.035	2
0.036	2
0.036	2
0.036	2
0.036	2
0.036	2
0.037	2
0.037	2
0.038	2
0.038	2
0.039	2
0.039	2
0.039	2
0.039	2
0.04	2
0.04	2
0.04	2
0.041	2
0.041	2
0.041	2
0.041	2
0.042	2
0.043	2
0.043	2
0.045	2
0.047	2
0.055	2
0.063	2
0.071	2
0.08	2
0.082	2
0.096	2
0.097	2
0.104	2
0.113	2
0.122	2
0.143	2
0.147	2
0.151	3
0.156	3
0.16	3
0.161	4
0.162	4
0.165	4
0.168	4
0.175	4
0.176	4
0.179	4
0.18	4
0.182	4
0.182	4
0.19	4
0.197	4
0.199	4
0.202	4
0.204	4
0.204	4
0.208	4
0.209	4
0.211	4
0.214	4
0.214	5
0.215	5
0.22	5
0.224	5
0.227	5
0.227	5
0.229	5
0.229	5
0.235	5
0.243	5
0.245	5
0.247	5
0.255	5
0.255	5
0.258	5
0.261	5
0.264	5
0.264	5
0.266	5
0.267	5
0.267	5
0.267	5
0.272	5
0.275	5
0.279	5
0.279	5
0.29	5
0.291	5
0.291	5
0.294	5
0.295	5
0.296	5
0.304	5
0.304	5
0.309	5
0.314	5
0.315	5
0.321	5
0.323	5
0.324	5
0.328	5
0.334	5
0.338	5
0.348	5
0.36	5
0.361	5
0.363	5
0.368	5
0.369	5
0.371	5
0.383	5
0.384	5
0.384	5
0.405	5
0.408	5
0.408	5
0.414	5
0.415	5
0.415	5
0.42	5
0.422	5
0.425	5
0.429	5
0.431	5
0.431	5
0.433	5
0.436	5
0.446	5
0.454	5
0.456	5
0.457	5
0.467	5
0.474	5
0.475	5
0.476	5
0.477	5
0.481	5
0.486	5
0.493	5
0.493	5
0.498	5
0.501	5
0.506	5
0.506	5
0.511	5
0.516	5
0.518	5
0.52	5
0.52	5
0.524	5
0.528	5
0.542	5
0.542	5
0.544	5
0.547	5
0.549	5
0.549	5
0.553	5
0.557	5
0.559	5
0.563	5
0.564	5
0.569	5
0.569	5
0.572	5
0.573	5
0.577	5
0.579	5
0.58	5
0.58	5
0.581	5
0.584	5
0.586	5
0.587	5
0.588	5
0.589	5
0.589	5
0.59	5
0.593	5
0.597	5
0.599	5
0.601	5
0.605	5
0.607	5
0.617	5
0.62	5
0.625	5
0.626	5
0.627	5
0.627	5
0.629	5
0.632	5
0.634	5
0.636	5
0.637	5
0.643	5
0.644	5
0.645	5
0.646	5
0.649	5
0.653	5
0.661	5
0.662	5
0.667	5
0.672	5
0.678	5
0.68	5
0.68	5
0.686	5
0.69	5
0.698	5
0.7	5
0.703	5
0.703	5
0.704	5
0.706	5
0.706	5
0.706	5
0.707	5
0.714	5
0.717	5
0.719	5
0.723	5
0.735	5
0.736	5
0.737	5
0.751	5
0.752	5
0.756	5
0.763	5
0.763	5
0.769	5
0.776	5
0.78	5
0.781	5
0.784	5
0.79	5
0.795	5
0.796	5
0.798	5
0.804	5
0.806	5
0.814	5
0.819	5
0.831	5
0.831	5
0.833	5
0.844	5
0.856	5
0.858	5
0.858	5
0.862	5
0.869	5
0.869	5
0.871	5
0.871	5
0.874	5
0.879	5
0.894	5
0.897	5
0.903	5
0.906	5
0.916	5
0.919	5
0.931	5
0.935	5
0.946	5
0.949	5
0.95	5
0.956	5
0.968	5
0.971	5
0.979	5
0.998	5
1.01	5
1.033	5
1.037	5
1.041	5
1.062	5
1.067	5
1.08	5
1.084	5
1.089	5
1.094	5
1.106	5
1.108	5
1.119	5
1.156	5
1.174	5
1.195	5
1.199	5
1.259	5
1.317	5
1.423	5
1.426	5
1.431	5
1.433	5
1.457	5
1.597	5
1.695	5
1.754	5
1.823	5
2.069	5
2.109	5
2.109	5
2.219	5
2.228	5
2.37	5
2.37	5
2.611	5
2.635	5
2.705	5
2.728	5
2.739	5
2.822	5
2.919	5
3.073	5
3.271	5
3.289	5
3.351	5
3.512	5
3.697	5
3.713	5
3.725	5
3.96	5
3.962	5
4.131	5
4.355	5
4.371	5
4.425	5
4.607	5
4.714	4
4.726	4
4.765	4
4.775	4
5.069	4
5.073	4
5.104	4
5.478	4
5.501	4
5.54	4
5.569	4
5.581	4
5.671	4
5.708	4
5.811	4
5.945	4
6.039	4
6.08	4
6.116	4
6.172	4
6.176	4
6.239	4
6.276	4
6.384	4
6.459	4
6.519	4
6.764	4
6.829	4
6.859	4
6.865	4
6.914	4
6.935	4
6.955	4
6.972	4
7.022	4
7.081	4
7.123	4
7.146	4
7.196	4
7.223	4
7.301	4
7.44	4
7.474	4
7.605	4
7.617	4
7.687	4
7.815	4
7.852	4
7.854	4
7.946	4
8.121	4
8.137	4
8.15	4
8.272	4
8.287	4
8.431	4
8.655	4
8.761	4
9.285	4
9.335	4
9.441	4
9.642	4
9.756	4
9.82	4
10.041	4
10.317	4
10.325	4
10.326	4
10.352	4
10.589	4
10.628	4
10.782	4
10.851	4
10.864	4
10.925	4
11.188	4
11.276	4
11.293	4
11.536	4
11.766	4
11.857	4
11.91	4
12.109	4
12.124	4
12.413	4
12.513	4
12.695	4
13.233	4
13.355	4
13.397	4
13.493	4
13.644	4
13.672	4
13.735	4
13.779	4
13.818	4
13.941	4
13.999	4
14.341	4
14.456	4
14.532	4
14.552	4
14.573	4
14.648	4
14.699	4
14.833	4
15.112	4
15.798	4
16.735	4
16.78	4
17.236	4
17.333	4
17.39	4
17.84	4
18.108	4
18.113	4
18.457	4
18.883	4
18.957	4
19.018	4
19.73	4
20.531	3
20.534	3
23.896	3
24.086	3
24.137	3
24.389	3
24.671	3
24.674	3
24.706	3
25.046	3
25.377	3
26.891	3
34.964	3
47.179	3
0.001	1
0.002	1
0.003	1
0.004	1
0.005	1
0.006	1
0.01	1
0.011	1
0.011	1
0.012	1
0.013	1
0.014	1
0.014	1
0.016	1
0.017	1
0.019	1
0.021	1
0.021	1
0.023	1
0.023	1
0.025	1
0.026	1
0.026	1
0.026	1
0.027	1
0.027	1
0.027	1
0.027	1
0.028	1
0.029	1
0.029	1
0.029	1
0.03	1
0.03	1
0.03	1
0.031	1
0.031	1
0.031	1
0.032	1
0.034	1
0.034	1
0.035	1
0.035	1
0.035	1
0.035	1
0.035	1
0.036	1
0.036	1
0.037	1
0.037	1
0.038	1
0.038	1
0.038	1
0.038	1
0.039	1
0.039	1
0.039	1
0.04	1
0.04	1
0.04	1
0.04	1
0.041	1
0.042	1
0.042	1
0.044	1
0.046	1
0.054	1
0.062	1
0.07	1
0.079	1
0.081	1
0.095	1
0.096	1
0.103	1
0.112	1
0.121	1
0.142	1
0.146	1
0.15	1
0.155	1
0.159	1
0.16	1
0.161	1
0.164	1
0.167	1
0.174	1
0.175	1
0.178	1
0.179	1
0.181	1
0.181	1
0.189	1
0.196	1
0.198	1
0.201	1
0.203	1
0.203	1
0.207	1
0.208	1
0.21	1
0.213	1
0.213	1
0.214	1
0.219	1
0.223	1
0.226	1
0.226	1
0.228	1
0.228	1
0.234	1
0.242	1
0.244	1
0.246	1
0.254	1
0.254	1
0.257	1
0.26	1
0.263	1
0.263	1
0.265	1
0.266	2
0.266	2
0.266	2
0.271	2
0.274	2
0.278	2
0.278	2
0.289	2
0.29	2
0.29	2
0.293	2
0.294	2
0.295	3
0.303	3
0.303	3
0.308	3
0.313	3
0.314	3
0.32	3
0.322	3
0.323	3
0.327	4
0.333	4
0.337	4
0.347	4
0.359	4
0.36	4
0.362	4
0.367	4
0.368	4
0.37	4
0.382	4
0.383	4
0.383	4
0.404	4
0.407	4
0.407	4
0.413	4
0.414	4
0.414	4
0.419	4
0.421	4
0.424	4
0.428	4
0.43	4
0.43	4
0.432	4
0.435	4
0.445	5
0.453	5
0.455	5
0.456	5
0.466	5
0.473	5
0.474	5
0.475	5
0.476	5
0.48	5
0.485	5
0.492	5
0.492	5
0.497	5
0.5	6
0.505	6
0.505	6
0.51	6
0.515	6
0.517	6
0.519	6
0.519	6
0.523	6
0.527	6
0.541	6
0.541	6
0.543	6
0.546	6
0.548	6
0.548	6
0.552	6
0.556	6
0.558	6
0.562	6
0.563	6
0.568	6
0.568	6
0.571	6
0.572	6
0.576	6
0.578	6
0.579	6
0.579	6
0.58	6
0.583	6
0.585	6
0.586	6
0.587	6
0.588	6
0.588	6
0.589	6
0.592	6
0.596	6
0.598	6
0.6	6
0.604	6
0.606	6
0.616	6
0.619	6
0.624	6
0.625	6
0.626	6
0.626	6
0.628	7
0.631	7
0.633	7
0.635	7
0.636	7
0.642	7
0.643	7
0.644	8
0.645	8
0.648	8
0.652	8
0.66	8
0.661	8
0.666	8
0.671	8
0.677	8
0.679	8
0.679	8
0.685	8
0.689	8
0.697	8
0.699	8
0.702	8
0.702	8
0.703	8
0.705	8
0.705	8
0.705	8
0.706	8
0.713	8
0.716	8
0.718	8
0.722	8
0.734	8
0.735	8
0.736	8
0.75	8
0.751	8
0.755	8
0.762	8
0.762	8
0.768	8
0.775	8
0.779	8
0.78	8
0.783	8
0.789	8
0.794	8
0.795	8
0.797	8
0.803	8
0.805	8
0.813	8
0.818	8
0.83	8
0.83	8
0.832	8
0.843	8
0.855	8
0.857	8
0.857	8
0.861	8
0.868	8
0.868	8
0.87	8
0.87	8
0.873	8
0.878	8
0.893	8
0.896	8
0.902	8
0.905	8
0.915	8
0.918	8
0.93	8
0.934	8
0.945	8
0.948	8
0.949	8
0.955	8
0.967	8
0.97	8
0.978	8
0.997	8
1.009	8
1.032	8
1.036	8
1.04	8
1.061	8
1.066	8
1.079	8
1.083	8
1.088	8
1.093	8
1.105	8
1.107	8
1.118	8
1.155	8
1.173	8
1.194	8
1.198	8
1.258	8
1.316	8
1.422	8
1.425	8
1.43	8
1.432	8
1.456	8
1.596	8
1.694	8
1.753	8
1.822	8
2.068	8
2.108	8
2.108	8
2.218	8
2.227	8
2.369	8
2.369	8
2.61	8
2.634	8
2.704	8
2.727	8
2.738	8
2.821	8
2.918	8
3.072	8
3.27	8
3.288	8
3.35	8
3.511	8
3.696	8
3.712	8
3.724	8
3.959	8
3.961	8
4.13	8
4.354	8
4.37	8
4.424	8
4.606	8
4.713	8
4.725	8
4.764	8
4.774	8
5.068	8
5.072	8
5.103	8
5.477	8
5.5	8
5.539	8
5.568	8
5.58	8
5.67	8
5.707	8
5.81	8
5.944	8
6.038	8
6.079	8
6.115	8
6.171	8
6.175	8
6.238	8
6.275	8
6.383	8
6.458	8
6.518	8
6.763	8
6.828	8
6.858	8
6.864	8
6.913	8
6.934	8
6.954	8
6.971	8
7.021	8
7.08	8
7.122	8
7.145	8
7.195	7
7.222	7
7.3	7
7.439	7
7.473	6
7.604	6
7.616	5
7.686	5
7.814	5
7.851	5
7.853	5
7.945	5
8.12	5
8.136	5
8.149	5
8.271	5
8.286	5
8.43	5
8.654	5
8.76	5
9.284	5
9.334	5
9.44	5
9.641	5
9.755	5
9.819	5
10.04	5
10.316	5
10.324	5
10.325	5
10.351	5
10.588	5
10.627	5
10.781	5
10.85	5
10.863	5
10.924	5
11.187	5
11.275	5
11.292	5
11.535	5
11.765	5
11.856	5
11.909	5
12.108	5
12.123	5
12.412	5
12.512	5
12.694	5
13.232	5
13.354	5
13.396	5
13.492	5
13.643	5
13.671	5
13.734	5
13.778	5
13.817	5
13.94	5
13.998	5
14.34	5
14.455	5
14.531	5
14.551	5
14.572	5
14.647	5
14.698	5
14.832	5
15.111	5
15.797	5
16.734	5
16.779	5
17.235	5
17.332	5
17.389	5
17.839	5
18.107	5
18.112	4
18.456	4
18.882	4
18.956	4
19.017	4
19.729	4
20.53	4
20.533	4
23.895	4
24.085	4
24.136	4
24.388	4
24.67	4
24.673	3
24.705	3
25.045	3
25.376	3
26.89	3
34.963	3
47.178	3
0.001	1
0.002	1
0.003	1
0.004	1
0.005	1
0.009	1
0.01	1
0.01	1
0.011	1
0.012	1
0.013	1
0.013	1
0.015	1
0.016	1
0.018	1
0.02	1
0.02	1
0.022	1
0.022	1
0.024	1
0.025	1
0.025	1
0.025	1
0.026	1
0.026	1
0.026	1
0.026	1
0.027	1
0.028	1
0.028	1
0.028	1
0.029	1
0.029	1
0.029	1
0.03	1
0.03	1
0.03	1
0.031	1
0.033	1
0.033	1
0.034	1
0.034	1
0.034	1
0.034	1
0.034	1
0.035	1
0.035	1
0.036	1
0.036	1
0.037	1
0.037	1
0.037	1
0.037	1
0.038	1
0.038	1
0.038	1
0.039	1
0.039	1
0.039	1
0.039	1
0.04	1
0.041	1
0.041	1
0.043	1
0.045	1
0.053	1
0.061	1
0.069	1
0.078	1
0.08	1
0.094	2
0.095	2
0.102	2
0.111	2
0.12	2
0.141	2
0.145	2
0.149	2
0.154	2
0.158	3
0.159	3
0.16	3
0.163	3
0.166	3
0.173	3
0.174	3
0.177	3
0.178	3
0.18	3
0.18	3
0.188	3
0.195	3
0.197	3
0.2	3
0.202	3
0.202	3
0.206	3
0.207	3
0.209	3
0.212	3
0.212	3
0.213	3
0.218	3
0.222	3
0.225	3
0.225	3
0.227	3
0.227	3
0.233	3
0.241	3
0.243	3
0.245	3
0.253	3
0.253	3
0.256	3
0.259	3
0.262	3
0.262	3
0.264	3
0.265	3
0.265	3
0.265	3
0.27	3
0.273	3
0.277	3
0.277	3
0.288	3
0.289	3
0.289	3
0.292	3
0.293	3
0.294	3
0.302	3
0.302	3
0.307	3
0.312	3
0.313	3
0.319	3
0.321	3
0.322	3
0.326	3
0.332	3
0.336	3
0.346	3
0.358	3
0.359	3
0.361	3
0.366	3
0.367	3
0.369	3
0.381	3
0.382	3
0.382	3
0.403	3
0.406	3
0.406	3
0.412	3
0.413	3
0.413	3
0.418	3
0.42	3
0.423	3
0.427	3
0.429	3
0.429	3
0.431	3
0.434	3
0.444	3
0.452	3
0.454	3
0.455	3
0.465	3
0.472	3
0.473	3
0.474	3
0.475	3
0.479	3
0.484	3
0.491	3
0.491	3
0.496	3
0.499	3
0.504	3
0.504	3
0.509	3
0.514	3
0.516	3
0.518	3
0.518	3
0.522	3
0.526	3
0.54	3
0.54	3
0.542	3
0.545	3
0.547	3
0.547	3
0.551	3
0.555	3
0.557	3
0.561	3
0.562	3
0.567	3
0.567	3
0.57	3
0.571	3
0.575	3
0.577	3
0.578	3
0.578	3
0.579	3
0.582	3
0.584	3
0.585	3
0.586	3
0.587	3
0.587	3
0.588	3
0.591	3
0.595	3
0.597	3
0.599	3
0.603	3
0.605	3
0.615	3
0.618	3
0.623	3
0.624	3
0.625	3
0.625	3
0.627	3
0.63	3
0.632	3
0.634	3
0.635	3
0.641	3
0.642	3
0.643	3
0.644	3
0.647	3
0.651	3
0.659	3
0.66	3
0.665	3
0.67	3
0.676	3
0.678	3
0.678	3
0.684	3
0.688	3
0.696	3
0.698	3
0.701	3
0.701	3
0.702	3
0.704	3
0.704	3
0.704	3
0.705	3
0.712	3
0.715	3
0.717	3
0.721	3
0.733	3
0.734	3
0.735	3
0.749	3
0.75	3
0.754	3
0.761	3
0.761	3
0.767	3
0.774	3
0.778	3
0.779	3
0.782	3
0.788	3
0.793	3
0.794	3
0.796	3
0.802	3
0.804	3
0.812	3
0.817	3
0.829	3
0.829	3
0.831	3
0.842	3
0.854	3
0.856	3
0.856	3
0.86	3
0.867	3
0.867	3
0.869	3
0.869	3
0.872	3
0.877	3
0.892	3
0.895	3
0.901	3
0.904	3
0.914	3
0.917	3
0.929	3
0.933	3
0.944	3
0.947	3
0.948	3
0.954	3
0.966	3
0.969	3
0.977	3
0.996	3
1.008	3
1.031	3
1.035	3
1.039	3
1.06	3
1.065	3
1.078	3
1.082	3
1.087	3
1.092	3
1.104	3
1.106	3
1.117	3
1.154	3
1.172	3
1.193	3
1.197	3
1.257	3
1.315	3
1.421	3
1.424	3
1.429	3
1.431	3
1.455	3
1.595	3
1.693	3
1.752	3
1.821	3
2.067	3
2.107	3
2.107	3
2.217	3
2.226	3
2.368	3
2.368	3
2.609	3
2.633	3
2.703	3
2.726	3
2.737	3
2.82	3
2.917	3
3.071	3
3.269	3
3.287	3
3.349	3
3.51	3
3.695	3
3.711	3
3.723	3
3.958	3
3.96	3
4.129	3
4.353	3
4.369	3
4.423	3
4.605	3
4.712	3
4.724	3
4.763	3
4.773	3
5.067	3
5.071	3
5.102	3
5.476	3
5.499	3
5.538	3
5.567	3
5.579	3
5.669	3
5.706	3
5.809	3
5.943	3
6.037	3
6.078	3
6.114	3
6.17	3
6.174	3
6.237	3
6.274	3
6.382	3
6.457	3
6.517	3
6.762	3
6.827	3
6.857	3
6.863	3
6.912	3
6.933	3
6.953	3
6.97	3
7.02	3
7.079	3
7.121	3
7.144	3
7.194	3
7.221	3
7.299	3
7.438	3
7.472	3
7.603	3
7.615	3
7.685	3
7.813	3
7.85	3
7.852	3
7.944	3
8.119	3
8.135	3
8.148	3
8.27	3
8.285	3
8.429	3
8.653	3
8.759	3
9.283	3
9.333	3
9.439	3
9.64	3
9.754	3
9.818	3
10.039	3
10.315	3
10.323	3
10.324	3
10.35	3
10.587	3
10.626	3
10.78	3
10.849	3
10.862	3
10.923	3
11.186	3
11.274	3
11.291	3
11.534	3
11.764	3
11.855	3
11.908	3
12.107	3
12.122	3
12.411	3
12.511	3
12.693	3
13.231	3
13.353	3
13.395	3
13.491	3
13.642	3
13.67	3
13.733	3
13.777	3
13.816	3
13.939	3
13.997	3
14.339	3
14.454	3
14.53	3
14.55	3
14.571	3
14.646	3
14.697	3
14.831	3
15.11	3
15.796	3
16.733	3
16.778	3
17.234	3
17.331	3
17.388	3
17.838	3
18.106	3
18.111	3
18.455	3
18.881	3
18.955	3
19.016	3
19.728	3
20.529	3
20.532	3
23.894	3
24.084	3
24.135	3
24.387	3
24.669	3
24.672	3
24.704	3
25.044	3
25.375	3
26.889	3
34.962	3
47.177	3
0.001	1
0.002	1
0.003	1
0.004	1
0.008	1
0.009	1
0.009	1
0.01	1
0.011	1
0.012	1
0.012	1
0.014	1
0.015	1
0.017	1
0.019	1
0.019	1
0.021	1
0.021	1
0.023	1
0.024	1
0.024	1
0.024	1
0.025	1
0.025	1
0.025	1
0.025	1
0.026	1
0.027	1
0.027	1
0.027	1
0.028	1
0.028	1
0.028	1
0.029	1
0.029	1
0.029	1
0.03	1
0.032	1
0.032	1
0.033	1
0.033	1
0.033	1
0.033	1
0.033	1
0.034	1
0.034	1
0.035	1
0.035	1
0.036	1
0.036	1
0.036	1
0.036	1
0.037	1
0.037	1
0.037	1
0.038	1
0.038	1
0.038	1
0.038	1
0.039	1
0.04	1
0.04	1
0.042	1
0.044	1
0.052	1
0.06	1
0.068	1
0.077	1
0.079	1
0.093	1
0.094	1
0.101	1
0.11	1
0.119	1
0.14	1
0.144	1
0.148	1
0.153	1
0.157	1
0.158	1
0.159	1
0.162	1
0.165	1
0.172	1
0.173	1
0.176	1
0.177	1
0.179	1
0.179	1
0.187	1
0.194	1
0.196	1
0.199	1
0.201	1
0.201	1
0.205	1
0.206	1
0.208	1
0.211	1
0.211	1
0.212	1
0.217	1
0.221	1
0.224	1
0.224	1
0.226	1
0.226	1
0.232	1
0.24	1
0.242	2
0.244	2
0.252	2
0.252	3
0.255	3
0.258	3
0.261	3
0.261	3
0.263	3
0.264	3
0.264	3
0.264	3
0.269	3
0.272	3
0.276	3
0.276	3
0.287	3
0.288	3
0.288	3
0.291	3
0.292	3
0.293	3
0.301	3
0.301	3
0.306	3
0.311	3
0.312	3
0.318	3
0.32	3
0.321	3
0.325	3
0.331	3
0.335	3
0.345	4
0.357	4
0.358	4
0.36	4
0.365	4
0.366	4
0.368	4
0.38	4
0.381	4
0.381	4
0.402	4
0.405	4
0.405	4
0.411	4
0.412	4
0.412	4
0.417	4
0.419	4
0.422	4
0.426	4
0.428	4
0.428	4
0.43	4
0.433	4
0.443	4
0.451	4
0.453	4
0.454	4
0.464	4
0.471	4
0.472	4
0.473	4
0.474	4
0.478	4
0.483	4
0.49	4
0.49	4
0.495	4
0.498	4
0.503	4
0.503	4
0.508	4
0.513	4
0.515	4
0.517	4
0.517	4
0.521	4
0.525	4
0.539	4
0.539	4
0.541	4
0.544	4
0.546	4
0.546	4
0.55	4
0.554	4
0.556	4
0.56	4
0.561	4
0.566	4
0.566	4
0.569	4
0.57	4
0.574	4
0.576	4
0.577	4
0.577	4
0.578	4
0.581	4
0.583	4
0.584	4
0.585	4
0.586	4
0.586	4
0.587	4
0.59	4
0.594	4
0.596	4
0.598	4
0.602	4
0.604	4
0.614	4
0.617	4
0.622	4
0.623	4
0.624	4
0.624	4
0.626	4
0.629	4
0.631	4
0.633	4
0.634	4
0.64	4
0.641	4
0.642	4
0.643	4
0.646	4
0.65	4
0.658	4
0.659	4
0.664	4
0.669	5
0.675	5
0.677	5
0.677	5
0.683	5
0.687	5
0.695	5
0.697	5
0.7	5
0.7	5
0.701	5
0.703	5
0.703	5
0.703	5
0.704	5
0.711	5
0.714	5
0.716	5
0.72	5
0.732	5
0.733	5
0.734	5
0.748	5
0.749	5
0.753	5
0.76	5
0.76	5
0.766	5
0.773	5
0.777	5
0.778	5
0.781	5
0.787	5
0.792	5
0.793	5
0.795	5
0.801	5
0.803	5
0.811	5
0.816	5
0.828	5
0.828	5
0.83	5
0.841	5
0.853	5
0.855	5
0.855	5
0.859	5
0.866	5
0.866	5
0.868	5
0.868	5
0.871	5
0.876	5
0.891	5
0.894	5
0.9	5
0.903	5
0.913	5
0.916	5
0.928	5
0.932	5
0.943	5
0.946	5
0.947	5
0.953	5
0.965	5
0.968	5
0.976	5
0.995	5
1.007	5
1.03	5
1.034	5
1.038	5
1.059	5
1.064	5
1.077	5
1.081	5
1.086	5
1.091	5
1.103	5
1.105	5
1.116	5
1.153	5
1.171	5
1.192	5
1.196	5
1.256	5
1.314	5
1.42	5
1.423	5
1.428	5
1.43	5
1.454	5
1.594	5
1.692	5
1.751	5
1.82	5
2.066	5
2.106	5
2.106	5
2.216	5
2.225	5
2.367	5
2.367	5
2.608	5
2.632	5
2.702	5
2.725	4
2.736	4
2.819	4
2.916	4
3.07	4
3.268	4
3.286	4
3.348	4
3.509	4
3.694	4
3.71	4
3.722	4
3.957	3
3.959	3
4.128	3
4.352	3
4.368	3
4.422	3
4.604	3
4.711	3
4.723	3
4.762	3
4.772	3
5.066	3
5.07	3
5.101	3
5.475	3
5.498	3
5.537	3
5.566	3
5.578	3
5.668	3
5.705	3
5.808	3
5.942	3
6.036	3
6.077	3
6.113	3
6.169	3
6.173	3
6.236	3
6.273	3
6.381	3
6.456	3
6.516	3
6.761	3
6.826	3
6.856	3
6.862	3
6.911	3
6.932	3
6.952	3
6.969	3
7.019	3
7.078	3
7.12	3
7.143	3
7.193	3
7.22	3
7.298	3
7.437	3
7.471	3
7.602	3
7.614	3
7.684	3
7.812	3
7.849	3
7.851	3
7.943	3
8.118	3
8.134	3
8.147	3
8.269	3
8.284	3
8.428	3
8.652	3
8.758	3
9.282	3
9.332	3
9.438	3
9.639	3
9.753	3
9.817	3
10.038	3
10.314	3
10.322	3
10.323	3
10.349	3
10.586	3
10.625	3
10.779	3
10.848	3
10.861	3
10.922	3
11.185	3
11.273	3
11.29	3
11.533	3
11.763	3
11.854	3
11.907	3
12.106	3
12.121	3
12.41	3
12.51	3
12.692	3
13.23	3
13.352	3
13.394	3
13.49	3
13.641	3
13.669	3
13.732	3
13.776	3
13.815	3
13.938	3
13.996	3
14.338	3
14.453	3
14.529	3
14.549	3
14.57	3
14.645	3
14.696	3
14.83	3
15.109	3
15.795	3
16.732	3
16.777	3
17.233	3
17.33	3
17.387	3
17.837	3
18.105	3
18.11	3
18.454	3
18.88	3
18.954	3
19.015	3
19.727	3
20.528	3
20.531	3
23.893	3
24.083	3
24.134	3
24.386	3
24.668	3
24.671	3
24.703	3
25.043	3
25.374	3
26.888	3
34.961	3
47.176	3
0.001	1
0.002	1
0.006	1
0.007	1
0.007	1
0.008	1
0.009	1
0.01	1
0.01	1
0.012	1
0.013	1
0.015	1
0.017	1
0.017	1
0.019	1
0.019	1
0.021	2
0.022	2
0.022	2
0.022	2
0.023	2
0.023	2
0.023	2
0.023	2
0.024	2
0.025	2
0.025	2
0.025	2
0.026	2
0.026	2
0.026	2
0.027	2
0.027	2
0.027	2
0.028	2
0.03	2
0.03	2
0.031	2
0.031	2
0.031	2
0.031	2
0.031	2
0.032	2
0.032	2
0.033	2
0.033	2
0.034	2
0.034	2
0.034	2
0.034	2
0.035	2
0.035	2
0.035	2
0.036	2
0.036	2
0.036	2
0.036	2
0.037	2
0.038	2
0.038	2
0.04	2
0.042	2
0.05	2
0.058	2
0.066	2
0.075	3
0.077	3
0.091	3
0.092	3
0.099	3
0.108	3
0.117	3
0.138	3
0.142	3
0.146	3
0.151	3
0.155	3
0.156	3
0.157	3
0.16	3
0.163	3
0.17	3
0.171	3
0.174	3
0.175	3
0.177	3
0.177	3
0.185	3
0.192	3
0.194	3
0.197	3
0.199	3
0.199	3
0.203	3
0.204	3
0.206	3
0.209	3
0.209	3
0.21	3
0.215	3
0.219	3
0.222	3
0.222	3
0.224	3
0.224	3
0.23	3
0.238	3
0.24	3
0.242	3
0.25	3
0.25	3
0.253	3
0.256	3
0.259	3
0.259	3
0.261	3
0.262	3
0.262	3
0.262	3
0.267	3
0.27	3
0.274	3
0.274	3
0.285	3
0.286	3
0.286	3
0.289	3
0.29	3
0.291	3
0.299	3
0.299	3
0.304	3
0.309	3
0.31	3
0.316	3
0.318	3
0.319	3
0.323	3
0.329	3
0.333	3
0.343	3
0.355	3
0.356	3
0.358	3
0.363	3
0.364	3
0.366	3
0.378	3
0.379	3
0.379	3
0.4	3
0.403	3
0.403	3
0.409	3
0.41	3
0.41	3
0.415	3
0.417	3
0.42	3
0.424	3
0.426	3
0.426	3
0.428	3
0.431	3
0.441	3
0.449	3
0.451	3
0.452	3
0.462	3
0.469	3
0.47	3
0.471	3
0.472	3
0.476	3
0.481	3
0.488	3
0.488	3
0.493	3
0.496	3
0.501	3
0.501	3
0.506	3
0.511	3
0.513	3
0.515	3
0.515	3
0.519	3
0.523	3
0.537	3
0.537	3
0.539	3
0.542	3
0.544	3
0.544	3
0.548	3
0.552	3
0.554	3
0.558	3
0.559	3
0.564	3
0.564	3
0.567	3
0.568	3
0.572	3
0.574	3
0.575	3
0.575	3
0.576	3
0.579	3
0.581	3
0.582	3
0.583	3
0.584	3
0.584	3
0.585	3
0.588	3
0.592	3
0.594	3
0.596	3
0.6	3
0.602	3
0.612	3
0.615	3
0.62	3
0.621	3
0.622	3
0.622	3
0.624	3
0.627	3
0.629	3
0.631	3
0.632	3
0.638	3
0.639	3
0.64	3
0.641	3
0.644	3
0.648	3
0.656	3
0.657	3
0.662	3
0.667	3
0.673	3
0.675	3
0.675	3
0.681	3
0.685	3
0.693	3
0.695	3
0.698	3
0.698	3
0.699	3
0.701	3
0.701	3
0.701	3
0.702	3
0.709	3
0.712	3
0.714	3
0.718	3
0.73	3
0.731	3
0.732	3
0.746	3
0.747	3
0.751	3
0.758	3
0.758	3
0.764	3
0.771	3
0.775	3
0.776	3
0.779	3
0.785	3
0.79	3
0.791	3
0.793	3
0.799	3
0.801	3
0.809	3
0.814	3
0.826	3
0.826	3
0.828	3
0.839	3
0.851	3
0.853	3
0.853	3
0.857	3
0.864	3
0.864	3
0.866	3
0.866	3
0.869	3
0.874	3
0.889	3
0.892	3
0.898	3
0.901	3
0.911	3
0.914	3
0.926	3
0.93	3
0.941	3
0.944	3
0.945	3
0.951	3
0.963	3
0.966	3
0.974	3
0.993	3
1.005	3
1.028	3
1.032	3
1.036	3
1.057	3
1.062	3
1.075	3
1.079	3
1.084	3
1.089	3
1.101	3
1.103	3
1.114	3
1.151	3
1.169	3
1.19	3
1.194	3
1.254	3
1.312	3
1.418	3
1.421	3
1.426	3
1.428	3
1.452	3
1.592	3
1.69	3
1.749	3
1.818	3
2.064	3
2.104	3
2.104	3
2.214	3
2.223	3
2.365	3
2.365	3
2.606	3
2.63	3
2.7	3
2.723	3
2.734	3
2.817	3
2.914	3
3.068	3
3.266	3
3.284	3
3.346	3
3.507	3
3.692	3
3.708	3
3.72	3
3.955	3
3.957	3
4.126	3
4.35	3
4.366	3
4.42	3
4.602	3
4.709	3
4.721	3
4.76	3
4.77	3
5.064	3
5.068	3
5.099	3
5.473	3
5.496	3
5.535	3
5.564	3
5.576	3
5.666	3
5.703	3
5.806	3
5.94	3
6.034	3
6.075	3
6.111	3
6.167	3
6.171	3
6.234	3
6.271	3
6.379	3
6.454	3
6.514	3
6.759	3
6.824	3
6.854	3
6.86	3
6.909	3
6.93	3
6.95	3
6.967	3
7.017	3
7.076	3
7.118	3
7.141	3
7.191	3
7.218	3
7.296	3
7.435	3
7.469	3
7.6	3
7.612	3
7.682	3
7.81	3
7.847	3
7.849	3
7.941	3
8.116	3
8.132	3
8.145	3
8.267	3
8.282	3
8.426	3
8.65	3
8.756	3
9.28	3
9.33	3
9.436	3
9.637	3
9.751	3
9.815	3
10.036	3
10.312	3
10.32	3
10.321	3
10.347	3
10.584	3
10.623	3
10.777	3
10.846	3
10.859	3
10.92	3
11.183	3
11.271	3
11.288	3
11.531	3
11.761	3
11.852	3
11.905	3
12.104	3
12.119	3
12.408	3
12.508	3
12.69	3
13.228	3
13.35	3
13.392	3
13.488	3
13.639	3
13.667	3
13.73	3
13.774	3
13.813	3
13.936	3
13.994	3
14.336	3
14.451	3
14.527	3
14.547	3
14.568	3
14.643	3
14.694	3
14.828	3
15.107	3
15.793	3
16.73	3
16.775	3
17.231	3
17.328	3
17.385	3
17.835	3
18.103	3
18.108	3
18.452	3
18.878	3
18.952	3
19.013	3
19.725	3
20.526	3
20.529	3
23.891	3
24.081	3
24.132	3
24.384	3
24.666	3
24.669	3
24.701	3
25.041	3
25.372	3
26.886	3
34.959	3
47.174	3
0.0	1
0.001	1
0.002	1
0.006	1
0.007	1
0.007	1
0.008	1
0.009	1
0.01	1
0.01	1
0.012	1
0.013	1
0.015	1
0.017	1
0.017	1
0.019	1
0.019	1
0.021	1
0.022	1
0.022	1
0.022	1
0.023	1
0.023	1
0.023	1
0.023	1
0.024	1
0.025	1
0.025	1
0.025	1
0.026	1
0.026	1
0.026	1
0.027	1
0.027	1
0.027	1
0.028	1
0.03	1
0.03	1
0.031	1
0.031	1
0.031	1
0.031	1
0.031	1
0.032	1
0.032	1
0.033	1
0.033	1
0.034	1
0.034	1
0.034	1
0.034	1
0.035	1
0.035	1
0.035	1
0.036	1
0.036	1
0.036	1
0.036	1
0.037	1
0.038	1
0.038	1
0.04	1
0.042	1
0.05	1
0.058	1
0.066	1
0.075	1
0.077	1
0.091	1
0.092	1
0.099	1
0.108	1
0.117	1
0.138	1
0.142	1
0.146	1
0.151	1
0.155	1
0.156	1
0.157	1
0.16	1
0.163	1
0.17	1
0.171	1
0.174	1
0.175	1
0.177	1
0.177	1
0.185	1
0.192	2
0.194	2
0.197	2
0.199	2
0.199	2
0.203	2
0.204	2
0.206	2
0.209	2
0.209	2
0.21	2
0.215	2
0.219	2
0.222	2
0.222	2
0.224	2
0.224	2
0.23	2
0.238	2
0.24	2
0.242	2
0.25	2
0.25	2
0.253	2
0.256	2
0.259	2
0.259	3
0.261	3
0.262	3
0.262	3
0.262	3
0.267	3
0.27	3
0.274	3
0.274	3
0.285	3
0.286	3
0.286	3
0.289	3
0.29	3
0.291	3
0.299	3
0.299	3
0.304	3
0.309	3
0.31	3
0.316	3
0.318	3
0.319	3
0.323	3
0.329	4
0.333	4
0.343	4
0.355	4
0.356	4
0.358	4
0.363	4
0.364	4
0.366	4
0.378	4
0.379	4
0.379	4
0.4	4
0.403	4
0.403	4
0.409	4
0.41	4
0.41	5
0.415	5
0.417	5
0.42	5
0.424	5
0.426	5
0.426	5
0.428	5
0.431	5
0.441	5
0.449	5
0.451	5
0.452	5
0.462	5
0.469	5
0.47	5
0.471	5
0.472	5
0.476	5
0.481	5
0.488	5
0.488	5
0.493	5
0.496	5
0.501	5
0.501	5
0.506	5
0.511	5
0.513	6
0.515	6
0.515	6
0.519	6
0.523	6
0.537	6
0.537	6
0.539	6
0.542	6
0.544	6
0.544	6
0.548	6
0.552	6
0.554	6
0.558	6
0.559	6
0.564	6
0.564	6
0.567	6
0.568	7
0.572	7
0.574	7
0.575	7
0.575	7
0.576	7
0.579	7
0.581	7
0.582	7
0.583	7
0.584	8
0.584	8
0.585	8
0.588	8
0.592	8
0.594	8
0.596	8
0.6	8
0.602	8
0.612	8
0.615	8
0.62	8
0.621	8
0.622	8
0.622	8
0.624	8
0.627	8
0.629	8
0.631	8
0.632	8
0.638	8
0.639	8
0.64	8
0.641	8
0.644	8
0.648	8
0.656	8
0.657	8
0.662	8
0.667	8
0.673	8
0.675	8
0.675	8
0.681	8
0.685	8
0.693	8
0.695	8
0.698	8
0.698	8
0.699	8
0.701	8
0.701	8
0.701	8
0.702	8
0.709	8
0.712	8
0.714	8
0.718	8
0.73	8
0.731	8
0.732	8
0.746	8
0.747	8
0.751	8
0.758	8
0.758	8
0.764	8
0.771	9
0.775	9
0.776	9
0.779	9
0.785	10
0.79	10
0.791	10
0.793	10
0.799	10
0.801	10
0.809	10
0.814	10
0.826	10
0.826	10
0.828	10
0.839	10
0.851	10
0.853	10
0.853	10
0.857	10
0.864	10
0.864	10
0.866	10
0.866	10
0.869	10
0.874	10
0.889	10
0.892	10
0.898	10
0.901	10
0.911	10
0.914	10
0.926	10
0.93	10
0.941	10
0.944	10
0.945	10
0.951	10
0.963	10
0.966	10
0.974	10
0.993	10
1.005	10
1.028	10
1.032	10
1.036	10
1.057	10
1.062	10
1.075	10
1.079	10
1.084	10
1.089	10
1.101	10
1.103	10
1.114	10
1.151	10
1.169	10
1.19	10
1.194	10
1.254	10
1.312	10
1.418	10
1.421	10
1.426	10
1.428	10
1.452	10
1.592	10
1.69	10
1.749	10
1.818	10
2.064	10
2.104	10
2.104	10
2.214	10
2.223	9
2.365	9
2.365	9
2.606	9
2.63	9
2.7	9
2.723	9
2.734	9
2.817	9
2.914	9
3.068	9
3.266	9
3.284	9
3.346	9
3.507	9
3.692	9
3.708	9
3.72	9
3.955	9
3.957	9
4.126	9
4.35	9
4.366	9
4.42	9
4.602	9
4.709	9
4.721	9
4.76	8
4.77	8
5.064	8
5.068	8
5.099	8
5.473	8
5.496	8
5.535	8
5.564	8
5.576	8
5.666	8
5.703	8
5.806	8
5.94	8
6.034	8
6.075	8
6.111	8
6.167	7
6.171	7
6.234	7
6.271	7
6.379	7
6.454	7
6.514	7
6.759	7
6.824	7
6.854	7
6.86	7
6.909	7
6.93	7
6.95	7
6.967	7
7.017	7
7.076	7
7.118	7
7.141	7
7.191	7
7.218	7
7.296	7
7.435	7
7.469	7
7.6	7
7.612	7
7.682	7
7.81	7
7.847	7
7.849	7
7.941	7
8.116	7
8.132	7
8.145	6
8.267	6
8.282	6
8.426	6
8.65	6
8.756	6
9.28	6
9.33	6
9.436	6
9.637	6
9.751	6
9.815	6
10.036	6
10.312	6
10.32	6
10.321	6
10.347	6
10.584	6
10.623	6
10.777	6
10.846	6
10.859	6
10.92	5
11.183	5
11.271	5
11.288	5
11.531	5
11.761	5
11.852	5
11.905	5
12.104	5
12.119	4
12.408	4
12.508	4
12.69	4
13.228	4
13.35	4
13.392	4
13.488	4
13.639	4
13.667	4
13.73	4
13.774	4
13.813	4
13.936	3
13.994	3
14.336	3
14.451	3
14.527	3
14.547	3
14.568	3
14.643	3
14.694	3
14.828	3
15.107	3
15.793	3
16.73	3
16.775	3
17.231	3
17.328	3
17.385	3
17.835	3
18.103	3
18.108	3
18.452	3
18.878	3
18.952	3
19.013	3
19.725	3
20.526	3
20.529	3
23.891	3
24.081	3
24.132	3
24.384	3
24.666	3
24.669	3
24.701	3
25.041	3
25.372	3
26.886	3
34.959	3
47.174	3
0.0	1
0.004	1
0.005	1
0.005	1
0.006	1
0.007	1
0.008	1
0.008	1
0.01	1
0.011	1
0.013	1
0.015	1
0.015	1
0.017	1
0.017	1
0.019	1
0.02	1
0.02	1
0.02	1
0.021	1
0.021	1
0.021	1
0.021	1
0.022	1
0.023	1
0.023	1
0.023	1
0.024	1
0.024	1
0.024	1
0.025	1
0.025	1
0.025	1
0.026	1
0.028	1
0.028	1
0.029	1
0.029	1
0.029	1
0.029	1
0.029	1
0.03	1
0.03	1
0.031	1
0.031	1
0.032	1
0.032	1
0.032	1
0.032	1
0.033	1
0.033	1
0.033	1
0.034	1
0.034	1
0.034	1
0.034	1
0.035	1
0.036	1
0.036	1
0.038	1
0.04	1
0.048	1
0.056	1
0.064	1
0.073	1
0.075	1
0.089	1
0.09	1
0.097	1
0.106	1
0.115	1
0.136	1
0.14	1
0.144	1
0.149	1
0.153	1
0.154	1
0.155	1
0.158	1
0.161	1
0.168	1
0.169	1
0.172	1
0.173	1
0.175	1
0.175	1
0.183	1
0.19	1
0.192	1
0.195	1
0.197	1
0.197	1
0.201	1
0.202	1
0.204	1
0.207	1
0.207	1
0.208	1
0.213	1
0.217	1
0.22	1
0.22	1
0.222	1
0.222	1
0.228	1
0.236	1
0.238	1
0.24	1
0.248	1
0.248	1
0.251	1
0.254	1
0.257	1
0.257	1
0.259	1
0.26	1
0.26	1
0.26	1
0.265	1
0.268	1
0.272	1
0.272	1
0.283	1
0.284	1
0.284	1
0.287	1
0.288	1
0.289	1
0.297	1
0.297	1
0.302	2
0.307	2
0.308	2
0.314	3
0.316	3
0.317	3
0.321	3
0.327	3
0.331	3
0.341	3
0.353	3
0.354	3
0.356	3
0.361	3
0.362	3
0.364	3
0.376	3
0.377	3
0.377	3
0.398	3
0.401	3
0.401	3
0.407	3
0.408	3
0.408	3
0.413	3
0.415	3
0.418	3
0.422	3
0.424	3
0.424	3
0.426	3
0.429	3
0.439	3
0.447	3
0.449	3
0.45	3
0.46	3
0.467	3
0.468	3
0.469	3
0.47	3
0.474	3
0.479	3
0.486	3
0.486	3
0.491	3
0.494	3
0.499	3
0.499	3
0.504	3
0.509	3
0.511	3
0.513	3
0.513	3
0.517	3
0.521	3
0.535	3
0.535	3
0.537	3
0.54	3
0.542	3
0.542	3
0.546	3
0.55	3
0.552	3
0.556	3
0.557	3
0.562	3
0.562	3
0.565	3
0.566	3
0.57	3
0.572	3
0.573	3
0.573	3
0.574	3
0.577	3
0.579	3
0.58	3
0.581	3
0.582	3
0.582	3
0.583	3
0.586	3
0.59	3
0.592	3
0.594	3
0.598	3
0.6	3
0.61	3
0.613	3
0.618	3
0.619	3
0.62	3
0.62	3
0.622	3
0.625	3
0.627	3
0.629	3
0.63	3
0.636	3
0.637	3
0.638	3
0.639	3
0.642	3
0.646	3
0.654	3
0.655	3
0.66	3
0.665	3
0.671	3
0.673	3
0.673	3
0.679	3
0.683	3
0.691	3
0.693	3
0.696	3
0.696	3
0.697	3
0.699	3
0.699	3
0.699	3
0.7	3
0.707	3
0.71	3
0.712	3
0.716	3
0.728	3
0.729	3
0.73	3
0.744	3
0.745	3
0.749	4
0.756	4
0.756	4
0.762	4
0.769	4
0.773	4
0.774	4
0.777	4
0.783	4
0.788	4
0.789	4
0.791	4
0.797	4
0.799	4
0.807	4
0.812	4
0.824	4
0.824	4
0.826	4
0.837	4
0.849	4
0.851	4
0.851	4
0.855	4
0.862	4
0.862	4
0.864	4
0.864	4
0.867	4
0.872	4
0.887	4
0.89	4
0.896	4
0.899	4
0.909	4
0.912	4
0.924	4
0.928	4
0.939	4
0.942	4
0.943	4
0.949	4
0.961	4
0.964	4
0.972	4
0.991	4
1.003	4
1.026	4
1.03	4
1.034	4
1.055	4
1.06	4
1.073	4
1.077	4
1.082	4
1.087	4
1.099	4
1.101	4
1.112	4
1.149	4
1.167	4
1.188	4
1.192	4
1.252	4
1.31	4
1.416	4
1.419	4
1.424	4
1.426	4
1.45	4
1.59	4
1.688	4
1.747	4
1.816	4
2.062	4
2.102	4
2.102	4
2.212	4
2.221	4
2.363	4
2.363	4
2.604	4
2.628	4
2.698	4
2.721	4
2.732	4
2.815	4
2.912	4
3.066	4
3.264	4
3.282	4
3.344	4
3.505	4
3.69	4
3.706	4
3.718	4
3.953	4
3.955	4
4.124	4
4.348	4
4.364	4
4.418	4
4.6	4
4.707	4
4.719	4
4.758	4
4.768	4
5.062	4
5.066	4
5.097	4
5.471	4
5.494	4
5.533	4
5.562	4
5.574	4
5.664	4
5.701	4
5.804	4
5.938	4
6.032	4
6.073	4
6.109	4
6.165	4
6.169	4
6.232	4
6.269	4
6.377	4
6.452	4
6.512	4
6.757	4
6.822	4
6.852	4
6.858	4
6.907	4
6.928	4
6.948	4
6.965	4
7.015	4
7.074	4
7.116	4
7.139	4
7.189	4
7.216	4
7.294	4
7.433	4
7.467	4
7.598	4
7.61	4
7.68	4
7.808	3
7.845	3
7.847	3
7.939	3
8.114	3
8.13	3
8.143	3
8.265	3
8.28	3
8.424	3
8.648	3
8.754	3
9.278	3
9.328	3
9.434	3
9.635	3
9.749	3
9.813	3
10.034	3
10.31	3
10.318	3
10.319	3
10.345	3
10.582	3
10.621	3
10.775	3
10.844	3
10.857	3
10.918	3
11.181	3
11.269	3
11.286	3
11.529	3
11.759	3
11.85	3
11.903	3
12.102	3
12.117	3
12.406	3
12.506	3
12.688	3
13.226	3
13.348	3
13.39	3
13.486	3
13.637	3
13.665	3
13.728	3
13.772	3
13.811	3
13.934	3
13.992	3
14.334	3
14.449	3
14.525	3
14.545	3
14.566	3
14.641	3
14.692	3
14.826	3
15.105	3
15.791	3
16.728	3
16.773	3
17.229	3
17.326	3
17.383	3
17.833	3
18.101	3
18.106	3
18.45	3
18.876	3
18.95	3
19.011	3
19.723	3
20.524	3
20.527	3
23.889	3
24.079	3
24.13	3
24.382	3
24.664	3
24.667	3
24.699	3
25.039	3
25.37	3
26.884	3
34.957	3
47.172	3
0.0	1
0.001	1
0.001	1
0.002	1
0.003	1
0.004	1
0.004	1
0.006	1
0.007	1
0.009	1
0.011	1
0.011	1
0.013	1
0.013	1
0.015	1
0.016	1
0.016	1
0.016	1
0.017	1
0.017	1
0.017	1
0.017	1
0.018	1
0.019	1
0.019	1
0.019	1
0.02	1
0.02	1
0.02	1
0.021	1
0.021	1
0.021	1
0.022	1
0.024	1
0.024	1
0.025	1
0.025	1
0.025	1
0.025	1
0.025	1
0.026	1
0.026	1
0.027	1
0.027	1
0.028	1
0.028	1
0.028	1
0.028	1
0.029	1
0.029	1
0.029	1
0.03	1
0.03	1
0.03	1
0.03	1
0.031	1
0.032	1
0.032	1
0.034	1
0.036	1
0.044	1
0.052	1
0.06	1
0.069	1
0.071	1
0.085	1
0.086	1
0.093	1
0.102	1
0.111	1
0.132	1
0.136	1
0.14	1
0.145	1
0.149	1
0.15	1
0.151	1
0.154	1
0.157	1
0.164	1
0.165	1
0.168	2
0.169	2
0.171	2
0.171	2
0.179	2
0.186	2
0.188	2
0.191	2
0.193	2
0.193	2
0.197	2
0.198	2
0.2	2
0.203	2
0.203	2
0.204	2
0.209	2
0.213	2
0.216	2
0.216	2
0.218	2
0.218	2
0.224	2
0.232	2
0.234	2
0.236	2
0.244	2
0.244	2
0.247	2
0.25	2
0.253	2
0.253	2
0.255	2
0.256	2
0.256	2
0.256	2
0.261	2
0.264	2
0.268	2
0.268	2
0.279	2
0.28	2
0.28	2
0.283	2
0.284	2
0.285	2
0.293	2
0.293	2
0.298	2
0.303	2
0.304	2
0.31	2
0.312	2
0.313	2
0.317	2
0.323	2
0.327	2
0.337	2
0.349	2
0.35	2
0.352	2
0.357	2
0.358	3
0.36	3
0.372	3
0.373	3
0.373	3
0.394	3
0.397	3
0.397	3
0.403	3
0.404	3
0.404	3
0.409	3
0.411	4
0.414	4
0.418	4
0.42	4
0.42	4
0.422	4
0.425	4
0.435	4
0.443	4
0.445	4
0.446	4
0.456	4
0.463	4
0.464	4
0.465	4
0.466	4
0.47	4
0.475	4
0.482	4
0.482	4
0.487	5
0.49	5
0.495	5
0.495	5
0.5	5
0.505	6
0.507	6
0.509	6
0.509	6
0.513	6
0.517	6
0.531	6
0.531	6
0.533	6
0.536	6
0.538	6
0.538	6
0.542	6
0.546	6
0.548	6
0.552	6
0.553	6
0.558	6
0.558	6
0.561	6
0.562	6
0.566	6
0.568	6
0.569	6
0.569	6
0.57	6
0.573	6
0.575	6
0.576	6
0.577	6
0.578	6
0.578	6
0.579	6
0.582	6
0.586	6
0.588	6
0.59	6
0.594	6
0.596	6
0.606	6
0.609	6
0.614	6
0.615	6
0.616	6
0.616	6
0.618	6
0.621	6
0.623	6
0.625	6
0.626	6
0.632	6
0.633	6
0.634	6
0.635	7
0.638	7
0.642	7
0.65	7
0.651	7
0.656	7
0.661	7
0.667	7
0.669	7
0.669	7
0.675	7
0.679	7
0.687	7
0.689	7
0.692	7
0.692	7
0.693	7
0.695	7
0.695	7
0.695	7
0.696	7
0.703	7
0.706	7
0.708	7
0.712	7
0.724	7
0.725	7
0.726	7
0.74	7
0.741	7
0.745	7
0.752	7
0.752	7
0.758	7
0.765	7
0.769	7
0.77	7
0.773	7
0.779	7
0.784	7
0.785	7
0.787	7
0.793	7
0.795	7
0.803	7
0.808	7
0.82	7
0.82	7
0.822	7
0.833	7
0.845	7
0.847	7
0.847	7
0.851	7
0.858	7
0.858	7
0.86	7
0.86	7
0.863	7
0.868	7
0.883	7
0.886	7
0.892	7
0.895	7
0.905	7
0.908	7
0.92	7
0.924	7
0.935	7
0.938	7
0.939	7
0.945	7
0.957	7
0.96	7
0.968	7
0.987	7
0.999	7
1.022	7
1.026	7
1.03	7
1.051	7
1.056	7
1.069	7
1.073	7
1.078	7
1.083	7
1.095	7
1.097	7
1.108	7
1.145	7
1.163	7
1.184	7
1.188	7
1.248	7
1.306	7
1.412	7
1.415	7
1.42	7
1.422	7
1.446	7
1.586	7
1.684	7
1.743	7
1.812	6
2.058	6
2.098	6
2.098	6
2.208	6
2.217	6
2.359	6
2.359	6
2.6	6
2.624	6
2.694	6
2.717	6
2.728	6
2.811	6
2.908	6
3.062	6
3.26	6
3.278	6
3.34	6
3.501	6
3.686	6
3.702	6
3.714	6
3.949	6
3.951	6
4.12	6
4.344	6
4.36	6
4.414	6
4.596	6
4.703	6
4.715	6
4.754	6
4.764	6
5.058	6
5.062	6
5.093	6
5.467	6
5.49	6
5.529	6
5.558	6
5.57	6
5.66	6
5.697	6
5.8	6
5.934	6
6.028	6
6.069	6
6.105	6
6.161	6
6.165	6
6.228	6
6.265	6
6.373	6
6.448	6
6.508	6
6.753	6
6.818	6
6.848	6
6.854	6
6.903	6
6.924	6
6.944	6
6.961	6
7.011	6
7.07	6
7.112	6
7.135	6
7.185	6
7.212	6
7.29	6
7.429	6
7.463	6
7.594	6
7.606	6
7.676	6
7.804	6
7.841	6
7.843	6
7.935	6
8.11	6
8.126	6
8.139	6
8.261	6
8.276	6
8.42	6
8.644	6
8.75	6
9.274	6
9.324	6
9.43	6
9.631	6
9.745	6
9.809	6
10.03	6
10.306	6
10.314	6
10.315	6
10.341	6
10.578	6
10.617	6
10.771	6
10.84	6
10.853	6
10.914	6
11.177	6
11.265	6
11.282	6
11.525	6
11.755	6
11.846	6
11.899	6
12.098	6
12.113	6
12.402	6
12.502	6
12.684	5
13.222	5
13.344	5
13.386	5
13.482	5
13.633	5
13.661	5
13.724	5
13.768	5
13.807	5
13.93	5
13.988	5
14.33	5
14.445	5
14.521	5
14.541	5
14.562	5
14.637	5
14.688	5
14.822	5
15.101	5
15.787	4
16.724	3
16.769	2
17.225	3
17.322	4
17.379	4
17.829	4
18.097	4
18.102	4
18.446	4
18.872	4
18.946	4
19.007	4
19.719	4
20.52	4
20.523	4
23.885	3
24.075	3
24.126	3
24.378	3
24.66	3
24.663	3
24.695	3
25.035	3
25.366	3
26.88	3
34.953	3
47.168	3
0.0	1
0.001	1
0.002	1
0.003	1
0.003	1
0.005	1
0.006	1
0.008	1
0.01	1
0.01	1
0.012	1
0.012	1
0.014	1
0.015	1
0.015	1
0.015	1
0.016	1
0.016	1
0.016	1
0.016	1
0.017	1
0.018	1
0.018	1
0.018	1
0.019	1
0.019	1
0.019	1
0.02	1
0.02	1
0.02	1
0.021	1
0.023	1
0.023	1
0.024	1
0.024	1
0.024	1
0.024	1
0.024	1
0.025	1
0.025	1
0.026	1
0.026	1
0.027	1
0.027	1
0.027	1
0.027	1
0.028	1
0.028	1
0.028	1
0.029	1
0.029	1
0.029	1
0.029	1
0.03	1
0.031	1
0.031	1
0.033	1
0.035	1
0.043	1
0.051	1
0.059	1
0.068	1
0.07	1
0.084	1
0.085	1
0.092	2
0.101	2
0.11	2
0.131	2
0.135	2
0.139	2
0.144	2
0.148	2
0.149	2
0.15	2
0.153	2
0.156	2
0.163	2
0.164	2
0.167	2
0.168	2
0.17	2
0.17	2
0.178	3
0.185	3
0.187	3
0.19	3
0.192	3
0.192	3
0.196	3
0.197	3
0.199	3
0.202	3
0.202	3
0.203	3
0.208	3
0.212	3
0.215	3
0.215	3
0.217	3
0.217	3
0.223	3
0.231	3
0.233	3
0.235	3
0.243	3
0.243	3
0.246	3
0.249	3
0.252	3
0.252	3
0.254	3
0.255	3
0.255	3
0.255	4
0.26	4
0.263	4
0.267	4
0.267	4
0.278	4
0.279	4
0.279	4
0.282	4
0.283	4
0.284	4
0.292	4
0.292	4
0.297	4
0.302	4
0.303	4
0.309	4
0.311	4
0.312	4
0.316	4
0.322	4
0.326	4
0.336	4
0.348	4
0.349	4
0.351	4
0.356	4
0.357	4
0.359	4
0.371	4
0.372	4
0.372	4
0.393	4
0.396	4
0.396	4
0.402	4
0.403	4
0.403	4
0.408	4
0.41	4
0.413	4
0.417	4
0.419	4
0.419	4
0.421	4
0.424	4
0.434	4
0.442	4
0.444	4
0.445	4
0.455	4
0.462	4
0.463	4
0.464	4
0.465	4
0.469	4
0.474	4
0.481	4
0.481	4
0.486	4
0.489	4
0.494	4
0.494	4
0.499	4
0.504	4
0.506	4
0.508	4
0.508	4
0.512	4
0.516	4
0.53	4
0.53	4
0.532	4
0.535	4
0.537	4
0.537	4
0.541	4
0.545	4
0.547	4
0.551	4
0.552	4
0.557	4
0.557	4
0.56	4
0.561	4
0.565	4
0.567	4
0.568	4
0.568	4
0.569	4
0.572	4
0.574	4
0.575	4
0.576	4
0.577	4
0.577	4
0.578	4
0.581	4
0.585	4
0.587	4
0.589	4
0.593	4
0.595	4
0.605	4
0.608	4
0.613	4
0.614	4
0.615	4
0.615	4
0.617	4
0.62	4
0.622	4
0.624	4
0.625	4
0.631	4
0.632	4
0.633	4
0.634	4
0.637	4
0.641	4
0.649	4
0.65	4
0.655	4
0.66	4
0.666	4
0.668	4
0.668	4
0.674	4
0.678	4
0.686	4
0.688	4
0.691	4
0.691	4
0.692	4
0.694	4
0.694	4
0.694	4
0.695	4
0.702	4
0.705	4
0.707	4
0.711	4
0.723	4
0.724	4
0.725	4
0.739	4
0.74	4
0.744	4
0.751	4
0.751	4
0.757	4
0.764	4
0.768	4
0.769	4
0.772	4
0.778	4
0.783	4
0.784	4
0.786	4
0.792	4
0.794	4
0.802	4
0.807	4
0.819	4
0.819	4
0.821	4
0.832	4
0.844	4
0.846	4
0.846	4
0.85	4
0.857	4
0.857	4
0.859	4
0.859	4
0.862	4
0.867	4
0.882	4
0.885	4
0.891	4
0.894	4
0.904	4
0.907	4
0.919	4
0.923	4
0.934	4
0.937	4
0.938	4
0.944	4
0.956	4
0.959	4
0.967	4
0.986	4
0.998	4
1.021	4
1.025	4
1.029	4
1.05	4
1.055	4
1.068	4
1.072	4
1.077	4
1.082	4
1.094	4
1.096	4
1.107	4
1.144	4
1.162	4
1.183	4
1.187	4
1.247	4
1.305	4
1.411	4
1.414	4
1.419	4
1.421	4
1.445	4
1.585	4
1.683	4
1.742	4
1.811	4
2.057	4
2.097	4
2.097	4
2.207	4
2.216	4
2.358	4
2.358	4
2.599	4
2.623	4
2.693	4
2.716	4
2.727	4
2.81	4
2.907	4
3.061	4
3.259	4
3.277	4
3.339	4
3.5	4
3.685	4
3.701	4
3.713	4
3.948	4
3.95	4
4.119	4
4.343	4
4.359	4
4.413	4
4.595	4
4.702	4
4.714	4
4.753	4
4.763	4
5.057	4
5.061	4
5.092	4
5.466	4
5.489	4
5.528	4
5.557	4
5.569	4
5.659	4
5.696	4
5.799	4
5.933	4
6.027	4
6.068	4
6.104	4
6.16	4
6.164	4
6.227	4
6.264	4
6.372	4
6.447	4
6.507	4
6.752	4
6.817	4
6.847	4
6.853	4
6.902	4
6.923	4
6.943	4
6.96	4
7.01	4
7.069	4
7.111	3
7.134	3
7.184	3
7.211	3
7.289	3
7.428	3
7.462	3
7.593	3
7.605	3
7.675	3
7.803	3
7.84	3
7.842	3
7.934	3
8.109	3
8.125	3
8.138	3
8.26	3
8.275	3
8.419	3
8.643	3
8.749	3
9.273	3
9.323	3
9.429	3
9.63	3
9.744	3
9.808	3
10.029	3
10.305	3
10.313	3
10.314	3
10.34	3
10.577	3
10.616	3
10.77	3
10.839	3
10.852	3
10.913	3
11.176	3
11.264	3
11.281	3
11.524	3
11.754	3
11.845	3
11.898	3
12.097	3
12.112	3
12.401	3
12.501	3
12.683	3
13.221	3
13.343	3
13.385	3
13.481	3
13.632	3
13.66	3
13.723	3
13.767	3
13.806	3
13.929	3
13.987	3
14.329	3
14.444	3
14.52	3
14.54	3
14.561	3
14.636	3
14.687	3
14.821	3
15.1	3
15.786	3
16.723	3
16.768	3
17.224	3
17.321	3
17.378	3
17.828	3
18.096	3
18.101	3
18.445	3
18.871	3
18.945	3
19.006	3
19.718	3
20.519	3
20.522	3
23.884	3
24.074	3
24.125	3
24.377	3
24.659	3
24.662	3
24.694	3
25.034	3
25.365	3
26.879	3
34.952	3
47.167	3
0.0	1
0.001	1
0.002	1
0.002	1
0.004	1
0.005	1
0.007	1
0.009	1
0.009	1
0.011	1
0.011	1
0.013	1
0.014	1
0.014	1
0.014	1
0.015	1
0.015	1
0.015	1
0.015	1
0.016	1
0.017	1
0.017	1
0.017	1
0.018	1
0.018	1
0.018	1
0.019	1
0.019	1
0.019	1
0.02	1
0.022	1
0.022	1
0.023	1
0.023	1
0.023	1
0.023	1
0.023	1
0.024	1
0.024	1
0.025	1
0.025	1
0.026	1
0.026	1
0.026	1
0.026	1
0.027	1
0.027	1
0.027	1
0.028	1
0.028	1
0.028	1
0.028	1
0.029	1
0.03	1
0.03	1
0.032	1
0.034	1
0.042	1
0.05	1
0.058	1
0.067	1
0.069	1
0.083	1
0.084	1
0.091	1
0.1	1
0.109	1
0.13	1
0.134	1
0.138	1
0.143	1
0.147	1
0.148	1
0.149	1
0.152	1
0.155	1
0.162	1
0.163	1
0.166	1
0.167	1
0.169	1
0.169	1
0.177	1
0.184	1
0.186	1
0.189	1
0.191	1
0.191	1
0.195	1
0.196	1
0.198	1
0.201	1
0.201	1
0.202	1
0.207	1
0.211	1
0.214	1
0.214	2
0.216	2
0.216	2
0.222	2
0.23	2
0.232	2
0.234	2
0.242	2
0.242	2
0.245	2
0.248	2
0.251	2
0.251	2
0.253	2
0.254	2
0.254	2
0.254	2
0.259	2
0.262	2
0.266	2
0.266	2
0.277	2
0.278	2
0.278	2
0.281	2
0.282	2
0.283	2
0.291	2
0.291	2
0.296	2
0.301	2
0.302	2
0.308	2
0.31	2
0.311	2
0.315	2
0.321	2
0.325	2
0.335	2
0.347	2
0.348	2
0.35	2
0.355	2
0.356	2
0.358	2
0.37	2
0.371	2
0.371	2
0.392	2
0.395	2
0.395	2
0.401	2
0.402	2
0.402	2
0.407	2
0.409	2
0.412	2
0.416	2
0.418	2
0.418	2
0.42	2
0.423	2
0.433	2
0.441	2
0.443	2
0.444	2
0.454	2
0.461	2
0.462	2
0.463	2
0.464	2
0.468	2
0.473	2
0.48	3
0.48	3
0.485	3
0.488	3
0.493	3
0.493	3
0.498	3
0.503	3
0.505	3
0.507	3
0.507	3
0.511	3
0.515	3
0.529	3
0.529	3
0.531	3
0.534	3
0.536	3
0.536	3
0.54	3
0.544	3
0.546	3
0.55	3
0.551	3
0.556	3
0.556	3
0.559	3
0.56	3
0.564	3
0.566	3
0.567	3
0.567	3
0.568	3
0.571	3
0.573	3
0.574	3
0.575	3
0.576	3
0.576	3
0.577	3
0.58	3
0.584	3
0.586	3
0.588	3
0.592	3
0.594	3
0.604	3
0.607	3
0.612	3
0.613	3
0.614	3
0.614	3
0.616	3
0.619	3
0.621	3
0.623	3
0.624	3
0.63	3
0.631	3
0.632	3
0.633	3
0.636	3
0.64	3
0.648	3
0.649	3
0.654	3
0.659	3
0.665	3
0.667	3
0.667	3
0.673	3
0.677	3
0.685	3
0.687	3
0.69	3
0.69	3
0.691	3
0.693	3
0.693	3
0.693	3
0.694	3
0.701	3
0.704	3
0.706	3
0.71	3
0.722	3
0.723	3
0.724	3
0.738	3
0.739	3
0.743	3
0.75	3
0.75	3
0.756	4
0.763	4
0.767	4
0.768	4
0.771	4
0.777	4
0.782	4
0.783	4
0.785	4
0.791	5
0.793	5
0.801	5
0.806	5
0.818	5
0.818	5
0.82	5
0.831	5
0.843	5
0.845	5
0.845	5
0.849	5
0.856	5
0.856	5
0.858	5
0.858	5
0.861	5
0.866	5
0.881	5
0.884	5
0.89	5
0.893	5
0.903	5
0.906	5
0.918	5
0.922	5
0.933	5
0.936	5
0.937	5
0.943	5
0.955	5
0.958	5
0.966	5
0.985	5
0.997	5
1.02	5
1.024	5
1.028	5
1.049	5
1.054	5
1.067	5
1.071	5
1.076	5
1.081	5
1.093	5
1.095	5
1.106	5
1.143	5
1.161	5
1.182	5
1.186	5
1.246	5
1.304	5
1.41	5
1.413	5
1.418	5
1.42	5
1.444	5
1.584	5
1.682	5
1.741	5
1.81	5
2.056	5
2.096	5
2.096	5
2.206	5
2.215	5
2.357	5
2.357	5
2.598	5
2.622	5
2.692	5
2.715	5
2.726	5
2.809	5
2.906	5
3.06	5
3.258	5
3.276	5
3.338	5
3.499	5
3.684	5
3.7	5
3.712	5
3.947	5
3.949	5
4.118	5
4.342	5
4.358	5
4.412	5
4.594	5
4.701	5
4.713	5
4.752	5
4.762	5
5.056	5
5.06	5
5.091	5
5.465	5
5.488	5
5.527	5
5.556	5
5.568	5
5.658	5
5.695	5
5.798	5
5.932	5
6.026	5
6.067	5
6.103	4
6.159	4
6.163	4
6.226	4
6.263	4
6.371	4
6.446	4
6.506	4
6.751	4
6.816	4
6.846	4
6.852	4
6.901	4
6.922	4
6.942	4
6.959	4
7.009	4
7.068	4
7.11	4
7.133	4
7.183	4
7.21	4
7.288	4
7.427	4
7.461	4
7.592	4
7.604	4
7.674	4
7.802	4
7.839	4
7.841	4
7.933	4
8.108	4
8.124	4
8.137	4
8.259	4
8.274	4
8.418	4
8.642	4
8.748	4
9.272	4
9.322	4
9.428	4
9.629	3
9.743	3
9.807	3
10.028	3
10.304	3
10.312	3
10.313	3
10.339	3
10.576	3
10.615	3
10.769	3
10.838	3
10.851	3
10.912	3
11.175	3
11.263	3
11.28	3
11.523	3
11.753	3
11.844	3
11.897	3
12.096	3
12.111	3
12.4	3
12.5	3
12.682	3
13.22	3
13.342	3
13.384	3
13.48	3
13.631	3
13.659	3
13.722	3
13.766	3
13.805	3
13.928	3
13.986	3
14.328	3
14.443	3
14.519	3
14.539	3
14.56	3
14.635	3
14.686	3
14.82	3
15.099	3
15.785	3
16.722	3
16.767	3
17.223	3
17.32	3
17.377	3
17.827	3
18.095	3
18.1	3
18.444	3
18.87	3
18.944	3
19.005	3
19.717	3
20.518	3
20.521	3
23.883	3
24.073	3
24.124	3
24.376	3
24.658	3
24.661	3
24.693	3
25.033	3
25.364	3
26.878	3
34.951	3
47.166	3
0.001	1
0.002	1
0.002	1
0.004	1
0.005	1
0.007	1
0.009	1
0.009	1
0.011	1
0.011	1
0.013	1
0.014	1
0.014	1
0.014	1
0.015	1
0.015	1
0.015	1
0.015	1
0.016	1
0.017	1
0.017	1
0.017	1
0.018	1
0.018	1
0.018	1
0.019	1
0.019	1
0.019	1
0.02	1
0.022	1
0.022	1
0.023	1
0.023	1
0.023	1
0.023	1
0.023	1
0.024	1
0.024	1
0.025	1
0.025	1
0.026	1
0.026	1
0.026	1
0.026	1
0.027	1
0.027	1
0.027	1
0.028	1
0.028	1
0.028	1
0.028	1
0.029	1
0.03	1
0.03	1
0.032	1
0.034	1
0.042	1
0.05	1
0.058	1
0.067	1
0.069	1
0.083	1
0.084	1
0.091	1
0.1	1
0.109	1
0.13	1
0.134	1
0.138	1
0.143	1
0.147	1
0.148	1
0.149	1
0.152	1
0.155	1
0.162	1
0.163	1
0.166	1
0.167	1
0.169	1
0.169	1
0.177	1
0.184	1
0.186	1
0.189	1
0.191	1
0.191	1
0.195	1
0.196	1
0.198	1
0.201	1
0.201	1
0.202	1
0.207	1
0.211	2
0.214	2
0.214	2
0.216	2
0.216	2
0.222	2
0.23	2
0.232	2
0.234	2
0.242	2
0.242	2
0.245	2
0.248	2
0.251	2
0.251	2
0.253	2
0.254	2
0.254	2
0.254	2
0.259	2
0.262	2
0.266	2
0.266	2
0.277	2
0.278	2
0.278	2
0.281	2
0.282	2
0.283	2
0.291	2
0.291	2
0.296	2
0.301	2
0.302	2
0.308	2
0.31	2
0.311	2
0.315	2
0.321	2
0.325	2
0.335	2
0.347	2
0.348	2
0.35	2
0.355	2
0.356	2
0.358	2
0.37	2
0.371	2
0.371	2
0.392	2
0.395	2
0.395	2
0.401	2
0.402	2
0.402	2
0.407	2
0.409	2
0.412	2
0.416	2
0.418	2
0.418	2
0.42	2
0.423	2
0.433	2
0.441	2
0.443	2
0.444	2
0.454	2
0.461	2
0.462	2
0.463	2
0.464	2
0.468	2
0.473	2
0.48	2
0.48	2
0.485	2
0.488	2
0.493	2
0.493	2
0.498	2
0.503	2
0.505	2
0.507	2
0.507	2
0.511	2
0.515	2
0.529	2
0.529	2
0.531	2
0.534	2
0.536	2
0.536	2
0.54	2
0.544	2
0.546	2
0.55	2
0.551	2
0.556	2
0.556	2
0.559	2
0.56	2
0.564	2
0.566	2
0.567	2
0.567	2
0.568	2
0.571	2
0.573	2
0.574	2
0.575	2
0.576	2
0.576	2
0.577	2
0.58	2
0.584	2
0.586	2
0.588	2
0.592	2
0.594	2
0.604	2
0.607	2
0.612	2
0.613	2
0.614	2
0.614	2
0.616	2
0.619	2
0.621	2
0.623	2
0.624	2
0.63	2
0.631	2
0.632	2
0.633	2
0.636	2
0.64	2
0.648	2
0.649	2
0.654	2
0.659	2
0.665	2
0.667	2
0.667	2
0.673	2
0.677	2
0.685	2
0.687	2
0.69	2
0.69	2
0.691	2
0.693	2
0.693	2
0.693	2
0.694	2
0.701	3
0.704	3
0.706	4
0.71	4
0.722	4
0.723	4
0.724	4
0.738	4
0.739	4
0.743	4
0.75	4
0.75	4
0.756	4
0.763	4
0.767	4
0.768	4
0.771	4
0.777	4
0.782	4
0.783	4
0.785	4
0.791	4
0.793	5
0.801	5
0.806	5
0.818	5
0.818	5
0.82	5
0.831	5
0.843	5
0.845	5
0.845	5
0.849	5
0.856	5
0.856	5
0.858	5
0.858	5
0.861	5
0.866	5
0.881	6
0.884	6
0.89	6
0.893	6
0.903	6
0.906	6
0.918	6
0.922	6
0.933	6
0.936	6
0.937	6
0.943	6
0.955	6
0.958	6
0.966	6
0.985	6
0.997	6
1.02	6
1.024	6
1.028	6
1.049	6
1.054	6
1.067	6
1.071	6
1.076	6
1.081	6
1.093	6
1.095	6
1.106	6
1.143	6
1.161	6
1.182	6
1.186	6
1.246	6
1.304	6
1.41	6
1.413	6
1.418	6
1.42	6
1.444	6
1.584	6
1.682	6
1.741	6
1.81	6
2.056	6
2.096	6
2.096	6
2.206	6
2.215	6
2.357	6
2.357	6
2.598	6
2.622	6
2.692	6
2.715	6
2.726	6
2.809	6
2.906	6
3.06	6
3.258	6
3.276	6
3.338	6
3.499	6
3.684	6
3.7	6
3.712	6
3.947	6
3.949	6
4.118	6
4.342	6
4.358	6
4.412	6
4.594	6
4.701	6
4.713	6
4.752	6
4.762	6
5.056	6
5.06	6
5.091	6
5.465	6
5.488	6
5.527	6
5.556	6
5.568	6
5.658	5
5.695	5
5.798	5
5.932	5
6.026	5
6.067	5
6.103	5
6.159	5
6.163	4
6.226	4
6.263	4
6.371	4
6.446	4
6.506	4
6.751	4
6.816	4
6.846	4
6.852	4
6.901	3
6.922	3
6.942	3
6.959	3
7.009	3
7.068	3
7.11	3
7.133	3
7.183	3
7.21	3
7.288	3
7.427	3
7.461	3
7.592	3
7.604	3
7.674	3
7.802	3
7.839	3
7.841	3
7.933	3
8.108	3
8.124	3
8.137	3
8.259	3
8.274	3
8.418	3
8.642	3
8.748	3
9.272	3
9.322	3
9.428	3
9.629	3
9.743	3
9.807	3
10.028	3
10.304	3
10.312	3
10.313	3
10.339	3
10.576	3
10.615	3
10.769	3
10.838	3
10.851	3
10.912	3
11.175	3
11.263	3
11.28	3
11.523	3
11.753	3
11.844	3
11.897	3
12.096	3
12.111	3
12.4	3
12.5	3
12.682	3
13.22	3
13.342	3
13.384	3
13.48	3
13.631	3
13.659	3
13.722	3
13.766	3
13.805	3
13.928	3
13.986	3
14.328	3
14.443	3
14.519	3
14.539	3
14.56	3
14.635	3
14.686	3
14.82	3
15.099	3
15.785	3
16.722	3
16.767	3
17.223	3
17.32	3
17.377	3
17.827	3
18.095	3
18.1	3
18.444	3
18.87	3
18.944	3
19.005	3
19.717	3
20.518	3
20.521	3
23.883	3
24.073	3
24.124	3
24.376	3
24.658	3
24.661	3
24.693	3
25.033	3
25.364	3
26.878	3
34.951	3
47.166	3
0.0	1
0.0	1
0.002	1
0.003	1
0.005	1
0.007	1
0.007	1
0.009	1
0.009	1
0.011	1
0.012	1
0.012	1
0.012	1
0.013	1
0.013	1
0.013	1
0.013	1
0.014	1
0.015	1
0.015	1
0.015	1
0.016	1
0.016	1
0.016	1
0.017	1
0.017	1
0.017	1
0.018	1
0.02	1
0.02	1
0.021	1
0.021	1
0.021	1
0.021	1
0.021	1
0.022	1
0.022	1
0.023	1
0.023	1
0.024	1
0.024	1
0.024	1
0.024	1
0.025	1
0.025	1
0.025	1
0.026	1
0.026	1
0.026	1
0.026	1
0.027	1
0.028	1
0.028	1
0.03	1
0.032	1
0.04	1
0.048	1
0.056	1
0.065	1
0.067	1
0.081	1
0.082	1
0.089	1
0.098	1
0.107	1
0.128	1
0.132	1
0.136	1
0.141	1
0.145	1
0.146	1
0.147	1
0.15	1
0.153	1
0.16	1
0.161	1
0.164	1
0.165	1
0.167	1
0.167	1
0.175	1
0.182	1
0.184	1
0.187	1
0.189	1
0.189	1
0.193	1
0.194	1
0.196	1
0.199	1
0.199	1
0.2	1
0.205	1
0.209	1
0.212	1
0.212	1
0.214	1
0.214	1
0.22	1
0.228	1
0.23	1
0.232	1
0.24	1
0.24	1
0.243	1
0.246	1
0.249	1
0.249	1
0.251	1
0.252	1
0.252	1
0.252	1
0.257	1
0.26	1
0.264	1
0.264	1
0.275	1
0.276	1
0.276	1
0.279	1
0.28	1
0.281	1
0.289	1
0.289	1
0.294	1
0.299	1
0.3	1
0.306	1
0.308	1
0.309	1
0.313	1
0.319	1
0.323	1
0.333	1
0.345	1
0.346	1
0.348	1
0.353	1
0.354	1
0.356	1
0.368	1
0.369	1
0.369	1
0.39	1
0.393	1
0.393	1
0.399	1
0.4	1
0.4	1
0.405	1
0.407	1
0.41	1
0.414	1
0.416	1
0.416	1
0.418	1
0.421	1
0.431	1
0.439	1
0.441	1
0.442	1
0.452	1
0.459	1
0.46	1
0.461	1
0.462	1
0.466	1
0.471	1
0.478	1
0.478	1
0.483	1
0.486	1
0.491	1
0.491	1
0.496	1
0.501	1
0.503	1
0.505	1
0.505	1
0.509	1
0.513	1
0.527	1
0.527	1
0.529	1
0.532	1
0.534	1
0.534	1
0.538	1
0.542	1
0.544	1
0.548	1
0.549	1
0.554	1
0.554	1
0.557	1
0.558	1
0.562	2
0.564	2
0.565	2
0.565	2
0.566	2
0.569	2
0.571	2
0.572	2
0.573	2
0.574	2
0.574	2
0.575	2
0.578	2
0.582	2
0.584	2
0.586	2
0.59	2
0.592	2
0.602	2
0.605	2
0.61	2
0.611	2
0.612	2
0.612	2
0.614	2
0.617	2
0.619	2
0.621	2
0.622	2
0.628	2
0.629	2
0.63	2
0.631	2
0.634	2
0.638	2
0.646	2
0.647	2
0.652	2
0.657	2
0.663	2
0.665	2
0.665	2
0.671	2
0.675	2
0.683	2
0.685	3
0.688	3
0.688	3
0.689	3
0.691	3
0.691	4
0.691	4
0.692	4
0.699	4
0.702	4
0.704	4
0.708	4
0.72	4
0.721	4
0.722	4
0.736	4
0.737	4
0.741	4
0.748	4
0.748	4
0.754	4
0.761	4
0.765	4
0.766	4
0.769	4
0.775	4
0.78	4
0.781	5
0.783	5
0.789	5
0.791	5
0.799	5
0.804	5
0.816	5
0.816	5
0.818	5
0.829	5
0.841	5
0.843	5
0.843	5
0.847	5
0.854	5
0.854	5
0.856	5
0.856	5
0.859	5
0.864	5
0.879	5
0.882	5
0.888	5
0.891	5
0.901	5
0.904	5
0.916	5
0.92	5
0.931	5
0.934	5
0.935	5
0.941	5
0.953	5
0.956	5
0.964	5
0.983	5
0.995	5
1.018	5
1.022	5
1.026	5
1.047	5
1.052	5
1.065	5
1.069	5
1.074	5
1.079	5
1.091	5
1.093	5
1.104	5
1.141	5
1.159	5
1.18	5
1.184	5
1.244	5
1.302	5
1.408	5
1.411	5
1.416	5
1.418	5
1.442	5
1.582	5
1.68	5
1.739	5
1.808	5
2.054	5
2.094	5
2.094	5
2.204	5
2.213	5
2.355	5
2.355	5
2.596	4
2.62	4
2.69	4
2.713	4
2.724	3
2.807	3
2.904	2
3.058	2
3.256	2
3.274	2
3.336	2
3.497	2
3.682	2
3.698	2
3.71	2
3.945	2
3.947	2
4.116	2
4.34	2
4.356	3
4.41	3
4.592	3
4.699	3
4.711	3
4.75	3
4.76	3
5.054	3
5.058	3
5.089	3
5.463	3
5.486	3
5.525	3
5.554	3
5.566	3
5.656	3
5.693	3
5.796	3
5.93	3
6.024	3
6.065	3
6.101	3
6.157	3
6.161	3
6.224	3
6.261	3
6.369	3
6.444	3
6.504	3
6.749	3
6.814	3
6.844	3
6.85	3
6.899	3
6.92	3
6.94	3
6.957	3
7.007	3
7.066	3
7.108	3
7.131	3
7.181	3
7.208	3
7.286	3
7.425	3
7.459	3
7.59	3
7.602	3
7.672	3
7.8	3
7.837	3
7.839	3
7.931	3
8.106	3
8.122	3
8.135	3
8.257	3
8.272	3
8.416	3
8.64	3
8.746	3
9.27	3
9.32	3
9.426	3
9.627	3
9.741	3
9.805	3
10.026	3
10.302	3
10.31	3
10.311	3
10.337	3
10.574	3
10.613	3
10.767	3
10.836	3
10.849	3
10.91	3
11.173	3
11.261	3
11.278	3
11.521	3
11.751	3
11.842	3
11.895	3
12.094	3
12.109	3
12.398	3
12.498	3
12.68	3
13.218	3
13.34	3
13.382	3
13.478	3
13.629	3
13.657	3
13.72	3
13.764	3
13.803	3
13.926	3
13.984	3
14.326	3
14.441	3
14.517	3
14.537	3
14.558	3
14.633	3
14.684	3
14.818	3
15.097	3
15.783	3
16.72	3
16.765	3
17.221	3
17.318	3
17.375	3
17.825	3
18.093	3
18.098	3
18.442	3
18.868	3
18.942	3
19.003	3
19.715	3
20.516	3
20.519	3
23.881	3
24.071	3
24.122	3
24.374	3
24.656	3
24.659	3
24.691	3
25.031	3
25.362	3
26.876	3
34.949	3
47.164	3
0.0	1
0.002	1
0.003	1
0.005	1
0.007	1
0.007	1
0.009	1
0.009	1
0.011	1
0.012	1
0.012	1
0.012	1
0.013	1
0.013	1
0.013	1
0.013	1
0.014	1
0.015	1
0.015	1
0.015	1
0.016	1
0.016	1
0.016	1
0.017	1
0.017	1
0.017	1
0.018	1
0.02	1
0.02	1
0.021	1
0.021	1
0.021	1
0.021	1
0.021	1
0.022	1
0.022	1
0.023	1
0.023	1
0.024	1
0.024	1
0.024	1
0.024	1
0.025	1
0.025	1
0.025	1
0.026	1
0.026	1
0.026	1
0.026	1
0.027	1
0.028	1
0.028	1
0.03	1
0.032	1
0.04	1
0.048	1
0.056	1
0.065	1
0.067	1
0.081	1
0.082	1
0.089	1
0.098	1
0.107	1
0.128	1
0.132	1
0.136	1
0.141	1
0.145	1
0.146	1
0.147	1
0.15	1
0.153	1
0.16	1
0.161	2
0.164	2
0.165	2
0.167	2
0.167	2
0.175	2
0.182	2
0.184	2
0.187	2
0.189	2
0.189	2
0.193	2
0.194	3
0.196	3
0.199	3
0.199	3
0.2	3
0.205	3
0.209	3
0.212	3
0.212	3
0.214	3
0.214	3
0.22	3
0.228	3
0.23	3
0.232	3
0.24	3
0.24	3
0.243	3
0.246	3
0.249	3
0.249	3
0.251	3
0.252	3
0.252	3
0.252	3
0.257	3
0.26	3
0.264	3
0.264	3
0.275	3
0.276	3
0.276	3
0.279	3
0.28	3
0.281	3
0.289	3
0.289	3
0.294	3
0.299	3
0.3	3
0.306	3
0.308	3
0.309	3
0.313	3
0.319	3
0.323	3
0.333	3
0.345	3
0.346	3
0.348	3
0.353	3
0.354	3
0.356	3
0.368	3
0.369	3
0.369	3
0.39	3
0.393	3
0.393	3
0.399	3
0.4	3
0.4	3
0.405	3
0.407	3
0.41	3
0.414	3
0.416	3
0.416	3
0.418	3
0.421	3
0.431	3
0.439	3
0.441	3
0.442	3
0.452	3
0.459	3
0.46	3
0.461	3
0.462	3
0.466	3
0.471	3
0.478	3
0.478	3
0.483	3
0.486	3
0.491	3
0.491	3
0.496	3
0.501	3
0.503	3
0.505	3
0.505	4
0.509	4
0.513	4
0.527	4
0.527	4
0.529	4
0.532	4
0.534	4
0.534	4
0.538	4
0.542	4
0.544	4
0.548	4
0.549	4
0.554	4
0.554	4
0.557	4
0.558	4
0.562	4
0.564	4
0.565	4
0.565	4
0.566	4
0.569	4
0.571	4
0.572	4
0.573	4
0.574	4
0.574	4
0.575	4
0.578	4
0.582	4
0.584	4
0.586	4
0.59	4
0.592	4
0.602	4
0.605	4
0.61	4
0.611	4
0.612	4
0.612	4
0.614	4
0.617	4
0.619	4
0.621	4
0.622	4
0.628	4
0.629	4
0.63	4
0.631	4
0.634	4
0.638	4
0.646	4
0.647	4
0.652	4
0.657	4
0.663	4
0.665	4
0.665	4
0.671	4
0.675	4
0.683	4
0.685	4
0.688	4
0.688	4
0.689	4
0.691	4
0.691	4
0.691	4
0.692	4
0.699	4
0.702	4
0.704	4
0.708	4
0.72	4
0.721	4
0.722	4
0.736	4
0.737	4
0.741	4
0.748	4
0.748	4
0.754	4
0.761	4
0.765	4
0.766	4
0.769	4
0.775	4
0.78	4
0.781	4
0.783	4
0.789	4
0.791	4
0.799	4
0.804	4
0.816	4
0.816	4
0.818	4
0.829	4
0.841	4
0.843	4
0.843	4
0.847	4
0.854	4
0.854	4
0.856	4
0.856	4
0.859	4
0.864	4
0.879	4
0.882	4
0.888	4
0.891	4
0.901	4
0.904	4
0.916	4
0.92	4
0.931	4
0.934	4
0.935	4
0.941	4
0.953	4
0.956	4
0.964	4
0.983	4
0.995	4
1.018	4
1.022	4
1.026	4
1.047	4
1.052	4
1.065	4
1.069	4
1.074	4
1.079	4
1.091	4
1.093	4
1.104	4
1.141	4
1.159	4
1.18	4
1.184	4
1.244	4
1.302	4
1.408	4
1.411	4
1.416	4
1.418	4
1.442	4
1.582	4
1.68	4
1.739	4
1.808	4
2.054	4
2.094	4
2.094	4
2.204	4
2.213	4
2.355	4
2.355	4
2.596	4
2.62	4
2.69	4
2.713	4
2.724	4
2.807	4
2.904	4
3.058	4
3.256	4
3.274	4
3.336	4
3.497	4
3.682	4
3.698	4
3.71	4
3.945	4
3.947	4
4.116	4
4.34	4
4.356	4
4.41	4
4.592	4
4.699	4
4.711	4
4.75	4
4.76	4
5.054	4
5.058	4
5.089	4
5.463	4
5.486	4
5.525	4
5.554	4
5.566	4
5.656	4
5.693	4
5.796	4
5.93	4
6.024	4
6.065	4
6.101	4
6.157	4
6.161	4
6.224	4
6.261	4
6.369	4
6.444	4
6.504	4
6.749	4
6.814	4
6.844	4
6.85	4
6.899	4
6.92	4
6.94	4
6.957	4
7.007	4
7.066	4
7.108	4
7.131	4
7.181	4
7.208	4
7.286	4
7.425	4
7.459	4
7.59	4
7.602	4
7.672	4
7.8	4
7.837	4
7.839	4
7.931	4
8.106	4
8.122	4
8.135	4
8.257	4
8.272	4
8.416	4
8.64	4
8.746	4
9.27	4
9.32	3
9.426	3
9.627	3
9.741	3
9.805	3
10.026	3
10.302	3
10.31	3
10.311	3
10.337	3
10.574	3
10.613	3
10.767	3
10.836	3
10.849	3
10.91	3
11.173	3
11.261	3
11.278	3
11.521	3
11.751	3
11.842	3
11.895	3
12.094	3
12.109	3
12.398	3
12.498	3
12.68	3
13.218	3
13.34	3
13.382	3
13.478	3
13.629	3
13.657	3
13.72	3
13.764	3
13.803	3
13.926	3
13.984	3
14.326	3
14.441	3
14.517	3
14.537	3
14.558	3
14.633	3
14.684	3
14.818	3
15.097	3
15.783	3
16.72	3
16.765	3
17.221	3
17.318	3
17.375	3
17.825	3
18.093	3
18.098	3
18.442	3
18.868	3
18.942	3
19.003	3
19.715	3
20.516	3
20.519	3
23.881	3
24.071	3
24.122	3
24.374	3
24.656	3
24.659	3
24.691	3
25.031	3
25.362	3
26.876	3
34.949	3
47.164	3
0.001	1
0.002	1
0.004	1
0.006	1
0.006	1
0.008	1
0.008	1
0.01	1
0.011	1
0.011	1
0.011	1
0.012	1
0.012	1
0.012	1
0.012	1
0.013	1
0.014	1
0.014	1
0.014	2
0.015	2
0.015	2
0.015	2
0.016	2
0.016	2
0.016	2
0.017	2
0.019	2
0.019	2
0.02	2
0.02	2
0.02	2
0.02	2
0.02	2
0.021	2
0.021	2
0.022	2
0.022	2
0.023	2
0.023	2
0.023	2
0.023	2
0.024	2
0.024	2
0.024	2
0.025	2
0.025	2
0.025	2
0.025	2
0.026	2
0.027	2
0.027	2
0.029	2
0.031	2
0.039	2
0.047	2
0.055	2
0.064	2
0.066	2
0.08	2
0.081	2
0.088	2
0.097	2
0.106	2
0.127	2
0.131	2
0.135	2
0.14	2
0.144	2
0.145	2
0.146	2
0.149	2
0.152	2
0.159	2
0.16	2
0.163	2
0.164	2
0.166	2
0.166	2
0.174	2
0.181	2
0.183	2
0.186	2
0.188	2
0.188	2
0.192	2
0.193	2
0.195	2
0.198	3
0.198	3
0.199	3
0.204	3
0.208	3
0.211	3
0.211	3
0.213	3
0.213	3
0.219	3
0.227	3
0.229	3
0.231	3
0.239	3
0.239	3
0.242	3
0.245	3
0.248	3
0.248	3
0.25	3
0.251	3
0.251	3
0.251	3
0.256	3
0.259	3
0.263	3
0.263	3
0.274	3
0.275	3
0.275	3
0.278	3
0.279	3
0.28	3
0.288	3
0.288	3
0.293	3
0.298	3
0.299	3
0.305	3
0.307	3
0.308	3
0.312	3
0.318	3
0.322	3
0.332	3
0.344	3
0.345	3
0.347	3
0.352	3
0.353	3
0.355	3
0.367	3
0.368	3
0.368	3
0.389	3
0.392	3
0.392	3
0.398	3
0.399	3
0.399	3
0.404	3
0.406	3
0.409	3
0.413	3
0.415	3
0.415	3
0.417	3
0.42	3
0.43	3
0.438	3
0.44	3
0.441	3
0.451	3
0.458	3
0.459	3
0.46	3
0.461	3
0.465	3
0.47	3
0.477	3
0.477	3
0.482	3
0.485	3
0.49	3
0.49	3
0.495	3
0.5	3
0.502	3
0.504	3
0.504	3
0.508	3
0.512	3
0.526	3
0.526	3
0.528	3
0.531	3
0.533	3
0.533	3
0.537	3
0.541	3
0.543	3
0.547	3
0.548	3
0.553	3
0.553	3
0.556	3
0.557	3
0.561	3
0.563	3
0.564	3
0.564	3
0.565	3
0.568	3
0.57	3
0.571	3
0.572	3
0.573	3
0.573	3
0.574	3
0.577	3
0.581	3
0.583	3
0.585	3
0.589	3
0.591	3
0.601	3
0.604	3
0.609	3
0.61	3
0.611	3
0.611	3
0.613	3
0.616	3
0.618	3
0.62	3
0.621	3
0.627	3
0.628	3
0.629	3
0.63	3
0.633	4
0.637	4
0.645	4
0.646	4
0.651	4
0.656	4
0.662	4
0.664	4
0.664	4
0.67	4
0.674	4
0.682	4
0.684	4
0.687	4
0.687	4
0.688	4
0.69	4
0.69	4
0.69	4
0.691	4
0.698	4
0.701	4
0.703	4
0.707	4
0.719	4
0.72	4
0.721	4
0.735	4
0.736	4
0.74	4
0.747	4
0.747	4
0.753	4
0.76	4
0.764	4
0.765	4
0.768	4
0.774	4
0.779	4
0.78	4
0.782	4
0.788	4
0.79	4
0.798	4
0.803	4
0.815	4
0.815	4
0.817	4
0.828	4
0.84	4
0.842	4
0.842	4
0.846	4
0.853	4
0.853	4
0.855	4
0.855	4
0.858	4
0.863	4
0.878	4
0.881	4
0.887	4
0.89	4
0.9	4
0.903	4
0.915	4
0.919	4
0.93	4
0.933	4
0.934	4
0.94	4
0.952	4
0.955	4
0.963	4
0.982	4
0.994	4
1.017	4
1.021	4
1.025	4
1.046	4
1.051	4
1.064	4
1.068	4
1.073	4
1.078	4
1.09	4
1.092	4
1.103	4
1.14	4
1.158	4
1.179	4
1.183	4
1.243	4
1.301	4
1.407	4
1.41	4
1.415	4
1.417	4
1.441	4
1.581	4
1.679	4
1.738	4
1.807	4
2.053	4
2.093	4
2.093	4
2.203	4
2.212	4
2.354	4
2.354	4
2.595	4
2.619	4
2.689	4
2.712	4
2.723	4
2.806	4
2.903	4
3.057	4
3.255	4
3.273	4
3.335	4
3.496	4
3.681	3
3.697	3
3.709	3
3.944	3
3.946	3
4.115	3
4.339	3
4.355	3
4.409	3
4.591	3
4.698	3
4.71	3
4.749	3
4.759	3
5.053	3
5.057	3
5.088	3
5.462	3
5.485	3
5.524	3
5.553	3
5.565	3
5.655	3
5.692	3
5.795	3
5.929	3
6.023	3
6.064	3
6.1	3
6.156	3
6.16	3
6.223	3
6.26	3
6.368	3
6.443	3
6.503	3
6.748	3
6.813	3
6.843	3
6.849	3
6.898	3
6.919	3
6.939	3
6.956	3
7.006	3
7.065	3
7.107	3
7.13	3
7.18	3
7.207	3
7.285	3
7.424	3
7.458	3
7.589	3
7.601	3
7.671	3
7.799	3
7.836	3
7.838	3
7.93	3
8.105	3
8.121	3
8.134	3
8.256	3
8.271	3
8.415	3
8.639	3
8.745	3
9.269	3
9.319	3
9.425	3
9.626	3
9.74	3
9.804	3
10.025	3
10.301	3
10.309	3
10.31	3
10.336	3
10.573	3
10.612	3
10.766	3
10.835	3
10.848	3
10.909	3
11.172	3
11.26	3
11.277	3
11.52	3
11.75	3
11.841	3
11.894	3
12.093	3
12.108	3
12.397	3
12.497	3
12.679	3
13.217	3
13.339	3
13.381	3
13.477	3
13.628	3
13.656	3
13.719	3
13.763	3
13.802	3
13.925	3
13.983	3
14.325	3
14.44	3
14.516	3
14.536	3
14.557	3
14.632	3
14.683	3
14.817	3
15.096	3
15.782	3
16.719	3
16.764	3
17.22	3
17.317	3
17.374	3
17.824	3
18.092	3
18.097	3
18.441	3
18.867	3
18.941	3
19.002	3
19.714	3
20.515	3
20.518	3
23.88	3
24.07	3
24.121	3
24.373	3
24.655	3
24.658	3
24.69	3
25.03	3
25.361	3
26.875	3
34.948	3
47.163	3
0.0	1
0.002	1
0.004	1
0.004	1
0.006	1
0.006	1
0.008	1
0.009	1
0.009	1
0.009	1
0.01	1
0.01	1
0.01	1
0.01	1
0.011	1
0.012	1
0.012	1
0.012	1
0.013	1
0.013	1
0.013	1
0.014	1
0.014	1
0.014	1
0.015	1
0.017	1
0.017	1
0.018	1
0.018	1
0.018	1
0.018	1
0.018	1
0.019	1
0.019	1
0.02	1
0.02	1
0.021	1
0.021	1
0.021	1
0.021	1
0.022	1
0.022	1
0.022	1
0.023	1
0.023	1
0.023	1
0.023	1
0.024	1
0.025	1
0.025	1
0.027	1
0.029	1
0.037	1
0.045	1
0.053	1
0.062	1
0.064	1
0.078	1
0.079	1
0.086	1
0.095	1
0.104	1
0.125	1
0.129	1
0.133	1
0.138	1
0.142	1
0.143	1
0.144	1
0.147	1
0.15	1
0.157	1
0.158	1
0.161	1
0.162	1
0.164	1
0.164	1
0.172	1
0.179	1
0.181	1
0.184	1
0.186	1
0.186	1
0.19	1
0.191	1
0.193	1
0.196	1
0.196	1
0.197	1
0.202	1
0.206	1
0.209	1
0.209	1
0.211	1
0.211	1
0.217	1
0.225	1
0.227	1
0.229	1
0.237	1
0.237	1
0.24	1
0.243	1
0.246	1
0.246	1
0.248	1
0.249	1
0.249	1
0.249	1
0.254	1
0.257	1
0.261	1
0.261	1
0.272	1
0.273	1
0.273	1
0.276	1
0.277	1
0.278	1
0.286	1
0.286	1
0.291	1
0.296	1
0.297	1
0.303	1
0.305	1
0.306	1
0.31	1
0.316	1
0.32	1
0.33	1
0.342	1
0.343	1
0.345	1
0.35	1
0.351	1
0.353	1
0.365	1
0.366	1
0.366	1
0.387	1
0.39	1
0.39	1
0.396	1
0.397	1
0.397	1
0.402	1
0.404	1
0.407	1
0.411	1
0.413	1
0.413	1
0.415	1
0.418	1
0.428	1
0.436	1
0.438	1
0.439	1
0.449	1
0.456	1
0.457	1
0.458	1
0.459	1
0.463	1
0.468	1
0.475	1
0.475	1
0.48	1
0.483	1
0.488	1
0.488	1
0.493	1
0.498	1
0.5	1
0.502	1
0.502	1
0.506	1
0.51	1
0.524	1
0.524	1
0.526	1
0.529	1
0.531	1
0.531	1
0.535	1
0.539	1
0.541	1
0.545	1
0.546	1
0.551	1
0.551	1
0.554	2
0.555	2
0.559	2
0.561	2
0.562	2
0.562	2
0.563	2
0.566	2
0.568	2
0.569	2
0.57	2
0.571	2
0.571	2
0.572	2
0.575	2
0.579	2
0.581	2
0.583	2
0.587	2
0.589	2
0.599	2
0.602	2
0.607	2
0.608	2
0.609	2
0.609	2
0.611	2
0.614	2
0.616	2
0.618	2
0.619	2
0.625	3
0.626	3
0.627	3
0.628	3
0.631	3
0.635	3
0.643	3
0.644	3
0.649	3
0.654	3
0.66	3
0.662	3
0.662	3
0.668	3
0.672	3
0.68	3
0.682	3
0.685	3
0.685	3
0.686	3
0.688	3
0.688	3
0.688	3
0.689	3
0.696	3
0.699	4
0.701	4
0.705	4
0.717	4
0.718	4
0.719	4
0.733	4
0.734	4
0.738	4
0.745	4
0.745	4
0.751	4
0.758	4
0.762	4
0.763	4
0.766	4
0.772	4
0.777	4
0.778	4
0.78	4
0.786	4
0.788	4
0.796	4
0.801	4
0.813	4
0.813	4
0.815	4
0.826	4
0.838	4
0.84	4
0.84	4
0.844	4
0.851	4
0.851	4
0.853	4
0.853	4
0.856	4
0.861	4
0.876	4
0.879	4
0.885	4
0.888	4
0.898	4
0.901	5
0.913	5
0.917	5
0.928	5
0.931	5
0.932	5
0.938	5
0.95	5
0.953	5
0.961	5
0.98	5
0.992	5
1.015	5
1.019	5
1.023	5
1.044	5
1.049	5
1.062	6
1.066	6
1.071	6
1.076	6
1.088	6
1.09	6
1.101	6
1.138	6
1.156	6
1.177	6
1.181	6
1.241	6
1.299	6
1.405	6
1.408	6
1.413	6
1.415	6
1.439	6
1.579	6
1.677	6
1.736	6
1.805	6
2.051	6
2.091	6
2.091	6
2.201	6
2.21	6
2.352	6
2.352	6
2.593	6
2.617	6
2.687	6
2.71	6
2.721	6
2.804	6
2.901	6
3.055	6
3.253	6
3.271	6
3.333	6
3.494	6
3.679	6
3.695	6
3.707	6
3.942	6
3.944	6
4.113	6
4.337	6
4.353	6
4.407	6
4.589	6
4.696	6
4.708	6
4.747	6
4.757	6
5.051	6
5.055	6
5.086	6
5.46	6
5.483	6
5.522	6
5.551	6
5.563	6
5.653	6
5.69	6
5.793	6
5.927	6
6.021	6
6.062	6
6.098	6
6.154	6
6.158	6
6.221	6
6.258	6
6.366	6
6.441	6
6.501	6
6.746	6
6.811	6
6.841	6
6.847	6
6.896	6
6.917	6
6.937	6
6.954	6
7.004	6
7.063	6
7.105	6
7.128	6
7.178	6
7.205	6
7.283	6
7.422	5
7.456	5
7.587	5
7.599	5
7.669	5
7.797	5
7.834	5
7.836	5
7.928	5
8.103	5
8.119	5
8.132	5
8.254	5
8.269	5
8.413	5
8.637	5
8.743	5
9.267	4
9.317	4
9.423	4
9.624	4
9.738	4
9.802	4
10.023	4
10.299	4
10.307	4
10.308	3
10.334	3
10.571	3
10.61	2
10.764	2
10.833	2
10.846	2
10.907	2
11.17	3
11.258	4
11.275	5
11.518	5
11.748	5
11.839	5
11.892	5
12.091	5
12.106	5
12.395	5
12.495	5
12.677	5
13.215	5
13.337	5
13.379	5
13.475	5
13.626	5
13.654	5
13.717	5
13.761	5
13.8	5
13.923	5
13.981	5
14.323	4
14.438	4
14.514	3
14.534	3
14.555	3
14.63	3
14.681	3
14.815	3
15.094	3
15.78	3
16.717	3
16.762	3
17.218	3
17.315	3
17.372	3
17.822	3
18.09	3
18.095	3
18.439	3
18.865	3
18.939	3
19.0	3
19.712	3
20.513	3
20.516	3
23.878	3
24.068	3
24.119	3
24.371	3
24.653	3
24.656	3
24.688	3
25.028	3
25.359	3
26.873	3
34.946	3
47.161	3
0.0	1
0.002	1
0.002	1
0.004	1
0.004	1
0.006	1
0.007	1
0.007	1
0.007	1
0.008	1
0.008	1
0.008	1
0.008	1
0.009	1
0.01	1
0.01	1
0.01	1
0.011	1
0.011	1
0.011	1
0.012	1
0.012	1
0.012	1
0.013	1
0.015	1
0.015	1
0.016	1
0.016	1
0.016	1
0.016	1
0.016	1
0.017	1
0.017	1
0.018	1
0.018	1
0.019	1
0.019	1
0.019	1
0.019	1
0.02	1
0.02	1
0.02	1
0.021	1
0.021	1
0.021	1
0.021	1
0.022	1
0.023	1
0.023	1
0.025	1
0.027	1
0.035	1
0.043	1
0.051	1
0.06	1
0.062	1
0.076	1
0.077	1
0.084	1
0.093	1
0.102	1
0.123	1
0.127	1
0.131	1
0.136	1
0.14	1
0.141	1
0.142	1
0.145	1
0.148	1
0.155	1
0.156	1
0.159	1
0.16	1
0.162	1
0.162	1
0.17	1
0.177	1
0.179	1
0.182	1
0.184	1
0.184	1
0.188	1
0.189	1
0.191	2
0.194	2
0.194	2
0.195	2
0.2	2
0.204	2
0.207	2
0.207	2
0.209	2
0.209	2
0.215	2
0.223	2
0.225	2
0.227	2
0.235	2
0.235	2
0.238	2
0.241	2
0.244	2
0.244	2
0.246	2
0.247	2
0.247	2
0.247	2
0.252	2
0.255	2
0.259	2
0.259	2
0.27	2
0.271	2
0.271	2
0.274	2
0.275	2
0.276	2
0.284	2
0.284	3
0.289	3
0.294	3
0.295	3
0.301	3
0.303	3
0.304	3
0.308	3
0.314	3
0.318	3
0.328	3
0.34	3
0.341	3
0.343	3
0.348	3
0.349	3
0.351	3
0.363	3
0.364	3
0.364	3
0.385	3
0.388	3
0.388	3
0.394	3
0.395	3
0.395	3
0.4	3
0.402	3
0.405	3
0.409	3
0.411	3
0.411	4
0.413	4
0.416	4
0.426	4
0.434	4
0.436	4
0.437	4
0.447	4
0.454	4
0.455	5
0.456	5
0.457	5
0.461	5
0.466	5
0.473	5
0.473	5
0.478	5
0.481	5
0.486	5
0.486	5
0.491	5
0.496	5
0.498	5
0.5	5
0.5	5
0.504	6
0.508	6
0.522	6
0.522	6
0.524	6
0.527	6
0.529	6
0.529	6
0.533	6
0.537	6
0.539	6
0.543	6
0.544	6
0.549	6
0.549	6
0.552	6
0.553	6
0.557	6
0.559	6
0.56	6
0.56	6
0.561	6
0.564	6
0.566	6
0.567	6
0.568	6
0.569	6
0.569	6
0.57	6
0.573	6
0.577	6
0.579	6
0.581	6
0.585	6
0.587	6
0.597	6
0.6	6
0.605	6
0.606	6
0.607	6
0.607	6
0.609	6
0.612	6
0.614	6
0.616	6
0.617	7
0.623	7
0.624	7
0.625	7
0.626	7
0.629	7
0.633	7
0.641	7
0.642	7
0.647	7
0.652	7
0.658	7
0.66	7
0.66	7
0.666	7
0.67	7
0.678	7
0.68	7
0.683	7
0.683	7
0.684	7
0.686	7
0.686	7
0.686	7
0.687	7
0.694	7
0.697	7
0.699	7
0.703	7
0.715	8
0.716	8
0.717	8
0.731	8
0.732	8
0.736	8
0.743	8
0.743	8
0.749	8
0.756	8
0.76	8
0.761	8
0.764	8
0.77	8
0.775	8
0.776	8
0.778	8
0.784	8
0.786	8
0.794	8
0.799	8
0.811	8
0.811	8
0.813	8
0.824	8
0.836	8
0.838	8
0.838	8
0.842	8
0.849	8
0.849	8
0.851	8
0.851	8
0.854	8
0.859	8
0.874	8
0.877	8
0.883	8
0.886	8
0.896	8
0.899	8
0.911	8
0.915	8
0.926	8
0.929	8
0.93	8
0.936	8
0.948	8
0.951	8
0.959	8
0.978	8
0.99	8
1.013	8
1.017	8
1.021	8
1.042	8
1.047	8
1.06	8
1.064	8
1.069	8
1.074	8
1.086	8
1.088	8
1.099	8
1.136	8
1.154	8
1.175	8
1.179	8
1.239	8
1.297	8
1.403	8
1.406	8
1.411	8
1.413	8
1.437	8
1.577	8
1.675	8
1.734	8
1.803	8
2.049	8
2.089	8
2.089	8
2.199	8
2.208	8
2.35	8
2.35	8
2.591	8
2.615	8
2.685	8
2.708	8
2.719	8
2.802	8
2.899	8
3.053	8
3.251	8
3.269	8
3.331	8
3.492	8
3.677	8
3.693	8
3.705	8
3.94	8
3.942	8
4.111	8
4.335	8
4.351	8
4.405	8
4.587	8
4.694	8
4.706	8
4.745	8
4.755	8
5.049	8
5.053	8
5.084	8
5.458	8
5.481	8
5.52	8
5.549	8
5.561	8
5.651	8
5.688	8
5.791	8
5.925	8
6.019	8
6.06	8
6.096	8
6.152	8
6.156	8
6.219	8
6.256	8
6.364	8
6.439	8
6.499	8
6.744	8
6.809	8
6.839	8
6.845	8
6.894	8
6.915	8
6.935	8
6.952	8
7.002	8
7.061	8
7.103	8
7.126	8
7.176	8
7.203	8
7.281	8
7.42	8
7.454	8
7.585	8
7.597	8
7.667	8
7.795	8
7.832	8
7.834	8
7.926	8
8.101	8
8.117	8
8.13	8
8.252	8
8.267	8
8.411	8
8.635	7
8.741	7
9.265	7
9.315	7
9.421	7
9.622	7
9.736	7
9.8	7
10.021	7
10.297	7
10.305	7
10.306	7
10.332	7
10.569	7
10.608	7
10.762	7
10.831	7
10.844	7
10.905	7
11.168	7
11.256	7
11.273	7
11.516	7
11.746	7
11.837	7
11.89	7
12.089	7
12.104	7
12.393	7
12.493	7
12.675	7
13.213	7
13.335	7
13.377	7
13.473	6
13.624	6
13.652	6
13.715	6
13.759	6
13.798	6
13.921	6
13.979	6
14.321	6
14.436	6
14.512	6
14.532	6
14.553	5
14.628	5
14.679	5
14.813	5
15.092	5
15.778	5
16.715	5
16.76	5
17.216	5
17.313	5
17.37	5
17.82	5
18.088	5
18.093	5
18.437	4
18.863	4
18.937	4
18.998	4
19.71	4
20.511	4
20.514	4
23.876	4
24.066	4
24.117	3
24.369	2
24.651	3
24.654	3
24.686	4
25.026	5
25.357	5
26.871	5
34.944	4
47.159	3
0.0	1
0.0	1
0.002	1
0.002	1
0.004	1
0.005	1
0.005	1
0.005	1
0.006	1
0.006	1
0.006	1
0.006	1
0.007	1
0.008	1
0.008	1
0.008	1
0.009	1
0.009	1
0.009	1
0.01	1
0.01	1
0.01	1
0.011	1
0.013	1
0.013	1
0.014	1
0.014	1
0.014	1
0.014	1
0.014	1
0.015	1
0.015	1
0.016	1
0.016	1
0.017	1
0.017	1
0.017	1
0.017	1
0.018	1
0.018	1
0.018	1
0.019	1
0.019	1
0.019	1
0.019	1
0.02	1
0.021	1
0.021	1
0.023	1
0.025	1
0.033	1
0.041	1
0.049	1
0.058	1
0.06	1
0.074	1
0.075	1
0.082	1
0.091	1
0.1	1
0.121	1
0.125	1
0.129	1
0.134	1
0.138	1
0.139	1
0.14	1
0.143	1
0.146	1
0.153	1
0.154	1
0.157	1
0.158	1
0.16	1
0.16	1
0.168	1
0.175	1
0.177	1
0.18	1
0.182	1
0.182	1
0.186	1
0.187	1
0.189	1
0.192	1
0.192	1
0.193	1
0.198	1
0.202	1
0.205	1
0.205	1
0.207	1
0.207	1
0.213	1
0.221	1
0.223	1
0.225	1
0.233	1
0.233	1
0.236	1
0.239	1
0.242	1
0.242	1
0.244	1
0.245	1
0.245	1
0.245	1
0.25	1
0.253	1
0.257	1
0.257	1
0.268	1
0.269	1
0.269	1
0.272	1
0.273	1
0.274	1
0.282	1
0.282	1
0.287	1
0.292	1
0.293	1
0.299	1
0.301	1
0.302	1
0.306	1
0.312	1
0.316	1
0.326	1
0.338	1
0.339	1
0.341	1
0.346	1
0.347	1
0.349	1
0.361	1
0.362	1
0.362	1
0.383	1
0.386	1
0.386	1
0.392	1
0.393	1
0.393	1
0.398	1
0.4	1
0.403	1
0.407	1
0.409	1
0.409	1
0.411	1
0.414	1
0.424	1
0.432	1
0.434	1
0.435	1
0.445	1
0.452	1
0.453	1
0.454	1
0.455	1
0.459	1
0.464	1
0.471	1
0.471	1
0.476	1
0.479	1
0.484	1
0.484	1
0.489	1
0.494	1
0.496	1
0.498	2
0.498	2
0.502	2
0.506	3
0.52	3
0.52	3
0.522	3
0.525	3
0.527	3
0.527	3
0.531	3
0.535	3
0.537	3
0.541	3
0.542	3
0.547	3
0.547	3
0.55	3
0.551	3
0.555	3
0.557	3
0.558	3
0.558	3
0.559	3
0.562	3
0.564	3
0.565	3
0.566	3
0.567	3
0.567	3
0.568	3
0.571	3
0.575	3
0.577	3
0.579	3
0.583	3
0.585	3
0.595	3
0.598	3
0.603	3
0.604	3
0.605	3
0.605	3
0.607	3
0.61	3
0.612	3
0.614	3
0.615	3
0.621	3
0.622	3
0.623	3
0.624	3
0.627	3
0.631	3
0.639	3
0.64	4
0.645	4
0.65	4
0.656	4
0.658	4
0.658	4
0.664	4
0.668	4
0.676	4
0.678	4
0.681	4
0.681	4
0.682	4
0.684	4
0.684	4
0.684	4
0.685	4
0.692	4
0.695	4
0.697	4
0.701	4
0.713	4
0.714	4
0.715	4
0.729	4
0.73	4
0.734	4
0.741	4
0.741	4
0.747	4
0.754	4
0.758	4
0.759	4
0.762	4
0.768	4
0.773	4
0.774	4
0.776	4
0.782	4
0.784	4
0.792	4
0.797	4
0.809	4
0.809	4
0.811	4
0.822	4
0.834	4
0.836	4
0.836	4
0.84	4
0.847	4
0.847	4
0.849	4
0.849	4
0.852	4
0.857	4
0.872	4
0.875	4
0.881	4
0.884	4
0.894	4
0.897	4
0.909	4
0.913	4
0.924	4
0.927	4
0.928	4
0.934	4
0.946	4
0.949	4
0.957	4
0.976	4
0.988	4
1.011	4
1.015	4
1.019	4
1.04	4
1.045	4
1.058	4
1.062	4
1.067	4
1.072	4
1.084	4
1.086	4
1.097	4
1.134	4
1.152	4
1.173	4
1.177	4
1.237	4
1.295	4
1.401	4
1.404	4
1.409	4
1.411	4
1.435	4
1.575	4
1.673	4
1.732	4
1.801	4
2.047	3
2.087	2
2.087	2
2.197	2
2.206	2
2.348	2
2.348	2
2.589	2
2.613	2
2.683	3
2.706	3
2.717	3
2.8	3
2.897	3
3.051	4
3.249	4
3.267	4
3.329	4
3.49	4
3.675	4
3.691	4
3.703	4
3.938	4
3.94	4
4.109	4
4.333	4
4.349	4
4.403	4
4.585	4
4.692	4
4.704	4
4.743	4
4.753	3
5.047	3
5.051	3
5.082	3
5.456	3
5.479	3
5.518	3
5.547	3
5.559	3
5.649	3
5.686	3
5.789	3
5.923	3
6.017	3
6.058	3
6.094	3
6.15	3
6.154	3
6.217	3
6.254	3
6.362	3
6.437	3
6.497	3
6.742	3
6.807	3
6.837	3
6.843	3
6.892	3
6.913	3
6.933	3
6.95	3
7.0	3
7.059	3
7.101	3
7.124	3
7.174	3
7.201	3
7.279	3
7.418	3
7.452	3
7.583	3
7.595	3
7.665	3
7.793	3
7.83	3
7.832	3
7.924	3
8.099	3
8.115	3
8.128	3
8.25	3
8.265	3
8.409	3
8.633	3
8.739	3
9.263	3
9.313	3
9.419	3
9.62	3
9.734	3
9.798	3
10.019	3
10.295	3
10.303	3
10.304	3
10.33	3
10.567	3
10.606	3
10.76	3
10.829	3
10.842	3
10.903	3
11.166	3
11.254	3
11.271	3
11.514	3
11.744	3
11.835	3
11.888	3
12.087	3
12.102	3
12.391	3
12.491	3
12.673	3
13.211	3
13.333	3
13.375	3
13.471	3
13.622	3
13.65	3
13.713	3
13.757	3
13.796	3
13.919	3
13.977	3
14.319	3
14.434	3
14.51	3
14.53	3
14.551	3
14.626	3
14.677	3
14.811	3
15.09	3
15.776	3
16.713	3
16.758	3
17.214	3
17.311	3
17.368	3
17.818	3
18.086	3
18.091	3
18.435	3
18.861	3
18.935	3
18.996	3
19.708	3
20.509	3
20.512	3
23.874	3
24.064	3
24.115	3
24.367	3
24.649	3
24.652	3
24.684	3
25.024	3
25.355	3
26.869	3
34.942	3
47.157	3
0.0	1
0.002	1
0.002	1
0.004	1
0.005	1
0.005	1
0.005	1
0.006	1
0.006	1
0.006	1
0.006	1
0.007	1
0.008	1
0.008	1
0.008	1
0.009	1
0.009	1
0.009	1
0.01	1
0.01	1
0.01	1
0.011	1
0.013	1
0.013	1
0.014	1
0.014	1
0.014	1
0.014	1
0.014	1
0.015	1
0.015	1
0.016	1
0.016	1
0.017	1
0.017	1
0.017	1
0.017	1
0.018	1
0.018	1
0.018	1
0.019	1
0.019	1
0.019	1
0.019	1
0.02	1
0.021	1
0.021	1
0.023	1
0.025	1
0.033	1
0.041	1
0.049	1
0.058	1
0.06	1
0.074	1
0.075	1
0.082	1
0.091	1
0.1	1
0.121	1
0.125	1
0.129	1
0.134	1
0.138	1
0.139	1
0.14	1
0.143	1
0.146	1
0.153	1
0.154	1
0.157	1
0.158	1
0.16	2
0.16	2
0.168	2
0.175	2
0.177	2
0.18	2
0.182	2
0.182	2
0.186	2
0.187	2
0.189	2
0.192	2
0.192	2
0.193	2
0.198	2
0.202	2
0.205	2
0.205	2
0.207	2
0.207	2
0.213	2
0.221	2
0.223	2
0.225	2
0.233	2
0.233	2
0.236	2
0.239	2
0.242	2
0.242	2
0.244	2
0.245	2
0.245	2
0.245	2
0.25	2
0.253	2
0.257	2
0.257	2
0.268	2
0.269	2
0.269	2
0.272	2
0.273	2
0.274	2
0.282	2
0.282	2
0.287	2
0.292	2
0.293	2
0.299	2
0.301	2
0.302	2
0.306	2
0.312	2
0.316	2
0.326	2
0.338	2
0.339	2
0.341	2
0.346	2
0.347	2
0.349	2
0.361	2
0.362	2
0.362	2
0.383	2
0.386	2
0.386	2
0.392	2
0.393	2
0.393	2
0.398	2
0.4	2
0.403	2
0.407	2
0.409	2
0.409	2
0.411	2
0.414	2
0.424	2
0.432	2
0.434	2
0.435	2
0.445	2
0.452	2
0.453	2
0.454	2
0.455	2
0.459	2
0.464	2
0.471	2
0.471	2
0.476	2
0.479	2
0.484	2
0.484	2
0.489	2
0.494	2
0.496	2
0.498	2
0.498	2
0.502	2
0.506	2
0.52	2
0.52	2
0.522	2
0.525	2
0.527	2
0.527	2
0.531	2
0.535	2
0.537	2
0.541	2
0.542	2
0.547	2
0.547	2
0.55	2
0.551	2
0.555	2
0.557	2
0.558	2
0.558	2
0.559	2
0.562	2
0.564	2
0.565	2
0.566	2
0.567	2
0.567	2
0.568	2
0.571	3
0.575	3
0.577	3
0.579	3
0.583	3
0.585	3
0.595	3
0.598	3
0.603	3
0.604	3
0.605	3
0.605	3
0.607	3
0.61	3
0.612	3
0.614	3
0.615	3
0.621	3
0.622	3
0.623	3
0.624	3
0.627	3
0.631	3
0.639	3
0.64	3
0.645	3
0.65	3
0.656	3
0.658	3
0.658	3
0.664	3
0.668	3
0.676	3
0.678	3
0.681	3
0.681	3
0.682	4
0.684	4
0.684	4
0.684	4
0.685	4
0.692	4
0.695	4
0.697	4
0.701	4
0.713	4
0.714	4
0.715	4
0.729	4
0.73	4
0.734	4
0.741	4
0.741	4
0.747	4
0.754	4
0.758	4
0.759	4
0.762	4
0.768	4
0.773	4
0.774	4
0.776	4
0.782	4
0.784	4
0.792	4
0.797	4
0.809	4
0.809	4
0.811	4
0.822	4
0.834	4
0.836	4
0.836	4
0.84	4
0.847	4
0.847	4
0.849	4
0.849	4
0.852	4
0.857	4
0.872	4
0.875	4
0.881	4
0.884	4
0.894	4
0.897	4
0.909	4
0.913	4
0.924	4
0.927	4
0.928	4
0.934	4
0.946	4
0.949	4
0.957	4
0.976	4
0.988	4
1.011	4
1.015	4
1.019	4
1.04	4
1.045	4
1.058	4
1.062	4
1.067	4
1.072	4
1.084	4
1.086	4
1.097	4
1.134	4
1.152	4
1.173	4
1.177	4
1.237	4
1.295	4
1.401	4
1.404	4
1.409	4
1.411	4
1.435	4
1.575	4
1.673	4
1.732	4
1.801	4
2.047	4
2.087	4
2.087	4
2.197	4
2.206	4
2.348	4
2.348	4
2.589	4
2.613	4
2.683	4
2.706	4
2.717	4
2.8	4
2.897	4
3.051	4
3.249	4
3.267	4
3.329	4
3.49	4
3.675	4
3.691	4
3.703	4
3.938	4
3.94	4
4.109	4
4.333	4
4.349	4
4.403	4
4.585	4
4.692	4
4.704	4
4.743	4
4.753	4
5.047	4
5.051	4
5.082	4
5.456	4
5.479	4
5.518	4
5.547	4
5.559	4
5.649	4
5.686	4
5.789	4
5.923	4
6.017	4
6.058	4
6.094	4
6.15	4
6.154	4
6.217	4
6.254	4
6.362	4
6.437	4
6.497	4
6.742	4
6.807	4
6.837	4
6.843	4
6.892	4
6.913	4
6.933	4
6.95	4
7.0	4
7.059	4
7.101	4
7.124	4
7.174	4
7.201	4
7.279	4
7.418	4
7.452	4
7.583	4
7.595	4
7.665	4
7.793	4
7.83	4
7.832	4
7.924	4
8.099	4
8.115	4
8.128	4
8.25	4
8.265	4
8.409	4
8.633	4
8.739	4
9.263	4
9.313	4
9.419	4
9.62	4
9.734	4
9.798	4
10.019	4
10.295	3
10.303	3
10.304	3
10.33	3
10.567	3
10.606	3
10.76	3
10.829	3
10.842	3
10.903	3
11.166	3
11.254	3
11.271	3
11.514	3
11.744	3
11.835	3
11.888	3
12.087	3
12.102	3
12.391	3
12.491	3
12.673	3
13.211	3
13.333	3
13.375	3
13.471	3
13.622	3
13.65	3
13.713	3
13.757	3
13.796	3
13.919	3
13.977	3
14.319	3
14.434	3
14.51	3
14.53	3
14.551	3
14.626	3
14.677	3
14.811	3
15.09	3
15.776	3
16.713	3
16.758	3
17.214	3
17.311	3
17.368	3
17.818	3
18.086	3
18.091	3
18.435	3
18.861	3
18.935	3
18.996	3
19.708	3
20.509	3
20.512	3
23.874	3
24.064	3
24.115	3
24.367	3
24.649	3
24.652	3
24.684	3
25.024	3
25.355	3
26.869	3
34.942	3
47.157	3
0.0	1
0.0	1
0.002	1
0.003	1
0.003	1
0.003	1
0.004	1
0.004	1
0.004	1
0.004	1
0.005	1
0.006	1
0.006	1
0.006	1
0.007	1
0.007	1
0.007	1
0.008	1
0.008	1
0.008	1
0.009	1
0.011	1
0.011	1
0.012	1
0.012	1
0.012	1
0.012	1
0.012	1
0.013	1
0.013	1
0.014	1
0.014	1
0.015	1
0.015	1
0.015	1
0.015	1
0.016	1
0.016	1
0.016	1
0.017	1
0.017	1
0.017	1
0.017	1
0.018	1
0.019	1
0.019	1
0.021	1
0.023	1
0.031	1
0.039	1
0.047	2
0.056	2
0.058	2
0.072	2
0.073	3
0.08	3
0.089	3
0.098	3
0.119	3
0.123	3
0.127	3
0.132	3
0.136	3
0.137	3
0.138	3
0.141	3
0.144	3
0.151	3
0.152	3
0.155	3
0.156	3
0.158	3
0.158	3
0.166	3
0.173	3
0.175	3
0.178	3
0.18	3
0.18	3
0.184	3
0.185	3
0.187	3
0.19	3
0.19	3
0.191	3
0.196	3
0.2	3
0.203	3
0.203	3
0.205	3
0.205	3
0.211	3
0.219	3
0.221	3
0.223	3
0.231	3
0.231	3
0.234	3
0.237	3
0.24	3
0.24	3
0.242	3
0.243	3
0.243	3
0.243	3
0.248	3
0.251	3
0.255	3
0.255	3
0.266	3
0.267	3
0.267	3
0.27	3
0.271	3
0.272	3
0.28	3
0.28	3
0.285	3
0.29	3
0.291	3
0.297	3
0.299	3
0.3	3
0.304	3
0.31	3
0.314	3
0.324	3
0.336	3
0.337	3
0.339	3
0.344	3
0.345	3
0.347	3
0.359	3
0.36	3
0.36	3
0.381	3
0.384	3
0.384	3
0.39	3
0.391	3
0.391	3
0.396	3
0.398	3
0.401	3
0.405	3
0.407	3
0.407	3
0.409	3
0.412	3
0.422	3
0.43	3
0.432	3
0.433	3
0.443	3
0.45	3
0.451	3
0.452	3
0.453	3
0.457	3
0.462	3
0.469	3
0.469	3
0.474	3
0.477	3
0.482	3
0.482	3
0.487	3
0.492	3
0.494	3
0.496	3
0.496	3
0.5	3
0.504	3
0.518	3
0.518	3
0.52	3
0.523	3
0.525	3
0.525	3
0.529	3
0.533	3
0.535	3
0.539	3
0.54	3
0.545	3
0.545	3
0.548	3
0.549	3
0.553	3
0.555	3
0.556	3
0.556	3
0.557	3
0.56	3
0.562	3
0.563	3
0.564	3
0.565	3
0.565	3
0.566	3
0.569	3
0.573	3
0.575	3
0.577	3
0.581	3
0.583	3
0.593	3
0.596	3
0.601	3
0.602	3
0.603	3
0.603	3
0.605	3
0.608	3
0.61	3
0.612	3
0.613	3
0.619	3
0.62	3
0.621	3
0.622	3
0.625	3
0.629	3
0.637	3
0.638	3
0.643	3
0.648	3
0.654	3
0.656	3
0.656	3
0.662	3
0.666	3
0.674	3
0.676	3
0.679	3
0.679	3
0.68	3
0.682	3
0.682	3
0.682	3
0.683	3
0.69	3
0.693	3
0.695	3
0.699	3
0.711	3
0.712	3
0.713	3
0.727	3
0.728	3
0.732	3
0.739	3
0.739	3
0.745	3
0.752	3
0.756	3
0.757	3
0.76	3
0.766	3
0.771	3
0.772	3
0.774	3
0.78	3
0.782	3
0.79	3
0.795	3
0.807	3
0.807	3
0.809	3
0.82	3
0.832	3
0.834	3
0.834	3
0.838	3
0.845	3
0.845	3
0.847	3
0.847	3
0.85	3
0.855	3
0.87	3
0.873	3
0.879	3
0.882	3
0.892	3
0.895	3
0.907	3
0.911	3
0.922	3
0.925	3
0.926	3
0.932	3
0.944	3
0.947	3
0.955	3
0.974	3
0.986	3
1.009	3
1.013	3
1.017	3
1.038	3
1.043	3
1.056	3
1.06	3
1.065	3
1.07	3
1.082	3
1.084	3
1.095	3
1.132	3
1.15	3
1.171	3
1.175	3
1.235	3
1.293	3
1.399	3
1.402	3
1.407	3
1.409	3
1.433	3
1.573	3
1.671	3
1.73	3
1.799	3
2.045	3
2.085	3
2.085	3
2.195	3
2.204	3
2.346	3
2.346	3
2.587	3
2.611	3
2.681	3
2.704	3
2.715	3
2.798	3
2.895	3
3.049	3
3.247	3
3.265	3
3.327	3
3.488	3
3.673	3
3.689	3
3.701	3
3.936	3
3.938	3
4.107	3
4.331	3
4.347	3
4.401	3
4.583	3
4.69	3
4.702	3
4.741	3
4.751	3
5.045	3
5.049	3
5.08	3
5.454	3
5.477	3
5.516	3
5.545	3
5.557	3
5.647	3
5.684	3
5.787	3
5.921	3
6.015	3
6.056	3
6.092	3
6.148	3
6.152	3
6.215	3
6.252	3
6.36	3
6.435	3
6.495	3
6.74	3
6.805	3
6.835	3
6.841	3
6.89	3
6.911	3
6.931	3
6.948	3
6.998	3
7.057	3
7.099	3
7.122	3
7.172	3
7.199	3
7.277	3
7.416	3
7.45	3
7.581	3
7.593	3
7.663	3
7.791	3
7.828	3
7.83	3
7.922	3
8.097	3
8.113	3
8.126	3
8.248	3
8.263	3
8.407	3
8.631	3
8.737	3
9.261	3
9.311	3
9.417	3
9.618	3
9.732	3
9.796	3
10.017	3
10.293	3
10.301	3
10.302	3
10.328	3
10.565	3
10.604	3
10.758	3
10.827	3
10.84	3
10.901	3
11.164	3
11.252	3
11.269	3
11.512	3
11.742	3
11.833	3
11.886	3
12.085	3
12.1	3
12.389	3
12.489	3
12.671	3
13.209	3
13.331	3
13.373	3
13.469	3
13.62	3
13.648	3
13.711	3
13.755	3
13.794	3
13.917	3
13.975	3
14.317	3
14.432	3
14.508	3
14.528	3
14.549	3
14.624	3
14.675	3
14.809	3
15.088	3
15.774	3
16.711	3
16.756	3
17.212	3
17.309	3
17.366	3
17.816	3
18.084	3
18.089	3
18.433	3
18.859	3
18.933	3
18.994	3
19.706	3
20.507	3
20.51	3
23.872	3
24.062	3
24.113	3
24.365	3
24.647	3
24.65	3
24.682	3
25.022	3
25.353	3
26.867	3
34.94	3
47.155	3
0.0	1
0.002	1
0.003	1
0.003	1
0.003	1
0.004	1
0.004	1
0.004	1
0.004	1
0.005	1
0.006	1
0.006	1
0.006	1
0.007	1
0.007	1
0.007	1
0.008	1
0.008	1
0.008	1
0.009	1
0.011	1
0.011	1
0.012	1
0.012	1
0.012	1
0.012	1
0.012	1
0.013	1
0.013	1
0.014	1
0.014	1
0.015	1
0.015	1
0.015	1
0.015	1
0.016	1
0.016	1
0.016	1
0.017	1
0.017	1
0.017	1
0.017	1
0.018	1
0.019	1
0.019	1
0.021	1
0.023	1
0.031	1
0.039	1
0.047	1
0.056	1
0.058	1
0.072	1
0.073	1
0.08	1
0.089	1
0.098	1
0.119	1
0.123	1
0.127	1
0.132	1
0.136	1
0.137	1
0.138	1
0.141	1
0.144	1
0.151	1
0.152	1
0.155	1
0.156	1
0.158	1
0.158	1
0.166	1
0.173	1
0.175	1
0.178	1
0.18	1
0.18	1
0.184	1
0.185	1
0.187	1
0.19	1
0.19	1
0.191	1
0.196	1
0.2	1
0.203	1
0.203	1
0.205	1
0.205	1
0.211	1
0.219	1
0.221	1
0.223	1
0.231	1
0.231	1
0.234	1
0.237	1
0.24	1
0.24	1
0.242	1
0.243	1
0.243	1
0.243	1
0.248	1
0.251	1
0.255	1
0.255	1
0.266	1
0.267	1
0.267	1
0.27	1
0.271	1
0.272	1
0.28	1
0.28	1
0.285	1
0.29	1
0.291	1
0.297	1
0.299	1
0.3	1
0.304	1
0.31	1
0.314	1
0.324	1
0.336	2
0.337	2
0.339	3
0.344	3
0.345	3
0.347	3
0.359	3
0.36	3
0.36	4
0.381	4
0.384	4
0.384	4
0.39	4
0.391	4
0.391	4
0.396	4
0.398	4
0.401	4
0.405	4
0.407	4
0.407	4
0.409	4
0.412	4
0.422	4
0.43	4
0.432	4
0.433	4
0.443	4
0.45	4
0.451	4
0.452	4
0.453	4
0.457	4
0.462	4
0.469	4
0.469	4
0.474	4
0.477	4
0.482	4
0.482	4
0.487	4
0.492	4
0.494	4
0.496	4
0.496	4
0.5	4
0.504	4
0.518	4
0.518	4
0.52	4
0.523	4
0.525	4
0.525	4
0.529	4
0.533	4
0.535	4
0.539	4
0.54	4
0.545	4
0.545	4
0.548	4
0.549	4
0.553	4
0.555	4
0.556	4
0.556	4
0.557	4
0.56	4
0.562	4
0.563	5
0.564	5
0.565	5
0.565	5
0.566	5
0.569	5
0.573	5
0.575	5
0.577	5
0.581	5
0.583	5
0.593	5
0.596	5
0.601	5
0.602	5
0.603	5
0.603	5
0.605	5
0.608	5
0.61	5
0.612	5
0.613	5
0.619	5
0.62	5
0.621	5
0.622	5
0.625	5
0.629	5
0.637	5
0.638	5
0.643	5
0.648	5
0.654	5
0.656	5
0.656	5
0.662	5
0.666	5
0.674	5
0.676	5
0.679	5
0.679	5
0.68	5
0.682	5
0.682	5
0.682	5
0.683	5
0.69	5
0.693	5
0.695	5
0.699	5
0.711	5
0.712	5
0.713	5
0.727	5
0.728	5
0.732	5
0.739	5
0.739	5
0.745	5
0.752	5
0.756	5
0.757	5
0.76	5
0.766	5
0.771	5
0.772	5
0.774	5
0.78	5
0.782	5
0.79	5
0.795	5
0.807	5
0.807	5
0.809	5
0.82	5
0.832	5
0.834	5
0.834	5
0.838	5
0.845	5
0.845	5
0.847	5
0.847	5
0.85	5
0.855	5
0.87	5
0.873	5
0.879	5
0.882	5
0.892	5
0.895	5
0.907	5
0.911	5
0.922	5
0.925	5
0.926	5
0.932	5
0.944	5
0.947	5
0.955	5
0.974	5
0.986	5
1.009	5
1.013	5
1.017	5
1.038	5
1.043	5
1.056	5
1.06	5
1.065	5
1.07	5
1.082	5
1.084	5
1.095	5
1.132	5
1.15	5
1.171	5
1.175	5
1.235	5
1.293	5
1.399	5
1.402	5
1.407	5
1.409	5
1.433	5
1.573	5
1.671	5
1.73	5
1.799	5
2.045	5
2.085	5
2.085	5
2.195	5
2.204	5
2.346	4
2.346	4
2.587	4
2.611	4
2.681	4
2.704	4
2.715	4
2.798	4
2.895	4
3.049	4
3.247	4
3.265	4
3.327	4
3.488	4
3.673	4
3.689	4
3.701	4
3.936	4
3.938	4
4.107	4
4.331	4
4.347	4
4.401	4
4.583	4
4.69	4
4.702	4
4.741	4
4.751	4
5.045	4
5.049	4
5.08	4
5.454	4
5.477	4
5.516	4
5.545	4
5.557	4
5.647	4
5.684	4
5.787	4
5.921	4
6.015	4
6.056	4
6.092	4
6.148	4
6.152	4
6.215	4
6.252	4
6.36	4
6.435	4
6.495	4
6.74	4
6.805	4
6.835	4
6.841	4
6.89	4
6.911	4
6.931	4
6.948	4
6.998	4
7.057	4
7.099	4
7.122	4
7.172	4
7.199	4
7.277	4
7.416	4
7.45	4
7.581	4
7.593	4
7.663	4
7.791	4
7.828	3
7.83	3
7.922	3
8.097	3
8.113	3
8.126	3
8.248	3
8.263	3
8.407	3
8.631	3
8.737	3
9.261	3
9.311	3
9.417	3
9.618	3
9.732	3
9.796	3
10.017	3
10.293	3
10.301	3
10.302	3
10.328	3
10.565	3
10.604	3
10.758	3
10.827	3
10.84	3
10.901	3
11.164	3
11.252	3
11.269	3
11.512	3
11.742	3
11.833	3
11.886	3
12.085	3
12.1	3
12.389	3
12.489	3
12.671	3
13.209	3
13.331	3
13.373	3
13.469	3
13.62	3
13.648	3
13.711	3
13.755	3
13.794	3
13.917	3
13.975	3
14.317	3
14.432	3
14.508	3
14.528	3
14.549	3
14.624	3
14.675	3
14.809	3
15.088	3
15.774	3
16.711	3
16.756	3
17.212	3
17.309	3
17.366	3
17.816	3
18.084	3
18.089	3
18.433	3
18.859	3
18.933	3
18.994	3
19.706	3
20.507	3
20.51	3
23.872	3
24.062	3
24.113	3
24.365	3
24.647	3
24.65	3
24.682	3
25.022	3
25.353	3
26.867	3
34.94	3
47.155	3
0.001	1
0.001	1
0.001	1
0.002	1
0.002	1
0.002	1
0.002	1
0.003	1
0.004	1
0.004	1
0.004	1
0.005	1
0.005	1
0.005	1
0.006	1
0.006	1
0.006	1
0.007	1
0.009	1
0.009	1
0.01	1
0.01	1
0.01	1
0.01	1
0.01	1
0.011	1
0.011	1
0.012	1
0.012	1
0.013	1
0.013	1
0.013	1
0.013	1
0.014	1
0.014	1
0.014	1
0.015	1
0.015	1
0.015	1
0.015	1
0.016	1
0.017	1
0.017	1
0.019	1
0.021	1
0.029	1
0.037	1
0.045	1
0.054	1
0.056	1
0.07	1
0.071	1
0.078	1
0.087	1
0.096	1
0.117	1
0.121	1
0.125	1
0.13	1
0.134	1
0.135	1
0.136	1
0.139	1
0.142	1
0.149	1
0.15	1
0.153	1
0.154	2
0.156	2
0.156	2
0.164	2
0.171	2
0.173	2
0.176	2
0.178	2
0.178	2
0.182	2
0.183	2
0.185	2
0.188	2
0.188	2
0.189	2
0.194	2
0.198	2
0.201	2
0.201	2
0.203	2
0.203	2
0.209	2
0.217	2
0.219	2
0.221	2
0.229	2
0.229	2
0.232	2
0.235	2
0.238	2
0.238	2
0.24	2
0.241	2
0.241	2
0.241	2
0.246	3
0.249	3
0.253	3
0.253	3
0.264	3
0.265	3
0.265	3
0.268	3
0.269	3
0.27	3
0.278	3
0.278	3
0.283	3
0.288	3
0.289	3
0.295	3
0.297	3
0.298	3
0.302	3
0.308	3
0.312	3
0.322	3
0.334	3
0.335	3
0.337	3
0.342	3
0.343	3
0.345	3
0.357	3
0.358	3
0.358	3
0.379	3
0.382	3
0.382	3
0.388	3
0.389	3
0.389	3
0.394	3
0.396	3
0.399	3
0.403	3
0.405	3
0.405	3
0.407	3
0.41	3
0.42	3
0.428	3
0.43	3
0.431	3
0.441	3
0.448	4
0.449	4
0.45	4
0.451	4
0.455	4
0.46	4
0.467	4
0.467	4
0.472	4
0.475	4
0.48	5
0.48	5
0.485	5
0.49	5
0.492	5
0.494	5
0.494	5
0.498	5
0.502	5
0.516	5
0.516	5
0.518	5
0.521	5
0.523	5
0.523	5
0.527	5
0.531	5
0.533	5
0.537	5
0.538	5
0.543	5
0.543	5
0.546	5
0.547	5
0.551	5
0.553	5
0.554	5
0.554	5
0.555	5
0.558	5
0.56	5
0.561	5
0.562	5
0.563	5
0.563	5
0.564	5
0.567	5
0.571	5
0.573	5
0.575	5
0.579	5
0.581	5
0.591	5
0.594	5
0.599	5
0.6	5
0.601	5
0.601	5
0.603	5
0.606	5
0.608	5
0.61	5
0.611	5
0.617	5
0.618	5
0.619	5
0.62	5
0.623	5
0.627	5
0.635	5
0.636	5
0.641	5
0.646	5
0.652	5
0.654	5
0.654	5
0.66	5
0.664	5
0.672	5
0.674	5
0.677	5
0.677	5
0.678	5
0.68	5
0.68	5
0.68	5
0.681	5
0.688	5
0.691	5
0.693	5
0.697	5
0.709	5
0.71	5
0.711	5
0.725	5
0.726	5
0.73	5
0.737	5
0.737	5
0.743	5
0.75	5
0.754	5
0.755	5
0.758	5
0.764	5
0.769	5
0.77	5
0.772	5
0.778	5
0.78	5
0.788	5
0.793	5
0.805	5
0.805	5
0.807	5
0.818	5
0.83	5
0.832	5
0.832	5
0.836	5
0.843	5
0.843	5
0.845	5
0.845	5
0.848	5
0.853	5
0.868	5
0.871	5
0.877	5
0.88	5
0.89	5
0.893	5
0.905	5
0.909	5
0.92	5
0.923	5
0.924	5
0.93	5
0.942	5
0.945	5
0.953	5
0.972	5
0.984	5
1.007	5
1.011	5
1.015	5
1.036	5
1.041	5
1.054	5
1.058	5
1.063	5
1.068	5
1.08	5
1.082	5
1.093	5
1.13	5
1.148	5
1.169	5
1.173	5
1.233	5
1.291	5
1.397	5
1.4	5
1.405	5
1.407	5
1.431	5
1.571	5
1.669	5
1.728	5
1.797	5
2.043	5
2.083	5
2.083	5
2.193	5
2.202	5
2.344	5
2.344	5
2.585	5
2.609	5
2.679	5
2.702	5
2.713	5
2.796	5
2.893	5
3.047	5
3.245	5
3.263	5
3.325	5
3.486	5
3.671	5
3.687	5
3.699	5
3.934	5
3.936	5
4.105	5
4.329	5
4.345	5
4.399	5
4.581	5
4.688	5
4.7	5
4.739	5
4.749	5
5.043	5
5.047	5
5.078	4
5.452	4
5.475	4
5.514	4
5.543	4
5.555	4
5.645	4
5.682	4
5.785	4
5.919	4
6.013	4
6.054	4
6.09	4
6.146	4
6.15	4
6.213	4
6.25	4
6.358	4
6.433	4
6.493	4
6.738	4
6.803	4
6.833	4
6.839	4
6.888	4
6.909	4
6.929	4
6.946	4
6.996	4
7.055	4
7.097	4
7.12	4
7.17	4
7.197	4
7.275	4
7.414	4
7.448	4
7.579	4
7.591	4
7.661	4
7.789	4
7.826	4
7.828	4
7.92	4
8.095	4
8.111	4
8.124	4
8.246	3
8.261	3
8.405	3
8.629	3
8.735	3
9.259	3
9.309	3
9.415	3
9.616	3
9.73	3
9.794	3
10.015	3
10.291	3
10.299	3
10.3	3
10.326	3
10.563	3
10.602	3
10.756	3
10.825	3
10.838	3
10.899	3
11.162	3
11.25	3
11.267	3
11.51	3
11.74	3
11.831	3
11.884	3
12.083	3
12.098	3
12.387	3
12.487	3
12.669	3
13.207	3
13.329	3
13.371	3
13.467	3
13.618	3
13.646	3
13.709	3
13.753	3
13.792	3
13.915	3
13.973	3
14.315	3
14.43	3
14.506	3
14.526	3
14.547	3
14.622	3
14.673	3
14.807	3
15.086	3
15.772	3
16.709	3
16.754	3
17.21	3
17.307	3
17.364	3
17.814	3
18.082	3
18.087	3
18.431	3
18.857	3
18.931	3
18.992	3
19.704	3
20.505	3
20.508	3
23.87	3
24.06	3
24.111	3
24.363	3
24.645	3
24.648	3
24.68	3
25.02	3
25.351	3
26.865	3
34.938	3
47.153	3
0.0	1
0.001	1
0.001	1
0.001	1
0.001	1
0.002	1
0.003	1
0.003	1
0.003	1
0.004	1
0.004	1
0.004	1
0.005	1
0.005	1
0.005	1
0.006	1
0.008	1
0.008	1
0.009	1
0.009	1
0.009	1
0.009	1
0.009	1
0.01	1
0.01	1
0.011	1
0.011	1
0.012	1
0.012	1
0.012	1
0.012	1
0.013	1
0.013	1
0.013	1
0.014	1
0.014	1
0.014	1
0.014	1
0.015	1
0.016	1
0.016	1
0.018	1
0.02	1
0.028	1
0.036	1
0.044	1
0.053	1
0.055	1
0.069	1
0.07	1
0.077	1
0.086	1
0.095	1
0.116	1
0.12	1
0.124	1
0.129	1
0.133	1
0.134	1
0.135	2
0.138	2
0.141	2
0.148	2
0.149	2
0.152	2
0.153	2
0.155	2
0.155	2
0.163	2
0.17	2
0.172	2
0.175	2
0.177	2
0.177	2
0.181	2
0.182	2
0.184	2
0.187	2
0.187	2
0.188	2
0.193	2
0.197	2
0.2	2
0.2	2
0.202	2
0.202	2
0.208	2
0.216	2
0.218	2
0.22	2
0.228	2
0.228	2
0.231	2
0.234	2
0.237	2
0.237	2
0.239	2
0.24	2
0.24	2
0.24	2
0.245	2
0.248	2
0.252	2
0.252	2
0.263	2
0.264	2
0.264	2
0.267	2
0.268	2
0.269	2
0.277	2
0.277	2
0.282	2
0.287	2
0.288	2
0.294	2
0.296	2
0.297	2
0.301	2
0.307	2
0.311	2
0.321	2
0.333	2
0.334	2
0.336	2
0.341	2
0.342	2
0.344	2
0.356	2
0.357	2
0.357	2
0.378	2
0.381	2
0.381	2
0.387	2
0.388	2
0.388	2
0.393	2
0.395	2
0.398	2
0.402	2
0.404	2
0.404	2
0.406	2
0.409	2
0.419	2
0.427	2
0.429	2
0.43	2
0.44	2
0.447	2
0.448	2
0.449	2
0.45	2
0.454	2
0.459	2
0.466	2
0.466	2
0.471	2
0.474	2
0.479	2
0.479	2
0.484	2
0.489	2
0.491	2
0.493	2
0.493	2
0.497	2
0.501	2
0.515	2
0.515	2
0.517	2
0.52	2
0.522	2
0.522	2
0.526	2
0.53	2
0.532	2
0.536	2
0.537	2
0.542	2
0.542	2
0.545	2
0.546	2
0.55	2
0.552	2
0.553	2
0.553	2
0.554	2
0.557	2
0.559	2
0.56	2
0.561	2
0.562	2
0.562	2
0.563	2
0.566	2
0.57	2
0.572	2
0.574	2
0.578	2
0.58	2
0.59	2
0.593	2
0.598	2
0.599	2
0.6	2
0.6	2
0.602	2
0.605	2
0.607	2
0.609	2
0.61	2
0.616	2
0.617	3
0.618	3
0.619	3
0.622	3
0.626	3
0.634	3
0.635	3
0.64	3
0.645	3
0.651	3
0.653	3
0.653	3
0.659	3
0.663	3
0.671	3
0.673	3
0.676	3
0.676	3
0.677	3
0.679	3
0.679	3
0.679	3
0.68	3
0.687	3
0.69	3
0.692	3
0.696	3
0.708	3
0.709	3
0.71	4
0.724	4
0.725	4
0.729	4
0.736	4
0.736	4
0.742	4
0.749	4
0.753	4
0.754	4
0.757	4
0.763	4
0.768	4
0.769	4
0.771	4
0.777	4
0.779	4
0.787	4
0.792	4
0.804	4
0.804	4
0.806	4
0.817	4
0.829	4
0.831	4
0.831	4
0.835	4
0.842	4
0.842	4
0.844	4
0.844	4
0.847	4
0.852	4
0.867	4
0.87	4
0.876	4
0.879	4
0.889	4
0.892	4
0.904	4
0.908	4
0.919	4
0.922	4
0.923	4
0.929	4
0.941	4
0.944	4
0.952	4
0.971	4
0.983	4
1.006	4
1.01	4
1.014	4
1.035	4
1.04	4
1.053	4
1.057	4
1.062	4
1.067	4
1.079	4
1.081	4
1.092	4
1.129	4
1.147	4
1.168	4
1.172	4
1.232	4
1.29	4
1.396	4
1.399	4
1.404	4
1.406	4
1.43	4
1.57	4
1.668	4
1.727	4
1.796	4
2.042	4
2.082	4
2.082	3
2.192	3
2.201	3
2.343	3
2.343	3
2.584	3
2.608	3
2.678	3
2.701	3
2.712	3
2.795	3
2.892	3
3.046	3
3.244	3
3.262	3
3.324	3
3.485	3
3.67	3
3.686	3
3.698	3
3.933	3
3.935	3
4.104	3
4.328	3
4.344	3
4.398	3
4.58	3
4.687	3
4.699	3
4.738	3
4.748	3
5.042	3
5.046	3
5.077	3
5.451	3
5.474	3
5.513	3
5.542	3
5.554	3
5.644	3
5.681	3
5.784	3
5.918	3
6.012	3
6.053	3
6.089	3
6.145	3
6.149	3
6.212	3
6.249	3
6.357	3
6.432	3
6.492	3
6.737	3
6.802	3
6.832	3
6.838	3
6.887	3
6.908	3
6.928	3
6.945	3
6.995	3
7.054	3
7.096	3
7.119	3
7.169	3
7.196	3
7.274	3
7.413	3
7.447	3
7.578	3
7.59	3
7.66	3
7.788	3
7.825	3
7.827	3
7.919	3
8.094	3
8.11	3
8.123	3
8.245	3
8.26	3
8.404	3
8.628	3
8.734	3
9.258	3
9.308	3
9.414	3
9.615	3
9.729	3
9.793	3
10.014	3
10.29	3
10.298	3
10.299	3
10.325	3
10.562	3
10.601	3
10.755	3
10.824	3
10.837	3
10.898	3
11.161	3
11.249	3
11.266	3
11.509	3
11.739	3
11.83	3
11.883	3
12.082	3
12.097	3
12.386	3
12.486	3
12.668	3
13.206	3
13.328	3
13.37	3
13.466	3
13.617	3
13.645	3
13.708	3
13.752	3
13.791	3
13.914	3
13.972	3
14.314	3
14.429	3
14.505	3
14.525	3
14.546	3
14.621	3
14.672	3
14.806	3
15.085	3
15.771	3
16.708	3
16.753	3
17.209	3
17.306	3
17.363	3
17.813	3
18.081	3
18.086	3
18.43	3
18.856	3
18.93	3
18.991	3
19.703	3
20.504	3
20.507	3
23.869	3
24.059	3
24.11	3
24.362	3
24.644	3
24.647	3
24.679	3
25.019	3
25.35	3
26.864	3
34.937	3
47.152	3
0.0	1
0.0	1
0.0	1
0.0	1
0.001	1
0.002	1
0.002	1
0.002	1
0.003	1
0.003	1
0.003	1
0.004	1
0.004	1
0.004	1
0.005	1
0.007	1
0.007	1
0.008	1
0.008	1
0.008	1
0.008	1
0.008	1
0.009	1
0.009	1
0.01	1
0.01	1
0.011	1
0.011	1
0.011	1
0.011	1
0.012	1
0.012	1
0.012	1
0.013	1
0.013	1
0.013	1
0.013	1
0.014	1
0.015	1
0.015	1
0.017	1
0.019	1
0.027	1
0.035	1
0.043	1
0.052	1
0.054	1
0.068	1
0.069	1
0.076	1
0.085	1
0.094	1
0.115	1
0.119	1
0.123	1
0.128	1
0.132	1
0.133	1
0.134	1
0.137	1
0.14	1
0.147	1
0.148	1
0.151	1
0.152	1
0.154	1
0.154	1
0.162	1
0.169	1
0.171	1
0.174	1
0.176	1
0.176	1
0.18	1
0.181	1
0.183	1
0.186	1
0.186	1
0.187	1
0.192	1
0.196	1
0.199	1
0.199	1
0.201	2
0.201	2
0.207	2
0.215	2
0.217	2
0.219	2
0.227	2
0.227	2
0.23	2
0.233	2
0.236	2
0.236	2
0.238	2
0.239	2
0.239	2
0.239	2
0.244	2
0.247	2
0.251	2
0.251	2
0.262	2
0.263	2
0.263	2
0.266	2
0.267	2
0.268	2
0.276	2
0.276	2
0.281	2
0.286	2
0.287	2
0.293	2
0.295	2
0.296	2
0.3	2
0.306	2
0.31	2
0.32	2
0.332	2
0.333	3
0.335	3
0.34	3
0.341	3
0.343	3
0.355	3
0.356	3
0.356	3
0.377	3
0.38	3
0.38	3
0.386	3
0.387	3
0.387	3
0.392	3
0.394	3
0.397	3
0.401	3
0.403	3
0.403	3
0.405	3
0.408	3
0.418	3
0.426	3
0.428	3
0.429	3
0.439	3
0.446	3
0.447	3
0.448	3
0.449	3
0.453	3
0.458	3
0.465	3
0.465	3
0.47	3
0.473	3
0.478	3
0.478	3
0.483	3
0.488	3
0.49	3
0.492	3
0.492	3
0.496	3
0.5	3
0.514	3
0.514	3
0.516	3
0.519	3
0.521	3
0.521	3
0.525	3
0.529	3
0.531	3
0.535	3
0.536	3
0.541	3
0.541	3
0.544	3
0.545	3
0.549	3
0.551	3
0.552	3
0.552	3
0.553	3
0.556	3
0.558	3
0.559	3
0.56	3
0.561	3
0.561	3
0.562	3
0.565	3
0.569	3
0.571	3
0.573	3
0.577	3
0.579	3
0.589	3
0.592	3
0.597	3
0.598	3
0.599	3
0.599	3
0.601	3
0.604	3
0.606	3
0.608	3
0.609	3
0.615	3
0.616	3
0.617	3
0.618	3
0.621	3
0.625	3
0.633	3
0.634	3
0.639	4
0.644	4
0.65	4
0.652	4
0.652	5
0.658	5
0.662	5
0.67	5
0.672	5
0.675	5
0.675	5
0.676	5
0.678	5
0.678	5
0.678	5
0.679	5
0.686	5
0.689	5
0.691	5
0.695	5
0.707	5
0.708	5
0.709	5
0.723	5
0.724	5
0.728	5
0.735	5
0.735	5
0.741	5
0.748	5
0.752	5
0.753	5
0.756	5
0.762	5
0.767	5
0.768	5
0.77	5
0.776	5
0.778	5
0.786	5
0.791	5
0.803	5
0.803	5
0.805	5
0.816	5
0.828	5
0.83	5
0.83	5
0.834	5
0.841	5
0.841	5
0.843	5
0.843	5
0.846	5
0.851	5
0.866	5
0.869	5
0.875	5
0.878	5
0.888	5
0.891	5
0.903	5
0.907	5
0.918	5
0.921	5
0.922	5
0.928	5
0.94	5
0.943	5
0.951	5
0.97	5
0.982	5
1.005	5
1.009	5
1.013	5
1.034	5
1.039	5
1.052	5
1.056	5
1.061	5
1.066	5
1.078	5
1.08	5
1.091	5
1.128	5
1.146	5
1.167	5
1.171	5
1.231	5
1.289	5
1.395	5
1.398	5
1.403	5
1.405	5
1.429	5
1.569	5
1.667	5
1.726	5
1.795	5
2.041	5
2.081	5
2.081	5
2.191	5
2.2	5
2.342	5
2.342	5
2.583	5
2.607	4
2.677	4
2.7	4
2.711	4
2.794	4
2.891	4
3.045	4
3.243	4
3.261	4
3.323	4
3.484	4
3.669	4
3.685	4
3.697	4
3.932	4
3.934	4
4.103	4
4.327	4
4.343	4
4.397	4
4.579	4
4.686	4
4.698	4
4.737	4
4.747	4
5.041	4
5.045	4
5.076	4
5.45	4
5.473	4
5.512	4
5.541	4
5.553	4
5.643	4
5.68	4
5.783	4
5.917	4
6.011	4
6.052	4
6.088	4
6.144	4
6.148	4
6.211	4
6.248	4
6.356	4
6.431	4
6.491	4
6.736	4
6.801	4
6.831	4
6.837	4
6.886	4
6.907	4
6.927	4
6.944	4
6.994	4
7.053	4
7.095	4
7.118	4
7.168	4
7.195	4
7.273	3
7.412	3
7.446	3
7.577	3
7.589	3
7.659	3
7.787	3
7.824	3
7.826	3
7.918	3
8.093	3
8.109	3
8.122	3
8.244	3
8.259	3
8.403	3
8.627	3
8.733	3
9.257	3
9.307	3
9.413	3
9.614	3
9.728	3
9.792	3
10.013	3
10.289	3
10.297	3
10.298	3
10.324	3
10.561	3
10.6	3
10.754	3
10.823	3
10.836	3
10.897	3
11.16	3
11.248	3
11.265	3
11.508	3
11.738	3
11.829	3
11.882	3
12.081	3
12.096	3
12.385	3
12.485	3
12.667	3
13.205	3
13.327	3
13.369	3
13.465	3
13.616	3
13.644	3
13.707	3
13.751	3
13.79	3
13.913	3
13.971	3
14.313	3
14.428	3
14.504	3
14.524	3
14.545	3
14.62	3
14.671	3
14.805	3
15.084	3
15.77	3
16.707	3
16.752	3
17.208	3
17.305	3
17.362	3
17.812	3
18.08	3
18.085	3
18.429	3
18.855	3
18.929	3
18.99	3
19.702	3
20.503	3
20.506	3
23.868	3
24.058	3
24.109	3
24.361	3
24.643	3
24.646	3
24.678	3
25.018	3
25.349	3
26.863	3
34.936	3
47.151	3
0.0	1
0.0	1
0.0	1
0.001	1
0.002	1
0.002	1
0.002	1
0.003	1
0.003	1
0.003	1
0.004	1
0.004	1
0.004	1
0.005	1
0.007	1
0.007	1
0.008	1
0.008	1
0.008	1
0.008	1
0.008	1
0.009	1
0.009	1
0.01	1
0.01	1
0.011	1
0.011	1
0.011	1
0.011	1
0.012	1
0.012	1
0.012	1
0.013	1
0.013	1
0.013	1
0.013	1
0.014	1
0.015	1
0.015	1
0.017	1
0.019	1
0.027	1
0.035	1
0.043	1
0.052	1
0.054	1
0.068	1
0.069	1
0.076	1
0.085	1
0.094	1
0.115	1
0.119	1
0.123	1
0.128	1
0.132	1
0.133	1
0.134	1
0.137	1
0.14	1
0.147	1
0.148	1
0.151	1
0.152	1
0.154	1
0.154	1
0.162	1
0.169	1
0.171	1
0.174	1
0.176	1
0.176	1
0.18	1
0.181	1
0.183	1
0.186	1
0.186	1
0.187	1
0.192	1
0.196	1
0.199	1
0.199	1
0.201	1
0.201	1
0.207	1
0.215	1
0.217	1
0.219	1
0.227	1
0.227	1
0.23	1
0.233	1
0.236	1
0.236	1
0.238	1
0.239	1
0.239	1
0.239	1
0.244	1
0.247	1
0.251	1
0.251	1
0.262	1
0.263	1
0.263	1
0.266	1
0.267	1
0.268	1
0.276	1
0.276	1
0.281	1
0.286	1
0.287	1
0.293	1
0.295	1
0.296	1
0.3	1
0.306	1
0.31	1
0.32	1
0.332	1
0.333	1
0.335	1
0.34	1
0.341	1
0.343	1
0.355	1
0.356	1
0.356	1
0.377	1
0.38	1
0.38	1
0.386	1
0.387	1
0.387	1
0.392	1
0.394	1
0.397	1
0.401	1
0.403	2
0.403	2
0.405	2
0.408	2
0.418	2
0.426	2
0.428	2
0.429	2
0.439	2
0.446	2
0.447	2
0.448	2
0.449	2
0.453	2
0.458	2
0.465	2
0.465	2
0.47	2
0.473	2
0.478	2
0.478	2
0.483	2
0.488	2
0.49	2
0.492	2
0.492	2
0.496	2
0.5	2
0.514	2
0.514	2
0.516	2
0.519	2
0.521	2
0.521	2
0.525	2
0.529	2
0.531	2
0.535	2
0.536	2
0.541	2
0.541	2
0.544	2
0.545	2
0.549	2
0.551	2
0.552	2
0.552	2
0.553	2
0.556	2
0.558	2
0.559	2
0.56	2
0.561	2
0.561	2
0.562	2
0.565	2
0.569	2
0.571	2
0.573	2
0.577	2
0.579	2
0.589	2
0.592	2
0.597	2
0.598	2
0.599	2
0.599	2
0.601	2
0.604	2
0.606	2
0.608	2
0.609	2
0.615	2
0.616	2
0.617	2
0.618	2
0.621	2
0.625	2
0.633	2
0.634	2
0.639	2
0.644	2
0.65	2
0.652	2
0.652	2
0.658	2
0.662	2
0.67	2
0.672	2
0.675	2
0.675	2
0.676	2
0.678	2
0.678	2
0.678	3
0.679	3
0.686	3
0.689	3
0.691	3
0.695	3
0.707	3
0.708	3
0.709	3
0.723	3
0.724	3
0.728	3
0.735	3
0.735	3
0.741	3
0.748	3
0.752	3
0.753	3
0.756	3
0.762	3
0.767	3
0.768	3
0.77	3
0.776	3
0.778	3
0.786	3
0.791	3
0.803	3
0.803	3
0.805	3
0.816	3
0.828	3
0.83	3
0.83	3
0.834	3
0.841	3
0.841	3
0.843	3
0.843	3
0.846	3
0.851	3
0.866	3
0.869	3
0.875	3
0.878	3
0.888	3
0.891	3
0.903	3
0.907	3
0.918	3
0.921	3
0.922	3
0.928	3
0.94	3
0.943	3
0.951	3
0.97	3
0.982	3
1.005	4
1.009	4
1.013	4
1.034	4
1.039	4
1.052	4
1.056	4
1.061	4
1.066	4
1.078	4
1.08	4
1.091	4
1.128	4
1.146	4
1.167	4
1.171	4
1.231	4
1.289	4
1.395	4
1.398	4
1.403	4
1.405	4
1.429	4
1.569	4
1.667	4
1.726	4
1.795	4
2.041	4
2.081	4
2.081	4
2.191	4
2.2	4
2.342	4
2.342	4
2.583	4
2.607	4
2.677	4
2.7	4
2.711	4
2.794	4
2.891	4
3.045	4
3.243	4
3.261	4
3.323	4
3.484	4
3.669	4
3.685	4
3.697	3
3.932	3
3.934	3
4.103	3
4.327	3
4.343	3
4.397	3
4.579	3
4.686	3
4.698	3
4.737	3
4.747	3
5.041	3
5.045	3
5.076	3
5.45	3
5.473	3
5.512	3
5.541	3
5.553	3
5.643	3
5.68	3
5.783	3
5.917	3
6.011	3
6.052	3
6.088	3
6.144	3
6.148	3
6.211	3
6.248	3
6.356	3
6.431	3
6.491	3
6.736	3
6.801	3
6.831	3
6.837	3
6.886	3
6.907	3
6.927	3
6.944	3
6.994	3
7.053	3
7.095	3
7.118	3
7.168	3
7.195	3
7.273	3
7.412	3
7.446	3
7.577	3
7.589	3
7.659	3
7.787	3
7.824	3
7.826	3
7.918	3
8.093	3
8.109	3
8.122	3
8.244	3
8.259	3
8.403	3
8.627	3
8.733	3
9.257	3
9.307	3
9.413	3
9.614	3
9.728	3
9.792	3
10.013	3
10.289	3
10.297	3
10.298	3
10.324	3
10.561	3
10.6	3
10.754	3
10.823	3
10.836	3
10.897	3
11.16	3
11.248	3
11.265	3
11.508	3
11.738	3
11.829	3
11.882	3
12.081	3
12.096	3
12.385	3
12.485	3
12.667	3
13.205	3
13.327	3
13.369	3
13.465	3
13.616	3
13.644	3
13.707	3
13.751	3
13.79	3
13.913	3
13.971	3
14.313	3
14.428	3
14.504	3
14.524	3
14.545	3
14.62	3
14.671	3
14.805	3
15.084	3
15.77	3
16.707	3
16.752	3
17.208	3
17.305	3
17.362	3
17.812	3
18.08	3
18.085	3
18.429	3
18.855	3
18.929	3
18.99	3
19.702	3
20.503	3
20.506	3
23.868	3
24.058	3
24.109	3
24.361	3
24.643	3
24.646	3
24.678	3
25.018	3
25.349	3
26.863	3
34.936	3
47.151	3
0.0	1
0.0	1
0.001	1
0.002	1
0.002	1
0.002	1
0.003	1
0.003	1
0.003	1
0.004	1
0.004	1
0.004	1
0.005	1
0.007	1
0.007	1
0.008	1
0.008	1
0.008	1
0.008	1
0.008	1
0.009	1
0.009	1
0.01	1
0.01	1
0.011	1
0.011	1
0.011	1
0.011	1
0.012	1
0.012	1
0.012	1
0.013	1
0.013	1
0.013	1
0.013	1
0.014	1
0.015	1
0.015	1
0.017	1
0.019	1
0.027	1
0.035	1
0.043	1
0.052	1
0.054	1
0.068	1
0.069	1
0.076	1
0.085	1
0.094	1
0.115	1
0.119	1
0.123	1
0.128	1
0.132	1
0.133	1
0.134	1
0.137	1
0.14	1
0.147	1
0.148	1
0.151	1
0.152	1
0.154	1
0.154	1
0.162	1
0.169	1
0.171	1
0.174	1
0.176	1
0.176	1
0.18	1
0.181	1
0.183	1
0.186	1
0.186	1
0.187	1
0.192	1
0.196	1
0.199	1
0.199	1
0.201	1
0.201	1
0.207	1
0.215	1
0.217	1
0.219	1
0.227	1
0.227	1
0.23	1
0.233	1
0.236	1
0.236	1
0.238	1
0.239	1
0.239	1
0.239	1
0.244	1
0.247	1
0.251	1
0.251	1
0.262	1
0.263	1
0.263	1
0.266	1
0.267	1
0.268	1
0.276	1
0.276	1
0.281	1
0.286	1
0.287	2
0.293	2
0.295	2
0.296	2
0.3	2
0.306	2
0.31	2
0.32	2
0.332	2
0.333	2
0.335	2
0.34	2
0.341	2
0.343	2
0.355	2
0.356	2
0.356	2
0.377	2
0.38	2
0.38	2
0.386	2
0.387	2
0.387	2
0.392	2
0.394	2
0.397	2
0.401	2
0.403	2
0.403	2
0.405	2
0.408	2
0.418	2
0.426	2
0.428	2
0.429	2
0.439	2
0.446	2
0.447	2
0.448	2
0.449	2
0.453	2
0.458	2
0.465	2
0.465	3
0.47	3
0.473	3
0.478	3
0.478	3
0.483	3
0.488	3
0.49	3
0.492	3
0.492	3
0.496	3
0.5	3
0.514	3
0.514	3
0.516	3
0.519	3
0.521	3
0.521	3
0.525	3
0.529	3
0.531	3
0.535	3
0.536	3
0.541	3
0.541	3
0.544	3
0.545	3
0.549	3
0.551	3
0.552	3
0.552	3
0.553	3
0.556	3
0.558	3
0.559	3
0.56	3
0.561	3
0.561	3
0.562	3
0.565	3
0.569	3
0.571	3
0.573	3
0.577	3
0.579	3
0.589	3
0.592	3
0.597	3
0.598	3
0.599	3
0.599	3
0.601	3
0.604	3
0.606	3
0.608	3
0.609	3
0.615	3
0.616	3
0.617	3
0.618	3
0.621	3
0.625	3
0.633	3
0.634	3
0.639	3
0.644	3
0.65	3
0.652	3
0.652	3
0.658	3
0.662	3
0.67	3
0.672	3
0.675	3
0.675	3
0.676	3
0.678	3
0.678	3
0.678	3
0.679	3
0.686	3
0.689	3
0.691	3
0.695	3
0.707	3
0.708	3
0.709	3
0.723	3
0.724	3
0.728	3
0.735	3
0.735	3
0.741	3
0.748	3
0.752	3
0.753	3
0.756	4
0.762	4
0.767	4
0.768	4
0.77	4
0.776	4
0.778	4
0.786	4
0.791	4
0.803	4
0.803	4
0.805	4
0.816	4
0.828	4
0.83	4
0.83	4
0.834	4
0.841	4
0.841	4
0.843	4
0.843	4
0.846	4
0.851	4
0.866	4
0.869	5
0.875	5
0.878	5
0.888	5
0.891	5
0.903	5
0.907	5
0.918	5
0.921	5
0.922	5
0.928	5
0.94	5
0.943	5
0.951	5
0.97	6
0.982	6
1.005	6
1.009	6
1.013	6
1.034	6
1.039	6
1.052	6
1.056	6
1.061	6
1.066	6
1.078	6
1.08	6
1.091	6
1.128	6
1.146	6
1.167	6
1.171	6
1.231	6
1.289	6
1.395	6
1.398	6
1.403	6
1.405	6
1.429	6
1.569	6
1.667	6
1.726	6
1.795	6
2.041	6
2.081	6
2.081	6
2.191	6
2.2	6
2.342	6
2.342	6
2.583	6
2.607	6
2.677	6
2.7	6
2.711	6
2.794	6
2.891	6
3.045	6
3.243	6
3.261	6
3.323	6
3.484	6
3.669	6
3.685	6
3.697	6
3.932	6
3.934	6
4.103	6
4.327	6
4.343	6
4.397	6
4.579	6
4.686	6
4.698	5
4.737	5
4.747	5
5.041	5
5.045	5
5.076	5
5.45	5
5.473	5
5.512	5
5.541	5
5.553	5
5.643	5
5.68	5
5.783	5
5.917	5
6.011	5
6.052	4
6.088	4
6.144	4
6.148	4
6.211	4
6.248	4
6.356	4
6.431	4
6.491	4
6.736	4
6.801	4
6.831	4
6.837	4
6.886	4
6.907	4
6.927	4
6.944	4
6.994	4
7.053	4
7.095	4
7.118	4
7.168	4
7.195	4
7.273	4
7.412	4
7.446	4
7.577	4
7.589	4
7.659	4
7.787	4
7.824	4
7.826	4
7.918	4
8.093	4
8.109	4
8.122	4
8.244	4
8.259	4
8.403	4
8.627	4
8.733	4
9.257	4
9.307	4
9.413	4
9.614	4
9.728	4
9.792	4
10.013	4
10.289	4
10.297	4
10.298	4
10.324	4
10.561	4
10.6	4
10.754	4
10.823	3
10.836	3
10.897	3
11.16	3
11.248	3
11.265	3
11.508	3
11.738	3
11.829	3
11.882	3
12.081	3
12.096	3
12.385	3
12.485	3
12.667	3
13.205	3
13.327	3
13.369	3
13.465	3
13.616	3
13.644	3
13.707	3
13.751	3
13.79	3
13.913	3
13.971	3
14.313	3
14.428	3
14.504	3
14.524	3
14.545	3
14.62	3
14.671	3
14.805	3
15.084	3
15.77	3
16.707	3
16.752	3
17.208	3
17.305	3
17.362	3
17.812	3
18.08	3
18.085	3
18.429	3
18.855	3
18.929	3
18.99	3
19.702	3
20.503	3
20.506	3
23.868	3
24.058	3
24.109	3
24.361	3
24.643	3
24.646	3
24.678	3
25.018	3
25.349	3
26.863	3
34.936	3
47.151	3
0.0	1
0.001	1
0.002	1
0.002	1
0.002	1
0.003	1
0.003	1
0.003	1
0.004	1
0.004	1
0.004	1
0.005	1
0.007	1
0.007	1
0.008	1
0.008	1
0.008	1
0.008	1
0.008	1
0.009	1
0.009	1
0.01	1
0.01	1
0.011	1
0.011	1
0.011	1
0.011	1
0.012	1
0.012	1
0.012	1
0.013	1
0.013	1
0.013	1
0.013	1
0.014	1
0.015	1
0.015	1
0.017	1
0.019	1
0.027	1
0.035	1
0.043	1
0.052	1
0.054	1
0.068	1
0.069	1
0.076	1
0.085	1
0.094	1
0.115	2
0.119	2
0.123	2
0.128	2
0.132	2
0.133	2
0.134	2
0.137	2
0.14	2
0.147	2
0.148	2
0.151	2
0.152	2
0.154	2
0.154	2
0.162	2
0.169	2
0.171	2
0.174	2
0.176	2
0.176	2
0.18	2
0.181	2
0.183	2
0.186	2
0.186	2
0.187	2
0.192	2
0.196	2
0.199	2
0.199	2
0.201	2
0.201	2
0.207	2
0.215	2
0.217	2
0.219	2
0.227	2
0.227	2
0.23	2
0.233	2
0.236	2
0.236	2
0.238	2
0.239	2
0.239	2
0.239	2
0.244	2
0.247	2
0.251	2
0.251	2
0.262	2
0.263	2
0.263	2
0.266	2
0.267	2
0.268	2
0.276	2
0.276	2
0.281	2
0.286	2
0.287	2
0.293	2
0.295	2
0.296	2
0.3	2
0.306	2
0.31	2
0.32	2
0.332	2
0.333	2
0.335	2
0.34	2
0.341	2
0.343	2
0.355	2
0.356	2
0.356	2
0.377	2
0.38	3
0.38	3
0.386	3
0.387	3
0.387	3
0.392	3
0.394	3
0.397	3
0.401	3
0.403	3
0.403	3
0.405	3
0.408	3
0.418	3
0.426	3
0.428	3
0.429	3
0.439	3
0.446	3
0.447	3
0.448	3
0.449	3
0.453	3
0.458	3
0.465	3
0.465	3
0.47	3
0.473	3
0.478	3
0.478	3
0.483	3
0.488	3
0.49	3
0.492	3
0.492	3
0.496	3
0.5	3
0.514	3
0.514	3
0.516	3
0.519	3
0.521	3
0.521	3
0.525	3
0.529	3
0.531	3
0.535	3
0.536	3
0.541	3
0.541	3
0.544	3
0.545	3
0.549	3
0.551	3
0.552	3
0.552	3
0.553	3
0.556	3
0.558	3
0.559	3
0.56	3
0.561	3
0.561	3
0.562	3
0.565	3
0.569	3
0.571	3
0.573	3
0.577	3
0.579	3
0.589	3
0.592	3
0.597	3
0.598	3
0.599	4
0.599	4
0.601	4
0.604	4
0.606	4
0.608	4
0.609	4
0.615	4
0.616	4
0.617	4
0.618	4
0.621	4
0.625	4
0.633	4
0.634	4
0.639	4
0.644	4
0.65	4
0.652	4
0.652	4
0.658	4
0.662	4
0.67	4
0.672	4
0.675	4
0.675	4
0.676	4
0.678	4
0.678	4
0.678	4
0.679	4
0.686	4
0.689	4
0.691	4
0.695	4
0.707	4
0.708	4
0.709	4
0.723	4
0.724	5
0.728	5
0.735	5
0.735	5
0.741	5
0.748	5
0.752	5
0.753	5
0.756	5
0.762	5
0.767	5
0.768	5
0.77	5
0.776	5
0.778	5
0.786	5
0.791	5
0.803	5
0.803	5
0.805	5
0.816	5
0.828	5
0.83	5
0.83	5
0.834	5
0.841	5
0.841	5
0.843	5
0.843	5
0.846	5
0.851	5
0.866	5
0.869	5
0.875	5
0.878	5
0.888	5
0.891	5
0.903	5
0.907	5
0.918	5
0.921	5
0.922	5
0.928	5
0.94	5
0.943	5
0.951	5
0.97	5
0.982	5
1.005	5
1.009	5
1.013	5
1.034	5
1.039	5
1.052	5
1.056	5
1.061	5
1.066	5
1.078	5
1.08	5
1.091	5
1.128	5
1.146	5
1.167	5
1.171	5
1.231	5
1.289	5
1.395	5
1.398	5
1.403	5
1.405	5
1.429	5
1.569	4
1.667	4
1.726	4
1.795	4
2.041	4
2.081	4
2.081	4
2.191	4
2.2	4
2.342	4
2.342	4
2.583	4
2.607	4
2.677	4
2.7	4
2.711	4
2.794	4
2.891	4
3.045	4
3.243	4
3.261	4
3.323	4
3.484	4
3.669	4
3.685	4
3.697	4
3.932	4
3.934	4
4.103	4
4.327	4
4.343	4
4.397	4
4.579	4
4.686	4
4.698	4
4.737	4
4.747	4
5.041	4
5.045	4
5.076	4
5.45	4
5.473	4
5.512	4
5.541	4
5.553	4
5.643	4
5.68	4
5.783	4
5.917	4
6.011	4
6.052	4
6.088	4
6.144	4
6.148	4
6.211	4
6.248	4
6.356	4
6.431	4
6.491	3
6.736	3
6.801	3
6.831	3
6.837	3
6.886	3
6.907	3
6.927	3
6.944	3
6.994	3
7.053	3
7.095	3
7.118	3
7.168	3
7.195	3
7.273	3
7.412	3
7.446	3
7.577	3
7.589	3
7.659	3
7.787	3
7.824	3
7.826	3
7.918	3
8.093	3
8.109	3
8.122	3
8.244	3
8.259	3
8.403	3
8.627	3
8.733	3
9.257	3
9.307	3
9.413	3
9.614	3
9.728	3
9.792	3
10.013	3
10.289	3
10.297	3
10.298	3
10.324	3
10.561	3
10.6	3
10.754	3
10.823	3
10.836	3
10.897	3
11.16	3
11.248	3
11.265	3
11.508	3
11.738	3
11.829	3
11.882	3
12.081	3
12.096	3
12.385	3
12.485	3
12.667	3
13.205	3
13.327	3
13.369	3
13.465	3
13.616	3
13.644	3
13.707	3
13.751	3
13.79	3
13.913	3
13.971	3
14.313	3
14.428	3
14.504	3
14.524	3
14.545	3
14.62	3
14.671	3
14.805	3
15.084	3
15.77	3
16.707	3
16.752	3
17.208	3
17.305	3
17.362	3
17.812	3
18.08	3
18.085	3
18.429	3
18.855	3
18.929	3
18.99	3
19.702	3
20.503	3
20.506	3
23.868	3
24.058	3
24.109	3
24.361	3
24.643	3
24.646	3
24.678	3
25.018	3
25.349	3
26.863	3
34.936	3
47.151	3
0.0	1
0.001	1
0.001	1
0.001	1
0.002	1
0.002	1
0.002	1
0.003	1
0.003	1
0.003	1
0.004	1
0.006	1
0.006	1
0.007	1
0.007	1
0.007	1
0.007	1
0.007	1
0.008	1
0.008	1
0.009	1
0.009	1
0.01	1
0.01	1
0.01	1
0.01	1
0.011	1
0.011	1
0.011	1
0.012	1
0.012	1
0.012	1
0.012	1
0.013	1
0.014	1
0.014	1
0.016	1
0.018	1
0.026	1
0.034	1
0.042	1
0.051	1
0.053	1
0.067	1
0.068	1
0.075	1
0.084	1
0.093	1
0.114	1
0.118	1
0.122	1
0.127	1
0.131	1
0.132	1
0.133	1
0.136	1
0.139	1
0.146	2
0.147	2
0.15	2
0.151	2
0.153	2
0.153	2
0.161	2
0.168	2
0.17	2
0.173	2
0.175	2
0.175	2
0.179	2
0.18	2
0.182	2
0.185	2
0.185	2
0.186	2
0.191	2
0.195	2
0.198	2
0.198	2
0.2	2
0.2	3
0.206	3
0.214	3
0.216	3
0.218	4
0.226	4
0.226	4
0.229	4
0.232	4
0.235	4
0.235	4
0.237	4
0.238	4
0.238	4
0.238	4
0.243	4
0.246	4
0.25	4
0.25	4
0.261	5
0.262	5
0.262	5
0.265	5
0.266	5
0.267	5
0.275	5
0.275	5
0.28	5
0.285	5
0.286	5
0.292	5
0.294	5
0.295	5
0.299	5
0.305	5
0.309	5
0.319	5
0.331	5
0.332	5
0.334	5
0.339	5
0.34	5
0.342	5
0.354	5
0.355	5
0.355	5
0.376	5
0.379	5
0.379	5
0.385	5
0.386	5
0.386	5
0.391	5
0.393	5
0.396	5
0.4	5
0.402	5
0.402	5
0.404	5
0.407	5
0.417	5
0.425	5
0.427	5
0.428	5
0.438	5
0.445	5
0.446	5
0.447	5
0.448	5
0.452	5
0.457	5
0.464	5
0.464	5
0.469	5
0.472	5
0.477	5
0.477	5
0.482	5
0.487	5
0.489	5
0.491	5
0.491	5
0.495	5
0.499	5
0.513	5
0.513	5
0.515	5
0.518	5
0.52	5
0.52	5
0.524	5
0.528	5
0.53	5
0.534	5
0.535	5
0.54	5
0.54	5
0.543	5
0.544	5
0.548	5
0.55	5
0.551	5
0.551	5
0.552	5
0.555	5
0.557	5
0.558	5
0.559	5
0.56	5
0.56	5
0.561	5
0.564	5
0.568	5
0.57	5
0.572	5
0.576	5
0.578	5
0.588	5
0.591	5
0.596	5
0.597	5
0.598	5
0.598	5
0.6	5
0.603	5
0.605	5
0.607	5
0.608	5
0.614	5
0.615	5
0.616	5
0.617	5
0.62	5
0.624	5
0.632	5
0.633	5
0.638	5
0.643	5
0.649	5
0.651	5
0.651	5
0.657	5
0.661	5
0.669	5
0.671	5
0.674	5
0.674	5
0.675	5
0.677	5
0.677	5
0.677	5
0.678	5
0.685	5
0.688	5
0.69	5
0.694	5
0.706	5
0.707	5
0.708	5
0.722	5
0.723	5
0.727	5
0.734	5
0.734	5
0.74	5
0.747	5
0.751	5
0.752	5
0.755	5
0.761	5
0.766	5
0.767	5
0.769	5
0.775	5
0.777	5
0.785	5
0.79	5
0.802	5
0.802	5
0.804	5
0.815	5
0.827	5
0.829	5
0.829	5
0.833	5
0.84	5
0.84	5
0.842	5
0.842	5
0.845	5
0.85	5
0.865	5
0.868	5
0.874	5
0.877	5
0.887	5
0.89	5
0.902	5
0.906	5
0.917	5
0.92	5
0.921	5
0.927	5
0.939	5
0.942	5
0.95	5
0.969	5
0.981	5
1.004	5
1.008	5
1.012	5
1.033	5
1.038	5
1.051	5
1.055	5
1.06	5
1.065	5
1.077	5
1.079	5
1.09	5
1.127	5
1.145	5
1.166	5
1.17	5
1.23	5
1.288	5
1.394	5
1.397	5
1.402	5
1.404	5
1.428	5
1.568	5
1.666	5
1.725	5
1.794	5
2.04	5
2.08	5
2.08	5
2.19	5
2.199	5
2.341	5
2.341	5
2.582	5
2.606	5
2.676	5
2.699	5
2.71	5
2.793	5
2.89	5
3.044	5
3.242	5
3.26	5
3.322	5
3.483	5
3.668	5
3.684	5
3.696	5
3.931	5
3.933	5
4.102	5
4.326	5
4.342	5
4.396	5
4.578	5
4.685	5
4.697	5
4.736	5
4.746	5
5.04	5
5.044	5
5.075	5
5.449	5
5.472	5
5.511	5
5.54	5
5.552	5
5.642	5
5.679	5
5.782	5
5.916	5
6.01	5
6.051	5
6.087	5
6.143	5
6.147	5
6.21	5
6.247	5
6.355	4
6.43	4
6.49	4
6.735	4
6.8	4
6.83	4
6.836	4
6.885	4
6.906	4
6.926	4
6.943	4
6.993	4
7.052	4
7.094	4
7.117	4
7.167	4
7.194	4
7.272	4
7.411	4
7.445	4
7.576	4
7.588	4
7.658	4
7.786	4
7.823	4
7.825	4
7.917	4
8.092	4
8.108	4
8.121	4
8.243	4
8.258	4
8.402	4
8.626	4
8.732	4
9.256	4
9.306	4
9.412	4
9.613	4
9.727	4
9.791	4
10.012	4
10.288	4
10.296	4
10.297	4
10.323	4
10.56	4
10.599	4
10.753	4
10.822	4
10.835	4
10.896	4
11.159	4
11.247	4
11.264	4
11.507	4
11.737	4
11.828	4
11.881	4
12.08	4
12.095	4
12.384	4
12.484	4
12.666	4
13.204	4
13.326	4
13.368	4
13.464	4
13.615	3
13.643	3
13.706	3
13.75	3
13.789	3
13.912	3
13.97	3
14.312	3
14.427	3
14.503	3
14.523	3
14.544	3
14.619	3
14.67	3
14.804	3
15.083	3
15.769	3
16.706	3
16.751	3
17.207	3
17.304	3
17.361	3
17.811	3
18.079	3
18.084	3
18.428	3
18.854	3
18.928	3
18.989	3
19.701	3
20.502	3
20.505	3
23.867	3
24.057	3
24.108	3
24.36	3
24.642	3
24.645	3
24.677	3
25.017	3
25.348	3
26.862	3
34.935	3
47.15	3
0.0	1
0.0	1
0.0	1
0.001	1
0.001	1
0.001	1
0.002	1
0.002	1
0.002	1
0.003	1
0.005	1
0.005	1
0.006	1
0.006	1
0.006	1
0.006	1
0.006	1
0.007	1
0.007	1
0.008	1
0.008	1
0.009	1
0.009	1
0.009	1
0.009	1
0.01	1
0.01	1
0.01	1
0.011	1
0.011	1
0.011	1
0.011	1
0.012	1
0.013	1
0.013	1
0.015	1
0.017	1
0.025	1
0.033	1
0.041	1
0.05	1
0.052	1
0.066	1
0.067	1
0.074	1
0.083	1
0.092	1
0.113	1
0.117	1
0.121	1
0.126	1
0.13	1
0.131	1
0.132	1
0.135	1
0.138	1
0.145	1
0.146	1
0.149	1
0.15	1
0.152	1
0.152	1
0.16	1
0.167	1
0.169	1
0.172	1
0.174	1
0.174	1
0.178	1
0.179	1
0.181	1
0.184	1
0.184	1
0.185	1
0.19	1
0.194	1
0.197	1
0.197	1
0.199	1
0.199	1
0.205	1
0.213	1
0.215	1
0.217	1
0.225	1
0.225	1
0.228	1
0.231	1
0.234	1
0.234	1
0.236	1
0.237	1
0.237	1
0.237	1
0.242	1
0.245	1
0.249	1
0.249	1
0.26	1
0.261	1
0.261	1
0.264	1
0.265	1
0.266	1
0.274	1
0.274	1
0.279	1
0.284	1
0.285	1
0.291	1
0.293	1
0.294	1
0.298	1
0.304	1
0.308	1
0.318	1
0.33	1
0.331	1
0.333	1
0.338	1
0.339	1
0.341	1
0.353	1
0.354	2
0.354	2
0.375	2
0.378	2
0.378	2
0.384	2
0.385	2
0.385	2
0.39	2
0.392	2
0.395	2
0.399	2
0.401	2
0.401	2
0.403	2
0.406	2
0.416	2
0.424	2
0.426	2
0.427	2
0.437	2
0.444	2
0.445	2
0.446	2
0.447	2
0.451	2
0.456	2
0.463	2
0.463	2
0.468	2
0.471	2
0.476	2
0.476	2
0.481	3
0.486	3
0.488	3
0.49	3
0.49	3
0.494	3
0.498	3
0.512	3
0.512	3
0.514	3
0.517	3
0.519	3
0.519	3
0.523	3
0.527	3
0.529	3
0.533	3
0.534	3
0.539	3
0.539	3
0.542	3
0.543	3
0.547	3
0.549	4
0.55	4
0.55	4
0.551	4
0.554	5
0.556	5
0.557	5
0.558	5
0.559	5
0.559	5
0.56	5
0.563	5
0.567	5
0.569	5
0.571	5
0.575	5
0.577	5
0.587	5
0.59	6
0.595	6
0.596	6
0.597	6
0.597	6
0.599	6
0.602	7
0.604	7
0.606	7
0.607	7
0.613	7
0.614	7
0.615	7
0.616	7
0.619	7
0.623	7
0.631	7
0.632	7
0.637	7
0.642	7
0.648	7
0.65	7
0.65	7
0.656	7
0.66	7
0.668	7
0.67	7
0.673	7
0.673	7
0.674	7
0.676	7
0.676	7
0.676	7
0.677	7
0.684	7
0.687	7
0.689	7
0.693	7
0.705	7
0.706	7
0.707	7
0.721	7
0.722	7
0.726	7
0.733	7
0.733	7
0.739	7
0.746	7
0.75	7
0.751	7
0.754	7
0.76	7
0.765	7
0.766	7
0.768	7
0.774	7
0.776	7
0.784	7
0.789	7
0.801	7
0.801	7
0.803	7
0.814	7
0.826	7
0.828	7
0.828	7
0.832	7
0.839	7
0.839	7
0.841	7
0.841	7
0.844	7
0.849	7
0.864	7
0.867	7
0.873	7
0.876	7
0.886	7
0.889	7
0.901	7
0.905	7
0.916	7
0.919	7
0.92	7
0.926	7
0.938	7
0.941	7
0.949	7
0.968	7
0.98	7
1.003	7
1.007	7
1.011	7
1.032	7
1.037	7
1.05	7
1.054	7
1.059	7
1.064	7
1.076	7
1.078	7
1.089	7
1.126	7
1.144	7
1.165	7
1.169	7
1.229	7
1.287	7
1.393	7
1.396	7
1.401	7
1.403	7
1.427	7
1.567	7
1.665	7
1.724	7
1.793	7
2.039	7
2.079	7
2.079	7
2.189	7
2.198	7
2.34	7
2.34	7
2.581	7
2.605	7
2.675	7
2.698	7
2.709	7
2.792	7
2.889	7
3.043	7
3.241	7
3.259	7
3.321	7
3.482	7
3.667	7
3.683	6
3.695	6
3.93	6
3.932	6
4.101	6
4.325	6
4.341	6
4.395	6
4.577	6
4.684	6
4.696	6
4.735	6
4.745	6
5.039	6
5.043	5
5.074	5
5.448	5
5.471	5
5.51	5
5.539	5
5.551	5
5.641	5
5.678	5
5.781	5
5.915	5
6.009	5
6.05	5
6.086	5
6.142	5
6.146	5
6.209	5
6.246	5
6.354	5
6.429	5
6.489	5
6.734	5
6.799	5
6.829	5
6.835	5
6.884	5
6.905	5
6.925	5
6.942	5
6.992	5
7.051	5
7.093	5
7.116	5
7.166	5
7.193	5
7.271	5
7.41	5
7.444	5
7.575	5
7.587	5
7.657	5
7.785	5
7.822	5
7.824	5
7.916	5
8.091	5
8.107	5
8.12	5
8.242	5
8.257	5
8.401	5
8.625	5
8.731	5
9.255	5
9.305	5
9.411	5
9.612	5
9.726	5
9.79	5
10.011	5
10.287	5
10.295	5
10.296	5
10.322	5
10.559	5
10.598	5
10.752	5
10.821	5
10.834	5
10.895	5
11.158	5
11.246	5
11.263	5
11.506	4
11.736	4
11.827	4
11.88	4
12.079	4
12.094	4
12.383	4
12.483	4
12.665	4
13.203	4
13.325	4
13.367	4
13.463	4
13.614	4
13.642	4
13.705	4
13.749	4
13.788	4
13.911	4
13.969	4
14.311	4
14.426	3
14.502	3
14.522	3
14.543	3
14.618	3
14.669	3
14.803	3
15.082	3
15.768	3
16.705	3
16.75	3
17.206	3
17.303	3
17.36	3
17.81	3
18.078	3
18.083	3
18.427	3
18.853	3
18.927	3
18.988	3
19.7	3
20.501	3
20.504	3
23.866	3
24.056	3
24.107	3
24.359	3
24.641	3
24.644	3
24.676	3
25.016	3
25.347	3
26.861	3
34.934	3
47.149	3
0.0	1
0.0	1
0.001	1
0.001	1
0.001	1
0.002	1
0.002	1
0.002	1
0.003	1
0.005	1
0.005	1
0.006	1
0.006	1
0.006	1
0.006	1
0.006	1
0.007	1
0.007	1
0.008	1
0.008	1
0.009	1
0.009	1
0.009	1
0.009	1
0.01	1
0.01	1
0.01	1
0.011	1
0.011	1
0.011	1
0.011	1
0.012	1
0.013	1
0.013	1
0.015	1
0.017	1
0.025	1
0.033	1
0.041	1
0.05	1
0.052	1
0.066	1
0.067	1
0.074	1
0.083	1
0.092	1
0.113	1
0.117	1
0.121	1
0.126	1
0.13	1
0.131	1
0.132	1
0.135	1
0.138	1
0.145	1
0.146	1
0.149	1
0.15	1
0.152	1
0.152	1
0.16	1
0.167	1
0.169	1
0.172	1
0.174	1
0.174	1
0.178	1
0.179	1
0.181	1
0.184	1
0.184	1
0.185	1
0.19	1
0.194	1
0.197	2
0.197	2
0.199	2
0.199	2
0.205	2
0.213	3
0.215	3
0.217	3
0.225	3
0.225	3
0.228	3
0.231	3
0.234	3
0.234	3
0.236	3
0.237	3
0.237	3
0.237	3
0.242	3
0.245	3
0.249	3
0.249	3
0.26	3
0.261	3
0.261	4
0.264	4
0.265	4
0.266	4
0.274	4
0.274	4
0.279	4
0.284	4
0.285	4
0.291	4
0.293	4
0.294	4
0.298	4
0.304	4
0.308	4
0.318	4
0.33	4
0.331	4
0.333	4
0.338	4
0.339	4
0.341	4
0.353	4
0.354	4
0.354	4
0.375	4
0.378	4
0.378	4
0.384	4
0.385	4
0.385	4
0.39	4
0.392	4
0.395	4
0.399	4
0.401	4
0.401	4
0.403	4
0.406	4
0.416	4
0.424	4
0.426	4
0.427	4
0.437	4
0.444	4
0.445	4
0.446	4
0.447	4
0.451	4
0.456	4
0.463	4
0.463	4
0.468	4
0.471	4
0.476	4
0.476	4
0.481	4
0.486	4
0.488	4
0.49	4
0.49	4
0.494	4
0.498	4
0.512	4
0.512	4
0.514	4
0.517	4
0.519	4
0.519	4
0.523	4
0.527	4
0.529	4
0.533	4
0.534	4
0.539	4
0.539	4
0.542	4
0.543	4
0.547	4
0.549	4
0.55	4
0.55	4
0.551	4
0.554	4
0.556	4
0.557	4
0.558	4
0.559	4
0.559	4
0.56	4
0.563	4
0.567	4
0.569	4
0.571	4
0.575	4
0.577	4
0.587	4
0.59	4
0.595	4
0.596	4
0.597	4
0.597	4
0.599	4
0.602	4
0.604	4
0.606	4
0.607	4
0.613	4
0.614	4
0.615	4
0.616	4
0.619	4
0.623	4
0.631	4
0.632	4
0.637	4
0.642	4
0.648	4
0.65	4
0.65	4
0.656	4
0.66	4
0.668	4
0.67	4
0.673	4
0.673	4
0.674	4
0.676	4
0.676	4
0.676	4
0.677	4
0.684	4
0.687	4
0.689	4
0.693	4
0.705	4
0.706	4
0.707	4
0.721	4
0.722	4
0.726	4
0.733	4
0.733	4
0.739	4
0.746	4
0.75	4
0.751	5
0.754	5
0.76	5
0.765	5
0.766	5
0.768	5
0.774	5
0.776	5
0.784	5
0.789	5
0.801	5
0.801	5
0.803	5
0.814	5
0.826	5
0.828	5
0.828	5
0.832	5
0.839	5
0.839	5
0.841	5
0.841	5
0.844	5
0.849	5
0.864	5
0.867	5
0.873	5
0.876	5
0.886	5
0.889	5
0.901	5
0.905	5
0.916	5
0.919	5
0.92	5
0.926	5
0.938	5
0.941	5
0.949	5
0.968	5
0.98	5
1.003	5
1.007	5
1.011	5
1.032	5
1.037	5
1.05	5
1.054	5
1.059	5
1.064	5
1.076	5
1.078	5
1.089	5
1.126	5
1.144	5
1.165	5
1.169	5
1.229	5
1.287	5
1.393	5
1.396	5
1.401	5
1.403	5
1.427	5
1.567	5
1.665	5
1.724	5
1.793	5
2.039	5
2.079	5
2.079	5
2.189	5
2.198	5
2.34	5
2.34	5
2.581	5
2.605	5
2.675	5
2.698	5
2.709	5
2.792	5
2.889	5
3.043	5
3.241	5
3.259	5
3.321	5
3.482	5
3.667	5
3.683	5
3.695	5
3.93	5
3.932	5
4.101	5
4.325	5
4.341	5
4.395	5
4.577	5
4.684	5
4.696	5
4.735	5
4.745	5
5.039	5
5.043	5
5.074	5
5.448	5
5.471	5
5.51	5
5.539	5
5.551	5
5.641	5
5.678	5
5.781	5
5.915	4
6.009	4
6.05	4
6.086	4
6.142	4
6.146	4
6.209	4
6.246	4
6.354	4
6.429	4
6.489	4
6.734	4
6.799	4
6.829	4
6.835	4
6.884	4
6.905	4
6.925	4
6.942	4
6.992	4
7.051	4
7.093	4
7.116	4
7.166	4
7.193	4
7.271	4
7.41	4
7.444	4
7.575	4
7.587	4
7.657	4
7.785	4
7.822	4
7.824	3
7.916	3
8.091	3
8.107	3
8.12	3
8.242	3
8.257	3
8.401	3
8.625	3
8.731	3
9.255	3
9.305	3
9.411	3
9.612	3
9.726	3
9.79	3
10.011	3
10.287	3
10.295	3
10.296	3
10.322	3
10.559	3
10.598	3
10.752	3
10.821	3
10.834	3
10.895	3
11.158	3
11.246	3
11.263	3
11.506	3
11.736	3
11.827	3
11.88	3
12.079	3
12.094	3
12.383	3
12.483	3
12.665	3
13.203	3
13.325	3
13.367	3
13.463	3
13.614	3
13.642	3
13.705	3
13.749	3
13.788	3
13.911	3
13.969	3
14.311	3
14.426	3
14.502	3
14.522	3
14.543	3
14.618	3
14.669	3
14.803	3
15.082	3
15.768	3
16.705	3
16.75	3
17.206	3
17.303	3
17.36	3
17.81	3
18.078	3
18.083	3
18.427	3
18.853	3
18.927	3
18.988	3
19.7	3
20.501	3
20.504	3
23.866	3
24.056	3
24.107	3
24.359	3
24.641	3
24.644	3
24.676	3
25.016	3
25.347	3
26.861	3
34.934	3
47.149	3
0.0	1
0.0	1
0.0	1
0.001	1
0.001	1
0.001	1
0.002	1
0.004	1
0.004	1
0.005	1
0.005	1
0.005	1
0.005	1
0.005	1
0.006	1
0.006	1
0.007	1
0.007	1
0.008	1
0.008	1
0.008	1
0.008	1
0.009	1
0.009	1
0.009	1
0.01	1
0.01	1
0.01	1
0.01	1
0.011	1
0.012	1
0.012	1
0.014	1
0.016	1
0.024	1
0.032	1
0.04	1
0.049	1
0.051	1
0.065	1
0.066	1
0.073	1
0.082	1
0.091	1
0.112	1
0.116	1
0.12	1
0.125	1
0.129	1
0.13	1
0.131	1
0.134	1
0.137	1
0.144	1
0.145	1
0.148	1
0.149	1
0.151	1
0.151	1
0.159	1
0.166	1
0.168	1
0.171	1
0.173	1
0.173	1
0.177	1
0.178	1
0.18	1
0.183	1
0.183	1
0.184	1
0.189	1
0.193	1
0.196	1
0.196	1
0.198	1
0.198	1
0.204	1
0.212	1
0.214	1
0.216	1
0.224	2
0.224	2
0.227	2
0.23	2
0.233	2
0.233	2
0.235	2
0.236	2
0.236	2
0.236	2
0.241	2
0.244	2
0.248	2
0.248	2
0.259	2
0.26	2
0.26	2
0.263	2
0.264	2
0.265	2
0.273	2
0.273	2
0.278	2
0.283	2
0.284	2
0.29	2
0.292	2
0.293	2
0.297	2
0.303	2
0.307	2
0.317	2
0.329	2
0.33	2
0.332	2
0.337	2
0.338	2
0.34	2
0.352	2
0.353	2
0.353	2
0.374	2
0.377	2
0.377	2
0.383	2
0.384	2
0.384	2
0.389	2
0.391	2
0.394	2
0.398	2
0.4	2
0.4	2
0.402	2
0.405	2
0.415	2
0.423	2
0.425	2
0.426	2
0.436	2
0.443	2
0.444	2
0.445	3
0.446	3
0.45	3
0.455	3
0.462	3
0.462	3
0.467	3
0.47	3
0.475	3
0.475	3
0.48	3
0.485	3
0.487	3
0.489	3
0.489	3
0.493	3
0.497	3
0.511	3
0.511	3
0.513	3
0.516	3
0.518	3
0.518	3
0.522	3
0.526	3
0.528	3
0.532	3
0.533	3
0.538	3
0.538	3
0.541	3
0.542	3
0.546	3
0.548	3
0.549	3
0.549	3
0.55	3
0.553	3
0.555	3
0.556	3
0.557	3
0.558	3
0.558	3
0.559	3
0.562	3
0.566	3
0.568	3
0.57	3
0.574	3
0.576	3
0.586	3
0.589	3
0.594	3
0.595	3
0.596	3
0.596	3
0.598	3
0.601	3
0.603	3
0.605	3
0.606	3
0.612	3
0.613	3
0.614	3
0.615	3
0.618	3
0.622	3
0.63	3
0.631	3
0.636	3
0.641	3
0.647	3
0.649	3
0.649	3
0.655	3
0.659	3
0.667	3
0.669	3
0.672	3
0.672	3
0.673	3
0.675	3
0.675	3
0.675	3
0.676	3
0.683	3
0.686	3
0.688	3
0.692	3
0.704	3
0.705	3
0.706	3
0.72	3
0.721	3
0.725	3
0.732	3
0.732	3
0.738	3
0.745	3
0.749	3
0.75	3
0.753	3
0.759	3
0.764	3
0.765	3
0.767	3
0.773	3
0.775	3
0.783	3
0.788	3
0.8	3
0.8	3
0.802	3
0.813	3
0.825	3
0.827	3
0.827	3
0.831	3
0.838	3
0.838	3
0.84	3
0.84	3
0.843	3
0.848	3
0.863	3
0.866	3
0.872	3
0.875	3
0.885	3
0.888	3
0.9	3
0.904	3
0.915	3
0.918	3
0.919	3
0.925	3
0.937	3
0.94	3
0.948	3
0.967	3
0.979	3
1.002	3
1.006	3
1.01	3
1.031	3
1.036	3
1.049	3
1.053	3
1.058	3
1.063	3
1.075	3
1.077	3
1.088	3
1.125	3
1.143	3
1.164	3
1.168	3
1.228	3
1.286	3
1.392	3
1.395	3
1.4	3
1.402	3
1.426	3
1.566	3
1.664	3
1.723	3
1.792	3
2.038	3
2.078	3
2.078	3
2.188	3
2.197	3
2.339	3
2.339	3
2.58	3
2.604	3
2.674	3
2.697	3
2.708	3
2.791	3
2.888	3
3.042	3
3.24	3
3.258	3
3.32	3
3.481	3
3.666	3
3.682	3
3.694	3
3.929	3
3.931	3
4.1	3
4.324	3
4.34	3
4.394	3
4.576	3
4.683	3
4.695	3
4.734	3
4.744	3
5.038	3
5.042	3
5.073	3
5.447	3
5.47	3
5.509	3
5.538	3
5.55	3
5.64	3
5.677	3
5.78	3
5.914	3
6.008	3
6.049	3
6.085	3
6.141	3
6.145	3
6.208	3
6.245	3
6.353	3
6.428	3
6.488	3
6.733	3
6.798	3
6.828	3
6.834	3
6.883	3
6.904	3
6.924	3
6.941	3
6.991	3
7.05	3
7.092	3
7.115	3
7.165	3
7.192	3
7.27	3
7.409	3
7.443	3
7.574	3
7.586	3
7.656	3
7.784	3
7.821	3
7.823	3
7.915	3
8.09	3
8.106	3
8.119	3
8.241	3
8.256	3
8.4	3
8.624	3
8.73	3
9.254	3
9.304	3
9.41	3
9.611	3
9.725	3
9.789	3
10.01	3
10.286	3
10.294	3
10.295	3
10.321	3
10.558	3
10.597	3
10.751	3
10.82	3
10.833	3
10.894	3
11.157	3
11.245	3
11.262	3
11.505	3
11.735	3
11.826	3
11.879	3
12.078	3
12.093	3
12.382	3
12.482	3
12.664	3
13.202	3
13.324	3
13.366	3
13.462	3
13.613	3
13.641	3
13.704	3
13.748	3
13.787	3
13.91	3
13.968	3
14.31	3
14.425	3
14.501	3
14.521	3
14.542	3
14.617	3
14.668	3
14.802	3
15.081	3
15.767	3
16.704	3
16.749	3
17.205	3
17.302	3
17.359	3
17.809	3
18.077	3
18.082	3
18.426	3
18.852	3
18.926	3
18.987	3
19.699	3
20.5	3
20.503	3
23.865	3
24.055	3
24.106	3
24.358	3
24.64	3
24.643	3
24.675	3
25.015	3
25.346	3
26.86	3
34.933	3
47.148	3
0.0	1
0.0	1
0.001	1
0.001	1
0.001	1
0.002	1
0.004	1
0.004	1
0.005	1
0.005	1
0.005	1
0.005	1
0.005	1
0.006	1
0.006	1
0.007	1
0.007	1
0.008	1
0.008	1
0.008	1
0.008	1
0.009	1
0.009	1
0.009	1
0.01	1
0.01	1
0.01	1
0.01	1
0.011	1
0.012	1
0.012	1
0.014	1
0.016	2
0.024	2
0.032	2
0.04	2
0.049	2
0.051	2
0.065	2
0.066	2
0.073	2
0.082	2
0.091	2
0.112	2
0.116	2
0.12	2
0.125	2
0.129	2
0.13	2
0.131	2
0.134	2
0.137	2
0.144	2
0.145	2
0.148	2
0.149	2
0.151	2
0.151	2
0.159	2
0.166	2
0.168	2
0.171	2
0.173	2
0.173	2
0.177	2
0.178	2
0.18	2
0.183	2
0.183	2
0.184	2
0.189	2
0.193	2
0.196	2
0.196	2
0.198	2
0.198	2
0.204	2
0.212	2
0.214	2
0.216	2
0.224	2
0.224	2
0.227	2
0.23	2
0.233	2
0.233	2
0.235	2
0.236	2
0.236	2
0.236	2
0.241	2
0.244	2
0.248	2
0.248	2
0.259	2
0.26	2
0.26	2
0.263	2
0.264	2
0.265	2
0.273	2
0.273	2
0.278	2
0.283	2
0.284	2
0.29	2
0.292	2
0.293	2
0.297	2
0.303	2
0.307	2
0.317	2
0.329	2
0.33	2
0.332	2
0.337	2
0.338	2
0.34	2
0.352	2
0.353	2
0.353	2
0.374	2
0.377	2
0.377	2
0.383	2
0.384	2
0.384	2
0.389	2
0.391	2
0.394	2
0.398	2
0.4	2
0.4	2
0.402	2
0.405	2
0.415	2
0.423	2
0.425	2
0.426	2
0.436	2
0.443	2
0.444	2
0.445	2
0.446	2
0.45	2
0.455	2
0.462	2
0.462	2
0.467	2
0.47	2
0.475	2
0.475	2
0.48	2
0.485	2
0.487	2
0.489	2
0.489	2
0.493	2
0.497	2
0.511	2
0.511	2
0.513	2
0.516	2
0.518	2
0.518	2
0.522	2
0.526	2
0.528	2
0.532	2
0.533	2
0.538	2
0.538	2
0.541	2
0.542	2
0.546	2
0.548	2
0.549	2
0.549	2
0.55	2
0.553	2
0.555	2
0.556	2
0.557	2
0.558	2
0.558	2
0.559	2
0.562	2
0.566	2
0.568	2
0.57	2
0.574	2
0.576	2
0.586	2
0.589	2
0.594	2
0.595	2
0.596	2
0.596	2
0.598	2
0.601	2
0.603	2
0.605	2
0.606	2
0.612	2
0.613	2
0.614	2
0.615	2
0.618	2
0.622	2
0.63	2
0.631	2
0.636	2
0.641	2
0.647	2
0.649	3
0.649	3
0.655	3
0.659	3
0.667	3
0.669	3
0.672	3
0.672	3
0.673	3
0.675	3
0.675	3
0.675	3
0.676	3
0.683	3
0.686	3
0.688	3
0.692	3
0.704	3
0.705	3
0.706	3
0.72	3
0.721	3
0.725	3
0.732	3
0.732	3
0.738	3
0.745	3
0.749	3
0.75	3
0.753	3
0.759	3
0.764	3
0.765	3
0.767	3
0.773	3
0.775	3
0.783	3
0.788	3
0.8	3
0.8	3
0.802	3
0.813	3
0.825	3
0.827	3
0.827	3
0.831	3
0.838	4
0.838	4
0.84	4
0.84	4
0.843	4
0.848	4
0.863	4
0.866	4
0.872	4
0.875	4
0.885	4
0.888	4
0.9	4
0.904	4
0.915	5
0.918	6
0.919	6
0.925	6
0.937	6
0.94	6
0.948	6
0.967	6
0.979	6
1.002	6
1.006	6
1.01	6
1.031	6
1.036	6
1.049	6
1.053	6
1.058	6
1.063	6
1.075	6
1.077	6
1.088	6
1.125	6
1.143	6
1.164	6
1.168	6
1.228	6
1.286	6
1.392	6
1.395	6
1.4	6
1.402	6
1.426	6
1.566	6
1.664	6
1.723	6
1.792	6
2.038	6
2.078	6
2.078	6
2.188	6
2.197	6
2.339	6
2.339	6
2.58	6
2.604	6
2.674	6
2.697	6
2.708	6
2.791	6
2.888	6
3.042	6
3.24	6
3.258	6
3.32	5
3.481	5
3.666	5
3.682	5
3.694	5
3.929	5
3.931	5
4.1	4
4.324	4
4.34	4
4.394	4
4.576	4
4.683	4
4.695	4
4.734	4
4.744	4
5.038	4
5.042	4
5.073	4
5.447	4
5.47	4
5.509	4
5.538	4
5.55	4
5.64	4
5.677	4
5.78	4
5.914	4
6.008	4
6.049	4
6.085	4
6.141	4
6.145	4
6.208	4
6.245	4
6.353	4
6.428	4
6.488	4
6.733	4
6.798	4
6.828	4
6.834	4
6.883	4
6.904	4
6.924	4
6.941	4
6.991	4
7.05	4
7.092	4
7.115	3
7.165	3
7.192	3
7.27	3
7.409	3
7.443	3
7.574	3
7.586	3
7.656	3
7.784	3
7.821	3
7.823	3
7.915	3
8.09	3
8.106	3
8.119	3
8.241	3
8.256	3
8.4	3
8.624	3
8.73	3
9.254	3
9.304	3
9.41	3
9.611	3
9.725	3
9.789	3
10.01	3
10.286	3
10.294	3
10.295	3
10.321	3
10.558	3
10.597	3
10.751	3
10.82	3
10.833	3
10.894	3
11.157	3
11.245	3
11.262	3
11.505	3
11.735	3
11.826	3
11.879	3
12.078	3
12.093	3
12.382	3
12.482	3
12.664	3
13.202	3
13.324	3
13.366	3
13.462	3
13.613	3
13.641	3
13.704	3
13.748	3
13.787	3
13.91	3
13.968	3
14.31	3
14.425	3
14.501	3
14.521	3
14.542	3
14.617	3
14.668	3
14.802	3
15.081	3
15.767	3
16.704	3
16.749	3
17.205	3
17.302	3
17.359	3
17.809	3
18.077	3
18.082	3
18.426	3
18.852	3
18.926	3
18.987	3
19.699	3
20.5	3
20.503	3
23.865	3
24.055	3
24.106	3
24.358	3
24.64	3
24.643	3
24.675	3
25.015	3
25.346	3
26.86	3
34.933	3
47.148	3
0.0	1
0.001	1
0.001	1
0.001	1
0.002	1
0.004	1
0.004	1
0.005	1
0.005	1
0.005	1
0.005	1
0.005	1
0.006	1
0.006	1
0.007	1
0.007	1
0.008	1
0.008	1
0.008	1
0.008	1
0.009	1
0.009	1
0.009	1
0.01	1
0.01	1
0.01	1
0.01	1
0.011	1
0.012	1
0.012	1
0.014	1
0.016	1
0.024	1
0.032	1
0.04	1
0.049	1
0.051	1
0.065	1
0.066	1
0.073	1
0.082	1
0.091	1
0.112	1
0.116	1
0.12	1
0.125	1
0.129	1
0.13	1
0.131	1
0.134	1
0.137	1
0.144	1
0.145	1
0.148	1
0.149	1
0.151	1
0.151	1
0.159	1
0.166	1
0.168	1
0.171	1
0.173	1
0.173	1
0.177	2
0.178	2
0.18	2
0.183	2
0.183	2
0.184	2
0.189	2
0.193	2
0.196	2
0.196	2
0.198	2
0.198	2
0.204	2
0.212	2
0.214	2
0.216	2
0.224	2
0.224	2
0.227	2
0.23	2
0.233	2
0.233	2
0.235	2
0.236	2
0.236	2
0.236	2
0.241	2
0.244	2
0.248	2
0.248	2
0.259	2
0.26	2
0.26	2
0.263	2
0.264	2
0.265	2
0.273	2
0.273	2
0.278	2
0.283	2
0.284	2
0.29	2
0.292	2
0.293	3
0.297	3
0.303	3
0.307	3
0.317	3
0.329	3
0.33	3
0.332	3
0.337	3
0.338	3
0.34	3
0.352	3
0.353	3
0.353	3
0.374	3
0.377	3
0.377	3
0.383	3
0.384	3
0.384	3
0.389	3
0.391	3
0.394	3
0.398	3
0.4	3
0.4	3
0.402	3
0.405	3
0.415	3
0.423	3
0.425	3
0.426	3
0.436	3
0.443	3
0.444	3
0.445	3
0.446	3
0.45	3
0.455	3
0.462	3
0.462	3
0.467	3
0.47	3
0.475	3
0.475	3
0.48	3
0.485	3
0.487	3
0.489	3
0.489	3
0.493	3
0.497	3
0.511	3
0.511	3
0.513	3
0.516	3
0.518	3
0.518	3
0.522	3
0.526	3
0.528	3
0.532	3
0.533	3
0.538	3
0.538	3
0.541	3
0.542	3
0.546	3
0.548	3
0.549	3
0.549	3
0.55	4
0.553	4
0.555	4
0.556	4
0.557	4
0.558	4
0.558	4
0.559	4
0.562	4
0.566	4
0.568	4
0.57	4
0.574	4
0.576	4
0.586	4
0.589	4
0.594	4
0.595	4
0.596	4
0.596	4
0.598	4
0.601	4
0.603	4
0.605	4
0.606	4
0.612	4
0.613	4
0.614	4
0.615	4
0.618	4
0.622	4
0.63	4
0.631	4
0.636	4
0.641	4
0.647	4
0.649	4
0.649	4
0.655	4
0.659	4
0.667	4
0.669	4
0.672	4
0.672	4
0.673	4
0.675	4
0.675	4
0.675	4
0.676	4
0.683	4
0.686	4
0.688	4
0.692	4
0.704	4
0.705	4
0.706	4
0.72	4
0.721	4
0.725	4
0.732	4
0.732	4
0.738	4
0.745	4
0.749	4
0.75	4
0.753	4
0.759	4
0.764	4
0.765	4
0.767	4
0.773	4
0.775	4
0.783	4
0.788	4
0.8	4
0.8	4
0.802	4
0.813	4
0.825	4
0.827	4
0.827	4
0.831	4
0.838	4
0.838	4
0.84	4
0.84	4
0.843	4
0.848	4
0.863	4
0.866	4
0.872	4
0.875	4
0.885	4
0.888	4
0.9	4
0.904	4
0.915	4
0.918	4
0.919	4
0.925	4
0.937	4
0.94	4
0.948	4
0.967	4
0.979	4
1.002	4
1.006	4
1.01	4
1.031	4
1.036	4
1.049	4
1.053	4
1.058	4
1.063	4
1.075	4
1.077	4
1.088	4
1.125	4
1.143	4
1.164	4
1.168	4
1.228	4
1.286	4
1.392	4
1.395	4
1.4	4
1.402	4
1.426	4
1.566	4
1.664	4
1.723	4
1.792	4
2.038	4
2.078	4
2.078	4
2.188	4
2.197	4
2.339	4
2.339	4
2.58	4
2.604	4
2.674	4
2.697	4
2.708	4
2.791	4
2.888	4
3.042	4
3.24	4
3.258	4
3.32	4
3.481	4
3.666	4
3.682	4
3.694	4
3.929	4
3.931	4
4.1	4
4.324	4
4.34	4
4.394	4
4.576	4
4.683	4
4.695	4
4.734	4
4.744	4
5.038	4
5.042	4
5.073	4
5.447	4
5.47	4
5.509	4
5.538	4
5.55	4
5.64	4
5.677	4
5.78	3
5.914	3
6.008	3
6.049	3
6.085	3
6.141	3
6.145	3
6.208	3
6.245	3
6.353	3
6.428	3
6.488	3
6.733	3
6.798	3
6.828	3
6.834	3
6.883	3
6.904	3
6.924	3
6.941	3
6.991	3
7.05	3
7.092	3
7.115	3
7.165	3
7.192	3
7.27	3
7.409	3
7.443	3
7.574	3
7.586	3
7.656	3
7.784	3
7.821	3
7.823	3
7.915	3
8.09	3
8.106	3
8.119	3
8.241	3
8.256	3
8.4	3
8.624	3
8.73	3
9.254	3
9.304	3
9.41	3
9.611	3
9.725	3
9.789	3
10.01	3
10.286	3
10.294	3
10.295	3
10.321	3
10.558	3
10.597	3
10.751	3
10.82	3
10.833	3
10.894	3
11.157	3
11.245	3
11.262	3
11.505	3
11.735	3
11.826	3
11.879	3
12.078	3
12.093	3
12.382	3
12.482	3
12.664	3
13.202	3
13.324	3
13.366	3
13.462	3
13.613	3
13.641	3
13.704	3
13.748	3
13.787	3
13.91	3
13.968	3
14.31	3
14.425	3
14.501	3
14.521	3
14.542	3
14.617	3
14.668	3
14.802	3
15.081	3
15.767	3
16.704	3
16.749	3
17.205	3
17.302	3
17.359	3
17.809	3
18.077	3
18.082	3
18.426	3
18.852	3
18.926	3
18.987	3
19.699	3
20.5	3
20.503	3
23.865	3
24.055	3
24.106	3
24.358	3
24.64	3
24.643	3
24.675	3
25.015	3
25.346	3
26.86	3
34.933	3
47.148	3
0.0	1
0.0	1
0.0	1
0.001	1
0.003	1
0.003	1
0.004	1
0.004	1
0.004	1
0.004	1
0.004	1
0.005	1
0.005	1
0.006	1
0.006	1
0.007	1
0.007	1
0.007	1
0.007	1
0.008	1
0.008	1
0.008	1
0.009	1
0.009	1
0.009	1
0.009	1
0.01	1
0.011	1
0.011	1
0.013	1
0.015	1
0.023	1
0.031	1
0.039	1
0.048	1
0.05	1
0.064	1
0.065	1
0.072	1
0.081	1
0.09	1
0.111	1
0.115	1
0.119	1
0.124	1
0.128	1
0.129	1
0.13	1
0.133	1
0.136	1
0.143	1
0.144	1
0.147	1
0.148	1
0.15	1
0.15	1
0.158	1
0.165	1
0.167	1
0.17	1
0.172	1
0.172	1
0.176	1
0.177	1
0.179	1
0.182	1
0.182	1
0.183	1
0.188	1
0.192	1
0.195	1
0.195	1
0.197	1
0.197	1
0.203	1
0.211	1
0.213	1
0.215	1
0.223	1
0.223	1
0.226	1
0.229	1
0.232	2
0.232	2
0.234	2
0.235	2
0.235	2
0.235	2
0.24	2
0.243	2
0.247	2
0.247	2
0.258	2
0.259	2
0.259	2
0.262	2
0.263	2
0.264	2
0.272	2
0.272	2
0.277	2
0.282	2
0.283	2
0.289	2
0.291	2
0.292	2
0.296	2
0.302	2
0.306	2
0.316	2
0.328	2
0.329	2
0.331	2
0.336	2
0.337	2
0.339	2
0.351	2
0.352	2
0.352	2
0.373	2
0.376	2
0.376	2
0.382	2
0.383	2
0.383	2
0.388	2
0.39	2
0.393	2
0.397	2
0.399	2
0.399	2
0.401	2
0.404	2
0.414	2
0.422	2
0.424	2
0.425	2
0.435	2
0.442	2
0.443	2
0.444	2
0.445	2
0.449	2
0.454	2
0.461	2
0.461	2
0.466	2
0.469	2
0.474	2
0.474	2
0.479	2
0.484	2
0.486	2
0.488	2
0.488	2
0.492	2
0.496	2
0.51	2
0.51	2
0.512	2
0.515	2
0.517	2
0.517	3
0.521	3
0.525	3
0.527	3
0.531	3
0.532	3
0.537	3
0.537	3
0.54	3
0.541	3
0.545	3
0.547	3
0.548	3
0.548	3
0.549	3
0.552	3
0.554	3
0.555	3
0.556	3
0.557	3
0.557	3
0.558	3
0.561	3
0.565	3
0.567	3
0.569	3
0.573	3
0.575	4
0.585	4
0.588	4
0.593	5
0.594	5
0.595	5
0.595	6
0.597	6
0.6	6
0.602	7
0.604	7
0.605	7
0.611	7
0.612	7
0.613	7
0.614	7
0.617	7
0.621	8
0.629	8
0.63	8
0.635	8
0.64	8
0.646	8
0.648	8
0.648	8
0.654	8
0.658	8
0.666	8
0.668	8
0.671	8
0.671	8
0.672	8
0.674	8
0.674	8
0.674	8
0.675	8
0.682	8
0.685	8
0.687	8
0.691	8
0.703	8
0.704	8
0.705	8
0.719	8
0.72	8
0.724	8
0.731	8
0.731	8
0.737	8
0.744	8
0.748	8
0.749	8
0.752	8
0.758	8
0.763	8
0.764	8
0.766	8
0.772	8
0.774	8
0.782	8
0.787	8
0.799	8
0.799	8
0.801	8
0.812	8
0.824	8
0.826	8
0.826	8
0.83	8
0.837	8
0.837	8
0.839	8
0.839	8
0.842	8
0.847	8
0.862	8
0.865	8
0.871	8
0.874	8
0.884	8
0.887	8
0.899	8
0.903	8
0.914	8
0.917	8
0.918	8
0.924	8
0.936	8
0.939	8
0.947	8
0.966	8
0.978	8
1.001	8
1.005	8
1.009	8
1.03	8
1.035	8
1.048	8
1.052	8
1.057	8
1.062	8
1.074	8
1.076	8
1.087	8
1.124	8
1.142	8
1.163	8
1.167	8
1.227	8
1.285	8
1.391	8
1.394	8
1.399	8
1.401	8
1.425	8
1.565	8
1.663	8
1.722	8
1.791	8
2.037	8
2.077	8
2.077	8
2.187	8
2.196	8
2.338	8
2.338	8
2.579	8
2.603	8
2.673	8
2.696	8
2.707	8
2.79	8
2.887	8
3.041	8
3.239	8
3.257	8
3.319	8
3.48	8
3.665	8
3.681	8
3.693	8
3.928	8
3.93	8
4.099	8
4.323	8
4.339	8
4.393	8
4.575	8
4.682	8
4.694	8
4.733	8
4.743	8
5.037	8
5.041	8
5.072	8
5.446	7
5.469	7
5.508	7
5.537	7
5.549	7
5.639	7
5.676	7
5.779	7
5.913	7
6.007	7
6.048	7
6.084	7
6.14	7
6.144	7
6.207	7
6.244	6
6.352	6
6.427	6
6.487	6
6.732	6
6.797	6
6.827	6
6.833	6
6.882	6
6.903	6
6.923	6
6.94	6
6.99	5
7.049	5
7.091	5
7.114	5
7.164	5
7.191	5
7.269	5
7.408	5
7.442	5
7.573	5
7.585	5
7.655	5
7.783	5
7.82	5
7.822	5
7.914	5
8.089	5
8.105	5
8.118	5
8.24	5
8.255	5
8.399	5
8.623	5
8.729	5
9.253	5
9.303	5
9.409	5
9.61	5
9.724	5
9.788	5
10.009	5
10.285	5
10.293	5
10.294	5
10.32	5
10.557	5
10.596	5
10.75	5
10.819	5
10.832	5
10.893	5
11.156	5
11.244	5
11.261	5
11.504	5
11.734	5
11.825	5
11.878	4
12.077	4
12.092	4
12.381	4
12.481	4
12.663	4
13.201	4
13.323	4
13.365	4
13.461	4
13.612	4
13.64	4
13.703	4
13.747	4
13.786	4
13.909	4
13.967	4
14.309	4
14.424	4
14.5	4
14.52	4
14.541	4
14.616	3
14.667	3
14.801	3
15.08	3
15.766	3
16.703	3
16.748	3
17.204	3
17.301	3
17.358	3
17.808	3
18.076	3
18.081	3
18.425	3
18.851	3
18.925	3
18.986	3
19.698	3
20.499	3
20.502	3
23.864	3
24.054	3
24.105	3
24.357	3
24.639	3
24.642	3
24.674	3
25.014	3
25.345	3
26.859	3
34.932	3
47.147	3
0.0	1
0.001	1
0.003	1
0.003	1
0.004	1
0.004	1
0.004	1
0.004	1
0.004	1
0.005	1
0.005	1
0.006	1
0.006	1
0.007	1
0.007	1
0.007	1
0.007	1
0.008	1
0.008	1
0.008	1
0.009	1
0.009	1
0.009	1
0.009	1
0.01	1
0.011	1
0.011	1
0.013	1
0.015	1
0.023	1
0.031	1
0.039	1
0.048	1
0.05	1
0.064	1
0.065	1
0.072	1
0.081	1
0.09	1
0.111	1
0.115	1
0.119	1
0.124	1
0.128	1
0.129	1
0.13	1
0.133	1
0.136	1
0.143	1
0.144	1
0.147	1
0.148	1
0.15	1
0.15	1
0.158	1
0.165	1
0.167	1
0.17	1
0.172	1
0.172	1
0.176	1
0.177	1
0.179	1
0.182	1
0.182	1
0.183	1
0.188	1
0.192	1
0.195	1
0.195	1
0.197	1
0.197	1
0.203	1
0.211	1
0.213	1
0.215	1
0.223	1
0.223	1
0.226	1
0.229	1
0.232	1
0.232	1
0.234	1
0.235	1
0.235	1
0.235	1
0.24	1
0.243	2
0.247	2
0.247	2
0.258	2
0.259	2
0.259	2
0.262	2
0.263	2
0.264	2
0.272	3
0.272	3
0.277	3
0.282	3
0.283	3
0.289	3
0.291	3
0.292	3
0.296	3
0.302	3
0.306	3
0.316	3
0.328	3
0.329	3
0.331	3
0.336	3
0.337	3
0.339	3
0.351	3
0.352	3
0.352	3
0.373	4
0.376	4
0.376	4
0.382	4
0.383	4
0.383	4
0.388	4
0.39	4
0.393	4
0.397	4
0.399	4
0.399	4
0.401	4
0.404	4
0.414	4
0.422	4
0.424	4
0.425	4
0.435	4
0.442	4
0.443	4
0.444	4
0.445	4
0.449	4
0.454	4
0.461	4
0.461	4
0.466	4
0.469	4
0.474	4
0.474	4
0.479	4
0.484	4
0.486	4
0.488	4
0.488	4
0.492	4
0.496	4
0.51	4
0.51	4
0.512	4
0.515	4
0.517	4
0.517	4
0.521	4
0.525	4
0.527	4
0.531	4
0.532	4
0.537	4
0.537	4
0.54	4
0.541	4
0.545	4
0.547	4
0.548	4
0.548	4
0.549	4
0.552	4
0.554	4
0.555	4
0.556	4
0.557	4
0.557	4
0.558	4
0.561	4
0.565	4
0.567	4
0.569	4
0.573	4
0.575	4
0.585	4
0.588	4
0.593	4
0.594	4
0.595	4
0.595	4
0.597	4
0.6	4
0.602	4
0.604	4
0.605	4
0.611	4
0.612	4
0.613	4
0.614	4
0.617	4
0.621	4
0.629	4
0.63	4
0.635	4
0.64	4
0.646	4
0.648	4
0.648	4
0.654	4
0.658	4
0.666	4
0.668	4
0.671	4
0.671	4
0.672	4
0.674	4
0.674	4
0.674	4
0.675	4
0.682	4
0.685	4
0.687	4
0.691	4
0.703	4
0.704	4
0.705	4
0.719	4
0.72	4
0.724	4
0.731	4
0.731	4
0.737	4
0.744	4
0.748	4
0.749	4
0.752	4
0.758	4
0.763	4
0.764	4
0.766	4
0.772	4
0.774	4
0.782	4
0.787	4
0.799	4
0.799	4
0.801	4
0.812	4
0.824	4
0.826	4
0.826	4
0.83	4
0.837	4
0.837	4
0.839	4
0.839	4
0.842	4
0.847	4
0.862	4
0.865	4
0.871	4
0.874	4
0.884	4
0.887	4
0.899	5
0.903	5
0.914	5
0.917	5
0.918	5
0.924	5
0.936	5
0.939	5
0.947	5
0.966	5
0.978	5
1.001	5
1.005	5
1.009	5
1.03	5
1.035	5
1.048	5
1.052	5
1.057	5
1.062	5
1.074	5
1.076	5
1.087	5
1.124	5
1.142	5
1.163	5
1.167	5
1.227	5
1.285	5
1.391	5
1.394	5
1.399	4
1.401	4
1.425	4
1.565	4
1.663	4
1.722	4
1.791	4
2.037	4
2.077	4
2.077	4
2.187	4
2.196	4
2.338	4
2.338	4
2.579	4
2.603	4
2.673	4
2.696	4
2.707	4
2.79	4
2.887	4
3.041	4
3.239	4
3.257	4
3.319	4
3.48	4
3.665	4
3.681	4
3.693	4
3.928	4
3.93	4
4.099	4
4.323	4
4.339	4
4.393	4
4.575	4
4.682	4
4.694	4
4.733	4
4.743	4
5.037	3
5.041	3
5.072	3
5.446	3
5.469	3
5.508	3
5.537	3
5.549	3
5.639	3
5.676	3
5.779	3
5.913	3
6.007	3
6.048	3
6.084	3
6.14	3
6.144	3
6.207	3
6.244	3
6.352	3
6.427	3
6.487	3
6.732	3
6.797	3
6.827	3
6.833	3
6.882	3
6.903	3
6.923	3
6.94	3
6.99	3
7.049	3
7.091	3
7.114	3
7.164	3
7.191	3
7.269	3
7.408	3
7.442	3
7.573	3
7.585	3
7.655	3
7.783	3
7.82	3
7.822	3
7.914	3
8.089	3
8.105	3
8.118	3
8.24	3
8.255	3
8.399	3
8.623	3
8.729	3
9.253	3
9.303	3
9.409	3
9.61	3
9.724	3
9.788	3
10.009	3
10.285	3
10.293	3
10.294	3
10.32	3
10.557	3
10.596	3
10.75	3
10.819	3
10.832	3
10.893	3
11.156	3
11.244	3
11.261	3
11.504	3
11.734	3
11.825	3
11.878	3
12.077	3
12.092	3
12.381	3
12.481	3
12.663	3
13.201	3
13.323	3
13.365	3
13.461	3
13.612	3
13.64	3
13.703	3
13.747	3
13.786	3
13.909	3
13.967	3
14.309	3
14.424	3
14.5	3
14.52	3
14.541	3
14.616	3
14.667	3
14.801	3
15.08	3
15.766	3
16.703	3
16.748	3
17.204	3
17.301	3
17.358	3
17.808	3
18.076	3
18.081	3
18.425	3
18.851	3
18.925	3
18.986	3
19.698	3
20.499	3
20.502	3
23.864	3
24.054	3
24.105	3
24.357	3
24.639	3
24.642	3
24.674	3
25.014	3
25.345	3
26.859	3
34.932	3
47.147	3
0.0	1
0.002	1
0.002	1
0.003	1
0.003	1
0.003	1
0.003	1
0.003	1
0.004	1
0.004	1
0.005	1
0.005	1
0.006	1
0.006	1
0.006	1
0.006	1
0.007	1
0.007	1
0.007	1
0.008	1
0.008	1
0.008	1
0.008	1
0.009	1
0.01	1
0.01	1
0.012	1
0.014	1
0.022	1
0.03	1
0.038	1
0.047	1
0.049	1
0.063	1
0.064	1
0.071	1
0.08	1
0.089	1
0.11	1
0.114	1
0.118	1
0.123	1
0.127	1
0.128	1
0.129	1
0.132	1
0.135	1
0.142	1
0.143	1
0.146	1
0.147	1
0.149	1
0.149	1
0.157	1
0.164	1
0.166	1
0.169	1
0.171	1
0.171	2
0.175	2
0.176	2
0.178	2
0.181	2
0.181	2
0.182	2
0.187	2
0.191	2
0.194	2
0.194	2
0.196	2
0.196	2
0.202	2
0.21	2
0.212	2
0.214	2
0.222	2
0.222	2
0.225	2
0.228	2
0.231	2
0.231	2
0.233	2
0.234	2
0.234	2
0.234	2
0.239	2
0.242	2
0.246	2
0.246	2
0.257	2
0.258	2
0.258	2
0.261	2
0.262	2
0.263	2
0.271	2
0.271	2
0.276	2
0.281	2
0.282	2
0.288	2
0.29	2
0.291	2
0.295	2
0.301	2
0.305	2
0.315	2
0.327	2
0.328	2
0.33	2
0.335	2
0.336	2
0.338	2
0.35	2
0.351	2
0.351	2
0.372	2
0.375	2
0.375	2
0.381	2
0.382	2
0.382	2
0.387	2
0.389	2
0.392	2
0.396	2
0.398	2
0.398	2
0.4	2
0.403	2
0.413	2
0.421	3
0.423	3
0.424	3
0.434	3
0.441	3
0.442	3
0.443	3
0.444	3
0.448	3
0.453	3
0.46	3
0.46	3
0.465	3
0.468	3
0.473	3
0.473	3
0.478	3
0.483	3
0.485	3
0.487	3
0.487	3
0.491	3
0.495	3
0.509	3
0.509	3
0.511	3
0.514	3
0.516	3
0.516	3
0.52	3
0.524	3
0.526	3
0.53	3
0.531	3
0.536	3
0.536	3
0.539	3
0.54	3
0.544	3
0.546	3
0.547	3
0.547	3
0.548	3
0.551	3
0.553	3
0.554	3
0.555	3
0.556	3
0.556	3
0.557	3
0.56	3
0.564	3
0.566	3
0.568	3
0.572	3
0.574	3
0.584	3
0.587	3
0.592	3
0.593	3
0.594	3
0.594	3
0.596	3
0.599	3
0.601	3
0.603	3
0.604	3
0.61	3
0.611	3
0.612	3
0.613	3
0.616	3
0.62	3
0.628	3
0.629	3
0.634	3
0.639	3
0.645	3
0.647	3
0.647	3
0.653	3
0.657	4
0.665	5
0.667	5
0.67	5
0.67	5
0.671	5
0.673	5
0.673	5
0.673	5
0.674	5
0.681	5
0.684	5
0.686	5
0.69	5
0.702	5
0.703	5
0.704	5
0.718	5
0.719	5
0.723	5
0.73	5
0.73	5
0.736	5
0.743	5
0.747	5
0.748	5
0.751	5
0.757	5
0.762	5
0.763	5
0.765	5
0.771	5
0.773	5
0.781	5
0.786	5
0.798	5
0.798	5
0.8	5
0.811	5
0.823	5
0.825	5
0.825	5
0.829	5
0.836	5
0.836	5
0.838	5
0.838	5
0.841	5
0.846	5
0.861	5
0.864	5
0.87	5
0.873	5
0.883	5
0.886	5
0.898	5
0.902	5
0.913	5
0.916	5
0.917	5
0.923	5
0.935	5
0.938	5
0.946	5
0.965	5
0.977	5
1.0	5
1.004	5
1.008	5
1.029	5
1.034	5
1.047	5
1.051	5
1.056	5
1.061	5
1.073	5
1.075	5
1.086	5
1.123	5
1.141	5
1.162	5
1.166	5
1.226	5
1.284	5
1.39	4
1.393	4
1.398	4
1.4	4
1.424	4
1.564	4
1.662	4
1.721	4
1.79	4
2.036	4
2.076	4
2.076	4
2.186	4
2.195	4
2.337	4
2.337	4
2.578	4
2.602	4
2.672	4
2.695	4
2.706	4
2.789	4
2.886	4
3.04	4
3.238	4
3.256	3
3.318	3
3.479	3
3.664	3
3.68	3
3.692	3
3.927	3
3.929	3
4.098	3
4.322	3
4.338	3
4.392	3
4.574	3
4.681	3
4.693	3
4.732	3
4.742	3
5.036	3
5.04	3
5.071	3
5.445	3
5.468	3
5.507	3
5.536	3
5.548	3
5.638	3
5.675	3
5.778	3
5.912	3
6.006	3
6.047	3
6.083	3
6.139	3
6.143	3
6.206	3
6.243	3
6.351	3
6.426	3
6.486	3
6.731	3
6.796	3
6.826	3
6.832	3
6.881	3
6.902	3
6.922	3
6.939	3
6.989	3
7.048	3
7.09	3
7.113	3
7.163	3
7.19	3
7.268	3
7.407	3
7.441	3
7.572	3
7.584	3
7.654	3
7.782	3
7.819	3
7.821	3
7.913	3
8.088	3
8.104	3
8.117	3
8.239	3
8.254	3
8.398	3
8.622	3
8.728	3
9.252	3
9.302	3
9.408	3
9.609	3
9.723	3
9.787	3
10.008	3
10.284	3
10.292	3
10.293	3
10.319	3
10.556	3
10.595	3
10.749	3
10.818	3
10.831	3
10.892	3
11.155	3
11.243	3
11.26	3
11.503	3
11.733	3
11.824	3
11.877	3
12.076	3
12.091	3
12.38	3
12.48	3
12.662	3
13.2	3
13.322	3
13.364	3
13.46	3
13.611	3
13.639	3
13.702	3
13.746	3
13.785	3
13.908	3
13.966	3
14.308	3
14.423	3
14.499	3
14.519	3
14.54	3
14.615	3
14.666	3
14.8	3
15.079	3
15.765	3
16.702	3
16.747	3
17.203	3
17.3	3
17.357	3
17.807	3
18.075	3
18.08	3
18.424	3
18.85	3
18.924	3
18.985	3
19.697	3
20.498	3
20.501	3
23.863	3
24.053	3
24.104	3
24.356	3
24.638	3
24.641	3
24.673	3
25.013	3
25.344	3
26.858	3
34.931	3
47.146	3
0.0	1
0.0	1
0.001	1
0.001	1
0.001	1
0.001	1
0.001	1
0.002	1
0.002	1
0.003	1
0.003	1
0.004	1
0.004	1
0.004	1
0.004	1
0.005	1
0.005	1
0.005	1
0.006	1
0.006	1
0.006	1
0.006	1
0.007	1
0.008	1
0.008	1
0.01	1
0.012	1
0.02	1
0.028	1
0.036	1
0.045	1
0.047	1
0.061	1
0.062	1
0.069	1
0.078	1
0.087	1
0.108	1
0.112	1
0.116	1
0.121	1
0.125	1
0.126	1
0.127	1
0.13	1
0.133	1
0.14	1
0.141	1
0.144	1
0.145	1
0.147	1
0.147	1
0.155	1
0.162	1
0.164	2
0.167	2
0.169	2
0.169	2
0.173	2
0.174	2
0.176	2
0.179	2
0.179	2
0.18	2
0.185	2
0.189	2
0.192	2
0.192	2
0.194	2
0.194	2
0.2	2
0.208	2
0.21	2
0.212	2
0.22	2
0.22	2
0.223	2
0.226	2
0.229	2
0.229	2
0.231	3
0.232	3
0.232	3
0.232	3
0.237	3
0.24	3
0.244	3
0.244	4
0.255	4
0.256	4
0.256	4
0.259	5
0.26	5
0.261	5
0.269	5
0.269	5
0.274	5
0.279	5
0.28	5
0.286	5
0.288	5
0.289	5
0.293	5
0.299	5
0.303	5
0.313	5
0.325	5
0.326	5
0.328	5
0.333	5
0.334	5
0.336	5
0.348	5
0.349	5
0.349	5
0.37	5
0.373	5
0.373	5
0.379	5
0.38	5
0.38	5
0.385	5
0.387	5
0.39	5
0.394	5
0.396	5
0.396	5
0.398	5
0.401	5
0.411	5
0.419	5
0.421	5
0.422	5
0.432	5
0.439	5
0.44	5
0.441	5
0.442	5
0.446	5
0.451	5
0.458	5
0.458	5
0.463	5
0.466	5
0.471	5
0.471	5
0.476	5
0.481	5
0.483	5
0.485	5
0.485	5
0.489	5
0.493	5
0.507	5
0.507	5
0.509	5
0.512	5
0.514	5
0.514	5
0.518	5
0.522	5
0.524	5
0.528	5
0.529	5
0.534	5
0.534	5
0.537	5
0.538	5
0.542	5
0.544	5
0.545	5
0.545	5
0.546	5
0.549	5
0.551	5
0.552	5
0.553	5
0.554	5
0.554	5
0.555	5
0.558	5
0.562	5
0.564	5
0.566	5
0.57	5
0.572	5
0.582	5
0.585	5
0.59	5
0.591	5
0.592	5
0.592	5
0.594	5
0.597	5
0.599	5
0.601	5
0.602	5
0.608	5
0.609	5
0.61	5
0.611	5
0.614	5
0.618	5
0.626	5
0.627	5
0.632	5
0.637	5
0.643	5
0.645	5
0.645	5
0.651	5
0.655	5
0.663	5
0.665	5
0.668	5
0.668	5
0.669	5
0.671	6
0.671	6
0.671	6
0.672	6
0.679	6
0.682	6
0.684	6
0.688	6
0.7	6
0.701	6
0.702	6
0.716	6
0.717	6
0.721	6
0.728	6
0.728	6
0.734	6
0.741	6
0.745	6
0.746	6
0.749	6
0.755	6
0.76	6
0.761	6
0.763	6
0.769	6
0.771	6
0.779	6
0.784	6
0.796	6
0.796	6
0.798	6
0.809	6
0.821	6
0.823	6
0.823	6
0.827	6
0.834	6
0.834	6
0.836	6
0.836	6
0.839	6
0.844	6
0.859	6
0.862	6
0.868	6
0.871	6
0.881	6
0.884	6
0.896	6
0.9	6
0.911	6
0.914	6
0.915	6
0.921	6
0.933	6
0.936	6
0.944	6
0.963	6
0.975	6
0.998	6
1.002	6
1.006	6
1.027	6
1.032	6
1.045	6
1.049	6
1.054	6
1.059	6
1.071	6
1.073	6
1.084	6
1.121	6
1.139	6
1.16	6
1.164	6
1.224	6
1.282	6
1.388	6
1.391	6
1.396	6
1.398	6
1.422	6
1.562	6
1.66	6
1.719	6
1.788	6
2.034	6
2.074	6
2.074	6
2.184	6
2.193	6
2.335	6
2.335	6
2.576	6
2.6	6
2.67	6
2.693	6
2.704	6
2.787	6
2.884	6
3.038	6
3.236	6
3.254	6
3.316	6
3.477	6
3.662	6
3.678	6
3.69	6
3.925	6
3.927	6
4.096	6
4.32	6
4.336	6
4.39	6
4.572	6
4.679	6
4.691	6
4.73	6
4.74	6
5.034	6
5.038	6
5.069	6
5.443	6
5.466	6
5.505	6
5.534	6
5.546	6
5.636	6
5.673	6
5.776	6
5.91	6
6.004	6
6.045	6
6.081	6
6.137	6
6.141	6
6.204	6
6.241	6
6.349	6
6.424	6
6.484	6
6.729	6
6.794	6
6.824	6
6.83	6
6.879	6
6.9	6
6.92	6
6.937	6
6.987	6
7.046	6
7.088	6
7.111	6
7.161	6
7.188	6
7.266	6
7.405	6
7.439	6
7.57	6
7.582	6
7.652	6
7.78	6
7.817	6
7.819	6
7.911	6
8.086	6
8.102	6
8.115	6
8.237	6
8.252	6
8.396	6
8.62	6
8.726	6
9.25	6
9.3	6
9.406	6
9.607	6
9.721	6
9.785	6
10.006	6
10.282	6
10.29	6
10.291	6
10.317	6
10.554	6
10.593	6
10.747	6
10.816	6
10.829	6
10.89	6
11.153	6
11.241	6
11.258	6
11.501	6
11.731	6
11.822	6
11.875	6
12.074	6
12.089	6
12.378	6
12.478	6
12.66	6
13.198	6
13.32	6
13.362	6
13.458	6
13.609	6
13.637	6
13.7	6
13.744	6
13.783	6
13.906	6
13.964	6
14.306	6
14.421	6
14.497	6
14.517	6
14.538	6
14.613	6
14.664	6
14.798	6
15.077	6
15.763	6
16.7	6
16.745	6
17.201	6
17.298	6
17.355	6
17.805	5
18.073	4
18.078	4
18.422	4
18.848	4
18.922	4
18.983	4
19.695	4
20.496	4
20.499	3
23.861	3
24.051	3
24.102	3
24.354	3
24.636	3
24.639	3
24.671	3
25.011	3
25.342	3
26.856	3
34.929	3
47.144	3
0.0	1
0.001	1
0.001	1
0.001	1
0.001	1
0.001	1
0.002	1
0.002	1
0.003	1
0.003	1
0.004	1
0.004	1
0.004	1
0.004	1
0.005	1
0.005	1
0.005	1
0.006	1
0.006	1
0.006	1
0.006	1
0.007	1
0.008	1
0.008	1
0.01	1
0.012	1
0.02	1
0.028	1
0.036	1
0.045	1
0.047	1
0.061	1
0.062	1
0.069	1
0.078	1
0.087	1
0.108	1
0.112	1
0.116	1
0.121	1
0.125	1
0.126	1
0.127	1
0.13	1
0.133	1
0.14	1
0.141	1
0.144	1
0.145	1
0.147	1
0.147	1
0.155	1
0.162	1
0.164	1
0.167	1
0.169	1
0.169	1
0.173	1
0.174	1
0.176	1
0.179	1
0.179	1
0.18	1
0.185	1
0.189	1
0.192	1
0.192	1
0.194	1
0.194	1
0.2	1
0.208	1
0.21	1
0.212	1
0.22	1
0.22	1
0.223	1
0.226	1
0.229	1
0.229	1
0.231	1
0.232	1
0.232	1
0.232	1
0.237	1
0.24	1
0.244	1
0.244	1
0.255	1
0.256	2
0.256	2
0.259	2
0.26	2
0.261	2
0.269	2
0.269	2
0.274	2
0.279	2
0.28	2
0.286	2
0.288	2
0.289	2
0.293	2
0.299	2
0.303	2
0.313	2
0.325	2
0.326	2
0.328	2
0.333	2
0.334	2
0.336	2
0.348	2
0.349	2
0.349	2
0.37	2
0.373	2
0.373	2
0.379	2
0.38	2
0.38	2
0.385	3
0.387	3
0.39	3
0.394	3
0.396	3
0.396	3
0.398	3
0.401	3
0.411	3
0.419	3
0.421	3
0.422	4
0.432	4
0.439	4
0.44	4
0.441	4
0.442	4
0.446	4
0.451	5
0.458	5
0.458	5
0.463	5
0.466	5
0.471	5
0.471	5
0.476	5
0.481	5
0.483	5
0.485	5
0.485	5
0.489	5
0.493	5
0.507	6
0.507	6
0.509	6
0.512	6
0.514	6
0.514	6
0.518	6
0.522	6
0.524	7
0.528	8
0.529	9
0.534	9
0.534	9
0.537	9
0.538	9
0.542	9
0.544	9
0.545	9
0.545	9
0.546	9
0.549	9
0.551	9
0.552	9
0.553	9
0.554	9
0.554	9
0.555	9
0.558	9
0.562	9
0.564	9
0.566	9
0.57	9
0.572	9
0.582	9
0.585	9
0.59	9
0.591	9
0.592	9
0.592	9
0.594	9
0.597	9
0.599	9
0.601	9
0.602	9
0.608	9
0.609	9
0.61	9
0.611	9
0.614	9
0.618	9
0.626	9
0.627	9
0.632	9
0.637	9
0.643	9
0.645	9
0.645	9
0.651	9
0.655	9
0.663	9
0.665	9
0.668	9
0.668	9
0.669	9
0.671	9
0.671	9
0.671	9
0.672	9
0.679	9
0.682	9
0.684	9
0.688	9
0.7	9
0.701	9
0.702	9
0.716	9
0.717	9
0.721	9
0.728	9
0.728	9
0.734	9
0.741	9
0.745	9
0.746	9
0.749	9
0.755	9
0.76	9
0.761	9
0.763	9
0.769	9
0.771	9
0.779	9
0.784	9
0.796	9
0.796	9
0.798	9
0.809	9
0.821	9
0.823	9
0.823	9
0.827	9
0.834	9
0.834	9
0.836	9
0.836	9
0.839	9
0.844	9
0.859	9
0.862	9
0.868	9
0.871	9
0.881	9
0.884	9
0.896	9
0.9	9
0.911	9
0.914	9
0.915	9
0.921	9
0.933	9
0.936	9
0.944	9
0.963	9
0.975	9
0.998	9
1.002	9
1.006	9
1.027	9
1.032	9
1.045	9
1.049	9
1.054	9
1.059	9
1.071	9
1.073	9
1.084	9
1.121	9
1.139	8
1.16	8
1.164	8
1.224	8
1.282	8
1.388	8
1.391	8
1.396	8
1.398	8
1.422	8
1.562	8
1.66	8
1.719	8
1.788	8
2.034	8
2.074	8
2.074	8
2.184	8
2.193	8
2.335	8
2.335	8
2.576	8
2.6	8
2.67	8
2.693	8
2.704	8
2.787	8
2.884	8
3.038	8
3.236	8
3.254	8
3.316	8
3.477	8
3.662	8
3.678	8
3.69	8
3.925	8
3.927	8
4.096	8
4.32	8
4.336	8
4.39	8
4.572	8
4.679	8
4.691	8
4.73	8
4.74	8
5.034	8
5.038	8
5.069	8
5.443	8
5.466	8
5.505	8
5.534	8
5.546	8
5.636	8
5.673	8
5.776	8
5.91	8
6.004	8
6.045	8
6.081	8
6.137	8
6.141	8
6.204	8
6.241	8
6.349	8
6.424	8
6.484	8
6.729	8
6.794	8
6.824	8
6.83	8
6.879	8
6.9	8
6.92	8
6.937	8
6.987	8
7.046	8
7.088	8
7.111	8
7.161	8
7.188	8
7.266	8
7.405	8
7.439	8
7.57	8
7.582	8
7.652	8
7.78	8
7.817	8
7.819	8
7.911	8
8.086	8
8.102	8
8.115	8
8.237	8
8.252	8
8.396	8
8.62	8
8.726	8
9.25	8
9.3	8
9.406	8
9.607	8
9.721	8
9.785	8
10.006	7
10.282	7
10.29	7
10.291	7
10.317	7
10.554	7
10.593	7
10.747	7
10.816	7
10.829	7
10.89	7
11.153	7
11.241	7
11.258	7
11.501	7
11.731	7
11.822	7
11.875	7
12.074	7
12.089	7
12.378	7
12.478	7
12.66	7
13.198	7
13.32	7
13.362	7
13.458	7
13.609	7
13.637	7
13.7	7
13.744	7
13.783	7
13.906	7
13.964	7
14.306	7
14.421	7
14.497	7
14.517	6
14.538	6
14.613	6
14.664	6
14.798	5
15.077	5
15.763	5
16.7	5
16.745	5
17.201	5
17.298	5
17.355	5
17.805	5
18.073	5
18.078	5
18.422	5
18.848	5
18.922	5
18.983	5
19.695	5
20.496	5
20.499	5
23.861	5
24.051	4
24.102	4
24.354	4
24.636	4
24.639	4
24.671	4
25.011	4
25.342	3
26.856	3
34.929	3
47.144	3
0.0	1
0.0	1
0.0	1
0.0	1
0.0	1
0.001	1
0.001	1
0.002	1
0.002	1
0.003	1
0.003	1
0.003	1
0.003	1
0.004	1
0.004	1
0.004	1
0.005	1
0.005	1
0.005	1
0.005	1
0.006	1
0.007	1
0.007	1
0.009	1
0.011	1
0.019	1
0.027	1
0.035	1
0.044	1
0.046	1
0.06	1
0.061	1
0.068	1
0.077	1
0.086	1
0.107	1
0.111	1
0.115	1
0.12	1
0.124	1
0.125	1
0.126	1
0.129	1
0.132	1
0.139	1
0.14	1
0.143	1
0.144	1
0.146	1
0.146	2
0.154	2
0.161	2
0.163	2
0.166	2
0.168	2
0.168	2
0.172	2
0.173	2
0.175	2
0.178	2
0.178	2
0.179	2
0.184	2
0.188	2
0.191	2
0.191	2
0.193	2
0.193	2
0.199	2
0.207	2
0.209	2
0.211	2
0.219	2
0.219	2
0.222	2
0.225	2
0.228	2
0.228	2
0.23	2
0.231	2
0.231	2
0.231	2
0.236	2
0.239	2
0.243	2
0.243	2
0.254	2
0.255	2
0.255	2
0.258	2
0.259	2
0.26	2
0.268	2
0.268	2
0.273	2
0.278	2
0.279	2
0.285	2
0.287	2
0.288	2
0.292	2
0.298	2
0.302	2
0.312	2
0.324	2
0.325	2
0.327	2
0.332	2
0.333	2
0.335	2
0.347	2
0.348	2
0.348	2
0.369	2
0.372	2
0.372	2
0.378	2
0.379	2
0.379	2
0.384	2
0.386	2
0.389	2
0.393	2
0.395	2
0.395	2
0.397	2
0.4	2
0.41	2
0.418	2
0.42	3
0.421	3
0.431	3
0.438	3
0.439	3
0.44	3
0.441	3
0.445	3
0.45	3
0.457	3
0.457	3
0.462	3
0.465	3
0.47	3
0.47	3
0.475	3
0.48	3
0.482	3
0.484	3
0.484	3
0.488	3
0.492	3
0.506	3
0.506	3
0.508	3
0.511	3
0.513	3
0.513	3
0.517	3
0.521	3
0.523	3
0.527	3
0.528	3
0.533	3
0.533	3
0.536	3
0.537	3
0.541	3
0.543	3
0.544	3
0.544	3
0.545	3
0.548	3
0.55	3
0.551	3
0.552	3
0.553	3
0.553	3
0.554	3
0.557	3
0.561	3
0.563	3
0.565	3
0.569	3
0.571	3
0.581	3
0.584	3
0.589	3
0.59	3
0.591	3
0.591	3
0.593	3
0.596	3
0.598	3
0.6	3
0.601	3
0.607	3
0.608	3
0.609	3
0.61	3
0.613	3
0.617	3
0.625	3
0.626	3
0.631	3
0.636	3
0.642	3
0.644	3
0.644	3
0.65	3
0.654	3
0.662	3
0.664	3
0.667	4
0.667	4
0.668	4
0.67	4
0.67	4
0.67	4
0.671	4
0.678	4
0.681	4
0.683	4
0.687	4
0.699	4
0.7	4
0.701	4
0.715	4
0.716	4
0.72	4
0.727	4
0.727	4
0.733	4
0.74	4
0.744	4
0.745	4
0.748	4
0.754	4
0.759	4
0.76	4
0.762	4
0.768	4
0.77	4
0.778	4
0.783	4
0.795	4
0.795	5
0.797	5
0.808	5
0.82	5
0.822	5
0.822	5
0.826	5
0.833	5
0.833	5
0.835	5
0.835	5
0.838	5
0.843	5
0.858	5
0.861	5
0.867	5
0.87	5
0.88	5
0.883	5
0.895	5
0.899	5
0.91	5
0.913	5
0.914	5
0.92	5
0.932	5
0.935	5
0.943	5
0.962	5
0.974	5
0.997	5
1.001	5
1.005	5
1.026	5
1.031	5
1.044	5
1.048	5
1.053	5
1.058	5
1.07	5
1.072	5
1.083	5
1.12	5
1.138	5
1.159	5
1.163	5
1.223	5
1.281	5
1.387	5
1.39	5
1.395	5
1.397	5
1.421	5
1.561	5
1.659	5
1.718	5
1.787	5
2.033	5
2.073	5
2.073	5
2.183	5
2.192	5
2.334	5
2.334	5
2.575	5
2.599	5
2.669	5
2.692	5
2.703	5
2.786	5
2.883	5
3.037	5
3.235	5
3.253	5
3.315	5
3.476	5
3.661	5
3.677	5
3.689	5
3.924	5
3.926	5
4.095	5
4.319	5
4.335	5
4.389	5
4.571	5
4.678	5
4.69	5
4.729	5
4.739	5
5.033	5
5.037	5
5.068	5
5.442	5
5.465	5
5.504	5
5.533	5
5.545	5
5.635	5
5.672	5
5.775	5
5.909	5
6.003	5
6.044	5
6.08	5
6.136	5
6.14	5
6.203	5
6.24	5
6.348	5
6.423	5
6.483	5
6.728	5
6.793	5
6.823	5
6.829	5
6.878	5
6.899	4
6.919	4
6.936	4
6.986	4
7.045	4
7.087	4
7.11	4
7.16	4
7.187	4
7.265	4
7.404	4
7.438	4
7.569	4
7.581	4
7.651	4
7.779	4
7.816	4
7.818	4
7.91	4
8.085	4
8.101	4
8.114	4
8.236	4
8.251	4
8.395	4
8.619	4
8.725	4
9.249	4
9.299	4
9.405	4
9.606	4
9.72	4
9.784	4
10.005	4
10.281	4
10.289	4
10.29	4
10.316	4
10.553	4
10.592	4
10.746	4
10.815	4
10.828	4
10.889	4
11.152	4
11.24	4
11.257	4
11.5	4
11.73	3
11.821	3
11.874	3
12.073	2
12.088	2
12.377	2
12.477	2
12.659	2
13.197	2
13.319	2
13.361	3
13.457	3
13.608	3
13.636	4
13.699	5
13.743	5
13.782	6
13.905	6
13.963	6
14.305	6
14.42	6
14.496	6
14.516	6
14.537	6
14.612	6
14.663	6
14.797	6
15.076	6
15.762	6
16.699	6
16.744	6
17.2	6
17.297	6
17.354	6
17.804	6
18.072	6
18.077	6
18.421	6
18.847	6
18.921	6
18.982	5
19.694	4
20.495	4
20.498	4
23.86	4
24.05	4
24.101	4
24.353	4
24.635	4
24.638	4
24.67	4
25.01	4
25.341	4
26.855	3
34.928	3
47.143	3
0.0	1
0.0	1
0.0	1
0.0	1
0.001	1
0.001	1
0.002	1
0.002	1
0.003	1
0.003	1
0.003	1
0.003	1
0.004	1
0.004	1
0.004	1
0.005	1
0.005	1
0.005	1
0.005	1
0.006	1
0.007	1
0.007	1
0.009	1
0.011	1
0.019	1
0.027	1
0.035	1
0.044	1
0.046	1
0.06	1
0.061	1
0.068	1
0.077	1
0.086	1
0.107	1
0.111	1
0.115	1
0.12	1
0.124	1
0.125	1
0.126	1
0.129	1
0.132	1
0.139	1
0.14	1
0.143	1
0.144	1
0.146	1
0.146	1
0.154	1
0.161	1
0.163	1
0.166	1
0.168	1
0.168	1
0.172	1
0.173	1
0.175	1
0.178	1
0.178	1
0.179	1
0.184	1
0.188	1
0.191	1
0.191	1
0.193	1
0.193	1
0.199	1
0.207	1
0.209	1
0.211	1
0.219	1
0.219	1
0.222	1
0.225	1
0.228	1
0.228	1
0.23	1
0.231	1
0.231	1
0.231	1
0.236	1
0.239	1
0.243	1
0.243	1
0.254	1
0.255	1
0.255	1
0.258	1
0.259	1
0.26	1
0.268	1
0.268	1
0.273	1
0.278	2
0.279	2
0.285	2
0.287	2
0.288	2
0.292	2
0.298	2
0.302	2
0.312	2
0.324	2
0.325	2
0.327	2
0.332	2
0.333	2
0.335	2
0.347	2
0.348	2
0.348	2
0.369	2
0.372	2
0.372	2
0.378	2
0.379	2
0.379	2
0.384	2
0.386	2
0.389	2
0.393	2
0.395	2
0.395	2
0.397	2
0.4	2
0.41	2
0.418	2
0.42	2
0.421	2
0.431	2
0.438	2
0.439	2
0.44	2
0.441	2
0.445	2
0.45	2
0.457	2
0.457	2
0.462	2
0.465	2
0.47	2
0.47	2
0.475	2
0.48	2
0.482	2
0.484	2
0.484	2
0.488	2
0.492	2
0.506	2
0.506	2
0.508	2
0.511	3
0.513	3
0.513	3
0.517	3
0.521	3
0.523	3
0.527	3
0.528	3
0.533	3
0.533	3
0.536	3
0.537	3
0.541	3
0.543	3
0.544	3
0.544	3
0.545	3
0.548	3
0.55	3
0.551	3
0.552	3
0.553	3
0.553	3
0.554	3
0.557	3
0.561	3
0.563	3
0.565	3
0.569	3
0.571	3
0.581	3
0.584	3
0.589	3
0.59	3
0.591	3
0.591	3
0.593	3
0.596	3
0.598	3
0.6	3
0.601	3
0.607	3
0.608	3
0.609	3
0.61	3
0.613	3
0.617	3
0.625	3
0.626	3
0.631	3
0.636	3
0.642	3
0.644	3
0.644	3
0.65	3
0.654	3
0.662	3
0.664	3
0.667	3
0.667	3
0.668	3
0.67	3
0.67	3
0.67	3
0.671	3
0.678	3
0.681	3
0.683	3
0.687	3
0.699	3
0.7	3
0.701	3
0.715	3
0.716	3
0.72	3
0.727	3
0.727	3
0.733	3
0.74	3
0.744	3
0.745	3
0.748	3
0.754	3
0.759	3
0.76	3
0.762	3
0.768	3
0.77	3
0.778	3
0.783	3
0.795	3
0.795	3
0.797	3
0.808	3
0.82	3
0.822	3
0.822	3
0.826	3
0.833	3
0.833	3
0.835	3
0.835	4
0.838	4
0.843	4
0.858	4
0.861	4
0.867	4
0.87	4
0.88	4
0.883	4
0.895	4
0.899	4
0.91	4
0.913	4
0.914	4
0.92	4
0.932	4
0.935	4
0.943	4
0.962	4
0.974	4
0.997	4
1.001	4
1.005	4
1.026	4
1.031	4
1.044	4
1.048	4
1.053	4
1.058	4
1.07	4
1.072	4
1.083	4
1.12	4
1.138	4
1.159	4
1.163	4
1.223	4
1.281	4
1.387	4
1.39	4
1.395	4
1.397	4
1.421	4
1.561	4
1.659	4
1.718	4
1.787	4
2.033	4
2.073	4
2.073	4
2.183	4
2.192	4
2.334	4
2.334	4
2.575	4
2.599	4
2.669	4
2.692	4
2.703	4
2.786	4
2.883	4
3.037	4
3.235	4
3.253	4
3.315	4
3.476	4
3.661	4
3.677	4
3.689	4
3.924	4
3.926	4
4.095	4
4.319	4
4.335	4
4.389	4
4.571	4
4.678	4
4.69	4
4.729	4
4.739	4
5.033	4
5.037	4
5.068	4
5.442	4
5.465	4
5.504	4
5.533	4
5.545	4
5.635	4
5.672	4
5.775	4
5.909	4
6.003	4
6.044	4
6.08	4
6.136	4
6.14	4
6.203	4
6.24	4
6.348	4
6.423	4
6.483	4
6.728	4
6.793	4
6.823	4
6.829	4
6.878	4
6.899	4
6.919	4
6.936	4
6.986	4
7.045	4
7.087	4
7.11	4
7.16	4
7.187	4
7.265	4
7.404	4
7.438	4
7.569	4
7.581	4
7.651	4
7.779	4
7.816	4
7.818	4
7.91	4
8.085	4
8.101	4
8.114	4
8.236	4
8.251	4
8.395	4
8.619	4
8.725	4
9.249	4
9.299	4
9.405	4
9.606	4
9.72	4
9.784	4
10.005	4
10.281	4
10.289	3
10.29	3
10.316	3
10.553	3
10.592	3
10.746	3
10.815	3
10.828	3
10.889	3
11.152	3
11.24	3
11.257	3
11.5	3
11.73	3
11.821	3
11.874	3
12.073	3
12.088	3
12.377	3
12.477	3
12.659	3
13.197	3
13.319	3
13.361	3
13.457	3
13.608	3
13.636	3
13.699	3
13.743	3
13.782	3
13.905	3
13.963	3
14.305	3
14.42	3
14.496	3
14.516	3
14.537	3
14.612	3
14.663	3
14.797	3
15.076	3
15.762	3
16.699	3
16.744	3
17.2	3
17.297	3
17.354	3
17.804	3
18.072	3
18.077	3
18.421	3
18.847	3
18.921	3
18.982	3
19.694	3
20.495	3
20.498	3
23.86	3
24.05	3
24.101	3
24.353	3
24.635	3
24.638	3
24.67	3
25.01	3
25.341	3
26.855	3
34.928	3
47.143	3
0.0	1
0.0	1
0.0	1
0.001	1
0.001	1
0.002	1
0.002	1
0.003	1
0.003	1
0.003	1
0.003	1
0.004	1
0.004	1
0.004	1
0.005	1
0.005	1
0.005	1
0.005	1
0.006	1
0.007	1
0.007	1
0.009	1
0.011	1
0.019	1
0.027	1
0.035	1
0.044	1
0.046	1
0.06	1
0.061	1
0.068	1
0.077	2
0.086	2
0.107	2
0.111	2
0.115	2
0.12	2
0.124	2
0.125	2
0.126	2
0.129	2
0.132	2
0.139	2
0.14	2
0.143	2
0.144	2
0.146	2
0.146	2
0.154	2
0.161	2
0.163	2
0.166	2
0.168	2
0.168	2
0.172	2
0.173	2
0.175	2
0.178	2
0.178	2
0.179	2
0.184	2
0.188	2
0.191	2
0.191	2
0.193	2
0.193	2
0.199	2
0.207	2
0.209	2
0.211	2
0.219	2
0.219	2
0.222	2
0.225	2
0.228	2
0.228	2
0.23	2
0.231	2
0.231	2
0.231	2
0.236	2
0.239	2
0.243	2
0.243	2
0.254	2
0.255	2
0.255	2
0.258	2
0.259	2
0.26	2
0.268	2
0.268	2
0.273	2
0.278	2
0.279	2
0.285	2
0.287	2
0.288	2
0.292	2
0.298	2
0.302	2
0.312	2
0.324	2
0.325	2
0.327	2
0.332	2
0.333	2
0.335	2
0.347	2
0.348	2
0.348	2
0.369	2
0.372	2
0.372	2
0.378	2
0.379	2
0.379	2
0.384	2
0.386	2
0.389	2
0.393	2
0.395	2
0.395	2
0.397	2
0.4	2
0.41	2
0.418	2
0.42	2
0.421	2
0.431	2
0.438	2
0.439	2
0.44	2
0.441	2
0.445	2
0.45	2
0.457	2
0.457	2
0.462	2
0.465	2
0.47	2
0.47	2
0.475	2
0.48	2
0.482	2
0.484	2
0.484	2
0.488	2
0.492	2
0.506	2
0.506	2
0.508	2
0.511	2
0.513	2
0.513	2
0.517	2
0.521	3
0.523	3
0.527	3
0.528	3
0.533	3
0.533	3
0.536	3
0.537	3
0.541	3
0.543	3
0.544	3
0.544	4
0.545	4
0.548	4
0.55	4
0.551	4
0.552	4
0.553	4
0.553	5
0.554	5
0.557	5
0.561	5
0.563	5
0.565	5
0.569	5
0.571	5
0.581	6
0.584	6
0.589	6
0.59	6
0.591	6
0.591	6
0.593	6
0.596	6
0.598	6
0.6	6
0.601	6
0.607	6
0.608	6
0.609	6
0.61	6
0.613	6
0.617	6
0.625	6
0.626	6
0.631	6
0.636	6
0.642	6
0.644	6
0.644	6
0.65	6
0.654	6
0.662	6
0.664	6
0.667	6
0.667	6
0.668	6
0.67	6
0.67	6
0.67	6
0.671	6
0.678	6
0.681	6
0.683	6
0.687	6
0.699	6
0.7	6
0.701	6
0.715	6
0.716	6
0.72	6
0.727	6
0.727	6
0.733	6
0.74	6
0.744	6
0.745	6
0.748	6
0.754	6
0.759	6
0.76	6
0.762	6
0.768	6
0.77	6
0.778	6
0.783	6
0.795	6
0.795	6
0.797	6
0.808	6
0.82	7
0.822	7
0.822	7
0.826	7
0.833	7
0.833	7
0.835	7
0.835	7
0.838	7
0.843	7
0.858	7
0.861	7
0.867	7
0.87	7
0.88	7
0.883	7
0.895	7
0.899	7
0.91	7
0.913	7
0.914	7
0.92	7
0.932	7
0.935	7
0.943	7
0.962	7
0.974	7
0.997	7
1.001	7
1.005	7
1.026	7
1.031	7
1.044	7
1.048	7
1.053	7
1.058	7
1.07	7
1.072	7
1.083	7
1.12	7
1.138	7
1.159	7
1.163	7
1.223	7
1.281	7
1.387	7
1.39	7
1.395	7
1.397	7
1.421	6
1.561	6
1.659	6
1.718	6
1.787	6
2.033	6
2.073	6
2.073	6
2.183	6
2.192	6
2.334	6
2.334	6
2.575	6
2.599	6
2.669	6
2.692	6
2.703	6
2.786	6
2.883	6
3.037	6
3.235	6
3.253	6
3.315	6
3.476	6
3.661	6
3.677	6
3.689	6
3.924	6
3.926	5
4.095	5
4.319	5
4.335	5
4.389	5
4.571	5
4.678	5
4.69	5
4.729	5
4.739	5
5.033	5
5.037	5
5.068	5
5.442	5
5.465	5
5.504	5
5.533	5
5.545	5
5.635	5
5.672	5
5.775	5
5.909	5
6.003	5
6.044	5
6.08	5
6.136	5
6.14	5
6.203	4
6.24	4
6.348	4
6.423	4
6.483	4
6.728	4
6.793	4
6.823	4
6.829	4
6.878	4
6.899	4
6.919	4
6.936	4
6.986	4
7.045	4
7.087	4
7.11	4
7.16	4
7.187	4
7.265	4
7.404	4
7.438	4
7.569	4
7.581	4
7.651	4
7.779	4
7.816	4
7.818	4
7.91	4
8.085	4
8.101	4
8.114	4
8.236	4
8.251	4
8.395	4
8.619	4
8.725	4
9.249	4
9.299	4
9.405	4
9.606	4
9.72	4
9.784	4
10.005	4
10.281	4
10.289	4
10.29	4
10.316	4
10.553	4
10.592	4
10.746	4
10.815	4
10.828	3
10.889	3
11.152	3
11.24	3
11.257	3
11.5	3
11.73	3
11.821	3
11.874	3
12.073	3
12.088	3
12.377	3
12.477	3
12.659	3
13.197	3
13.319	3
13.361	3
13.457	3
13.608	3
13.636	3
13.699	3
13.743	3
13.782	3
13.905	3
13.963	3
14.305	3
14.42	3
14.496	3
14.516	3
14.537	3
14.612	3
14.663	3
14.797	3
15.076	3
15.762	3
16.699	3
16.744	3
17.2	3
17.297	3
17.354	3
17.804	3
18.072	3
18.077	3
18.421	3
18.847	3
18.921	3
18.982	3
19.694	3
20.495	3
20.498	3
23.86	3
24.05	3
24.101	3
24.353	3
24.635	3
24.638	3
24.67	3
25.01	3
25.341	3
26.855	3
34.928	3
47.143	3
0.0	1
0.0	1
0.001	1
0.001	1
0.002	1
0.002	1
0.003	1
0.003	1
0.003	1
0.003	1
0.004	1
0.004	1
0.004	1
0.005	1
0.005	1
0.005	1
0.005	1
0.006	1
0.007	1
0.007	1
0.009	1
0.011	1
0.019	1
0.027	1
0.035	1
0.044	1
0.046	2
0.06	2
0.061	2
0.068	2
0.077	2
0.086	2
0.107	2
0.111	2
0.115	2
0.12	2
0.124	2
0.125	2
0.126	2
0.129	2
0.132	2
0.139	2
0.14	2
0.143	2
0.144	2
0.146	2
0.146	2
0.154	2
0.161	2
0.163	2
0.166	2
0.168	2
0.168	2
0.172	2
0.173	2
0.175	2
0.178	2
0.178	2
0.179	2
0.184	2
0.188	2
0.191	2
0.191	2
0.193	2
0.193	2
0.199	2
0.207	2
0.209	2
0.211	2
0.219	2
0.219	2
0.222	2
0.225	2
0.228	2
0.228	2
0.23	2
0.231	2
0.231	2
0.231	2
0.236	2
0.239	2
0.243	2
0.243	2
0.254	2
0.255	2
0.255	2
0.258	2
0.259	3
0.26	3
0.268	3
0.268	3
0.273	3
0.278	3
0.279	3
0.285	3
0.287	3
0.288	3
0.292	3
0.298	3
0.302	3
0.312	3
0.324	3
0.325	3
0.327	3
0.332	3
0.333	3
0.335	3
0.347	3
0.348	3
0.348	3
0.369	3
0.372	3
0.372	3
0.378	3
0.379	3
0.379	3
0.384	3
0.386	3
0.389	3
0.393	3
0.395	3
0.395	3
0.397	3
0.4	3
0.41	3
0.418	3
0.42	3
0.421	3
0.431	3
0.438	3
0.439	3
0.44	3
0.441	3
0.445	3
0.45	3
0.457	3
0.457	3
0.462	3
0.465	3
0.47	3
0.47	3
0.475	3
0.48	3
0.482	3
0.484	3
0.484	3
0.488	3
0.492	3
0.506	3
0.506	3
0.508	3
0.511	3
0.513	3
0.513	3
0.517	3
0.521	3
0.523	3
0.527	3
0.528	3
0.533	3
0.533	3
0.536	3
0.537	3
0.541	3
0.543	3
0.544	3
0.544	3
0.545	3
0.548	3
0.55	3
0.551	3
0.552	3
0.553	3
0.553	3
0.554	3
0.557	3
0.561	3
0.563	3
0.565	3
0.569	3
0.571	3
0.581	3
0.584	3
0.589	3
0.59	3
0.591	3
0.591	3
0.593	3
0.596	3
0.598	3
0.6	3
0.601	3
0.607	3
0.608	3
0.609	3
0.61	3
0.613	3
0.617	3
0.625	3
0.626	3
0.631	3
0.636	3
0.642	3
0.644	3
0.644	3
0.65	3
0.654	3
0.662	3
0.664	3
0.667	3
0.667	3
0.668	3
0.67	3
0.67	3
0.67	3
0.671	3
0.678	3
0.681	3
0.683	3
0.687	3
0.699	3
0.7	3
0.701	3
0.715	3
0.716	3
0.72	3
0.727	3
0.727	3
0.733	3
0.74	3
0.744	3
0.745	3
0.748	3
0.754	3
0.759	3
0.76	3
0.762	3
0.768	3
0.77	3
0.778	3
0.783	3
0.795	3
0.795	3
0.797	3
0.808	3
0.82	3
0.822	3
0.822	3
0.826	4
0.833	4
0.833	4
0.835	4
0.835	4
0.838	4
0.843	4
0.858	4
0.861	4
0.867	4
0.87	4
0.88	4
0.883	4
0.895	4
0.899	4
0.91	4
0.913	4
0.914	4
0.92	4
0.932	4
0.935	4
0.943	4
0.962	4
0.974	4
0.997	4
1.001	4
1.005	4
1.026	4
1.031	4
1.044	4
1.048	4
1.053	4
1.058	4
1.07	4
1.072	4
1.083	4
1.12	4
1.138	4
1.159	4
1.163	4
1.223	4
1.281	4
1.387	4
1.39	4
1.395	4
1.397	4
1.421	4
1.561	4
1.659	4
1.718	4
1.787	4
2.033	4
2.073	4
2.073	4
2.183	4
2.192	4
2.334	4
2.334	3
2.575	3
2.599	3
2.669	3
2.692	3
2.703	3
2.786	3
2.883	3
3.037	3
3.235	3
3.253	3
3.315	3
3.476	3
3.661	3
3.677	3
3.689	3
3.924	3
3.926	3
4.095	3
4.319	3
4.335	3
4.389	3
4.571	3
4.678	3
4.69	3
4.729	3
4.739	3
5.033	3
5.037	3
5.068	3
5.442	3
5.465	3
5.504	3
5.533	3
5.545	3
5.635	3
5.672	3
5.775	3
5.909	3
6.003	3
6.044	3
6.08	3
6.136	3
6.14	3
6.203	3
6.24	3
6.348	3
6.423	3
6.483	3
6.728	3
6.793	3
6.823	3
6.829	3
6.878	3
6.899	3
6.919	3
6.936	3
6.986	3
7.045	3
7.087	3
7.11	3
7.16	3
7.187	3
7.265	3
7.404	3
7.438	3
7.569	3
7.581	3
7.651	3
7.779	3
7.816	3
7.818	3
7.91	3
8.085	3
8.101	3
8.114	3
8.236	3
8.251	3
8.395	3
8.619	3
8.725	3
9.249	3
9.299	3
9.405	3
9.606	3
9.72	3
9.784	3
10.005	3
10.281	3
10.289	3
10.29	3
10.316	3
10.553	3
10.592	3
10.746	3
10.815	3
10.828	3
10.889	3
11.152	3
11.24	3
11.257	3
11.5	3
11.73	3
11.821	3
11.874	3
12.073	3
12.088	3
12.377	3
12.477	3
12.659	3
13.197	3
13.319	3
13.361	3
13.457	3
13.608	3
13.636	3
13.699	3
13.743	3
13.782	3
13.905	3
13.963	3
14.305	3
14.42	3
14.496	3
14.516	3
14.537	3
14.612	3
14.663	3
14.797	3
15.076	3
15.762	3
16.699	3
16.744	3
17.2	3
17.297	3
17.354	3
17.804	3
18.072	3
18.077	3
18.421	3
18.847	3
18.921	3
18.982	3
19.694	3
20.495	3
20.498	3
23.86	3
24.05	3
24.101	3
24.353	3
24.635	3
24.638	3
24.67	3
25.01	3
25.341	3
26.855	3
34.928	3
47.143	3
0.0	1
0.001	1
0.001	1
0.002	1
0.002	1
0.003	1
0.003	1
0.003	1
0.003	1
0.004	1
0.004	1
0.004	1
0.005	1
0.005	1
0.005	1
0.005	1
0.006	1
0.007	1
0.007	1
0.009	1
0.011	1
0.019	1
0.027	1
0.035	1
0.044	1
0.046	1
0.06	1
0.061	1
0.068	1
0.077	1
0.086	1
0.107	1
0.111	1
0.115	1
0.12	1
0.124	1
0.125	1
0.126	1
0.129	1
0.132	1
0.139	1
0.14	1
0.143	1
0.144	1
0.146	1
0.146	1
0.154	1
0.161	1
0.163	1
0.166	1
0.168	1
0.168	1
0.172	1
0.173	1
0.175	1
0.178	1
0.178	1
0.179	2
0.184	2
0.188	2
0.191	2
0.191	2
0.193	2
0.193	2
0.199	2
0.207	2
0.209	2
0.211	2
0.219	2
0.219	2
0.222	2
0.225	2
0.228	2
0.228	2
0.23	2
0.231	2
0.231	2
0.231	2
0.236	2
0.239	2
0.243	2
0.243	2
0.254	2
0.255	2
0.255	2
0.258	2
0.259	2
0.26	2
0.268	2
0.268	2
0.273	2
0.278	2
0.279	2
0.285	2
0.287	2
0.288	2
0.292	2
0.298	2
0.302	2
0.312	2
0.324	2
0.325	2
0.327	2
0.332	2
0.333	2
0.335	2
0.347	2
0.348	2
0.348	2
0.369	2
0.372	2
0.372	2
0.378	2
0.379	2
0.379	2
0.384	2
0.386	2
0.389	2
0.393	2
0.395	2
0.395	2
0.397	2
0.4	2
0.41	2
0.418	2
0.42	2
0.421	2
0.431	2
0.438	2
0.439	2
0.44	2
0.441	2
0.445	2
0.45	2
0.457	2
0.457	2
0.462	2
0.465	2
0.47	2
0.47	2
0.475	2
0.48	2
0.482	2
0.484	2
0.484	2
0.488	2
0.492	2
0.506	2
0.506	2
0.508	2
0.511	2
0.513	3
0.513	3
0.517	3
0.521	3
0.523	3
0.527	3
0.528	3
0.533	3
0.533	3
0.536	3
0.537	3
0.541	3
0.543	3
0.544	3
0.544	3
0.545	3
0.548	3
0.55	3
0.551	3
0.552	3
0.553	3
0.553	3
0.554	3
0.557	3
0.561	3
0.563	3
0.565	3
0.569	3
0.571	3
0.581	3
0.584	3
0.589	3
0.59	3
0.591	3
0.591	3
0.593	3
0.596	3
0.598	3
0.6	3
0.601	3
0.607	3
0.608	3
0.609	3
0.61	3
0.613	3
0.617	3
0.625	3
0.626	3
0.631	3
0.636	3
0.642	3
0.644	3
0.644	3
0.65	3
0.654	3
0.662	3
0.664	3
0.667	3
0.667	3
0.668	3
0.67	3
0.67	3
0.67	3
0.671	3
0.678	3
0.681	3
0.683	3
0.687	3
0.699	3
0.7	3
0.701	3
0.715	3
0.716	3
0.72	3
0.727	3
0.727	3
0.733	3
0.74	3
0.744	3
0.745	3
0.748	3
0.754	3
0.759	3
0.76	3
0.762	3
0.768	3
0.77	3
0.778	3
0.783	3
0.795	3
0.795	3
0.797	3
0.808	3
0.82	3
0.822	3
0.822	3
0.826	3
0.833	3
0.833	4
0.835	4
0.835	4
0.838	4
0.843	4
0.858	4
0.861	4
0.867	5
0.87	5
0.88	5
0.883	5
0.895	5
0.899	5
0.91	5
0.913	5
0.914	5
0.92	5
0.932	5
0.935	6
0.943	6
0.962	6
0.974	6
0.997	6
1.001	6
1.005	6
1.026	6
1.031	6
1.044	6
1.048	6
1.053	6
1.058	6
1.07	7
1.072	7
1.083	7
1.12	7
1.138	7
1.159	7
1.163	7
1.223	7
1.281	7
1.387	7
1.39	7
1.395	7
1.397	7
1.421	7
1.561	7
1.659	7
1.718	7
1.787	7
2.033	7
2.073	7
2.073	7
2.183	7
2.192	7
2.334	7
2.334	7
2.575	7
2.599	7
2.669	7
2.692	7
2.703	7
2.786	6
2.883	6
3.037	6
3.235	6
3.253	6
3.315	6
3.476	6
3.661	6
3.677	6
3.689	6
3.924	6
3.926	6
4.095	6
4.319	6
4.335	6
4.389	6
4.571	6
4.678	6
4.69	6
4.729	6
4.739	6
5.033	6
5.037	6
5.068	6
5.442	6
5.465	6
5.504	6
5.533	6
5.545	6
5.635	6
5.672	6
5.775	6
5.909	6
6.003	6
6.044	6
6.08	6
6.136	6
6.14	6
6.203	6
6.24	6
6.348	6
6.423	6
6.483	6
6.728	6
6.793	6
6.823	6
6.829	6
6.878	6
6.899	6
6.919	6
6.936	6
6.986	6
7.045	6
7.087	6
7.11	6
7.16	6
7.187	6
7.265	6
7.404	6
7.438	6
7.569	6
7.581	6
7.651	6
7.779	6
7.816	6
7.818	6
7.91	6
8.085	6
8.101	6
8.114	6
8.236	6
8.251	6
8.395	6
8.619	6
8.725	6
9.249	6
9.299	6
9.405	6
9.606	6
9.72	6
9.784	6
10.005	6
10.281	6
10.289	6
10.29	6
10.316	6
10.553	6
10.592	6
10.746	6
10.815	6
10.828	6
10.889	6
11.152	6
11.24	6
11.257	6
11.5	6
11.73	6
11.821	5
11.874	5
12.073	5
12.088	5
12.377	5
12.477	4
12.659	4
13.197	4
13.319	4
13.361	4
13.457	4
13.608	4
13.636	4
13.699	4
13.743	4
13.782	4
13.905	4
13.963	4
14.305	4
14.42	4
14.496	4
14.516	4
14.537	4
14.612	4
14.663	4
14.797	4
15.076	4
15.762	4
16.699	4
16.744	4
17.2	4
17.297	4
17.354	4
17.804	4
18.072	4
18.077	4
18.421	4
18.847	4
18.921	3
18.982	3
19.694	3
20.495	3
20.498	3
23.86	3
24.05	3
24.101	3
24.353	3
24.635	3
24.638	3
24.67	3
25.01	3
25.341	3
26.855	3
34.928	3
47.143	3
0.0	1
0.0	1
0.001	1
0.001	1
0.002	1
0.002	1
0.002	1
0.002	1
0.003	1
0.003	1
0.003	1
0.004	1
0.004	1
0.004	1
0.004	1
0.005	1
0.006	1
0.006	1
0.008	1
0.01	1
0.018	1
0.026	1
0.034	1
0.043	1
0.045	1
0.059	1
0.06	1
0.067	1
0.076	1
0.085	1
0.106	1
0.11	1
0.114	1
0.119	1
0.123	1
0.124	1
0.125	1
0.128	1
0.131	1
0.138	1
0.139	1
0.142	1
0.143	1
0.145	1
0.145	1
0.153	1
0.16	1
0.162	1
0.165	1
0.167	1
0.167	1
0.171	1
0.172	1
0.174	1
0.177	1
0.177	1
0.178	1
0.183	1
0.187	1
0.19	1
0.19	1
0.192	1
0.192	1
0.198	1
0.206	1
0.208	1
0.21	1
0.218	1
0.218	1
0.221	1
0.224	1
0.227	1
0.227	1
0.229	1
0.23	1
0.23	1
0.23	1
0.235	1
0.238	1
0.242	1
0.242	1
0.253	1
0.254	1
0.254	1
0.257	1
0.258	1
0.259	1
0.267	1
0.267	1
0.272	1
0.277	1
0.278	1
0.284	1
0.286	1
0.287	1
0.291	1
0.297	1
0.301	1
0.311	1
0.323	1
0.324	1
0.326	1
0.331	1
0.332	1
0.334	1
0.346	1
0.347	1
0.347	1
0.368	1
0.371	1
0.371	1
0.377	1
0.378	1
0.378	1
0.383	1
0.385	1
0.388	1
0.392	1
0.394	1
0.394	1
0.396	1
0.399	1
0.409	1
0.417	1
0.419	1
0.42	1
0.43	1
0.437	1
0.438	1
0.439	1
0.44	1
0.444	1
0.449	1
0.456	1
0.456	1
0.461	1
0.464	1
0.469	1
0.469	1
0.474	1
0.479	1
0.481	1
0.483	1
0.483	1
0.487	1
0.491	1
0.505	1
0.505	1
0.507	1
0.51	1
0.512	1
0.512	1
0.516	1
0.52	1
0.522	1
0.526	1
0.527	1
0.532	1
0.532	1
0.535	1
0.536	1
0.54	1
0.542	1
0.543	1
0.543	1
0.544	1
0.547	1
0.549	1
0.55	1
0.551	1
0.552	1
0.552	1
0.553	1
0.556	1
0.56	1
0.562	1
0.564	1
0.568	1
0.57	1
0.58	1
0.583	1
0.588	1
0.589	1
0.59	1
0.59	1
0.592	1
0.595	1
0.597	1
0.599	1
0.6	1
0.606	1
0.607	1
0.608	1
0.609	1
0.612	1
0.616	1
0.624	1
0.625	1
0.63	1
0.635	1
0.641	1
0.643	1
0.643	1
0.649	1
0.653	1
0.661	1
0.663	1
0.666	1
0.666	1
0.667	1
0.669	1
0.669	1
0.669	1
0.67	1
0.677	1
0.68	1
0.682	1
0.686	1
0.698	1
0.699	2
0.7	2
0.714	3
0.715	3
0.719	3
0.726	3
0.726	4
0.732	4
0.739	4
0.743	4
0.744	4
0.747	4
0.753	4
0.758	4
0.759	4
0.761	4
0.767	4
0.769	4
0.777	4
0.782	4
0.794	5
0.794	5
0.796	5
0.807	5
0.819	5
0.821	5
0.821	5
0.825	5
0.832	5
0.832	5
0.834	6
0.834	6
0.837	6
0.842	6
0.857	6
0.86	6
0.866	6
0.869	6
0.879	6
0.882	6
0.894	6
0.898	6
0.909	6
0.912	6
0.913	6
0.919	6
0.931	6
0.934	6
0.942	6
0.961	6
0.973	6
0.996	6
1.0	7
1.004	7
1.025	7
1.03	7
1.043	7
1.047	7
1.052	7
1.057	7
1.069	7
1.071	7
1.082	8
1.119	8
1.137	8
1.158	8
1.162	8
1.222	8
1.28	8
1.386	8
1.389	8
1.394	8
1.396	8
1.42	8
1.56	8
1.658	8
1.717	8
1.786	8
2.032	8
2.072	8
2.072	8
2.182	8
2.191	8
2.333	8
2.333	8
2.574	8
2.598	8
2.668	8
2.691	8
2.702	8
2.785	8
2.882	8
3.036	8
3.234	8
3.252	8
3.314	8
3.475	8
3.66	8
3.676	8
3.688	8
3.923	8
3.925	8
4.094	8
4.318	7
4.334	7
4.388	7
4.57	7
4.677	7
4.689	7
4.728	7
4.738	7
5.032	7
5.036	7
5.067	7
5.441	7
5.464	7
5.503	7
5.532	7
5.544	7
5.634	7
5.671	7
5.774	7
5.908	7
6.002	7
6.043	7
6.079	7
6.135	7
6.139	7
6.202	7
6.239	7
6.347	7
6.422	7
6.482	7
6.727	7
6.792	7
6.822	7
6.828	7
6.877	7
6.898	7
6.918	7
6.935	7
6.985	7
7.044	7
7.086	7
7.109	7
7.159	7
7.186	7
7.264	7
7.403	7
7.437	7
7.568	7
7.58	7
7.65	6
7.778	6
7.815	6
7.817	6
7.909	5
8.084	4
8.1	4
8.113	4
8.235	4
8.25	4
8.394	4
8.618	4
8.724	4
9.248	4
9.298	4
9.404	4
9.605	4
9.719	4
9.783	4
10.004	4
10.28	4
10.288	4
10.289	4
10.315	4
10.552	3
10.591	3
10.745	3
10.814	3
10.827	3
10.888	3
11.151	3
11.239	3
11.256	3
11.499	3
11.729	3
11.82	3
11.873	3
12.072	3
12.087	3
12.376	3
12.476	3
12.658	3
13.196	3
13.318	3
13.36	3
13.456	3
13.607	3
13.635	3
13.698	3
13.742	3
13.781	3
13.904	3
13.962	3
14.304	3
14.419	3
14.495	3
14.515	3
14.536	3
14.611	3
14.662	3
14.796	3
15.075	3
15.761	3
16.698	3
16.743	3
17.199	3
17.296	3
17.353	3
17.803	3
18.071	3
18.076	3
18.42	3
18.846	3
18.92	3
18.981	3
19.693	3
20.494	3
20.497	3
23.859	3
24.049	3
24.1	3
24.352	3
24.634	3
24.637	3
24.669	3
25.009	3
25.34	3
26.854	3
34.927	3
47.142	3
0.0	1
0.001	1
0.001	1
0.002	1
0.002	1
0.002	1
0.002	1
0.003	1
0.003	1
0.003	1
0.004	1
0.004	1
0.004	1
0.004	1
0.005	1
0.006	1
0.006	1
0.008	1
0.01	1
0.018	1
0.026	1
0.034	1
0.043	1
0.045	1
0.059	1
0.06	1
0.067	1
0.076	1
0.085	1
0.106	1
0.11	1
0.114	1
0.119	1
0.123	1
0.124	1
0.125	1
0.128	1
0.131	1
0.138	1
0.139	1
0.142	1
0.143	1
0.145	1
0.145	1
0.153	1
0.16	1
0.162	1
0.165	1
0.167	1
0.167	1
0.171	1
0.172	1
0.174	1
0.177	1
0.177	1
0.178	1
0.183	1
0.187	1
0.19	1
0.19	1
0.192	1
0.192	1
0.198	1
0.206	1
0.208	1
0.21	1
0.218	1
0.218	1
0.221	1
0.224	1
0.227	1
0.227	1
0.229	1
0.23	1
0.23	1
0.23	1
0.235	1
0.238	1
0.242	1
0.242	1
0.253	1
0.254	1
0.254	1
0.257	1
0.258	1
0.259	1
0.267	1
0.267	1
0.272	1
0.277	1
0.278	1
0.284	1
0.286	2
0.287	2
0.291	2
0.297	2
0.301	2
0.311	2
0.323	2
0.324	2
0.326	2
0.331	2
0.332	2
0.334	2
0.346	2
0.347	2
0.347	2
0.368	2
0.371	2
0.371	2
0.377	2
0.378	2
0.378	2
0.383	2
0.385	2
0.388	2
0.392	2
0.394	2
0.394	2
0.396	2
0.399	2
0.409	2
0.417	2
0.419	2
0.42	2
0.43	2
0.437	2
0.438	2
0.439	2
0.44	2
0.444	2
0.449	2
0.456	2
0.456	2
0.461	2
0.464	2
0.469	2
0.469	3
0.474	3
0.479	3
0.481	3
0.483	3
0.483	3
0.487	3
0.491	3
0.505	3
0.505	3
0.507	3
0.51	3
0.512	3
0.512	3
0.516	3
0.52	3
0.522	3
0.526	3
0.527	3
0.532	3
0.532	3
0.535	3
0.536	3
0.54	3
0.542	3
0.543	3
0.543	3
0.544	3
0.547	3
0.549	4
0.55	4
0.551	4
0.552	4
0.552	4
0.553	4
0.556	4
0.56	4
0.562	4
0.564	4
0.568	4
0.57	4
0.58	4
0.583	4
0.588	4
0.589	4
0.59	4
0.59	4
0.592	4
0.595	4
0.597	4
0.599	4
0.6	4
0.606	4
0.607	4
0.608	4
0.609	4
0.612	4
0.616	4
0.624	4
0.625	4
0.63	4
0.635	4
0.641	4
0.643	4
0.643	4
0.649	4
0.653	4
0.661	4
0.663	4
0.666	4
0.666	4
0.667	4
0.669	4
0.669	4
0.669	4
0.67	4
0.677	4
0.68	4
0.682	4
0.686	4
0.698	4
0.699	4
0.7	4
0.714	4
0.715	4
0.719	4
0.726	4
0.726	4
0.732	4
0.739	4
0.743	4
0.744	4
0.747	4
0.753	4
0.758	4
0.759	4
0.761	4
0.767	4
0.769	4
0.777	4
0.782	4
0.794	4
0.794	4
0.796	4
0.807	4
0.819	4
0.821	5
0.821	5
0.825	5
0.832	5
0.832	5
0.834	5
0.834	5
0.837	5
0.842	5
0.857	5
0.86	5
0.866	5
0.869	5
0.879	5
0.882	5
0.894	5
0.898	6
0.909	6
0.912	6
0.913	6
0.919	6
0.931	6
0.934	6
0.942	6
0.961	6
0.973	6
0.996	6
1.0	6
1.004	6
1.025	6
1.03	6
1.043	6
1.047	6
1.052	6
1.057	6
1.069	6
1.071	6
1.082	6
1.119	6
1.137	6
1.158	6
1.162	6
1.222	6
1.28	6
1.386	6
1.389	6
1.394	6
1.396	6
1.42	6
1.56	6
1.658	6
1.717	6
1.786	6
2.032	6
2.072	6
2.072	6
2.182	6
2.191	6
2.333	6
2.333	6
2.574	6
2.598	6
2.668	6
2.691	6
2.702	6
2.785	6
2.882	6
3.036	6
3.234	6
3.252	6
3.314	6
3.475	6
3.66	6
3.676	6
3.688	6
3.923	6
3.925	6
4.094	6
4.318	6
4.334	6
4.388	6
4.57	6
4.677	6
4.689	6
4.728	6
4.738	6
5.032	6
5.036	6
5.067	6
5.441	6
5.464	6
5.503	6
5.532	6
5.544	6
5.634	6
5.671	6
5.774	6
5.908	6
6.002	6
6.043	6
6.079	6
6.135	6
6.139	6
6.202	6
6.239	6
6.347	6
6.422	5
6.482	5
6.727	5
6.792	5
6.822	5
6.828	4
6.877	4
6.898	4
6.918	4
6.935	4
6.985	4
7.044	4
7.086	4
7.109	4
7.159	4
7.186	4
7.264	4
7.403	4
7.437	4
7.568	4
7.58	4
7.65	4
7.778	4
7.815	4
7.817	4
7.909	4
8.084	4
8.1	4
8.113	4
8.235	4
8.25	4
8.394	4
8.618	4
8.724	4
9.248	4
9.298	4
9.404	4
9.605	4
9.719	4
9.783	4
10.004	4
10.28	4
10.288	4
10.289	4
10.315	4
10.552	4
10.591	4
10.745	4
10.814	4
10.827	4
10.888	4
11.151	4
11.239	4
11.256	4
11.499	4
11.729	4
11.82	4
11.873	4
12.072	4
12.087	4
12.376	4
12.476	4
12.658	4
13.196	4
13.318	4
13.36	4
13.456	4
13.607	4
13.635	4
13.698	4
13.742	4
13.781	4
13.904	4
13.962	4
14.304	4
14.419	4
14.495	4
14.515	4
14.536	4
14.611	4
14.662	3
14.796	3
15.075	3
15.761	3
16.698	3
16.743	3
17.199	3
17.296	3
17.353	3
17.803	3
18.071	3
18.076	3
18.42	3
18.846	3
18.92	3
18.981	3
19.693	3
20.494	3
20.497	3
23.859	3
24.049	3
24.1	3
24.352	3
24.634	3
24.637	3
24.669	3
25.009	3
25.34	3
26.854	3
34.927	3
47.142	3
0.0	1
0.0	1
0.001	1
0.001	1
0.001	1
0.001	1
0.002	1
0.002	1
0.002	1
0.003	1
0.003	1
0.003	1
0.003	1
0.004	1
0.005	1
0.005	1
0.007	1
0.009	1
0.017	1
0.025	1
0.033	1
0.042	1
0.044	1
0.058	1
0.059	1
0.066	1
0.075	1
0.084	1
0.105	1
0.109	2
0.113	2
0.118	2
0.122	2
0.123	2
0.124	2
0.127	2
0.13	2
0.137	2
0.138	2
0.141	2
0.142	2
0.144	2
0.144	2
0.152	2
0.159	2
0.161	2
0.164	2
0.166	2
0.166	2
0.17	2
0.171	2
0.173	2
0.176	2
0.176	2
0.177	2
0.182	2
0.186	2
0.189	2
0.189	2
0.191	2
0.191	2
0.197	2
0.205	2
0.207	2
0.209	2
0.217	2
0.217	2
0.22	2
0.223	2
0.226	2
0.226	2
0.228	2
0.229	2
0.229	2
0.229	2
0.234	2
0.237	2
0.241	2
0.241	2
0.252	2
0.253	2
0.253	2
0.256	2
0.257	2
0.258	2
0.266	2
0.266	2
0.271	2
0.276	2
0.277	2
0.283	2
0.285	2
0.286	2
0.29	2
0.296	2
0.3	2
0.31	2
0.322	2
0.323	2
0.325	2
0.33	2
0.331	2
0.333	2
0.345	2
0.346	2
0.346	2
0.367	2
0.37	2
0.37	2
0.376	2
0.377	2
0.377	2
0.382	2
0.384	2
0.387	2
0.391	2
0.393	2
0.393	2
0.395	2
0.398	2
0.408	2
0.416	2
0.418	2
0.419	2
0.429	2
0.436	2
0.437	2
0.438	2
0.439	2
0.443	2
0.448	2
0.455	2
0.455	2
0.46	2
0.463	2
0.468	2
0.468	2
0.473	2
0.478	2
0.48	2
0.482	2
0.482	2
0.486	2
0.49	2
0.504	2
0.504	2
0.506	2
0.509	2
0.511	2
0.511	2
0.515	2
0.519	2
0.521	2
0.525	2
0.526	2
0.531	3
0.531	3
0.534	3
0.535	3
0.539	3
0.541	3
0.542	4
0.542	4
0.543	4
0.546	4
0.548	4
0.549	4
0.55	4
0.551	4
0.551	4
0.552	4
0.555	4
0.559	4
0.561	5
0.563	5
0.567	5
0.569	5
0.579	5
0.582	5
0.587	5
0.588	5
0.589	5
0.589	5
0.591	5
0.594	5
0.596	5
0.598	5
0.599	5
0.605	5
0.606	5
0.607	5
0.608	5
0.611	5
0.615	5
0.623	6
0.624	6
0.629	6
0.634	6
0.64	6
0.642	6
0.642	6
0.648	6
0.652	6
0.66	6
0.662	6
0.665	6
0.665	7
0.666	7
0.668	7
0.668	7
0.668	7
0.669	7
0.676	7
0.679	7
0.681	7
0.685	7
0.697	7
0.698	7
0.699	7
0.713	7
0.714	7
0.718	7
0.725	7
0.725	7
0.731	7
0.738	7
0.742	7
0.743	7
0.746	7
0.752	7
0.757	7
0.758	7
0.76	7
0.766	7
0.768	7
0.776	7
0.781	7
0.793	7
0.793	7
0.795	7
0.806	8
0.818	8
0.82	8
0.82	8
0.824	8
0.831	8
0.831	8
0.833	8
0.833	8
0.836	8
0.841	8
0.856	8
0.859	8
0.865	8
0.868	8
0.878	8
0.881	8
0.893	8
0.897	8
0.908	8
0.911	8
0.912	8
0.918	8
0.93	8
0.933	8
0.941	8
0.96	8
0.972	8
0.995	8
0.999	8
1.003	8
1.024	8
1.029	8
1.042	8
1.046	8
1.051	8
1.056	8
1.068	8
1.07	8
1.081	8
1.118	8
1.136	8
1.157	8
1.161	8
1.221	8
1.279	8
1.385	8
1.388	8
1.393	8
1.395	8
1.419	8
1.559	8
1.657	8
1.716	8
1.785	8
2.031	8
2.071	8
2.071	8
2.181	8
2.19	8
2.332	8
2.332	8
2.573	8
2.597	8
2.667	8
2.69	8
2.701	8
2.784	8
2.881	8
3.035	8
3.233	8
3.251	8
3.313	8
3.474	8
3.659	8
3.675	8
3.687	8
3.922	8
3.924	8
4.093	8
4.317	8
4.333	8
4.387	7
4.569	7
4.676	7
4.688	7
4.727	7
4.737	7
5.031	7
5.035	7
5.066	7
5.44	7
5.463	7
5.502	7
5.531	7
5.543	7
5.633	7
5.67	7
5.773	7
5.907	7
6.001	7
6.042	7
6.078	7
6.134	7
6.138	7
6.201	7
6.238	7
6.346	7
6.421	7
6.481	7
6.726	7
6.791	7
6.821	7
6.827	7
6.876	7
6.897	7
6.917	7
6.934	7
6.984	7
7.043	7
7.085	7
7.108	7
7.158	7
7.185	7
7.263	7
7.402	7
7.436	7
7.567	7
7.579	7
7.649	7
7.777	7
7.814	7
7.816	7
7.908	7
8.083	7
8.099	7
8.112	7
8.234	7
8.249	7
8.393	6
8.617	6
8.723	6
9.247	6
9.297	6
9.403	6
9.604	6
9.718	6
9.782	6
10.003	6
10.279	6
10.287	6
10.288	6
10.314	6
10.551	6
10.59	6
10.744	6
10.813	6
10.826	6
10.887	6
11.15	6
11.238	6
11.255	6
11.498	6
11.728	6
11.819	6
11.872	6
12.071	6
12.086	6
12.375	5
12.475	5
12.657	5
13.195	5
13.317	5
13.359	5
13.455	5
13.606	5
13.634	5
13.697	5
13.741	4
13.78	4
13.903	4
13.961	4
14.303	4
14.418	4
14.494	4
14.514	4
14.535	4
14.61	4
14.661	4
14.795	4
15.074	3
15.76	3
16.697	3
16.742	3
17.198	3
17.295	3
17.352	3
17.802	3
18.07	3
18.075	3
18.419	3
18.845	3
18.919	3
18.98	3
19.692	3
20.493	3
20.496	3
23.858	3
24.048	3
24.099	3
24.351	3
24.633	3
24.636	3
24.668	3
25.008	3
25.339	3
26.853	3
34.926	3
47.141	3
0.001	1
0.001	1
0.001	1
0.002	1
0.002	1
0.002	1
0.003	1
0.003	1
0.003	1
0.003	1
0.004	1
0.005	1
0.005	1
0.007	1
0.009	1
0.017	1
0.025	1
0.033	1
0.042	1
0.044	1
0.058	1
0.059	1
0.066	1
0.075	1
0.084	1
0.105	1
0.109	1
0.113	1
0.118	1
0.122	1
0.123	1
0.124	1
0.127	2
0.13	2
0.137	2
0.138	2
0.141	2
0.142	2
0.144	2
0.144	2
0.152	2
0.159	2
0.161	2
0.164	2
0.166	2
0.166	2
0.17	2
0.171	2
0.173	2
0.176	2
0.176	2
0.177	2
0.182	2
0.186	2
0.189	2
0.189	2
0.191	2
0.191	2
0.197	2
0.205	2
0.207	2
0.209	2
0.217	2
0.217	2
0.22	2
0.223	2
0.226	2
0.226	2
0.228	2
0.229	2
0.229	2
0.229	2
0.234	2
0.237	2
0.241	2
0.241	2
0.252	2
0.253	2
0.253	2
0.256	2
0.257	2
0.258	2
0.266	2
0.266	2
0.271	2
0.276	2
0.277	2
0.283	2
0.285	2
0.286	2
0.29	2
0.296	2
0.3	2
0.31	2
0.322	2
0.323	2
0.325	2
0.33	2
0.331	2
0.333	2
0.345	2
0.346	2
0.346	2
0.367	2
0.37	2
0.37	2
0.376	2
0.377	2
0.377	2
0.382	2
0.384	2
0.387	2
0.391	2
0.393	2
0.393	2
0.395	2
0.398	2
0.408	2
0.416	2
0.418	2
0.419	2
0.429	3
0.436	3
0.437	3
0.438	3
0.439	3
0.443	3
0.448	3
0.455	3
0.455	3
0.46	3
0.463	3
0.468	3
0.468	3
0.473	3
0.478	3
0.48	3
0.482	3
0.482	3
0.486	3
0.49	3
0.504	3
0.504	3
0.506	3
0.509	3
0.511	3
0.511	3
0.515	3
0.519	3
0.521	3
0.525	3
0.526	3
0.531	3
0.531	3
0.534	3
0.535	3
0.539	3
0.541	3
0.542	3
0.542	3
0.543	3
0.546	3
0.548	3
0.549	3
0.55	3
0.551	3
0.551	3
0.552	3
0.555	3
0.559	3
0.561	3
0.563	3
0.567	4
0.569	4
0.579	4
0.582	4
0.587	4
0.588	4
0.589	4
0.589	4
0.591	4
0.594	4
0.596	4
0.598	4
0.599	4
0.605	4
0.606	4
0.607	4
0.608	4
0.611	4
0.615	4
0.623	4
0.624	4
0.629	4
0.634	4
0.64	4
0.642	4
0.642	4
0.648	4
0.652	4
0.66	4
0.662	4
0.665	4
0.665	4
0.666	4
0.668	4
0.668	4
0.668	4
0.669	4
0.676	4
0.679	4
0.681	4
0.685	4
0.697	4
0.698	4
0.699	4
0.713	4
0.714	4
0.718	4
0.725	4
0.725	4
0.731	4
0.738	4
0.742	4
0.743	4
0.746	4
0.752	4
0.757	4
0.758	4
0.76	4
0.766	4
0.768	4
0.776	4
0.781	4
0.793	4
0.793	4
0.795	4
0.806	4
0.818	4
0.82	4
0.82	4
0.824	4
0.831	4
0.831	4
0.833	4
0.833	4
0.836	4
0.841	4
0.856	4
0.859	4
0.865	4
0.868	4
0.878	4
0.881	4
0.893	4
0.897	4
0.908	4
0.911	4
0.912	4
0.918	4
0.93	4
0.933	4
0.941	4
0.96	4
0.972	4
0.995	4
0.999	4
1.003	4
1.024	4
1.029	4
1.042	4
1.046	4
1.051	4
1.056	4
1.068	4
1.07	4
1.081	4
1.118	4
1.136	4
1.157	4
1.161	4
1.221	4
1.279	4
1.385	4
1.388	4
1.393	4
1.395	4
1.419	4
1.559	4
1.657	4
1.716	3
1.785	3
2.031	3
2.071	3
2.071	3
2.181	3
2.19	3
2.332	3
2.332	3
2.573	3
2.597	3
2.667	3
2.69	3
2.701	3
2.784	3
2.881	3
3.035	3
3.233	3
3.251	3
3.313	3
3.474	3
3.659	3
3.675	3
3.687	3
3.922	3
3.924	3
4.093	3
4.317	3
4.333	3
4.387	3
4.569	3
4.676	3
4.688	3
4.727	3
4.737	3
5.031	3
5.035	3
5.066	3
5.44	3
5.463	3
5.502	3
5.531	3
5.543	3
5.633	3
5.67	3
5.773	3
5.907	3
6.001	3
6.042	3
6.078	3
6.134	3
6.138	3
6.201	3
6.238	3
6.346	3
6.421	3
6.481	3
6.726	3
6.791	3
6.821	3
6.827	3
6.876	3
6.897	3
6.917	3
6.934	3
6.984	3
7.043	3
7.085	3
7.108	3
7.158	3
7.185	3
7.263	3
7.402	3
7.436	3
7.567	3
7.579	3
7.649	3
7.777	3
7.814	3
7.816	3
7.908	3
8.083	3
8.099	3
8.112	3
8.234	3
8.249	3
8.393	3
8.617	3
8.723	3
9.247	3
9.297	3
9.403	3
9.604	3
9.718	3
9.782	3
10.003	3
10.279	3
10.287	3
10.288	3
10.314	3
10.551	3
10.59	3
10.744	3
10.813	3
10.826	3
10.887	3
11.15	3
11.238	3
11.255	3
11.498	3
11.728	3
11.819	3
11.872	3
12.071	3
12.086	3
12.375	3
12.475	3
12.657	3
13.195	3
13.317	3
13.359	3
13.455	3
13.606	3
13.634	3
13.697	3
13.741	3
13.78	3
13.903	3
13.961	3
14.303	3
14.418	3
14.494	3
14.514	3
14.535	3
14.61	3
14.661	3
14.795	3
15.074	3
15.76	3
16.697	3
16.742	3
17.198	3
17.295	3
17.352	3
17.802	3
18.07	3
18.075	3
18.419	3
18.845	3
18.919	3
18.98	3
19.692	3
20.493	3
20.496	3
23.858	3
24.048	3
24.099	3
24.351	3
24.633	3
24.636	3
24.668	3
25.008	3
25.339	3
26.853	3
34.926	3
47.141	3
0.001	1
0.001	1
0.002	1
0.002	1
0.002	1
0.003	1
0.003	1
0.003	1
0.003	1
0.004	1
0.005	1
0.005	1
0.007	1
0.009	1
0.017	1
0.025	1
0.033	1
0.042	1
0.044	1
0.058	1
0.059	1
0.066	1
0.075	1
0.084	1
0.105	1
0.109	1
0.113	1
0.118	1
0.122	1
0.123	1
0.124	1
0.127	1
0.13	1
0.137	1
0.138	1
0.141	1
0.142	1
0.144	1
0.144	1
0.152	1
0.159	1
0.161	1
0.164	2
0.166	2
0.166	2
0.17	2
0.171	2
0.173	2
0.176	2
0.176	2
0.177	2
0.182	2
0.186	2
0.189	2
0.189	2
0.191	2
0.191	2
0.197	2
0.205	2
0.207	2
0.209	2
0.217	2
0.217	2
0.22	2
0.223	2
0.226	2
0.226	2
0.228	2
0.229	2
0.229	3
0.229	3
0.234	3
0.237	3
0.241	3
0.241	3
0.252	3
0.253	3
0.253	3
0.256	3
0.257	3
0.258	3
0.266	3
0.266	3
0.271	3
0.276	3
0.277	3
0.283	3
0.285	3
0.286	3
0.29	3
0.296	3
0.3	3
0.31	3
0.322	3
0.323	3
0.325	3
0.33	3
0.331	3
0.333	3
0.345	3
0.346	3
0.346	3
0.367	3
0.37	3
0.37	3
0.376	3
0.377	3
0.377	3
0.382	3
0.384	3
0.387	3
0.391	3
0.393	3
0.393	3
0.395	3
0.398	3
0.408	3
0.416	3
0.418	3
0.419	3
0.429	3
0.436	3
0.437	3
0.438	3
0.439	3
0.443	3
0.448	3
0.455	3
0.455	3
0.46	3
0.463	3
0.468	3
0.468	3
0.473	3
0.478	3
0.48	3
0.482	3
0.482	3
0.486	3
0.49	3
0.504	3
0.504	3
0.506	3
0.509	3
0.511	3
0.511	3
0.515	3
0.519	3
0.521	3
0.525	3
0.526	3
0.531	3
0.531	3
0.534	3
0.535	3
0.539	3
0.541	3
0.542	3
0.542	3
0.543	3
0.546	3
0.548	3
0.549	3
0.55	3
0.551	3
0.551	3
0.552	3
0.555	3
0.559	3
0.561	3
0.563	3
0.567	3
0.569	3
0.579	3
0.582	3
0.587	3
0.588	3
0.589	3
0.589	3
0.591	3
0.594	3
0.596	3
0.598	3
0.599	3
0.605	3
0.606	3
0.607	3
0.608	3
0.611	3
0.615	3
0.623	3
0.624	3
0.629	3
0.634	3
0.64	3
0.642	3
0.642	3
0.648	3
0.652	3
0.66	3
0.662	3
0.665	3
0.665	3
0.666	3
0.668	3
0.668	3
0.668	3
0.669	3
0.676	3
0.679	3
0.681	3
0.685	3
0.697	3
0.698	3
0.699	3
0.713	3
0.714	3
0.718	3
0.725	3
0.725	3
0.731	3
0.738	3
0.742	3
0.743	3
0.746	3
0.752	3
0.757	3
0.758	3
0.76	3
0.766	3
0.768	3
0.776	3
0.781	3
0.793	3
0.793	3
0.795	3
0.806	3
0.818	3
0.82	3
0.82	3
0.824	3
0.831	3
0.831	3
0.833	3
0.833	3
0.836	3
0.841	3
0.856	3
0.859	3
0.865	3
0.868	3
0.878	3
0.881	3
0.893	3
0.897	3
0.908	3
0.911	3
0.912	3
0.918	3
0.93	3
0.933	3
0.941	3
0.96	3
0.972	3
0.995	3
0.999	3
1.003	3
1.024	3
1.029	3
1.042	3
1.046	3
1.051	3
1.056	3
1.068	3
1.07	3
1.081	3
1.118	3
1.136	3
1.157	3
1.161	3
1.221	3
1.279	3
1.385	3
1.388	3
1.393	3
1.395	3
1.419	3
1.559	3
1.657	3
1.716	3
1.785	3
2.031	3
2.071	3
2.071	3
2.181	3
2.19	3
2.332	3
2.332	3
2.573	3
2.597	3
2.667	3
2.69	3
2.701	3
2.784	3
2.881	3
3.035	3
3.233	3
3.251	3
3.313	3
3.474	3
3.659	3
3.675	3
3.687	3
3.922	3
3.924	3
4.093	3
4.317	3
4.333	3
4.387	3
4.569	3
4.676	3
4.688	3
4.727	3
4.737	3
5.031	3
5.035	3
5.066	3
5.44	3
5.463	3
5.502	3
5.531	3
5.543	3
5.633	3
5.67	3
5.773	3
5.907	3
6.001	3
6.042	3
6.078	3
6.134	3
6.138	3
6.201	3
6.238	3
6.346	3
6.421	3
6.481	3
6.726	3
6.791	3
6.821	3
6.827	3
6.876	3
6.897	3
6.917	3
6.934	3
6.984	3
7.043	3
7.085	3
7.108	3
7.158	3
7.185	3
7.263	3
7.402	3
7.436	3
7.567	3
7.579	3
7.649	3
7.777	3
7.814	3
7.816	3
7.908	3
8.083	3
8.099	3
8.112	3
8.234	3
8.249	3
8.393	3
8.617	3
8.723	3
9.247	3
9.297	3
9.403	3
9.604	3
9.718	3
9.782	3
10.003	3
10.279	3
10.287	3
10.288	3
10.314	3
10.551	3
10.59	3
10.744	3
10.813	3
10.826	3
10.887	3
11.15	3
11.238	3
11.255	3
11.498	3
11.728	3
11.819	3
11.872	3
12.071	3
12.086	3
12.375	3
12.475	3
12.657	3
13.195	3
13.317	3
13.359	3
13.455	3
13.606	3
13.634	3
13.697	3
13.741	3
13.78	3
13.903	3
13.961	3
14.303	3
14.418	3
14.494	3
14.514	3
14.535	3
14.61	3
14.661	3
14.795	3
15.074	3
15.76	3
16.697	3
16.742	3
17.198	3
17.295	3
17.352	3
17.802	3
18.07	3
18.075	3
18.419	3
18.845	3
18.919	3
18.98	3
19.692	3
20.493	3
20.496	3
23.858	3
24.048	3
24.099	3
24.351	3
24.633	3
24.636	3
24.668	3
25.008	3
25.339	3
26.853	3
34.926	3
47.141	3
0.0	1
0.0	1
0.0	1
0.0	1
0.001	1
0.001	1
0.001	1
0.002	1
0.002	1
0.002	1
0.002	1
0.003	1
0.004	1
0.004	1
0.006	1
0.008	1
0.016	1
0.024	1
0.032	1
0.041	1
0.043	1
0.057	1
0.058	1
0.065	1
0.074	1
0.083	1
0.104	1
0.108	1
0.112	1
0.117	1
0.121	1
0.122	1
0.123	1
0.126	1
0.129	1
0.136	1
0.137	1
0.14	1
0.141	1
0.143	1
0.143	1
0.151	1
0.158	1
0.16	1
0.163	1
0.165	1
0.165	1
0.169	1
0.17	1
0.172	1
0.175	1
0.175	1
0.176	1
0.181	1
0.185	1
0.188	1
0.188	1
0.19	1
0.19	1
0.196	1
0.204	1
0.206	1
0.208	1
0.216	1
0.216	1
0.219	1
0.222	1
0.225	1
0.225	1
0.227	1
0.228	1
0.228	1
0.228	1
0.233	1
0.236	1
0.24	1
0.24	1
0.251	1
0.252	1
0.252	1
0.255	1
0.256	1
0.257	1
0.265	1
0.265	1
0.27	1
0.275	1
0.276	1
0.282	1
0.284	1
0.285	1
0.289	1
0.295	1
0.299	1
0.309	1
0.321	1
0.322	1
0.324	1
0.329	1
0.33	1
0.332	1
0.344	1
0.345	1
0.345	1
0.366	1
0.369	1
0.369	1
0.375	1
0.376	1
0.376	1
0.381	1
0.383	1
0.386	1
0.39	1
0.392	1
0.392	1
0.394	1
0.397	1
0.407	1
0.415	1
0.417	1
0.418	1
0.428	1
0.435	1
0.436	1
0.437	1
0.438	1
0.442	1
0.447	1
0.454	1
0.454	1
0.459	1
0.462	1
0.467	1
0.467	1
0.472	1
0.477	1
0.479	1
0.481	1
0.481	1
0.485	1
0.489	1
0.503	1
0.503	1
0.505	1
0.508	1
0.51	1
0.51	1
0.514	1
0.518	1
0.52	1
0.524	1
0.525	1
0.53	1
0.53	1
0.533	1
0.534	1
0.538	1
0.54	1
0.541	1
0.541	1
0.542	1
0.545	1
0.547	1
0.548	1
0.549	1
0.55	1
0.55	1
0.551	1
0.554	1
0.558	1
0.56	1
0.562	1
0.566	1
0.568	1
0.578	1
0.581	1
0.586	1
0.587	1
0.588	1
0.588	1
0.59	1
0.593	1
0.595	1
0.597	1
0.598	1
0.604	1
0.605	1
0.606	1
0.607	1
0.61	1
0.614	1
0.622	1
0.623	1
0.628	1
0.633	1
0.639	1
0.641	1
0.641	1
0.647	1
0.651	1
0.659	1
0.661	1
0.664	1
0.664	1
0.665	1
0.667	1
0.667	1
0.667	1
0.668	1
0.675	1
0.678	1
0.68	1
0.684	1
0.696	1
0.697	1
0.698	1
0.712	1
0.713	1
0.717	1
0.724	1
0.724	1
0.73	1
0.737	1
0.741	1
0.742	1
0.745	1
0.751	1
0.756	1
0.757	1
0.759	1
0.765	1
0.767	1
0.775	1
0.78	1
0.792	1
0.792	1
0.794	1
0.805	1
0.817	1
0.819	1
0.819	2
0.823	2
0.83	2
0.83	2
0.832	2
0.832	2
0.835	2
0.84	2
0.855	2
0.858	2
0.864	2
0.867	2
0.877	2
0.88	2
0.892	2
0.896	2
0.907	2
0.91	2
0.911	2
0.917	2
0.929	3
0.932	3
0.94	4
0.959	4
0.971	4
0.994	4
0.998	4
1.002	4
1.023	4
1.028	4
1.041	4
1.045	4
1.05	4
1.055	4
1.067	4
1.069	4
1.08	4
1.117	4
1.135	4
1.156	4
1.16	4
1.22	4
1.278	4
1.384	4
1.387	4
1.392	4
1.394	4
1.418	4
1.558	4
1.656	3
1.715	3
1.784	3
2.03	3
2.07	3
2.07	3
2.18	3
2.189	3
2.331	3
2.331	3
2.572	3
2.596	3
2.666	3
2.689	3
2.7	3
2.783	3
2.88	3
3.034	3
3.232	3
3.25	3
3.312	3
3.473	3
3.658	3
3.674	3
3.686	3
3.921	3
3.923	3
4.092	3
4.316	3
4.332	3
4.386	3
4.568	3
4.675	3
4.687	3
4.726	3
4.736	3
5.03	3
5.034	3
5.065	3
5.439	3
5.462	3
5.501	3
5.53	3
5.542	3
5.632	3
5.669	3
5.772	3
5.906	3
6.0	3
6.041	3
6.077	3
6.133	3
6.137	3
6.2	3
6.237	3
6.345	3
6.42	3
6.48	3
6.725	3
6.79	3
6.82	3
6.826	3
6.875	3
6.896	3
6.916	3
6.933	3
6.983	3
7.042	3
7.084	3
7.107	3
7.157	3
7.184	3
7.262	3
7.401	3
7.435	3
7.566	3
7.578	3
7.648	3
7.776	3
7.813	3
7.815	3
7.907	3
8.082	3
8.098	3
8.111	3
8.233	3
8.248	3
8.392	3
8.616	3
8.722	3
9.246	3
9.296	3
9.402	3
9.603	3
9.717	3
9.781	3
10.002	3
10.278	3
10.286	3
10.287	3
10.313	3
10.55	3
10.589	3
10.743	3
10.812	3
10.825	3
10.886	3
11.149	3
11.237	3
11.254	3
11.497	3
11.727	3
11.818	3
11.871	3
12.07	3
12.085	3
12.374	3
12.474	3
12.656	3
13.194	3
13.316	3
13.358	3
13.454	3
13.605	3
13.633	3
13.696	3
13.74	3
13.779	3
13.902	3
13.96	3
14.302	3
14.417	3
14.493	3
14.513	3
14.534	3
14.609	3
14.66	3
14.794	3
15.073	3
15.759	3
16.696	3
16.741	3
17.197	3
17.294	3
17.351	3
17.801	3
18.069	3
18.074	3
18.418	3
18.844	3
18.918	3
18.979	3
19.691	3
20.492	3
20.495	3
23.857	3
24.047	3
24.098	3
24.35	3
24.632	3
24.635	3
24.667	3
25.007	3
25.338	3
26.852	3
34.925	3
47.14	3
0.0	1
0.001	1
0.001	1
0.001	1
0.002	1
0.002	1
0.002	1
0.002	1
0.003	1
0.004	1
0.004	1
0.006	1
0.008	1
0.016	1
0.024	1
0.032	1
0.041	1
0.043	1
0.057	1
0.058	1
0.065	1
0.074	1
0.083	1
0.104	1
0.108	1
0.112	1
0.117	1
0.121	1
0.122	1
0.123	1
0.126	1
0.129	1
0.136	1
0.137	1
0.14	1
0.141	1
0.143	1
0.143	1
0.151	1
0.158	1
0.16	1
0.163	1
0.165	1
0.165	1
0.169	1
0.17	1
0.172	1
0.175	1
0.175	1
0.176	1
0.181	1
0.185	1
0.188	1
0.188	1
0.19	1
0.19	1
0.196	1
0.204	1
0.206	1
0.208	1
0.216	1
0.216	1
0.219	1
0.222	1
0.225	1
0.225	1
0.227	1
0.228	1
0.228	1
0.228	1
0.233	1
0.236	1
0.24	1
0.24	1
0.251	1
0.252	1
0.252	1
0.255	1
0.256	1
0.257	1
0.265	1
0.265	1
0.27	1
0.275	1
0.276	1
0.282	1
0.284	1
0.285	1
0.289	1
0.295	1
0.299	1
0.309	1
0.321	1
0.322	1
0.324	1
0.329	1
0.33	1
0.332	1
0.344	1
0.345	1
0.345	1
0.366	1
0.369	1
0.369	1
0.375	1
0.376	2
0.376	2
0.381	2
0.383	2
0.386	2
0.39	2
0.392	2
0.392	2
0.394	2
0.397	2
0.407	2
0.415	2
0.417	2
0.418	2
0.428	2
0.435	2
0.436	2
0.437	2
0.438	2
0.442	3
0.447	3
0.454	3
0.454	3
0.459	3
0.462	3
0.467	3
0.467	3
0.472	3
0.477	3
0.479	3
0.481	3
0.481	3
0.485	3
0.489	3
0.503	3
0.503	3
0.505	3
0.508	3
0.51	3
0.51	3
0.514	3
0.518	3
0.52	3
0.524	3
0.525	3
0.53	3
0.53	3
0.533	3
0.534	3
0.538	3
0.54	3
0.541	3
0.541	3
0.542	3
0.545	3
0.547	3
0.548	3
0.549	3
0.55	3
0.55	3
0.551	3
0.554	3
0.558	3
0.56	3
0.562	3
0.566	3
0.568	3
0.578	3
0.581	3
0.586	3
0.587	3
0.588	3
0.588	3
0.59	3
0.593	3
0.595	3
0.597	3
0.598	3
0.604	3
0.605	3
0.606	3
0.607	3
0.61	3
0.614	3
0.622	3
0.623	3
0.628	3
0.633	3
0.639	3
0.641	3
0.641	3
0.647	3
0.651	3
0.659	3
0.661	3
0.664	3
0.664	3
0.665	3
0.667	3
0.667	3
0.667	3
0.668	3
0.675	3
0.678	3
0.68	3
0.684	3
0.696	3
0.697	3
0.698	3
0.712	3
0.713	3
0.717	3
0.724	3
0.724	3
0.73	3
0.737	3
0.741	3
0.742	3
0.745	3
0.751	3
0.756	3
0.757	3
0.759	3
0.765	3
0.767	3
0.775	3
0.78	4
0.792	4
0.792	4
0.794	4
0.805	4
0.817	4
0.819	4
0.819	4
0.823	4
0.83	4
0.83	4
0.832	4
0.832	4
0.835	4
0.84	4
0.855	4
0.858	4
0.864	4
0.867	5
0.877	5
0.88	5
0.892	5
0.896	5
0.907	5
0.91	5
0.911	5
0.917	5
0.929	5
0.932	5
0.94	5
0.959	5
0.971	5
0.994	5
0.998	5
1.002	5
1.023	5
1.028	5
1.041	5
1.045	5
1.05	5
1.055	5
1.067	5
1.069	5
1.08	5
1.117	5
1.135	5
1.156	5
1.16	5
1.22	5
1.278	5
1.384	5
1.387	5
1.392	5
1.394	5
1.418	5
1.558	5
1.656	5
1.715	5
1.784	5
2.03	5
2.07	5
2.07	5
2.18	5
2.189	5
2.331	5
2.331	5
2.572	5
2.596	5
2.666	5
2.689	5
2.7	5
2.783	5
2.88	5
3.034	5
3.232	5
3.25	5
3.312	5
3.473	5
3.658	5
3.674	5
3.686	5
3.921	5
3.923	5
4.092	5
4.316	5
4.332	5
4.386	5
4.568	5
4.675	5
4.687	5
4.726	5
4.736	5
5.03	5
5.034	5
5.065	5
5.439	5
5.462	5
5.501	5
5.53	5
5.542	5
5.632	5
5.669	5
5.772	5
5.906	5
6.0	5
6.041	5
6.077	5
6.133	5
6.137	5
6.2	5
6.237	5
6.345	5
6.42	5
6.48	5
6.725	5
6.79	4
6.82	4
6.826	4
6.875	4
6.896	4
6.916	4
6.933	4
6.983	4
7.042	3
7.084	3
7.107	3
7.157	3
7.184	3
7.262	3
7.401	3
7.435	3
7.566	2
7.578	2
7.648	2
7.776	2
7.813	2
7.815	2
7.907	2
8.082	2
8.098	3
8.111	3
8.233	3
8.248	3
8.392	3
8.616	3
8.722	3
9.246	3
9.296	3
9.402	3
9.603	3
9.717	3
9.781	3
10.002	3
10.278	3
10.286	3
10.287	3
10.313	3
10.55	3
10.589	3
10.743	3
10.812	3
10.825	3
10.886	3
11.149	3
11.237	3
11.254	3
11.497	3
11.727	3
11.818	3
11.871	3
12.07	3
12.085	3
12.374	3
12.474	3
12.656	3
13.194	3
13.316	3
13.358	3
13.454	3
13.605	3
13.633	3
13.696	3
13.74	3
13.779	3
13.902	3
13.96	3
14.302	3
14.417	3
14.493	3
14.513	3
14.534	3
14.609	3
14.66	3
14.794	3
15.073	3
15.759	3
16.696	3
16.741	3
17.197	3
17.294	3
17.351	3
17.801	3
18.069	3
18.074	3
18.418	3
18.844	3
18.918	3
18.979	3
19.691	3
20.492	3
20.495	3
23.857	3
24.047	3
24.098	3
24.35	3
24.632	3
24.635	3
24.667	3
25.007	3
25.338	3
26.852	3
34.925	3
47.14	3
0.0	1
0.0	1
0.0	1
0.001	1
0.001	1
0.001	1
0.001	1
0.002	1
0.003	1
0.003	1
0.005	1
0.007	1
0.015	1
0.023	1
0.031	1
0.04	1
0.042	1
0.056	1
0.057	1
0.064	1
0.073	1
0.082	1
0.103	1
0.107	1
0.111	1
0.116	1
0.12	1
0.121	1
0.122	1
0.125	1
0.128	1
0.135	1
0.136	1
0.139	1
0.14	1
0.142	1
0.142	1
0.15	1
0.157	1
0.159	1
0.162	1
0.164	2
0.164	2
0.168	2
0.169	2
0.171	2
0.174	2
0.174	2
0.175	2
0.18	2
0.184	2
0.187	2
0.187	2
0.189	2
0.189	2
0.195	2
0.203	2
0.205	2
0.207	2
0.215	2
0.215	2
0.218	2
0.221	3
0.224	3
0.224	3
0.226	3
0.227	3
0.227	3
0.227	3
0.232	3
0.235	3
0.239	4
0.239	4
0.25	4
0.251	4
0.251	4
0.254	4
0.255	4
0.256	4
0.264	4
0.264	4
0.269	4
0.274	4
0.275	4
0.281	4
0.283	4
0.284	4
0.288	4
0.294	4
0.298	4
0.308	4
0.32	4
0.321	4
0.323	4
0.328	4
0.329	4
0.331	4
0.343	4
0.344	4
0.344	4
0.365	4
0.368	4
0.368	4
0.374	4
0.375	4
0.375	4
0.38	4
0.382	4
0.385	4
0.389	4
0.391	4
0.391	4
0.393	4
0.396	4
0.406	4
0.414	4
0.416	4
0.417	4
0.427	4
0.434	4
0.435	4
0.436	4
0.437	4
0.441	4
0.446	4
0.453	4
0.453	4
0.458	4
0.461	4
0.466	4
0.466	4
0.471	4
0.476	4
0.478	4
0.48	4
0.48	4
0.484	4
0.488	4
0.502	4
0.502	4
0.504	4
0.507	4
0.509	4
0.509	4
0.513	4
0.517	4
0.519	4
0.523	4
0.524	4
0.529	4
0.529	4
0.532	4
0.533	4
0.537	4
0.539	4
0.54	4
0.54	4
0.541	4
0.544	4
0.546	4
0.547	4
0.548	4
0.549	4
0.549	4
0.55	4
0.553	4
0.557	4
0.559	4
0.561	4
0.565	4
0.567	4
0.577	4
0.58	4
0.585	4
0.586	4
0.587	4
0.587	4
0.589	4
0.592	4
0.594	4
0.596	4
0.597	4
0.603	4
0.604	4
0.605	4
0.606	4
0.609	4
0.613	4
0.621	4
0.622	4
0.627	4
0.632	4
0.638	4
0.64	4
0.64	4
0.646	4
0.65	4
0.658	4
0.66	4
0.663	4
0.663	4
0.664	4
0.666	4
0.666	4
0.666	4
0.667	4
0.674	4
0.677	4
0.679	4
0.683	4
0.695	4
0.696	4
0.697	4
0.711	4
0.712	4
0.716	4
0.723	4
0.723	4
0.729	4
0.736	4
0.74	4
0.741	4
0.744	4
0.75	4
0.755	4
0.756	4
0.758	4
0.764	4
0.766	4
0.774	4
0.779	4
0.791	4
0.791	4
0.793	4
0.804	4
0.816	4
0.818	4
0.818	4
0.822	4
0.829	4
0.829	4
0.831	4
0.831	4
0.834	4
0.839	4
0.854	4
0.857	4
0.863	4
0.866	4
0.876	4
0.879	4
0.891	4
0.895	4
0.906	4
0.909	4
0.91	4
0.916	4
0.928	4
0.931	4
0.939	4
0.958	4
0.97	4
0.993	4
0.997	4
1.001	4
1.022	4
1.027	4
1.04	4
1.044	4
1.049	4
1.054	4
1.066	4
1.068	4
1.079	4
1.116	4
1.134	4
1.155	4
1.159	4
1.219	4
1.277	4
1.383	4
1.386	4
1.391	4
1.393	4
1.417	4
1.557	4
1.655	4
1.714	4
1.783	4
2.029	4
2.069	4
2.069	4
2.179	3
2.188	3
2.33	3
2.33	3
2.571	3
2.595	3
2.665	3
2.688	3
2.699	3
2.782	3
2.879	3
3.033	3
3.231	3
3.249	3
3.311	3
3.472	3
3.657	3
3.673	3
3.685	3
3.92	3
3.922	3
4.091	3
4.315	3
4.331	3
4.385	3
4.567	3
4.674	3
4.686	3
4.725	3
4.735	3
5.029	3
5.033	3
5.064	3
5.438	3
5.461	3
5.5	3
5.529	3
5.541	3
5.631	3
5.668	3
5.771	3
5.905	3
5.999	3
6.04	3
6.076	3
6.132	3
6.136	3
6.199	3
6.236	3
6.344	3
6.419	3
6.479	3
6.724	3
6.789	3
6.819	3
6.825	3
6.874	3
6.895	3
6.915	3
6.932	3
6.982	3
7.041	3
7.083	3
7.106	3
7.156	3
7.183	3
7.261	3
7.4	3
7.434	3
7.565	3
7.577	3
7.647	3
7.775	3
7.812	3
7.814	3
7.906	3
8.081	3
8.097	3
8.11	3
8.232	3
8.247	3
8.391	3
8.615	3
8.721	3
9.245	3
9.295	3
9.401	3
9.602	3
9.716	3
9.78	3
10.001	3
10.277	3
10.285	3
10.286	3
10.312	3
10.549	3
10.588	3
10.742	3
10.811	3
10.824	3
10.885	3
11.148	3
11.236	3
11.253	3
11.496	3
11.726	3
11.817	3
11.87	3
12.069	3
12.084	3
12.373	3
12.473	3
12.655	3
13.193	3
13.315	3
13.357	3
13.453	3
13.604	3
13.632	3
13.695	3
13.739	3
13.778	3
13.901	3
13.959	3
14.301	3
14.416	3
14.492	3
14.512	3
14.533	3
14.608	3
14.659	3
14.793	3
15.072	3
15.758	3
16.695	3
16.74	3
17.196	3
17.293	3
17.35	3
17.8	3
18.068	3
18.073	3
18.417	3
18.843	3
18.917	3
18.978	3
19.69	3
20.491	3
20.494	3
23.856	3
24.046	3
24.097	3
24.349	3
24.631	3
24.634	3
24.666	3
25.006	3
25.337	3
26.851	3
34.924	3
47.139	3
0.0	1
0.0	1
0.001	1
0.001	1
0.001	1
0.001	1
0.002	1
0.003	1
0.003	1
0.005	1
0.007	1
0.015	1
0.023	1
0.031	1
0.04	1
0.042	1
0.056	1
0.057	1
0.064	1
0.073	1
0.082	1
0.103	1
0.107	1
0.111	1
0.116	1
0.12	1
0.121	1
0.122	1
0.125	1
0.128	1
0.135	1
0.136	1
0.139	1
0.14	1
0.142	1
0.142	1
0.15	1
0.157	1
0.159	1
0.162	1
0.164	1
0.164	1
0.168	1
0.169	1
0.171	1
0.174	1
0.174	1
0.175	1
0.18	1
0.184	1
0.187	1
0.187	1
0.189	1
0.189	1
0.195	1
0.203	1
0.205	1
0.207	1
0.215	1
0.215	1
0.218	2
0.221	2
0.224	2
0.224	2
0.226	2
0.227	2
0.227	2
0.227	2
0.232	2
0.235	2
0.239	2
0.239	2
0.25	2
0.251	2
0.251	2
0.254	2
0.255	2
0.256	2
0.264	2
0.264	2
0.269	2
0.274	2
0.275	2
0.281	2
0.283	2
0.284	2
0.288	2
0.294	2
0.298	2
0.308	2
0.32	2
0.321	2
0.323	2
0.328	2
0.329	2
0.331	2
0.343	2
0.344	2
0.344	2
0.365	2
0.368	2
0.368	2
0.374	2
0.375	2
0.375	2
0.38	2
0.382	2
0.385	2
0.389	3
0.391	3
0.391	3
0.393	3
0.396	3
0.406	3
0.414	3
0.416	3
0.417	3
0.427	3
0.434	3
0.435	3
0.436	3
0.437	3
0.441	3
0.446	3
0.453	3
0.453	3
0.458	3
0.461	3
0.466	3
0.466	3
0.471	3
0.476	3
0.478	3
0.48	3
0.48	3
0.484	3
0.488	3
0.502	3
0.502	3
0.504	3
0.507	3
0.509	3
0.509	3
0.513	3
0.517	3
0.519	3
0.523	3
0.524	3
0.529	3
0.529	3
0.532	3
0.533	3
0.537	3
0.539	3
0.54	3
0.54	3
0.541	3
0.544	3
0.546	3
0.547	3
0.548	3
0.549	3
0.549	3
0.55	3
0.553	3
0.557	3
0.559	3
0.561	3
0.565	3
0.567	3
0.577	3
0.58	3
0.585	3
0.586	3
0.587	3
0.587	3
0.589	3
0.592	3
0.594	3
0.596	3
0.597	3
0.603	3
0.604	3
0.605	3
0.606	3
0.609	3
0.613	3
0.621	3
0.622	3
0.627	3
0.632	3
0.638	3
0.64	3
0.64	3
0.646	3
0.65	3
0.658	3
0.66	3
0.663	3
0.663	3
0.664	3
0.666	3
0.666	3
0.666	3
0.667	3
0.674	3
0.677	3
0.679	3
0.683	3
0.695	3
0.696	3
0.697	3
0.711	3
0.712	3
0.716	3
0.723	3
0.723	3
0.729	3
0.736	3
0.74	3
0.741	3
0.744	3
0.75	3
0.755	4
0.756	4
0.758	4
0.764	4
0.766	4
0.774	5
0.779	5
0.791	5
0.791	5
0.793	5
0.804	5
0.816	5
0.818	5
0.818	5
0.822	5
0.829	5
0.829	5
0.831	5
0.831	5
0.834	5
0.839	5
0.854	5
0.857	5
0.863	5
0.866	5
0.876	6
0.879	6
0.891	6
0.895	6
0.906	6
0.909	6
0.91	6
0.916	6
0.928	6
0.931	6
0.939	6
0.958	6
0.97	6
0.993	6
0.997	6
1.001	6
1.022	6
1.027	6
1.04	6
1.044	6
1.049	6
1.054	6
1.066	6
1.068	6
1.079	6
1.116	6
1.134	6
1.155	6
1.159	6
1.219	6
1.277	6
1.383	6
1.386	6
1.391	6
1.393	5
1.417	5
1.557	5
1.655	5
1.714	5
1.783	5
2.029	5
2.069	5
2.069	5
2.179	5
2.188	5
2.33	5
2.33	5
2.571	5
2.595	5
2.665	5
2.688	5
2.699	5
2.782	5
2.879	5
3.033	5
3.231	5
3.249	5
3.311	5
3.472	5
3.657	5
3.673	5
3.685	5
3.92	5
3.922	5
4.091	5
4.315	5
4.331	5
4.385	5
4.567	5
4.674	5
4.686	5
4.725	5
4.735	5
5.029	5
5.033	5
5.064	5
5.438	5
5.461	5
5.5	5
5.529	4
5.541	4
5.631	4
5.668	4
5.771	4
5.905	4
5.999	4
6.04	4
6.076	4
6.132	4
6.136	4
6.199	4
6.236	4
6.344	4
6.419	4
6.479	4
6.724	4
6.789	4
6.819	4
6.825	4
6.874	4
6.895	4
6.915	4
6.932	4
6.982	4
7.041	4
7.083	4
7.106	4
7.156	4
7.183	4
7.261	4
7.4	4
7.434	4
7.565	4
7.577	4
7.647	4
7.775	4
7.812	4
7.814	4
7.906	4
8.081	4
8.097	4
8.11	4
8.232	4
8.247	4
8.391	4
8.615	4
8.721	4
9.245	4
9.295	4
9.401	4
9.602	4
9.716	4
9.78	4
10.001	4
10.277	4
10.285	4
10.286	4
10.312	4
10.549	4
10.588	4
10.742	3
10.811	3
10.824	3
10.885	3
11.148	3
11.236	3
11.253	3
11.496	3
11.726	3
11.817	3
11.87	3
12.069	3
12.084	3
12.373	3
12.473	3
12.655	3
13.193	3
13.315	3
13.357	3
13.453	3
13.604	3
13.632	3
13.695	3
13.739	3
13.778	3
13.901	3
13.959	3
14.301	3
14.416	3
14.492	3
14.512	3
14.533	3
14.608	3
14.659	3
14.793	3
15.072	3
15.758	3
16.695	3
16.74	3
17.196	3
17.293	3
17.35	3
17.8	3
18.068	3
18.073	3
18.417	3
18.843	3
18.917	3
18.978	3
19.69	3
20.491	3
20.494	3
23.856	3
24.046	3
24.097	3
24.349	3
24.631	3
24.634	3
24.666	3
25.006	3
25.337	3
26.851	3
34.924	3
47.139	3
0.0	1
0.001	1
0.001	1
0.001	1
0.001	1
0.002	1
0.003	1
0.003	1
0.005	1
0.007	1
0.015	1
0.023	1
0.031	1
0.04	1
0.042	1
0.056	1
0.057	1
0.064	1
0.073	1
0.082	1
0.103	1
0.107	1
0.111	1
0.116	1
0.12	1
0.121	1
0.122	1
0.125	1
0.128	1
0.135	1
0.136	1
0.139	1
0.14	1
0.142	1
0.142	1
0.15	1
0.157	1
0.159	1
0.162	1
0.164	1
0.164	1
0.168	1
0.169	1
0.171	1
0.174	1
0.174	1
0.175	1
0.18	1
0.184	1
0.187	1
0.187	1
0.189	1
0.189	1
0.195	1
0.203	1
0.205	1
0.207	1
0.215	1
0.215	1
0.218	1
0.221	1
0.224	1
0.224	1
0.226	1
0.227	1
0.227	1
0.227	1
0.232	1
0.235	1
0.239	1
0.239	1
0.25	1
0.251	1
0.251	1
0.254	1
0.255	1
0.256	1
0.264	1
0.264	1
0.269	1
0.274	1
0.275	1
0.281	1
0.283	1
0.284	1
0.288	1
0.294	1
0.298	1
0.308	1
0.32	1
0.321	1
0.323	1
0.328	1
0.329	1
0.331	1
0.343	2
0.344	2
0.344	2
0.365	2
0.368	2
0.368	2
0.374	2
0.375	2
0.375	2
0.38	2
0.382	2
0.385	2
0.389	2
0.391	2
0.391	2
0.393	2
0.396	2
0.406	2
0.414	2
0.416	2
0.417	2
0.427	2
0.434	2
0.435	2
0.436	2
0.437	2
0.441	2
0.446	2
0.453	2
0.453	2
0.458	2
0.461	2
0.466	2
0.466	2
0.471	2
0.476	2
0.478	2
0.48	2
0.48	2
0.484	2
0.488	2
0.502	2
0.502	2
0.504	2
0.507	2
0.509	2
0.509	2
0.513	2
0.517	2
0.519	2
0.523	2
0.524	2
0.529	2
0.529	2
0.532	2
0.533	2
0.537	2
0.539	2
0.54	2
0.54	2
0.541	2
0.544	2
0.546	2
0.547	2
0.548	2
0.549	2
0.549	2
0.55	2
0.553	2
0.557	2
0.559	2
0.561	2
0.565	2
0.567	2
0.577	2
0.58	2
0.585	2
0.586	2
0.587	2
0.587	2
0.589	2
0.592	2
0.594	2
0.596	2
0.597	2
0.603	2
0.604	2
0.605	2
0.606	2
0.609	2
0.613	2
0.621	2
0.622	2
0.627	2
0.632	2
0.638	2
0.64	2
0.64	2
0.646	2
0.65	2
0.658	2
0.66	2
0.663	2
0.663	2
0.664	2
0.666	2
0.666	2
0.666	2
0.667	2
0.674	2
0.677	2
0.679	2
0.683	2
0.695	2
0.696	2
0.697	2
0.711	2
0.712	2
0.716	2
0.723	2
0.723	2
0.729	2
0.736	2
0.74	2
0.741	2
0.744	2
0.75	2
0.755	2
0.756	2
0.758	2
0.764	2
0.766	2
0.774	2
0.779	2
0.791	2
0.791	2
0.793	2
0.804	2
0.816	2
0.818	2
0.818	2
0.822	2
0.829	2
0.829	2
0.831	2
0.831	2
0.834	3
0.839	3
0.854	3
0.857	3
0.863	3
0.866	3
0.876	3
0.879	3
0.891	3
0.895	3
0.906	3
0.909	3
0.91	3
0.916	4
0.928	4
0.931	4
0.939	4
0.958	4
0.97	4
0.993	4
0.997	4
1.001	5
1.022	5
1.027	5
1.04	5
1.044	5
1.049	5
1.054	5
1.066	5
1.068	4
1.079	4
1.116	5
1.134	5
1.155	5
1.159	6
1.219	6
1.277	6
1.383	6
1.386	6
1.391	6
1.393	6
1.417	6
1.557	6
1.655	6
1.714	6
1.783	6
2.029	6
2.069	6
2.069	6
2.179	6
2.188	6
2.33	6
2.33	6
2.571	6
2.595	6
2.665	6
2.688	6
2.699	6
2.782	6
2.879	6
3.033	6
3.231	6
3.249	6
3.311	6
3.472	6
3.657	6
3.673	6
3.685	6
3.92	6
3.922	6
4.091	6
4.315	6
4.331	6
4.385	6
4.567	6
4.674	6
4.686	6
4.725	6
4.735	6
5.029	6
5.033	6
5.064	6
5.438	6
5.461	6
5.5	6
5.529	6
5.541	6
5.631	6
5.668	6
5.771	6
5.905	6
5.999	6
6.04	6
6.076	6
6.132	6
6.136	6
6.199	6
6.236	6
6.344	6
6.419	6
6.479	6
6.724	6
6.789	6
6.819	5
6.825	5
6.874	5
6.895	5
6.915	5
6.932	5
6.982	5
7.041	5
7.083	5
7.106	5
7.156	5
7.183	4
7.261	4
7.4	4
7.434	4
7.565	4
7.577	4
7.647	4
7.775	4
7.812	4
7.814	4
7.906	4
8.081	4
8.097	4
8.11	4
8.232	4
8.247	4
8.391	4
8.615	4
8.721	3
9.245	3
9.295	3
9.401	3
9.602	3
9.716	3
9.78	3
10.001	3
10.277	3
10.285	3
10.286	3
10.312	3
10.549	3
10.588	3
10.742	3
10.811	3
10.824	3
10.885	3
11.148	3
11.236	3
11.253	3
11.496	3
11.726	3
11.817	3
11.87	3
12.069	3
12.084	3
12.373	3
12.473	3
12.655	3
13.193	3
13.315	3
13.357	3
13.453	3
13.604	3
13.632	3
13.695	3
13.739	3
13.778	3
13.901	3
13.959	3
14.301	3
14.416	3
14.492	3
14.512	3
14.533	3
14.608	3
14.659	3
14.793	3
15.072	3
15.758	3
16.695	3
16.74	3
17.196	3
17.293	3
17.35	3
17.8	3
18.068	3
18.073	3
18.417	3
18.843	3
18.917	3
18.978	3
19.69	3
20.491	3
20.494	3
23.856	3
24.046	3
24.097	3
24.349	3
24.631	3
24.634	3
24.666	3
25.006	3
25.337	3
26.851	3
34.924	3
47.139	3
0.0	1
0.0	1
0.0	1
0.0	1
0.001	1
0.002	1
0.002	1
0.004	1
0.006	1
0.014	1
0.022	1
0.03	1
0.039	1
0.041	1
0.055	1
0.056	1
0.063	1
0.072	1
0.081	1
0.102	1
0.106	1
0.11	1
0.115	1
0.119	1
0.12	1
0.121	1
0.124	1
0.127	1
0.134	1
0.135	1
0.138	1
0.139	1
0.141	1
0.141	1
0.149	1
0.156	1
0.158	1
0.161	1
0.163	1
0.163	1
0.167	1
0.168	1
0.17	1
0.173	1
0.173	1
0.174	1
0.179	1
0.183	1
0.186	1
0.186	1
0.188	1
0.188	1
0.194	1
0.202	1
0.204	1
0.206	1
0.214	1
0.214	1
0.217	1
0.22	1
0.223	1
0.223	1
0.225	1
0.226	1
0.226	1
0.226	1
0.231	1
0.234	1
0.238	1
0.238	1
0.249	1
0.25	1
0.25	1
0.253	1
0.254	1
0.255	1
0.263	1
0.263	1
0.268	1
0.273	1
0.274	1
0.28	1
0.282	1
0.283	1
0.287	1
0.293	1
0.297	1
0.307	1
0.319	1
0.32	1
0.322	1
0.327	1
0.328	1
0.33	1
0.342	1
0.343	1
0.343	1
0.364	1
0.367	1
0.367	1
0.373	1
0.374	1
0.374	1
0.379	1
0.381	1
0.384	2
0.388	2
0.39	2
0.39	2
0.392	2
0.395	2
0.405	2
0.413	2
0.415	2
0.416	2
0.426	2
0.433	2
0.434	2
0.435	2
0.436	2
0.44	2
0.445	2
0.452	2
0.452	2
0.457	2
0.46	2
0.465	2
0.465	2
0.47	2
0.475	2
0.477	2
0.479	2
0.479	2
0.483	2
0.487	2
0.501	2
0.501	2
0.503	2
0.506	2
0.508	2
0.508	2
0.512	2
0.516	2
0.518	2
0.522	2
0.523	2
0.528	2
0.528	2
0.531	2
0.532	2
0.536	2
0.538	2
0.539	2
0.539	2
0.54	2
0.543	2
0.545	2
0.546	2
0.547	2
0.548	2
0.548	2
0.549	2
0.552	2
0.556	3
0.558	3
0.56	3
0.564	3
0.566	3
0.576	3
0.579	3
0.584	3
0.585	3
0.586	3
0.586	3
0.588	3
0.591	3
0.593	3
0.595	3
0.596	3
0.602	3
0.603	3
0.604	3
0.605	3
0.608	3
0.612	3
0.62	3
0.621	3
0.626	3
0.631	3
0.637	3
0.639	3
0.639	3
0.645	3
0.649	3
0.657	3
0.659	3
0.662	3
0.662	3
0.663	3
0.665	3
0.665	3
0.665	3
0.666	3
0.673	3
0.676	3
0.678	3
0.682	3
0.694	3
0.695	3
0.696	3
0.71	3
0.711	3
0.715	3
0.722	3
0.722	3
0.728	3
0.735	3
0.739	3
0.74	3
0.743	3
0.749	3
0.754	3
0.755	3
0.757	3
0.763	3
0.765	3
0.773	3
0.778	3
0.79	3
0.79	3
0.792	3
0.803	3
0.815	3
0.817	3
0.817	3
0.821	3
0.828	3
0.828	3
0.83	3
0.83	3
0.833	3
0.838	3
0.853	3
0.856	3
0.862	3
0.865	3
0.875	3
0.878	3
0.89	3
0.894	3
0.905	3
0.908	3
0.909	3
0.915	3
0.927	3
0.93	3
0.938	3
0.957	3
0.969	3
0.992	3
0.996	3
1.0	3
1.021	3
1.026	3
1.039	3
1.043	3
1.048	3
1.053	3
1.065	3
1.067	3
1.078	3
1.115	3
1.133	3
1.154	3
1.158	3
1.218	3
1.276	3
1.382	3
1.385	3
1.39	3
1.392	3
1.416	3
1.556	3
1.654	3
1.713	3
1.782	3
2.028	3
2.068	3
2.068	3
2.178	3
2.187	3
2.329	3
2.329	3
2.57	3
2.594	3
2.664	3
2.687	3
2.698	3
2.781	3
2.878	3
3.032	3
3.23	3
3.248	3
3.31	3
3.471	3
3.656	3
3.672	3
3.684	3
3.919	3
3.921	3
4.09	3
4.314	3
4.33	3
4.384	3
4.566	3
4.673	3
4.685	3
4.724	3
4.734	3
5.028	3
5.032	3
5.063	3
5.437	3
5.46	3
5.499	3
5.528	3
5.54	3
5.63	3
5.667	3
5.77	3
5.904	3
5.998	3
6.039	3
6.075	3
6.131	3
6.135	3
6.198	3
6.235	3
6.343	3
6.418	3
6.478	3
6.723	3
6.788	3
6.818	3
6.824	3
6.873	3
6.894	3
6.914	3
6.931	3
6.981	3
7.04	3
7.082	3
7.105	3
7.155	3
7.182	3
7.26	3
7.399	3
7.433	3
7.564	3
7.576	3
7.646	3
7.774	3
7.811	3
7.813	3
7.905	3
8.08	3
8.096	3
8.109	3
8.231	3
8.246	3
8.39	3
8.614	3
8.72	3
9.244	3
9.294	3
9.4	3
9.601	3
9.715	3
9.779	3
10.0	3
10.276	3
10.284	3
10.285	3
10.311	3
10.548	3
10.587	3
10.741	3
10.81	3
10.823	3
10.884	3
11.147	3
11.235	3
11.252	3
11.495	3
11.725	3
11.816	3
11.869	3
12.068	3
12.083	3
12.372	3
12.472	3
12.654	3
13.192	3
13.314	3
13.356	3
13.452	3
13.603	3
13.631	3
13.694	3
13.738	3
13.777	3
13.9	3
13.958	3
14.3	3
14.415	3
14.491	3
14.511	3
14.532	3
14.607	3
14.658	3
14.792	3
15.071	3
15.757	3
16.694	3
16.739	3
17.195	3
17.292	3
17.349	3
17.799	3
18.067	3
18.072	3
18.416	3
18.842	3
18.916	3
18.977	3
19.689	3
20.49	3
20.493	3
23.855	3
24.045	3
24.096	3
24.348	3
24.63	3
24.633	3
24.665	3
25.005	3
25.336	3
26.85	3
34.923	3
47.138	3
0.0	1
0.0	1
0.0	1
0.001	1
0.002	1
0.002	1
0.004	1
0.006	1
0.014	1
0.022	1
0.03	1
0.039	1
0.041	1
0.055	1
0.056	1
0.063	1
0.072	1
0.081	2
0.102	2
0.106	2
0.11	2
0.115	2
0.119	2
0.12	2
0.121	2
0.124	2
0.127	2
0.134	2
0.135	2
0.138	2
0.139	2
0.141	2
0.141	2
0.149	2
0.156	2
0.158	2
0.161	2
0.163	2
0.163	2
0.167	2
0.168	2
0.17	2
0.173	2
0.173	2
0.174	2
0.179	2
0.183	2
0.186	2
0.186	2
0.188	2
0.188	2
0.194	2
0.202	2
0.204	2
0.206	2
0.214	2
0.214	2
0.217	2
0.22	2
0.223	2
0.223	2
0.225	2
0.226	2
0.226	2
0.226	2
0.231	2
0.234	2
0.238	2
0.238	2
0.249	2
0.25	2
0.25	2
0.253	2
0.254	2
0.255	2
0.263	2
0.263	2
0.268	2
0.273	2
0.274	2
0.28	2
0.282	2
0.283	2
0.287	2
0.293	2
0.297	2
0.307	2
0.319	2
0.32	2
0.322	2
0.327	2
0.328	2
0.33	2
0.342	2
0.343	2
0.343	2
0.364	2
0.367	2
0.367	2
0.373	2
0.374	2
0.374	2
0.379	2
0.381	2
0.384	2
0.388	2
0.39	2
0.39	2
0.392	2
0.395	2
0.405	2
0.413	2
0.415	2
0.416	2
0.426	2
0.433	2
0.434	2
0.435	2
0.436	3
0.44	3
0.445	3
0.452	3
0.452	3
0.457	3
0.46	3
0.465	3
0.465	3
0.47	3
0.475	3
0.477	3
0.479	3
0.479	3
0.483	3
0.487	3
0.501	3
0.501	3
0.503	4
0.506	4
0.508	4
0.508	4
0.512	4
0.516	4
0.518	4
0.522	4
0.523	4
0.528	4
0.528	5
0.531	5
0.532	5
0.536	5
0.538	5
0.539	5
0.539	5
0.54	5
0.543	5
0.545	5
0.546	5
0.547	5
0.548	5
0.548	5
0.549	5
0.552	5
0.556	5
0.558	5
0.56	5
0.564	5
0.566	5
0.576	5
0.579	5
0.584	5
0.585	6
0.586	6
0.586	6
0.588	6
0.591	6
0.593	6
0.595	6
0.596	6
0.602	6
0.603	6
0.604	6
0.605	6
0.608	6
0.612	6
0.62	6
0.621	6
0.626	6
0.631	6
0.637	6
0.639	6
0.639	6
0.645	7
0.649	7
0.657	7
0.659	7
0.662	7
0.662	7
0.663	7
0.665	7
0.665	7
0.665	7
0.666	7
0.673	7
0.676	7
0.678	7
0.682	7
0.694	7
0.695	7
0.696	7
0.71	7
0.711	7
0.715	7
0.722	7
0.722	7
0.728	7
0.735	7
0.739	8
0.74	8
0.743	8
0.749	8
0.754	8
0.755	8
0.757	8
0.763	8
0.765	8
0.773	8
0.778	8
0.79	8
0.79	8
0.792	8
0.803	8
0.815	8
0.817	8
0.817	8
0.821	8
0.828	8
0.828	8
0.83	8
0.83	8
0.833	8
0.838	8
0.853	8
0.856	8
0.862	8
0.865	8
0.875	8
0.878	8
0.89	8
0.894	8
0.905	8
0.908	8
0.909	8
0.915	8
0.927	8
0.93	8
0.938	8
0.957	8
0.969	8
0.992	8
0.996	8
1.0	8
1.021	8
1.026	8
1.039	8
1.043	8
1.048	8
1.053	8
1.065	8
1.067	8
1.078	8
1.115	8
1.133	8
1.154	8
1.158	8
1.218	8
1.276	8
1.382	8
1.385	8
1.39	8
1.392	8
1.416	8
1.556	8
1.654	8
1.713	8
1.782	8
2.028	8
2.068	8
2.068	8
2.178	8
2.187	8
2.329	8
2.329	8
2.57	8
2.594	8
2.664	8
2.687	8
2.698	8
2.781	8
2.878	8
3.032	8
3.23	8
3.248	8
3.31	8
3.471	8
3.656	8
3.672	8
3.684	8
3.919	8
3.921	8
4.09	8
4.314	8
4.33	8
4.384	8
4.566	8
4.673	8
4.685	8
4.724	8
4.734	8
5.028	8
5.032	8
5.063	8
5.437	8
5.46	8
5.499	8
5.528	8
5.54	8
5.63	8
5.667	8
5.77	8
5.904	8
5.998	7
6.039	7
6.075	7
6.131	7
6.135	7
6.198	7
6.235	7
6.343	7
6.418	7
6.478	7
6.723	7
6.788	7
6.818	7
6.824	7
6.873	7
6.894	7
6.914	6
6.931	5
6.981	5
7.04	5
7.082	5
7.105	5
7.155	5
7.182	5
7.26	5
7.399	5
7.433	5
7.564	5
7.576	5
7.646	5
7.774	5
7.811	5
7.813	5
7.905	5
8.08	5
8.096	5
8.109	5
8.231	5
8.246	5
8.39	5
8.614	5
8.72	5
9.244	5
9.294	5
9.4	5
9.601	5
9.715	5
9.779	5
10.0	5
10.276	5
10.284	5
10.285	5
10.311	5
10.548	5
10.587	5
10.741	5
10.81	5
10.823	5
10.884	5
11.147	5
11.235	5
11.252	5
11.495	5
11.725	5
11.816	5
11.869	5
12.068	5
12.083	5
12.372	5
12.472	5
12.654	5
13.192	5
13.314	4
13.356	4
13.452	4
13.603	4
13.631	4
13.694	4
13.738	4
13.777	4
13.9	4
13.958	3
14.3	3
14.415	3
14.491	3
14.511	3
14.532	3
14.607	3
14.658	3
14.792	3
15.071	3
15.757	3
16.694	3
16.739	3
17.195	3
17.292	3
17.349	3
17.799	3
18.067	3
18.072	3
18.416	3
18.842	3
18.916	3
18.977	3
19.689	3
20.49	3
20.493	3
23.855	3
24.045	3
24.096	3
24.348	3
24.63	3
24.633	3
24.665	3
25.005	3
25.336	3
26.85	3
34.923	3
47.138	3
0.0	1
0.0	1
0.001	1
0.002	1
0.002	1
0.004	1
0.006	1
0.014	1
0.022	1
0.03	1
0.039	1
0.041	1
0.055	1
0.056	1
0.063	1
0.072	1
0.081	1
0.102	1
0.106	1
0.11	1
0.115	1
0.119	1
0.12	1
0.121	1
0.124	1
0.127	1
0.134	1
0.135	1
0.138	1
0.139	1
0.141	1
0.141	1
0.149	1
0.156	1
0.158	1
0.161	1
0.163	1
0.163	1
0.167	1
0.168	1
0.17	1
0.173	1
0.173	1
0.174	1
0.179	1
0.183	1
0.186	1
0.186	1
0.188	1
0.188	1
0.194	1
0.202	1
0.204	1
0.206	1
0.214	1
0.214	1
0.217	1
0.22	1
0.223	1
0.223	1
0.225	1
0.226	1
0.226	1
0.226	1
0.231	1
0.234	1
0.238	1
0.238	1
0.249	1
0.25	1
0.25	1
0.253	1
0.254	1
0.255	1
0.263	1
0.263	1
0.268	1
0.273	1
0.274	1
0.28	1
0.282	1
0.283	1
0.287	1
0.293	1
0.297	1
0.307	1
0.319	1
0.32	1
0.322	1
0.327	1
0.328	1
0.33	1
0.342	1
0.343	1
0.343	1
0.364	1
0.367	1
0.367	1
0.373	1
0.374	1
0.374	1
0.379	1
0.381	1
0.384	1
0.388	1
0.39	1
0.39	1
0.392	1
0.395	1
0.405	1
0.413	1
0.415	1
0.416	1
0.426	1
0.433	1
0.434	1
0.435	1
0.436	1
0.44	1
0.445	1
0.452	1
0.452	1
0.457	1
0.46	1
0.465	1
0.465	1
0.47	1
0.475	1
0.477	1
0.479	1
0.479	1
0.483	1
0.487	1
0.501	1
0.501	1
0.503	1
0.506	1
0.508	1
0.508	1
0.512	1
0.516	1
0.518	1
0.522	1
0.523	1
0.528	1
0.528	1
0.531	1
0.532	1
0.536	1
0.538	1
0.539	1
0.539	1
0.54	1
0.543	1
0.545	1
0.546	1
0.547	2
0.548	2
0.548	2
0.549	2
0.552	2
0.556	2
0.558	2
0.56	2
0.564	2
0.566	2
0.576	2
0.579	2
0.584	2
0.585	2
0.586	2
0.586	2
0.588	2
0.591	2
0.593	2
0.595	2
0.596	2
0.602	2
0.603	2
0.604	2
0.605	2
0.608	2
0.612	2
0.62	2
0.621	2
0.626	2
0.631	2
0.637	2
0.639	2
0.639	2
0.645	2
0.649	2
0.657	2
0.659	2
0.662	2
0.662	2
0.663	2
0.665	2
0.665	2
0.665	2
0.666	2
0.673	2
0.676	2
0.678	2
0.682	2
0.694	2
0.695	2
0.696	2
0.71	2
0.711	2
0.715	2
0.722	2
0.722	2
0.728	2
0.735	2
0.739	2
0.74	2
0.743	2
0.749	2
0.754	2
0.755	2
0.757	2
0.763	2
0.765	2
0.773	2
0.778	2
0.79	2
0.79	2
0.792	2
0.803	2
0.815	2
0.817	2
0.817	2
0.821	2
0.828	2
0.828	2
0.83	2
0.83	2
0.833	2
0.838	2
0.853	2
0.856	2
0.862	2
0.865	2
0.875	2
0.878	2
0.89	2
0.894	2
0.905	2
0.908	2
0.909	2
0.915	2
0.927	2
0.93	2
0.938	2
0.957	2
0.969	2
0.992	2
0.996	2
1.0	2
1.021	2
1.026	2
1.039	2
1.043	3
1.048	3
1.053	3
1.065	3
1.067	3
1.078	3
1.115	3
1.133	3
1.154	3
1.158	3
1.218	4
1.276	4
1.382	4
1.385	4
1.39	4
1.392	4
1.416	4
1.556	4
1.654	4
1.713	4
1.782	4
2.028	4
2.068	4
2.068	4
2.178	4
2.187	4
2.329	4
2.329	4
2.57	4
2.594	4
2.664	4
2.687	4
2.698	4
2.781	4
2.878	4
3.032	4
3.23	4
3.248	4
3.31	4
3.471	3
3.656	3
3.672	3
3.684	3
3.919	3
3.921	3
4.09	3
4.314	3
4.33	3
4.384	3
4.566	3
4.673	3
4.685	3
4.724	3
4.734	3
5.028	3
5.032	3
5.063	3
5.437	3
5.46	3
5.499	3
5.528	3
5.54	3
5.63	3
5.667	3
5.77	3
5.904	3
5.998	3
6.039	3
6.075	3
6.131	3
6.135	3
6.198	3
6.235	3
6.343	3
6.418	3
6.478	3
6.723	3
6.788	3
6.818	3
6.824	3
6.873	3
6.894	3
6.914	3
6.931	3
6.981	3
7.04	3
7.082	3
7.105	3
7.155	3
7.182	3
7.26	3
7.399	3
7.433	3
7.564	3
7.576	3
7.646	3
7.774	3
7.811	3
7.813	3
7.905	3
8.08	3
8.096	3
8.109	3
8.231	3
8.246	3
8.39	3
8.614	3
8.72	3
9.244	3
9.294	3
9.4	3
9.601	3
9.715	3
9.779	3
10.0	3
10.276	3
10.284	3
10.285	3
10.311	3
10.548	3
10.587	3
10.741	3
10.81	3
10.823	3
10.884	3
11.147	3
11.235	3
11.252	3
11.495	3
11.725	3
11.816	3
11.869	3
12.068	3
12.083	3
12.372	3
12.472	3
12.654	3
13.192	3
13.314	3
13.356	3
13.452	3
13.603	3
13.631	3
13.694	3
13.738	3
13.777	3
13.9	3
13.958	3
14.3	3
14.415	3
14.491	3
14.511	3
14.532	3
14.607	3
14.658	3
14.792	3
15.071	3
15.757	3
16.694	3
16.739	3
17.195	3
17.292	3
17.349	3
17.799	3
18.067	3
18.072	3
18.416	3
18.842	3
18.916	3
18.977	3
19.689	3
20.49	3
20.493	3
23.855	3
24.045	3
24.096	3
24.348	3
24.63	3
24.633	3
24.665	3
25.005	3
25.336	3
26.85	3
34.923	3
47.138	3
0.0	1
0.001	1
0.002	1
0.002	1
0.004	1
0.006	1
0.014	1
0.022	1
0.03	1
0.039	1
0.041	1
0.055	1
0.056	1
0.063	1
0.072	1
0.081	1
0.102	1
0.106	1
0.11	1
0.115	1
0.119	1
0.12	1
0.121	1
0.124	1
0.127	1
0.134	1
0.135	1
0.138	1
0.139	1
0.141	1
0.141	1
0.149	1
0.156	1
0.158	1
0.161	1
0.163	1
0.163	1
0.167	1
0.168	1
0.17	1
0.173	1
0.173	1
0.174	1
0.179	1
0.183	1
0.186	1
0.186	1
0.188	1
0.188	1
0.194	1
0.202	1
0.204	1
0.206	1
0.214	1
0.214	1
0.217	1
0.22	1
0.223	1
0.223	1
0.225	1
0.226	1
0.226	1
0.226	1
0.231	1
0.234	1
0.238	1
0.238	1
0.249	1
0.25	1
0.25	1
0.253	1
0.254	1
0.255	1
0.263	1
0.263	1
0.268	1
0.273	1
0.274	1
0.28	1
0.282	1
0.283	1
0.287	1
0.293	1
0.297	1
0.307	1
0.319	1
0.32	1
0.322	1
0.327	1
0.328	1
0.33	1
0.342	1
0.343	1
0.343	1
0.364	1
0.367	1
0.367	1
0.373	2
0.374	2
0.374	2
0.379	2
0.381	2
0.384	2
0.388	2
0.39	2
0.39	2
0.392	2
0.395	2
0.405	2
0.413	2
0.415	2
0.416	2
0.426	2
0.433	2
0.434	2
0.435	2
0.436	2
0.44	2
0.445	2
0.452	2
0.452	2
0.457	2
0.46	2
0.465	2
0.465	2
0.47	2
0.475	2
0.477	2
0.479	2
0.479	2
0.483	2
0.487	2
0.501	2
0.501	3
0.503	3
0.506	3
0.508	3
0.508	3
0.512	3
0.516	3
0.518	3
0.522	3
0.523	3
0.528	3
0.528	3
0.531	3
0.532	3
0.536	3
0.538	3
0.539	3
0.539	3
0.54	3
0.543	3
0.545	3
0.546	3
0.547	3
0.548	3
0.548	3
0.549	3
0.552	3
0.556	3
0.558	3
0.56	3
0.564	3
0.566	3
0.576	3
0.579	3
0.584	3
0.585	3
0.586	3
0.586	3
0.588	3
0.591	3
0.593	3
0.595	3
0.596	3
0.602	3
0.603	3
0.604	3
0.605	3
0.608	3
0.612	3
0.62	3
0.621	3
0.626	3
0.631	3
0.637	3
0.639	3
0.639	3
0.645	3
0.649	3
0.657	3
0.659	3
0.662	3
0.662	3
0.663	3
0.665	3
0.665	3
0.665	3
0.666	3
0.673	3
0.676	3
0.678	3
0.682	3
0.694	3
0.695	3
0.696	3
0.71	3
0.711	3
0.715	3
0.722	3
0.722	3
0.728	3
0.735	3
0.739	3
0.74	3
0.743	3
0.749	3
0.754	3
0.755	3
0.757	3
0.763	3
0.765	3
0.773	3
0.778	3
0.79	3
0.79	3
0.792	3
0.803	3
0.815	3
0.817	3
0.817	3
0.821	3
0.828	3
0.828	3
0.83	3
0.83	3
0.833	3
0.838	3
0.853	3
0.856	3
0.862	3
0.865	3
0.875	3
0.878	3
0.89	3
0.894	3
0.905	3
0.908	3
0.909	3
0.915	3
0.927	3
0.93	3
0.938	3
0.957	3
0.969	3
0.992	3
0.996	3
1.0	3
1.021	4
1.026	4
1.039	4
1.043	4
1.048	4
1.053	4
1.065	4
1.067	4
1.078	4
1.115	4
1.133	4
1.154	4
1.158	4
1.218	4
1.276	4
1.382	4
1.385	4
1.39	4
1.392	4
1.416	4
1.556	4
1.654	4
1.713	4
1.782	4
2.028	4
2.068	4
2.068	4
2.178	4
2.187	4
2.329	4
2.329	4
2.57	4
2.594	4
2.664	4
2.687	4
2.698	4
2.781	4
2.878	4
3.032	4
3.23	3
3.248	3
3.31	3
3.471	3
3.656	3
3.672	3
3.684	3
3.919	3
3.921	3
4.09	3
4.314	3
4.33	3
4.384	3
4.566	3
4.673	3
4.685	3
4.724	3
4.734	3
5.028	3
5.032	3
5.063	3
5.437	3
5.46	3
5.499	3
5.528	3
5.54	3
5.63	3
5.667	3
5.77	3
5.904	3
5.998	3
6.039	3
6.075	3
6.131	3
6.135	3
6.198	3
6.235	3
6.343	3
6.418	3
6.478	3
6.723	3
6.788	3
6.818	3
6.824	3
6.873	3
6.894	3
6.914	3
6.931	3
6.981	3
7.04	3
7.082	3
7.105	3
7.155	3
7.182	3
7.26	3
7.399	3
7.433	3
7.564	3
7.576	3
7.646	3
7.774	3
7.811	3
7.813	3
7.905	3
8.08	3
8.096	3
8.109	3
8.231	3
8.246	3
8.39	3
8.614	3
8.72	3
9.244	3
9.294	3
9.4	3
9.601	3
9.715	3
9.779	3
10.0	3
10.276	3
10.284	3
10.285	3
10.311	3
10.548	3
10.587	3
10.741	3
10.81	3
10.823	3
10.884	3
11.147	3
11.235	3
11.252	3
11.495	3
11.725	3
11.816	3
11.869	3
12.068	3
12.083	3
12.372	3
12.472	3
12.654	3
13.192	3
13.314	3
13.356	3
13.452	3
13.603	3
13.631	3
13.694	3
13.738	3
13.777	3
13.9	3
13.958	3
14.3	3
14.415	3
14.491	3
14.511	3
14.532	3
14.607	3
14.658	3
14.792	3
15.071	3
15.757	3
16.694	3
16.739	3
17.195	3
17.292	3
17.349	3
17.799	3
18.067	3
18.072	3
18.416	3
18.842	3
18.916	3
18.977	3
19.689	3
20.49	3
20.493	3
23.855	3
24.045	3
24.096	3
24.348	3
24.63	3
24.633	3
24.665	3
25.005	3
25.336	3
26.85	3
34.923	3
47.138	3
0.0	1
0.001	1
0.001	1
0.003	1
0.005	1
0.013	1
0.021	1
0.029	1
0.038	1
0.04	1
0.054	1
0.055	1
0.062	1
0.071	1
0.08	1
0.101	1
0.105	1
0.109	1
0.114	1
0.118	1
0.119	1
0.12	1
0.123	1
0.126	1
0.133	1
0.134	1
0.137	1
0.138	1
0.14	1
0.14	1
0.148	1
0.155	1
0.157	1
0.16	1
0.162	1
0.162	1
0.166	1
0.167	1
0.169	1
0.172	1
0.172	1
0.173	1
0.178	1
0.182	1
0.185	1
0.185	1
0.187	1
0.187	1
0.193	1
0.201	1
0.203	1
0.205	1
0.213	1
0.213	1
0.216	1
0.219	1
0.222	1
0.222	1
0.224	1
0.225	1
0.225	1
0.225	1
0.23	1
0.233	1
0.237	1
0.237	1
0.248	1
0.249	1
0.249	1
0.252	1
0.253	1
0.254	1
0.262	1
0.262	1
0.267	1
0.272	1
0.273	1
0.279	1
0.281	1
0.282	1
0.286	1
0.292	1
0.296	1
0.306	1
0.318	1
0.319	1
0.321	1
0.326	1
0.327	1
0.329	1
0.341	1
0.342	1
0.342	1
0.363	1
0.366	1
0.366	1
0.372	1
0.373	1
0.373	1
0.378	1
0.38	1
0.383	1
0.387	1
0.389	1
0.389	1
0.391	1
0.394	1
0.404	1
0.412	1
0.414	1
0.415	1
0.425	1
0.432	1
0.433	1
0.434	1
0.435	1
0.439	1
0.444	1
0.451	1
0.451	1
0.456	1
0.459	1
0.464	1
0.464	1
0.469	1
0.474	1
0.476	1
0.478	1
0.478	1
0.482	1
0.486	1
0.5	1
0.5	1
0.502	1
0.505	1
0.507	1
0.507	1
0.511	1
0.515	1
0.517	1
0.521	1
0.522	1
0.527	1
0.527	1
0.53	1
0.531	1
0.535	1
0.537	1
0.538	1
0.538	1
0.539	1
0.542	1
0.544	1
0.545	1
0.546	1
0.547	1
0.547	1
0.548	2
0.551	2
0.555	2
0.557	2
0.559	3
0.563	3
0.565	3
0.575	3
0.578	3
0.583	3
0.584	3
0.585	3
0.585	3
0.587	3
0.59	3
0.592	3
0.594	3
0.595	3
0.601	3
0.602	3
0.603	3
0.604	3
0.607	3
0.611	3
0.619	3
0.62	3
0.625	3
0.63	3
0.636	3
0.638	3
0.638	3
0.644	3
0.648	3
0.656	3
0.658	3
0.661	3
0.661	3
0.662	3
0.664	3
0.664	3
0.664	3
0.665	4
0.672	4
0.675	4
0.677	4
0.681	5
0.693	5
0.694	5
0.695	5
0.709	5
0.71	5
0.714	5
0.721	6
0.721	6
0.727	6
0.734	6
0.738	6
0.739	6
0.742	6
0.748	6
0.753	6
0.754	6
0.756	6
0.762	6
0.764	6
0.772	6
0.777	6
0.789	6
0.789	6
0.791	6
0.802	6
0.814	6
0.816	6
0.816	6
0.82	6
0.827	6
0.827	6
0.829	6
0.829	6
0.832	6
0.837	6
0.852	6
0.855	6
0.861	6
0.864	6
0.874	6
0.877	6
0.889	6
0.893	6
0.904	6
0.907	6
0.908	6
0.914	6
0.926	6
0.929	6
0.937	6
0.956	6
0.968	6
0.991	6
0.995	6
0.999	6
1.02	6
1.025	6
1.038	6
1.042	6
1.047	7
1.052	7
1.064	7
1.066	7
1.077	7
1.114	7
1.132	7
1.153	7
1.157	7
1.217	7
1.275	6
1.381	6
1.384	6
1.389	6
1.391	6
1.415	6
1.555	6
1.653	6
1.712	6
1.781	6
2.027	6
2.067	6
2.067	6
2.177	6
2.186	6
2.328	6
2.328	6
2.569	6
2.593	6
2.663	6
2.686	6
2.697	6
2.78	6
2.877	6
3.031	6
3.229	6
3.247	6
3.309	6
3.47	6
3.655	6
3.671	6
3.683	6
3.918	6
3.92	6
4.089	6
4.313	6
4.329	6
4.383	6
4.565	5
4.672	5
4.684	5
4.723	5
4.733	5
5.027	5
5.031	5
5.062	5
5.436	5
5.459	5
5.498	5
5.527	5
5.539	5
5.629	5
5.666	5
5.769	5
5.903	5
5.997	5
6.038	5
6.074	5
6.13	5
6.134	5
6.197	5
6.234	5
6.342	5
6.417	5
6.477	5
6.722	4
6.787	4
6.817	4
6.823	4
6.872	4
6.893	4
6.913	4
6.93	4
6.98	4
7.039	4
7.081	4
7.104	4
7.154	4
7.181	4
7.259	4
7.398	4
7.432	4
7.563	4
7.575	4
7.645	4
7.773	4
7.81	4
7.812	4
7.904	4
8.079	4
8.095	4
8.108	4
8.23	4
8.245	4
8.389	4
8.613	4
8.719	4
9.243	4
9.293	4
9.399	4
9.6	4
9.714	3
9.778	3
9.999	3
10.275	3
10.283	3
10.284	3
10.31	3
10.547	3
10.586	3
10.74	3
10.809	3
10.822	3
10.883	3
11.146	3
11.234	3
11.251	3
11.494	3
11.724	3
11.815	3
11.868	3
12.067	3
12.082	3
12.371	3
12.471	3
12.653	3
13.191	3
13.313	3
13.355	3
13.451	3
13.602	3
13.63	3
13.693	3
13.737	3
13.776	3
13.899	3
13.957	3
14.299	3
14.414	3
14.49	3
14.51	3
14.531	3
14.606	3
14.657	3
14.791	3
15.07	3
15.756	3
16.693	3
16.738	3
17.194	3
17.291	3
17.348	3
17.798	3
18.066	3
18.071	3
18.415	3
18.841	3
18.915	3
18.976	3
19.688	3
20.489	3
20.492	3
23.854	3
24.044	3
24.095	3
24.347	3
24.629	3
24.632	3
24.664	3
25.004	3
25.335	3
26.849	3
34.922	3
47.137	3
0.0	1
0.0	1
0.002	1
0.004	1
0.012	1
0.02	1
0.028	1
0.037	1
0.039	1
0.053	1
0.054	1
0.061	1
0.07	1
0.079	1
0.1	1
0.104	1
0.108	1
0.113	1
0.117	1
0.118	1
0.119	1
0.122	1
0.125	1
0.132	1
0.133	1
0.136	1
0.137	1
0.139	1
0.139	1
0.147	1
0.154	1
0.156	1
0.159	1
0.161	1
0.161	1
0.165	1
0.166	1
0.168	1
0.171	1
0.171	1
0.172	1
0.177	1
0.181	1
0.184	1
0.184	1
0.186	1
0.186	1
0.192	1
0.2	1
0.202	1
0.204	1
0.212	1
0.212	1
0.215	1
0.218	1
0.221	1
0.221	1
0.223	1
0.224	1
0.224	1
0.224	1
0.229	1
0.232	1
0.236	1
0.236	1
0.247	1
0.248	1
0.248	1
0.251	1
0.252	1
0.253	1
0.261	1
0.261	1
0.266	1
0.271	1
0.272	1
0.278	1
0.28	1
0.281	1
0.285	1
0.291	1
0.295	1
0.305	1
0.317	1
0.318	1
0.32	1
0.325	1
0.326	1
0.328	1
0.34	1
0.341	1
0.341	1
0.362	1
0.365	1
0.365	1
0.371	1
0.372	1
0.372	1
0.377	1
0.379	1
0.382	1
0.386	1
0.388	1
0.388	1
0.39	1
0.393	2
0.403	2
0.411	2
0.413	2
0.414	2
0.424	2
0.431	2
0.432	2
0.433	2
0.434	2
0.438	2
0.443	2
0.45	2
0.45	2
0.455	2
0.458	2
0.463	2
0.463	2
0.468	2
0.473	2
0.475	2
0.477	2
0.477	2
0.481	2
0.485	2
0.499	2
0.499	2
0.501	2
0.504	2
0.506	2
0.506	2
0.51	3
0.514	3
0.516	3
0.52	3
0.521	3
0.526	3
0.526	3
0.529	3
0.53	3
0.534	3
0.536	3
0.537	3
0.537	3
0.538	3
0.541	3
0.543	3
0.544	3
0.545	3
0.546	3
0.546	3
0.547	3
0.55	3
0.554	3
0.556	3
0.558	3
0.562	3
0.564	3
0.574	3
0.577	3
0.582	3
0.583	3
0.584	3
0.584	3
0.586	3
0.589	3
0.591	3
0.593	3
0.594	3
0.6	3
0.601	3
0.602	3
0.603	3
0.606	3
0.61	3
0.618	3
0.619	3
0.624	3
0.629	3
0.635	4
0.637	4
0.637	4
0.643	4
0.647	4
0.655	4
0.657	4
0.66	4
0.66	4
0.661	4
0.663	4
0.663	4
0.663	4
0.664	4
0.671	4
0.674	4
0.676	4
0.68	4
0.692	4
0.693	4
0.694	4
0.708	4
0.709	4
0.713	4
0.72	4
0.72	4
0.726	4
0.733	4
0.737	4
0.738	4
0.741	4
0.747	4
0.752	4
0.753	4
0.755	4
0.761	4
0.763	4
0.771	4
0.776	4
0.788	4
0.788	4
0.79	4
0.801	4
0.813	4
0.815	4
0.815	4
0.819	4
0.826	4
0.826	4
0.828	4
0.828	4
0.831	4
0.836	4
0.851	4
0.854	4
0.86	4
0.863	4
0.873	4
0.876	4
0.888	4
0.892	4
0.903	4
0.906	4
0.907	4
0.913	4
0.925	4
0.928	4
0.936	4
0.955	4
0.967	4
0.99	4
0.994	4
0.998	4
1.019	4
1.024	4
1.037	4
1.041	4
1.046	4
1.051	4
1.063	4
1.065	4
1.076	4
1.113	4
1.131	4
1.152	4
1.156	4
1.216	4
1.274	4
1.38	4
1.383	4
1.388	4
1.39	4
1.414	4
1.554	4
1.652	4
1.711	4
1.78	4
2.026	4
2.066	4
2.066	4
2.176	4
2.185	4
2.327	4
2.327	4
2.568	4
2.592	4
2.662	4
2.685	4
2.696	4
2.779	4
2.876	4
3.03	4
3.228	4
3.246	4
3.308	4
3.469	4
3.654	4
3.67	4
3.682	4
3.917	4
3.919	4
4.088	4
4.312	4
4.328	4
4.382	4
4.564	4
4.671	4
4.683	4
4.722	4
4.732	4
5.026	4
5.03	4
5.061	4
5.435	4
5.458	4
5.497	4
5.526	4
5.538	3
5.628	3
5.665	3
5.768	3
5.902	3
5.996	3
6.037	3
6.073	3
6.129	3
6.133	3
6.196	3
6.233	3
6.341	3
6.416	3
6.476	3
6.721	3
6.786	3
6.816	3
6.822	3
6.871	3
6.892	3
6.912	3
6.929	3
6.979	3
7.038	3
7.08	3
7.103	3
7.153	3
7.18	3
7.258	3
7.397	3
7.431	3
7.562	3
7.574	3
7.644	3
7.772	3
7.809	3
7.811	3
7.903	3
8.078	3
8.094	3
8.107	3
8.229	3
8.244	3
8.388	3
8.612	3
8.718	3
9.242	3
9.292	3
9.398	3
9.599	3
9.713	3
9.777	3
9.998	3
10.274	3
10.282	3
10.283	3
10.309	3
10.546	3
10.585	3
10.739	3
10.808	3
10.821	3
10.882	3
11.145	3
11.233	3
11.25	3
11.493	3
11.723	3
11.814	3
11.867	3
12.066	3
12.081	3
12.37	3
12.47	3
12.652	3
13.19	3
13.312	3
13.354	3
13.45	3
13.601	3
13.629	3
13.692	3
13.736	3
13.775	3
13.898	3
13.956	3
14.298	3
14.413	3
14.489	3
14.509	3
14.53	3
14.605	3
14.656	3
14.79	3
15.069	3
15.755	3
16.692	3
16.737	3
17.193	3
17.29	3
17.347	3
17.797	3
18.065	3
18.07	3
18.414	3
18.84	3
18.914	3
18.975	3
19.687	3
20.488	3
20.491	3
23.853	3
24.043	3
24.094	3
24.346	3
24.628	3
24.631	3
24.663	3
25.003	3
25.334	3
26.848	3
34.921	3
47.136	3
0.0	1
0.002	1
0.004	1
0.012	1
0.02	1
0.028	1
0.037	1
0.039	1
0.053	1
0.054	1
0.061	1
0.07	1
0.079	1
0.1	1
0.104	1
0.108	1
0.113	1
0.117	1
0.118	1
0.119	1
0.122	1
0.125	1
0.132	1
0.133	1
0.136	1
0.137	1
0.139	1
0.139	1
0.147	1
0.154	1
0.156	1
0.159	1
0.161	1
0.161	1
0.165	1
0.166	1
0.168	1
0.171	1
0.171	1
0.172	1
0.177	1
0.181	1
0.184	1
0.184	1
0.186	1
0.186	1
0.192	1
0.2	1
0.202	1
0.204	1
0.212	1
0.212	1
0.215	1
0.218	1
0.221	1
0.221	1
0.223	1
0.224	1
0.224	1
0.224	1
0.229	1
0.232	1
0.236	1
0.236	1
0.247	1
0.248	1
0.248	1
0.251	1
0.252	1
0.253	1
0.261	1
0.261	1
0.266	1
0.271	1
0.272	1
0.278	1
0.28	1
0.281	1
0.285	1
0.291	1
0.295	1
0.305	1
0.317	1
0.318	1
0.32	1
0.325	1
0.326	1
0.328	1
0.34	1
0.341	1
0.341	1
0.362	1
0.365	1
0.365	1
0.371	1
0.372	1
0.372	1
0.377	1
0.379	1
0.382	1
0.386	1
0.388	1
0.388	1
0.39	1
0.393	1
0.403	1
0.411	1
0.413	1
0.414	1
0.424	1
0.431	1
0.432	1
0.433	1
0.434	1
0.438	1
0.443	1
0.45	1
0.45	1
0.455	1
0.458	1
0.463	1
0.463	1
0.468	1
0.473	1
0.475	1
0.477	1
0.477	1
0.481	1
0.485	1
0.499	1
0.499	1
0.501	1
0.504	1
0.506	1
0.506	1
0.51	1
0.514	1
0.516	1
0.52	1
0.521	1
0.526	1
0.526	1
0.529	1
0.53	1
0.534	1
0.536	1
0.537	1
0.537	1
0.538	1
0.541	1
0.543	1
0.544	1
0.545	1
0.546	1
0.546	1
0.547	1
0.55	1
0.554	1
0.556	1
0.558	1
0.562	1
0.564	1
0.574	1
0.577	1
0.582	1
0.583	1
0.584	1
0.584	1
0.586	1
0.589	1
0.591	1
0.593	1
0.594	1
0.6	1
0.601	1
0.602	1
0.603	1
0.606	1
0.61	1
0.618	1
0.619	1
0.624	1
0.629	1
0.635	1
0.637	1
0.637	1
0.643	1
0.647	1
0.655	1
0.657	1
0.66	1
0.66	1
0.661	1
0.663	1
0.663	1
0.663	1
0.664	1
0.671	1
0.674	1
0.676	1
0.68	1
0.692	1
0.693	1
0.694	1
0.708	1
0.709	1
0.713	1
0.72	1
0.72	1
0.726	1
0.733	1
0.737	1
0.738	1
0.741	1
0.747	1
0.752	1
0.753	1
0.755	1
0.761	1
0.763	1
0.771	1
0.776	1
0.788	1
0.788	1
0.79	1
0.801	1
0.813	1
0.815	1
0.815	1
0.819	1
0.826	1
0.826	1
0.828	1
0.828	1
0.831	1
0.836	2
0.851	2
0.854	2
0.86	2
0.863	2
0.873	2
0.876	2
0.888	2
0.892	2
0.903	2
0.906	2
0.907	2
0.913	2
0.925	2
0.928	2
0.936	2
0.955	2
0.967	2
0.99	2
0.994	2
0.998	2
1.019	2
1.024	2
1.037	2
1.041	2
1.046	2
1.051	3
1.063	3
1.065	3
1.076	3
1.113	3
1.131	3
1.152	4
1.156	4
1.216	4
1.274	4
1.38	4
1.383	4
1.388	4
1.39	4
1.414	4
1.554	4
1.652	4
1.711	4
1.78	4
2.026	4
2.066	4
2.066	4
2.176	4
2.185	4
2.327	4
2.327	4
2.568	4
2.592	4
2.662	4
2.685	4
2.696	4
2.779	4
2.876	4
3.03	4
3.228	4
3.246	4
3.308	4
3.469	4
3.654	4
3.67	4
3.682	4
3.917	4
3.919	4
4.088	4
4.312	4
4.328	4
4.382	4
4.564	4
4.671	4
4.683	4
4.722	4
4.732	4
5.026	4
5.03	4
5.061	4
5.435	4
5.458	4
5.497	4
5.526	4
5.538	4
5.628	4
5.665	4
5.768	4
5.902	4
5.996	4
6.037	4
6.073	4
6.129	4
6.133	4
6.196	4
6.233	4
6.341	4
6.416	4
6.476	4
6.721	4
6.786	4
6.816	4
6.822	4
6.871	4
6.892	4
6.912	4
6.929	4
6.979	4
7.038	4
7.08	4
7.103	4
7.153	4
7.18	4
7.258	4
7.397	4
7.431	4
7.562	4
7.574	4
7.644	4
7.772	4
7.809	4
7.811	4
7.903	4
8.078	4
8.094	4
8.107	4
8.229	4
8.244	3
8.388	3
8.612	3
8.718	3
9.242	3
9.292	3
9.398	3
9.599	3
9.713	3
9.777	3
9.998	3
10.274	3
10.282	3
10.283	3
10.309	3
10.546	3
10.585	3
10.739	3
10.808	3
10.821	3
10.882	3
11.145	3
11.233	3
11.25	3
11.493	3
11.723	3
11.814	3
11.867	3
12.066	3
12.081	3
12.37	3
12.47	3
12.652	3
13.19	3
13.312	3
13.354	3
13.45	3
13.601	3
13.629	3
13.692	3
13.736	3
13.775	3
13.898	3
13.956	3
14.298	3
14.413	3
14.489	3
14.509	3
14.53	3
14.605	3
14.656	3
14.79	3
15.069	3
15.755	3
16.692	3
16.737	3
17.193	3
17.29	3
17.347	3
17.797	3
18.065	3
18.07	3
18.414	3
18.84	3
18.914	3
18.975	3
19.687	3
20.488	3
20.491	3
23.853	3
24.043	3
24.094	3
24.346	3
24.628	3
24.631	3
24.663	3
25.003	3
25.334	3
26.848	3
34.921	3
47.136	3
0.0	1
0.002	1
0.01	1
0.018	1
0.026	1
0.035	1
0.037	1
0.051	1
0.052	1
0.059	1
0.068	1
0.077	1
0.098	1
0.102	1
0.106	1
0.111	1
0.115	1
0.116	1
0.117	1
0.12	1
0.123	1
0.13	1
0.131	1
0.134	1
0.135	1
0.137	1
0.137	1
0.145	1
0.152	1
0.154	1
0.157	1
0.159	1
0.159	1
0.163	1
0.164	1
0.166	1
0.169	1
0.169	1
0.17	1
0.175	1
0.179	1
0.182	1
0.182	1
0.184	1
0.184	1
0.19	1
0.198	1
0.2	1
0.202	1
0.21	1
0.21	1
0.213	1
0.216	1
0.219	1
0.219	1
0.221	1
0.222	1
0.222	1
0.222	1
0.227	1
0.23	1
0.234	1
0.234	1
0.245	1
0.246	1
0.246	1
0.249	1
0.25	1
0.251	1
0.259	1
0.259	1
0.264	1
0.269	1
0.27	1
0.276	1
0.278	1
0.279	1
0.283	1
0.289	1
0.293	1
0.303	1
0.315	1
0.316	1
0.318	1
0.323	1
0.324	1
0.326	1
0.338	1
0.339	1
0.339	1
0.36	1
0.363	1
0.363	1
0.369	1
0.37	1
0.37	1
0.375	1
0.377	1
0.38	1
0.384	1
0.386	1
0.386	1
0.388	1
0.391	1
0.401	1
0.409	1
0.411	1
0.412	1
0.422	1
0.429	1
0.43	1
0.431	1
0.432	1
0.436	1
0.441	1
0.448	1
0.448	1
0.453	1
0.456	1
0.461	1
0.461	1
0.466	1
0.471	1
0.473	1
0.475	1
0.475	1
0.479	1
0.483	1
0.497	1
0.497	1
0.499	1
0.502	1
0.504	1
0.504	1
0.508	1
0.512	1
0.514	1
0.518	1
0.519	1
0.524	1
0.524	1
0.527	1
0.528	1
0.532	1
0.534	1
0.535	1
0.535	1
0.536	1
0.539	1
0.541	1
0.542	1
0.543	1
0.544	1
0.544	1
0.545	1
0.548	1
0.552	1
0.554	1
0.556	1
0.56	1
0.562	1
0.572	1
0.575	1
0.58	1
0.581	1
0.582	1
0.582	1
0.584	1
0.587	1
0.589	1
0.591	1
0.592	1
0.598	1
0.599	1
0.6	1
0.601	1
0.604	1
0.608	1
0.616	1
0.617	1
0.622	1
0.627	1
0.633	1
0.635	1
0.635	1
0.641	1
0.645	1
0.653	1
0.655	1
0.658	1
0.658	1
0.659	1
0.661	1
0.661	1
0.661	1
0.662	1
0.669	1
0.672	1
0.674	1
0.678	1
0.69	1
0.691	1
0.692	1
0.706	1
0.707	1
0.711	1
0.718	1
0.718	1
0.724	1
0.731	1
0.735	1
0.736	1
0.739	1
0.745	1
0.75	1
0.751	1
0.753	1
0.759	1
0.761	1
0.769	1
0.774	1
0.786	1
0.786	1
0.788	1
0.799	1
0.811	1
0.813	1
0.813	1
0.817	1
0.824	1
0.824	1
0.826	1
0.826	1
0.829	1
0.834	1
0.849	1
0.852	1
0.858	1
0.861	1
0.871	1
0.874	1
0.886	1
0.89	1
0.901	1
0.904	1
0.905	1
0.911	1
0.923	1
0.926	1
0.934	1
0.953	1
0.965	2
0.988	2
0.992	2
0.996	2
1.017	2
1.022	3
1.035	3
1.039	3
1.044	3
1.049	3
1.061	3
1.063	3
1.074	3
1.111	3
1.129	3
1.15	3
1.154	3
1.214	3
1.272	3
1.378	3
1.381	4
1.386	4
1.388	4
1.412	4
1.552	4
1.65	4
1.709	4
1.778	4
2.024	4
2.064	4
2.064	4
2.174	4
2.183	4
2.325	4
2.325	4
2.566	4
2.59	4
2.66	4
2.683	4
2.694	4
2.777	4
2.874	4
3.028	4
3.226	4
3.244	4
3.306	4
3.467	4
3.652	4
3.668	4
3.68	4
3.915	4
3.917	4
4.086	4
4.31	4
4.326	4
4.38	4
4.562	4
4.669	4
4.681	4
4.72	4
4.73	4
5.024	4
5.028	4
5.059	4
5.433	4
5.456	4
5.495	4
5.524	4
5.536	4
5.626	4
5.663	4
5.766	4
5.9	4
5.994	4
6.035	4
6.071	4
6.127	4
6.131	4
6.194	4
6.231	4
6.339	4
6.414	4
6.474	4
6.719	4
6.784	4
6.814	4
6.82	4
6.869	4
6.89	4
6.91	4
6.927	4
6.977	4
7.036	4
7.078	4
7.101	4
7.151	4
7.178	4
7.256	4
7.395	4
7.429	4
7.56	4
7.572	4
7.642	4
7.77	4
7.807	4
7.809	4
7.901	4
8.076	4
8.092	4
8.105	4
8.227	4
8.242	4
8.386	4
8.61	4
8.716	4
9.24	4
9.29	4
9.396	3
9.597	3
9.711	3
9.775	3
9.996	3
10.272	3
10.28	3
10.281	3
10.307	3
10.544	3
10.583	3
10.737	3
10.806	3
10.819	3
10.88	3
11.143	3
11.231	3
11.248	3
11.491	3
11.721	3
11.812	3
11.865	3
12.064	3
12.079	3
12.368	3
12.468	3
12.65	3
13.188	3
13.31	3
13.352	3
13.448	3
13.599	3
13.627	3
13.69	3
13.734	3
13.773	3
13.896	3
13.954	3
14.296	3
14.411	3
14.487	3
14.507	3
14.528	3
14.603	3
14.654	3
14.788	3
15.067	3
15.753	3
16.69	3
16.735	3
17.191	3
17.288	3
17.345	3
17.795	3
18.063	3
18.068	3
18.412	3
18.838	3
18.912	3
18.973	3
19.685	3
20.486	3
20.489	3
23.851	3
24.041	3
24.092	3
24.344	3
24.626	3
24.629	3
24.661	3
25.001	3
25.332	3
26.846	3
34.919	3
47.134	3
0.001	1
0.008	1
0.01	1
0.017	1
0.018	1
0.023	1
0.024	1
0.029	1
0.032	1
0.032	1
0.035	1
0.036	1
0.039	1
0.04	1
0.04	1
0.041	1
0.042	1
0.042	1
0.044	1
0.045	1
0.045	1
0.046	1
0.049	2
0.049	2
0.05	2
0.051	2
0.052	2
0.053	2
0.053	2
0.053	2
0.053	2
0.055	2
0.055	2
0.056	2
0.056	2
0.057	2
0.057	2
0.058	2
0.059	2
0.059	2
0.06	2
0.061	2
0.063	2
0.063	2
0.064	2
0.064	2
0.064	2
0.064	2
0.064	2
0.066	2
0.068	2
0.068	2
0.069	2
0.071	2
0.071	2
0.071	2
0.072	2
0.073	2
0.074	2
0.075	2
0.076	2
0.076	2
0.077	2
0.078	2
0.08	2
0.081	2
0.083	2
0.083	2
0.094	2
0.102	2
0.106	2
0.138	2
0.14	2
0.14	2
0.152	2
0.163	2
0.164	2
0.164	2
0.166	2
0.169	2
0.175	2
0.184	2
0.187	3
0.195	3
0.201	3
0.212	3
0.214	3
0.214	3
0.216	3
0.22	3
0.225	3
0.226	3
0.229	3
0.23	3
0.233	3
0.233	3
0.235	3
0.236	3
0.237	3
0.238	3
0.238	3
0.247	3
0.247	3
0.249	3
0.251	3
0.254	3
0.254	3
0.254	3
0.254	3
0.262	3
0.262	3
0.264	3
0.265	3
0.265	3
0.27	3
0.273	3
0.273	3
0.276	3
0.277	3
0.278	3
0.284	3
0.286	3
0.29	3
0.29	3
0.291	3
0.294	3
0.295	3
0.295	3
0.298	3
0.3	3
0.306	3
0.308	3
0.31	3
0.315	3
0.321	3
0.324	3
0.324	3
0.324	3
0.326	3
0.329	3
0.332	3
0.335	3
0.335	3
0.339	3
0.339	3
0.34	3
0.341	3
0.348	3
0.354	3
0.354	4
0.355	4
0.356	4
0.36	4
0.361	4
0.362	4
0.37	4
0.372	4
0.372	4
0.375	4
0.376	4
0.381	4
0.383	4
0.385	4
0.386	4
0.387	4
0.387	4
0.392	4
0.401	4
0.403	4
0.403	5
0.407	5
0.409	5
0.42	5
0.424	5
0.424	5
0.431	5
0.432	5
0.433	5
0.435	5
0.437	5
0.438	5
0.439	5
0.444	5
0.445	5
0.446	5
0.455	5
0.463	5
0.463	5
0.465	5
0.466	5
0.473	5
0.474	5
0.486	5
0.494	5
0.497	5
0.498	5
0.498	5
0.5	5
0.5	5
0.506	5
0.507	5
0.508	5
0.51	5
0.512	5
0.514	5
0.519	5
0.52	5
0.523	5
0.524	5
0.525	5
0.526	5
0.549	6
0.552	6
0.559	6
0.566	7
0.572	7
0.574	7
0.582	7
0.583	7
0.589	7
0.589	7
0.589	7
0.595	7
0.601	7
0.607	7
0.609	7
0.61	7
0.615	7
0.616	7
0.619	7
0.62	7
0.623	7
0.623	7
0.641	7
0.647	7
0.65	7
0.65	7
0.652	7
0.654	7
0.654	7
0.654	7
0.657	7
0.662	7
0.679	7
0.682	7
0.687	7
0.695	7
0.695	7
0.699	7
0.7	7
0.7	7
0.703	7
0.714	7
0.724	7
0.727	7
0.73	7
0.735	7
0.736	7
0.756	7
0.757	7
0.758	7
0.76	7
0.763	7
0.773	7
0.776	7
0.779	7
0.781	7
0.782	7
0.795	7
0.795	7
0.796	7
0.8	7
0.8	7
0.802	7
0.809	7
0.821	7
0.822	7
0.822	7
0.823	7
0.826	7
0.828	7
0.835	7
0.835	7
0.84	7
0.846	7
0.849	7
0.85	7
0.851	7
0.855	7
0.857	7
0.857	7
0.858	7
0.86	7
0.86	7
0.861	7
0.873	7
0.873	7
0.874	7
0.88	6
0.895	6
0.896	6
0.9	6
0.904	6
0.908	6
0.909	6
0.91	6
0.911	6
0.911	6
0.916	6
0.923	6
0.931	6
0.932	6
0.95	6
0.953	6
0.961	6
0.963	6
0.971	6
0.971	6
0.971	6
0.972	6
0.972	6
0.976	6
0.978	6
0.996	6
0.999	6
1.0	6
1.002	6
1.003	6
1.009	6
1.009	6
1.017	6
1.019	6
1.019	6
1.024	6
1.035	6
1.043	6
1.047	6
1.047	6
1.047	6
1.049	6
1.056	6
1.056	6
1.058	6
1.059	6
1.062	6
1.063	6
1.067	6
1.07	6
1.076	6
1.077	6
1.095	6
1.122	6
1.126	6
1.138	6
1.138	6
1.153	6
1.157	6
1.18	6
1.188	6
1.204	6
1.214	6
1.22	6
1.242	6
1.243	6
1.244	6
1.257	6
1.264	6
1.289	6
1.295	6
1.308	6
1.33	6
1.332	6
1.343	6
1.356	6
1.36	6
1.361	6
1.389	6
1.46	6
1.461	6
1.59	6
1.632	6
1.679	6
1.697	6
1.702	6
1.702	6
1.791	6
1.854	6
1.892	6
1.926	6
1.95	6
2.069	6
2.084	6
2.098	6
2.175	6
2.217	5
2.275	5
2.364	5
2.396	5
2.49	5
2.507	5
2.533	5
2.752	5
2.817	5
2.84	5
2.864	5
2.868	5
2.946	5
2.974	4
2.989	4
3.101	4
3.104	4
3.134	4
3.148	4
3.204	4
3.278	4
3.313	4
3.38	4
3.431	4
3.444	4
3.465	4
3.527	4
3.532	4
3.556	4
3.601	4
3.639	4
3.65	4
3.704	4
3.841	4
3.917	4
3.974	4
4.053	4
4.115	4
4.131	4
4.217	4
4.227	4
4.243	4
4.263	4
4.266	4
4.332	4
4.357	4
4.389	4
4.407	4
4.501	4
4.537	4
4.58	4
4.649	4
4.678	4
4.8	4
4.988	4
4.995	4
5.034	4
5.104	4
5.132	4
5.139	4
5.147	4
5.212	4
5.23	4
5.3	4
5.313	4
5.423	4
5.464	4
5.514	4
5.521	4
5.547	4
5.641	4
5.643	4
5.672	4
5.684	4
5.732	4
5.764	4
5.779	4
5.86	4
5.91	4
5.911	4
5.993	4
6.075	3
6.095	3
6.177	3
6.279	3
6.369	3
6.538	3
6.543	3
6.638	3
6.733	3
6.754	3
6.867	3
6.903	3
6.937	3
6.968	3
7.042	3
7.159	3
7.213	3
7.215	3
7.241	3
7.251	3
7.277	3
7.283	3
7.397	3
7.416	3
7.547	3
7.557	3
7.588	3
7.648	3
7.668	3
7.692	3
7.703	3
8.033	3
8.061	3
8.094	3
8.136	3
8.146	3
8.169	3
8.202	3
8.234	3
8.48	3
8.633	3
8.651	3
8.684	3
8.783	3
8.883	3
9.026	3
9.064	3
9.125	3
9.26	3
9.441	3
9.528	3
9.559	3
9.565	3
9.57	3
9.751	3
9.952	3
9.995	3
10.01	3
10.084	3
10.179	3
10.309	3
10.363	3
10.368	3
10.406	3
10.407	3
10.433	3
10.485	3
10.577	3
10.655	3
10.664	3
10.848	3
10.896	3
11.231	3
11.325	3
11.6	3
11.891	3
11.993	3
12.394	3
12.49	3
12.577	3
12.646	3
13.033	3
13.122	3
13.145	3
13.149	3
13.397	3
13.623	3
13.688	3
13.838	3
14.327	3
15.217	3
15.25	3
15.384	3
15.445	3
15.534	3
15.535	3
15.568	3
15.668	3
15.698	3
15.808	3
15.897	3
16.224	3
16.238	3
16.386	3
16.452	3
16.644	3
17.078	3
17.224	3
17.256	3
17.267	3
17.424	3
17.513	3
17.575	3
17.609	3
17.65	3
18.379	3
18.398	3
18.556	3
18.784	3
18.884	3
19.012	3
19.091	3
20.683	3
22.429	3
23.403	3
23.916	3
24.417	3
25.846	3
25.882	3
26.022	3
26.628	3
0.0	1
0.002	1
0.009	1
0.01	1
0.015	1
0.016	1
0.021	1
0.024	1
0.024	1
0.027	1
0.028	1
0.031	1
0.032	1
0.032	1
0.033	1
0.034	1
0.034	1
0.036	1
0.037	1
0.037	1
0.038	1
0.041	1
0.041	1
0.042	1
0.043	1
0.044	1
0.045	1
0.045	1
0.045	1
0.045	1
0.047	1
0.047	1
0.048	1
0.048	1
0.049	1
0.049	1
0.05	1
0.051	1
0.051	1
0.052	1
0.053	1
0.055	1
0.055	1
0.056	1
0.056	1
0.056	1
0.056	1
0.056	1
0.058	1
0.06	1
0.06	1
0.061	1
0.063	1
0.063	1
0.063	1
0.064	1
0.065	1
0.066	1
0.067	1
0.068	1
0.068	1
0.069	1
0.07	1
0.072	1
0.073	1
0.075	1
0.075	1
0.086	1
0.094	1
0.098	1
0.13	1
0.132	1
0.132	1
0.144	1
0.155	1
0.156	1
0.156	1
0.158	1
0.161	1
0.167	1
0.176	1
0.179	1
0.187	2
0.193	2
0.204	2
0.206	2
0.206	2
0.208	2
0.212	2
0.217	2
0.218	2
0.221	2
0.222	2
0.225	2
0.225	2
0.227	2
0.228	2
0.229	2
0.23	2
0.23	2
0.239	2
0.239	2
0.241	2
0.243	2
0.246	2
0.246	2
0.246	2
0.246	2
0.254	2
0.254	2
0.256	2
0.257	2
0.257	2
0.262	2
0.265	2
0.265	2
0.268	2
0.269	2
0.27	2
0.276	2
0.278	2
0.282	2
0.282	2
0.283	2
0.286	2
0.287	2
0.287	2
0.29	2
0.292	2
0.298	2
0.3	2
0.302	2
0.307	2
0.313	2
0.316	2
0.316	2
0.316	2
0.318	2
0.321	2
0.324	2
0.327	2
0.327	2
0.331	2
0.331	2
0.332	2
0.333	2
0.34	2
0.346	2
0.346	2
0.347	2
0.348	2
0.352	2
0.353	2
0.354	2
0.362	2
0.364	2
0.364	2
0.367	2
0.368	2
0.373	2
0.375	2
0.377	2
0.378	2
0.379	2
0.379	2
0.384	3
0.393	3
0.395	3
0.395	3
0.399	3
0.401	3
0.412	3
0.416	3
0.416	3
0.423	3
0.424	3
0.425	3
0.427	3
0.429	3
0.43	3
0.431	4
0.436	4
0.437	4
0.438	4
0.447	4
0.455	4
0.455	4
0.457	4
0.458	4
0.465	4
0.466	4
0.478	4
0.486	4
0.489	4
0.49	4
0.49	4
0.492	5
0.492	5
0.498	5
0.499	5
0.5	5
0.502	5
0.504	5
0.506	5
0.511	5
0.512	5
0.515	5
0.516	5
0.517	5
0.518	5
0.541	5
0.544	5
0.551	5
0.558	5
0.564	5
0.566	5
0.574	5
0.575	5
0.581	5
0.581	5
0.581	5
0.587	5
0.593	5
0.599	5
0.601	5
0.602	5
0.607	5
0.608	5
0.611	5
0.612	5
0.615	5
0.615	5
0.633	5
0.639	5
0.642	5
0.642	5
0.644	5
0.646	5
0.646	5
0.646	5
0.649	5
0.654	5
0.671	5
0.674	5
0.679	5
0.687	5
0.687	5
0.691	5
0.692	5
0.692	5
0.695	5
0.706	5
0.716	5
0.719	5
0.722	5
0.727	5
0.728	5
0.748	5
0.749	5
0.75	5
0.752	5
0.755	5
0.765	5
0.768	5
0.771	5
0.773	5
0.774	5
0.787	5
0.787	5
0.788	5
0.792	5
0.792	5
0.794	5
0.801	5
0.813	5
0.814	5
0.814	5
0.815	5
0.818	5
0.82	5
0.827	5
0.827	5
0.832	5
0.838	5
0.841	5
0.842	5
0.843	5
0.847	5
0.849	5
0.849	5
0.85	5
0.852	5
0.852	5
0.853	5
0.865	5
0.865	5
0.866	5
0.872	5
0.887	5
0.888	5
0.892	5
0.896	5
0.9	5
0.901	5
0.902	5
0.903	5
0.903	6
0.908	6
0.915	6
0.923	6
0.924	6
0.942	6
0.945	6
0.953	6
0.955	6
0.963	6
0.963	6
0.963	6
0.964	6
0.964	6
0.968	6
0.97	6
0.988	6
0.991	6
0.992	6
0.994	6
0.995	6
1.001	6
1.001	6
1.009	6
1.011	6
1.011	6
1.016	6
1.027	6
1.035	6
1.039	6
1.039	6
1.039	6
1.041	6
1.048	6
1.048	6
1.05	6
1.051	6
1.054	6
1.055	6
1.059	6
1.062	6
1.068	6
1.069	6
1.087	6
1.114	6
1.118	6
1.13	6
1.13	6
1.145	6
1.149	6
1.172	6
1.18	6
1.196	6
1.206	6
1.212	6
1.234	6
1.235	6
1.236	6
1.249	6
1.256	6
1.281	6
1.287	6
1.3	6
1.322	6
1.324	6
1.335	6
1.348	6
1.352	6
1.353	6
1.381	6
1.452	6
1.453	6
1.582	6
1.624	6
1.671	6
1.689	6
1.694	6
1.694	6
1.783	6
1.846	6
1.884	6
1.918	6
1.942	6
2.061	6
2.076	6
2.09	6
2.167	6
2.209	6
2.267	6
2.356	6
2.388	6
2.482	6
2.499	6
2.525	6
2.744	6
2.809	6
2.832	6
2.856	6
2.86	6
2.938	6
2.966	6
2.981	6
3.093	6
3.096	6
3.126	6
3.14	6
3.196	6
3.27	6
3.305	6
3.372	6
3.423	6
3.436	6
3.457	6
3.519	6
3.524	6
3.548	6
3.593	6
3.631	6
3.642	5
3.696	5
3.833	5
3.909	5
3.966	5
4.045	5
4.107	5
4.123	5
4.209	5
4.219	5
4.235	5
4.255	5
4.258	5
4.324	5
4.349	5
4.381	5
4.399	5
4.493	5
4.529	5
4.572	5
4.641	5
4.67	5
4.792	5
4.98	5
4.987	5
5.026	5
5.096	5
5.124	5
5.131	5
5.139	5
5.204	5
5.222	5
5.292	5
5.305	5
5.415	5
5.456	5
5.506	5
5.513	5
5.539	5
5.633	4
5.635	4
5.664	4
5.676	4
5.724	4
5.756	4
5.771	4
5.852	4
5.902	4
5.903	4
5.985	4
6.067	4
6.087	4
6.169	4
6.271	4
6.361	4
6.53	4
6.535	4
6.63	4
6.725	4
6.746	4
6.859	4
6.895	4
6.929	4
6.96	4
7.034	4
7.151	4
7.205	4
7.207	4
7.233	4
7.243	4
7.269	4
7.275	4
7.389	4
7.408	4
7.539	4
7.549	4
7.58	4
7.64	4
7.66	4
7.684	4
7.695	4
8.025	4
8.053	3
8.086	3
8.128	3
8.138	3
8.161	3
8.194	3
8.226	3
8.472	3
8.625	3
8.643	3
8.676	3
8.775	3
8.875	3
9.018	3
9.056	3
9.117	3
9.252	3
9.433	3
9.52	3
9.551	3
9.557	3
9.562	3
9.743	3
9.944	3
9.987	3
10.002	3
10.076	3
10.171	3
10.301	3
10.355	3
10.36	3
10.398	3
10.399	3
10.425	3
10.477	3
10.569	3
10.647	3
10.656	3
10.84	3
10.888	3
11.223	3
11.317	3
11.592	3
11.883	3
11.985	3
12.386	3
12.482	3
12.569	3
12.638	3
13.025	3
13.114	3
13.137	3
13.141	3
13.389	3
13.615	3
13.68	3
13.83	3
14.319	3
15.209	3
15.242	3
15.376	3
15.437	3
15.526	3
15.527	3
15.56	3
15.66	3
15.69	3
15.8	3
15.889	3
16.216	3
16.23	3
16.378	3
16.444	3
16.636	3
17.07	3
17.216	3
17.248	3
17.259	3
17.416	3
17.505	3
17.567	3
17.601	3
17.642	3
18.371	3
18.39	3
18.548	3
18.776	3
18.876	3
19.004	3
19.083	3
20.675	3
22.421	3
23.395	3
23.908	3
24.409	3
25.838	3
25.874	3
26.014	3
26.62	3
0.0	1
0.007	1
0.008	1
0.013	1
0.014	1
0.019	1
0.022	1
0.022	1
0.025	1
0.026	1
0.029	1
0.03	1
0.03	1
0.031	1
0.032	1
0.032	1
0.034	1
0.035	1
0.035	1
0.036	1
0.039	1
0.039	1
0.04	1
0.041	1
0.042	1
0.043	2
0.043	2
0.043	2
0.043	2
0.045	2
0.045	2
0.046	2
0.046	2
0.047	2
0.047	2
0.048	2
0.049	2
0.049	2
0.05	2
0.051	2
0.053	2
0.053	2
0.054	2
0.054	2
0.054	2
0.054	2
0.054	2
0.056	2
0.058	2
0.058	2
0.059	2
0.061	2
0.061	2
0.061	2
0.062	2
0.063	2
0.064	2
0.065	2
0.066	2
0.066	2
0.067	2
0.068	2
0.07	2
0.071	2
0.073	2
0.073	2
0.084	2
0.092	2
0.096	2
0.128	2
0.13	2
0.13	2
0.142	2
0.153	2
0.154	2
0.154	2
0.156	2
0.159	2
0.165	2
0.174	2
0.177	2
0.185	2
0.191	2
0.202	2
0.204	2
0.204	2
0.206	2
0.21	2
0.215	2
0.216	2
0.219	2
0.22	2
0.223	2
0.223	2
0.225	2
0.226	2
0.227	2
0.228	2
0.228	2
0.237	2
0.237	2
0.239	2
0.241	2
0.244	2
0.244	2
0.244	2
0.244	2
0.252	2
0.252	2
0.254	2
0.255	2
0.255	2
0.26	2
0.263	2
0.263	2
0.266	2
0.267	2
0.268	2
0.274	2
0.276	2
0.28	2
0.28	2
0.281	2
0.284	2
0.285	2
0.285	2
0.288	2
0.29	2
0.296	2
0.298	2
0.3	2
0.305	2
0.311	2
0.314	2
0.314	2
0.314	2
0.316	2
0.319	2
0.322	2
0.325	2
0.325	2
0.329	2
0.329	2
0.33	2
0.331	2
0.338	2
0.344	2
0.344	2
0.345	2
0.346	2
0.35	2
0.351	2
0.352	2
0.36	2
0.362	2
0.362	2
0.365	2
0.366	2
0.371	2
0.373	2
0.375	2
0.376	2
0.377	3
0.377	3
0.382	3
0.391	3
0.393	3
0.393	3
0.397	3
0.399	3
0.41	3
0.414	3
0.414	3
0.421	3
0.422	3
0.423	3
0.425	4
0.427	4
0.428	4
0.429	4
0.434	4
0.435	4
0.436	4
0.445	4
0.453	4
0.453	4
0.455	4
0.456	4
0.463	4
0.464	4
0.476	4
0.484	4
0.487	4
0.488	4
0.488	4
0.49	4
0.49	4
0.496	4
0.497	4
0.498	4
0.5	4
0.502	4
0.504	4
0.509	4
0.51	4
0.513	4
0.514	4
0.515	4
0.516	4
0.539	4
0.542	4
0.549	4
0.556	4
0.562	4
0.564	4
0.572	4
0.573	4
0.579	4
0.579	4
0.579	4
0.585	4
0.591	4
0.597	4
0.599	4
0.6	4
0.605	4
0.606	4
0.609	4
0.61	4
0.613	4
0.613	4
0.631	4
0.637	4
0.64	4
0.64	4
0.642	4
0.644	4
0.644	4
0.644	4
0.647	4
0.652	4
0.669	4
0.672	4
0.677	4
0.685	4
0.685	4
0.689	4
0.69	4
0.69	4
0.693	4
0.704	4
0.714	4
0.717	4
0.72	4
0.725	4
0.726	4
0.746	4
0.747	4
0.748	4
0.75	4
0.753	4
0.763	4
0.766	4
0.769	5
0.771	5
0.772	5
0.785	5
0.785	5
0.786	5
0.79	5
0.79	5
0.792	5
0.799	5
0.811	5
0.812	5
0.812	6
0.813	6
0.816	6
0.818	6
0.825	6
0.825	6
0.83	6
0.836	6
0.839	6
0.84	6
0.841	6
0.845	6
0.847	6
0.847	6
0.848	6
0.85	6
0.85	6
0.851	6
0.863	6
0.863	6
0.864	6
0.87	6
0.885	6
0.886	6
0.89	6
0.894	6
0.898	6
0.899	6
0.9	6
0.901	6
0.901	6
0.906	6
0.913	6
0.921	6
0.922	6
0.94	6
0.943	6
0.951	6
0.953	6
0.961	6
0.961	6
0.961	6
0.962	6
0.962	6
0.966	6
0.968	6
0.986	6
0.989	6
0.99	6
0.992	6
0.993	6
0.999	6
0.999	6
1.007	6
1.009	6
1.009	6
1.014	6
1.025	6
1.033	6
1.037	7
1.037	7
1.037	7
1.039	7
1.046	7
1.046	7
1.048	7
1.049	7
1.052	7
1.053	7
1.057	7
1.06	7
1.066	7
1.067	7
1.085	7
1.112	7
1.116	7
1.128	7
1.128	7
1.143	7
1.147	7
1.17	7
1.178	7
1.194	7
1.204	7
1.21	7
1.232	7
1.233	7
1.234	7
1.247	7
1.254	7
1.279	7
1.285	7
1.298	7
1.32	7
1.322	7
1.333	7
1.346	7
1.35	7
1.351	7
1.379	7
1.45	7
1.451	7
1.58	7
1.622	7
1.669	7
1.687	7
1.692	7
1.692	7
1.781	7
1.844	7
1.882	7
1.916	7
1.94	7
2.059	7
2.074	7
2.088	7
2.165	7
2.207	7
2.265	7
2.354	7
2.386	7
2.48	7
2.497	7
2.523	7
2.742	7
2.807	7
2.83	7
2.854	7
2.858	7
2.936	7
2.964	7
2.979	7
3.091	7
3.094	7
3.124	7
3.138	7
3.194	7
3.268	7
3.303	7
3.37	7
3.421	7
3.434	7
3.455	7
3.517	7
3.522	7
3.546	7
3.591	7
3.629	7
3.64	7
3.694	7
3.831	7
3.907	7
3.964	7
4.043	7
4.105	7
4.121	7
4.207	7
4.217	7
4.233	7
4.253	7
4.256	7
4.322	7
4.347	7
4.379	7
4.397	7
4.491	7
4.527	7
4.57	7
4.639	7
4.668	7
4.79	7
4.978	7
4.985	7
5.024	7
5.094	7
5.122	7
5.129	7
5.137	7
5.202	7
5.22	7
5.29	7
5.303	7
5.413	7
5.454	7
5.504	7
5.511	7
5.537	7
5.631	7
5.633	7
5.662	6
5.674	6
5.722	5
5.754	5
5.769	5
5.85	5
5.9	5
5.901	5
5.983	5
6.065	5
6.085	5
6.167	5
6.269	5
6.359	5
6.528	5
6.533	5
6.628	5
6.723	5
6.744	5
6.857	5
6.893	5
6.927	5
6.958	5
7.032	5
7.149	5
7.203	4
7.205	4
7.231	4
7.241	4
7.267	4
7.273	4
7.387	4
7.406	4
7.537	4
7.547	4
7.578	4
7.638	4
7.658	4
7.682	4
7.693	4
8.023	4
8.051	4
8.084	4
8.126	4
8.136	4
8.159	4
8.192	4
8.224	4
8.47	4
8.623	4
8.641	4
8.674	4
8.773	4
8.873	4
9.016	4
9.054	4
9.115	4
9.25	4
9.431	4
9.518	4
9.549	4
9.555	4
9.56	4
9.741	4
9.942	4
9.985	4
10.0	4
10.074	4
10.169	3
10.299	3
10.353	3
10.358	3
10.396	3
10.397	3
10.423	3
10.475	3
10.567	3
10.645	3
10.654	3
10.838	3
10.886	3
11.221	3
11.315	3
11.59	3
11.881	3
11.983	3
12.384	3
12.48	3
12.567	3
12.636	3
13.023	3
13.112	3
13.135	3
13.139	3
13.387	3
13.613	3
13.678	3
13.828	3
14.317	3
15.207	3
15.24	3
15.374	3
15.435	3
15.524	3
15.525	3
15.558	3
15.658	3
15.688	3
15.798	3
15.887	3
16.214	3
16.228	3
16.376	3
16.442	3
16.634	3
17.068	3
17.214	3
17.246	3
17.257	3
17.414	3
17.503	3
17.565	3
17.599	3
17.64	3
18.369	3
18.388	3
18.546	3
18.774	3
18.874	3
19.002	3
19.081	3
20.673	3
22.419	3
23.393	3
23.906	3
24.407	3
25.836	3
25.872	3
26.012	3
26.618	3
0.0	1
0.001	1
0.006	1
0.007	1
0.012	1
0.015	1
0.015	1
0.018	1
0.019	1
0.022	1
0.023	1
0.023	1
0.024	1
0.025	1
0.025	1
0.027	1
0.028	1
0.028	1
0.029	1
0.032	1
0.032	1
0.033	1
0.034	1
0.035	1
0.036	1
0.036	1
0.036	1
0.036	1
0.038	1
0.038	1
0.039	1
0.039	1
0.04	1
0.04	1
0.041	1
0.042	1
0.042	1
0.043	1
0.044	1
0.046	1
0.046	1
0.047	1
0.047	1
0.047	1
0.047	1
0.047	1
0.049	1
0.051	1
0.051	1
0.052	1
0.054	1
0.054	1
0.054	1
0.055	1
0.056	1
0.057	1
0.058	1
0.059	1
0.059	1
0.06	1
0.061	1
0.063	1
0.064	1
0.066	1
0.066	1
0.077	1
0.085	1
0.089	1
0.121	1
0.123	1
0.123	1
0.135	1
0.146	1
0.147	1
0.147	1
0.149	1
0.152	1
0.158	1
0.167	1
0.17	1
0.178	1
0.184	1
0.195	1
0.197	2
0.197	3
0.199	3
0.203	3
0.208	3
0.209	3
0.212	3
0.213	3
0.216	3
0.216	3
0.218	3
0.219	3
0.22	3
0.221	3
0.221	4
0.23	4
0.23	4
0.232	4
0.234	4
0.237	4
0.237	4
0.237	4
0.237	4
0.245	4
0.245	4
0.247	4
0.248	4
0.248	4
0.253	4
0.256	4
0.256	4
0.259	4
0.26	4
0.261	4
0.267	4
0.269	4
0.273	4
0.273	4
0.274	4
0.277	4
0.278	4
0.278	4
0.281	4
0.283	4
0.289	4
0.291	4
0.293	4
0.298	4
0.304	4
0.307	4
0.307	4
0.307	4
0.309	4
0.312	4
0.315	4
0.318	4
0.318	4
0.322	4
0.322	4
0.323	4
0.324	4
0.331	4
0.337	4
0.337	4
0.338	4
0.339	4
0.343	4
0.344	4
0.345	4
0.353	4
0.355	4
0.355	4
0.358	4
0.359	4
0.364	4
0.366	4
0.368	4
0.369	4
0.37	4
0.37	4
0.375	4
0.384	4
0.386	4
0.386	4
0.39	4
0.392	4
0.403	4
0.407	4
0.407	4
0.414	4
0.415	4
0.416	4
0.418	4
0.42	4
0.421	4
0.422	4
0.427	4
0.428	4
0.429	4
0.438	4
0.446	4
0.446	4
0.448	4
0.449	4
0.456	4
0.457	4
0.469	4
0.477	4
0.48	4
0.481	4
0.481	4
0.483	4
0.483	4
0.489	4
0.49	4
0.491	4
0.493	4
0.495	4
0.497	4
0.502	4
0.503	4
0.506	4
0.507	4
0.508	4
0.509	4
0.532	4
0.535	4
0.542	4
0.549	4
0.555	5
0.557	5
0.565	5
0.566	5
0.572	5
0.572	5
0.572	5
0.578	5
0.584	5
0.59	5
0.592	5
0.593	5
0.598	5
0.599	5
0.602	5
0.603	5
0.606	5
0.606	5
0.624	5
0.63	5
0.633	5
0.633	5
0.635	5
0.637	5
0.637	5
0.637	5
0.64	5
0.645	5
0.662	5
0.665	5
0.67	5
0.678	5
0.678	5
0.682	5
0.683	5
0.683	5
0.686	5
0.697	5
0.707	5
0.71	5
0.713	5
0.718	5
0.719	5
0.739	5
0.74	5
0.741	5
0.743	5
0.746	5
0.756	5
0.759	5
0.762	5
0.764	5
0.765	5
0.778	5
0.778	5
0.779	5
0.783	5
0.783	5
0.785	5
0.792	5
0.804	5
0.805	5
0.805	5
0.806	5
0.809	5
0.811	5
0.818	5
0.818	5
0.823	5
0.829	5
0.832	5
0.833	6
0.834	6
0.838	6
0.84	6
0.84	7
0.841	7
0.843	7
0.843	7
0.844	7
0.856	7
0.856	7
0.857	7
0.863	7
0.878	7
0.879	7
0.883	7
0.887	7
0.891	7
0.892	7
0.893	7
0.894	7
0.894	7
0.899	7
0.906	7
0.914	7
0.915	7
0.933	7
0.936	7
0.944	7
0.946	7
0.954	7
0.954	7
0.954	7
0.955	7
0.955	7
0.959	7
0.961	7
0.979	7
0.982	7
0.983	7
0.985	7
0.986	7
0.992	7
0.992	7
1.0	8
1.002	8
1.002	8
1.007	8
1.018	8
1.026	8
1.03	8
1.03	8
1.03	8
1.032	8
1.039	8
1.039	8
1.041	8
1.042	8
1.045	8
1.046	8
1.05	8
1.053	8
1.059	8
1.06	8
1.078	8
1.105	8
1.109	8
1.121	8
1.121	8
1.136	8
1.14	8
1.163	8
1.171	8
1.187	8
1.197	8
1.203	8
1.225	8
1.226	8
1.227	8
1.24	8
1.247	8
1.272	8
1.278	8
1.291	8
1.313	8
1.315	8
1.326	8
1.339	8
1.343	8
1.344	8
1.372	8
1.443	8
1.444	7
1.573	7
1.615	7
1.662	7
1.68	7
1.685	7
1.685	7
1.774	7
1.837	7
1.875	7
1.909	7
1.933	7
2.052	7
2.067	7
2.081	7
2.158	7
2.2	7
2.258	7
2.347	7
2.379	7
2.473	7
2.49	7
2.516	7
2.735	7
2.8	7
2.823	7
2.847	7
2.851	7
2.929	7
2.957	7
2.972	7
3.084	7
3.087	7
3.117	7
3.131	7
3.187	7
3.261	7
3.296	7
3.363	7
3.414	7
3.427	7
3.448	6
3.51	6
3.515	6
3.539	6
3.584	6
3.622	6
3.633	6
3.687	6
3.824	6
3.9	6
3.957	6
4.036	6
4.098	6
4.114	6
4.2	6
4.21	6
4.226	6
4.246	6
4.249	6
4.315	6
4.34	6
4.372	6
4.39	6
4.484	6
4.52	6
4.563	6
4.632	6
4.661	6
4.783	6
4.971	6
4.978	6
5.017	6
5.087	6
5.115	6
5.122	6
5.13	6
5.195	5
5.213	5
5.283	5
5.296	5
5.406	5
5.447	5
5.497	5
5.504	5
5.53	5
5.624	5
5.626	5
5.655	5
5.667	5
5.715	5
5.747	5
5.762	5
5.843	4
5.893	4
5.894	4
5.976	4
6.058	4
6.078	4
6.16	4
6.262	4
6.352	4
6.521	4
6.526	4
6.621	4
6.716	4
6.737	4
6.85	4
6.886	4
6.92	4
6.951	4
7.025	4
7.142	4
7.196	4
7.198	4
7.224	4
7.234	4
7.26	4
7.266	4
7.38	4
7.399	4
7.53	4
7.54	4
7.571	4
7.631	4
7.651	4
7.675	4
7.686	4
8.016	4
8.044	4
8.077	4
8.119	4
8.129	4
8.152	4
8.185	4
8.217	4
8.463	4
8.616	4
8.634	4
8.667	3
8.766	3
8.866	3
9.009	3
9.047	3
9.108	3
9.243	3
9.424	3
9.511	3
9.542	3
9.548	3
9.553	3
9.734	3
9.935	3
9.978	3
9.993	3
10.067	3
10.162	3
10.292	3
10.346	3
10.351	3
10.389	3
10.39	3
10.416	3
10.468	3
10.56	3
10.638	3
10.647	3
10.831	3
10.879	3
11.214	3
11.308	3
11.583	3
11.874	3
11.976	3
12.377	3
12.473	3
12.56	3
12.629	3
13.016	3
13.105	3
13.128	3
13.132	3
13.38	3
13.606	3
13.671	3
13.821	3
14.31	3
15.2	3
15.233	3
15.367	3
15.428	3
15.517	3
15.518	3
15.551	3
15.651	3
15.681	3
15.791	3
15.88	3
16.207	3
16.221	3
16.369	3
16.435	3
16.627	3
17.061	3
17.207	3
17.239	3
17.25	3
17.407	3
17.496	3
17.558	3
17.592	3
17.633	3
18.362	3
18.381	3
18.539	3
18.767	3
18.867	3
18.995	3
19.074	3
20.666	3
22.412	3
23.386	3
23.899	3
24.4	3
25.829	3
25.865	3
26.005	3
26.611	3
0.0	1
0.005	1
0.006	1
0.011	1
0.014	1
0.014	1
0.017	1
0.018	1
0.021	1
0.022	1
0.022	1
0.023	1
0.024	1
0.024	2
0.026	2
0.027	2
0.027	2
0.028	2
0.031	2
0.031	2
0.032	2
0.033	2
0.034	2
0.035	2
0.035	2
0.035	2
0.035	2
0.037	2
0.037	2
0.038	2
0.038	2
0.039	2
0.039	2
0.04	2
0.041	2
0.041	2
0.042	2
0.043	2
0.045	2
0.045	2
0.046	2
0.046	2
0.046	2
0.046	2
0.046	2
0.048	2
0.05	2
0.05	2
0.051	2
0.053	2
0.053	2
0.053	2
0.054	2
0.055	2
0.056	2
0.057	2
0.058	2
0.058	2
0.059	2
0.06	2
0.062	2
0.063	2
0.065	2
0.065	2
0.076	2
0.084	2
0.088	2
0.12	2
0.122	2
0.122	2
0.134	2
0.145	2
0.146	2
0.146	2
0.148	2
0.151	2
0.157	2
0.166	2
0.169	2
0.177	2
0.183	2
0.194	2
0.196	2
0.196	2
0.198	2
0.202	2
0.207	2
0.208	2
0.211	2
0.212	2
0.215	2
0.215	2
0.217	2
0.218	2
0.219	2
0.22	2
0.22	2
0.229	2
0.229	2
0.231	2
0.233	2
0.236	2
0.236	2
0.236	2
0.236	2
0.244	2
0.244	2
0.246	2
0.247	2
0.247	2
0.252	2
0.255	2
0.255	2
0.258	2
0.259	2
0.26	2
0.266	2
0.268	2
0.272	2
0.272	2
0.273	2
0.276	2
0.277	2
0.277	2
0.28	2
0.282	2
0.288	2
0.29	2
0.292	2
0.297	2
0.303	2
0.306	2
0.306	2
0.306	2
0.308	2
0.311	2
0.314	2
0.317	2
0.317	2
0.321	2
0.321	2
0.322	2
0.323	2
0.33	2
0.336	2
0.336	2
0.337	2
0.338	2
0.342	2
0.343	2
0.344	2
0.352	2
0.354	2
0.354	2
0.357	2
0.358	2
0.363	2
0.365	2
0.367	2
0.368	2
0.369	2
0.369	2
0.374	2
0.383	2
0.385	2
0.385	2
0.389	2
0.391	2
0.402	2
0.406	2
0.406	2
0.413	2
0.414	2
0.415	2
0.417	2
0.419	2
0.42	2
0.421	2
0.426	2
0.427	2
0.428	2
0.437	2
0.445	2
0.445	2
0.447	2
0.448	2
0.455	2
0.456	2
0.468	2
0.476	2
0.479	2
0.48	2
0.48	2
0.482	2
0.482	2
0.488	2
0.489	2
0.49	2
0.492	2
0.494	2
0.496	2
0.501	2
0.502	2
0.505	2
0.506	2
0.507	2
0.508	3
0.531	3
0.534	3
0.541	3
0.548	3
0.554	3
0.556	3
0.564	3
0.565	3
0.571	3
0.571	3
0.571	3
0.577	3
0.583	3
0.589	3
0.591	3
0.592	3
0.597	3
0.598	3
0.601	3
0.602	3
0.605	3
0.605	3
0.623	3
0.629	3
0.632	3
0.632	3
0.634	3
0.636	3
0.636	3
0.636	3
0.639	3
0.644	3
0.661	3
0.664	3
0.669	3
0.677	3
0.677	3
0.681	4
0.682	4
0.682	4
0.685	4
0.696	4
0.706	4
0.709	4
0.712	4
0.717	4
0.718	4
0.738	4
0.739	4
0.74	4
0.742	4
0.745	4
0.755	4
0.758	4
0.761	4
0.763	4
0.764	4
0.777	4
0.777	4
0.778	4
0.782	4
0.782	4
0.784	4
0.791	4
0.803	4
0.804	4
0.804	4
0.805	4
0.808	4
0.81	4
0.817	4
0.817	4
0.822	4
0.828	4
0.831	4
0.832	4
0.833	4
0.837	4
0.839	4
0.839	4
0.84	4
0.842	4
0.842	4
0.843	4
0.855	4
0.855	4
0.856	4
0.862	4
0.877	4
0.878	4
0.882	4
0.886	4
0.89	4
0.891	4
0.892	4
0.893	4
0.893	4
0.898	4
0.905	4
0.913	4
0.914	4
0.932	4
0.935	4
0.943	4
0.945	4
0.953	5
0.953	5
0.953	5
0.954	5
0.954	5
0.958	5
0.96	5
0.978	5
0.981	5
0.982	5
0.984	5
0.985	5
0.991	5
0.991	5
0.999	5
1.001	5
1.001	5
1.006	5
1.017	5
1.025	5
1.029	5
1.029	5
1.029	5
1.031	5
1.038	5
1.038	5
1.04	5
1.041	5
1.044	5
1.045	5
1.049	6
1.052	6
1.058	6
1.059	6
1.077	6
1.104	6
1.108	6
1.12	6
1.12	6
1.135	6
1.139	6
1.162	6
1.17	6
1.186	6
1.196	6
1.202	6
1.224	6
1.225	7
1.226	7
1.239	7
1.246	7
1.271	7
1.277	7
1.29	7
1.312	7
1.314	7
1.325	7
1.338	7
1.342	7
1.343	7
1.371	7
1.442	7
1.443	7
1.572	7
1.614	7
1.661	7
1.679	7
1.684	7
1.684	7
1.773	7
1.836	7
1.874	7
1.908	7
1.932	7
2.051	7
2.066	7
2.08	7
2.157	7
2.199	7
2.257	7
2.346	7
2.378	7
2.472	7
2.489	7
2.515	7
2.734	7
2.799	7
2.822	7
2.846	7
2.85	7
2.928	7
2.956	7
2.971	7
3.083	7
3.086	7
3.116	7
3.13	7
3.186	7
3.26	7
3.295	7
3.362	7
3.413	7
3.426	7
3.447	7
3.509	7
3.514	7
3.538	7
3.583	7
3.621	7
3.632	7
3.686	7
3.823	7
3.899	7
3.956	7
4.035	7
4.097	7
4.113	7
4.199	7
4.209	7
4.225	7
4.245	7
4.248	7
4.314	7
4.339	7
4.371	7
4.389	7
4.483	7
4.519	7
4.562	7
4.631	7
4.66	7
4.782	7
4.97	7
4.977	7
5.016	7
5.086	7
5.114	7
5.121	7
5.129	7
5.194	7
5.212	7
5.282	7
5.295	7
5.405	7
5.446	7
5.496	7
5.503	7
5.529	7
5.623	7
5.625	7
5.654	7
5.666	7
5.714	7
5.746	7
5.761	7
5.842	7
5.892	7
5.893	7
5.975	7
6.057	7
6.077	7
6.159	7
6.261	6
6.351	6
6.52	6
6.525	6
6.62	6
6.715	6
6.736	6
6.849	6
6.885	6
6.919	6
6.95	6
7.024	6
7.141	6
7.195	6
7.197	6
7.223	6
7.233	6
7.259	6
7.265	6
7.379	6
7.398	6
7.529	5
7.539	5
7.57	5
7.63	5
7.65	5
7.674	5
7.685	5
8.015	5
8.043	5
8.076	5
8.118	5
8.128	5
8.151	5
8.184	5
8.216	5
8.462	5
8.615	5
8.633	5
8.666	5
8.765	5
8.865	5
9.008	5
9.046	5
9.107	5
9.242	5
9.423	5
9.51	5
9.541	5
9.547	5
9.552	5
9.733	5
9.934	5
9.977	5
9.992	5
10.066	5
10.161	5
10.291	5
10.345	5
10.35	5
10.388	5
10.389	5
10.415	5
10.467	5
10.559	5
10.637	5
10.646	5
10.83	5
10.878	5
11.213	5
11.307	5
11.582	5
11.873	5
11.975	5
12.376	5
12.472	5
12.559	5
12.628	5
13.015	5
13.104	5
13.127	5
13.131	4
13.379	4
13.605	4
13.67	4
13.82	4
14.309	4
15.199	4
15.232	4
15.366	4
15.427	4
15.516	4
15.517	4
15.55	4
15.65	4
15.68	4
15.79	4
15.879	4
16.206	4
16.22	4
16.368	4
16.434	4
16.626	4
17.06	4
17.206	4
17.238	4
17.249	4
17.406	4
17.495	4
17.557	4
17.591	4
17.632	4
18.361	4
18.38	4
18.538	4
18.766	3
18.866	3
18.994	3
19.073	3
20.665	3
22.411	3
23.385	3
23.898	3
24.399	3
25.828	3
25.864	3
26.004	3
26.61	3
0.0	1
0.001	1
0.006	1
0.009	1
0.009	1
0.012	1
0.013	1
0.016	1
0.017	1
0.017	1
0.018	1
0.019	1
0.019	1
0.021	1
0.022	1
0.022	1
0.023	1
0.026	1
0.026	1
0.027	1
0.028	1
0.029	1
0.03	1
0.03	1
0.03	1
0.03	1
0.032	1
0.032	1
0.033	1
0.033	1
0.034	1
0.034	1
0.035	1
0.036	1
0.036	1
0.037	1
0.038	1
0.04	1
0.04	1
0.041	1
0.041	1
0.041	1
0.041	1
0.041	1
0.043	1
0.045	1
0.045	1
0.046	1
0.048	1
0.048	1
0.048	1
0.049	1
0.05	1
0.051	1
0.052	1
0.053	1
0.053	1
0.054	1
0.055	1
0.057	1
0.058	1
0.06	1
0.06	1
0.071	1
0.079	1
0.083	1
0.115	1
0.117	1
0.117	1
0.129	1
0.14	1
0.141	1
0.141	1
0.143	1
0.146	1
0.152	1
0.161	1
0.164	1
0.172	1
0.178	1
0.189	1
0.191	1
0.191	1
0.193	1
0.197	1
0.202	1
0.203	1
0.206	1
0.207	1
0.21	1
0.21	2
0.212	2
0.213	2
0.214	2
0.215	3
0.215	3
0.224	3
0.224	3
0.226	3
0.228	3
0.231	3
0.231	3
0.231	3
0.231	3
0.239	3
0.239	3
0.241	3
0.242	3
0.242	3
0.247	3
0.25	3
0.25	3
0.253	3
0.254	3
0.255	3
0.261	3
0.263	3
0.267	3
0.267	3
0.268	3
0.271	3
0.272	3
0.272	3
0.275	3
0.277	3
0.283	3
0.285	3
0.287	3
0.292	3
0.298	3
0.301	3
0.301	3
0.301	3
0.303	3
0.306	3
0.309	3
0.312	3
0.312	3
0.316	3
0.316	3
0.317	3
0.318	3
0.325	3
0.331	3
0.331	3
0.332	3
0.333	3
0.337	3
0.338	3
0.339	3
0.347	3
0.349	3
0.349	3
0.352	3
0.353	3
0.358	3
0.36	3
0.362	3
0.363	3
0.364	3
0.364	3
0.369	3
0.378	3
0.38	3
0.38	3
0.384	3
0.386	3
0.397	3
0.401	3
0.401	3
0.408	3
0.409	3
0.41	3
0.412	3
0.414	3
0.415	3
0.416	3
0.421	3
0.422	3
0.423	3
0.432	3
0.44	3
0.44	3
0.442	3
0.443	3
0.45	3
0.451	3
0.463	3
0.471	3
0.474	3
0.475	3
0.475	3
0.477	3
0.477	3
0.483	3
0.484	3
0.485	3
0.487	3
0.489	3
0.491	4
0.496	4
0.497	4
0.5	4
0.501	4
0.502	4
0.503	4
0.526	4
0.529	4
0.536	4
0.543	4
0.549	4
0.551	4
0.559	4
0.56	4
0.566	4
0.566	4
0.566	4
0.572	4
0.578	4
0.584	4
0.586	4
0.587	4
0.592	4
0.593	4
0.596	4
0.597	4
0.6	4
0.6	4
0.618	4
0.624	4
0.627	4
0.627	4
0.629	4
0.631	4
0.631	4
0.631	4
0.634	4
0.639	4
0.656	4
0.659	4
0.664	5
0.672	6
0.672	6
0.676	6
0.677	6
0.677	6
0.68	6
0.691	6
0.701	6
0.704	6
0.707	6
0.712	6
0.713	6
0.733	6
0.734	6
0.735	6
0.737	6
0.74	6
0.75	6
0.753	6
0.756	6
0.758	6
0.759	6
0.772	6
0.772	6
0.773	6
0.777	6
0.777	6
0.779	6
0.786	6
0.798	6
0.799	6
0.799	6
0.8	6
0.803	6
0.805	6
0.812	6
0.812	6
0.817	6
0.823	6
0.826	6
0.827	6
0.828	6
0.832	6
0.834	6
0.834	6
0.835	6
0.837	6
0.837	7
0.838	7
0.85	7
0.85	7
0.851	7
0.857	7
0.872	7
0.873	7
0.877	7
0.881	7
0.885	7
0.886	7
0.887	7
0.888	7
0.888	7
0.893	7
0.9	7
0.908	7
0.909	7
0.927	7
0.93	7
0.938	7
0.94	7
0.948	7
0.948	7
0.948	7
0.949	7
0.949	7
0.953	7
0.955	7
0.973	7
0.976	7
0.977	7
0.979	7
0.98	7
0.986	7
0.986	7
0.994	7
0.996	7
0.996	7
1.001	7
1.012	7
1.02	7
1.024	7
1.024	7
1.024	7
1.026	7
1.033	7
1.033	7
1.035	7
1.036	7
1.039	7
1.04	7
1.044	7
1.047	7
1.053	7
1.054	7
1.072	7
1.099	7
1.103	7
1.115	7
1.115	7
1.13	7
1.134	7
1.157	7
1.165	7
1.181	7
1.191	7
1.197	7
1.219	7
1.22	7
1.221	7
1.234	7
1.241	7
1.266	7
1.272	7
1.285	7
1.307	7
1.309	7
1.32	7
1.333	7
1.337	7
1.338	7
1.366	7
1.437	7
1.438	7
1.567	7
1.609	7
1.656	7
1.674	7
1.679	7
1.679	7
1.768	7
1.831	7
1.869	7
1.903	7
1.927	7
2.046	7
2.061	7
2.075	7
2.152	7
2.194	7
2.252	7
2.341	7
2.373	7
2.467	7
2.484	7
2.51	7
2.729	7
2.794	7
2.817	7
2.841	7
2.845	7
2.923	7
2.951	7
2.966	7
3.078	7
3.081	7
3.111	7
3.125	7
3.181	7
3.255	7
3.29	7
3.357	7
3.408	7
3.421	7
3.442	7
3.504	7
3.509	7
3.533	7
3.578	7
3.616	7
3.627	7
3.681	7
3.818	7
3.894	7
3.951	7
4.03	7
4.092	7
4.108	7
4.194	7
4.204	6
4.22	6
4.24	6
4.243	6
4.309	6
4.334	6
4.366	6
4.384	6
4.478	6
4.514	6
4.557	6
4.626	6
4.655	6
4.777	6
4.965	6
4.972	6
5.011	6
5.081	6
5.109	6
5.116	6
5.124	6
5.189	6
5.207	6
5.277	6
5.29	6
5.4	6
5.441	6
5.491	6
5.498	6
5.524	6
5.618	6
5.62	6
5.649	6
5.661	6
5.709	6
5.741	6
5.756	6
5.837	6
5.887	6
5.888	6
5.97	6
6.052	6
6.072	6
6.154	6
6.256	6
6.346	6
6.515	6
6.52	6
6.615	6
6.71	6
6.731	6
6.844	6
6.88	6
6.914	6
6.945	6
7.019	6
7.136	6
7.19	6
7.192	6
7.218	6
7.228	6
7.254	6
7.26	6
7.374	6
7.393	5
7.524	5
7.534	5
7.565	5
7.625	5
7.645	5
7.669	5
7.68	5
8.01	5
8.038	5
8.071	5
8.113	5
8.123	5
8.146	5
8.179	5
8.211	5
8.457	5
8.61	5
8.628	5
8.661	5
8.76	5
8.86	4
9.003	4
9.041	4
9.102	4
9.237	4
9.418	4
9.505	4
9.536	4
9.542	4
9.547	4
9.728	4
9.929	4
9.972	4
9.987	4
10.061	4
10.156	4
10.286	4
10.34	4
10.345	4
10.383	4
10.384	4
10.41	4
10.462	4
10.554	3
10.632	3
10.641	3
10.825	3
10.873	3
11.208	3
11.302	3
11.577	3
11.868	3
11.97	3
12.371	3
12.467	3
12.554	3
12.623	3
13.01	3
13.099	3
13.122	3
13.126	3
13.374	3
13.6	3
13.665	3
13.815	3
14.304	3
15.194	3
15.227	3
15.361	3
15.422	3
15.511	3
15.512	3
15.545	3
15.645	3
15.675	3
15.785	3
15.874	3
16.201	3
16.215	3
16.363	3
16.429	3
16.621	3
17.055	3
17.201	3
17.233	3
17.244	3
17.401	3
17.49	3
17.552	3
17.586	3
17.627	3
18.356	3
18.375	3
18.533	3
18.761	3
18.861	3
18.989	3
19.068	3
20.66	3
22.406	3
23.38	3
23.893	3
24.394	3
25.823	3
25.859	3
25.999	3
26.605	3
0.0	1
0.005	1
0.008	1
0.008	1
0.011	1
0.012	1
0.015	1
0.016	1
0.016	1
0.017	1
0.018	1
0.018	1
0.02	1
0.021	1
0.021	1
0.022	1
0.025	1
0.025	1
0.026	1
0.027	1
0.028	1
0.029	1
0.029	1
0.029	1
0.029	1
0.031	1
0.031	1
0.032	1
0.032	1
0.033	1
0.033	1
0.034	1
0.035	1
0.035	1
0.036	1
0.037	1
0.039	1
0.039	1
0.04	1
0.04	1
0.04	1
0.04	1
0.04	1
0.042	1
0.044	1
0.044	1
0.045	1
0.047	1
0.047	1
0.047	1
0.048	1
0.049	1
0.05	1
0.051	1
0.052	1
0.052	1
0.053	1
0.054	1
0.056	1
0.057	1
0.059	1
0.059	1
0.07	1
0.078	1
0.082	1
0.114	1
0.116	1
0.116	1
0.128	1
0.139	2
0.14	2
0.14	2
0.142	2
0.145	2
0.151	2
0.16	2
0.163	2
0.171	2
0.177	2
0.188	2
0.19	2
0.19	2
0.192	2
0.196	2
0.201	2
0.202	2
0.205	2
0.206	2
0.209	2
0.209	2
0.211	2
0.212	2
0.213	2
0.214	2
0.214	2
0.223	2
0.223	2
0.225	2
0.227	2
0.23	2
0.23	2
0.23	2
0.23	2
0.238	2
0.238	2
0.24	2
0.241	2
0.241	2
0.246	2
0.249	2
0.249	2
0.252	2
0.253	2
0.254	2
0.26	2
0.262	2
0.266	2
0.266	2
0.267	2
0.27	2
0.271	2
0.271	2
0.274	2
0.276	3
0.282	3
0.284	3
0.286	3
0.291	3
0.297	3
0.3	3
0.3	3
0.3	3
0.302	3
0.305	3
0.308	3
0.311	3
0.311	3
0.315	3
0.315	3
0.316	3
0.317	3
0.324	3
0.33	3
0.33	3
0.331	3
0.332	3
0.336	3
0.337	3
0.338	3
0.346	3
0.348	3
0.348	3
0.351	3
0.352	3
0.357	3
0.359	3
0.361	3
0.362	3
0.363	3
0.363	3
0.368	3
0.377	3
0.379	3
0.379	3
0.383	3
0.385	3
0.396	3
0.4	3
0.4	3
0.407	3
0.408	3
0.409	3
0.411	3
0.413	3
0.414	3
0.415	3
0.42	3
0.421	3
0.422	3
0.431	3
0.439	3
0.439	3
0.441	3
0.442	3
0.449	3
0.45	3
0.462	3
0.47	3
0.473	3
0.474	3
0.474	3
0.476	3
0.476	3
0.482	3
0.483	3
0.484	3
0.486	3
0.488	3
0.49	3
0.495	3
0.496	3
0.499	3
0.5	3
0.501	3
0.502	3
0.525	3
0.528	3
0.535	3
0.542	3
0.548	3
0.55	3
0.558	3
0.559	3
0.565	3
0.565	3
0.565	3
0.571	3
0.577	3
0.583	3
0.585	3
0.586	3
0.591	3
0.592	3
0.595	3
0.596	3
0.599	3
0.599	3
0.617	3
0.623	3
0.626	3
0.626	3
0.628	3
0.63	3
0.63	3
0.63	3
0.633	3
0.638	3
0.655	3
0.658	3
0.663	3
0.671	3
0.671	3
0.675	3
0.676	3
0.676	3
0.679	3
0.69	3
0.7	3
0.703	3
0.706	3
0.711	3
0.712	3
0.732	3
0.733	4
0.734	4
0.736	4
0.739	4
0.749	4
0.752	4
0.755	4
0.757	4
0.758	4
0.771	4
0.771	4
0.772	4
0.776	4
0.776	4
0.778	4
0.785	4
0.797	4
0.798	4
0.798	4
0.799	4
0.802	4
0.804	4
0.811	4
0.811	4
0.816	4
0.822	4
0.825	4
0.826	4
0.827	4
0.831	4
0.833	4
0.833	4
0.834	4
0.836	4
0.836	4
0.837	4
0.849	4
0.849	4
0.85	4
0.856	4
0.871	4
0.872	4
0.876	4
0.88	4
0.884	4
0.885	4
0.886	4
0.887	4
0.887	4
0.892	4
0.899	4
0.907	4
0.908	4
0.926	4
0.929	4
0.937	4
0.939	4
0.947	4
0.947	4
0.947	4
0.948	4
0.948	4
0.952	4
0.954	4
0.972	4
0.975	4
0.976	4
0.978	4
0.979	4
0.985	4
0.985	4
0.993	4
0.995	4
0.995	4
1.0	4
1.011	4
1.019	4
1.023	4
1.023	4
1.023	4
1.025	4
1.032	4
1.032	4
1.034	4
1.035	4
1.038	4
1.039	4
1.043	4
1.046	4
1.052	4
1.053	4
1.071	4
1.098	4
1.102	4
1.114	4
1.114	4
1.129	4
1.133	4
1.156	4
1.164	4
1.18	4
1.19	5
1.196	5
1.218	5
1.219	5
1.22	5
1.233	5
1.24	5
1.265	5
1.271	5
1.284	5
1.306	5
1.308	5
1.319	5
1.332	5
1.336	5
1.337	5
1.365	5
1.436	5
1.437	5
1.566	5
1.608	5
1.655	5
1.673	5
1.678	5
1.678	5
1.767	5
1.83	5
1.868	5
1.902	5
1.926	5
2.045	5
2.06	5
2.074	5
2.151	5
2.193	5
2.251	5
2.34	5
2.372	5
2.466	5
2.483	5
2.509	5
2.728	5
2.793	5
2.816	5
2.84	5
2.844	5
2.922	5
2.95	5
2.965	5
3.077	5
3.08	5
3.11	5
3.124	5
3.18	5
3.254	5
3.289	5
3.356	5
3.407	5
3.42	5
3.441	5
3.503	5
3.508	5
3.532	4
3.577	4
3.615	4
3.626	4
3.68	4
3.817	4
3.893	4
3.95	4
4.029	4
4.091	4
4.107	4
4.193	4
4.203	4
4.219	4
4.239	4
4.242	4
4.308	4
4.333	4
4.365	4
4.383	4
4.477	4
4.513	4
4.556	4
4.625	4
4.654	4
4.776	4
4.964	4
4.971	4
5.01	4
5.08	4
5.108	4
5.115	4
5.123	4
5.188	4
5.206	4
5.276	4
5.289	3
5.399	3
5.44	3
5.49	3
5.497	3
5.523	3
5.617	3
5.619	3
5.648	3
5.66	3
5.708	3
5.74	3
5.755	3
5.836	3
5.886	3
5.887	3
5.969	3
6.051	3
6.071	3
6.153	3
6.255	3
6.345	3
6.514	3
6.519	3
6.614	3
6.709	3
6.73	3
6.843	3
6.879	3
6.913	3
6.944	3
7.018	3
7.135	3
7.189	3
7.191	3
7.217	3
7.227	3
7.253	3
7.259	3
7.373	3
7.392	3
7.523	3
7.533	3
7.564	3
7.624	3
7.644	3
7.668	3
7.679	3
8.009	3
8.037	3
8.07	3
8.112	3
8.122	3
8.145	3
8.178	3
8.21	3
8.456	3
8.609	3
8.627	3
8.66	3
8.759	3
8.859	3
9.002	3
9.04	3
9.101	3
9.236	3
9.417	3
9.504	3
9.535	3
9.541	3
9.546	3
9.727	3
9.928	3
9.971	3
9.986	3
10.06	3
10.155	3
10.285	3
10.339	3
10.344	3
10.382	3
10.383	3
10.409	3
10.461	3
10.553	3
10.631	3
10.64	3
10.824	3
10.872	3
11.207	3
11.301	3
11.576	3
11.867	3
11.969	3
12.37	3
12.466	3
12.553	3
12.622	3
13.009	3
13.098	3
13.121	3
13.125	3
13.373	3
13.599	3
13.664	3
13.814	3
14.303	3
15.193	3
15.226	3
15.36	3
15.421	3
15.51	3
15.511	3
15.544	3
15.644	3
15.674	3
15.784	3
15.873	3
16.2	3
16.214	3
16.362	3
16.428	3
16.62	3
17.054	3
17.2	3
17.232	3
17.243	3
17.4	3
17.489	3
17.551	3
17.585	3
17.626	3
18.355	3
18.374	3
18.532	3
18.76	3
18.86	3
18.988	3
19.067	3
20.659	3
22.405	3
23.379	3
23.892	3
24.393	3
25.822	3
25.858	3
25.998	3
26.604	3
0.0	1
0.003	1
0.003	1
0.006	1
0.007	1
0.01	1
0.011	1
0.011	1
0.012	1
0.013	1
0.013	1
0.015	1
0.016	1
0.016	1
0.017	1
0.02	1
0.02	1
0.021	1
0.022	1
0.023	1
0.024	1
0.024	1
0.024	1
0.024	1
0.026	1
0.026	1
0.027	1
0.027	1
0.028	1
0.028	1
0.029	1
0.03	1
0.03	1
0.031	1
0.032	1
0.034	1
0.034	1
0.035	1
0.035	1
0.035	1
0.035	1
0.035	1
0.037	1
0.039	1
0.039	1
0.04	1
0.042	1
0.042	1
0.042	1
0.043	1
0.044	1
0.045	1
0.046	1
0.047	1
0.047	1
0.048	1
0.049	1
0.051	1
0.052	1
0.054	1
0.054	1
0.065	1
0.073	1
0.077	1
0.109	1
0.111	1
0.111	1
0.123	1
0.134	1
0.135	1
0.135	1
0.137	1
0.14	1
0.146	1
0.155	1
0.158	1
0.166	1
0.172	1
0.183	1
0.185	1
0.185	1
0.187	1
0.191	1
0.196	2
0.197	2
0.2	2
0.201	2
0.204	2
0.204	2
0.206	2
0.207	2
0.208	2
0.209	2
0.209	2
0.218	2
0.218	2
0.22	2
0.222	2
0.225	2
0.225	2
0.225	2
0.225	2
0.233	2
0.233	2
0.235	2
0.236	2
0.236	2
0.241	2
0.244	2
0.244	2
0.247	2
0.248	2
0.249	2
0.255	2
0.257	2
0.261	2
0.261	3
0.262	3
0.265	3
0.266	3
0.266	3
0.269	3
0.271	3
0.277	3
0.279	3
0.281	3
0.286	3
0.292	3
0.295	3
0.295	3
0.295	3
0.297	3
0.3	3
0.303	3
0.306	3
0.306	3
0.31	3
0.31	3
0.311	3
0.312	3
0.319	3
0.325	3
0.325	3
0.326	3
0.327	3
0.331	3
0.332	3
0.333	3
0.341	3
0.343	3
0.343	3
0.346	3
0.347	3
0.352	3
0.354	3
0.356	3
0.357	3
0.358	3
0.358	3
0.363	3
0.372	3
0.374	3
0.374	3
0.378	3
0.38	3
0.391	3
0.395	3
0.395	3
0.402	3
0.403	4
0.404	4
0.406	4
0.408	4
0.409	4
0.41	4
0.415	4
0.416	4
0.417	4
0.426	4
0.434	4
0.434	4
0.436	4
0.437	4
0.444	4
0.445	4
0.457	4
0.465	4
0.468	4
0.469	4
0.469	4
0.471	4
0.471	4
0.477	4
0.478	4
0.479	4
0.481	4
0.483	4
0.485	4
0.49	4
0.491	5
0.494	5
0.495	5
0.496	5
0.497	5
0.52	5
0.523	5
0.53	5
0.537	5
0.543	5
0.545	5
0.553	5
0.554	5
0.56	5
0.56	5
0.56	5
0.566	5
0.572	5
0.578	5
0.58	5
0.581	5
0.586	5
0.587	5
0.59	5
0.591	5
0.594	5
0.594	5
0.612	5
0.618	5
0.621	5
0.621	5
0.623	5
0.625	5
0.625	5
0.625	5
0.628	5
0.633	5
0.65	5
0.653	5
0.658	5
0.666	5
0.666	5
0.67	5
0.671	5
0.671	5
0.674	5
0.685	5
0.695	5
0.698	5
0.701	5
0.706	5
0.707	5
0.727	5
0.728	5
0.729	5
0.731	5
0.734	5
0.744	5
0.747	5
0.75	5
0.752	5
0.753	5
0.766	5
0.766	5
0.767	5
0.771	5
0.771	5
0.773	5
0.78	5
0.792	5
0.793	6
0.793	6
0.794	6
0.797	6
0.799	6
0.806	6
0.806	6
0.811	6
0.817	6
0.82	6
0.821	6
0.822	6
0.826	6
0.828	6
0.828	6
0.829	6
0.831	6
0.831	6
0.832	6
0.844	6
0.844	6
0.845	6
0.851	6
0.866	6
0.867	6
0.871	6
0.875	7
0.879	7
0.88	7
0.881	7
0.882	7
0.882	7
0.887	7
0.894	7
0.902	7
0.903	7
0.921	7
0.924	7
0.932	7
0.934	7
0.942	7
0.942	7
0.942	7
0.943	7
0.943	7
0.947	7
0.949	7
0.967	7
0.97	7
0.971	7
0.973	7
0.974	7
0.98	7
0.98	7
0.988	7
0.99	7
0.99	7
0.995	7
1.006	7
1.014	7
1.018	7
1.018	7
1.018	7
1.02	7
1.027	7
1.027	7
1.029	7
1.03	7
1.033	7
1.034	7
1.038	7
1.041	7
1.047	7
1.048	7
1.066	7
1.093	7
1.097	7
1.109	7
1.109	7
1.124	7
1.128	7
1.151	7
1.159	7
1.175	7
1.185	7
1.191	7
1.213	7
1.214	7
1.215	7
1.228	7
1.235	7
1.26	7
1.266	7
1.279	7
1.301	7
1.303	7
1.314	7
1.327	7
1.331	7
1.332	7
1.36	7
1.431	7
1.432	7
1.561	7
1.603	7
1.65	7
1.668	7
1.673	7
1.673	7
1.762	7
1.825	7
1.863	7
1.897	7
1.921	6
2.04	6
2.055	6
2.069	6
2.146	6
2.188	6
2.246	6
2.335	6
2.367	6
2.461	6
2.478	6
2.504	6
2.723	6
2.788	6
2.811	6
2.835	6
2.839	6
2.917	6
2.945	6
2.96	6
3.072	6
3.075	6
3.105	6
3.119	6
3.175	6
3.249	6
3.284	6
3.351	5
3.402	5
3.415	5
3.436	5
3.498	5
3.503	5
3.527	5
3.572	5
3.61	5
3.621	5
3.675	5
3.812	5
3.888	5
3.945	5
4.024	5
4.086	5
4.102	5
4.188	5
4.198	5
4.214	5
4.234	5
4.237	5
4.303	5
4.328	5
4.36	5
4.378	5
4.472	5
4.508	5
4.551	5
4.62	5
4.649	5
4.771	5
4.959	5
4.966	5
5.005	5
5.075	5
5.103	5
5.11	5
5.118	5
5.183	5
5.201	5
5.271	5
5.284	5
5.394	5
5.435	5
5.485	5
5.492	5
5.518	5
5.612	5
5.614	5
5.643	5
5.655	5
5.703	5
5.735	5
5.75	5
5.831	5
5.881	5
5.882	5
5.964	5
6.046	5
6.066	5
6.148	5
6.25	5
6.34	5
6.509	5
6.514	5
6.609	5
6.704	5
6.725	5
6.838	5
6.874	5
6.908	5
6.939	5
7.013	5
7.13	4
7.184	4
7.186	4
7.212	4
7.222	4
7.248	4
7.254	3
7.368	3
7.387	3
7.518	3
7.528	3
7.559	3
7.619	3
7.639	3
7.663	3
7.674	3
8.004	3
8.032	3
8.065	3
8.107	3
8.117	3
8.14	3
8.173	3
8.205	3
8.451	3
8.604	3
8.622	3
8.655	3
8.754	3
8.854	3
8.997	3
9.035	3
9.096	3
9.231	3
9.412	3
9.499	3
9.53	3
9.536	3
9.541	3
9.722	3
9.923	3
9.966	3
9.981	3
10.055	3
10.15	3
10.28	3
10.334	3
10.339	3
10.377	3
10.378	3
10.404	3
10.456	3
10.548	3
10.626	3
10.635	3
10.819	3
10.867	3
11.202	3
11.296	3
11.571	3
11.862	3
11.964	3
12.365	3
12.461	3
12.548	3
12.617	3
13.004	3
13.093	3
13.116	3
13.12	3
13.368	3
13.594	3
13.659	3
13.809	3
14.298	3
15.188	3
15.221	3
15.355	3
15.416	3
15.505	3
15.506	3
15.539	3
15.639	3
15.669	3
15.779	3
15.868	3
16.195	3
16.209	3
16.357	3
16.423	3
16.615	3
17.049	3
17.195	3
17.227	3
17.238	3
17.395	3
17.484	3
17.546	3
17.58	3
17.621	3
18.35	3
18.369	3
18.527	3
18.755	3
18.855	3
18.983	3
19.062	3
20.654	3
22.4	3
23.374	3
23.887	3
24.388	3
25.817	3
25.853	3
25.993	3
26.599	3
0.001	1
0.001	1
0.004	1
0.005	1
0.008	1
0.009	1
0.009	1
0.01	1
0.011	1
0.011	1
0.013	1
0.014	1
0.014	1
0.015	1
0.018	1
0.018	1
0.019	1
0.02	1
0.021	1
0.022	1
0.022	1
0.022	1
0.022	1
0.024	1
0.024	1
0.025	1
0.025	1
0.026	1
0.026	1
0.027	1
0.028	1
0.028	1
0.029	1
0.03	1
0.032	1
0.032	1
0.033	1
0.033	1
0.033	1
0.033	1
0.033	1
0.035	1
0.037	1
0.037	1
0.038	1
0.04	1
0.04	1
0.04	1
0.041	1
0.042	1
0.043	1
0.044	1
0.045	1
0.045	1
0.046	1
0.047	1
0.049	1
0.05	1
0.052	1
0.052	1
0.063	1
0.071	1
0.075	1
0.107	2
0.109	2
0.109	2
0.121	2
0.132	2
0.133	2
0.133	2
0.135	2
0.138	2
0.144	2
0.153	2
0.156	2
0.164	2
0.17	2
0.181	2
0.183	2
0.183	2
0.185	2
0.189	2
0.194	2
0.195	2
0.198	2
0.199	2
0.202	2
0.202	2
0.204	2
0.205	2
0.206	2
0.207	2
0.207	2
0.216	2
0.216	2
0.218	2
0.22	2
0.223	2
0.223	2
0.223	2
0.223	2
0.231	2
0.231	2
0.233	2
0.234	2
0.234	2
0.239	2
0.242	2
0.242	2
0.245	2
0.246	2
0.247	2
0.253	3
0.255	3
0.259	3
0.259	3
0.26	3
0.263	3
0.264	3
0.264	3
0.267	3
0.269	3
0.275	3
0.277	3
0.279	3
0.284	3
0.29	3
0.293	3
0.293	3
0.293	3
0.295	3
0.298	3
0.301	3
0.304	3
0.304	3
0.308	3
0.308	3
0.309	3
0.31	3
0.317	3
0.323	3
0.323	3
0.324	3
0.325	3
0.329	3
0.33	3
0.331	3
0.339	3
0.341	3
0.341	3
0.344	3
0.345	3
0.35	3
0.352	3
0.354	3
0.355	3
0.356	3
0.356	3
0.361	3
0.37	3
0.372	3
0.372	3
0.376	3
0.378	3
0.389	3
0.393	3
0.393	4
0.4	4
0.401	4
0.402	4
0.404	4
0.406	4
0.407	4
0.408	4
0.413	4
0.414	4
0.415	4
0.424	4
0.432	4
0.432	4
0.434	4
0.435	4
0.442	4
0.443	4
0.455	4
0.463	4
0.466	4
0.467	4
0.467	4
0.469	4
0.469	4
0.475	4
0.476	5
0.477	5
0.479	5
0.481	5
0.483	5
0.488	5
0.489	5
0.492	5
0.493	5
0.494	5
0.495	5
0.518	5
0.521	5
0.528	5
0.535	5
0.541	5
0.543	5
0.551	5
0.552	5
0.558	5
0.558	5
0.558	5
0.564	5
0.57	5
0.576	5
0.578	5
0.579	5
0.584	5
0.585	5
0.588	5
0.589	5
0.592	5
0.592	5
0.61	5
0.616	5
0.619	5
0.619	5
0.621	5
0.623	5
0.623	5
0.623	5
0.626	6
0.631	6
0.648	6
0.651	6
0.656	6
0.664	6
0.664	6
0.668	6
0.669	6
0.669	6
0.672	6
0.683	6
0.693	6
0.696	6
0.699	6
0.704	6
0.705	6
0.725	6
0.726	6
0.727	6
0.729	6
0.732	6
0.742	6
0.745	6
0.748	6
0.75	6
0.751	6
0.764	6
0.764	6
0.765	6
0.769	7
0.769	8
0.771	8
0.778	8
0.79	8
0.791	8
0.791	8
0.792	8
0.795	8
0.797	8
0.804	8
0.804	9
0.809	9
0.815	9
0.818	9
0.819	9
0.82	9
0.824	9
0.826	9
0.826	9
0.827	9
0.829	9
0.829	9
0.83	9
0.842	9
0.842	9
0.843	10
0.849	10
0.864	10
0.865	10
0.869	10
0.873	10
0.877	10
0.878	10
0.879	10
0.88	10
0.88	10
0.885	10
0.892	10
0.9	10
0.901	10
0.919	10
0.922	10
0.93	10
0.932	10
0.94	10
0.94	10
0.94	10
0.941	10
0.941	10
0.945	10
0.947	10
0.965	10
0.968	10
0.969	10
0.971	10
0.972	10
0.978	10
0.978	10
0.986	10
0.988	10
0.988	10
0.993	10
1.004	10
1.012	10
1.016	10
1.016	10
1.016	10
1.018	10
1.025	10
1.025	10
1.027	10
1.028	10
1.031	10
1.032	10
1.036	10
1.039	10
1.045	10
1.046	10
1.064	10
1.091	10
1.095	10
1.107	10
1.107	10
1.122	10
1.126	10
1.149	10
1.157	10
1.173	10
1.183	10
1.189	10
1.211	10
1.212	10
1.213	10
1.226	10
1.233	10
1.258	10
1.264	10
1.277	10
1.299	10
1.301	10
1.312	10
1.325	10
1.329	10
1.33	10
1.358	10
1.429	9
1.43	9
1.559	9
1.601	9
1.648	9
1.666	9
1.671	9
1.671	9
1.76	9
1.823	9
1.861	9
1.895	9
1.919	9
2.038	9
2.053	9
2.067	9
2.144	9
2.186	9
2.244	9
2.333	9
2.365	9
2.459	9
2.476	9
2.502	9
2.721	9
2.786	9
2.809	9
2.833	9
2.837	9
2.915	9
2.943	9
2.958	9
3.07	9
3.073	9
3.103	9
3.117	9
3.173	9
3.247	9
3.282	9
3.349	9
3.4	9
3.413	9
3.434	9
3.496	9
3.501	9
3.525	9
3.57	9
3.608	9
3.619	9
3.673	9
3.81	9
3.886	9
3.943	9
4.022	9
4.084	8
4.1	8
4.186	8
4.196	8
4.212	8
4.232	8
4.235	8
4.301	8
4.326	8
4.358	8
4.376	8
4.47	8
4.506	8
4.549	8
4.618	8
4.647	8
4.769	8
4.957	8
4.964	8
5.003	8
5.073	8
5.101	8
5.108	8
5.116	8
5.181	8
5.199	8
5.269	8
5.282	8
5.392	8
5.433	8
5.483	8
5.49	8
5.516	8
5.61	8
5.612	8
5.641	8
5.653	8
5.701	8
5.733	8
5.748	8
5.829	8
5.879	8
5.88	8
5.962	8
6.044	8
6.064	8
6.146	8
6.248	8
6.338	8
6.507	8
6.512	8
6.607	8
6.702	8
6.723	8
6.836	8
6.872	8
6.906	8
6.937	8
7.011	8
7.128	8
7.182	8
7.184	8
7.21	8
7.22	8
7.246	8
7.252	8
7.366	8
7.385	8
7.516	8
7.526	8
7.557	8
7.617	8
7.637	8
7.661	8
7.672	8
8.002	8
8.03	8
8.063	8
8.105	8
8.115	8
8.138	8
8.171	8
8.203	8
8.449	8
8.602	8
8.62	8
8.653	8
8.752	8
8.852	8
8.995	8
9.033	8
9.094	8
9.229	8
9.41	8
9.497	8
9.528	8
9.534	8
9.539	8
9.72	8
9.921	8
9.964	7
9.979	7
10.053	7
10.148	7
10.278	7
10.332	7
10.337	7
10.375	7
10.376	7
10.402	7
10.454	7
10.546	7
10.624	7
10.633	7
10.817	7
10.865	7
11.2	7
11.294	7
11.569	7
11.86	7
11.962	7
12.363	7
12.459	7
12.546	7
12.615	6
13.002	5
13.091	5
13.114	5
13.118	5
13.366	5
13.592	5
13.657	5
13.807	5
14.296	5
15.186	5
15.219	5
15.353	5
15.414	5
15.503	5
15.504	5
15.537	5
15.637	5
15.667	5
15.777	5
15.866	5
16.193	5
16.207	5
16.355	5
16.421	5
16.613	5
17.047	5
17.193	5
17.225	5
17.236	5
17.393	5
17.482	5
17.544	5
17.578	5
17.619	5
18.348	5
18.367	5
18.525	4
18.753	4
18.853	4
18.981	4
19.06	4
20.652	4
22.398	4
23.372	4
23.885	4
24.386	4
25.815	4
25.851	4
25.991	3
26.597	3
0.0	1
0.003	1
0.004	1
0.007	1
0.008	1
0.008	1
0.009	1
0.01	1
0.01	1
0.012	1
0.013	1
0.013	1
0.014	1
0.017	1
0.017	1
0.018	1
0.019	1
0.02	1
0.021	1
0.021	1
0.021	1
0.021	1
0.023	1
0.023	1
0.024	1
0.024	1
0.025	1
0.025	1
0.026	1
0.027	1
0.027	1
0.028	1
0.029	1
0.031	1
0.031	1
0.032	1
0.032	1
0.032	1
0.032	1
0.032	1
0.034	1
0.036	1
0.036	1
0.037	1
0.039	1
0.039	1
0.039	1
0.04	1
0.041	1
0.042	1
0.043	1
0.044	1
0.044	1
0.045	1
0.046	1
0.048	1
0.049	1
0.051	1
0.051	1
0.062	1
0.07	2
0.074	2
0.106	2
0.108	2
0.108	2
0.12	2
0.131	2
0.132	2
0.132	2
0.134	2
0.137	2
0.143	2
0.152	2
0.155	2
0.163	2
0.169	2
0.18	2
0.182	2
0.182	2
0.184	2
0.188	2
0.193	2
0.194	2
0.197	2
0.198	2
0.201	2
0.201	2
0.203	2
0.204	2
0.205	2
0.206	2
0.206	2
0.215	2
0.215	2
0.217	2
0.219	2
0.222	2
0.222	2
0.222	2
0.222	2
0.23	2
0.23	2
0.232	2
0.233	2
0.233	2
0.238	2
0.241	2
0.241	3
0.244	3
0.245	3
0.246	3
0.252	3
0.254	3
0.258	3
0.258	3
0.259	3
0.262	3
0.263	3
0.263	3
0.266	3
0.268	3
0.274	3
0.276	3
0.278	3
0.283	3
0.289	3
0.292	3
0.292	3
0.292	3
0.294	3
0.297	3
0.3	3
0.303	3
0.303	3
0.307	3
0.307	3
0.308	3
0.309	3
0.316	3
0.322	3
0.322	3
0.323	3
0.324	3
0.328	3
0.329	3
0.33	3
0.338	3
0.34	3
0.34	3
0.343	3
0.344	3
0.349	3
0.351	3
0.353	3
0.354	3
0.355	3
0.355	3
0.36	3
0.369	3
0.371	3
0.371	3
0.375	3
0.377	3
0.388	3
0.392	3
0.392	3
0.399	3
0.4	3
0.401	3
0.403	3
0.405	3
0.406	3
0.407	3
0.412	3
0.413	3
0.414	3
0.423	3
0.431	3
0.431	3
0.433	3
0.434	3
0.441	3
0.442	3
0.454	3
0.462	4
0.465	4
0.466	4
0.466	4
0.468	4
0.468	4
0.474	4
0.475	4
0.476	4
0.478	4
0.48	4
0.482	4
0.487	4
0.488	4
0.491	4
0.492	4
0.493	4
0.494	4
0.517	4
0.52	4
0.527	4
0.534	4
0.54	4
0.542	4
0.55	4
0.551	4
0.557	4
0.557	4
0.557	4
0.563	4
0.569	4
0.575	4
0.577	4
0.578	4
0.583	4
0.584	4
0.587	4
0.588	4
0.591	4
0.591	4
0.609	4
0.615	4
0.618	4
0.618	4
0.62	4
0.622	4
0.622	4
0.622	4
0.625	4
0.63	4
0.647	4
0.65	4
0.655	4
0.663	4
0.663	4
0.667	4
0.668	4
0.668	4
0.671	4
0.682	4
0.692	4
0.695	4
0.698	4
0.703	4
0.704	4
0.724	4
0.725	4
0.726	5
0.728	5
0.731	5
0.741	5
0.744	6
0.747	6
0.749	6
0.75	6
0.763	6
0.763	6
0.764	6
0.768	6
0.768	6
0.77	6
0.777	6
0.789	6
0.79	6
0.79	6
0.791	6
0.794	6
0.796	6
0.803	6
0.803	6
0.808	6
0.814	6
0.817	6
0.818	6
0.819	6
0.823	6
0.825	6
0.825	6
0.826	6
0.828	6
0.828	6
0.829	6
0.841	6
0.841	6
0.842	6
0.848	6
0.863	6
0.864	6
0.868	6
0.872	6
0.876	6
0.877	6
0.878	6
0.879	6
0.879	6
0.884	6
0.891	6
0.899	6
0.9	6
0.918	6
0.921	6
0.929	6
0.931	6
0.939	6
0.939	6
0.939	6
0.94	6
0.94	6
0.944	6
0.946	6
0.964	6
0.967	6
0.968	6
0.97	6
0.971	6
0.977	6
0.977	6
0.985	6
0.987	6
0.987	6
0.992	6
1.003	6
1.011	6
1.015	6
1.015	6
1.015	6
1.017	6
1.024	6
1.024	6
1.026	6
1.027	6
1.03	6
1.031	6
1.035	6
1.038	6
1.044	6
1.045	6
1.063	6
1.09	6
1.094	6
1.106	6
1.106	6
1.121	6
1.125	6
1.148	6
1.156	6
1.172	6
1.182	6
1.188	6
1.21	6
1.211	6
1.212	6
1.225	6
1.232	6
1.257	6
1.263	6
1.276	6
1.298	6
1.3	6
1.311	6
1.324	6
1.328	6
1.329	6
1.357	6
1.428	6
1.429	6
1.558	6
1.6	6
1.647	6
1.665	6
1.67	6
1.67	6
1.759	6
1.822	6
1.86	6
1.894	6
1.918	6
2.037	6
2.052	6
2.066	6
2.143	6
2.185	6
2.243	6
2.332	6
2.364	6
2.458	6
2.475	6
2.501	6
2.72	6
2.785	6
2.808	6
2.832	6
2.836	6
2.914	6
2.942	6
2.957	6
3.069	6
3.072	6
3.102	6
3.116	6
3.172	6
3.246	6
3.281	6
3.348	6
3.399	6
3.412	6
3.433	6
3.495	6
3.5	6
3.524	6
3.569	6
3.607	6
3.618	6
3.672	6
3.809	5
3.885	5
3.942	5
4.021	5
4.083	5
4.099	5
4.185	5
4.195	5
4.211	5
4.231	5
4.234	5
4.3	5
4.325	5
4.357	5
4.375	5
4.469	5
4.505	5
4.548	5
4.617	5
4.646	5
4.768	5
4.956	5
4.963	5
5.002	5
5.072	5
5.1	5
5.107	5
5.115	5
5.18	5
5.198	5
5.268	5
5.281	5
5.391	5
5.432	5
5.482	5
5.489	5
5.515	5
5.609	5
5.611	5
5.64	5
5.652	5
5.7	5
5.732	5
5.747	5
5.828	5
5.878	5
5.879	5
5.961	5
6.043	5
6.063	5
6.145	5
6.247	5
6.337	5
6.506	5
6.511	5
6.606	5
6.701	5
6.722	5
6.835	5
6.871	5
6.905	5
6.936	5
7.01	5
7.127	5
7.181	5
7.183	5
7.209	5
7.219	5
7.245	5
7.251	5
7.365	5
7.384	5
7.515	5
7.525	5
7.556	5
7.616	5
7.636	5
7.66	5
7.671	5
8.001	5
8.029	5
8.062	5
8.104	5
8.114	5
8.137	5
8.17	5
8.202	5
8.448	5
8.601	5
8.619	5
8.652	5
8.751	5
8.851	5
8.994	5
9.032	5
9.093	5
9.228	5
9.409	5
9.496	5
9.527	5
9.533	5
9.538	5
9.719	5
9.92	5
9.963	5
9.978	5
10.052	5
10.147	5
10.277	5
10.331	5
10.336	5
10.374	5
10.375	5
10.401	5
10.453	5
10.545	5
10.623	5
10.632	5
10.816	5
10.864	5
11.199	5
11.293	5
11.568	5
11.859	5
11.961	5
12.362	5
12.458	5
12.545	5
12.614	5
13.001	5
13.09	5
13.113	5
13.117	5
13.365	5
13.591	5
13.656	5
13.806	5
14.295	5
15.185	5
15.218	5
15.352	5
15.413	5
15.502	5
15.503	5
15.536	4
15.636	4
15.666	4
15.776	4
15.865	4
16.192	4
16.206	4
16.354	4
16.42	3
16.612	3
17.046	3
17.192	3
17.224	3
17.235	3
17.392	3
17.481	3
17.543	3
17.577	3
17.618	3
18.347	3
18.366	3
18.524	3
18.752	3
18.852	3
18.98	3
19.059	3
20.651	3
22.397	3
23.371	3
23.884	3
24.385	3
25.814	3
25.85	3
25.99	3
26.596	3
0.001	1
0.002	1
0.005	1
0.006	1
0.006	1
0.007	1
0.008	1
0.008	1
0.01	1
0.011	1
0.011	1
0.012	1
0.015	1
0.015	1
0.016	1
0.017	1
0.018	1
0.019	1
0.019	1
0.019	1
0.019	1
0.021	1
0.021	1
0.022	1
0.022	1
0.023	1
0.023	1
0.024	1
0.025	1
0.025	1
0.026	1
0.027	1
0.029	1
0.029	1
0.03	1
0.03	1
0.03	1
0.03	1
0.03	1
0.032	1
0.034	1
0.034	1
0.035	1
0.037	1
0.037	1
0.037	1
0.038	1
0.039	1
0.04	1
0.041	1
0.042	1
0.042	1
0.043	1
0.044	1
0.046	1
0.047	1
0.049	1
0.049	1
0.06	1
0.068	1
0.072	1
0.104	1
0.106	2
0.106	2
0.118	2
0.129	2
0.13	2
0.13	2
0.132	2
0.135	2
0.141	2
0.15	2
0.153	2
0.161	2
0.167	2
0.178	2
0.18	2
0.18	2
0.182	2
0.186	2
0.191	2
0.192	2
0.195	2
0.196	2
0.199	2
0.199	2
0.201	2
0.202	2
0.203	2
0.204	2
0.204	2
0.213	2
0.213	2
0.215	3
0.217	3
0.22	3
0.22	3
0.22	3
0.22	3
0.228	3
0.228	3
0.23	3
0.231	3
0.231	3
0.236	3
0.239	3
0.239	3
0.242	3
0.243	3
0.244	3
0.25	3
0.252	4
0.256	4
0.256	4
0.257	4
0.26	4
0.261	4
0.261	4
0.264	4
0.266	4
0.272	4
0.274	4
0.276	4
0.281	4
0.287	4
0.29	4
0.29	4
0.29	4
0.292	4
0.295	4
0.298	4
0.301	5
0.301	5
0.305	5
0.305	5
0.306	5
0.307	5
0.314	5
0.32	5
0.32	5
0.321	5
0.322	5
0.326	5
0.327	5
0.328	5
0.336	5
0.338	5
0.338	5
0.341	5
0.342	5
0.347	5
0.349	5
0.351	5
0.352	5
0.353	5
0.353	5
0.358	5
0.367	5
0.369	5
0.369	5
0.373	5
0.375	5
0.386	5
0.39	5
0.39	5
0.397	5
0.398	5
0.399	5
0.401	5
0.403	5
0.404	5
0.405	5
0.41	5
0.411	5
0.412	5
0.421	5
0.429	5
0.429	5
0.431	5
0.432	5
0.439	5
0.44	5
0.452	5
0.46	5
0.463	5
0.464	5
0.464	5
0.466	5
0.466	5
0.472	5
0.473	5
0.474	5
0.476	5
0.478	5
0.48	5
0.485	5
0.486	5
0.489	5
0.49	5
0.491	5
0.492	5
0.515	5
0.518	5
0.525	5
0.532	5
0.538	5
0.54	5
0.548	5
0.549	5
0.555	5
0.555	5
0.555	5
0.561	5
0.567	5
0.573	5
0.575	5
0.576	6
0.581	6
0.582	6
0.585	6
0.586	6
0.589	6
0.589	6
0.607	6
0.613	6
0.616	6
0.616	6
0.618	6
0.62	6
0.62	6
0.62	6
0.623	6
0.628	6
0.645	6
0.648	6
0.653	6
0.661	6
0.661	6
0.665	6
0.666	6
0.666	6
0.669	6
0.68	6
0.69	7
0.693	7
0.696	7
0.701	7
0.702	7
0.722	7
0.723	7
0.724	7
0.726	7
0.729	7
0.739	7
0.742	7
0.745	7
0.747	7
0.748	7
0.761	7
0.761	7
0.762	7
0.766	7
0.766	7
0.768	7
0.775	7
0.787	7
0.788	7
0.788	7
0.789	7
0.792	7
0.794	7
0.801	7
0.801	7
0.806	8
0.812	8
0.815	8
0.816	8
0.817	8
0.821	8
0.823	8
0.823	8
0.824	8
0.826	8
0.826	8
0.827	8
0.839	8
0.839	8
0.84	8
0.846	8
0.861	8
0.862	8
0.866	8
0.87	8
0.874	9
0.875	9
0.876	9
0.877	9
0.877	9
0.882	9
0.889	9
0.897	9
0.898	9
0.916	9
0.919	9
0.927	9
0.929	9
0.937	9
0.937	9
0.937	9
0.938	9
0.938	9
0.942	9
0.944	9
0.962	9
0.965	9
0.966	9
0.968	9
0.969	9
0.975	9
0.975	9
0.983	9
0.985	9
0.985	9
0.99	9
1.001	9
1.009	9
1.013	9
1.013	9
1.013	9
1.015	10
1.022	10
1.022	10
1.024	10
1.025	10
1.028	10
1.029	10
1.033	10
1.036	10
1.042	10
1.043	10
1.061	10
1.088	10
1.092	10
1.104	10
1.104	10
1.119	10
1.123	10
1.146	10
1.154	10
1.17	10
1.18	10
1.186	10
1.208	10
1.209	10
1.21	10
1.223	10
1.23	10
1.255	10
1.261	10
1.274	10
1.296	10
1.298	10
1.309	10
1.322	10
1.326	10
1.327	10
1.355	10
1.426	10
1.427	10
1.556	10
1.598	10
1.645	10
1.663	10
1.668	10
1.668	10
1.757	10
1.82	10
1.858	10
1.892	10
1.916	10
2.035	10
2.05	10
2.064	10
2.141	10
2.183	10
2.241	10
2.33	10
2.362	10
2.456	10
2.473	10
2.499	10
2.718	10
2.783	10
2.806	10
2.83	10
2.834	10
2.912	10
2.94	10
2.955	9
3.067	9
3.07	9
3.1	9
3.114	9
3.17	9
3.244	9
3.279	9
3.346	9
3.397	9
3.41	9
3.431	9
3.493	9
3.498	9
3.522	9
3.567	9
3.605	9
3.616	9
3.67	9
3.807	9
3.883	9
3.94	9
4.019	9
4.081	9
4.097	9
4.183	9
4.193	9
4.209	9
4.229	9
4.232	9
4.298	9
4.323	9
4.355	9
4.373	9
4.467	9
4.503	9
4.546	9
4.615	9
4.644	9
4.766	8
4.954	8
4.961	8
5.0	8
5.07	8
5.098	8
5.105	8
5.113	8
5.178	8
5.196	8
5.266	8
5.279	8
5.389	8
5.43	8
5.48	8
5.487	8
5.513	8
5.607	8
5.609	8
5.638	8
5.65	8
5.698	8
5.73	8
5.745	8
5.826	8
5.876	8
5.877	8
5.959	8
6.041	8
6.061	8
6.143	8
6.245	8
6.335	8
6.504	8
6.509	8
6.604	8
6.699	8
6.72	8
6.833	8
6.869	8
6.903	8
6.934	8
7.008	8
7.125	8
7.179	8
7.181	8
7.207	8
7.217	8
7.243	8
7.249	8
7.363	8
7.382	8
7.513	8
7.523	7
7.554	7
7.614	7
7.634	7
7.658	7
7.669	7
7.999	7
8.027	7
8.06	7
8.102	7
8.112	7
8.135	7
8.168	7
8.2	7
8.446	7
8.599	7
8.617	7
8.65	7
8.749	7
8.849	7
8.992	7
9.03	7
9.091	7
9.226	7
9.407	7
9.494	7
9.525	7
9.531	7
9.536	7
9.717	7
9.918	7
9.961	7
9.976	7
10.05	6
10.145	6
10.275	6
10.329	6
10.334	6
10.372	6
10.373	6
10.399	6
10.451	6
10.543	6
10.621	6
10.63	6
10.814	6
10.862	6
11.197	6
11.291	6
11.566	6
11.857	6
11.959	6
12.36	6
12.456	6
12.543	6
12.612	6
12.999	6
13.088	6
13.111	5
13.115	5
13.363	5
13.589	5
13.654	5
13.804	5
14.293	5
15.183	5
15.216	5
15.35	5
15.411	5
15.5	4
15.501	4
15.534	4
15.634	4
15.664	4
15.774	4
15.863	4
16.19	4
16.204	4
16.352	4
16.418	4
16.61	4
17.044	4
17.19	4
17.222	4
17.233	4
17.39	4
17.479	4
17.541	4
17.575	4
17.616	4
18.345	4
18.364	4
18.522	4
18.75	4
18.85	4
18.978	4
19.057	4
20.649	4
22.395	4
23.369	4
23.882	3
24.383	3
25.812	3
25.848	3
25.988	3
26.594	3
0.0	1
0.003	1
0.004	1
0.004	1
0.005	1
0.006	1
0.006	1
0.008	1
0.009	1
0.009	1
0.01	1
0.013	1
0.013	1
0.014	1
0.015	1
0.016	1
0.017	1
0.017	1
0.017	1
0.017	1
0.019	1
0.019	1
0.02	1
0.02	1
0.021	1
0.021	1
0.022	1
0.023	1
0.023	1
0.024	1
0.025	1
0.027	1
0.027	1
0.028	1
0.028	1
0.028	1
0.028	1
0.028	1
0.03	1
0.032	1
0.032	1
0.033	1
0.035	1
0.035	1
0.035	1
0.036	1
0.037	1
0.038	1
0.039	1
0.04	1
0.04	1
0.041	1
0.042	1
0.044	1
0.045	1
0.047	1
0.047	1
0.058	1
0.066	1
0.07	1
0.102	1
0.104	1
0.104	1
0.116	1
0.127	1
0.128	1
0.128	1
0.13	1
0.133	1
0.139	1
0.148	1
0.151	1
0.159	1
0.165	1
0.176	1
0.178	1
0.178	1
0.18	1
0.184	1
0.189	1
0.19	1
0.193	1
0.194	1
0.197	1
0.197	1
0.199	1
0.2	1
0.201	1
0.202	1
0.202	1
0.211	1
0.211	1
0.213	1
0.215	1
0.218	1
0.218	1
0.218	1
0.218	2
0.226	2
0.226	2
0.228	3
0.229	3
0.229	3
0.234	3
0.237	3
0.237	3
0.24	3
0.241	3
0.242	3
0.248	3
0.25	3
0.254	3
0.254	3
0.255	3
0.258	3
0.259	3
0.259	3
0.262	3
0.264	3
0.27	3
0.272	3
0.274	3
0.279	3
0.285	3
0.288	3
0.288	3
0.288	3
0.29	3
0.293	3
0.296	3
0.299	3
0.299	4
0.303	4
0.303	4
0.304	4
0.305	4
0.312	4
0.318	4
0.318	4
0.319	4
0.32	4
0.324	4
0.325	4
0.326	4
0.334	4
0.336	4
0.336	4
0.339	4
0.34	4
0.345	4
0.347	4
0.349	4
0.35	4
0.351	4
0.351	4
0.356	4
0.365	4
0.367	4
0.367	4
0.371	4
0.373	4
0.384	4
0.388	4
0.388	4
0.395	4
0.396	4
0.397	4
0.399	4
0.401	4
0.402	4
0.403	4
0.408	4
0.409	4
0.41	4
0.419	4
0.427	4
0.427	4
0.429	4
0.43	4
0.437	4
0.438	4
0.45	4
0.458	4
0.461	4
0.462	4
0.462	5
0.464	5
0.464	5
0.47	5
0.471	5
0.472	5
0.474	5
0.476	5
0.478	5
0.483	5
0.484	5
0.487	5
0.488	5
0.489	5
0.49	5
0.513	5
0.516	5
0.523	5
0.53	5
0.536	5
0.538	5
0.546	5
0.547	5
0.553	5
0.553	5
0.553	5
0.559	5
0.565	5
0.571	5
0.573	5
0.574	5
0.579	5
0.58	5
0.583	5
0.584	5
0.587	5
0.587	5
0.605	5
0.611	5
0.614	5
0.614	5
0.616	5
0.618	5
0.618	5
0.618	5
0.621	5
0.626	5
0.643	5
0.646	5
0.651	5
0.659	5
0.659	5
0.663	5
0.664	5
0.664	5
0.667	5
0.678	5
0.688	5
0.691	5
0.694	5
0.699	5
0.7	5
0.72	5
0.721	5
0.722	5
0.724	5
0.727	5
0.737	5
0.74	5
0.743	5
0.745	5
0.746	5
0.759	5
0.759	5
0.76	5
0.764	5
0.764	5
0.766	5
0.773	5
0.785	5
0.786	5
0.786	5
0.787	5
0.79	5
0.792	5
0.799	5
0.799	5
0.804	5
0.81	5
0.813	5
0.814	5
0.815	5
0.819	5
0.821	5
0.821	5
0.822	5
0.824	5
0.824	5
0.825	5
0.837	5
0.837	5
0.838	5
0.844	5
0.859	5
0.86	5
0.864	5
0.868	5
0.872	5
0.873	5
0.874	5
0.875	5
0.875	5
0.88	5
0.887	5
0.895	5
0.896	5
0.914	5
0.917	5
0.925	5
0.927	5
0.935	5
0.935	5
0.935	5
0.936	5
0.936	5
0.94	5
0.942	5
0.96	5
0.963	5
0.964	5
0.966	5
0.967	5
0.973	5
0.973	5
0.981	5
0.983	5
0.983	5
0.988	5
0.999	5
1.007	5
1.011	5
1.011	5
1.011	5
1.013	5
1.02	5
1.02	5
1.022	5
1.023	5
1.026	5
1.027	5
1.031	5
1.034	5
1.04	5
1.041	5
1.059	6
1.086	6
1.09	6
1.102	6
1.102	6
1.117	6
1.121	6
1.144	6
1.152	6
1.168	6
1.178	6
1.184	6
1.206	6
1.207	6
1.208	6
1.221	6
1.228	6
1.253	6
1.259	6
1.272	6
1.294	6
1.296	6
1.307	6
1.32	6
1.324	6
1.325	6
1.353	6
1.424	6
1.425	6
1.554	6
1.596	6
1.643	6
1.661	6
1.666	6
1.666	6
1.755	6
1.818	6
1.856	6
1.89	6
1.914	6
2.033	6
2.048	6
2.062	6
2.139	6
2.181	6
2.239	6
2.328	6
2.36	6
2.454	6
2.471	6
2.497	6
2.716	6
2.781	6
2.804	6
2.828	6
2.832	6
2.91	6
2.938	6
2.953	6
3.065	6
3.068	6
3.098	6
3.112	6
3.168	6
3.242	6
3.277	6
3.344	6
3.395	6
3.408	6
3.429	6
3.491	6
3.496	6
3.52	6
3.565	6
3.603	6
3.614	6
3.668	6
3.805	6
3.881	6
3.938	6
4.017	6
4.079	6
4.095	6
4.181	6
4.191	6
4.207	6
4.227	6
4.23	6
4.296	6
4.321	6
4.353	6
4.371	6
4.465	6
4.501	6
4.544	6
4.613	6
4.642	5
4.764	5
4.952	5
4.959	5
4.998	5
5.068	5
5.096	5
5.103	5
5.111	5
5.176	5
5.194	5
5.264	5
5.277	5
5.387	5
5.428	5
5.478	5
5.485	5
5.511	5
5.605	5
5.607	5
5.636	5
5.648	5
5.696	5
5.728	5
5.743	5
5.824	5
5.874	5
5.875	5
5.957	5
6.039	5
6.059	4
6.141	4
6.243	4
6.333	4
6.502	4
6.507	4
6.602	4
6.697	4
6.718	4
6.831	4
6.867	4
6.901	3
6.932	3
7.006	3
7.123	3
7.177	3
7.179	3
7.205	3
7.215	3
7.241	3
7.247	3
7.361	3
7.38	3
7.511	3
7.521	3
7.552	3
7.612	3
7.632	3
7.656	3
7.667	3
7.997	3
8.025	3
8.058	3
8.1	3
8.11	3
8.133	3
8.166	3
8.198	3
8.444	3
8.597	3
8.615	3
8.648	3
8.747	3
8.847	3
8.99	3
9.028	3
9.089	3
9.224	3
9.405	3
9.492	3
9.523	3
9.529	3
9.534	3
9.715	3
9.916	3
9.959	3
9.974	3
10.048	3
10.143	3
10.273	3
10.327	3
10.332	3
10.37	3
10.371	3
10.397	3
10.449	3
10.541	3
10.619	3
10.628	3
10.812	3
10.86	3
11.195	3
11.289	3
11.564	3
11.855	3
11.957	3
12.358	3
12.454	3
12.541	3
12.61	3
12.997	3
13.086	3
13.109	3
13.113	3
13.361	3
13.587	3
13.652	3
13.802	3
14.291	3
15.181	3
15.214	3
15.348	3
15.409	3
15.498	3
15.499	3
15.532	3
15.632	3
15.662	3
15.772	3
15.861	3
16.188	3
16.202	3
16.35	3
16.416	3
16.608	3
17.042	3
17.188	3
17.22	3
17.231	3
17.388	3
17.477	3
17.539	3
17.573	3
17.614	3
18.343	3
18.362	3
18.52	3
18.748	3
18.848	3
18.976	3
19.055	3
20.647	3
22.393	3
23.367	3
23.88	3
24.381	3
25.81	3
25.846	3
25.986	3
26.592	3
0.001	1
0.002	1
0.002	1
0.003	1
0.004	1
0.004	1
0.006	1
0.007	1
0.007	1
0.008	1
0.011	1
0.011	1
0.012	1
0.013	1
0.014	1
0.015	1
0.015	1
0.015	1
0.015	1
0.017	1
0.017	1
0.018	1
0.018	1
0.019	1
0.019	1
0.02	1
0.021	1
0.021	1
0.022	1
0.023	1
0.025	1
0.025	1
0.026	1
0.026	1
0.026	1
0.026	1
0.026	1
0.028	1
0.03	1
0.03	1
0.031	1
0.033	1
0.033	1
0.033	1
0.034	1
0.035	1
0.036	1
0.037	1
0.038	1
0.038	1
0.039	1
0.04	1
0.042	1
0.043	1
0.045	1
0.045	1
0.056	1
0.064	1
0.068	1
0.1	1
0.102	1
0.102	1
0.114	1
0.125	1
0.126	1
0.126	2
0.128	2
0.131	2
0.137	2
0.146	2
0.149	2
0.157	2
0.163	2
0.174	2
0.176	2
0.176	2
0.178	2
0.182	2
0.187	2
0.188	2
0.191	2
0.192	2
0.195	2
0.195	2
0.197	2
0.198	2
0.199	2
0.2	2
0.2	2
0.209	2
0.209	2
0.211	2
0.213	2
0.216	2
0.216	2
0.216	3
0.216	3
0.224	3
0.224	3
0.226	3
0.227	3
0.227	3
0.232	3
0.235	3
0.235	3
0.238	3
0.239	3
0.24	3
0.246	3
0.248	3
0.252	3
0.252	3
0.253	3
0.256	3
0.257	3
0.257	3
0.26	3
0.262	3
0.268	3
0.27	3
0.272	3
0.277	3
0.283	3
0.286	3
0.286	3
0.286	3
0.288	3
0.291	3
0.294	3
0.297	3
0.297	3
0.301	3
0.301	3
0.302	3
0.303	3
0.31	3
0.316	3
0.316	3
0.317	3
0.318	3
0.322	3
0.323	3
0.324	3
0.332	3
0.334	3
0.334	3
0.337	3
0.338	3
0.343	3
0.345	3
0.347	3
0.348	3
0.349	3
0.349	3
0.354	3
0.363	3
0.365	3
0.365	3
0.369	3
0.371	3
0.382	3
0.386	3
0.386	3
0.393	3
0.394	3
0.395	3
0.397	3
0.399	3
0.4	3
0.401	3
0.406	3
0.407	3
0.408	3
0.417	3
0.425	3
0.425	3
0.427	3
0.428	3
0.435	3
0.436	3
0.448	3
0.456	3
0.459	3
0.46	3
0.46	3
0.462	3
0.462	3
0.468	3
0.469	3
0.47	3
0.472	3
0.474	3
0.476	3
0.481	3
0.482	3
0.485	3
0.486	3
0.487	3
0.488	3
0.511	3
0.514	3
0.521	3
0.528	3
0.534	3
0.536	3
0.544	3
0.545	3
0.551	3
0.551	3
0.551	3
0.557	3
0.563	3
0.569	3
0.571	3
0.572	3
0.577	3
0.578	3
0.581	3
0.582	3
0.585	3
0.585	3
0.603	3
0.609	3
0.612	3
0.612	3
0.614	3
0.616	3
0.616	3
0.616	3
0.619	3
0.624	3
0.641	3
0.644	3
0.649	3
0.657	3
0.657	3
0.661	3
0.662	3
0.662	3
0.665	3
0.676	3
0.686	3
0.689	3
0.692	3
0.697	3
0.698	3
0.718	3
0.719	3
0.72	3
0.722	3
0.725	3
0.735	3
0.738	3
0.741	3
0.743	3
0.744	3
0.757	3
0.757	3
0.758	3
0.762	3
0.762	3
0.764	3
0.771	3
0.783	3
0.784	3
0.784	3
0.785	3
0.788	3
0.79	3
0.797	3
0.797	3
0.802	3
0.808	3
0.811	3
0.812	3
0.813	3
0.817	3
0.819	3
0.819	3
0.82	3
0.822	3
0.822	3
0.823	3
0.835	3
0.835	3
0.836	3
0.842	3
0.857	3
0.858	3
0.862	3
0.866	3
0.87	3
0.871	3
0.872	3
0.873	3
0.873	3
0.878	4
0.885	4
0.893	4
0.894	4
0.912	4
0.915	4
0.923	4
0.925	4
0.933	4
0.933	4
0.933	4
0.934	4
0.934	4
0.938	4
0.94	4
0.958	4
0.961	4
0.962	4
0.964	4
0.965	4
0.971	4
0.971	4
0.979	4
0.981	4
0.981	4
0.986	4
0.997	4
1.005	4
1.009	4
1.009	4
1.009	4
1.011	4
1.018	4
1.018	4
1.02	4
1.021	4
1.024	4
1.025	4
1.029	4
1.032	4
1.038	4
1.039	4
1.057	4
1.084	4
1.088	4
1.1	4
1.1	4
1.115	4
1.119	4
1.142	4
1.15	4
1.166	4
1.176	4
1.182	4
1.204	4
1.205	4
1.206	4
1.219	4
1.226	4
1.251	4
1.257	4
1.27	4
1.292	4
1.294	4
1.305	4
1.318	4
1.322	4
1.323	4
1.351	4
1.422	4
1.423	4
1.552	4
1.594	4
1.641	4
1.659	4
1.664	4
1.664	4
1.753	4
1.816	4
1.854	4
1.888	4
1.912	4
2.031	4
2.046	4
2.06	4
2.137	4
2.179	4
2.237	4
2.326	4
2.358	4
2.452	4
2.469	4
2.495	4
2.714	4
2.779	4
2.802	4
2.826	4
2.83	4
2.908	4
2.936	4
2.951	4
3.063	4
3.066	4
3.096	4
3.11	4
3.166	4
3.24	4
3.275	4
3.342	4
3.393	4
3.406	4
3.427	4
3.489	4
3.494	4
3.518	4
3.563	4
3.601	4
3.612	4
3.666	4
3.803	4
3.879	4
3.936	4
4.015	4
4.077	4
4.093	4
4.179	4
4.189	4
4.205	4
4.225	4
4.228	4
4.294	4
4.319	4
4.351	4
4.369	4
4.463	4
4.499	4
4.542	4
4.611	4
4.64	4
4.762	4
4.95	4
4.957	4
4.996	4
5.066	4
5.094	4
5.101	4
5.109	4
5.174	4
5.192	4
5.262	4
5.275	4
5.385	4
5.426	4
5.476	4
5.483	4
5.509	4
5.603	4
5.605	4
5.634	4
5.646	4
5.694	4
5.726	4
5.741	4
5.822	4
5.872	4
5.873	4
5.955	4
6.037	4
6.057	4
6.139	4
6.241	4
6.331	4
6.5	4
6.505	4
6.6	4
6.695	4
6.716	4
6.829	4
6.865	4
6.899	4
6.93	4
7.004	4
7.121	4
7.175	4
7.177	4
7.203	4
7.213	4
7.239	4
7.245	4
7.359	4
7.378	4
7.509	4
7.519	4
7.55	4
7.61	4
7.63	4
7.654	4
7.665	4
7.995	4
8.023	4
8.056	4
8.098	4
8.108	4
8.131	4
8.164	4
8.196	4
8.442	4
8.595	4
8.613	4
8.646	4
8.745	4
8.845	4
8.988	4
9.026	4
9.087	4
9.222	4
9.403	4
9.49	4
9.521	4
9.527	4
9.532	4
9.713	4
9.914	4
9.957	4
9.972	4
10.046	4
10.141	4
10.271	4
10.325	4
10.33	3
10.368	3
10.369	3
10.395	3
10.447	3
10.539	3
10.617	3
10.626	3
10.81	3
10.858	3
11.193	3
11.287	3
11.562	3
11.853	3
11.955	3
12.356	3
12.452	3
12.539	3
12.608	3
12.995	3
13.084	3
13.107	3
13.111	3
13.359	3
13.585	3
13.65	3
13.8	3
14.289	3
15.179	3
15.212	3
15.346	3
15.407	3
15.496	3
15.497	3
15.53	3
15.63	3
15.66	3
15.77	3
15.859	3
16.186	3
16.2	3
16.348	3
16.414	3
16.606	3
17.04	3
17.186	3
17.218	3
17.229	3
17.386	3
17.475	3
17.537	3
17.571	3
17.612	3
18.341	3
18.36	3
18.518	3
18.746	3
18.846	3
18.974	3
19.053	3
20.645	3
22.391	3
23.365	3
23.878	3
24.379	3
25.808	3
25.844	3
25.984	3
26.59	3
0.0	1
0.0	1
0.001	1
0.002	1
0.002	1
0.004	1
0.005	1
0.005	1
0.006	1
0.009	1
0.009	1
0.01	1
0.011	1
0.012	1
0.013	1
0.013	1
0.013	1
0.013	1
0.015	1
0.015	1
0.016	1
0.016	1
0.017	1
0.017	1
0.018	1
0.019	1
0.019	1
0.02	1
0.021	1
0.023	1
0.023	1
0.024	1
0.024	2
0.024	2
0.024	2
0.024	2
0.026	2
0.028	2
0.028	2
0.029	2
0.031	2
0.031	2
0.031	2
0.032	2
0.033	2
0.034	2
0.035	2
0.036	2
0.036	2
0.037	2
0.038	2
0.04	2
0.041	2
0.043	2
0.043	2
0.054	2
0.062	2
0.066	2
0.098	2
0.1	2
0.1	2
0.112	2
0.123	2
0.124	2
0.124	2
0.126	2
0.129	2
0.135	2
0.144	2
0.147	2
0.155	2
0.161	2
0.172	2
0.174	2
0.174	2
0.176	2
0.18	2
0.185	2
0.186	2
0.189	2
0.19	2
0.193	2
0.193	2
0.195	2
0.196	2
0.197	2
0.198	2
0.198	2
0.207	2
0.207	2
0.209	2
0.211	2
0.214	2
0.214	2
0.214	2
0.214	2
0.222	2
0.222	2
0.224	2
0.225	2
0.225	2
0.23	2
0.233	2
0.233	2
0.236	2
0.237	2
0.238	2
0.244	2
0.246	2
0.25	2
0.25	2
0.251	2
0.254	3
0.255	3
0.255	3
0.258	3
0.26	3
0.266	3
0.268	3
0.27	3
0.275	3
0.281	3
0.284	3
0.284	3
0.284	3
0.286	3
0.289	3
0.292	3
0.295	3
0.295	3
0.299	3
0.299	4
0.3	5
0.301	6
0.308	6
0.314	6
0.314	6
0.315	6
0.316	6
0.32	6
0.321	6
0.322	6
0.33	6
0.332	6
0.332	6
0.335	6
0.336	6
0.341	6
0.343	6
0.345	6
0.346	6
0.347	6
0.347	6
0.352	6
0.361	6
0.363	6
0.363	6
0.367	6
0.369	6
0.38	6
0.384	6
0.384	6
0.391	6
0.392	6
0.393	6
0.395	6
0.397	6
0.398	6
0.399	6
0.404	6
0.405	6
0.406	6
0.415	6
0.423	6
0.423	6
0.425	6
0.426	6
0.433	6
0.434	6
0.446	6
0.454	6
0.457	6
0.458	6
0.458	6
0.46	6
0.46	6
0.466	6
0.467	6
0.468	6
0.47	6
0.472	6
0.474	6
0.479	6
0.48	6
0.483	6
0.484	6
0.485	6
0.486	6
0.509	6
0.512	6
0.519	6
0.526	6
0.532	6
0.534	6
0.542	6
0.543	6
0.549	6
0.549	6
0.549	6
0.555	6
0.561	6
0.567	7
0.569	7
0.57	7
0.575	7
0.576	7
0.579	7
0.58	7
0.583	7
0.583	7
0.601	7
0.607	7
0.61	7
0.61	7
0.612	7
0.614	7
0.614	7
0.614	7
0.617	7
0.622	7
0.639	7
0.642	7
0.647	7
0.655	7
0.655	7
0.659	7
0.66	7
0.66	7
0.663	7
0.674	7
0.684	7
0.687	7
0.69	7
0.695	7
0.696	8
0.716	8
0.717	8
0.718	8
0.72	8
0.723	8
0.733	8
0.736	8
0.739	8
0.741	8
0.742	8
0.755	8
0.755	8
0.756	8
0.76	8
0.76	8
0.762	8
0.769	8
0.781	8
0.782	8
0.782	8
0.783	8
0.786	8
0.788	8
0.795	8
0.795	8
0.8	8
0.806	8
0.809	8
0.81	8
0.811	8
0.815	8
0.817	8
0.817	8
0.818	8
0.82	8
0.82	8
0.821	8
0.833	8
0.833	8
0.834	8
0.84	8
0.855	8
0.856	8
0.86	8
0.864	8
0.868	8
0.869	8
0.87	8
0.871	8
0.871	8
0.876	8
0.883	8
0.891	8
0.892	8
0.91	8
0.913	8
0.921	8
0.923	8
0.931	8
0.931	8
0.931	8
0.932	8
0.932	8
0.936	8
0.938	8
0.956	8
0.959	8
0.96	8
0.962	8
0.963	8
0.969	8
0.969	8
0.977	8
0.979	8
0.979	8
0.984	8
0.995	8
1.003	8
1.007	8
1.007	8
1.007	8
1.009	8
1.016	8
1.016	8
1.018	8
1.019	8
1.022	8
1.023	8
1.027	8
1.03	8
1.036	8
1.037	8
1.055	8
1.082	8
1.086	8
1.098	8
1.098	8
1.113	8
1.117	8
1.14	9
1.148	9
1.164	9
1.174	9
1.18	9
1.202	9
1.203	9
1.204	9
1.217	9
1.224	9
1.249	9
1.255	9
1.268	9
1.29	9
1.292	9
1.303	9
1.316	9
1.32	9
1.321	9
1.349	9
1.42	9
1.421	9
1.55	9
1.592	9
1.639	8
1.657	8
1.662	8
1.662	8
1.751	8
1.814	8
1.852	8
1.886	8
1.91	8
2.029	8
2.044	8
2.058	8
2.135	8
2.177	8
2.235	8
2.324	8
2.356	8
2.45	8
2.467	8
2.493	8
2.712	8
2.777	8
2.8	8
2.824	8
2.828	8
2.906	8
2.934	8
2.949	8
3.061	8
3.064	8
3.094	8
3.108	8
3.164	8
3.238	8
3.273	8
3.34	8
3.391	8
3.404	8
3.425	8
3.487	8
3.492	8
3.516	8
3.561	8
3.599	8
3.61	8
3.664	8
3.801	8
3.877	8
3.934	8
4.013	8
4.075	8
4.091	8
4.177	8
4.187	8
4.203	8
4.223	8
4.226	8
4.292	8
4.317	8
4.349	8
4.367	8
4.461	8
4.497	8
4.54	8
4.609	8
4.638	8
4.76	8
4.948	8
4.955	8
4.994	8
5.064	8
5.092	8
5.099	8
5.107	8
5.172	8
5.19	8
5.26	8
5.273	8
5.383	8
5.424	7
5.474	7
5.481	7
5.507	7
5.601	7
5.603	7
5.632	7
5.644	7
5.692	7
5.724	7
5.739	7
5.82	7
5.87	7
5.871	7
5.953	7
6.035	7
6.055	7
6.137	7
6.239	7
6.329	7
6.498	7
6.503	7
6.598	7
6.693	7
6.714	7
6.827	7
6.863	7
6.897	7
6.928	7
7.002	7
7.119	7
7.173	7
7.175	7
7.201	7
7.211	7
7.237	7
7.243	7
7.357	7
7.376	7
7.507	7
7.517	7
7.548	7
7.608	7
7.628	7
7.652	7
7.663	7
7.993	7
8.021	7
8.054	7
8.096	7
8.106	7
8.129	7
8.162	7
8.194	7
8.44	7
8.593	7
8.611	7
8.644	7
8.743	7
8.843	7
8.986	7
9.024	7
9.085	7
9.22	7
9.401	7
9.488	7
9.519	7
9.525	7
9.53	7
9.711	7
9.912	7
9.955	7
9.97	7
10.044	7
10.139	7
10.269	7
10.323	6
10.328	6
10.366	6
10.367	6
10.393	6
10.445	6
10.537	6
10.615	6
10.624	6
10.808	6
10.856	6
11.191	6
11.285	6
11.56	6
11.851	6
11.953	6
12.354	6
12.45	6
12.537	6
12.606	6
12.993	6
13.082	6
13.105	6
13.109	6
13.357	6
13.583	6
13.648	6
13.798	6
14.287	6
15.177	5
15.21	5
15.344	5
15.405	5
15.494	5
15.495	5
15.528	5
15.628	5
15.658	5
15.768	5
15.857	5
16.184	5
16.198	5
16.346	5
16.412	5
16.604	5
17.038	5
17.184	5
17.216	5
17.227	5
17.384	5
17.473	5
17.535	5
17.569	4
17.61	4
18.339	4
18.358	4
18.516	4
18.744	4
18.844	4
18.972	4
19.051	4
20.643	3
22.389	3
23.363	3
23.876	3
24.377	3
25.806	3
25.842	3
25.982	3
26.588	3
0.001	1
0.002	1
0.002	1
0.004	1
0.005	1
0.005	1
0.006	1
0.009	1
0.009	1
0.01	1
0.011	1
0.012	1
0.013	1
0.013	1
0.013	1
0.013	1
0.015	1
0.015	1
0.016	1
0.016	1
0.017	1
0.017	1
0.018	1
0.019	1
0.019	1
0.02	1
0.021	1
0.023	1
0.023	1
0.024	1
0.024	1
0.024	1
0.024	1
0.024	1
0.026	1
0.028	1
0.028	1
0.029	1
0.031	1
0.031	1
0.031	1
0.032	1
0.033	1
0.034	1
0.035	1
0.036	1
0.036	1
0.037	1
0.038	1
0.04	1
0.041	1
0.043	1
0.043	1
0.054	1
0.062	1
0.066	1
0.098	1
0.1	1
0.1	1
0.112	1
0.123	1
0.124	1
0.124	1
0.126	1
0.129	1
0.135	1
0.144	1
0.147	1
0.155	1
0.161	1
0.172	1
0.174	1
0.174	1
0.176	1
0.18	1
0.185	1
0.186	1
0.189	1
0.19	1
0.193	1
0.193	1
0.195	1
0.196	1
0.197	1
0.198	1
0.198	1
0.207	1
0.207	1
0.209	1
0.211	1
0.214	1
0.214	1
0.214	1
0.214	1
0.222	1
0.222	1
0.224	1
0.225	1
0.225	1
0.23	1
0.233	1
0.233	1
0.236	2
0.237	2
0.238	2
0.244	2
0.246	2
0.25	2
0.25	2
0.251	2
0.254	2
0.255	2
0.255	2
0.258	2
0.26	2
0.266	2
0.268	2
0.27	2
0.275	2
0.281	2
0.284	2
0.284	2
0.284	2
0.286	2
0.289	2
0.292	2
0.295	2
0.295	2
0.299	2
0.299	2
0.3	2
0.301	2
0.308	2
0.314	2
0.314	2
0.315	2
0.316	2
0.32	2
0.321	2
0.322	2
0.33	2
0.332	2
0.332	2
0.335	2
0.336	2
0.341	2
0.343	2
0.345	2
0.346	2
0.347	2
0.347	2
0.352	2
0.361	2
0.363	2
0.363	2
0.367	2
0.369	2
0.38	2
0.384	2
0.384	2
0.391	2
0.392	2
0.393	2
0.395	2
0.397	2
0.398	2
0.399	2
0.404	2
0.405	2
0.406	2
0.415	2
0.423	2
0.423	2
0.425	2
0.426	2
0.433	2
0.434	2
0.446	2
0.454	2
0.457	2
0.458	2
0.458	2
0.46	2
0.46	2
0.466	2
0.467	2
0.468	2
0.47	2
0.472	2
0.474	2
0.479	2
0.48	2
0.483	2
0.484	2
0.485	2
0.486	2
0.509	2
0.512	2
0.519	2
0.526	2
0.532	2
0.534	3
0.542	3
0.543	3
0.549	3
0.549	3
0.549	3
0.555	3
0.561	3
0.567	3
0.569	3
0.57	3
0.575	3
0.576	3
0.579	3
0.58	3
0.583	3
0.583	3
0.601	3
0.607	3
0.61	3
0.61	3
0.612	3
0.614	3
0.614	3
0.614	3
0.617	3
0.622	3
0.639	3
0.642	3
0.647	3
0.655	3
0.655	3
0.659	3
0.66	4
0.66	4
0.663	4
0.674	5
0.684	5
0.687	5
0.69	5
0.695	5
0.696	5
0.716	5
0.717	5
0.718	5
0.72	5
0.723	5
0.733	5
0.736	5
0.739	5
0.741	5
0.742	5
0.755	5
0.755	5
0.756	5
0.76	5
0.76	5
0.762	5
0.769	5
0.781	5
0.782	5
0.782	5
0.783	5
0.786	5
0.788	5
0.795	5
0.795	5
0.8	5
0.806	5
0.809	5
0.81	5
0.811	5
0.815	5
0.817	5
0.817	5
0.818	5
0.82	5
0.82	5
0.821	5
0.833	5
0.833	5
0.834	5
0.84	5
0.855	5
0.856	5
0.86	5
0.864	5
0.868	5
0.869	5
0.87	5
0.871	5
0.871	5
0.876	5
0.883	6
0.891	6
0.892	6
0.91	6
0.913	6
0.921	6
0.923	6
0.931	6
0.931	6
0.931	6
0.932	6
0.932	6
0.936	6
0.938	6
0.956	6
0.959	6
0.96	6
0.962	6
0.963	6
0.969	6
0.969	7
0.977	7
0.979	7
0.979	7
0.984	7
0.995	7
1.003	7
1.007	7
1.007	7
1.007	7
1.009	7
1.016	7
1.016	7
1.018	7
1.019	7
1.022	7
1.023	7
1.027	7
1.03	7
1.036	7
1.037	7
1.055	7
1.082	8
1.086	8
1.098	8
1.098	8
1.113	8
1.117	8
1.14	8
1.148	8
1.164	8
1.174	8
1.18	8
1.202	8
1.203	8
1.204	8
1.217	8
1.224	8
1.249	8
1.255	8
1.268	8
1.29	8
1.292	8
1.303	8
1.316	8
1.32	8
1.321	8
1.349	8
1.42	8
1.421	8
1.55	8
1.592	8
1.639	8
1.657	8
1.662	8
1.662	8
1.751	8
1.814	8
1.852	8
1.886	8
1.91	8
2.029	8
2.044	8
2.058	8
2.135	8
2.177	8
2.235	8
2.324	8
2.356	8
2.45	8
2.467	8
2.493	8
2.712	7
2.777	7
2.8	6
2.824	6
2.828	6
2.906	6
2.934	6
2.949	6
3.061	6
3.064	6
3.094	6
3.108	6
3.164	6
3.238	6
3.273	6
3.34	6
3.391	6
3.404	6
3.425	6
3.487	6
3.492	6
3.516	6
3.561	6
3.599	6
3.61	6
3.664	6
3.801	6
3.877	6
3.934	6
4.013	6
4.075	6
4.091	6
4.177	6
4.187	6
4.203	6
4.223	6
4.226	6
4.292	5
4.317	5
4.349	5
4.367	5
4.461	5
4.497	5
4.54	5
4.609	5
4.638	5
4.76	5
4.948	5
4.955	5
4.994	5
5.064	5
5.092	5
5.099	5
5.107	5
5.172	5
5.19	5
5.26	5
5.273	5
5.383	5
5.424	5
5.474	5
5.481	5
5.507	5
5.601	5
5.603	5
5.632	5
5.644	5
5.692	5
5.724	5
5.739	5
5.82	5
5.87	5
5.871	5
5.953	5
6.035	5
6.055	5
6.137	4
6.239	4
6.329	4
6.498	4
6.503	4
6.598	4
6.693	4
6.714	4
6.827	4
6.863	4
6.897	4
6.928	4
7.002	4
7.119	4
7.173	4
7.175	4
7.201	3
7.211	3
7.237	3
7.243	3
7.357	3
7.376	3
7.507	3
7.517	3
7.548	3
7.608	3
7.628	3
7.652	3
7.663	3
7.993	3
8.021	3
8.054	3
8.096	3
8.106	3
8.129	3
8.162	3
8.194	3
8.44	3
8.593	3
8.611	3
8.644	3
8.743	3
8.843	3
8.986	3
9.024	3
9.085	3
9.22	3
9.401	3
9.488	3
9.519	3
9.525	3
9.53	3
9.711	3
9.912	3
9.955	3
9.97	3
10.044	3
10.139	3
10.269	3
10.323	3
10.328	3
10.366	3
10.367	3
10.393	3
10.445	3
10.537	3
10.615	3
10.624	3
10.808	3
10.856	3
11.191	3
11.285	3
11.56	3
11.851	3
11.953	3
12.354	3
12.45	3
12.537	3
12.606	3
12.993	3
13.082	3
13.105	3
13.109	3
13.357	3
13.583	3
13.648	3
13.798	3
14.287	3
15.177	3
15.21	3
15.344	3
15.405	3
15.494	3
15.495	3
15.528	3
15.628	3
15.658	3
15.768	3
15.857	3
16.184	3
16.198	3
16.346	3
16.412	3
16.604	3
17.038	3
17.184	3
17.216	3
17.227	3
17.384	3
17.473	3
17.535	3
17.569	3
17.61	3
18.339	3
18.358	3
18.516	3
18.744	3
18.844	3
18.972	3
19.051	3
20.643	3
22.389	3
23.363	3
23.876	3
24.377	3
25.806	3
25.842	3
25.982	3
26.588	3
0.0	1
0.001	1
0.002	1
0.002	1
0.004	1
0.005	1
0.005	1
0.006	1
0.009	1
0.009	1
0.01	1
0.011	1
0.012	1
0.013	1
0.013	1
0.013	1
0.013	1
0.015	1
0.015	1
0.016	1
0.016	1
0.017	1
0.017	1
0.018	1
0.019	1
0.019	1
0.02	1
0.021	1
0.023	1
0.023	1
0.024	1
0.024	1
0.024	1
0.024	1
0.024	1
0.026	1
0.028	1
0.028	1
0.029	1
0.031	1
0.031	1
0.031	1
0.032	1
0.033	1
0.034	1
0.035	1
0.036	1
0.036	1
0.037	1
0.038	1
0.04	1
0.041	1
0.043	1
0.043	1
0.054	1
0.062	1
0.066	1
0.098	1
0.1	1
0.1	1
0.112	1
0.123	1
0.124	1
0.124	1
0.126	1
0.129	1
0.135	1
0.144	1
0.147	1
0.155	1
0.161	1
0.172	1
0.174	1
0.174	1
0.176	1
0.18	1
0.185	1
0.186	1
0.189	1
0.19	1
0.193	1
0.193	1
0.195	1
0.196	1
0.197	1
0.198	1
0.198	1
0.207	1
0.207	1
0.209	1
0.211	1
0.214	1
0.214	1
0.214	1
0.214	1
0.222	1
0.222	1
0.224	1
0.225	1
0.225	1
0.23	1
0.233	1
0.233	1
0.236	1
0.237	1
0.238	1
0.244	1
0.246	1
0.25	1
0.25	1
0.251	1
0.254	1
0.255	1
0.255	1
0.258	1
0.26	1
0.266	1
0.268	1
0.27	1
0.275	1
0.281	1
0.284	1
0.284	1
0.284	1
0.286	1
0.289	1
0.292	1
0.295	1
0.295	1
0.299	1
0.299	1
0.3	1
0.301	1
0.308	1
0.314	1
0.314	1
0.315	1
0.316	1
0.32	1
0.321	1
0.322	1
0.33	1
0.332	1
0.332	1
0.335	1
0.336	1
0.341	1
0.343	1
0.345	1
0.346	1
0.347	1
0.347	1
0.352	1
0.361	1
0.363	1
0.363	1
0.367	1
0.369	1
0.38	1
0.384	1
0.384	1
0.391	1
0.392	1
0.393	1
0.395	1
0.397	1
0.398	1
0.399	1
0.404	1
0.405	1
0.406	1
0.415	1
0.423	1
0.423	1
0.425	1
0.426	1
0.433	1
0.434	1
0.446	1
0.454	1
0.457	1
0.458	1
0.458	1
0.46	1
0.46	1
0.466	1
0.467	1
0.468	1
0.47	1
0.472	1
0.474	1
0.479	1
0.48	1
0.483	1
0.484	1
0.485	1
0.486	1
0.509	1
0.512	1
0.519	1
0.526	1
0.532	1
0.534	1
0.542	1
0.543	1
0.549	1
0.549	2
0.549	2
0.555	2
0.561	2
0.567	2
0.569	2
0.57	2
0.575	2
0.576	2
0.579	2
0.58	2
0.583	2
0.583	2
0.601	2
0.607	2
0.61	2
0.61	2
0.612	2
0.614	2
0.614	2
0.614	3
0.617	3
0.622	3
0.639	3
0.642	3
0.647	3
0.655	3
0.655	3
0.659	3
0.66	3
0.66	4
0.663	4
0.674	4
0.684	4
0.687	4
0.69	4
0.695	4
0.696	4
0.716	4
0.717	4
0.718	4
0.72	4
0.723	4
0.733	4
0.736	4
0.739	4
0.741	4
0.742	4
0.755	4
0.755	4
0.756	4
0.76	4
0.76	4
0.762	4
0.769	4
0.781	4
0.782	4
0.782	4
0.783	4
0.786	4
0.788	4
0.795	4
0.795	4
0.8	4
0.806	4
0.809	4
0.81	4
0.811	4
0.815	4
0.817	4
0.817	4
0.818	4
0.82	5
0.82	5
0.821	5
0.833	5
0.833	5
0.834	5
0.84	5
0.855	5
0.856	5
0.86	5
0.864	5
0.868	5
0.869	5
0.87	5
0.871	5
0.871	5
0.876	5
0.883	5
0.891	5
0.892	5
0.91	5
0.913	5
0.921	5
0.923	5
0.931	5
0.931	5
0.931	5
0.932	6
0.932	6
0.936	6
0.938	6
0.956	6
0.959	6
0.96	6
0.962	6
0.963	6
0.969	6
0.969	6
0.977	6
0.979	6
0.979	6
0.984	6
0.995	6
1.003	6
1.007	6
1.007	6
1.007	6
1.009	6
1.016	6
1.016	6
1.018	6
1.019	6
1.022	6
1.023	6
1.027	6
1.03	6
1.036	6
1.037	6
1.055	6
1.082	6
1.086	6
1.098	6
1.098	6
1.113	6
1.117	6
1.14	6
1.148	6
1.164	6
1.174	6
1.18	7
1.202	7
1.203	7
1.204	7
1.217	7
1.224	7
1.249	7
1.255	7
1.268	7
1.29	7
1.292	7
1.303	7
1.316	7
1.32	7
1.321	7
1.349	7
1.42	7
1.421	7
1.55	7
1.592	7
1.639	7
1.657	7
1.662	7
1.662	7
1.751	7
1.814	7
1.852	7
1.886	7
1.91	7
2.029	7
2.044	7
2.058	7
2.135	7
2.177	7
2.235	7
2.324	7
2.356	6
2.45	6
2.467	6
2.493	6
2.712	6
2.777	6
2.8	6
2.824	6
2.828	6
2.906	6
2.934	6
2.949	6
3.061	6
3.064	6
3.094	6
3.108	6
3.164	6
3.238	6
3.273	6
3.34	6
3.391	6
3.404	6
3.425	6
3.487	6
3.492	6
3.516	6
3.561	6
3.599	6
3.61	6
3.664	6
3.801	6
3.877	6
3.934	6
4.013	6
4.075	6
4.091	6
4.177	6
4.187	6
4.203	6
4.223	6
4.226	6
4.292	6
4.317	6
4.349	6
4.367	5
4.461	5
4.497	5
4.54	5
4.609	5
4.638	5
4.76	5
4.948	5
4.955	5
4.994	5
5.064	5
5.092	5
5.099	5
5.107	5
5.172	5
5.19	5
5.26	5
5.273	5
5.383	5
5.424	5
5.474	5
5.481	5
5.507	5
5.601	5
5.603	5
5.632	5
5.644	5
5.692	5
5.724	5
5.739	5
5.82	5
5.87	5
5.871	5
5.953	5
6.035	5
6.055	5
6.137	5
6.239	5
6.329	4
6.498	4
6.503	4
6.598	4
6.693	4
6.714	4
6.827	4
6.863	4
6.897	4
6.928	4
7.002	4
7.119	4
7.173	4
7.175	4
7.201	4
7.211	4
7.237	4
7.243	4
7.357	4
7.376	4
7.507	4
7.517	4
7.548	4
7.608	4
7.628	4
7.652	4
7.663	4
7.993	4
8.021	4
8.054	4
8.096	4
8.106	4
8.129	4
8.162	4
8.194	4
8.44	4
8.593	4
8.611	4
8.644	4
8.743	4
8.843	4
8.986	4
9.024	4
9.085	4
9.22	4
9.401	4
9.488	4
9.519	4
9.525	4
9.53	4
9.711	4
9.912	4
9.955	4
9.97	4
10.044	4
10.139	4
10.269	4
10.323	4
10.328	4
10.366	4
10.367	4
10.393	4
10.445	4
10.537	4
10.615	4
10.624	3
10.808	3
10.856	3
11.191	3
11.285	3
11.56	3
11.851	3
11.953	3
12.354	3
12.45	3
12.537	3
12.606	3
12.993	3
13.082	3
13.105	3
13.109	3
13.357	3
13.583	3
13.648	3
13.798	3
14.287	3
15.177	3
15.21	3
15.344	3
15.405	3
15.494	3
15.495	3
15.528	3
15.628	3
15.658	3
15.768	3
15.857	3
16.184	3
16.198	3
16.346	3
16.412	3
16.604	3
17.038	3
17.184	3
17.216	3
17.227	3
17.384	3
17.473	3
17.535	3
17.569	3
17.61	3
18.339	3
18.358	3
18.516	3
18.744	3
18.844	3
18.972	3
19.051	3
20.643	3
22.389	3
23.363	3
23.876	3
24.377	3
25.806	3
25.842	3
25.982	3
26.588	3
0.0	1
0.0	1
0.002	1
0.003	1
0.003	1
0.004	1
0.007	1
0.007	1
0.008	1
0.009	1
0.01	1
0.011	1
0.011	1
0.011	1
0.011	1
0.013	1
0.013	1
0.014	1
0.014	1
0.015	1
0.015	1
0.016	1
0.017	1
0.017	1
0.018	1
0.019	1
0.021	1
0.021	1
0.022	1
0.022	1
0.022	1
0.022	1
0.022	1
0.024	1
0.026	1
0.026	1
0.027	1
0.029	1
0.029	1
0.029	1
0.03	1
0.031	1
0.032	1
0.033	1
0.034	1
0.034	1
0.035	1
0.036	1
0.038	1
0.039	1
0.041	1
0.041	1
0.052	1
0.06	1
0.064	1
0.096	1
0.098	1
0.098	1
0.11	1
0.121	1
0.122	1
0.122	1
0.124	1
0.127	1
0.133	1
0.142	1
0.145	1
0.153	1
0.159	1
0.17	1
0.172	1
0.172	1
0.174	1
0.178	1
0.183	1
0.184	1
0.187	1
0.188	1
0.191	1
0.191	1
0.193	1
0.194	1
0.195	1
0.196	1
0.196	1
0.205	1
0.205	1
0.207	1
0.209	1
0.212	1
0.212	1
0.212	1
0.212	1
0.22	1
0.22	1
0.222	1
0.223	1
0.223	1
0.228	1
0.231	1
0.231	1
0.234	1
0.235	2
0.236	2
0.242	2
0.244	2
0.248	2
0.248	2
0.249	2
0.252	2
0.253	2
0.253	2
0.256	2
0.258	2
0.264	3
0.266	3
0.268	3
0.273	3
0.279	3
0.282	3
0.282	3
0.282	3
0.284	3
0.287	3
0.29	3
0.293	3
0.293	3
0.297	3
0.297	3
0.298	3
0.299	3
0.306	3
0.312	3
0.312	3
0.313	3
0.314	3
0.318	3
0.319	3
0.32	3
0.328	3
0.33	3
0.33	3
0.333	3
0.334	3
0.339	3
0.341	3
0.343	3
0.344	3
0.345	3
0.345	3
0.35	3
0.359	3
0.361	3
0.361	3
0.365	3
0.367	3
0.378	3
0.382	3
0.382	3
0.389	3
0.39	3
0.391	3
0.393	3
0.395	3
0.396	3
0.397	3
0.402	3
0.403	3
0.404	3
0.413	3
0.421	3
0.421	3
0.423	3
0.424	4
0.431	4
0.432	4
0.444	4
0.452	4
0.455	5
0.456	5
0.456	5
0.458	5
0.458	5
0.464	5
0.465	5
0.466	5
0.468	5
0.47	5
0.472	5
0.477	5
0.478	5
0.481	5
0.482	5
0.483	6
0.484	6
0.507	6
0.51	6
0.517	6
0.524	6
0.53	6
0.532	6
0.54	6
0.541	6
0.547	6
0.547	6
0.547	6
0.553	6
0.559	6
0.565	6
0.567	6
0.568	6
0.573	6
0.574	6
0.577	6
0.578	6
0.581	6
0.581	6
0.599	6
0.605	6
0.608	6
0.608	6
0.61	6
0.612	6
0.612	6
0.612	6
0.615	6
0.62	7
0.637	7
0.64	7
0.645	7
0.653	7
0.653	7
0.657	7
0.658	7
0.658	7
0.661	7
0.672	7
0.682	7
0.685	7
0.688	7
0.693	7
0.694	7
0.714	7
0.715	7
0.716	7
0.718	7
0.721	7
0.731	7
0.734	7
0.737	7
0.739	7
0.74	7
0.753	7
0.753	8
0.754	8
0.758	8
0.758	8
0.76	8
0.767	8
0.779	8
0.78	8
0.78	8
0.781	8
0.784	8
0.786	8
0.793	9
0.793	9
0.798	9
0.804	9
0.807	9
0.808	9
0.809	9
0.813	9
0.815	9
0.815	9
0.816	9
0.818	9
0.818	9
0.819	9
0.831	9
0.831	9
0.832	9
0.838	9
0.853	9
0.854	9
0.858	9
0.862	9
0.866	9
0.867	9
0.868	9
0.869	9
0.869	9
0.874	9
0.881	9
0.889	9
0.89	9
0.908	9
0.911	9
0.919	9
0.921	9
0.929	9
0.929	9
0.929	9
0.93	9
0.93	9
0.934	9
0.936	9
0.954	9
0.957	9
0.958	9
0.96	9
0.961	9
0.967	9
0.967	9
0.975	9
0.977	9
0.977	9
0.982	9
0.993	9
1.001	9
1.005	9
1.005	9
1.005	9
1.007	9
1.014	9
1.014	9
1.016	9
1.017	10
1.02	10
1.021	10
1.025	10
1.028	10
1.034	10
1.035	11
1.053	11
1.08	11
1.084	11
1.096	12
1.096	12
1.111	12
1.115	12
1.138	12
1.146	12
1.162	12
1.172	12
1.178	12
1.2	12
1.201	12
1.202	12
1.215	12
1.222	12
1.247	12
1.253	12
1.266	12
1.288	12
1.29	12
1.301	12
1.314	12
1.318	12
1.319	12
1.347	12
1.418	12
1.419	12
1.548	12
1.59	12
1.637	12
1.655	12
1.66	12
1.66	12
1.749	12
1.812	12
1.85	12
1.884	12
1.908	12
2.027	12
2.042	12
2.056	12
2.133	12
2.175	12
2.233	12
2.322	12
2.354	12
2.448	12
2.465	12
2.491	12
2.71	12
2.775	11
2.798	11
2.822	11
2.826	11
2.904	11
2.932	11
2.947	11
3.059	11
3.062	11
3.092	11
3.106	11
3.162	11
3.236	11
3.271	11
3.338	11
3.389	11
3.402	11
3.423	11
3.485	11
3.49	11
3.514	11
3.559	10
3.597	10
3.608	10
3.662	10
3.799	10
3.875	10
3.932	10
4.011	10
4.073	10
4.089	10
4.175	9
4.185	9
4.201	9
4.221	9
4.224	9
4.29	9
4.315	9
4.347	9
4.365	9
4.459	9
4.495	9
4.538	8
4.607	8
4.636	8
4.758	8
4.946	8
4.953	8
4.992	8
5.062	8
5.09	8
5.097	8
5.105	8
5.17	8
5.188	8
5.258	8
5.271	8
5.381	8
5.422	8
5.472	8
5.479	8
5.505	8
5.599	8
5.601	8
5.63	8
5.642	8
5.69	8
5.722	8
5.737	8
5.818	8
5.868	8
5.869	8
5.951	8
6.033	8
6.053	8
6.135	8
6.237	8
6.327	8
6.496	8
6.501	8
6.596	8
6.691	8
6.712	8
6.825	8
6.861	8
6.895	8
6.926	8
7.0	8
7.117	8
7.171	8
7.173	8
7.199	8
7.209	8
7.235	8
7.241	8
7.355	8
7.374	8
7.505	8
7.515	8
7.546	8
7.606	8
7.626	8
7.65	8
7.661	8
7.991	8
8.019	8
8.052	8
8.094	8
8.104	8
8.127	8
8.16	8
8.192	8
8.438	8
8.591	8
8.609	8
8.642	8
8.741	8
8.841	8
8.984	8
9.022	7
9.083	7
9.218	7
9.399	7
9.486	7
9.517	7
9.523	7
9.528	7
9.709	7
9.91	7
9.953	7
9.968	7
10.042	7
10.137	7
10.267	7
10.321	7
10.326	7
10.364	7
10.365	7
10.391	7
10.443	7
10.535	7
10.613	7
10.622	7
10.806	7
10.854	7
11.189	7
11.283	7
11.558	7
11.849	7
11.951	7
12.352	7
12.448	7
12.535	7
12.604	7
12.991	7
13.08	6
13.103	6
13.107	6
13.355	6
13.581	6
13.646	6
13.796	6
14.285	6
15.175	6
15.208	6
15.342	6
15.403	6
15.492	6
15.493	6
15.526	6
15.626	6
15.656	6
15.766	6
15.855	5
16.182	5
16.196	5
16.344	5
16.41	5
16.602	5
17.036	4
17.182	3
17.214	3
17.225	3
17.382	3
17.471	3
17.533	3
17.567	3
17.608	3
18.337	3
18.356	3
18.514	3
18.742	3
18.842	3
18.97	3
19.049	3
20.641	3
22.387	3
23.361	3
23.874	3
24.375	3
25.804	3
25.84	3
25.98	3
26.586	3
0.001	1
0.002	1
0.002	1
0.003	1
0.006	1
0.006	1
0.007	1
0.008	1
0.009	1
0.01	1
0.01	1
0.01	1
0.01	1
0.012	1
0.012	1
0.013	1
0.013	1
0.014	1
0.014	1
0.015	1
0.016	1
0.016	1
0.017	1
0.018	1
0.02	1
0.02	1
0.021	1
0.021	1
0.021	1
0.021	1
0.021	1
0.023	1
0.025	1
0.025	1
0.026	1
0.028	1
0.028	1
0.028	1
0.029	1
0.03	1
0.031	1
0.032	1
0.033	1
0.033	1
0.034	1
0.035	1
0.037	1
0.038	1
0.04	1
0.04	1
0.051	1
0.059	1
0.063	1
0.095	1
0.097	1
0.097	1
0.109	1
0.12	1
0.121	1
0.121	1
0.123	1
0.126	1
0.132	1
0.141	1
0.144	1
0.152	1
0.158	1
0.169	1
0.171	1
0.171	1
0.173	1
0.177	1
0.182	1
0.183	1
0.186	1
0.187	1
0.19	1
0.19	1
0.192	1
0.193	1
0.194	1
0.195	1
0.195	1
0.204	1
0.204	1
0.206	1
0.208	1
0.211	1
0.211	1
0.211	1
0.211	1
0.219	1
0.219	1
0.221	1
0.222	1
0.222	1
0.227	1
0.23	1
0.23	1
0.233	1
0.234	1
0.235	1
0.241	1
0.243	1
0.247	1
0.247	1
0.248	1
0.251	1
0.252	1
0.252	1
0.255	1
0.257	1
0.263	1
0.265	1
0.267	1
0.272	1
0.278	1
0.281	1
0.281	1
0.281	1
0.283	1
0.286	1
0.289	1
0.292	1
0.292	1
0.296	1
0.296	1
0.297	1
0.298	1
0.305	2
0.311	2
0.311	2
0.312	2
0.313	2
0.317	2
0.318	2
0.319	2
0.327	2
0.329	2
0.329	2
0.332	2
0.333	2
0.338	2
0.34	2
0.342	2
0.343	2
0.344	2
0.344	2
0.349	2
0.358	2
0.36	2
0.36	2
0.364	2
0.366	2
0.377	2
0.381	2
0.381	2
0.388	2
0.389	2
0.39	2
0.392	2
0.394	2
0.395	2
0.396	2
0.401	2
0.402	2
0.403	2
0.412	2
0.42	2
0.42	2
0.422	2
0.423	2
0.43	2
0.431	2
0.443	2
0.451	2
0.454	2
0.455	2
0.455	2
0.457	2
0.457	2
0.463	2
0.464	2
0.465	2
0.467	2
0.469	2
0.471	2
0.476	2
0.477	2
0.48	2
0.481	2
0.482	2
0.483	2
0.506	2
0.509	2
0.516	3
0.523	3
0.529	3
0.531	3
0.539	3
0.54	3
0.546	3
0.546	3
0.546	3
0.552	3
0.558	3
0.564	3
0.566	3
0.567	3
0.572	3
0.573	3
0.576	3
0.577	3
0.58	3
0.58	3
0.598	3
0.604	3
0.607	3
0.607	3
0.609	3
0.611	3
0.611	3
0.611	3
0.614	3
0.619	3
0.636	3
0.639	3
0.644	3
0.652	3
0.652	3
0.656	3
0.657	3
0.657	3
0.66	3
0.671	3
0.681	3
0.684	3
0.687	3
0.692	3
0.693	3
0.713	3
0.714	3
0.715	3
0.717	3
0.72	3
0.73	3
0.733	3
0.736	3
0.738	3
0.739	4
0.752	4
0.752	4
0.753	4
0.757	4
0.757	4
0.759	4
0.766	4
0.778	4
0.779	4
0.779	4
0.78	4
0.783	4
0.785	4
0.792	4
0.792	4
0.797	4
0.803	4
0.806	4
0.807	4
0.808	4
0.812	4
0.814	4
0.814	4
0.815	4
0.817	4
0.817	4
0.818	4
0.83	4
0.83	4
0.831	4
0.837	4
0.852	4
0.853	4
0.857	4
0.861	4
0.865	4
0.866	4
0.867	4
0.868	4
0.868	4
0.873	4
0.88	4
0.888	4
0.889	4
0.907	4
0.91	4
0.918	4
0.92	4
0.928	4
0.928	4
0.928	4
0.929	4
0.929	4
0.933	4
0.935	4
0.953	4
0.956	4
0.957	4
0.959	4
0.96	4
0.966	4
0.966	4
0.974	4
0.976	4
0.976	4
0.981	4
0.992	4
1.0	4
1.004	4
1.004	4
1.004	4
1.006	4
1.013	4
1.013	4
1.015	4
1.016	4
1.019	4
1.02	4
1.024	4
1.027	4
1.033	4
1.034	4
1.052	4
1.079	4
1.083	4
1.095	4
1.095	4
1.11	5
1.114	5
1.137	5
1.145	5
1.161	5
1.171	5
1.177	5
1.199	5
1.2	5
1.201	5
1.214	5
1.221	5
1.246	5
1.252	5
1.265	5
1.287	5
1.289	5
1.3	5
1.313	5
1.317	5
1.318	5
1.346	5
1.417	5
1.418	5
1.547	5
1.589	5
1.636	5
1.654	5
1.659	5
1.659	5
1.748	5
1.811	5
1.849	5
1.883	5
1.907	5
2.026	5
2.041	5
2.055	5
2.132	5
2.174	5
2.232	5
2.321	5
2.353	5
2.447	5
2.464	5
2.49	5
2.709	5
2.774	5
2.797	5
2.821	5
2.825	5
2.903	5
2.931	5
2.946	5
3.058	5
3.061	5
3.091	5
3.105	5
3.161	5
3.235	5
3.27	5
3.337	5
3.388	5
3.401	5
3.422	5
3.484	5
3.489	5
3.513	5
3.558	5
3.596	5
3.607	5
3.661	5
3.798	5
3.874	5
3.931	5
4.01	5
4.072	5
4.088	5
4.174	5
4.184	5
4.2	5
4.22	5
4.223	5
4.289	5
4.314	5
4.346	5
4.364	5
4.458	5
4.494	5
4.537	5
4.606	5
4.635	5
4.757	5
4.945	5
4.952	5
4.991	5
5.061	5
5.089	5
5.096	5
5.104	5
5.169	5
5.187	5
5.257	5
5.27	5
5.38	5
5.421	5
5.471	5
5.478	5
5.504	5
5.598	5
5.6	5
5.629	5
5.641	5
5.689	5
5.721	5
5.736	5
5.817	5
5.867	5
5.868	5
5.95	5
6.032	5
6.052	5
6.134	5
6.236	5
6.326	5
6.495	5
6.5	5
6.595	5
6.69	5
6.711	5
6.824	5
6.86	5
6.894	5
6.925	5
6.999	5
7.116	5
7.17	5
7.172	5
7.198	5
7.208	5
7.234	5
7.24	5
7.354	5
7.373	5
7.504	5
7.514	5
7.545	5
7.605	4
7.625	4
7.649	4
7.66	4
7.99	4
8.018	4
8.051	4
8.093	4
8.103	4
8.126	4
8.159	4
8.191	4
8.437	4
8.59	4
8.608	4
8.641	4
8.74	4
8.84	4
8.983	4
9.021	4
9.082	4
9.217	4
9.398	4
9.485	4
9.516	4
9.522	4
9.527	4
9.708	4
9.909	4
9.952	4
9.967	4
10.041	4
10.136	4
10.266	4
10.32	4
10.325	4
10.363	4
10.364	3
10.39	3
10.442	3
10.534	3
10.612	2
10.621	2
10.805	2
10.853	2
11.188	2
11.282	3
11.557	3
11.848	4
11.95	4
12.351	4
12.447	4
12.534	4
12.603	4
12.99	4
13.079	4
13.102	4
13.106	4
13.354	4
13.58	4
13.645	4
13.795	4
14.284	4
15.174	4
15.207	4
15.341	4
15.402	4
15.491	4
15.492	4
15.525	4
15.625	4
15.655	4
15.765	4
15.854	4
16.181	4
16.195	4
16.343	4
16.409	4
16.601	4
17.035	4
17.181	4
17.213	4
17.224	4
17.381	4
17.47	4
17.532	4
17.566	4
17.607	3
18.336	3
18.355	3
18.513	3
18.741	3
18.841	3
18.969	3
19.048	3
20.64	3
22.386	3
23.36	3
23.873	3
24.374	3
25.803	3
25.839	3
25.979	3
26.585	3
0.001	1
0.004	1
0.004	1
0.005	1
0.006	1
0.007	1
0.008	1
0.008	1
0.008	1
0.008	1
0.01	1
0.01	1
0.011	1
0.011	1
0.012	1
0.012	1
0.013	1
0.014	1
0.014	1
0.015	1
0.016	1
0.018	1
0.018	1
0.019	1
0.019	1
0.019	1
0.019	1
0.019	1
0.021	1
0.023	1
0.023	1
0.024	1
0.026	1
0.026	1
0.026	1
0.027	1
0.028	1
0.029	1
0.03	1
0.031	1
0.031	1
0.032	1
0.033	1
0.035	1
0.036	1
0.038	1
0.038	1
0.049	1
0.057	1
0.061	1
0.093	1
0.095	1
0.095	1
0.107	1
0.118	1
0.119	1
0.119	1
0.121	1
0.124	1
0.13	1
0.139	1
0.142	1
0.15	1
0.156	1
0.167	1
0.169	1
0.169	1
0.171	1
0.175	1
0.18	1
0.181	1
0.184	1
0.185	1
0.188	1
0.188	1
0.19	1
0.191	1
0.192	1
0.193	1
0.193	1
0.202	1
0.202	1
0.204	1
0.206	1
0.209	1
0.209	1
0.209	1
0.209	1
0.217	1
0.217	1
0.219	1
0.22	1
0.22	1
0.225	1
0.228	1
0.228	1
0.231	1
0.232	1
0.233	1
0.239	1
0.241	1
0.245	1
0.245	1
0.246	1
0.249	1
0.25	1
0.25	1
0.253	1
0.255	1
0.261	1
0.263	1
0.265	1
0.27	1
0.276	1
0.279	1
0.279	1
0.279	1
0.281	1
0.284	1
0.287	1
0.29	1
0.29	1
0.294	1
0.294	1
0.295	1
0.296	1
0.303	1
0.309	1
0.309	1
0.31	1
0.311	1
0.315	1
0.316	1
0.317	1
0.325	1
0.327	1
0.327	1
0.33	1
0.331	1
0.336	1
0.338	1
0.34	1
0.341	1
0.342	1
0.342	1
0.347	1
0.356	1
0.358	1
0.358	1
0.362	1
0.364	1
0.375	1
0.379	1
0.379	1
0.386	1
0.387	1
0.388	1
0.39	1
0.392	1
0.393	1
0.394	1
0.399	2
0.4	2
0.401	2
0.41	2
0.418	2
0.418	2
0.42	2
0.421	2
0.428	2
0.429	2
0.441	2
0.449	2
0.452	2
0.453	2
0.453	2
0.455	2
0.455	2
0.461	2
0.462	2
0.463	2
0.465	2
0.467	2
0.469	2
0.474	2
0.475	2
0.478	2
0.479	2
0.48	2
0.481	2
0.504	2
0.507	2
0.514	2
0.521	2
0.527	2
0.529	2
0.537	2
0.538	2
0.544	2
0.544	2
0.544	2
0.55	2
0.556	2
0.562	2
0.564	2
0.565	2
0.57	2
0.571	2
0.574	2
0.575	2
0.578	3
0.578	3
0.596	3
0.602	3
0.605	3
0.605	3
0.607	3
0.609	3
0.609	3
0.609	3
0.612	3
0.617	3
0.634	3
0.637	3
0.642	3
0.65	3
0.65	3
0.654	3
0.655	3
0.655	3
0.658	3
0.669	3
0.679	3
0.682	3
0.685	3
0.69	3
0.691	3
0.711	3
0.712	3
0.713	3
0.715	3
0.718	3
0.728	3
0.731	3
0.734	3
0.736	3
0.737	3
0.75	3
0.75	3
0.751	3
0.755	3
0.755	3
0.757	3
0.764	3
0.776	3
0.777	3
0.777	3
0.778	3
0.781	3
0.783	3
0.79	3
0.79	3
0.795	3
0.801	3
0.804	3
0.805	3
0.806	3
0.81	3
0.812	3
0.812	3
0.813	3
0.815	3
0.815	3
0.816	3
0.828	3
0.828	3
0.829	3
0.835	3
0.85	3
0.851	3
0.855	3
0.859	3
0.863	3
0.864	3
0.865	3
0.866	3
0.866	3
0.871	3
0.878	3
0.886	3
0.887	3
0.905	3
0.908	3
0.916	3
0.918	3
0.926	3
0.926	3
0.926	3
0.927	3
0.927	3
0.931	3
0.933	3
0.951	3
0.954	3
0.955	3
0.957	3
0.958	3
0.964	3
0.964	3
0.972	3
0.974	3
0.974	3
0.979	3
0.99	3
0.998	3
1.002	3
1.002	3
1.002	3
1.004	3
1.011	3
1.011	3
1.013	3
1.014	3
1.017	3
1.018	3
1.022	3
1.025	3
1.031	3
1.032	3
1.05	3
1.077	3
1.081	3
1.093	3
1.093	3
1.108	3
1.112	3
1.135	3
1.143	3
1.159	3
1.169	3
1.175	3
1.197	3
1.198	3
1.199	3
1.212	3
1.219	3
1.244	3
1.25	3
1.263	3
1.285	3
1.287	3
1.298	3
1.311	3
1.315	3
1.316	3
1.344	3
1.415	3
1.416	3
1.545	3
1.587	3
1.634	3
1.652	3
1.657	3
1.657	3
1.746	3
1.809	3
1.847	3
1.881	3
1.905	3
2.024	3
2.039	3
2.053	3
2.13	3
2.172	3
2.23	3
2.319	3
2.351	3
2.445	3
2.462	3
2.488	3
2.707	3
2.772	3
2.795	3
2.819	3
2.823	3
2.901	3
2.929	3
2.944	3
3.056	3
3.059	3
3.089	3
3.103	3
3.159	3
3.233	3
3.268	3
3.335	3
3.386	3
3.399	3
3.42	3
3.482	3
3.487	3
3.511	3
3.556	3
3.594	3
3.605	3
3.659	3
3.796	3
3.872	3
3.929	3
4.008	3
4.07	3
4.086	3
4.172	3
4.182	3
4.198	3
4.218	3
4.221	3
4.287	3
4.312	3
4.344	3
4.362	3
4.456	3
4.492	3
4.535	3
4.604	3
4.633	3
4.755	3
4.943	3
4.95	3
4.989	3
5.059	3
5.087	3
5.094	3
5.102	3
5.167	3
5.185	3
5.255	3
5.268	3
5.378	3
5.419	3
5.469	3
5.476	3
5.502	3
5.596	3
5.598	3
5.627	3
5.639	3
5.687	3
5.719	3
5.734	3
5.815	3
5.865	3
5.866	3
5.948	3
6.03	3
6.05	3
6.132	3
6.234	3
6.324	3
6.493	3
6.498	3
6.593	3
6.688	3
6.709	3
6.822	3
6.858	3
6.892	3
6.923	3
6.997	3
7.114	3
7.168	3
7.17	3
7.196	3
7.206	3
7.232	3
7.238	3
7.352	3
7.371	3
7.502	3
7.512	3
7.543	3
7.603	3
7.623	3
7.647	3
7.658	3
7.988	3
8.016	3
8.049	3
8.091	3
8.101	3
8.124	3
8.157	3
8.189	3
8.435	3
8.588	3
8.606	3
8.639	3
8.738	3
8.838	3
8.981	3
9.019	3
9.08	3
9.215	3
9.396	3
9.483	3
9.514	3
9.52	3
9.525	3
9.706	3
9.907	3
9.95	3
9.965	3
10.039	3
10.134	3
10.264	3
10.318	3
10.323	3
10.361	3
10.362	3
10.388	3
10.44	3
10.532	3
10.61	3
10.619	3
10.803	3
10.851	3
11.186	3
11.28	3
11.555	3
11.846	3
11.948	3
12.349	3
12.445	3
12.532	3
12.601	3
12.988	3
13.077	3
13.1	3
13.104	3
13.352	3
13.578	3
13.643	3
13.793	3
14.282	3
15.172	3
15.205	3
15.339	3
15.4	3
15.489	3
15.49	3
15.523	3
15.623	3
15.653	3
15.763	3
15.852	3
16.179	3
16.193	3
16.341	3
16.407	3
16.599	3
17.033	3
17.179	3
17.211	3
17.222	3
17.379	3
17.468	3
17.53	3
17.564	3
17.605	3
18.334	3
18.353	3
18.511	3
18.739	3
18.839	3
18.967	3
19.046	3
20.638	3
22.384	3
23.358	3
23.871	3
24.372	3
25.801	3
25.837	3
25.977	3
26.583	3
0.0	1
0.0	1
0.001	1
0.004	1
0.004	1
0.005	1
0.006	1
0.007	1
0.008	1
0.008	1
0.008	1
0.008	1
0.01	1
0.01	1
0.011	1
0.011	1
0.012	1
0.012	1
0.013	1
0.014	1
0.014	1
0.015	1
0.016	1
0.018	1
0.018	1
0.019	1
0.019	1
0.019	1
0.019	1
0.019	1
0.021	1
0.023	1
0.023	1
0.024	1
0.026	1
0.026	1
0.026	1
0.027	1
0.028	1
0.029	1
0.03	1
0.031	1
0.031	1
0.032	1
0.033	1
0.035	1
0.036	1
0.038	1
0.038	1
0.049	1
0.057	1
0.061	1
0.093	1
0.095	1
0.095	1
0.107	1
0.118	1
0.119	1
0.119	1
0.121	1
0.124	1
0.13	1
0.139	1
0.142	1
0.15	1
0.156	1
0.167	1
0.169	1
0.169	1
0.171	1
0.175	1
0.18	1
0.181	1
0.184	1
0.185	1
0.188	1
0.188	1
0.19	1
0.191	1
0.192	1
0.193	1
0.193	1
0.202	1
0.202	1
0.204	1
0.206	1
0.209	1
0.209	1
0.209	1
0.209	1
0.217	1
0.217	1
0.219	1
0.22	1
0.22	1
0.225	1
0.228	1
0.228	1
0.231	1
0.232	1
0.233	2
0.239	2
0.241	2
0.245	2
0.245	2
0.246	2
0.249	2
0.25	2
0.25	2
0.253	2
0.255	2
0.261	2
0.263	2
0.265	2
0.27	2
0.276	2
0.279	2
0.279	2
0.279	2
0.281	2
0.284	2
0.287	2
0.29	2
0.29	2
0.294	2
0.294	2
0.295	2
0.296	2
0.303	2
0.309	2
0.309	2
0.31	2
0.311	2
0.315	2
0.316	2
0.317	2
0.325	2
0.327	2
0.327	2
0.33	2
0.331	2
0.336	2
0.338	2
0.34	2
0.341	2
0.342	2
0.342	2
0.347	2
0.356	2
0.358	2
0.358	2
0.362	2
0.364	2
0.375	2
0.379	3
0.379	3
0.386	3
0.387	3
0.388	3
0.39	3
0.392	3
0.393	3
0.394	3
0.399	3
0.4	3
0.401	3
0.41	3
0.418	3
0.418	4
0.42	4
0.421	4
0.428	4
0.429	4
0.441	4
0.449	4
0.452	4
0.453	4
0.453	4
0.455	4
0.455	4
0.461	4
0.462	4
0.463	4
0.465	4
0.467	4
0.469	4
0.474	4
0.475	4
0.478	4
0.479	4
0.48	4
0.481	4
0.504	4
0.507	4
0.514	4
0.521	4
0.527	4
0.529	4
0.537	4
0.538	4
0.544	4
0.544	4
0.544	4
0.55	4
0.556	4
0.562	4
0.564	4
0.565	4
0.57	4
0.571	4
0.574	4
0.575	5
0.578	5
0.578	5
0.596	5
0.602	5
0.605	5
0.605	5
0.607	5
0.609	5
0.609	5
0.609	5
0.612	5
0.617	5
0.634	5
0.637	5
0.642	5
0.65	5
0.65	5
0.654	5
0.655	5
0.655	5
0.658	5
0.669	5
0.679	5
0.682	5
0.685	5
0.69	5
0.691	5
0.711	5
0.712	5
0.713	5
0.715	5
0.718	5
0.728	5
0.731	5
0.734	5
0.736	5
0.737	5
0.75	5
0.75	5
0.751	5
0.755	5
0.755	5
0.757	5
0.764	5
0.776	5
0.777	5
0.777	5
0.778	5
0.781	5
0.783	5
0.79	5
0.79	5
0.795	5
0.801	5
0.804	5
0.805	5
0.806	5
0.81	5
0.812	5
0.812	5
0.813	5
0.815	5
0.815	5
0.816	6
0.828	6
0.828	6
0.829	6
0.835	6
0.85	6
0.851	6
0.855	6
0.859	6
0.863	6
0.864	6
0.865	6
0.866	6
0.866	6
0.871	6
0.878	6
0.886	6
0.887	6
0.905	6
0.908	6
0.916	6
0.918	6
0.926	6
0.926	6
0.926	6
0.927	6
0.927	6
0.931	6
0.933	6
0.951	6
0.954	6
0.955	6
0.957	6
0.958	6
0.964	6
0.964	6
0.972	6
0.974	6
0.974	6
0.979	6
0.99	6
0.998	6
1.002	6
1.002	6
1.002	6
1.004	6
1.011	6
1.011	6
1.013	6
1.014	6
1.017	6
1.018	6
1.022	6
1.025	6
1.031	6
1.032	6
1.05	6
1.077	6
1.081	6
1.093	6
1.093	6
1.108	6
1.112	6
1.135	6
1.143	6
1.159	6
1.169	6
1.175	6
1.197	6
1.198	6
1.199	6
1.212	6
1.219	6
1.244	6
1.25	6
1.263	6
1.285	6
1.287	6
1.298	6
1.311	6
1.315	6
1.316	6
1.344	6
1.415	6
1.416	6
1.545	6
1.587	6
1.634	6
1.652	6
1.657	5
1.657	5
1.746	5
1.809	5
1.847	5
1.881	5
1.905	5
2.024	5
2.039	5
2.053	5
2.13	5
2.172	5
2.23	5
2.319	5
2.351	5
2.445	5
2.462	5
2.488	5
2.707	5
2.772	5
2.795	5
2.819	5
2.823	5
2.901	5
2.929	5
2.944	5
3.056	5
3.059	5
3.089	5
3.103	5
3.159	5
3.233	5
3.268	5
3.335	5
3.386	5
3.399	5
3.42	5
3.482	5
3.487	5
3.511	5
3.556	5
3.594	5
3.605	5
3.659	5
3.796	5
3.872	5
3.929	5
4.008	5
4.07	5
4.086	5
4.172	5
4.182	5
4.198	5
4.218	5
4.221	5
4.287	5
4.312	5
4.344	5
4.362	5
4.456	5
4.492	5
4.535	5
4.604	5
4.633	5
4.755	5
4.943	5
4.95	5
4.989	5
5.059	5
5.087	5
5.094	5
5.102	5
5.167	5
5.185	5
5.255	5
5.268	5
5.378	5
5.419	5
5.469	5
5.476	5
5.502	5
5.596	5
5.598	5
5.627	5
5.639	5
5.687	5
5.719	5
5.734	5
5.815	5
5.865	5
5.866	5
5.948	5
6.03	5
6.05	5
6.132	5
6.234	5
6.324	5
6.493	5
6.498	5
6.593	5
6.688	5
6.709	5
6.822	5
6.858	5
6.892	5
6.923	5
6.997	5
7.114	5
7.168	5
7.17	5
7.196	5
7.206	5
7.232	5
7.238	5
7.352	5
7.371	5
7.502	5
7.512	5
7.543	5
7.603	5
7.623	4
7.647	4
7.658	4
7.988	4
8.016	4
8.049	4
8.091	4
8.101	4
8.124	4
8.157	4
8.189	4
8.435	4
8.588	4
8.606	4
8.639	4
8.738	4
8.838	4
8.981	4
9.019	4
9.08	4
9.215	4
9.396	4
9.483	4
9.514	4
9.52	4
9.525	4
9.706	4
9.907	4
9.95	4
9.965	4
10.039	4
10.134	4
10.264	4
10.318	4
10.323	4
10.361	4
10.362	4
10.388	4
10.44	4
10.532	4
10.61	4
10.619	4
10.803	4
10.851	4
11.186	4
11.28	4
11.555	4
11.846	4
11.948	4
12.349	4
12.445	4
12.532	4
12.601	4
12.988	4
13.077	4
13.1	4
13.104	4
13.352	4
13.578	4
13.643	4
13.793	4
14.282	4
15.172	4
15.205	4
15.339	4
15.4	4
15.489	4
15.49	4
15.523	4
15.623	3
15.653	3
15.763	3
15.852	3
16.179	3
16.193	3
16.341	3
16.407	3
16.599	3
17.033	3
17.179	3
17.211	3
17.222	3
17.379	3
17.468	3
17.53	3
17.564	3
17.605	3
18.334	3
18.353	3
18.511	3
18.739	3
18.839	3
18.967	3
19.046	3
20.638	3
22.384	3
23.358	3
23.871	3
24.372	3
25.801	3
25.837	3
25.977	3
26.583	3
0.0	1
0.001	1
0.004	1
0.004	1
0.005	1
0.006	1
0.007	1
0.008	1
0.008	1
0.008	1
0.008	1
0.01	1
0.01	1
0.011	1
0.011	1
0.012	1
0.012	1
0.013	1
0.014	1
0.014	1
0.015	1
0.016	1
0.018	1
0.018	1
0.019	1
0.019	1
0.019	1
0.019	1
0.019	1
0.021	1
0.023	1
0.023	1
0.024	1
0.026	1
0.026	1
0.026	1
0.027	1
0.028	1
0.029	1
0.03	1
0.031	1
0.031	1
0.032	1
0.033	1
0.035	1
0.036	1
0.038	1
0.038	1
0.049	1
0.057	1
0.061	1
0.093	1
0.095	1
0.095	1
0.107	1
0.118	1
0.119	1
0.119	1
0.121	1
0.124	1
0.13	1
0.139	1
0.142	1
0.15	1
0.156	1
0.167	1
0.169	1
0.169	1
0.171	1
0.175	1
0.18	1
0.181	1
0.184	1
0.185	1
0.188	1
0.188	1
0.19	1
0.191	1
0.192	1
0.193	1
0.193	1
0.202	1
0.202	1
0.204	1
0.206	1
0.209	1
0.209	1
0.209	1
0.209	1
0.217	1
0.217	1
0.219	1
0.22	1
0.22	2
0.225	2
0.228	2
0.228	2
0.231	2
0.232	2
0.233	2
0.239	2
0.241	2
0.245	2
0.245	2
0.246	2
0.249	2
0.25	2
0.25	2
0.253	2
0.255	2
0.261	2
0.263	2
0.265	2
0.27	2
0.276	2
0.279	2
0.279	2
0.279	2
0.281	2
0.284	2
0.287	2
0.29	2
0.29	2
0.294	2
0.294	2
0.295	2
0.296	2
0.303	2
0.309	2
0.309	2
0.31	2
0.311	2
0.315	2
0.316	2
0.317	2
0.325	2
0.327	2
0.327	2
0.33	2
0.331	2
0.336	2
0.338	2
0.34	2
0.341	2
0.342	2
0.342	2
0.347	2
0.356	2
0.358	2
0.358	2
0.362	2
0.364	2
0.375	2
0.379	2
0.379	2
0.386	2
0.387	2
0.388	2
0.39	2
0.392	2
0.393	2
0.394	2
0.399	2
0.4	2
0.401	2
0.41	2
0.418	2
0.418	2
0.42	2
0.421	2
0.428	2
0.429	2
0.441	2
0.449	2
0.452	2
0.453	2
0.453	2
0.455	2
0.455	2
0.461	2
0.462	2
0.463	2
0.465	2
0.467	2
0.469	2
0.474	2
0.475	2
0.478	2
0.479	2
0.48	2
0.481	2
0.504	2
0.507	2
0.514	2
0.521	2
0.527	2
0.529	2
0.537	2
0.538	2
0.544	2
0.544	2
0.544	2
0.55	2
0.556	3
0.562	3
0.564	3
0.565	3
0.57	3
0.571	3
0.574	3
0.575	3
0.578	3
0.578	3
0.596	3
0.602	3
0.605	4
0.605	4
0.607	4
0.609	4
0.609	4
0.609	4
0.612	4
0.617	4
0.634	4
0.637	4
0.642	4
0.65	4
0.65	4
0.654	4
0.655	4
0.655	4
0.658	4
0.669	4
0.679	4
0.682	4
0.685	4
0.69	4
0.691	4
0.711	4
0.712	4
0.713	4
0.715	4
0.718	4
0.728	4
0.731	4
0.734	4
0.736	4
0.737	4
0.75	4
0.75	4
0.751	4
0.755	4
0.755	4
0.757	4
0.764	4
0.776	4
0.777	4
0.777	4
0.778	4
0.781	4
0.783	5
0.79	5
0.79	5
0.795	5
0.801	5
0.804	5
0.805	5
0.806	5
0.81	5
0.812	5
0.812	5
0.813	5
0.815	5
0.815	5
0.816	5
0.828	5
0.828	5
0.829	5
0.835	5
0.85	6
0.851	6
0.855	6
0.859	6
0.863	6
0.864	6
0.865	6
0.866	6
0.866	6
0.871	6
0.878	6
0.886	6
0.887	6
0.905	6
0.908	6
0.916	6
0.918	6
0.926	6
0.926	6
0.926	6
0.927	6
0.927	6
0.931	6
0.933	6
0.951	6
0.954	6
0.955	6
0.957	6
0.958	6
0.964	6
0.964	6
0.972	6
0.974	6
0.974	6
0.979	6
0.99	7
0.998	7
1.002	7
1.002	7
1.002	7
1.004	7
1.011	7
1.011	7
1.013	7
1.014	7
1.017	7
1.018	7
1.022	7
1.025	7
1.031	7
1.032	7
1.05	7
1.077	7
1.081	7
1.093	7
1.093	7
1.108	7
1.112	7
1.135	7
1.143	7
1.159	7
1.169	7
1.175	7
1.197	7
1.198	7
1.199	7
1.212	7
1.219	7
1.244	7
1.25	7
1.263	7
1.285	7
1.287	7
1.298	7
1.311	7
1.315	7
1.316	7
1.344	7
1.415	7
1.416	7
1.545	7
1.587	7
1.634	7
1.652	7
1.657	7
1.657	6
1.746	6
1.809	6
1.847	6
1.881	6
1.905	6
2.024	6
2.039	6
2.053	6
2.13	6
2.172	6
2.23	6
2.319	6
2.351	6
2.445	6
2.462	6
2.488	6
2.707	6
2.772	6
2.795	6
2.819	6
2.823	6
2.901	6
2.929	6
2.944	6
3.056	6
3.059	6
3.089	6
3.103	6
3.159	6
3.233	6
3.268	6
3.335	6
3.386	6
3.399	6
3.42	6
3.482	6
3.487	6
3.511	6
3.556	6
3.594	6
3.605	6
3.659	6
3.796	6
3.872	6
3.929	6
4.008	6
4.07	6
4.086	5
4.172	5
4.182	5
4.198	5
4.218	5
4.221	5
4.287	5
4.312	5
4.344	5
4.362	5
4.456	5
4.492	5
4.535	5
4.604	5
4.633	5
4.755	5
4.943	5
4.95	5
4.989	5
5.059	5
5.087	5
5.094	5
5.102	5
5.167	5
5.185	5
5.255	5
5.268	5
5.378	5
5.419	5
5.469	5
5.476	5
5.502	5
5.596	5
5.598	5
5.627	5
5.639	5
5.687	5
5.719	5
5.734	5
5.815	5
5.865	5
5.866	5
5.948	5
6.03	5
6.05	5
6.132	5
6.234	5
6.324	5
6.493	5
6.498	5
6.593	5
6.688	5
6.709	5
6.822	5
6.858	5
6.892	5
6.923	5
6.997	5
7.114	5
7.168	5
7.17	5
7.196	5
7.206	5
7.232	5
7.238	5
7.352	5
7.371	5
7.502	5
7.512	5
7.543	5
7.603	5
7.623	5
7.647	5
7.658	5
7.988	5
8.016	5
8.049	5
8.091	5
8.101	5
8.124	5
8.157	5
8.189	5
8.435	5
8.588	5
8.606	5
8.639	5
8.738	5
8.838	5
8.981	5
9.019	5
9.08	5
9.215	5
9.396	5
9.483	5
9.514	5
9.52	5
9.525	5
9.706	5
9.907	5
9.95	5
9.965	5
10.039	5
10.134	5
10.264	5
10.318	5
10.323	5
10.361	5
10.362	5
10.388	5
10.44	5
10.532	5
10.61	5
10.619	5
10.803	5
10.851	5
11.186	5
11.28	5
11.555	5
11.846	5
11.948	5
12.349	5
12.445	5
12.532	5
12.601	5
12.988	5
13.077	5
13.1	5
13.104	5
13.352	5
13.578	5
13.643	5
13.793	5
14.282	5
15.172	5
15.205	5
15.339	5
15.4	4
15.489	4
15.49	4
15.523	4
15.623	4
15.653	4
15.763	4
15.852	4
16.179	4
16.193	4
16.341	4
16.407	4
16.599	4
17.033	4
17.179	4
17.211	4
17.222	4
17.379	4
17.468	4
17.53	4
17.564	4
17.605	4
18.334	3
18.353	2
18.511	2
18.739	2
18.839	2
18.967	3
19.046	4
20.638	4
22.384	4
23.358	4
23.871	4
24.372	3
25.801	3
25.837	3
25.977	3
26.583	3
0.003	1
0.004	1
0.005	1
0.006	1
0.006	1
0.006	1
0.006	1
0.008	1
0.008	1
0.009	1
0.009	1
0.01	1
0.01	1
0.011	1
0.012	1
0.012	1
0.013	1
0.014	1
0.016	1
0.016	1
0.017	1
0.017	1
0.017	1
0.017	1
0.017	1
0.019	1
0.021	1
0.021	1
0.022	1
0.024	1
0.024	1
0.024	1
0.025	1
0.026	1
0.027	1
0.028	1
0.029	1
0.029	1
0.03	1
0.031	1
0.033	1
0.034	1
0.036	1
0.036	1
0.047	1
0.055	1
0.059	1
0.091	1
0.093	1
0.093	1
0.105	1
0.116	1
0.117	1
0.117	1
0.119	1
0.122	1
0.128	1
0.137	1
0.14	1
0.148	1
0.154	1
0.165	1
0.167	1
0.167	1
0.169	1
0.173	1
0.178	1
0.179	1
0.182	1
0.183	1
0.186	1
0.186	1
0.188	1
0.189	1
0.19	1
0.191	1
0.191	1
0.2	1
0.2	1
0.202	1
0.204	1
0.207	1
0.207	1
0.207	1
0.207	1
0.215	1
0.215	1
0.217	1
0.218	1
0.218	1
0.223	1
0.226	1
0.226	1
0.229	1
0.23	1
0.231	1
0.237	1
0.239	1
0.243	1
0.243	1
0.244	1
0.247	1
0.248	1
0.248	1
0.251	2
0.253	2
0.259	2
0.261	2
0.263	2
0.268	2
0.274	2
0.277	2
0.277	2
0.277	2
0.279	2
0.282	2
0.285	2
0.288	2
0.288	2
0.292	2
0.292	2
0.293	2
0.294	2
0.301	2
0.307	2
0.307	2
0.308	2
0.309	2
0.313	2
0.314	2
0.315	2
0.323	2
0.325	2
0.325	2
0.328	2
0.329	2
0.334	2
0.336	2
0.338	2
0.339	2
0.34	2
0.34	2
0.345	2
0.354	2
0.356	2
0.356	2
0.36	2
0.362	2
0.373	2
0.377	2
0.377	2
0.384	2
0.385	2
0.386	2
0.388	2
0.39	2
0.391	2
0.392	2
0.397	2
0.398	2
0.399	2
0.408	2
0.416	2
0.416	2
0.418	2
0.419	2
0.426	2
0.427	2
0.439	2
0.447	2
0.45	2
0.451	2
0.451	2
0.453	2
0.453	2
0.459	2
0.46	2
0.461	2
0.463	2
0.465	2
0.467	2
0.472	2
0.473	2
0.476	2
0.477	2
0.478	2
0.479	2
0.502	2
0.505	2
0.512	2
0.519	2
0.525	2
0.527	2
0.535	2
0.536	2
0.542	2
0.542	2
0.542	2
0.548	2
0.554	2
0.56	2
0.562	2
0.563	2
0.568	2
0.569	2
0.572	2
0.573	2
0.576	2
0.576	2
0.594	2
0.6	2
0.603	2
0.603	2
0.605	3
0.607	3
0.607	4
0.607	4
0.61	4
0.615	4
0.632	4
0.635	4
0.64	4
0.648	4
0.648	4
0.652	4
0.653	4
0.653	4
0.656	4
0.667	4
0.677	4
0.68	4
0.683	4
0.688	4
0.689	4
0.709	4
0.71	4
0.711	4
0.713	4
0.716	4
0.726	4
0.729	4
0.732	4
0.734	4
0.735	4
0.748	4
0.748	4
0.749	4
0.753	4
0.753	4
0.755	4
0.762	4
0.774	4
0.775	4
0.775	4
0.776	4
0.779	4
0.781	4
0.788	4
0.788	4
0.793	4
0.799	4
0.802	4
0.803	4
0.804	4
0.808	4
0.81	4
0.81	4
0.811	4
0.813	4
0.813	4
0.814	4
0.826	4
0.826	4
0.827	4
0.833	4
0.848	4
0.849	4
0.853	4
0.857	4
0.861	4
0.862	4
0.863	4
0.864	4
0.864	4
0.869	4
0.876	4
0.884	4
0.885	4
0.903	4
0.906	4
0.914	4
0.916	4
0.924	4
0.924	4
0.924	4
0.925	4
0.925	4
0.929	4
0.931	4
0.949	4
0.952	4
0.953	4
0.955	4
0.956	4
0.962	4
0.962	4
0.97	4
0.972	4
0.972	4
0.977	4
0.988	4
0.996	4
1.0	4
1.0	4
1.0	4
1.002	4
1.009	4
1.009	4
1.011	4
1.012	4
1.015	4
1.016	4
1.02	4
1.023	4
1.029	4
1.03	4
1.048	4
1.075	4
1.079	4
1.091	4
1.091	4
1.106	4
1.11	4
1.133	4
1.141	4
1.157	4
1.167	4
1.173	4
1.195	4
1.196	4
1.197	4
1.21	4
1.217	4
1.242	4
1.248	4
1.261	4
1.283	4
1.285	4
1.296	4
1.309	4
1.313	4
1.314	4
1.342	4
1.413	4
1.414	4
1.543	4
1.585	4
1.632	4
1.65	4
1.655	4
1.655	4
1.744	4
1.807	4
1.845	4
1.879	4
1.903	4
2.022	4
2.037	4
2.051	4
2.128	4
2.17	4
2.228	4
2.317	4
2.349	4
2.443	4
2.46	4
2.486	4
2.705	4
2.77	4
2.793	4
2.817	4
2.821	4
2.899	4
2.927	4
2.942	4
3.054	4
3.057	4
3.087	4
3.101	4
3.157	4
3.231	4
3.266	4
3.333	4
3.384	4
3.397	4
3.418	4
3.48	4
3.485	4
3.509	4
3.554	4
3.592	4
3.603	4
3.657	4
3.794	4
3.87	4
3.927	4
4.006	4
4.068	4
4.084	4
4.17	4
4.18	4
4.196	4
4.216	4
4.219	4
4.285	4
4.31	4
4.342	4
4.36	4
4.454	4
4.49	4
4.533	4
4.602	4
4.631	4
4.753	4
4.941	4
4.948	4
4.987	4
5.057	4
5.085	4
5.092	4
5.1	4
5.165	4
5.183	4
5.253	4
5.266	4
5.376	4
5.417	4
5.467	4
5.474	4
5.5	4
5.594	4
5.596	4
5.625	4
5.637	4
5.685	4
5.717	4
5.732	4
5.813	4
5.863	4
5.864	4
5.946	4
6.028	4
6.048	4
6.13	4
6.232	4
6.322	4
6.491	4
6.496	4
6.591	4
6.686	4
6.707	4
6.82	4
6.856	4
6.89	4
6.921	4
6.995	4
7.112	4
7.166	4
7.168	4
7.194	4
7.204	4
7.23	4
7.236	4
7.35	4
7.369	4
7.5	4
7.51	4
7.541	4
7.601	4
7.621	4
7.645	4
7.656	4
7.986	4
8.014	4
8.047	3
8.089	3
8.099	3
8.122	3
8.155	3
8.187	3
8.433	3
8.586	3
8.604	3
8.637	3
8.736	3
8.836	3
8.979	3
9.017	3
9.078	3
9.213	3
9.394	3
9.481	3
9.512	3
9.518	3
9.523	3
9.704	3
9.905	3
9.948	3
9.963	3
10.037	3
10.132	3
10.262	3
10.316	3
10.321	3
10.359	3
10.36	3
10.386	3
10.438	3
10.53	3
10.608	3
10.617	3
10.801	3
10.849	3
11.184	3
11.278	3
11.553	3
11.844	3
11.946	3
12.347	3
12.443	3
12.53	3
12.599	3
12.986	3
13.075	3
13.098	3
13.102	3
13.35	3
13.576	3
13.641	3
13.791	3
14.28	3
15.17	3
15.203	3
15.337	3
15.398	3
15.487	3
15.488	3
15.521	3
15.621	3
15.651	3
15.761	3
15.85	3
16.177	3
16.191	3
16.339	3
16.405	3
16.597	3
17.031	3
17.177	3
17.209	3
17.22	3
17.377	3
17.466	3
17.528	3
17.562	3
17.603	3
18.332	3
18.351	3
18.509	3
18.737	3
18.837	3
18.965	3
19.044	3
20.636	3
22.382	3
23.356	3
23.869	3
24.37	3
25.799	3
25.835	3
25.975	3
26.581	3
0.001	1
0.002	1
0.003	1
0.004	1
0.005	1
0.005	1
0.005	1
0.005	1
0.007	1
0.007	1
0.008	1
0.008	1
0.009	1
0.009	1
0.01	1
0.011	1
0.011	1
0.012	1
0.013	1
0.015	1
0.015	1
0.016	1
0.016	1
0.016	1
0.016	1
0.016	1
0.018	1
0.02	1
0.02	1
0.021	1
0.023	1
0.023	1
0.023	1
0.024	1
0.025	1
0.026	1
0.027	1
0.028	1
0.028	1
0.029	1
0.03	1
0.032	1
0.033	1
0.035	1
0.035	1
0.046	1
0.054	1
0.058	1
0.09	1
0.092	1
0.092	1
0.104	1
0.115	1
0.116	1
0.116	1
0.118	1
0.121	1
0.127	1
0.136	1
0.139	1
0.147	1
0.153	1
0.164	1
0.166	1
0.166	1
0.168	1
0.172	1
0.177	1
0.178	1
0.181	1
0.182	1
0.185	1
0.185	1
0.187	1
0.188	1
0.189	1
0.19	1
0.19	1
0.199	1
0.199	1
0.201	1
0.203	1
0.206	1
0.206	1
0.206	1
0.206	1
0.214	1
0.214	1
0.216	1
0.217	1
0.217	1
0.222	1
0.225	1
0.225	1
0.228	1
0.229	1
0.23	1
0.236	1
0.238	1
0.242	1
0.242	1
0.243	1
0.246	1
0.247	1
0.247	1
0.25	1
0.252	1
0.258	1
0.26	1
0.262	1
0.267	1
0.273	1
0.276	1
0.276	1
0.276	1
0.278	1
0.281	1
0.284	1
0.287	1
0.287	1
0.291	2
0.291	2
0.292	2
0.293	2
0.3	2
0.306	2
0.306	2
0.307	2
0.308	2
0.312	2
0.313	2
0.314	2
0.322	2
0.324	2
0.324	2
0.327	2
0.328	2
0.333	2
0.335	2
0.337	3
0.338	3
0.339	3
0.339	3
0.344	3
0.353	3
0.355	3
0.355	3
0.359	3
0.361	3
0.372	3
0.376	3
0.376	3
0.383	3
0.384	3
0.385	3
0.387	3
0.389	3
0.39	3
0.391	3
0.396	3
0.397	3
0.398	3
0.407	3
0.415	3
0.415	3
0.417	3
0.418	3
0.425	3
0.426	3
0.438	3
0.446	3
0.449	3
0.45	3
0.45	3
0.452	3
0.452	3
0.458	3
0.459	3
0.46	3
0.462	3
0.464	3
0.466	3
0.471	3
0.472	3
0.475	3
0.476	3
0.477	3
0.478	3
0.501	3
0.504	3
0.511	3
0.518	3
0.524	3
0.526	3
0.534	3
0.535	3
0.541	3
0.541	3
0.541	3
0.547	3
0.553	3
0.559	3
0.561	3
0.562	3
0.567	3
0.568	3
0.571	3
0.572	3
0.575	3
0.575	3
0.593	3
0.599	3
0.602	3
0.602	3
0.604	3
0.606	3
0.606	3
0.606	3
0.609	3
0.614	3
0.631	3
0.634	3
0.639	3
0.647	3
0.647	3
0.651	3
0.652	3
0.652	3
0.655	3
0.666	3
0.676	3
0.679	3
0.682	3
0.687	3
0.688	3
0.708	3
0.709	3
0.71	3
0.712	3
0.715	3
0.725	3
0.728	3
0.731	3
0.733	3
0.734	3
0.747	3
0.747	3
0.748	3
0.752	3
0.752	3
0.754	3
0.761	3
0.773	3
0.774	3
0.774	3
0.775	3
0.778	3
0.78	3
0.787	3
0.787	3
0.792	3
0.798	3
0.801	3
0.802	3
0.803	3
0.807	3
0.809	3
0.809	3
0.81	3
0.812	3
0.812	3
0.813	3
0.825	3
0.825	3
0.826	3
0.832	3
0.847	3
0.848	3
0.852	3
0.856	3
0.86	3
0.861	3
0.862	3
0.863	3
0.863	3
0.868	3
0.875	3
0.883	3
0.884	3
0.902	3
0.905	3
0.913	3
0.915	3
0.923	3
0.923	3
0.923	3
0.924	3
0.924	3
0.928	3
0.93	3
0.948	3
0.951	3
0.952	3
0.954	3
0.955	4
0.961	4
0.961	4
0.969	4
0.971	4
0.971	4
0.976	4
0.987	4
0.995	4
0.999	4
0.999	4
0.999	4
1.001	4
1.008	4
1.008	4
1.01	4
1.011	4
1.014	4
1.015	4
1.019	4
1.022	4
1.028	4
1.029	4
1.047	4
1.074	4
1.078	4
1.09	4
1.09	4
1.105	4
1.109	4
1.132	4
1.14	4
1.156	4
1.166	4
1.172	4
1.194	4
1.195	4
1.196	4
1.209	4
1.216	4
1.241	4
1.247	4
1.26	4
1.282	4
1.284	4
1.295	4
1.308	4
1.312	4
1.313	4
1.341	4
1.412	4
1.413	4
1.542	4
1.584	4
1.631	4
1.649	4
1.654	4
1.654	4
1.743	4
1.806	4
1.844	4
1.878	4
1.902	4
2.021	4
2.036	4
2.05	4
2.127	4
2.169	4
2.227	4
2.316	4
2.348	4
2.442	4
2.459	4
2.485	4
2.704	4
2.769	4
2.792	4
2.816	4
2.82	4
2.898	3
2.926	3
2.941	3
3.053	3
3.056	3
3.086	3
3.1	3
3.156	3
3.23	3
3.265	3
3.332	3
3.383	3
3.396	3
3.417	3
3.479	3
3.484	3
3.508	3
3.553	3
3.591	3
3.602	3
3.656	3
3.793	3
3.869	3
3.926	3
4.005	3
4.067	3
4.083	3
4.169	3
4.179	3
4.195	3
4.215	3
4.218	3
4.284	3
4.309	3
4.341	3
4.359	3
4.453	3
4.489	3
4.532	3
4.601	3
4.63	3
4.752	3
4.94	3
4.947	3
4.986	3
5.056	3
5.084	3
5.091	3
5.099	3
5.164	3
5.182	3
5.252	3
5.265	3
5.375	3
5.416	3
5.466	3
5.473	3
5.499	3
5.593	3
5.595	3
5.624	3
5.636	3
5.684	3
5.716	3
5.731	3
5.812	3
5.862	3
5.863	3
5.945	3
6.027	3
6.047	3
6.129	3
6.231	3
6.321	3
6.49	3
6.495	3
6.59	3
6.685	3
6.706	3
6.819	3
6.855	3
6.889	3
6.92	3
6.994	3
7.111	3
7.165	3
7.167	3
7.193	3
7.203	3
7.229	3
7.235	3
7.349	3
7.368	3
7.499	3
7.509	3
7.54	3
7.6	3
7.62	3
7.644	3
7.655	3
7.985	3
8.013	3
8.046	3
8.088	3
8.098	3
8.121	3
8.154	3
8.186	3
8.432	3
8.585	3
8.603	3
8.636	3
8.735	3
8.835	3
8.978	3
9.016	3
9.077	3
9.212	3
9.393	3
9.48	3
9.511	3
9.517	3
9.522	3
9.703	3
9.904	3
9.947	3
9.962	3
10.036	3
10.131	3
10.261	3
10.315	3
10.32	3
10.358	3
10.359	3
10.385	3
10.437	3
10.529	3
10.607	3
10.616	3
10.8	3
10.848	3
11.183	3
11.277	3
11.552	3
11.843	3
11.945	3
12.346	3
12.442	3
12.529	3
12.598	3
12.985	3
13.074	3
13.097	3
13.101	3
13.349	3
13.575	3
13.64	3
13.79	3
14.279	3
15.169	3
15.202	3
15.336	3
15.397	3
15.486	3
15.487	3
15.52	3
15.62	3
15.65	3
15.76	3
15.849	3
16.176	3
16.19	3
16.338	3
16.404	3
16.596	3
17.03	3
17.176	3
17.208	3
17.219	3
17.376	3
17.465	3
17.527	3
17.561	3
17.602	3
18.331	3
18.35	3
18.508	3
18.736	3
18.836	3
18.964	3
19.043	3
20.635	3
22.381	3
23.355	3
23.868	3
24.369	3
25.798	3
25.834	3
25.974	3
26.58	3
0.0	1
0.001	1
0.002	1
0.002	1
0.002	1
0.002	1
0.004	1
0.004	1
0.005	1
0.005	1
0.006	1
0.006	1
0.007	1
0.008	1
0.008	1
0.009	1
0.01	1
0.012	1
0.012	1
0.013	1
0.013	1
0.013	1
0.013	1
0.013	1
0.015	1
0.017	1
0.017	1
0.018	1
0.02	1
0.02	1
0.02	1
0.021	1
0.022	1
0.023	1
0.024	1
0.025	1
0.025	1
0.026	1
0.027	1
0.029	1
0.03	1
0.032	1
0.032	1
0.043	1
0.051	1
0.055	1
0.087	1
0.089	1
0.089	1
0.101	1
0.112	1
0.113	1
0.113	1
0.115	1
0.118	1
0.124	1
0.133	1
0.136	1
0.144	1
0.15	1
0.161	1
0.163	1
0.163	1
0.165	1
0.169	1
0.174	1
0.175	1
0.178	1
0.179	1
0.182	1
0.182	1
0.184	1
0.185	1
0.186	1
0.187	1
0.187	1
0.196	1
0.196	1
0.198	1
0.2	1
0.203	1
0.203	1
0.203	1
0.203	1
0.211	1
0.211	1
0.213	1
0.214	1
0.214	1
0.219	1
0.222	2
0.222	2
0.225	2
0.226	2
0.227	2
0.233	2
0.235	2
0.239	2
0.239	2
0.24	2
0.243	2
0.244	2
0.244	2
0.247	2
0.249	2
0.255	2
0.257	2
0.259	2
0.264	2
0.27	2
0.273	2
0.273	2
0.273	2
0.275	2
0.278	2
0.281	2
0.284	2
0.284	2
0.288	2
0.288	2
0.289	2
0.29	2
0.297	2
0.303	2
0.303	2
0.304	2
0.305	2
0.309	2
0.31	2
0.311	3
0.319	3
0.321	3
0.321	3
0.324	3
0.325	3
0.33	3
0.332	3
0.334	3
0.335	3
0.336	3
0.336	3
0.341	3
0.35	3
0.352	3
0.352	3
0.356	3
0.358	3
0.369	4
0.373	4
0.373	4
0.38	4
0.381	4
0.382	4
0.384	4
0.386	4
0.387	4
0.388	4
0.393	4
0.394	4
0.395	4
0.404	4
0.412	4
0.412	4
0.414	4
0.415	4
0.422	4
0.423	4
0.435	4
0.443	4
0.446	4
0.447	4
0.447	4
0.449	4
0.449	4
0.455	4
0.456	4
0.457	4
0.459	4
0.461	4
0.463	4
0.468	4
0.469	4
0.472	4
0.473	4
0.474	4
0.475	4
0.498	4
0.501	4
0.508	4
0.515	4
0.521	4
0.523	4
0.531	4
0.532	4
0.538	4
0.538	4
0.538	4
0.544	4
0.55	4
0.556	4
0.558	4
0.559	4
0.564	4
0.565	4
0.568	4
0.569	4
0.572	4
0.572	4
0.59	4
0.596	4
0.599	4
0.599	4
0.601	4
0.603	4
0.603	4
0.603	4
0.606	4
0.611	4
0.628	4
0.631	4
0.636	4
0.644	4
0.644	4
0.648	4
0.649	4
0.649	4
0.652	4
0.663	4
0.673	4
0.676	4
0.679	4
0.684	4
0.685	4
0.705	4
0.706	4
0.707	4
0.709	4
0.712	4
0.722	4
0.725	4
0.728	4
0.73	4
0.731	4
0.744	4
0.744	4
0.745	4
0.749	4
0.749	4
0.751	4
0.758	4
0.77	4
0.771	4
0.771	4
0.772	4
0.775	4
0.777	4
0.784	4
0.784	4
0.789	4
0.795	4
0.798	4
0.799	4
0.8	4
0.804	4
0.806	4
0.806	4
0.807	4
0.809	4
0.809	4
0.81	4
0.822	4
0.822	4
0.823	4
0.829	4
0.844	4
0.845	4
0.849	4
0.853	4
0.857	4
0.858	4
0.859	4
0.86	4
0.86	4
0.865	4
0.872	4
0.88	4
0.881	4
0.899	4
0.902	4
0.91	4
0.912	4
0.92	4
0.92	4
0.92	4
0.921	4
0.921	4
0.925	4
0.927	4
0.945	4
0.948	4
0.949	4
0.951	4
0.952	4
0.958	4
0.958	4
0.966	4
0.968	4
0.968	4
0.973	4
0.984	4
0.992	5
0.996	5
0.996	5
0.996	5
0.998	5
1.005	5
1.005	5
1.007	5
1.008	5
1.011	5
1.012	5
1.016	5
1.019	5
1.025	5
1.026	5
1.044	5
1.071	5
1.075	5
1.087	5
1.087	5
1.102	5
1.106	5
1.129	5
1.137	5
1.153	6
1.163	6
1.169	6
1.191	6
1.192	6
1.193	6
1.206	6
1.213	6
1.238	7
1.244	7
1.257	7
1.279	7
1.281	7
1.292	7
1.305	7
1.309	7
1.31	7
1.338	7
1.409	7
1.41	7
1.539	7
1.581	7
1.628	7
1.646	7
1.651	7
1.651	7
1.74	7
1.803	7
1.841	7
1.875	7
1.899	7
2.018	7
2.033	7
2.047	7
2.124	7
2.166	7
2.224	7
2.313	7
2.345	7
2.439	7
2.456	7
2.482	7
2.701	7
2.766	7
2.789	7
2.813	7
2.817	7
2.895	7
2.923	7
2.938	7
3.05	7
3.053	7
3.083	7
3.097	7
3.153	7
3.227	7
3.262	7
3.329	7
3.38	7
3.393	7
3.414	7
3.476	7
3.481	7
3.505	7
3.55	7
3.588	7
3.599	7
3.653	7
3.79	7
3.866	7
3.923	7
4.002	7
4.064	7
4.08	7
4.166	7
4.176	7
4.192	7
4.212	7
4.215	7
4.281	7
4.306	7
4.338	7
4.356	7
4.45	7
4.486	7
4.529	7
4.598	7
4.627	7
4.749	7
4.937	7
4.944	7
4.983	7
5.053	6
5.081	6
5.088	6
5.096	6
5.161	6
5.179	6
5.249	6
5.262	6
5.372	6
5.413	6
5.463	6
5.47	6
5.496	5
5.59	5
5.592	5
5.621	5
5.633	5
5.681	5
5.713	5
5.728	4
5.809	4
5.859	4
5.86	4
5.942	4
6.024	4
6.044	4
6.126	4
6.228	4
6.318	4
6.487	4
6.492	4
6.587	4
6.682	4
6.703	4
6.816	4
6.852	4
6.886	4
6.917	4
6.991	4
7.108	4
7.162	4
7.164	4
7.19	4
7.2	4
7.226	4
7.232	4
7.346	4
7.365	4
7.496	4
7.506	4
7.537	4
7.597	4
7.617	4
7.641	4
7.652	4
7.982	4
8.01	4
8.043	4
8.085	4
8.095	4
8.118	4
8.151	4
8.183	4
8.429	4
8.582	4
8.6	4
8.633	4
8.732	4
8.832	4
8.975	4
9.013	4
9.074	4
9.209	4
9.39	4
9.477	4
9.508	4
9.514	4
9.519	4
9.7	4
9.901	4
9.944	4
9.959	4
10.033	4
10.128	4
10.258	4
10.312	4
10.317	4
10.355	4
10.356	4
10.382	4
10.434	4
10.526	4
10.604	4
10.613	4
10.797	4
10.845	4
11.18	4
11.274	4
11.549	4
11.84	4
11.942	4
12.343	4
12.439	3
12.526	3
12.595	3
12.982	3
13.071	3
13.094	3
13.098	3
13.346	3
13.572	3
13.637	3
13.787	3
14.276	3
15.166	3
15.199	3
15.333	3
15.394	3
15.483	3
15.484	3
15.517	3
15.617	3
15.647	3
15.757	3
15.846	3
16.173	3
16.187	3
16.335	3
16.401	3
16.593	3
17.027	3
17.173	3
17.205	3
17.216	3
17.373	3
17.462	3
17.524	3
17.558	3
17.599	3
18.328	3
18.347	3
18.505	3
18.733	3
18.833	3
18.961	3
19.04	3
20.632	3
22.378	3
23.352	3
23.865	3
24.366	3
25.795	3
25.831	3
25.971	3
26.577	3
0.0	1
0.001	1
0.001	1
0.001	1
0.001	1
0.003	1
0.003	1
0.004	1
0.004	1
0.005	1
0.005	1
0.006	1
0.007	1
0.007	1
0.008	1
0.009	1
0.011	1
0.011	1
0.012	1
0.012	1
0.012	1
0.012	1
0.012	1
0.014	1
0.016	1
0.016	1
0.017	1
0.019	1
0.019	1
0.019	1
0.02	1
0.021	1
0.022	1
0.023	1
0.024	1
0.024	1
0.025	1
0.026	1
0.028	1
0.029	1
0.031	1
0.031	1
0.042	1
0.05	1
0.054	1
0.086	1
0.088	1
0.088	1
0.1	1
0.111	1
0.112	1
0.112	1
0.114	1
0.117	1
0.123	1
0.132	1
0.135	1
0.143	1
0.149	1
0.16	1
0.162	1
0.162	1
0.164	1
0.168	1
0.173	1
0.174	1
0.177	1
0.178	1
0.181	1
0.181	1
0.183	1
0.184	1
0.185	1
0.186	1
0.186	1
0.195	1
0.195	1
0.197	1
0.199	1
0.202	1
0.202	1
0.202	1
0.202	1
0.21	1
0.21	1
0.212	1
0.213	1
0.213	1
0.218	1
0.221	1
0.221	1
0.224	1
0.225	1
0.226	1
0.232	1
0.234	1
0.238	1
0.238	1
0.239	1
0.242	1
0.243	1
0.243	1
0.246	1
0.248	1
0.254	1
0.256	1
0.258	1
0.263	1
0.269	1
0.272	1
0.272	1
0.272	1
0.274	1
0.277	1
0.28	1
0.283	1
0.283	1
0.287	1
0.287	1
0.288	1
0.289	1
0.296	1
0.302	1
0.302	1
0.303	1
0.304	1
0.308	1
0.309	1
0.31	1
0.318	1
0.32	1
0.32	1
0.323	1
0.324	1
0.329	1
0.331	1
0.333	1
0.334	1
0.335	1
0.335	1
0.34	1
0.349	1
0.351	1
0.351	1
0.355	1
0.357	1
0.368	1
0.372	1
0.372	1
0.379	1
0.38	1
0.381	1
0.383	1
0.385	1
0.386	1
0.387	1
0.392	1
0.393	1
0.394	1
0.403	1
0.411	1
0.411	1
0.413	1
0.414	1
0.421	1
0.422	1
0.434	1
0.442	1
0.445	1
0.446	1
0.446	1
0.448	1
0.448	1
0.454	1
0.455	1
0.456	1
0.458	1
0.46	1
0.462	1
0.467	1
0.468	1
0.471	1
0.472	1
0.473	1
0.474	1
0.497	1
0.5	1
0.507	1
0.514	1
0.52	1
0.522	1
0.53	1
0.531	1
0.537	1
0.537	1
0.537	1
0.543	1
0.549	1
0.555	1
0.557	1
0.558	1
0.563	1
0.564	1
0.567	1
0.568	1
0.571	1
0.571	1
0.589	1
0.595	1
0.598	1
0.598	1
0.6	1
0.602	1
0.602	1
0.602	1
0.605	1
0.61	1
0.627	1
0.63	1
0.635	1
0.643	1
0.643	1
0.647	1
0.648	1
0.648	1
0.651	1
0.662	1
0.672	1
0.675	1
0.678	1
0.683	1
0.684	1
0.704	1
0.705	1
0.706	1
0.708	1
0.711	1
0.721	1
0.724	1
0.727	1
0.729	1
0.73	1
0.743	1
0.743	1
0.744	1
0.748	1
0.748	1
0.75	1
0.757	1
0.769	1
0.77	1
0.77	1
0.771	1
0.774	1
0.776	1
0.783	1
0.783	1
0.788	1
0.794	1
0.797	1
0.798	1
0.799	1
0.803	1
0.805	1
0.805	1
0.806	1
0.808	1
0.808	1
0.809	1
0.821	1
0.821	1
0.822	1
0.828	1
0.843	1
0.844	1
0.848	1
0.852	1
0.856	1
0.857	1
0.858	1
0.859	1
0.859	1
0.864	1
0.871	1
0.879	1
0.88	1
0.898	1
0.901	1
0.909	1
0.911	1
0.919	1
0.919	1
0.919	1
0.92	1
0.92	1
0.924	1
0.926	1
0.944	1
0.947	1
0.948	1
0.95	1
0.951	1
0.957	1
0.957	1
0.965	1
0.967	1
0.967	2
0.972	2
0.983	2
0.991	2
0.995	2
0.995	2
0.995	2
0.997	2
1.004	2
1.004	2
1.006	2
1.007	2
1.01	2
1.011	2
1.015	2
1.018	2
1.024	2
1.025	2
1.043	2
1.07	2
1.074	2
1.086	2
1.086	2
1.101	2
1.105	2
1.128	2
1.136	2
1.152	2
1.162	2
1.168	2
1.19	2
1.191	2
1.192	2
1.205	2
1.212	2
1.237	2
1.243	2
1.256	2
1.278	2
1.28	2
1.291	2
1.304	2
1.308	2
1.309	2
1.337	2
1.408	2
1.409	2
1.538	2
1.58	3
1.627	3
1.645	3
1.65	3
1.65	3
1.739	3
1.802	3
1.84	3
1.874	3
1.898	3
2.017	4
2.032	4
2.046	4
2.123	4
2.165	4
2.223	4
2.312	4
2.344	4
2.438	4
2.455	4
2.481	4
2.7	4
2.765	4
2.788	4
2.812	4
2.816	4
2.894	4
2.922	4
2.937	4
3.049	4
3.052	4
3.082	4
3.096	4
3.152	4
3.226	4
3.261	4
3.328	4
3.379	4
3.392	4
3.413	4
3.475	4
3.48	4
3.504	4
3.549	4
3.587	4
3.598	4
3.652	4
3.789	4
3.865	4
3.922	4
4.001	4
4.063	4
4.079	4
4.165	4
4.175	4
4.191	4
4.211	4
4.214	4
4.28	4
4.305	4
4.337	4
4.355	4
4.449	4
4.485	4
4.528	4
4.597	4
4.626	4
4.748	4
4.936	4
4.943	4
4.982	4
5.052	4
5.08	4
5.087	4
5.095	4
5.16	4
5.178	4
5.248	4
5.261	4
5.371	3
5.412	3
5.462	3
5.469	3
5.495	3
5.589	3
5.591	3
5.62	3
5.632	3
5.68	3
5.712	3
5.727	3
5.808	3
5.858	2
5.859	2
5.941	2
6.023	2
6.043	2
6.125	2
6.227	2
6.317	2
6.486	2
6.491	2
6.586	2
6.681	2
6.702	3
6.815	4
6.851	4
6.885	4
6.916	4
6.99	4
7.107	4
7.161	4
7.163	4
7.189	4
7.199	4
7.225	4
7.231	4
7.345	4
7.364	4
7.495	4
7.505	4
7.536	4
7.596	4
7.616	4
7.64	4
7.651	4
7.981	4
8.009	4
8.042	4
8.084	4
8.094	4
8.117	4
8.15	4
8.182	4
8.428	4
8.581	4
8.599	4
8.632	4
8.731	4
8.831	4
8.974	4
9.012	4
9.073	4
9.208	4
9.389	4
9.476	4
9.507	4
9.513	4
9.518	4
9.699	4
9.9	4
9.943	4
9.958	4
10.032	4
10.127	4
10.257	4
10.311	4
10.316	4
10.354	4
10.355	4
10.381	4
10.433	4
10.525	4
10.603	4
10.612	4
10.796	4
10.844	4
11.179	3
11.273	3
11.548	3
11.839	3
11.941	3
12.342	3
12.438	3
12.525	3
12.594	3
12.981	3
13.07	3
13.093	3
13.097	3
13.345	3
13.571	3
13.636	3
13.786	3
14.275	3
15.165	3
15.198	3
15.332	3
15.393	3
15.482	3
15.483	3
15.516	3
15.616	3
15.646	3
15.756	3
15.845	3
16.172	3
16.186	3
16.334	3
16.4	3
16.592	3
17.026	3
17.172	3
17.204	3
17.215	3
17.372	3
17.461	3
17.523	3
17.557	3
17.598	3
18.327	3
18.346	3
18.504	3
18.732	3
18.832	3
18.96	3
19.039	3
20.631	3
22.377	3
23.351	3
23.864	3
24.365	3
25.794	3
25.83	3
25.97	3
26.576	3
0.0	1
0.0	1
0.0	1
0.002	1
0.002	1
0.003	1
0.003	1
0.004	1
0.004	1
0.005	1
0.006	1
0.006	1
0.007	1
0.008	1
0.01	1
0.01	1
0.011	1
0.011	1
0.011	1
0.011	1
0.011	1
0.013	1
0.015	1
0.015	1
0.016	1
0.018	1
0.018	1
0.018	1
0.019	1
0.02	1
0.021	1
0.022	1
0.023	1
0.023	1
0.024	1
0.025	1
0.027	1
0.028	1
0.03	1
0.03	1
0.041	2
0.049	2
0.053	2
0.085	2
0.087	2
0.087	2
0.099	2
0.11	2
0.111	2
0.111	2
0.113	2
0.116	2
0.122	2
0.131	2
0.134	2
0.142	2
0.148	2
0.159	2
0.161	2
0.161	2
0.163	2
0.167	2
0.172	2
0.173	2
0.176	2
0.177	2
0.18	2
0.18	2
0.182	2
0.183	2
0.184	2
0.185	2
0.185	2
0.194	2
0.194	2
0.196	2
0.198	2
0.201	2
0.201	2
0.201	2
0.201	2
0.209	2
0.209	3
0.211	3
0.212	3
0.212	3
0.217	3
0.22	3
0.22	3
0.223	3
0.224	3
0.225	3
0.231	3
0.233	3
0.237	3
0.237	3
0.238	3
0.241	3
0.242	3
0.242	3
0.245	3
0.247	3
0.253	3
0.255	3
0.257	4
0.262	4
0.268	4
0.271	4
0.271	4
0.271	4
0.273	4
0.276	4
0.279	4
0.282	4
0.282	4
0.286	4
0.286	4
0.287	4
0.288	4
0.295	4
0.301	4
0.301	4
0.302	4
0.303	4
0.307	4
0.308	4
0.309	4
0.317	4
0.319	4
0.319	4
0.322	4
0.323	4
0.328	4
0.33	4
0.332	4
0.333	4
0.334	4
0.334	4
0.339	4
0.348	4
0.35	4
0.35	4
0.354	4
0.356	4
0.367	4
0.371	4
0.371	4
0.378	4
0.379	4
0.38	4
0.382	4
0.384	4
0.385	4
0.386	4
0.391	4
0.392	4
0.393	4
0.402	4
0.41	4
0.41	4
0.412	4
0.413	4
0.42	4
0.421	4
0.433	4
0.441	4
0.444	4
0.445	4
0.445	4
0.447	4
0.447	4
0.453	4
0.454	4
0.455	4
0.457	5
0.459	5
0.461	5
0.466	5
0.467	5
0.47	5
0.471	5
0.472	5
0.473	5
0.496	5
0.499	5
0.506	5
0.513	5
0.519	5
0.521	5
0.529	5
0.53	5
0.536	5
0.536	5
0.536	5
0.542	5
0.548	5
0.554	5
0.556	5
0.557	5
0.562	5
0.563	5
0.566	5
0.567	5
0.57	5
0.57	5
0.588	5
0.594	5
0.597	5
0.597	5
0.599	5
0.601	5
0.601	5
0.601	5
0.604	5
0.609	5
0.626	5
0.629	5
0.634	5
0.642	5
0.642	5
0.646	5
0.647	5
0.647	5
0.65	5
0.661	5
0.671	5
0.674	5
0.677	5
0.682	5
0.683	5
0.703	5
0.704	5
0.705	5
0.707	5
0.71	5
0.72	5
0.723	5
0.726	5
0.728	5
0.729	5
0.742	5
0.742	5
0.743	5
0.747	5
0.747	5
0.749	5
0.756	5
0.768	5
0.769	5
0.769	5
0.77	5
0.773	5
0.775	5
0.782	5
0.782	5
0.787	5
0.793	5
0.796	5
0.797	5
0.798	5
0.802	5
0.804	5
0.804	5
0.805	5
0.807	5
0.807	5
0.808	5
0.82	5
0.82	5
0.821	5
0.827	5
0.842	5
0.843	5
0.847	5
0.851	5
0.855	5
0.856	5
0.857	5
0.858	5
0.858	5
0.863	5
0.87	5
0.878	5
0.879	5
0.897	5
0.9	5
0.908	5
0.91	5
0.918	5
0.918	5
0.918	5
0.919	5
0.919	5
0.923	5
0.925	5
0.943	5
0.946	5
0.947	5
0.949	5
0.95	5
0.956	5
0.956	5
0.964	5
0.966	5
0.966	5
0.971	5
0.982	5
0.99	5
0.994	5
0.994	5
0.994	5
0.996	5
1.003	5
1.003	5
1.005	5
1.006	5
1.009	5
1.01	6
1.014	6
1.017	6
1.023	6
1.024	6
1.042	6
1.069	6
1.073	6
1.085	6
1.085	6
1.1	6
1.104	6
1.127	6
1.135	6
1.151	6
1.161	6
1.167	6
1.189	6
1.19	6
1.191	6
1.204	6
1.211	6
1.236	6
1.242	6
1.255	6
1.277	6
1.279	6
1.29	6
1.303	6
1.307	6
1.308	6
1.336	6
1.407	6
1.408	6
1.537	6
1.579	6
1.626	6
1.644	6
1.649	6
1.649	6
1.738	6
1.801	6
1.839	6
1.873	6
1.897	6
2.016	6
2.031	6
2.045	6
2.122	6
2.164	6
2.222	6
2.311	6
2.343	6
2.437	6
2.454	6
2.48	6
2.699	6
2.764	6
2.787	6
2.811	6
2.815	6
2.893	6
2.921	6
2.936	6
3.048	6
3.051	6
3.081	6
3.095	6
3.151	6
3.225	6
3.26	6
3.327	6
3.378	6
3.391	6
3.412	6
3.474	6
3.479	6
3.503	6
3.548	6
3.586	6
3.597	6
3.651	6
3.788	6
3.864	6
3.921	6
4.0	5
4.062	5
4.078	5
4.164	5
4.174	5
4.19	5
4.21	5
4.213	5
4.279	5
4.304	5
4.336	5
4.354	5
4.448	5
4.484	5
4.527	5
4.596	5
4.625	5
4.747	5
4.935	5
4.942	5
4.981	5
5.051	5
5.079	5
5.086	5
5.094	5
5.159	5
5.177	5
5.247	5
5.26	5
5.37	5
5.411	5
5.461	5
5.468	5
5.494	5
5.588	5
5.59	5
5.619	5
5.631	5
5.679	5
5.711	4
5.726	4
5.807	4
5.857	4
5.858	4
5.94	4
6.022	4
6.042	4
6.124	4
6.226	4
6.316	4
6.485	4
6.49	4
6.585	4
6.68	4
6.701	4
6.814	4
6.85	4
6.884	4
6.915	4
6.989	4
7.106	4
7.16	4
7.162	4
7.188	4
7.198	4
7.224	4
7.23	4
7.344	4
7.363	4
7.494	4
7.504	4
7.535	4
7.595	4
7.615	4
7.639	4
7.65	4
7.98	4
8.008	4
8.041	4
8.083	4
8.093	4
8.116	4
8.149	4
8.181	4
8.427	4
8.58	4
8.598	4
8.631	4
8.73	4
8.83	4
8.973	4
9.011	4
9.072	4
9.207	4
9.388	4
9.475	4
9.506	3
9.512	3
9.517	3
9.698	3
9.899	3
9.942	3
9.957	3
10.031	3
10.126	3
10.256	3
10.31	3
10.315	3
10.353	3
10.354	3
10.38	3
10.432	3
10.524	3
10.602	3
10.611	3
10.795	3
10.843	3
11.178	3
11.272	3
11.547	3
11.838	3
11.94	3
12.341	3
12.437	3
12.524	3
12.593	3
12.98	3
13.069	3
13.092	3
13.096	3
13.344	3
13.57	3
13.635	3
13.785	3
14.274	3
15.164	3
15.197	3
15.331	3
15.392	3
15.481	3
15.482	3
15.515	3
15.615	3
15.645	3
15.755	3
15.844	3
16.171	3
16.185	3
16.333	3
16.399	3
16.591	3
17.025	3
17.171	3
17.203	3
17.214	3
17.371	3
17.46	3
17.522	3
17.556	3
17.597	3
18.326	3
18.345	3
18.503	3
18.731	3
18.831	3
18.959	3
19.038	3
20.63	3
22.376	3
23.35	3
23.863	3
24.364	3
25.793	3
25.829	3
25.969	3
26.575	3
0.0	1
0.0	1
0.002	1
0.002	1
0.003	1
0.003	1
0.004	1
0.004	1
0.005	1
0.006	1
0.006	1
0.007	1
0.008	1
0.01	1
0.01	1
0.011	1
0.011	1
0.011	1
0.011	1
0.011	1
0.013	1
0.015	1
0.015	1
0.016	1
0.018	1
0.018	1
0.018	1
0.019	1
0.02	1
0.021	1
0.022	1
0.023	1
0.023	1
0.024	1
0.025	1
0.027	1
0.028	1
0.03	1
0.03	1
0.041	1
0.049	1
0.053	1
0.085	1
0.087	1
0.087	1
0.099	1
0.11	1
0.111	1
0.111	1
0.113	1
0.116	1
0.122	1
0.131	1
0.134	1
0.142	1
0.148	1
0.159	1
0.161	1
0.161	1
0.163	1
0.167	1
0.172	1
0.173	1
0.176	1
0.177	1
0.18	1
0.18	1
0.182	1
0.183	1
0.184	1
0.185	1
0.185	1
0.194	1
0.194	1
0.196	1
0.198	1
0.201	1
0.201	1
0.201	1
0.201	1
0.209	1
0.209	1
0.211	1
0.212	1
0.212	1
0.217	1
0.22	1
0.22	1
0.223	1
0.224	1
0.225	1
0.231	1
0.233	1
0.237	1
0.237	1
0.238	1
0.241	1
0.242	1
0.242	1
0.245	1
0.247	1
0.253	1
0.255	1
0.257	1
0.262	1
0.268	1
0.271	1
0.271	1
0.271	1
0.273	1
0.276	1
0.279	1
0.282	1
0.282	1
0.286	1
0.286	1
0.287	1
0.288	1
0.295	1
0.301	1
0.301	1
0.302	1
0.303	1
0.307	1
0.308	1
0.309	1
0.317	2
0.319	2
0.319	2
0.322	2
0.323	2
0.328	2
0.33	2
0.332	2
0.333	2
0.334	2
0.334	2
0.339	2
0.348	2
0.35	2
0.35	2
0.354	2
0.356	2
0.367	2
0.371	2
0.371	2
0.378	2
0.379	2
0.38	2
0.382	2
0.384	2
0.385	2
0.386	2
0.391	2
0.392	3
0.393	4
0.402	4
0.41	4
0.41	4
0.412	4
0.413	4
0.42	4
0.421	4
0.433	4
0.441	4
0.444	4
0.445	4
0.445	4
0.447	4
0.447	4
0.453	4
0.454	4
0.455	4
0.457	4
0.459	4
0.461	4
0.466	4
0.467	4
0.47	4
0.471	4
0.472	4
0.473	4
0.496	4
0.499	4
0.506	4
0.513	4
0.519	4
0.521	4
0.529	4
0.53	4
0.536	4
0.536	4
0.536	4
0.542	4
0.548	4
0.554	4
0.556	4
0.557	4
0.562	4
0.563	4
0.566	4
0.567	4
0.57	4
0.57	4
0.588	4
0.594	4
0.597	4
0.597	4
0.599	4
0.601	4
0.601	4
0.601	4
0.604	4
0.609	4
0.626	4
0.629	4
0.634	4
0.642	4
0.642	4
0.646	4
0.647	4
0.647	4
0.65	4
0.661	4
0.671	4
0.674	4
0.677	4
0.682	4
0.683	4
0.703	4
0.704	4
0.705	4
0.707	4
0.71	4
0.72	4
0.723	4
0.726	4
0.728	4
0.729	4
0.742	4
0.742	4
0.743	4
0.747	4
0.747	4
0.749	4
0.756	4
0.768	4
0.769	4
0.769	4
0.77	4
0.773	4
0.775	4
0.782	4
0.782	4
0.787	4
0.793	4
0.796	4
0.797	4
0.798	4
0.802	4
0.804	4
0.804	4
0.805	4
0.807	4
0.807	4
0.808	4
0.82	4
0.82	4
0.821	4
0.827	4
0.842	4
0.843	4
0.847	4
0.851	4
0.855	4
0.856	4
0.857	4
0.858	4
0.858	4
0.863	4
0.87	4
0.878	4
0.879	4
0.897	4
0.9	4
0.908	4
0.91	4
0.918	4
0.918	4
0.918	4
0.919	4
0.919	4
0.923	4
0.925	4
0.943	4
0.946	4
0.947	4
0.949	4
0.95	4
0.956	4
0.956	4
0.964	4
0.966	4
0.966	4
0.971	4
0.982	4
0.99	4
0.994	4
0.994	4
0.994	4
0.996	4
1.003	4
1.003	4
1.005	4
1.006	4
1.009	4
1.01	4
1.014	4
1.017	4
1.023	4
1.024	4
1.042	4
1.069	4
1.073	4
1.085	4
1.085	4
1.1	4
1.104	4
1.127	4
1.135	4
1.151	4
1.161	4
1.167	4
1.189	4
1.19	4
1.191	4
1.204	4
1.211	4
1.236	4
1.242	4
1.255	4
1.277	4
1.279	4
1.29	4
1.303	4
1.307	4
1.308	4
1.336	4
1.407	4
1.408	4
1.537	4
1.579	4
1.626	4
1.644	4
1.649	4
1.649	4
1.738	4
1.801	4
1.839	4
1.873	4
1.897	4
2.016	4
2.031	4
2.045	4
2.122	4
2.164	4
2.222	4
2.311	4
2.343	4
2.437	4
2.454	4
2.48	4
2.699	4
2.764	4
2.787	4
2.811	4
2.815	4
2.893	4
2.921	4
2.936	4
3.048	4
3.051	4
3.081	4
3.095	4
3.151	4
3.225	4
3.26	4
3.327	4
3.378	4
3.391	4
3.412	4
3.474	4
3.479	4
3.503	4
3.548	4
3.586	4
3.597	4
3.651	4
3.788	4
3.864	4
3.921	4
4.0	4
4.062	4
4.078	4
4.164	4
4.174	4
4.19	3
4.21	3
4.213	3
4.279	3
4.304	3
4.336	3
4.354	3
4.448	3
4.484	3
4.527	3
4.596	3
4.625	3
4.747	3
4.935	3
4.942	3
4.981	3
5.051	3
5.079	3
5.086	3
5.094	3
5.159	3
5.177	3
5.247	3
5.26	3
5.37	3
5.411	3
5.461	3
5.468	3
5.494	3
5.588	3
5.59	3
5.619	3
5.631	3
5.679	3
5.711	3
5.726	3
5.807	3
5.857	3
5.858	3
5.94	3
6.022	3
6.042	3
6.124	3
6.226	3
6.316	3
6.485	3
6.49	3
6.585	3
6.68	3
6.701	3
6.814	3
6.85	3
6.884	3
6.915	3
6.989	3
7.106	3
7.16	3
7.162	3
7.188	3
7.198	3
7.224	3
7.23	3
7.344	3
7.363	3
7.494	3
7.504	3
7.535	3
7.595	3
7.615	3
7.639	3
7.65	3
7.98	3
8.008	3
8.041	3
8.083	3
8.093	3
8.116	3
8.149	3
8.181	3
8.427	3
8.58	3
8.598	3
8.631	3
8.73	3
8.83	3
8.973	3
9.011	3
9.072	3
9.207	3
9.388	3
9.475	3
9.506	3
9.512	3
9.517	3
9.698	3
9.899	3
9.942	3
9.957	3
10.031	3
10.126	3
10.256	3
10.31	3
10.315	3
10.353	3
10.354	3
10.38	3
10.432	3
10.524	3
10.602	3
10.611	3
10.795	3
10.843	3
11.178	3
11.272	3
11.547	3
11.838	3
11.94	3
12.341	3
12.437	3
12.524	3
12.593	3
12.98	3
13.069	3
13.092	3
13.096	3
13.344	3
13.57	3
13.635	3
13.785	3
14.274	3
15.164	3
15.197	3
15.331	3
15.392	3
15.481	3
15.482	3
15.515	3
15.615	3
15.645	3
15.755	3
15.844	3
16.171	3
16.185	3
16.333	3
16.399	3
16.591	3
17.025	3
17.171	3
17.203	3
17.214	3
17.371	3
17.46	3
17.522	3
17.556	3
17.597	3
18.326	3
18.345	3
18.503	3
18.731	3
18.831	3
18.959	3
19.038	3
20.63	3
22.376	3
23.35	3
23.863	3
24.364	3
25.793	3
25.829	3
25.969	3
26.575	3
0.0	1
0.002	1
0.002	1
0.003	1
0.003	1
0.004	1
0.004	1
0.005	1
0.006	1
0.006	1
0.007	1
0.008	1
0.01	1
0.01	1
0.011	1
0.011	1
0.011	1
0.011	1
0.011	1
0.013	1
0.015	1
0.015	1
0.016	1
0.018	1
0.018	1
0.018	1
0.019	1
0.02	1
0.021	1
0.022	1
0.023	1
0.023	1
0.024	1
0.025	1
0.027	1
0.028	1
0.03	1
0.03	1
0.041	1
0.049	1
0.053	1
0.085	1
0.087	1
0.087	1
0.099	1
0.11	1
0.111	1
0.111	1
0.113	1
0.116	1
0.122	1
0.131	1
0.134	1
0.142	1
0.148	1
0.159	1
0.161	1
0.161	1
0.163	1
0.167	1
0.172	1
0.173	1
0.176	1
0.177	1
0.18	1
0.18	1
0.182	1
0.183	1
0.184	1
0.185	1
0.185	1
0.194	1
0.194	1
0.196	1
0.198	1
0.201	1
0.201	1
0.201	1
0.201	1
0.209	1
0.209	1
0.211	1
0.212	1
0.212	1
0.217	1
0.22	1
0.22	1
0.223	1
0.224	1
0.225	1
0.231	1
0.233	1
0.237	1
0.237	1
0.238	1
0.241	1
0.242	1
0.242	1
0.245	1
0.247	1
0.253	1
0.255	1
0.257	1
0.262	1
0.268	1
0.271	1
0.271	1
0.271	1
0.273	1
0.276	1
0.279	1
0.282	1
0.282	1
0.286	1
0.286	1
0.287	1
0.288	1
0.295	1
0.301	1
0.301	1
0.302	1
0.303	1
0.307	1
0.308	1
0.309	1
0.317	1
0.319	2
0.319	2
0.322	2
0.323	2
0.328	2
0.33	2
0.332	2
0.333	2
0.334	2
0.334	2
0.339	2
0.348	2
0.35	2
0.35	2
0.354	2
0.356	2
0.367	2
0.371	2
0.371	2
0.378	2
0.379	2
0.38	2
0.382	2
0.384	2
0.385	2
0.386	2
0.391	2
0.392	2
0.393	2
0.402	2
0.41	2
0.41	2
0.412	2
0.413	2
0.42	2
0.421	2
0.433	2
0.441	2
0.444	2
0.445	2
0.445	2
0.447	2
0.447	2
0.453	2
0.454	2
0.455	2
0.457	2
0.459	2
0.461	2
0.466	2
0.467	2
0.47	2
0.471	2
0.472	2
0.473	2
0.496	2
0.499	2
0.506	2
0.513	2
0.519	2
0.521	2
0.529	2
0.53	3
0.536	3
0.536	3
0.536	3
0.542	4
0.548	4
0.554	4
0.556	4
0.557	4
0.562	4
0.563	4
0.566	4
0.567	4
0.57	4
0.57	4
0.588	4
0.594	4
0.597	4
0.597	4
0.599	4
0.601	4
0.601	4
0.601	4
0.604	4
0.609	4
0.626	4
0.629	4
0.634	4
0.642	4
0.642	4
0.646	4
0.647	4
0.647	4
0.65	4
0.661	4
0.671	4
0.674	4
0.677	4
0.682	4
0.683	4
0.703	4
0.704	4
0.705	4
0.707	4
0.71	4
0.72	4
0.723	4
0.726	4
0.728	4
0.729	4
0.742	4
0.742	4
0.743	4
0.747	4
0.747	4
0.749	4
0.756	4
0.768	4
0.769	4
0.769	4
0.77	4
0.773	4
0.775	4
0.782	4
0.782	4
0.787	4
0.793	4
0.796	4
0.797	4
0.798	4
0.802	4
0.804	4
0.804	4
0.805	4
0.807	4
0.807	4
0.808	4
0.82	4
0.82	4
0.821	4
0.827	4
0.842	4
0.843	4
0.847	4
0.851	4
0.855	4
0.856	4
0.857	4
0.858	4
0.858	4
0.863	4
0.87	4
0.878	4
0.879	4
0.897	4
0.9	4
0.908	4
0.91	4
0.918	4
0.918	4
0.918	4
0.919	4
0.919	4
0.923	4
0.925	4
0.943	4
0.946	4
0.947	4
0.949	4
0.95	4
0.956	4
0.956	4
0.964	4
0.966	4
0.966	4
0.971	4
0.982	4
0.99	4
0.994	4
0.994	4
0.994	4
0.996	4
1.003	4
1.003	4
1.005	4
1.006	4
1.009	4
1.01	4
1.014	4
1.017	4
1.023	4
1.024	4
1.042	4
1.069	4
1.073	4
1.085	4
1.085	4
1.1	4
1.104	4
1.127	4
1.135	4
1.151	4
1.161	4
1.167	4
1.189	4
1.19	4
1.191	4
1.204	4
1.211	4
1.236	4
1.242	4
1.255	4
1.277	4
1.279	4
1.29	4
1.303	4
1.307	4
1.308	4
1.336	4
1.407	4
1.408	4
1.537	4
1.579	4
1.626	4
1.644	4
1.649	4
1.649	4
1.738	4
1.801	4
1.839	4
1.873	4
1.897	4
2.016	4
2.031	4
2.045	4
2.122	4
2.164	4
2.222	4
2.311	4
2.343	4
2.437	4
2.454	4
2.48	4
2.699	4
2.764	4
2.787	4
2.811	4
2.815	4
2.893	4
2.921	4
2.936	4
3.048	4
3.051	4
3.081	4
3.095	4
3.151	4
3.225	4
3.26	4
3.327	4
3.378	4
3.391	4
3.412	4
3.474	4
3.479	4
3.503	4
3.548	4
3.586	4
3.597	4
3.651	4
3.788	4
3.864	4
3.921	4
4.0	4
4.062	4
4.078	4
4.164	4
4.174	4
4.19	4
4.21	4
4.213	4
4.279	4
4.304	4
4.336	4
4.354	4
4.448	4
4.484	4
4.527	4
4.596	4
4.625	4
4.747	4
4.935	4
4.942	4
4.981	4
5.051	4
5.079	4
5.086	3
5.094	3
5.159	3
5.177	3
5.247	3
5.26	3
5.37	3
5.411	3
5.461	3
5.468	3
5.494	3
5.588	3
5.59	3
5.619	3
5.631	3
5.679	3
5.711	3
5.726	3
5.807	3
5.857	3
5.858	3
5.94	3
6.022	3
6.042	3
6.124	3
6.226	3
6.316	3
6.485	3
6.49	3
6.585	3
6.68	3
6.701	3
6.814	3
6.85	3
6.884	3
6.915	3
6.989	3
7.106	3
7.16	3
7.162	3
7.188	3
7.198	3
7.224	3
7.23	3
7.344	3
7.363	3
7.494	3
7.504	3
7.535	3
7.595	3
7.615	3
7.639	3
7.65	3
7.98	3
8.008	3
8.041	3
8.083	3
8.093	3
8.116	3
8.149	3
8.181	3
8.427	3
8.58	3
8.598	3
8.631	3
8.73	3
8.83	3
8.973	3
9.011	3
9.072	3
9.207	3
9.388	3
9.475	3
9.506	3
9.512	3
9.517	3
9.698	3
9.899	3
9.942	3
9.957	3
10.031	3
10.126	3
10.256	3
10.31	3
10.315	3
10.353	3
10.354	3
10.38	3
10.432	3
10.524	3
10.602	3
10.611	3
10.795	3
10.843	3
11.178	3
11.272	3
11.547	3
11.838	3
11.94	3
12.341	3
12.437	3
12.524	3
12.593	3
12.98	3
13.069	3
13.092	3
13.096	3
13.344	3
13.57	3
13.635	3
13.785	3
14.274	3
15.164	3
15.197	3
15.331	3
15.392	3
15.481	3
15.482	3
15.515	3
15.615	3
15.645	3
15.755	3
15.844	3
16.171	3
16.185	3
16.333	3
16.399	3
16.591	3
17.025	3
17.171	3
17.203	3
17.214	3
17.371	3
17.46	3
17.522	3
17.556	3
17.597	3
18.326	3
18.345	3
18.503	3
18.731	3
18.831	3
18.959	3
19.038	3
20.63	3
22.376	3
23.35	3
23.863	3
24.364	3
25.793	3
25.829	3
25.969	3
26.575	3
0.0	1
0.0	1
0.001	1
0.001	1
0.002	1
0.002	1
0.003	1
0.004	1
0.004	1
0.005	1
0.006	1
0.008	1
0.008	1
0.009	1
0.009	1
0.009	1
0.009	1
0.009	1
0.011	1
0.013	1
0.013	1
0.014	1
0.016	1
0.016	1
0.016	1
0.017	1
0.018	1
0.019	1
0.02	1
0.021	1
0.021	1
0.022	1
0.023	1
0.025	1
0.026	1
0.028	1
0.028	1
0.039	1
0.047	1
0.051	1
0.083	1
0.085	1
0.085	1
0.097	1
0.108	1
0.109	1
0.109	1
0.111	1
0.114	1
0.12	1
0.129	1
0.132	1
0.14	1
0.146	1
0.157	1
0.159	1
0.159	1
0.161	1
0.165	1
0.17	1
0.171	1
0.174	1
0.175	1
0.178	1
0.178	1
0.18	1
0.181	1
0.182	1
0.183	1
0.183	1
0.192	1
0.192	1
0.194	1
0.196	1
0.199	1
0.199	1
0.199	1
0.199	1
0.207	1
0.207	1
0.209	1
0.21	1
0.21	1
0.215	1
0.218	1
0.218	1
0.221	1
0.222	1
0.223	1
0.229	1
0.231	1
0.235	1
0.235	1
0.236	1
0.239	1
0.24	1
0.24	1
0.243	1
0.245	1
0.251	1
0.253	1
0.255	1
0.26	1
0.266	1
0.269	1
0.269	1
0.269	1
0.271	1
0.274	1
0.277	1
0.28	1
0.28	1
0.284	1
0.284	1
0.285	1
0.286	1
0.293	1
0.299	1
0.299	1
0.3	1
0.301	1
0.305	1
0.306	1
0.307	1
0.315	1
0.317	1
0.317	1
0.32	1
0.321	1
0.326	1
0.328	1
0.33	1
0.331	1
0.332	1
0.332	1
0.337	1
0.346	1
0.348	1
0.348	1
0.352	1
0.354	1
0.365	1
0.369	1
0.369	1
0.376	1
0.377	1
0.378	1
0.38	1
0.382	1
0.383	1
0.384	1
0.389	1
0.39	1
0.391	1
0.4	1
0.408	1
0.408	1
0.41	1
0.411	1
0.418	1
0.419	1
0.431	1
0.439	1
0.442	1
0.443	1
0.443	1
0.445	1
0.445	1
0.451	1
0.452	1
0.453	1
0.455	1
0.457	1
0.459	1
0.464	1
0.465	1
0.468	1
0.469	1
0.47	1
0.471	1
0.494	1
0.497	1
0.504	1
0.511	1
0.517	1
0.519	1
0.527	1
0.528	1
0.534	1
0.534	1
0.534	1
0.54	1
0.546	1
0.552	1
0.554	1
0.555	1
0.56	1
0.561	1
0.564	1
0.565	1
0.568	1
0.568	1
0.586	1
0.592	1
0.595	1
0.595	1
0.597	1
0.599	1
0.599	1
0.599	1
0.602	1
0.607	1
0.624	1
0.627	1
0.632	1
0.64	1
0.64	1
0.644	1
0.645	1
0.645	1
0.648	1
0.659	1
0.669	1
0.672	1
0.675	1
0.68	1
0.681	1
0.701	1
0.702	1
0.703	1
0.705	1
0.708	1
0.718	1
0.721	1
0.724	1
0.726	1
0.727	1
0.74	1
0.74	1
0.741	1
0.745	1
0.745	1
0.747	1
0.754	1
0.766	1
0.767	1
0.767	1
0.768	1
0.771	1
0.773	1
0.78	1
0.78	1
0.785	1
0.791	1
0.794	1
0.795	1
0.796	1
0.8	1
0.802	1
0.802	1
0.803	1
0.805	1
0.805	1
0.806	1
0.818	1
0.818	1
0.819	1
0.825	1
0.84	1
0.841	1
0.845	1
0.849	1
0.853	1
0.854	1
0.855	1
0.856	1
0.856	1
0.861	1
0.868	1
0.876	1
0.877	1
0.895	1
0.898	1
0.906	1
0.908	1
0.916	1
0.916	1
0.916	1
0.917	1
0.917	1
0.921	1
0.923	1
0.941	1
0.944	1
0.945	1
0.947	1
0.948	1
0.954	1
0.954	1
0.962	1
0.964	1
0.964	1
0.969	2
0.98	2
0.988	2
0.992	2
0.992	2
0.992	2
0.994	2
1.001	2
1.001	2
1.003	2
1.004	2
1.007	3
1.008	3
1.012	3
1.015	3
1.021	3
1.022	3
1.04	3
1.067	3
1.071	3
1.083	3
1.083	3
1.098	3
1.102	3
1.125	3
1.133	3
1.149	3
1.159	3
1.165	3
1.187	3
1.188	3
1.189	3
1.202	3
1.209	3
1.234	3
1.24	3
1.253	3
1.275	3
1.277	4
1.288	4
1.301	4
1.305	4
1.306	4
1.334	5
1.405	5
1.406	5
1.535	5
1.577	5
1.624	5
1.642	5
1.647	5
1.647	5
1.736	5
1.799	5
1.837	5
1.871	5
1.895	5
2.014	5
2.029	5
2.043	5
2.12	5
2.162	5
2.22	5
2.309	5
2.341	5
2.435	5
2.452	5
2.478	5
2.697	5
2.762	5
2.785	5
2.809	5
2.813	5
2.891	5
2.919	5
2.934	5
3.046	5
3.049	5
3.079	5
3.093	5
3.149	5
3.223	5
3.258	5
3.325	5
3.376	5
3.389	5
3.41	5
3.472	5
3.477	5
3.501	5
3.546	5
3.584	5
3.595	5
3.649	5
3.786	5
3.862	5
3.919	5
3.998	5
4.06	5
4.076	5
4.162	5
4.172	5
4.188	5
4.208	5
4.211	5
4.277	5
4.302	5
4.334	5
4.352	5
4.446	5
4.482	5
4.525	5
4.594	5
4.623	5
4.745	5
4.933	5
4.94	5
4.979	5
5.049	5
5.077	5
5.084	5
5.092	5
5.157	5
5.175	5
5.245	5
5.258	5
5.368	5
5.409	5
5.459	5
5.466	5
5.492	5
5.586	5
5.588	5
5.617	5
5.629	5
5.677	5
5.709	5
5.724	5
5.805	5
5.855	5
5.856	5
5.938	5
6.02	5
6.04	5
6.122	5
6.224	5
6.314	5
6.483	5
6.488	5
6.583	5
6.678	5
6.699	5
6.812	5
6.848	5
6.882	5
6.913	4
6.987	4
7.104	4
7.158	4
7.16	4
7.186	4
7.196	4
7.222	4
7.228	4
7.342	4
7.361	4
7.492	4
7.502	4
7.533	3
7.593	3
7.613	3
7.637	3
7.648	3
7.978	3
8.006	3
8.039	3
8.081	3
8.091	3
8.114	3
8.147	3
8.179	3
8.425	3
8.578	3
8.596	3
8.629	3
8.728	3
8.828	3
8.971	3
9.009	3
9.07	3
9.205	3
9.386	3
9.473	3
9.504	3
9.51	3
9.515	3
9.696	3
9.897	3
9.94	3
9.955	3
10.029	3
10.124	3
10.254	3
10.308	3
10.313	3
10.351	3
10.352	3
10.378	3
10.43	3
10.522	3
10.6	3
10.609	3
10.793	3
10.841	3
11.176	3
11.27	3
11.545	3
11.836	3
11.938	3
12.339	3
12.435	3
12.522	3
12.591	3
12.978	3
13.067	3
13.09	3
13.094	3
13.342	3
13.568	3
13.633	3
13.783	3
14.272	3
15.162	3
15.195	3
15.329	3
15.39	3
15.479	3
15.48	3
15.513	3
15.613	3
15.643	3
15.753	3
15.842	3
16.169	3
16.183	3
16.331	3
16.397	3
16.589	3
17.023	3
17.169	3
17.201	3
17.212	3
17.369	3
17.458	3
17.52	3
17.554	3
17.595	3
18.324	3
18.343	3
18.501	3
18.729	3
18.829	3
18.957	3
19.036	3
20.628	3
22.374	3
23.348	3
23.861	3
24.362	3
25.791	3
25.827	3
25.967	3
26.573	3
0.0	1
0.001	1
0.001	1
0.002	1
0.002	1
0.003	1
0.004	1
0.004	1
0.005	1
0.006	1
0.008	1
0.008	1
0.009	1
0.009	1
0.009	1
0.009	1
0.009	1
0.011	1
0.013	1
0.013	1
0.014	1
0.016	1
0.016	1
0.016	1
0.017	1
0.018	1
0.019	1
0.02	1
0.021	1
0.021	1
0.022	1
0.023	1
0.025	1
0.026	1
0.028	1
0.028	1
0.039	1
0.047	1
0.051	1
0.083	1
0.085	1
0.085	1
0.097	1
0.108	1
0.109	1
0.109	1
0.111	1
0.114	1
0.12	1
0.129	2
0.132	2
0.14	2
0.146	2
0.157	2
0.159	2
0.159	2
0.161	2
0.165	2
0.17	2
0.171	2
0.174	2
0.175	2
0.178	2
0.178	2
0.18	2
0.181	2
0.182	2
0.183	2
0.183	2
0.192	2
0.192	2
0.194	2
0.196	2
0.199	2
0.199	2
0.199	2
0.199	2
0.207	2
0.207	2
0.209	2
0.21	2
0.21	2
0.215	2
0.218	2
0.218	2
0.221	2
0.222	2
0.223	2
0.229	2
0.231	2
0.235	2
0.235	2
0.236	2
0.239	2
0.24	2
0.24	2
0.243	2
0.245	2
0.251	2
0.253	2
0.255	2
0.26	2
0.266	2
0.269	2
0.269	2
0.269	2
0.271	3
0.274	3
0.277	3
0.28	3
0.28	3
0.284	3
0.284	3
0.285	3
0.286	3
0.293	3
0.299	3
0.299	3
0.3	3
0.301	3
0.305	3
0.306	3
0.307	3
0.315	3
0.317	3
0.317	3
0.32	3
0.321	3
0.326	3
0.328	3
0.33	3
0.331	3
0.332	3
0.332	3
0.337	3
0.346	3
0.348	3
0.348	3
0.352	3
0.354	3
0.365	3
0.369	3
0.369	3
0.376	3
0.377	3
0.378	3
0.38	3
0.382	3
0.383	4
0.384	4
0.389	4
0.39	4
0.391	4
0.4	4
0.408	4
0.408	4
0.41	4
0.411	4
0.418	4
0.419	4
0.431	4
0.439	4
0.442	4
0.443	4
0.443	4
0.445	4
0.445	4
0.451	4
0.452	4
0.453	4
0.455	4
0.457	4
0.459	4
0.464	4
0.465	4
0.468	4
0.469	4
0.47	4
0.471	4
0.494	4
0.497	4
0.504	4
0.511	4
0.517	4
0.519	4
0.527	4
0.528	4
0.534	4
0.534	4
0.534	4
0.54	4
0.546	4
0.552	4
0.554	4
0.555	4
0.56	4
0.561	4
0.564	4
0.565	4
0.568	4
0.568	5
0.586	5
0.592	5
0.595	5
0.595	5
0.597	5
0.599	5
0.599	5
0.599	5
0.602	5
0.607	5
0.624	5
0.627	5
0.632	5
0.64	5
0.64	6
0.644	6
0.645	6
0.645	6
0.648	6
0.659	6
0.669	6
0.672	7
0.675	7
0.68	7
0.681	7
0.701	7
0.702	7
0.703	7
0.705	8
0.708	8
0.718	8
0.721	8
0.724	8
0.726	8
0.727	8
0.74	8
0.74	8
0.741	8
0.745	8
0.745	8
0.747	8
0.754	8
0.766	8
0.767	8
0.767	8
0.768	8
0.771	8
0.773	8
0.78	8
0.78	8
0.785	8
0.791	8
0.794	8
0.795	8
0.796	8
0.8	8
0.802	8
0.802	8
0.803	8
0.805	8
0.805	8
0.806	8
0.818	8
0.818	8
0.819	8
0.825	8
0.84	8
0.841	8
0.845	8
0.849	8
0.853	8
0.854	8
0.855	8
0.856	8
0.856	8
0.861	8
0.868	8
0.876	8
0.877	9
0.895	9
0.898	9
0.906	9
0.908	9
0.916	9
0.916	9
0.916	9
0.917	9
0.917	9
0.921	9
0.923	9
0.941	9
0.944	9
0.945	9
0.947	9
0.948	9
0.954	9
0.954	9
0.962	9
0.964	9
0.964	9
0.969	9
0.98	9
0.988	9
0.992	9
0.992	9
0.992	9
0.994	9
1.001	9
1.001	9
1.003	9
1.004	9
1.007	9
1.008	9
1.012	9
1.015	9
1.021	9
1.022	9
1.04	9
1.067	9
1.071	9
1.083	9
1.083	9
1.098	9
1.102	9
1.125	9
1.133	9
1.149	9
1.159	9
1.165	9
1.187	9
1.188	9
1.189	9
1.202	10
1.209	10
1.234	10
1.24	10
1.253	10
1.275	10
1.277	10
1.288	10
1.301	10
1.305	10
1.306	10
1.334	10
1.405	10
1.406	10
1.535	10
1.577	10
1.624	10
1.642	10
1.647	10
1.647	10
1.736	10
1.799	10
1.837	10
1.871	10
1.895	10
2.014	10
2.029	10
2.043	10
2.12	10
2.162	10
2.22	10
2.309	10
2.341	10
2.435	10
2.452	10
2.478	10
2.697	10
2.762	10
2.785	10
2.809	10
2.813	10
2.891	10
2.919	10
2.934	10
3.046	10
3.049	10
3.079	10
3.093	10
3.149	10
3.223	10
3.258	10
3.325	10
3.376	10
3.389	10
3.41	10
3.472	10
3.477	10
3.501	10
3.546	10
3.584	10
3.595	10
3.649	10
3.786	10
3.862	10
3.919	10
3.998	10
4.06	10
4.076	10
4.162	10
4.172	10
4.188	10
4.208	10
4.211	10
4.277	10
4.302	10
4.334	10
4.352	10
4.446	10
4.482	10
4.525	10
4.594	10
4.623	10
4.745	10
4.933	10
4.94	10
4.979	10
5.049	10
5.077	10
5.084	10
5.092	10
5.157	10
5.175	10
5.245	10
5.258	10
5.368	10
5.409	10
5.459	10
5.466	10
5.492	10
5.586	10
5.588	10
5.617	10
5.629	10
5.677	10
5.709	10
5.724	10
5.805	10
5.855	10
5.856	9
5.938	9
6.02	9
6.04	9
6.122	9
6.224	9
6.314	9
6.483	9
6.488	8
6.583	8
6.678	8
6.699	8
6.812	8
6.848	8
6.882	8
6.913	8
6.987	8
7.104	8
7.158	8
7.16	8
7.186	8
7.196	7
7.222	7
7.228	7
7.342	7
7.361	7
7.492	7
7.502	7
7.533	7
7.593	7
7.613	7
7.637	7
7.648	7
7.978	7
8.006	7
8.039	7
8.081	7
8.091	7
8.114	7
8.147	7
8.179	7
8.425	7
8.578	7
8.596	7
8.629	7
8.728	7
8.828	7
8.971	6
9.009	6
9.07	6
9.205	6
9.386	6
9.473	6
9.504	6
9.51	6
9.515	6
9.696	6
9.897	6
9.94	6
9.955	6
10.029	6
10.124	6
10.254	6
10.308	6
10.313	6
10.351	6
10.352	6
10.378	6
10.43	6
10.522	6
10.6	6
10.609	6
10.793	6
10.841	5
11.176	5
11.27	5
11.545	5
11.836	5
11.938	5
12.339	4
12.435	4
12.522	4
12.591	4
12.978	4
13.067	4
13.09	4
13.094	4
13.342	4
13.568	4
13.633	4
13.783	4
14.272	4
15.162	4
15.195	4
15.329	4
15.39	4
15.479	4
15.48	4
15.513	4
15.613	4
15.643	4
15.753	4
15.842	4
16.169	3
16.183	2
16.331	2
16.397	2
16.589	2
17.023	2
17.169	2
17.201	3
17.212	4
17.369	5
17.458	6
17.52	6
17.554	6
17.595	6
18.324	6
18.343	6
18.501	6
18.729	6
18.829	6
18.957	6
19.036	6
20.628	6
22.374	5
23.348	4
23.861	4
24.362	4
25.791	3
25.827	3
25.967	3
26.573	3
0.0	1
0.0	1
0.001	1
0.001	1
0.002	1
0.003	1
0.003	1
0.004	1
0.005	1
0.007	1
0.007	1
0.008	1
0.008	1
0.008	1
0.008	1
0.008	1
0.01	1
0.012	1
0.012	1
0.013	1
0.015	1
0.015	1
0.015	1
0.016	1
0.017	1
0.018	1
0.019	1
0.02	1
0.02	1
0.021	1
0.022	1
0.024	1
0.025	1
0.027	1
0.027	1
0.038	1
0.046	1
0.05	1
0.082	1
0.084	1
0.084	1
0.096	1
0.107	1
0.108	1
0.108	1
0.11	1
0.113	1
0.119	1
0.128	1
0.131	1
0.139	1
0.145	1
0.156	1
0.158	1
0.158	1
0.16	1
0.164	1
0.169	1
0.17	1
0.173	1
0.174	1
0.177	1
0.177	1
0.179	1
0.18	1
0.181	1
0.182	1
0.182	1
0.191	1
0.191	1
0.193	1
0.195	1
0.198	1
0.198	1
0.198	1
0.198	1
0.206	1
0.206	1
0.208	1
0.209	1
0.209	1
0.214	1
0.217	1
0.217	1
0.22	1
0.221	1
0.222	1
0.228	1
0.23	1
0.234	1
0.234	1
0.235	1
0.238	1
0.239	1
0.239	1
0.242	1
0.244	1
0.25	1
0.252	1
0.254	1
0.259	1
0.265	1
0.268	1
0.268	1
0.268	1
0.27	1
0.273	1
0.276	1
0.279	1
0.279	1
0.283	1
0.283	1
0.284	1
0.285	1
0.292	1
0.298	1
0.298	1
0.299	1
0.3	1
0.304	1
0.305	1
0.306	1
0.314	1
0.316	1
0.316	1
0.319	1
0.32	1
0.325	1
0.327	1
0.329	1
0.33	1
0.331	1
0.331	2
0.336	2
0.345	2
0.347	2
0.347	2
0.351	2
0.353	2
0.364	2
0.368	2
0.368	2
0.375	2
0.376	2
0.377	2
0.379	2
0.381	2
0.382	2
0.383	2
0.388	2
0.389	2
0.39	2
0.399	2
0.407	2
0.407	2
0.409	2
0.41	2
0.417	2
0.418	2
0.43	2
0.438	2
0.441	2
0.442	2
0.442	2
0.444	2
0.444	2
0.45	2
0.451	2
0.452	2
0.454	2
0.456	2
0.458	2
0.463	2
0.464	2
0.467	2
0.468	2
0.469	2
0.47	2
0.493	2
0.496	2
0.503	2
0.51	2
0.516	2
0.518	2
0.526	2
0.527	2
0.533	2
0.533	2
0.533	2
0.539	2
0.545	2
0.551	2
0.553	2
0.554	2
0.559	2
0.56	2
0.563	2
0.564	2
0.567	2
0.567	2
0.585	2
0.591	2
0.594	2
0.594	2
0.596	2
0.598	2
0.598	2
0.598	2
0.601	2
0.606	2
0.623	2
0.626	2
0.631	2
0.639	2
0.639	2
0.643	2
0.644	2
0.644	2
0.647	2
0.658	2
0.668	2
0.671	2
0.674	2
0.679	2
0.68	2
0.7	2
0.701	2
0.702	2
0.704	2
0.707	2
0.717	2
0.72	2
0.723	2
0.725	2
0.726	2
0.739	2
0.739	2
0.74	2
0.744	2
0.744	2
0.746	2
0.753	2
0.765	2
0.766	2
0.766	2
0.767	3
0.77	3
0.772	3
0.779	3
0.779	3
0.784	3
0.79	3
0.793	3
0.794	3
0.795	3
0.799	3
0.801	3
0.801	3
0.802	3
0.804	3
0.804	3
0.805	3
0.817	3
0.817	3
0.818	3
0.824	3
0.839	3
0.84	3
0.844	3
0.848	3
0.852	3
0.853	3
0.854	3
0.855	3
0.855	3
0.86	3
0.867	3
0.875	3
0.876	3
0.894	3
0.897	3
0.905	3
0.907	3
0.915	3
0.915	3
0.915	3
0.916	3
0.916	3
0.92	3
0.922	3
0.94	3
0.943	4
0.944	4
0.946	4
0.947	4
0.953	4
0.953	4
0.961	4
0.963	4
0.963	4
0.968	4
0.979	4
0.987	4
0.991	4
0.991	4
0.991	4
0.993	4
1.0	4
1.0	4
1.002	4
1.003	4
1.006	4
1.007	4
1.011	4
1.014	4
1.02	4
1.021	4
1.039	4
1.066	4
1.07	4
1.082	4
1.082	4
1.097	4
1.101	4
1.124	4
1.132	4
1.148	4
1.158	4
1.164	4
1.186	4
1.187	4
1.188	4
1.201	4
1.208	4
1.233	4
1.239	4
1.252	4
1.274	4
1.276	4
1.287	4
1.3	4
1.304	5
1.305	6
1.333	6
1.404	6
1.405	6
1.534	6
1.576	6
1.623	6
1.641	6
1.646	6
1.646	6
1.735	6
1.798	6
1.836	6
1.87	6
1.894	6
2.013	6
2.028	6
2.042	6
2.119	6
2.161	6
2.219	6
2.308	6
2.34	6
2.434	6
2.451	6
2.477	6
2.696	6
2.761	6
2.784	6
2.808	6
2.812	6
2.89	6
2.918	6
2.933	6
3.045	6
3.048	6
3.078	6
3.092	6
3.148	6
3.222	6
3.257	6
3.324	6
3.375	6
3.388	5
3.409	5
3.471	5
3.476	5
3.5	5
3.545	5
3.583	5
3.594	5
3.648	5
3.785	5
3.861	5
3.918	5
3.997	5
4.059	5
4.075	5
4.161	5
4.171	5
4.187	5
4.207	5
4.21	5
4.276	5
4.301	5
4.333	5
4.351	5
4.445	5
4.481	5
4.524	5
4.593	5
4.622	5
4.744	5
4.932	5
4.939	5
4.978	5
5.048	5
5.076	5
5.083	5
5.091	5
5.156	5
5.174	5
5.244	5
5.257	5
5.367	5
5.408	5
5.458	5
5.465	5
5.491	5
5.585	5
5.587	4
5.616	4
5.628	4
5.676	4
5.708	4
5.723	4
5.804	4
5.854	4
5.855	4
5.937	4
6.019	4
6.039	4
6.121	4
6.223	4
6.313	4
6.482	4
6.487	4
6.582	4
6.677	4
6.698	4
6.811	4
6.847	4
6.881	4
6.912	4
6.986	4
7.103	4
7.157	4
7.159	4
7.185	4
7.195	4
7.221	4
7.227	4
7.341	4
7.36	4
7.491	4
7.501	4
7.532	4
7.592	4
7.612	4
7.636	4
7.647	4
7.977	4
8.005	4
8.038	4
8.08	4
8.09	4
8.113	4
8.146	4
8.178	4
8.424	4
8.577	4
8.595	4
8.628	4
8.727	4
8.827	4
8.97	4
9.008	4
9.069	4
9.204	4
9.385	4
9.472	4
9.503	4
9.509	4
9.514	4
9.695	4
9.896	4
9.939	4
9.954	3
10.028	3
10.123	3
10.253	3
10.307	3
10.312	3
10.35	3
10.351	3
10.377	3
10.429	3
10.521	3
10.599	3
10.608	3
10.792	3
10.84	3
11.175	3
11.269	3
11.544	3
11.835	3
11.937	3
12.338	3
12.434	3
12.521	3
12.59	3
12.977	3
13.066	3
13.089	3
13.093	3
13.341	3
13.567	3
13.632	3
13.782	3
14.271	3
15.161	3
15.194	3
15.328	3
15.389	3
15.478	3
15.479	3
15.512	3
15.612	3
15.642	3
15.752	3
15.841	3
16.168	3
16.182	3
16.33	3
16.396	3
16.588	3
17.022	3
17.168	3
17.2	3
17.211	3
17.368	3
17.457	3
17.519	3
17.553	3
17.594	3
18.323	3
18.342	3
18.5	3
18.728	3
18.828	3
18.956	3
19.035	3
20.627	3
22.373	3
23.347	3
23.86	3
24.361	3
25.79	3
25.826	3
25.966	3
26.572	3
0.0	1
0.001	1
0.001	1
0.002	1
0.003	1
0.003	1
0.004	1
0.005	1
0.007	1
0.007	1
0.008	1
0.008	1
0.008	1
0.008	1
0.008	1
0.01	1
0.012	1
0.012	1
0.013	1
0.015	1
0.015	1
0.015	1
0.016	1
0.017	1
0.018	1
0.019	1
0.02	1
0.02	1
0.021	1
0.022	1
0.024	1
0.025	1
0.027	1
0.027	1
0.038	1
0.046	1
0.05	1
0.082	1
0.084	1
0.084	1
0.096	1
0.107	1
0.108	1
0.108	1
0.11	1
0.113	1
0.119	1
0.128	1
0.131	1
0.139	1
0.145	1
0.156	1
0.158	1
0.158	1
0.16	1
0.164	1
0.169	1
0.17	1
0.173	1
0.174	1
0.177	1
0.177	1
0.179	1
0.18	1
0.181	1
0.182	1
0.182	1
0.191	1
0.191	1
0.193	1
0.195	1
0.198	1
0.198	1
0.198	1
0.198	1
0.206	1
0.206	1
0.208	1
0.209	2
0.209	2
0.214	2
0.217	2
0.217	2
0.22	2
0.221	2
0.222	2
0.228	2
0.23	2
0.234	2
0.234	2
0.235	3
0.238	3
0.239	3
0.239	3
0.242	3
0.244	3
0.25	3
0.252	3
0.254	3
0.259	3
0.265	3
0.268	3
0.268	3
0.268	3
0.27	3
0.273	3
0.276	3
0.279	3
0.279	3
0.283	3
0.283	3
0.284	3
0.285	3
0.292	3
0.298	3
0.298	3
0.299	3
0.3	3
0.304	3
0.305	3
0.306	3
0.314	3
0.316	3
0.316	3
0.319	3
0.32	3
0.325	3
0.327	3
0.329	3
0.33	3
0.331	3
0.331	3
0.336	3
0.345	3
0.347	3
0.347	3
0.351	3
0.353	3
0.364	3
0.368	3
0.368	3
0.375	3
0.376	3
0.377	3
0.379	3
0.381	3
0.382	3
0.383	3
0.388	3
0.389	3
0.39	3
0.399	3
0.407	3
0.407	3
0.409	3
0.41	3
0.417	3
0.418	3
0.43	3
0.438	3
0.441	3
0.442	3
0.442	3
0.444	3
0.444	3
0.45	3
0.451	3
0.452	3
0.454	3
0.456	3
0.458	3
0.463	3
0.464	3
0.467	3
0.468	3
0.469	3
0.47	3
0.493	3
0.496	3
0.503	3
0.51	3
0.516	3
0.518	3
0.526	3
0.527	3
0.533	3
0.533	3
0.533	3
0.539	3
0.545	3
0.551	3
0.553	3
0.554	3
0.559	3
0.56	4
0.563	4
0.564	4
0.567	4
0.567	4
0.585	4
0.591	4
0.594	4
0.594	4
0.596	4
0.598	4
0.598	4
0.598	4
0.601	4
0.606	4
0.623	4
0.626	4
0.631	4
0.639	4
0.639	4
0.643	4
0.644	4
0.644	4
0.647	4
0.658	4
0.668	4
0.671	4
0.674	4
0.679	4
0.68	4
0.7	4
0.701	4
0.702	4
0.704	4
0.707	4
0.717	4
0.72	4
0.723	4
0.725	4
0.726	4
0.739	4
0.739	4
0.74	4
0.744	4
0.744	4
0.746	4
0.753	4
0.765	4
0.766	4
0.766	4
0.767	4
0.77	4
0.772	4
0.779	4
0.779	4
0.784	4
0.79	5
0.793	5
0.794	5
0.795	5
0.799	5
0.801	5
0.801	5
0.802	5
0.804	5
0.804	5
0.805	5
0.817	5
0.817	6
0.818	6
0.824	6
0.839	6
0.84	6
0.844	6
0.848	6
0.852	6
0.853	6
0.854	6
0.855	6
0.855	6
0.86	6
0.867	6
0.875	6
0.876	6
0.894	6
0.897	6
0.905	6
0.907	6
0.915	6
0.915	6
0.915	6
0.916	6
0.916	6
0.92	6
0.922	6
0.94	6
0.943	6
0.944	6
0.946	6
0.947	6
0.953	6
0.953	6
0.961	6
0.963	6
0.963	6
0.968	6
0.979	6
0.987	6
0.991	6
0.991	6
0.991	6
0.993	6
1.0	6
1.0	7
1.002	7
1.003	7
1.006	7
1.007	7
1.011	7
1.014	7
1.02	7
1.021	7
1.039	7
1.066	7
1.07	7
1.082	7
1.082	7
1.097	7
1.101	7
1.124	7
1.132	7
1.148	7
1.158	7
1.164	7
1.186	7
1.187	7
1.188	7
1.201	7
1.208	7
1.233	7
1.239	7
1.252	7
1.274	7
1.276	7
1.287	7
1.3	7
1.304	7
1.305	7
1.333	7
1.404	7
1.405	7
1.534	7
1.576	7
1.623	7
1.641	7
1.646	7
1.646	7
1.735	7
1.798	7
1.836	7
1.87	7
1.894	7
2.013	7
2.028	7
2.042	7
2.119	7
2.161	7
2.219	7
2.308	7
2.34	7
2.434	7
2.451	7
2.477	7
2.696	7
2.761	7
2.784	7
2.808	7
2.812	7
2.89	7
2.918	7
2.933	7
3.045	7
3.048	7
3.078	7
3.092	7
3.148	7
3.222	6
3.257	6
3.324	6
3.375	6
3.388	6
3.409	6
3.471	6
3.476	6
3.5	6
3.545	6
3.583	6
3.594	6
3.648	6
3.785	6
3.861	6
3.918	6
3.997	6
4.059	6
4.075	6
4.161	6
4.171	6
4.187	6
4.207	6
4.21	6
4.276	6
4.301	6
4.333	6
4.351	6
4.445	6
4.481	6
4.524	6
4.593	6
4.622	6
4.744	6
4.932	6
4.939	6
4.978	6
5.048	6
5.076	6
5.083	6
5.091	6
5.156	6
5.174	6
5.244	6
5.257	6
5.367	6
5.408	6
5.458	6
5.465	6
5.491	6
5.585	6
5.587	6
5.616	6
5.628	6
5.676	6
5.708	6
5.723	6
5.804	6
5.854	6
5.855	6
5.937	6
6.019	6
6.039	6
6.121	6
6.223	6
6.313	6
6.482	6
6.487	6
6.582	6
6.677	6
6.698	6
6.811	6
6.847	6
6.881	6
6.912	6
6.986	6
7.103	6
7.157	6
7.159	6
7.185	6
7.195	6
7.221	6
7.227	6
7.341	6
7.36	6
7.491	6
7.501	6
7.532	6
7.592	6
7.612	6
7.636	6
7.647	6
7.977	6
8.005	6
8.038	6
8.08	5
8.09	5
8.113	5
8.146	5
8.178	5
8.424	5
8.577	5
8.595	5
8.628	5
8.727	5
8.827	5
8.97	5
9.008	5
9.069	5
9.204	5
9.385	5
9.472	5
9.503	5
9.509	5
9.514	5
9.695	5
9.896	5
9.939	5
9.954	5
10.028	5
10.123	5
10.253	5
10.307	5
10.312	5
10.35	5
10.351	5
10.377	5
10.429	4
10.521	4
10.599	4
10.608	4
10.792	4
10.84	4
11.175	4
11.269	4
11.544	4
11.835	4
11.937	4
12.338	4
12.434	4
12.521	4
12.59	4
12.977	4
13.066	4
13.089	4
13.093	4
13.341	3
13.567	3
13.632	3
13.782	3
14.271	3
15.161	3
15.194	3
15.328	3
15.389	3
15.478	3
15.479	3
15.512	3
15.612	3
15.642	3
15.752	3
15.841	3
16.168	3
16.182	3
16.33	3
16.396	3
16.588	3
17.022	3
17.168	3
17.2	3
17.211	3
17.368	3
17.457	3
17.519	3
17.553	3
17.594	3
18.323	3
18.342	3
18.5	3
18.728	3
18.828	3
18.956	3
19.035	3
20.627	3
22.373	3
23.347	3
23.86	3
24.361	3
25.79	3
25.826	3
25.966	3
26.572	3
0.0	1
0.0	1
0.001	1
0.002	1
0.002	1
0.003	1
0.004	1
0.006	1
0.006	1
0.007	1
0.007	1
0.007	1
0.007	1
0.007	1
0.009	1
0.011	1
0.011	1
0.012	1
0.014	1
0.014	1
0.014	1
0.015	1
0.016	1
0.017	1
0.018	1
0.019	1
0.019	1
0.02	1
0.021	1
0.023	1
0.024	1
0.026	1
0.026	1
0.037	1
0.045	1
0.049	1
0.081	1
0.083	1
0.083	1
0.095	1
0.106	1
0.107	1
0.107	1
0.109	1
0.112	1
0.118	1
0.127	1
0.13	1
0.138	1
0.144	1
0.155	1
0.157	1
0.157	1
0.159	1
0.163	1
0.168	1
0.169	1
0.172	1
0.173	1
0.176	1
0.176	1
0.178	1
0.179	1
0.18	1
0.181	1
0.181	1
0.19	1
0.19	1
0.192	1
0.194	1
0.197	1
0.197	1
0.197	1
0.197	1
0.205	1
0.205	1
0.207	1
0.208	1
0.208	1
0.213	1
0.216	1
0.216	1
0.219	1
0.22	1
0.221	1
0.227	1
0.229	1
0.233	1
0.233	1
0.234	1
0.237	1
0.238	1
0.238	1
0.241	1
0.243	1
0.249	1
0.251	1
0.253	1
0.258	1
0.264	1
0.267	1
0.267	1
0.267	1
0.269	1
0.272	1
0.275	1
0.278	1
0.278	1
0.282	1
0.282	1
0.283	1
0.284	1
0.291	1
0.297	2
0.297	2
0.298	2
0.299	3
0.303	3
0.304	3
0.305	3
0.313	3
0.315	3
0.315	4
0.318	4
0.319	4
0.324	4
0.326	4
0.328	4
0.329	4
0.33	4
0.33	4
0.335	4
0.344	4
0.346	4
0.346	4
0.35	5
0.352	5
0.363	5
0.367	5
0.367	5
0.374	5
0.375	5
0.376	5
0.378	5
0.38	5
0.381	5
0.382	5
0.387	5
0.388	5
0.389	5
0.398	5
0.406	5
0.406	5
0.408	5
0.409	5
0.416	6
0.417	6
0.429	6
0.437	6
0.44	6
0.441	6
0.441	6
0.443	6
0.443	6
0.449	7
0.45	7
0.451	7
0.453	7
0.455	7
0.457	7
0.462	7
0.463	7
0.466	7
0.467	7
0.468	7
0.469	7
0.492	7
0.495	7
0.502	7
0.509	7
0.515	7
0.517	7
0.525	7
0.526	7
0.532	7
0.532	7
0.532	7
0.538	7
0.544	7
0.55	7
0.552	7
0.553	7
0.558	7
0.559	7
0.562	7
0.563	7
0.566	7
0.566	7
0.584	7
0.59	7
0.593	7
0.593	7
0.595	7
0.597	7
0.597	7
0.597	7
0.6	7
0.605	7
0.622	7
0.625	7
0.63	7
0.638	7
0.638	7
0.642	7
0.643	7
0.643	7
0.646	7
0.657	7
0.667	7
0.67	7
0.673	7
0.678	7
0.679	7
0.699	7
0.7	7
0.701	7
0.703	7
0.706	7
0.716	7
0.719	7
0.722	7
0.724	7
0.725	7
0.738	7
0.738	7
0.739	7
0.743	7
0.743	7
0.745	7
0.752	7
0.764	7
0.765	7
0.765	7
0.766	7
0.769	7
0.771	7
0.778	7
0.778	7
0.783	7
0.789	7
0.792	7
0.793	7
0.794	7
0.798	8
0.8	9
0.8	9
0.801	9
0.803	9
0.803	9
0.804	9
0.816	9
0.816	9
0.817	9
0.823	9
0.838	9
0.839	9
0.843	9
0.847	9
0.851	9
0.852	9
0.853	9
0.854	9
0.854	9
0.859	9
0.866	9
0.874	9
0.875	9
0.893	9
0.896	9
0.904	9
0.906	9
0.914	9
0.914	9
0.914	9
0.915	9
0.915	10
0.919	10
0.921	10
0.939	10
0.942	10
0.943	10
0.945	10
0.946	10
0.952	10
0.952	10
0.96	10
0.962	10
0.962	10
0.967	10
0.978	10
0.986	10
0.99	10
0.99	10
0.99	10
0.992	10
0.999	10
0.999	10
1.001	10
1.002	10
1.005	10
1.006	10
1.01	10
1.013	10
1.019	10
1.02	10
1.038	10
1.065	10
1.069	10
1.081	10
1.081	10
1.096	10
1.1	10
1.123	10
1.131	10
1.147	10
1.157	10
1.163	10
1.185	10
1.186	10
1.187	10
1.2	10
1.207	10
1.232	10
1.238	10
1.251	10
1.273	10
1.275	10
1.286	10
1.299	10
1.303	10
1.304	10
1.332	10
1.403	10
1.404	10
1.533	10
1.575	10
1.622	10
1.64	10
1.645	10
1.645	10
1.734	10
1.797	10
1.835	10
1.869	10
1.893	10
2.012	10
2.027	10
2.041	10
2.118	10
2.16	10
2.218	10
2.307	10
2.339	10
2.433	10
2.45	10
2.476	10
2.695	10
2.76	10
2.783	10
2.807	10
2.811	10
2.889	10
2.917	10
2.932	10
3.044	10
3.047	10
3.077	10
3.091	10
3.147	9
3.221	9
3.256	9
3.323	9
3.374	9
3.387	9
3.408	9
3.47	9
3.475	9
3.499	9
3.544	9
3.582	9
3.593	9
3.647	9
3.784	9
3.86	9
3.917	8
3.996	8
4.058	8
4.074	8
4.16	8
4.17	8
4.186	8
4.206	8
4.209	8
4.275	8
4.3	8
4.332	8
4.35	8
4.444	8
4.48	8
4.523	8
4.592	8
4.621	8
4.743	8
4.931	8
4.938	8
4.977	8
5.047	8
5.075	8
5.082	8
5.09	8
5.155	8
5.173	8
5.243	8
5.256	8
5.366	8
5.407	8
5.457	8
5.464	8
5.49	8
5.584	8
5.586	8
5.615	8
5.627	8
5.675	8
5.707	8
5.722	8
5.803	8
5.853	8
5.854	8
5.936	8
6.018	8
6.038	8
6.12	8
6.222	8
6.312	8
6.481	8
6.486	8
6.581	8
6.676	8
6.697	8
6.81	8
6.846	8
6.88	8
6.911	8
6.985	7
7.102	7
7.156	7
7.158	7
7.184	7
7.194	7
7.22	7
7.226	7
7.34	7
7.359	7
7.49	7
7.5	7
7.531	7
7.591	7
7.611	7
7.635	7
7.646	7
7.976	7
8.004	7
8.037	7
8.079	7
8.089	7
8.112	7
8.145	7
8.177	7
8.423	7
8.576	7
8.594	7
8.627	7
8.726	7
8.826	7
8.969	7
9.007	7
9.068	7
9.203	7
9.384	7
9.471	7
9.502	7
9.508	7
9.513	7
9.694	6
9.895	6
9.938	6
9.953	6
10.027	6
10.122	6
10.252	6
10.306	6
10.311	6
10.349	6
10.35	6
10.376	6
10.428	6
10.52	6
10.598	6
10.607	6
10.791	6
10.839	6
11.174	6
11.268	6
11.543	6
11.834	6
11.936	6
12.337	6
12.433	6
12.52	6
12.589	6
12.976	6
13.065	6
13.088	6
13.092	6
13.34	6
13.566	6
13.631	6
13.781	6
14.27	6
15.16	6
15.193	6
15.327	6
15.388	6
15.477	6
15.478	6
15.511	6
15.611	6
15.641	5
15.751	5
15.84	5
16.167	5
16.181	5
16.329	5
16.395	5
16.587	5
17.021	5
17.167	5
17.199	5
17.21	5
17.367	5
17.456	5
17.518	5
17.552	5
17.593	5
18.322	5
18.341	5
18.499	5
18.727	5
18.827	5
18.955	5
19.034	5
20.626	5
22.372	5
23.346	5
23.859	5
24.36	5
25.789	5
25.825	4
25.965	4
26.571	3
0.0	1
0.001	1
0.002	1
0.002	1
0.003	1
0.004	1
0.006	1
0.006	1
0.007	1
0.007	1
0.007	1
0.007	1
0.007	1
0.009	1
0.011	1
0.011	1
0.012	1
0.014	1
0.014	1
0.014	1
0.015	1
0.016	1
0.017	1
0.018	1
0.019	1
0.019	1
0.02	1
0.021	1
0.023	1
0.024	1
0.026	1
0.026	1
0.037	1
0.045	1
0.049	1
0.081	1
0.083	1
0.083	1
0.095	1
0.106	1
0.107	1
0.107	1
0.109	1
0.112	1
0.118	1
0.127	1
0.13	1
0.138	1
0.144	1
0.155	1
0.157	1
0.157	1
0.159	1
0.163	1
0.168	1
0.169	1
0.172	1
0.173	1
0.176	1
0.176	1
0.178	1
0.179	1
0.18	1
0.181	1
0.181	1
0.19	1
0.19	1
0.192	1
0.194	1
0.197	1
0.197	1
0.197	1
0.197	1
0.205	1
0.205	1
0.207	1
0.208	1
0.208	1
0.213	1
0.216	1
0.216	1
0.219	1
0.22	1
0.221	1
0.227	1
0.229	1
0.233	1
0.233	1
0.234	1
0.237	1
0.238	1
0.238	1
0.241	1
0.243	1
0.249	1
0.251	1
0.253	1
0.258	1
0.264	1
0.267	1
0.267	1
0.267	1
0.269	1
0.272	1
0.275	1
0.278	1
0.278	1
0.282	1
0.282	1
0.283	1
0.284	1
0.291	1
0.297	1
0.297	1
0.298	1
0.299	1
0.303	1
0.304	1
0.305	1
0.313	1
0.315	1
0.315	1
0.318	1
0.319	1
0.324	1
0.326	1
0.328	1
0.329	1
0.33	1
0.33	1
0.335	1
0.344	1
0.346	1
0.346	1
0.35	1
0.352	1
0.363	1
0.367	1
0.367	1
0.374	1
0.375	1
0.376	1
0.378	1
0.38	1
0.381	1
0.382	1
0.387	1
0.388	1
0.389	1
0.398	1
0.406	1
0.406	1
0.408	1
0.409	1
0.416	1
0.417	1
0.429	1
0.437	1
0.44	1
0.441	1
0.441	1
0.443	1
0.443	1
0.449	1
0.45	1
0.451	1
0.453	1
0.455	1
0.457	1
0.462	1
0.463	1
0.466	1
0.467	1
0.468	1
0.469	1
0.492	1
0.495	1
0.502	1
0.509	1
0.515	1
0.517	1
0.525	1
0.526	1
0.532	1
0.532	1
0.532	1
0.538	1
0.544	1
0.55	1
0.552	1
0.553	1
0.558	1
0.559	1
0.562	1
0.563	1
0.566	1
0.566	1
0.584	1
0.59	1
0.593	1
0.593	1
0.595	1
0.597	1
0.597	1
0.597	1
0.6	1
0.605	1
0.622	1
0.625	1
0.63	1
0.638	1
0.638	1
0.642	1
0.643	1
0.643	1
0.646	1
0.657	1
0.667	1
0.67	1
0.673	1
0.678	1
0.679	1
0.699	1
0.7	1
0.701	1
0.703	1
0.706	1
0.716	1
0.719	1
0.722	1
0.724	1
0.725	1
0.738	2
0.738	2
0.739	2
0.743	2
0.743	2
0.745	2
0.752	2
0.764	2
0.765	2
0.765	2
0.766	2
0.769	2
0.771	2
0.778	2
0.778	2
0.783	2
0.789	2
0.792	2
0.793	2
0.794	2
0.798	2
0.8	2
0.8	2
0.801	3
0.803	3
0.803	3
0.804	3
0.816	3
0.816	3
0.817	3
0.823	3
0.838	3
0.839	3
0.843	3
0.847	3
0.851	3
0.852	3
0.853	3
0.854	3
0.854	3
0.859	3
0.866	3
0.874	3
0.875	3
0.893	3
0.896	4
0.904	4
0.906	4
0.914	4
0.914	4
0.914	4
0.915	4
0.915	4
0.919	4
0.921	4
0.939	4
0.942	4
0.943	4
0.945	4
0.946	4
0.952	4
0.952	4
0.96	4
0.962	4
0.962	4
0.967	4
0.978	4
0.986	4
0.99	4
0.99	4
0.99	4
0.992	4
0.999	4
0.999	4
1.001	4
1.002	4
1.005	4
1.006	4
1.01	4
1.013	4
1.019	4
1.02	4
1.038	4
1.065	4
1.069	4
1.081	4
1.081	4
1.096	4
1.1	4
1.123	4
1.131	4
1.147	4
1.157	4
1.163	4
1.185	4
1.186	4
1.187	4
1.2	4
1.207	4
1.232	4
1.238	4
1.251	4
1.273	4
1.275	4
1.286	4
1.299	4
1.303	4
1.304	4
1.332	4
1.403	4
1.404	4
1.533	4
1.575	4
1.622	4
1.64	4
1.645	4
1.645	4
1.734	4
1.797	4
1.835	4
1.869	4
1.893	4
2.012	4
2.027	4
2.041	4
2.118	4
2.16	4
2.218	4
2.307	4
2.339	4
2.433	4
2.45	4
2.476	4
2.695	4
2.76	4
2.783	4
2.807	4
2.811	4
2.889	4
2.917	4
2.932	4
3.044	4
3.047	4
3.077	4
3.091	4
3.147	4
3.221	4
3.256	4
3.323	4
3.374	4
3.387	4
3.408	4
3.47	4
3.475	4
3.499	4
3.544	4
3.582	4
3.593	4
3.647	4
3.784	4
3.86	4
3.917	4
3.996	4
4.058	4
4.074	4
4.16	4
4.17	4
4.186	4
4.206	4
4.209	4
4.275	4
4.3	4
4.332	4
4.35	4
4.444	4
4.48	4
4.523	4
4.592	4
4.621	4
4.743	4
4.931	4
4.938	4
4.977	4
5.047	4
5.075	4
5.082	4
5.09	4
5.155	4
5.173	4
5.243	4
5.256	4
5.366	4
5.407	4
5.457	4
5.464	4
5.49	4
5.584	4
5.586	4
5.615	4
5.627	4
5.675	4
5.707	4
5.722	4
5.803	4
5.853	4
5.854	4
5.936	4
6.018	4
6.038	4
6.12	4
6.222	4
6.312	4
6.481	3
6.486	3
6.581	2
6.676	2
6.697	2
6.81	2
6.846	2
6.88	2
6.911	2
6.985	2
7.102	2
7.156	2
7.158	3
7.184	3
7.194	3
7.22	4
7.226	4
7.34	4
7.359	4
7.49	4
7.5	4
7.531	4
7.591	4
7.611	4
7.635	4
7.646	4
7.976	4
8.004	4
8.037	4
8.079	4
8.089	4
8.112	4
8.145	4
8.177	4
8.423	4
8.576	4
8.594	4
8.627	4
8.726	4
8.826	4
8.969	4
9.007	4
9.068	3
9.203	3
9.384	3
9.471	3
9.502	3
9.508	3
9.513	3
9.694	3
9.895	3
9.938	3
9.953	3
10.027	3
10.122	3
10.252	3
10.306	3
10.311	3
10.349	3
10.35	3
10.376	3
10.428	3
10.52	3
10.598	3
10.607	3
10.791	3
10.839	3
11.174	3
11.268	3
11.543	3
11.834	3
11.936	3
12.337	3
12.433	3
12.52	3
12.589	3
12.976	3
13.065	3
13.088	3
13.092	3
13.34	3
13.566	3
13.631	3
13.781	3
14.27	3
15.16	3
15.193	3
15.327	3
15.388	3
15.477	3
15.478	3
15.511	3
15.611	3
15.641	3
15.751	3
15.84	3
16.167	3
16.181	3
16.329	3
16.395	3
16.587	3
17.021	3
17.167	3
17.199	3
17.21	3
17.367	3
17.456	3
17.518	3
17.552	3
17.593	3
18.322	3
18.341	3
18.499	3
18.727	3
18.827	3
18.955	3
19.034	3
20.626	3
22.372	3
23.346	3
23.859	3
24.36	3
25.789	3
25.825	3
25.965	3
26.571	3
0.0	1
0.001	1
0.001	1
0.002	1
0.003	1
0.005	1
0.005	1
0.006	1
0.006	1
0.006	1
0.006	1
0.006	1
0.008	1
0.01	1
0.01	1
0.011	1
0.013	1
0.013	1
0.013	1
0.014	1
0.015	1
0.016	1
0.017	1
0.018	1
0.018	1
0.019	1
0.02	1
0.022	1
0.023	1
0.025	1
0.025	1
0.036	1
0.044	1
0.048	1
0.08	1
0.082	1
0.082	1
0.094	1
0.105	1
0.106	1
0.106	1
0.108	1
0.111	1
0.117	1
0.126	1
0.129	1
0.137	1
0.143	1
0.154	1
0.156	1
0.156	1
0.158	1
0.162	1
0.167	1
0.168	1
0.171	1
0.172	1
0.175	1
0.175	1
0.177	1
0.178	1
0.179	1
0.18	1
0.18	1
0.189	1
0.189	1
0.191	1
0.193	1
0.196	1
0.196	1
0.196	1
0.196	1
0.204	1
0.204	1
0.206	1
0.207	1
0.207	1
0.212	1
0.215	1
0.215	1
0.218	1
0.219	1
0.22	1
0.226	1
0.228	1
0.232	1
0.232	1
0.233	1
0.236	1
0.237	1
0.237	1
0.24	1
0.242	1
0.248	1
0.25	1
0.252	1
0.257	1
0.263	1
0.266	1
0.266	1
0.266	1
0.268	1
0.271	1
0.274	1
0.277	1
0.277	1
0.281	1
0.281	1
0.282	1
0.283	1
0.29	1
0.296	1
0.296	1
0.297	1
0.298	1
0.302	1
0.303	1
0.304	1
0.312	1
0.314	1
0.314	1
0.317	1
0.318	1
0.323	1
0.325	1
0.327	1
0.328	1
0.329	1
0.329	1
0.334	1
0.343	1
0.345	1
0.345	1
0.349	1
0.351	1
0.362	1
0.366	1
0.366	1
0.373	1
0.374	1
0.375	1
0.377	1
0.379	1
0.38	1
0.381	1
0.386	1
0.387	1
0.388	1
0.397	1
0.405	1
0.405	1
0.407	1
0.408	1
0.415	1
0.416	1
0.428	1
0.436	1
0.439	1
0.44	1
0.44	1
0.442	1
0.442	1
0.448	1
0.449	1
0.45	1
0.452	1
0.454	1
0.456	1
0.461	1
0.462	1
0.465	1
0.466	1
0.467	1
0.468	1
0.491	1
0.494	1
0.501	1
0.508	1
0.514	1
0.516	1
0.524	1
0.525	1
0.531	1
0.531	1
0.531	1
0.537	1
0.543	1
0.549	1
0.551	1
0.552	1
0.557	1
0.558	1
0.561	1
0.562	1
0.565	1
0.565	1
0.583	1
0.589	1
0.592	1
0.592	1
0.594	1
0.596	1
0.596	1
0.596	1
0.599	1
0.604	1
0.621	1
0.624	1
0.629	1
0.637	1
0.637	1
0.641	1
0.642	1
0.642	1
0.645	1
0.656	1
0.666	1
0.669	1
0.672	1
0.677	1
0.678	1
0.698	1
0.699	1
0.7	1
0.702	1
0.705	1
0.715	1
0.718	1
0.721	1
0.723	1
0.724	1
0.737	1
0.737	1
0.738	1
0.742	1
0.742	1
0.744	1
0.751	1
0.763	1
0.764	1
0.764	1
0.765	1
0.768	1
0.77	1
0.777	1
0.777	1
0.782	1
0.788	1
0.791	1
0.792	1
0.793	1
0.797	1
0.799	1
0.799	1
0.8	1
0.802	1
0.802	1
0.803	1
0.815	1
0.815	1
0.816	1
0.822	1
0.837	1
0.838	1
0.842	1
0.846	1
0.85	1
0.851	1
0.852	1
0.853	1
0.853	1
0.858	1
0.865	1
0.873	1
0.874	1
0.892	1
0.895	1
0.903	1
0.905	1
0.913	1
0.913	1
0.913	1
0.914	1
0.914	1
0.918	1
0.92	1
0.938	1
0.941	1
0.942	1
0.944	1
0.945	1
0.951	1
0.951	1
0.959	1
0.961	1
0.961	1
0.966	1
0.977	1
0.985	1
0.989	1
0.989	1
0.989	1
0.991	1
0.998	1
0.998	1
1.0	1
1.001	1
1.004	1
1.005	1
1.009	1
1.012	1
1.018	1
1.019	1
1.037	1
1.064	1
1.068	1
1.08	1
1.08	1
1.095	1
1.099	1
1.122	1
1.13	1
1.146	1
1.156	1
1.162	1
1.184	1
1.185	1
1.186	1
1.199	1
1.206	1
1.231	1
1.237	2
1.25	2
1.272	2
1.274	2
1.285	2
1.298	2
1.302	2
1.303	2
1.331	2
1.402	2
1.403	2
1.532	2
1.574	2
1.621	2
1.639	2
1.644	2
1.644	2
1.733	2
1.796	2
1.834	2
1.868	2
1.892	2
2.011	2
2.026	2
2.04	3
2.117	3
2.159	3
2.217	4
2.306	4
2.338	4
2.432	4
2.449	4
2.475	4
2.694	4
2.759	4
2.782	4
2.806	4
2.81	4
2.888	4
2.916	4
2.931	4
3.043	4
3.046	4
3.076	4
3.09	4
3.146	4
3.22	4
3.255	4
3.322	4
3.373	4
3.386	4
3.407	4
3.469	4
3.474	4
3.498	4
3.543	4
3.581	4
3.592	4
3.646	4
3.783	4
3.859	4
3.916	4
3.995	4
4.057	4
4.073	4
4.159	4
4.169	4
4.185	4
4.205	4
4.208	4
4.274	4
4.299	4
4.331	4
4.349	4
4.443	4
4.479	4
4.522	4
4.591	4
4.62	4
4.742	4
4.93	4
4.937	4
4.976	4
5.046	4
5.074	4
5.081	4
5.089	4
5.154	4
5.172	4
5.242	4
5.255	4
5.365	4
5.406	4
5.456	4
5.463	4
5.489	4
5.583	4
5.585	4
5.614	4
5.626	4
5.674	4
5.706	4
5.721	4
5.802	4
5.852	4
5.853	4
5.935	4
6.017	4
6.037	4
6.119	4
6.221	4
6.311	4
6.48	4
6.485	4
6.58	4
6.675	4
6.696	4
6.809	4
6.845	4
6.879	4
6.91	4
6.984	4
7.101	4
7.155	4
7.157	4
7.183	4
7.193	4
7.219	4
7.225	4
7.339	4
7.358	4
7.489	4
7.499	4
7.53	4
7.59	4
7.61	4
7.634	4
7.645	4
7.975	4
8.003	4
8.036	4
8.078	4
8.088	4
8.111	4
8.144	4
8.176	4
8.422	4
8.575	3
8.593	2
8.626	2
8.725	2
8.825	2
8.968	2
9.006	2
9.067	2
9.202	2
9.383	2
9.47	2
9.501	2
9.507	2
9.512	3
9.693	3
9.894	4
9.937	4
9.952	4
10.026	4
10.121	4
10.251	4
10.305	4
10.31	4
10.348	4
10.349	4
10.375	4
10.427	4
10.519	4
10.597	4
10.606	4
10.79	4
10.838	4
11.173	4
11.267	4
11.542	4
11.833	4
11.935	4
12.336	4
12.432	4
12.519	4
12.588	4
12.975	4
13.064	4
13.087	4
13.091	4
13.339	4
13.565	3
13.63	3
13.78	3
14.269	3
15.159	3
15.192	3
15.326	3
15.387	3
15.476	3
15.477	3
15.51	3
15.61	3
15.64	3
15.75	3
15.839	3
16.166	3
16.18	3
16.328	3
16.394	3
16.586	3
17.02	3
17.166	3
17.198	3
17.209	3
17.366	3
17.455	3
17.517	3
17.551	3
17.592	3
18.321	3
18.34	3
18.498	3
18.726	3
18.826	3
18.954	3
19.033	3
20.625	3
22.371	3
23.345	3
23.858	3
24.359	3
25.788	3
25.824	3
25.964	3
26.57	3
0.0	1
0.0	1
0.001	1
0.002	1
0.004	1
0.004	1
0.005	1
0.005	1
0.005	1
0.005	1
0.005	1
0.007	1
0.009	1
0.009	1
0.01	1
0.012	1
0.012	1
0.012	1
0.013	1
0.014	1
0.015	1
0.016	1
0.017	1
0.017	1
0.018	1
0.019	1
0.021	1
0.022	1
0.024	1
0.024	1
0.035	1
0.043	1
0.047	1
0.079	1
0.081	1
0.081	1
0.093	1
0.104	1
0.105	1
0.105	1
0.107	1
0.11	1
0.116	1
0.125	1
0.128	1
0.136	1
0.142	1
0.153	1
0.155	1
0.155	1
0.157	1
0.161	1
0.166	1
0.167	1
0.17	2
0.171	2
0.174	2
0.174	2
0.176	3
0.177	3
0.178	3
0.179	3
0.179	3
0.188	3
0.188	3
0.19	3
0.192	3
0.195	3
0.195	3
0.195	3
0.195	3
0.203	3
0.203	3
0.205	3
0.206	3
0.206	3
0.211	3
0.214	3
0.214	3
0.217	3
0.218	3
0.219	3
0.225	3
0.227	3
0.231	3
0.231	3
0.232	3
0.235	3
0.236	3
0.236	3
0.239	3
0.241	3
0.247	3
0.249	3
0.251	3
0.256	3
0.262	3
0.265	3
0.265	3
0.265	4
0.267	4
0.27	4
0.273	4
0.276	4
0.276	4
0.28	4
0.28	4
0.281	4
0.282	4
0.289	4
0.295	4
0.295	4
0.296	4
0.297	4
0.301	4
0.302	4
0.303	4
0.311	4
0.313	4
0.313	4
0.316	4
0.317	4
0.322	5
0.324	5
0.326	5
0.327	5
0.328	5
0.328	5
0.333	5
0.342	5
0.344	5
0.344	5
0.348	5
0.35	5
0.361	5
0.365	5
0.365	5
0.372	5
0.373	5
0.374	5
0.376	5
0.378	5
0.379	5
0.38	5
0.385	5
0.386	5
0.387	5
0.396	5
0.404	5
0.404	5
0.406	5
0.407	5
0.414	5
0.415	5
0.427	5
0.435	5
0.438	5
0.439	5
0.439	5
0.441	5
0.441	5
0.447	5
0.448	5
0.449	5
0.451	5
0.453	5
0.455	5
0.46	5
0.461	5
0.464	5
0.465	5
0.466	5
0.467	5
0.49	5
0.493	5
0.5	5
0.507	5
0.513	5
0.515	5
0.523	5
0.524	5
0.53	5
0.53	5
0.53	5
0.536	5
0.542	5
0.548	5
0.55	5
0.551	5
0.556	5
0.557	5
0.56	5
0.561	5
0.564	5
0.564	5
0.582	5
0.588	5
0.591	5
0.591	5
0.593	5
0.595	5
0.595	5
0.595	5
0.598	5
0.603	5
0.62	5
0.623	5
0.628	5
0.636	5
0.636	5
0.64	5
0.641	5
0.641	5
0.644	5
0.655	5
0.665	5
0.668	5
0.671	5
0.676	5
0.677	5
0.697	5
0.698	5
0.699	5
0.701	5
0.704	5
0.714	5
0.717	5
0.72	5
0.722	5
0.723	5
0.736	5
0.736	5
0.737	5
0.741	5
0.741	5
0.743	5
0.75	5
0.762	5
0.763	5
0.763	5
0.764	5
0.767	5
0.769	5
0.776	5
0.776	5
0.781	5
0.787	5
0.79	5
0.791	5
0.792	5
0.796	5
0.798	5
0.798	5
0.799	5
0.801	5
0.801	5
0.802	5
0.814	5
0.814	5
0.815	5
0.821	5
0.836	5
0.837	5
0.841	5
0.845	5
0.849	5
0.85	5
0.851	5
0.852	5
0.852	5
0.857	5
0.864	5
0.872	5
0.873	5
0.891	5
0.894	5
0.902	5
0.904	5
0.912	5
0.912	5
0.912	5
0.913	5
0.913	5
0.917	5
0.919	5
0.937	5
0.94	5
0.941	5
0.943	5
0.944	5
0.95	5
0.95	5
0.958	5
0.96	5
0.96	5
0.965	5
0.976	5
0.984	5
0.988	5
0.988	5
0.988	5
0.99	5
0.997	5
0.997	5
0.999	5
1.0	5
1.003	5
1.004	5
1.008	5
1.011	5
1.017	5
1.018	5
1.036	5
1.063	5
1.067	5
1.079	5
1.079	5
1.094	5
1.098	5
1.121	5
1.129	5
1.145	5
1.155	5
1.161	5
1.183	5
1.184	5
1.185	5
1.198	5
1.205	5
1.23	5
1.236	5
1.249	5
1.271	5
1.273	5
1.284	5
1.297	5
1.301	5
1.302	5
1.33	5
1.401	5
1.402	5
1.531	5
1.573	5
1.62	5
1.638	5
1.643	5
1.643	5
1.732	5
1.795	5
1.833	5
1.867	5
1.891	5
2.01	5
2.025	5
2.039	5
2.116	5
2.158	5
2.216	5
2.305	5
2.337	5
2.431	5
2.448	5
2.474	5
2.693	5
2.758	5
2.781	5
2.805	5
2.809	5
2.887	5
2.915	5
2.93	5
3.042	5
3.045	5
3.075	5
3.089	5
3.145	5
3.219	5
3.254	5
3.321	5
3.372	5
3.385	5
3.406	5
3.468	5
3.473	5
3.497	5
3.542	5
3.58	5
3.591	5
3.645	5
3.782	5
3.858	5
3.915	5
3.994	5
4.056	5
4.072	5
4.158	5
4.168	5
4.184	5
4.204	5
4.207	5
4.273	5
4.298	5
4.33	5
4.348	5
4.442	5
4.478	5
4.521	5
4.59	5
4.619	5
4.741	5
4.929	5
4.936	5
4.975	5
5.045	5
5.073	5
5.08	5
5.088	5
5.153	5
5.171	5
5.241	5
5.254	5
5.364	5
5.405	5
5.455	5
5.462	5
5.488	5
5.582	5
5.584	5
5.613	5
5.625	5
5.673	5
5.705	5
5.72	5
5.801	5
5.851	5
5.852	5
5.934	5
6.016	5
6.036	5
6.118	5
6.22	5
6.31	5
6.479	5
6.484	5
6.579	5
6.674	5
6.695	5
6.808	5
6.844	5
6.878	5
6.909	5
6.983	5
7.1	5
7.154	5
7.156	5
7.182	5
7.192	5
7.218	5
7.224	5
7.338	5
7.357	5
7.488	5
7.498	5
7.529	5
7.589	5
7.609	5
7.633	5
7.644	5
7.974	5
8.002	5
8.035	5
8.077	5
8.087	5
8.11	5
8.143	4
8.175	4
8.421	4
8.574	4
8.592	4
8.625	4
8.724	4
8.824	4
8.967	4
9.005	4
9.066	4
9.201	4
9.382	4
9.469	4
9.5	4
9.506	4
9.511	4
9.692	4
9.893	4
9.936	4
9.951	4
10.025	4
10.12	4
10.25	4
10.304	4
10.309	4
10.347	4
10.348	4
10.374	4
10.426	4
10.518	4
10.596	4
10.605	4
10.789	4
10.837	4
11.172	4
11.266	4
11.541	4
11.832	4
11.934	3
12.335	3
12.431	3
12.518	3
12.587	3
12.974	3
13.063	3
13.086	3
13.09	3
13.338	3
13.564	3
13.629	3
13.779	3
14.268	3
15.158	3
15.191	3
15.325	3
15.386	3
15.475	3
15.476	3
15.509	3
15.609	3
15.639	3
15.749	3
15.838	3
16.165	3
16.179	3
16.327	3
16.393	3
16.585	3
17.019	3
17.165	3
17.197	3
17.208	3
17.365	3
17.454	3
17.516	3
17.55	3
17.591	3
18.32	3
18.339	3
18.497	3
18.725	3
18.825	3
18.953	3
19.032	3
20.624	3
22.37	3
23.344	3
23.857	3
24.358	3
25.787	3
25.823	3
25.963	3
26.569	3
0.0	1
0.001	1
0.002	1
0.004	1
0.004	1
0.005	1
0.005	1
0.005	1
0.005	1
0.005	1
0.007	1
0.009	1
0.009	1
0.01	1
0.012	1
0.012	1
0.012	1
0.013	1
0.014	1
0.015	1
0.016	1
0.017	1
0.017	1
0.018	1
0.019	1
0.021	1
0.022	1
0.024	1
0.024	1
0.035	1
0.043	1
0.047	1
0.079	1
0.081	1
0.081	1
0.093	1
0.104	1
0.105	1
0.105	1
0.107	1
0.11	1
0.116	1
0.125	1
0.128	1
0.136	1
0.142	1
0.153	1
0.155	1
0.155	1
0.157	1
0.161	1
0.166	1
0.167	1
0.17	1
0.171	1
0.174	1
0.174	1
0.176	1
0.177	1
0.178	1
0.179	1
0.179	1
0.188	1
0.188	1
0.19	1
0.192	1
0.195	1
0.195	1
0.195	1
0.195	1
0.203	1
0.203	1
0.205	1
0.206	1
0.206	1
0.211	1
0.214	1
0.214	1
0.217	1
0.218	1
0.219	1
0.225	1
0.227	1
0.231	1
0.231	1
0.232	1
0.235	1
0.236	1
0.236	1
0.239	1
0.241	1
0.247	1
0.249	1
0.251	1
0.256	2
0.262	2
0.265	2
0.265	2
0.265	2
0.267	2
0.27	2
0.273	2
0.276	2
0.276	2
0.28	2
0.28	2
0.281	2
0.282	2
0.289	2
0.295	2
0.295	2
0.296	2
0.297	2
0.301	2
0.302	2
0.303	2
0.311	2
0.313	2
0.313	2
0.316	2
0.317	2
0.322	2
0.324	2
0.326	2
0.327	2
0.328	2
0.328	2
0.333	2
0.342	2
0.344	2
0.344	2
0.348	2
0.35	2
0.361	2
0.365	2
0.365	2
0.372	2
0.373	2
0.374	2
0.376	2
0.378	2
0.379	2
0.38	2
0.385	2
0.386	2
0.387	2
0.396	2
0.404	2
0.404	2
0.406	2
0.407	2
0.414	2
0.415	2
0.427	2
0.435	2
0.438	2
0.439	2
0.439	2
0.441	2
0.441	2
0.447	2
0.448	2
0.449	2
0.451	2
0.453	2
0.455	2
0.46	2
0.461	2
0.464	2
0.465	2
0.466	2
0.467	2
0.49	2
0.493	2
0.5	2
0.507	2
0.513	2
0.515	2
0.523	2
0.524	2
0.53	2
0.53	2
0.53	2
0.536	2
0.542	2
0.548	2
0.55	2
0.551	2
0.556	2
0.557	2
0.56	2
0.561	2
0.564	2
0.564	2
0.582	2
0.588	2
0.591	2
0.591	2
0.593	2
0.595	2
0.595	2
0.595	2
0.598	2
0.603	2
0.62	2
0.623	2
0.628	2
0.636	2
0.636	2
0.64	2
0.641	2
0.641	2
0.644	2
0.655	2
0.665	2
0.668	2
0.671	2
0.676	2
0.677	2
0.697	3
0.698	3
0.699	3
0.701	3
0.704	3
0.714	3
0.717	3
0.72	3
0.722	3
0.723	3
0.736	3
0.736	3
0.737	3
0.741	3
0.741	3
0.743	3
0.75	3
0.762	3
0.763	3
0.763	3
0.764	3
0.767	4
0.769	4
0.776	4
0.776	4
0.781	4
0.787	4
0.79	4
0.791	4
0.792	4
0.796	4
0.798	4
0.798	4
0.799	4
0.801	4
0.801	4
0.802	4
0.814	4
0.814	4
0.815	4
0.821	4
0.836	4
0.837	4
0.841	5
0.845	5
0.849	5
0.85	5
0.851	5
0.852	5
0.852	5
0.857	5
0.864	5
0.872	5
0.873	5
0.891	5
0.894	5
0.902	5
0.904	5
0.912	5
0.912	6
0.912	7
0.913	7
0.913	7
0.917	8
0.919	8
0.937	8
0.94	8
0.941	8
0.943	8
0.944	8
0.95	8
0.95	8
0.958	8
0.96	8
0.96	8
0.965	8
0.976	8
0.984	8
0.988	8
0.988	8
0.988	8
0.99	8
0.997	8
0.997	8
0.999	8
1.0	8
1.003	8
1.004	8
1.008	8
1.011	8
1.017	8
1.018	8
1.036	8
1.063	8
1.067	8
1.079	8
1.079	8
1.094	8
1.098	8
1.121	8
1.129	8
1.145	8
1.155	8
1.161	8
1.183	8
1.184	8
1.185	8
1.198	8
1.205	8
1.23	8
1.236	8
1.249	8
1.271	8
1.273	8
1.284	8
1.297	8
1.301	8
1.302	8
1.33	8
1.401	8
1.402	8
1.531	7
1.573	7
1.62	7
1.638	7
1.643	7
1.643	7
1.732	7
1.795	7
1.833	7
1.867	7
1.891	7
2.01	7
2.025	6
2.039	6
2.116	6
2.158	6
2.216	6
2.305	6
2.337	6
2.431	6
2.448	6
2.474	6
2.693	6
2.758	6
2.781	6
2.805	6
2.809	6
2.887	6
2.915	6
2.93	6
3.042	6
3.045	6
3.075	6
3.089	6
3.145	6
3.219	6
3.254	6
3.321	6
3.372	6
3.385	6
3.406	6
3.468	6
3.473	6
3.497	6
3.542	6
3.58	6
3.591	6
3.645	6
3.782	6
3.858	6
3.915	6
3.994	6
4.056	6
4.072	6
4.158	6
4.168	6
4.184	6
4.204	6
4.207	6
4.273	6
4.298	6
4.33	6
4.348	6
4.442	6
4.478	6
4.521	6
4.59	6
4.619	6
4.741	6
4.929	5
4.936	5
4.975	5
5.045	5
5.073	5
5.08	5
5.088	5
5.153	5
5.171	5
5.241	5
5.254	5
5.364	5
5.405	5
5.455	5
5.462	5
5.488	5
5.582	5
5.584	5
5.613	5
5.625	5
5.673	5
5.705	5
5.72	5
5.801	5
5.851	5
5.852	5
5.934	5
6.016	5
6.036	5
6.118	5
6.22	5
6.31	5
6.479	5
6.484	5
6.579	5
6.674	5
6.695	5
6.808	5
6.844	5
6.878	5
6.909	5
6.983	5
7.1	5
7.154	5
7.156	5
7.182	5
7.192	5
7.218	5
7.224	5
7.338	5
7.357	5
7.488	5
7.498	5
7.529	5
7.589	5
7.609	5
7.633	5
7.644	5
7.974	5
8.002	5
8.035	5
8.077	5
8.087	5
8.11	4
8.143	4
8.175	3
8.421	3
8.574	3
8.592	3
8.625	3
8.724	3
8.824	3
8.967	3
9.005	3
9.066	3
9.201	3
9.382	3
9.469	3
9.5	3
9.506	3
9.511	3
9.692	3
9.893	3
9.936	3
9.951	3
10.025	3
10.12	3
10.25	3
10.304	3
10.309	3
10.347	3
10.348	3
10.374	3
10.426	3
10.518	3
10.596	3
10.605	3
10.789	3
10.837	3
11.172	3
11.266	3
11.541	3
11.832	3
11.934	3
12.335	3
12.431	3
12.518	3
12.587	3
12.974	3
13.063	3
13.086	3
13.09	3
13.338	3
13.564	3
13.629	3
13.779	3
14.268	3
15.158	3
15.191	3
15.325	3
15.386	3
15.475	3
15.476	3
15.509	3
15.609	3
15.639	3
15.749	3
15.838	3
16.165	3
16.179	3
16.327	3
16.393	3
16.585	3
17.019	3
17.165	3
17.197	3
17.208	3
17.365	3
17.454	3
17.516	3
17.55	3
17.591	3
18.32	3
18.339	3
18.497	3
18.725	3
18.825	3
18.953	3
19.032	3
20.624	3
22.37	3
23.344	3
23.857	3
24.358	3
25.787	3
25.823	3
25.963	3
26.569	3
0.0	1
0.001	1
0.003	1
0.003	1
0.004	1
0.004	1
0.004	1
0.004	1
0.004	1
0.006	1
0.008	1
0.008	1
0.009	1
0.011	1
0.011	1
0.011	1
0.012	1
0.013	1
0.014	1
0.015	1
0.016	1
0.016	1
0.017	1
0.018	1
0.02	1
0.021	1
0.023	1
0.023	1
0.034	1
0.042	1
0.046	1
0.078	1
0.08	1
0.08	1
0.092	1
0.103	1
0.104	1
0.104	1
0.106	1
0.109	1
0.115	1
0.124	1
0.127	1
0.135	1
0.141	1
0.152	1
0.154	1
0.154	1
0.156	1
0.16	1
0.165	1
0.166	1
0.169	1
0.17	1
0.173	1
0.173	1
0.175	1
0.176	1
0.177	1
0.178	1
0.178	1
0.187	1
0.187	1
0.189	1
0.191	1
0.194	2
0.194	2
0.194	2
0.194	2
0.202	2
0.202	2
0.204	2
0.205	2
0.205	2
0.21	2
0.213	2
0.213	2
0.216	2
0.217	2
0.218	2
0.224	2
0.226	2
0.23	2
0.23	2
0.231	2
0.234	2
0.235	2
0.235	2
0.238	2
0.24	2
0.246	2
0.248	2
0.25	2
0.255	2
0.261	2
0.264	2
0.264	2
0.264	2
0.266	2
0.269	2
0.272	2
0.275	2
0.275	2
0.279	2
0.279	2
0.28	2
0.281	2
0.288	2
0.294	2
0.294	2
0.295	2
0.296	2
0.3	2
0.301	2
0.302	2
0.31	2
0.312	2
0.312	2
0.315	2
0.316	2
0.321	2
0.323	2
0.325	2
0.326	2
0.327	2
0.327	2
0.332	2
0.341	2
0.343	3
0.343	3
0.347	3
0.349	3
0.36	3
0.364	3
0.364	3
0.371	3
0.372	3
0.373	3
0.375	3
0.377	3
0.378	3
0.379	3
0.384	3
0.385	3
0.386	3
0.395	3
0.403	3
0.403	3
0.405	3
0.406	3
0.413	3
0.414	3
0.426	3
0.434	3
0.437	3
0.438	3
0.438	3
0.44	3
0.44	3
0.446	3
0.447	3
0.448	3
0.45	3
0.452	3
0.454	3
0.459	3
0.46	3
0.463	3
0.464	3
0.465	3
0.466	3
0.489	3
0.492	3
0.499	3
0.506	3
0.512	3
0.514	3
0.522	3
0.523	3
0.529	3
0.529	3
0.529	3
0.535	3
0.541	3
0.547	3
0.549	3
0.55	3
0.555	3
0.556	3
0.559	3
0.56	3
0.563	3
0.563	3
0.581	3
0.587	3
0.59	3
0.59	3
0.592	3
0.594	3
0.594	3
0.594	3
0.597	3
0.602	3
0.619	3
0.622	3
0.627	3
0.635	3
0.635	3
0.639	3
0.64	3
0.64	3
0.643	3
0.654	3
0.664	3
0.667	3
0.67	3
0.675	3
0.676	3
0.696	3
0.697	3
0.698	3
0.7	3
0.703	3
0.713	3
0.716	3
0.719	3
0.721	3
0.722	3
0.735	3
0.735	3
0.736	3
0.74	3
0.74	3
0.742	3
0.749	3
0.761	3
0.762	3
0.762	3
0.763	3
0.766	3
0.768	3
0.775	3
0.775	3
0.78	3
0.786	3
0.789	3
0.79	3
0.791	3
0.795	3
0.797	3
0.797	3
0.798	3
0.8	3
0.8	3
0.801	3
0.813	3
0.813	3
0.814	3
0.82	3
0.835	3
0.836	3
0.84	3
0.844	3
0.848	3
0.849	3
0.85	3
0.851	3
0.851	3
0.856	3
0.863	3
0.871	3
0.872	3
0.89	3
0.893	3
0.901	3
0.903	3
0.911	3
0.911	3
0.911	3
0.912	3
0.912	3
0.916	3
0.918	3
0.936	3
0.939	3
0.94	3
0.942	3
0.943	3
0.949	3
0.949	3
0.957	3
0.959	3
0.959	3
0.964	3
0.975	3
0.983	3
0.987	3
0.987	3
0.987	3
0.989	3
0.996	3
0.996	3
0.998	3
0.999	3
1.002	3
1.003	3
1.007	3
1.01	3
1.016	3
1.017	3
1.035	3
1.062	3
1.066	3
1.078	3
1.078	3
1.093	3
1.097	3
1.12	3
1.128	3
1.144	3
1.154	3
1.16	3
1.182	3
1.183	3
1.184	3
1.197	3
1.204	3
1.229	3
1.235	3
1.248	3
1.27	3
1.272	3
1.283	3
1.296	3
1.3	3
1.301	3
1.329	3
1.4	3
1.401	3
1.53	3
1.572	3
1.619	3
1.637	3
1.642	3
1.642	3
1.731	3
1.794	3
1.832	3
1.866	3
1.89	3
2.009	3
2.024	3
2.038	3
2.115	3
2.157	3
2.215	3
2.304	3
2.336	3
2.43	3
2.447	3
2.473	3
2.692	3
2.757	3
2.78	3
2.804	3
2.808	3
2.886	3
2.914	3
2.929	3
3.041	3
3.044	3
3.074	3
3.088	3
3.144	3
3.218	3
3.253	3
3.32	3
3.371	3
3.384	3
3.405	3
3.467	3
3.472	3
3.496	3
3.541	3
3.579	3
3.59	3
3.644	3
3.781	3
3.857	3
3.914	3
3.993	3
4.055	3
4.071	3
4.157	3
4.167	3
4.183	3
4.203	3
4.206	3
4.272	3
4.297	3
4.329	3
4.347	3
4.441	3
4.477	3
4.52	3
4.589	3
4.618	3
4.74	3
4.928	3
4.935	3
4.974	3
5.044	3
5.072	3
5.079	3
5.087	3
5.152	3
5.17	3
5.24	3
5.253	3
5.363	3
5.404	3
5.454	3
5.461	3
5.487	3
5.581	3
5.583	3
5.612	3
5.624	3
5.672	3
5.704	3
5.719	3
5.8	3
5.85	3
5.851	3
5.933	3
6.015	3
6.035	3
6.117	3
6.219	3
6.309	3
6.478	3
6.483	3
6.578	3
6.673	3
6.694	3
6.807	3
6.843	3
6.877	3
6.908	3
6.982	3
7.099	3
7.153	3
7.155	3
7.181	3
7.191	3
7.217	3
7.223	3
7.337	3
7.356	3
7.487	3
7.497	3
7.528	3
7.588	3
7.608	3
7.632	3
7.643	3
7.973	3
8.001	3
8.034	3
8.076	3
8.086	3
8.109	3
8.142	3
8.174	3
8.42	3
8.573	3
8.591	3
8.624	3
8.723	3
8.823	3
8.966	3
9.004	3
9.065	3
9.2	3
9.381	3
9.468	3
9.499	3
9.505	3
9.51	3
9.691	3
9.892	3
9.935	3
9.95	3
10.024	3
10.119	3
10.249	3
10.303	3
10.308	3
10.346	3
10.347	3
10.373	3
10.425	3
10.517	3
10.595	3
10.604	3
10.788	3
10.836	3
11.171	3
11.265	3
11.54	3
11.831	3
11.933	3
12.334	3
12.43	3
12.517	3
12.586	3
12.973	3
13.062	3
13.085	3
13.089	3
13.337	3
13.563	3
13.628	3
13.778	3
14.267	3
15.157	3
15.19	3
15.324	3
15.385	3
15.474	3
15.475	3
15.508	3
15.608	3
15.638	3
15.748	3
15.837	3
16.164	3
16.178	3
16.326	3
16.392	3
16.584	3
17.018	3
17.164	3
17.196	3
17.207	3
17.364	3
17.453	3
17.515	3
17.549	3
17.59	3
18.319	3
18.338	3
18.496	3
18.724	3
18.824	3
18.952	3
19.031	3
20.623	3
22.369	3
23.343	3
23.856	3
24.357	3
25.786	3
25.822	3
25.962	3
26.568	3
0.0	1
0.002	1
0.002	1
0.003	1
0.003	1
0.003	1
0.003	1
0.003	1
0.005	1
0.007	1
0.007	1
0.008	1
0.01	1
0.01	1
0.01	1
0.011	1
0.012	1
0.013	1
0.014	1
0.015	1
0.015	1
0.016	1
0.017	1
0.019	1
0.02	1
0.022	1
0.022	1
0.033	1
0.041	1
0.045	1
0.077	1
0.079	1
0.079	1
0.091	1
0.102	1
0.103	1
0.103	1
0.105	1
0.108	1
0.114	1
0.123	1
0.126	1
0.134	1
0.14	1
0.151	1
0.153	1
0.153	1
0.155	1
0.159	1
0.164	1
0.165	1
0.168	1
0.169	1
0.172	1
0.172	1
0.174	1
0.175	1
0.176	1
0.177	1
0.177	1
0.186	1
0.186	1
0.188	1
0.19	1
0.193	1
0.193	1
0.193	1
0.193	1
0.201	1
0.201	1
0.203	1
0.204	1
0.204	1
0.209	1
0.212	1
0.212	1
0.215	1
0.216	1
0.217	1
0.223	1
0.225	1
0.229	1
0.229	1
0.23	1
0.233	1
0.234	1
0.234	1
0.237	1
0.239	1
0.245	1
0.247	1
0.249	1
0.254	1
0.26	1
0.263	1
0.263	1
0.263	1
0.265	1
0.268	1
0.271	1
0.274	1
0.274	1
0.278	1
0.278	1
0.279	1
0.28	1
0.287	1
0.293	1
0.293	1
0.294	1
0.295	1
0.299	1
0.3	1
0.301	1
0.309	1
0.311	1
0.311	1
0.314	1
0.315	1
0.32	1
0.322	1
0.324	1
0.325	1
0.326	1
0.326	1
0.331	1
0.34	1
0.342	1
0.342	1
0.346	1
0.348	1
0.359	1
0.363	1
0.363	1
0.37	1
0.371	1
0.372	1
0.374	1
0.376	1
0.377	1
0.378	1
0.383	1
0.384	1
0.385	1
0.394	1
0.402	1
0.402	1
0.404	1
0.405	1
0.412	1
0.413	1
0.425	1
0.433	1
0.436	1
0.437	1
0.437	1
0.439	1
0.439	1
0.445	1
0.446	1
0.447	1
0.449	1
0.451	1
0.453	1
0.458	1
0.459	1
0.462	1
0.463	1
0.464	1
0.465	1
0.488	1
0.491	1
0.498	1
0.505	1
0.511	1
0.513	1
0.521	1
0.522	1
0.528	1
0.528	1
0.528	1
0.534	1
0.54	1
0.546	1
0.548	1
0.549	1
0.554	1
0.555	1
0.558	1
0.559	1
0.562	1
0.562	1
0.58	1
0.586	1
0.589	1
0.589	1
0.591	1
0.593	1
0.593	1
0.593	1
0.596	1
0.601	1
0.618	1
0.621	1
0.626	1
0.634	1
0.634	1
0.638	1
0.639	1
0.639	1
0.642	1
0.653	1
0.663	1
0.666	1
0.669	1
0.674	1
0.675	1
0.695	1
0.696	1
0.697	1
0.699	1
0.702	1
0.712	1
0.715	1
0.718	1
0.72	1
0.721	1
0.734	1
0.734	1
0.735	1
0.739	1
0.739	1
0.741	1
0.748	1
0.76	1
0.761	1
0.761	1
0.762	1
0.765	1
0.767	1
0.774	1
0.774	1
0.779	1
0.785	1
0.788	1
0.789	1
0.79	1
0.794	1
0.796	1
0.796	1
0.797	1
0.799	1
0.799	1
0.8	1
0.812	1
0.812	1
0.813	1
0.819	1
0.834	1
0.835	1
0.839	1
0.843	1
0.847	1
0.848	1
0.849	1
0.85	1
0.85	1
0.855	1
0.862	1
0.87	1
0.871	1
0.889	1
0.892	1
0.9	1
0.902	1
0.91	1
0.91	1
0.91	1
0.911	1
0.911	1
0.915	1
0.917	1
0.935	1
0.938	1
0.939	1
0.941	1
0.942	1
0.948	1
0.948	1
0.956	1
0.958	1
0.958	1
0.963	1
0.974	1
0.982	1
0.986	1
0.986	1
0.986	1
0.988	1
0.995	1
0.995	1
0.997	1
0.998	1
1.001	1
1.002	1
1.006	1
1.009	1
1.015	1
1.016	1
1.034	1
1.061	1
1.065	1
1.077	1
1.077	1
1.092	1
1.096	1
1.119	1
1.127	2
1.143	2
1.153	2
1.159	2
1.181	2
1.182	2
1.183	2
1.196	2
1.203	2
1.228	2
1.234	2
1.247	2
1.269	2
1.271	2
1.282	2
1.295	2
1.299	2
1.3	2
1.328	2
1.399	2
1.4	2
1.529	2
1.571	2
1.618	2
1.636	2
1.641	2
1.641	2
1.73	2
1.793	2
1.831	2
1.865	3
1.889	3
2.008	3
2.023	3
2.037	3
2.114	4
2.156	4
2.214	4
2.303	5
2.335	5
2.429	5
2.446	5
2.472	5
2.691	5
2.756	5
2.779	5
2.803	5
2.807	5
2.885	5
2.913	5
2.928	5
3.04	5
3.043	5
3.073	5
3.087	4
3.143	4
3.217	4
3.252	4
3.319	4
3.37	4
3.383	4
3.404	4
3.466	4
3.471	4
3.495	4
3.54	4
3.578	4
3.589	4
3.643	4
3.78	4
3.856	4
3.913	4
3.992	4
4.054	4
4.07	4
4.156	4
4.166	4
4.182	4
4.202	4
4.205	4
4.271	4
4.296	4
4.328	4
4.346	4
4.44	4
4.476	4
4.519	4
4.588	4
4.617	4
4.739	4
4.927	4
4.934	4
4.973	4
5.043	4
5.071	4
5.078	4
5.086	4
5.151	4
5.169	4
5.239	4
5.252	4
5.362	4
5.403	4
5.453	4
5.46	4
5.486	4
5.58	4
5.582	4
5.611	4
5.623	4
5.671	4
5.703	4
5.718	4
5.799	4
5.849	4
5.85	4
5.932	4
6.014	4
6.034	4
6.116	4
6.218	4
6.308	4
6.477	4
6.482	4
6.577	4
6.672	4
6.693	4
6.806	4
6.842	4
6.876	4
6.907	4
6.981	4
7.098	4
7.152	4
7.154	4
7.18	4
7.19	4
7.216	4
7.222	4
7.336	4
7.355	4
7.486	4
7.496	4
7.527	4
7.587	4
7.607	4
7.631	4
7.642	3
7.972	3
8.0	3
8.033	3
8.075	3
8.085	3
8.108	3
8.141	3
8.173	3
8.419	3
8.572	3
8.59	3
8.623	3
8.722	3
8.822	3
8.965	3
9.003	3
9.064	3
9.199	3
9.38	3
9.467	3
9.498	3
9.504	3
9.509	3
9.69	3
9.891	3
9.934	3
9.949	3
10.023	3
10.118	3
10.248	3
10.302	3
10.307	3
10.345	3
10.346	3
10.372	3
10.424	3
10.516	3
10.594	3
10.603	3
10.787	3
10.835	3
11.17	3
11.264	3
11.539	3
11.83	3
11.932	3
12.333	3
12.429	3
12.516	3
12.585	3
12.972	3
13.061	3
13.084	3
13.088	3
13.336	3
13.562	3
13.627	3
13.777	3
14.266	3
15.156	3
15.189	3
15.323	3
15.384	3
15.473	3
15.474	3
15.507	3
15.607	3
15.637	3
15.747	3
15.836	3
16.163	3
16.177	3
16.325	3
16.391	3
16.583	3
17.017	3
17.163	3
17.195	3
17.206	3
17.363	3
17.452	3
17.514	3
17.548	3
17.589	3
18.318	3
18.337	3
18.495	3
18.723	3
18.823	3
18.951	3
19.03	3
20.622	3
22.368	3
23.342	3
23.855	3
24.356	3
25.785	3
25.821	3
25.961	3
26.567	3
0.001	1
0.001	1
0.002	1
0.002	1
0.002	1
0.002	1
0.002	1
0.004	1
0.006	1
0.006	1
0.007	1
0.009	1
0.009	1
0.009	1
0.01	1
0.011	1
0.012	1
0.013	1
0.014	1
0.014	1
0.015	1
0.016	1
0.018	1
0.019	1
0.021	1
0.021	1
0.032	1
0.04	1
0.044	1
0.076	1
0.078	1
0.078	1
0.09	1
0.101	1
0.102	1
0.102	1
0.104	1
0.107	1
0.113	1
0.122	1
0.125	1
0.133	1
0.139	1
0.15	1
0.152	1
0.152	1
0.154	1
0.158	2
0.163	2
0.164	2
0.167	2
0.168	2
0.171	2
0.171	2
0.173	2
0.174	2
0.175	2
0.176	2
0.176	2
0.185	2
0.185	2
0.187	2
0.189	2
0.192	2
0.192	2
0.192	2
0.192	2
0.2	2
0.2	2
0.202	2
0.203	2
0.203	2
0.208	2
0.211	2
0.211	2
0.214	2
0.215	2
0.216	2
0.222	2
0.224	2
0.228	2
0.228	2
0.229	2
0.232	2
0.233	2
0.233	2
0.236	2
0.238	2
0.244	2
0.246	2
0.248	2
0.253	2
0.259	2
0.262	2
0.262	2
0.262	2
0.264	2
0.267	2
0.27	2
0.273	2
0.273	2
0.277	2
0.277	2
0.278	2
0.279	2
0.286	2
0.292	2
0.292	2
0.293	2
0.294	2
0.298	2
0.299	2
0.3	2
0.308	2
0.31	2
0.31	2
0.313	2
0.314	2
0.319	2
0.321	2
0.323	2
0.324	2
0.325	2
0.325	2
0.33	2
0.339	2
0.341	2
0.341	2
0.345	2
0.347	2
0.358	2
0.362	2
0.362	2
0.369	2
0.37	2
0.371	2
0.373	2
0.375	2
0.376	2
0.377	2
0.382	2
0.383	2
0.384	2
0.393	2
0.401	2
0.401	2
0.403	3
0.404	3
0.411	3
0.412	3
0.424	3
0.432	3
0.435	3
0.436	3
0.436	3
0.438	3
0.438	3
0.444	3
0.445	3
0.446	3
0.448	3
0.45	4
0.452	4
0.457	4
0.458	4
0.461	4
0.462	4
0.463	4
0.464	4
0.487	4
0.49	5
0.497	5
0.504	5
0.51	5
0.512	5
0.52	5
0.521	5
0.527	5
0.527	5
0.527	5
0.533	5
0.539	5
0.545	5
0.547	5
0.548	5
0.553	5
0.554	5
0.557	5
0.558	5
0.561	5
0.561	5
0.579	5
0.585	5
0.588	5
0.588	5
0.59	5
0.592	5
0.592	5
0.592	5
0.595	5
0.6	5
0.617	5
0.62	5
0.625	5
0.633	5
0.633	5
0.637	5
0.638	5
0.638	5
0.641	5
0.652	5
0.662	5
0.665	5
0.668	5
0.673	5
0.674	5
0.694	5
0.695	5
0.696	5
0.698	5
0.701	5
0.711	5
0.714	5
0.717	5
0.719	5
0.72	5
0.733	5
0.733	5
0.734	5
0.738	5
0.738	5
0.74	5
0.747	5
0.759	6
0.76	6
0.76	6
0.761	6
0.764	6
0.766	6
0.773	6
0.773	6
0.778	6
0.784	6
0.787	6
0.788	6
0.789	6
0.793	6
0.795	6
0.795	6
0.796	6
0.798	6
0.798	6
0.799	6
0.811	6
0.811	6
0.812	6
0.818	6
0.833	6
0.834	6
0.838	6
0.842	6
0.846	6
0.847	6
0.848	6
0.849	6
0.849	6
0.854	6
0.861	6
0.869	6
0.87	6
0.888	6
0.891	6
0.899	6
0.901	6
0.909	6
0.909	6
0.909	6
0.91	6
0.91	6
0.914	6
0.916	6
0.934	6
0.937	6
0.938	6
0.94	6
0.941	6
0.947	7
0.947	7
0.955	7
0.957	7
0.957	7
0.962	7
0.973	7
0.981	7
0.985	7
0.985	7
0.985	7
0.987	7
0.994	7
0.994	7
0.996	7
0.997	7
1.0	7
1.001	7
1.005	7
1.008	7
1.014	7
1.015	7
1.033	7
1.06	7
1.064	7
1.076	7
1.076	8
1.091	8
1.095	8
1.118	8
1.126	8
1.142	8
1.152	8
1.158	8
1.18	8
1.181	8
1.182	8
1.195	8
1.202	8
1.227	8
1.233	8
1.246	8
1.268	8
1.27	8
1.281	8
1.294	8
1.298	8
1.299	8
1.327	8
1.398	8
1.399	8
1.528	8
1.57	8
1.617	8
1.635	8
1.64	8
1.64	8
1.729	8
1.792	8
1.83	7
1.864	7
1.888	7
2.007	7
2.022	7
2.036	7
2.113	7
2.155	7
2.213	7
2.302	7
2.334	7
2.428	7
2.445	6
2.471	6
2.69	6
2.755	6
2.778	6
2.802	6
2.806	6
2.884	6
2.912	6
2.927	6
3.039	6
3.042	6
3.072	6
3.086	6
3.142	6
3.216	6
3.251	6
3.318	6
3.369	6
3.382	6
3.403	6
3.465	6
3.47	6
3.494	6
3.539	6
3.577	6
3.588	6
3.642	6
3.779	6
3.855	6
3.912	6
3.991	6
4.053	6
4.069	6
4.155	6
4.165	6
4.181	6
4.201	6
4.204	6
4.27	6
4.295	6
4.327	6
4.345	6
4.439	6
4.475	6
4.518	6
4.587	6
4.616	6
4.738	6
4.926	6
4.933	6
4.972	6
5.042	6
5.07	6
5.077	6
5.085	6
5.15	6
5.168	6
5.238	6
5.251	6
5.361	6
5.402	6
5.452	6
5.459	6
5.485	6
5.579	6
5.581	6
5.61	6
5.622	6
5.67	6
5.702	6
5.717	6
5.798	6
5.848	6
5.849	6
5.931	6
6.013	6
6.033	6
6.115	6
6.217	6
6.307	6
6.476	6
6.481	6
6.576	6
6.671	6
6.692	6
6.805	6
6.841	6
6.875	6
6.906	6
6.98	6
7.097	6
7.151	6
7.153	6
7.179	6
7.189	6
7.215	6
7.221	6
7.335	6
7.354	6
7.485	6
7.495	6
7.526	6
7.586	6
7.606	6
7.63	6
7.641	6
7.971	6
7.999	6
8.032	6
8.074	6
8.084	6
8.107	6
8.14	6
8.172	6
8.418	6
8.571	6
8.589	6
8.622	6
8.721	6
8.821	6
8.964	6
9.002	6
9.063	6
9.198	6
9.379	6
9.466	5
9.497	5
9.503	5
9.508	5
9.689	5
9.89	5
9.933	5
9.948	5
10.022	5
10.117	5
10.247	5
10.301	5
10.306	5
10.344	5
10.345	5
10.371	5
10.423	5
10.515	5
10.593	5
10.602	5
10.786	5
10.834	5
11.169	5
11.263	5
11.538	5
11.829	5
11.931	5
12.332	5
12.428	5
12.515	5
12.584	5
12.971	5
13.06	5
13.083	5
13.087	5
13.335	5
13.561	5
13.626	5
13.776	5
14.265	5
15.155	5
15.188	5
15.322	4
15.383	4
15.472	4
15.473	4
15.506	4
15.606	4
15.636	4
15.746	3
15.835	3
16.162	3
16.176	3
16.324	3
16.39	3
16.582	3
17.016	3
17.162	3
17.194	3
17.205	3
17.362	3
17.451	3
17.513	3
17.547	3
17.588	3
18.317	3
18.336	3
18.494	3
18.722	3
18.822	3
18.95	3
19.029	3
20.621	3
22.367	3
23.341	3
23.854	3
24.355	3
25.784	3
25.82	3
25.96	3
26.566	3
0.0	1
0.001	1
0.001	1
0.001	1
0.001	1
0.001	1
0.003	1
0.005	1
0.005	1
0.006	1
0.008	1
0.008	1
0.008	1
0.009	1
0.01	1
0.011	1
0.012	1
0.013	1
0.013	1
0.014	1
0.015	1
0.017	1
0.018	1
0.02	1
0.02	1
0.031	1
0.039	1
0.043	2
0.075	2
0.077	2
0.077	2
0.089	2
0.1	2
0.101	2
0.101	2
0.103	2
0.106	2
0.112	2
0.121	2
0.124	2
0.132	2
0.138	2
0.149	2
0.151	2
0.151	2
0.153	2
0.157	2
0.162	2
0.163	2
0.166	2
0.167	2
0.17	3
0.17	3
0.172	3
0.173	4
0.174	4
0.175	4
0.175	4
0.184	4
0.184	4
0.186	4
0.188	4
0.191	4
0.191	4
0.191	4
0.191	4
0.199	4
0.199	4
0.201	4
0.202	4
0.202	4
0.207	4
0.21	4
0.21	4
0.213	4
0.214	4
0.215	4
0.221	4
0.223	4
0.227	4
0.227	4
0.228	4
0.231	4
0.232	4
0.232	4
0.235	4
0.237	4
0.243	4
0.245	4
0.247	4
0.252	4
0.258	4
0.261	4
0.261	4
0.261	4
0.263	4
0.266	4
0.269	4
0.272	4
0.272	4
0.276	4
0.276	4
0.277	4
0.278	4
0.285	4
0.291	4
0.291	4
0.292	4
0.293	4
0.297	4
0.298	4
0.299	4
0.307	4
0.309	4
0.309	4
0.312	4
0.313	4
0.318	4
0.32	4
0.322	4
0.323	4
0.324	4
0.324	4
0.329	4
0.338	4
0.34	4
0.34	4
0.344	4
0.346	4
0.357	4
0.361	4
0.361	4
0.368	4
0.369	4
0.37	4
0.372	4
0.374	4
0.375	4
0.376	4
0.381	4
0.382	4
0.383	4
0.392	4
0.4	4
0.4	4
0.402	4
0.403	4
0.41	4
0.411	4
0.423	4
0.431	4
0.434	4
0.435	4
0.435	4
0.437	4
0.437	4
0.443	4
0.444	4
0.445	4
0.447	4
0.449	4
0.451	4
0.456	4
0.457	4
0.46	4
0.461	4
0.462	4
0.463	4
0.486	4
0.489	4
0.496	4
0.503	4
0.509	4
0.511	4
0.519	4
0.52	4
0.526	4
0.526	4
0.526	4
0.532	4
0.538	4
0.544	4
0.546	4
0.547	4
0.552	4
0.553	4
0.556	4
0.557	4
0.56	4
0.56	4
0.578	4
0.584	4
0.587	4
0.587	4
0.589	4
0.591	4
0.591	4
0.591	4
0.594	4
0.599	4
0.616	4
0.619	4
0.624	4
0.632	4
0.632	4
0.636	4
0.637	4
0.637	4
0.64	4
0.651	4
0.661	4
0.664	4
0.667	4
0.672	5
0.673	5
0.693	5
0.694	5
0.695	5
0.697	5
0.7	5
0.71	5
0.713	5
0.716	5
0.718	5
0.719	5
0.732	5
0.732	5
0.733	5
0.737	5
0.737	5
0.739	5
0.746	5
0.758	5
0.759	5
0.759	5
0.76	5
0.763	5
0.765	5
0.772	5
0.772	5
0.777	5
0.783	5
0.786	5
0.787	5
0.788	5
0.792	5
0.794	5
0.794	5
0.795	5
0.797	5
0.797	5
0.798	5
0.81	5
0.81	5
0.811	5
0.817	5
0.832	5
0.833	5
0.837	5
0.841	5
0.845	5
0.846	5
0.847	5
0.848	5
0.848	5
0.853	5
0.86	5
0.868	5
0.869	5
0.887	5
0.89	5
0.898	5
0.9	5
0.908	5
0.908	5
0.908	5
0.909	5
0.909	5
0.913	5
0.915	5
0.933	5
0.936	5
0.937	5
0.939	5
0.94	5
0.946	5
0.946	5
0.954	5
0.956	5
0.956	5
0.961	5
0.972	5
0.98	5
0.984	5
0.984	5
0.984	5
0.986	5
0.993	5
0.993	5
0.995	5
0.996	5
0.999	5
1.0	5
1.004	5
1.007	5
1.013	5
1.014	5
1.032	5
1.059	5
1.063	5
1.075	5
1.075	5
1.09	5
1.094	5
1.117	5
1.125	5
1.141	5
1.151	5
1.157	5
1.179	5
1.18	5
1.181	5
1.194	5
1.201	5
1.226	5
1.232	5
1.245	5
1.267	5
1.269	5
1.28	5
1.293	5
1.297	5
1.298	5
1.326	5
1.397	5
1.398	5
1.527	5
1.569	5
1.616	5
1.634	5
1.639	5
1.639	5
1.728	5
1.791	5
1.829	5
1.863	5
1.887	5
2.006	5
2.021	5
2.035	5
2.112	5
2.154	5
2.212	5
2.301	5
2.333	5
2.427	5
2.444	5
2.47	5
2.689	5
2.754	5
2.777	5
2.801	5
2.805	5
2.883	5
2.911	5
2.926	5
3.038	5
3.041	5
3.071	5
3.085	5
3.141	5
3.215	5
3.25	5
3.317	5
3.368	5
3.381	5
3.402	5
3.464	5
3.469	5
3.493	5
3.538	5
3.576	5
3.587	5
3.641	5
3.778	5
3.854	5
3.911	5
3.99	5
4.052	5
4.068	5
4.154	5
4.164	5
4.18	5
4.2	5
4.203	5
4.269	5
4.294	5
4.326	5
4.344	5
4.438	5
4.474	4
4.517	4
4.586	4
4.615	4
4.737	4
4.925	4
4.932	4
4.971	4
5.041	4
5.069	4
5.076	4
5.084	4
5.149	4
5.167	3
5.237	3
5.25	3
5.36	3
5.401	3
5.451	3
5.458	3
5.484	3
5.578	3
5.58	3
5.609	3
5.621	3
5.669	3
5.701	3
5.716	3
5.797	3
5.847	3
5.848	3
5.93	3
6.012	3
6.032	3
6.114	3
6.216	3
6.306	3
6.475	3
6.48	3
6.575	3
6.67	3
6.691	3
6.804	3
6.84	3
6.874	3
6.905	3
6.979	3
7.096	3
7.15	3
7.152	3
7.178	3
7.188	3
7.214	3
7.22	3
7.334	3
7.353	3
7.484	3
7.494	3
7.525	3
7.585	3
7.605	3
7.629	3
7.64	3
7.97	3
7.998	3
8.031	3
8.073	3
8.083	3
8.106	3
8.139	3
8.171	3
8.417	3
8.57	3
8.588	3
8.621	3
8.72	3
8.82	3
8.963	3
9.001	3
9.062	3
9.197	3
9.378	3
9.465	3
9.496	3
9.502	3
9.507	3
9.688	3
9.889	3
9.932	3
9.947	3
10.021	3
10.116	3
10.246	3
10.3	3
10.305	3
10.343	3
10.344	3
10.37	3
10.422	3
10.514	3
10.592	3
10.601	3
10.785	3
10.833	3
11.168	3
11.262	3
11.537	3
11.828	3
11.93	3
12.331	3
12.427	3
12.514	3
12.583	3
12.97	3
13.059	3
13.082	3
13.086	3
13.334	3
13.56	3
13.625	3
13.775	3
14.264	3
15.154	3
15.187	3
15.321	3
15.382	3
15.471	3
15.472	3
15.505	3
15.605	3
15.635	3
15.745	3
15.834	3
16.161	3
16.175	3
16.323	3
16.389	3
16.581	3
17.015	3
17.161	3
17.193	3
17.204	3
17.361	3
17.45	3
17.512	3
17.546	3
17.587	3
18.316	3
18.335	3
18.493	3
18.721	3
18.821	3
18.949	3
19.028	3
20.62	3
22.366	3
23.34	3
23.853	3
24.354	3
25.783	3
25.819	3
25.959	3
26.565	3
0.001	1
0.003	1
0.005	1
0.005	1
0.006	1
0.008	1
0.008	1
0.008	1
0.009	1
0.01	1
0.011	1
0.012	1
0.013	1
0.013	1
0.014	1
0.015	1
0.017	1
0.018	1
0.02	1
0.02	1
0.031	1
0.039	1
0.043	1
0.075	1
0.077	1
0.077	1
0.089	2
0.1	2
0.101	2
0.101	2
0.103	2
0.106	2
0.112	2
0.121	2
0.124	2
0.132	2
0.138	2
0.149	2
0.151	2
0.151	2
0.153	2
0.157	2
0.162	2
0.163	2
0.166	2
0.167	2
0.17	2
0.17	2
0.172	2
0.173	2
0.174	2
0.175	2
0.175	2
0.184	2
0.184	2
0.186	2
0.188	2
0.191	2
0.191	2
0.191	2
0.191	2
0.199	2
0.199	2
0.201	2
0.202	2
0.202	2
0.207	2
0.21	2
0.21	2
0.213	2
0.214	2
0.215	2
0.221	2
0.223	2
0.227	2
0.227	2
0.228	2
0.231	2
0.232	2
0.232	2
0.235	2
0.237	2
0.243	2
0.245	2
0.247	2
0.252	2
0.258	2
0.261	2
0.261	2
0.261	2
0.263	2
0.266	2
0.269	2
0.272	2
0.272	2
0.276	2
0.276	2
0.277	2
0.278	2
0.285	2
0.291	2
0.291	2
0.292	2
0.293	2
0.297	2
0.298	2
0.299	2
0.307	2
0.309	2
0.309	2
0.312	2
0.313	2
0.318	2
0.32	2
0.322	2
0.323	2
0.324	2
0.324	2
0.329	2
0.338	2
0.34	2
0.34	2
0.344	2
0.346	2
0.357	2
0.361	2
0.361	2
0.368	2
0.369	2
0.37	2
0.372	2
0.374	2
0.375	2
0.376	2
0.381	2
0.382	2
0.383	2
0.392	2
0.4	2
0.4	2
0.402	2
0.403	2
0.41	2
0.411	2
0.423	2
0.431	2
0.434	2
0.435	2
0.435	2
0.437	2
0.437	2
0.443	2
0.444	2
0.445	2
0.447	2
0.449	2
0.451	2
0.456	2
0.457	2
0.46	3
0.461	3
0.462	3
0.463	3
0.486	3
0.489	3
0.496	3
0.503	3
0.509	3
0.511	3
0.519	3
0.52	3
0.526	3
0.526	3
0.526	3
0.532	3
0.538	3
0.544	3
0.546	3
0.547	3
0.552	4
0.553	4
0.556	4
0.557	4
0.56	4
0.56	4
0.578	4
0.584	4
0.587	4
0.587	4
0.589	4
0.591	4
0.591	4
0.591	4
0.594	4
0.599	4
0.616	4
0.619	4
0.624	4
0.632	4
0.632	4
0.636	4
0.637	4
0.637	4
0.64	4
0.651	4
0.661	4
0.664	4
0.667	4
0.672	4
0.673	4
0.693	4
0.694	4
0.695	4
0.697	4
0.7	4
0.71	4
0.713	4
0.716	4
0.718	4
0.719	4
0.732	4
0.732	4
0.733	4
0.737	4
0.737	4
0.739	4
0.746	4
0.758	4
0.759	4
0.759	4
0.76	4
0.763	4
0.765	4
0.772	4
0.772	4
0.777	4
0.783	4
0.786	4
0.787	4
0.788	4
0.792	4
0.794	4
0.794	4
0.795	4
0.797	4
0.797	4
0.798	4
0.81	4
0.81	4
0.811	4
0.817	4
0.832	4
0.833	4
0.837	4
0.841	4
0.845	4
0.846	4
0.847	4
0.848	4
0.848	4
0.853	4
0.86	4
0.868	4
0.869	4
0.887	4
0.89	4
0.898	4
0.9	4
0.908	4
0.908	4
0.908	4
0.909	4
0.909	4
0.913	4
0.915	4
0.933	4
0.936	4
0.937	4
0.939	4
0.94	4
0.946	4
0.946	4
0.954	4
0.956	4
0.956	4
0.961	4
0.972	4
0.98	4
0.984	4
0.984	4
0.984	4
0.986	4
0.993	4
0.993	4
0.995	4
0.996	4
0.999	4
1.0	4
1.004	4
1.007	4
1.013	4
1.014	4
1.032	4
1.059	4
1.063	4
1.075	4
1.075	4
1.09	4
1.094	4
1.117	4
1.125	4
1.141	4
1.151	4
1.157	4
1.179	4
1.18	4
1.181	4
1.194	4
1.201	4
1.226	4
1.232	4
1.245	4
1.267	4
1.269	4
1.28	4
1.293	4
1.297	4
1.298	4
1.326	4
1.397	4
1.398	4
1.527	4
1.569	4
1.616	4
1.634	4
1.639	4
1.639	4
1.728	4
1.791	4
1.829	4
1.863	4
1.887	4
2.006	4
2.021	4
2.035	4
2.112	4
2.154	4
2.212	4
2.301	4
2.333	4
2.427	4
2.444	4
2.47	4
2.689	4
2.754	4
2.777	4
2.801	4
2.805	4
2.883	4
2.911	4
2.926	4
3.038	4
3.041	4
3.071	4
3.085	4
3.141	4
3.215	4
3.25	4
3.317	4
3.368	4
3.381	4
3.402	4
3.464	4
3.469	4
3.493	4
3.538	4
3.576	4
3.587	4
3.641	4
3.778	4
3.854	4
3.911	4
3.99	4
4.052	4
4.068	4
4.154	4
4.164	4
4.18	4
4.2	4
4.203	4
4.269	4
4.294	4
4.326	4
4.344	4
4.438	4
4.474	4
4.517	4
4.586	4
4.615	4
4.737	4
4.925	4
4.932	3
4.971	3
5.041	3
5.069	3
5.076	3
5.084	3
5.149	3
5.167	3
5.237	3
5.25	3
5.36	3
5.401	3
5.451	3
5.458	3
5.484	3
5.578	3
5.58	3
5.609	3
5.621	3
5.669	3
5.701	3
5.716	3
5.797	3
5.847	3
5.848	3
5.93	3
6.012	3
6.032	3
6.114	3
6.216	3
6.306	3
6.475	3
6.48	3
6.575	3
6.67	3
6.691	3
6.804	3
6.84	3
6.874	3
6.905	3
6.979	3
7.096	3
7.15	3
7.152	3
7.178	3
7.188	3
7.214	3
7.22	3
7.334	3
7.353	3
7.484	3
7.494	3
7.525	3
7.585	3
7.605	3
7.629	3
7.64	3
7.97	3
7.998	3
8.031	3
8.073	3
8.083	3
8.106	3
8.139	3
8.171	3
8.417	3
8.57	3
8.588	3
8.621	3
8.72	3
8.82	3
8.963	3
9.001	3
9.062	3
9.197	3
9.378	3
9.465	3
9.496	3
9.502	3
9.507	3
9.688	3
9.889	3
9.932	3
9.947	3
10.021	3
10.116	3
10.246	3
10.3	3
10.305	3
10.343	3
10.344	3
10.37	3
10.422	3
10.514	3
10.592	3
10.601	3
10.785	3
10.833	3
11.168	3
11.262	3
11.537	3
11.828	3
11.93	3
12.331	3
12.427	3
12.514	3
12.583	3
12.97	3
13.059	3
13.082	3
13.086	3
13.334	3
13.56	3
13.625	3
13.775	3
14.264	3
15.154	3
15.187	3
15.321	3
15.382	3
15.471	3
15.472	3
15.505	3
15.605	3
15.635	3
15.745	3
15.834	3
16.161	3
16.175	3
16.323	3
16.389	3
16.581	3
17.015	3
17.161	3
17.193	3
17.204	3
17.361	3
17.45	3
17.512	3
17.546	3
17.587	3
18.316	3
18.335	3
18.493	3
18.721	3
18.821	3
18.949	3
19.028	3
20.62	3
22.366	3
23.34	3
23.853	3
24.354	3
25.783	3
25.819	3
25.959	3
26.565	3
0.0	1
0.0	1
0.0	1
0.0	1
0.0	1
0.002	1
0.004	1
0.004	1
0.005	1
0.007	1
0.007	1
0.007	1
0.008	1
0.009	1
0.01	1
0.011	1
0.012	1
0.012	1
0.013	1
0.014	1
0.016	1
0.017	1
0.019	1
0.019	1
0.03	1
0.038	1
0.042	1
0.074	1
0.076	1
0.076	1
0.088	1
0.099	1
0.1	1
0.1	1
0.102	1
0.105	1
0.111	1
0.12	1
0.123	1
0.131	1
0.137	1
0.148	1
0.15	1
0.15	1
0.152	1
0.156	1
0.161	1
0.162	1
0.165	1
0.166	1
0.169	1
0.169	1
0.171	1
0.172	1
0.173	1
0.174	1
0.174	1
0.183	1
0.183	1
0.185	1
0.187	1
0.19	1
0.19	1
0.19	1
0.19	1
0.198	1
0.198	1
0.2	1
0.201	1
0.201	1
0.206	1
0.209	1
0.209	1
0.212	1
0.213	1
0.214	1
0.22	1
0.222	1
0.226	1
0.226	1
0.227	1
0.23	1
0.231	1
0.231	1
0.234	1
0.236	1
0.242	1
0.244	1
0.246	1
0.251	1
0.257	1
0.26	1
0.26	1
0.26	1
0.262	1
0.265	1
0.268	1
0.271	1
0.271	1
0.275	1
0.275	1
0.276	1
0.277	1
0.284	1
0.29	1
0.29	1
0.291	1
0.292	1
0.296	1
0.297	1
0.298	1
0.306	1
0.308	1
0.308	1
0.311	2
0.312	2
0.317	2
0.319	3
0.321	3
0.322	3
0.323	3
0.323	3
0.328	3
0.337	3
0.339	3
0.339	3
0.343	3
0.345	3
0.356	3
0.36	3
0.36	3
0.367	3
0.368	3
0.369	3
0.371	3
0.373	3
0.374	3
0.375	3
0.38	3
0.381	3
0.382	3
0.391	3
0.399	3
0.399	3
0.401	3
0.402	3
0.409	3
0.41	3
0.422	3
0.43	3
0.433	3
0.434	3
0.434	3
0.436	3
0.436	3
0.442	3
0.443	3
0.444	3
0.446	3
0.448	3
0.45	3
0.455	3
0.456	3
0.459	3
0.46	3
0.461	3
0.462	3
0.485	3
0.488	3
0.495	3
0.502	3
0.508	3
0.51	3
0.518	3
0.519	3
0.525	3
0.525	3
0.525	3
0.531	3
0.537	3
0.543	3
0.545	3
0.546	3
0.551	3
0.552	3
0.555	3
0.556	3
0.559	3
0.559	3
0.577	3
0.583	3
0.586	3
0.586	3
0.588	3
0.59	3
0.59	3
0.59	3
0.593	3
0.598	3
0.615	3
0.618	3
0.623	3
0.631	3
0.631	3
0.635	3
0.636	3
0.636	3
0.639	3
0.65	3
0.66	3
0.663	3
0.666	3
0.671	3
0.672	3
0.692	3
0.693	3
0.694	3
0.696	3
0.699	3
0.709	3
0.712	3
0.715	3
0.717	3
0.718	3
0.731	3
0.731	3
0.732	3
0.736	3
0.736	3
0.738	3
0.745	3
0.757	3
0.758	3
0.758	3
0.759	3
0.762	3
0.764	3
0.771	3
0.771	3
0.776	3
0.782	3
0.785	3
0.786	3
0.787	3
0.791	3
0.793	3
0.793	3
0.794	3
0.796	3
0.796	3
0.797	3
0.809	3
0.809	3
0.81	3
0.816	3
0.831	3
0.832	3
0.836	3
0.84	3
0.844	3
0.845	3
0.846	3
0.847	3
0.847	3
0.852	3
0.859	3
0.867	3
0.868	3
0.886	3
0.889	3
0.897	3
0.899	3
0.907	3
0.907	3
0.907	3
0.908	3
0.908	3
0.912	3
0.914	3
0.932	3
0.935	3
0.936	3
0.938	3
0.939	3
0.945	3
0.945	3
0.953	3
0.955	3
0.955	3
0.96	3
0.971	3
0.979	3
0.983	3
0.983	3
0.983	3
0.985	3
0.992	3
0.992	3
0.994	3
0.995	3
0.998	3
0.999	3
1.003	3
1.006	3
1.012	3
1.013	3
1.031	3
1.058	3
1.062	3
1.074	3
1.074	3
1.089	3
1.093	3
1.116	3
1.124	3
1.14	3
1.15	3
1.156	3
1.178	3
1.179	3
1.18	3
1.193	3
1.2	3
1.225	3
1.231	3
1.244	3
1.266	3
1.268	3
1.279	3
1.292	3
1.296	3
1.297	3
1.325	3
1.396	3
1.397	3
1.526	3
1.568	3
1.615	3
1.633	3
1.638	3
1.638	3
1.727	3
1.79	3
1.828	3
1.862	3
1.886	3
2.005	3
2.02	3
2.034	3
2.111	3
2.153	3
2.211	3
2.3	3
2.332	3
2.426	3
2.443	3
2.469	3
2.688	3
2.753	3
2.776	3
2.8	3
2.804	3
2.882	3
2.91	3
2.925	3
3.037	3
3.04	3
3.07	3
3.084	3
3.14	3
3.214	3
3.249	3
3.316	3
3.367	3
3.38	3
3.401	3
3.463	3
3.468	3
3.492	3
3.537	3
3.575	3
3.586	3
3.64	3
3.777	3
3.853	3
3.91	3
3.989	3
4.051	3
4.067	3
4.153	3
4.163	3
4.179	3
4.199	3
4.202	3
4.268	3
4.293	3
4.325	3
4.343	3
4.437	3
4.473	3
4.516	3
4.585	3
4.614	3
4.736	3
4.924	3
4.931	3
4.97	3
5.04	3
5.068	3
5.075	3
5.083	3
5.148	3
5.166	3
5.236	3
5.249	3
5.359	3
5.4	3
5.45	3
5.457	3
5.483	3
5.577	3
5.579	3
5.608	3
5.62	3
5.668	3
5.7	3
5.715	3
5.796	3
5.846	3
5.847	3
5.929	3
6.011	3
6.031	3
6.113	3
6.215	3
6.305	3
6.474	3
6.479	3
6.574	3
6.669	3
6.69	3
6.803	3
6.839	3
6.873	3
6.904	3
6.978	3
7.095	3
7.149	3
7.151	3
7.177	3
7.187	3
7.213	3
7.219	3
7.333	3
7.352	3
7.483	3
7.493	3
7.524	3
7.584	3
7.604	3
7.628	3
7.639	3
7.969	3
7.997	3
8.03	3
8.072	3
8.082	3
8.105	3
8.138	3
8.17	3
8.416	3
8.569	3
8.587	3
8.62	3
8.719	3
8.819	3
8.962	3
9.0	3
9.061	3
9.196	3
9.377	3
9.464	3
9.495	3
9.501	3
9.506	3
9.687	3
9.888	3
9.931	3
9.946	3
10.02	3
10.115	3
10.245	3
10.299	3
10.304	3
10.342	3
10.343	3
10.369	3
10.421	3
10.513	3
10.591	3
10.6	3
10.784	3
10.832	3
11.167	3
11.261	3
11.536	3
11.827	3
11.929	3
12.33	3
12.426	3
12.513	3
12.582	3
12.969	3
13.058	3
13.081	3
13.085	3
13.333	3
13.559	3
13.624	3
13.774	3
14.263	3
15.153	3
15.186	3
15.32	3
15.381	3
15.47	3
15.471	3
15.504	3
15.604	3
15.634	3
15.744	3
15.833	3
16.16	3
16.174	3
16.322	3
16.388	3
16.58	3
17.014	3
17.16	3
17.192	3
17.203	3
17.36	3
17.449	3
17.511	3
17.545	3
17.586	3
18.315	3
18.334	3
18.492	3
18.72	3
18.82	3
18.948	3
19.027	3
20.619	3
22.365	3
23.339	3
23.852	3
24.353	3
25.782	3
25.818	3
25.958	3
26.564	3
0.0	1
0.0	1
0.0	1
0.002	1
0.004	1
0.004	1
0.005	1
0.007	1
0.007	1
0.007	1
0.008	1
0.009	1
0.01	1
0.011	1
0.012	1
0.012	1
0.013	1
0.014	1
0.016	1
0.017	1
0.019	1
0.019	1
0.03	1
0.038	1
0.042	1
0.074	1
0.076	1
0.076	1
0.088	1
0.099	1
0.1	1
0.1	1
0.102	1
0.105	1
0.111	1
0.12	1
0.123	1
0.131	1
0.137	1
0.148	1
0.15	1
0.15	1
0.152	1
0.156	1
0.161	1
0.162	1
0.165	1
0.166	1
0.169	1
0.169	1
0.171	1
0.172	1
0.173	2
0.174	2
0.174	2
0.183	2
0.183	2
0.185	2
0.187	3
0.19	3
0.19	3
0.19	3
0.19	3
0.198	3
0.198	3
0.2	3
0.201	3
0.201	3
0.206	3
0.209	3
0.209	3
0.212	3
0.213	3
0.214	3
0.22	3
0.222	3
0.226	3
0.226	3
0.227	3
0.23	3
0.231	3
0.231	3
0.234	3
0.236	3
0.242	3
0.244	3
0.246	3
0.251	3
0.257	3
0.26	3
0.26	3
0.26	3
0.262	3
0.265	3
0.268	3
0.271	3
0.271	3
0.275	3
0.275	3
0.276	3
0.277	3
0.284	3
0.29	3
0.29	3
0.291	3
0.292	3
0.296	3
0.297	3
0.298	3
0.306	3
0.308	3
0.308	3
0.311	3
0.312	3
0.317	3
0.319	3
0.321	3
0.322	3
0.323	3
0.323	3
0.328	3
0.337	3
0.339	3
0.339	3
0.343	3
0.345	3
0.356	3
0.36	3
0.36	3
0.367	3
0.368	3
0.369	3
0.371	3
0.373	3
0.374	3
0.375	3
0.38	3
0.381	3
0.382	3
0.391	3
0.399	3
0.399	3
0.401	3
0.402	3
0.409	3
0.41	3
0.422	3
0.43	3
0.433	3
0.434	4
0.434	4
0.436	4
0.436	4
0.442	4
0.443	4
0.444	4
0.446	4
0.448	4
0.45	4
0.455	4
0.456	4
0.459	4
0.46	4
0.461	4
0.462	4
0.485	4
0.488	4
0.495	4
0.502	4
0.508	4
0.51	4
0.518	5
0.519	5
0.525	5
0.525	5
0.525	5
0.531	5
0.537	5
0.543	5
0.545	5
0.546	5
0.551	5
0.552	5
0.555	5
0.556	5
0.559	5
0.559	5
0.577	5
0.583	5
0.586	5
0.586	5
0.588	5
0.59	5
0.59	5
0.59	5
0.593	5
0.598	5
0.615	5
0.618	5
0.623	5
0.631	5
0.631	5
0.635	5
0.636	5
0.636	5
0.639	6
0.65	6
0.66	6
0.663	6
0.666	6
0.671	6
0.672	6
0.692	6
0.693	6
0.694	6
0.696	6
0.699	6
0.709	6
0.712	6
0.715	6
0.717	6
0.718	6
0.731	6
0.731	6
0.732	6
0.736	6
0.736	6
0.738	6
0.745	6
0.757	6
0.758	6
0.758	6
0.759	6
0.762	6
0.764	6
0.771	6
0.771	6
0.776	6
0.782	6
0.785	6
0.786	6
0.787	6
0.791	6
0.793	6
0.793	6
0.794	6
0.796	6
0.796	6
0.797	6
0.809	6
0.809	6
0.81	6
0.816	6
0.831	6
0.832	6
0.836	6
0.84	6
0.844	6
0.845	6
0.846	6
0.847	7
0.847	7
0.852	7
0.859	7
0.867	7
0.868	7
0.886	7
0.889	7
0.897	7
0.899	7
0.907	7
0.907	7
0.907	7
0.908	7
0.908	7
0.912	7
0.914	7
0.932	7
0.935	7
0.936	7
0.938	7
0.939	7
0.945	7
0.945	7
0.953	7
0.955	7
0.955	7
0.96	7
0.971	7
0.979	7
0.983	7
0.983	7
0.983	7
0.985	7
0.992	7
0.992	7
0.994	7
0.995	7
0.998	7
0.999	7
1.003	7
1.006	7
1.012	7
1.013	7
1.031	7
1.058	7
1.062	7
1.074	7
1.074	7
1.089	7
1.093	7
1.116	7
1.124	7
1.14	7
1.15	7
1.156	7
1.178	7
1.179	7
1.18	7
1.193	7
1.2	7
1.225	7
1.231	7
1.244	7
1.266	7
1.268	7
1.279	7
1.292	7
1.296	7
1.297	7
1.325	7
1.396	7
1.397	7
1.526	7
1.568	7
1.615	7
1.633	7
1.638	7
1.638	7
1.727	7
1.79	6
1.828	6
1.862	6
1.886	6
2.005	6
2.02	6
2.034	6
2.111	6
2.153	6
2.211	6
2.3	6
2.332	6
2.426	5
2.443	5
2.469	5
2.688	5
2.753	5
2.776	5
2.8	5
2.804	5
2.882	5
2.91	5
2.925	5
3.037	5
3.04	5
3.07	5
3.084	5
3.14	5
3.214	5
3.249	5
3.316	5
3.367	5
3.38	5
3.401	5
3.463	5
3.468	5
3.492	5
3.537	5
3.575	4
3.586	4
3.64	4
3.777	4
3.853	4
3.91	4
3.989	4
4.051	4
4.067	4
4.153	4
4.163	4
4.179	4
4.199	4
4.202	4
4.268	4
4.293	4
4.325	4
4.343	4
4.437	4
4.473	4
4.516	4
4.585	4
4.614	4
4.736	4
4.924	4
4.931	4
4.97	4
5.04	4
5.068	4
5.075	4
5.083	4
5.148	4
5.166	4
5.236	4
5.249	4
5.359	4
5.4	4
5.45	4
5.457	4
5.483	4
5.577	4
5.579	4
5.608	4
5.62	4
5.668	4
5.7	4
5.715	4
5.796	4
5.846	4
5.847	4
5.929	4
6.011	4
6.031	4
6.113	4
6.215	4
6.305	4
6.474	4
6.479	4
6.574	4
6.669	3
6.69	3
6.803	3
6.839	3
6.873	3
6.904	3
6.978	3
7.095	3
7.149	3
7.151	3
7.177	3
7.187	3
7.213	3
7.219	3
7.333	3
7.352	3
7.483	3
7.493	3
7.524	3
7.584	3
7.604	3
7.628	3
7.639	3
7.969	3
7.997	3
8.03	3
8.072	3
8.082	3
8.105	3
8.138	3
8.17	3
8.416	3
8.569	3
8.587	3
8.62	3
8.719	3
8.819	3
8.962	3
9.0	3
9.061	3
9.196	3
9.377	3
9.464	3
9.495	3
9.501	3
9.506	3
9.687	3
9.888	3
9.931	3
9.946	3
10.02	3
10.115	3
10.245	3
10.299	3
10.304	3
10.342	3
10.343	3
10.369	3
10.421	3
10.513	3
10.591	3
10.6	3
10.784	3
10.832	3
11.167	3
11.261	3
11.536	3
11.827	3
11.929	3
12.33	3
12.426	3
12.513	3
12.582	3
12.969	3
13.058	3
13.081	3
13.085	3
13.333	3
13.559	3
13.624	3
13.774	3
14.263	3
15.153	3
15.186	3
15.32	3
15.381	3
15.47	3
15.471	3
15.504	3
15.604	3
15.634	3
15.744	3
15.833	3
16.16	3
16.174	3
16.322	3
16.388	3
16.58	3
17.014	3
17.16	3
17.192	3
17.203	3
17.36	3
17.449	3
17.511	3
17.545	3
17.586	3
18.315	3
18.334	3
18.492	3
18.72	3
18.82	3
18.948	3
19.027	3
20.619	3
22.365	3
23.339	3
23.852	3
24.353	3
25.782	3
25.818	3
25.958	3
26.564	3
0.0	1
0.0	1
0.002	1
0.004	1
0.004	1
0.005	1
0.007	1
0.007	1
0.007	1
0.008	1
0.009	1
0.01	1
0.011	1
0.012	1
0.012	1
0.013	1
0.014	1
0.016	1
0.017	1
0.019	1
0.019	1
0.03	1
0.038	1
0.042	1
0.074	1
0.076	1
0.076	1
0.088	1
0.099	1
0.1	1
0.1	1
0.102	1
0.105	2
0.111	2
0.12	2
0.123	2
0.131	2
0.137	2
0.148	3
0.15	3
0.15	3
0.152	3
0.156	3
0.161	3
0.162	3
0.165	3
0.166	3
0.169	3
0.169	3
0.171	3
0.172	3
0.173	3
0.174	3
0.174	3
0.183	3
0.183	3
0.185	3
0.187	3
0.19	3
0.19	3
0.19	3
0.19	3
0.198	3
0.198	3
0.2	3
0.201	3
0.201	3
0.206	3
0.209	3
0.209	3
0.212	3
0.213	3
0.214	3
0.22	3
0.222	3
0.226	4
0.226	4
0.227	4
0.23	4
0.231	4
0.231	4
0.234	4
0.236	4
0.242	4
0.244	4
0.246	4
0.251	4
0.257	4
0.26	4
0.26	4
0.26	4
0.262	4
0.265	4
0.268	4
0.271	4
0.271	4
0.275	4
0.275	4
0.276	4
0.277	4
0.284	4
0.29	4
0.29	4
0.291	4
0.292	4
0.296	4
0.297	4
0.298	4
0.306	4
0.308	4
0.308	4
0.311	4
0.312	4
0.317	4
0.319	4
0.321	4
0.322	4
0.323	4
0.323	4
0.328	4
0.337	4
0.339	4
0.339	4
0.343	4
0.345	4
0.356	4
0.36	4
0.36	4
0.367	4
0.368	4
0.369	4
0.371	4
0.373	4
0.374	4
0.375	4
0.38	4
0.381	4
0.382	4
0.391	4
0.399	4
0.399	4
0.401	4
0.402	4
0.409	4
0.41	4
0.422	4
0.43	4
0.433	4
0.434	4
0.434	4
0.436	4
0.436	4
0.442	4
0.443	4
0.444	4
0.446	4
0.448	4
0.45	4
0.455	4
0.456	4
0.459	4
0.46	4
0.461	4
0.462	4
0.485	4
0.488	4
0.495	4
0.502	4
0.508	4
0.51	4
0.518	4
0.519	4
0.525	4
0.525	4
0.525	4
0.531	4
0.537	4
0.543	4
0.545	4
0.546	4
0.551	4
0.552	4
0.555	4
0.556	4
0.559	4
0.559	4
0.577	4
0.583	4
0.586	4
0.586	4
0.588	4
0.59	4
0.59	4
0.59	4
0.593	4
0.598	4
0.615	4
0.618	4
0.623	4
0.631	4
0.631	4
0.635	4
0.636	4
0.636	4
0.639	4
0.65	4
0.66	4
0.663	4
0.666	4
0.671	4
0.672	4
0.692	4
0.693	4
0.694	4
0.696	4
0.699	4
0.709	4
0.712	4
0.715	4
0.717	4
0.718	4
0.731	4
0.731	4
0.732	4
0.736	4
0.736	4
0.738	4
0.745	4
0.757	4
0.758	4
0.758	4
0.759	4
0.762	4
0.764	4
0.771	4
0.771	4
0.776	4
0.782	4
0.785	4
0.786	4
0.787	5
0.791	5
0.793	5
0.793	5
0.794	5
0.796	5
0.796	5
0.797	5
0.809	5
0.809	5
0.81	5
0.816	5
0.831	5
0.832	6
0.836	6
0.84	6
0.844	6
0.845	6
0.846	6
0.847	6
0.847	6
0.852	6
0.859	6
0.867	6
0.868	6
0.886	6
0.889	6
0.897	6
0.899	6
0.907	6
0.907	6
0.907	6
0.908	6
0.908	6
0.912	6
0.914	6
0.932	6
0.935	6
0.936	6
0.938	6
0.939	6
0.945	6
0.945	6
0.953	6
0.955	6
0.955	6
0.96	6
0.971	6
0.979	6
0.983	6
0.983	6
0.983	6
0.985	6
0.992	6
0.992	6
0.994	6
0.995	6
0.998	6
0.999	6
1.003	6
1.006	6
1.012	6
1.013	6
1.031	6
1.058	6
1.062	6
1.074	6
1.074	6
1.089	6
1.093	6
1.116	6
1.124	6
1.14	6
1.15	6
1.156	6
1.178	6
1.179	6
1.18	6
1.193	6
1.2	6
1.225	6
1.231	6
1.244	6
1.266	6
1.268	6
1.279	6
1.292	6
1.296	6
1.297	6
1.325	6
1.396	6
1.397	6
1.526	6
1.568	6
1.615	6
1.633	6
1.638	6
1.638	6
1.727	6
1.79	6
1.828	6
1.862	6
1.886	6
2.005	6
2.02	6
2.034	6
2.111	6
2.153	6
2.211	6
2.3	6
2.332	6
2.426	6
2.443	6
2.469	6
2.688	6
2.753	6
2.776	6
2.8	6
2.804	6
2.882	6
2.91	6
2.925	6
3.037	6
3.04	6
3.07	6
3.084	6
3.14	6
3.214	6
3.249	6
3.316	6
3.367	6
3.38	6
3.401	6
3.463	6
3.468	6
3.492	6
3.537	6
3.575	6
3.586	6
3.64	6
3.777	6
3.853	6
3.91	6
3.989	6
4.051	6
4.067	6
4.153	6
4.163	6
4.179	6
4.199	6
4.202	6
4.268	6
4.293	6
4.325	6
4.343	6
4.437	6
4.473	6
4.516	6
4.585	6
4.614	6
4.736	6
4.924	6
4.931	6
4.97	6
5.04	6
5.068	6
5.075	6
5.083	6
5.148	6
5.166	6
5.236	6
5.249	6
5.359	6
5.4	6
5.45	6
5.457	6
5.483	6
5.577	6
5.579	6
5.608	6
5.62	6
5.668	6
5.7	6
5.715	6
5.796	6
5.846	6
5.847	6
5.929	6
6.011	6
6.031	6
6.113	6
6.215	6
6.305	6
6.474	6
6.479	6
6.574	6
6.669	6
6.69	6
6.803	6
6.839	6
6.873	6
6.904	6
6.978	6
7.095	6
7.149	6
7.151	6
7.177	6
7.187	6
7.213	6
7.219	6
7.333	6
7.352	6
7.483	6
7.493	6
7.524	6
7.584	6
7.604	6
7.628	6
7.639	6
7.969	6
7.997	6
8.03	6
8.072	6
8.082	6
8.105	6
8.138	6
8.17	6
8.416	6
8.569	6
8.587	6
8.62	6
8.719	6
8.819	6
8.962	6
9.0	6
9.061	6
9.196	6
9.377	6
9.464	6
9.495	6
9.501	6
9.506	6
9.687	6
9.888	6
9.931	6
9.946	6
10.02	6
10.115	6
10.245	6
10.299	6
10.304	6
10.342	6
10.343	6
10.369	5
10.421	5
10.513	5
10.591	5
10.6	5
10.784	5
10.832	5
11.167	5
11.261	5
11.536	5
11.827	5
11.929	5
12.33	5
12.426	5
12.513	5
12.582	5
12.969	5
13.058	5
13.081	5
13.085	5
13.333	5
13.559	5
13.624	4
13.774	4
14.263	4
15.153	4
15.186	4
15.32	4
15.381	4
15.47	4
15.471	3
15.504	3
15.604	3
15.634	3
15.744	3
15.833	3
16.16	3
16.174	3
16.322	3
16.388	3
16.58	3
17.014	3
17.16	3
17.192	3
17.203	3
17.36	3
17.449	3
17.511	3
17.545	3
17.586	3
18.315	3
18.334	3
18.492	3
18.72	3
18.82	3
18.948	3
19.027	3
20.619	3
22.365	3
23.339	3
23.852	3
24.353	3
25.782	3
25.818	3
25.958	3
26.564	3
0.0	1
0.002	1
0.002	1
0.003	1
0.005	1
0.005	1
0.005	1
0.006	1
0.007	1
0.008	1
0.009	1
0.01	1
0.01	1
0.011	1
0.012	1
0.014	1
0.015	1
0.017	1
0.017	1
0.028	1
0.036	1
0.04	1
0.072	1
0.074	1
0.074	1
0.086	1
0.097	1
0.098	1
0.098	1
0.1	1
0.103	1
0.109	1
0.118	1
0.121	1
0.129	1
0.135	1
0.146	1
0.148	1
0.148	1
0.15	1
0.154	1
0.159	1
0.16	1
0.163	1
0.164	2
0.167	2
0.167	2
0.169	2
0.17	2
0.171	2
0.172	2
0.172	2
0.181	3
0.181	3
0.183	3
0.185	3
0.188	3
0.188	3
0.188	3
0.188	3
0.196	3
0.196	3
0.198	3
0.199	3
0.199	3
0.204	3
0.207	3
0.207	3
0.21	3
0.211	3
0.212	3
0.218	3
0.22	3
0.224	3
0.224	3
0.225	3
0.228	3
0.229	3
0.229	3
0.232	3
0.234	3
0.24	3
0.242	3
0.244	3
0.249	3
0.255	3
0.258	3
0.258	3
0.258	3
0.26	3
0.263	3
0.266	3
0.269	3
0.269	3
0.273	3
0.273	3
0.274	3
0.275	3
0.282	3
0.288	3
0.288	3
0.289	3
0.29	3
0.294	4
0.295	4
0.296	4
0.304	4
0.306	4
0.306	4
0.309	4
0.31	4
0.315	4
0.317	4
0.319	4
0.32	4
0.321	4
0.321	4
0.326	4
0.335	4
0.337	4
0.337	4
0.341	4
0.343	4
0.354	4
0.358	4
0.358	4
0.365	4
0.366	4
0.367	4
0.369	4
0.371	5
0.372	5
0.373	5
0.378	5
0.379	5
0.38	5
0.389	5
0.397	5
0.397	5
0.399	5
0.4	5
0.407	5
0.408	5
0.42	5
0.428	5
0.431	5
0.432	5
0.432	5
0.434	5
0.434	5
0.44	5
0.441	5
0.442	5
0.444	5
0.446	5
0.448	5
0.453	5
0.454	5
0.457	5
0.458	5
0.459	5
0.46	5
0.483	5
0.486	5
0.493	5
0.5	5
0.506	5
0.508	5
0.516	5
0.517	5
0.523	5
0.523	5
0.523	5
0.529	5
0.535	5
0.541	5
0.543	5
0.544	5
0.549	5
0.55	5
0.553	5
0.554	5
0.557	5
0.557	5
0.575	5
0.581	5
0.584	5
0.584	5
0.586	5
0.588	5
0.588	5
0.588	5
0.591	5
0.596	5
0.613	5
0.616	5
0.621	5
0.629	5
0.629	5
0.633	5
0.634	5
0.634	5
0.637	5
0.648	5
0.658	5
0.661	5
0.664	5
0.669	5
0.67	5
0.69	5
0.691	5
0.692	5
0.694	5
0.697	5
0.707	5
0.71	5
0.713	5
0.715	5
0.716	5
0.729	5
0.729	5
0.73	5
0.734	5
0.734	5
0.736	5
0.743	5
0.755	5
0.756	5
0.756	5
0.757	5
0.76	5
0.762	5
0.769	5
0.769	5
0.774	5
0.78	5
0.783	6
0.784	6
0.785	6
0.789	6
0.791	6
0.791	6
0.792	6
0.794	6
0.794	6
0.795	6
0.807	6
0.807	6
0.808	6
0.814	6
0.829	6
0.83	6
0.834	6
0.838	6
0.842	6
0.843	6
0.844	6
0.845	6
0.845	6
0.85	6
0.857	6
0.865	6
0.866	6
0.884	7
0.887	7
0.895	7
0.897	7
0.905	7
0.905	7
0.905	7
0.906	7
0.906	7
0.91	7
0.912	7
0.93	7
0.933	7
0.934	7
0.936	7
0.937	7
0.943	7
0.943	7
0.951	7
0.953	7
0.953	7
0.958	7
0.969	7
0.977	7
0.981	7
0.981	7
0.981	7
0.983	7
0.99	7
0.99	7
0.992	7
0.993	7
0.996	7
0.997	7
1.001	7
1.004	7
1.01	7
1.011	7
1.029	7
1.056	7
1.06	7
1.072	7
1.072	7
1.087	7
1.091	7
1.114	7
1.122	7
1.138	7
1.148	7
1.154	7
1.176	7
1.177	7
1.178	7
1.191	7
1.198	7
1.223	7
1.229	7
1.242	7
1.264	6
1.266	6
1.277	6
1.29	6
1.294	6
1.295	6
1.323	6
1.394	6
1.395	6
1.524	6
1.566	6
1.613	6
1.631	6
1.636	6
1.636	6
1.725	6
1.788	6
1.826	6
1.86	6
1.884	6
2.003	6
2.018	6
2.032	6
2.109	6
2.151	6
2.209	6
2.298	6
2.33	6
2.424	6
2.441	6
2.467	6
2.686	6
2.751	6
2.774	6
2.798	6
2.802	6
2.88	6
2.908	6
2.923	6
3.035	6
3.038	5
3.068	5
3.082	5
3.138	5
3.212	5
3.247	5
3.314	5
3.365	5
3.378	5
3.399	5
3.461	5
3.466	5
3.49	5
3.535	5
3.573	5
3.584	5
3.638	5
3.775	5
3.851	5
3.908	5
3.987	5
4.049	5
4.065	5
4.151	5
4.161	5
4.177	5
4.197	5
4.2	5
4.266	5
4.291	5
4.323	4
4.341	4
4.435	4
4.471	4
4.514	4
4.583	4
4.612	4
4.734	4
4.922	4
4.929	4
4.968	4
5.038	4
5.066	4
5.073	4
5.081	4
5.146	4
5.164	4
5.234	4
5.247	4
5.357	4
5.398	4
5.448	4
5.455	4
5.481	4
5.575	4
5.577	4
5.606	4
5.618	4
5.666	4
5.698	4
5.713	4
5.794	4
5.844	4
5.845	4
5.927	4
6.009	4
6.029	4
6.111	4
6.213	4
6.303	4
6.472	4
6.477	4
6.572	4
6.667	4
6.688	4
6.801	4
6.837	4
6.871	4
6.902	4
6.976	4
7.093	4
7.147	4
7.149	4
7.175	4
7.185	4
7.211	4
7.217	4
7.331	4
7.35	4
7.481	4
7.491	4
7.522	4
7.582	4
7.602	4
7.626	4
7.637	4
7.967	4
7.995	4
8.028	4
8.07	4
8.08	4
8.103	4
8.136	4
8.168	4
8.414	4
8.567	4
8.585	4
8.618	4
8.717	4
8.817	4
8.96	4
8.998	4
9.059	4
9.194	4
9.375	4
9.462	4
9.493	4
9.499	4
9.504	4
9.685	4
9.886	4
9.929	4
9.944	4
10.018	4
10.113	4
10.243	4
10.297	4
10.302	4
10.34	4
10.341	4
10.367	4
10.419	4
10.511	4
10.589	4
10.598	4
10.782	3
10.83	3
11.165	3
11.259	3
11.534	3
11.825	3
11.927	3
12.328	3
12.424	3
12.511	3
12.58	3
12.967	3
13.056	3
13.079	3
13.083	3
13.331	3
13.557	3
13.622	3
13.772	3
14.261	3
15.151	3
15.184	3
15.318	3
15.379	3
15.468	3
15.469	3
15.502	3
15.602	3
15.632	3
15.742	3
15.831	3
16.158	3
16.172	3
16.32	3
16.386	3
16.578	3
17.012	3
17.158	3
17.19	3
17.201	3
17.358	3
17.447	3
17.509	3
17.543	3
17.584	3
18.313	3
18.332	3
18.49	3
18.718	3
18.818	3
18.946	3
19.025	3
20.617	3
22.363	3
23.337	3
23.85	3
24.351	3
25.78	3
25.816	3
25.956	3
26.562	3
0.001	1
0.002	1
0.004	1
0.004	1
0.004	1
0.005	1
0.006	1
0.007	1
0.008	1
0.009	1
0.009	1
0.01	1
0.011	1
0.013	1
0.014	1
0.016	1
0.016	1
0.027	1
0.035	1
0.039	1
0.071	1
0.073	1
0.073	1
0.085	1
0.096	1
0.097	1
0.097	1
0.099	1
0.102	1
0.108	1
0.117	1
0.12	1
0.128	1
0.134	1
0.145	1
0.147	1
0.147	1
0.149	1
0.153	1
0.158	1
0.159	1
0.162	1
0.163	1
0.166	1
0.166	1
0.168	1
0.169	1
0.17	1
0.171	1
0.171	1
0.18	1
0.18	1
0.182	1
0.184	1
0.187	1
0.187	1
0.187	1
0.187	1
0.195	1
0.195	1
0.197	1
0.198	1
0.198	1
0.203	1
0.206	1
0.206	1
0.209	1
0.21	1
0.211	1
0.217	1
0.219	1
0.223	1
0.223	1
0.224	1
0.227	1
0.228	1
0.228	1
0.231	1
0.233	1
0.239	1
0.241	1
0.243	1
0.248	1
0.254	2
0.257	2
0.257	2
0.257	2
0.259	2
0.262	2
0.265	2
0.268	2
0.268	2
0.272	2
0.272	2
0.273	2
0.274	2
0.281	2
0.287	2
0.287	2
0.288	2
0.289	2
0.293	2
0.294	2
0.295	2
0.303	2
0.305	2
0.305	2
0.308	2
0.309	2
0.314	2
0.316	2
0.318	2
0.319	3
0.32	3
0.32	3
0.325	3
0.334	3
0.336	3
0.336	3
0.34	3
0.342	3
0.353	3
0.357	3
0.357	3
0.364	3
0.365	3
0.366	3
0.368	3
0.37	3
0.371	3
0.372	3
0.377	3
0.378	3
0.379	3
0.388	3
0.396	3
0.396	3
0.398	3
0.399	3
0.406	3
0.407	3
0.419	3
0.427	3
0.43	3
0.431	3
0.431	3
0.433	3
0.433	3
0.439	3
0.44	3
0.441	3
0.443	3
0.445	3
0.447	3
0.452	3
0.453	3
0.456	3
0.457	3
0.458	3
0.459	3
0.482	3
0.485	3
0.492	3
0.499	3
0.505	3
0.507	3
0.515	3
0.516	3
0.522	3
0.522	3
0.522	3
0.528	3
0.534	3
0.54	3
0.542	3
0.543	3
0.548	3
0.549	3
0.552	3
0.553	3
0.556	3
0.556	3
0.574	3
0.58	3
0.583	3
0.583	3
0.585	3
0.587	3
0.587	3
0.587	3
0.59	3
0.595	3
0.612	3
0.615	3
0.62	3
0.628	3
0.628	3
0.632	3
0.633	3
0.633	3
0.636	3
0.647	3
0.657	3
0.66	3
0.663	3
0.668	3
0.669	3
0.689	3
0.69	3
0.691	3
0.693	3
0.696	3
0.706	3
0.709	3
0.712	3
0.714	3
0.715	3
0.728	3
0.728	3
0.729	3
0.733	3
0.733	3
0.735	3
0.742	3
0.754	3
0.755	3
0.755	3
0.756	3
0.759	3
0.761	3
0.768	3
0.768	3
0.773	3
0.779	3
0.782	3
0.783	3
0.784	3
0.788	3
0.79	3
0.79	3
0.791	3
0.793	3
0.793	3
0.794	3
0.806	3
0.806	3
0.807	3
0.813	3
0.828	3
0.829	3
0.833	3
0.837	3
0.841	3
0.842	3
0.843	3
0.844	3
0.844	3
0.849	3
0.856	3
0.864	3
0.865	3
0.883	3
0.886	3
0.894	3
0.896	3
0.904	3
0.904	3
0.904	3
0.905	3
0.905	3
0.909	3
0.911	3
0.929	3
0.932	3
0.933	3
0.935	3
0.936	3
0.942	3
0.942	3
0.95	3
0.952	3
0.952	3
0.957	3
0.968	3
0.976	3
0.98	3
0.98	3
0.98	3
0.982	3
0.989	3
0.989	3
0.991	3
0.992	3
0.995	3
0.996	3
1.0	3
1.003	3
1.009	3
1.01	3
1.028	3
1.055	3
1.059	3
1.071	3
1.071	3
1.086	3
1.09	3
1.113	3
1.121	3
1.137	3
1.147	3
1.153	3
1.175	3
1.176	3
1.177	4
1.19	4
1.197	4
1.222	4
1.228	4
1.241	4
1.263	4
1.265	4
1.276	4
1.289	4
1.293	4
1.294	4
1.322	4
1.393	4
1.394	4
1.523	4
1.565	4
1.612	4
1.63	4
1.635	4
1.635	4
1.724	4
1.787	4
1.825	4
1.859	4
1.883	4
2.002	4
2.017	4
2.031	4
2.108	4
2.15	4
2.208	4
2.297	4
2.329	4
2.423	4
2.44	4
2.466	4
2.685	4
2.75	4
2.773	4
2.797	4
2.801	4
2.879	4
2.907	4
2.922	4
3.034	4
3.037	4
3.067	4
3.081	4
3.137	4
3.211	4
3.246	4
3.313	4
3.364	4
3.377	4
3.398	4
3.46	4
3.465	4
3.489	4
3.534	4
3.572	4
3.583	4
3.637	4
3.774	4
3.85	4
3.907	4
3.986	4
4.048	4
4.064	4
4.15	4
4.16	4
4.176	4
4.196	3
4.199	3
4.265	3
4.29	3
4.322	3
4.34	3
4.434	3
4.47	3
4.513	3
4.582	3
4.611	3
4.733	3
4.921	3
4.928	3
4.967	3
5.037	3
5.065	3
5.072	3
5.08	3
5.145	3
5.163	3
5.233	3
5.246	3
5.356	3
5.397	3
5.447	3
5.454	3
5.48	3
5.574	3
5.576	3
5.605	3
5.617	3
5.665	3
5.697	3
5.712	3
5.793	3
5.843	3
5.844	3
5.926	3
6.008	3
6.028	3
6.11	3
6.212	3
6.302	3
6.471	3
6.476	3
6.571	3
6.666	3
6.687	3
6.8	3
6.836	3
6.87	3
6.901	3
6.975	3
7.092	3
7.146	3
7.148	3
7.174	3
7.184	3
7.21	3
7.216	3
7.33	3
7.349	3
7.48	3
7.49	3
7.521	3
7.581	3
7.601	3
7.625	3
7.636	3
7.966	3
7.994	3
8.027	3
8.069	3
8.079	3
8.102	3
8.135	3
8.167	3
8.413	3
8.566	3
8.584	3
8.617	3
8.716	3
8.816	3
8.959	3
8.997	3
9.058	3
9.193	3
9.374	3
9.461	3
9.492	3
9.498	3
9.503	3
9.684	3
9.885	3
9.928	3
9.943	3
10.017	3
10.112	3
10.242	3
10.296	3
10.301	3
10.339	3
10.34	3
10.366	3
10.418	3
10.51	3
10.588	3
10.597	3
10.781	3
10.829	3
11.164	3
11.258	3
11.533	3
11.824	3
11.926	3
12.327	3
12.423	3
12.51	3
12.579	3
12.966	3
13.055	3
13.078	3
13.082	3
13.33	3
13.556	3
13.621	3
13.771	3
14.26	3
15.15	3
15.183	3
15.317	3
15.378	3
15.467	3
15.468	3
15.501	3
15.601	3
15.631	3
15.741	3
15.83	3
16.157	3
16.171	3
16.319	3
16.385	3
16.577	3
17.011	3
17.157	3
17.189	3
17.2	3
17.357	3
17.446	3
17.508	3
17.542	3
17.583	3
18.312	3
18.331	3
18.489	3
18.717	3
18.817	3
18.945	3
19.024	3
20.616	3
22.362	3
23.336	3
23.849	3
24.35	3
25.779	3
25.815	3
25.955	3
26.561	3
0.0	1
0.0	1
0.001	1
0.003	1
0.003	1
0.003	1
0.004	1
0.005	1
0.006	1
0.007	1
0.008	1
0.008	1
0.009	1
0.01	1
0.012	1
0.013	1
0.015	1
0.015	1
0.026	1
0.034	1
0.038	1
0.07	1
0.072	1
0.072	1
0.084	1
0.095	1
0.096	1
0.096	1
0.098	1
0.101	1
0.107	1
0.116	1
0.119	1
0.127	1
0.133	1
0.144	1
0.146	1
0.146	1
0.148	1
0.152	1
0.157	1
0.158	1
0.161	1
0.162	1
0.165	1
0.165	1
0.167	1
0.168	1
0.169	1
0.17	1
0.17	1
0.179	1
0.179	1
0.181	1
0.183	1
0.186	1
0.186	2
0.186	2
0.186	2
0.194	2
0.194	2
0.196	2
0.197	2
0.197	2
0.202	2
0.205	2
0.205	2
0.208	2
0.209	2
0.21	2
0.216	2
0.218	2
0.222	2
0.222	2
0.223	2
0.226	2
0.227	2
0.227	2
0.23	2
0.232	2
0.238	2
0.24	2
0.242	2
0.247	2
0.253	2
0.256	2
0.256	2
0.256	2
0.258	2
0.261	3
0.264	4
0.267	4
0.267	4
0.271	4
0.271	4
0.272	4
0.273	4
0.28	4
0.286	4
0.286	4
0.287	4
0.288	4
0.292	4
0.293	4
0.294	4
0.302	4
0.304	4
0.304	4
0.307	4
0.308	5
0.313	5
0.315	5
0.317	5
0.318	5
0.319	5
0.319	5
0.324	5
0.333	5
0.335	5
0.335	5
0.339	5
0.341	5
0.352	5
0.356	5
0.356	5
0.363	5
0.364	5
0.365	5
0.367	5
0.369	5
0.37	5
0.371	5
0.376	5
0.377	5
0.378	5
0.387	5
0.395	5
0.395	5
0.397	5
0.398	5
0.405	5
0.406	5
0.418	5
0.426	5
0.429	5
0.43	5
0.43	5
0.432	5
0.432	5
0.438	5
0.439	5
0.44	5
0.442	5
0.444	5
0.446	5
0.451	5
0.452	5
0.455	5
0.456	5
0.457	5
0.458	5
0.481	5
0.484	5
0.491	5
0.498	5
0.504	5
0.506	5
0.514	5
0.515	5
0.521	5
0.521	5
0.521	5
0.527	5
0.533	5
0.539	5
0.541	5
0.542	5
0.547	5
0.548	5
0.551	5
0.552	5
0.555	5
0.555	5
0.573	5
0.579	5
0.582	5
0.582	5
0.584	5
0.586	5
0.586	5
0.586	5
0.589	5
0.594	5
0.611	5
0.614	5
0.619	5
0.627	5
0.627	5
0.631	5
0.632	5
0.632	5
0.635	5
0.646	5
0.656	5
0.659	5
0.662	5
0.667	5
0.668	5
0.688	5
0.689	5
0.69	5
0.692	5
0.695	5
0.705	5
0.708	5
0.711	5
0.713	5
0.714	5
0.727	5
0.727	5
0.728	5
0.732	5
0.732	5
0.734	5
0.741	5
0.753	5
0.754	5
0.754	5
0.755	5
0.758	5
0.76	5
0.767	5
0.767	5
0.772	5
0.778	5
0.781	5
0.782	5
0.783	5
0.787	5
0.789	5
0.789	5
0.79	5
0.792	5
0.792	5
0.793	5
0.805	5
0.805	5
0.806	5
0.812	5
0.827	5
0.828	5
0.832	5
0.836	5
0.84	5
0.841	5
0.842	5
0.843	5
0.843	5
0.848	5
0.855	5
0.863	5
0.864	5
0.882	5
0.885	5
0.893	5
0.895	5
0.903	5
0.903	5
0.903	5
0.904	5
0.904	5
0.908	5
0.91	5
0.928	5
0.931	5
0.932	5
0.934	5
0.935	5
0.941	5
0.941	5
0.949	5
0.951	5
0.951	5
0.956	5
0.967	5
0.975	5
0.979	5
0.979	5
0.979	5
0.981	5
0.988	5
0.988	5
0.99	5
0.991	5
0.994	5
0.995	5
0.999	5
1.002	5
1.008	5
1.009	5
1.027	5
1.054	5
1.058	5
1.07	5
1.07	5
1.085	5
1.089	5
1.112	5
1.12	5
1.136	5
1.146	5
1.152	5
1.174	5
1.175	5
1.176	5
1.189	5
1.196	5
1.221	5
1.227	5
1.24	5
1.262	5
1.264	5
1.275	5
1.288	5
1.292	5
1.293	5
1.321	5
1.392	5
1.393	5
1.522	5
1.564	5
1.611	5
1.629	5
1.634	5
1.634	5
1.723	5
1.786	5
1.824	5
1.858	5
1.882	5
2.001	5
2.016	5
2.03	5
2.107	5
2.149	5
2.207	5
2.296	5
2.328	5
2.422	5
2.439	5
2.465	5
2.684	5
2.749	5
2.772	5
2.796	5
2.8	5
2.878	5
2.906	5
2.921	5
3.033	5
3.036	5
3.066	5
3.08	5
3.136	5
3.21	5
3.245	5
3.312	5
3.363	5
3.376	5
3.397	5
3.459	5
3.464	5
3.488	5
3.533	5
3.571	5
3.582	5
3.636	5
3.773	5
3.849	5
3.906	5
3.985	5
4.047	5
4.063	5
4.149	5
4.159	5
4.175	5
4.195	5
4.198	5
4.264	5
4.289	5
4.321	5
4.339	5
4.433	5
4.469	5
4.512	5
4.581	5
4.61	5
4.732	5
4.92	5
4.927	5
4.966	5
5.036	5
5.064	5
5.071	5
5.079	5
5.144	5
5.162	5
5.232	5
5.245	5
5.355	5
5.396	5
5.446	5
5.453	5
5.479	5
5.573	5
5.575	5
5.604	5
5.616	5
5.664	5
5.696	5
5.711	5
5.792	5
5.842	5
5.843	5
5.925	4
6.007	4
6.027	4
6.109	4
6.211	4
6.301	4
6.47	4
6.475	4
6.57	4
6.665	4
6.686	4
6.799	4
6.835	4
6.869	4
6.9	4
6.974	4
7.091	4
7.145	4
7.147	4
7.173	4
7.183	4
7.209	4
7.215	4
7.329	4
7.348	4
7.479	4
7.489	4
7.52	4
7.58	4
7.6	4
7.624	4
7.635	4
7.965	4
7.993	4
8.026	4
8.068	4
8.078	4
8.101	4
8.134	4
8.166	4
8.412	4
8.565	4
8.583	4
8.616	4
8.715	4
8.815	4
8.958	4
8.996	4
9.057	4
9.192	4
9.373	3
9.46	3
9.491	3
9.497	3
9.502	3
9.683	3
9.884	3
9.927	3
9.942	3
10.016	3
10.111	3
10.241	3
10.295	3
10.3	3
10.338	3
10.339	3
10.365	3
10.417	3
10.509	3
10.587	3
10.596	3
10.78	3
10.828	3
11.163	3
11.257	3
11.532	3
11.823	3
11.925	3
12.326	3
12.422	3
12.509	3
12.578	3
12.965	3
13.054	3
13.077	3
13.081	3
13.329	3
13.555	3
13.62	3
13.77	3
14.259	3
15.149	3
15.182	3
15.316	3
15.377	3
15.466	3
15.467	3
15.5	3
15.6	3
15.63	3
15.74	3
15.829	3
16.156	3
16.17	3
16.318	3
16.384	3
16.576	3
17.01	3
17.156	3
17.188	3
17.199	3
17.356	3
17.445	3
17.507	3
17.541	3
17.582	3
18.311	3
18.33	3
18.488	3
18.716	3
18.816	3
18.944	3
19.023	3
20.615	3
22.361	3
23.335	3
23.848	3
24.349	3
25.778	3
25.814	3
25.954	3
26.56	3
0.0	1
0.002	1
0.002	1
0.002	1
0.003	1
0.004	1
0.005	1
0.006	1
0.007	1
0.007	1
0.008	1
0.009	1
0.011	1
0.012	1
0.014	1
0.014	1
0.025	1
0.033	1
0.037	1
0.069	1
0.071	1
0.071	1
0.083	1
0.094	1
0.095	1
0.095	1
0.097	1
0.1	1
0.106	1
0.115	1
0.118	1
0.126	1
0.132	1
0.143	1
0.145	1
0.145	1
0.147	1
0.151	1
0.156	1
0.157	1
0.16	1
0.161	1
0.164	1
0.164	1
0.166	1
0.167	1
0.168	1
0.169	1
0.169	1
0.178	1
0.178	1
0.18	1
0.182	1
0.185	1
0.185	1
0.185	1
0.185	1
0.193	1
0.193	1
0.195	1
0.196	1
0.196	1
0.201	1
0.204	1
0.204	1
0.207	1
0.208	1
0.209	1
0.215	1
0.217	1
0.221	1
0.221	1
0.222	1
0.225	1
0.226	1
0.226	1
0.229	1
0.231	1
0.237	1
0.239	1
0.241	1
0.246	1
0.252	1
0.255	2
0.255	2
0.255	2
0.257	2
0.26	2
0.263	2
0.266	2
0.266	2
0.27	2
0.27	2
0.271	2
0.272	2
0.279	2
0.285	2
0.285	2
0.286	2
0.287	2
0.291	2
0.292	2
0.293	2
0.301	2
0.303	2
0.303	2
0.306	2
0.307	2
0.312	2
0.314	2
0.316	2
0.317	2
0.318	2
0.318	2
0.323	2
0.332	2
0.334	2
0.334	2
0.338	2
0.34	2
0.351	2
0.355	2
0.355	2
0.362	3
0.363	3
0.364	3
0.366	3
0.368	3
0.369	3
0.37	3
0.375	3
0.376	3
0.377	3
0.386	3
0.394	3
0.394	3
0.396	3
0.397	3
0.404	3
0.405	4
0.417	4
0.425	4
0.428	4
0.429	4
0.429	4
0.431	4
0.431	4
0.437	4
0.438	4
0.439	4
0.441	4
0.443	4
0.445	4
0.45	4
0.451	4
0.454	4
0.455	4
0.456	4
0.457	4
0.48	4
0.483	4
0.49	4
0.497	4
0.503	4
0.505	4
0.513	4
0.514	4
0.52	4
0.52	4
0.52	4
0.526	4
0.532	4
0.538	4
0.54	5
0.541	5
0.546	5
0.547	5
0.55	5
0.551	5
0.554	5
0.554	5
0.572	5
0.578	5
0.581	5
0.581	5
0.583	5
0.585	5
0.585	5
0.585	5
0.588	5
0.593	5
0.61	6
0.613	6
0.618	6
0.626	6
0.626	6
0.63	6
0.631	6
0.631	6
0.634	6
0.645	6
0.655	6
0.658	6
0.661	6
0.666	6
0.667	6
0.687	6
0.688	6
0.689	6
0.691	6
0.694	6
0.704	6
0.707	6
0.71	6
0.712	6
0.713	6
0.726	6
0.726	6
0.727	6
0.731	6
0.731	6
0.733	6
0.74	6
0.752	6
0.753	6
0.753	6
0.754	6
0.757	6
0.759	6
0.766	6
0.766	6
0.771	6
0.777	6
0.78	6
0.781	6
0.782	6
0.786	6
0.788	6
0.788	6
0.789	6
0.791	6
0.791	6
0.792	6
0.804	6
0.804	6
0.805	6
0.811	6
0.826	6
0.827	6
0.831	6
0.835	6
0.839	6
0.84	6
0.841	6
0.842	6
0.842	6
0.847	6
0.854	6
0.862	7
0.863	7
0.881	7
0.884	7
0.892	7
0.894	7
0.902	7
0.902	7
0.902	7
0.903	7
0.903	7
0.907	7
0.909	7
0.927	7
0.93	7
0.931	7
0.933	7
0.934	7
0.94	7
0.94	7
0.948	7
0.95	7
0.95	7
0.955	7
0.966	7
0.974	7
0.978	7
0.978	7
0.978	7
0.98	7
0.987	7
0.987	7
0.989	7
0.99	7
0.993	7
0.994	7
0.998	7
1.001	7
1.007	7
1.008	7
1.026	7
1.053	7
1.057	7
1.069	7
1.069	7
1.084	7
1.088	7
1.111	7
1.119	7
1.135	7
1.145	7
1.151	7
1.173	7
1.174	7
1.175	7
1.188	7
1.195	7
1.22	7
1.226	7
1.239	7
1.261	7
1.263	7
1.274	7
1.287	7
1.291	7
1.292	7
1.32	7
1.391	7
1.392	7
1.521	7
1.563	7
1.61	7
1.628	7
1.633	7
1.633	7
1.722	7
1.785	7
1.823	7
1.857	7
1.881	7
2.0	7
2.015	7
2.029	7
2.106	7
2.148	7
2.206	7
2.295	7
2.327	7
2.421	7
2.438	7
2.464	7
2.683	7
2.748	7
2.771	7
2.795	7
2.799	7
2.877	7
2.905	7
2.92	7
3.032	6
3.035	6
3.065	6
3.079	6
3.135	6
3.209	6
3.244	6
3.311	6
3.362	6
3.375	6
3.396	6
3.458	6
3.463	6
3.487	6
3.532	6
3.57	6
3.581	6
3.635	6
3.772	6
3.848	5
3.905	5
3.984	5
4.046	5
4.062	5
4.148	5
4.158	5
4.174	5
4.194	5
4.197	5
4.263	5
4.288	5
4.32	5
4.338	5
4.432	5
4.468	5
4.511	5
4.58	4
4.609	4
4.731	4
4.919	4
4.926	4
4.965	4
5.035	4
5.063	4
5.07	4
5.078	4
5.143	4
5.161	4
5.231	4
5.244	4
5.354	4
5.395	4
5.445	4
5.452	4
5.478	4
5.572	4
5.574	4
5.603	4
5.615	4
5.663	4
5.695	4
5.71	4
5.791	4
5.841	4
5.842	4
5.924	4
6.006	4
6.026	4
6.108	4
6.21	4
6.3	4
6.469	4
6.474	4
6.569	4
6.664	4
6.685	4
6.798	4
6.834	4
6.868	4
6.899	4
6.973	4
7.09	4
7.144	4
7.146	4
7.172	4
7.182	4
7.208	4
7.214	4
7.328	4
7.347	4
7.478	4
7.488	4
7.519	4
7.579	4
7.599	4
7.623	4
7.634	4
7.964	4
7.992	4
8.025	4
8.067	4
8.077	4
8.1	4
8.133	4
8.165	4
8.411	4
8.564	4
8.582	4
8.615	4
8.714	4
8.814	4
8.957	4
8.995	4
9.056	4
9.191	4
9.372	4
9.459	4
9.49	4
9.496	4
9.501	4
9.682	4
9.883	4
9.926	4
9.941	4
10.015	4
10.11	4
10.24	4
10.294	4
10.299	4
10.337	4
10.338	4
10.364	4
10.416	4
10.508	4
10.586	4
10.595	4
10.779	4
10.827	4
11.162	4
11.256	4
11.531	4
11.822	4
11.924	4
12.325	4
12.421	4
12.508	4
12.577	4
12.964	4
13.053	4
13.076	4
13.08	4
13.328	4
13.554	4
13.619	4
13.769	4
14.258	4
15.148	4
15.181	4
15.315	4
15.376	4
15.465	4
15.466	4
15.499	4
15.599	4
15.629	4
15.739	4
15.828	4
16.155	4
16.169	4
16.317	4
16.383	4
16.575	3
17.009	3
17.155	3
17.187	3
17.198	3
17.355	3
17.444	3
17.506	3
17.54	3
17.581	3
18.31	3
18.329	3
18.487	3
18.715	3
18.815	3
18.943	3
19.022	3
20.614	3
22.36	3
23.334	3
23.847	3
24.348	3
25.777	3
25.813	3
25.953	3
26.559	3
0.0	1
0.0	1
0.0	1
0.001	1
0.002	1
0.003	1
0.004	1
0.005	1
0.005	1
0.006	1
0.007	1
0.009	1
0.01	1
0.012	1
0.012	1
0.023	1
0.031	1
0.035	1
0.067	1
0.069	1
0.069	1
0.081	1
0.092	1
0.093	1
0.093	1
0.095	1
0.098	1
0.104	1
0.113	1
0.116	1
0.124	1
0.13	1
0.141	1
0.143	1
0.143	1
0.145	2
0.149	2
0.154	2
0.155	2
0.158	2
0.159	2
0.162	2
0.162	2
0.164	2
0.165	2
0.166	2
0.167	2
0.167	2
0.176	2
0.176	2
0.178	2
0.18	2
0.183	2
0.183	2
0.183	2
0.183	2
0.191	3
0.191	3
0.193	3
0.194	3
0.194	3
0.199	3
0.202	3
0.202	3
0.205	3
0.206	3
0.207	3
0.213	3
0.215	3
0.219	3
0.219	3
0.22	3
0.223	3
0.224	3
0.224	3
0.227	3
0.229	3
0.235	3
0.237	3
0.239	3
0.244	3
0.25	3
0.253	3
0.253	3
0.253	3
0.255	3
0.258	3
0.261	3
0.264	3
0.264	3
0.268	3
0.268	3
0.269	3
0.27	3
0.277	3
0.283	3
0.283	3
0.284	3
0.285	3
0.289	3
0.29	3
0.291	3
0.299	3
0.301	3
0.301	3
0.304	3
0.305	3
0.31	3
0.312	3
0.314	3
0.315	3
0.316	3
0.316	3
0.321	3
0.33	3
0.332	3
0.332	3
0.336	3
0.338	3
0.349	3
0.353	3
0.353	3
0.36	3
0.361	3
0.362	3
0.364	3
0.366	3
0.367	3
0.368	3
0.373	3
0.374	3
0.375	3
0.384	3
0.392	3
0.392	3
0.394	3
0.395	3
0.402	3
0.403	3
0.415	3
0.423	3
0.426	3
0.427	3
0.427	3
0.429	3
0.429	3
0.435	3
0.436	3
0.437	3
0.439	3
0.441	3
0.443	3
0.448	3
0.449	3
0.452	3
0.453	3
0.454	3
0.455	3
0.478	3
0.481	3
0.488	3
0.495	3
0.501	3
0.503	3
0.511	3
0.512	3
0.518	3
0.518	3
0.518	3
0.524	3
0.53	3
0.536	3
0.538	3
0.539	3
0.544	3
0.545	3
0.548	3
0.549	3
0.552	3
0.552	3
0.57	3
0.576	3
0.579	3
0.579	3
0.581	3
0.583	3
0.583	3
0.583	3
0.586	3
0.591	3
0.608	3
0.611	3
0.616	3
0.624	3
0.624	3
0.628	3
0.629	3
0.629	3
0.632	3
0.643	3
0.653	3
0.656	3
0.659	3
0.664	3
0.665	3
0.685	3
0.686	3
0.687	3
0.689	3
0.692	4
0.702	4
0.705	4
0.708	4
0.71	4
0.711	4
0.724	4
0.724	4
0.725	4
0.729	4
0.729	4
0.731	4
0.738	4
0.75	4
0.751	4
0.751	4
0.752	4
0.755	4
0.757	4
0.764	4
0.764	4
0.769	4
0.775	4
0.778	4
0.779	4
0.78	4
0.784	4
0.786	4
0.786	4
0.787	4
0.789	4
0.789	4
0.79	4
0.802	4
0.802	4
0.803	4
0.809	4
0.824	4
0.825	4
0.829	4
0.833	4
0.837	4
0.838	4
0.839	4
0.84	4
0.84	4
0.845	4
0.852	4
0.86	4
0.861	4
0.879	4
0.882	4
0.89	4
0.892	4
0.9	4
0.9	4
0.9	4
0.901	4
0.901	4
0.905	4
0.907	4
0.925	4
0.928	4
0.929	4
0.931	4
0.932	4
0.938	4
0.938	4
0.946	4
0.948	4
0.948	4
0.953	4
0.964	4
0.972	4
0.976	4
0.976	4
0.976	4
0.978	4
0.985	4
0.985	4
0.987	4
0.988	4
0.991	4
0.992	4
0.996	4
0.999	4
1.005	4
1.006	4
1.024	4
1.051	4
1.055	4
1.067	4
1.067	4
1.082	4
1.086	4
1.109	4
1.117	4
1.133	4
1.143	4
1.149	4
1.171	4
1.172	4
1.173	4
1.186	4
1.193	4
1.218	4
1.224	4
1.237	4
1.259	4
1.261	4
1.272	4
1.285	4
1.289	4
1.29	4
1.318	4
1.389	4
1.39	4
1.519	4
1.561	4
1.608	4
1.626	4
1.631	4
1.631	4
1.72	4
1.783	4
1.821	4
1.855	4
1.879	4
1.998	4
2.013	4
2.027	4
2.104	4
2.146	4
2.204	4
2.293	4
2.325	4
2.419	4
2.436	4
2.462	4
2.681	4
2.746	4
2.769	4
2.793	4
2.797	4
2.875	4
2.903	4
2.918	4
3.03	4
3.033	4
3.063	4
3.077	4
3.133	4
3.207	4
3.242	4
3.309	4
3.36	4
3.373	4
3.394	4
3.456	4
3.461	4
3.485	4
3.53	4
3.568	4
3.579	4
3.633	4
3.77	4
3.846	4
3.903	4
3.982	4
4.044	4
4.06	4
4.146	4
4.156	4
4.172	4
4.192	4
4.195	4
4.261	4
4.286	4
4.318	4
4.336	4
4.43	4
4.466	4
4.509	4
4.578	4
4.607	4
4.729	4
4.917	4
4.924	4
4.963	4
5.033	4
5.061	4
5.068	4
5.076	4
5.141	4
5.159	4
5.229	4
5.242	4
5.352	4
5.393	4
5.443	4
5.45	4
5.476	4
5.57	4
5.572	4
5.601	4
5.613	4
5.661	4
5.693	4
5.708	4
5.789	4
5.839	4
5.84	4
5.922	4
6.004	4
6.024	4
6.106	4
6.208	4
6.298	4
6.467	4
6.472	4
6.567	4
6.662	4
6.683	4
6.796	4
6.832	4
6.866	4
6.897	4
6.971	4
7.088	4
7.142	4
7.144	4
7.17	4
7.18	4
7.206	4
7.212	4
7.326	4
7.345	4
7.476	4
7.486	4
7.517	4
7.577	4
7.597	4
7.621	4
7.632	4
7.962	4
7.99	4
8.023	4
8.065	4
8.075	4
8.098	4
8.131	4
8.163	4
8.409	4
8.562	4
8.58	4
8.613	4
8.712	4
8.812	4
8.955	4
8.993	4
9.054	4
9.189	4
9.37	4
9.457	4
9.488	4
9.494	4
9.499	4
9.68	4
9.881	4
9.924	4
9.939	4
10.013	4
10.108	4
10.238	3
10.292	3
10.297	3
10.335	3
10.336	3
10.362	3
10.414	3
10.506	3
10.584	3
10.593	3
10.777	3
10.825	3
11.16	3
11.254	3
11.529	3
11.82	3
11.922	3
12.323	3
12.419	3
12.506	3
12.575	3
12.962	3
13.051	3
13.074	3
13.078	3
13.326	3
13.552	3
13.617	3
13.767	3
14.256	3
15.146	3
15.179	3
15.313	3
15.374	3
15.463	3
15.464	3
15.497	3
15.597	3
15.627	3
15.737	3
15.826	3
16.153	3
16.167	3
16.315	3
16.381	3
16.573	3
17.007	3
17.153	3
17.185	3
17.196	3
17.353	3
17.442	3
17.504	3
17.538	3
17.579	3
18.308	3
18.327	3
18.485	3
18.713	3
18.813	3
18.941	3
19.02	3
20.612	3
22.358	3
23.332	3
23.845	3
24.346	3
25.775	3
25.811	3
25.951	3
26.557	3
0.0	1
0.0	1
0.001	1
0.002	1
0.003	1
0.004	1
0.005	1
0.005	1
0.006	1
0.007	1
0.009	1
0.01	1
0.012	1
0.012	1
0.023	1
0.031	1
0.035	1
0.067	1
0.069	1
0.069	1
0.081	1
0.092	1
0.093	1
0.093	1
0.095	1
0.098	1
0.104	1
0.113	1
0.116	1
0.124	1
0.13	1
0.141	1
0.143	1
0.143	1
0.145	1
0.149	1
0.154	1
0.155	1
0.158	1
0.159	1
0.162	1
0.162	1
0.164	1
0.165	1
0.166	1
0.167	1
0.167	1
0.176	1
0.176	1
0.178	1
0.18	1
0.183	1
0.183	1
0.183	1
0.183	1
0.191	1
0.191	1
0.193	1
0.194	1
0.194	1
0.199	1
0.202	1
0.202	1
0.205	1
0.206	1
0.207	1
0.213	1
0.215	1
0.219	1
0.219	1
0.22	1
0.223	1
0.224	1
0.224	1
0.227	1
0.229	1
0.235	1
0.237	1
0.239	1
0.244	1
0.25	1
0.253	1
0.253	1
0.253	1
0.255	1
0.258	1
0.261	1
0.264	1
0.264	1
0.268	1
0.268	1
0.269	1
0.27	1
0.277	1
0.283	1
0.283	1
0.284	1
0.285	1
0.289	1
0.29	1
0.291	1
0.299	1
0.301	1
0.301	1
0.304	1
0.305	1
0.31	1
0.312	1
0.314	1
0.315	1
0.316	1
0.316	1
0.321	1
0.33	1
0.332	1
0.332	1
0.336	1
0.338	1
0.349	1
0.353	1
0.353	1
0.36	1
0.361	1
0.362	1
0.364	1
0.366	1
0.367	1
0.368	1
0.373	1
0.374	1
0.375	1
0.384	1
0.392	1
0.392	1
0.394	1
0.395	1
0.402	1
0.403	1
0.415	1
0.423	1
0.426	1
0.427	1
0.427	1
0.429	1
0.429	1
0.435	1
0.436	1
0.437	1
0.439	1
0.441	1
0.443	1
0.448	1
0.449	1
0.452	1
0.453	2
0.454	2
0.455	2
0.478	2
0.481	2
0.488	2
0.495	2
0.501	2
0.503	2
0.511	2
0.512	2
0.518	2
0.518	2
0.518	2
0.524	2
0.53	2
0.536	2
0.538	2
0.539	2
0.544	2
0.545	2
0.548	2
0.549	2
0.552	2
0.552	2
0.57	2
0.576	2
0.579	2
0.579	2
0.581	2
0.583	2
0.583	2
0.583	2
0.586	2
0.591	2
0.608	2
0.611	2
0.616	2
0.624	2
0.624	2
0.628	2
0.629	2
0.629	2
0.632	2
0.643	2
0.653	2
0.656	2
0.659	2
0.664	2
0.665	2
0.685	2
0.686	2
0.687	2
0.689	2
0.692	2
0.702	2
0.705	2
0.708	2
0.71	2
0.711	2
0.724	2
0.724	2
0.725	2
0.729	2
0.729	2
0.731	2
0.738	2
0.75	2
0.751	2
0.751	2
0.752	2
0.755	2
0.757	2
0.764	2
0.764	2
0.769	2
0.775	2
0.778	2
0.779	2
0.78	2
0.784	2
0.786	2
0.786	2
0.787	2
0.789	2
0.789	2
0.79	2
0.802	2
0.802	2
0.803	2
0.809	2
0.824	2
0.825	2
0.829	2
0.833	2
0.837	2
0.838	2
0.839	2
0.84	2
0.84	2
0.845	2
0.852	2
0.86	2
0.861	2
0.879	2
0.882	2
0.89	2
0.892	2
0.9	2
0.9	2
0.9	2
0.901	2
0.901	2
0.905	2
0.907	2
0.925	3
0.928	3
0.929	4
0.931	4
0.932	4
0.938	4
0.938	4
0.946	4
0.948	4
0.948	4
0.953	4
0.964	4
0.972	4
0.976	4
0.976	4
0.976	4
0.978	4
0.985	4
0.985	4
0.987	4
0.988	4
0.991	4
0.992	4
0.996	4
0.999	5
1.005	5
1.006	5
1.024	5
1.051	5
1.055	5
1.067	5
1.067	5
1.082	5
1.086	5
1.109	5
1.117	5
1.133	5
1.143	5
1.149	5
1.171	5
1.172	5
1.173	5
1.186	5
1.193	5
1.218	5
1.224	5
1.237	5
1.259	5
1.261	5
1.272	5
1.285	6
1.289	6
1.29	6
1.318	6
1.389	6
1.39	6
1.519	6
1.561	6
1.608	6
1.626	6
1.631	6
1.631	6
1.72	6
1.783	6
1.821	6
1.855	6
1.879	6
1.998	6
2.013	6
2.027	6
2.104	6
2.146	6
2.204	6
2.293	6
2.325	6
2.419	6
2.436	6
2.462	6
2.681	6
2.746	6
2.769	6
2.793	6
2.797	6
2.875	6
2.903	6
2.918	6
3.03	6
3.033	6
3.063	6
3.077	6
3.133	6
3.207	6
3.242	6
3.309	6
3.36	5
3.373	5
3.394	5
3.456	5
3.461	5
3.485	5
3.53	5
3.568	5
3.579	5
3.633	5
3.77	5
3.846	5
3.903	5
3.982	5
4.044	5
4.06	5
4.146	5
4.156	5
4.172	5
4.192	5
4.195	5
4.261	5
4.286	5
4.318	5
4.336	5
4.43	5
4.466	5
4.509	5
4.578	5
4.607	5
4.729	5
4.917	5
4.924	5
4.963	5
5.033	5
5.061	5
5.068	5
5.076	5
5.141	5
5.159	5
5.229	5
5.242	5
5.352	5
5.393	5
5.443	5
5.45	5
5.476	5
5.57	5
5.572	5
5.601	5
5.613	5
5.661	5
5.693	5
5.708	5
5.789	5
5.839	5
5.84	5
5.922	5
6.004	5
6.024	5
6.106	5
6.208	5
6.298	5
6.467	5
6.472	5
6.567	5
6.662	5
6.683	5
6.796	5
6.832	5
6.866	5
6.897	5
6.971	5
7.088	5
7.142	5
7.144	5
7.17	5
7.18	5
7.206	5
7.212	5
7.326	5
7.345	5
7.476	5
7.486	5
7.517	5
7.577	5
7.597	5
7.621	4
7.632	4
7.962	3
7.99	3
8.023	3
8.065	3
8.075	2
8.098	2
8.131	2
8.163	2
8.409	2
8.562	2
8.58	2
8.613	2
8.712	3
8.812	3
8.955	3
8.993	3
9.054	3
9.189	4
9.37	4
9.457	4
9.488	4
9.494	4
9.499	4
9.68	4
9.881	4
9.924	4
9.939	4
10.013	4
10.108	4
10.238	4
10.292	4
10.297	4
10.335	4
10.336	4
10.362	4
10.414	4
10.506	4
10.584	4
10.593	4
10.777	4
10.825	4
11.16	4
11.254	4
11.529	4
11.82	4
11.922	4
12.323	4
12.419	4
12.506	4
12.575	4
12.962	4
13.051	4
13.074	4
13.078	4
13.326	4
13.552	4
13.617	4
13.767	4
14.256	4
15.146	4
15.179	4
15.313	4
15.374	4
15.463	4
15.464	4
15.497	4
15.597	4
15.627	4
15.737	4
15.826	4
16.153	4
16.167	4
16.315	4
16.381	4
16.573	4
17.007	4
17.153	4
17.185	4
17.196	4
17.353	4
17.442	4
17.504	4
17.538	4
17.579	4
18.308	4
18.327	4
18.485	4
18.713	4
18.813	3
18.941	3
19.02	3
20.612	3
22.358	3
23.332	3
23.845	3
24.346	3
25.775	3
25.811	3
25.951	3
26.557	3
0.0	1
0.001	1
0.002	1
0.003	1
0.004	1
0.005	1
0.005	1
0.006	1
0.007	1
0.009	1
0.01	1
0.012	1
0.012	1
0.023	1
0.031	1
0.035	1
0.067	1
0.069	1
0.069	1
0.081	1
0.092	1
0.093	2
0.093	2
0.095	2
0.098	2
0.104	2
0.113	2
0.116	2
0.124	2
0.13	2
0.141	2
0.143	2
0.143	2
0.145	2
0.149	2
0.154	2
0.155	2
0.158	2
0.159	2
0.162	2
0.162	2
0.164	2
0.165	2
0.166	2
0.167	2
0.167	2
0.176	2
0.176	2
0.178	2
0.18	2
0.183	2
0.183	2
0.183	2
0.183	2
0.191	2
0.191	2
0.193	2
0.194	2
0.194	2
0.199	2
0.202	2
0.202	2
0.205	2
0.206	2
0.207	2
0.213	2
0.215	2
0.219	2
0.219	2
0.22	2
0.223	2
0.224	2
0.224	2
0.227	2
0.229	2
0.235	2
0.237	2
0.239	2
0.244	2
0.25	2
0.253	2
0.253	2
0.253	2
0.255	2
0.258	2
0.261	2
0.264	2
0.264	2
0.268	2
0.268	2
0.269	2
0.27	2
0.277	2
0.283	2
0.283	2
0.284	2
0.285	2
0.289	2
0.29	2
0.291	2
0.299	2
0.301	2
0.301	2
0.304	2
0.305	2
0.31	2
0.312	2
0.314	2
0.315	2
0.316	2
0.316	2
0.321	2
0.33	2
0.332	2
0.332	2
0.336	2
0.338	2
0.349	2
0.353	2
0.353	2
0.36	2
0.361	2
0.362	2
0.364	2
0.366	2
0.367	2
0.368	2
0.373	2
0.374	2
0.375	2
0.384	2
0.392	2
0.392	2
0.394	2
0.395	2
0.402	2
0.403	2
0.415	2
0.423	2
0.426	2
0.427	2
0.427	2
0.429	2
0.429	3
0.435	3
0.436	3
0.437	3
0.439	3
0.441	3
0.443	3
0.448	4
0.449	4
0.452	4
0.453	4
0.454	4
0.455	4
0.478	4
0.481	4
0.488	4
0.495	4
0.501	4
0.503	4
0.511	4
0.512	4
0.518	4
0.518	4
0.518	4
0.524	4
0.53	4
0.536	4
0.538	4
0.539	4
0.544	4
0.545	4
0.548	4
0.549	4
0.552	4
0.552	4
0.57	4
0.576	4
0.579	4
0.579	4
0.581	4
0.583	4
0.583	4
0.583	4
0.586	4
0.591	4
0.608	4
0.611	4
0.616	4
0.624	4
0.624	4
0.628	4
0.629	4
0.629	4
0.632	4
0.643	4
0.653	4
0.656	4
0.659	5
0.664	5
0.665	5
0.685	5
0.686	5
0.687	5
0.689	5
0.692	5
0.702	5
0.705	5
0.708	5
0.71	5
0.711	5
0.724	5
0.724	5
0.725	5
0.729	5
0.729	5
0.731	5
0.738	5
0.75	5
0.751	5
0.751	5
0.752	5
0.755	5
0.757	5
0.764	5
0.764	5
0.769	5
0.775	5
0.778	5
0.779	5
0.78	5
0.784	5
0.786	5
0.786	5
0.787	5
0.789	5
0.789	5
0.79	5
0.802	5
0.802	5
0.803	5
0.809	5
0.824	5
0.825	5
0.829	5
0.833	5
0.837	5
0.838	5
0.839	5
0.84	5
0.84	5
0.845	5
0.852	5
0.86	5
0.861	5
0.879	5
0.882	5
0.89	5
0.892	5
0.9	5
0.9	5
0.9	5
0.901	5
0.901	5
0.905	5
0.907	5
0.925	5
0.928	5
0.929	5
0.931	5
0.932	5
0.938	5
0.938	5
0.946	5
0.948	5
0.948	5
0.953	5
0.964	5
0.972	5
0.976	5
0.976	5
0.976	5
0.978	5
0.985	5
0.985	5
0.987	5
0.988	5
0.991	5
0.992	5
0.996	5
0.999	5
1.005	5
1.006	5
1.024	5
1.051	5
1.055	5
1.067	5
1.067	5
1.082	5
1.086	5
1.109	5
1.117	5
1.133	5
1.143	5
1.149	5
1.171	5
1.172	5
1.173	5
1.186	5
1.193	6
1.218	6
1.224	6
1.237	6
1.259	6
1.261	6
1.272	6
1.285	6
1.289	6
1.29	6
1.318	6
1.389	6
1.39	6
1.519	6
1.561	6
1.608	6
1.626	6
1.631	6
1.631	6
1.72	6
1.783	6
1.821	6
1.855	6
1.879	6
1.998	6
2.013	6
2.027	6
2.104	6
2.146	6
2.204	6
2.293	6
2.325	6
2.419	6
2.436	6
2.462	6
2.681	6
2.746	6
2.769	6
2.793	6
2.797	6
2.875	6
2.903	6
2.918	6
3.03	6
3.033	6
3.063	6
3.077	6
3.133	6
3.207	6
3.242	6
3.309	6
3.36	6
3.373	6
3.394	6
3.456	6
3.461	6
3.485	6
3.53	6
3.568	6
3.579	6
3.633	6
3.77	6
3.846	6
3.903	6
3.982	6
4.044	6
4.06	6
4.146	6
4.156	6
4.172	6
4.192	6
4.195	6
4.261	6
4.286	6
4.318	6
4.336	6
4.43	6
4.466	6
4.509	6
4.578	6
4.607	6
4.729	6
4.917	6
4.924	6
4.963	6
5.033	6
5.061	6
5.068	6
5.076	6
5.141	6
5.159	6
5.229	6
5.242	6
5.352	6
5.393	6
5.443	6
5.45	6
5.476	6
5.57	6
5.572	6
5.601	6
5.613	6
5.661	6
5.693	6
5.708	6
5.789	6
5.839	6
5.84	6
5.922	6
6.004	6
6.024	6
6.106	6
6.208	6
6.298	6
6.467	6
6.472	6
6.567	6
6.662	6
6.683	6
6.796	6
6.832	6
6.866	6
6.897	6
6.971	6
7.088	6
7.142	6
7.144	6
7.17	6
7.18	6
7.206	6
7.212	6
7.326	6
7.345	6
7.476	6
7.486	6
7.517	6
7.577	6
7.597	6
7.621	6
7.632	6
7.962	6
7.99	6
8.023	6
8.065	6
8.075	6
8.098	6
8.131	6
8.163	6
8.409	6
8.562	6
8.58	6
8.613	6
8.712	6
8.812	6
8.955	6
8.993	6
9.054	6
9.189	6
9.37	6
9.457	6
9.488	6
9.494	6
9.499	6
9.68	6
9.881	6
9.924	6
9.939	6
10.013	6
10.108	6
10.238	6
10.292	6
10.297	6
10.335	6
10.336	6
10.362	6
10.414	6
10.506	6
10.584	6
10.593	6
10.777	6
10.825	6
11.16	6
11.254	6
11.529	6
11.82	6
11.922	6
12.323	6
12.419	6
12.506	6
12.575	6
12.962	6
13.051	6
13.074	6
13.078	6
13.326	6
13.552	6
13.617	6
13.767	5
14.256	4
15.146	4
15.179	4
15.313	4
15.374	4
15.463	4
15.464	4
15.497	4
15.597	4
15.627	4
15.737	4
15.826	4
16.153	4
16.167	4
16.315	3
16.381	3
16.573	3
17.007	3
17.153	3
17.185	3
17.196	3
17.353	3
17.442	3
17.504	3
17.538	3
17.579	3
18.308	3
18.327	3
18.485	3
18.713	3
18.813	3
18.941	3
19.02	3
20.612	3
22.358	3
23.332	3
23.845	3
24.346	3
25.775	3
25.811	3
25.951	3
26.557	3
0.0	1
0.001	1
0.002	1
0.003	1
0.004	1
0.004	1
0.005	1
0.006	1
0.008	1
0.009	1
0.011	1
0.011	1
0.022	1
0.03	1
0.034	1
0.066	1
0.068	1
0.068	1
0.08	1
0.091	1
0.092	1
0.092	1
0.094	1
0.097	1
0.103	1
0.112	1
0.115	1
0.123	1
0.129	1
0.14	1
0.142	1
0.142	1
0.144	1
0.148	1
0.153	1
0.154	1
0.157	1
0.158	1
0.161	1
0.161	1
0.163	1
0.164	1
0.165	1
0.166	1
0.166	1
0.175	1
0.175	1
0.177	1
0.179	1
0.182	1
0.182	1
0.182	1
0.182	1
0.19	1
0.19	1
0.192	1
0.193	1
0.193	1
0.198	1
0.201	1
0.201	1
0.204	1
0.205	1
0.206	1
0.212	1
0.214	1
0.218	1
0.218	1
0.219	1
0.222	1
0.223	1
0.223	1
0.226	1
0.228	1
0.234	1
0.236	1
0.238	1
0.243	1
0.249	1
0.252	1
0.252	1
0.252	1
0.254	1
0.257	1
0.26	1
0.263	1
0.263	1
0.267	1
0.267	1
0.268	1
0.269	1
0.276	1
0.282	1
0.282	1
0.283	1
0.284	1
0.288	1
0.289	1
0.29	1
0.298	1
0.3	1
0.3	1
0.303	1
0.304	1
0.309	1
0.311	1
0.313	1
0.314	1
0.315	1
0.315	1
0.32	1
0.329	1
0.331	1
0.331	1
0.335	1
0.337	1
0.348	1
0.352	1
0.352	1
0.359	1
0.36	1
0.361	2
0.363	2
0.365	2
0.366	2
0.367	2
0.372	2
0.373	2
0.374	2
0.383	2
0.391	2
0.391	2
0.393	2
0.394	2
0.401	2
0.402	2
0.414	2
0.422	2
0.425	2
0.426	2
0.426	2
0.428	2
0.428	2
0.434	2
0.435	2
0.436	2
0.438	2
0.44	2
0.442	2
0.447	2
0.448	2
0.451	2
0.452	2
0.453	2
0.454	2
0.477	2
0.48	2
0.487	2
0.494	2
0.5	2
0.502	2
0.51	2
0.511	2
0.517	2
0.517	2
0.517	2
0.523	2
0.529	2
0.535	2
0.537	2
0.538	2
0.543	2
0.544	2
0.547	2
0.548	2
0.551	2
0.551	2
0.569	2
0.575	2
0.578	2
0.578	2
0.58	2
0.582	2
0.582	2
0.582	2
0.585	2
0.59	2
0.607	2
0.61	2
0.615	2
0.623	2
0.623	2
0.627	2
0.628	2
0.628	2
0.631	2
0.642	2
0.652	2
0.655	2
0.658	2
0.663	2
0.664	2
0.684	2
0.685	2
0.686	2
0.688	2
0.691	2
0.701	2
0.704	2
0.707	2
0.709	2
0.71	2
0.723	2
0.723	2
0.724	2
0.728	2
0.728	2
0.73	2
0.737	2
0.749	2
0.75	2
0.75	2
0.751	2
0.754	2
0.756	2
0.763	2
0.763	2
0.768	2
0.774	2
0.777	2
0.778	2
0.779	2
0.783	2
0.785	2
0.785	2
0.786	2
0.788	2
0.788	2
0.789	2
0.801	2
0.801	2
0.802	2
0.808	2
0.823	2
0.824	2
0.828	2
0.832	2
0.836	2
0.837	2
0.838	2
0.839	2
0.839	2
0.844	2
0.851	2
0.859	2
0.86	2
0.878	2
0.881	2
0.889	2
0.891	2
0.899	2
0.899	2
0.899	2
0.9	2
0.9	2
0.904	2
0.906	2
0.924	2
0.927	2
0.928	2
0.93	2
0.931	2
0.937	2
0.937	2
0.945	2
0.947	3
0.947	3
0.952	3
0.963	3
0.971	3
0.975	3
0.975	3
0.975	3
0.977	3
0.984	3
0.984	3
0.986	3
0.987	3
0.99	3
0.991	3
0.995	3
0.998	3
1.004	3
1.005	3
1.023	3
1.05	3
1.054	3
1.066	3
1.066	3
1.081	3
1.085	3
1.108	3
1.116	3
1.132	3
1.142	3
1.148	3
1.17	3
1.171	3
1.172	3
1.185	3
1.192	3
1.217	3
1.223	3
1.236	3
1.258	3
1.26	3
1.271	3
1.284	3
1.288	3
1.289	3
1.317	3
1.388	3
1.389	3
1.518	3
1.56	3
1.607	3
1.625	3
1.63	3
1.63	3
1.719	3
1.782	3
1.82	3
1.854	3
1.878	3
1.997	3
2.012	3
2.026	3
2.103	3
2.145	3
2.203	3
2.292	3
2.324	3
2.418	3
2.435	3
2.461	3
2.68	3
2.745	3
2.768	3
2.792	3
2.796	3
2.874	3
2.902	3
2.917	3
3.029	3
3.032	3
3.062	3
3.076	3
3.132	3
3.206	3
3.241	3
3.308	3
3.359	3
3.372	3
3.393	3
3.455	3
3.46	3
3.484	3
3.529	3
3.567	3
3.578	3
3.632	3
3.769	3
3.845	3
3.902	3
3.981	3
4.043	3
4.059	3
4.145	3
4.155	3
4.171	3
4.191	3
4.194	3
4.26	3
4.285	3
4.317	3
4.335	3
4.429	3
4.465	3
4.508	3
4.577	3
4.606	3
4.728	3
4.916	3
4.923	3
4.962	3
5.032	3
5.06	3
5.067	3
5.075	3
5.14	3
5.158	3
5.228	3
5.241	3
5.351	3
5.392	3
5.442	3
5.449	3
5.475	3
5.569	3
5.571	3
5.6	3
5.612	3
5.66	3
5.692	3
5.707	3
5.788	3
5.838	3
5.839	3
5.921	3
6.003	3
6.023	3
6.105	3
6.207	3
6.297	3
6.466	3
6.471	3
6.566	3
6.661	3
6.682	3
6.795	3
6.831	3
6.865	3
6.896	3
6.97	3
7.087	3
7.141	3
7.143	3
7.169	3
7.179	3
7.205	3
7.211	3
7.325	3
7.344	3
7.475	3
7.485	3
7.516	3
7.576	3
7.596	3
7.62	3
7.631	3
7.961	3
7.989	3
8.022	3
8.064	3
8.074	3
8.097	3
8.13	3
8.162	3
8.408	3
8.561	3
8.579	3
8.612	3
8.711	3
8.811	3
8.954	3
8.992	3
9.053	3
9.188	3
9.369	3
9.456	3
9.487	3
9.493	3
9.498	3
9.679	3
9.88	3
9.923	3
9.938	3
10.012	3
10.107	3
10.237	3
10.291	3
10.296	3
10.334	3
10.335	3
10.361	3
10.413	3
10.505	3
10.583	3
10.592	3
10.776	3
10.824	3
11.159	3
11.253	3
11.528	3
11.819	3
11.921	3
12.322	3
12.418	3
12.505	3
12.574	3
12.961	3
13.05	3
13.073	3
13.077	3
13.325	3
13.551	3
13.616	3
13.766	3
14.255	3
15.145	3
15.178	3
15.312	3
15.373	3
15.462	3
15.463	3
15.496	3
15.596	3
15.626	3
15.736	3
15.825	3
16.152	3
16.166	3
16.314	3
16.38	3
16.572	3
17.006	3
17.152	3
17.184	3
17.195	3
17.352	3
17.441	3
17.503	3
17.537	3
17.578	3
18.307	3
18.326	3
18.484	3
18.712	3
18.812	3
18.94	3
19.019	3
20.611	3
22.357	3
23.331	3
23.844	3
24.345	3
25.774	3
25.81	3
25.95	3
26.556	3
0.0	1
0.001	1
0.002	1
0.003	1
0.003	1
0.004	1
0.005	1
0.007	1
0.008	1
0.01	1
0.01	1
0.021	1
0.029	1
0.033	1
0.065	1
0.067	1
0.067	1
0.079	1
0.09	1
0.091	1
0.091	1
0.093	1
0.096	1
0.102	1
0.111	1
0.114	1
0.122	1
0.128	2
0.139	2
0.141	2
0.141	2
0.143	2
0.147	2
0.152	2
0.153	2
0.156	2
0.157	2
0.16	2
0.16	2
0.162	2
0.163	2
0.164	2
0.165	2
0.165	2
0.174	2
0.174	2
0.176	2
0.178	2
0.181	2
0.181	2
0.181	2
0.181	2
0.189	2
0.189	2
0.191	2
0.192	2
0.192	2
0.197	2
0.2	2
0.2	2
0.203	2
0.204	2
0.205	2
0.211	2
0.213	2
0.217	2
0.217	2
0.218	2
0.221	2
0.222	2
0.222	3
0.225	3
0.227	3
0.233	3
0.235	3
0.237	3
0.242	3
0.248	3
0.251	3
0.251	3
0.251	3
0.253	3
0.256	3
0.259	3
0.262	3
0.262	3
0.266	3
0.266	3
0.267	3
0.268	3
0.275	3
0.281	3
0.281	3
0.282	3
0.283	3
0.287	3
0.288	3
0.289	3
0.297	3
0.299	3
0.299	3
0.302	3
0.303	3
0.308	3
0.31	3
0.312	3
0.313	3
0.314	3
0.314	3
0.319	3
0.328	3
0.33	3
0.33	3
0.334	3
0.336	3
0.347	3
0.351	3
0.351	3
0.358	3
0.359	3
0.36	3
0.362	3
0.364	3
0.365	3
0.366	3
0.371	3
0.372	3
0.373	3
0.382	3
0.39	3
0.39	3
0.392	3
0.393	3
0.4	3
0.401	3
0.413	3
0.421	3
0.424	3
0.425	3
0.425	3
0.427	3
0.427	3
0.433	3
0.434	3
0.435	3
0.437	3
0.439	3
0.441	3
0.446	3
0.447	3
0.45	3
0.451	3
0.452	3
0.453	3
0.476	3
0.479	3
0.486	3
0.493	3
0.499	3
0.501	3
0.509	3
0.51	3
0.516	3
0.516	3
0.516	3
0.522	3
0.528	3
0.534	3
0.536	3
0.537	3
0.542	3
0.543	3
0.546	3
0.547	3
0.55	3
0.55	3
0.568	3
0.574	3
0.577	3
0.577	3
0.579	3
0.581	3
0.581	3
0.581	3
0.584	3
0.589	3
0.606	3
0.609	3
0.614	3
0.622	3
0.622	3
0.626	3
0.627	3
0.627	3
0.63	3
0.641	3
0.651	3
0.654	3
0.657	3
0.662	3
0.663	3
0.683	3
0.684	3
0.685	3
0.687	3
0.69	3
0.7	3
0.703	3
0.706	3
0.708	3
0.709	3
0.722	3
0.722	3
0.723	3
0.727	3
0.727	3
0.729	3
0.736	4
0.748	4
0.749	4
0.749	4
0.75	4
0.753	4
0.755	4
0.762	4
0.762	4
0.767	4
0.773	4
0.776	4
0.777	4
0.778	4
0.782	4
0.784	4
0.784	4
0.785	4
0.787	4
0.787	4
0.788	4
0.8	4
0.8	4
0.801	4
0.807	4
0.822	4
0.823	4
0.827	4
0.831	4
0.835	4
0.836	4
0.837	4
0.838	4
0.838	4
0.843	4
0.85	4
0.858	4
0.859	4
0.877	4
0.88	4
0.888	5
0.89	5
0.898	5
0.898	5
0.898	5
0.899	5
0.899	5
0.903	5
0.905	6
0.923	6
0.926	6
0.927	6
0.929	6
0.93	6
0.936	6
0.936	6
0.944	6
0.946	6
0.946	6
0.951	6
0.962	6
0.97	6
0.974	6
0.974	6
0.974	6
0.976	6
0.983	6
0.983	6
0.985	6
0.986	6
0.989	6
0.99	6
0.994	6
0.997	6
1.003	6
1.004	6
1.022	6
1.049	6
1.053	6
1.065	6
1.065	6
1.08	6
1.084	6
1.107	6
1.115	6
1.131	6
1.141	6
1.147	6
1.169	6
1.17	6
1.171	6
1.184	6
1.191	6
1.216	6
1.222	6
1.235	6
1.257	6
1.259	6
1.27	6
1.283	6
1.287	6
1.288	6
1.316	6
1.387	6
1.388	6
1.517	6
1.559	6
1.606	6
1.624	6
1.629	6
1.629	6
1.718	6
1.781	6
1.819	6
1.853	6
1.877	6
1.996	6
2.011	6
2.025	6
2.102	6
2.144	6
2.202	6
2.291	6
2.323	6
2.417	6
2.434	6
2.46	6
2.679	6
2.744	6
2.767	6
2.791	6
2.795	6
2.873	6
2.901	6
2.916	6
3.028	6
3.031	6
3.061	6
3.075	6
3.131	6
3.205	6
3.24	6
3.307	6
3.358	6
3.371	6
3.392	6
3.454	6
3.459	6
3.483	6
3.528	6
3.566	6
3.577	6
3.631	6
3.768	6
3.844	6
3.901	6
3.98	6
4.042	6
4.058	6
4.144	6
4.154	6
4.17	6
4.19	6
4.193	6
4.259	6
4.284	6
4.316	6
4.334	6
4.428	6
4.464	6
4.507	6
4.576	6
4.605	6
4.727	6
4.915	6
4.922	6
4.961	6
5.031	6
5.059	5
5.066	5
5.074	5
5.139	5
5.157	5
5.227	5
5.24	5
5.35	5
5.391	5
5.441	5
5.448	5
5.474	5
5.568	5
5.57	5
5.599	5
5.611	5
5.659	5
5.691	5
5.706	5
5.787	5
5.837	5
5.838	5
5.92	5
6.002	5
6.022	5
6.104	5
6.206	5
6.296	5
6.465	5
6.47	5
6.565	5
6.66	5
6.681	5
6.794	5
6.83	5
6.864	5
6.895	5
6.969	5
7.086	5
7.14	5
7.142	5
7.168	5
7.178	5
7.204	5
7.21	5
7.324	5
7.343	5
7.474	5
7.484	5
7.515	5
7.575	5
7.595	5
7.619	5
7.63	5
7.96	5
7.988	5
8.021	5
8.063	5
8.073	5
8.096	5
8.129	5
8.161	5
8.407	5
8.56	5
8.578	5
8.611	5
8.71	5
8.81	5
8.953	5
8.991	5
9.052	5
9.187	5
9.368	5
9.455	5
9.486	5
9.492	5
9.497	5
9.678	5
9.879	5
9.922	5
9.937	5
10.011	5
10.106	5
10.236	5
10.29	5
10.295	5
10.333	5
10.334	5
10.36	5
10.412	5
10.504	5
10.582	5
10.591	5
10.775	5
10.823	5
11.158	5
11.252	5
11.527	5
11.818	5
11.92	5
12.321	5
12.417	5
12.504	4
12.573	4
12.96	4
13.049	4
13.072	4
13.076	4
13.324	4
13.55	4
13.615	4
13.765	4
14.254	4
15.144	4
15.177	4
15.311	4
15.372	4
15.461	4
15.462	4
15.495	4
15.595	4
15.625	4
15.735	4
15.824	4
16.151	4
16.165	4
16.313	4
16.379	4
16.571	4
17.005	4
17.151	4
17.183	4
17.194	4
17.351	4
17.44	4
17.502	3
17.536	3
17.577	3
18.306	3
18.325	3
18.483	3
18.711	3
18.811	3
18.939	3
19.018	3
20.61	3
22.356	3
23.33	3
23.843	3
24.344	3
25.773	3
25.809	3
25.949	3
26.555	3
0.0	1
0.001	1
0.002	1
0.002	1
0.003	1
0.004	1
0.006	1
0.007	1
0.009	1
0.009	1
0.02	1
0.028	1
0.032	1
0.064	1
0.066	1
0.066	1
0.078	1
0.089	1
0.09	1
0.09	1
0.092	1
0.095	1
0.101	1
0.11	1
0.113	1
0.121	1
0.127	1
0.138	1
0.14	1
0.14	1
0.142	1
0.146	1
0.151	1
0.152	1
0.155	1
0.156	1
0.159	1
0.159	1
0.161	1
0.162	1
0.163	1
0.164	1
0.164	1
0.173	1
0.173	1
0.175	1
0.177	1
0.18	1
0.18	1
0.18	1
0.18	1
0.188	1
0.188	1
0.19	1
0.191	1
0.191	1
0.196	1
0.199	1
0.199	1
0.202	1
0.203	1
0.204	1
0.21	1
0.212	1
0.216	1
0.216	1
0.217	1
0.22	1
0.221	1
0.221	1
0.224	1
0.226	1
0.232	1
0.234	1
0.236	1
0.241	1
0.247	1
0.25	1
0.25	1
0.25	1
0.252	1
0.255	1
0.258	1
0.261	1
0.261	1
0.265	1
0.265	1
0.266	1
0.267	1
0.274	1
0.28	1
0.28	1
0.281	2
0.282	2
0.286	2
0.287	2
0.288	2
0.296	2
0.298	2
0.298	2
0.301	2
0.302	2
0.307	2
0.309	2
0.311	2
0.312	2
0.313	2
0.313	2
0.318	2
0.327	2
0.329	2
0.329	2
0.333	2
0.335	2
0.346	2
0.35	2
0.35	2
0.357	2
0.358	2
0.359	2
0.361	2
0.363	2
0.364	2
0.365	2
0.37	2
0.371	2
0.372	2
0.381	2
0.389	3
0.389	3
0.391	3
0.392	3
0.399	3
0.4	3
0.412	3
0.42	3
0.423	3
0.424	3
0.424	3
0.426	3
0.426	3
0.432	3
0.433	3
0.434	3
0.436	3
0.438	3
0.44	3
0.445	3
0.446	3
0.449	3
0.45	3
0.451	3
0.452	3
0.475	3
0.478	3
0.485	3
0.492	3
0.498	3
0.5	3
0.508	3
0.509	3
0.515	3
0.515	3
0.515	3
0.521	3
0.527	3
0.533	3
0.535	3
0.536	3
0.541	3
0.542	3
0.545	3
0.546	3
0.549	3
0.549	3
0.567	3
0.573	3
0.576	3
0.576	3
0.578	3
0.58	3
0.58	3
0.58	3
0.583	3
0.588	3
0.605	3
0.608	3
0.613	3
0.621	3
0.621	3
0.625	3
0.626	3
0.626	3
0.629	3
0.64	3
0.65	3
0.653	3
0.656	3
0.661	3
0.662	3
0.682	3
0.683	3
0.684	3
0.686	3
0.689	3
0.699	3
0.702	3
0.705	3
0.707	3
0.708	3
0.721	3
0.721	3
0.722	3
0.726	3
0.726	3
0.728	3
0.735	3
0.747	3
0.748	3
0.748	3
0.749	3
0.752	3
0.754	3
0.761	3
0.761	3
0.766	3
0.772	3
0.775	3
0.776	3
0.777	3
0.781	3
0.783	3
0.783	3
0.784	3
0.786	3
0.786	3
0.787	3
0.799	3
0.799	3
0.8	3
0.806	3
0.821	3
0.822	3
0.826	3
0.83	3
0.834	3
0.835	3
0.836	3
0.837	3
0.837	3
0.842	3
0.849	3
0.857	3
0.858	3
0.876	3
0.879	3
0.887	3
0.889	3
0.897	3
0.897	3
0.897	3
0.898	3
0.898	3
0.902	3
0.904	3
0.922	3
0.925	3
0.926	3
0.928	3
0.929	3
0.935	3
0.935	3
0.943	3
0.945	3
0.945	3
0.95	3
0.961	3
0.969	3
0.973	3
0.973	3
0.973	4
0.975	4
0.982	4
0.982	4
0.984	4
0.985	4
0.988	4
0.989	4
0.993	4
0.996	4
1.002	4
1.003	4
1.021	4
1.048	4
1.052	4
1.064	4
1.064	4
1.079	4
1.083	4
1.106	4
1.114	4
1.13	4
1.14	4
1.146	4
1.168	4
1.169	4
1.17	4
1.183	4
1.19	4
1.215	4
1.221	4
1.234	4
1.256	4
1.258	4
1.269	4
1.282	4
1.286	4
1.287	4
1.315	4
1.386	4
1.387	4
1.516	4
1.558	4
1.605	4
1.623	4
1.628	4
1.628	4
1.717	3
1.78	3
1.818	3
1.852	3
1.876	3
1.995	3
2.01	3
2.024	3
2.101	3
2.143	3
2.201	3
2.29	3
2.322	3
2.416	3
2.433	3
2.459	3
2.678	3
2.743	3
2.766	3
2.79	3
2.794	3
2.872	3
2.9	3
2.915	3
3.027	3
3.03	3
3.06	3
3.074	3
3.13	3
3.204	3
3.239	3
3.306	3
3.357	3
3.37	3
3.391	3
3.453	3
3.458	3
3.482	3
3.527	3
3.565	3
3.576	3
3.63	3
3.767	3
3.843	3
3.9	3
3.979	3
4.041	3
4.057	3
4.143	3
4.153	3
4.169	3
4.189	3
4.192	3
4.258	3
4.283	3
4.315	3
4.333	3
4.427	3
4.463	3
4.506	3
4.575	3
4.604	3
4.726	3
4.914	3
4.921	3
4.96	3
5.03	3
5.058	3
5.065	3
5.073	3
5.138	3
5.156	3
5.226	3
5.239	3
5.349	3
5.39	3
5.44	3
5.447	3
5.473	3
5.567	3
5.569	3
5.598	3
5.61	3
5.658	3
5.69	3
5.705	3
5.786	3
5.836	3
5.837	3
5.919	3
6.001	3
6.021	3
6.103	3
6.205	3
6.295	3
6.464	3
6.469	3
6.564	3
6.659	3
6.68	3
6.793	3
6.829	3
6.863	3
6.894	3
6.968	3
7.085	3
7.139	3
7.141	3
7.167	3
7.177	3
7.203	3
7.209	3
7.323	3
7.342	3
7.473	3
7.483	3
7.514	3
7.574	3
7.594	3
7.618	3
7.629	3
7.959	3
7.987	3
8.02	3
8.062	3
8.072	3
8.095	3
8.128	3
8.16	3
8.406	3
8.559	3
8.577	3
8.61	3
8.709	3
8.809	3
8.952	3
8.99	3
9.051	3
9.186	3
9.367	3
9.454	3
9.485	3
9.491	3
9.496	3
9.677	3
9.878	3
9.921	3
9.936	3
10.01	3
10.105	3
10.235	3
10.289	3
10.294	3
10.332	3
10.333	3
10.359	3
10.411	3
10.503	3
10.581	3
10.59	3
10.774	3
10.822	3
11.157	3
11.251	3
11.526	3
11.817	3
11.919	3
12.32	3
12.416	3
12.503	3
12.572	3
12.959	3
13.048	3
13.071	3
13.075	3
13.323	3
13.549	3
13.614	3
13.764	3
14.253	3
15.143	3
15.176	3
15.31	3
15.371	3
15.46	3
15.461	3
15.494	3
15.594	3
15.624	3
15.734	3
15.823	3
16.15	3
16.164	3
16.312	3
16.378	3
16.57	3
17.004	3
17.15	3
17.182	3
17.193	3
17.35	3
17.439	3
17.501	3
17.535	3
17.576	3
18.305	3
18.324	3
18.482	3
18.71	3
18.81	3
18.938	3
19.017	3
20.609	3
22.355	3
23.329	3
23.842	3
24.343	3
25.772	3
25.808	3
25.948	3
26.554	3
0.001	1
0.002	1
0.002	1
0.003	1
0.004	1
0.006	1
0.007	1
0.009	1
0.009	1
0.02	1
0.028	1
0.032	1
0.064	1
0.066	1
0.066	1
0.078	1
0.089	1
0.09	1
0.09	1
0.092	1
0.095	1
0.101	1
0.11	1
0.113	1
0.121	1
0.127	1
0.138	1
0.14	1
0.14	1
0.142	1
0.146	1
0.151	1
0.152	1
0.155	1
0.156	1
0.159	1
0.159	1
0.161	1
0.162	1
0.163	1
0.164	1
0.164	1
0.173	1
0.173	1
0.175	1
0.177	1
0.18	1
0.18	1
0.18	1
0.18	1
0.188	1
0.188	1
0.19	1
0.191	1
0.191	1
0.196	1
0.199	1
0.199	1
0.202	1
0.203	1
0.204	1
0.21	1
0.212	1
0.216	1
0.216	1
0.217	1
0.22	1
0.221	2
0.221	2
0.224	2
0.226	2
0.232	2
0.234	2
0.236	2
0.241	2
0.247	2
0.25	2
0.25	2
0.25	2
0.252	2
0.255	2
0.258	2
0.261	2
0.261	2
0.265	2
0.265	2
0.266	2
0.267	2
0.274	2
0.28	2
0.28	2
0.281	2
0.282	2
0.286	2
0.287	2
0.288	2
0.296	2
0.298	2
0.298	2
0.301	2
0.302	2
0.307	2
0.309	2
0.311	2
0.312	2
0.313	2
0.313	2
0.318	2
0.327	2
0.329	2
0.329	2
0.333	2
0.335	2
0.346	2
0.35	2
0.35	2
0.357	2
0.358	2
0.359	2
0.361	2
0.363	2
0.364	2
0.365	2
0.37	2
0.371	2
0.372	2
0.381	2
0.389	2
0.389	2
0.391	2
0.392	2
0.399	2
0.4	2
0.412	2
0.42	2
0.423	2
0.424	2
0.424	2
0.426	2
0.426	2
0.432	2
0.433	2
0.434	2
0.436	2
0.438	2
0.44	2
0.445	2
0.446	2
0.449	2
0.45	2
0.451	2
0.452	2
0.475	2
0.478	2
0.485	2
0.492	2
0.498	2
0.5	2
0.508	2
0.509	2
0.515	2
0.515	2
0.515	2
0.521	2
0.527	2
0.533	2
0.535	2
0.536	2
0.541	2
0.542	2
0.545	2
0.546	2
0.549	2
0.549	2
0.567	2
0.573	2
0.576	2
0.576	2
0.578	2
0.58	2
0.58	2
0.58	2
0.583	2
0.588	2
0.605	2
0.608	2
0.613	2
0.621	2
0.621	2
0.625	2
0.626	2
0.626	2
0.629	2
0.64	2
0.65	2
0.653	2
0.656	2
0.661	2
0.662	2
0.682	2
0.683	2
0.684	2
0.686	2
0.689	2
0.699	2
0.702	2
0.705	2
0.707	3
0.708	3
0.721	3
0.721	3
0.722	3
0.726	3
0.726	3
0.728	4
0.735	4
0.747	4
0.748	4
0.748	4
0.749	4
0.752	4
0.754	4
0.761	4
0.761	4
0.766	4
0.772	4
0.775	4
0.776	4
0.777	4
0.781	4
0.783	4
0.783	4
0.784	4
0.786	4
0.786	4
0.787	4
0.799	4
0.799	4
0.8	4
0.806	4
0.821	4
0.822	4
0.826	4
0.83	4
0.834	4
0.835	4
0.836	4
0.837	4
0.837	4
0.842	4
0.849	4
0.857	4
0.858	4
0.876	4
0.879	4
0.887	4
0.889	4
0.897	4
0.897	4
0.897	4
0.898	4
0.898	4
0.902	4
0.904	4
0.922	4
0.925	4
0.926	4
0.928	4
0.929	4
0.935	4
0.935	4
0.943	4
0.945	4
0.945	4
0.95	4
0.961	4
0.969	4
0.973	4
0.973	5
0.973	5
0.975	5
0.982	5
0.982	5
0.984	6
0.985	6
0.988	6
0.989	6
0.993	6
0.996	6
1.002	6
1.003	6
1.021	6
1.048	6
1.052	6
1.064	6
1.064	6
1.079	6
1.083	6
1.106	6
1.114	6
1.13	6
1.14	6
1.146	6
1.168	7
1.169	7
1.17	7
1.183	7
1.19	7
1.215	7
1.221	7
1.234	7
1.256	7
1.258	7
1.269	7
1.282	7
1.286	7
1.287	7
1.315	7
1.386	7
1.387	7
1.516	7
1.558	7
1.605	7
1.623	7
1.628	7
1.628	7
1.717	7
1.78	7
1.818	7
1.852	7
1.876	7
1.995	7
2.01	7
2.024	7
2.101	7
2.143	7
2.201	7
2.29	7
2.322	7
2.416	7
2.433	7
2.459	6
2.678	6
2.743	6
2.766	6
2.79	6
2.794	5
2.872	5
2.9	5
2.915	5
3.027	5
3.03	5
3.06	5
3.074	5
3.13	5
3.204	5
3.239	5
3.306	5
3.357	5
3.37	5
3.391	5
3.453	5
3.458	5
3.482	5
3.527	5
3.565	5
3.576	5
3.63	5
3.767	5
3.843	5
3.9	5
3.979	5
4.041	5
4.057	5
4.143	5
4.153	5
4.169	5
4.189	5
4.192	5
4.258	5
4.283	5
4.315	5
4.333	5
4.427	5
4.463	5
4.506	5
4.575	5
4.604	5
4.726	5
4.914	5
4.921	5
4.96	5
5.03	5
5.058	5
5.065	5
5.073	5
5.138	5
5.156	5
5.226	4
5.239	4
5.349	4
5.39	4
5.44	4
5.447	4
5.473	4
5.567	4
5.569	4
5.598	4
5.61	4
5.658	4
5.69	4
5.705	4
5.786	4
5.836	4
5.837	4
5.919	4
6.001	4
6.021	4
6.103	4
6.205	4
6.295	4
6.464	4
6.469	4
6.564	4
6.659	4
6.68	4
6.793	4
6.829	4
6.863	4
6.894	4
6.968	4
7.085	4
7.139	4
7.141	4
7.167	4
7.177	4
7.203	4
7.209	4
7.323	4
7.342	4
7.473	4
7.483	4
7.514	4
7.574	4
7.594	4
7.618	4
7.629	4
7.959	4
7.987	4
8.02	4
8.062	4
8.072	4
8.095	4
8.128	4
8.16	4
8.406	4
8.559	4
8.577	4
8.61	4
8.709	4
8.809	4
8.952	4
8.99	4
9.051	4
9.186	4
9.367	4
9.454	4
9.485	4
9.491	4
9.496	4
9.677	4
9.878	4
9.921	4
9.936	4
10.01	4
10.105	4
10.235	4
10.289	4
10.294	4
10.332	3
10.333	3
10.359	3
10.411	3
10.503	3
10.581	3
10.59	3
10.774	3
10.822	3
11.157	3
11.251	3
11.526	3
11.817	3
11.919	3
12.32	3
12.416	3
12.503	3
12.572	3
12.959	3
13.048	3
13.071	3
13.075	3
13.323	3
13.549	3
13.614	3
13.764	3
14.253	3
15.143	3
15.176	3
15.31	3
15.371	3
15.46	3
15.461	3
15.494	3
15.594	3
15.624	3
15.734	3
15.823	3
16.15	3
16.164	3
16.312	3
16.378	3
16.57	3
17.004	3
17.15	3
17.182	3
17.193	3
17.35	3
17.439	3
17.501	3
17.535	3
17.576	3
18.305	3
18.324	3
18.482	3
18.71	3
18.81	3
18.938	3
19.017	3
20.609	3
22.355	3
23.329	3
23.842	3
24.343	3
25.772	3
25.808	3
25.948	3
26.554	3
0.0	1
0.0	1
0.001	1
0.002	1
0.004	1
0.005	1
0.007	1
0.007	1
0.018	1
0.026	1
0.03	1
0.062	1
0.064	1
0.064	1
0.076	1
0.087	1
0.088	1
0.088	1
0.09	2
0.093	2
0.099	3
0.108	3
0.111	3
0.119	3
0.125	3
0.136	3
0.138	3
0.138	3
0.14	3
0.144	3
0.149	3
0.15	3
0.153	3
0.154	3
0.157	3
0.157	3
0.159	3
0.16	3
0.161	3
0.162	3
0.162	3
0.171	3
0.171	3
0.173	3
0.175	3
0.178	3
0.178	3
0.178	3
0.178	3
0.186	3
0.186	3
0.188	3
0.189	3
0.189	3
0.194	3
0.197	3
0.197	3
0.2	3
0.201	3
0.202	3
0.208	3
0.21	3
0.214	3
0.214	3
0.215	3
0.218	3
0.219	3
0.219	3
0.222	3
0.224	3
0.23	3
0.232	3
0.234	3
0.239	3
0.245	3
0.248	3
0.248	3
0.248	3
0.25	3
0.253	3
0.256	3
0.259	3
0.259	3
0.263	3
0.263	3
0.264	3
0.265	3
0.272	3
0.278	3
0.278	3
0.279	3
0.28	3
0.284	3
0.285	3
0.286	3
0.294	3
0.296	3
0.296	3
0.299	3
0.3	3
0.305	3
0.307	3
0.309	3
0.31	3
0.311	3
0.311	3
0.316	3
0.325	3
0.327	3
0.327	3
0.331	3
0.333	3
0.344	3
0.348	3
0.348	3
0.355	3
0.356	3
0.357	3
0.359	3
0.361	3
0.362	3
0.363	3
0.368	3
0.369	3
0.37	3
0.379	3
0.387	3
0.387	3
0.389	3
0.39	3
0.397	3
0.398	3
0.41	3
0.418	3
0.421	3
0.422	3
0.422	3
0.424	3
0.424	3
0.43	3
0.431	3
0.432	3
0.434	3
0.436	3
0.438	3
0.443	3
0.444	3
0.447	3
0.448	3
0.449	3
0.45	3
0.473	3
0.476	3
0.483	3
0.49	3
0.496	3
0.498	3
0.506	3
0.507	3
0.513	3
0.513	3
0.513	3
0.519	3
0.525	3
0.531	3
0.533	3
0.534	3
0.539	3
0.54	3
0.543	3
0.544	3
0.547	3
0.547	3
0.565	3
0.571	3
0.574	3
0.574	3
0.576	3
0.578	3
0.578	3
0.578	3
0.581	3
0.586	3
0.603	3
0.606	4
0.611	4
0.619	4
0.619	4
0.623	4
0.624	4
0.624	4
0.627	4
0.638	4
0.648	4
0.651	4
0.654	4
0.659	4
0.66	4
0.68	4
0.681	4
0.682	4
0.684	4
0.687	4
0.697	4
0.7	4
0.703	4
0.705	4
0.706	4
0.719	4
0.719	4
0.72	4
0.724	4
0.724	4
0.726	4
0.733	4
0.745	4
0.746	4
0.746	4
0.747	4
0.75	4
0.752	4
0.759	4
0.759	4
0.764	4
0.77	4
0.773	4
0.774	4
0.775	4
0.779	4
0.781	4
0.781	4
0.782	4
0.784	4
0.784	4
0.785	4
0.797	4
0.797	4
0.798	4
0.804	4
0.819	4
0.82	4
0.824	4
0.828	4
0.832	4
0.833	4
0.834	4
0.835	4
0.835	4
0.84	4
0.847	4
0.855	4
0.856	4
0.874	4
0.877	4
0.885	4
0.887	4
0.895	4
0.895	4
0.895	4
0.896	4
0.896	4
0.9	4
0.902	4
0.92	4
0.923	4
0.924	4
0.926	4
0.927	4
0.933	4
0.933	4
0.941	4
0.943	4
0.943	4
0.948	4
0.959	4
0.967	4
0.971	4
0.971	4
0.971	4
0.973	4
0.98	4
0.98	4
0.982	4
0.983	4
0.986	4
0.987	4
0.991	4
0.994	4
1.0	4
1.001	4
1.019	4
1.046	4
1.05	4
1.062	4
1.062	4
1.077	4
1.081	4
1.104	4
1.112	4
1.128	4
1.138	4
1.144	4
1.166	4
1.167	4
1.168	4
1.181	4
1.188	4
1.213	4
1.219	4
1.232	4
1.254	4
1.256	4
1.267	3
1.28	3
1.284	3
1.285	3
1.313	3
1.384	3
1.385	3
1.514	3
1.556	3
1.603	3
1.621	3
1.626	3
1.626	3
1.715	3
1.778	3
1.816	3
1.85	3
1.874	3
1.993	3
2.008	3
2.022	3
2.099	3
2.141	3
2.199	3
2.288	3
2.32	3
2.414	3
2.431	3
2.457	3
2.676	3
2.741	3
2.764	3
2.788	3
2.792	3
2.87	3
2.898	3
2.913	3
3.025	3
3.028	3
3.058	3
3.072	3
3.128	3
3.202	3
3.237	3
3.304	3
3.355	3
3.368	3
3.389	3
3.451	3
3.456	3
3.48	3
3.525	3
3.563	3
3.574	3
3.628	3
3.765	3
3.841	3
3.898	3
3.977	3
4.039	3
4.055	3
4.141	3
4.151	3
4.167	3
4.187	3
4.19	3
4.256	3
4.281	3
4.313	3
4.331	3
4.425	3
4.461	3
4.504	3
4.573	3
4.602	3
4.724	3
4.912	3
4.919	3
4.958	3
5.028	3
5.056	3
5.063	3
5.071	3
5.136	3
5.154	3
5.224	3
5.237	3
5.347	3
5.388	3
5.438	3
5.445	3
5.471	3
5.565	3
5.567	3
5.596	3
5.608	3
5.656	3
5.688	3
5.703	3
5.784	3
5.834	3
5.835	3
5.917	3
5.999	3
6.019	3
6.101	3
6.203	3
6.293	3
6.462	3
6.467	3
6.562	3
6.657	3
6.678	3
6.791	3
6.827	3
6.861	3
6.892	3
6.966	3
7.083	3
7.137	3
7.139	3
7.165	3
7.175	3
7.201	3
7.207	3
7.321	3
7.34	3
7.471	3
7.481	3
7.512	3
7.572	3
7.592	3
7.616	3
7.627	3
7.957	3
7.985	3
8.018	3
8.06	3
8.07	3
8.093	3
8.126	3
8.158	3
8.404	3
8.557	3
8.575	3
8.608	3
8.707	3
8.807	3
8.95	3
8.988	3
9.049	3
9.184	3
9.365	3
9.452	3
9.483	3
9.489	3
9.494	3
9.675	3
9.876	3
9.919	3
9.934	3
10.008	3
10.103	3
10.233	3
10.287	3
10.292	3
10.33	3
10.331	3
10.357	3
10.409	3
10.501	3
10.579	3
10.588	3
10.772	3
10.82	3
11.155	3
11.249	3
11.524	3
11.815	3
11.917	3
12.318	3
12.414	3
12.501	3
12.57	3
12.957	3
13.046	3
13.069	3
13.073	3
13.321	3
13.547	3
13.612	3
13.762	3
14.251	3
15.141	3
15.174	3
15.308	3
15.369	3
15.458	3
15.459	3
15.492	3
15.592	3
15.622	3
15.732	3
15.821	3
16.148	3
16.162	3
16.31	3
16.376	3
16.568	3
17.002	3
17.148	3
17.18	3
17.191	3
17.348	3
17.437	3
17.499	3
17.533	3
17.574	3
18.303	3
18.322	3
18.48	3
18.708	3
18.808	3
18.936	3
19.015	3
20.607	3
22.353	3
23.327	3
23.84	3
24.341	3
25.77	3
25.806	3
25.946	3
26.552	3
0.0	1
0.001	1
0.002	1
0.004	1
0.005	1
0.007	1
0.007	1
0.018	1
0.026	1
0.03	1
0.062	1
0.064	1
0.064	1
0.076	1
0.087	1
0.088	1
0.088	1
0.09	1
0.093	1
0.099	1
0.108	1
0.111	1
0.119	1
0.125	1
0.136	1
0.138	1
0.138	1
0.14	1
0.144	1
0.149	1
0.15	1
0.153	1
0.154	1
0.157	1
0.157	1
0.159	1
0.16	1
0.161	1
0.162	1
0.162	1
0.171	1
0.171	1
0.173	1
0.175	1
0.178	1
0.178	1
0.178	1
0.178	1
0.186	1
0.186	1
0.188	1
0.189	1
0.189	1
0.194	1
0.197	1
0.197	1
0.2	1
0.201	1
0.202	1
0.208	1
0.21	1
0.214	1
0.214	1
0.215	1
0.218	1
0.219	1
0.219	1
0.222	1
0.224	1
0.23	1
0.232	1
0.234	1
0.239	1
0.245	1
0.248	1
0.248	2
0.248	2
0.25	2
0.253	2
0.256	2
0.259	2
0.259	2
0.263	2
0.263	2
0.264	2
0.265	2
0.272	2
0.278	2
0.278	2
0.279	2
0.28	2
0.284	2
0.285	2
0.286	2
0.294	2
0.296	2
0.296	2
0.299	2
0.3	2
0.305	2
0.307	2
0.309	2
0.31	2
0.311	2
0.311	2
0.316	2
0.325	2
0.327	2
0.327	2
0.331	2
0.333	2
0.344	2
0.348	2
0.348	2
0.355	2
0.356	2
0.357	2
0.359	2
0.361	2
0.362	2
0.363	2
0.368	2
0.369	2
0.37	2
0.379	2
0.387	2
0.387	2
0.389	2
0.39	2
0.397	2
0.398	2
0.41	3
0.418	3
0.421	3
0.422	3
0.422	3
0.424	3
0.424	3
0.43	3
0.431	3
0.432	4
0.434	4
0.436	4
0.438	4
0.443	4
0.444	4
0.447	4
0.448	4
0.449	4
0.45	4
0.473	4
0.476	4
0.483	4
0.49	4
0.496	4
0.498	4
0.506	4
0.507	4
0.513	4
0.513	4
0.513	4
0.519	4
0.525	4
0.531	4
0.533	4
0.534	4
0.539	4
0.54	4
0.543	4
0.544	4
0.547	4
0.547	4
0.565	4
0.571	4
0.574	4
0.574	4
0.576	4
0.578	4
0.578	4
0.578	4
0.581	4
0.586	4
0.603	4
0.606	4
0.611	4
0.619	4
0.619	4
0.623	4
0.624	4
0.624	4
0.627	4
0.638	4
0.648	4
0.651	4
0.654	4
0.659	4
0.66	4
0.68	4
0.681	4
0.682	4
0.684	4
0.687	4
0.697	4
0.7	4
0.703	4
0.705	4
0.706	4
0.719	4
0.719	4
0.72	4
0.724	4
0.724	4
0.726	4
0.733	4
0.745	4
0.746	4
0.746	4
0.747	4
0.75	4
0.752	4
0.759	4
0.759	4
0.764	4
0.77	4
0.773	4
0.774	4
0.775	4
0.779	4
0.781	4
0.781	4
0.782	4
0.784	4
0.784	4
0.785	4
0.797	4
0.797	4
0.798	4
0.804	4
0.819	4
0.82	4
0.824	4
0.828	4
0.832	4
0.833	5
0.834	6
0.835	6
0.835	6
0.84	6
0.847	6
0.855	6
0.856	6
0.874	6
0.877	6
0.885	6
0.887	6
0.895	6
0.895	6
0.895	6
0.896	6
0.896	6
0.9	6
0.902	6
0.92	6
0.923	6
0.924	6
0.926	6
0.927	6
0.933	6
0.933	6
0.941	6
0.943	6
0.943	6
0.948	6
0.959	6
0.967	6
0.971	6
0.971	6
0.971	6
0.973	6
0.98	6
0.98	6
0.982	6
0.983	6
0.986	6
0.987	6
0.991	6
0.994	6
1.0	6
1.001	6
1.019	6
1.046	6
1.05	7
1.062	7
1.062	7
1.077	7
1.081	7
1.104	7
1.112	7
1.128	7
1.138	7
1.144	7
1.166	7
1.167	7
1.168	7
1.181	7
1.188	7
1.213	7
1.219	7
1.232	7
1.254	7
1.256	7
1.267	7
1.28	7
1.284	7
1.285	7
1.313	7
1.384	7
1.385	7
1.514	7
1.556	7
1.603	7
1.621	7
1.626	7
1.626	7
1.715	7
1.778	7
1.816	7
1.85	7
1.874	7
1.993	7
2.008	7
2.022	7
2.099	7
2.141	7
2.199	7
2.288	7
2.32	7
2.414	7
2.431	7
2.457	7
2.676	7
2.741	7
2.764	7
2.788	7
2.792	7
2.87	7
2.898	7
2.913	7
3.025	7
3.028	7
3.058	7
3.072	7
3.128	7
3.202	7
3.237	7
3.304	7
3.355	7
3.368	7
3.389	7
3.451	7
3.456	7
3.48	7
3.525	7
3.563	7
3.574	7
3.628	6
3.765	6
3.841	6
3.898	6
3.977	6
4.039	6
4.055	6
4.141	6
4.151	6
4.167	6
4.187	6
4.19	6
4.256	6
4.281	6
4.313	6
4.331	6
4.425	6
4.461	6
4.504	6
4.573	6
4.602	6
4.724	6
4.912	6
4.919	6
4.958	6
5.028	6
5.056	6
5.063	6
5.071	6
5.136	6
5.154	6
5.224	6
5.237	6
5.347	6
5.388	6
5.438	6
5.445	5
5.471	5
5.565	5
5.567	5
5.596	5
5.608	4
5.656	4
5.688	4
5.703	4
5.784	4
5.834	4
5.835	4
5.917	4
5.999	4
6.019	4
6.101	4
6.203	4
6.293	4
6.462	4
6.467	4
6.562	4
6.657	4
6.678	4
6.791	4
6.827	4
6.861	4
6.892	4
6.966	4
7.083	4
7.137	4
7.139	4
7.165	4
7.175	4
7.201	4
7.207	4
7.321	3
7.34	3
7.471	3
7.481	3
7.512	3
7.572	3
7.592	3
7.616	3
7.627	3
7.957	3
7.985	3
8.018	3
8.06	3
8.07	3
8.093	3
8.126	3
8.158	3
8.404	3
8.557	3
8.575	3
8.608	3
8.707	3
8.807	3
8.95	3
8.988	3
9.049	3
9.184	3
9.365	3
9.452	3
9.483	3
9.489	3
9.494	3
9.675	3
9.876	3
9.919	3
9.934	3
10.008	3
10.103	3
10.233	3
10.287	3
10.292	3
10.33	3
10.331	3
10.357	3
10.409	3
10.501	3
10.579	3
10.588	3
10.772	3
10.82	3
11.155	3
11.249	3
11.524	3
11.815	3
11.917	3
12.318	3
12.414	3
12.501	3
12.57	3
12.957	3
13.046	3
13.069	3
13.073	3
13.321	3
13.547	3
13.612	3
13.762	3
14.251	3
15.141	3
15.174	3
15.308	3
15.369	3
15.458	3
15.459	3
15.492	3
15.592	3
15.622	3
15.732	3
15.821	3
16.148	3
16.162	3
16.31	3
16.376	3
16.568	3
17.002	3
17.148	3
17.18	3
17.191	3
17.348	3
17.437	3
17.499	3
17.533	3
17.574	3
18.303	3
18.322	3
18.48	3
18.708	3
18.808	3
18.936	3
19.015	3
20.607	3
22.353	3
23.327	3
23.84	3
24.341	3
25.77	3
25.806	3
25.946	3
26.552	3
0.0	1
0.001	1
0.003	1
0.004	1
0.006	1
0.006	1
0.017	1
0.025	1
0.029	1
0.061	1
0.063	1
0.063	1
0.075	1
0.086	1
0.087	1
0.087	1
0.089	1
0.092	1
0.098	1
0.107	1
0.11	1
0.118	1
0.124	1
0.135	1
0.137	1
0.137	1
0.139	1
0.143	1
0.148	1
0.149	1
0.152	1
0.153	1
0.156	1
0.156	1
0.158	1
0.159	1
0.16	1
0.161	1
0.161	1
0.17	1
0.17	1
0.172	1
0.174	1
0.177	1
0.177	1
0.177	1
0.177	1
0.185	1
0.185	1
0.187	1
0.188	1
0.188	1
0.193	1
0.196	1
0.196	1
0.199	1
0.2	1
0.201	1
0.207	1
0.209	1
0.213	1
0.213	1
0.214	1
0.217	1
0.218	1
0.218	1
0.221	1
0.223	1
0.229	1
0.231	1
0.233	1
0.238	1
0.244	1
0.247	1
0.247	1
0.247	1
0.249	1
0.252	1
0.255	1
0.258	1
0.258	1
0.262	1
0.262	1
0.263	1
0.264	1
0.271	1
0.277	1
0.277	1
0.278	1
0.279	1
0.283	1
0.284	1
0.285	1
0.293	1
0.295	1
0.295	1
0.298	1
0.299	1
0.304	1
0.306	1
0.308	1
0.309	1
0.31	1
0.31	1
0.315	1
0.324	1
0.326	1
0.326	1
0.33	1
0.332	1
0.343	1
0.347	1
0.347	1
0.354	1
0.355	1
0.356	1
0.358	1
0.36	1
0.361	1
0.362	1
0.367	1
0.368	1
0.369	1
0.378	1
0.386	1
0.386	1
0.388	1
0.389	1
0.396	1
0.397	1
0.409	1
0.417	1
0.42	1
0.421	1
0.421	1
0.423	1
0.423	1
0.429	1
0.43	1
0.431	1
0.433	1
0.435	1
0.437	1
0.442	1
0.443	1
0.446	1
0.447	1
0.448	1
0.449	1
0.472	1
0.475	1
0.482	1
0.489	1
0.495	1
0.497	1
0.505	1
0.506	1
0.512	1
0.512	1
0.512	1
0.518	1
0.524	1
0.53	1
0.532	1
0.533	1
0.538	1
0.539	1
0.542	1
0.543	1
0.546	1
0.546	1
0.564	1
0.57	2
0.573	2
0.573	3
0.575	3
0.577	4
0.577	4
0.577	4
0.58	4
0.585	4
0.602	4
0.605	4
0.61	4
0.618	4
0.618	4
0.622	4
0.623	4
0.623	4
0.626	4
0.637	4
0.647	4
0.65	4
0.653	4
0.658	4
0.659	4
0.679	4
0.68	4
0.681	4
0.683	4
0.686	4
0.696	4
0.699	4
0.702	4
0.704	4
0.705	4
0.718	4
0.718	4
0.719	5
0.723	5
0.723	5
0.725	5
0.732	5
0.744	5
0.745	5
0.745	5
0.746	5
0.749	5
0.751	5
0.758	5
0.758	5
0.763	5
0.769	5
0.772	5
0.773	5
0.774	5
0.778	5
0.78	5
0.78	5
0.781	5
0.783	5
0.783	5
0.784	5
0.796	5
0.796	5
0.797	5
0.803	5
0.818	5
0.819	5
0.823	5
0.827	5
0.831	5
0.832	5
0.833	5
0.834	5
0.834	5
0.839	5
0.846	5
0.854	5
0.855	5
0.873	5
0.876	5
0.884	5
0.886	5
0.894	5
0.894	5
0.894	5
0.895	5
0.895	5
0.899	5
0.901	5
0.919	5
0.922	5
0.923	5
0.925	6
0.926	6
0.932	6
0.932	6
0.94	6
0.942	6
0.942	6
0.947	6
0.958	6
0.966	6
0.97	6
0.97	6
0.97	6
0.972	6
0.979	6
0.979	6
0.981	6
0.982	6
0.985	6
0.986	6
0.99	6
0.993	6
0.999	6
1.0	6
1.018	6
1.045	6
1.049	6
1.061	6
1.061	6
1.076	6
1.08	6
1.103	6
1.111	6
1.127	6
1.137	6
1.143	6
1.165	6
1.166	6
1.167	6
1.18	6
1.187	6
1.212	6
1.218	6
1.231	6
1.253	6
1.255	6
1.266	6
1.279	6
1.283	6
1.284	6
1.312	6
1.383	6
1.384	6
1.513	6
1.555	6
1.602	6
1.62	6
1.625	6
1.625	6
1.714	6
1.777	6
1.815	6
1.849	6
1.873	6
1.992	6
2.007	6
2.021	6
2.098	6
2.14	6
2.198	6
2.287	6
2.319	6
2.413	6
2.43	6
2.456	6
2.675	6
2.74	6
2.763	6
2.787	6
2.791	6
2.869	6
2.897	6
2.912	6
3.024	6
3.027	6
3.057	6
3.071	6
3.127	6
3.201	6
3.236	6
3.303	6
3.354	6
3.367	6
3.388	6
3.45	6
3.455	6
3.479	6
3.524	6
3.562	6
3.573	6
3.627	6
3.764	6
3.84	6
3.897	6
3.976	6
4.038	6
4.054	6
4.14	6
4.15	6
4.166	6
4.186	6
4.189	6
4.255	6
4.28	6
4.312	6
4.33	6
4.424	6
4.46	6
4.503	6
4.572	6
4.601	6
4.723	6
4.911	6
4.918	6
4.957	6
5.027	6
5.055	6
5.062	6
5.07	6
5.135	6
5.153	6
5.223	6
5.236	6
5.346	6
5.387	6
5.437	6
5.444	6
5.47	6
5.564	6
5.566	6
5.595	6
5.607	6
5.655	6
5.687	6
5.702	6
5.783	6
5.833	6
5.834	6
5.916	6
5.998	6
6.018	6
6.1	6
6.202	6
6.292	6
6.461	6
6.466	6
6.561	6
6.656	6
6.677	6
6.79	6
6.826	5
6.86	5
6.891	5
6.965	5
7.082	5
7.136	5
7.138	5
7.164	5
7.174	5
7.2	5
7.206	5
7.32	5
7.339	5
7.47	5
7.48	5
7.511	5
7.571	5
7.591	5
7.615	5
7.626	5
7.956	5
7.984	5
8.017	5
8.059	5
8.069	5
8.092	5
8.125	5
8.157	5
8.403	4
8.556	4
8.574	4
8.607	4
8.706	4
8.806	4
8.949	4
8.987	4
9.048	4
9.183	4
9.364	4
9.451	4
9.482	4
9.488	4
9.493	4
9.674	4
9.875	4
9.918	4
9.933	4
10.007	4
10.102	4
10.232	4
10.286	4
10.291	4
10.329	4
10.33	4
10.356	4
10.408	4
10.5	4
10.578	4
10.587	4
10.771	4
10.819	4
11.154	4
11.248	4
11.523	4
11.814	4
11.916	4
12.317	4
12.413	4
12.5	4
12.569	4
12.956	4
13.045	4
13.068	4
13.072	4
13.32	4
13.546	4
13.611	4
13.761	4
14.25	4
15.14	4
15.173	3
15.307	3
15.368	3
15.457	3
15.458	3
15.491	3
15.591	3
15.621	3
15.731	3
15.82	3
16.147	3
16.161	3
16.309	3
16.375	3
16.567	3
17.001	3
17.147	3
17.179	3
17.19	3
17.347	3
17.436	3
17.498	3
17.532	3
17.573	3
18.302	3
18.321	3
18.479	3
18.707	3
18.807	3
18.935	3
19.014	3
20.606	3
22.352	3
23.326	3
23.839	3
24.34	3
25.769	3
25.805	3
25.945	3
26.551	3
0.0	1
0.002	1
0.003	1
0.005	1
0.005	1
0.016	1
0.024	1
0.028	1
0.06	1
0.062	1
0.062	1
0.074	1
0.085	1
0.086	1
0.086	1
0.088	1
0.091	1
0.097	1
0.106	1
0.109	1
0.117	1
0.123	1
0.134	1
0.136	1
0.136	1
0.138	1
0.142	1
0.147	1
0.148	1
0.151	1
0.152	1
0.155	1
0.155	1
0.157	1
0.158	1
0.159	1
0.16	1
0.16	1
0.169	1
0.169	1
0.171	1
0.173	1
0.176	1
0.176	1
0.176	1
0.176	1
0.184	1
0.184	1
0.186	1
0.187	1
0.187	1
0.192	1
0.195	1
0.195	1
0.198	1
0.199	1
0.2	1
0.206	1
0.208	1
0.212	1
0.212	1
0.213	1
0.216	1
0.217	1
0.217	1
0.22	1
0.222	1
0.228	1
0.23	2
0.232	2
0.237	2
0.243	2
0.246	2
0.246	2
0.246	2
0.248	2
0.251	2
0.254	2
0.257	2
0.257	2
0.261	2
0.261	2
0.262	2
0.263	2
0.27	2
0.276	2
0.276	2
0.277	2
0.278	2
0.282	2
0.283	2
0.284	2
0.292	2
0.294	2
0.294	2
0.297	2
0.298	2
0.303	2
0.305	2
0.307	2
0.308	2
0.309	2
0.309	2
0.314	2
0.323	2
0.325	2
0.325	2
0.329	2
0.331	2
0.342	2
0.346	2
0.346	2
0.353	2
0.354	2
0.355	2
0.357	2
0.359	2
0.36	2
0.361	2
0.366	2
0.367	2
0.368	2
0.377	3
0.385	3
0.385	3
0.387	3
0.388	3
0.395	3
0.396	3
0.408	3
0.416	3
0.419	3
0.42	3
0.42	3
0.422	3
0.422	3
0.428	3
0.429	3
0.43	3
0.432	3
0.434	3
0.436	3
0.441	3
0.442	3
0.445	3
0.446	3
0.447	3
0.448	3
0.471	3
0.474	3
0.481	3
0.488	3
0.494	3
0.496	3
0.504	3
0.505	3
0.511	4
0.511	4
0.511	4
0.517	4
0.523	4
0.529	4
0.531	4
0.532	4
0.537	4
0.538	4
0.541	4
0.542	4
0.545	4
0.545	4
0.563	4
0.569	4
0.572	4
0.572	4
0.574	4
0.576	4
0.576	4
0.576	4
0.579	4
0.584	4
0.601	4
0.604	4
0.609	4
0.617	4
0.617	4
0.621	4
0.622	4
0.622	4
0.625	4
0.636	4
0.646	4
0.649	4
0.652	4
0.657	4
0.658	4
0.678	4
0.679	4
0.68	4
0.682	4
0.685	4
0.695	4
0.698	4
0.701	4
0.703	4
0.704	4
0.717	4
0.717	4
0.718	4
0.722	4
0.722	4
0.724	4
0.731	4
0.743	4
0.744	4
0.744	4
0.745	4
0.748	4
0.75	4
0.757	4
0.757	4
0.762	4
0.768	4
0.771	4
0.772	4
0.773	4
0.777	4
0.779	4
0.779	4
0.78	4
0.782	4
0.782	4
0.783	4
0.795	4
0.795	4
0.796	4
0.802	4
0.817	4
0.818	4
0.822	4
0.826	4
0.83	4
0.831	4
0.832	4
0.833	4
0.833	4
0.838	4
0.845	4
0.853	4
0.854	4
0.872	4
0.875	4
0.883	4
0.885	4
0.893	4
0.893	4
0.893	4
0.894	4
0.894	4
0.898	4
0.9	4
0.918	4
0.921	4
0.922	4
0.924	4
0.925	4
0.931	4
0.931	4
0.939	4
0.941	4
0.941	4
0.946	4
0.957	4
0.965	4
0.969	4
0.969	4
0.969	4
0.971	4
0.978	4
0.978	4
0.98	4
0.981	4
0.984	4
0.985	4
0.989	4
0.992	4
0.998	4
0.999	4
1.017	4
1.044	4
1.048	4
1.06	4
1.06	4
1.075	4
1.079	4
1.102	4
1.11	4
1.126	4
1.136	4
1.142	4
1.164	4
1.165	4
1.166	4
1.179	4
1.186	4
1.211	4
1.217	4
1.23	4
1.252	4
1.254	4
1.265	4
1.278	4
1.282	4
1.283	4
1.311	4
1.382	4
1.383	4
1.512	4
1.554	4
1.601	4
1.619	3
1.624	3
1.624	3
1.713	3
1.776	3
1.814	3
1.848	3
1.872	3
1.991	3
2.006	3
2.02	3
2.097	3
2.139	3
2.197	3
2.286	3
2.318	3
2.412	3
2.429	3
2.455	3
2.674	3
2.739	3
2.762	3
2.786	3
2.79	3
2.868	3
2.896	3
2.911	3
3.023	3
3.026	3
3.056	3
3.07	3
3.126	3
3.2	3
3.235	3
3.302	3
3.353	3
3.366	3
3.387	3
3.449	3
3.454	3
3.478	3
3.523	3
3.561	3
3.572	3
3.626	3
3.763	3
3.839	3
3.896	3
3.975	3
4.037	3
4.053	3
4.139	3
4.149	3
4.165	3
4.185	3
4.188	3
4.254	3
4.279	3
4.311	3
4.329	3
4.423	3
4.459	3
4.502	3
4.571	3
4.6	3
4.722	3
4.91	3
4.917	3
4.956	3
5.026	3
5.054	3
5.061	3
5.069	3
5.134	3
5.152	3
5.222	3
5.235	3
5.345	3
5.386	3
5.436	3
5.443	3
5.469	3
5.563	3
5.565	3
5.594	3
5.606	3
5.654	3
5.686	3
5.701	3
5.782	3
5.832	3
5.833	3
5.915	3
5.997	3
6.017	3
6.099	3
6.201	3
6.291	3
6.46	3
6.465	3
6.56	3
6.655	3
6.676	3
6.789	3
6.825	3
6.859	3
6.89	3
6.964	3
7.081	3
7.135	3
7.137	3
7.163	3
7.173	3
7.199	3
7.205	3
7.319	3
7.338	3
7.469	3
7.479	3
7.51	3
7.57	3
7.59	3
7.614	3
7.625	3
7.955	3
7.983	3
8.016	3
8.058	3
8.068	3
8.091	3
8.124	3
8.156	3
8.402	3
8.555	3
8.573	3
8.606	3
8.705	3
8.805	3
8.948	3
8.986	3
9.047	3
9.182	3
9.363	3
9.45	3
9.481	3
9.487	3
9.492	3
9.673	3
9.874	3
9.917	3
9.932	3
10.006	3
10.101	3
10.231	3
10.285	3
10.29	3
10.328	3
10.329	3
10.355	3
10.407	3
10.499	3
10.577	3
10.586	3
10.77	3
10.818	3
11.153	3
11.247	3
11.522	3
11.813	3
11.915	3
12.316	3
12.412	3
12.499	3
12.568	3
12.955	3
13.044	3
13.067	3
13.071	3
13.319	3
13.545	3
13.61	3
13.76	3
14.249	3
15.139	3
15.172	3
15.306	3
15.367	3
15.456	3
15.457	3
15.49	3
15.59	3
15.62	3
15.73	3
15.819	3
16.146	3
16.16	3
16.308	3
16.374	3
16.566	3
17.0	3
17.146	3
17.178	3
17.189	3
17.346	3
17.435	3
17.497	3
17.531	3
17.572	3
18.301	3
18.32	3
18.478	3
18.706	3
18.806	3
18.934	3
19.013	3
20.605	3
22.351	3
23.325	3
23.838	3
24.339	3
25.768	3
25.804	3
25.944	3
26.55	3
0.0	1
0.001	1
0.003	1
0.003	1
0.014	1
0.022	1
0.026	1
0.058	1
0.06	1
0.06	1
0.072	1
0.083	1
0.084	1
0.084	1
0.086	1
0.089	1
0.095	1
0.104	1
0.107	1
0.115	1
0.121	1
0.132	1
0.134	1
0.134	1
0.136	1
0.14	1
0.145	1
0.146	2
0.149	2
0.15	2
0.153	2
0.153	2
0.155	2
0.156	2
0.157	2
0.158	2
0.158	2
0.167	2
0.167	2
0.169	2
0.171	2
0.174	2
0.174	2
0.174	2
0.174	2
0.182	2
0.182	2
0.184	2
0.185	2
0.185	2
0.19	3
0.193	3
0.193	3
0.196	3
0.197	3
0.198	3
0.204	3
0.206	3
0.21	3
0.21	3
0.211	3
0.214	3
0.215	3
0.215	3
0.218	3
0.22	3
0.226	3
0.228	3
0.23	3
0.235	3
0.241	3
0.244	3
0.244	3
0.244	3
0.246	3
0.249	3
0.252	3
0.255	3
0.255	3
0.259	3
0.259	3
0.26	3
0.261	3
0.268	3
0.274	3
0.274	3
0.275	3
0.276	3
0.28	3
0.281	4
0.282	4
0.29	4
0.292	4
0.292	4
0.295	4
0.296	4
0.301	4
0.303	4
0.305	4
0.306	4
0.307	4
0.307	4
0.312	4
0.321	5
0.323	5
0.323	5
0.327	5
0.329	5
0.34	5
0.344	5
0.344	5
0.351	5
0.352	5
0.353	5
0.355	5
0.357	5
0.358	5
0.359	5
0.364	5
0.365	5
0.366	5
0.375	5
0.383	5
0.383	5
0.385	5
0.386	5
0.393	5
0.394	5
0.406	5
0.414	5
0.417	5
0.418	5
0.418	5
0.42	5
0.42	5
0.426	5
0.427	5
0.428	5
0.43	5
0.432	5
0.434	5
0.439	5
0.44	5
0.443	5
0.444	5
0.445	5
0.446	5
0.469	5
0.472	5
0.479	5
0.486	5
0.492	5
0.494	5
0.502	5
0.503	5
0.509	5
0.509	5
0.509	5
0.515	5
0.521	5
0.527	5
0.529	5
0.53	5
0.535	5
0.536	5
0.539	5
0.54	5
0.543	5
0.543	5
0.561	5
0.567	5
0.57	5
0.57	5
0.572	5
0.574	5
0.574	5
0.574	5
0.577	5
0.582	5
0.599	5
0.602	5
0.607	5
0.615	5
0.615	5
0.619	5
0.62	5
0.62	5
0.623	5
0.634	5
0.644	5
0.647	5
0.65	5
0.655	5
0.656	5
0.676	5
0.677	5
0.678	5
0.68	5
0.683	5
0.693	5
0.696	5
0.699	5
0.701	5
0.702	5
0.715	5
0.715	5
0.716	5
0.72	5
0.72	5
0.722	5
0.729	5
0.741	5
0.742	5
0.742	5
0.743	5
0.746	5
0.748	5
0.755	5
0.755	5
0.76	5
0.766	5
0.769	5
0.77	5
0.771	5
0.775	5
0.777	5
0.777	5
0.778	5
0.78	5
0.78	5
0.781	5
0.793	5
0.793	5
0.794	5
0.8	5
0.815	5
0.816	5
0.82	5
0.824	5
0.828	5
0.829	5
0.83	5
0.831	5
0.831	5
0.836	5
0.843	5
0.851	5
0.852	5
0.87	5
0.873	5
0.881	5
0.883	5
0.891	5
0.891	5
0.891	5
0.892	5
0.892	5
0.896	5
0.898	5
0.916	5
0.919	5
0.92	5
0.922	5
0.923	5
0.929	5
0.929	5
0.937	5
0.939	5
0.939	5
0.944	5
0.955	5
0.963	5
0.967	5
0.967	5
0.967	5
0.969	5
0.976	6
0.976	6
0.978	6
0.979	6
0.982	6
0.983	6
0.987	6
0.99	6
0.996	6
0.997	6
1.015	6
1.042	6
1.046	6
1.058	6
1.058	6
1.073	6
1.077	6
1.1	6
1.108	6
1.124	6
1.134	6
1.14	6
1.162	6
1.163	6
1.164	6
1.177	6
1.184	6
1.209	6
1.215	6
1.228	6
1.25	6
1.252	6
1.263	6
1.276	6
1.28	6
1.281	6
1.309	6
1.38	6
1.381	6
1.51	6
1.552	6
1.599	6
1.617	6
1.622	6
1.622	6
1.711	6
1.774	6
1.812	6
1.846	6
1.87	6
1.989	6
2.004	6
2.018	6
2.095	6
2.137	6
2.195	6
2.284	6
2.316	6
2.41	6
2.427	6
2.453	6
2.672	6
2.737	6
2.76	6
2.784	6
2.788	6
2.866	6
2.894	6
2.909	6
3.021	6
3.024	6
3.054	6
3.068	6
3.124	6
3.198	6
3.233	6
3.3	6
3.351	6
3.364	6
3.385	6
3.447	6
3.452	6
3.476	6
3.521	6
3.559	6
3.57	6
3.624	6
3.761	6
3.837	6
3.894	6
3.973	6
4.035	6
4.051	6
4.137	6
4.147	6
4.163	6
4.183	6
4.186	6
4.252	6
4.277	6
4.309	6
4.327	6
4.421	6
4.457	6
4.5	6
4.569	6
4.598	6
4.72	6
4.908	6
4.915	6
4.954	6
5.024	6
5.052	6
5.059	6
5.067	6
5.132	6
5.15	6
5.22	6
5.233	6
5.343	6
5.384	6
5.434	5
5.441	5
5.467	5
5.561	5
5.563	5
5.592	5
5.604	5
5.652	5
5.684	5
5.699	5
5.78	5
5.83	5
5.831	5
5.913	5
5.995	5
6.015	5
6.097	5
6.199	5
6.289	5
6.458	5
6.463	5
6.558	5
6.653	5
6.674	5
6.787	5
6.823	5
6.857	5
6.888	5
6.962	5
7.079	5
7.133	5
7.135	5
7.161	5
7.171	5
7.197	5
7.203	5
7.317	5
7.336	5
7.467	5
7.477	5
7.508	5
7.568	5
7.588	5
7.612	5
7.623	5
7.953	5
7.981	5
8.014	5
8.056	5
8.066	5
8.089	5
8.122	5
8.154	5
8.4	5
8.553	5
8.571	5
8.604	5
8.703	5
8.803	5
8.946	5
8.984	5
9.045	5
9.18	5
9.361	5
9.448	5
9.479	5
9.485	4
9.49	4
9.671	4
9.872	4
9.915	4
9.93	4
10.004	4
10.099	4
10.229	4
10.283	4
10.288	4
10.326	4
10.327	4
10.353	4
10.405	4
10.497	4
10.575	4
10.584	4
10.768	4
10.816	4
11.151	4
11.245	4
11.52	3
11.811	3
11.913	3
12.314	3
12.41	3
12.497	3
12.566	3
12.953	3
13.042	3
13.065	3
13.069	3
13.317	3
13.543	3
13.608	3
13.758	3
14.247	3
15.137	3
15.17	3
15.304	3
15.365	3
15.454	3
15.455	3
15.488	3
15.588	3
15.618	3
15.728	3
15.817	3
16.144	3
16.158	3
16.306	3
16.372	3
16.564	3
16.998	3
17.144	3
17.176	3
17.187	3
17.344	3
17.433	3
17.495	3
17.529	3
17.57	3
18.299	3
18.318	3
18.476	3
18.704	3
18.804	3
18.932	3
19.011	3
20.603	3
22.349	3
23.323	3
23.836	3
24.337	3
25.766	3
25.802	3
25.942	3
26.548	3
0.001	1
0.003	1
0.003	1
0.014	1
0.022	1
0.026	1
0.058	1
0.06	1
0.06	1
0.072	1
0.083	1
0.084	1
0.084	1
0.086	1
0.089	1
0.095	1
0.104	1
0.107	1
0.115	1
0.121	1
0.132	1
0.134	1
0.134	1
0.136	1
0.14	1
0.145	1
0.146	1
0.149	1
0.15	1
0.153	1
0.153	1
0.155	1
0.156	1
0.157	1
0.158	1
0.158	1
0.167	1
0.167	1
0.169	1
0.171	1
0.174	1
0.174	1
0.174	1
0.174	1
0.182	1
0.182	1
0.184	1
0.185	1
0.185	1
0.19	1
0.193	1
0.193	1
0.196	1
0.197	1
0.198	1
0.204	1
0.206	1
0.21	1
0.21	1
0.211	1
0.214	1
0.215	1
0.215	1
0.218	1
0.22	1
0.226	1
0.228	1
0.23	1
0.235	1
0.241	1
0.244	1
0.244	1
0.244	1
0.246	1
0.249	1
0.252	1
0.255	1
0.255	1
0.259	1
0.259	1
0.26	1
0.261	1
0.268	1
0.274	1
0.274	1
0.275	1
0.276	1
0.28	1
0.281	1
0.282	1
0.29	1
0.292	1
0.292	1
0.295	1
0.296	1
0.301	1
0.303	1
0.305	1
0.306	1
0.307	1
0.307	1
0.312	1
0.321	1
0.323	1
0.323	1
0.327	1
0.329	1
0.34	1
0.344	1
0.344	1
0.351	1
0.352	1
0.353	1
0.355	1
0.357	1
0.358	1
0.359	1
0.364	1
0.365	1
0.366	1
0.375	1
0.383	1
0.383	1
0.385	1
0.386	1
0.393	1
0.394	1
0.406	1
0.414	1
0.417	1
0.418	1
0.418	1
0.42	1
0.42	1
0.426	1
0.427	1
0.428	1
0.43	1
0.432	1
0.434	1
0.439	1
0.44	1
0.443	1
0.444	1
0.445	1
0.446	1
0.469	1
0.472	1
0.479	1
0.486	1
0.492	1
0.494	1
0.502	1
0.503	1
0.509	1
0.509	1
0.509	2
0.515	2
0.521	2
0.527	2
0.529	2
0.53	2
0.535	2
0.536	2
0.539	2
0.54	2
0.543	2
0.543	2
0.561	2
0.567	2
0.57	2
0.57	2
0.572	2
0.574	2
0.574	2
0.574	2
0.577	2
0.582	2
0.599	2
0.602	2
0.607	2
0.615	2
0.615	2
0.619	2
0.62	2
0.62	2
0.623	2
0.634	2
0.644	2
0.647	2
0.65	2
0.655	2
0.656	2
0.676	2
0.677	2
0.678	2
0.68	2
0.683	2
0.693	3
0.696	3
0.699	3
0.701	3
0.702	3
0.715	3
0.715	3
0.716	3
0.72	3
0.72	3
0.722	3
0.729	3
0.741	3
0.742	3
0.742	3
0.743	3
0.746	3
0.748	3
0.755	3
0.755	3
0.76	3
0.766	3
0.769	3
0.77	3
0.771	3
0.775	3
0.777	3
0.777	3
0.778	3
0.78	3
0.78	3
0.781	3
0.793	3
0.793	3
0.794	3
0.8	3
0.815	3
0.816	3
0.82	3
0.824	3
0.828	3
0.829	3
0.83	3
0.831	3
0.831	3
0.836	3
0.843	3
0.851	3
0.852	3
0.87	3
0.873	3
0.881	3
0.883	4
0.891	4
0.891	4
0.891	4
0.892	4
0.892	4
0.896	4
0.898	4
0.916	4
0.919	4
0.92	4
0.922	4
0.923	4
0.929	4
0.929	4
0.937	4
0.939	4
0.939	4
0.944	4
0.955	4
0.963	4
0.967	4
0.967	4
0.967	4
0.969	4
0.976	4
0.976	4
0.978	4
0.979	4
0.982	4
0.983	4
0.987	4
0.99	4
0.996	4
0.997	4
1.015	4
1.042	4
1.046	4
1.058	4
1.058	4
1.073	4
1.077	4
1.1	4
1.108	4
1.124	4
1.134	4
1.14	4
1.162	4
1.163	4
1.164	4
1.177	4
1.184	4
1.209	4
1.215	4
1.228	5
1.25	5
1.252	5
1.263	5
1.276	5
1.28	5
1.281	5
1.309	5
1.38	5
1.381	5
1.51	5
1.552	5
1.599	5
1.617	5
1.622	5
1.622	5
1.711	5
1.774	5
1.812	5
1.846	5
1.87	5
1.989	5
2.004	5
2.018	5
2.095	5
2.137	5
2.195	5
2.284	5
2.316	5
2.41	5
2.427	5
2.453	5
2.672	5
2.737	5
2.76	5
2.784	5
2.788	5
2.866	5
2.894	5
2.909	5
3.021	5
3.024	5
3.054	4
3.068	4
3.124	4
3.198	4
3.233	4
3.3	4
3.351	4
3.364	4
3.385	4
3.447	4
3.452	4
3.476	4
3.521	4
3.559	4
3.57	4
3.624	4
3.761	4
3.837	4
3.894	4
3.973	4
4.035	4
4.051	4
4.137	4
4.147	4
4.163	4
4.183	4
4.186	4
4.252	4
4.277	3
4.309	3
4.327	3
4.421	2
4.457	2
4.5	2
4.569	2
4.598	2
4.72	2
4.908	2
4.915	2
4.954	2
5.024	2
5.052	2
5.059	2
5.067	3
5.132	3
5.15	3
5.22	3
5.233	3
5.343	3
5.384	3
5.434	3
5.441	3
5.467	3
5.561	3
5.563	3
5.592	3
5.604	3
5.652	3
5.684	3
5.699	3
5.78	3
5.83	3
5.831	3
5.913	3
5.995	3
6.015	3
6.097	3
6.199	3
6.289	3
6.458	3
6.463	3
6.558	3
6.653	3
6.674	3
6.787	3
6.823	3
6.857	3
6.888	3
6.962	3
7.079	3
7.133	3
7.135	3
7.161	3
7.171	3
7.197	3
7.203	3
7.317	3
7.336	3
7.467	3
7.477	3
7.508	3
7.568	3
7.588	3
7.612	3
7.623	3
7.953	3
7.981	3
8.014	3
8.056	3
8.066	3
8.089	3
8.122	3
8.154	3
8.4	3
8.553	3
8.571	3
8.604	3
8.703	3
8.803	3
8.946	3
8.984	3
9.045	3
9.18	3
9.361	3
9.448	3
9.479	3
9.485	3
9.49	3
9.671	3
9.872	3
9.915	3
9.93	3
10.004	3
10.099	3
10.229	3
10.283	3
10.288	3
10.326	3
10.327	3
10.353	3
10.405	3
10.497	3
10.575	3
10.584	3
10.768	3
10.816	3
11.151	3
11.245	3
11.52	3
11.811	3
11.913	3
12.314	3
12.41	3
12.497	3
12.566	3
12.953	3
13.042	3
13.065	3
13.069	3
13.317	3
13.543	3
13.608	3
13.758	3
14.247	3
15.137	3
15.17	3
15.304	3
15.365	3
15.454	3
15.455	3
15.488	3
15.588	3
15.618	3
15.728	3
15.817	3
16.144	3
16.158	3
16.306	3
16.372	3
16.564	3
16.998	3
17.144	3
17.176	3
17.187	3
17.344	3
17.433	3
17.495	3
17.529	3
17.57	3
18.299	3
18.318	3
18.476	3
18.704	3
18.804	3
18.932	3
19.011	3
20.603	3
22.349	3
23.323	3
23.836	3
24.337	3
25.766	3
25.802	3
25.942	3
26.548	3
0.0	1
0.0	1
0.011	1
0.019	1
0.023	1
0.055	1
0.057	1
0.057	2
0.069	2
0.08	2
0.081	2
0.081	2
0.083	2
0.086	2
0.092	2
0.101	2
0.104	2
0.112	2
0.118	2
0.129	2
0.131	2
0.131	2
0.133	2
0.137	2
0.142	2
0.143	2
0.146	2
0.147	2
0.15	2
0.15	2
0.152	2
0.153	2
0.154	2
0.155	2
0.155	2
0.164	2
0.164	3
0.166	3
0.168	3
0.171	3
0.171	3
0.171	3
0.171	3
0.179	3
0.179	3
0.181	3
0.182	3
0.182	3
0.187	3
0.19	3
0.19	3
0.193	3
0.194	3
0.195	3
0.201	3
0.203	3
0.207	3
0.207	3
0.208	3
0.211	3
0.212	3
0.212	3
0.215	3
0.217	3
0.223	3
0.225	3
0.227	3
0.232	3
0.238	3
0.241	3
0.241	3
0.241	3
0.243	3
0.246	3
0.249	3
0.252	3
0.252	3
0.256	3
0.256	3
0.257	3
0.258	3
0.265	3
0.271	3
0.271	3
0.272	3
0.273	3
0.277	3
0.278	3
0.279	3
0.287	3
0.289	3
0.289	3
0.292	3
0.293	3
0.298	3
0.3	3
0.302	3
0.303	3
0.304	3
0.304	3
0.309	3
0.318	3
0.32	3
0.32	3
0.324	3
0.326	4
0.337	4
0.341	4
0.341	4
0.348	4
0.349	4
0.35	4
0.352	4
0.354	4
0.355	4
0.356	4
0.361	4
0.362	4
0.363	4
0.372	4
0.38	4
0.38	4
0.382	4
0.383	4
0.39	4
0.391	4
0.403	4
0.411	4
0.414	4
0.415	4
0.415	4
0.417	4
0.417	4
0.423	4
0.424	4
0.425	4
0.427	4
0.429	4
0.431	4
0.436	4
0.437	4
0.44	4
0.441	4
0.442	4
0.443	4
0.466	4
0.469	4
0.476	4
0.483	4
0.489	4
0.491	4
0.499	4
0.5	4
0.506	4
0.506	4
0.506	4
0.512	4
0.518	4
0.524	4
0.526	4
0.527	4
0.532	4
0.533	4
0.536	4
0.537	4
0.54	4
0.54	4
0.558	4
0.564	4
0.567	4
0.567	4
0.569	4
0.571	4
0.571	4
0.571	4
0.574	4
0.579	4
0.596	4
0.599	4
0.604	4
0.612	4
0.612	4
0.616	4
0.617	4
0.617	4
0.62	4
0.631	4
0.641	4
0.644	4
0.647	4
0.652	4
0.653	4
0.673	4
0.674	4
0.675	4
0.677	4
0.68	4
0.69	4
0.693	4
0.696	4
0.698	4
0.699	4
0.712	4
0.712	4
0.713	4
0.717	4
0.717	4
0.719	4
0.726	4
0.738	4
0.739	4
0.739	4
0.74	4
0.743	4
0.745	4
0.752	4
0.752	4
0.757	4
0.763	4
0.766	4
0.767	4
0.768	4
0.772	4
0.774	4
0.774	4
0.775	4
0.777	4
0.777	4
0.778	4
0.79	5
0.79	5
0.791	5
0.797	5
0.812	5
0.813	5
0.817	5
0.821	5
0.825	5
0.826	5
0.827	5
0.828	5
0.828	5
0.833	5
0.84	5
0.848	5
0.849	5
0.867	5
0.87	5
0.878	5
0.88	5
0.888	5
0.888	5
0.888	5
0.889	5
0.889	5
0.893	5
0.895	5
0.913	5
0.916	5
0.917	5
0.919	5
0.92	5
0.926	5
0.926	5
0.934	5
0.936	5
0.936	5
0.941	5
0.952	5
0.96	5
0.964	5
0.964	5
0.964	5
0.966	5
0.973	5
0.973	5
0.975	5
0.976	5
0.979	5
0.98	5
0.984	5
0.987	5
0.993	6
0.994	6
1.012	6
1.039	6
1.043	6
1.055	6
1.055	6
1.07	6
1.074	6
1.097	6
1.105	6
1.121	6
1.131	6
1.137	6
1.159	6
1.16	6
1.161	6
1.174	6
1.181	6
1.206	6
1.212	6
1.225	6
1.247	6
1.249	6
1.26	6
1.273	6
1.277	6
1.278	6
1.306	6
1.377	6
1.378	6
1.507	6
1.549	6
1.596	6
1.614	6
1.619	6
1.619	6
1.708	6
1.771	6
1.809	6
1.843	6
1.867	6
1.986	6
2.001	6
2.015	6
2.092	6
2.134	6
2.192	6
2.281	6
2.313	6
2.407	6
2.424	6
2.45	6
2.669	6
2.734	6
2.757	6
2.781	5
2.785	5
2.863	5
2.891	5
2.906	5
3.018	5
3.021	5
3.051	5
3.065	5
3.121	5
3.195	5
3.23	5
3.297	5
3.348	5
3.361	5
3.382	5
3.444	4
3.449	4
3.473	4
3.518	4
3.556	4
3.567	4
3.621	4
3.758	4
3.834	4
3.891	4
3.97	4
4.032	4
4.048	4
4.134	4
4.144	4
4.16	4
4.18	4
4.183	4
4.249	4
4.274	4
4.306	4
4.324	4
4.418	4
4.454	4
4.497	4
4.566	4
4.595	4
4.717	4
4.905	4
4.912	4
4.951	3
5.021	3
5.049	3
5.056	3
5.064	3
5.129	3
5.147	3
5.217	3
5.23	3
5.34	3
5.381	3
5.431	3
5.438	3
5.464	3
5.558	3
5.56	3
5.589	3
5.601	3
5.649	3
5.681	3
5.696	3
5.777	3
5.827	3
5.828	3
5.91	3
5.992	3
6.012	3
6.094	3
6.196	3
6.286	3
6.455	3
6.46	3
6.555	3
6.65	3
6.671	3
6.784	3
6.82	3
6.854	3
6.885	3
6.959	3
7.076	3
7.13	3
7.132	3
7.158	3
7.168	3
7.194	3
7.2	3
7.314	3
7.333	3
7.464	3
7.474	3
7.505	3
7.565	3
7.585	3
7.609	3
7.62	3
7.95	3
7.978	3
8.011	3
8.053	3
8.063	3
8.086	3
8.119	3
8.151	3
8.397	3
8.55	3
8.568	3
8.601	3
8.7	3
8.8	3
8.943	3
8.981	3
9.042	3
9.177	3
9.358	3
9.445	3
9.476	3
9.482	3
9.487	3
9.668	3
9.869	3
9.912	3
9.927	3
10.001	3
10.096	3
10.226	3
10.28	3
10.285	3
10.323	3
10.324	3
10.35	3
10.402	3
10.494	3
10.572	3
10.581	3
10.765	3
10.813	3
11.148	3
11.242	3
11.517	3
11.808	3
11.91	3
12.311	3
12.407	3
12.494	3
12.563	3
12.95	3
13.039	3
13.062	3
13.066	3
13.314	3
13.54	3
13.605	3
13.755	3
14.244	3
15.134	3
15.167	3
15.301	3
15.362	3
15.451	3
15.452	3
15.485	3
15.585	3
15.615	3
15.725	3
15.814	3
16.141	3
16.155	3
16.303	3
16.369	3
16.561	3
16.995	3
17.141	3
17.173	3
17.184	3
17.341	3
17.43	3
17.492	3
17.526	3
17.567	3
18.296	3
18.315	3
18.473	3
18.701	3
18.801	3
18.929	3
19.008	3
20.6	3
22.346	3
23.32	3
23.833	3
24.334	3
25.763	3
25.799	3
25.939	3
26.545	3
0.0	1
0.011	1
0.019	1
0.023	1
0.055	1
0.057	1
0.057	1
0.069	1
0.08	1
0.081	1
0.081	1
0.083	1
0.086	1
0.092	1
0.101	1
0.104	1
0.112	1
0.118	1
0.129	1
0.131	1
0.131	1
0.133	1
0.137	1
0.142	1
0.143	1
0.146	1
0.147	1
0.15	1
0.15	1
0.152	1
0.153	1
0.154	1
0.155	1
0.155	1
0.164	1
0.164	1
0.166	1
0.168	1
0.171	1
0.171	1
0.171	1
0.171	1
0.179	1
0.179	1
0.181	1
0.182	1
0.182	1
0.187	1
0.19	1
0.19	1
0.193	1
0.194	1
0.195	1
0.201	1
0.203	1
0.207	1
0.207	1
0.208	1
0.211	1
0.212	1
0.212	1
0.215	1
0.217	1
0.223	1
0.225	1
0.227	1
0.232	1
0.238	1
0.241	1
0.241	1
0.241	1
0.243	1
0.246	1
0.249	1
0.252	1
0.252	1
0.256	1
0.256	1
0.257	1
0.258	1
0.265	1
0.271	1
0.271	1
0.272	1
0.273	1
0.277	1
0.278	1
0.279	1
0.287	1
0.289	1
0.289	1
0.292	1
0.293	1
0.298	1
0.3	1
0.302	1
0.303	1
0.304	1
0.304	1
0.309	1
0.318	1
0.32	1
0.32	1
0.324	1
0.326	1
0.337	1
0.341	1
0.341	1
0.348	1
0.349	1
0.35	1
0.352	1
0.354	1
0.355	1
0.356	1
0.361	1
0.362	1
0.363	1
0.372	1
0.38	1
0.38	1
0.382	1
0.383	1
0.39	1
0.391	1
0.403	1
0.411	1
0.414	1
0.415	1
0.415	1
0.417	1
0.417	1
0.423	1
0.424	1
0.425	1
0.427	1
0.429	1
0.431	1
0.436	1
0.437	1
0.44	1
0.441	1
0.442	1
0.443	1
0.466	1
0.469	1
0.476	1
0.483	1
0.489	1
0.491	1
0.499	1
0.5	1
0.506	1
0.506	1
0.506	1
0.512	1
0.518	1
0.524	1
0.526	1
0.527	1
0.532	1
0.533	1
0.536	2
0.537	2
0.54	2
0.54	2
0.558	3
0.564	3
0.567	3
0.567	3
0.569	3
0.571	3
0.571	3
0.571	3
0.574	3
0.579	3
0.596	3
0.599	3
0.604	3
0.612	3
0.612	3
0.616	3
0.617	3
0.617	3
0.62	3
0.631	3
0.641	3
0.644	3
0.647	3
0.652	3
0.653	3
0.673	3
0.674	3
0.675	3
0.677	3
0.68	3
0.69	3
0.693	3
0.696	3
0.698	3
0.699	3
0.712	3
0.712	3
0.713	3
0.717	3
0.717	3
0.719	3
0.726	3
0.738	3
0.739	3
0.739	3
0.74	3
0.743	3
0.745	3
0.752	3
0.752	3
0.757	3
0.763	3
0.766	3
0.767	3
0.768	3
0.772	3
0.774	3
0.774	3
0.775	3
0.777	3
0.777	3
0.778	3
0.79	3
0.79	3
0.791	3
0.797	3
0.812	3
0.813	3
0.817	3
0.821	3
0.825	3
0.826	3
0.827	3
0.828	3
0.828	3
0.833	3
0.84	3
0.848	3
0.849	3
0.867	3
0.87	3
0.878	3
0.88	3
0.888	3
0.888	3
0.888	3
0.889	3
0.889	3
0.893	3
0.895	3
0.913	3
0.916	3
0.917	3
0.919	3
0.92	3
0.926	3
0.926	3
0.934	3
0.936	3
0.936	3
0.941	3
0.952	3
0.96	3
0.964	3
0.964	3
0.964	3
0.966	3
0.973	3
0.973	3
0.975	3
0.976	3
0.979	3
0.98	3
0.984	3
0.987	3
0.993	3
0.994	3
1.012	3
1.039	3
1.043	3
1.055	3
1.055	3
1.07	3
1.074	4
1.097	4
1.105	4
1.121	4
1.131	4
1.137	4
1.159	4
1.16	4
1.161	4
1.174	4
1.181	4
1.206	4
1.212	4
1.225	4
1.247	4
1.249	4
1.26	4
1.273	4
1.277	4
1.278	4
1.306	4
1.377	4
1.378	4
1.507	4
1.549	4
1.596	4
1.614	4
1.619	4
1.619	4
1.708	4
1.771	4
1.809	4
1.843	4
1.867	4
1.986	4
2.001	4
2.015	4
2.092	4
2.134	4
2.192	4
2.281	4
2.313	4
2.407	4
2.424	4
2.45	4
2.669	4
2.734	4
2.757	4
2.781	4
2.785	4
2.863	4
2.891	4
2.906	4
3.018	4
3.021	4
3.051	4
3.065	4
3.121	4
3.195	4
3.23	3
3.297	3
3.348	3
3.361	3
3.382	3
3.444	3
3.449	2
3.473	2
3.518	2
3.556	2
3.567	2
3.621	2
3.758	2
3.834	2
3.891	2
3.97	2
4.032	2
4.048	2
4.134	2
4.144	2
4.16	2
4.18	2
4.183	3
4.249	3
4.274	3
4.306	3
4.324	3
4.418	3
4.454	3
4.497	3
4.566	3
4.595	3
4.717	3
4.905	3
4.912	3
4.951	3
5.021	3
5.049	3
5.056	3
5.064	3
5.129	3
5.147	3
5.217	3
5.23	3
5.34	3
5.381	3
5.431	3
5.438	3
5.464	3
5.558	3
5.56	3
5.589	3
5.601	3
5.649	3
5.681	3
5.696	3
5.777	3
5.827	3
5.828	3
5.91	3
5.992	3
6.012	3
6.094	3
6.196	3
6.286	3
6.455	3
6.46	3
6.555	3
6.65	3
6.671	3
6.784	3
6.82	3
6.854	3
6.885	3
6.959	3
7.076	3
7.13	3
7.132	3
7.158	3
7.168	3
7.194	3
7.2	3
7.314	3
7.333	3
7.464	3
7.474	3
7.505	3
7.565	3
7.585	3
7.609	3
7.62	3
7.95	3
7.978	3
8.011	3
8.053	3
8.063	3
8.086	3
8.119	3
8.151	3
8.397	3
8.55	3
8.568	3
8.601	3
8.7	3
8.8	3
8.943	3
8.981	3
9.042	3
9.177	3
9.358	3
9.445	3
9.476	3
9.482	3
9.487	3
9.668	3
9.869	3
9.912	3
9.927	3
10.001	3
10.096	3
10.226	3
10.28	3
10.285	3
10.323	3
10.324	3
10.35	3
10.402	3
10.494	3
10.572	3
10.581	3
10.765	3
10.813	3
11.148	3
11.242	3
11.517	3
11.808	3
11.91	3
12.311	3
12.407	3
12.494	3
12.563	3
12.95	3
13.039	3
13.062	3
13.066	3
13.314	3
13.54	3
13.605	3
13.755	3
14.244	3
15.134	3
15.167	3
15.301	3
15.362	3
15.451	3
15.452	3
15.485	3
15.585	3
15.615	3
15.725	3
15.814	3
16.141	3
16.155	3
16.303	3
16.369	3
16.561	3
16.995	3
17.141	3
17.173	3
17.184	3
17.341	3
17.43	3
17.492	3
17.526	3
17.567	3
18.296	3
18.315	3
18.473	3
18.701	3
18.801	3
18.929	3
19.008	3
20.6	3
22.346	3
23.32	3
23.833	3
24.334	3
25.763	3
25.799	3
25.939	3
26.545	3
