20.014	1
20.052	1
20.066	1
20.101	1
20.109	1
20.111	1
20.118	1
20.128	1
20.135	1
20.143	1
20.158	1
20.19	2
20.232	2
20.25	2
20.273	2
20.278	2
20.298	2
20.404	2
20.421	2
20.459	2
20.5	3
20.502	3
20.556	3
20.567	4
20.61	4
20.654	4
20.736	4
20.743	4
20.76	4
20.77	4
20.822	4
20.9	4
20.946	4
20.985	4
21.045	4
21.127	4
21.231	4
21.239	4
21.3	4
21.509	4
21.845	3
22.255	3
22.533	3
22.698	3
22.765	3
23.294	3
23.547	3
27.221	3
27.726	3
31.873	3
19.868	1
19.929	2
20.014	2
20.052	2
20.066	2
20.101	2
20.109	2
20.111	2
20.118	2
20.128	2
20.135	2
20.143	2
20.158	2
20.19	2
20.232	2
20.25	2
20.273	2
20.278	2
20.298	2
20.404	2
20.421	2
20.459	2
20.5	2
20.502	2
20.556	2
20.567	3
20.61	3
20.654	3
20.736	3
20.743	3
20.76	3
20.77	3
20.822	3
20.9	3
20.946	4
20.985	4
21.045	4
21.127	4
21.231	4
21.239	4
21.3	4
21.509	4
21.845	4
22.255	4
22.533	3
22.698	3
22.765	3
23.294	3
23.547	3
27.221	3
27.726	3
31.873	3
19.929	1
20.014	2
20.052	2
20.066	2
20.101	2
20.109	2
20.111	2
20.118	2
20.128	2
20.135	2
20.143	2
20.158	2
20.19	2
20.232	2
20.25	2
20.273	2
20.278	2
20.298	2
20.404	2
20.421	2
20.459	3
20.5	3
20.502	3
20.556	3
20.567	3
20.61	3
20.654	3
20.736	3
20.743	3
20.76	3
20.77	3
20.822	3
20.9	3
20.946	3
20.985	3
21.045	3
21.127	3
21.231	3
21.239	3
21.3	3
21.509	3
21.845	3
22.255	3
22.533	3
22.698	3
22.765	3
23.294	3
23.547	3
27.221	3
27.726	3
31.873	3
20.459	1
20.5	1
20.502	1
20.556	1
20.567	1
20.61	1
20.654	1
20.736	1
20.743	1
20.76	1
20.77	1
20.822	1
20.9	1
20.946	1
20.985	2
21.045	2
21.127	2
21.231	3
21.239	3
21.3	4
21.509	4
21.845	4
22.255	4
22.533	4
22.698	3
22.765	3
23.294	3
23.547	3
27.221	3
27.726	3
31.873	3
20.111	1
20.118	1
20.128	1
20.135	2
20.143	2
20.158	2
20.19	2
20.232	2
20.25	2
20.273	2
20.278	2
20.298	2
20.404	2
20.421	2
20.459	3
20.5	3
20.502	3
20.556	3
20.567	3
20.61	3
20.654	3
20.736	3
20.743	3
20.76	3
20.77	3
20.822	3
20.9	3
20.946	3
20.985	3
21.045	3
21.127	3
21.231	3
21.239	3
21.3	3
21.509	3
21.845	3
22.255	3
22.533	3
22.698	3
22.765	3
23.294	3
23.547	3
27.221	3
27.726	3
31.873	3
20.014	1
20.052	1
20.066	1
20.101	1
20.109	2
20.111	2
20.118	2
20.128	2
20.135	2
20.143	2
20.158	2
20.19	2
20.232	2
20.25	2
20.273	2
20.278	2
20.298	2
20.404	2
20.421	2
20.459	2
20.5	2
20.502	2
20.556	2
20.567	3
20.61	3
20.654	3
20.736	3
20.743	3
20.76	3
20.77	3
20.822	3
20.9	3
20.946	3
20.985	3
21.045	3
21.127	3
21.231	3
21.239	3
21.3	3
21.509	3
21.845	3
22.255	3
22.533	3
22.698	3
22.765	3
23.294	3
23.547	3
27.221	3
27.726	3
31.873	3
20.118	1
20.128	1
20.135	1
20.143	1
20.158	1
20.19	1
20.232	1
20.25	1
20.273	1
20.278	1
20.298	1
20.404	1
20.421	1
20.459	2
20.5	2
20.502	2
20.556	2
20.567	2
20.61	2
20.654	2
20.736	2
20.743	2
20.76	2
20.77	2
20.822	2
20.9	3
20.946	3
20.985	3
21.045	3
21.127	3
21.231	3
21.239	3
21.3	3
21.509	3
21.845	3
22.255	3
22.533	3
22.698	3
22.765	3
23.294	3
23.547	3
27.221	3
27.726	3
31.873	3
19.825	1
19.854	1
19.868	1
19.929	2
20.014	2
20.052	2
20.066	3
20.101	3
20.109	3
20.111	3
20.118	3
20.128	3
20.135	3
20.143	3
20.158	3
20.19	3
20.232	3
20.25	3
20.273	3
20.278	3
20.298	3
20.404	3
20.421	3
20.459	3
20.5	3
20.502	3
20.556	3
20.567	3
20.61	3
20.654	3
20.736	3
20.743	3
20.76	3
20.77	3
20.822	3
20.9	3
20.946	3
20.985	3
21.045	3
21.127	3
21.231	3
21.239	3
21.3	3
21.509	3
21.845	3
22.255	3
22.533	3
22.698	3
22.765	3
23.294	3
23.547	3
27.221	3
27.726	3
31.873	3
20.118	1
20.128	1
20.135	1
20.143	1
20.158	1
20.19	1
20.232	1
20.25	1
20.273	1
20.278	1
20.298	1
20.404	1
20.421	1
20.459	2
20.5	2
20.502	2
20.556	2
20.567	2
20.61	2
20.654	2
20.736	2
20.743	2
20.76	2
20.77	2
20.822	2
20.9	2
20.946	2
20.985	3
21.045	3
21.127	3
21.231	3
21.239	3
21.3	3
21.509	3
21.845	3
22.255	3
22.533	3
22.698	3
22.765	3
23.294	3
23.547	3
27.221	3
27.726	3
31.873	3
20.109	1
20.111	1
20.118	1
20.128	1
20.135	1
20.143	1
20.158	1
20.19	1
20.232	1
20.25	1
20.273	1
20.278	1
20.298	1
20.404	1
20.421	1
20.459	1
20.5	1
20.502	2
20.556	2
20.567	3
20.61	3
20.654	3
20.736	3
20.743	3
20.76	3
20.77	3
20.822	3
20.9	3
20.946	3
20.985	3
21.045	3
21.127	3
21.231	3
21.239	3
21.3	3
21.509	3
21.845	3
22.255	3
22.533	3
22.698	3
22.765	3
23.294	3
23.547	3
27.221	3
27.726	3
31.873	3
20.066	1
20.101	1
20.109	1
20.111	1
20.118	1
20.128	1
20.135	1
20.143	1
20.158	1
20.19	1
20.232	1
20.25	1
20.273	1
20.278	1
20.298	1
20.404	1
20.421	1
20.459	1
20.5	1
20.502	1
20.556	1
20.567	2
20.61	2
20.654	2
20.736	2
20.743	2
20.76	2
20.77	2
20.822	2
20.9	2
20.946	2
20.985	3
21.045	3
21.127	3
21.231	3
21.239	3
21.3	3
21.509	3
21.845	3
22.255	3
22.533	3
22.698	3
22.765	3
23.294	3
23.547	3
27.221	3
27.726	3
31.873	3
20.014	1
20.052	1
20.066	1
20.101	1
20.109	1
20.111	1
20.118	1
20.128	1
20.135	1
20.143	1
20.158	1
20.19	1
20.232	1
20.25	1
20.273	1
20.278	2
20.298	2
20.404	2
20.421	2
20.459	3
20.5	3
20.502	3
20.556	3
20.567	3
20.61	3
20.654	3
20.736	3
20.743	3
20.76	3
20.77	3
20.822	3
20.9	3
20.946	3
20.985	3
21.045	3
21.127	3
21.231	3
21.239	3
21.3	3
21.509	3
21.845	3
22.255	3
22.533	3
22.698	3
22.765	3
23.294	3
23.547	3
27.221	3
27.726	3
31.873	3
19.825	1
19.854	1
19.868	2
19.929	2
20.014	2
20.052	2
20.066	2
20.101	2
20.109	2
20.111	2
20.118	3
20.128	3
20.135	3
20.143	3
20.158	3
20.19	3
20.232	3
20.25	3
20.273	3
20.278	3
20.298	3
20.404	3
20.421	3
20.459	3
20.5	3
20.502	3
20.556	3
20.567	3
20.61	3
20.654	3
20.736	3
20.743	3
20.76	3
20.77	3
20.822	3
20.9	3
20.946	3
20.985	3
21.045	3
21.127	3
21.231	3
21.239	3
21.3	3
21.509	3
21.845	3
22.255	3
22.533	3
22.698	3
22.765	3
23.294	3
23.547	3
27.221	3
27.726	3
31.873	3
20.111	1
20.118	1
20.128	1
20.135	1
20.143	1
20.158	1
20.19	1
20.232	1
20.25	1
20.273	1
20.278	1
20.298	1
20.404	1
20.421	1
20.459	2
20.5	2
20.502	2
20.556	2
20.567	2
20.61	2
20.654	2
20.736	2
20.743	2
20.76	2
20.77	2
20.822	2
20.9	2
20.946	2
20.985	3
21.045	3
21.127	3
21.231	3
21.239	3
21.3	3
21.509	3
21.845	3
22.255	3
22.533	3
22.698	3
22.765	3
23.294	3
23.547	3
27.221	3
27.726	3
31.873	3
20.111	1
20.118	1
20.128	1
20.135	1
20.143	1
20.158	1
20.19	1
20.232	1
20.25	1
20.273	1
20.278	1
20.298	1
20.404	1
20.421	1
20.459	1
20.5	1
20.502	1
20.556	1
20.567	1
20.61	1
20.654	1
20.736	1
20.743	2
20.76	2
20.77	2
20.822	2
20.9	2
20.946	2
20.985	3
21.045	3
21.127	3
21.231	3
21.239	3
21.3	3
21.509	3
21.845	3
22.255	3
22.533	3
22.698	3
22.765	3
23.294	3
23.547	3
27.221	3
27.726	3
31.873	3
20.052	1
20.066	1
20.101	1
20.109	1
20.111	1
20.118	1
20.128	1
20.135	1
20.143	1
20.158	1
20.19	1
20.232	1
20.25	1
20.273	1
20.278	2
20.298	2
20.404	2
20.421	2
20.459	3
20.5	3
20.502	3
20.556	3
20.567	3
20.61	3
20.654	3
20.736	3
20.743	3
20.76	3
20.77	3
20.822	3
20.9	3
20.946	3
20.985	3
21.045	3
21.127	3
21.231	3
21.239	3
21.3	3
21.509	3
21.845	3
22.255	3
22.533	3
22.698	3
22.765	3
23.294	3
23.547	3
27.221	3
27.726	3
31.873	3
19.825	1
19.854	1
19.868	1
19.929	1
20.014	1
20.052	1
20.066	1
20.101	1
20.109	1
20.111	1
20.118	1
20.128	1
20.135	1
20.143	1
20.158	1
20.19	1
20.232	1
20.25	1
20.273	1
20.278	2
20.298	2
20.404	2
20.421	2
20.459	2
20.5	2
20.502	2
20.556	2
20.567	2
20.61	2
20.654	2
20.736	2
20.743	2
20.76	2
20.77	2
20.822	2
20.9	2
20.946	2
20.985	2
21.045	2
21.127	2
21.231	2
21.239	2
21.3	2
21.509	2
21.845	2
22.255	2
22.533	2
22.698	2
22.765	2
23.294	2
23.547	2
27.221	2
27.726	2
31.873	2
20.014	1
20.052	1
20.066	1
20.101	1
20.109	2
20.111	2
20.118	2
20.128	2
20.135	2
20.143	2
20.158	2
20.19	2
20.232	2
20.25	2
20.273	2
20.278	2
20.298	2
20.404	2
20.421	2
20.459	2
20.5	2
20.502	2
20.556	2
20.567	3
20.61	3
20.654	3
20.736	3
20.743	3
20.76	3
20.77	3
20.822	3
20.9	3
20.946	3
20.985	3
21.045	3
21.127	3
21.231	3
21.239	3
21.3	3
21.509	3
21.845	3
22.255	3
22.533	3
22.698	3
22.765	3
23.294	3
23.547	3
27.221	3
27.726	3
31.873	3
20.109	1
20.111	1
20.118	2
20.128	2
20.135	2
20.143	2
20.158	2
20.19	2
20.232	2
20.25	2
20.273	2
20.278	2
20.298	2
20.404	2
20.421	2
20.459	2
20.5	2
20.502	2
20.556	2
20.567	2
20.61	2
20.654	2
20.736	2
20.743	2
20.76	2
20.77	2
20.822	2
20.9	2
20.946	2
20.985	3
21.045	3
21.127	3
21.231	3
21.239	3
21.3	3
21.509	3
21.845	3
22.255	3
22.533	3
22.698	3
22.765	3
23.294	3
23.547	3
27.221	3
27.726	3
31.873	3
19.868	1
19.929	1
20.014	2
20.052	2
20.066	2
20.101	2
20.109	3
20.111	3
20.118	3
20.128	3
20.135	3
20.143	3
20.158	3
20.19	3
20.232	3
20.25	3
20.273	3
20.278	3
20.298	3
20.404	3
20.421	3
20.459	3
20.5	3
20.502	3
20.556	3
20.567	3
20.61	3
20.654	3
20.736	3
20.743	3
20.76	3
20.77	3
20.822	3
20.9	3
20.946	3
20.985	3
21.045	3
21.127	3
21.231	3
21.239	3
21.3	3
21.509	3
21.845	3
22.255	3
22.533	3
22.698	3
22.765	3
23.294	3
23.547	3
27.221	3
27.726	3
31.873	3
20.052	1
20.066	1
20.101	1
20.109	1
20.111	1
20.118	2
20.128	2
20.135	2
20.143	2
20.158	2
20.19	2
20.232	2
20.25	2
20.273	2
20.278	3
20.298	3
20.404	3
20.421	3
20.459	3
20.5	3
20.502	3
20.556	3
20.567	3
20.61	3
20.654	3
20.736	3
20.743	3
20.76	3
20.77	3
20.822	3
20.9	3
20.946	3
20.985	3
21.045	3
21.127	3
21.231	3
21.239	3
21.3	3
21.509	3
21.845	3
22.255	3
22.533	3
22.698	3
22.765	3
23.294	3
23.547	3
27.221	3
27.726	3
31.873	3
19.868	1
19.929	1
20.014	1
20.052	1
20.066	1
20.101	1
20.109	1
20.111	1
20.118	1
20.128	1
20.135	1
20.143	1
20.158	1
20.19	1
20.232	1
20.25	1
20.273	1
20.278	1
20.298	1
20.404	1
20.421	1
20.459	1
20.5	1
20.502	1
20.556	1
20.567	1
20.61	1
20.654	1
20.736	1
20.743	1
20.76	1
20.77	1
20.822	1
20.9	1
20.946	1
20.985	1
21.045	1
21.127	2
21.231	2
21.239	2
21.3	2
21.509	2
21.845	2
22.255	2
22.533	2
22.698	2
22.765	2
23.294	2
23.547	2
27.221	2
27.726	2
31.873	2
20.111	1
20.118	1
20.128	1
20.135	1
20.143	1
20.158	1
20.19	1
20.232	1
20.25	1
20.273	1
20.278	1
20.298	1
20.404	1
20.421	1
20.459	1
20.5	1
20.502	1
20.556	1
20.567	2
20.61	2
20.654	2
20.736	2
20.743	2
20.76	2
20.77	2
20.822	2
20.9	2
20.946	2
20.985	3
21.045	3
21.127	3
21.231	3
21.239	3
21.3	3
21.509	3
21.845	3
22.255	3
22.533	3
22.698	3
22.765	3
23.294	3
23.547	3
27.221	3
27.726	3
31.873	3
19.825	1
19.854	1
19.868	1
19.929	1
20.014	1
20.052	1
20.066	1
20.101	1
20.109	1
20.111	2
20.118	2
20.128	2
20.135	2
20.143	2
20.158	2
20.19	2
20.232	2
20.25	2
20.273	2
20.278	2
20.298	2
20.404	2
20.421	2
20.459	2
20.5	2
20.502	2
20.556	2
20.567	2
20.61	2
20.654	2
20.736	2
20.743	2
20.76	2
20.77	2
20.822	2
20.9	2
20.946	2
20.985	3
21.045	3
21.127	3
21.231	3
21.239	3
21.3	3
21.509	3
21.845	3
22.255	3
22.533	3
22.698	3
22.765	3
23.294	3
23.547	3
27.221	3
27.726	3
31.873	3
19.868	1
19.929	1
20.014	2
20.052	2
20.066	2
20.101	2
20.109	2
20.111	2
20.118	2
20.128	2
20.135	2
20.143	2
20.158	2
20.19	2
20.232	2
20.25	2
20.273	2
20.278	2
20.298	2
20.404	2
20.421	2
20.459	2
20.5	2
20.502	3
20.556	3
20.567	3
20.61	3
20.654	3
20.736	3
20.743	3
20.76	3
20.77	3
20.822	3
20.9	3
20.946	3
20.985	3
21.045	3
21.127	3
21.231	3
21.239	3
21.3	3
21.509	3
21.845	3
22.255	3
22.533	3
22.698	3
22.765	3
23.294	3
23.547	3
27.221	3
27.726	3
31.873	3
20.502	1
20.556	1
20.567	2
20.61	2
20.654	2
20.736	2
20.743	2
20.76	3
20.77	3
20.822	3
20.9	3
20.946	3
20.985	3
21.045	3
21.127	3
21.231	3
21.239	3
21.3	3
21.509	3
21.845	3
22.255	3
22.533	3
22.698	3
22.765	3
23.294	3
23.547	3
27.221	3
27.726	3
31.873	3
20.014	1
20.052	1
20.066	2
20.101	2
20.109	2
20.111	2
20.118	2
20.128	2
20.135	2
20.143	2
20.158	2
20.19	2
20.232	2
20.25	2
20.273	2
20.278	2
20.298	2
20.404	2
20.421	2
20.459	2
20.5	2
20.502	2
20.556	2
20.567	2
20.61	2
20.654	2
20.736	2
20.743	2
20.76	2
20.77	2
20.822	2
20.9	2
20.946	2
20.985	3
21.045	3
21.127	3
21.231	3
21.239	3
21.3	3
21.509	3
21.845	3
22.255	3
22.533	3
22.698	3
22.765	3
23.294	3
23.547	3
27.221	3
27.726	3
31.873	3
19.825	1
19.854	1
19.868	1
19.929	1
20.014	1
20.052	1
20.066	1
20.101	1
20.109	1
20.111	1
20.118	1
20.128	1
20.135	1
20.143	1
20.158	1
20.19	1
20.232	1
20.25	1
20.273	1
20.278	1
20.298	1
20.404	1
20.421	1
20.459	2
20.5	2
20.502	2
20.556	2
20.567	2
20.61	2
20.654	2
20.736	2
20.743	2
20.76	2
20.77	2
20.822	2
20.9	2
20.946	2
20.985	2
21.045	2
21.127	2
21.231	2
21.239	2
21.3	2
21.509	2
21.845	2
22.255	2
22.533	2
22.698	2
22.765	2
23.294	2
23.547	2
27.221	2
27.726	2
31.873	2
19.868	1
19.929	1
20.014	1
20.052	1
20.066	1
20.101	1
20.109	1
20.111	2
20.118	2
20.128	2
20.135	2
20.143	2
20.158	2
20.19	2
20.232	2
20.25	2
20.273	2
20.278	3
20.298	3
20.404	3
20.421	3
20.459	3
20.5	3
20.502	3
20.556	3
20.567	3
20.61	3
20.654	3
20.736	3
20.743	3
20.76	3
20.77	3
20.822	3
20.9	3
20.946	3
20.985	3
21.045	3
21.127	3
21.231	3
21.239	3
21.3	3
21.509	3
21.845	3
22.255	3
22.533	3
22.698	3
22.765	3
23.294	3
23.547	3
27.221	3
27.726	3
31.873	3
19.929	1
20.014	1
20.052	1
20.066	1
20.101	1
20.109	1
20.111	1
20.118	2
20.128	2
20.135	2
20.143	2
20.158	2
20.19	2
20.232	2
20.25	2
20.273	2
20.278	2
20.298	2
20.404	2
20.421	2
20.459	3
20.5	3
20.502	3
20.556	3
20.567	3
20.61	3
20.654	3
20.736	3
20.743	3
20.76	3
20.77	3
20.822	3
20.9	3
20.946	3
20.985	3
21.045	3
21.127	3
21.231	3
21.239	3
21.3	3
21.509	3
21.845	3
22.255	3
22.533	3
22.698	3
22.765	3
23.294	3
23.547	3
27.221	3
27.726	3
31.873	3
20.109	1
20.111	1
20.118	1
20.128	1
20.135	1
20.143	1
20.158	1
20.19	1
20.232	1
20.25	1
20.273	1
20.278	1
20.298	1
20.404	1
20.421	1
20.459	1
20.5	1
20.502	1
20.556	1
20.567	1
20.61	1
20.654	1
20.736	1
20.743	1
20.76	1
20.77	1
20.822	1
20.9	1
20.946	1
20.985	2
21.045	2
21.127	2
21.231	2
21.239	2
21.3	2
21.509	2
21.845	2
22.255	2
22.533	2
22.698	2
22.765	2
23.294	2
23.547	2
27.221	2
27.726	2
31.873	2
19.868	1
19.929	1
20.014	1
20.052	1
20.066	1
20.101	1
20.109	1
20.111	1
20.118	2
20.128	2
20.135	2
20.143	2
20.158	2
20.19	2
20.232	2
20.25	2
20.273	2
20.278	2
20.298	2
20.404	2
20.421	2
20.459	3
20.5	3
20.502	3
20.556	3
20.567	3
20.61	3
20.654	3
20.736	3
20.743	3
20.76	3
20.77	3
20.822	3
20.9	3
20.946	3
20.985	3
21.045	3
21.127	3
21.231	3
21.239	3
21.3	3
21.509	3
21.845	3
22.255	3
22.533	3
22.698	3
22.765	3
23.294	3
23.547	3
27.221	3
27.726	3
31.873	3
19.825	1
19.854	1
19.868	1
19.929	1
20.014	1
20.052	1
20.066	1
20.101	1
20.109	1
20.111	1
20.118	1
20.128	1
20.135	1
20.143	1
20.158	1
20.19	1
20.232	1
20.25	1
20.273	1
20.278	1
20.298	1
20.404	1
20.421	1
20.459	2
20.5	2
20.502	2
20.556	2
20.567	2
20.61	2
20.654	2
20.736	2
20.743	2
20.76	2
20.77	2
20.822	2
20.9	2
20.946	2
20.985	2
21.045	2
21.127	2
21.231	2
21.239	3
21.3	3
21.509	3
21.845	3
22.255	3
22.533	3
22.698	3
22.765	3
23.294	3
23.547	3
27.221	3
27.726	3
31.873	3
19.825	1
19.854	1
19.868	1
19.929	1
20.014	1
20.052	1
20.066	1
20.101	1
20.109	1
20.111	1
20.118	1
20.128	1
20.135	1
20.143	1
20.158	1
20.19	1
20.232	1
20.25	1
20.273	1
20.278	1
20.298	1
20.404	1
20.421	1
20.459	1
20.5	1
20.502	1
20.556	1
20.567	2
20.61	2
20.654	2
20.736	2
20.743	2
20.76	2
20.77	2
20.822	2
20.9	2
20.946	2
20.985	3
21.045	3
21.127	3
21.231	3
21.239	3
21.3	3
21.509	3
21.845	3
22.255	3
22.533	3
22.698	3
22.765	3
23.294	3
23.547	3
27.221	3
27.726	3
31.873	3
19.825	1
19.854	1
19.868	1
19.929	2
20.014	2
20.052	2
20.066	2
20.101	2
20.109	2
20.111	2
20.118	2
20.128	3
20.135	3
20.143	3
20.158	3
20.19	3
20.232	3
20.25	3
20.273	3
20.278	3
20.298	3
20.404	3
20.421	3
20.459	3
20.5	3
20.502	3
20.556	3
20.567	3
20.61	3
20.654	3
20.736	3
20.743	3
20.76	3
20.77	3
20.822	3
20.9	3
20.946	3
20.985	3
21.045	3
21.127	3
21.231	3
21.239	3
21.3	3
21.509	3
21.845	3
22.255	2
22.533	2
22.698	2
22.765	2
23.294	2
23.547	2
27.221	2
27.726	2
31.873	2
20.014	1
20.052	1
20.066	1
20.101	1
20.109	1
20.111	2
20.118	2
20.128	2
20.135	2
20.143	2
20.158	2
20.19	2
20.232	2
20.25	2
20.273	2
20.278	2
20.298	2
20.404	2
20.421	2
20.459	2
20.5	2
20.502	2
20.556	2
20.567	2
20.61	2
20.654	2
20.736	2
20.743	2
20.76	2
20.77	2
20.822	2
20.9	2
20.946	2
20.985	3
21.045	3
21.127	3
21.231	3
21.239	3
21.3	3
21.509	3
21.845	3
22.255	3
22.533	3
22.698	3
22.765	3
23.294	3
23.547	3
27.221	3
27.726	3
31.873	3
20.014	1
20.052	2
20.066	3
20.101	3
20.109	3
20.111	3
20.118	3
20.128	3
20.135	3
20.143	3
20.158	3
20.19	3
20.232	3
20.25	3
20.273	3
20.278	3
20.298	3
20.404	3
20.421	4
20.459	4
20.5	4
20.502	4
20.556	4
20.567	4
20.61	4
20.654	4
20.736	4
20.743	4
20.76	4
20.77	4
20.822	4
20.9	4
20.946	4
20.985	4
21.045	4
21.127	4
21.231	4
21.239	4
21.3	4
21.509	4
21.845	4
22.255	4
22.533	4
22.698	4
22.765	4
23.294	4
23.547	4
27.221	4
27.726	4
31.873	3
20.066	1
20.101	1
20.109	1
20.111	1
20.118	1
20.128	1
20.135	1
20.143	1
20.158	1
20.19	1
20.232	1
20.25	2
20.273	2
20.278	2
20.298	2
20.404	2
20.421	2
20.459	3
20.5	3
20.502	4
20.556	4
20.567	4
20.61	4
20.654	4
20.736	4
20.743	4
20.76	4
20.77	4
20.822	4
20.9	4
20.946	4
20.985	4
21.045	4
21.127	4
21.231	4
21.239	4
21.3	4
21.509	4
21.845	4
22.255	4
22.533	4
22.698	4
22.765	4
23.294	4
23.547	4
27.221	4
27.726	3
31.873	3
19.825	1
19.854	1
19.868	2
19.929	3
20.014	3
20.052	3
20.066	3
20.101	3
20.109	3
20.111	3
20.118	3
20.128	3
20.135	3
20.143	3
20.158	3
20.19	3
20.232	3
20.25	3
20.273	3
20.278	3
20.298	3
20.404	3
20.421	3
20.459	3
20.5	3
20.502	3
20.556	3
20.567	3
20.61	3
20.654	3
20.736	3
20.743	3
20.76	3
20.77	3
20.822	3
20.9	3
20.946	3
20.985	3
21.045	3
21.127	3
21.231	3
21.239	3
21.3	3
21.509	3
21.845	3
22.255	3
22.533	3
22.698	3
22.765	3
23.294	3
23.547	3
27.221	3
27.726	3
31.873	3
20.052	1
20.066	1
20.101	1
20.109	1
20.111	1
20.118	1
20.128	1
20.135	1
20.143	1
20.158	1
20.19	1
20.232	1
20.25	1
20.273	1
20.278	2
20.298	2
20.404	2
20.421	2
20.459	3
20.5	3
20.502	3
20.556	3
20.567	3
20.61	3
20.654	3
20.736	3
20.743	3
20.76	3
20.77	3
20.822	3
20.9	3
20.946	3
20.985	3
21.045	3
21.127	3
21.231	3
21.239	3
21.3	3
21.509	3
21.845	3
22.255	3
22.533	3
22.698	3
22.765	3
23.294	3
23.547	3
27.221	3
27.726	3
31.873	3
19.825	1
19.854	1
19.868	1
19.929	1
20.014	1
20.052	2
20.066	2
20.101	2
20.109	2
20.111	2
20.118	2
20.128	2
20.135	2
20.143	2
20.158	2
20.19	2
20.232	2
20.25	2
20.273	2
20.278	2
20.298	2
20.404	2
20.421	2
20.459	2
20.5	2
20.502	2
20.556	2
20.567	3
20.61	3
20.654	3
20.736	3
20.743	3
20.76	3
20.77	3
20.822	3
20.9	3
20.946	3
20.985	3
21.045	3
21.127	3
21.231	3
21.239	3
21.3	3
21.509	3
21.845	3
22.255	3
22.533	3
22.698	3
22.765	3
23.294	3
23.547	3
27.221	3
27.726	3
31.873	3
19.929	1
20.014	1
20.052	1
20.066	1
20.101	1
20.109	2
20.111	2
20.118	2
20.128	2
20.135	2
20.143	2
20.158	2
20.19	2
20.232	2
20.25	2
20.273	2
20.278	2
20.298	2
20.404	2
20.421	2
20.459	2
20.5	2
20.502	2
20.556	2
20.567	3
20.61	3
20.654	3
20.736	3
20.743	3
20.76	3
20.77	3
20.822	3
20.9	3
20.946	3
20.985	3
21.045	3
21.127	3
21.231	3
21.239	3
21.3	3
21.509	3
21.845	3
22.255	3
22.533	3
22.698	3
22.765	3
23.294	3
23.547	3
27.221	3
27.726	3
31.873	3
20.052	1
20.066	1
20.101	1
20.109	1
20.111	1
20.118	1
20.128	1
20.135	1
20.143	1
20.158	1
20.19	1
20.232	1
20.25	1
20.273	1
20.278	1
20.298	1
20.404	1
20.421	1
20.459	1
20.5	1
20.502	2
20.556	2
20.567	2
20.61	2
20.654	3
20.736	3
20.743	3
20.76	3
20.77	3
20.822	3
20.9	3
20.946	3
20.985	3
21.045	3
21.127	3
21.231	3
21.239	3
21.3	3
21.509	3
21.845	3
22.255	3
22.533	3
22.698	3
22.765	3
23.294	3
23.547	3
27.221	3
27.726	3
31.873	3
19.929	1
20.014	1
20.052	1
20.066	1
20.101	1
20.109	1
20.111	1
20.118	1
20.128	1
20.135	1
20.143	1
20.158	1
20.19	1
20.232	1
20.25	1
20.273	1
20.278	1
20.298	1
20.404	1
20.421	1
20.459	1
20.5	1
20.502	1
20.556	1
20.567	2
20.61	2
20.654	2
20.736	2
20.743	2
20.76	2
20.77	2
20.822	2
20.9	2
20.946	2
20.985	2
21.045	2
21.127	2
21.231	2
21.239	2
21.3	2
21.509	2
21.845	2
22.255	2
22.533	2
22.698	2
22.765	2
23.294	2
23.547	2
27.221	2
27.726	2
31.873	2
19.868	1
19.929	1
20.014	1
20.052	1
20.066	1
20.101	1
20.109	1
20.111	1
20.118	2
20.128	2
20.135	2
20.143	2
20.158	2
20.19	2
20.232	2
20.25	2
20.273	2
20.278	2
20.298	2
20.404	2
20.421	2
20.459	2
20.5	2
20.502	3
20.556	3
20.567	3
20.61	3
20.654	3
20.736	3
20.743	3
20.76	3
20.77	3
20.822	3
20.9	3
20.946	3
20.985	3
21.045	3
21.127	3
21.231	3
21.239	3
21.3	3
21.509	3
21.845	3
22.255	3
22.533	3
22.698	3
22.765	3
23.294	3
23.547	3
27.221	3
27.726	3
31.873	3
19.929	1
20.014	1
20.052	1
20.066	1
20.101	1
20.109	1
20.111	1
20.118	1
20.128	1
20.135	1
20.143	1
20.158	1
20.19	1
20.232	1
20.25	1
20.273	1
20.278	2
20.298	2
20.404	2
20.421	2
20.459	2
20.5	2
20.502	2
20.556	2
20.567	3
20.61	3
20.654	3
20.736	3
20.743	3
20.76	3
20.77	3
20.822	3
20.9	3
20.946	3
20.985	3
21.045	3
21.127	3
21.231	3
21.239	3
21.3	3
21.509	3
21.845	3
22.255	3
22.533	3
22.698	3
22.765	3
23.294	3
23.547	3
27.221	3
27.726	3
31.873	3
19.825	1
19.854	1
19.868	1
19.929	1
20.014	1
20.052	2
20.066	2
20.101	2
20.109	2
20.111	2
20.118	2
20.128	2
20.135	2
20.143	2
20.158	2
20.19	2
20.232	2
20.25	2
20.273	2
20.278	2
20.298	2
20.404	2
20.421	2
20.459	2
20.5	2
20.502	3
20.556	3
20.567	3
20.61	3
20.654	3
20.736	3
20.743	3
20.76	3
20.77	3
20.822	3
20.9	3
20.946	3
20.985	3
21.045	3
21.127	3
21.231	3
21.239	3
21.3	3
21.509	3
21.845	3
22.255	3
22.533	3
22.698	3
22.765	3
23.294	3
23.547	3
27.221	3
27.726	3
31.873	3
20.052	1
20.066	1
20.101	1
20.109	2
20.111	2
20.118	2
20.128	2
20.135	2
20.143	3
20.158	3
20.19	3
20.232	3
20.25	3
20.273	3
20.278	3
20.298	3
20.404	3
20.421	3
20.459	3
20.5	3
20.502	3
20.556	3
20.567	3
20.61	3
20.654	3
20.736	3
20.743	3
20.76	3
20.77	3
20.822	3
20.9	3
20.946	3
20.985	3
21.045	3
21.127	3
21.231	3
21.239	3
21.3	3
21.509	3
21.845	3
22.255	3
22.533	3
22.698	3
22.765	3
23.294	3
23.547	3
27.221	3
27.726	3
31.873	3
19.825	1
19.854	1
19.868	2
19.929	2
20.014	2
20.052	2
20.066	2
20.101	2
20.109	2
20.111	2
20.118	2
20.128	2
20.135	2
20.143	2
20.158	2
20.19	2
20.232	2
20.25	2
20.273	2
20.278	2
20.298	2
20.404	2
20.421	2
20.459	2
20.5	2
20.502	2
20.556	2
20.567	2
20.61	2
20.654	2
20.736	2
20.743	2
20.76	2
20.77	2
20.822	2
20.9	2
20.946	2
20.985	2
21.045	2
21.127	2
21.231	2
21.239	2
21.3	2
21.509	2
21.845	2
22.255	2
22.533	2
22.698	2
22.765	2
23.294	2
23.547	2
27.221	2
27.726	2
31.873	2
20.111	1
20.118	1
20.128	1
20.135	1
20.143	1
20.158	2
20.19	2
20.232	2
20.25	2
20.273	2
20.278	2
20.298	2
20.404	2
20.421	2
20.459	2
20.5	2
20.502	2
20.556	2
20.567	2
20.61	2
20.654	2
20.736	2
20.743	2
20.76	2
20.77	2
20.822	2
20.9	2
20.946	2
20.985	3
21.045	3
21.127	3
21.231	3
21.239	3
21.3	3
21.509	3
21.845	3
22.255	3
22.533	3
22.698	3
22.765	3
23.294	3
23.547	3
27.221	3
27.726	3
31.873	3
20.052	1
20.066	1
20.101	1
20.109	1
20.111	1
20.118	2
20.128	2
20.135	2
20.143	2
20.158	2
20.19	2
20.232	2
20.25	2
20.273	2
20.278	2
20.298	2
20.404	2
20.421	2
20.459	3
20.5	3
20.502	3
20.556	3
20.567	3
20.61	3
20.654	3
20.736	3
20.743	3
20.76	3
20.77	3
20.822	3
20.9	3
20.946	3
20.985	3
21.045	3
21.127	3
21.231	3
21.239	3
21.3	3
21.509	3
21.845	3
22.255	3
22.533	3
22.698	3
22.765	3
23.294	3
23.547	3
27.221	3
27.726	3
31.873	3
19.868	1
19.929	1
20.014	1
20.052	1
20.066	1
20.101	1
20.109	1
20.111	1
20.118	2
20.128	2
20.135	2
20.143	2
20.158	2
20.19	2
20.232	2
20.25	2
20.273	2
20.278	2
20.298	2
20.404	2
20.421	2
20.459	2
20.5	2
20.502	3
20.556	3
20.567	3
20.61	3
20.654	3
20.736	3
20.743	3
20.76	3
20.77	3
20.822	3
20.9	3
20.946	3
20.985	3
21.045	3
21.127	3
21.231	3
21.239	3
21.3	3
21.509	3
21.845	3
22.255	3
22.533	3
22.698	3
22.765	3
23.294	3
23.547	3
27.221	3
27.726	3
31.873	3
20.014	1
20.052	1
20.066	1
20.101	1
20.109	2
20.111	3
20.118	3
20.128	3
20.135	3
20.143	3
20.158	3
20.19	3
20.232	3
20.25	3
20.273	3
20.278	3
20.298	3
20.404	3
20.421	3
20.459	3
20.5	3
20.502	3
20.556	3
20.567	3
20.61	3
20.654	3
20.736	3
20.743	3
20.76	3
20.77	3
20.822	3
20.9	3
20.946	3
20.985	3
21.045	3
21.127	3
21.231	3
21.239	3
21.3	3
21.509	3
21.845	3
22.255	3
22.533	3
22.698	3
22.765	3
23.294	3
23.547	3
27.221	3
27.726	3
31.873	3
19.825	1
19.854	1
19.868	1
19.929	2
20.014	2
20.052	2
20.066	2
20.101	2
20.109	2
20.111	2
20.118	2
20.128	2
20.135	2
20.143	2
20.158	2
20.19	2
20.232	2
20.25	2
20.273	2
20.278	2
20.298	2
20.404	2
20.421	2
20.459	2
20.5	2
20.502	2
20.556	2
20.567	2
20.61	2
20.654	2
20.736	2
20.743	2
20.76	2
20.77	2
20.822	2
20.9	2
20.946	2
20.985	3
21.045	3
21.127	3
21.231	3
21.239	3
21.3	3
21.509	3
21.845	3
22.255	3
22.533	3
22.698	3
22.765	3
23.294	3
23.547	3
27.221	3
27.726	3
31.873	3
20.111	1
20.118	1
20.128	1
20.135	1
20.143	1
20.158	1
20.19	1
20.232	1
20.25	1
20.273	1
20.278	2
20.298	2
20.404	2
20.421	2
20.459	3
20.5	3
20.502	3
20.556	3
20.567	3
20.61	3
20.654	3
20.736	3
20.743	3
20.76	3
20.77	3
20.822	3
20.9	3
20.946	3
20.985	3
21.045	3
21.127	3
21.231	3
21.239	3
21.3	3
21.509	3
21.845	3
22.255	3
22.533	3
22.698	3
22.765	3
23.294	3
23.547	3
27.221	3
27.726	3
31.873	3
19.868	1
19.929	1
20.014	1
20.052	1
20.066	1
20.101	1
20.109	1
20.111	1
20.118	2
20.128	2
20.135	2
20.143	2
20.158	2
20.19	2
20.232	2
20.25	2
20.273	2
20.278	2
20.298	2
20.404	2
20.421	2
20.459	2
20.5	2
20.502	2
20.556	2
20.567	3
20.61	3
20.654	3
20.736	3
20.743	3
20.76	3
20.77	3
20.822	3
20.9	3
20.946	3
20.985	3
21.045	3
21.127	3
21.231	3
21.239	3
21.3	3
21.509	3
21.845	3
22.255	3
22.533	3
22.698	3
22.765	3
23.294	3
23.547	3
27.221	3
27.726	3
31.873	3
20.109	1
20.111	1
20.118	1
20.128	1
20.135	1
20.143	1
20.158	1
20.19	1
20.232	1
20.25	1
20.273	1
20.278	1
20.298	1
20.404	1
20.421	1
20.459	1
20.5	1
20.502	1
20.556	1
20.567	2
20.61	2
20.654	2
20.736	2
20.743	2
20.76	2
20.77	2
20.822	2
20.9	2
20.946	2
20.985	3
21.045	3
21.127	3
21.231	3
21.239	3
21.3	3
21.509	3
21.845	3
22.255	3
22.533	3
22.698	3
22.765	3
23.294	3
23.547	3
27.221	3
27.726	3
31.873	3
19.825	1
19.854	1
19.868	1
19.929	1
20.014	1
20.052	1
20.066	1
20.101	2
20.109	2
20.111	2
20.118	2
20.128	2
20.135	2
20.143	2
20.158	2
20.19	2
20.232	2
20.25	2
20.273	2
20.278	2
20.298	2
20.404	2
20.421	2
20.459	3
20.5	3
20.502	3
20.556	3
20.567	3
20.61	3
20.654	3
20.736	3
20.743	3
20.76	3
20.77	3
20.822	3
20.9	3
20.946	3
20.985	3
21.045	3
21.127	3
21.231	3
21.239	3
21.3	3
21.509	3
21.845	3
22.255	3
22.533	3
22.698	3
22.765	3
23.294	3
23.547	3
27.221	3
27.726	3
31.873	3
19.868	1
19.929	1
20.014	2
20.052	2
20.066	2
20.101	2
20.109	2
20.111	2
20.118	3
20.128	3
20.135	3
20.143	3
20.158	3
20.19	3
20.232	3
20.25	3
20.273	3
20.278	3
20.298	3
20.404	3
20.421	3
20.459	3
20.5	3
20.502	3
20.556	3
20.567	3
20.61	3
20.654	3
20.736	3
20.743	3
20.76	3
20.77	3
20.822	3
20.9	3
20.946	3
20.985	3
21.045	3
21.127	3
21.231	3
21.239	3
21.3	3
21.509	3
21.845	3
22.255	3
22.533	3
22.698	3
22.765	3
23.294	3
23.547	3
27.221	3
27.726	3
31.873	3
20.111	1
20.118	1
20.128	1
20.135	1
20.143	1
20.158	1
20.19	1
20.232	1
20.25	1
20.273	1
20.278	2
20.298	2
20.404	2
20.421	2
20.459	2
20.5	2
20.502	2
20.556	2
20.567	2
20.61	2
20.654	2
20.736	2
20.743	2
20.76	2
20.77	2
20.822	2
20.9	2
20.946	2
20.985	3
21.045	3
21.127	3
21.231	3
21.239	3
21.3	3
21.509	3
21.845	3
22.255	3
22.533	3
22.698	3
22.765	3
23.294	3
23.547	3
27.221	3
27.726	3
31.873	3
20.109	1
20.111	1
20.118	1
20.128	1
20.135	1
20.143	1
20.158	1
20.19	1
20.232	1
20.25	1
20.273	1
20.278	2
20.298	2
20.404	2
20.421	2
20.459	3
20.5	3
20.502	3
20.556	3
20.567	3
20.61	3
20.654	3
20.736	3
20.743	3
20.76	3
20.77	3
20.822	3
20.9	3
20.946	3
20.985	3
21.045	3
21.127	3
21.231	3
21.239	3
21.3	3
21.509	3
21.845	3
22.255	3
22.533	3
22.698	3
22.765	3
23.294	3
23.547	3
27.221	3
27.726	3
31.873	3
19.868	1
19.929	1
20.014	1
20.052	1
20.066	2
20.101	2
20.109	2
20.111	2
20.118	2
20.128	2
20.135	2
20.143	2
20.158	2
20.19	2
20.232	2
20.25	2
20.273	2
20.278	2
20.298	2
20.404	2
20.421	2
20.459	2
20.5	2
20.502	3
20.556	3
20.567	3
20.61	3
20.654	3
20.736	3
20.743	3
20.76	3
20.77	3
20.822	3
20.9	3
20.946	3
20.985	3
21.045	3
21.127	3
21.231	3
21.239	3
21.3	3
21.509	3
21.845	3
22.255	3
22.533	3
22.698	3
22.765	3
23.294	3
23.547	3
27.221	3
27.726	3
31.873	3
20.014	1
20.052	1
20.066	1
20.101	1
20.109	1
20.111	1
20.118	1
20.128	1
20.135	1
20.143	1
20.158	1
20.19	1
20.232	1
20.25	1
20.273	1
20.278	1
20.298	1
20.404	1
20.421	1
20.459	2
20.5	2
20.502	3
20.556	3
20.567	3
20.61	3
20.654	3
20.736	3
20.743	3
20.76	3
20.77	3
20.822	3
20.9	3
20.946	3
20.985	3
21.045	3
21.127	3
21.231	3
21.239	3
21.3	3
21.509	3
21.845	3
22.255	3
22.533	3
22.698	3
22.765	3
23.294	3
23.547	3
27.221	3
27.726	3
31.873	3
20.109	1
20.111	1
20.118	1
20.128	1
20.135	1
20.143	1
20.158	1
20.19	1
20.232	1
20.25	1
20.273	1
20.278	1
20.298	1
20.404	1
20.421	1
20.459	1
20.5	1
20.502	1
20.556	1
20.567	2
20.61	2
20.654	2
20.736	2
20.743	2
20.76	2
20.77	2
20.822	2
20.9	2
20.946	2
20.985	3
21.045	3
21.127	3
21.231	3
21.239	3
21.3	3
21.509	3
21.845	3
22.255	3
22.533	3
22.698	3
22.765	3
23.294	3
23.547	3
27.221	3
27.726	3
31.873	3
19.929	1
20.014	1
20.052	1
20.066	1
20.101	1
20.109	1
20.111	1
20.118	1
20.128	1
20.135	1
20.143	1
20.158	1
20.19	1
20.232	1
20.25	1
20.273	1
20.278	2
20.298	2
20.404	2
20.421	2
20.459	2
20.5	2
20.502	2
20.556	2
20.567	2
20.61	2
20.654	2
20.736	3
20.743	3
20.76	3
20.77	3
20.822	3
20.9	3
20.946	3
20.985	3
21.045	3
21.127	3
21.231	3
21.239	3
21.3	3
21.509	3
21.845	3
22.255	3
22.533	3
22.698	3
22.765	3
23.294	3
23.547	3
27.221	3
27.726	3
31.873	3
19.868	1
19.929	1
20.014	2
20.052	2
20.066	2
20.101	2
20.109	2
20.111	2
20.118	2
20.128	2
20.135	2
20.143	2
20.158	2
20.19	2
20.232	2
20.25	2
20.273	2
20.278	2
20.298	2
20.404	2
20.421	2
20.459	2
20.5	2
20.502	2
20.556	2
20.567	3
20.61	3
20.654	3
20.736	3
20.743	3
20.76	3
20.77	3
20.822	3
20.9	3
20.946	3
20.985	3
21.045	3
21.127	3
21.231	3
21.239	3
21.3	3
21.509	3
21.845	3
22.255	3
22.533	3
22.698	3
22.765	3
23.294	3
23.547	3
27.221	3
27.726	3
31.873	3
20.109	1
20.111	2
20.118	2
20.128	2
20.135	2
20.143	2
20.158	2
20.19	2
20.232	2
20.25	2
20.273	2
20.278	2
20.298	2
20.404	2
20.421	2
20.459	2
20.5	2
20.502	2
20.556	2
20.567	2
20.61	2
20.654	2
20.736	2
20.743	2
20.76	2
20.77	2
20.822	2
20.9	2
20.946	2
20.985	2
21.045	2
21.127	2
21.231	2
21.239	2
21.3	2
21.509	2
21.845	2
22.255	2
22.533	2
22.698	2
22.765	2
23.294	2
23.547	2
27.221	2
27.726	2
31.873	2
19.825	1
19.854	1
19.868	1
19.929	1
20.014	1
20.052	1
20.066	1
20.101	1
20.109	1
20.111	1
20.118	2
20.128	2
20.135	2
20.143	2
20.158	2
20.19	2
20.232	2
20.25	2
20.273	2
20.278	3
20.298	3
20.404	3
20.421	3
20.459	3
20.5	3
20.502	3
20.556	3
20.567	3
20.61	3
20.654	3
20.736	3
20.743	3
20.76	3
20.77	3
20.822	3
20.9	3
20.946	3
20.985	3
21.045	3
21.127	3
21.231	3
21.239	3
21.3	3
21.509	3
21.845	3
22.255	3
22.533	3
22.698	3
22.765	3
23.294	3
23.547	3
27.221	3
27.726	3
31.873	3
19.868	1
19.929	2
20.014	2
20.052	2
20.066	2
20.101	2
20.109	2
20.111	2
20.118	2
20.128	2
20.135	2
20.143	2
20.158	2
20.19	2
20.232	2
20.25	2
20.273	2
20.278	2
20.298	2
20.404	2
20.421	2
20.459	2
20.5	2
20.502	2
20.556	2
20.567	2
20.61	2
20.654	2
20.736	2
20.743	2
20.76	2
20.77	2
20.822	2
20.9	2
20.946	2
20.985	2
21.045	2
21.127	2
21.231	2
21.239	2
21.3	2
21.509	2
21.845	2
22.255	2
22.533	2
22.698	2
22.765	2
23.294	2
23.547	2
27.221	2
27.726	2
31.873	2
20.014	1
20.052	1
20.066	1
20.101	1
20.109	1
20.111	1
20.118	1
20.128	1
20.135	1
20.143	1
20.158	1
20.19	1
20.232	1
20.25	1
20.273	1
20.278	1
20.298	1
20.404	1
20.421	1
20.459	1
20.5	1
20.502	1
20.556	1
20.567	2
20.61	2
20.654	2
20.736	2
20.743	2
20.76	2
20.77	2
20.822	2
20.9	2
20.946	2
20.985	3
21.045	3
21.127	3
21.231	3
21.239	3
21.3	3
21.509	3
21.845	3
22.255	3
22.533	3
22.698	3
22.765	3
23.294	3
23.547	3
27.221	3
27.726	3
31.873	3
19.825	1
19.854	1
19.868	1
19.929	1
20.014	1
20.052	1
20.066	1
20.101	1
20.109	1
20.111	1
20.118	1
20.128	1
20.135	1
20.143	1
20.158	1
20.19	1
20.232	1
20.25	1
20.273	1
20.278	1
20.298	1
20.404	1
20.421	1
20.459	1
20.5	1
20.502	2
20.556	2
20.567	2
20.61	2
20.654	2
20.736	2
20.743	2
20.76	2
20.77	2
20.822	2
20.9	2
20.946	2
20.985	2
21.045	2
21.127	2
21.231	2
21.239	2
21.3	2
21.509	2
21.845	2
22.255	2
22.533	2
22.698	2
22.765	2
23.294	2
23.547	2
27.221	2
27.726	2
31.873	2
19.868	1
19.929	1
20.014	1
20.052	2
20.066	2
20.101	2
20.109	2
20.111	2
20.118	2
20.128	2
20.135	2
20.143	2
20.158	2
20.19	2
20.232	2
20.25	2
20.273	2
20.278	2
20.298	2
20.404	2
20.421	2
20.459	2
20.5	2
20.502	3
20.556	3
20.567	3
20.61	3
20.654	3
20.736	3
20.743	3
20.76	3
20.77	3
20.822	3
20.9	3
20.946	3
20.985	3
21.045	3
21.127	3
21.231	3
21.239	3
21.3	3
21.509	3
21.845	3
22.255	3
22.533	3
22.698	3
22.765	3
23.294	3
23.547	3
27.221	3
27.726	3
31.873	3
19.854	1
19.868	1
19.929	1
20.014	1
20.052	1
20.066	1
20.101	1
20.109	1
20.111	1
20.118	2
20.128	2
20.135	2
20.143	2
20.158	2
20.19	2
20.232	2
20.25	2
20.273	2
20.278	2
20.298	2
20.404	2
20.421	2
20.459	2
20.5	2
20.502	2
20.556	2
20.567	2
20.61	2
20.654	2
20.736	2
20.743	2
20.76	2
20.77	2
20.822	2
20.9	2
20.946	2
20.985	3
21.045	3
21.127	3
21.231	3
21.239	3
21.3	3
21.509	3
21.845	3
22.255	3
22.533	3
22.698	3
22.765	3
23.294	3
23.547	3
27.221	3
27.726	3
31.873	3
20.014	1
20.052	1
20.066	1
20.101	1
20.109	2
20.111	2
20.118	2
20.128	2
20.135	2
20.143	2
20.158	2
20.19	2
20.232	2
20.25	2
20.273	2
20.278	2
20.298	2
20.404	2
20.421	2
20.459	3
20.5	3
20.502	3
20.556	3
20.567	3
20.61	3
20.654	3
20.736	3
20.743	3
20.76	3
20.77	3
20.822	3
20.9	3
20.946	3
20.985	3
21.045	3
21.127	3
21.231	3
21.239	3
21.3	3
21.509	3
21.845	3
22.255	3
22.533	3
22.698	3
22.765	3
23.294	3
23.547	3
27.221	3
27.726	3
31.873	3
20.109	1
20.111	2
20.118	3
20.128	3
20.135	3
20.143	3
20.158	3
20.19	3
20.232	3
20.25	3
20.273	3
20.278	3
20.298	3
20.404	3
20.421	3
20.459	3
20.5	3
20.502	3
20.556	3
20.567	3
20.61	3
20.654	3
20.736	3
20.743	3
20.76	3
20.77	3
20.822	3
20.9	3
20.946	3
20.985	3
21.045	3
21.127	3
21.231	3
21.239	3
21.3	3
21.509	3
21.845	3
22.255	3
22.533	3
22.698	3
22.765	3
23.294	3
23.547	3
27.221	3
27.726	3
31.873	3
19.868	1
19.929	1
20.014	1
20.052	1
20.066	2
20.101	2
20.109	2
20.111	2
20.118	2
20.128	2
20.135	2
20.143	2
20.158	2
20.19	2
20.232	2
20.25	2
20.273	2
20.278	2
20.298	2
20.404	2
20.421	2
20.459	2
20.5	2
20.502	3
20.556	3
20.567	3
20.61	3
20.654	3
20.736	3
20.743	3
20.76	3
20.77	3
20.822	3
20.9	3
20.946	3
20.985	3
21.045	3
21.127	3
21.231	3
21.239	3
21.3	3
21.509	3
21.845	3
22.255	3
22.533	3
22.698	3
22.765	3
23.294	3
23.547	3
27.221	3
27.726	3
31.873	3
19.929	1
20.014	1
20.052	1
20.066	1
20.101	1
20.109	1
20.111	1
20.118	1
20.128	1
20.135	1
20.143	1
20.158	1
20.19	1
20.232	1
20.25	1
20.273	1
20.278	1
20.298	1
20.404	1
20.421	1
20.459	1
20.5	1
20.502	1
20.556	1
20.567	2
20.61	2
20.654	2
20.736	2
20.743	2
20.76	2
20.77	2
20.822	2
20.9	2
20.946	2
20.985	2
21.045	2
21.127	2
21.231	2
21.239	2
21.3	2
21.509	2
21.845	2
22.255	2
22.533	2
22.698	2
22.765	2
23.294	2
23.547	2
27.221	2
27.726	2
31.873	2
20.118	1
20.128	1
20.135	1
20.143	1
20.158	1
20.19	1
20.232	1
20.25	1
20.273	1
20.278	1
20.298	1
20.404	1
20.421	1
20.459	1
20.5	1
20.502	2
20.556	2
20.567	2
20.61	2
20.654	2
20.736	2
20.743	2
20.76	2
20.77	2
20.822	2
20.9	2
20.946	2
20.985	2
21.045	2
21.127	2
21.231	2
21.239	2
21.3	2
21.509	2
21.845	2
22.255	2
22.533	2
22.698	2
22.765	2
23.294	2
23.547	2
27.221	2
27.726	2
31.873	2
20.109	1
20.111	1
20.118	2
20.128	2
20.135	2
20.143	2
20.158	2
20.19	2
20.232	2
20.25	2
20.273	2
20.278	3
20.298	3
20.404	3
20.421	3
20.459	3
20.5	3
20.502	3
20.556	3
20.567	3
20.61	3
20.654	3
20.736	3
20.743	3
20.76	3
20.77	3
20.822	3
20.9	3
20.946	3
20.985	3
21.045	3
21.127	3
21.231	3
21.239	3
21.3	3
21.509	3
21.845	3
22.255	3
22.533	3
22.698	3
22.765	3
23.294	3
23.547	3
27.221	3
27.726	3
31.873	3
19.825	1
19.854	1
19.868	2
19.929	2
20.014	2
20.052	2
20.066	2
20.101	2
20.109	2
20.111	2
20.118	2
20.128	2
20.135	2
20.143	2
20.158	2
20.19	2
20.232	2
20.25	2
20.273	2
20.278	2
20.298	2
20.404	2
20.421	2
20.459	2
20.5	2
20.502	2
20.556	2
20.567	2
20.61	2
20.654	2
20.736	2
20.743	2
20.76	2
20.77	2
20.822	2
20.9	2
20.946	2
20.985	2
21.045	2
21.127	2
21.231	2
21.239	2
21.3	2
21.509	3
21.845	3
22.255	3
22.533	3
22.698	3
22.765	3
23.294	3
23.547	3
27.221	3
27.726	3
31.873	3
19.825	1
19.854	1
19.868	1
19.929	1
20.014	1
20.052	1
20.066	1
20.101	1
20.109	1
20.111	1
20.118	1
20.128	1
20.135	1
20.143	1
20.158	1
20.19	1
20.232	1
20.25	1
20.273	1
20.278	2
20.298	2
20.404	2
20.421	2
20.459	2
20.5	2
20.502	2
20.556	2
20.567	2
20.61	2
20.654	2
20.736	2
20.743	2
20.76	2
20.77	2
20.822	2
20.9	2
20.946	2
20.985	2
21.045	2
21.127	2
21.231	2
21.239	2
21.3	2
21.509	2
21.845	2
22.255	2
22.533	2
22.698	2
22.765	2
23.294	2
23.547	2
27.221	2
27.726	2
31.873	2
20.109	1
20.111	1
20.118	1
20.128	1
20.135	1
20.143	1
20.158	1
20.19	1
20.232	1
20.25	1
20.273	1
20.278	2
20.298	2
20.404	2
20.421	2
20.459	2
20.5	2
20.502	3
20.556	3
20.567	3
20.61	3
20.654	3
20.736	3
20.743	3
20.76	3
20.77	3
20.822	3
20.9	3
20.946	3
20.985	3
21.045	3
21.127	3
21.231	3
21.239	3
21.3	3
21.509	3
21.845	3
22.255	3
22.533	3
22.698	3
22.765	3
23.294	3
23.547	3
27.221	3
27.726	3
31.873	3
20.014	1
20.052	1
20.066	2
20.101	2
20.109	2
20.111	3
20.118	3
20.128	3
20.135	3
20.143	3
20.158	3
20.19	3
20.232	3
20.25	3
20.273	3
20.278	3
20.298	3
20.404	3
20.421	3
20.459	3
20.5	3
20.502	3
20.556	3
20.567	3
20.61	3
20.654	3
20.736	3
20.743	3
20.76	3
20.77	3
20.822	3
20.9	3
20.946	3
20.985	3
21.045	3
21.127	3
21.231	3
21.239	3
21.3	3
21.509	3
21.845	3
22.255	3
22.533	3
22.698	3
22.765	3
23.294	3
23.547	3
27.221	3
27.726	3
31.873	3
20.066	1
20.101	1
20.109	1
20.111	1
20.118	2
20.128	2
20.135	2
20.143	2
20.158	2
20.19	2
20.232	2
20.25	2
20.273	2
20.278	2
20.298	2
20.404	2
20.421	2
20.459	2
20.5	2
20.502	3
20.556	3
20.567	3
20.61	3
20.654	3
20.736	3
20.743	3
20.76	3
20.77	3
20.822	3
20.9	3
20.946	3
20.985	3
21.045	3
21.127	3
21.231	3
21.239	3
21.3	3
21.509	3
21.845	3
22.255	3
22.533	3
22.698	3
22.765	3
23.294	3
23.547	3
27.221	3
27.726	3
31.873	3
19.929	1
20.014	1
20.052	1
20.066	1
20.101	1
20.109	1
20.111	2
20.118	2
20.128	2
20.135	2
20.143	2
20.158	2
20.19	2
20.232	2
20.25	2
20.273	2
20.278	2
20.298	2
20.404	3
20.421	3
20.459	3
20.5	3
20.502	3
20.556	3
20.567	4
20.61	4
20.654	4
20.736	4
20.743	4
20.76	4
20.77	3
20.822	3
20.9	3
20.946	3
20.985	3
21.045	3
21.127	3
21.231	3
21.239	3
21.3	3
21.509	3
21.845	3
22.255	3
22.533	3
22.698	3
22.765	3
23.294	2
23.547	2
27.221	2
27.726	2
31.873	2
20.109	1
20.111	1
20.118	2
20.128	2
20.135	2
20.143	2
20.158	2
20.19	2
20.232	2
20.25	2
20.273	2
20.278	2
20.298	2
20.404	2
20.421	2
20.459	2
20.5	2
20.502	2
20.556	2
20.567	2
20.61	2
20.654	2
20.736	2
20.743	2
20.76	2
20.77	2
20.822	2
20.9	2
20.946	2
20.985	3
21.045	3
21.127	3
21.231	3
21.239	3
21.3	3
21.509	3
21.845	3
22.255	3
22.533	3
22.698	3
22.765	3
23.294	3
23.547	3
27.221	3
27.726	3
31.873	3
19.929	1
20.014	1
20.052	1
20.066	1
20.101	1
20.109	1
20.111	2
20.118	2
20.128	2
20.135	2
20.143	2
20.158	2
20.19	2
20.232	2
20.25	2
20.273	2
20.278	2
20.298	2
20.404	2
20.421	2
20.459	2
20.5	2
20.502	2
20.556	2
20.567	2
20.61	2
20.654	2
20.736	2
20.743	2
20.76	2
20.77	2
20.822	2
20.9	2
20.946	2
20.985	2
21.045	2
21.127	2
21.231	2
21.239	2
21.3	2
21.509	2
21.845	2
22.255	2
22.533	2
22.698	2
22.765	2
23.294	2
23.547	2
27.221	2
27.726	2
31.873	2
20.066	1
20.101	1
20.109	1
20.111	1
20.118	1
20.128	1
20.135	1
20.143	1
20.158	1
20.19	1
20.232	2
20.25	2
20.273	2
20.278	2
20.298	2
20.404	2
20.421	2
20.459	2
20.5	2
20.502	3
20.556	3
20.567	3
20.61	3
20.654	3
20.736	3
20.743	3
20.76	3
20.77	3
20.822	3
20.9	3
20.946	3
20.985	3
21.045	3
21.127	3
21.231	3
21.239	3
21.3	3
21.509	3
21.845	3
22.255	3
22.533	3
22.698	3
22.765	3
23.294	3
23.547	3
27.221	3
27.726	3
31.873	3
20.109	1
20.111	1
20.118	1
20.128	1
20.135	1
20.143	1
20.158	1
20.19	1
20.232	1
20.25	1
20.273	1
20.278	1
20.298	1
20.404	1
20.421	1
20.459	1
20.5	1
20.502	1
20.556	1
20.567	1
20.61	1
20.654	1
20.736	1
20.743	1
20.76	1
20.77	1
20.822	1
20.9	1
20.946	1
20.985	2
21.045	2
21.127	2
21.231	2
21.239	2
21.3	2
21.509	2
21.845	2
22.255	2
22.533	2
22.698	2
22.765	2
23.294	2
23.547	2
27.221	2
27.726	2
31.873	2
19.825	1
19.854	1
19.868	1
19.929	1
20.014	1
20.052	2
20.066	3
20.101	3
20.109	3
20.111	3
20.118	3
20.128	3
20.135	3
20.143	3
20.158	3
20.19	3
20.232	3
20.25	3
20.273	3
20.278	3
20.298	3
20.404	3
20.421	3
20.459	3
20.5	3
20.502	3
20.556	3
20.567	3
20.61	3
20.654	3
20.736	3
20.743	3
20.76	3
20.77	3
20.822	3
20.9	3
20.946	3
20.985	3
21.045	3
21.127	3
21.231	3
21.239	3
21.3	3
21.509	3
21.845	3
22.255	3
22.533	3
22.698	3
22.765	3
23.294	3
23.547	3
27.221	3
27.726	3
31.873	3
19.868	1
19.929	2
20.014	2
20.052	2
20.066	2
20.101	2
20.109	2
20.111	2
20.118	2
20.128	2
20.135	2
20.143	2
20.158	2
20.19	2
20.232	2
20.25	2
20.273	2
20.278	2
20.298	2
20.404	2
20.421	2
20.459	2
20.5	2
20.502	2
20.556	2
20.567	2
20.61	2
20.654	2
20.736	2
20.743	2
20.76	2
20.77	2
20.822	2
20.9	2
20.946	2
20.985	2
21.045	3
21.127	3
21.231	3
21.239	3
21.3	3
21.509	3
21.845	3
22.255	3
22.533	3
22.698	3
22.765	3
23.294	3
23.547	3
27.221	3
27.726	3
31.873	3
19.868	1
19.929	2
20.014	2
20.052	2
20.066	2
20.101	2
20.109	2
20.111	2
20.118	2
20.128	2
20.135	2
20.143	2
20.158	2
20.19	2
20.232	2
20.25	2
20.273	2
20.278	3
20.298	3
20.404	3
20.421	3
20.459	3
20.5	3
20.502	3
20.556	3
20.567	3
20.61	3
20.654	3
20.736	3
20.743	3
20.76	3
20.77	3
20.822	3
20.9	3
20.946	3
20.985	3
21.045	3
21.127	3
21.231	3
21.239	3
21.3	3
21.509	3
21.845	3
22.255	3
22.533	3
22.698	3
22.765	3
23.294	3
23.547	3
27.221	3
27.726	3
31.873	3
19.868	1
19.929	2
20.014	2
20.052	2
20.066	2
20.101	2
20.109	2
20.111	2
20.118	2
20.128	2
20.135	2
20.143	2
20.158	2
20.19	2
20.232	2
20.25	2
20.273	2
20.278	2
20.298	2
20.404	2
20.421	2
20.459	2
20.5	2
20.502	2
20.556	2
20.567	2
20.61	2
20.654	2
20.736	2
20.743	2
20.76	2
20.77	2
20.822	2
20.9	2
20.946	2
20.985	2
21.045	2
21.127	2
21.231	2
21.239	2
21.3	2
21.509	2
21.845	2
22.255	2
22.533	2
22.698	2
22.765	2
23.294	2
23.547	2
27.221	2
27.726	2
31.873	2
20.014	1
20.052	1
20.066	1
20.101	1
20.109	2
20.111	2
20.118	2
20.128	2
20.135	2
20.143	2
20.158	2
20.19	2
20.232	2
20.25	2
20.273	2
20.278	3
20.298	3
20.404	3
20.421	3
20.459	3
20.5	3
20.502	3
20.556	3
20.567	3
20.61	3
20.654	3
20.736	3
20.743	3
20.76	3
20.77	3
20.822	3
20.9	3
20.946	3
20.985	3
21.045	3
21.127	3
21.231	3
21.239	3
21.3	3
21.509	3
21.845	3
22.255	3
22.533	3
22.698	3
22.765	3
23.294	3
23.547	3
27.221	3
27.726	3
31.873	3
20.052	1
20.066	2
20.101	2
20.109	2
20.111	2
20.118	2
20.128	2
20.135	2
20.143	2
20.158	2
20.19	2
20.232	2
20.25	2
20.273	2
20.278	2
20.298	2
20.404	2
20.421	2
20.459	3
20.5	3
20.502	3
20.556	3
20.567	3
20.61	3
20.654	3
20.736	3
20.743	3
20.76	3
20.77	3
20.822	3
20.9	3
20.946	3
20.985	3
21.045	3
21.127	3
21.231	3
21.239	3
21.3	3
21.509	3
21.845	3
22.255	3
22.533	3
22.698	3
22.765	3
23.294	3
23.547	3
27.221	3
27.726	3
31.873	3
20.052	1
20.066	1
20.101	1
20.109	1
20.111	1
20.118	1
20.128	1
20.135	1
20.143	1
20.158	1
20.19	1
20.232	1
20.25	1
20.273	1
20.278	1
20.298	1
20.404	1
20.421	1
20.459	1
20.5	1
20.502	2
20.556	2
20.567	3
20.61	3
20.654	3
20.736	3
20.743	3
20.76	3
20.77	3
20.822	3
20.9	3
20.946	3
20.985	3
21.045	3
21.127	3
21.231	3
21.239	3
21.3	3
21.509	3
21.845	3
22.255	3
22.533	3
22.698	3
22.765	3
23.294	3
23.547	3
27.221	3
27.726	3
31.873	3
20.052	1
20.066	2
20.101	2
20.109	2
20.111	2
20.118	3
20.128	3
20.135	3
20.143	3
20.158	3
20.19	3
20.232	3
20.25	3
20.273	3
20.278	3
20.298	3
20.404	3
20.421	3
20.459	3
20.5	3
20.502	3
20.556	3
20.567	3
20.61	3
20.654	3
20.736	3
20.743	3
20.76	3
20.77	3
20.822	3
20.9	3
20.946	3
20.985	3
21.045	3
21.127	3
21.231	3
21.239	3
21.3	3
21.509	3
21.845	3
22.255	3
22.533	3
22.698	3
22.765	3
23.294	3
23.547	3
27.221	3
27.726	3
31.873	3
19.929	1
20.014	1
20.052	1
20.066	1
20.101	1
20.109	1
20.111	2
20.118	2
20.128	2
20.135	2
20.143	2
20.158	2
20.19	2
20.232	2
20.25	2
20.273	2
20.278	2
20.298	2
20.404	2
20.421	2
20.459	2
20.5	2
20.502	2
20.556	2
20.567	2
20.61	2
20.654	2
20.736	2
20.743	2
20.76	2
20.77	2
20.822	2
20.9	2
20.946	2
20.985	2
21.045	2
21.127	2
21.231	2
21.239	2
21.3	2
21.509	2
21.845	2
22.255	2
22.533	2
22.698	2
22.765	2
23.294	2
23.547	2
27.221	2
27.726	2
31.873	2
19.825	1
19.854	1
19.868	1
19.929	2
20.014	2
20.052	2
20.066	3
20.101	3
20.109	3
20.111	3
20.118	3
20.128	3
20.135	3
20.143	3
20.158	3
20.19	3
20.232	3
20.25	3
20.273	3
20.278	3
20.298	3
20.404	3
20.421	3
20.459	3
20.5	3
20.502	3
20.556	3
20.567	3
20.61	3
20.654	3
20.736	3
20.743	3
20.76	3
20.77	3
20.822	3
20.9	3
20.946	3
20.985	3
21.045	3
21.127	3
21.231	3
21.239	3
21.3	3
21.509	3
21.845	3
22.255	3
22.533	3
22.698	3
22.765	3
23.294	3
23.547	3
27.221	3
27.726	3
31.873	3
19.825	1
19.854	1
19.868	2
19.929	3
20.014	3
20.052	3
20.066	3
20.101	3
20.109	3
20.111	3
20.118	3
20.128	3
20.135	3
20.143	3
20.158	3
20.19	3
20.232	3
20.25	3
20.273	3
20.278	3
20.298	3
20.404	3
20.421	3
20.459	3
20.5	3
20.502	3
20.556	3
20.567	3
20.61	3
20.654	3
20.736	3
20.743	3
20.76	3
20.77	3
20.822	3
20.9	3
20.946	3
20.985	3
21.045	3
21.127	3
21.231	3
21.239	3
21.3	3
21.509	3
21.845	3
22.255	3
22.533	3
22.698	3
22.765	3
23.294	3
23.547	3
27.221	3
27.726	3
31.873	3
20.014	1
20.052	1
20.066	1
20.101	1
20.109	1
20.111	1
20.118	2
20.128	2
20.135	2
20.143	2
20.158	2
20.19	2
20.232	2
20.25	2
20.273	2
20.278	3
20.298	3
20.404	3
20.421	3
20.459	3
20.5	3
20.502	3
20.556	3
20.567	3
20.61	3
20.654	3
20.736	3
20.743	3
20.76	3
20.77	3
20.822	3
20.9	3
20.946	3
20.985	3
21.045	3
21.127	3
21.231	3
21.239	3
21.3	3
21.509	3
21.845	3
22.255	3
22.533	3
22.698	3
22.765	3
23.294	3
23.547	3
27.221	3
27.726	3
31.873	3
19.825	1
19.854	1
19.868	1
19.929	1
20.014	1
20.052	1
20.066	1
20.101	1
20.109	1
20.111	1
20.118	1
20.128	1
20.135	1
20.143	1
20.158	1
20.19	1
20.232	1
20.25	1
20.273	1
20.278	1
20.298	1
20.404	1
20.421	1
20.459	1
20.5	1
20.502	2
20.556	2
20.567	2
20.61	2
20.654	2
20.736	2
20.743	2
20.76	2
20.77	2
20.822	2
20.9	2
20.946	2
20.985	2
21.045	2
21.127	2
21.231	2
21.239	2
21.3	2
21.509	2
21.845	2
22.255	2
22.533	2
22.698	2
22.765	2
23.294	2
23.547	2
27.221	2
27.726	2
31.873	2
20.118	1
20.128	1
20.135	1
20.143	1
20.158	1
20.19	1
20.232	1
20.25	1
20.273	1
20.278	1
20.298	1
20.404	1
20.421	1
20.459	2
20.5	2
20.502	3
20.556	3
20.567	3
20.61	3
20.654	3
20.736	3
20.743	3
20.76	3
20.77	3
20.822	3
20.9	3
20.946	3
20.985	3
21.045	3
21.127	3
21.231	3
21.239	3
21.3	3
21.509	3
21.845	3
22.255	3
22.533	3
22.698	3
22.765	3
23.294	3
23.547	3
27.221	3
27.726	3
31.873	3
20.014	1
20.052	1
20.066	2
20.101	2
20.109	2
20.111	2
20.118	2
20.128	2
20.135	2
20.143	2
20.158	2
20.19	2
20.232	2
20.25	2
20.273	2
20.278	2
20.298	2
20.404	2
20.421	2
20.459	2
20.5	2
20.502	2
20.556	2
20.567	2
20.61	2
20.654	2
20.736	2
20.743	2
20.76	2
20.77	2
20.822	2
20.9	2
20.946	2
20.985	2
21.045	2
21.127	2
21.231	2
21.239	2
21.3	2
21.509	2
21.845	2
22.255	2
22.533	2
22.698	2
22.765	2
23.294	2
23.547	2
27.221	2
27.726	2
31.873	2
20.014	1
20.052	1
20.066	1
20.101	1
20.109	2
20.111	2
20.118	2
20.128	2
20.135	2
20.143	2
20.158	2
20.19	2
20.232	2
20.25	2
20.273	2
20.278	3
20.298	3
20.404	3
20.421	3
20.459	3
20.5	3
20.502	4
20.556	4
20.567	4
20.61	4
20.654	4
20.736	4
20.743	4
20.76	4
20.77	4
20.822	4
20.9	4
20.946	4
20.985	4
21.045	4
21.127	4
21.231	4
21.239	4
21.3	4
21.509	4
21.845	4
22.255	4
22.533	4
22.698	4
22.765	3
23.294	3
23.547	3
27.221	3
27.726	3
31.873	3
19.929	1
20.014	1
20.052	1
20.066	1
20.101	1
20.109	1
20.111	1
20.118	1
20.128	1
20.135	1
20.143	1
20.158	1
20.19	1
20.232	1
20.25	1
20.273	1
20.278	1
20.298	1
20.404	1
20.421	1
20.459	1
20.5	1
20.502	1
20.556	1
20.567	1
20.61	1
20.654	1
20.736	1
20.743	1
20.76	1
20.77	1
20.822	1
20.9	1
20.946	1
20.985	2
21.045	2
21.127	2
21.231	2
21.239	2
21.3	2
21.509	2
21.845	2
22.255	2
22.533	2
22.698	2
22.765	2
23.294	2
23.547	2
27.221	2
27.726	2
31.873	2
19.825	1
19.854	1
19.868	1
19.929	1
20.014	1
20.052	1
20.066	1
20.101	1
20.109	1
20.111	1
20.118	1
20.128	1
20.135	1
20.143	1
20.158	1
20.19	1
20.232	1
20.25	1
20.273	1
20.278	1
20.298	1
20.404	1
20.421	1
20.459	1
20.5	1
20.502	2
20.556	2
20.567	3
20.61	3
20.654	3
20.736	3
20.743	3
20.76	3
20.77	3
20.822	3
20.9	3
20.946	3
20.985	3
21.045	3
21.127	3
21.231	3
21.239	3
21.3	3
21.509	3
21.845	3
22.255	3
22.533	3
22.698	3
22.765	3
23.294	3
23.547	3
27.221	3
27.726	3
31.873	3
19.825	1
19.854	1
19.868	1
19.929	1
20.014	1
20.052	1
20.066	1
20.101	1
20.109	2
20.111	2
20.118	2
20.128	2
20.135	2
20.143	2
20.158	2
20.19	2
20.232	2
20.25	2
20.273	2
20.278	2
20.298	2
20.404	2
20.421	2
20.459	2
20.5	2
20.502	2
20.556	2
20.567	2
20.61	2
20.654	2
20.736	2
20.743	2
20.76	2
20.77	2
20.822	2
20.9	2
20.946	2
20.985	2
21.045	2
21.127	2
21.231	2
21.239	2
21.3	2
21.509	2
21.845	2
22.255	2
22.533	2
22.698	2
22.765	2
23.294	2
23.547	2
27.221	2
27.726	2
31.873	2
20.109	1
20.111	1
20.118	2
20.128	2
20.135	2
20.143	2
20.158	2
20.19	2
20.232	2
20.25	2
20.273	2
20.278	2
20.298	2
20.404	2
20.421	2
20.459	3
20.5	3
20.502	3
20.556	3
20.567	3
20.61	3
20.654	3
20.736	3
20.743	3
20.76	3
20.77	3
20.822	3
20.9	3
20.946	3
20.985	3
21.045	3
21.127	3
21.231	3
21.239	3
21.3	3
21.509	3
21.845	3
22.255	3
22.533	3
22.698	3
22.765	3
23.294	3
23.547	3
27.221	3
27.726	3
31.873	3
20.014	1
20.052	1
20.066	1
20.101	1
20.109	1
20.111	2
20.118	2
20.128	2
20.135	2
20.143	2
20.158	2
20.19	2
20.232	2
20.25	2
20.273	2
20.278	3
20.298	3
20.404	3
20.421	3
20.459	3
20.5	3
20.502	3
20.556	3
20.567	3
20.61	3
20.654	3
20.736	3
20.743	3
20.76	3
20.77	3
20.822	3
20.9	3
20.946	3
20.985	3
21.045	3
21.127	3
21.231	3
21.239	3
21.3	3
21.509	3
21.845	3
22.255	3
22.533	3
22.698	3
22.765	3
23.294	3
23.547	3
27.221	3
27.726	3
31.873	3
20.052	1
20.066	2
20.101	2
20.109	2
20.111	2
20.118	2
20.128	2
20.135	2
20.143	2
20.158	2
20.19	2
20.232	2
20.25	2
20.273	2
20.278	2
20.298	2
20.404	2
20.421	2
20.459	2
20.5	2
20.502	2
20.556	2
20.567	2
20.61	2
20.654	2
20.736	2
20.743	2
20.76	2
20.77	2
20.822	2
20.9	2
20.946	2
20.985	2
21.045	2
21.127	2
21.231	2
21.239	2
21.3	2
21.509	2
21.845	2
22.255	2
22.533	2
22.698	2
22.765	2
23.294	2
23.547	2
27.221	2
27.726	2
31.873	2
19.825	1
19.854	1
19.868	2
19.929	3
20.014	3
20.052	3
20.066	3
20.101	3
20.109	3
20.111	3
20.118	3
20.128	3
20.135	3
20.143	3
20.158	3
20.19	3
20.232	3
20.25	3
20.273	3
20.278	3
20.298	3
20.404	3
20.421	3
20.459	3
20.5	3
20.502	3
20.556	3
20.567	3
20.61	3
20.654	3
20.736	3
20.743	3
20.76	3
20.77	3
20.822	3
20.9	3
20.946	3
20.985	3
21.045	3
21.127	3
21.231	3
21.239	3
21.3	3
21.509	3
21.845	3
22.255	3
22.533	3
22.698	3
22.765	3
23.294	3
23.547	3
27.221	3
27.726	3
31.873	3
20.014	1
20.052	1
20.066	1
20.101	1
20.109	1
20.111	1
20.118	2
20.128	2
20.135	2
20.143	2
20.158	2
20.19	2
20.232	2
20.25	2
20.273	2
20.278	2
20.298	2
20.404	2
20.421	2
20.459	2
20.5	2
20.502	2
20.556	2
20.567	2
20.61	2
20.654	2
20.736	2
20.743	2
20.76	2
20.77	2
20.822	2
20.9	2
20.946	2
20.985	3
21.045	3
21.127	3
21.231	3
21.239	3
21.3	3
21.509	3
21.845	3
22.255	3
22.533	3
22.698	3
22.765	3
23.294	3
23.547	3
27.221	3
27.726	3
31.873	3
19.929	1
20.014	1
20.052	1
20.066	1
20.101	1
20.109	1
20.111	1
20.118	1
20.128	1
20.135	1
20.143	1
20.158	1
20.19	1
20.232	1
20.25	1
20.273	1
20.278	1
20.298	2
20.404	2
20.421	2
20.459	2
20.5	2
20.502	2
20.556	2
20.567	2
20.61	2
20.654	2
20.736	2
20.743	2
20.76	2
20.77	2
20.822	2
20.9	2
20.946	2
20.985	2
21.045	2
21.127	2
21.231	2
21.239	2
21.3	2
21.509	2
21.845	2
22.255	2
22.533	2
22.698	2
22.765	2
23.294	2
23.547	2
27.221	2
27.726	2
31.873	2
20.066	1
20.101	1
20.109	1
20.111	1
20.118	1
20.128	1
20.135	1
20.143	1
20.158	1
20.19	1
20.232	1
20.25	1
20.273	1
20.278	2
20.298	2
20.404	2
20.421	2
20.459	2
20.5	2
20.502	3
20.556	3
20.567	3
20.61	3
20.654	3
20.736	3
20.743	3
20.76	3
20.77	3
20.822	3
20.9	3
20.946	3
20.985	3
21.045	3
21.127	3
21.231	3
21.239	3
21.3	3
21.509	3
21.845	3
22.255	3
22.533	3
22.698	3
22.765	3
23.294	3
23.547	3
27.221	3
27.726	3
31.873	3
19.825	1
19.854	1
19.868	1
19.929	1
20.014	1
20.052	1
20.066	1
20.101	1
20.109	1
20.111	1
20.118	1
20.128	1
20.135	1
20.143	1
20.158	1
20.19	1
20.232	1
20.25	1
20.273	1
20.278	2
20.298	2
20.404	2
20.421	2
20.459	2
20.5	2
20.502	2
20.556	2
20.567	2
20.61	2
20.654	2
20.736	2
20.743	2
20.76	2
20.77	2
20.822	2
20.9	2
20.946	2
20.985	2
21.045	2
21.127	2
21.231	2
21.239	2
21.3	2
21.509	2
21.845	2
22.255	2
22.533	2
22.698	2
22.765	2
23.294	2
23.547	2
27.221	2
27.726	2
31.873	2
20.109	1
20.111	2
20.118	3
20.128	3
20.135	3
20.143	3
20.158	3
20.19	3
20.232	3
20.25	3
20.273	3
20.278	3
20.298	3
20.404	3
20.421	3
20.459	3
20.5	3
20.502	3
20.556	3
20.567	3
20.61	3
20.654	3
20.736	3
20.743	3
20.76	3
20.77	3
20.822	3
20.9	3
20.946	3
20.985	3
21.045	3
21.127	3
21.231	3
21.239	3
21.3	3
21.509	3
21.845	3
22.255	3
22.533	3
22.698	3
22.765	3
23.294	3
23.547	3
27.221	3
27.726	3
31.873	3
19.825	1
19.854	1
19.868	2
19.929	2
20.014	2
20.052	2
20.066	3
20.101	3
20.109	3
20.111	3
20.118	3
20.128	3
20.135	3
20.143	3
20.158	3
20.19	3
20.232	3
20.25	3
20.273	3
20.278	3
20.298	3
20.404	3
20.421	3
20.459	3
20.5	3
20.502	3
20.556	3
20.567	3
20.61	3
20.654	3
20.736	3
20.743	3
20.76	3
20.77	3
20.822	3
20.9	3
20.946	3
20.985	3
21.045	3
21.127	3
21.231	3
21.239	3
21.3	3
21.509	3
21.845	3
22.255	3
22.533	3
22.698	3
22.765	3
23.294	3
23.547	3
27.221	3
27.726	3
31.873	3
20.109	1
20.111	1
20.118	1
20.128	1
20.135	1
20.143	1
20.158	1
20.19	1
20.232	1
20.25	1
20.273	1
20.278	2
20.298	2
20.404	2
20.421	2
20.459	3
20.5	3
20.502	3
20.556	3
20.567	3
20.61	3
20.654	3
20.736	3
20.743	3
20.76	3
20.77	3
20.822	3
20.9	3
20.946	3
20.985	3
21.045	3
21.127	3
21.231	3
21.239	3
21.3	3
21.509	3
21.845	3
22.255	3
22.533	3
22.698	3
22.765	3
23.294	3
23.547	3
27.221	3
27.726	3
31.873	3
19.868	1
19.929	1
20.014	1
20.052	2
20.066	2
20.101	2
20.109	2
20.111	2
20.118	2
20.128	2
20.135	2
20.143	2
20.158	2
20.19	2
20.232	2
20.25	2
20.273	2
20.278	2
20.298	2
20.404	2
20.421	2
20.459	2
20.5	2
20.502	2
20.556	2
20.567	2
20.61	2
20.654	2
20.736	2
20.743	2
20.76	2
20.77	2
20.822	2
20.9	2
20.946	2
20.985	2
21.045	2
21.127	2
21.231	2
21.239	2
21.3	2
21.509	2
21.845	2
22.255	2
22.533	2
22.698	2
22.765	2
23.294	2
23.547	2
27.221	2
27.726	2
31.873	2
20.014	1
20.052	1
20.066	2
20.101	2
20.109	2
20.111	2
20.118	2
20.128	2
20.135	2
20.143	2
20.158	2
20.19	2
20.232	2
20.25	2
20.273	2
20.278	2
20.298	2
20.404	2
20.421	2
20.459	2
20.5	2
20.502	3
20.556	3
20.567	3
20.61	3
20.654	3
20.736	3
20.743	3
20.76	3
20.77	3
20.822	3
20.9	3
20.946	3
20.985	3
21.045	3
21.127	3
21.231	3
21.239	3
21.3	3
21.509	3
21.845	3
22.255	3
22.533	3
22.698	3
22.765	3
23.294	3
23.547	3
27.221	3
27.726	3
31.873	3
20.118	1
20.128	1
20.135	1
20.143	1
20.158	1
20.19	1
20.232	1
20.25	1
20.273	1
20.278	2
20.298	2
20.404	2
20.421	2
20.459	2
20.5	2
20.502	2
20.556	2
20.567	2
20.61	2
20.654	2
20.736	2
20.743	2
20.76	2
20.77	2
20.822	2
20.9	2
20.946	2
20.985	3
21.045	3
21.127	3
21.231	3
21.239	3
21.3	3
21.509	3
21.845	3
22.255	3
22.533	3
22.698	3
22.765	3
23.294	3
23.547	3
27.221	3
27.726	3
31.873	3
20.052	1
20.066	2
20.101	2
20.109	2
20.111	2
20.118	2
20.128	2
20.135	2
20.143	2
20.158	2
20.19	2
20.232	2
20.25	2
20.273	2
20.278	2
20.298	2
20.404	2
20.421	2
20.459	2
20.5	2
20.502	2
20.556	3
20.567	3
20.61	3
20.654	3
20.736	3
20.743	3
20.76	3
20.77	3
20.822	4
20.9	4
20.946	4
20.985	4
21.045	4
21.127	4
21.231	4
21.239	4
21.3	4
21.509	4
21.845	4
22.255	4
22.533	4
22.698	4
22.765	4
23.294	4
23.547	4
27.221	3
27.726	3
31.873	3
19.825	1
19.854	1
19.868	1
19.929	1
20.014	1
20.052	1
20.066	1
20.101	1
20.109	1
20.111	1
20.118	1
20.128	1
20.135	1
20.143	1
20.158	1
20.19	1
20.232	1
20.25	1
20.273	1
20.278	1
20.298	1
20.404	1
20.421	1
20.459	1
20.5	1
20.502	1
20.556	1
20.567	1
20.61	1
20.654	1
20.736	1
20.743	1
20.76	1
20.77	1
20.822	1
20.9	1
20.946	1
20.985	2
21.045	2
21.127	2
21.231	2
21.239	2
21.3	2
21.509	2
21.845	2
22.255	2
22.533	2
22.698	2
22.765	2
23.294	2
23.547	2
27.221	2
27.726	2
31.873	2
20.111	1
20.118	2
20.128	2
20.135	2
20.143	2
20.158	2
20.19	2
20.232	2
20.25	2
20.273	2
20.278	3
20.298	3
20.404	3
20.421	3
20.459	3
20.5	3
20.502	3
20.556	3
20.567	3
20.61	3
20.654	3
20.736	3
20.743	3
20.76	3
20.77	3
20.822	3
20.9	3
20.946	3
20.985	3
21.045	3
21.127	3
21.231	3
21.239	3
21.3	3
21.509	3
21.845	3
22.255	3
22.533	3
22.698	3
22.765	3
23.294	3
23.547	3
27.221	3
27.726	3
31.873	3
19.868	1
19.929	1
20.014	1
20.052	1
20.066	1
20.101	1
20.109	1
20.111	2
20.118	2
20.128	2
20.135	2
20.143	2
20.158	2
20.19	2
20.232	2
20.25	2
20.273	2
20.278	2
20.298	2
20.404	2
20.421	2
20.459	2
20.5	2
20.502	3
20.556	3
20.567	3
20.61	3
20.654	3
20.736	3
20.743	3
20.76	3
20.77	3
20.822	3
20.9	3
20.946	3
20.985	3
21.045	3
21.127	3
21.231	3
21.239	3
21.3	3
21.509	3
21.845	3
22.255	3
22.533	3
22.698	3
22.765	3
23.294	3
23.547	3
27.221	3
27.726	3
31.873	3
19.868	1
19.929	1
20.014	1
20.052	1
20.066	1
20.101	1
20.109	2
20.111	2
20.118	2
20.128	2
20.135	2
20.143	2
20.158	2
20.19	2
20.232	2
20.25	2
20.273	2
20.278	2
20.298	2
20.404	2
20.421	2
20.459	2
20.5	2
20.502	2
20.556	2
20.567	2
20.61	2
20.654	2
20.736	2
20.743	2
20.76	2
20.77	2
20.822	2
20.9	2
20.946	2
20.985	3
21.045	3
21.127	3
21.231	3
21.239	3
21.3	3
21.509	3
21.845	3
22.255	3
22.533	3
22.698	3
22.765	3
23.294	3
23.547	3
27.221	3
27.726	3
31.873	3
19.825	1
19.854	1
19.868	2
19.929	2
20.014	2
20.052	2
20.066	2
20.101	2
20.109	2
20.111	2
20.118	2
20.128	2
20.135	2
20.143	2
20.158	2
20.19	2
20.232	2
20.25	2
20.273	3
20.278	3
20.298	3
20.404	3
20.421	3
20.459	3
20.5	3
20.502	3
20.556	3
20.567	3
20.61	4
20.654	4
20.736	4
20.743	4
20.76	4
20.77	4
20.822	4
20.9	4
20.946	4
20.985	4
21.045	4
21.127	4
21.231	4
21.239	4
21.3	4
21.509	4
21.845	4
22.255	4
22.533	4
22.698	4
22.765	4
23.294	4
23.547	3
27.221	3
27.726	3
31.873	3
19.502	1
19.502	1
19.515	1
19.518	1
19.527	1
19.536	1
19.537	1
19.556	1
19.558	1
19.561	1
19.562	1
19.571	1
19.572	1
19.589	1
19.592	1
19.594	1
19.632	1
19.71	1
19.712	1
19.752	1
19.91	1
19.937	1
19.943	1
19.945	1
19.982	1
20.022	1
20.074	1
20.098	1
20.099	1
20.12	1
20.127	1
20.165	1
20.213	1
20.245	2
20.245	2
20.401	2
20.455	2
20.515	2
20.546	2
20.636	2
20.638	2
20.652	2
20.677	2
20.81	2
20.935	2
21.051	2
21.221	3
21.239	3
21.308	3
21.364	3
21.395	3
21.516	3
21.684	3
21.698	3
22.016	3
22.487	3
22.683	3
23.07	3
23.204	3
23.523	3
23.654	3
23.666	3
23.688	3
24.178	3
24.593	3
25.065	3
25.613	3
25.744	3
25.779	3
25.86	3
25.97	2
25.972	2
26.084	3
26.332	3
26.489	3
26.505	3
26.858	3
27.047	3
27.449	3
27.58	3
27.611	3
27.649	3
27.736	3
28.012	3
28.63	3
28.717	3
28.969	3
29.116	3
29.142	3
29.606	3
29.641	3
29.732	3
29.815	3
31.817	3
32.527	3
32.893	3
33.68	3
35.769	3
36.929	3
39.563	3
48.645	3
19.556	1
19.558	1
19.561	1
19.562	1
19.571	1
19.572	1
19.589	1
19.592	1
19.594	1
19.632	1
19.71	1
19.712	1
19.752	1
19.91	1
19.937	1
19.943	1
19.945	1
19.982	1
20.022	1
20.074	1
20.098	1
20.099	1
20.12	1
20.127	1
20.165	1
20.213	1
20.245	2
20.245	2
20.401	2
20.455	2
20.515	2
20.546	2
20.636	2
20.638	2
20.652	2
20.677	2
20.81	3
20.935	3
21.051	3
21.221	3
21.239	3
21.308	3
21.364	3
21.395	3
21.516	3
21.684	3
21.698	3
22.016	3
22.487	3
22.683	3
23.07	3
23.204	3
23.523	3
23.654	3
23.666	3
23.688	3
24.178	3
24.593	3
25.065	3
25.613	3
25.744	3
25.779	3
25.86	3
25.97	3
25.972	3
26.084	4
26.332	4
26.489	4
26.505	4
26.858	4
27.047	4
27.449	4
27.58	4
27.611	3
27.649	3
27.736	3
28.012	3
28.63	3
28.717	3
28.969	3
29.116	3
29.142	3
29.606	3
29.641	3
29.732	3
29.815	3
31.817	3
32.527	3
32.893	3
33.68	3
35.769	3
36.929	3
39.563	3
48.645	3
19.449	1
19.449	1
19.451	1
19.458	1
19.462	1
19.466	1
19.476	1
19.481	1
19.486	1
19.492	1
19.502	1
19.502	1
19.515	1
19.518	1
19.527	1
19.536	1
19.537	1
19.556	1
19.558	1
19.561	1
19.562	1
19.571	1
19.572	1
19.589	1
19.592	1
19.594	1
19.632	1
19.71	1
19.712	1
19.752	2
19.91	2
19.937	2
19.943	2
19.945	2
19.982	2
20.022	2
20.074	2
20.098	2
20.099	2
20.12	2
20.127	2
20.165	2
20.213	2
20.245	3
20.245	3
20.401	3
20.455	3
20.515	3
20.546	3
20.636	3
20.638	3
20.652	3
20.677	3
20.81	3
20.935	3
21.051	3
21.221	3
21.239	3
21.308	3
21.364	3
21.395	3
21.516	3
21.684	3
21.698	3
22.016	2
22.487	2
22.683	2
23.07	2
23.204	2
23.523	2
23.654	2
23.666	2
23.688	2
24.178	2
24.593	2
25.065	2
25.613	2
25.744	2
25.779	2
25.86	2
25.97	2
25.972	2
26.084	3
26.332	3
26.489	3
26.505	3
26.858	3
27.047	3
27.449	3
27.58	3
27.611	3
27.649	3
27.736	3
28.012	3
28.63	3
28.717	3
28.969	3
29.116	3
29.142	3
29.606	3
29.641	3
29.732	3
29.815	3
31.817	3
32.527	3
32.893	3
33.68	3
35.769	3
36.929	3
39.563	3
48.645	3
19.449	1
19.451	1
19.458	1
19.462	1
19.466	1
19.476	1
19.481	1
19.486	1
19.492	1
19.502	1
19.502	1
19.515	1
19.518	1
19.527	1
19.536	1
19.537	1
19.556	1
19.558	1
19.561	1
19.562	1
19.571	1
19.572	1
19.589	1
19.592	1
19.594	1
19.632	1
19.71	1
19.712	1
19.752	1
19.91	1
19.937	1
19.943	1
19.945	1
19.982	1
20.022	1
20.074	1
20.098	1
20.099	1
20.12	1
20.127	1
20.165	1
20.213	2
20.245	3
20.245	3
20.401	3
20.455	3
20.515	3
20.546	3
20.636	3
20.638	3
20.652	3
20.677	3
20.81	3
20.935	3
21.051	3
21.221	3
21.239	3
21.308	3
21.364	3
21.395	3
21.516	3
21.684	3
21.698	3
22.016	3
22.487	3
22.683	3
23.07	3
23.204	3
23.523	3
23.654	3
23.666	3
23.688	3
24.178	3
24.593	3
25.065	3
25.613	3
25.744	3
25.779	3
25.86	3
25.97	3
25.972	3
26.084	4
26.332	4
26.489	4
26.505	4
26.858	4
27.047	4
27.449	4
27.58	4
27.611	4
27.649	4
27.736	4
28.012	4
28.63	4
28.717	4
28.969	4
29.116	4
29.142	4
29.606	4
29.641	4
29.732	4
29.815	4
31.817	4
32.527	4
32.893	4
33.68	4
35.769	4
36.929	3
39.563	3
48.645	3
19.592	1
19.594	1
19.632	1
19.71	2
19.712	2
19.752	2
19.91	2
19.937	2
19.943	2
19.945	2
19.982	3
20.022	3
20.074	3
20.098	3
20.099	3
20.12	3
20.127	3
20.165	3
20.213	3
20.245	3
20.245	3
20.401	3
20.455	3
20.515	3
20.546	3
20.636	3
20.638	3
20.652	3
20.677	3
20.81	3
20.935	3
21.051	3
21.221	3
21.239	3
21.308	3
21.364	3
21.395	3
21.516	3
21.684	3
21.698	3
22.016	3
22.487	3
22.683	3
23.07	3
23.204	3
23.523	3
23.654	3
23.666	3
23.688	3
24.178	3
24.593	3
25.065	3
25.613	3
25.744	3
25.779	3
25.86	3
25.97	3
25.972	3
26.084	3
26.332	3
26.489	3
26.505	3
26.858	3
27.047	3
27.449	3
27.58	3
27.611	3
27.649	3
27.736	3
28.012	3
28.63	3
28.717	3
28.969	3
29.116	3
29.142	3
29.606	3
29.641	3
29.732	3
29.815	3
31.817	3
32.527	3
32.893	3
33.68	3
35.769	3
36.929	3
39.563	3
48.645	3
19.632	1
19.71	1
19.712	1
19.752	1
19.91	2
19.937	2
19.943	2
19.945	2
19.982	2
20.022	2
20.074	2
20.098	2
20.099	2
20.12	2
20.127	2
20.165	2
20.213	2
20.245	3
20.245	3
20.401	3
20.455	3
20.515	3
20.546	3
20.636	3
20.638	3
20.652	3
20.677	3
20.81	3
20.935	3
21.051	3
21.221	3
21.239	3
21.308	3
21.364	3
21.395	3
21.516	3
21.684	3
21.698	3
22.016	3
22.487	3
22.683	3
23.07	3
23.204	3
23.523	3
23.654	3
23.666	3
23.688	3
24.178	3
24.593	3
25.065	3
25.613	3
25.744	3
25.779	3
25.86	3
25.97	3
25.972	3
26.084	3
26.332	3
26.489	3
26.505	3
26.858	3
27.047	3
27.449	3
27.58	3
27.611	3
27.649	3
27.736	3
28.012	3
28.63	3
28.717	3
28.969	3
29.116	3
29.142	3
29.606	3
29.641	3
29.732	3
29.815	3
31.817	3
32.527	3
32.893	3
33.68	3
35.769	3
36.929	3
39.563	3
48.645	3
19.632	1
19.71	1
19.712	2
19.752	2
19.91	2
19.937	2
19.943	2
19.945	2
19.982	2
20.022	2
20.074	2
20.098	2
20.099	2
20.12	2
20.127	2
20.165	2
20.213	2
20.245	2
20.245	2
20.401	2
20.455	2
20.515	2
20.546	2
20.636	2
20.638	2
20.652	2
20.677	2
20.81	3
20.935	3
21.051	3
21.221	3
21.239	3
21.308	3
21.364	3
21.395	3
21.516	3
21.684	3
21.698	3
22.016	3
22.487	3
22.683	3
23.07	3
23.204	3
23.523	3
23.654	3
23.666	3
23.688	3
24.178	3
24.593	3
25.065	3
25.613	3
25.744	3
25.779	3
25.86	3
25.97	3
25.972	3
26.084	3
26.332	3
26.489	3
26.505	3
26.858	3
27.047	3
27.449	3
27.58	3
27.611	3
27.649	3
27.736	3
28.012	3
28.63	3
28.717	3
28.969	3
29.116	3
29.142	3
29.606	3
29.641	3
29.732	3
29.815	3
31.817	3
32.527	3
32.893	3
33.68	3
35.769	3
36.929	3
39.563	3
48.645	3
19.91	1
19.937	1
19.943	1
19.945	1
19.982	1
20.022	1
20.074	1
20.098	1
20.099	1
20.12	1
20.127	2
20.165	2
20.213	2
20.245	2
20.245	2
20.401	2
20.455	2
20.515	2
20.546	2
20.636	2
20.638	2
20.652	2
20.677	2
20.81	2
20.935	2
21.051	2
21.221	2
21.239	2
21.308	2
21.364	2
21.395	2
21.516	2
21.684	2
21.698	2
22.016	2
22.487	2
22.683	2
23.07	2
23.204	2
23.523	2
23.654	2
23.666	2
23.688	2
24.178	2
24.593	2
25.065	2
25.613	2
25.744	2
25.779	2
25.86	2
25.97	2
25.972	2
26.084	3
26.332	3
26.489	3
26.505	3
26.858	3
27.047	3
27.449	3
27.58	3
27.611	3
27.649	3
27.736	3
28.012	3
28.63	3
28.717	3
28.969	3
29.116	3
29.142	3
29.606	3
29.641	3
29.732	3
29.815	3
31.817	3
32.527	3
32.893	3
33.68	3
35.769	3
36.929	3
39.563	3
48.645	3
19.71	1
19.712	2
19.752	2
19.91	2
19.937	2
19.943	2
19.945	2
19.982	2
20.022	2
20.074	2
20.098	2
20.099	2
20.12	2
20.127	2
20.165	2
20.213	2
20.245	3
20.245	3
20.401	3
20.455	3
20.515	3
20.546	3
20.636	3
20.638	3
20.652	3
20.677	3
20.81	3
20.935	3
21.051	3
21.221	3
21.239	3
21.308	3
21.364	3
21.395	3
21.516	3
21.684	3
21.698	3
22.016	3
22.487	3
22.683	3
23.07	3
23.204	3
23.523	3
23.654	3
23.666	3
23.688	3
24.178	3
24.593	3
25.065	3
25.613	3
25.744	3
25.779	3
25.86	3
25.97	3
25.972	3
26.084	3
26.332	3
26.489	3
26.505	3
26.858	3
27.047	3
27.449	3
27.58	3
27.611	3
27.649	3
27.736	3
28.012	3
28.63	3
28.717	3
28.969	3
29.116	3
29.142	3
29.606	3
29.641	3
29.732	3
29.815	3
31.817	3
32.527	3
32.893	3
33.68	3
35.769	3
36.929	3
39.563	3
48.645	3
19.943	1
19.945	1
19.982	2
20.022	2
20.074	2
20.098	2
20.099	2
20.12	2
20.127	2
20.165	2
20.213	2
20.245	2
20.245	2
20.401	2
20.455	2
20.515	2
20.546	3
20.636	3
20.638	3
20.652	3
20.677	3
20.81	3
20.935	3
21.051	3
21.221	3
21.239	3
21.308	3
21.364	3
21.395	3
21.516	3
21.684	3
21.698	3
22.016	3
22.487	3
22.683	3
23.07	3
23.204	3
23.523	3
23.654	3
23.666	3
23.688	3
24.178	3
24.593	3
25.065	3
25.613	3
25.744	3
25.779	3
25.86	3
25.97	3
25.972	3
26.084	3
26.332	3
26.489	3
26.505	3
26.858	3
27.047	3
27.449	3
27.58	3
27.611	3
27.649	3
27.736	3
28.012	3
28.63	3
28.717	3
28.969	3
29.116	3
29.142	3
29.606	3
29.641	3
29.732	3
29.815	3
31.817	3
32.527	3
32.893	3
33.68	3
35.769	3
36.929	3
39.563	3
48.645	3
19.712	1
19.752	1
19.91	1
19.937	2
19.943	2
19.945	2
19.982	2
20.022	2
20.074	2
20.098	2
20.099	2
20.12	2
20.127	2
20.165	2
20.213	2
20.245	3
20.245	3
20.401	3
20.455	3
20.515	3
20.546	3
20.636	3
20.638	3
20.652	3
20.677	3
20.81	3
20.935	3
21.051	3
21.221	3
21.239	3
21.308	3
21.364	3
21.395	3
21.516	3
21.684	3
21.698	3
22.016	3
22.487	3
22.683	3
23.07	3
23.204	3
23.523	3
23.654	3
23.666	3
23.688	3
24.178	3
24.593	3
25.065	3
25.613	3
25.744	3
25.779	3
25.86	3
25.97	3
25.972	3
26.084	3
26.332	3
26.489	3
26.505	3
26.858	3
27.047	3
27.449	3
27.58	3
27.611	3
27.649	3
27.736	3
28.012	3
28.63	3
28.717	3
28.969	3
29.116	3
29.142	3
29.606	3
29.641	3
29.732	3
29.815	3
31.817	3
32.527	3
32.893	3
33.68	3
35.769	3
36.929	3
39.563	3
48.645	3
19.592	1
19.594	1
19.632	2
19.71	2
19.712	3
19.752	3
19.91	3
19.937	3
19.943	3
19.945	3
19.982	3
20.022	3
20.074	3
20.098	3
20.099	3
20.12	3
20.127	3
20.165	3
20.213	3
20.245	3
20.245	3
20.401	3
20.455	3
20.515	3
20.546	3
20.636	3
20.638	3
20.652	3
20.677	3
20.81	3
20.935	3
21.051	3
21.221	3
21.239	3
21.308	3
21.364	3
21.395	3
21.516	3
21.684	3
21.698	3
22.016	3
22.487	3
22.683	3
23.07	3
23.204	3
23.523	3
23.654	3
23.666	3
23.688	3
24.178	3
24.593	3
25.065	3
25.613	3
25.744	3
25.779	3
25.86	3
25.97	3
25.972	3
26.084	3
26.332	3
26.489	3
26.505	3
26.858	3
27.047	3
27.449	3
27.58	3
27.611	3
27.649	3
27.736	3
28.012	3
28.63	3
28.717	3
28.969	3
29.116	3
29.142	3
29.606	3
29.641	3
29.732	3
29.815	3
31.817	3
32.527	3
32.893	3
33.68	3
35.769	3
36.929	3
39.563	3
48.645	3
19.589	1
19.592	1
19.594	1
19.632	1
19.71	1
19.712	1
19.752	1
19.91	1
19.937	1
19.943	1
19.945	1
19.982	1
20.022	2
20.074	2
20.098	2
20.099	2
20.12	2
20.127	2
20.165	2
20.213	2
20.245	3
20.245	3
20.401	3
20.455	3
20.515	3
20.546	3
20.636	3
20.638	3
20.652	3
20.677	3
20.81	3
20.935	3
21.051	3
21.221	3
21.239	3
21.308	3
21.364	3
21.395	3
21.516	2
21.684	2
21.698	2
22.016	2
22.487	2
22.683	2
23.07	2
23.204	2
23.523	2
23.654	2
23.666	2
23.688	2
24.178	2
24.593	2
25.065	2
25.613	2
25.744	2
25.779	2
25.86	2
25.97	2
25.972	2
26.084	3
26.332	3
26.489	3
26.505	3
26.858	3
27.047	3
27.449	3
27.58	3
27.611	3
27.649	3
27.736	3
28.012	3
28.63	3
28.717	3
28.969	3
29.116	3
29.142	3
29.606	3
29.641	3
29.732	3
29.815	3
31.817	3
32.527	3
32.893	3
33.68	3
35.769	3
36.929	3
39.563	3
48.645	3
19.71	1
19.712	1
19.752	2
19.91	2
19.937	2
19.943	2
19.945	2
19.982	2
20.022	2
20.074	2
20.098	2
20.099	2
20.12	2
20.127	2
20.165	2
20.213	2
20.245	2
20.245	2
20.401	2
20.455	2
20.515	2
20.546	2
20.636	2
20.638	2
20.652	2
20.677	2
20.81	2
20.935	2
21.051	2
21.221	2
21.239	2
21.308	2
21.364	2
21.395	2
21.516	2
21.684	2
21.698	2
22.016	2
22.487	2
22.683	2
23.07	2
23.204	2
23.523	2
23.654	2
23.666	2
23.688	2
24.178	2
24.593	2
25.065	2
25.613	2
25.744	2
25.779	2
25.86	2
25.97	2
25.972	2
26.084	3
26.332	3
26.489	3
26.505	3
26.858	3
27.047	3
27.449	3
27.58	3
27.611	3
27.649	3
27.736	3
28.012	3
28.63	3
28.717	3
28.969	3
29.116	3
29.142	3
29.606	3
29.641	3
29.732	3
29.815	3
31.817	3
32.527	3
32.893	3
33.68	3
35.769	3
36.929	3
39.563	3
48.645	3
19.527	1
19.536	1
19.537	1
19.556	1
19.558	1
19.561	1
19.562	1
19.571	1
19.572	1
19.589	1
19.592	1
19.594	1
19.632	1
19.71	2
19.712	2
19.752	3
19.91	3
19.937	3
19.943	3
19.945	3
19.982	3
20.022	3
20.074	3
20.098	4
20.099	4
20.12	4
20.127	4
20.165	4
20.213	4
20.245	5
20.245	5
20.401	5
20.455	5
20.515	5
20.546	5
20.636	5
20.638	5
20.652	5
20.677	5
20.81	5
20.935	5
21.051	5
21.221	5
21.239	5
21.308	5
21.364	5
21.395	5
21.516	5
21.684	5
21.698	5
22.016	5
22.487	5
22.683	5
23.07	5
23.204	5
23.523	5
23.654	5
23.666	5
23.688	5
24.178	5
24.593	4
25.065	4
25.613	4
25.744	4
25.779	4
25.86	3
25.97	3
25.972	3
26.084	3
26.332	2
26.489	2
26.505	2
26.858	2
27.047	2
27.449	3
27.58	4
27.611	4
27.649	4
27.736	4
28.012	4
28.63	4
28.717	4
28.969	4
29.116	4
29.142	4
29.606	3
29.641	3
29.732	3
29.815	3
31.817	3
32.527	3
32.893	3
33.68	3
35.769	3
36.929	3
39.563	3
48.645	3
19.632	1
19.71	1
19.712	1
19.752	1
19.91	1
19.937	1
19.943	1
19.945	1
19.982	1
20.022	1
20.074	1
20.098	1
20.099	1
20.12	1
20.127	2
20.165	2
20.213	2
20.245	2
20.245	2
20.401	2
20.455	2
20.515	2
20.546	2
20.636	2
20.638	2
20.652	2
20.677	2
20.81	3
20.935	3
21.051	3
21.221	3
21.239	3
21.308	3
21.364	3
21.395	3
21.516	3
21.684	3
21.698	3
22.016	3
22.487	3
22.683	3
23.07	3
23.204	3
23.523	3
23.654	3
23.666	3
23.688	3
24.178	3
24.593	3
25.065	3
25.613	3
25.744	3
25.779	3
25.86	3
25.97	3
25.972	3
26.084	3
26.332	3
26.489	3
26.505	3
26.858	3
27.047	3
27.449	3
27.58	3
27.611	3
27.649	3
27.736	3
28.012	3
28.63	3
28.717	3
28.969	3
29.116	3
29.142	3
29.606	3
29.641	3
29.732	3
29.815	3
31.817	3
32.527	3
32.893	3
33.68	3
35.769	3
36.929	3
39.563	3
48.645	3
19.518	1
19.527	1
19.536	1
19.537	1
19.556	1
19.558	1
19.561	1
19.562	1
19.571	1
19.572	1
19.589	1
19.592	1
19.594	1
19.632	1
19.71	2
19.712	2
19.752	2
19.91	2
19.937	2
19.943	2
19.945	2
19.982	2
20.022	2
20.074	2
20.098	2
20.099	2
20.12	2
20.127	2
20.165	2
20.213	2
20.245	3
20.245	3
20.401	3
20.455	3
20.515	3
20.546	3
20.636	3
20.638	3
20.652	3
20.677	3
20.81	3
20.935	3
21.051	3
21.221	3
21.239	3
21.308	3
21.364	3
21.395	3
21.516	3
21.684	3
21.698	3
22.016	3
22.487	3
22.683	4
23.07	4
23.204	4
23.523	4
23.654	4
23.666	4
23.688	4
24.178	4
24.593	4
25.065	4
25.613	4
25.744	4
25.779	4
25.86	4
25.97	4
25.972	4
26.084	4
26.332	4
26.489	4
26.505	4
26.858	4
27.047	4
27.449	4
27.58	4
27.611	4
27.649	4
27.736	4
28.012	4
28.63	4
28.717	4
28.969	4
29.116	4
29.142	4
29.606	4
29.641	3
29.732	3
29.815	3
31.817	3
32.527	3
32.893	3
33.68	3
35.769	3
36.929	3
39.563	3
48.645	3
19.592	1
19.594	1
19.632	1
19.71	1
19.712	1
19.752	1
19.91	2
19.937	2
19.943	2
19.945	2
19.982	2
20.022	2
20.074	2
20.098	2
20.099	2
20.12	2
20.127	3
20.165	3
20.213	3
20.245	3
20.245	3
20.401	3
20.455	3
20.515	3
20.546	3
20.636	3
20.638	3
20.652	3
20.677	3
20.81	3
20.935	3
21.051	3
21.221	3
21.239	3
21.308	3
21.364	3
21.395	3
21.516	3
21.684	3
21.698	3
22.016	3
22.487	3
22.683	3
23.07	3
23.204	3
23.523	3
23.654	3
23.666	3
23.688	3
24.178	3
24.593	3
25.065	3
25.613	3
25.744	3
25.779	3
25.86	3
25.97	3
25.972	3
26.084	3
26.332	3
26.489	3
26.505	3
26.858	3
27.047	3
27.449	3
27.58	3
27.611	3
27.649	3
27.736	3
28.012	3
28.63	3
28.717	3
28.969	3
29.116	3
29.142	3
29.606	3
29.641	3
29.732	3
29.815	3
31.817	3
32.527	3
32.893	3
33.68	3
35.769	3
36.929	3
39.563	3
48.645	3
19.592	1
19.594	1
19.632	1
19.71	1
19.712	2
19.752	2
19.91	2
19.937	2
19.943	2
19.945	2
19.982	2
20.022	2
20.074	2
20.098	2
20.099	2
20.12	2
20.127	3
20.165	3
20.213	3
20.245	3
20.245	3
20.401	3
20.455	3
20.515	3
20.546	3
20.636	3
20.638	3
20.652	3
20.677	3
20.81	3
20.935	3
21.051	3
21.221	3
21.239	3
21.308	3
21.364	3
21.395	3
21.516	3
21.684	3
21.698	3
22.016	3
22.487	3
22.683	3
23.07	3
23.204	3
23.523	3
23.654	3
23.666	3
23.688	3
24.178	3
24.593	3
25.065	3
25.613	3
25.744	3
25.779	3
25.86	3
25.97	3
25.972	3
26.084	3
26.332	3
26.489	3
26.505	3
26.858	3
27.047	3
27.449	3
27.58	3
27.611	3
27.649	3
27.736	3
28.012	3
28.63	3
28.717	3
28.969	3
29.116	3
29.142	3
29.606	3
29.641	3
29.732	3
29.815	3
31.817	3
32.527	3
32.893	3
33.68	3
35.769	3
36.929	3
39.563	3
48.645	3
19.71	1
19.712	1
19.752	2
19.91	2
19.937	2
19.943	2
19.945	2
19.982	2
20.022	2
20.074	2
20.098	2
20.099	2
20.12	2
20.127	2
20.165	2
20.213	2
20.245	2
20.245	2
20.401	2
20.455	2
20.515	2
20.546	3
20.636	3
20.638	3
20.652	3
20.677	3
20.81	3
20.935	3
21.051	3
21.221	3
21.239	3
21.308	3
21.364	3
21.395	3
21.516	3
21.684	3
21.698	3
22.016	3
22.487	3
22.683	3
23.07	3
23.204	3
23.523	3
23.654	3
23.666	3
23.688	3
24.178	3
24.593	3
25.065	3
25.613	3
25.744	3
25.779	3
25.86	3
25.97	3
25.972	3
26.084	3
26.332	3
26.489	3
26.505	3
26.858	3
27.047	3
27.449	3
27.58	3
27.611	3
27.649	3
27.736	3
28.012	3
28.63	3
28.717	3
28.969	3
29.116	3
29.142	3
29.606	3
29.641	3
29.732	3
29.815	3
31.817	3
32.527	3
32.893	3
33.68	3
35.769	3
36.929	3
39.563	3
48.645	3
19.712	1
19.752	2
19.91	2
19.937	2
19.943	2
19.945	2
19.982	2
20.022	2
20.074	2
20.098	2
20.099	2
20.12	2
20.127	2
20.165	2
20.213	2
20.245	2
20.245	2
20.401	2
20.455	2
20.515	2
20.546	2
20.636	2
20.638	2
20.652	2
20.677	2
20.81	2
20.935	2
21.051	2
21.221	2
21.239	2
21.308	2
21.364	2
21.395	2
21.516	2
21.684	2
21.698	2
22.016	2
22.487	2
22.683	2
23.07	2
23.204	2
23.523	2
23.654	2
23.666	2
23.688	2
24.178	2
24.593	2
25.065	2
25.613	2
25.744	2
25.779	2
25.86	2
25.97	2
25.972	2
26.084	3
26.332	3
26.489	3
26.505	3
26.858	3
27.047	3
27.449	3
27.58	3
27.611	3
27.649	3
27.736	3
28.012	3
28.63	3
28.717	3
28.969	3
29.116	3
29.142	3
29.606	3
29.641	3
29.732	3
29.815	3
31.817	3
32.527	3
32.893	3
33.68	3
35.769	3
36.929	3
39.563	3
48.645	3
19.712	1
19.752	1
19.91	2
19.937	2
19.943	2
19.945	2
19.982	2
20.022	2
20.074	2
20.098	2
20.099	2
20.12	2
20.127	3
20.165	3
20.213	3
20.245	3
20.245	3
20.401	3
20.455	3
20.515	3
20.546	3
20.636	3
20.638	3
20.652	3
20.677	3
20.81	3
20.935	3
21.051	3
21.221	3
21.239	3
21.308	3
21.364	3
21.395	3
21.516	3
21.684	3
21.698	3
22.016	3
22.487	3
22.683	3
23.07	3
23.204	3
23.523	3
23.654	3
23.666	3
23.688	3
24.178	3
24.593	3
25.065	3
25.613	3
25.744	3
25.779	3
25.86	3
25.97	3
25.972	3
26.084	3
26.332	3
26.489	3
26.505	3
26.858	3
27.047	3
27.449	3
27.58	3
27.611	3
27.649	3
27.736	3
28.012	3
28.63	3
28.717	3
28.969	3
29.116	3
29.142	3
29.606	3
29.641	3
29.732	3
29.815	3
31.817	3
32.527	3
32.893	3
33.68	3
35.769	3
36.929	3
39.563	3
48.645	3
19.71	1
19.712	1
19.752	1
19.91	1
19.937	1
19.943	1
19.945	1
19.982	2
20.022	2
20.074	2
20.098	2
20.099	2
20.12	2
20.127	2
20.165	2
20.213	2
20.245	2
20.245	2
20.401	2
20.455	2
20.515	2
20.546	2
20.636	2
20.638	2
20.652	2
20.677	2
20.81	3
20.935	3
21.051	3
21.221	3
21.239	3
21.308	3
21.364	3
21.395	3
21.516	3
21.684	3
21.698	3
22.016	3
22.487	3
22.683	3
23.07	3
23.204	3
23.523	3
23.654	3
23.666	3
23.688	3
24.178	3
24.593	3
25.065	3
25.613	3
25.744	3
25.779	3
25.86	3
25.97	3
25.972	3
26.084	3
26.332	3
26.489	3
26.505	3
26.858	3
27.047	3
27.449	3
27.58	3
27.611	3
27.649	3
27.736	3
28.012	3
28.63	3
28.717	3
28.969	3
29.116	3
29.142	3
29.606	3
29.641	3
29.732	3
29.815	3
31.817	3
32.527	3
32.893	3
33.68	3
35.769	3
36.929	3
39.563	3
48.645	3
19.592	1
19.594	1
19.632	1
19.71	1
19.712	1
19.752	1
19.91	1
19.937	1
19.943	1
19.945	1
19.982	1
20.022	1
20.074	1
20.098	1
20.099	1
20.12	1
20.127	1
20.165	1
20.213	1
20.245	1
20.245	1
20.401	1
20.455	1
20.515	1
20.546	2
20.636	2
20.638	2
20.652	2
20.677	2
20.81	3
20.935	3
21.051	3
21.221	3
21.239	3
21.308	3
21.364	3
21.395	3
21.516	3
21.684	3
21.698	3
22.016	3
22.487	3
22.683	3
23.07	3
23.204	3
23.523	3
23.654	3
23.666	3
23.688	3
24.178	3
24.593	3
25.065	3
25.613	3
25.744	3
25.779	3
25.86	3
25.97	3
25.972	3
26.084	3
26.332	3
26.489	3
26.505	3
26.858	3
27.047	3
27.449	3
27.58	3
27.611	3
27.649	3
27.736	3
28.012	3
28.63	3
28.717	3
28.969	3
29.116	3
29.142	3
29.606	3
29.641	3
29.732	3
29.815	3
31.817	3
32.527	3
32.893	3
33.68	3
35.769	3
36.929	3
39.563	3
48.645	3
19.71	1
19.712	2
19.752	2
19.91	2
19.937	2
19.943	3
19.945	3
19.982	3
20.022	3
20.074	3
20.098	3
20.099	3
20.12	3
20.127	3
20.165	3
20.213	3
20.245	3
20.245	3
20.401	3
20.455	3
20.515	3
20.546	3
20.636	3
20.638	3
20.652	3
20.677	3
20.81	3
20.935	3
21.051	3
21.221	3
21.239	3
21.308	3
21.364	3
21.395	3
21.516	3
21.684	3
21.698	3
22.016	3
22.487	3
22.683	3
23.07	3
23.204	3
23.523	3
23.654	3
23.666	3
23.688	3
24.178	3
24.593	3
25.065	3
25.613	3
25.744	3
25.779	3
25.86	3
25.97	3
25.972	3
26.084	3
26.332	3
26.489	3
26.505	3
26.858	3
27.047	3
27.449	3
27.58	3
27.611	3
27.649	3
27.736	3
28.012	3
28.63	3
28.717	3
28.969	3
29.116	3
29.142	3
29.606	3
29.641	3
29.732	3
29.815	3
31.817	3
32.527	3
32.893	3
33.68	3
35.769	3
36.929	3
39.563	3
48.645	3
19.71	1
19.712	1
19.752	1
19.91	1
19.937	1
19.943	2
19.945	2
19.982	2
20.022	2
20.074	2
20.098	2
20.099	2
20.12	2
20.127	2
20.165	2
20.213	2
20.245	3
20.245	3
20.401	3
20.455	3
20.515	3
20.546	3
20.636	3
20.638	3
20.652	3
20.677	3
20.81	3
20.935	3
21.051	3
21.221	3
21.239	3
21.308	3
21.364	3
21.395	3
21.516	3
21.684	3
21.698	3
22.016	3
22.487	3
22.683	3
23.07	3
23.204	3
23.523	3
23.654	3
23.666	3
23.688	3
24.178	3
24.593	3
25.065	3
25.613	3
25.744	3
25.779	3
25.86	3
25.97	3
25.972	3
26.084	3
26.332	3
26.489	3
26.505	3
26.858	3
27.047	3
27.449	3
27.58	3
27.611	3
27.649	3
27.736	3
28.012	3
28.63	3
28.717	3
28.969	3
29.116	3
29.142	3
29.606	3
29.641	3
29.732	3
29.815	3
31.817	3
32.527	3
32.893	3
33.68	3
35.769	3
36.929	3
39.563	3
48.645	3
19.592	1
19.594	1
19.632	1
19.71	1
19.712	2
19.752	2
19.91	2
19.937	2
19.943	2
19.945	2
19.982	2
20.022	2
20.074	2
20.098	2
20.099	2
20.12	2
20.127	3
20.165	3
20.213	3
20.245	3
20.245	3
20.401	3
20.455	3
20.515	3
20.546	3
20.636	3
20.638	3
20.652	3
20.677	3
20.81	3
20.935	3
21.051	3
21.221	3
21.239	3
21.308	3
21.364	3
21.395	3
21.516	3
21.684	3
21.698	3
22.016	3
22.487	3
22.683	3
23.07	3
23.204	3
23.523	3
23.654	3
23.666	3
23.688	3
24.178	3
24.593	3
25.065	3
25.613	3
25.744	3
25.779	3
25.86	3
25.97	3
25.972	3
26.084	3
26.332	3
26.489	3
26.505	3
26.858	3
27.047	3
27.449	3
27.58	3
27.611	3
27.649	3
27.736	3
28.012	3
28.63	3
28.717	3
28.969	3
29.116	3
29.142	3
29.606	3
29.641	3
29.732	3
29.815	3
31.817	3
32.527	3
32.893	3
33.68	3
35.769	3
36.929	3
39.563	3
48.645	3
19.562	1
19.571	1
19.572	1
19.589	1
19.592	1
19.594	1
19.632	1
19.71	2
19.712	3
19.752	3
19.91	3
19.937	4
19.943	5
19.945	5
19.982	5
20.022	5
20.074	5
20.098	5
20.099	5
20.12	5
20.127	5
20.165	5
20.213	5
20.245	5
20.245	5
20.401	4
20.455	4
20.515	4
20.546	4
20.636	4
20.638	4
20.652	4
20.677	4
20.81	4
20.935	4
21.051	4
21.221	4
21.239	4
21.308	4
21.364	4
21.395	4
21.516	4
21.684	4
21.698	4
22.016	4
22.487	4
22.683	4
23.07	3
23.204	3
23.523	2
23.654	2
23.666	2
23.688	2
24.178	2
24.593	2
25.065	2
25.613	2
25.744	2
25.779	2
25.86	2
25.97	2
25.972	2
26.084	2
26.332	2
26.489	3
26.505	4
26.858	4
27.047	4
27.449	4
27.58	4
27.611	4
27.649	3
27.736	3
28.012	2
28.63	2
28.717	2
28.969	2
29.116	3
29.142	4
29.606	4
29.641	4
29.732	3
29.815	3
31.817	3
32.527	3
32.893	3
33.68	3
35.769	3
36.929	3
39.563	3
48.645	3
19.937	1
19.943	2
19.945	2
19.982	2
20.022	2
20.074	2
20.098	2
20.099	2
20.12	2
20.127	2
20.165	2
20.213	2
20.245	2
20.245	2
20.401	2
20.455	2
20.515	2
20.546	2
20.636	2
20.638	2
20.652	2
20.677	2
20.81	2
20.935	2
21.051	2
21.221	2
21.239	2
21.308	2
21.364	2
21.395	2
21.516	2
21.684	2
21.698	2
22.016	2
22.487	2
22.683	2
23.07	2
23.204	2
23.523	2
23.654	2
23.666	2
23.688	2
24.178	2
24.593	2
25.065	2
25.613	2
25.744	2
25.779	2
25.86	2
25.97	2
25.972	2
26.084	3
26.332	3
26.489	3
26.505	3
26.858	3
27.047	3
27.449	3
27.58	3
27.611	3
27.649	3
27.736	3
28.012	3
28.63	3
28.717	3
28.969	3
29.116	3
29.142	3
29.606	3
29.641	3
29.732	3
29.815	3
31.817	3
32.527	3
32.893	3
33.68	3
35.769	3
36.929	3
39.563	3
48.645	3
19.536	1
19.537	1
19.556	1
19.558	1
19.561	1
19.562	1
19.571	1
19.572	1
19.589	1
19.592	1
19.594	1
19.632	1
19.71	1
19.712	1
19.752	2
19.91	2
19.937	2
19.943	2
19.945	2
19.982	2
20.022	2
20.074	3
20.098	3
20.099	4
20.12	4
20.127	4
20.165	4
20.213	4
20.245	5
20.245	5
20.401	5
20.455	5
20.515	5
20.546	5
20.636	5
20.638	5
20.652	5
20.677	5
20.81	5
20.935	5
21.051	5
21.221	5
21.239	5
21.308	5
21.364	5
21.395	5
21.516	5
21.684	5
21.698	4
22.016	4
22.487	4
22.683	4
23.07	4
23.204	4
23.523	4
23.654	4
23.666	4
23.688	4
24.178	4
24.593	4
25.065	4
25.613	4
25.744	4
25.779	4
25.86	4
25.97	4
25.972	4
26.084	4
26.332	4
26.489	4
26.505	4
26.858	4
27.047	4
27.449	4
27.58	4
27.611	4
27.649	4
27.736	4
28.012	4
28.63	4
28.717	4
28.969	3
29.116	3
29.142	3
29.606	3
29.641	3
29.732	3
29.815	3
31.817	3
32.527	3
32.893	3
33.68	3
35.769	3
36.929	3
39.563	3
48.645	3
19.486	1
19.492	1
19.502	1
19.502	1
19.515	1
19.518	1
19.527	1
19.536	1
19.537	1
19.556	1
19.558	1
19.561	1
19.562	1
19.571	1
19.572	1
19.589	1
19.592	1
19.594	1
19.632	1
19.71	1
19.712	1
19.752	1
19.91	2
19.937	2
19.943	2
19.945	2
19.982	2
20.022	2
20.074	2
20.098	2
20.099	2
20.12	2
20.127	3
20.165	3
20.213	3
20.245	3
20.245	4
20.401	4
20.455	4
20.515	4
20.546	4
20.636	4
20.638	4
20.652	4
20.677	4
20.81	5
20.935	5
21.051	5
21.221	5
21.239	5
21.308	5
21.364	5
21.395	5
21.516	5
21.684	5
21.698	5
22.016	5
22.487	5
22.683	5
23.07	5
23.204	5
23.523	5
23.654	5
23.666	5
23.688	5
24.178	5
24.593	5
25.065	4
25.613	4
25.744	4
25.779	3
25.86	3
25.97	3
25.972	3
26.084	3
26.332	3
26.489	3
26.505	3
26.858	3
27.047	3
27.449	3
27.58	3
27.611	3
27.649	3
27.736	3
28.012	3
28.63	3
28.717	3
28.969	3
29.116	3
29.142	3
29.606	3
29.641	3
29.732	3
29.815	3
31.817	3
32.527	3
32.893	3
33.68	3
35.769	3
36.929	3
39.563	3
48.645	3
19.712	1
19.752	1
19.91	1
19.937	1
19.943	1
19.945	1
19.982	1
20.022	1
20.074	1
20.098	1
20.099	1
20.12	1
20.127	2
20.165	2
20.213	2
20.245	2
20.245	2
20.401	2
20.455	2
20.515	2
20.546	2
20.636	2
20.638	2
20.652	2
20.677	2
20.81	3
20.935	3
21.051	3
21.221	3
21.239	3
21.308	3
21.364	3
21.395	3
21.516	3
21.684	3
21.698	3
22.016	3
22.487	3
22.683	3
23.07	3
23.204	3
23.523	3
23.654	3
23.666	3
23.688	3
24.178	3
24.593	3
25.065	3
25.613	3
25.744	3
25.779	3
25.86	3
25.97	3
25.972	3
26.084	3
26.332	3
26.489	3
26.505	3
26.858	3
27.047	3
27.449	3
27.58	3
27.611	3
27.649	3
27.736	3
28.012	3
28.63	3
28.717	3
28.969	3
29.116	3
29.142	3
29.606	3
29.641	3
29.732	3
29.815	3
31.817	3
32.527	3
32.893	3
33.68	3
35.769	3
36.929	3
39.563	3
48.645	3
19.937	1
19.943	1
19.945	1
19.982	2
20.022	2
20.074	2
20.098	2
20.099	2
20.12	2
20.127	2
20.165	2
20.213	2
20.245	2
20.245	2
20.401	2
20.455	2
20.515	2
20.546	3
20.636	3
20.638	3
20.652	3
20.677	3
20.81	3
20.935	3
21.051	3
21.221	3
21.239	3
21.308	3
21.364	3
21.395	3
21.516	3
21.684	3
21.698	3
22.016	3
22.487	3
22.683	3
23.07	3
23.204	3
23.523	3
23.654	3
23.666	3
23.688	3
24.178	3
24.593	3
25.065	3
25.613	3
25.744	3
25.779	3
25.86	3
25.97	3
25.972	3
26.084	3
26.332	3
26.489	3
26.505	3
26.858	3
27.047	3
27.449	3
27.58	3
27.611	3
27.649	3
27.736	3
28.012	3
28.63	3
28.717	3
28.969	3
29.116	3
29.142	3
29.606	3
29.641	3
29.732	3
29.815	3
31.817	3
32.527	3
32.893	3
33.68	3
35.769	3
36.929	3
39.563	3
48.645	3
19.71	1
19.712	2
19.752	2
19.91	2
19.937	2
19.943	3
19.945	3
19.982	3
20.022	3
20.074	3
20.098	3
20.099	3
20.12	3
20.127	3
20.165	3
20.213	3
20.245	3
20.245	3
20.401	3
20.455	3
20.515	3
20.546	3
20.636	3
20.638	3
20.652	3
20.677	3
20.81	3
20.935	3
21.051	3
21.221	3
21.239	3
21.308	3
21.364	3
21.395	3
21.516	3
21.684	3
21.698	3
22.016	3
22.487	3
22.683	3
23.07	3
23.204	3
23.523	3
23.654	3
23.666	3
23.688	3
24.178	3
24.593	3
25.065	3
25.613	3
25.744	3
25.779	3
25.86	3
25.97	3
25.972	3
26.084	3
26.332	3
26.489	3
26.505	3
26.858	3
27.047	3
27.449	3
27.58	3
27.611	3
27.649	3
27.736	3
28.012	3
28.63	3
28.717	3
28.969	3
29.116	3
29.142	3
29.606	3
29.641	3
29.732	3
29.815	3
31.817	3
32.527	3
32.893	3
33.68	3
35.769	3
36.929	3
39.563	3
48.645	3
19.71	1
19.712	1
19.752	1
19.91	1
19.937	1
19.943	1
19.945	1
19.982	2
20.022	2
20.074	2
20.098	2
20.099	2
20.12	2
20.127	2
20.165	2
20.213	2
20.245	3
20.245	3
20.401	3
20.455	3
20.515	3
20.546	3
20.636	3
20.638	3
20.652	3
20.677	3
20.81	3
20.935	3
21.051	3
21.221	3
21.239	3
21.308	3
21.364	3
21.395	3
21.516	3
21.684	3
21.698	3
22.016	3
22.487	3
22.683	3
23.07	3
23.204	3
23.523	3
23.654	3
23.666	3
23.688	3
24.178	3
24.593	3
25.065	3
25.613	3
25.744	3
25.779	3
25.86	3
25.97	3
25.972	3
26.084	3
26.332	3
26.489	3
26.505	3
26.858	3
27.047	3
27.449	3
27.58	3
27.611	3
27.649	3
27.736	3
28.012	3
28.63	3
28.717	3
28.969	3
29.116	3
29.142	3
29.606	3
29.641	3
29.732	3
29.815	3
31.817	3
32.527	3
32.893	3
33.68	3
35.769	3
36.929	3
39.563	3
48.645	3
19.592	1
19.594	1
19.632	2
19.71	2
19.712	2
19.752	2
19.91	2
19.937	2
19.943	2
19.945	2
19.982	2
20.022	2
20.074	2
20.098	2
20.099	2
20.12	2
20.127	2
20.165	2
20.213	2
20.245	2
20.245	2
20.401	2
20.455	2
20.515	2
20.546	3
20.636	3
20.638	3
20.652	3
20.677	3
20.81	3
20.935	3
21.051	3
21.221	3
21.239	3
21.308	3
21.364	3
21.395	3
21.516	3
21.684	3
21.698	3
22.016	3
22.487	3
22.683	3
23.07	3
23.204	3
23.523	3
23.654	3
23.666	3
23.688	3
24.178	3
24.593	3
25.065	3
25.613	3
25.744	3
25.779	3
25.86	3
25.97	3
25.972	3
26.084	3
26.332	3
26.489	3
26.505	3
26.858	3
27.047	3
27.449	3
27.58	3
27.611	3
27.649	3
27.736	3
28.012	3
28.63	3
28.717	3
28.969	3
29.116	3
29.142	3
29.606	3
29.641	3
29.732	3
29.815	3
31.817	3
32.527	3
32.893	3
33.68	3
35.769	3
36.929	3
39.563	3
48.645	3
19.592	1
19.594	1
19.632	1
19.71	1
19.712	1
19.752	1
19.91	1
19.937	2
19.943	2
19.945	2
19.982	2
20.022	2
20.074	2
20.098	2
20.099	2
20.12	2
20.127	2
20.165	2
20.213	2
20.245	2
20.245	2
20.401	2
20.455	2
20.515	2
20.546	3
20.636	3
20.638	3
20.652	3
20.677	3
20.81	3
20.935	3
21.051	3
21.221	3
21.239	3
21.308	3
21.364	3
21.395	3
21.516	3
21.684	3
21.698	3
22.016	3
22.487	3
22.683	3
23.07	3
23.204	3
23.523	3
23.654	3
23.666	3
23.688	3
24.178	3
24.593	3
25.065	3
25.613	3
25.744	3
25.779	3
25.86	3
25.97	3
25.972	3
26.084	3
26.332	3
26.489	3
26.505	3
26.858	3
27.047	3
27.449	3
27.58	3
27.611	3
27.649	3
27.736	3
28.012	3
28.63	3
28.717	3
28.969	3
29.116	3
29.142	3
29.606	3
29.641	3
29.732	3
29.815	3
31.817	3
32.527	3
32.893	3
33.68	3
35.769	3
36.929	3
39.563	3
48.645	3
19.632	1
19.71	1
19.712	1
19.752	1
19.91	1
19.937	2
19.943	2
19.945	2
19.982	3
20.022	3
20.074	3
20.098	3
20.099	3
20.12	3
20.127	3
20.165	3
20.213	3
20.245	3
20.245	3
20.401	3
20.455	3
20.515	3
20.546	3
20.636	3
20.638	3
20.652	3
20.677	3
20.81	3
20.935	3
21.051	3
21.221	3
21.239	3
21.308	3
21.364	3
21.395	3
21.516	3
21.684	3
21.698	3
22.016	3
22.487	3
22.683	3
23.07	3
23.204	3
23.523	3
23.654	3
23.666	3
23.688	3
24.178	3
24.593	3
25.065	3
25.613	3
25.744	3
25.779	3
25.86	3
25.97	3
25.972	3
26.084	3
26.332	3
26.489	3
26.505	3
26.858	3
27.047	3
27.449	3
27.58	3
27.611	3
27.649	3
27.736	3
28.012	3
28.63	3
28.717	3
28.969	3
29.116	3
29.142	3
29.606	3
29.641	3
29.732	3
29.815	3
31.817	3
32.527	3
32.893	3
33.68	3
35.769	3
36.929	3
39.563	3
48.645	3
20.245	1
20.245	1
20.401	1
20.455	1
20.515	1
20.546	2
20.636	2
20.638	2
20.652	2
20.677	2
20.81	3
20.935	3
21.051	3
21.221	3
21.239	3
21.308	3
21.364	3
21.395	3
21.516	3
21.684	3
21.698	3
22.016	3
22.487	3
22.683	3
23.07	3
23.204	3
23.523	3
23.654	3
23.666	3
23.688	3
24.178	3
24.593	3
25.065	3
25.613	3
25.744	3
25.779	3
25.86	3
25.97	3
25.972	3
26.084	3
26.332	3
26.489	3
26.505	3
26.858	3
27.047	3
27.449	3
27.58	3
27.611	3
27.649	3
27.736	3
28.012	3
28.63	3
28.717	3
28.969	3
29.116	3
29.142	3
29.606	3
29.641	3
29.732	3
29.815	3
31.817	3
32.527	3
32.893	3
33.68	3
35.769	3
36.929	3
39.563	3
48.645	3
19.71	1
19.712	1
19.752	1
19.91	2
19.937	2
19.943	3
19.945	3
19.982	3
20.022	3
20.074	3
20.098	3
20.099	3
20.12	3
20.127	3
20.165	3
20.213	3
20.245	3
20.245	3
20.401	3
20.455	3
20.515	3
20.546	3
20.636	3
20.638	3
20.652	3
20.677	3
20.81	3
20.935	3
21.051	3
21.221	3
21.239	3
21.308	3
21.364	3
21.395	3
21.516	3
21.684	3
21.698	3
22.016	3
22.487	3
22.683	3
23.07	3
23.204	3
23.523	3
23.654	3
23.666	3
23.688	3
24.178	3
24.593	3
25.065	3
25.613	3
25.744	3
25.779	3
25.86	3
25.97	3
25.972	3
26.084	3
26.332	3
26.489	3
26.505	3
26.858	3
27.047	3
27.449	3
27.58	3
27.611	3
27.649	3
27.736	3
28.012	3
28.63	3
28.717	3
28.969	3
29.116	3
29.142	3
29.606	3
29.641	3
29.732	3
29.815	3
31.817	3
32.527	3
32.893	3
33.68	3
35.769	3
36.929	3
39.563	3
48.645	3
19.71	1
19.712	1
19.752	1
19.91	1
19.937	2
19.943	2
19.945	2
19.982	2
20.022	2
20.074	2
20.098	2
20.099	2
20.12	2
20.127	2
20.165	2
20.213	2
20.245	2
20.245	2
20.401	2
20.455	2
20.515	2
20.546	3
20.636	3
20.638	3
20.652	3
20.677	3
20.81	3
20.935	3
21.051	3
21.221	3
21.239	3
21.308	3
21.364	3
21.395	3
21.516	3
21.684	3
21.698	3
22.016	3
22.487	3
22.683	3
23.07	3
23.204	3
23.523	3
23.654	3
23.666	3
23.688	3
24.178	3
24.593	3
25.065	3
25.613	3
25.744	3
25.779	3
25.86	3
25.97	3
25.972	3
26.084	3
26.332	3
26.489	3
26.505	3
26.858	3
27.047	3
27.449	3
27.58	3
27.611	3
27.649	3
27.736	3
28.012	3
28.63	3
28.717	3
28.969	3
29.116	3
29.142	3
29.606	3
29.641	3
29.732	3
29.815	3
31.817	3
32.527	3
32.893	3
33.68	3
35.769	3
36.929	3
39.563	3
48.645	3
19.71	1
19.712	1
19.752	2
19.91	2
19.937	2
19.943	2
19.945	2
19.982	3
20.022	3
20.074	3
20.098	3
20.099	3
20.12	3
20.127	3
20.165	3
20.213	3
20.245	3
20.245	3
20.401	3
20.455	3
20.515	3
20.546	3
20.636	3
20.638	3
20.652	3
20.677	3
20.81	3
20.935	3
21.051	3
21.221	3
21.239	3
21.308	3
21.364	3
21.395	3
21.516	3
21.684	3
21.698	3
22.016	3
22.487	3
22.683	3
23.07	3
23.204	3
23.523	3
23.654	3
23.666	3
23.688	3
24.178	3
24.593	3
25.065	3
25.613	3
25.744	3
25.779	3
25.86	3
25.97	3
25.972	3
26.084	3
26.332	3
26.489	3
26.505	3
26.858	3
27.047	3
27.449	3
27.58	3
27.611	3
27.649	3
27.736	3
28.012	3
28.63	3
28.717	3
28.969	3
29.116	3
29.142	3
29.606	3
29.641	3
29.732	3
29.815	3
31.817	3
32.527	3
32.893	3
33.68	3
35.769	3
36.929	3
39.563	3
48.645	3
19.712	1
19.752	2
19.91	2
19.937	2
19.943	2
19.945	2
19.982	2
20.022	2
20.074	2
20.098	2
20.099	2
20.12	2
20.127	2
20.165	2
20.213	2
20.245	3
20.245	3
20.401	3
20.455	3
20.515	3
20.546	3
20.636	3
20.638	3
20.652	3
20.677	3
20.81	3
20.935	3
21.051	3
21.221	3
21.239	3
21.308	3
21.364	3
21.395	3
21.516	3
21.684	3
21.698	3
22.016	3
22.487	3
22.683	3
23.07	3
23.204	3
23.523	3
23.654	3
23.666	3
23.688	3
24.178	3
24.593	3
25.065	3
25.613	3
25.744	3
25.779	3
25.86	3
25.97	3
25.972	3
26.084	3
26.332	3
26.489	3
26.505	3
26.858	3
27.047	3
27.449	3
27.58	3
27.611	3
27.649	3
27.736	3
28.012	3
28.63	3
28.717	3
28.969	3
29.116	3
29.142	3
29.606	3
29.641	3
29.732	3
29.815	3
31.817	3
32.527	3
32.893	3
33.68	3
35.769	3
36.929	3
39.563	3
48.645	3
19.937	1
19.943	1
19.945	1
19.982	1
20.022	1
20.074	1
20.098	1
20.099	1
20.12	1
20.127	2
20.165	2
20.213	2
20.245	2
20.245	2
20.401	2
20.455	2
20.515	2
20.546	3
20.636	3
20.638	3
20.652	3
20.677	3
20.81	3
20.935	3
21.051	3
21.221	3
21.239	3
21.308	3
21.364	3
21.395	3
21.516	3
21.684	3
21.698	3
22.016	3
22.487	3
22.683	3
23.07	3
23.204	3
23.523	3
23.654	3
23.666	3
23.688	3
24.178	3
24.593	3
25.065	3
25.613	3
25.744	3
25.779	3
25.86	3
25.97	3
25.972	3
26.084	3
26.332	3
26.489	3
26.505	3
26.858	3
27.047	3
27.449	3
27.58	3
27.611	3
27.649	3
27.736	3
28.012	3
28.63	3
28.717	3
28.969	3
29.116	3
29.142	3
29.606	3
29.641	3
29.732	3
29.815	3
31.817	3
32.527	3
32.893	3
33.68	3
35.769	3
36.929	3
39.563	3
48.645	3
19.632	1
19.71	1
19.712	1
19.752	1
19.91	1
19.937	1
19.943	1
19.945	1
19.982	2
20.022	2
20.074	2
20.098	2
20.099	2
20.12	2
20.127	2
20.165	2
20.213	2
20.245	3
20.245	3
20.401	3
20.455	3
20.515	3
20.546	3
20.636	3
20.638	3
20.652	3
20.677	3
20.81	3
20.935	3
21.051	3
21.221	3
21.239	3
21.308	3
21.364	3
21.395	3
21.516	3
21.684	3
21.698	3
22.016	3
22.487	3
22.683	3
23.07	3
23.204	3
23.523	3
23.654	3
23.666	3
23.688	3
24.178	3
24.593	3
25.065	3
25.613	3
25.744	3
25.779	3
25.86	3
25.97	3
25.972	3
26.084	3
26.332	3
26.489	3
26.505	3
26.858	3
27.047	3
27.449	3
27.58	3
27.611	3
27.649	3
27.736	3
28.012	3
28.63	3
28.717	3
28.969	3
29.116	3
29.142	3
29.606	3
29.641	3
29.732	3
29.815	3
31.817	3
32.527	3
32.893	3
33.68	3
35.769	3
36.929	3
39.563	3
48.645	3
19.982	1
20.022	1
20.074	1
20.098	1
20.099	1
20.12	1
20.127	2
20.165	2
20.213	2
20.245	2
20.245	2
20.401	2
20.455	2
20.515	2
20.546	2
20.636	2
20.638	2
20.652	2
20.677	2
20.81	3
20.935	3
21.051	3
21.221	3
21.239	3
21.308	3
21.364	3
21.395	3
21.516	3
21.684	3
21.698	3
22.016	3
22.487	3
22.683	3
23.07	3
23.204	3
23.523	3
23.654	3
23.666	3
23.688	3
24.178	3
24.593	3
25.065	3
25.613	3
25.744	3
25.779	3
25.86	3
25.97	3
25.972	3
26.084	3
26.332	3
26.489	3
26.505	3
26.858	3
27.047	3
27.449	3
27.58	3
27.611	3
27.649	3
27.736	3
28.012	3
28.63	3
28.717	3
28.969	3
29.116	3
29.142	3
29.606	3
29.641	3
29.732	3
29.815	3
31.817	3
32.527	3
32.893	3
33.68	3
35.769	3
36.929	3
39.563	3
48.645	3
19.572	1
19.589	1
19.592	1
19.594	1
19.632	1
19.71	1
19.712	1
19.752	1
19.91	1
19.937	2
19.943	2
19.945	2
19.982	2
20.022	2
20.074	2
20.098	2
20.099	2
20.12	2
20.127	2
20.165	2
20.213	2
20.245	2
20.245	2
20.401	2
20.455	2
20.515	2
20.546	2
20.636	2
20.638	2
20.652	2
20.677	2
20.81	2
20.935	2
21.051	2
21.221	2
21.239	3
21.308	4
21.364	4
21.395	4
21.516	4
21.684	4
21.698	4
22.016	4
22.487	4
22.683	4
23.07	4
23.204	4
23.523	4
23.654	4
23.666	4
23.688	4
24.178	4
24.593	4
25.065	4
25.613	4
25.744	4
25.779	4
25.86	4
25.97	4
25.972	4
26.084	4
26.332	4
26.489	4
26.505	4
26.858	4
27.047	4
27.449	4
27.58	4
27.611	4
27.649	4
27.736	4
28.012	4
28.63	4
28.717	4
28.969	4
29.116	4
29.142	4
29.606	4
29.641	4
29.732	4
29.815	4
31.817	3
32.527	3
32.893	3
33.68	3
35.769	3
36.929	3
39.563	3
48.645	3
19.937	1
19.943	1
19.945	1
19.982	2
20.022	2
20.074	2
20.098	2
20.099	2
20.12	2
20.127	2
20.165	2
20.213	2
20.245	2
20.245	2
20.401	2
20.455	2
20.515	2
20.546	3
20.636	3
20.638	3
20.652	3
20.677	3
20.81	3
20.935	3
21.051	3
21.221	3
21.239	3
21.308	3
21.364	3
21.395	3
21.516	3
21.684	3
21.698	3
22.016	3
22.487	3
22.683	3
23.07	3
23.204	3
23.523	3
23.654	3
23.666	3
23.688	3
24.178	3
24.593	3
25.065	3
25.613	3
25.744	3
25.779	3
25.86	3
25.97	3
25.972	3
26.084	3
26.332	3
26.489	3
26.505	3
26.858	3
27.047	3
27.449	3
27.58	3
27.611	3
27.649	3
27.736	3
28.012	3
28.63	3
28.717	3
28.969	3
29.116	3
29.142	3
29.606	3
29.641	3
29.732	3
29.815	3
31.817	3
32.527	3
32.893	3
33.68	3
35.769	3
36.929	3
39.563	3
48.645	3
19.592	1
19.594	1
19.632	1
19.71	1
19.712	1
19.752	1
19.91	1
19.937	1
19.943	2
19.945	2
19.982	2
20.022	2
20.074	2
20.098	2
20.099	2
20.12	2
20.127	3
20.165	3
20.213	3
20.245	3
20.245	3
20.401	3
20.455	3
20.515	3
20.546	3
20.636	3
20.638	3
20.652	3
20.677	3
20.81	3
20.935	3
21.051	3
21.221	3
21.239	3
21.308	3
21.364	3
21.395	3
21.516	3
21.684	3
21.698	3
22.016	3
22.487	3
22.683	3
23.07	3
23.204	3
23.523	3
23.654	3
23.666	3
23.688	3
24.178	3
24.593	3
25.065	3
25.613	3
25.744	3
25.779	3
25.86	3
25.97	3
25.972	3
26.084	3
26.332	3
26.489	3
26.505	3
26.858	3
27.047	3
27.449	3
27.58	3
27.611	3
27.649	3
27.736	3
28.012	3
28.63	3
28.717	3
28.969	3
29.116	3
29.142	3
29.606	3
29.641	3
29.732	3
29.815	3
31.817	3
32.527	3
32.893	3
33.68	3
35.769	3
36.929	3
39.563	3
48.645	3
19.632	1
19.71	2
19.712	2
19.752	2
19.91	2
19.937	3
19.943	3
19.945	3
19.982	3
20.022	3
20.074	3
20.098	3
20.099	3
20.12	3
20.127	3
20.165	3
20.213	3
20.245	3
20.245	3
20.401	3
20.455	3
20.515	3
20.546	3
20.636	3
20.638	3
20.652	3
20.677	3
20.81	3
20.935	3
21.051	3
21.221	3
21.239	3
21.308	3
21.364	3
21.395	3
21.516	3
21.684	3
21.698	3
22.016	3
22.487	3
22.683	3
23.07	3
23.204	3
23.523	3
23.654	3
23.666	3
23.688	3
24.178	3
24.593	3
25.065	3
25.613	3
25.744	3
25.779	3
25.86	3
25.97	3
25.972	3
26.084	3
26.332	3
26.489	3
26.505	3
26.858	3
27.047	3
27.449	3
27.58	3
27.611	3
27.649	3
27.736	3
28.012	3
28.63	3
28.717	3
28.969	3
29.116	3
29.142	3
29.606	3
29.641	3
29.732	3
29.815	3
31.817	3
32.527	3
32.893	3
33.68	3
35.769	3
36.929	3
39.563	3
48.645	3
19.632	1
19.71	1
19.712	1
19.752	2
19.91	3
19.937	3
19.943	3
19.945	3
19.982	3
20.022	3
20.074	3
20.098	3
20.099	3
20.12	3
20.127	3
20.165	3
20.213	3
20.245	3
20.245	3
20.401	3
20.455	3
20.515	3
20.546	3
20.636	3
20.638	3
20.652	3
20.677	3
20.81	3
20.935	3
21.051	3
21.221	3
21.239	3
21.308	3
21.364	3
21.395	3
21.516	3
21.684	3
21.698	3
22.016	3
22.487	3
22.683	3
23.07	3
23.204	3
23.523	3
23.654	3
23.666	3
23.688	3
24.178	3
24.593	3
25.065	3
25.613	3
25.744	3
25.779	3
25.86	3
25.97	3
25.972	3
26.084	3
26.332	3
26.489	3
26.505	3
26.858	3
27.047	3
27.449	3
27.58	3
27.611	3
27.649	3
27.736	3
28.012	3
28.63	3
28.717	3
28.969	3
29.116	3
29.142	3
29.606	3
29.641	3
29.732	3
29.815	3
31.817	3
32.527	3
32.893	3
33.68	3
35.769	3
36.929	3
39.563	3
48.645	3
19.592	1
19.594	1
19.632	1
19.71	1
19.712	1
19.752	1
19.91	1
19.937	1
19.943	2
19.945	2
19.982	2
20.022	2
20.074	2
20.098	2
20.099	2
20.12	2
20.127	3
20.165	3
20.213	3
20.245	3
20.245	3
20.401	3
20.455	3
20.515	3
20.546	3
20.636	3
20.638	3
20.652	3
20.677	3
20.81	3
20.935	3
21.051	3
21.221	3
21.239	3
21.308	3
21.364	3
21.395	3
21.516	3
21.684	3
21.698	3
22.016	3
22.487	3
22.683	3
23.07	3
23.204	3
23.523	3
23.654	3
23.666	3
23.688	3
24.178	3
24.593	3
25.065	3
25.613	3
25.744	3
25.779	3
25.86	3
25.97	3
25.972	3
26.084	3
26.332	3
26.489	3
26.505	3
26.858	3
27.047	3
27.449	3
27.58	3
27.611	3
27.649	3
27.736	3
28.012	3
28.63	3
28.717	3
28.969	3
29.116	3
29.142	3
29.606	3
29.641	3
29.732	3
29.815	3
31.817	3
32.527	3
32.893	3
33.68	3
35.769	3
36.929	3
39.563	3
48.645	3
19.481	1
19.486	1
19.492	1
19.502	1
19.502	1
19.515	1
19.518	1
19.527	1
19.536	1
19.537	1
19.556	1
19.558	1
19.561	1
19.562	1
19.571	1
19.572	1
19.589	1
19.592	1
19.594	1
19.632	1
19.71	1
19.712	1
19.752	1
19.91	2
19.937	2
19.943	2
19.945	2
19.982	2
20.022	2
20.074	2
20.098	2
20.099	2
20.12	2
20.127	2
20.165	2
20.213	2
20.245	2
20.245	2
20.401	2
20.455	2
20.515	2
20.546	2
20.636	2
20.638	2
20.652	2
20.677	2
20.81	2
20.935	2
21.051	2
21.221	2
21.239	2
21.308	2
21.364	2
21.395	2
21.516	2
21.684	2
21.698	2
22.016	2
22.487	2
22.683	2
23.07	2
23.204	3
23.523	3
23.654	3
23.666	3
23.688	3
24.178	3
24.593	3
25.065	3
25.613	3
25.744	3
25.779	3
25.86	3
25.97	3
25.972	3
26.084	4
26.332	4
26.489	4
26.505	4
26.858	4
27.047	3
27.449	3
27.58	3
27.611	3
27.649	3
27.736	3
28.012	3
28.63	3
28.717	3
28.969	3
29.116	3
29.142	3
29.606	3
29.641	3
29.732	3
29.815	3
31.817	3
32.527	3
32.893	3
33.68	3
35.769	3
36.929	3
39.563	3
48.645	3
19.982	1
20.022	1
20.074	1
20.098	1
20.099	1
20.12	1
20.127	1
20.165	1
20.213	1
20.245	1
20.245	1
20.401	1
20.455	1
20.515	1
20.546	2
20.636	2
20.638	2
20.652	2
20.677	2
20.81	2
20.935	2
21.051	2
21.221	2
21.239	2
21.308	2
21.364	2
21.395	2
21.516	2
21.684	2
21.698	2
22.016	2
22.487	2
22.683	2
23.07	2
23.204	2
23.523	2
23.654	2
23.666	2
23.688	2
24.178	2
24.593	2
25.065	2
25.613	2
25.744	2
25.779	2
25.86	2
25.97	2
25.972	2
26.084	3
26.332	3
26.489	3
26.505	3
26.858	3
27.047	3
27.449	3
27.58	3
27.611	3
27.649	3
27.736	3
28.012	3
28.63	3
28.717	3
28.969	3
29.116	3
29.142	3
29.606	3
29.641	3
29.732	3
29.815	3
31.817	3
32.527	3
32.893	3
33.68	3
35.769	3
36.929	3
39.563	3
48.645	3
19.592	1
19.594	1
19.632	2
19.71	2
19.712	2
19.752	2
19.91	2
19.937	2
19.943	2
19.945	2
19.982	2
20.022	2
20.074	2
20.098	2
20.099	2
20.12	2
20.127	3
20.165	3
20.213	3
20.245	3
20.245	3
20.401	3
20.455	3
20.515	3
20.546	3
20.636	3
20.638	3
20.652	3
20.677	3
20.81	3
20.935	3
21.051	3
21.221	3
21.239	3
21.308	3
21.364	3
21.395	3
21.516	3
21.684	3
21.698	3
22.016	3
22.487	3
22.683	3
23.07	3
23.204	3
23.523	3
23.654	3
23.666	3
23.688	3
24.178	3
24.593	3
25.065	3
25.613	3
25.744	3
25.779	3
25.86	3
25.97	3
25.972	3
26.084	3
26.332	3
26.489	3
26.505	3
26.858	3
27.047	3
27.449	3
27.58	3
27.611	3
27.649	3
27.736	3
28.012	3
28.63	3
28.717	3
28.969	3
29.116	3
29.142	3
29.606	3
29.641	3
29.732	3
29.815	3
31.817	3
32.527	3
32.893	3
33.68	3
35.769	3
36.929	3
39.563	3
48.645	3
19.982	1
20.022	1
20.074	1
20.098	1
20.099	1
20.12	1
20.127	1
20.165	1
20.213	1
20.245	2
20.245	2
20.401	2
20.455	2
20.515	2
20.546	2
20.636	2
20.638	2
20.652	2
20.677	2
20.81	2
20.935	2
21.051	2
21.221	2
21.239	2
21.308	2
21.364	2
21.395	2
21.516	2
21.684	2
21.698	2
22.016	2
22.487	2
22.683	2
23.07	2
23.204	2
23.523	2
23.654	2
23.666	2
23.688	2
24.178	2
24.593	2
25.065	2
25.613	2
25.744	2
25.779	2
25.86	2
25.97	2
25.972	2
26.084	3
26.332	3
26.489	3
26.505	3
26.858	3
27.047	3
27.449	3
27.58	3
27.611	3
27.649	3
27.736	3
28.012	3
28.63	3
28.717	3
28.969	3
29.116	3
29.142	3
29.606	3
29.641	3
29.732	3
29.815	3
31.817	3
32.527	3
32.893	3
33.68	3
35.769	3
36.929	3
39.563	3
48.645	3
19.502	1
19.515	1
19.518	1
19.527	1
19.536	1
19.537	1
19.556	1
19.558	1
19.561	1
19.562	1
19.571	1
19.572	1
19.589	1
19.592	2
19.594	2
19.632	2
19.71	2
19.712	2
19.752	2
19.91	3
19.937	3
19.943	3
19.945	3
19.982	3
20.022	3
20.074	3
20.098	3
20.099	3
20.12	3
20.127	3
20.165	3
20.213	3
20.245	4
20.245	4
20.401	4
20.455	4
20.515	4
20.546	4
20.636	4
20.638	4
20.652	4
20.677	4
20.81	4
20.935	4
21.051	4
21.221	4
21.239	4
21.308	4
21.364	4
21.395	4
21.516	4
21.684	4
21.698	4
22.016	4
22.487	4
22.683	4
23.07	4
23.204	4
23.523	4
23.654	4
23.666	4
23.688	4
24.178	4
24.593	4
25.065	4
25.613	4
25.744	4
25.779	4
25.86	4
25.97	4
25.972	4
26.084	4
26.332	4
26.489	4
26.505	4
26.858	4
27.047	4
27.449	4
27.58	4
27.611	4
27.649	4
27.736	4
28.012	4
28.63	4
28.717	3
28.969	3
29.116	3
29.142	3
29.606	3
29.641	3
29.732	3
29.815	3
31.817	3
32.527	3
32.893	3
33.68	3
35.769	3
36.929	3
39.563	3
48.645	3
20.127	1
20.165	1
20.213	1
20.245	2
20.245	2
20.401	2
20.455	2
20.515	2
20.546	2
20.636	2
20.638	2
20.652	2
20.677	2
20.81	3
20.935	3
21.051	3
21.221	3
21.239	3
21.308	3
21.364	3
21.395	3
21.516	3
21.684	3
21.698	3
22.016	3
22.487	3
22.683	3
23.07	3
23.204	3
23.523	3
23.654	3
23.666	3
23.688	3
24.178	3
24.593	3
25.065	3
25.613	3
25.744	3
25.779	3
25.86	3
25.97	3
25.972	3
26.084	3
26.332	3
26.489	3
26.505	3
26.858	3
27.047	3
27.449	3
27.58	3
27.611	3
27.649	3
27.736	3
28.012	3
28.63	3
28.717	3
28.969	3
29.116	3
29.142	3
29.606	3
29.641	3
29.732	3
29.815	3
31.817	3
32.527	3
32.893	3
33.68	3
35.769	3
36.929	3
39.563	3
48.645	3
19.592	1
19.594	1
19.632	1
19.71	1
19.712	1
19.752	1
19.91	1
19.937	1
19.943	1
19.945	1
19.982	2
20.022	2
20.074	2
20.098	2
20.099	2
20.12	2
20.127	2
20.165	2
20.213	2
20.245	2
20.245	2
20.401	2
20.455	2
20.515	2
20.546	3
20.636	3
20.638	3
20.652	3
20.677	3
20.81	3
20.935	3
21.051	3
21.221	3
21.239	3
21.308	3
21.364	3
21.395	3
21.516	3
21.684	3
21.698	3
22.016	3
22.487	3
22.683	3
23.07	3
23.204	3
23.523	3
23.654	3
23.666	3
23.688	3
24.178	3
24.593	3
25.065	3
25.613	3
25.744	3
25.779	3
25.86	3
25.97	3
25.972	3
26.084	3
26.332	3
26.489	3
26.505	3
26.858	3
27.047	3
27.449	3
27.58	3
27.611	3
27.649	3
27.736	3
28.012	3
28.63	3
28.717	3
28.969	3
29.116	3
29.142	3
29.606	3
29.641	3
29.732	3
29.815	3
31.817	3
32.527	3
32.893	3
33.68	3
35.769	3
36.929	3
39.563	3
48.645	3
19.752	1
19.91	2
19.937	2
19.943	2
19.945	2
19.982	2
20.022	2
20.074	2
20.098	2
20.099	2
20.12	2
20.127	2
20.165	2
20.213	2
20.245	3
20.245	3
20.401	3
20.455	3
20.515	3
20.546	3
20.636	3
20.638	3
20.652	3
20.677	3
20.81	3
20.935	3
21.051	3
21.221	3
21.239	3
21.308	3
21.364	3
21.395	3
21.516	3
21.684	3
21.698	3
22.016	3
22.487	3
22.683	3
23.07	3
23.204	3
23.523	3
23.654	3
23.666	3
23.688	3
24.178	3
24.593	3
25.065	3
25.613	3
25.744	3
25.779	3
25.86	3
25.97	3
25.972	3
26.084	3
26.332	3
26.489	3
26.505	3
26.858	3
27.047	3
27.449	3
27.58	3
27.611	3
27.649	3
27.736	3
28.012	3
28.63	3
28.717	3
28.969	3
29.116	3
29.142	3
29.606	3
29.641	3
29.732	3
29.815	3
31.817	3
32.527	3
32.893	3
33.68	3
35.769	3
36.929	3
39.563	3
48.645	3
19.712	1
19.752	2
19.91	2
19.937	2
19.943	3
19.945	3
19.982	3
20.022	3
20.074	3
20.098	3
20.099	3
20.12	3
20.127	3
20.165	3
20.213	3
20.245	3
20.245	3
20.401	3
20.455	3
20.515	3
20.546	3
20.636	3
20.638	3
20.652	3
20.677	3
20.81	3
20.935	3
21.051	3
21.221	3
21.239	3
21.308	3
21.364	3
21.395	3
21.516	3
21.684	3
21.698	3
22.016	3
22.487	3
22.683	3
23.07	3
23.204	3
23.523	3
23.654	3
23.666	3
23.688	3
24.178	3
24.593	3
25.065	3
25.613	3
25.744	3
25.779	3
25.86	3
25.97	3
25.972	3
26.084	3
26.332	3
26.489	3
26.505	3
26.858	3
27.047	3
27.449	3
27.58	3
27.611	3
27.649	3
27.736	3
28.012	3
28.63	3
28.717	3
28.969	3
29.116	3
29.142	3
29.606	3
29.641	3
29.732	3
29.815	3
31.817	3
32.527	3
32.893	3
33.68	3
35.769	3
36.929	3
39.563	3
48.645	3
19.91	1
19.937	1
19.943	2
19.945	2
19.982	2
20.022	2
20.074	2
20.098	2
20.099	2
20.12	2
20.127	2
20.165	2
20.213	2
20.245	2
20.245	2
20.401	2
20.455	2
20.515	2
20.546	2
20.636	2
20.638	2
20.652	2
20.677	2
20.81	3
20.935	3
21.051	3
21.221	3
21.239	3
21.308	3
21.364	3
21.395	3
21.516	3
21.684	3
21.698	3
22.016	3
22.487	3
22.683	3
23.07	3
23.204	3
23.523	3
23.654	3
23.666	3
23.688	3
24.178	3
24.593	3
25.065	3
25.613	3
25.744	3
25.779	3
25.86	3
25.97	3
25.972	3
26.084	3
26.332	3
26.489	3
26.505	3
26.858	3
27.047	3
27.449	3
27.58	3
27.611	3
27.649	3
27.736	3
28.012	3
28.63	3
28.717	3
28.969	3
29.116	3
29.142	3
29.606	3
29.641	3
29.732	3
29.815	3
31.817	3
32.527	3
32.893	3
33.68	3
35.769	3
36.929	3
39.563	3
48.645	3
19.712	1
19.752	2
19.91	2
19.937	2
19.943	2
19.945	2
19.982	2
20.022	2
20.074	2
20.098	2
20.099	2
20.12	2
20.127	2
20.165	2
20.213	2
20.245	2
20.245	2
20.401	2
20.455	2
20.515	2
20.546	2
20.636	2
20.638	2
20.652	2
20.677	2
20.81	3
20.935	3
21.051	3
21.221	3
21.239	3
21.308	3
21.364	3
21.395	3
21.516	3
21.684	3
21.698	3
22.016	3
22.487	3
22.683	3
23.07	3
23.204	3
23.523	3
23.654	3
23.666	3
23.688	3
24.178	3
24.593	3
25.065	3
25.613	3
25.744	3
25.779	3
25.86	3
25.97	3
25.972	3
26.084	3
26.332	3
26.489	3
26.505	3
26.858	3
27.047	3
27.449	3
27.58	3
27.611	3
27.649	3
27.736	3
28.012	3
28.63	3
28.717	3
28.969	3
29.116	3
29.142	3
29.606	3
29.641	3
29.732	3
29.815	3
31.817	3
32.527	3
32.893	3
33.68	3
35.769	3
36.929	3
39.563	3
48.645	3
19.632	1
19.71	1
19.712	1
19.752	1
19.91	1
19.937	2
19.943	2
19.945	2
19.982	2
20.022	2
20.074	2
20.098	2
20.099	2
20.12	2
20.127	2
20.165	2
20.213	2
20.245	2
20.245	2
20.401	2
20.455	2
20.515	2
20.546	2
20.636	2
20.638	2
20.652	2
20.677	2
20.81	3
20.935	3
21.051	3
21.221	3
21.239	3
21.308	3
21.364	3
21.395	3
21.516	3
21.684	3
21.698	3
22.016	3
22.487	3
22.683	3
23.07	3
23.204	3
23.523	3
23.654	3
23.666	3
23.688	3
24.178	3
24.593	3
25.065	3
25.613	3
25.744	3
25.779	3
25.86	3
25.97	3
25.972	3
26.084	3
26.332	3
26.489	3
26.505	3
26.858	3
27.047	3
27.449	3
27.58	3
27.611	3
27.649	3
27.736	3
28.012	3
28.63	3
28.717	3
28.969	3
29.116	3
29.142	3
29.606	3
29.641	3
29.732	3
29.815	3
31.817	3
32.527	3
32.893	3
33.68	3
35.769	3
36.929	3
39.563	3
48.645	3
19.937	1
19.943	1
19.945	1
19.982	2
20.022	2
20.074	2
20.098	2
20.099	2
20.12	2
20.127	2
20.165	2
20.213	2
20.245	2
20.245	2
20.401	2
20.455	2
20.515	2
20.546	3
20.636	3
20.638	3
20.652	3
20.677	3
20.81	3
20.935	3
21.051	3
21.221	3
21.239	3
21.308	3
21.364	3
21.395	3
21.516	3
21.684	3
21.698	3
22.016	3
22.487	3
22.683	3
23.07	3
23.204	3
23.523	3
23.654	3
23.666	3
23.688	3
24.178	3
24.593	3
25.065	3
25.613	3
25.744	3
25.779	3
25.86	3
25.97	3
25.972	3
26.084	3
26.332	3
26.489	3
26.505	3
26.858	3
27.047	3
27.449	3
27.58	3
27.611	3
27.649	3
27.736	3
28.012	3
28.63	3
28.717	3
28.969	3
29.116	3
29.142	3
29.606	3
29.641	3
29.732	3
29.815	3
31.817	3
32.527	3
32.893	3
33.68	3
35.769	3
36.929	3
39.563	3
48.645	3
19.592	1
19.594	1
19.632	1
19.71	1
19.712	1
19.752	1
19.91	1
19.937	2
19.943	3
19.945	3
19.982	3
20.022	3
20.074	3
20.098	3
20.099	3
20.12	3
20.127	3
20.165	3
20.213	3
20.245	3
20.245	3
20.401	3
20.455	3
20.515	3
20.546	3
20.636	3
20.638	3
20.652	3
20.677	3
20.81	3
20.935	3
21.051	3
21.221	3
21.239	3
21.308	3
21.364	3
21.395	3
21.516	3
21.684	3
21.698	3
22.016	3
22.487	3
22.683	3
23.07	3
23.204	3
23.523	3
23.654	3
23.666	3
23.688	3
24.178	3
24.593	3
25.065	3
25.613	3
25.744	3
25.779	3
25.86	3
25.97	3
25.972	3
26.084	3
26.332	3
26.489	3
26.505	3
26.858	3
27.047	3
27.449	3
27.58	3
27.611	3
27.649	3
27.736	3
28.012	3
28.63	3
28.717	3
28.969	3
29.116	3
29.142	3
29.606	3
29.641	3
29.732	3
29.815	3
31.817	3
32.527	3
32.893	3
33.68	3
35.769	3
36.929	3
39.563	3
48.645	3
20.245	1
20.245	1
20.401	1
20.455	1
20.515	1
20.546	2
20.636	2
20.638	2
20.652	2
20.677	2
20.81	3
20.935	3
21.051	3
21.221	3
21.239	3
21.308	3
21.364	3
21.395	3
21.516	3
21.684	3
21.698	3
22.016	3
22.487	3
22.683	3
23.07	3
23.204	3
23.523	3
23.654	3
23.666	3
23.688	3
24.178	3
24.593	3
25.065	3
25.613	3
25.744	3
25.779	3
25.86	3
25.97	3
25.972	3
26.084	3
26.332	3
26.489	3
26.505	3
26.858	3
27.047	3
27.449	3
27.58	3
27.611	3
27.649	3
27.736	3
28.012	3
28.63	3
28.717	3
28.969	3
29.116	3
29.142	3
29.606	3
29.641	3
29.732	3
29.815	3
31.817	3
32.527	3
32.893	3
33.68	3
35.769	3
36.929	3
39.563	3
48.645	3
19.71	1
19.712	2
19.752	2
19.91	2
19.937	3
19.943	3
19.945	3
19.982	3
20.022	3
20.074	3
20.098	3
20.099	3
20.12	3
20.127	3
20.165	3
20.213	3
20.245	3
20.245	3
20.401	3
20.455	3
20.515	3
20.546	3
20.636	3
20.638	3
20.652	3
20.677	3
20.81	3
20.935	3
21.051	3
21.221	3
21.239	3
21.308	3
21.364	3
21.395	3
21.516	3
21.684	3
21.698	3
22.016	3
22.487	3
22.683	3
23.07	3
23.204	3
23.523	3
23.654	3
23.666	3
23.688	3
24.178	3
24.593	3
25.065	3
25.613	3
25.744	3
25.779	3
25.86	3
25.97	3
25.972	3
26.084	3
26.332	3
26.489	3
26.505	3
26.858	3
27.047	3
27.449	3
27.58	3
27.611	3
27.649	3
27.736	3
28.012	3
28.63	3
28.717	3
28.969	3
29.116	3
29.142	3
29.606	3
29.641	3
29.732	3
29.815	3
31.817	3
32.527	3
32.893	3
33.68	3
35.769	3
36.929	3
39.563	3
48.645	3
19.632	1
19.71	1
19.712	2
19.752	2
19.91	2
19.937	2
19.943	3
19.945	3
19.982	3
20.022	3
20.074	3
20.098	3
20.099	3
20.12	3
20.127	3
20.165	3
20.213	3
20.245	3
20.245	3
20.401	3
20.455	3
20.515	3
20.546	3
20.636	3
20.638	3
20.652	3
20.677	3
20.81	3
20.935	3
21.051	3
21.221	3
21.239	3
21.308	3
21.364	3
21.395	3
21.516	3
21.684	3
21.698	3
22.016	3
22.487	3
22.683	3
23.07	3
23.204	3
23.523	3
23.654	3
23.666	3
23.688	3
24.178	3
24.593	3
25.065	3
25.613	3
25.744	3
25.779	3
25.86	3
25.97	3
25.972	3
26.084	3
26.332	3
26.489	3
26.505	3
26.858	3
27.047	3
27.449	3
27.58	3
27.611	3
27.649	3
27.736	3
28.012	3
28.63	3
28.717	3
28.969	3
29.116	3
29.142	3
29.606	3
29.641	3
29.732	3
29.815	3
31.817	3
32.527	3
32.893	3
33.68	3
35.769	3
36.929	3
39.563	3
48.645	3
19.752	1
19.91	2
19.937	2
19.943	2
19.945	2
19.982	2
20.022	2
20.074	2
20.098	2
20.099	2
20.12	2
20.127	2
20.165	2
20.213	2
20.245	2
20.245	2
20.401	2
20.455	2
20.515	2
20.546	2
20.636	2
20.638	2
20.652	2
20.677	2
20.81	2
20.935	2
21.051	2
21.221	2
21.239	2
21.308	2
21.364	2
21.395	2
21.516	2
21.684	2
21.698	2
22.016	2
22.487	2
22.683	2
23.07	2
23.204	2
23.523	2
23.654	2
23.666	2
23.688	2
24.178	2
24.593	2
25.065	2
25.613	2
25.744	2
25.779	2
25.86	2
25.97	2
25.972	2
26.084	3
26.332	3
26.489	3
26.505	3
26.858	3
27.047	3
27.449	3
27.58	3
27.611	3
27.649	3
27.736	3
28.012	3
28.63	3
28.717	3
28.969	3
29.116	3
29.142	3
29.606	3
29.641	3
29.732	3
29.815	3
31.817	3
32.527	3
32.893	3
33.68	3
35.769	3
36.929	3
39.563	3
48.645	3
19.71	1
19.712	1
19.752	2
19.91	2
19.937	2
19.943	2
19.945	2
19.982	2
20.022	2
20.074	2
20.098	2
20.099	2
20.12	2
20.127	2
20.165	2
20.213	2
20.245	3
20.245	3
20.401	3
20.455	3
20.515	3
20.546	3
20.636	3
20.638	3
20.652	3
20.677	3
20.81	3
20.935	3
21.051	3
21.221	3
21.239	3
21.308	3
21.364	3
21.395	3
21.516	3
21.684	3
21.698	3
22.016	3
22.487	3
22.683	3
23.07	3
23.204	3
23.523	3
23.654	3
23.666	3
23.688	3
24.178	3
24.593	3
25.065	3
25.613	3
25.744	3
25.779	3
25.86	3
25.97	3
25.972	3
26.084	3
26.332	3
26.489	3
26.505	3
26.858	3
27.047	3
27.449	3
27.58	3
27.611	3
27.649	3
27.736	3
28.012	3
28.63	3
28.717	3
28.969	3
29.116	3
29.142	3
29.606	3
29.641	3
29.732	3
29.815	3
31.817	3
32.527	3
32.893	3
33.68	3
35.769	3
36.929	3
39.563	3
48.645	3
19.712	1
19.752	1
19.91	1
19.937	1
19.943	1
19.945	1
19.982	1
20.022	1
20.074	1
20.098	1
20.099	1
20.12	1
20.127	2
20.165	2
20.213	2
20.245	2
20.245	2
20.401	2
20.455	2
20.515	2
20.546	3
20.636	3
20.638	3
20.652	3
20.677	3
20.81	3
20.935	3
21.051	3
21.221	3
21.239	3
21.308	3
21.364	3
21.395	3
21.516	3
21.684	3
21.698	3
22.016	3
22.487	3
22.683	3
23.07	3
23.204	3
23.523	3
23.654	3
23.666	3
23.688	3
24.178	3
24.593	3
25.065	3
25.613	3
25.744	3
25.779	3
25.86	3
25.97	3
25.972	3
26.084	3
26.332	3
26.489	3
26.505	3
26.858	3
27.047	3
27.449	3
27.58	3
27.611	3
27.649	3
27.736	3
28.012	3
28.63	3
28.717	3
28.969	3
29.116	3
29.142	3
29.606	3
29.641	3
29.732	3
29.815	3
31.817	3
32.527	3
32.893	3
33.68	3
35.769	3
36.929	3
39.563	3
48.645	3
19.937	1
19.943	1
19.945	1
19.982	2
20.022	2
20.074	2
20.098	2
20.099	2
20.12	2
20.127	2
20.165	2
20.213	2
20.245	2
20.245	2
20.401	2
20.455	2
20.515	2
20.546	3
20.636	3
20.638	3
20.652	3
20.677	3
20.81	3
20.935	3
21.051	3
21.221	3
21.239	3
21.308	3
21.364	3
21.395	3
21.516	3
21.684	3
21.698	3
22.016	3
22.487	3
22.683	3
23.07	3
23.204	3
23.523	3
23.654	3
23.666	3
23.688	3
24.178	3
24.593	3
25.065	3
25.613	3
25.744	3
25.779	3
25.86	3
25.97	3
25.972	3
26.084	3
26.332	3
26.489	3
26.505	3
26.858	3
27.047	3
27.449	3
27.58	3
27.611	3
27.649	3
27.736	3
28.012	3
28.63	3
28.717	3
28.969	3
29.116	3
29.142	3
29.606	3
29.641	3
29.732	3
29.815	3
31.817	3
32.527	3
32.893	3
33.68	3
35.769	3
36.929	3
39.563	3
48.645	3
19.592	1
19.594	1
19.632	1
19.71	1
19.712	1
19.752	1
19.91	1
19.937	2
19.943	2
19.945	2
19.982	2
20.022	2
20.074	2
20.098	2
20.099	2
20.12	2
20.127	2
20.165	2
20.213	2
20.245	2
20.245	2
20.401	2
20.455	2
20.515	2
20.546	2
20.636	2
20.638	2
20.652	2
20.677	2
20.81	3
20.935	3
21.051	3
21.221	3
21.239	3
21.308	3
21.364	3
21.395	3
21.516	3
21.684	3
21.698	3
22.016	3
22.487	3
22.683	3
23.07	3
23.204	3
23.523	3
23.654	3
23.666	3
23.688	3
24.178	3
24.593	3
25.065	3
25.613	3
25.744	3
25.779	3
25.86	3
25.97	3
25.972	3
26.084	3
26.332	3
26.489	3
26.505	3
26.858	3
27.047	3
27.449	3
27.58	3
27.611	3
27.649	3
27.736	3
28.012	3
28.63	3
28.717	3
28.969	3
29.116	3
29.142	3
29.606	3
29.641	3
29.732	3
29.815	3
31.817	3
32.527	3
32.893	3
33.68	3
35.769	3
36.929	3
39.563	3
48.645	3
19.943	1
19.945	1
19.982	1
20.022	1
20.074	1
20.098	1
20.099	1
20.12	1
20.127	1
20.165	1
20.213	1
20.245	1
20.245	1
20.401	1
20.455	1
20.515	1
20.546	2
20.636	2
20.638	2
20.652	2
20.677	2
20.81	3
20.935	3
21.051	3
21.221	3
21.239	3
21.308	3
21.364	3
21.395	3
21.516	3
21.684	3
21.698	3
22.016	3
22.487	3
22.683	3
23.07	3
23.204	3
23.523	3
23.654	3
23.666	3
23.688	3
24.178	3
24.593	3
25.065	3
25.613	3
25.744	3
25.779	3
25.86	3
25.97	3
25.972	3
26.084	3
26.332	3
26.489	3
26.505	3
26.858	3
27.047	3
27.449	3
27.58	3
27.611	3
27.649	3
27.736	3
28.012	3
28.63	3
28.717	3
28.969	3
29.116	3
29.142	3
29.606	3
29.641	3
29.732	3
29.815	3
31.817	3
32.527	3
32.893	3
33.68	3
35.769	3
36.929	3
39.563	3
48.645	3
19.632	1
19.71	2
19.712	2
19.752	2
19.91	2
19.937	2
19.943	3
19.945	3
19.982	3
20.022	3
20.074	3
20.098	3
20.099	3
20.12	3
20.127	3
20.165	3
20.213	3
20.245	3
20.245	3
20.401	3
20.455	3
20.515	3
20.546	3
20.636	3
20.638	3
20.652	3
20.677	3
20.81	3
20.935	3
21.051	3
21.221	3
21.239	3
21.308	3
21.364	3
21.395	3
21.516	3
21.684	3
21.698	3
22.016	3
22.487	3
22.683	3
23.07	3
23.204	3
23.523	3
23.654	3
23.666	3
23.688	3
24.178	3
24.593	3
25.065	3
25.613	3
25.744	3
25.779	3
25.86	3
25.97	3
25.972	3
26.084	3
26.332	3
26.489	3
26.505	3
26.858	3
27.047	3
27.449	3
27.58	3
27.611	3
27.649	3
27.736	3
28.012	3
28.63	3
28.717	3
28.969	3
29.116	3
29.142	3
29.606	3
29.641	3
29.732	3
29.815	3
31.817	3
32.527	3
32.893	3
33.68	3
35.769	3
36.929	3
39.563	3
48.645	3
19.712	1
19.752	1
19.91	1
19.937	2
19.943	2
19.945	2
19.982	2
20.022	2
20.074	2
20.098	2
20.099	2
20.12	2
20.127	3
20.165	3
20.213	3
20.245	3
20.245	3
20.401	3
20.455	3
20.515	3
20.546	3
20.636	3
20.638	3
20.652	3
20.677	3
20.81	3
20.935	3
21.051	3
21.221	3
21.239	3
21.308	3
21.364	3
21.395	3
21.516	3
21.684	3
21.698	3
22.016	3
22.487	3
22.683	3
23.07	3
23.204	3
23.523	3
23.654	3
23.666	3
23.688	3
24.178	3
24.593	3
25.065	3
25.613	3
25.744	3
25.779	3
25.86	3
25.97	3
25.972	3
26.084	3
26.332	3
26.489	3
26.505	3
26.858	3
27.047	3
27.449	3
27.58	3
27.611	3
27.649	3
27.736	3
28.012	3
28.63	3
28.717	3
28.969	3
29.116	3
29.142	3
29.606	3
29.641	3
29.732	3
29.815	3
31.817	3
32.527	3
32.893	3
33.68	3
35.769	3
36.929	3
39.563	3
48.645	3
19.937	1
19.943	1
19.945	1
19.982	2
20.022	2
20.074	2
20.098	2
20.099	2
20.12	2
20.127	2
20.165	2
20.213	2
20.245	2
20.245	2
20.401	2
20.455	2
20.515	2
20.546	3
20.636	3
20.638	3
20.652	3
20.677	3
20.81	3
20.935	3
21.051	3
21.221	3
21.239	3
21.308	3
21.364	3
21.395	3
21.516	3
21.684	3
21.698	3
22.016	3
22.487	3
22.683	3
23.07	3
23.204	3
23.523	3
23.654	3
23.666	3
23.688	3
24.178	3
24.593	3
25.065	3
25.613	3
25.744	3
25.779	3
25.86	3
25.97	3
25.972	3
26.084	3
26.332	3
26.489	3
26.505	3
26.858	3
27.047	3
27.449	3
27.58	3
27.611	3
27.649	3
27.736	3
28.012	3
28.63	3
28.717	3
28.969	3
29.116	3
29.142	3
29.606	3
29.641	3
29.732	3
29.815	3
31.817	3
32.527	3
32.893	3
33.68	3
35.769	3
36.929	3
39.563	3
48.645	3
19.466	1
19.476	1
19.481	1
19.486	1
19.492	1
19.502	1
19.502	1
19.515	1
19.518	1
19.527	1
19.536	1
19.537	1
19.556	1
19.558	1
19.561	1
19.562	1
19.571	1
19.572	1
19.589	1
19.592	1
19.594	1
19.632	1
19.71	1
19.712	1
19.752	2
19.91	2
19.937	2
19.943	2
19.945	2
19.982	2
20.022	2
20.074	2
20.098	2
20.099	2
20.12	2
20.127	3
20.165	3
20.213	3
20.245	3
20.245	3
20.401	3
20.455	3
20.515	3
20.546	4
20.636	4
20.638	4
20.652	4
20.677	4
20.81	4
20.935	4
21.051	4
21.221	4
21.239	4
21.308	4
21.364	4
21.395	3
21.516	3
21.684	3
21.698	3
22.016	3
22.487	3
22.683	3
23.07	3
23.204	3
23.523	3
23.654	3
23.666	3
23.688	3
24.178	3
24.593	3
25.065	3
25.613	3
25.744	3
25.779	3
25.86	3
25.97	3
25.972	3
26.084	3
26.332	3
26.489	3
26.505	3
26.858	3
27.047	3
27.449	3
27.58	3
27.611	3
27.649	3
27.736	3
28.012	3
28.63	3
28.717	3
28.969	3
29.116	3
29.142	3
29.606	3
29.641	3
29.732	3
29.815	3
31.817	3
32.527	3
32.893	3
33.68	3
35.769	3
36.929	3
39.563	3
48.645	3
19.594	1
19.632	1
19.71	2
19.712	2
19.752	2
19.91	2
19.937	2
19.943	2
19.945	2
19.982	3
20.022	3
20.074	3
20.098	3
20.099	3
20.12	3
20.127	3
20.165	3
20.213	3
20.245	3
20.245	3
20.401	3
20.455	3
20.515	3
20.546	3
20.636	3
20.638	3
20.652	3
20.677	3
20.81	3
20.935	3
21.051	3
21.221	3
21.239	3
21.308	3
21.364	3
21.395	3
21.516	3
21.684	3
21.698	3
22.016	3
22.487	3
22.683	3
23.07	3
23.204	3
23.523	3
23.654	3
23.666	3
23.688	3
24.178	3
24.593	3
25.065	3
25.613	3
25.744	3
25.779	3
25.86	3
25.97	3
25.972	3
26.084	4
26.332	4
26.489	4
26.505	4
26.858	4
27.047	4
27.449	4
27.58	4
27.611	4
27.649	4
27.736	3
28.012	3
28.63	3
28.717	3
28.969	3
29.116	3
29.142	3
29.606	3
29.641	3
29.732	3
29.815	3
31.817	3
32.527	3
32.893	3
33.68	3
35.769	3
36.929	3
39.563	3
48.645	3
19.592	1
19.594	1
19.632	1
19.71	1
19.712	2
19.752	2
19.91	2
19.937	2
19.943	2
19.945	2
19.982	2
20.022	2
20.074	2
20.098	2
20.099	2
20.12	2
20.127	2
20.165	2
20.213	2
20.245	2
20.245	2
20.401	2
20.455	2
20.515	2
20.546	3
20.636	3
20.638	3
20.652	3
20.677	3
20.81	3
20.935	3
21.051	3
21.221	3
21.239	3
21.308	3
21.364	3
21.395	3
21.516	3
21.684	3
21.698	3
22.016	3
22.487	3
22.683	3
23.07	3
23.204	3
23.523	3
23.654	3
23.666	3
23.688	3
24.178	3
24.593	3
25.065	3
25.613	3
25.744	3
25.779	3
25.86	3
25.97	3
25.972	3
26.084	3
26.332	3
26.489	3
26.505	3
26.858	3
27.047	3
27.449	3
27.58	3
27.611	3
27.649	3
27.736	3
28.012	3
28.63	3
28.717	3
28.969	3
29.116	3
29.142	3
29.606	3
29.641	3
29.732	3
29.815	3
31.817	3
32.527	3
32.893	3
33.68	3
35.769	3
36.929	3
39.563	3
48.645	3
19.537	1
19.556	1
19.558	1
19.561	1
19.562	1
19.571	1
19.572	1
19.589	1
19.592	1
19.594	1
19.632	1
19.71	1
19.712	1
19.752	1
19.91	1
19.937	2
19.943	2
19.945	2
19.982	3
20.022	3
20.074	3
20.098	3
20.099	3
20.12	3
20.127	4
20.165	4
20.213	4
20.245	4
20.245	4
20.401	4
20.455	4
20.515	4
20.546	4
20.636	4
20.638	4
20.652	5
20.677	5
20.81	5
20.935	5
21.051	5
21.221	5
21.239	5
21.308	5
21.364	5
21.395	5
21.516	5
21.684	4
21.698	4
22.016	4
22.487	4
22.683	4
23.07	4
23.204	4
23.523	4
23.654	4
23.666	4
23.688	4
24.178	4
24.593	4
25.065	4
25.613	4
25.744	4
25.779	4
25.86	4
25.97	4
25.972	4
26.084	4
26.332	4
26.489	4
26.505	4
26.858	4
27.047	4
27.449	4
27.58	4
27.611	4
27.649	4
27.736	4
28.012	4
28.63	4
28.717	4
28.969	4
29.116	4
29.142	4
29.606	4
29.641	4
29.732	4
29.815	4
31.817	4
32.527	4
32.893	4
33.68	4
35.769	3
36.929	3
39.563	3
48.645	3
19.592	1
19.594	1
19.632	1
19.71	2
19.712	2
19.752	2
19.91	3
19.937	3
19.943	3
19.945	3
19.982	3
20.022	3
20.074	3
20.098	3
20.099	3
20.12	3
20.127	3
20.165	3
20.213	3
20.245	3
20.245	3
20.401	3
20.455	3
20.515	3
20.546	3
20.636	3
20.638	3
20.652	3
20.677	3
20.81	3
20.935	3
21.051	3
21.221	3
21.239	3
21.308	3
21.364	3
21.395	3
21.516	3
21.684	3
21.698	3
22.016	3
22.487	3
22.683	3
23.07	3
23.204	3
23.523	3
23.654	3
23.666	3
23.688	3
24.178	3
24.593	3
25.065	3
25.613	3
25.744	3
25.779	3
25.86	3
25.97	3
25.972	3
26.084	3
26.332	3
26.489	3
26.505	3
26.858	3
27.047	3
27.449	3
27.58	3
27.611	3
27.649	3
27.736	3
28.012	3
28.63	3
28.717	3
28.969	3
29.116	3
29.142	3
29.606	3
29.641	3
29.732	3
29.815	3
31.817	3
32.527	3
32.893	3
33.68	3
35.769	3
36.929	3
39.563	3
48.645	3
19.592	1
19.594	1
19.632	1
19.71	1
19.712	1
19.752	1
19.91	1
19.937	1
19.943	1
19.945	1
19.982	1
20.022	1
20.074	1
20.098	1
20.099	1
20.12	1
20.127	1
20.165	1
20.213	1
20.245	2
20.245	2
20.401	2
20.455	2
20.515	2
20.546	3
20.636	3
20.638	3
20.652	3
20.677	3
20.81	3
20.935	3
21.051	3
21.221	3
21.239	3
21.308	3
21.364	3
21.395	3
21.516	3
21.684	3
21.698	3
22.016	3
22.487	3
22.683	3
23.07	3
23.204	3
23.523	3
23.654	3
23.666	3
23.688	3
24.178	3
24.593	3
25.065	3
25.613	3
25.744	3
25.779	3
25.86	3
25.97	3
25.972	3
26.084	3
26.332	3
26.489	3
26.505	3
26.858	3
27.047	3
27.449	3
27.58	3
27.611	3
27.649	3
27.736	3
28.012	3
28.63	3
28.717	3
28.969	3
29.116	3
29.142	3
29.606	3
29.641	3
29.732	3
29.815	3
31.817	3
32.527	3
32.893	3
33.68	3
35.769	3
36.929	3
39.563	3
48.645	3
19.476	1
19.481	1
19.486	1
19.492	1
19.502	1
19.502	1
19.515	1
19.518	1
19.527	1
19.536	1
19.537	1
19.556	1
19.558	1
19.561	1
19.562	1
19.571	1
19.572	1
19.589	1
19.592	1
19.594	1
19.632	1
19.71	1
19.712	2
19.752	2
19.91	2
19.937	2
19.943	2
19.945	3
19.982	3
20.022	3
20.074	3
20.098	3
20.099	3
20.12	3
20.127	4
20.165	4
20.213	4
20.245	4
20.245	4
20.401	4
20.455	5
20.515	5
20.546	5
20.636	5
20.638	5
20.652	5
20.677	5
20.81	5
20.935	5
21.051	5
21.221	5
21.239	5
21.308	5
21.364	5
21.395	5
21.516	5
21.684	5
21.698	5
22.016	5
22.487	5
22.683	5
23.07	5
23.204	5
23.523	5
23.654	5
23.666	5
23.688	4
24.178	3
24.593	3
25.065	3
25.613	4
25.744	4
25.779	4
25.86	4
25.97	4
25.972	4
26.084	4
26.332	4
26.489	4
26.505	4
26.858	4
27.047	4
27.449	4
27.58	4
27.611	4
27.649	4
27.736	4
28.012	4
28.63	4
28.717	4
28.969	4
29.116	4
29.142	4
29.606	4
29.641	4
29.732	4
29.815	4
31.817	4
32.527	4
32.893	4
33.68	4
35.769	4
36.929	4
39.563	4
48.645	3
19.462	1
19.466	1
19.476	1
19.481	1
19.486	1
19.492	1
19.502	1
19.502	1
19.515	1
19.518	1
19.527	1
19.536	1
19.537	1
19.556	1
19.558	1
19.561	1
19.562	1
19.571	1
19.572	1
19.589	1
19.592	1
19.594	1
19.632	1
19.71	1
19.712	2
19.752	2
19.91	2
19.937	3
19.943	3
19.945	3
19.982	3
20.022	3
20.074	3
20.098	3
20.099	3
20.12	3
20.127	4
20.165	4
20.213	4
20.245	4
20.245	4
20.401	4
20.455	4
20.515	4
20.546	4
20.636	4
20.638	4
20.652	4
20.677	4
20.81	4
20.935	4
21.051	4
21.221	4
21.239	4
21.308	4
21.364	4
21.395	4
21.516	4
21.684	4
21.698	4
22.016	4
22.487	4
22.683	4
23.07	4
23.204	4
23.523	4
23.654	4
23.666	4
23.688	4
24.178	4
24.593	4
25.065	4
25.613	4
25.744	4
25.779	4
25.86	4
25.97	4
25.972	4
26.084	4
26.332	4
26.489	4
26.505	4
26.858	4
27.047	4
27.449	4
27.58	4
27.611	4
27.649	4
27.736	4
28.012	4
28.63	4
28.717	4
28.969	4
29.116	4
29.142	4
29.606	4
29.641	4
29.732	4
29.815	3
31.817	3
32.527	3
32.893	3
33.68	3
35.769	3
36.929	3
39.563	3
48.645	3
19.937	1
19.943	1
19.945	1
19.982	2
20.022	2
20.074	2
20.098	2
20.099	2
20.12	2
20.127	2
20.165	2
20.213	2
20.245	2
20.245	2
20.401	2
20.455	2
20.515	2
20.546	3
20.636	3
20.638	3
20.652	3
20.677	3
20.81	3
20.935	3
21.051	3
21.221	3
21.239	3
21.308	3
21.364	3
21.395	3
21.516	3
21.684	3
21.698	3
22.016	3
22.487	3
22.683	3
23.07	3
23.204	3
23.523	3
23.654	3
23.666	3
23.688	3
24.178	3
24.593	3
25.065	3
25.613	3
25.744	3
25.779	3
25.86	3
25.97	3
25.972	3
26.084	3
26.332	3
26.489	3
26.505	3
26.858	3
27.047	3
27.449	3
27.58	3
27.611	3
27.649	3
27.736	3
28.012	3
28.63	3
28.717	3
28.969	3
29.116	3
29.142	3
29.606	3
29.641	3
29.732	3
29.815	3
31.817	3
32.527	3
32.893	3
33.68	3
35.769	3
36.929	3
39.563	3
48.645	3
19.571	1
19.572	1
19.589	1
19.592	2
19.594	2
19.632	2
19.71	2
19.712	2
19.752	2
19.91	2
19.937	2
19.943	2
19.945	2
19.982	2
20.022	2
20.074	2
20.098	2
20.099	2
20.12	2
20.127	2
20.165	2
20.213	2
20.245	2
20.245	2
20.401	2
20.455	2
20.515	3
20.546	3
20.636	3
20.638	4
20.652	4
20.677	4
20.81	4
20.935	4
21.051	4
21.221	4
21.239	4
21.308	4
21.364	4
21.395	4
21.516	4
21.684	4
21.698	4
22.016	4
22.487	4
22.683	4
23.07	4
23.204	4
23.523	4
23.654	4
23.666	4
23.688	4
24.178	4
24.593	4
25.065	4
25.613	4
25.744	4
25.779	4
25.86	4
25.97	4
25.972	4
26.084	5
26.332	5
26.489	5
26.505	5
26.858	4
27.047	4
27.449	4
27.58	4
27.611	4
27.649	4
27.736	4
28.012	4
28.63	3
28.717	3
28.969	3
29.116	3
29.142	3
29.606	3
29.641	3
29.732	3
29.815	3
31.817	3
32.527	3
32.893	3
33.68	3
35.769	3
36.929	3
39.563	3
48.645	3
19.91	1
19.937	1
19.943	1
19.945	1
19.982	1
20.022	1
20.074	1
20.098	1
20.099	1
20.12	1
20.127	2
20.165	2
20.213	2
20.245	2
20.245	2
20.401	2
20.455	2
20.515	2
20.546	3
20.636	3
20.638	3
20.652	3
20.677	3
20.81	3
20.935	3
21.051	3
21.221	3
21.239	3
21.308	3
21.364	3
21.395	3
21.516	3
21.684	3
21.698	3
22.016	3
22.487	3
22.683	3
23.07	3
23.204	3
23.523	3
23.654	3
23.666	3
23.688	3
24.178	3
24.593	3
25.065	3
25.613	3
25.744	3
25.779	3
25.86	3
25.97	3
25.972	3
26.084	3
26.332	3
26.489	3
26.505	3
26.858	3
27.047	3
27.449	3
27.58	3
27.611	3
27.649	3
27.736	3
28.012	3
28.63	3
28.717	3
28.969	3
29.116	3
29.142	3
29.606	3
29.641	3
29.732	3
29.815	3
31.817	3
32.527	3
32.893	3
33.68	3
35.769	3
36.929	3
39.563	3
48.645	3
19.632	1
19.71	2
19.712	2
19.752	2
19.91	2
19.937	2
19.943	2
19.945	2
19.982	2
20.022	2
20.074	2
20.098	2
20.099	2
20.12	2
20.127	2
20.165	2
20.213	2
20.245	2
20.245	2
20.401	2
20.455	2
20.515	2
20.546	2
20.636	2
20.638	2
20.652	2
20.677	2
20.81	2
20.935	2
21.051	2
21.221	2
21.239	2
21.308	2
21.364	2
21.395	2
21.516	2
21.684	2
21.698	2
22.016	2
22.487	2
22.683	2
23.07	2
23.204	2
23.523	2
23.654	2
23.666	2
23.688	2
24.178	2
24.593	2
25.065	2
25.613	2
25.744	2
25.779	2
25.86	2
25.97	2
25.972	2
26.084	3
26.332	3
26.489	3
26.505	3
26.858	3
27.047	3
27.449	3
27.58	3
27.611	3
27.649	3
27.736	3
28.012	3
28.63	3
28.717	3
28.969	3
29.116	3
29.142	3
29.606	3
29.641	3
29.732	3
29.815	3
31.817	3
32.527	3
32.893	3
33.68	3
35.769	3
36.929	3
39.563	3
48.645	3
19.558	1
19.561	1
19.562	1
19.571	1
19.572	1
19.589	1
19.592	1
19.594	1
19.632	1
19.71	1
19.712	1
19.752	2
19.91	2
19.937	2
19.943	2
19.945	2
19.982	2
20.022	2
20.074	2
20.098	2
20.099	2
20.12	2
20.127	2
20.165	2
20.213	2
20.245	3
20.245	3
20.401	3
20.455	3
20.515	3
20.546	3
20.636	3
20.638	3
20.652	3
20.677	3
20.81	3
20.935	4
21.051	4
21.221	4
21.239	4
21.308	4
21.364	4
21.395	4
21.516	4
21.684	4
21.698	4
22.016	4
22.487	4
22.683	4
23.07	4
23.204	4
23.523	4
23.654	4
23.666	3
23.688	3
24.178	3
24.593	3
25.065	3
25.613	3
25.744	3
25.779	3
25.86	3
25.97	3
25.972	3
26.084	3
26.332	3
26.489	3
26.505	3
26.858	3
27.047	3
27.449	3
27.58	3
27.611	3
27.649	3
27.736	3
28.012	3
28.63	3
28.717	3
28.969	3
29.116	3
29.142	3
29.606	3
29.641	3
29.732	3
29.815	3
31.817	3
32.527	3
32.893	3
33.68	3
35.769	3
36.929	3
39.563	3
48.645	3
19.71	1
19.712	1
19.752	1
19.91	2
19.937	2
19.943	2
19.945	2
19.982	2
20.022	2
20.074	2
20.098	2
20.099	2
20.12	2
20.127	3
20.165	3
20.213	3
20.245	3
20.245	3
20.401	3
20.455	3
20.515	3
20.546	3
20.636	3
20.638	3
20.652	3
20.677	3
20.81	3
20.935	3
21.051	3
21.221	3
21.239	3
21.308	3
21.364	3
21.395	3
21.516	3
21.684	3
21.698	3
22.016	3
22.487	3
22.683	3
23.07	3
23.204	3
23.523	3
23.654	3
23.666	3
23.688	3
24.178	3
24.593	3
25.065	3
25.613	3
25.744	3
25.779	3
25.86	3
25.97	3
25.972	3
26.084	3
26.332	3
26.489	3
26.505	3
26.858	3
27.047	3
27.449	3
27.58	3
27.611	3
27.649	3
27.736	3
28.012	3
28.63	3
28.717	3
28.969	3
29.116	3
29.142	3
29.606	3
29.641	3
29.732	3
29.815	3
31.817	3
32.527	3
32.893	3
33.68	3
35.769	3
36.929	3
39.563	3
48.645	3
19.632	1
19.71	1
19.712	1
19.752	1
19.91	2
19.937	2
19.943	2
19.945	2
19.982	3
20.022	3
20.074	3
20.098	3
20.099	3
20.12	3
20.127	3
20.165	3
20.213	3
20.245	3
20.245	3
20.401	3
20.455	3
20.515	3
20.546	3
20.636	3
20.638	3
20.652	3
20.677	3
20.81	3
20.935	3
21.051	3
21.221	3
21.239	3
21.308	3
21.364	3
21.395	3
21.516	3
21.684	3
21.698	3
22.016	3
22.487	3
22.683	3
23.07	3
23.204	3
23.523	3
23.654	3
23.666	3
23.688	3
24.178	3
24.593	3
25.065	3
25.613	3
25.744	3
25.779	3
25.86	3
25.97	3
25.972	3
26.084	3
26.332	3
26.489	3
26.505	3
26.858	3
27.047	3
27.449	3
27.58	3
27.611	3
27.649	3
27.736	3
28.012	3
28.63	3
28.717	3
28.969	3
29.116	3
29.142	3
29.606	3
29.641	3
29.732	3
29.815	3
31.817	3
32.527	3
32.893	3
33.68	3
35.769	3
36.929	3
39.563	3
48.645	3
19.91	1
19.937	2
19.943	2
19.945	2
19.982	2
20.022	2
20.074	2
20.098	2
20.099	2
20.12	2
20.127	2
20.165	2
20.213	2
20.245	2
20.245	2
20.401	2
20.455	2
20.515	2
20.546	3
20.636	3
20.638	3
20.652	3
20.677	3
20.81	3
20.935	3
21.051	3
21.221	3
21.239	3
21.308	3
21.364	3
21.395	3
21.516	3
21.684	3
21.698	3
22.016	3
22.487	3
22.683	3
23.07	3
23.204	3
23.523	3
23.654	3
23.666	3
23.688	3
24.178	3
24.593	3
25.065	3
25.613	3
25.744	3
25.779	3
25.86	3
25.97	3
25.972	3
26.084	3
26.332	3
26.489	3
26.505	3
26.858	3
27.047	3
27.449	3
27.58	3
27.611	3
27.649	3
27.736	3
28.012	3
28.63	3
28.717	3
28.969	3
29.116	3
29.142	3
29.606	3
29.641	3
29.732	3
29.815	3
31.817	3
32.527	3
32.893	3
33.68	3
35.769	3
36.929	3
39.563	3
48.645	3
19.592	1
19.594	1
19.632	1
19.71	1
19.712	2
19.752	2
19.91	2
19.937	2
19.943	2
19.945	2
19.982	2
20.022	2
20.074	2
20.098	2
20.099	2
20.12	2
20.127	2
20.165	2
20.213	2
20.245	2
20.245	2
20.401	2
20.455	2
20.515	2
20.546	2
20.636	2
20.638	2
20.652	2
20.677	2
20.81	3
20.935	3
21.051	3
21.221	3
21.239	3
21.308	3
21.364	3
21.395	3
21.516	3
21.684	3
21.698	3
22.016	3
22.487	3
22.683	3
23.07	3
23.204	3
23.523	3
23.654	3
23.666	3
23.688	3
24.178	3
24.593	3
25.065	3
25.613	3
25.744	3
25.779	3
25.86	3
25.97	3
25.972	3
26.084	3
26.332	3
26.489	3
26.505	3
26.858	3
27.047	3
27.449	3
27.58	3
27.611	3
27.649	3
27.736	3
28.012	3
28.63	3
28.717	3
28.969	3
29.116	3
29.142	3
29.606	3
29.641	3
29.732	3
29.815	3
31.817	3
32.527	3
32.893	3
33.68	3
35.769	3
36.929	3
39.563	3
48.645	3
19.515	1
19.518	1
19.527	1
19.536	1
19.537	1
19.556	1
19.558	1
19.561	1
19.562	1
19.571	1
19.572	1
19.589	1
19.592	1
19.594	1
19.632	1
19.71	2
19.712	2
19.752	2
19.91	3
19.937	3
19.943	3
19.945	3
19.982	3
20.022	3
20.074	3
20.098	3
20.099	3
20.12	3
20.127	3
20.165	4
20.213	4
20.245	4
20.245	4
20.401	4
20.455	4
20.515	4
20.546	4
20.636	5
20.638	5
20.652	5
20.677	5
20.81	5
20.935	5
21.051	5
21.221	5
21.239	5
21.308	5
21.364	5
21.395	5
21.516	5
21.684	5
21.698	5
22.016	5
22.487	5
22.683	5
23.07	5
23.204	5
23.523	5
23.654	5
23.666	5
23.688	5
24.178	5
24.593	5
25.065	5
25.613	5
25.744	4
25.779	4
25.86	4
25.97	4
25.972	4
26.084	4
26.332	4
26.489	4
26.505	4
26.858	4
27.047	4
27.449	4
27.58	4
27.611	4
27.649	4
27.736	4
28.012	4
28.63	4
28.717	4
28.969	4
29.116	4
29.142	4
29.606	4
29.641	4
29.732	4
29.815	4
31.817	4
32.527	4
32.893	4
33.68	3
35.769	3
36.929	3
39.563	3
48.645	3
19.561	1
19.562	1
19.571	1
19.572	1
19.589	1
19.592	1
19.594	1
19.632	1
19.71	1
19.712	2
19.752	3
19.91	4
19.937	4
19.943	4
19.945	4
19.982	4
20.022	4
20.074	4
20.098	4
20.099	4
20.12	4
20.127	4
20.165	4
20.213	4
20.245	4
20.245	4
20.401	4
20.455	4
20.515	4
20.546	4
20.636	4
20.638	4
20.652	4
20.677	4
20.81	4
20.935	4
21.051	4
21.221	4
21.239	4
21.308	4
21.364	4
21.395	4
21.516	4
21.684	4
21.698	4
22.016	4
22.487	3
22.683	3
23.07	3
23.204	3
23.523	3
23.654	3
23.666	3
23.688	3
24.178	3
24.593	3
25.065	3
25.613	3
25.744	3
25.779	3
25.86	3
25.97	3
25.972	3
26.084	3
26.332	3
26.489	3
26.505	3
26.858	3
27.047	3
27.449	3
27.58	3
27.611	3
27.649	3
27.736	3
28.012	3
28.63	3
28.717	3
28.969	3
29.116	3
29.142	3
29.606	3
29.641	3
29.732	3
29.815	3
31.817	3
32.527	3
32.893	3
33.68	3
35.769	3
36.929	3
39.563	3
48.645	3
19.632	1
19.71	1
19.712	1
19.752	1
19.91	1
19.937	1
19.943	1
19.945	1
19.982	1
20.022	1
20.074	1
20.098	1
20.099	1
20.12	1
20.127	2
20.165	2
20.213	2
20.245	2
20.245	2
20.401	2
20.455	2
20.515	2
20.546	2
20.636	2
20.638	2
20.652	2
20.677	2
20.81	3
20.935	3
21.051	3
21.221	3
21.239	3
21.308	3
21.364	3
21.395	3
21.516	3
21.684	3
21.698	3
22.016	3
22.487	3
22.683	3
23.07	3
23.204	3
23.523	3
23.654	3
23.666	3
23.688	3
24.178	3
24.593	3
25.065	3
25.613	3
25.744	3
25.779	3
25.86	3
25.97	3
25.972	3
26.084	3
26.332	3
26.489	3
26.505	3
26.858	3
27.047	3
27.449	3
27.58	3
27.611	3
27.649	3
27.736	3
28.012	3
28.63	3
28.717	3
28.969	3
29.116	3
29.142	3
29.606	3
29.641	3
29.732	3
29.815	3
31.817	3
32.527	3
32.893	3
33.68	3
35.769	3
36.929	3
39.563	3
48.645	3
19.632	1
19.71	1
19.712	1
19.752	2
19.91	3
19.937	3
19.943	3
19.945	3
19.982	3
20.022	3
20.074	3
20.098	3
20.099	3
20.12	3
20.127	3
20.165	3
20.213	3
20.245	3
20.245	3
20.401	3
20.455	3
20.515	3
20.546	3
20.636	3
20.638	3
20.652	3
20.677	3
20.81	3
20.935	3
21.051	3
21.221	3
21.239	3
21.308	3
21.364	3
21.395	3
21.516	3
21.684	3
21.698	3
22.016	3
22.487	3
22.683	3
23.07	3
23.204	3
23.523	3
23.654	3
23.666	3
23.688	3
24.178	3
24.593	3
25.065	3
25.613	3
25.744	3
25.779	3
25.86	3
25.97	3
25.972	3
26.084	3
26.332	3
26.489	3
26.505	3
26.858	3
27.047	3
27.449	3
27.58	3
27.611	3
27.649	3
27.736	3
28.012	3
28.63	3
28.717	3
28.969	3
29.116	3
29.142	3
29.606	3
29.641	3
29.732	3
29.815	3
31.817	3
32.527	3
32.893	3
33.68	3
35.769	3
36.929	3
39.563	3
48.645	3
19.632	1
19.71	1
19.712	1
19.752	2
19.91	3
19.937	3
19.943	3
19.945	3
19.982	3
20.022	3
20.074	3
20.098	3
20.099	3
20.12	3
20.127	3
20.165	3
20.213	3
20.245	3
20.245	3
20.401	3
20.455	3
20.515	3
20.546	3
20.636	3
20.638	3
20.652	3
20.677	3
20.81	3
20.935	3
21.051	3
21.221	3
21.239	3
21.308	3
21.364	3
21.395	3
21.516	3
21.684	3
21.698	3
22.016	3
22.487	3
22.683	3
23.07	3
23.204	3
23.523	3
23.654	3
23.666	3
23.688	3
24.178	3
24.593	3
25.065	3
25.613	3
25.744	3
25.779	3
25.86	3
25.97	3
25.972	3
26.084	3
26.332	3
26.489	3
26.505	3
26.858	3
27.047	3
27.449	3
27.58	3
27.611	3
27.649	3
27.736	3
28.012	3
28.63	3
28.717	3
28.969	3
29.116	3
29.142	3
29.606	3
29.641	3
29.732	3
29.815	3
31.817	3
32.527	3
32.893	3
33.68	3
35.769	3
36.929	3
39.563	3
48.645	3
19.449	1
19.449	1
19.449	1
19.451	1
19.458	1
19.462	1
19.466	1
19.476	1
19.481	1
19.486	1
19.492	1
19.502	1
19.502	1
19.515	1
19.518	1
19.527	1
19.536	1
19.537	1
19.556	1
19.558	1
19.561	1
19.562	1
19.571	1
19.572	1
19.589	1
19.592	2
19.594	2
19.632	2
19.71	2
19.712	2
19.752	2
19.91	2
19.937	2
19.943	2
19.945	2
19.982	2
20.022	2
20.074	2
20.098	2
20.099	2
20.12	2
20.127	2
20.165	2
20.213	2
20.245	2
20.245	2
20.401	2
20.455	2
20.515	2
20.546	2
20.636	2
20.638	2
20.652	2
20.677	3
20.81	4
20.935	4
21.051	4
21.221	4
21.239	4
21.308	4
21.364	4
21.395	4
21.516	4
21.684	4
21.698	4
22.016	4
22.487	4
22.683	4
23.07	4
23.204	4
23.523	4
23.654	4
23.666	4
23.688	4
24.178	4
24.593	4
25.065	4
25.613	4
25.744	4
25.779	4
25.86	4
25.97	4
25.972	4
26.084	4
26.332	4
26.489	4
26.505	4
26.858	4
27.047	4
27.449	4
27.58	4
27.611	4
27.649	4
27.736	4
28.012	4
28.63	4
28.717	4
28.969	4
29.116	4
29.142	4
29.606	4
29.641	4
29.732	4
29.815	4
31.817	4
32.527	3
32.893	3
33.68	3
35.769	3
36.929	3
39.563	3
48.645	3
19.937	1
19.943	1
19.945	1
19.982	2
20.022	2
20.074	2
20.098	2
20.099	2
20.12	2
20.127	2
20.165	2
20.213	2
20.245	2
20.245	2
20.401	2
20.455	2
20.515	2
20.546	3
20.636	3
20.638	3
20.652	3
20.677	3
20.81	3
20.935	3
21.051	3
21.221	3
21.239	3
21.308	3
21.364	3
21.395	3
21.516	3
21.684	3
21.698	3
22.016	3
22.487	3
22.683	3
23.07	3
23.204	3
23.523	3
23.654	3
23.666	3
23.688	3
24.178	3
24.593	3
25.065	3
25.613	3
25.744	3
25.779	3
25.86	3
25.97	3
25.972	3
26.084	3
26.332	3
26.489	3
26.505	3
26.858	3
27.047	3
27.449	3
27.58	3
27.611	3
27.649	3
27.736	3
28.012	3
28.63	3
28.717	3
28.969	3
29.116	3
29.142	3
29.606	3
29.641	3
29.732	3
29.815	3
31.817	3
32.527	3
32.893	3
33.68	3
35.769	3
36.929	3
39.563	3
48.645	3
19.71	1
19.712	1
19.752	2
19.91	2
19.937	2
19.943	2
19.945	2
19.982	2
20.022	2
20.074	2
20.098	2
20.099	2
20.12	2
20.127	2
20.165	2
20.213	2
20.245	3
20.245	3
20.401	3
20.455	3
20.515	3
20.546	3
20.636	3
20.638	3
20.652	3
20.677	3
20.81	3
20.935	3
21.051	3
21.221	3
21.239	3
21.308	3
21.364	3
21.395	3
21.516	3
21.684	3
21.698	3
22.016	3
22.487	3
22.683	3
23.07	3
23.204	3
23.523	3
23.654	3
23.666	3
23.688	3
24.178	3
24.593	3
25.065	3
25.613	3
25.744	3
25.779	3
25.86	3
25.97	3
25.972	3
26.084	3
26.332	3
26.489	3
26.505	3
26.858	3
27.047	3
27.449	3
27.58	3
27.611	3
27.649	3
27.736	3
28.012	3
28.63	3
28.717	3
28.969	3
29.116	3
29.142	3
29.606	3
29.641	3
29.732	3
29.815	3
31.817	3
32.527	3
32.893	3
33.68	3
35.769	3
36.929	3
39.563	3
48.645	3
19.592	1
19.594	1
19.632	2
19.71	2
19.712	2
19.752	2
19.91	2
19.937	2
19.943	2
19.945	2
19.982	2
20.022	2
20.074	2
20.098	2
20.099	2
20.12	2
20.127	2
20.165	2
20.213	2
20.245	2
20.245	2
20.401	2
20.455	2
20.515	2
20.546	2
20.636	2
20.638	2
20.652	2
20.677	2
20.81	3
20.935	3
21.051	3
21.221	3
21.239	3
21.308	3
21.364	3
21.395	3
21.516	3
21.684	3
21.698	3
22.016	3
22.487	3
22.683	3
23.07	3
23.204	3
23.523	3
23.654	3
23.666	3
23.688	3
24.178	3
24.593	3
25.065	3
25.613	3
25.744	3
25.779	3
25.86	3
25.97	3
25.972	3
26.084	3
26.332	3
26.489	3
26.505	3
26.858	3
27.047	3
27.449	3
27.58	3
27.611	3
27.649	3
27.736	3
28.012	3
28.63	3
28.717	3
28.969	3
29.116	3
29.142	3
29.606	3
29.641	3
29.732	3
29.815	3
31.817	3
32.527	3
32.893	3
33.68	3
35.769	3
36.929	3
39.563	3
48.645	3
19.592	1
19.594	1
19.632	1
19.71	2
19.712	2
19.752	2
19.91	2
19.937	2
19.943	2
19.945	2
19.982	3
20.022	3
20.074	3
20.098	3
20.099	3
20.12	3
20.127	3
20.165	3
20.213	3
20.245	3
20.245	3
20.401	3
20.455	3
20.515	3
20.546	3
20.636	3
20.638	3
20.652	3
20.677	3
20.81	3
20.935	3
21.051	3
21.221	3
21.239	3
21.308	3
21.364	3
21.395	3
21.516	3
21.684	3
21.698	3
22.016	3
22.487	3
22.683	3
23.07	3
23.204	3
23.523	3
23.654	3
23.666	3
23.688	3
24.178	3
24.593	3
25.065	3
25.613	3
25.744	3
25.779	3
25.86	3
25.97	3
25.972	3
26.084	3
26.332	3
26.489	3
26.505	3
26.858	3
27.047	3
27.449	3
27.58	3
27.611	3
27.649	3
27.736	3
28.012	3
28.63	3
28.717	3
28.969	3
29.116	3
29.142	3
29.606	3
29.641	3
29.732	3
29.815	3
31.817	3
32.527	3
32.893	3
33.68	3
35.769	3
36.929	3
39.563	3
48.645	3
19.71	1
19.712	1
19.752	1
19.91	1
19.937	1
19.943	2
19.945	2
19.982	2
20.022	2
20.074	2
20.098	2
20.099	2
20.12	2
20.127	3
20.165	3
20.213	3
20.245	3
20.245	3
20.401	3
20.455	3
20.515	3
20.546	3
20.636	3
20.638	3
20.652	3
20.677	3
20.81	3
20.935	3
21.051	3
21.221	3
21.239	3
21.308	3
21.364	3
21.395	3
21.516	3
21.684	3
21.698	3
22.016	3
22.487	3
22.683	3
23.07	3
23.204	3
23.523	3
23.654	3
23.666	3
23.688	3
24.178	3
24.593	3
25.065	3
25.613	3
25.744	3
25.779	3
25.86	3
25.97	3
25.972	3
26.084	3
26.332	3
26.489	3
26.505	3
26.858	3
27.047	3
27.449	3
27.58	3
27.611	3
27.649	3
27.736	3
28.012	3
28.63	3
28.717	3
28.969	3
29.116	3
29.142	3
29.606	3
29.641	3
29.732	3
29.815	3
31.817	3
32.527	3
32.893	3
33.68	3
35.769	3
36.929	3
39.563	3
48.645	3
19.937	1
19.943	1
19.945	1
19.982	1
20.022	1
20.074	1
20.098	1
20.099	1
20.12	1
20.127	1
20.165	1
20.213	1
20.245	2
20.245	2
20.401	2
20.455	2
20.515	2
20.546	3
20.636	3
20.638	3
20.652	3
20.677	3
20.81	3
20.935	3
21.051	3
21.221	3
21.239	3
21.308	3
21.364	3
21.395	3
21.516	3
21.684	3
21.698	3
22.016	3
22.487	3
22.683	3
23.07	3
23.204	3
23.523	3
23.654	3
23.666	3
23.688	3
24.178	3
24.593	3
25.065	3
25.613	3
25.744	3
25.779	3
25.86	3
25.97	3
25.972	3
26.084	3
26.332	3
26.489	3
26.505	3
26.858	3
27.047	3
27.449	3
27.58	3
27.611	3
27.649	3
27.736	3
28.012	3
28.63	3
28.717	3
28.969	3
29.116	3
29.142	3
29.606	3
29.641	3
29.732	3
29.815	3
31.817	3
32.527	3
32.893	3
33.68	3
35.769	3
36.929	3
39.563	3
48.645	3
19.458	1
19.462	1
19.466	1
19.476	1
19.481	1
19.486	1
19.492	1
19.502	1
19.502	1
19.515	1
19.518	1
19.527	1
19.536	1
19.537	1
19.556	1
19.558	1
19.561	1
19.562	1
19.571	1
19.572	1
19.589	1
19.592	1
19.594	1
19.632	2
19.71	2
19.712	2
19.752	3
19.91	4
19.937	4
19.943	4
19.945	4
19.982	4
20.022	4
20.074	4
20.098	4
20.099	4
20.12	4
20.127	4
20.165	4
20.213	4
20.245	4
20.245	4
20.401	4
20.455	4
20.515	4
20.546	4
20.636	4
20.638	4
20.652	4
20.677	4
20.81	4
20.935	4
21.051	4
21.221	4
21.239	4
21.308	4
21.364	4
21.395	4
21.516	4
21.684	4
21.698	4
22.016	4
22.487	4
22.683	4
23.07	4
23.204	4
23.523	4
23.654	4
23.666	4
23.688	4
24.178	4
24.593	4
25.065	4
25.613	4
25.744	4
25.779	4
25.86	4
25.97	4
25.972	3
26.084	3
26.332	3
26.489	3
26.505	3
26.858	3
27.047	3
27.449	3
27.58	3
27.611	3
27.649	3
27.736	3
28.012	3
28.63	3
28.717	3
28.969	3
29.116	3
29.142	3
29.606	3
29.641	3
29.732	3
29.815	3
31.817	3
32.527	3
32.893	3
33.68	3
35.769	3
36.929	3
39.563	3
48.645	3
19.712	1
19.752	1
19.91	1
19.937	1
19.943	1
19.945	1
19.982	1
20.022	1
20.074	1
20.098	1
20.099	1
20.12	1
20.127	2
20.165	2
20.213	2
20.245	2
20.245	2
20.401	2
20.455	2
20.515	2
20.546	2
20.636	2
20.638	2
20.652	2
20.677	2
20.81	3
20.935	3
21.051	3
21.221	3
21.239	3
21.308	3
21.364	3
21.395	3
21.516	3
21.684	3
21.698	3
22.016	3
22.487	3
22.683	3
23.07	3
23.204	3
23.523	3
23.654	3
23.666	3
23.688	3
24.178	3
24.593	3
25.065	3
25.613	3
25.744	3
25.779	3
25.86	3
25.97	3
25.972	3
26.084	3
26.332	3
26.489	3
26.505	3
26.858	3
27.047	3
27.449	3
27.58	3
27.611	3
27.649	3
27.736	3
28.012	3
28.63	3
28.717	3
28.969	3
29.116	3
29.142	3
29.606	3
29.641	3
29.732	3
29.815	3
31.817	3
32.527	3
32.893	3
33.68	3
35.769	3
36.929	3
39.563	3
48.645	3
19.632	1
19.71	1
19.712	1
19.752	1
19.91	1
19.937	1
19.943	1
19.945	1
19.982	1
20.022	1
20.074	1
20.098	1
20.099	1
20.12	1
20.127	2
20.165	2
20.213	2
20.245	2
20.245	2
20.401	2
20.455	2
20.515	2
20.546	2
20.636	2
20.638	2
20.652	2
20.677	2
20.81	3
20.935	3
21.051	3
21.221	3
21.239	3
21.308	3
21.364	3
21.395	3
21.516	3
21.684	3
21.698	3
22.016	3
22.487	3
22.683	3
23.07	3
23.204	3
23.523	3
23.654	3
23.666	3
23.688	3
24.178	3
24.593	3
25.065	3
25.613	3
25.744	3
25.779	3
25.86	3
25.97	3
25.972	3
26.084	3
26.332	3
26.489	3
26.505	3
26.858	3
27.047	3
27.449	3
27.58	3
27.611	3
27.649	3
27.736	3
28.012	3
28.63	3
28.717	3
28.969	3
29.116	3
29.142	3
29.606	3
29.641	3
29.732	3
29.815	3
31.817	3
32.527	3
32.893	3
33.68	3
35.769	3
36.929	3
39.563	3
48.645	3
19.943	1
19.945	1
19.982	1
20.022	1
20.074	1
20.098	1
20.099	1
20.12	1
20.127	1
20.165	1
20.213	1
20.245	1
20.245	1
20.401	1
20.455	1
20.515	1
20.546	1
20.636	1
20.638	1
20.652	1
20.677	1
20.81	2
20.935	2
21.051	2
21.221	2
21.239	2
21.308	2
21.364	2
21.395	2
21.516	2
21.684	2
21.698	2
22.016	2
22.487	2
22.683	2
23.07	2
23.204	2
23.523	2
23.654	2
23.666	2
23.688	2
24.178	2
24.593	2
25.065	2
25.613	2
25.744	2
25.779	2
25.86	2
25.97	2
25.972	2
26.084	3
26.332	3
26.489	3
26.505	3
26.858	3
27.047	3
27.449	3
27.58	3
27.611	3
27.649	3
27.736	3
28.012	3
28.63	3
28.717	3
28.969	3
29.116	3
29.142	3
29.606	3
29.641	3
29.732	3
29.815	3
31.817	3
32.527	3
32.893	3
33.68	3
35.769	3
36.929	3
39.563	3
48.645	3
19.937	1
19.943	2
19.945	2
19.982	2
20.022	2
20.074	2
20.098	2
20.099	2
20.12	2
20.127	2
20.165	2
20.213	2
20.245	2
20.245	2
20.401	2
20.455	2
20.515	2
20.546	3
20.636	3
20.638	3
20.652	3
20.677	3
20.81	3
20.935	3
21.051	3
21.221	3
21.239	3
21.308	3
21.364	3
21.395	3
21.516	3
21.684	3
21.698	3
22.016	3
22.487	3
22.683	3
23.07	3
23.204	3
23.523	3
23.654	3
23.666	3
23.688	3
24.178	3
24.593	3
25.065	3
25.613	3
25.744	3
25.779	3
25.86	3
25.97	3
25.972	3
26.084	3
26.332	3
26.489	3
26.505	3
26.858	3
27.047	3
27.449	3
27.58	3
27.611	3
27.649	3
27.736	3
28.012	3
28.63	3
28.717	3
28.969	3
29.116	3
29.142	3
29.606	3
29.641	3
29.732	3
29.815	3
31.817	3
32.527	3
32.893	3
33.68	3
35.769	3
36.929	3
39.563	3
48.645	3
19.712	1
19.752	2
19.91	3
19.937	3
19.943	3
19.945	3
19.982	3
20.022	3
20.074	3
20.098	3
20.099	3
20.12	3
20.127	3
20.165	3
20.213	3
20.245	3
20.245	3
20.401	3
20.455	3
20.515	3
20.546	3
20.636	3
20.638	3
20.652	3
20.677	3
20.81	3
20.935	3
21.051	3
21.221	3
21.239	3
21.308	3
21.364	3
21.395	3
21.516	3
21.684	3
21.698	3
22.016	3
22.487	3
22.683	3
23.07	3
23.204	3
23.523	3
23.654	3
23.666	3
23.688	3
24.178	3
24.593	3
25.065	3
25.613	3
25.744	3
25.779	3
25.86	3
25.97	3
25.972	3
26.084	3
26.332	3
26.489	3
26.505	3
26.858	3
27.047	3
27.449	3
27.58	3
27.611	3
27.649	3
27.736	3
28.012	3
28.63	3
28.717	3
28.969	3
29.116	3
29.142	3
29.606	3
29.641	3
29.732	3
29.815	3
31.817	3
32.527	3
32.893	3
33.68	3
35.769	3
36.929	3
39.563	3
48.645	3
19.752	1
19.91	1
19.937	2
19.943	2
19.945	2
19.982	2
20.022	2
20.074	2
20.098	2
20.099	2
20.12	2
20.127	2
20.165	2
20.213	2
20.245	2
20.245	2
20.401	2
20.455	2
20.515	2
20.546	2
20.636	2
20.638	2
20.652	2
20.677	2
20.81	2
20.935	2
21.051	2
21.221	2
21.239	2
21.308	2
21.364	2
21.395	2
21.516	2
21.684	2
21.698	2
22.016	2
22.487	2
22.683	2
23.07	2
23.204	2
23.523	2
23.654	2
23.666	2
23.688	2
24.178	2
24.593	2
25.065	2
25.613	2
25.744	2
25.779	2
25.86	2
25.97	2
25.972	2
26.084	3
26.332	3
26.489	3
26.505	3
26.858	3
27.047	3
27.449	3
27.58	3
27.611	3
27.649	3
27.736	3
28.012	3
28.63	3
28.717	3
28.969	3
29.116	3
29.142	3
29.606	3
29.641	3
29.732	3
29.815	3
31.817	3
32.527	3
32.893	3
33.68	3
35.769	3
36.929	3
39.563	3
48.645	3
19.752	1
19.91	1
19.937	1
19.943	1
19.945	1
19.982	1
20.022	1
20.074	1
20.098	1
20.099	1
20.12	1
20.127	1
20.165	1
20.213	1
20.245	1
20.245	1
20.401	1
20.455	1
20.515	1
20.546	1
20.636	1
20.638	1
20.652	1
20.677	1
20.81	2
20.935	2
21.051	2
21.221	2
21.239	2
21.308	2
21.364	2
21.395	2
21.516	2
21.684	2
21.698	2
22.016	2
22.487	2
22.683	2
23.07	2
23.204	2
23.523	2
23.654	2
23.666	2
23.688	2
24.178	2
24.593	2
25.065	2
25.613	2
25.744	2
25.779	2
25.86	2
25.97	2
25.972	2
26.084	3
26.332	3
26.489	3
26.505	3
26.858	3
27.047	3
27.449	3
27.58	3
27.611	3
27.649	3
27.736	3
28.012	3
28.63	3
28.717	3
28.969	3
29.116	3
29.142	3
29.606	3
29.641	3
29.732	3
29.815	3
31.817	3
32.527	3
32.893	3
33.68	3
35.769	3
36.929	3
39.563	3
48.645	3
19.91	1
19.937	1
19.943	1
19.945	1
19.982	2
20.022	2
20.074	2
20.098	2
20.099	2
20.12	2
20.127	2
20.165	2
20.213	2
20.245	2
20.245	2
20.401	2
20.455	2
20.515	2
20.546	2
20.636	2
20.638	2
20.652	2
20.677	2
20.81	2
20.935	2
21.051	2
21.221	2
21.239	2
21.308	2
21.364	2
21.395	2
21.516	2
21.684	2
21.698	2
22.016	2
22.487	2
22.683	2
23.07	2
23.204	2
23.523	2
23.654	2
23.666	2
23.688	2
24.178	2
24.593	2
25.065	2
25.613	2
25.744	2
25.779	2
25.86	2
25.97	2
25.972	2
26.084	3
26.332	3
26.489	3
26.505	3
26.858	3
27.047	3
27.449	3
27.58	3
27.611	3
27.649	3
27.736	3
28.012	3
28.63	3
28.717	3
28.969	3
29.116	3
29.142	3
29.606	3
29.641	3
29.732	3
29.815	3
31.817	3
32.527	3
32.893	3
33.68	3
35.769	3
36.929	3
39.563	3
48.645	3
19.91	1
19.937	1
19.943	1
19.945	1
19.982	1
20.022	1
20.074	1
20.098	1
20.099	1
20.12	1
20.127	1
20.165	1
20.213	1
20.245	2
20.245	2
20.401	2
20.455	2
20.515	2
20.546	2
20.636	2
20.638	2
20.652	2
20.677	2
20.81	2
20.935	2
21.051	2
21.221	2
21.239	2
21.308	2
21.364	2
21.395	2
21.516	2
21.684	2
21.698	2
22.016	2
22.487	2
22.683	2
23.07	2
23.204	2
23.523	2
23.654	2
23.666	2
23.688	2
24.178	2
24.593	2
25.065	2
25.613	2
25.744	2
25.779	2
25.86	2
25.97	2
25.972	2
26.084	3
26.332	3
26.489	3
26.505	3
26.858	3
27.047	3
27.449	3
27.58	3
27.611	3
27.649	3
27.736	3
28.012	3
28.63	3
28.717	3
28.969	3
29.116	3
29.142	3
29.606	3
29.641	3
29.732	3
29.815	3
31.817	3
32.527	3
32.893	3
33.68	3
35.769	3
36.929	3
39.563	3
48.645	3
19.712	1
19.752	1
19.91	1
19.937	1
19.943	1
19.945	1
19.982	1
20.022	1
20.074	1
20.098	1
20.099	1
20.12	1
20.127	2
20.165	2
20.213	2
20.245	2
20.245	2
20.401	2
20.455	2
20.515	2
20.546	2
20.636	2
20.638	2
20.652	2
20.677	2
20.81	3
20.935	3
21.051	3
21.221	3
21.239	3
21.308	3
21.364	3
21.395	3
21.516	3
21.684	3
21.698	3
22.016	3
22.487	3
22.683	3
23.07	3
23.204	3
23.523	3
23.654	3
23.666	3
23.688	3
24.178	3
24.593	3
25.065	3
25.613	3
25.744	3
25.779	3
25.86	3
25.97	3
25.972	3
26.084	3
26.332	3
26.489	3
26.505	3
26.858	3
27.047	3
27.449	3
27.58	3
27.611	3
27.649	3
27.736	3
28.012	3
28.63	3
28.717	3
28.969	3
29.116	3
29.142	3
29.606	3
29.641	3
29.732	3
29.815	3
31.817	3
32.527	3
32.893	3
33.68	3
35.769	3
36.929	3
39.563	3
48.645	3
19.592	1
19.594	1
19.632	1
19.71	1
19.712	1
19.752	1
19.91	1
19.937	1
19.943	1
19.945	1
19.982	2
20.022	2
20.074	2
20.098	2
20.099	2
20.12	2
20.127	2
20.165	2
20.213	2
20.245	2
20.245	2
20.401	2
20.455	2
20.515	2
20.546	2
20.636	2
20.638	2
20.652	2
20.677	2
20.81	3
20.935	3
21.051	3
21.221	3
21.239	3
21.308	3
21.364	3
21.395	3
21.516	3
21.684	3
21.698	3
22.016	3
22.487	3
22.683	3
23.07	3
23.204	3
23.523	3
23.654	3
23.666	3
23.688	3
24.178	3
24.593	3
25.065	3
25.613	3
25.744	3
25.779	3
25.86	3
25.97	3
25.972	3
26.084	3
26.332	3
26.489	3
26.505	3
26.858	3
27.047	3
27.449	3
27.58	3
27.611	3
27.649	3
27.736	3
28.012	3
28.63	3
28.717	3
28.969	3
29.116	3
29.142	3
29.606	3
29.641	3
29.732	3
29.815	3
31.817	3
32.527	3
32.893	3
33.68	3
35.769	3
36.929	3
39.563	3
48.645	3
19.592	1
19.594	1
19.632	1
19.71	1
19.712	2
19.752	2
19.91	2
19.937	2
19.943	2
19.945	2
19.982	2
20.022	2
20.074	2
20.098	2
20.099	2
20.12	2
20.127	2
20.165	2
20.213	2
20.245	2
20.245	2
20.401	2
20.455	2
20.515	2
20.546	2
20.636	2
20.638	2
20.652	2
20.677	2
20.81	2
20.935	2
21.051	2
21.221	2
21.239	2
21.308	2
21.364	2
21.395	2
21.516	2
21.684	2
21.698	2
22.016	2
22.487	2
22.683	2
23.07	2
23.204	2
23.523	2
23.654	2
23.666	2
23.688	2
24.178	2
24.593	2
25.065	2
25.613	2
25.744	2
25.779	2
25.86	2
25.97	2
25.972	2
26.084	3
26.332	3
26.489	3
26.505	3
26.858	3
27.047	3
27.449	3
27.58	3
27.611	3
27.649	3
27.736	3
28.012	3
28.63	3
28.717	3
28.969	3
29.116	3
29.142	3
29.606	3
29.641	3
29.732	3
29.815	3
31.817	3
32.527	3
32.893	3
33.68	3
35.769	3
36.929	3
39.563	3
48.645	3
19.451	1
19.458	1
19.462	1
19.466	1
19.476	1
19.481	1
19.486	1
19.492	1
19.502	1
19.502	1
19.515	1
19.518	1
19.527	1
19.536	1
19.537	1
19.556	1
19.558	1
19.561	1
19.562	1
19.571	1
19.572	1
19.589	1
19.592	2
19.594	2
19.632	2
19.71	2
19.712	2
19.752	2
19.91	2
19.937	2
19.943	2
19.945	2
19.982	2
20.022	2
20.074	2
20.098	2
20.099	2
20.12	3
20.127	3
20.165	3
20.213	3
20.245	3
20.245	3
20.401	3
20.455	3
20.515	3
20.546	3
20.636	3
20.638	3
20.652	3
20.677	3
20.81	3
20.935	3
21.051	3
21.221	3
21.239	3
21.308	3
21.364	3
21.395	3
21.516	3
21.684	3
21.698	3
22.016	3
22.487	3
22.683	3
23.07	3
23.204	3
23.523	3
23.654	3
23.666	3
23.688	3
24.178	3
24.593	3
25.065	3
25.613	3
25.744	3
25.779	3
25.86	3
25.97	3
25.972	3
26.084	4
26.332	4
26.489	4
26.505	4
26.858	4
27.047	4
27.449	4
27.58	4
27.611	4
27.649	4
27.736	4
28.012	4
28.63	4
28.717	4
28.969	4
29.116	4
29.142	4
29.606	4
29.641	4
29.732	4
29.815	4
31.817	4
32.527	4
32.893	3
33.68	3
35.769	3
36.929	3
39.563	3
48.645	3
20.127	1
20.165	1
20.213	1
20.245	2
20.245	2
20.401	2
20.455	2
20.515	2
20.546	2
20.636	2
20.638	2
20.652	2
20.677	2
20.81	2
20.935	2
21.051	2
21.221	2
21.239	2
21.308	2
21.364	2
21.395	2
21.516	2
21.684	2
21.698	2
22.016	2
22.487	2
22.683	2
23.07	2
23.204	2
23.523	2
23.654	2
23.666	2
23.688	2
24.178	2
24.593	2
25.065	2
25.613	2
25.744	2
25.779	2
25.86	2
25.97	2
25.972	2
26.084	3
26.332	3
26.489	3
26.505	3
26.858	3
27.047	3
27.449	3
27.58	3
27.611	3
27.649	3
27.736	3
28.012	3
28.63	3
28.717	3
28.969	3
29.116	3
29.142	3
29.606	3
29.641	3
29.732	3
29.815	3
31.817	3
32.527	3
32.893	3
33.68	3
35.769	3
36.929	3
39.563	3
48.645	3
19.492	1
19.502	1
19.502	1
19.515	1
19.518	1
19.527	1
19.536	1
19.537	1
19.556	1
19.558	1
19.561	1
19.562	1
19.571	1
19.572	1
19.589	1
19.592	1
19.594	1
19.632	2
19.71	2
19.712	2
19.752	2
19.91	2
19.937	2
19.943	2
19.945	2
19.982	3
20.022	3
20.074	3
20.098	3
20.099	3
20.12	3
20.127	3
20.165	3
20.213	3
20.245	3
20.245	3
20.401	3
20.455	3
20.515	3
20.546	3
20.636	3
20.638	3
20.652	3
20.677	3
20.81	3
20.935	3
21.051	4
21.221	4
21.239	4
21.308	4
21.364	5
21.395	5
21.516	5
21.684	5
21.698	5
22.016	5
22.487	5
22.683	5
23.07	5
23.204	5
23.523	5
23.654	4
23.666	4
23.688	4
24.178	4
24.593	4
25.065	4
25.613	4
25.744	4
25.779	4
25.86	4
25.97	4
25.972	4
26.084	4
26.332	4
26.489	4
26.505	4
26.858	4
27.047	4
27.449	4
27.58	4
27.611	4
27.649	4
27.736	4
28.012	4
28.63	4
28.717	4
28.969	4
29.116	4
29.142	4
29.606	4
29.641	4
29.732	4
29.815	4
31.817	4
32.527	4
32.893	4
33.68	4
35.769	4
36.929	4
39.563	3
48.645	3
19.71	1
19.712	1
19.752	1
19.91	2
19.937	2
19.943	2
19.945	2
19.982	2
20.022	2
20.074	2
20.098	2
20.099	2
20.12	2
20.127	2
20.165	2
20.213	2
20.245	2
20.245	2
20.401	2
20.455	2
20.515	2
20.546	2
20.636	2
20.638	2
20.652	2
20.677	2
20.81	3
20.935	3
21.051	3
21.221	3
21.239	3
21.308	3
21.364	3
21.395	3
21.516	3
21.684	3
21.698	3
22.016	3
22.487	3
22.683	3
23.07	3
23.204	3
23.523	3
23.654	3
23.666	3
23.688	3
24.178	3
24.593	3
25.065	3
25.613	3
25.744	3
25.779	3
25.86	3
25.97	3
25.972	3
26.084	3
26.332	3
26.489	3
26.505	3
26.858	3
27.047	3
27.449	3
27.58	3
27.611	3
27.649	3
27.736	3
28.012	3
28.63	3
28.717	3
28.969	3
29.116	3
29.142	3
29.606	3
29.641	3
29.732	3
29.815	3
31.817	3
32.527	3
32.893	3
33.68	3
35.769	3
36.929	3
39.563	3
48.645	3
19.752	1
19.91	1
19.937	1
19.943	2
19.945	2
19.982	2
20.022	2
20.074	2
20.098	2
20.099	2
20.12	2
20.127	2
20.165	2
20.213	2
20.245	2
20.245	2
20.401	2
20.455	2
20.515	2
20.546	2
20.636	2
20.638	2
20.652	2
20.677	2
20.81	3
20.935	3
21.051	3
21.221	3
21.239	3
21.308	3
21.364	3
21.395	3
21.516	3
21.684	3
21.698	3
22.016	3
22.487	3
22.683	3
23.07	3
23.204	3
23.523	3
23.654	3
23.666	3
23.688	3
24.178	3
24.593	3
25.065	3
25.613	3
25.744	3
25.779	3
25.86	3
25.97	3
25.972	3
26.084	3
26.332	3
26.489	3
26.505	3
26.858	3
27.047	3
27.449	3
27.58	3
27.611	3
27.649	3
27.736	3
28.012	3
28.63	3
28.717	3
28.969	3
29.116	3
29.142	3
29.606	3
29.641	3
29.732	3
29.815	3
31.817	3
32.527	3
32.893	3
33.68	3
35.769	3
36.929	3
39.563	3
48.645	3
19.632	1
19.71	1
19.712	1
19.752	1
19.91	1
19.937	2
19.943	3
19.945	3
19.982	3
20.022	3
20.074	3
20.098	3
20.099	3
20.12	3
20.127	3
20.165	3
20.213	3
20.245	3
20.245	3
20.401	3
20.455	3
20.515	3
20.546	3
20.636	3
20.638	3
20.652	3
20.677	3
20.81	3
20.935	3
21.051	3
21.221	3
21.239	3
21.308	3
21.364	3
21.395	3
21.516	3
21.684	3
21.698	3
22.016	3
22.487	3
22.683	3
23.07	3
23.204	3
23.523	3
23.654	3
23.666	3
23.688	3
24.178	3
24.593	3
25.065	3
25.613	3
25.744	3
25.779	3
25.86	3
25.97	3
25.972	3
26.084	3
26.332	3
26.489	3
26.505	3
26.858	3
27.047	3
27.449	3
27.58	3
27.611	3
27.649	3
27.736	3
28.012	3
28.63	3
28.717	3
28.969	3
29.116	3
29.142	3
29.606	3
29.641	3
29.732	3
29.815	3
31.817	3
32.527	3
32.893	3
33.68	3
35.769	3
36.929	3
39.563	3
48.645	3
19.71	1
19.712	1
19.752	2
19.91	2
19.937	2
19.943	3
19.945	3
19.982	3
20.022	3
20.074	3
20.098	3
20.099	3
20.12	3
20.127	3
20.165	3
20.213	3
20.245	3
20.245	3
20.401	3
20.455	3
20.515	3
20.546	3
20.636	3
20.638	3
20.652	3
20.677	3
20.81	3
20.935	3
21.051	3
21.221	3
21.239	3
21.308	3
21.364	3
21.395	3
21.516	3
21.684	3
21.698	3
22.016	3
22.487	3
22.683	3
23.07	3
23.204	3
23.523	3
23.654	3
23.666	3
23.688	3
24.178	3
24.593	3
25.065	3
25.613	3
25.744	3
25.779	3
25.86	3
25.97	3
25.972	3
26.084	3
26.332	3
26.489	3
26.505	3
26.858	3
27.047	3
27.449	3
27.58	3
27.611	3
27.649	3
27.736	3
28.012	3
28.63	3
28.717	3
28.969	3
29.116	3
29.142	3
29.606	3
29.641	3
29.732	3
29.815	3
31.817	3
32.527	3
32.893	3
33.68	3
35.769	3
36.929	3
39.563	3
48.645	3
19.592	1
19.594	1
19.632	1
19.71	2
19.712	2
19.752	2
19.91	2
19.937	2
19.943	3
19.945	3
19.982	3
20.022	3
20.074	3
20.098	3
20.099	3
20.12	3
20.127	3
20.165	3
20.213	3
20.245	3
20.245	3
20.401	3
20.455	3
20.515	3
20.546	3
20.636	3
20.638	3
20.652	3
20.677	3
20.81	3
20.935	3
21.051	3
21.221	3
21.239	3
21.308	3
21.364	3
21.395	3
21.516	3
21.684	3
21.698	3
22.016	3
22.487	3
22.683	3
23.07	3
23.204	3
23.523	3
23.654	3
23.666	3
23.688	3
24.178	3
24.593	3
25.065	3
25.613	3
25.744	3
25.779	3
25.86	3
25.97	3
25.972	3
26.084	3
26.332	3
26.489	3
26.505	3
26.858	3
27.047	3
27.449	3
27.58	3
27.611	3
27.649	3
27.736	3
28.012	3
28.63	3
28.717	3
28.969	3
29.116	3
29.142	3
29.606	3
29.641	3
29.732	3
29.815	3
31.817	3
32.527	3
32.893	3
33.68	3
35.769	3
36.929	3
39.563	3
48.645	3
