0.0	1
0.0	1
0.0	1
0.0	1
0.0	1
0.0	1
0.0	1
0.0	1
0.0	1
0.0	1
0.0	1
0.0	1
0.0	1
0.0	1
0.0	1
0.0	1
0.0	1
0.0	1
0.0	1
0.0	1
0.0	1
0.0	1
0.0	1
0.0	1
0.0	1
0.0	1
0.0	1
0.0	1
0.0	1
0.0	1
0.0	1
0.0	1
0.0	1
0.0	1
0.0	1
0.0	1
0.0	1
0.0	1
0.0	1
0.0	1
0.0	1
0.0	1
0.0	1
0.0	1
0.0	1
0.0	1
0.0	1
0.0	1
0.0	1
0.0	1
0.0	1
0.0	1
0.0	1
0.0	1
0.0	1
0.0	1
0.0	1
0.0	1
0.0	1
0.0	1
0.0	1
0.0	1
0.0	1
0.0	1
0.0	1
0.0	1
0.0	1
0.0	1
0.0	1
0.0	1
0.0	1
0.0	1
0.0	1
0.0	1
0.0	1
0.0	1
0.0	1
0.0	1
0.0	1
0.0	1
0.0	1
0.0	1
0.0	1
0.0	1
0.0	1
0.0	1
0.0	1
0.0	1
0.0	1
0.0	1
0.0	1
0.001	1
0.001	1
0.001	1
0.001	1
0.001	1
0.001	1
0.001	1
0.001	1
0.001	1
0.001	1
0.001	1
0.001	1
0.001	1
0.001	1
0.001	1
0.001	1
0.001	1
0.001	1
0.001	1
0.001	1
0.001	1
0.001	1
0.001	1
0.001	1
0.001	1
0.001	1
0.001	1
0.001	1
0.001	1
0.001	1
0.001	1
0.001	1
0.001	1
0.001	1
0.001	1
0.001	1
0.001	1
0.001	1
0.001	1
0.001	1
0.001	1
0.001	1
0.001	1
0.001	1
0.001	1
0.001	1
0.001	1
0.001	1
0.001	1
0.001	1
0.001	1
0.001	1
0.001	1
0.001	1
0.001	1
0.001	1
0.001	1
0.001	1
0.001	1
0.001	1
0.001	1
0.001	1
0.001	1
0.001	1
0.001	1
0.001	1
0.001	1
0.001	1
0.001	1
0.001	1
0.001	1
0.001	1
0.001	1
0.001	1
0.001	1
0.001	1
0.001	1
0.001	1
0.001	1
0.001	1
0.001	1
0.001	1
0.001	1
0.002	1
0.002	1
0.002	1
0.002	1
0.002	1
0.002	1
0.002	1
0.002	1
0.002	1
0.002	1
0.002	1
0.002	1
0.002	1
0.002	1
0.002	1
0.002	1
0.002	1
0.002	1
0.002	1
0.002	1
0.002	1
0.002	1
0.002	1
0.002	1
0.002	1
0.002	1
0.002	1
0.002	1
0.002	1
0.002	1
0.002	1
0.002	1
0.002	1
0.002	1
0.002	1
0.002	1
0.002	1
0.002	1
0.002	1
0.002	1
0.002	1
0.002	1
0.002	1
0.002	1
0.002	1
0.002	1
0.002	1
0.002	1
0.002	1
0.002	1
0.002	1
0.002	1
0.002	1
0.002	1
0.002	1
0.002	1
0.002	1
0.002	1
0.002	1
0.002	1
0.002	1
0.002	1
0.002	1
0.002	1
0.002	1
0.002	1
0.002	1
0.002	1
0.002	1
0.002	1
0.002	1
0.003	1
0.003	1
0.003	1
0.003	1
0.003	1
0.003	1
0.003	1
0.003	1
0.003	1
0.003	1
0.003	1
0.003	1
0.003	1
0.003	1
0.003	1
0.003	1
0.003	1
0.003	1
0.003	1
0.003	1
0.003	1
0.003	1
0.003	1
0.003	1
0.003	1
0.003	1
0.003	1
0.003	1
0.003	1
0.003	1
0.003	1
0.003	1
0.003	1
0.003	1
0.003	1
0.003	1
0.003	1
0.003	1
0.003	1
0.003	1
0.003	1
0.003	1
0.003	1
0.003	1
0.003	1
0.003	1
0.003	1
0.003	1
0.003	1
0.003	1
0.003	1
0.003	1
0.003	1
0.003	1
0.003	1
0.003	1
0.003	1
0.003	1
0.003	1
0.003	1
0.003	1
0.003	1
0.003	1
0.003	1
0.003	1
0.003	1
0.003	1
0.003	1
0.003	1
0.003	1
0.003	1
0.003	1
0.003	1
0.004	1
0.004	1
0.004	1
0.004	1
0.004	1
0.004	1
0.004	1
0.004	1
0.004	1
0.004	1
0.004	1
0.004	1
0.004	1
0.004	1
0.004	1
0.004	1
0.004	1
0.004	1
0.004	1
0.004	1
0.004	1
0.004	1
0.004	1
0.004	1
0.004	1
0.004	1
0.004	1
0.004	1
0.004	1
0.004	1
0.004	1
0.004	1
0.004	1
0.004	1
0.004	1
0.004	1
0.004	1
0.004	1
0.004	1
0.004	1
0.004	1
0.004	1
0.004	1
0.004	1
0.004	1
0.004	1
0.004	1
0.004	1
0.004	1
0.004	1
0.004	1
0.004	1
0.004	1
0.004	1
0.004	1
0.004	1
0.004	1
0.004	1
0.004	1
0.004	1
0.004	1
0.004	1
0.004	1
0.004	1
0.004	1
0.004	1
0.004	1
0.004	1
0.004	1
0.004	1
0.004	1
0.004	1
0.005	1
0.005	1
0.005	1
0.005	1
0.005	1
0.005	1
0.005	1
0.005	1
0.005	1
0.005	1
0.005	1
0.005	1
0.005	1
0.005	1
0.005	1
0.005	1
0.005	1
0.005	1
0.005	1
0.005	1
0.005	1
0.005	1
0.005	1
0.005	1
0.005	1
0.005	1
0.005	1
0.005	1
0.005	1
0.005	1
0.005	1
0.005	1
0.005	1
0.005	1
0.005	1
0.005	1
0.005	1
0.005	1
0.005	1
0.005	1
0.005	1
0.005	1
0.005	1
0.005	1
0.005	1
0.005	1
0.005	1
0.005	1
0.005	1
0.005	1
0.005	1
0.005	1
0.005	1
0.005	1
0.005	1
0.005	1
0.005	1
0.005	1
0.005	1
0.005	1
0.005	1
0.005	1
0.005	1
0.005	1
0.005	1
0.005	1
0.005	1
0.005	1
0.005	1
0.005	1
0.006	1
0.006	1
0.006	1
0.006	1
0.006	1
0.006	1
0.006	1
0.006	1
0.006	1
0.006	1
0.006	1
0.006	1
0.006	1
0.006	1
0.006	1
0.006	1
0.006	1
0.006	1
0.006	1
0.006	1
0.006	1
0.006	1
0.006	1
0.006	1
0.006	1
0.006	1
0.006	1
0.006	1
0.006	1
0.006	1
0.006	1
0.006	1
0.006	1
0.006	1
0.006	1
0.006	1
0.006	1
0.006	1
0.006	1
0.006	1
0.006	1
0.006	1
0.006	1
0.006	1
0.006	1
0.006	1
0.006	1
0.006	1
0.006	1
0.006	1
0.006	1
0.006	1
0.006	1
0.006	1
0.006	1
0.006	1
0.006	1
0.006	1
0.006	1
0.006	1
0.006	1
0.006	1
0.006	1
0.006	1
0.006	1
0.006	1
0.006	1
0.006	1
0.006	1
0.006	1
0.006	1
0.006	1
0.006	1
0.006	1
0.006	1
0.006	1
0.006	1
0.006	1
0.006	1
0.006	1
0.006	1
0.006	1
0.006	1
0.007	1
0.007	1
0.007	1
0.007	1
0.007	1
0.007	1
0.007	1
0.007	1
0.007	1
0.007	1
0.007	1
0.007	1
0.007	1
0.007	1
0.007	1
0.007	1
0.007	1
0.007	1
0.007	1
0.007	1
0.007	1
0.007	1
0.007	1
0.007	1
0.007	1
0.007	1
0.007	1
0.007	1
0.007	1
0.007	1
0.007	1
0.007	1
0.007	1
0.007	1
0.007	1
0.007	1
0.007	1
0.007	1
0.007	1
0.007	1
0.007	1
0.007	1
0.007	1
0.007	1
0.007	1
0.007	1
0.007	1
0.007	1
0.007	1
0.007	1
0.007	1
0.007	1
0.007	1
0.008	1
0.008	1
0.008	1
0.008	1
0.008	1
0.008	1
0.008	1
0.008	1
0.008	1
0.008	1
0.008	1
0.008	1
0.008	1
0.008	1
0.008	1
0.008	1
0.008	1
0.008	1
0.008	1
0.008	1
0.008	1
0.008	1
0.008	1
0.008	1
0.008	1
0.008	1
0.008	1
0.008	1
0.008	1
0.008	1
0.008	1
0.008	1
0.008	1
0.008	1
0.008	1
0.008	1
0.008	1
0.008	1
0.008	1
0.008	1
0.008	1
0.008	1
0.008	1
0.008	1
0.008	1
0.008	1
0.008	1
0.008	1
0.008	1
0.008	1
0.008	1
0.008	1
0.008	1
0.008	1
0.008	1
0.008	1
0.008	1
0.008	1
0.008	1
0.008	1
0.008	1
0.008	1
0.008	1
0.008	1
0.008	1
0.008	1
0.008	1
0.008	1
0.008	1
0.008	1
0.008	1
0.008	1
0.008	1
0.008	1
0.008	1
0.008	1
0.008	1
0.008	1
0.009	1
0.009	1
0.009	1
0.009	1
0.009	1
0.009	1
0.009	1
0.009	1
0.009	1
0.009	1
0.009	1
0.009	1
0.009	1
0.009	1
0.009	1
0.009	1
0.009	1
0.009	1
0.009	1
0.009	1
0.009	1
0.009	1
0.009	1
0.009	1
0.009	1
0.009	1
0.009	1
0.009	1
0.009	1
0.009	1
0.009	1
0.009	1
0.009	1
0.009	1
0.009	1
0.009	1
0.009	1
0.009	1
0.009	1
0.009	1
0.009	1
0.009	1
0.009	1
0.009	1
0.009	1
0.009	1
0.009	1
0.009	1
0.009	1
0.009	1
0.009	1
0.009	1
0.009	1
0.009	1
0.009	1
0.009	1
0.009	1
0.009	1
0.009	1
0.009	1
0.009	1
0.009	1
0.009	1
0.009	1
0.009	1
0.009	1
0.009	1
0.009	1
0.009	1
0.009	1
0.009	1
0.01	1
0.01	1
0.01	1
0.01	1
0.01	1
0.01	1
0.01	1
0.01	1
0.01	1
0.01	1
0.01	1
0.01	1
0.01	1
0.01	1
0.01	1
0.01	1
0.01	1
0.01	1
0.01	1
0.01	1
0.01	1
0.01	1
0.01	1
0.01	1
0.01	1
0.01	1
0.01	1
0.01	1
0.01	1
0.01	1
0.01	1
0.01	1
0.01	1
0.01	1
0.01	1
0.01	1
0.01	1
0.01	1
0.01	1
0.01	1
0.01	1
0.01	1
0.01	1
0.01	1
0.01	1
0.01	1
0.01	1
0.01	1
0.011	1
0.011	1
0.011	1
0.011	1
0.011	1
0.011	1
0.011	1
0.011	1
0.011	1
0.011	1
0.011	1
0.011	1
0.011	1
0.011	1
0.011	1
0.011	1
0.011	1
0.011	1
0.011	1
0.011	1
0.011	1
0.011	1
0.011	1
0.011	1
0.011	1
0.011	1
0.011	1
0.011	1
0.011	1
0.011	1
0.011	1
0.011	1
0.011	1
0.011	1
0.011	1
0.011	1
0.011	1
0.011	1
0.011	1
0.011	1
0.011	1
0.011	1
0.011	1
0.011	1
0.011	1
0.011	1
0.011	1
0.011	1
0.011	1
0.011	1
0.011	1
0.011	1
0.011	1
0.011	1
0.011	1
0.011	1
0.011	1
0.011	1
0.011	1
0.012	1
0.012	1
0.012	1
0.012	1
0.012	1
0.012	1
0.012	1
0.012	2
0.012	1
0.012	1
0.012	1
0.012	1
0.012	1
0.012	1
0.012	1
0.012	1
0.012	1
0.012	1
0.012	1
0.012	1
0.012	1
0.012	1
0.012	1
0.012	1
0.012	1
0.012	1
0.012	1
0.012	1
0.012	1
0.012	1
0.012	1
0.012	1
0.012	1
0.012	1
0.012	1
0.012	1
0.012	1
0.012	1
0.012	1
0.012	1
0.012	1
0.012	1
0.012	1
0.012	1
0.012	1
0.012	1
0.012	1
0.012	1
0.012	1
0.012	1
0.012	1
0.012	1
0.012	1
0.012	1
0.012	1
0.012	1
0.012	1
0.012	1
0.012	1
0.012	1
0.012	1
0.012	1
0.012	1
0.012	1
0.012	1
0.012	1
0.012	1
0.012	1
0.012	1
0.012	1
0.012	1
0.012	1
0.012	1
0.013	1
0.013	1
0.013	1
0.013	1
0.013	1
0.013	1
0.013	2
0.013	1
0.013	1
0.013	1
0.013	1
0.013	1
0.013	1
0.013	1
0.013	1
0.013	1
0.013	1
0.013	1
0.013	1
0.013	1
0.013	1
0.013	1
0.013	1
0.013	1
0.013	1
0.013	1
0.013	1
0.013	1
0.013	1
0.013	1
0.013	1
0.013	1
0.013	1
0.013	1
0.013	1
0.013	1
0.013	1
0.013	1
0.013	1
0.013	1
0.013	1
0.013	1
0.014	1
0.014	1
0.014	1
0.014	1
0.014	1
0.014	1
0.014	2
0.014	2
0.014	2
0.014	2
0.014	1
0.014	1
0.014	1
0.014	1
0.014	1
0.014	1
0.014	1
0.014	1
0.014	1
0.014	1
0.014	1
0.014	1
0.014	1
0.014	1
0.014	1
0.014	1
0.014	1
0.014	1
0.014	1
0.014	1
0.014	1
0.014	1
0.014	1
0.014	1
0.014	1
0.014	1
0.014	1
0.014	1
0.014	1
0.014	1
0.014	1
0.014	1
0.014	1
0.014	1
0.014	1
0.014	1
0.015	1
0.015	1
0.015	1
0.015	1
0.015	1
0.015	1
0.015	1
0.015	1
0.015	1
0.015	1
0.015	1
0.015	1
0.015	1
0.015	1
0.015	1
0.015	1
0.015	1
0.015	1
0.015	1
0.015	1
0.015	1
0.015	1
0.015	1
0.015	1
0.015	1
0.015	1
0.015	1
0.015	1
0.015	1
0.015	1
0.015	1
0.015	1
0.015	1
0.015	1
0.015	1
0.015	1
0.015	1
0.015	1
0.015	1
0.015	1
0.015	1
0.015	1
0.015	1
0.015	1
0.015	1
0.015	1
0.015	1
0.015	1
0.015	1
0.015	1
0.015	1
0.016	1
0.016	1
0.016	1
0.016	1
0.016	1
0.016	1
0.016	1
0.016	1
0.016	1
0.016	1
0.016	1
0.016	1
0.016	1
0.016	1
0.016	1
0.016	1
0.016	1
0.016	1
0.016	1
0.016	1
0.016	1
0.016	1
0.016	1
0.016	1
0.016	1
0.016	1
0.016	1
0.016	1
0.016	1
0.016	1
0.016	1
0.016	1
0.016	1
0.016	1
0.016	1
0.016	1
0.016	1
0.016	1
0.016	1
0.016	1
0.016	1
0.016	1
0.016	1
0.016	1
0.017	1
0.017	1
0.017	1
0.017	1
0.017	1
0.017	1
0.017	1
0.017	1
0.017	1
0.017	1
0.017	1
0.017	1
0.017	1
0.017	1
0.017	1
0.017	1
0.017	1
0.017	1
0.017	1
0.017	1
0.017	1
0.017	1
0.017	1
0.017	1
0.017	1
0.017	1
0.017	1
0.017	1
0.017	1
0.017	1
0.017	1
0.017	1
0.017	1
0.017	1
0.017	1
0.017	1
0.017	1
0.017	1
0.017	1
0.017	1
0.017	1
0.017	1
0.017	1
0.017	1
0.017	1
0.017	1
0.017	1
0.017	1
0.017	1
0.018	1
0.018	1
0.018	1
0.018	1
0.018	1
0.018	1
0.018	2
0.018	2
0.018	1
0.018	1
0.018	1
0.018	1
0.018	1
0.018	1
0.018	1
0.018	1
0.018	1
0.018	1
0.018	1
0.018	1
0.018	1
0.018	1
0.018	1
0.018	1
0.018	1
0.018	1
0.018	1
0.018	1
0.018	1
0.018	1
0.018	1
0.018	1
0.018	1
0.018	1
0.018	1
0.018	1
0.018	1
0.018	1
0.018	1
0.018	1
0.018	1
0.018	1
0.018	1
0.018	1
0.018	1
0.018	1
0.018	1
0.018	1
0.018	1
0.018	1
0.018	1
0.018	1
0.019	1
0.019	1
0.019	1
0.019	1
0.019	1
0.019	1
0.019	1
0.019	1
0.019	1
0.019	1
0.019	1
0.019	1
0.019	1
0.019	1
0.019	1
0.019	1
0.019	1
0.019	1
0.019	1
0.019	1
0.019	1
0.019	1
0.019	1
0.019	1
0.019	1
0.019	1
0.019	1
0.019	1
0.019	1
0.019	1
0.019	1
0.019	1
0.019	1
0.019	1
0.019	1
0.02	1
0.02	1
0.02	1
0.02	1
0.02	1
0.02	1
0.02	1
0.02	1
0.02	1
0.02	1
0.02	1
0.02	1
0.02	1
0.02	1
0.02	1
0.02	1
0.02	1
0.02	1
0.02	1
0.02	1
0.02	1
0.02	1
0.02	1
0.02	1
0.02	1
0.02	1
0.02	1
0.02	1
0.02	1
0.02	1
0.02	1
0.02	1
0.02	1
0.02	1
0.02	1
0.02	1
0.02	1
0.02	1
0.02	1
0.02	1
0.02	1
0.02	1
0.02	1
0.02	1
0.02	1
0.02	1
0.02	1
0.02	1
0.021	1
0.021	1
0.021	1
0.021	1
0.021	1
0.021	1
0.021	1
0.021	1
0.021	1
0.021	1
0.021	1
0.021	1
0.021	1
0.021	1
0.021	1
0.021	1
0.021	1
0.021	1
0.021	1
0.021	1
0.021	1
0.021	1
0.021	1
0.021	1
0.021	1
0.021	1
0.021	1
0.021	1
0.021	1
0.021	1
0.021	1
0.021	1
0.021	1
0.022	1
0.022	1
0.022	1
0.022	1
0.022	2
0.022	1
0.022	1
0.022	1
0.022	1
0.022	1
0.022	1
0.022	1
0.022	1
0.022	1
0.022	1
0.022	1
0.022	1
0.022	1
0.022	1
0.022	1
0.022	1
0.022	1
0.022	1
0.022	1
0.022	1
0.022	1
0.022	1
0.022	1
0.022	1
0.022	1
0.022	1
0.022	1
0.022	1
0.022	1
0.022	1
0.022	1
0.022	1
0.023	1
0.023	1
0.023	2
0.023	1
0.023	2
0.023	2
0.023	1
0.023	1
0.023	1
0.023	1
0.023	2
0.023	1
0.023	1
0.023	1
0.023	1
0.023	1
0.023	1
0.023	1
0.023	1
0.023	1
0.023	1
0.023	1
0.023	1
0.023	1
0.023	1
0.023	1
0.023	1
0.023	1
0.023	1
0.023	1
0.023	1
0.023	1
0.023	1
0.023	1
0.023	1
0.023	1
0.023	1
0.023	1
0.023	1
0.023	1
0.023	1
0.023	1
0.023	1
0.023	1
0.023	1
0.023	1
0.024	1
0.024	1
0.024	2
0.024	2
0.024	1
0.024	1
0.024	2
0.024	2
0.024	2
0.024	1
0.024	1
0.024	1
0.024	1
0.024	1
0.024	1
0.024	1
0.024	1
0.024	1
0.024	1
0.024	1
0.024	1
0.025	1
0.025	2
0.025	2
0.025	2
0.025	2
0.025	1
0.025	1
0.025	2
0.025	1
0.025	1
0.025	1
0.025	1
0.025	1
0.025	1
0.025	1
0.025	1
0.025	1
0.025	1
0.025	1
0.025	1
0.025	1
0.025	1
0.025	1
0.025	1
0.025	1
0.025	1
0.025	1
0.025	1
0.026	1
0.026	1
0.026	1
0.026	1
0.026	1
0.026	1
0.026	1
0.026	2
0.026	2
0.026	1
0.026	1
0.026	1
0.026	1
0.026	1
0.026	1
0.026	1
0.026	1
0.026	1
0.026	1
0.026	1
0.026	1
0.026	1
0.026	1
0.026	1
0.026	1
0.026	1
0.026	1
0.026	1
0.026	1
0.026	1
0.026	1
0.026	1
0.026	1
0.026	1
0.027	1
0.027	1
0.027	1
0.027	1
0.027	1
0.027	2
0.027	1
0.027	1
0.027	1
0.027	1
0.027	1
0.027	1
0.027	1
0.027	1
0.027	1
0.027	1
0.027	1
0.027	1
0.027	1
0.027	1
0.027	1
0.027	1
0.027	1
0.027	1
0.027	1
0.027	1
0.027	1
0.027	1
0.027	1
0.027	1
0.027	1
0.027	1
0.028	1
0.028	1
0.028	1
0.028	2
0.028	1
0.028	1
0.028	1
0.028	1
0.028	1
0.028	1
0.028	1
0.028	1
0.028	1
0.028	1
0.028	1
0.028	1
0.028	1
0.028	1
0.028	1
0.028	1
0.028	1
0.028	1
0.028	1
0.028	1
0.028	1
0.028	1
0.028	1
0.028	1
0.028	1
0.028	1
0.028	1
0.028	1
0.029	1
0.029	1
0.029	2
0.029	2
0.029	1
0.029	1
0.029	2
0.029	2
0.029	1
0.029	1
0.029	1
0.029	1
0.029	1
0.029	1
0.029	1
0.029	1
0.029	1
0.029	1
0.029	1
0.029	1
0.029	1
0.029	1
0.029	1
0.029	1
0.029	1
0.029	1
0.029	1
0.029	1
0.029	1
0.029	1
0.029	1
0.029	1
0.029	1
0.029	1
0.029	1
0.03	1
0.03	2
0.03	2
0.03	1
0.03	1
0.03	1
0.03	1
0.03	2
0.03	1
0.03	1
0.03	1
0.03	1
0.03	1
0.03	1
0.03	1
0.03	1
0.03	1
0.03	1
0.03	1
0.03	1
0.03	1
0.03	1
0.03	1
0.03	1
0.03	1
0.03	1
0.03	1
0.03	1
0.03	1
0.03	1
0.03	1
0.03	1
0.03	1
0.031	1
0.031	2
0.031	1
0.031	1
0.031	1
0.031	1
0.031	1
0.031	2
0.031	1
0.031	1
0.031	1
0.031	1
0.031	1
0.031	1
0.031	1
0.031	1
0.031	1
0.031	1
0.031	1
0.031	1
0.031	1
0.031	1
0.031	1
0.031	1
0.031	1
0.031	1
0.031	1
0.031	1
0.031	1
0.031	1
0.032	1
0.032	1
0.032	2
0.032	2
0.032	2
0.032	2
0.032	1
0.032	1
0.032	1
0.032	1
0.032	1
0.032	2
0.032	2
0.032	2
0.032	2
0.032	2
0.032	2
0.032	1
0.032	1
0.032	1
0.032	1
0.032	1
0.032	1
0.032	1
0.032	1
0.032	1
0.032	1
0.032	1
0.032	1
0.032	1
0.032	1
0.032	1
0.032	1
0.032	1
0.032	1
0.032	1
0.032	1
0.032	1
0.032	1
0.033	1
0.033	1
0.033	1
0.033	1
0.033	1
0.033	1
0.033	1
0.033	2
0.033	1
0.033	1
0.033	1
0.033	1
0.033	1
0.033	1
0.033	1
0.033	1
0.033	1
0.033	1
0.033	1
0.033	1
0.033	1
0.033	1
0.033	1
0.033	1
0.033	1
0.033	1
0.033	1
0.033	1
0.033	1
0.033	1
0.033	1
0.033	1
0.033	1
0.034	1
0.034	1
0.034	2
0.034	1
0.034	1
0.034	1
0.034	1
0.034	1
0.034	1
0.034	1
0.034	1
0.034	1
0.034	1
0.034	1
0.034	1
0.034	1
0.034	1
0.034	1
0.034	1
0.034	1
0.034	1
0.034	1
0.034	1
0.034	1
0.034	1
0.034	1
0.034	1
0.034	1
0.034	1
0.034	1
0.034	1
0.034	1
0.034	1
0.034	1
0.034	1
0.034	1
0.034	1
0.034	1
0.035	1
0.035	1
0.035	1
0.035	1
0.035	1
0.035	1
0.035	2
0.035	2
0.035	2
0.035	1
0.035	1
0.035	1
0.035	1
0.035	2
0.035	2
0.035	1
0.035	1
0.035	1
0.035	1
0.035	1
0.035	1
0.035	1
0.035	1
0.035	1
0.035	1
0.035	1
0.035	1
0.035	1
0.035	1
0.035	1
0.035	1
0.035	1
0.035	1
0.035	1
0.036	1
0.036	1
0.036	1
0.036	2
0.036	2
0.036	2
0.036	1
0.036	1
0.036	2
0.036	2
0.036	2
0.036	1
0.036	1
0.036	1
0.036	1
0.036	1
0.036	1
0.036	1
0.036	1
0.037	2
0.037	2
0.037	1
0.037	1
0.037	1
0.037	1
0.037	2
0.037	2
0.037	1
0.037	1
0.037	1
0.037	1
0.037	1
0.037	1
0.037	1
0.037	1
0.037	1
0.037	1
0.037	1
0.037	1
0.037	1
0.038	1
0.038	1
0.038	2
0.038	2
0.038	2
0.038	1
0.038	1
0.038	1
0.038	1
0.038	1
0.038	1
0.038	1
0.038	1
0.038	1
0.038	1
0.038	1
0.038	1
0.038	1
0.038	1
0.038	1
0.038	1
0.038	1
0.038	1
0.038	1
0.038	1
0.038	1
0.038	1
0.038	1
0.038	1
0.038	1
0.038	1
0.039	2
0.039	1
0.039	1
0.039	2
0.039	2
0.039	2
0.039	1
0.039	1
0.039	1
0.039	2
0.039	1
0.039	1
0.039	1
0.039	1
0.039	1
0.039	1
0.039	1
0.039	1
0.04	1
0.04	1
0.04	3
0.04	3
0.04	3
0.04	3
0.04	1
0.04	1
0.04	2
0.04	2
0.04	1
0.04	1
0.04	1
0.04	1
0.04	1
0.04	1
0.04	1
0.04	1
0.04	1
0.04	1
0.04	1
0.04	1
0.041	1
0.041	1
0.041	1
0.041	1
0.041	2
0.041	1
0.041	1
0.041	1
0.041	2
0.041	1
0.041	1
0.041	1
0.041	1
0.041	1
0.041	1
0.041	1
0.041	1
0.041	1
0.041	1
0.041	1
0.041	1
0.041	1
0.041	1
0.041	2
0.041	2
0.041	2
0.041	2
0.041	1
0.041	1
0.041	1
0.041	1
0.041	1
0.041	1
0.041	1
0.041	1
0.041	1
0.042	1
0.042	1
0.042	2
0.042	2
0.042	2
0.042	1
0.042	2
0.042	1
0.042	1
0.042	1
0.042	1
0.042	1
0.042	1
0.042	1
0.042	1
0.042	2
0.042	2
0.042	1
0.042	1
0.042	1
0.042	2
0.042	1
0.042	1
0.042	1
0.042	1
0.042	1
0.042	1
0.043	1
0.043	2
0.043	1
0.043	1
0.043	2
0.043	2
0.043	2
0.043	2
0.043	2
0.043	2
0.043	1
0.043	1
0.043	1
0.043	1
0.043	1
0.043	1
0.043	1
0.043	1
0.043	2
0.043	2
0.043	1
0.043	1
0.043	1
0.043	1
0.043	1
0.043	1
0.043	1
0.043	1
0.043	1
0.043	1
0.043	1
0.044	1
0.044	1
0.044	1
0.044	1
0.044	3
0.044	3
0.044	2
0.044	2
0.044	1
0.044	2
0.044	1
0.044	1
0.044	1
0.044	1
0.044	1
0.044	1
0.044	2
0.044	2
0.044	2
0.044	1
0.044	1
0.044	1
0.044	1
0.044	1
0.044	1
0.044	1
0.045	1
0.045	2
0.045	1
0.045	1
0.045	1
0.045	1
0.045	1
0.045	1
0.045	1
0.045	1
0.045	1
0.045	1
0.045	2
0.045	1
0.045	1
0.045	1
0.045	1
0.045	1
0.045	1
0.045	1
0.045	1
0.045	1
0.045	1
0.045	1
0.046	1
0.046	1
0.046	2
0.046	2
0.046	1
0.046	1
0.046	1
0.046	1
0.046	1
0.046	1
0.046	1
0.046	1
0.046	2
0.046	2
0.046	2
0.046	1
0.046	1
0.046	1
0.046	1
0.046	1
0.046	1
0.046	1
0.046	1
0.046	1
0.046	1
0.046	1
0.046	1
0.047	1
0.047	1
0.047	1
0.047	2
0.047	2
0.047	2
0.047	2
0.047	1
0.047	1
0.047	1
0.047	1
0.047	1
0.047	1
0.047	2
0.047	2
0.047	2
0.047	2
0.047	1
0.047	1
0.047	2
0.047	1
0.047	1
0.047	1
0.047	1
0.047	1
0.047	1
0.048	1
0.048	1
0.048	1
0.048	2
0.048	2
0.048	1
0.048	1
0.048	1
0.048	1
0.048	1
0.048	1
0.048	1
0.048	1
0.048	1
0.048	1
0.048	1
0.048	1
0.048	1
0.048	1
0.048	1
0.048	2
0.048	1
0.048	1
0.048	1
0.048	1
0.049	3
0.049	1
0.049	1
0.049	2
0.049	2
0.049	2
0.049	2
0.049	2
0.049	2
0.049	2
0.049	1
0.049	1
0.049	1
0.049	1
0.049	1
0.049	1
0.049	1
0.049	1
0.049	1
0.049	1
0.049	1
0.049	1
0.049	2
0.049	1
0.049	1
0.049	1
0.049	1
0.049	1
0.049	1
0.049	1
0.05	2
0.05	3
0.05	3
0.05	3
0.05	1
0.05	2
0.05	2
0.05	2
0.05	2
0.05	2
0.05	2
0.05	2
0.05	2
0.05	2
0.05	2
0.05	1
0.05	1
0.05	1
0.05	1
0.05	1
0.05	1
0.05	1
0.05	1
0.05	1
0.05	1
0.05	1
0.05	1
0.05	1
0.05	1
0.05	1
0.051	2
0.051	2
0.051	3
0.051	2
0.051	2
0.051	2
0.051	1
0.051	1
0.051	1
0.051	1
0.051	1
0.051	1
0.051	1
0.051	1
0.051	1
0.052	2
0.052	2
0.052	3
0.052	3
0.052	2
0.052	2
0.052	2
0.052	2
0.052	2
0.052	2
0.052	1
0.052	1
0.052	1
0.052	1
0.052	1
0.052	1
0.052	1
0.052	1
0.052	1
0.052	1
0.052	1
0.053	2
0.053	1
0.053	3
0.053	1
0.053	2
0.053	2
0.053	2
0.053	2
0.053	2
0.053	2
0.053	2
0.053	1
0.053	1
0.053	1
0.053	1
0.053	1
0.053	1
0.053	1
0.053	2
0.053	1
0.053	1
0.053	1
0.053	2
0.053	1
0.054	2
0.054	2
0.054	2
0.054	2
0.054	1
0.054	1
0.054	1
0.054	1
0.054	2
0.054	2
0.054	2
0.054	2
0.054	2
0.054	1
0.054	1
0.054	1
0.054	1
0.054	1
0.054	1
0.054	1
0.054	1
0.055	1
0.055	1
0.055	1
0.055	1
0.055	1
0.055	1
0.055	1
0.055	2
0.055	2
0.055	2
0.055	1
0.055	1
0.055	1
0.055	1
0.055	1
0.055	1
0.055	2
0.055	1
0.055	1
0.055	1
0.055	1
0.055	1
0.055	1
0.056	1
0.056	1
0.056	3
0.056	1
0.056	2
0.056	2
0.056	2
0.056	2
0.056	1
0.056	1
0.056	1
0.056	1
0.056	1
0.056	1
0.056	1
0.056	1
0.057	1
0.057	3
0.057	2
0.057	2
0.057	2
0.057	2
0.057	2
0.057	2
0.057	2
0.057	2
0.057	1
0.057	2
0.057	1
0.057	1
0.057	1
0.058	2
0.058	2
0.058	3
0.058	3
0.058	3
0.058	3
0.058	3
0.058	3
0.058	1
0.058	1
0.058	2
0.058	2
0.058	2
0.058	2
0.058	2
0.058	2
0.058	2
0.058	2
0.058	2
0.058	2
0.058	1
0.058	1
0.058	2
0.058	1
0.058	1
0.058	1
0.058	1
0.059	3
0.059	1
0.059	1
0.059	1
0.059	2
0.059	2
0.059	2
0.059	2
0.059	2
0.059	2
0.059	1
0.059	1
0.059	1
0.06	1
0.06	2
0.06	2
0.06	2
0.06	2
0.06	2
0.06	2
0.06	1
0.06	1
0.061	1
0.061	3
0.061	3
0.061	2
0.061	2
0.061	2
0.061	2
0.061	2
0.061	1
0.061	1
0.061	2
0.061	1
0.061	1
0.062	1
0.062	1
0.062	2
0.062	2
0.062	2
0.062	2
0.062	3
0.062	3
0.062	3
0.062	1
0.062	1
0.062	1
0.062	2
0.062	2
0.062	2
0.062	2
0.062	1
0.062	1
0.062	1
0.062	1
0.062	2
0.062	1
0.063	2
0.063	2
0.063	1
0.063	1
0.063	2
0.063	2
0.063	2
0.063	2
0.063	1
0.063	1
0.063	1
0.063	1
0.063	1
0.064	2
0.064	2
0.064	2
0.064	1
0.064	1
0.064	1
0.064	1
0.064	2
0.064	2
0.064	2
0.064	2
0.064	2
0.064	2
0.064	2
0.064	2
0.064	1
0.064	1
0.064	1
0.064	1
0.064	1
0.065	2
0.065	2
0.065	2
0.065	3
0.065	3
0.065	3
0.065	1
0.065	1
0.065	2
0.065	2
0.065	2
0.065	2
0.065	2
0.065	1
0.065	1
0.065	1
0.065	1
0.065	1
0.065	1
0.065	1
0.065	1
0.065	1
0.065	1
0.065	1
0.066	2
0.066	2
0.066	2
0.066	2
0.066	2
0.066	3
0.066	3
0.066	1
0.066	1
0.066	2
0.066	1
0.066	1
0.066	1
0.066	1
0.066	1
0.066	1
0.067	2
0.067	3
0.067	3
0.067	3
0.067	3
0.067	1
0.067	1
0.067	1
0.067	2
0.067	1
0.067	1
0.067	1
0.067	1
0.067	1
0.067	1
0.067	1
0.068	3
0.068	3
0.068	1
0.068	1
0.068	1
0.068	1
0.068	1
0.068	1
0.068	1
0.068	1
0.068	1
0.069	2
0.069	2
0.069	2
0.069	3
0.069	3
0.069	1
0.069	2
0.069	2
0.069	2
0.069	1
0.069	1
0.069	1
0.069	1
0.069	1
0.069	1
0.069	1
0.069	1
0.07	2
0.07	2
0.07	2
0.07	3
0.07	3
0.07	3
0.07	2
0.07	2
0.07	2
0.07	2
0.07	2
0.07	1
0.07	1
0.07	1
0.07	1
0.07	1
0.07	1
0.07	1
0.071	2
0.071	2
0.071	2
0.071	2
0.071	2
0.071	3
0.071	2
0.071	1
0.071	1
0.071	2
0.071	1
0.071	1
0.071	1
0.071	1
0.071	1
0.072	2
0.072	2
0.072	2
0.072	2
0.072	2
0.072	2
0.072	2
0.072	2
0.072	3
0.072	3
0.072	3
0.072	2
0.072	1
0.072	1
0.072	2
0.072	1
0.073	2
0.073	2
0.073	2
0.073	3
0.073	3
0.073	3
0.073	3
0.073	1
0.073	1
0.073	2
0.073	1
0.073	1
0.074	2
0.074	2
0.074	2
0.074	2
0.074	1
0.074	2
0.075	2
0.075	2
0.075	2
0.075	3
0.075	1
0.075	2
0.075	1
0.075	1
0.076	2
0.076	2
0.076	2
0.076	2
0.076	2
0.076	2
0.076	2
0.076	1
0.076	1
0.076	1
0.076	1
0.076	1
0.076	1
0.076	1
0.076	1
0.076	1
0.077	2
0.077	2
0.077	2
0.077	2
0.077	1
0.077	1
0.077	1
0.077	1
0.077	1
0.077	1
0.078	2
0.078	1
0.078	1
0.078	1
0.079	2
0.079	2
0.079	2
0.079	2
0.079	3
0.079	2
0.079	2
0.079	1
0.079	2
0.079	1
0.079	1
0.079	1
0.079	1
0.079	1
0.079	1
0.079	1
0.079	1
0.08	2
0.08	2
0.08	2
0.08	1
0.08	1
0.08	1
0.08	1
0.08	2
0.08	2
0.08	1
0.08	1
0.08	1
0.08	1
0.081	2
0.081	2
0.081	2
0.081	2
0.081	1
0.081	1
0.081	1
0.081	1
0.081	1
0.081	2
0.081	1
0.081	1
0.081	1
0.081	1
0.082	2
0.082	2
0.082	1
0.082	1
0.082	1
0.082	1
0.082	1
0.082	1
0.082	1
0.083	2
0.083	2
0.083	2
0.083	2
0.083	1
0.083	1
0.083	2
0.084	2
0.084	2
0.084	2
0.084	1
0.084	1
0.084	1
0.084	1
0.084	1
0.084	1
0.084	1
0.085	2
0.085	2
0.085	1
0.085	1
0.085	1
0.085	1
0.085	1
0.085	1
0.085	1
0.085	1
0.085	1
0.085	2
0.086	2
0.086	2
0.086	2
0.086	2
0.086	1
0.086	1
0.086	2
0.086	1
0.086	1
0.086	1
0.087	2
0.087	2
0.087	2
0.087	2
0.087	2
0.087	1
0.087	1
0.087	1
0.087	1
0.087	1
0.087	1
0.087	1
0.087	1
0.087	1
0.087	1
0.087	1
0.088	2
0.088	1
0.088	1
0.088	2
0.088	1
0.088	1
0.088	1
0.088	2
0.088	2
0.088	1
0.089	2
0.089	2
0.089	1
0.089	1
0.089	1
0.09	2
0.09	1
0.09	2
0.09	1
0.091	2
0.091	1
0.091	1
0.091	1
0.091	1
0.091	1
0.091	1
0.092	2
0.092	2
0.092	1
0.092	1
0.092	1
0.092	1
0.092	1
0.092	1
0.093	2
0.093	2
0.093	1
0.093	1
0.093	1
0.093	1
0.093	1
0.093	1
0.093	1
0.094	2
0.094	1
0.094	1
0.095	3
0.095	1
0.095	1
0.095	1
0.095	1
0.095	2
0.095	1
0.095	1
0.095	1
0.095	1
0.095	1
0.096	2
0.096	1
0.096	1
0.096	2
0.096	1
0.096	1
0.096	1
0.096	2
0.097	2
0.097	2
0.097	2
0.097	1
0.097	1
0.097	1
0.097	2
0.097	1
0.097	1
0.098	2
0.098	1
0.098	1
0.098	2
0.098	1
0.098	1
0.098	1
0.098	1
0.098	1
0.098	1
0.099	2
0.099	1
0.099	1
0.099	1
0.099	1
0.099	1
0.099	2
0.099	1
0.099	1
0.1	3
0.1	3
0.1	1
0.1	1
0.1	1
0.1	2
0.1	1
0.101	1
0.101	2
0.101	1
0.101	1
0.101	1
0.101	1
0.102	2
0.102	2
0.102	2
0.102	1
0.102	1
0.102	1
0.102	1
0.102	1
0.102	1
0.102	1
0.103	1
0.103	1
0.103	1
0.104	2
0.104	3
0.104	2
0.104	1
0.104	1
0.104	1
0.104	1
0.104	1
0.104	1
0.104	1
0.104	1
0.104	1
0.104	1
0.104	1
0.105	3
0.105	1
0.105	1
0.105	1
0.105	2
0.105	1
0.105	1
0.105	1
0.105	1
0.106	2
0.106	1
0.106	1
0.106	1
0.106	1
0.106	1
0.106	1
0.107	2
0.107	2
0.107	1
0.107	1
0.107	1
0.107	1
0.107	1
0.107	1
0.107	1
0.108	1
0.108	2
0.108	2
0.108	1
0.108	1
0.108	1
0.108	1
0.108	1
0.109	2
0.109	2
0.109	1
0.109	2
0.109	1
0.109	1
0.109	2
0.109	1
0.109	1
0.109	1
0.109	1
0.109	1
0.11	2
0.11	1
0.11	2
0.11	1
0.11	1
0.11	1
0.11	1
0.111	2
0.111	2
0.111	1
0.111	1
0.111	1
0.111	1
0.111	1
0.111	1
0.111	1
0.111	1
0.111	1
0.111	1
0.111	1
0.112	2
0.112	2
0.112	2
0.112	1
0.112	1
0.112	1
0.112	2
0.112	1
0.112	1
0.112	1
0.112	1
0.112	1
0.112	1
0.112	1
0.113	1
0.113	1
0.113	1
0.113	1
0.113	1
0.113	1
0.113	1
0.113	1
0.113	1
0.113	1
0.113	1
0.113	2
0.113	1
0.113	1
0.113	2
0.113	1
0.113	1
0.113	1
0.113	1
0.113	1
0.114	2
0.114	1
0.114	1
0.114	1
0.114	2
0.114	1
0.114	2
0.114	1
0.114	1
0.114	1
0.114	1
0.114	1
0.114	1
0.114	1
0.114	1
0.115	3
0.115	1
0.115	1
0.115	2
0.115	1
0.115	1
0.115	1
0.115	1
0.115	1
0.115	1
0.115	1
0.115	1
0.115	1
0.115	2
0.115	1
0.115	1
0.115	1
0.115	1
0.116	2
0.116	1
0.116	1
0.116	2
0.116	1
0.116	1
0.116	1
0.116	2
0.116	1
0.116	1
0.116	1
0.116	1
0.116	1
0.116	1
0.116	1
0.116	1
0.116	1
0.116	1
0.116	1
0.117	1
0.117	1
0.117	2
0.117	1
0.117	1
0.117	1
0.117	1
0.117	2
0.117	1
0.117	1
0.117	1
0.117	1
0.117	1
0.117	1
0.117	2
0.118	1
0.118	1
0.118	2
0.118	2
0.118	1
0.118	1
0.118	1
0.118	1
0.118	1
0.118	1
0.118	1
0.118	1
0.118	1
0.118	1
0.118	1
0.118	1
0.118	1
0.118	1
0.118	1
0.118	1
0.119	2
0.119	2
0.119	3
0.119	1
0.119	2
0.119	1
0.119	1
0.119	1
0.119	1
0.119	1
0.119	1
0.119	2
0.119	1
0.119	1
0.119	1
0.119	1
0.12	2
0.12	1
0.12	2
0.12	1
0.12	1
0.12	1
0.12	2
0.12	2
0.12	1
0.12	1
0.12	1
0.12	1
0.12	1
0.12	1
0.12	1
0.121	2
0.121	1
0.121	1
0.121	2
0.121	1
0.121	1
0.121	1
0.121	1
0.121	2
0.121	1
0.121	1
0.121	1
0.121	1
0.121	1
0.121	1
0.121	1
0.121	1
0.121	1
0.121	1
0.121	1
0.121	1
0.121	1
0.121	1
0.121	1
0.122	3
0.122	1
0.122	1
0.122	1
0.122	1
0.122	1
0.122	2
0.122	2
0.122	1
0.122	1
0.122	1
0.122	2
0.122	2
0.123	2
0.123	3
0.123	1
0.123	1
0.123	1
0.123	1
0.123	1
0.123	2
0.123	1
0.123	1
0.123	1
0.123	1
0.123	1
0.123	1
0.123	1
0.123	1
0.123	1
0.124	1
0.124	2
0.124	1
0.124	1
0.124	1
0.124	2
0.124	1
0.124	1
0.124	1
0.124	2
0.124	1
0.124	1
0.124	1
0.124	1
0.124	1
0.124	1
0.124	1
0.124	1
0.124	1
0.124	2
0.125	1
0.125	2
0.125	1
0.125	1
0.125	1
0.125	1
0.125	2
0.125	1
0.125	1
0.125	1
0.125	1
0.125	1
0.125	2
0.125	2
0.125	1
0.125	1
0.125	1
0.125	1
0.126	2
0.126	1
0.126	1
0.126	1
0.126	1
0.126	1
0.126	3
0.126	1
0.126	1
0.126	1
0.126	3
0.126	3
0.126	1
0.126	1
0.126	1
0.126	1
0.126	1
0.126	1
0.127	1
0.127	1
0.127	1
0.127	2
0.127	1
0.127	1
0.127	1
0.127	1
0.127	1
0.127	2
0.127	2
0.127	2
0.127	1
0.127	1
0.127	1
0.128	2
0.128	1
0.128	1
0.128	2
0.128	2
0.128	1
0.128	1
0.128	1
0.128	1
0.128	3
0.128	1
0.128	1
0.128	3
0.128	1
0.129	2
0.129	2
0.129	2
0.129	1
0.129	1
0.129	1
0.129	2
0.129	1
0.129	1
0.129	1
0.129	2
0.129	1
0.129	1
0.129	1
0.129	1
0.129	1
0.129	1
0.129	1
0.129	1
0.13	2
0.13	1
0.13	1
0.13	1
0.13	1
0.13	1
0.13	3
0.13	1
0.13	1
0.13	1
0.13	1
0.13	1
0.13	1
0.13	1
0.13	1
0.13	1
0.13	1
0.13	1
0.13	1
0.13	1
0.13	1
0.131	1
0.131	1
0.131	2
0.131	1
0.132	1
0.132	2
0.132	1
0.132	1
0.132	1
0.132	1
0.132	1
0.132	1
0.132	1
0.132	1
0.132	1
0.132	1
0.132	1
0.132	1
0.132	1
0.132	1
0.132	1
0.132	1
0.132	1
0.132	1
0.132	1
0.132	1
0.133	2
0.133	1
0.133	1
0.133	1
0.133	1
0.133	3
0.133	3
0.133	1
0.133	1
0.133	1
0.133	1
0.133	1
0.133	1
0.133	2
0.133	2
0.133	1
0.134	2
0.134	1
0.134	3
0.134	1
0.134	2
0.134	1
0.134	1
0.134	1
0.134	1
0.134	1
0.134	1
0.134	1
0.134	2
0.134	2
0.134	1
0.134	1
0.134	1
0.134	1
0.134	1
0.135	2
0.135	2
0.135	1
0.135	1
0.135	1
0.135	1
0.135	1
0.135	1
0.135	3
0.135	1
0.135	1
0.135	1
0.135	1
0.135	1
0.135	1
0.135	1
0.135	1
0.135	1
0.135	1
0.135	1
0.135	1
0.135	1
0.135	1
0.136	1
0.136	3
0.136	1
0.136	1
0.136	1
0.136	1
0.136	1
0.136	1
0.136	2
0.136	2
0.136	2
0.136	1
0.136	1
0.136	1
0.136	1
0.136	1
0.137	3
0.137	3
0.137	3
0.137	1
0.137	1
0.137	1
0.137	3
0.137	3
0.137	1
0.137	1
0.138	3
0.138	1
0.138	3
0.138	1
0.138	3
0.138	1
0.138	1
0.138	1
0.138	1
0.138	1
0.138	2
0.138	2
0.138	1
0.138	1
0.138	1
0.138	1
0.138	1
0.138	1
0.138	1
0.138	1
0.139	3
0.139	2
0.139	1
0.139	1
0.139	1
0.139	1
0.139	1
0.139	1
0.139	1
0.139	1
0.139	2
0.139	1
0.139	1
0.14	1
0.14	1
0.14	1
0.14	1
0.14	1
0.14	1
0.141	2
0.141	1
0.141	1
0.141	1
0.141	3
0.141	3
0.141	1
0.141	1
0.141	1
0.141	1
0.141	1
0.141	1
0.141	1
0.141	2
0.141	1
0.141	1
0.141	1
0.141	1
0.141	1
0.141	1
0.141	1
0.141	1
0.141	1
0.141	1
0.141	1
0.141	1
0.141	1
0.141	1
0.141	1
0.141	1
0.142	2
0.142	1
0.142	3
0.142	1
0.142	1
0.142	1
0.142	2
0.142	1
0.142	1
0.142	2
0.143	2
0.143	1
0.143	1
0.143	1
0.143	3
0.143	1
0.143	1
0.143	1
0.143	1
0.143	1
0.143	3
0.143	1
0.143	1
0.143	1
0.144	2
0.144	2
0.144	3
0.144	1
0.144	1
0.144	3
0.144	3
0.144	1
0.144	1
0.144	1
0.144	1
0.144	2
0.144	1
0.144	1
0.144	1
0.144	1
0.145	2
0.145	1
0.145	1
0.145	1
0.145	1
0.145	1
0.145	1
0.145	2
0.145	2
0.145	2
0.145	1
0.145	1
0.146	2
0.146	1
0.146	2
0.146	3
0.146	1
0.146	1
0.146	1
0.146	1
0.146	3
0.146	1
0.147	1
0.147	1
0.147	1
0.147	1
0.147	2
0.147	1
0.147	1
0.147	1
0.147	2
0.147	1
0.147	1
0.147	1
0.147	1
0.148	3
0.148	2
0.148	2
0.148	3
0.148	1
0.148	1
0.148	1
0.149	2
0.149	1
0.149	1
0.149	1
0.149	1
0.149	1
0.149	1
0.15	3
0.15	1
0.15	1
0.15	1
0.15	2
0.15	1
0.15	1
0.15	1
0.15	1
0.15	2
0.15	2
0.15	3
0.15	1
0.15	1
0.15	2
0.15	1
0.15	1
0.15	1
0.15	1
0.15	1
0.15	1
0.15	1
0.15	1
0.151	2
0.151	2
0.151	1
0.151	3
0.151	3
0.151	1
0.151	1
0.151	1
0.151	2
0.151	1
0.151	2
0.151	1
0.152	2
0.152	3
0.152	2
0.152	1
0.152	1
0.152	1
0.152	1
0.152	1
0.152	1
0.152	3
0.152	3
0.152	1
0.152	1
0.152	1
0.152	1
0.152	1
0.152	1
0.152	1
0.152	1
0.152	1
0.152	1
0.152	1
0.152	1
0.152	1
0.152	1
0.153	2
0.153	2
0.153	3
0.153	1
0.153	1
0.153	1
0.153	3
0.153	1
0.153	1
0.153	1
0.153	1
0.153	1
0.153	1
0.153	1
0.153	1
0.153	1
0.153	1
0.153	1
0.153	1
0.154	3
0.154	1
0.154	1
0.154	1
0.154	1
0.154	1
0.154	1
0.154	1
0.154	2
0.154	2
0.154	1
0.154	1
0.154	1
0.155	1
0.155	2
0.155	1
0.155	1
0.155	3
0.155	1
0.155	1
0.155	1
0.155	1
0.155	1
0.155	1
0.156	2
0.156	2
0.156	2
0.156	1
0.156	1
0.156	2
0.156	2
0.156	1
0.156	2
0.156	1
0.156	1
0.156	1
0.156	1
0.157	2
0.157	3
0.157	1
0.157	1
0.157	1
0.157	1
0.157	2
0.157	1
0.157	1
0.157	1
0.157	1
0.158	2
0.158	1
0.158	1
0.158	1
0.158	2
0.158	3
0.158	1
0.158	1
0.158	1
0.158	1
0.158	1
0.158	1
0.158	1
0.158	1
0.158	1
0.158	1
0.158	1
0.158	1
0.158	1
0.158	1
0.159	3
0.159	1
0.159	1
0.159	1
0.159	1
0.159	1
0.159	2
0.159	2
0.159	1
0.159	1
0.159	1
0.159	2
0.159	1
0.159	2
0.159	1
0.159	1
0.159	1
0.16	1
0.16	1
0.16	2
0.16	3
0.16	1
0.16	2
0.16	1
0.16	1
0.16	1
0.16	1
0.16	1
0.16	1
0.16	1
0.16	1
0.16	1
0.16	1
0.161	3
0.161	1
0.161	1
0.161	2
0.161	2
0.161	3
0.161	1
0.161	1
0.161	1
0.161	1
0.161	2
0.161	3
0.161	1
0.161	1
0.161	2
0.161	1
0.161	1
0.162	2
0.162	1
0.162	1
0.162	1
0.162	2
0.162	3
0.162	3
0.162	1
0.162	1
0.162	1
0.162	3
0.162	1
0.162	1
0.162	2
0.162	1
0.162	1
0.162	1
0.162	1
0.162	1
0.162	1
0.162	1
0.162	1
0.163	4
0.163	1
0.163	1
0.163	1
0.163	1
0.163	1
0.163	2
0.163	1
0.163	2
0.163	1
0.163	1
0.163	1
0.163	1
0.163	1
0.163	1
0.163	1
0.163	1
0.163	1
0.164	1
0.164	1
0.164	1
0.164	1
0.164	1
0.164	2
0.164	2
0.164	1
0.164	2
0.164	1
0.164	1
0.164	1
0.164	1
0.164	2
0.164	1
0.164	1
0.164	2
0.164	1
0.164	1
0.164	1
0.164	1
0.164	1
0.164	1
0.164	1
0.164	1
0.165	3
0.165	2
0.165	3
0.165	2
0.165	2
0.165	2
0.165	1
0.165	1
0.165	1
0.165	3
0.165	1
0.165	1
0.165	1
0.165	1
0.165	1
0.165	1
0.165	1
0.165	1
0.165	1
0.165	1
0.165	1
0.165	1
0.166	2
0.166	2
0.166	1
0.166	1
0.166	1
0.166	2
0.166	2
0.166	1
0.166	1
0.166	1
0.166	1
0.166	2
0.167	4
0.167	3
0.167	1
0.167	1
0.167	1
0.167	1
0.167	2
0.167	2
0.167	1
0.167	3
0.167	1
0.167	1
0.167	1
0.167	2
0.167	1
0.167	1
0.167	1
0.167	1
0.167	1
0.167	1
0.167	1
0.167	1
0.167	1
0.167	1
0.167	1
0.167	1
0.167	1
0.167	1
0.167	1
0.167	1
0.168	2
0.168	2
0.168	3
0.168	1
0.168	1
0.168	2
0.168	1
0.168	2
0.168	3
0.168	1
0.168	1
0.168	1
0.168	3
0.168	1
0.168	2
0.168	1
0.168	1
0.168	1
0.168	1
0.168	1
0.168	2
0.168	2
0.168	1
0.168	1
0.169	2
0.169	2
0.169	4
0.169	3
0.169	1
0.169	1
0.169	1
0.169	1
0.169	1
0.169	1
0.169	2
0.169	2
0.169	1
0.169	1
0.169	1
0.169	2
0.169	2
0.169	1
0.169	1
0.169	1
0.169	1
0.169	1
0.169	1
0.169	1
0.169	1
0.169	1
0.17	2
0.17	1
0.17	1
0.17	2
0.17	2
0.17	3
0.17	1
0.17	1
0.17	1
0.17	1
0.17	3
0.17	1
0.17	2
0.17	2
0.17	1
0.17	1
0.17	1
0.17	1
0.17	1
0.17	1
0.17	1
0.17	1
0.17	1
0.17	1
0.17	1
0.17	1
0.17	1
0.171	2
0.171	4
0.171	3
0.171	2
0.171	2
0.171	3
0.171	1
0.171	1
0.171	1
0.171	1
0.171	2
0.171	2
0.171	2
0.171	1
0.171	1
0.171	1
0.171	2
0.172	1
0.172	1
0.172	1
0.172	3
0.172	1
0.172	1
0.172	2
0.172	1
0.172	1
0.172	1
0.172	3
0.172	3
0.172	1
0.172	1
0.172	1
0.172	1
0.172	1
0.172	1
0.172	1
0.172	1
0.172	1
0.172	1
0.172	1
0.172	1
0.173	2
0.173	4
0.173	2
0.173	2
0.173	1
0.173	2
0.173	1
0.173	1
0.173	2
0.173	1
0.173	2
0.173	2
0.173	2
0.173	1
0.173	1
0.173	1
0.173	1
0.173	2
0.173	1
0.173	1
0.174	3
0.174	2
0.174	3
0.174	3
0.174	1
0.174	2
0.174	1
0.174	1
0.174	2
0.174	1
0.174	1
0.174	1
0.174	2
0.174	1
0.174	1
0.174	1
0.175	2
0.175	2
0.175	1
0.175	1
0.175	4
0.175	1
0.175	1
0.175	1
0.175	3
0.175	1
0.175	1
0.175	1
0.175	1
0.175	3
0.175	1
0.175	2
0.175	1
0.175	1
0.175	1
0.175	1
0.175	1
0.175	1
0.175	1
0.176	2
0.176	4
0.176	4
0.176	3
0.176	2
0.176	2
0.176	1
0.176	1
0.176	4
0.176	1
0.176	1
0.176	1
0.176	1
0.176	2
0.176	1
0.176	2
0.176	2
0.176	1
0.176	1
0.176	1
0.176	1
0.176	1
0.176	1
0.176	2
0.176	2
0.176	1
0.176	1
0.176	3
0.177	2
0.177	1
0.177	1
0.177	1
0.177	3
0.177	1
0.177	1
0.177	3
0.177	1
0.177	1
0.177	1
0.177	1
0.178	2
0.178	3
0.178	2
0.178	4
0.178	1
0.178	1
0.178	1
0.178	1
0.178	1
0.178	2
0.178	1
0.178	2
0.178	1
0.178	1
0.178	1
0.178	2
0.178	2
0.178	1
0.178	1
0.178	1
0.179	2
0.179	2
0.179	2
0.179	1
0.179	2
0.179	1
0.179	3
0.179	3
0.179	1
0.179	1
0.179	1
0.179	1
0.179	2
0.179	1
0.179	2
0.179	1
0.179	2
0.179	1
0.179	1
0.179	1
0.179	1
0.179	1
0.18	2
0.18	3
0.18	1
0.18	4
0.18	1
0.18	2
0.18	1
0.18	1
0.18	1
0.18	1
0.18	2
0.18	2
0.18	1
0.18	3
0.18	1
0.18	1
0.18	1
0.181	2
0.181	1
0.181	1
0.181	1
0.181	1
0.181	1
0.181	2
0.181	1
0.181	1
0.181	1
0.181	2
0.181	1
0.181	2
0.181	1
0.181	2
0.182	2
0.182	3
0.182	2
0.182	2
0.182	2
0.182	2
0.182	2
0.182	2
0.182	1
0.182	3
0.182	1
0.182	1
0.182	1
0.182	1
0.182	1
0.182	1
0.183	2
0.183	2
0.183	2
0.183	4
0.183	1
0.183	2
0.183	1
0.183	1
0.183	2
0.183	1
0.183	2
0.183	1
0.183	1
0.183	1
0.183	3
0.184	3
0.184	2
0.184	1
0.184	1
0.184	1
0.184	2
0.184	1
0.184	1
0.184	1
0.184	1
0.184	3
0.184	1
0.184	1
0.184	2
0.184	1
0.184	2
0.184	1
0.184	1
0.184	1
0.184	1
0.185	2
0.185	2
0.185	3
0.185	3
0.185	3
0.185	3
0.185	1
0.185	2
0.185	4
0.185	1
0.185	2
0.185	1
0.185	1
0.185	2
0.185	2
0.185	2
0.185	1
0.185	2
0.185	2
0.185	1
0.185	1
0.185	1
0.185	1
0.186	2
0.186	3
0.186	1
0.186	1
0.186	3
0.186	1
0.186	1
0.186	1
0.186	1
0.186	2
0.186	1
0.186	1
0.186	1
0.186	1
0.186	1
0.187	4
0.187	5
0.187	1
0.187	1
0.187	2
0.187	1
0.187	1
0.187	4
0.187	4
0.187	1
0.187	1
0.187	2
0.187	2
0.187	2
0.187	2
0.187	1
0.187	3
0.187	1
0.187	1
0.187	3
0.187	1
0.187	1
0.187	1
0.187	1
0.187	1
0.187	1
0.187	1
0.187	1
0.188	2
0.188	2
0.188	3
0.188	2
0.188	2
0.188	2
0.188	1
0.188	2
0.188	1
0.188	1
0.188	2
0.188	2
0.188	1
0.188	2
0.188	2
0.188	1
0.188	1
0.188	1
0.189	2
0.189	1
0.189	1
0.189	1
0.189	1
0.189	1
0.189	1
0.189	1
0.189	1
0.189	1
0.189	1
0.189	1
0.189	1
0.189	1
0.19	2
0.19	2
0.19	3
0.19	1
0.19	4
0.19	1
0.19	2
0.19	2
0.19	2
0.19	2
0.19	1
0.19	1
0.19	3
0.19	1
0.19	1
0.19	1
0.19	1
0.19	1
0.19	1
0.19	2
0.19	1
0.19	1
0.19	1
0.19	1
0.19	1
0.191	3
0.191	3
0.191	3
0.191	2
0.191	1
0.191	1
0.191	1
0.191	2
0.191	1
0.191	2
0.191	1
0.191	1
0.191	1
0.191	1
0.191	3
0.191	1
0.191	1
0.191	2
0.191	2
0.191	2
0.191	1
0.191	1
0.191	1
0.191	1
0.191	1
0.191	1
0.191	1
0.191	1
0.191	1
0.192	2
0.192	2
0.192	2
0.192	2
0.192	4
0.192	1
0.192	2
0.192	2
0.192	1
0.192	2
0.192	1
0.192	1
0.192	1
0.192	1
0.192	1
0.192	1
0.192	1
0.192	1
0.192	1
0.192	1
0.192	1
0.192	1
0.192	1
0.192	1
0.192	1
0.192	2
0.192	2
0.192	1
0.192	1
0.192	1
0.192	1
0.192	1
0.192	1
0.192	1
0.193	3
0.193	2
0.193	2
0.193	5
0.193	1
0.193	1
0.193	4
0.193	1
0.193	1
0.193	2
0.193	2
0.193	1
0.193	2
0.193	1
0.193	2
0.193	1
0.193	1
0.193	2
0.193	1
0.193	3
0.193	1
0.193	1
0.193	1
0.193	1
0.193	1
0.193	1
0.193	1
0.193	1
0.194	2
0.194	2
0.194	3
0.194	3
0.194	1
0.194	1
0.194	1
0.194	2
0.194	3
0.194	1
0.194	1
0.194	3
0.194	1
0.194	2
0.194	1
0.194	1
0.194	1
0.194	1
0.194	3
0.194	1
0.194	1
0.194	1
0.194	1
0.194	1
0.194	1
0.194	1
0.194	1
0.194	1
0.194	1
0.194	1
0.194	1
0.194	2
0.194	1
0.194	1
0.194	1
0.195	2
0.195	2
0.195	2
0.195	4
0.195	1
0.195	4
0.195	1
0.195	2
0.195	2
0.195	1
0.195	2
0.195	2
0.195	3
0.195	1
0.195	2
0.195	1
0.195	1
0.195	2
0.195	1
0.195	1
0.195	1
0.195	1
0.195	1
0.195	3
0.195	3
0.195	3
0.195	1
0.195	1
0.195	1
0.195	1
0.195	1
0.195	1
0.195	1
0.195	1
0.195	1
0.195	1
0.195	1
0.196	2
0.196	5
0.196	1
0.196	2
0.196	1
0.196	1
0.196	2
0.196	2
0.196	1
0.196	1
0.196	2
0.196	2
0.196	1
0.196	2
0.196	1
0.196	1
0.196	2
0.196	2
0.196	2
0.196	2
0.196	1
0.196	1
0.196	1
0.196	1
0.196	1
0.196	3
0.196	3
0.196	1
0.197	2
0.197	2
0.197	4
0.197	4
0.197	1
0.197	1
0.197	1
0.197	3
0.197	1
0.197	2
0.197	1
0.197	2
0.197	2
0.197	2
0.197	1
0.197	2
0.197	1
0.197	1
0.197	1
0.197	1
0.197	2
0.197	2
0.197	2
0.197	2
0.197	2
0.197	1
0.197	1
0.197	1
0.197	1
0.197	1
0.197	1
0.197	2
0.197	1
0.197	1
0.197	1
0.198	2
0.198	1
0.198	1
0.198	1
0.198	1
0.198	1
0.198	1
0.198	2
0.198	1
0.198	2
0.198	1
0.198	1
0.198	2
0.198	3
0.198	1
0.198	2
0.198	2
0.198	2
0.198	1
0.198	1
0.198	1
0.198	2
0.198	2
0.198	1
0.198	1
0.198	1
0.198	1
0.198	2
0.198	2
0.198	1
0.198	3
0.198	1
0.198	1
0.198	2
0.198	1
0.198	1
0.198	1
0.199	2
0.199	2
0.199	2
0.199	3
0.199	1
0.199	2
0.199	2
0.199	2
0.199	1
0.199	2
0.199	1
0.199	2
0.199	1
0.199	2
0.199	3
0.199	3
0.199	3
0.199	1
0.199	1
0.199	1
0.199	2
0.199	2
0.199	1
0.199	1
0.199	2
0.199	1
0.199	1
0.199	1
0.199	1
0.2	2
0.2	2
0.2	2
0.2	3
0.2	4
0.2	1
0.2	2
0.2	2
0.2	1
0.2	1
0.2	2
0.2	2
0.2	2
0.2	3
0.2	3
0.2	1
0.2	1
0.2	2
0.2	1
0.2	1
0.2	2
0.2	1
0.2	1
0.2	1
0.2	1
0.201	1
0.201	2
0.201	1
0.201	1
0.201	1
0.201	2
0.201	3
0.201	1
0.201	1
0.201	1
0.201	2
0.201	1
0.201	2
0.201	1
0.201	1
0.201	2
0.201	2
0.201	2
0.201	1
0.201	1
0.201	3
0.201	1
0.201	1
0.201	1
0.201	1
0.201	2
0.201	1
0.201	1
0.201	1
0.202	2
0.202	3
0.202	3
0.202	2
0.202	1
0.202	2
0.202	2
0.202	4
0.202	1
0.202	4
0.202	1
0.202	2
0.202	2
0.202	1
0.202	2
0.202	3
0.202	1
0.202	1
0.202	2
0.202	1
0.202	2
0.202	1
0.202	1
0.202	1
0.202	1
0.202	3
0.202	1
0.202	2
0.202	1
0.202	1
0.202	3
0.202	1
0.202	1
0.202	1
0.203	2
0.203	3
0.203	1
0.203	1
0.203	1
0.203	1
0.203	1
0.203	1
0.203	1
0.203	2
0.203	1
0.203	2
0.203	2
0.203	2
0.203	1
0.203	1
0.203	1
0.203	2
0.203	2
0.203	2
0.203	1
0.203	1
0.203	1
0.203	1
0.203	1
0.203	2
0.203	2
0.203	1
0.203	1
0.203	2
0.203	2
0.203	1
0.204	3
0.204	2
0.204	2
0.204	1
0.204	3
0.204	2
0.204	1
0.204	1
0.204	2
0.204	2
0.204	1
0.204	1
0.204	2
0.204	2
0.204	1
0.204	1
0.204	2
0.204	1
0.204	2
0.204	1
0.204	1
0.204	2
0.204	1
0.204	1
0.204	1
0.204	1
0.204	2
0.204	1
0.204	1
0.204	1
0.205	2
0.205	3
0.205	2
0.205	5
0.205	2
0.205	1
0.205	1
0.205	4
0.205	1
0.205	1
0.205	2
0.205	3
0.205	2
0.205	1
0.205	1
0.205	1
0.205	1
0.205	1
0.205	3
0.205	2
0.205	2
0.205	1
0.205	1
0.205	3
0.205	1
0.205	1
0.206	2
0.206	2
0.206	2
0.206	1
0.206	2
0.206	1
0.206	1
0.206	1
0.206	1
0.206	1
0.206	1
0.206	2
0.206	3
0.206	3
0.206	3
0.206	2
0.206	2
0.206	2
0.206	1
0.206	1
0.206	1
0.206	1
0.206	1
0.206	2
0.206	1
0.206	2
0.206	1
0.206	2
0.206	3
0.206	2
0.206	2
0.206	1
0.207	3
0.207	3
0.207	2
0.207	2
0.207	2
0.207	1
0.207	1
0.207	1
0.207	1
0.207	1
0.207	2
0.207	3
0.207	3
0.207	3
0.207	3
0.207	2
0.207	2
0.207	1
0.207	1
0.207	2
0.207	2
0.207	1
0.207	1
0.207	2
0.207	1
0.207	1
0.207	1
0.207	1
0.208	3
0.208	2
0.208	3
0.208	1
0.208	1
0.208	2
0.208	2
0.208	1
0.208	1
0.208	1
0.208	1
0.208	1
0.208	3
0.208	3
0.208	1
0.208	1
0.208	2
0.208	1
0.208	1
0.208	3
0.209	3
0.209	1
0.209	2
0.209	3
0.209	4
0.209	1
0.209	2
0.209	2
0.209	1
0.209	1
0.209	1
0.209	3
0.209	2
0.209	1
0.209	2
0.209	1
0.209	2
0.209	1
0.209	1
0.209	3
0.209	2
0.209	2
0.209	1
0.209	1
0.209	1
0.21	5
0.21	2
0.21	1
0.21	1
0.21	1
0.21	1
0.21	4
0.21	1
0.21	2
0.21	2
0.21	2
0.21	2
0.21	1
0.21	1
0.21	3
0.21	2
0.21	1
0.21	2
0.21	1
0.21	2
0.21	2
0.21	1
0.21	1
0.21	2
0.211	3
0.211	2
0.211	5
0.211	2
0.211	2
0.211	3
0.211	3
0.211	2
0.211	1
0.211	2
0.211	2
0.211	1
0.211	1
0.211	1
0.211	1
0.211	1
0.211	2
0.211	1
0.211	2
0.211	2
0.211	1
0.211	1
0.211	1
0.211	1
0.211	1
0.211	1
0.212	2
0.212	2
0.212	4
0.212	1
0.212	4
0.212	1
0.212	2
0.212	2
0.212	2
0.212	2
0.212	2
0.212	2
0.212	2
0.212	2
0.212	1
0.212	1
0.212	3
0.212	2
0.212	1
0.212	1
0.212	1
0.212	3
0.212	2
0.212	1
0.212	1
0.212	1
0.212	1
0.213	3
0.213	2
0.213	2
0.213	2
0.213	2
0.213	2
0.213	1
0.213	1
0.213	1
0.213	1
0.213	1
0.213	4
0.213	1
0.213	2
0.213	2
0.213	2
0.213	2
0.213	2
0.213	2
0.213	1
0.213	3
0.213	3
0.213	2
0.213	1
0.213	2
0.213	1
0.213	2
0.213	1
0.213	2
0.214	3
0.214	2
0.214	1
0.214	4
0.214	4
0.214	4
0.214	1
0.214	1
0.214	1
0.214	2
0.214	2
0.214	2
0.214	2
0.214	2
0.214	2
0.214	1
0.214	1
0.214	1
0.214	3
0.214	1
0.214	1
0.214	1
0.214	1
0.214	1
0.214	1
0.214	1
0.214	1
0.215	2
0.215	5
0.215	2
0.215	1
0.215	1
0.215	1
0.215	1
0.215	4
0.215	4
0.215	1
0.215	1
0.215	2
0.215	2
0.215	2
0.215	3
0.215	2
0.215	2
0.215	1
0.215	1
0.215	1
0.215	1
0.215	2
0.215	3
0.215	3
0.215	1
0.216	3
0.216	3
0.216	2
0.216	3
0.216	2
0.216	2
0.216	3
0.216	1
0.216	1
0.216	3
0.216	2
0.216	1
0.216	2
0.216	1
0.216	2
0.216	1
0.216	2
0.216	2
0.216	1
0.216	1
0.216	1
0.217	2
0.217	2
0.217	2
0.217	2
0.217	2
0.217	4
0.217	1
0.217	2
0.217	3
0.217	1
0.217	1
0.217	3
0.217	2
0.217	2
0.217	1
0.217	1
0.217	1
0.217	1
0.217	2
0.217	2
0.217	2
0.217	1
0.217	1
0.217	1
0.218	2
0.218	5
0.218	3
0.218	2
0.218	2
0.218	1
0.218	2
0.218	1
0.218	2
0.218	2
0.218	1
0.218	1
0.218	1
0.218	2
0.218	2
0.218	1
0.218	1
0.218	1
0.218	1
0.218	2
0.218	1
0.218	1
0.218	1
0.219	3
0.219	4
0.219	1
0.219	2
0.219	2
0.219	2
0.219	3
0.219	2
0.219	1
0.219	3
0.219	3
0.219	2
0.219	2
0.219	1
0.219	1
0.22	3
0.22	5
0.22	3
0.22	3
0.22	2
0.22	2
0.22	1
0.22	1
0.22	4
0.22	1
0.22	4
0.22	1
0.22	2
0.22	3
0.22	1
0.22	3
0.22	2
0.22	2
0.22	1
0.22	1
0.22	1
0.22	1
0.221	2
0.221	2
0.221	2
0.221	2
0.221	1
0.221	1
0.221	2
0.221	1
0.221	4
0.221	1
0.221	2
0.221	3
0.221	1
0.221	1
0.221	3
0.221	3
0.221	1
0.221	1
0.221	1
0.221	1
0.222	3
0.222	2
0.222	2
0.222	5
0.222	5
0.222	2
0.222	2
0.222	4
0.222	1
0.222	2
0.222	1
0.222	2
0.222	2
0.222	1
0.222	1
0.222	2
0.222	1
0.222	3
0.222	3
0.223	2
0.223	3
0.223	1
0.223	1
0.223	4
0.223	1
0.223	2
0.223	2
0.223	2
0.223	2
0.223	2
0.223	1
0.223	1
0.223	2
0.223	2
0.223	1
0.223	1
0.223	2
0.223	1
0.223	1
0.223	2
0.223	2
0.223	1
0.224	2
0.224	2
0.224	2
0.224	1
0.224	1
0.224	4
0.224	4
0.224	4
0.224	1
0.224	1
0.224	1
0.224	3
0.224	3
0.224	4
0.224	1
0.224	2
0.224	3
0.224	1
0.224	2
0.224	1
0.224	2
0.224	1
0.224	1
0.224	2
0.224	1
0.225	3
0.225	3
0.225	2
0.225	5
0.225	3
0.225	2
0.225	1
0.225	2
0.225	1
0.225	1
0.225	1
0.225	1
0.225	1
0.225	1
0.225	4
0.225	4
0.225	1
0.225	1
0.225	1
0.225	2
0.225	2
0.225	1
0.225	1
0.225	3
0.225	2
0.225	2
0.225	1
0.226	3
0.226	2
0.226	3
0.226	2
0.226	2
0.226	2
0.226	1
0.226	1
0.226	1
0.226	1
0.226	3
0.226	3
0.226	3
0.226	2
0.226	2
0.226	1
0.226	1
0.226	2
0.226	3
0.226	2
0.226	2
0.226	1
0.226	1
0.226	1
0.227	2
0.227	2
0.227	5
0.227	2
0.227	2
0.227	2
0.227	4
0.227	2
0.227	4
0.227	1
0.227	2
0.227	3
0.227	1
0.227	1
0.227	3
0.227	3
0.227	2
0.227	1
0.227	1
0.228	2
0.228	2
0.228	3
0.228	2
0.228	2
0.228	2
0.228	1
0.228	1
0.228	2
0.228	1
0.228	1
0.228	1
0.229	2
0.229	2
0.229	2
0.229	2
0.229	3
0.229	2
0.229	1
0.229	2
0.229	1
0.229	1
0.229	1
0.229	1
0.229	1
0.229	1
0.23	2
0.23	3
0.23	2
0.23	5
0.23	2
0.23	4
0.23	2
0.23	3
0.23	2
0.23	1
0.23	2
0.23	1
0.23	3
0.23	3
0.231	2
0.231	2
0.231	1
0.231	1
0.231	4
0.231	2
0.231	1
0.231	1
0.231	1
0.231	2
0.231	1
0.232	2
0.232	2
0.232	2
0.232	1
0.232	2
0.232	2
0.232	2
0.232	2
0.232	1
0.232	1
0.232	2
0.232	2
0.232	2
0.232	2
0.232	3
0.232	2
0.232	1
0.232	1
0.232	2
0.232	1
0.232	1
0.232	2
0.233	3
0.233	3
0.233	3
0.233	1
0.233	2
0.233	2
0.233	3
0.233	3
0.233	1
0.233	3
0.233	3
0.233	2
0.233	1
0.233	2
0.233	1
0.234	3
0.234	2
0.234	2
0.234	2
0.234	2
0.234	3
0.234	4
0.234	2
0.234	5
0.234	5
0.234	1
0.234	1
0.234	2
0.234	2
0.234	3
0.234	3
0.234	1
0.234	1
0.234	3
0.234	3
0.234	2
0.235	3
0.235	3
0.235	2
0.235	2
0.235	1
0.235	2
0.235	1
0.235	1
0.235	2
0.235	2
0.235	1
0.235	2
0.235	1
0.235	1
0.236	3
0.236	2
0.236	2
0.236	3
0.236	1
0.236	3
0.236	3
0.236	1
0.237	2
0.237	3
0.237	3
0.237	2
0.237	2
0.237	5
0.237	3
0.237	1
0.237	1
0.237	1
0.237	4
0.237	2
0.237	1
0.237	1
0.237	2
0.237	2
0.237	1
0.237	1
0.237	1
0.237	1
0.237	1
0.237	1
0.238	2
0.238	2
0.238	3
0.238	3
0.238	3
0.238	1
0.238	1
0.238	2
0.238	1
0.238	1
0.238	2
0.238	2
0.238	1
0.238	2
0.238	1
0.238	2
0.238	1
0.238	1
0.238	1
0.238	1
0.238	1
0.238	2
0.238	1
0.238	1
0.238	1
0.239	3
0.239	2
0.239	2
0.239	2
0.239	2
0.239	2
0.239	3
0.239	3
0.239	2
0.239	3
0.239	2
0.239	2
0.239	1
0.239	1
0.24	3
0.24	3
0.24	2
0.24	2
0.24	2
0.24	2
0.24	2
0.24	2
0.24	2
0.24	1
0.24	5
0.24	1
0.24	2
0.24	3
0.24	1
0.24	1
0.24	1
0.24	1
0.24	1
0.24	1
0.24	1
0.24	1
0.24	1
0.241	2
0.241	2
0.241	2
0.241	2
0.241	2
0.241	2
0.241	3
0.241	2
0.241	5
0.241	1
0.241	2
0.241	3
0.241	3
0.241	2
0.241	1
0.241	3
0.241	3
0.241	3
0.241	3
0.241	1
0.241	1
0.241	1
0.241	1
0.242	3
0.242	2
0.242	3
0.242	2
0.242	2
0.242	2
0.242	1
0.242	3
0.242	2
0.242	2
0.242	1
0.242	1
0.242	3
0.242	3
0.243	3
0.243	3
0.243	2
0.243	2
0.243	2
0.243	1
0.243	3
0.243	3
0.243	1
0.243	2
0.243	2
0.243	1
0.243	1
0.243	1
0.243	1
0.243	2
0.243	2
0.243	2
0.243	1
0.244	3
0.244	2
0.244	2
0.244	5
0.244	2
0.244	2
0.244	2
0.244	3
0.244	1
0.244	4
0.244	4
0.244	2
0.244	2
0.244	2
0.244	2
0.244	1
0.244	1
0.244	2
0.244	1
0.244	1
0.244	2
0.245	3
0.245	5
0.245	3
0.245	2
0.245	2
0.245	3
0.245	2
0.245	1
0.245	1
0.245	1
0.245	1
0.245	3
0.245	3
0.245	2
0.245	2
0.245	2
0.245	1
0.246	2
0.246	3
0.246	2
0.246	2
0.246	3
0.246	3
0.246	1
0.246	2
0.246	2
0.246	3
0.246	2
0.246	1
0.246	1
0.247	3
0.247	5
0.247	3
0.247	3
0.247	3
0.247	2
0.247	2
0.247	2
0.247	1
0.247	2
0.247	2
0.247	2
0.247	1
0.248	5
0.248	3
0.248	3
0.248	3
0.248	1
0.248	1
0.248	2
0.248	2
0.248	1
0.248	1
0.248	1
0.248	1
0.248	1
0.248	1
0.249	3
0.249	2
0.249	2
0.249	5
0.249	5
0.249	5
0.249	3
0.249	5
0.249	1
0.249	2
0.249	3
0.249	2
0.249	2
0.249	1
0.249	1
0.249	2
0.249	2
0.249	1
0.249	1
0.249	1
0.249	2
0.249	2
0.249	1
0.249	1
0.249	2
0.249	1
0.249	1
0.249	1
0.25	3
0.25	5
0.25	5
0.25	3
0.25	2
0.25	3
0.25	2
0.25	1
0.25	4
0.25	2
0.25	3
0.25	2
0.25	2
0.25	1
0.25	2
0.25	1
0.25	2
0.25	1
0.251	3
0.251	3
0.251	3
0.251	3
0.251	2
0.251	3
0.251	1
0.251	1
0.251	4
0.251	2
0.251	1
0.251	1
0.251	1
0.251	1
0.251	1
0.251	1
0.251	1
0.251	1
0.251	1
0.251	1
0.251	1
0.252	3
0.252	3
0.252	5
0.252	2
0.252	2
0.252	3
0.252	1
0.252	1
0.252	3
0.252	3
0.252	2
0.252	2
0.252	1
0.252	1
0.252	1
0.252	3
0.252	3
0.252	3
0.252	3
0.252	1
0.252	1
0.252	1
0.252	1
0.252	1
0.253	3
0.253	3
0.253	3
0.253	2
0.253	3
0.253	1
0.253	1
0.253	3
0.253	3
0.253	3
0.253	2
0.253	1
0.253	2
0.253	2
0.253	1
0.253	1
0.253	3
0.253	3
0.253	2
0.253	1
0.253	1
0.253	1
0.254	3
0.254	3
0.254	3
0.254	3
0.254	2
0.254	1
0.254	1
0.254	1
0.254	3
0.254	2
0.254	2
0.254	1
0.254	1
0.254	1
0.254	1
0.254	2
0.254	2
0.254	2
0.254	1
0.254	3
0.254	1
0.254	2
0.254	1
0.254	1
0.254	1
0.255	3
0.255	3
0.255	3
0.255	3
0.255	5
0.255	1
0.255	2
0.255	2
0.255	1
0.255	1
0.255	2
0.255	1
0.255	1
0.255	2
0.255	3
0.255	1
0.256	3
0.256	2
0.256	2
0.256	3
0.256	3
0.256	3
0.256	3
0.256	3
0.256	5
0.256	3
0.256	3
0.256	2
0.256	2
0.256	2
0.256	1
0.256	1
0.256	1
0.256	1
0.256	1
0.256	1
0.257	2
0.257	3
0.257	3
0.257	3
0.257	2
0.257	1
0.257	1
0.257	1
0.257	1
0.257	2
0.257	2
0.257	3
0.257	2
0.257	3
0.257	3
0.257	1
0.257	1
0.257	1
0.257	1
0.258	3
0.258	3
0.258	3
0.258	2
0.258	3
0.258	2
0.258	2
0.258	2
0.258	2
0.258	1
0.258	2
0.258	2
0.258	1
0.258	3
0.258	3
0.258	2
0.258	1
0.258	1
0.258	1
0.259	3
0.259	3
0.259	2
0.259	3
0.259	5
0.259	2
0.259	4
0.259	2
0.259	2
0.259	2
0.259	1
0.259	1
0.259	2
0.259	1
0.259	1
0.259	2
0.259	2
0.259	1
0.259	3
0.259	1
0.26	3
0.26	2
0.26	3
0.26	3
0.26	3
0.26	2
0.26	2
0.26	2
0.26	1
0.26	5
0.26	5
0.26	1
0.26	1
0.26	2
0.26	2
0.26	3
0.26	3
0.26	2
0.26	2
0.26	1
0.26	1
0.26	2
0.26	2
0.26	1
0.26	1
0.26	1
0.26	2
0.26	1
0.26	2
0.26	2
0.26	1
0.26	2
0.261	2
0.261	2
0.261	2
0.261	3
0.261	3
0.261	2
0.261	2
0.261	5
0.261	1
0.261	2
0.261	3
0.261	2
0.261	1
0.261	2
0.261	1
0.261	3
0.261	2
0.261	2
0.261	1
0.261	1
0.261	1
0.261	1
0.261	1
0.262	3
0.262	2
0.262	2
0.262	3
0.262	3
0.262	5
0.262	2
0.262	1
0.262	1
0.262	2
0.262	3
0.262	2
0.262	3
0.262	3
0.262	1
0.263	2
0.263	3
0.263	3
0.263	1
0.263	3
0.263	3
0.263	2
0.263	2
0.263	1
0.263	1
0.263	1
0.263	2
0.263	2
0.263	1
0.264	2
0.264	3
0.264	3
0.264	3
0.264	2
0.264	2
0.264	2
0.264	3
0.264	1
0.264	1
0.264	1
0.264	3
0.264	3
0.264	3
0.264	2
0.264	1
0.264	1
0.264	2
0.264	2
0.264	1
0.264	2
0.264	2
0.264	1
0.264	1
0.264	1
0.265	3
0.265	3
0.265	3
0.265	3
0.265	1
0.265	1
0.265	1
0.265	3
0.265	2
0.265	1
0.265	2
0.265	1
0.265	1
0.265	2
0.265	1
0.265	3
0.265	1
0.266	3
0.266	2
0.266	3
0.266	3
0.266	2
0.266	2
0.266	2
0.266	1
0.266	2
0.266	1
0.266	3
0.266	2
0.267	2
0.267	3
0.267	2
0.267	3
0.267	3
0.267	3
0.267	2
0.267	2
0.267	1
0.267	2
0.267	1
0.267	1
0.267	1
0.267	1
0.268	2
0.268	2
0.268	2
0.268	2
0.268	3
0.268	1
0.268	1
0.268	3
0.268	2
0.268	1
0.268	1
0.268	3
0.268	3
0.269	2
0.269	2
0.269	3
0.269	5
0.269	5
0.269	3
0.269	3
0.269	2
0.269	2
0.269	2
0.269	2
0.269	1
0.269	1
0.269	3
0.269	3
0.269	3
0.269	1
0.269	1
0.269	2
0.269	1
0.27	3
0.27	2
0.27	4
0.27	4
0.27	2
0.27	2
0.27	3
0.27	2
0.27	2
0.27	2
0.27	1
0.27	3
0.27	2
0.27	1
0.27	2
0.27	2
0.27	2
0.27	2
0.27	1
0.27	2
0.27	1
0.27	1
0.271	2
0.271	3
0.271	2
0.271	2
0.271	2
0.271	2
0.271	1
0.271	1
0.271	4
0.271	2
0.271	5
0.271	5
0.271	1
0.271	1
0.271	2
0.271	2
0.271	3
0.271	3
0.271	2
0.271	2
0.271	1
0.272	1
0.272	3
0.272	3
0.272	2
0.272	1
0.272	2
0.272	2
0.272	5
0.272	1
0.272	2
0.272	3
0.272	1
0.272	3
0.272	2
0.272	2
0.272	2
0.272	1
0.272	1
0.272	1
0.272	1
0.272	1
0.272	1
0.273	3
0.273	3
0.273	3
0.273	4
0.273	2
0.273	1
0.273	3
0.273	3
0.273	1
0.273	2
0.273	3
0.273	3
0.273	1
0.273	1
0.274	3
0.274	2
0.274	3
0.274	2
0.274	3
0.274	2
0.274	2
0.274	1
0.274	1
0.274	3
0.274	1
0.275	2
0.275	3
0.275	3
0.275	5
0.275	3
0.275	2
0.275	2
0.275	2
0.275	2
0.275	1
0.275	1
0.275	2
0.275	1
0.275	1
0.275	1
0.275	1
0.275	1
0.275	1
0.276	3
0.276	3
0.276	3
0.276	5
0.276	5
0.276	1
0.276	2
0.276	3
0.276	2
0.276	1
0.276	2
0.276	2
0.276	3
0.276	3
0.276	3
0.276	3
0.276	2
0.276	1
0.276	1
0.276	1
0.276	2
0.277	3
0.277	3
0.277	2
0.277	5
0.277	1
0.277	2
0.277	3
0.277	2
0.277	2
0.277	1
0.277	1
0.277	3
0.277	1
0.278	3
0.278	3
0.278	3
0.278	2
0.278	2
0.278	2
0.278	2
0.278	1
0.278	1
0.278	2
0.278	2
0.278	2
0.278	2
0.278	1
0.278	1
0.278	2
0.278	2
0.278	2
0.278	1
0.278	1
0.278	1
0.278	2
0.279	3
0.279	3
0.279	2
0.279	2
0.279	2
0.279	2
0.279	3
0.279	3
0.279	1
0.279	2
0.279	2
0.279	1
0.279	1
0.279	2
0.279	1
0.279	1
0.279	1
0.279	3
0.279	1
0.28	3
0.28	3
0.28	1
0.28	3
0.28	3
0.28	3
0.28	3
0.28	3
0.28	3
0.28	3
0.28	2
0.28	1
0.28	1
0.28	1
0.281	3
0.281	2
0.281	2
0.281	2
0.281	3
0.281	4
0.281	4
0.281	2
0.281	2
0.281	3
0.281	5
0.281	1
0.281	2
0.281	3
0.281	2
0.281	2
0.281	2
0.281	2
0.281	1
0.281	2
0.281	1
0.281	1
0.281	1
0.281	3
0.281	1
0.282	3
0.282	3
0.282	3
0.282	2
0.282	2
0.282	1
0.282	1
0.282	4
0.282	2
0.282	2
0.282	2
0.282	2
0.282	1
0.282	2
0.282	3
0.282	3
0.283	3
0.283	1
0.283	1
0.283	4
0.283	4
0.283	2
0.283	1
0.283	1
0.283	1
0.283	2
0.283	1
0.283	2
0.283	1
0.283	2
0.283	1
0.283	1
0.283	1
0.283	2
0.283	2
0.284	3
0.284	3
0.284	3
0.284	5
0.284	3
0.284	3
0.284	1
0.284	4
0.284	1
0.284	2
0.284	2
0.284	1
0.284	1
0.284	2
0.284	2
0.284	2
0.284	2
0.284	3
0.284	3
0.284	2
0.284	2
0.284	1
0.284	2
0.284	3
0.284	3
0.285	3
0.285	3
0.285	3
0.285	2
0.285	2
0.285	2
0.285	2
0.285	1
0.285	2
0.285	1
0.285	2
0.285	2
0.285	1
0.285	1
0.285	1
0.285	1
0.285	1
0.285	1
0.286	3
0.286	3
0.286	2
0.286	2
0.286	4
0.286	2
0.286	3
0.286	1
0.286	1
0.286	3
0.286	3
0.286	2
0.286	2
0.286	1
0.286	2
0.286	3
0.286	3
0.286	1
0.286	1
0.287	2
0.287	3
0.287	2
0.287	2
0.287	1
0.287	4
0.287	2
0.287	5
0.287	1
0.287	2
0.287	3
0.287	3
0.287	3
0.287	3
0.287	3
0.287	1
0.287	1
0.287	1
0.287	2
0.287	2
0.287	1
0.288	3
0.288	2
0.288	2
0.288	2
0.288	4
0.288	2
0.288	1
0.288	2
0.288	1
0.288	1
0.288	3
0.288	3
0.288	2
0.288	1
0.288	2
0.288	2
0.288	3
0.288	3
0.288	2
0.288	2
0.288	1
0.288	1
0.288	1
0.288	1
0.288	1
0.288	1
0.289	2
0.289	2
0.289	4
0.289	2
0.289	2
0.289	1
0.289	2
0.289	3
0.289	3
0.289	3
0.289	3
0.29	3
0.29	3
0.29	2
0.29	2
0.29	2
0.29	3
0.29	1
0.29	2
0.29	1
0.29	2
0.29	2
0.29	2
0.29	2
0.29	1
0.29	1
0.291	3
0.291	3
0.291	3
0.291	2
0.291	4
0.291	2
0.291	3
0.291	3
0.291	1
0.291	1
0.291	2
0.291	2
0.291	2
0.291	2
0.291	1
0.291	1
0.291	2
0.291	2
0.291	2
0.292	2
0.292	1
0.292	1
0.292	1
0.292	1
0.292	3
0.292	1
0.292	2
0.292	2
0.292	2
0.292	2
0.292	2
0.292	3
0.292	1
0.292	1
0.293	3
0.293	3
0.293	4
0.293	2
0.293	2
0.293	2
0.293	2
0.293	3
0.293	3
0.293	3
0.293	1
0.293	3
0.293	3
0.293	3
0.293	3
0.293	2
0.293	1
0.293	1
0.293	1
0.294	2
0.294	3
0.294	1
0.294	1
0.294	2
0.294	1
0.294	3
0.294	1
0.294	2
0.294	2
0.294	3
0.294	1
0.294	2
0.295	2
0.295	5
0.295	5
0.295	3
0.295	3
0.295	1
0.295	2
0.295	5
0.295	5
0.295	1
0.295	1
0.295	2
0.295	2
0.295	3
0.295	3
0.295	3
0.295	3
0.295	3
0.295	1
0.295	2
0.296	2
0.296	5
0.296	3
0.296	3
0.296	2
0.296	2
0.296	1
0.296	1
0.296	3
0.296	1
0.296	1
0.296	2
0.296	1
0.296	1
0.296	1
0.296	2
0.296	1
0.296	1
0.296	1
0.297	3
0.297	3
0.297	2
0.297	2
0.297	4
0.297	2
0.297	2
0.297	2
0.297	3
0.297	2
0.297	2
0.297	2
0.297	2
0.297	2
0.297	2
0.297	2
0.297	2
0.297	3
0.297	3
0.297	3
0.297	1
0.297	2
0.297	1
0.297	1
0.297	1
0.297	2
0.298	3
0.298	3
0.298	3
0.298	2
0.298	2
0.298	1
0.298	1
0.298	2
0.298	1
0.298	3
0.298	1
0.298	2
0.298	2
0.298	2
0.299	3
0.299	1
0.299	2
0.299	4
0.299	5
0.299	1
0.299	2
0.299	3
0.299	2
0.299	2
0.299	1
0.299	1
0.299	2
0.299	2
0.299	1
0.299	2
0.299	2
0.299	1
0.299	1
0.299	1
0.299	2
0.299	1
0.299	1
0.299	1
0.3	3
0.3	1
0.3	2
0.3	1
0.3	3
0.3	3
0.3	4
0.3	4
0.3	1
0.3	1
0.3	3
0.3	1
0.3	3
0.3	3
0.3	2
0.3	1
0.3	1
0.3	1
0.3	3
0.3	1
0.3	2
0.3	2
0.3	2
0.3	1
0.3	2
0.3	2
0.3	1
0.3	1
0.3	1
0.3	1
0.3	1
0.3	1
0.301	3
0.301	4
0.301	2
0.301	2
0.301	3
0.301	5
0.301	1
0.301	2
0.301	3
0.301	2
0.301	2
0.301	1
0.301	1
0.301	3
0.301	3
0.301	3
0.301	3
0.301	2
0.301	2
0.301	3
0.301	3
0.301	3
0.301	3
0.301	3
0.301	1
0.301	1
0.301	1
0.302	3
0.302	3
0.302	4
0.302	2
0.302	3
0.302	2
0.302	2
0.302	3
0.302	3
0.302	2
0.302	2
0.302	2
0.302	1
0.302	2
0.302	2
0.302	2
0.302	2
0.302	1
0.302	1
0.302	1
0.302	2
0.303	2
0.303	3
0.303	3
0.303	2
0.303	5
0.303	1
0.303	2
0.303	3
0.303	3
0.303	1
0.303	2
0.303	2
0.303	1
0.303	2
0.303	3
0.303	3
0.303	2
0.303	2
0.303	2
0.303	1
0.303	1
0.303	1
0.303	1
0.303	1
0.303	1
0.303	1
0.303	1
0.303	1
0.304	3
0.304	3
0.304	3
0.304	1
0.304	3
0.304	3
0.304	2
0.304	1
0.304	3
0.304	3
0.304	3
0.304	1
0.304	2
0.304	2
0.304	3
0.304	3
0.304	3
0.304	3
0.304	3
0.304	3
0.304	2
0.304	2
0.304	1
0.304	1
0.305	4
0.305	3
0.305	3
0.305	2
0.305	4
0.305	4
0.305	2
0.305	2
0.305	1
0.305	1
0.305	2
0.305	2
0.305	2
0.305	2
0.305	2
0.305	3
0.305	3
0.305	2
0.305	2
0.305	1
0.305	2
0.305	2
0.305	2
0.305	2
0.305	2
0.305	2
0.305	2
0.305	3
0.305	1
0.306	5
0.306	5
0.306	2
0.306	2
0.306	2
0.306	1
0.306	1
0.306	2
0.306	2
0.306	2
0.306	2
0.306	2
0.306	3
0.306	1
0.306	2
0.306	2
0.306	2
0.306	2
0.306	2
0.306	2
0.306	1
0.306	1
0.306	1
0.306	2
0.306	2
0.306	2
0.307	3
0.307	3
0.307	5
0.307	2
0.307	3
0.307	2
0.307	4
0.307	4
0.307	1
0.307	1
0.307	3
0.307	4
0.307	3
0.307	3
0.307	3
0.307	1
0.307	1
0.307	1
0.307	2
0.307	1
0.307	1
0.307	1
0.308	3
0.308	3
0.308	5
0.308	5
0.308	1
0.308	1
0.308	2
0.308	2
0.308	3
0.308	3
0.308	3
0.308	4
0.308	2
0.308	2
0.308	2
0.308	2
0.308	2
0.308	1
0.308	2
0.308	3
0.308	3
0.308	3
0.308	4
0.308	4
0.308	4
0.308	3
0.308	3
0.308	2
0.309	3
0.309	4
0.309	2
0.309	2
0.309	2
0.309	1
0.309	3
0.309	2
0.309	2
0.309	3
0.309	2
0.309	2
0.309	2
0.309	2
0.309	2
0.309	2
0.31	3
0.31	3
0.31	3
0.31	1
0.31	2
0.31	1
0.31	3
0.31	3
0.31	1
0.31	1
0.31	2
0.31	2
0.31	1
0.31	2
0.31	2
0.31	2
0.31	1
0.31	1
0.31	2
0.311	3
0.311	5
0.311	2
0.311	3
0.311	4
0.311	4
0.311	2
0.311	3
0.311	4
0.311	2
0.311	1
0.311	2
0.311	2
0.311	3
0.311	2
0.311	1
0.311	1
0.311	1
0.311	3
0.311	1
0.311	3
0.311	1
0.311	2
0.311	2
0.311	2
0.312	4
0.312	4
0.312	5
0.312	2
0.312	1
0.312	3
0.312	1
0.312	3
0.312	3
0.312	4
0.312	2
0.312	2
0.312	2
0.312	2
0.312	2
0.312	2
0.312	2
0.312	3
0.312	3
0.312	4
0.312	2
0.312	2
0.312	2
0.312	3
0.312	4
0.312	2
0.312	3
0.312	1
0.312	1
0.313	4
0.313	3
0.313	4
0.313	4
0.313	3
0.313	3
0.313	2
0.313	2
0.313	4
0.313	4
0.313	2
0.313	1
0.313	3
0.313	1
0.313	3
0.313	1
0.313	2
0.313	2
0.313	1
0.313	1
0.313	1
0.313	3
0.313	1
0.313	2
0.313	2
0.313	2
0.313	3
0.313	4
0.313	4
0.313	1
0.313	1
0.313	1
0.313	1
0.313	1
0.313	1
0.314	2
0.314	2
0.314	4
0.314	3
0.314	2
0.314	1
0.314	2
0.314	2
0.314	3
0.314	3
0.314	4
0.314	2
0.314	1
0.314	1
0.314	1
0.314	3
0.314	3
0.314	3
0.314	3
0.314	3
0.314	1
0.314	1
0.314	1
0.314	2
0.314	2
0.315	2
0.315	4
0.315	1
0.315	3
0.315	3
0.315	3
0.315	3
0.315	4
0.315	4
0.315	4
0.315	2
0.315	2
0.315	2
0.315	1
0.315	2
0.315	2
0.315	2
0.315	1
0.315	1
0.315	1
0.316	5
0.316	5
0.316	1
0.316	2
0.316	3
0.316	1
0.316	3
0.316	1
0.316	1
0.316	1
0.316	3
0.316	3
0.316	3
0.316	2
0.316	2
0.316	4
0.316	2
0.316	2
0.316	2
0.316	1
0.316	2
0.316	3
0.316	3
0.316	2
0.316	2
0.316	2
0.316	1
0.316	1
0.316	1
0.316	1
0.316	1
0.316	1
0.316	1
0.316	1
0.316	1
0.316	2
0.316	2
0.316	4
0.316	4
0.316	1
0.316	1
0.316	1
0.316	1
0.317	4
0.317	2
0.317	2
0.317	3
0.317	3
0.317	2
0.317	2
0.317	2
0.317	1
0.317	3
0.317	3
0.317	3
0.317	3
0.317	1
0.317	2
0.317	2
0.317	3
0.317	3
0.317	3
0.317	3
0.317	3
0.317	3
0.317	3
0.317	3
0.317	1
0.317	1
0.318	3
0.318	3
0.318	4
0.318	4
0.318	1
0.318	1
0.318	4
0.318	4
0.318	2
0.318	2
0.318	2
0.318	2
0.318	1
0.318	3
0.318	4
0.318	2
0.318	2
0.318	1
0.318	2
0.318	2
0.318	2
0.318	2
0.318	2
0.318	2
0.318	2
0.319	3
0.319	4
0.319	3
0.319	3
0.319	2
0.319	2
0.319	2
0.319	1
0.319	1
0.319	5
0.319	1
0.319	2
0.319	3
0.319	1
0.319	3
0.319	4
0.319	2
0.319	2
0.319	3
0.319	1
0.319	2
0.319	2
0.319	2
0.319	2
0.319	2
0.319	2
0.319	1
0.319	1
0.319	1
0.319	2
0.319	2
0.319	2
0.319	2
0.319	2
0.319	1
0.319	1
0.319	1
0.319	1
0.319	1
0.319	1
0.32	3
0.32	4
0.32	4
0.32	2
0.32	5
0.32	1
0.32	2
0.32	3
0.32	2
0.32	2
0.32	1
0.32	1
0.32	1
0.32	1
0.32	3
0.32	3
0.32	4
0.32	3
0.32	3
0.32	3
0.32	1
0.32	1
0.32	1
0.32	3
0.32	4
0.32	3
0.32	3
0.321	3
0.321	3
0.321	3
0.321	3
0.321	3
0.321	3
0.321	2
0.321	2
0.321	2
0.321	2
0.321	2
0.321	2
0.321	2
0.321	2
0.321	3
0.321	1
0.321	2
0.321	3
0.321	3
0.321	3
0.321	4
0.321	4
0.321	4
0.321	2
0.321	2
0.321	2
0.321	2
0.321	2
0.322	3
0.322	4
0.322	5
0.322	1
0.322	5
0.322	1
0.322	2
0.322	3
0.322	3
0.322	2
0.322	4
0.322	2
0.322	2
0.322	2
0.322	2
0.322	2
0.322	2
0.322	2
0.322	2
0.322	1
0.322	1
0.322	2
0.322	2
0.323	3
0.323	4
0.323	3
0.323	2
0.323	5
0.323	5
0.323	5
0.323	1
0.323	1
0.323	1
0.323	2
0.323	2
0.323	2
0.323	3
0.323	3
0.323	3
0.323	1
0.323	3
0.323	3
0.323	1
0.323	1
0.323	2
0.323	4
0.323	1
0.323	1
0.324	4
0.324	4
0.324	3
0.324	1
0.324	2
0.324	2
0.324	2
0.324	1
0.324	1
0.324	3
0.324	2
0.324	4
0.324	2
0.324	1
0.324	1
0.324	1
0.324	3
0.324	3
0.324	4
0.324	4
0.324	3
0.324	1
0.325	4
0.325	2
0.325	2
0.325	2
0.325	2
0.325	3
0.325	3
0.325	3
0.325	3
0.325	3
0.325	2
0.325	3
0.325	4
0.325	2
0.325	3
0.325	3
0.325	3
0.325	2
0.325	2
0.325	2
0.325	4
0.325	4
0.325	4
0.325	2
0.325	2
0.325	2
0.325	2
0.325	2
0.325	2
0.326	2
0.326	3
0.326	1
0.326	2
0.326	2
0.326	4
0.326	2
0.326	1
0.326	3
0.326	1
0.326	2
0.326	1
0.326	1
0.326	1
0.327	3
0.327	3
0.327	3
0.327	3
0.327	2
0.327	1
0.327	5
0.327	1
0.327	2
0.327	3
0.327	3
0.327	3
0.327	4
0.327	2
0.327	1
0.327	1
0.327	1
0.327	1
0.327	1
0.327	4
0.327	3
0.327	2
0.327	4
0.327	1
0.327	1
0.328	3
0.328	4
0.328	3
0.328	3
0.328	4
0.328	3
0.328	2
0.328	1
0.328	3
0.328	3
0.328	3
0.328	3
0.328	4
0.328	4
0.328	4
0.328	2
0.328	2
0.328	2
0.328	3
0.328	3
0.328	2
0.328	2
0.328	4
0.328	4
0.328	2
0.328	2
0.328	2
0.328	2
0.328	3
0.328	1
0.328	2
0.328	2
0.328	2
0.329	4
0.329	2
0.329	3
0.329	3
0.329	4
0.329	2
0.329	3
0.329	3
0.329	1
0.329	1
0.329	1
0.329	3
0.329	3
0.329	3
0.329	2
0.329	2
0.329	1
0.329	2
0.33	2
0.33	5
0.33	5
0.33	2
0.33	1
0.33	4
0.33	2
0.33	1
0.33	3
0.33	3
0.33	3
0.33	1
0.33	1
0.33	3
0.33	1
0.33	2
0.33	1
0.33	1
0.33	1
0.33	2
0.33	2
0.33	2
0.33	4
0.33	4
0.33	4
0.33	1
0.33	1
0.33	1
0.33	1
0.33	1
0.33	1
0.331	2
0.331	3
0.331	2
0.331	1
0.331	1
0.331	4
0.331	2
0.331	1
0.331	3
0.331	3
0.331	2
0.331	3
0.331	3
0.331	4
0.331	4
0.331	2
0.331	2
0.331	3
0.331	4
0.331	4
0.331	3
0.331	3
0.331	3
0.331	3
0.331	1
0.331	1
0.331	1
0.332	3
0.332	3
0.332	3
0.332	4
0.332	4
0.332	2
0.332	3
0.332	3
0.332	3
0.332	1
0.332	1
0.332	1
0.332	3
0.332	3
0.332	2
0.332	2
0.332	2
0.332	2
0.332	2
0.333	2
0.333	2
0.333	1
0.333	4
0.333	4
0.333	4
0.333	2
0.333	2
0.333	2
0.333	5
0.333	1
0.333	2
0.333	3
0.333	3
0.333	2
0.333	1
0.333	1
0.333	1
0.333	3
0.333	3
0.333	2
0.333	2
0.333	1
0.333	2
0.333	2
0.333	2
0.333	2
0.333	1
0.333	1
0.333	1
0.333	1
0.333	1
0.333	1
0.333	1
0.333	1
0.333	1
0.334	3
0.334	5
0.334	3
0.334	3
0.334	3
0.334	3
0.334	3
0.334	2
0.334	4
0.334	2
0.334	2
0.334	2
0.334	1
0.334	1
0.334	1
0.334	2
0.334	3
0.334	3
0.334	3
0.334	2
0.334	2
0.334	2
0.334	1
0.334	3
0.334	1
0.334	4
0.334	4
0.334	4
0.334	3
0.334	3
0.334	3
0.334	2
0.334	2
0.334	4
0.334	4
0.334	1
0.334	1
0.334	1
0.334	1
0.335	4
0.335	4
0.335	2
0.335	4
0.335	4
0.335	4
0.335	5
0.335	1
0.335	2
0.335	3
0.335	3
0.335	2
0.335	4
0.335	2
0.335	3
0.335	4
0.335	2
0.335	2
0.335	2
0.335	2
0.335	2
0.335	2
0.335	3
0.335	3
0.335	1
0.335	1
0.336	4
0.336	4
0.336	4
0.336	5
0.336	3
0.336	3
0.336	2
0.336	5
0.336	5
0.336	5
0.336	1
0.336	1
0.336	1
0.336	2
0.336	2
0.336	2
0.336	3
0.336	3
0.336	3
0.336	1
0.336	1
0.336	2
0.336	2
0.336	2
0.336	2
0.336	2
0.336	2
0.336	2
0.336	1
0.336	1
0.336	1
0.336	2
0.336	2
0.336	2
0.336	2
0.337	3
0.337	4
0.337	4
0.337	2
0.337	4
0.337	2
0.337	3
0.337	3
0.337	3
0.337	3
0.337	3
0.337	2
0.337	2
0.337	1
0.337	3
0.337	3
0.337	3
0.337	1
0.337	1
0.337	1
0.337	2
0.337	2
0.337	1
0.337	1
0.337	1
0.337	1
0.337	1
0.337	1
0.338	5
0.338	2
0.338	2
0.338	2
0.338	2
0.338	1
0.338	3
0.338	4
0.338	3
0.338	1
0.338	3
0.338	3
0.338	3
0.338	4
0.338	4
0.338	4
0.338	4
0.338	4
0.338	3
0.338	3
0.338	2
0.338	4
0.338	1
0.338	1
0.339	1
0.339	4
0.339	5
0.339	5
0.339	1
0.339	1
0.339	2
0.339	2
0.339	3
0.339	3
0.339	1
0.339	3
0.339	3
0.339	2
0.339	4
0.339	2
0.339	2
0.339	2
0.339	2
0.339	2
0.339	2
0.339	2
0.339	2
0.339	3
0.339	1
0.34	4
0.34	4
0.34	3
0.34	2
0.34	3
0.34	3
0.34	3
0.34	2
0.34	2
0.34	2
0.34	2
0.34	1
0.34	1
0.34	2
0.34	2
0.341	4
0.341	2
0.341	4
0.341	3
0.341	3
0.341	2
0.341	2
0.341	2
0.341	1
0.341	1
0.341	1
0.341	1
0.341	3
0.341	3
0.341	1
0.341	1
0.341	2
0.341	1
0.341	1
0.341	1
0.342	3
0.342	3
0.342	4
0.342	3
0.342	3
0.342	1
0.342	3
0.342	3
0.342	4
0.342	3
0.342	3
0.342	3
0.342	3
0.342	2
0.342	2
0.342	2
0.342	4
0.342	4
0.342	4
0.342	2
0.342	2
0.342	2
0.342	3
0.342	3
0.342	4
0.342	4
0.342	4
0.342	3
0.343	4
0.343	5
0.343	5
0.343	3
0.343	1
0.343	4
0.343	2
0.343	1
0.343	1
0.343	3
0.343	2
0.343	2
0.343	2
0.343	2
0.344	4
0.344	3
0.344	2
0.344	1
0.344	3
0.344	3
0.344	2
0.344	3
0.344	1
0.344	1
0.344	1
0.344	2
0.344	2
0.344	1
0.344	2
0.345	4
0.345	3
0.345	3
0.345	4
0.345	3
0.345	3
0.345	1
0.345	2
0.345	4
0.345	4
0.345	2
0.345	3
0.345	3
0.345	3
0.345	3
0.345	3
0.345	3
0.345	4
0.345	4
0.345	4
0.345	3
0.345	3
0.345	3
0.345	1
0.345	1
0.345	3
0.345	1
0.346	3
0.346	2
0.346	3
0.346	3
0.346	3
0.346	1
0.346	1
0.346	1
0.346	2
0.346	1
0.346	4
0.346	4
0.346	4
0.346	2
0.346	2
0.346	2
0.346	5
0.346	1
0.346	2
0.346	3
0.346	1
0.346	1
0.346	1
0.346	3
0.346	3
0.346	3
0.346	3
0.346	3
0.346	2
0.346	2
0.346	4
0.346	4
0.346	2
0.346	2
0.346	3
0.346	4
0.346	2
0.347	3
0.347	3
0.347	3
0.347	4
0.347	2
0.347	2
0.347	2
0.347	1
0.347	1
0.347	1
0.347	3
0.347	1
0.347	3
0.347	3
0.347	3
0.347	2
0.348	3
0.348	3
0.348	3
0.348	4
0.348	4
0.348	4
0.348	3
0.348	3
0.348	3
0.348	2
0.348	1
0.348	1
0.348	2
0.348	4
0.348	1
0.348	1
0.349	2
0.349	2
0.349	3
0.349	4
0.349	4
0.349	3
0.349	2
0.349	3
0.349	3
0.349	3
0.349	3
0.349	3
0.349	3
0.349	4
0.349	4
0.349	2
0.349	2
0.349	3
0.349	3
0.349	4
0.349	4
0.349	3
0.349	3
0.349	1
0.349	3
0.349	1
0.35	3
0.35	4
0.35	4
0.35	2
0.35	1
0.35	2
0.35	2
0.35	2
0.35	2
0.35	5
0.35	1
0.35	2
0.35	3
0.35	1
0.35	1
0.35	2
0.35	1
0.35	1
0.35	3
0.35	3
0.35	3
0.35	2
0.35	4
0.35	2
0.351	4
0.351	3
0.351	5
0.351	3
0.351	2
0.351	4
0.351	4
0.351	3
0.351	3
0.351	3
0.351	3
0.351	2
0.351	2
0.351	2
0.351	3
0.351	4
0.351	2
0.351	1
0.351	1
0.351	1
0.352	3
0.352	2
0.352	1
0.352	4
0.352	3
0.353	2
0.353	3
0.353	3
0.353	3
0.353	3
0.353	3
0.353	3
0.353	3
0.353	2
0.353	5
0.353	5
0.353	5
0.353	1
0.353	2
0.353	2
0.353	2
0.353	2
0.353	2
0.353	3
0.353	3
0.353	3
0.353	3
0.353	4
0.353	3
0.353	2
0.353	2
0.354	5
0.354	2
0.354	2
0.354	2
0.354	3
0.354	3
0.354	3
0.354	2
0.354	2
0.354	1
0.354	3
0.354	2
0.354	2
0.354	1
0.354	2
0.355	2
0.355	3
0.355	3
0.355	5
0.355	3
0.355	3
0.355	3
0.355	3
0.355	2
0.355	2
0.355	4
0.355	3
0.355	1
0.356	3
0.356	3
0.356	3
0.356	1
0.356	4
0.356	2
0.356	3
0.356	4
0.357	2
0.357	4
0.357	5
0.357	3
0.357	3
0.357	2
0.357	2
0.357	2
0.357	2
0.357	5
0.357	5
0.357	2
0.357	2
0.357	2
0.357	2
0.357	3
0.357	3
0.357	2
0.358	3
0.358	3
0.358	4
0.358	5
0.358	5
0.358	5
0.358	1
0.358	4
0.358	3
0.358	3
0.358	2
0.358	2
0.358	2
0.359	4
0.359	4
0.359	3
0.359	3
0.359	3
0.359	1
0.359	1
0.359	1
0.359	3
0.359	3
0.359	2
0.359	1
0.359	2
0.36	4
0.36	3
0.36	3
0.36	3
0.36	3
0.36	4
0.36	2
0.36	3
0.36	2
0.36	4
0.36	2
0.36	2
0.36	2
0.36	4
0.36	4
0.36	1
0.36	1
0.36	1
0.36	1
0.361	4
0.361	4
0.361	3
0.361	3
0.361	2
0.361	2
0.361	5
0.361	2
0.361	3
0.361	3
0.361	3
0.361	3
0.361	1
0.361	1
0.361	2
0.361	4
0.361	1
0.361	1
0.362	2
0.362	2
0.362	4
0.362	5
0.362	3
0.362	3
0.362	4
0.362	3
0.362	3
0.362	3
0.362	1
0.362	1
0.362	4
0.362	3
0.362	3
0.362	3
0.362	3
0.362	1
0.362	3
0.362	1
0.363	4
0.363	3
0.363	4
0.363	3
0.363	3
0.363	3
0.363	4
0.363	4
0.363	4
0.363	2
0.363	2
0.363	2
0.363	3
0.363	5
0.363	3
0.363	2
0.363	2
0.363	1
0.363	1
0.363	1
0.363	1
0.363	1
0.363	1
0.364	4
0.364	4
0.364	4
0.364	4
0.364	2
0.364	2
0.364	2
0.364	2
0.364	2
0.364	2
0.364	2
0.364	1
0.364	3
0.364	4
0.364	4
0.364	3
0.364	3
0.364	2
0.364	1
0.364	1
0.364	1
0.365	4
0.365	4
0.365	4
0.365	4
0.365	3
0.365	4
0.365	4
0.365	3
0.365	3
0.365	4
0.365	4
0.365	4
0.365	4
0.365	2
0.365	2
0.365	2
0.365	2
0.365	4
0.365	3
0.366	3
0.366	3
0.366	3
0.366	3
0.366	3
0.366	3
0.366	3
0.366	3
0.366	2
0.366	2
0.366	2
0.366	2
0.366	1
0.366	1
0.366	2
0.366	3
0.366	2
0.366	2
0.367	4
0.367	3
0.367	4
0.367	4
0.367	2
0.367	2
0.367	3
0.367	3
0.367	1
0.367	1
0.367	2
0.367	2
0.367	1
0.367	3
0.368	4
0.368	5
0.368	3
0.368	2
0.368	2
0.368	2
0.368	3
0.368	3
0.368	2
0.368	3
0.368	3
0.368	4
0.368	4
0.368	3
0.368	1
0.369	3
0.369	3
0.369	4
0.369	3
0.369	3
0.369	3
0.369	3
0.369	3
0.369	1
0.369	4
0.369	4
0.369	3
0.369	2
0.369	2
0.369	2
0.369	3
0.369	4
0.37	2
0.37	3
0.37	3
0.37	3
0.37	3
0.37	5
0.37	3
0.37	3
0.37	2
0.371	5
0.371	5
0.371	5
0.371	2
0.371	2
0.371	2
0.371	4
0.371	2
0.371	5
0.371	2
0.371	3
0.371	3
0.371	1
0.371	1
0.372	4
0.372	4
0.372	3
0.372	3
0.372	3
0.372	4
0.372	3
0.372	2
0.372	3
0.372	3
0.372	3
0.372	3
0.372	2
0.372	2
0.372	4
0.372	4
0.372	2
0.372	2
0.372	1
0.373	2
0.373	3
0.373	3
0.373	3
0.373	2
0.373	4
0.373	3
0.373	2
0.373	4
0.373	2
0.374	2
0.374	3
0.374	4
0.374	5
0.374	5
0.374	3
0.374	1
0.374	1
0.375	4
0.375	2
0.375	2
0.375	3
0.375	3
0.375	5
0.375	5
0.375	3
0.375	3
0.375	1
0.376	2
0.376	4
0.376	3
0.376	4
0.376	3
0.376	2
0.376	2
0.376	2
0.376	1
0.376	1
0.376	3
0.376	3
0.376	3
0.376	5
0.376	3
0.376	2
0.376	2
0.377	2
0.377	2
0.377	2
0.377	3
0.377	4
0.377	4
0.377	4
0.377	4
0.377	3
0.377	3
0.377	3
0.377	4
0.377	4
0.377	1
0.377	3
0.377	2
0.378	4
0.378	4
0.378	4
0.378	4
0.378	2
0.378	2
0.378	4
0.378	4
0.378	1
0.378	1
0.378	1
0.378	1
0.379	3
0.379	4
0.379	4
0.379	4
0.379	3
0.379	3
0.379	3
0.379	2
0.379	3
0.379	3
0.379	1
0.379	1
0.379	2
0.379	4
0.379	1
0.379	1
0.379	2
0.379	2
0.38	4
0.38	3
0.38	4
0.38	4
0.38	3
0.38	2
0.38	2
0.38	3
0.38	2
0.38	2
0.38	3
0.38	1
0.381	2
0.381	4
0.381	4
0.381	5
0.381	3
0.381	3
0.381	4
0.381	2
0.381	3
0.381	3
0.381	2
0.381	2
0.381	2
0.381	3
0.381	3
0.381	1
0.381	1
0.381	1
0.381	1
0.381	1
0.381	1
0.381	2
0.381	2
0.381	4
0.381	4
0.381	1
0.381	1
0.381	1
0.381	1
0.382	3
0.382	2
0.382	3
0.382	3
0.382	2
0.382	4
0.382	4
0.382	3
0.382	3
0.382	3
0.382	1
0.382	1
0.382	1
0.382	3
0.382	3
0.382	1
0.382	1
0.382	2
0.383	4
0.383	3
0.383	3
0.383	3
0.383	3
0.383	3
0.383	3
0.383	3
0.383	3
0.383	4
0.383	4
0.383	3
0.383	3
0.383	4
0.383	5
0.383	5
0.383	2
0.383	2
0.383	3
0.383	3
0.383	3
0.383	3
0.383	2
0.383	2
0.383	2
0.383	2
0.383	4
0.383	3
0.384	4
0.384	2
0.384	3
0.384	3
0.384	5
0.384	3
0.384	3
0.384	3
0.384	2
0.384	2
0.384	2
0.384	2
0.384	1
0.384	1
0.384	3
0.384	3
0.384	2
0.384	2
0.384	3
0.384	3
0.384	1
0.384	1
0.384	1
0.384	1
0.384	1
0.384	1
0.384	2
0.384	5
0.384	1
0.384	1
0.385	3
0.385	5
0.385	3
0.385	3
0.385	3
0.385	3
0.385	1
0.385	1
0.385	2
0.385	2
0.385	1
0.385	3
0.385	4
0.385	4
0.385	3
0.385	3
0.385	3
0.385	1
0.386	4
0.386	3
0.386	3
0.386	3
0.386	3
0.386	3
0.386	3
0.386	3
0.386	3
0.386	3
0.386	3
0.386	4
0.386	4
0.386	3
0.386	1
0.386	2
0.386	2
0.386	2
0.386	2
0.387	4
0.387	4
0.387	4
0.387	2
0.387	4
0.387	3
0.387	3
0.387	4
0.387	3
0.387	2
0.387	2
0.387	3
0.387	4
0.387	2
0.387	2
0.387	2
0.387	2
0.387	1
0.387	1
0.387	3
0.387	3
0.387	3
0.387	1
0.387	1
0.387	1
0.387	2
0.388	4
0.388	5
0.388	5
0.388	5
0.388	2
0.388	3
0.388	3
0.388	1
0.388	1
0.388	4
0.388	3
0.389	2
0.389	3
0.389	3
0.389	2
0.389	1
0.389	1
0.389	3
0.389	3
0.389	4
0.389	4
0.389	2
0.389	2
0.389	2
0.389	5
0.389	1
0.389	1
0.39	2
0.39	2
0.39	2
0.39	3
0.39	3
0.39	3
0.39	3
0.39	2
0.39	2
0.39	4
0.39	4
0.39	2
0.39	2
0.39	1
0.39	2
0.39	2
0.39	2
0.39	2
0.39	1
0.39	3
0.39	3
0.39	1
0.391	4
0.391	4
0.391	3
0.391	3
0.391	2
0.391	4
0.391	2
0.391	3
0.391	1
0.392	4
0.392	5
0.392	5
0.392	3
0.392	3
0.392	1
0.392	1
0.392	1
0.392	1
0.392	3
0.392	4
0.392	3
0.392	1
0.392	1
0.392	1
0.393	2
0.393	2
0.393	3
0.393	4
0.393	4
0.393	2
0.393	2
0.393	3
0.393	3
0.393	3
0.393	5
0.393	5
0.393	3
0.393	3
0.393	1
0.393	3
0.393	3
0.393	2
0.393	2
0.393	4
0.393	4
0.393	2
0.393	2
0.393	2
0.393	4
0.393	3
0.394	4
0.394	4
0.394	4
0.394	3
0.394	2
0.394	2
0.394	2
0.394	3
0.394	3
0.394	4
0.394	2
0.394	1
0.394	1
0.394	3
0.394	3
0.394	3
0.394	5
0.394	3
0.394	2
0.394	2
0.394	2
0.395	4
0.395	4
0.395	4
0.395	3
0.395	4
0.395	4
0.395	2
0.395	3
0.395	4
0.395	4
0.395	1
0.395	3
0.395	2
0.395	3
0.395	1
0.395	2
0.395	2
0.395	1
0.395	3
0.395	2
0.396	3
0.396	5
0.396	4
0.396	4
0.396	3
0.396	3
0.396	5
0.396	5
0.396	3
0.396	3
0.396	3
0.396	2
0.396	4
0.396	2
0.396	3
0.396	1
0.396	2
0.396	5
0.396	1
0.396	1
0.396	2
0.397	4
0.397	3
0.397	4
0.397	3
0.397	1
0.397	1
0.397	3
0.397	3
0.397	3
0.397	4
0.397	3
0.397	1
0.397	2
0.397	5
0.397	1
0.397	1
0.397	2
0.398	4
0.398	4
0.398	2
0.398	2
0.398	4
0.398	4
0.398	3
0.398	2
0.398	3
0.398	1
0.398	2
0.398	5
0.398	1
0.398	1
0.399	4
0.399	4
0.399	4
0.399	3
0.399	3
0.399	2
0.399	2
0.399	2
0.399	3
0.399	5
0.399	3
0.399	3
0.399	1
0.399	1
0.399	1
0.399	3
0.399	1
0.399	2
0.399	5
0.399	1
0.399	1
0.4	4
0.4	4
0.4	4
0.4	2
0.4	3
0.4	3
0.4	3
0.4	3
0.4	3
0.4	2
0.4	1
0.4	3
0.4	1
0.4	4
0.4	3
0.4	3
0.4	1
0.4	1
0.4	1
0.4	4
0.4	1
0.401	3
0.401	2
0.401	2
0.401	5
0.401	5
0.401	3
0.401	3
0.401	3
0.401	3
0.401	3
0.401	3
0.401	2
0.401	2
0.401	4
0.401	3
0.401	2
0.401	4
0.401	2
0.401	2
0.401	2
0.401	4
0.401	4
0.401	3
0.401	1
0.401	1
0.401	1
0.402	4
0.402	2
0.402	3
0.402	3
0.402	5
0.402	3
0.402	3
0.402	3
0.402	3
0.402	3
0.402	2
0.402	2
0.402	2
0.402	2
0.402	1
0.402	3
0.402	2
0.402	2
0.402	4
0.402	4
0.402	3
0.402	1
0.402	1
0.402	1
0.403	4
0.403	4
0.403	3
0.403	3
0.403	3
0.403	4
0.403	3
0.403	3
0.403	3
0.403	1
0.403	2
0.403	2
0.403	1
0.403	3
0.403	2
0.403	2
0.403	4
0.403	4
0.404	2
0.404	3
0.404	3
0.404	3
0.404	5
0.404	5
0.404	3
0.404	3
0.404	3
0.404	3
0.404	3
0.404	3
0.404	2
0.404	3
0.404	5
0.404	3
0.404	3
0.404	4
0.404	3
0.404	1
0.404	2
0.404	2
0.404	1
0.404	3
0.404	2
0.404	2
0.405	3
0.405	3
0.405	3
0.405	2
0.405	1
0.405	3
0.405	2
0.405	3
0.405	4
0.405	3
0.405	1
0.405	2
0.405	2
0.405	1
0.405	3
0.405	2
0.406	5
0.406	3
0.406	3
0.406	4
0.406	2
0.406	3
0.406	4
0.406	3
0.406	1
0.407	3
0.407	3
0.407	3
0.407	3
0.407	3
0.407	3
0.407	3
0.407	3
0.407	5
0.407	3
0.407	3
0.407	3
0.407	1
0.407	2
0.407	3
0.407	4
0.407	2
0.407	5
0.407	1
0.407	1
0.408	3
0.408	3
0.408	3
0.408	3
0.408	2
0.408	4
0.408	2
0.408	1
0.408	2
0.408	4
0.408	1
0.409	4
0.409	4
0.409	3
0.409	3
0.409	2
0.409	3
0.409	2
0.409	4
0.409	2
0.409	1
0.409	2
0.41	4
0.41	4
0.41	3
0.41	3
0.41	3
0.41	3
0.41	2
0.41	3
0.41	3
0.41	2
0.41	4
0.41	2
0.41	1
0.41	3
0.41	1
0.41	1
0.41	1
0.41	2
0.411	3
0.411	3
0.411	3
0.411	4
0.411	4
0.411	2
0.411	2
0.411	3
0.411	3
0.411	5
0.411	3
0.411	3
0.411	3
0.411	2
0.411	4
0.411	2
0.411	4
0.411	4
0.411	2
0.411	5
0.411	1
0.411	1
0.412	4
0.412	2
0.412	2
0.412	3
0.412	3
0.412	4
0.412	2
0.412	5
0.412	3
0.412	3
0.412	3
0.412	2
0.412	3
0.412	3
0.412	5
0.412	3
0.412	3
0.412	2
0.412	2
0.412	4
0.412	1
0.412	2
0.412	5
0.412	1
0.412	1
0.413	4
0.413	3
0.413	3
0.413	4
0.413	4
0.413	3
0.413	3
0.413	3
0.413	3
0.413	3
0.413	4
0.413	2
0.413	3
0.413	3
0.413	5
0.413	3
0.413	3
0.413	2
0.413	2
0.413	1
0.413	3
0.413	4
0.413	1
0.414	4
0.414	3
0.414	4
0.414	4
0.414	4
0.414	2
0.414	2
0.414	4
0.414	2
0.414	3
0.414	3
0.414	5
0.414	3
0.414	3
0.414	1
0.414	3
0.414	1
0.414	1
0.414	1
0.415	3
0.415	3
0.415	3
0.415	3
0.415	3
0.415	4
0.415	2
0.415	3
0.415	3
0.415	4
0.415	4
0.415	4
0.415	3
0.415	1
0.415	1
0.415	1
0.416	3
0.416	3
0.416	4
0.416	4
0.416	3
0.416	2
0.416	4
0.416	2
0.416	2
0.416	2
0.416	4
0.416	4
0.416	2
0.416	2
0.417	4
0.417	4
0.417	4
0.417	3
0.417	4
0.417	2
0.417	3
0.417	2
0.417	2
0.417	2
0.417	2
0.417	1
0.417	3
0.417	2
0.417	2
0.418	3
0.418	5
0.418	5
0.418	3
0.418	3
0.418	3
0.418	2
0.418	2
0.418	1
0.418	3
0.418	1
0.418	2
0.418	2
0.418	1
0.418	3
0.418	2
0.418	2
0.418	5
0.418	5
0.418	1
0.418	1
0.418	1
0.418	1
0.419	5
0.419	2
0.419	2
0.419	4
0.419	5
0.419	3
0.419	3
0.419	3
0.419	3
0.419	2
0.419	2
0.419	3
0.419	2
0.419	4
0.419	2
0.419	3
0.419	4
0.419	3
0.419	1
0.419	4
0.419	4
0.419	1
0.419	1
0.419	2
0.42	2
0.42	3
0.42	5
0.42	3
0.42	3
0.42	3
0.42	3
0.42	2
0.42	2
0.42	3
0.42	4
0.421	4
0.421	4
0.421	3
0.421	3
0.421	3
0.421	5
0.421	3
0.421	3
0.421	3
0.421	3
0.421	2
0.421	3
0.421	3
0.421	1
0.421	1
0.421	1
0.421	1
0.421	1
0.421	1
0.421	2
0.421	5
0.421	1
0.421	1
0.422	2
0.422	2
0.422	4
0.422	2
0.422	3
0.422	5
0.422	3
0.422	3
0.422	3
0.422	3
0.422	5
0.422	4
0.422	1
0.422	4
0.422	4
0.422	4
0.422	4
0.422	4
0.422	1
0.423	3
0.423	3
0.423	3
0.423	2
0.423	3
0.423	3
0.423	2
0.423	4
0.423	2
0.423	1
0.423	2
0.423	2
0.423	2
0.423	2
0.423	2
0.424	4
0.424	4
0.424	3
0.424	3
0.424	4
0.424	4
0.424	4
0.424	2
0.424	4
0.424	2
0.424	2
0.424	2
0.424	2
0.424	2
0.424	1
0.424	1
0.424	3
0.424	3
0.424	3
0.424	1
0.424	1
0.424	1
0.425	4
0.425	3
0.425	4
0.425	4
0.425	4
0.425	3
0.425	3
0.425	3
0.425	2
0.425	3
0.425	3
0.425	3
0.425	1
0.425	1
0.425	4
0.425	4
0.425	2
0.425	5
0.425	1
0.425	1
0.426	4
0.426	3
0.426	3
0.426	5
0.426	4
0.426	3
0.426	3
0.426	3
0.426	4
0.426	4
0.426	2
0.426	2
0.426	4
0.426	1
0.426	2
0.427	4
0.427	4
0.427	3
0.427	3
0.427	3
0.427	3
0.427	2
0.427	2
0.427	3
0.427	3
0.427	5
0.427	4
0.427	2
0.427	2
0.427	2
0.427	2
0.427	1
0.427	3
0.427	2
0.428	4
0.428	3
0.428	3
0.428	3
0.428	3
0.428	3
0.428	2
0.428	4
0.428	2
0.428	3
0.428	3
0.428	1
0.428	3
0.428	1
0.428	1
0.428	1
0.428	2
0.428	5
0.428	1
0.428	1
0.428	2
0.429	4
0.429	2
0.429	3
0.429	4
0.429	1
0.429	1
0.429	3
0.429	4
0.429	4
0.429	4
0.429	4
0.429	1
0.429	2
0.429	5
0.429	1
0.429	1
0.43	3
0.43	3
0.43	4
0.43	4
0.43	3
0.43	3
0.43	3
0.43	2
0.43	3
0.43	3
0.43	4
0.43	2
0.43	3
0.43	5
0.43	3
0.43	3
0.43	3
0.43	4
0.43	4
0.43	2
0.43	2
0.43	4
0.43	4
0.43	2
0.43	2
0.43	2
0.43	2
0.43	2
0.43	4
0.43	1
0.43	2
0.43	5
0.43	1
0.43	1
0.43	2
0.431	3
0.431	3
0.431	3
0.431	3
0.431	4
0.431	3
0.431	3
0.431	4
0.431	2
0.431	3
0.431	3
0.431	3
0.431	2
0.431	2
0.431	1
0.431	3
0.431	3
0.431	1
0.431	1
0.431	1
0.431	4
0.431	1
0.432	3
0.432	4
0.432	3
0.432	3
0.432	4
0.432	2
0.432	3
0.432	2
0.432	3
0.432	3
0.432	3
0.432	1
0.432	3
0.432	1
0.432	4
0.432	4
0.432	3
0.432	1
0.432	1
0.432	1
0.432	2
0.432	5
0.432	1
0.432	1
0.433	3
0.433	3
0.433	4
0.433	3
0.433	4
0.433	3
0.433	3
0.433	3
0.433	2
0.433	3
0.433	3
0.433	5
0.433	5
0.433	4
0.433	4
0.433	4
0.433	2
0.433	4
0.433	2
0.433	3
0.433	4
0.433	2
0.433	2
0.433	4
0.433	4
0.433	3
0.433	1
0.433	1
0.433	1
0.433	4
0.433	1
0.434	3
0.434	3
0.434	3
0.434	3
0.434	3
0.434	4
0.434	5
0.434	3
0.434	3
0.434	3
0.434	2
0.434	2
0.434	3
0.434	3
0.434	2
0.434	2
0.434	2
0.434	1
0.434	3
0.434	2
0.434	2
0.434	4
0.434	4
0.435	4
0.435	3
0.435	3
0.435	3
0.435	5
0.435	3
0.435	3
0.435	3
0.435	4
0.435	4
0.435	3
0.435	3
0.435	1
0.435	2
0.435	2
0.435	1
0.435	3
0.435	2
0.435	2
0.435	3
0.435	1
0.435	1
0.435	1
0.436	5
0.436	5
0.436	3
0.436	3
0.436	3
0.436	5
0.436	4
0.436	1
0.436	3
0.436	4
0.436	3
0.436	1
0.436	2
0.436	2
0.436	1
0.436	3
0.436	4
0.436	4
0.437	3
0.437	3
0.437	5
0.437	3
0.437	3
0.437	3
0.437	2
0.437	2
0.437	3
0.437	4
0.437	2
0.437	4
0.437	2
0.437	2
0.437	3
0.437	4
0.437	4
0.437	1
0.437	2
0.437	2
0.437	2
0.438	3
0.438	4
0.438	3
0.438	2
0.438	3
0.438	3
0.438	4
0.438	2
0.438	3
0.438	4
0.438	2
0.438	2
0.438	1
0.438	3
0.439	5
0.439	5
0.439	2
0.439	3
0.439	3
0.439	3
0.439	2
0.439	2
0.439	3
0.439	1
0.439	2
0.439	4
0.439	1
0.439	2
0.439	5
0.439	1
0.439	1
0.44	3
0.44	2
0.44	4
0.44	2
0.44	3
0.44	5
0.44	4
0.44	4
0.44	2
0.44	4
0.44	2
0.44	1
0.44	3
0.44	4
0.44	4
0.44	1
0.441	3
0.441	3
0.441	5
0.441	5
0.441	3
0.441	3
0.441	4
0.441	4
0.441	3
0.441	3
0.441	3
0.441	2
0.441	3
0.441	4
0.441	2
0.441	4
0.441	2
0.441	1
0.441	2
0.442	4
0.442	4
0.442	5
0.442	3
0.442	3
0.442	4
0.442	3
0.442	3
0.442	3
0.442	2
0.442	4
0.442	3
0.442	4
0.442	2
0.442	4
0.442	2
0.442	3
0.442	1
0.442	1
0.442	2
0.443	4
0.443	4
0.443	4
0.443	3
0.443	3
0.443	3
0.443	3
0.443	5
0.443	4
0.443	3
0.443	1
0.443	4
0.443	4
0.443	2
0.444	4
0.444	3
0.444	3
0.444	4
0.444	2
0.444	3
0.444	5
0.444	3
0.444	4
0.444	3
0.444	2
0.444	3
0.444	3
0.444	5
0.444	4
0.444	3
0.444	4
0.444	2
0.444	4
0.444	2
0.444	2
0.444	2
0.445	4
0.445	4
0.445	3
0.445	4
0.445	3
0.445	3
0.445	3
0.445	3
0.445	3
0.445	4
0.445	2
0.445	3
0.445	3
0.445	4
0.445	2
0.445	3
0.445	3
0.445	5
0.445	4
0.445	2
0.445	2
0.445	1
0.445	3
0.445	2
0.445	5
0.445	1
0.445	1
0.446	4
0.446	4
0.446	4
0.446	3
0.446	3
0.446	4
0.446	3
0.446	3
0.446	3
0.446	2
0.446	4
0.446	2
0.446	3
0.446	3
0.446	4
0.446	1
0.446	4
0.446	1
0.447	4
0.447	4
0.447	5
0.447	4
0.447	3
0.447	4
0.447	4
0.447	3
0.447	5
0.447	4
0.447	3
0.447	4
0.448	4
0.448	3
0.448	3
0.448	4
0.448	4
0.448	3
0.448	2
0.448	5
0.448	3
0.448	4
0.448	3
0.448	3
0.448	2
0.448	3
0.448	2
0.448	3
0.448	1
0.448	1
0.448	2
0.449	3
0.449	4
0.449	3
0.449	3
0.449	3
0.449	2
0.449	3
0.449	4
0.449	4
0.449	4
0.45	3
0.45	3
0.45	3
0.45	3
0.45	2
0.45	3
0.45	1
0.45	2
0.45	2
0.451	3
0.451	3
0.451	3
0.451	3
0.451	3
0.451	4
0.451	4
0.451	2
0.451	2
0.451	5
0.451	3
0.451	4
0.451	3
0.451	3
0.451	2
0.451	4
0.451	2
0.451	4
0.451	2
0.451	2
0.451	2
0.451	1
0.451	3
0.451	2
0.452	3
0.452	3
0.452	3
0.452	2
0.452	3
0.452	3
0.452	3
0.452	3
0.452	3
0.452	5
0.452	3
0.452	4
0.452	3
0.452	3
0.452	4
0.452	1
0.453	4
0.453	3
0.453	3
0.453	2
0.453	4
0.453	4
0.453	3
0.453	3
0.453	5
0.453	3
0.453	4
0.453	3
0.453	3
0.453	2
0.453	3
0.453	3
0.453	4
0.453	2
0.453	5
0.453	1
0.453	1
0.454	3
0.454	3
0.454	3
0.454	4
0.454	5
0.454	3
0.454	3
0.454	4
0.454	2
0.454	3
0.454	3
0.454	5
0.454	4
0.454	2
0.454	4
0.454	1
0.455	3
0.455	4
0.455	5
0.455	3
0.455	3
0.455	4
0.455	5
0.455	3
0.455	4
0.455	3
0.455	2
0.455	3
0.456	4
0.456	5
0.456	4
0.456	3
0.456	4
0.456	3
0.456	4
0.456	1
0.456	3
0.456	1
0.456	1
0.456	2
0.456	2
0.457	3
0.457	5
0.457	3
0.457	3
0.457	4
0.457	2
0.457	4
0.457	2
0.457	4
0.457	4
0.458	4
0.458	4
0.458	3
0.458	3
0.458	4
0.458	2
0.458	2
0.458	2
0.458	2
0.458	5
0.458	1
0.458	1
0.458	2
0.459	3
0.459	3
0.459	2
0.459	2
0.459	3
0.459	4
0.459	3
0.459	3
0.459	3
0.459	2
0.459	1
0.459	3
0.459	4
0.459	1
0.459	2
0.46	4
0.46	3
0.46	4
0.46	3
0.46	4
0.46	3
0.46	3
0.46	2
0.46	3
0.46	5
0.46	4
0.46	4
0.46	1
0.46	2
0.46	5
0.46	1
0.46	1
0.461	4
0.461	4
0.461	4
0.461	4
0.461	3
0.461	5
0.461	2
0.461	3
0.461	2
0.461	3
0.461	3
0.461	4
0.461	3
0.461	1
0.461	1
0.461	2
0.461	4
0.461	1
0.461	2
0.461	5
0.461	1
0.461	1
0.462	4
0.462	4
0.462	4
0.462	2
0.462	3
0.462	4
0.462	5
0.462	2
0.462	3
0.462	5
0.462	3
0.462	4
0.462	3
0.462	4
0.462	2
0.462	4
0.462	4
0.462	4
0.462	1
0.462	2
0.463	4
0.463	4
0.463	3
0.463	4
0.463	3
0.463	4
0.463	5
0.463	2
0.463	3
0.463	2
0.463	2
0.463	3
0.463	1
0.463	1
0.463	2
0.464	4
0.464	3
0.464	3
0.464	3
0.464	4
0.464	3
0.464	4
0.464	3
0.464	1
0.464	3
0.464	3
0.464	1
0.464	3
0.464	4
0.464	4
0.464	3
0.464	1
0.464	1
0.464	2
0.464	2
0.464	5
0.464	1
0.464	1
0.465	4
0.465	4
0.465	5
0.465	3
0.465	3
0.465	3
0.465	4
0.465	5
0.465	2
0.465	4
0.465	4
0.465	2
0.465	4
0.465	2
0.465	4
0.465	1
0.465	2
0.465	2
0.465	4
0.465	4
0.465	4
0.465	1
0.466	4
0.466	4
0.466	3
0.466	2
0.466	3
0.466	4
0.466	3
0.466	2
0.466	3
0.466	4
0.466	3
0.466	3
0.466	1
0.466	3
0.466	2
0.466	2
0.467	3
0.467	3
0.467	4
0.467	4
0.467	3
0.467	3
0.467	3
0.467	4
0.467	3
0.467	2
0.467	4
0.467	1
0.467	3
0.467	3
0.467	1
0.467	3
0.467	3
0.467	1
0.467	1
0.467	2
0.468	4
0.468	4
0.468	4
0.468	3
0.468	3
0.468	5
0.468	3
0.468	4
0.468	3
0.468	3
0.468	5
0.468	4
0.468	3
0.468	4
0.468	4
0.468	1
0.468	4
0.468	4
0.468	2
0.468	2
0.469	4
0.469	4
0.469	5
0.469	2
0.469	3
0.469	2
0.469	3
0.469	1
0.469	2
0.469	3
0.469	4
0.469	2
0.469	2
0.47	4
0.47	5
0.47	4
0.47	3
0.47	2
0.47	4
0.47	4
0.47	2
0.47	4
0.47	2
0.47	2
0.47	3
0.47	3
0.47	1
0.47	3
0.47	2
0.47	2
0.47	5
0.47	5
0.47	1
0.47	1
0.47	1
0.47	1
0.47	2
0.471	4
0.471	4
0.471	4
0.471	3
0.471	3
0.471	3
0.471	2
0.471	3
0.471	1
0.471	4
0.471	1
0.471	4
0.471	4
0.471	1
0.471	1
0.472	4
0.472	4
0.472	3
0.472	5
0.472	2
0.472	3
0.472	4
0.472	2
0.472	4
0.472	2
0.472	1
0.472	3
0.472	4
0.472	2
0.472	5
0.472	1
0.472	1
0.472	2
0.473	4
0.473	2
0.473	3
0.473	4
0.473	4
0.473	3
0.473	5
0.473	4
0.473	4
0.473	2
0.473	4
0.473	2
0.473	2
0.473	3
0.473	3
0.473	1
0.473	1
0.473	1
0.473	1
0.473	2
0.473	2
0.473	4
0.473	1
0.474	4
0.474	3
0.474	3
0.474	3
0.474	4
0.474	3
0.474	3
0.474	4
0.474	3
0.474	2
0.474	2
0.474	3
0.474	3
0.474	4
0.474	4
0.474	4
0.474	4
0.474	2
0.474	5
0.474	1
0.474	1
0.474	2
0.475	4
0.475	4
0.475	3
0.475	3
0.475	4
0.475	3
0.475	5
0.475	4
0.475	3
0.475	1
0.475	2
0.475	2
0.475	2
0.475	2
0.475	3
0.475	1
0.475	1
0.475	2
0.475	4
0.475	1
0.476	4
0.476	4
0.476	4
0.476	4
0.476	5
0.476	5
0.476	3
0.476	3
0.476	5
0.476	3
0.476	4
0.476	3
0.476	2
0.476	3
0.476	3
0.476	5
0.476	4
0.476	4
0.476	2
0.476	4
0.476	2
0.476	3
0.476	3
0.476	3
0.476	3
0.476	1
0.476	1
0.476	3
0.476	3
0.476	4
0.476	4
0.476	2
0.476	5
0.476	1
0.476	1
0.477	4
0.477	4
0.477	3
0.477	4
0.477	3
0.477	3
0.477	3
0.477	3
0.477	4
0.477	2
0.477	3
0.477	5
0.477	5
0.477	1
0.477	1
0.477	2
0.477	2
0.477	3
0.477	1
0.477	2
0.477	2
0.477	4
0.477	1
0.478	3
0.478	4
0.478	3
0.478	3
0.478	5
0.478	2
0.478	4
0.478	4
0.478	3
0.478	3
0.478	3
0.478	4
0.478	4
0.478	3
0.478	4
0.478	1
0.478	3
0.478	4
0.478	4
0.479	5
0.479	4
0.479	3
0.479	3
0.479	3
0.479	4
0.479	3
0.479	2
0.479	3
0.479	5
0.479	4
0.479	2
0.479	2
0.479	5
0.479	1
0.479	2
0.479	2
0.479	3
0.479	1
0.479	2
0.479	2
0.48	4
0.48	2
0.48	4
0.48	4
0.48	2
0.48	3
0.48	3
0.48	4
0.48	3
0.48	4
0.48	1
0.48	3
0.48	4
0.48	4
0.481	4
0.481	3
0.481	3
0.481	4
0.481	3
0.481	5
0.481	3
0.481	4
0.481	3
0.481	3
0.481	2
0.481	4
0.481	4
0.481	1
0.481	1
0.481	2
0.481	5
0.481	1
0.481	2
0.481	2
0.482	4
0.482	4
0.482	4
0.482	3
0.482	3
0.482	3
0.482	2
0.482	4
0.482	4
0.482	2
0.482	2
0.482	4
0.482	4
0.482	2
0.482	2
0.482	3
0.482	4
0.482	3
0.482	4
0.482	1
0.482	3
0.483	4
0.483	4
0.483	4
0.483	5
0.483	3
0.483	5
0.483	3
0.483	4
0.483	3
0.483	1
0.483	2
0.483	5
0.483	1
0.484	4
0.484	4
0.484	4
0.484	3
0.484	3
0.484	5
0.484	3
0.484	4
0.484	3
0.484	4
0.484	3
0.484	3
0.484	4
0.484	2
0.484	4
0.484	2
0.484	3
0.484	4
0.485	4
0.485	4
0.485	4
0.485	3
0.485	3
0.485	3
0.485	3
0.485	3
0.485	3
0.485	2
0.485	3
0.485	3
0.485	5
0.485	5
0.485	4
0.485	4
0.485	1
0.485	2
0.485	2
0.486	4
0.486	4
0.486	5
0.486	3
0.486	3
0.486	2
0.486	5
0.486	2
0.486	2
0.486	2
0.486	3
0.486	3
0.486	3
0.486	4
0.486	2
0.486	4
0.486	2
0.487	5
0.487	3
0.487	4
0.487	5
0.487	3
0.487	4
0.487	3
0.487	4
0.487	4
0.487	3
0.487	5
0.487	4
0.487	1
0.487	2
0.487	5
0.487	1
0.487	1
0.488	4
0.488	4
0.488	4
0.488	5
0.488	3
0.488	4
0.488	3
0.488	4
0.488	3
0.488	2
0.488	3
0.488	3
0.488	4
0.488	2
0.488	4
0.488	2
0.488	4
0.488	1
0.488	2
0.489	4
0.489	5
0.489	4
0.489	3
0.489	5
0.489	4
0.489	2
0.49	4
0.49	5
0.49	3
0.49	4
0.49	4
0.49	2
0.49	3
0.49	3
0.49	3
0.49	1
0.49	2
0.49	2
0.49	2
0.49	5
0.49	1
0.49	1
0.491	4
0.491	4
0.491	4
0.491	3
0.491	5
0.491	2
0.491	3
0.491	3
0.491	2
0.491	2
0.491	4
0.491	3
0.491	5
0.491	4
0.491	4
0.491	4
0.491	4
0.491	1
0.491	2
0.491	5
0.491	1
0.491	1
0.492	5
0.492	3
0.492	3
0.492	3
0.492	4
0.492	3
0.492	4
0.492	2
0.492	3
0.492	2
0.492	2
0.492	4
0.492	1
0.493	4
0.493	5
0.493	4
0.493	5
0.493	2
0.493	3
0.493	5
0.493	5
0.493	3
0.493	3
0.493	4
0.493	4
0.493	3
0.493	3
0.493	3
0.493	2
0.493	4
0.493	3
0.493	4
0.493	1
0.493	3
0.493	3
0.493	1
0.493	2
0.493	2
0.494	4
0.494	4
0.494	4
0.494	5
0.494	4
0.494	3
0.494	2
0.494	4
0.494	4
0.494	5
0.494	2
0.494	3
0.494	3
0.494	4
0.494	5
0.494	1
0.494	4
0.494	4
0.494	3
0.494	1
0.494	2
0.494	2
0.494	2
0.495	4
0.495	5
0.495	4
0.495	4
0.495	3
0.495	4
0.495	4
0.495	4
0.495	5
0.495	3
0.495	4
0.495	3
0.495	3
0.495	2
0.495	3
0.495	5
0.495	2
0.495	2
0.495	4
0.495	4
0.495	2
0.496	6
0.496	4
0.496	3
0.496	3
0.496	4
0.496	2
0.496	3
0.496	4
0.496	1
0.496	3
0.496	2
0.496	2
0.496	2
0.496	5
0.496	1
0.496	2
0.497	4
0.497	5
0.497	5
0.497	2
0.497	5
0.497	3
0.497	4
0.497	3
0.497	3
0.497	2
0.497	5
0.497	1
0.497	3
0.497	4
0.497	1
0.497	3
0.497	4
0.497	1
0.497	2
0.497	5
0.497	1
0.497	2
0.498	4
0.498	5
0.498	4
0.498	4
0.498	3
0.498	4
0.498	4
0.498	3
0.498	1
0.498	3
0.498	5
0.498	5
0.498	1
0.498	4
0.498	1
0.499	4
0.499	4
0.499	3
0.499	2
0.499	4
0.499	5
0.499	3
0.499	4
0.499	3
0.499	4
0.499	2
0.499	4
0.499	2
0.499	2
0.499	3
0.499	5
0.499	3
0.499	1
0.499	2
0.499	2
0.5	4
0.5	3
0.5	3
0.5	2
0.5	4
0.5	4
0.5	3
0.5	1
0.5	2
0.5	2
0.501	4
0.501	3
0.501	2
0.501	3
0.501	1
0.501	2
0.501	2
0.501	4
0.501	4
0.502	5
0.502	4
0.502	4
0.502	4
0.502	3
0.502	2
0.502	3
0.502	3
0.502	3
0.502	5
0.502	4
0.502	4
0.502	2
0.502	4
0.502	2
0.502	1
0.502	3
0.502	4
0.502	1
0.502	3
0.502	2
0.502	2
0.503	4
0.503	6
0.503	5
0.503	5
0.503	5
0.503	2
0.503	2
0.503	2
0.503	3
0.503	4
0.503	2
0.503	4
0.503	2
0.503	5
0.503	1
0.503	3
0.503	5
0.503	1
0.503	3
0.503	2
0.504	4
0.504	3
0.504	4
0.504	4
0.504	4
0.504	4
0.504	3
0.504	4
0.504	3
0.504	3
0.504	5
0.504	5
0.504	1
0.505	4
0.505	4
0.505	5
0.505	4
0.505	3
0.505	2
0.505	4
0.505	4
0.505	5
0.505	2
0.505	3
0.505	5
0.505	4
0.505	3
0.505	2
0.505	3
0.505	5
0.505	2
0.505	5
0.505	1
0.505	2
0.506	5
0.506	3
0.506	3
0.506	4
0.506	4
0.506	3
0.506	2
0.506	3
0.506	3
0.506	5
0.506	4
0.506	2
0.506	4
0.506	1
0.507	5
0.507	4
0.507	3
0.507	3
0.507	3
0.507	4
0.507	5
0.507	2
0.507	4
0.507	4
0.507	2
0.507	3
0.507	1
0.507	2
0.508	4
0.508	3
0.508	4
0.508	4
0.508	3
0.508	3
0.508	2
0.508	4
0.508	4
0.508	2
0.508	4
0.508	2
0.508	1
0.508	3
0.508	1
0.508	2
0.508	2
0.508	2
0.509	5
0.509	4
0.509	6
0.509	3
0.509	4
0.509	3
0.509	4
0.509	5
0.509	2
0.509	4
0.509	2
0.509	4
0.509	2
0.509	4
0.509	4
0.509	2
0.509	5
0.509	1
0.509	2
0.51	4
0.51	4
0.51	3
0.51	3
0.51	4
0.51	4
0.51	5
0.51	3
0.51	4
0.51	3
0.51	4
0.51	3
0.51	2
0.51	2
0.51	4
0.51	1
0.51	2
0.51	5
0.51	1
0.51	2
0.511	5
0.511	3
0.511	3
0.511	2
0.511	2
0.511	4
0.511	3
0.511	3
0.511	2
0.511	4
0.511	3
0.511	5
0.511	4
0.511	3
0.511	3
0.511	5
0.511	1
0.511	3
0.511	4
0.511	1
0.512	4
0.512	4
0.512	3
0.512	2
0.512	2
0.512	3
0.512	3
0.512	5
0.512	4
0.512	5
0.512	1
0.512	3
0.512	1
0.512	2
0.512	2
0.513	3
0.513	4
0.513	3
0.513	2
0.513	5
0.513	4
0.513	4
0.513	3
0.513	4
0.513	2
0.513	3
0.513	4
0.513	5
0.513	4
0.513	4
0.513	3
0.513	1
0.513	2
0.513	2
0.513	2
0.514	3
0.514	3
0.514	3
0.514	5
0.514	5
0.514	4
0.514	3
0.514	4
0.514	2
0.514	2
0.514	2
0.514	4
0.514	4
0.515	4
0.515	4
0.515	2
0.515	3
0.515	3
0.515	5
0.515	1
0.515	3
0.515	2
0.515	2
0.515	2
0.515	5
0.515	1
0.515	2
0.515	2
0.516	5
0.516	5
0.516	5
0.516	3
0.516	3
0.516	3
0.516	4
0.516	1
0.516	5
0.516	1
0.516	3
0.516	5
0.516	1
0.516	3
0.516	4
0.516	1
0.517	5
0.517	6
0.517	3
0.517	3
0.517	3
0.517	3
0.517	2
0.517	3
0.517	2
0.517	4
0.517	4
0.517	2
0.517	4
0.517	2
0.517	4
0.517	5
0.517	5
0.517	1
0.517	2
0.517	5
0.517	1
0.517	2
0.518	4
0.518	4
0.518	5
0.518	3
0.518	3
0.518	2
0.518	2
0.518	4
0.518	5
0.518	3
0.518	1
0.518	2
0.518	2
0.518	4
0.518	1
0.519	5
0.519	5
0.519	4
0.519	4
0.519	3
0.519	3
0.519	3
0.519	3
0.519	5
0.519	5
0.519	4
0.519	3
0.519	3
0.519	2
0.519	4
0.519	4
0.52	3
0.52	3
0.52	5
0.52	2
0.52	3
0.52	5
0.52	5
0.52	4
0.52	3
0.52	3
0.52	5
0.52	4
0.52	1
0.52	2
0.52	2
0.52	3
0.52	1
0.52	2
0.52	2
0.521	4
0.521	3
0.521	3
0.521	4
0.521	4
0.521	3
0.521	2
0.521	3
0.521	4
0.521	2
0.521	4
0.521	2
0.521	1
0.521	3
0.521	5
0.521	1
0.521	3
0.521	4
0.521	4
0.522	5
0.522	6
0.522	5
0.522	3
0.522	4
0.522	3
0.522	4
0.522	4
0.522	2
0.522	4
0.522	2
0.522	5
0.522	1
0.522	3
0.522	2
0.523	4
0.523	4
0.523	3
0.523	3
0.523	4
0.523	3
0.523	3
0.523	5
0.523	2
0.523	3
0.523	3
0.523	4
0.523	5
0.523	3
0.523	5
0.523	1
0.523	3
0.524	6
0.524	4
0.524	4
0.524	5
0.524	2
0.524	3
0.524	5
0.524	4
0.524	3
0.524	2
0.524	5
0.524	1
0.524	2
0.525	4
0.525	6
0.525	3
0.525	4
0.525	3
0.525	4
0.525	4
0.525	4
0.525	4
0.525	2
0.525	3
0.525	3
0.525	5
0.525	4
0.525	4
0.525	5
0.526	5
0.526	4
0.526	4
0.526	3
0.526	3
0.526	4
0.526	3
0.526	2
0.526	4
0.526	2
0.526	3
0.526	1
0.526	2
0.526	2
0.526	5
0.526	1
0.526	2
0.526	2
0.527	3
0.527	4
0.527	4
0.527	2
0.527	4
0.527	2
0.527	4
0.527	1
0.528	4
0.528	6
0.528	5
0.528	5
0.528	3
0.528	2
0.528	3
0.528	5
0.528	5
0.528	4
0.528	3
0.528	1
0.528	2
0.528	5
0.528	1
0.528	2
0.528	2
0.529	4
0.529	3
0.529	5
0.529	2
0.529	3
0.529	3
0.529	4
0.529	3
0.529	4
0.529	2
0.529	4
0.529	2
0.529	3
0.529	1
0.529	2
0.529	2
0.529	4
0.529	1
0.529	2
0.53	5
0.53	4
0.53	5
0.53	3
0.53	4
0.53	4
0.53	5
0.53	2
0.53	3
0.53	2
0.53	4
0.53	3
0.53	5
0.53	4
0.53	4
0.53	4
0.53	2
0.53	5
0.53	1
0.53	2
0.531	4
0.531	5
0.531	2
0.531	4
0.531	4
0.531	4
0.531	3
0.531	2
0.531	2
0.531	3
0.531	3
0.531	3
0.531	2
0.531	3
0.531	1
0.531	3
0.531	2
0.531	4
0.531	1
0.531	2
0.531	5
0.531	1
0.531	2
0.532	5
0.532	5
0.532	3
0.532	2
0.532	4
0.532	5
0.532	5
0.532	4
0.532	3
0.532	4
0.532	3
0.532	5
0.532	4
0.532	3
0.532	5
0.532	1
0.532	3
0.532	4
0.532	4
0.532	4
0.532	1
0.533	4
0.533	3
0.533	3
0.533	5
0.533	5
0.533	5
0.533	3
0.533	2
0.533	3
0.533	5
0.533	1
0.533	3
0.533	2
0.533	3
0.533	1
0.533	3
0.533	2
0.533	2
0.534	4
0.534	5
0.534	6
0.534	6
0.534	6
0.534	3
0.534	3
0.534	4
0.534	4
0.534	5
0.534	3
0.534	5
0.534	1
0.534	3
0.534	4
0.534	4
0.534	3
0.534	1
0.534	3
0.534	2
0.535	5
0.535	4
0.535	5
0.535	4
0.535	2
0.535	5
0.535	1
0.535	3
0.535	2
0.535	4
0.535	4
0.535	2
0.535	5
0.535	1
0.535	2
0.536	6
0.536	4
0.536	3
0.536	3
0.536	3
0.536	2
0.536	4
0.536	5
0.536	3
0.536	5
0.536	1
0.536	3
0.536	3
0.536	2
0.536	4
0.536	1
0.537	5
0.537	4
0.537	5
0.537	3
0.537	3
0.537	2
0.537	3
0.537	4
0.537	1
0.537	2
0.537	5
0.537	1
0.537	3
0.537	5
0.537	1
0.537	3
0.538	5
0.538	6
0.538	3
0.538	2
0.538	5
0.538	2
0.538	5
0.538	5
0.538	5
0.538	3
0.538	3
0.538	2
0.538	4
0.538	2
0.538	4
0.538	2
0.538	4
0.538	5
0.538	5
0.538	1
0.538	3
0.538	1
0.538	3
0.538	2
0.539	5
0.539	4
0.539	3
0.539	4
0.539	4
0.539	3
0.539	1
0.539	2
0.539	4
0.539	5
0.539	4
0.539	4
0.54	5
0.54	5
0.54	5
0.54	6
0.54	3
0.54	4
0.54	3
0.54	4
0.54	5
0.54	5
0.54	5
0.54	3
0.54	3
0.54	4
0.54	2
0.54	4
0.54	2
0.54	2
0.54	3
0.54	2
0.541	6
0.541	5
0.541	3
0.541	3
0.541	3
0.541	5
0.541	4
0.541	1
0.541	3
0.541	5
0.541	1
0.541	3
0.542	5
0.542	3
0.542	5
0.542	2
0.542	3
0.542	2
0.542	3
0.542	3
0.542	4
0.542	3
0.542	4
0.542	2
0.542	1
0.542	6
0.542	1
0.543	4
0.543	4
0.543	3
0.543	3
0.543	3
0.543	3
0.543	4
0.543	4
0.543	5
0.543	2
0.543	4
0.543	3
0.543	5
0.543	4
0.543	4
0.543	3
0.543	4
0.543	2
0.543	4
0.543	5
0.544	5
0.544	3
0.544	3
0.544	4
0.544	4
0.544	4
0.544	2
0.544	3
0.544	3
0.544	2
0.545	5
0.545	4
0.545	6
0.545	4
0.545	3
0.545	4
0.545	4
0.545	3
0.545	5
0.545	4
0.545	3
0.546	5
0.546	3
0.546	4
0.546	3
0.546	2
0.546	4
0.546	2
0.546	3
0.546	3
0.546	5
0.546	4
0.546	1
0.547	5
0.547	6
0.547	6
0.547	4
0.547	3
0.547	3
0.547	3
0.547	2
0.547	4
0.547	2
0.547	3
0.547	4
0.547	3
0.547	4
0.547	2
0.548	5
0.548	6
0.548	5
0.548	2
0.548	4
0.548	4
0.549	6
0.549	4
0.549	6
0.549	3
0.549	4
0.549	4
0.549	3
0.549	5
0.549	5
0.549	5
0.549	3
0.549	3
0.549	2
0.549	3
0.549	2
0.55	3
0.55	2
0.55	4
0.55	5
0.55	2
0.55	3
0.55	4
0.55	3
0.55	5
0.55	4
0.551	5
0.551	6
0.551	6
0.551	3
0.551	2
0.551	4
0.551	4
0.551	5
0.551	5
0.551	5
0.551	3
0.551	3
0.551	2
0.551	4
0.551	2
0.551	3
0.551	2
0.551	5
0.551	1
0.551	2
0.552	5
0.552	3
0.552	3
0.552	4
0.552	3
0.552	3
0.552	2
0.552	4
0.552	4
0.552	1
0.553	6
0.553	3
0.553	5
0.553	5
0.553	5
0.553	3
0.553	2
0.554	6
0.554	6
0.554	4
0.554	3
0.554	3
0.554	5
0.554	5
0.554	5
0.554	3
0.554	3
0.554	1
0.554	3
0.554	2
0.555	5
0.555	6
0.555	6
0.555	3
0.555	3
0.555	4
0.555	4
0.555	4
0.555	2
0.555	5
0.555	1
0.555	2
0.555	2
0.556	5
0.556	3
0.556	3
0.556	2
0.556	3
0.556	2
0.556	3
0.556	2
0.556	4
0.556	1
0.557	5
0.557	5
0.557	5
0.557	3
0.557	3
0.557	5
0.557	1
0.557	3
0.557	2
0.557	5
0.557	1
0.557	2
0.557	2
0.558	3
0.558	4
0.558	3
0.558	2
0.558	3
0.558	5
0.558	5
0.558	5
0.558	3
0.558	6
0.558	1
0.558	3
0.558	1
0.558	3
0.558	2
0.558	4
0.558	1
0.559	5
0.559	4
0.559	3
0.559	5
0.559	2
0.559	3
0.559	4
0.559	5
0.559	4
0.559	4
0.559	2
0.559	5
0.559	1
0.559	2
0.56	4
0.56	5
0.56	6
0.56	4
0.56	4
0.56	3
0.56	3
0.56	3
0.56	2
0.56	3
0.56	1
0.56	3
0.56	2
0.56	4
0.56	1
0.56	2
0.561	5
0.561	5
0.561	5
0.561	6
0.561	3
0.561	3
0.561	4
0.561	5
0.561	2
0.561	3
0.561	5
0.561	1
0.561	4
0.561	4
0.561	4
0.562	5
0.562	3
0.562	3
0.562	4
0.562	4
0.562	3
0.562	1
0.562	6
0.562	1
0.562	3
0.562	2
0.562	3
0.562	1
0.562	3
0.562	2
0.562	2
0.562	5
0.562	1
0.562	2
0.563	5
0.563	4
0.563	6
0.563	3
0.563	3
0.563	4
0.563	5
0.563	2
0.563	3
0.563	4
0.563	3
0.563	4
0.563	2
0.563	4
0.563	5
0.563	3
0.563	5
0.563	1
0.563	4
0.563	4
0.563	4
0.563	4
0.563	1
0.564	6
0.564	4
0.564	4
0.564	3
0.564	3
0.564	4
0.564	4
0.564	5
0.564	2
0.564	3
0.564	6
0.564	1
0.564	3
0.564	2
0.565	3
0.565	4
0.565	4
0.565	4
0.565	3
0.565	4
0.565	5
0.565	3
0.565	5
0.565	1
0.565	4
0.565	3
0.565	1
0.565	3
0.565	2
0.566	5
0.566	3
0.566	4
0.566	3
0.566	4
0.566	3
0.566	5
0.566	4
0.566	1
0.566	3
0.566	7
0.566	1
0.566	4
0.566	4
0.567	6
0.567	5
0.567	6
0.567	2
0.567	3
0.567	2
0.567	3
0.567	4
0.567	3
0.567	4
0.567	2
0.567	4
0.567	5
0.567	3
0.567	2
0.567	2
0.568	6
0.568	6
0.568	3
0.568	5
0.568	2
0.568	4
0.568	1
0.568	3
0.568	3
0.568	5
0.568	1
0.568	4
0.569	4
0.569	6
0.569	2
0.569	4
0.569	4
0.569	3
0.569	4
0.569	3
0.569	4
0.569	2
0.569	7
0.569	1
0.569	2
0.569	5
0.569	1
0.569	2
0.57	4
0.57	5
0.57	3
0.57	4
0.57	3
0.57	5
0.57	4
0.57	1
0.57	4
0.57	5
0.57	4
0.57	1
0.571	3
0.571	2
0.571	4
0.571	2
0.571	3
0.571	3
0.571	4
0.571	3
0.571	4
0.571	2
0.571	3
0.572	4
0.572	2
0.572	3
0.572	2
0.572	4
0.572	3
0.572	5
0.572	4
0.572	3
0.572	1
0.572	3
0.572	2
0.572	2
0.573	6
0.573	6
0.573	6
0.573	3
0.573	3
0.573	2
0.573	3
0.573	3
0.573	1
0.573	4
0.573	4
0.574	5
0.574	6
0.574	5
0.574	6
0.574	4
0.574	5
0.574	5
0.574	5
0.574	3
0.574	4
0.574	3
0.574	5
0.574	4
0.574	4
0.574	3
0.574	4
0.574	2
0.574	3
0.574	2
0.574	2
0.574	5
0.574	1
0.574	2
0.574	2
0.575	5
0.575	5
0.575	6
0.575	4
0.575	3
0.575	3
0.575	3
0.575	4
0.575	2
0.575	3
0.575	3
0.575	5
0.575	1
0.575	4
0.575	4
0.575	1
0.575	2
0.575	2
0.576	4
0.576	2
0.576	3
0.576	2
0.576	4
0.576	3
0.576	7
0.576	1
0.576	2
0.576	5
0.576	1
0.576	2
0.577	5
0.577	4
0.577	3
0.577	3
0.577	4
0.577	4
0.577	3
0.577	5
0.577	4
0.577	4
0.577	5
0.577	3
0.577	1
0.577	3
0.577	2
0.577	4
0.577	1
0.577	2
0.577	2
0.577	5
0.577	5
0.577	1
0.577	1
0.577	2
0.577	2
0.578	5
0.578	4
0.578	3
0.578	5
0.578	5
0.578	5
0.578	3
0.578	3
0.578	2
0.578	2
0.578	3
0.578	3
0.578	4
0.578	4
0.578	4
0.578	4
0.578	1
0.578	1
0.579	6
0.579	6
0.579	3
0.579	4
0.579	3
0.579	3
0.579	4
0.579	4
0.579	3
0.579	2
0.579	3
0.579	1
0.579	3
0.579	2
0.58	6
0.58	5
0.58	4
0.58	3
0.58	5
0.58	5
0.58	5
0.58	3
0.58	3
0.58	2
0.58	1
0.58	3
0.58	5
0.58	1
0.58	4
0.58	4
0.58	4
0.58	3
0.58	3
0.58	1
0.58	1
0.58	3
0.58	3
0.58	2
0.58	2
0.581	6
0.581	3
0.581	4
0.581	3
0.581	4
0.581	3
0.581	4
0.581	2
0.581	7
0.581	1
0.581	3
0.581	2
0.581	4
0.581	4
0.581	4
0.581	4
0.582	6
0.582	4
0.582	5
0.582	3
0.582	3
0.582	5
0.582	5
0.582	5
0.582	3
0.582	4
0.582	4
0.582	5
0.582	3
0.582	5
0.582	1
0.582	4
0.582	3
0.582	3
0.582	2
0.582	2
0.582	2
0.582	2
0.583	5
0.583	4
0.583	3
0.583	3
0.583	3
0.583	3
0.583	3
0.583	3
0.583	3
0.583	7
0.583	1
0.583	3
0.583	3
0.583	5
0.583	5
0.583	1
0.583	1
0.583	4
0.583	4
0.583	2
0.583	2
0.584	5
0.584	6
0.584	3
0.584	3
0.584	4
0.584	3
0.584	5
0.584	2
0.584	3
0.584	5
0.584	4
0.584	4
0.584	5
0.584	7
0.584	7
0.584	1
0.584	1
0.584	2
0.584	2
0.584	5
0.584	5
0.584	1
0.584	1
0.584	2
0.584	2
0.584	2
0.585	6
0.585	4
0.585	4
0.585	5
0.585	5
0.585	5
0.585	3
0.585	2
0.585	3
0.585	1
0.585	3
0.585	4
0.585	4
0.585	5
0.585	5
0.585	4
0.585	4
0.585	1
0.585	1
0.585	2
0.585	2
0.585	5
0.585	5
0.585	1
0.585	1
0.585	2
0.585	2
0.586	6
0.586	6
0.586	3
0.586	4
0.586	3
0.586	4
0.586	4
0.586	3
0.586	4
0.586	2
0.586	3
0.586	3
0.586	4
0.586	4
0.586	1
0.586	1
0.586	2
0.586	5
0.586	1
0.586	2
0.587	6
0.587	6
0.587	3
0.587	3
0.587	1
0.587	3
0.587	3
0.587	1
0.587	1
0.587	3
0.587	3
0.587	2
0.587	2
0.587	4
0.587	1
0.588	4
0.588	6
0.588	3
0.588	5
0.588	2
0.588	3
0.588	4
0.588	3
0.588	4
0.588	2
0.588	1
0.588	1
0.588	4
0.588	4
0.588	4
0.588	4
0.588	3
0.588	3
0.588	1
0.588	1
0.588	3
0.588	3
0.588	2
0.588	2
0.589	6
0.589	4
0.589	4
0.589	3
0.589	4
0.589	3
0.589	5
0.589	4
0.589	4
0.589	4
0.589	3
0.589	3
0.589	4
0.589	4
0.589	2
0.589	2
0.589	3
0.589	3
0.589	2
0.589	2
0.589	4
0.589	4
0.589	4
0.589	4
0.589	3
0.589	1
0.589	3
0.589	2
0.59	4
0.59	6
0.59	4
0.59	5
0.59	2
0.59	3
0.59	3
0.59	2
0.59	3
0.59	3
0.59	3
0.59	3
0.59	5
0.59	5
0.59	1
0.59	1
0.59	4
0.59	4
0.59	3
0.59	3
0.59	2
0.59	2
0.59	4
0.59	4
0.59	2
0.591	5
0.591	3
0.591	4
0.591	4
0.591	3
0.591	4
0.591	3
0.591	5
0.591	4
0.591	3
0.591	3
0.591	7
0.591	7
0.591	1
0.591	2
0.591	3
0.591	3
0.591	5
0.591	5
0.591	1
0.591	1
0.591	4
0.591	4
0.591	3
0.591	2
0.591	2
0.592	5
0.592	6
0.592	6
0.592	2
0.592	4
0.592	5
0.592	2
0.592	5
0.592	5
0.592	5
0.592	3
0.592	3
0.592	3
0.592	3
0.592	3
0.592	5
0.592	5
0.592	4
0.592	4
0.592	4
0.592	4
0.592	5
0.592	5
0.592	7
0.592	7
0.592	2
0.592	2
0.592	3
0.592	5
0.592	1
0.592	4
0.592	2
0.592	5
0.592	1
0.592	2
0.593	5
0.593	6
0.593	4
0.593	4
0.593	3
0.593	4
0.593	3
0.593	3
0.593	3
0.593	3
0.593	3
0.593	3
0.593	4
0.593	4
0.593	5
0.593	5
0.593	7
0.593	2
0.593	4
0.593	1
0.593	2
0.593	5
0.593	1
0.593	2
0.594	6
0.594	6
0.594	4
0.594	3
0.594	4
0.594	4
0.594	4
0.594	3
0.594	3
0.594	4
0.594	5
0.594	4
0.594	1
0.595	5
0.595	6
0.595	5
0.595	2
0.595	3
0.595	3
0.595	1
0.595	1
0.595	3
0.595	3
0.595	1
0.595	3
0.595	2
0.596	5
0.596	6
0.596	6
0.596	2
0.596	4
0.596	4
0.596	4
0.596	4
0.596	4
0.596	3
0.596	3
0.596	4
0.596	4
0.596	2
0.596	2
0.596	1
0.596	1
0.596	4
0.596	4
0.596	3
0.596	1
0.596	3
0.596	2
0.596	2
0.597	5
0.597	4
0.597	4
0.597	5
0.597	5
0.597	5
0.597	3
0.597	3
0.597	3
0.597	4
0.597	4
0.597	4
0.597	4
0.597	4
0.597	4
0.597	4
0.597	4
0.597	2
0.597	2
0.597	1
0.597	3
0.597	2
0.597	4
0.597	4
0.598	6
0.598	3
0.598	2
0.598	4
0.598	3
0.598	3
0.598	3
0.598	3
0.598	3
0.598	3
0.598	4
0.598	5
0.598	4
0.598	2
0.598	3
0.598	5
0.598	1
0.598	4
0.598	3
0.598	2
0.598	2
0.598	5
0.598	1
0.598	3
0.599	4
0.599	6
0.599	5
0.599	5
0.599	5
0.599	3
0.599	3
0.599	3
0.599	5
0.599	5
0.599	4
0.599	4
0.599	3
0.599	3
0.599	7
0.599	2
0.599	3
0.599	5
0.599	1
0.599	4
0.599	4
0.599	1
0.6	6
0.6	6
0.6	4
0.6	3
0.6	2
0.6	4
0.6	5
0.6	5
0.6	5
0.6	5
0.6	5
0.6	5
0.6	3
0.6	3
0.6	3
0.6	3
0.6	3
0.6	3
0.6	3
0.6	3
0.6	5
0.6	5
0.6	4
0.6	4
0.6	3
0.6	4
0.6	5
0.6	7
0.6	2
0.601	4
0.601	6
0.601	4
0.601	3
0.601	4
0.601	4
0.601	4
0.601	4
0.601	3
0.601	3
0.601	3
0.601	3
0.601	3
0.601	5
0.601	4
0.601	3
0.601	4
0.601	5
0.601	3
0.601	1
0.601	3
0.601	2
0.602	6
0.602	3
0.602	5
0.602	2
0.602	4
0.602	4
0.602	3
0.602	3
0.602	3
0.602	4
0.602	4
0.603	6
0.603	4
0.603	4
0.603	2
0.603	5
0.603	4
0.603	4
0.603	1
0.603	3
0.603	2
0.603	2
0.604	6
0.604	4
0.604	3
0.604	4
0.604	3
0.604	3
0.604	4
0.604	4
0.604	4
0.604	4
0.604	5
0.604	4
0.604	2
0.604	1
0.604	3
0.604	5
0.604	1
0.604	4
0.604	2
0.605	6
0.605	6
0.605	4
0.605	3
0.605	3
0.605	3
0.605	3
0.605	4
0.605	4
0.605	5
0.605	5
0.605	4
0.605	2
0.605	7
0.605	2
0.605	2
0.605	5
0.605	1
0.605	3
0.605	2
0.606	4
0.606	3
0.606	3
0.606	3
0.606	3
0.606	3
0.606	3
0.606	3
0.606	4
0.606	3
0.606	4
0.606	5
0.606	4
0.606	1
0.606	2
0.606	5
0.606	1
0.606	3
0.607	6
0.607	3
0.607	5
0.607	2
0.607	5
0.607	5
0.607	5
0.607	5
0.607	5
0.607	5
0.607	3
0.607	3
0.607	3
0.607	3
0.607	3
0.607	5
0.607	4
0.607	3
0.607	3
0.607	4
0.607	1
0.607	2
0.607	5
0.607	1
0.607	3
0.607	2
0.608	6
0.608	4
0.608	3
0.608	4
0.608	3
0.608	4
0.608	5
0.608	4
0.608	3
0.608	4
0.608	4
0.608	5
0.608	5
0.608	5
0.608	5
0.608	5
0.608	5
0.608	3
0.608	3
0.608	3
0.608	3
0.608	3
0.608	5
0.608	4
0.608	3
0.608	1
0.608	3
0.608	2
0.608	4
0.608	1
0.609	6
0.609	3
0.609	4
0.609	5
0.609	2
0.609	3
0.609	3
0.609	4
0.609	4
0.609	5
0.609	5
0.609	5
0.609	3
0.609	4
0.609	3
0.609	3
0.609	1
0.609	4
0.609	4
0.609	3
0.609	1
0.609	3
0.609	2
0.609	2
0.609	5
0.609	1
0.609	3
0.61	3
0.61	2
0.61	5
0.61	4
0.61	5
0.61	5
0.61	2
0.61	2
0.61	4
0.61	4
0.61	5
0.61	5
0.61	4
0.61	2
0.61	4
0.61	2
0.61	4
0.61	4
0.61	3
0.61	1
0.61	3
0.61	2
0.61	4
0.61	1
0.611	3
0.611	4
0.611	3
0.611	4
0.611	5
0.611	5
0.611	4
0.611	4
0.611	3
0.611	5
0.611	1
0.611	4
0.611	4
0.611	2
0.611	4
0.611	4
0.612	6
0.612	3
0.612	4
0.612	4
0.612	4
0.612	3
0.612	7
0.612	2
0.612	3
0.612	5
0.612	1
0.612	4
0.612	4
0.612	3
0.612	3
0.612	1
0.612	3
0.612	2
0.613	6
0.613	6
0.613	3
0.613	3
0.613	3
0.613	4
0.613	3
0.613	5
0.613	4
0.613	4
0.613	5
0.613	7
0.613	2
0.613	3
0.613	5
0.613	1
0.613	4
0.613	4
0.613	4
0.614	3
0.614	3
0.614	3
0.614	3
0.614	3
0.614	4
0.614	5
0.614	7
0.614	2
0.614	4
0.614	3
0.615	6
0.615	6
0.615	6
0.615	3
0.615	3
0.615	4
0.615	2
0.615	5
0.615	5
0.615	5
0.615	3
0.615	4
0.615	3
0.615	4
0.615	5
0.615	3
0.615	5
0.615	1
0.615	4
0.616	6
0.616	3
0.616	3
0.616	3
0.616	4
0.616	5
0.616	5
0.616	5
0.616	3
0.616	1
0.616	3
0.616	7
0.616	2
0.617	6
0.617	6
0.617	2
0.617	5
0.617	5
0.617	2
0.617	2
0.617	3
0.617	3
0.617	4
0.617	5
0.617	5
0.617	4
0.617	2
0.617	1
0.617	4
0.617	5
0.618	6
0.618	3
0.618	4
0.618	3
0.618	2
0.618	2
0.618	5
0.618	5
0.618	4
0.618	4
0.618	5
0.618	5
0.618	2
0.618	2
0.618	3
0.618	4
0.618	5
0.618	5
0.618	4
0.618	2
0.618	1
0.618	3
0.619	6
0.619	4
0.619	4
0.619	5
0.619	5
0.619	4
0.619	4
0.619	5
0.619	2
0.619	3
0.619	3
0.619	3
0.619	5
0.619	5
0.619	4
0.619	2
0.62	6
0.62	6
0.62	4
0.62	4
0.62	4
0.62	5
0.62	4
0.62	3
0.62	5
0.62	4
0.62	3
0.62	1
0.621	6
0.621	7
0.621	3
0.621	4
0.621	5
0.621	5
0.621	5
0.621	3
0.621	3
0.621	3
0.621	3
0.621	5
0.621	5
0.621	3
0.621	5
0.621	5
0.621	4
0.621	2
0.622	6
0.622	6
0.622	3
0.622	4
0.622	4
0.622	4
0.622	3
0.622	3
0.622	3
0.622	5
0.622	5
0.623	7
0.623	4
0.623	3
0.623	3
0.623	4
0.623	4
0.623	4
0.623	3
0.623	3
0.623	3
0.624	4
0.624	6
0.624	3
0.624	3
0.624	3
0.624	4
0.624	3
0.624	5
0.624	5
0.625	6
0.625	3
0.625	4
0.625	3
0.625	2
0.625	2
0.625	6
0.625	2
0.625	3
0.625	4
0.625	3
0.625	3
0.625	2
0.626	7
0.626	4
0.626	4
0.626	3
0.626	3
0.626	2
0.626	2
0.626	5
0.626	4
0.626	6
0.626	2
0.626	3
0.626	3
0.626	4
0.626	4
0.626	2
0.627	6
0.627	6
0.627	6
0.627	3
0.627	2
0.627	4
0.627	5
0.627	4
0.627	3
0.627	3
0.627	4
0.627	2
0.627	5
0.627	1
0.627	3
0.628	6
0.628	4
0.628	4
0.628	5
0.628	5
0.628	5
0.628	3
0.628	3
0.628	3
0.628	4
0.628	1
0.628	2
0.628	5
0.628	1
0.628	3
0.629	6
0.629	3
0.629	4
0.629	5
0.629	5
0.629	5
0.629	3
0.629	4
0.629	4
0.629	1
0.629	2
0.63	4
0.63	3
0.63	3
0.63	3
0.63	4
0.63	4
0.63	3
0.63	4
0.63	5
0.63	5
0.63	5
0.63	3
0.63	3
0.63	3
0.63	3
0.63	1
0.63	3
0.63	3
0.63	2
0.631	3
0.631	3
0.631	4
0.631	4
0.631	6
0.631	2
0.631	4
0.631	4
0.631	4
0.631	3
0.631	1
0.631	3
0.631	3
0.631	2
0.631	5
0.631	1
0.631	3
0.632	6
0.632	4
0.632	6
0.632	6
0.632	3
0.632	3
0.632	3
0.632	4
0.632	5
0.632	4
0.632	5
0.632	5
0.632	5
0.632	3
0.632	4
0.632	3
0.632	4
0.632	4
0.632	4
0.632	1
0.632	2
0.632	5
0.632	1
0.632	3
0.633	7
0.633	4
0.633	4
0.633	4
0.633	4
0.633	3
0.633	3
0.633	3
0.633	2
0.633	4
0.633	4
0.633	3
0.633	5
0.633	1
0.633	4
0.633	4
0.633	3
0.633	4
0.633	1
0.634	6
0.634	6
0.634	6
0.634	4
0.634	4
0.634	3
0.634	3
0.634	2
0.634	7
0.634	2
0.634	3
0.634	5
0.634	1
0.634	4
0.634	3
0.634	1
0.634	3
0.634	3
0.635	4
0.635	6
0.635	6
0.635	4
0.635	3
0.635	4
0.635	5
0.635	7
0.635	2
0.635	4
0.635	4
0.635	3
0.635	1
0.635	3
0.635	3
0.636	6
0.636	3
0.636	4
0.636	5
0.636	4
0.636	3
0.636	4
0.636	4
0.637	3
0.637	3
0.637	3
0.637	3
0.637	3
0.637	5
0.637	1
0.637	4
0.637	4
0.637	3
0.637	2
0.637	2
0.638	6
0.638	7
0.638	3
0.638	3
0.638	4
0.638	6
0.638	2
0.638	3
0.638	1
0.638	7
0.638	2
0.638	3
0.638	5
0.638	1
0.638	4
0.638	2
0.639	6
0.639	6
0.639	6
0.639	3
0.639	3
0.639	4
0.639	2
0.639	5
0.639	4
0.639	6
0.639	2
0.639	3
0.639	5
0.639	5
0.639	4
0.639	2
0.639	1
0.639	4
0.639	5
0.639	7
0.639	2
0.639	2
0.639	2
0.639	5
0.639	5
0.639	1
0.639	1
0.639	3
0.639	3
0.64	7
0.64	4
0.64	4
0.64	3
0.64	4
0.64	5
0.64	4
0.64	6
0.64	2
0.64	5
0.64	5
0.64	4
0.64	2
0.64	3
0.64	4
0.64	5
0.64	4
0.64	4
0.64	1
0.64	1
0.64	2
0.64	5
0.64	1
0.64	3
0.641	6
0.641	7
0.641	7
0.641	4
0.641	4
0.641	4
0.641	3
0.641	4
0.641	5
0.641	4
0.641	3
0.641	3
0.641	3
0.641	4
0.641	1
0.642	6
0.642	4
0.642	6
0.642	6
0.642	6
0.642	6
0.642	4
0.642	4
0.642	3
0.642	4
0.642	6
0.642	2
0.642	3
0.642	5
0.642	5
0.642	3
0.642	1
0.642	3
0.642	3
0.642	1
0.642	1
0.642	3
0.642	3
0.642	3
0.642	3
0.642	2
0.642	2
0.643	6
0.643	6
0.643	5
0.643	4
0.643	3
0.643	3
0.643	3
0.643	5
0.643	5
0.643	5
0.643	5
0.643	4
0.643	2
0.643	1
0.643	4
0.643	4
0.643	4
0.643	4
0.643	3
0.643	1
0.643	3
0.643	3
0.643	2
0.644	6
0.644	6
0.644	6
0.644	4
0.644	4
0.644	4
0.644	3
0.644	3
0.644	5
0.644	5
0.644	4
0.644	2
0.644	4
0.644	4
0.644	3
0.644	3
0.644	4
0.644	4
0.644	2
0.644	2
0.644	5
0.644	5
0.644	1
0.644	1
0.644	3
0.644	3
0.645	3
0.645	3
0.645	4
0.645	3
0.645	3
0.645	3
0.645	5
0.645	5
0.645	1
0.645	1
0.645	4
0.645	4
0.645	4
0.645	3
0.645	4
0.645	4
0.645	1
0.645	1
0.645	2
0.645	5
0.645	1
0.645	3
0.645	2
0.646	6
0.646	6
0.646	6
0.646	3
0.646	2
0.646	3
0.646	5
0.646	5
0.646	3
0.646	7
0.646	7
0.646	2
0.646	2
0.646	3
0.646	5
0.646	1
0.646	4
0.646	4
0.646	1
0.646	2
0.646	2
0.647	4
0.647	6
0.647	6
0.647	4
0.647	3
0.647	2
0.647	4
0.647	3
0.647	3
0.647	3
0.647	5
0.647	5
0.647	4
0.647	4
0.647	5
0.647	5
0.647	7
0.647	3
0.647	3
0.647	3
0.647	1
0.647	1
0.647	3
0.647	3
0.647	3
0.647	3
0.647	2
0.647	5
0.647	1
0.647	3
0.648	7
0.648	7
0.648	4
0.648	2
0.648	3
0.648	3
0.648	4
0.648	4
0.648	3
0.648	3
0.648	3
0.648	3
0.648	4
0.648	5
0.648	4
0.648	4
0.648	4
0.648	4
0.648	3
0.648	1
0.648	3
0.648	3
0.648	4
0.648	1
0.648	2
0.648	2
0.648	5
0.648	5
0.648	1
0.648	1
0.648	3
0.648	3
0.649	6
0.649	4
0.649	6
0.649	6
0.649	7
0.649	7
0.649	4
0.649	3
0.649	3
0.649	4
0.649	3
0.649	4
0.649	4
0.649	3
0.649	3
0.649	4
0.649	4
0.649	4
0.649	4
0.649	1
0.649	2
0.65	4
0.65	4
0.65	6
0.65	6
0.65	7
0.65	6
0.65	2
0.65	5
0.65	5
0.65	5
0.65	3
0.65	1
0.65	1
0.65	3
0.65	3
0.65	5
0.65	5
0.65	1
0.65	1
0.65	4
0.65	4
0.65	4
0.65	3
0.65	3
0.65	1
0.65	3
0.65	3
0.651	6
0.651	6
0.651	6
0.651	3
0.651	4
0.651	4
0.651	5
0.651	5
0.651	5
0.651	3
0.651	4
0.651	5
0.651	5
0.651	5
0.651	5
0.651	4
0.651	4
0.651	2
0.651	2
0.651	1
0.651	7
0.651	7
0.651	3
0.651	3
0.651	3
0.651	5
0.651	1
0.651	4
0.651	4
0.651	4
0.651	3
0.651	3
0.651	1
0.651	1
0.651	3
0.651	3
0.651	3
0.651	3
0.651	2
0.652	3
0.652	4
0.652	4
0.652	3
0.652	3
0.652	4
0.652	5
0.652	5
0.652	4
0.652	2
0.652	4
0.652	4
0.652	5
0.652	5
0.652	7
0.652	3
0.652	4
0.652	3
0.652	4
0.652	4
0.652	4
0.652	4
0.653	6
0.653	3
0.653	4
0.653	3
0.653	3
0.653	3
0.653	3
0.653	3
0.653	3
0.653	4
0.653	5
0.653	3
0.653	5
0.653	1
0.653	4
0.653	4
0.653	4
0.653	3
0.653	3
0.653	2
0.653	5
0.653	1
0.653	3
0.653	3
0.654	6
0.654	7
0.654	6
0.654	6
0.654	4
0.654	4
0.654	3
0.654	3
0.654	5
0.654	5
0.654	5
0.654	3
0.654	3
0.654	3
0.654	5
0.654	5
0.654	5
0.654	5
0.654	3
0.654	4
0.654	7
0.654	3
0.654	3
0.654	3
0.654	5
0.654	5
0.654	1
0.654	1
0.654	4
0.654	4
0.654	4
0.654	2
0.655	6
0.655	6
0.655	4
0.655	3
0.655	5
0.655	4
0.655	6
0.655	5
0.655	5
0.655	3
0.655	3
0.655	3
0.655	3
0.655	3
0.655	3
0.655	5
0.655	5
0.655	1
0.655	1
0.655	4
0.655	5
0.655	7
0.655	7
0.655	3
0.655	3
0.655	2
0.655	5
0.655	1
0.655	3
0.656	6
0.656	6
0.656	7
0.656	6
0.656	4
0.656	3
0.656	3
0.656	4
0.656	4
0.656	4
0.656	3
0.656	3
0.656	5
0.656	5
0.656	5
0.656	5
0.656	4
0.656	4
0.656	2
0.656	2
0.656	1
0.656	4
0.656	4
0.656	4
0.656	5
0.656	5
0.656	3
0.656	1
0.656	3
0.656	3
0.656	4
0.656	2
0.657	4
0.657	4
0.657	6
0.657	7
0.657	4
0.657	5
0.657	5
0.657	4
0.657	2
0.657	5
0.657	5
0.657	4
0.657	4
0.658	4
0.658	4
0.658	6
0.658	3
0.658	4
0.658	3
0.658	3
0.658	3
0.658	1
0.658	4
0.658	4
0.658	3
0.658	1
0.658	3
0.658	3
0.659	4
0.659	3
0.659	3
0.659	4
0.659	4
0.659	3
0.659	3
0.659	5
0.659	5
0.659	6
0.659	6
0.659	3
0.659	5
0.659	5
0.659	4
0.659	2
0.659	1
0.659	1
0.659	3
0.659	5
0.659	1
0.659	4
0.659	4
0.659	4
0.66	3
0.66	6
0.66	2
0.66	3
0.66	3
0.66	3
0.66	3
0.66	3
0.66	4
0.66	3
0.66	3
0.66	3
0.66	3
0.66	3
0.66	5
0.66	6
0.66	5
0.66	5
0.66	5
0.66	5
0.66	4
0.66	4
0.66	2
0.66	2
0.66	7
0.66	3
0.66	4
0.66	4
0.661	6
0.661	8
0.661	8
0.661	4
0.661	5
0.661	4
0.661	6
0.661	2
0.661	3
0.661	3
0.661	4
0.661	4
0.661	3
0.661	3
0.661	3
0.661	4
0.661	5
0.661	3
0.661	5
0.661	1
0.661	4
0.662	8
0.662	8
0.662	6
0.662	7
0.662	4
0.662	3
0.662	4
0.662	5
0.662	4
0.662	6
0.662	6
0.662	6
0.662	6
0.662	5
0.662	5
0.662	3
0.662	3
0.662	4
0.662	3
0.662	5
0.662	6
0.662	3
0.662	3
0.662	5
0.662	7
0.662	3
0.663	6
0.663	8
0.663	6
0.663	6
0.663	6
0.663	4
0.663	4
0.663	3
0.663	4
0.663	4
0.663	6
0.663	6
0.663	5
0.663	3
0.663	4
0.663	3
0.663	3
0.663	3
0.663	5
0.663	5
0.663	6
0.663	6
0.663	4
0.663	5
0.664	6
0.664	6
0.664	6
0.664	6
0.664	2
0.664	3
0.664	4
0.664	4
0.664	4
0.664	4
0.664	4
0.664	4
0.664	3
0.664	3
0.664	1
0.664	5
0.665	4
0.665	6
0.665	4
0.665	5
0.665	4
0.665	6
0.665	2
0.665	3
0.665	3
0.665	3
0.665	3
0.665	4
0.665	4
0.665	4
0.665	5
0.665	5
0.665	4
0.665	2
0.666	4
0.666	4
0.666	5
0.666	4
0.666	3
0.666	3
0.666	1
0.667	6
0.667	4
0.667	6
0.667	6
0.667	6
0.667	6
0.667	5
0.667	6
0.667	3
0.667	3
0.667	4
0.667	3
0.667	5
0.667	5
0.667	4
0.667	2
0.668	6
0.668	2
0.668	4
0.668	4
0.668	6
0.668	6
0.668	6
0.668	3
0.668	3
0.668	3
0.668	4
0.668	4
0.668	3
0.668	5
0.668	6
0.669	8
0.669	7
0.669	3
0.669	4
0.669	3
0.669	3
0.669	3
0.669	3
0.669	4
0.669	3
0.669	3
0.67	8
0.67	6
0.67	7
0.67	6
0.67	6
0.67	6
0.67	3
0.67	4
0.67	3
0.67	5
0.67	6
0.671	6
0.671	6
0.671	4
0.671	6
0.671	7
0.671	3
0.671	3
0.671	4
0.671	6
0.671	6
0.671	6
0.671	6
0.671	6
0.671	6
0.671	3
0.671	3
0.671	4
0.671	3
0.672	7
0.672	6
0.672	6
0.672	3
0.672	6
0.672	6
0.672	2
0.672	3
0.672	3
0.672	4
0.672	4
0.672	4
0.673	6
0.673	7
0.673	5
0.673	3
0.673	5
0.673	5
0.673	4
0.673	4
0.673	6
0.673	3
0.673	4
0.674	6
0.674	3
0.674	5
0.674	4
0.674	4
0.674	5
0.674	4
0.674	3
0.674	3
0.675	8
0.675	6
0.675	3
0.675	4
0.675	4
0.676	6
0.676	4
0.676	3
0.676	3
0.676	3
0.676	6
0.676	6
0.676	6
0.676	3
0.676	3
0.676	3
0.677	6
0.677	4
0.677	3
0.677	5
0.677	6
0.677	6
0.677	3
0.677	3
0.677	3
0.677	4
0.677	3
0.678	4
0.678	3
0.678	5
0.678	5
0.678	5
0.678	4
0.678	4
0.678	6
0.678	3
0.678	6
0.678	6
0.678	6
0.678	3
0.679	6
0.679	4
0.679	6
0.679	3
0.679	4
0.679	4
0.679	5
0.679	4
0.679	3
0.679	4
0.679	2
0.679	5
0.679	2
0.679	3
0.679	3
0.68	6
0.68	4
0.68	3
0.68	4
0.68	3
0.68	3
0.68	3
0.68	4
0.68	6
0.68	3
0.68	3
0.68	3
0.68	4
0.68	2
0.681	3
0.681	4
0.681	3
0.681	3
0.681	5
0.681	4
0.681	6
0.681	6
0.681	3
0.681	3
0.681	2
0.681	5
0.681	2
0.681	3
0.682	8
0.682	4
0.682	4
0.682	5
0.682	5
0.682	4
0.682	4
0.682	3
0.682	1
0.682	3
0.682	3
0.682	4
0.682	2
0.683	8
0.683	4
0.683	4
0.683	4
0.683	4
0.683	4
0.684	8
0.684	4
0.684	4
0.684	4
0.684	4
0.684	3
0.684	2
0.684	3
0.684	3
0.684	3
0.685	6
0.685	6
0.685	4
0.685	5
0.685	5
0.685	3
0.685	3
0.685	3
0.685	3
0.685	5
0.685	1
0.685	4
0.685	4
0.685	4
0.685	3
0.686	8
0.686	6
0.686	3
0.686	3
0.686	5
0.686	3
0.686	6
0.686	3
0.686	7
0.686	3
0.686	4
0.686	4
0.686	2
0.686	5
0.686	2
0.686	3
0.686	3
0.687	4
0.687	3
0.687	5
0.687	4
0.687	3
0.687	4
0.687	5
0.687	3
0.687	5
0.687	1
0.687	4
0.687	4
0.687	2
0.687	2
0.687	5
0.687	2
0.687	3
0.688	4
0.688	4
0.688	4
0.688	3
0.688	3
0.688	3
0.688	4
0.688	6
0.688	3
0.688	5
0.688	7
0.688	3
0.688	4
0.688	2
0.688	2
0.688	5
0.688	2
0.688	3
0.689	6
0.689	4
0.689	3
0.689	3
0.689	3
0.689	5
0.689	4
0.689	4
0.689	5
0.689	3
0.689	2
0.689	3
0.689	3
0.689	4
0.689	2
0.69	6
0.69	5
0.69	5
0.69	4
0.69	1
0.69	5
0.69	5
0.69	4
0.69	3
0.69	2
0.69	3
0.69	3
0.691	7
0.691	3
0.691	3
0.691	5
0.691	5
0.691	5
0.691	4
0.691	2
0.691	4
0.691	4
0.691	5
0.691	4
0.691	3
0.691	2
0.691	3
0.691	3
0.692	7
0.692	6
0.692	7
0.692	4
0.692	4
0.692	3
0.692	1
0.692	3
0.692	5
0.692	1
0.692	4
0.692	4
0.692	4
0.692	5
0.692	4
0.692	3
0.693	7
0.693	6
0.693	4
0.693	4
0.693	4
0.693	3
0.693	3
0.693	5
0.693	3
0.693	5
0.693	5
0.693	4
0.693	2
0.693	7
0.693	3
0.693	3
0.693	5
0.693	1
0.693	4
0.693	4
0.693	4
0.694	7
0.694	4
0.694	3
0.694	3
0.694	5
0.694	5
0.694	3
0.694	3
0.694	5
0.694	6
0.694	4
0.694	5
0.694	7
0.694	3
0.694	3
0.694	5
0.694	1
0.694	4
0.694	2
0.694	5
0.694	2
0.694	3
0.695	7
0.695	4
0.695	4
0.695	3
0.695	3
0.695	4
0.695	3
0.695	3
0.695	5
0.695	4
0.695	5
0.695	7
0.695	3
0.695	4
0.695	2
0.695	3
0.696	7
0.696	6
0.696	7
0.696	4
0.696	4
0.696	3
0.696	3
0.696	4
0.696	3
0.696	5
0.696	6
0.696	5
0.696	4
0.696	5
0.697	6
0.697	6
0.697	6
0.697	6
0.697	4
0.697	4
0.697	4
0.697	4
0.697	3
0.697	3
0.697	4
0.697	3
0.697	1
0.697	5
0.697	3
0.697	2
0.697	3
0.697	3
0.697	2
0.697	5
0.697	2
0.697	3
0.698	6
0.698	6
0.698	4
0.698	4
0.698	5
0.698	5
0.698	4
0.698	2
0.698	1
0.698	5
0.698	4
0.698	4
0.698	2
0.699	5
0.699	4
0.699	5
0.699	5
0.699	4
0.699	2
0.699	1
0.699	4
0.699	4
0.7	4
0.7	4
0.7	4
0.7	4
0.7	3
0.7	3
0.7	3
0.7	3
0.7	5
0.7	5
0.7	4
0.7	2
0.7	3
0.7	6
0.7	1
0.7	4
0.7	3
0.7	2
0.7	3
0.7	3
0.701	4
0.701	6
0.701	4
0.701	4
0.701	4
0.701	5
0.701	4
0.701	3
0.701	5
0.701	6
0.701	3
0.701	7
0.701	3
0.701	5
0.701	4
0.702	6
0.702	6
0.702	6
0.702	4
0.702	3
0.702	3
0.702	6
0.702	6
0.702	6
0.702	3
0.702	3
0.702	3
0.702	4
0.702	3
0.702	4
0.702	5
0.702	6
0.702	3
0.702	4
0.702	5
0.702	5
0.702	4
0.703	7
0.703	7
0.703	6
0.703	4
0.703	4
0.703	4
0.703	4
0.703	3
0.703	4
0.703	5
0.703	6
0.703	5
0.703	3
0.703	6
0.703	1
0.703	4
0.704	8
0.704	4
0.704	6
0.704	6
0.704	7
0.704	4
0.704	4
0.704	4
0.704	3
0.704	6
0.704	6
0.704	6
0.704	3
0.704	4
0.704	4
0.704	3
0.704	7
0.704	3
0.705	8
0.705	4
0.705	6
0.705	6
0.705	4
0.705	4
0.705	1
0.705	4
0.705	5
0.706	6
0.706	6
0.706	4
0.706	4
0.706	5
0.706	5
0.706	4
0.706	2
0.706	5
0.707	3
0.707	3
0.707	4
0.707	3
0.708	8
0.708	7
0.708	7
0.708	4
0.708	3
0.708	3
0.708	4
0.708	3
0.708	1
0.709	8
0.709	6
0.709	6
0.709	6
0.709	6
0.709	7
0.709	4
0.709	6
0.709	6
0.709	6
0.709	3
0.709	3
0.709	3
0.709	4
0.709	5
0.709	6
0.709	5
0.709	5
0.709	4
0.709	2
0.709	2
0.709	5
0.709	2
0.709	4
0.709	3
0.71	6
0.71	6
0.71	4
0.71	6
0.71	6
0.71	6
0.71	3
0.71	4
0.71	3
0.71	4
0.71	2
0.711	7
0.711	6
0.711	4
0.711	3
0.711	4
0.711	6
0.711	6
0.711	6
0.711	3
0.711	4
0.711	3
0.711	2
0.711	5
0.711	2
0.711	4
0.712	4
0.712	4
0.712	6
0.712	7
0.712	7
0.712	6
0.712	3
0.712	4
0.712	4
0.712	5
0.712	6
0.712	3
0.712	2
0.712	3
0.712	3
0.712	4
0.712	2
0.713	4
0.713	6
0.713	6
0.713	6
0.713	5
0.713	4
0.713	3
0.713	4
0.713	3
0.713	5
0.713	4
0.713	3
0.714	7
0.714	6
0.714	6
0.714	4
0.714	6
0.714	3
0.714	4
0.714	4
0.714	5
0.714	4
0.714	3
0.714	2
0.714	3
0.714	3
0.714	3
0.715	7
0.715	6
0.715	5
0.715	4
0.715	3
0.715	3
0.715	3
0.715	6
0.715	1
0.715	4
0.715	5
0.715	4
0.715	2
0.715	5
0.715	2
0.715	4
0.715	3
0.716	8
0.716	8
0.716	4
0.716	7
0.716	3
0.716	5
0.716	4
0.716	4
0.716	2
0.716	2
0.716	5
0.716	2
0.716	4
0.716	3
0.717	8
0.717	4
0.717	4
0.717	6
0.717	7
0.717	6
0.717	6
0.717	6
0.717	3
0.717	4
0.717	4
0.717	5
0.717	3
0.717	6
0.717	1
0.717	4
0.717	4
0.717	2
0.717	2
0.717	5
0.717	2
0.717	4
0.718	7
0.718	4
0.718	6
0.718	6
0.718	6
0.718	3
0.718	4
0.718	3
0.718	3
0.718	5
0.718	7
0.718	3
0.718	3
0.718	2
0.718	3
0.718	3
0.718	5
0.718	2
0.718	2
0.718	5
0.718	2
0.718	4
0.719	7
0.719	7
0.719	6
0.719	3
0.719	3
0.719	4
0.719	5
0.719	5
0.719	4
0.719	3
0.719	2
0.719	3
0.719	3
0.719	5
0.719	2
0.719	3
0.72	4
0.72	6
0.72	3
0.72	5
0.72	4
0.72	6
0.72	3
0.72	3
0.72	6
0.72	6
0.72	6
0.72	3
0.72	1
0.72	5
0.72	5
0.72	4
0.72	5
0.72	4
0.72	3
0.72	2
0.72	3
0.72	3
0.721	8
0.721	8
0.721	4
0.721	4
0.721	4
0.721	5
0.721	4
0.721	6
0.721	3
0.721	4
0.721	5
0.721	5
0.721	4
0.721	2
0.721	3
0.721	6
0.721	2
0.721	4
0.721	5
0.721	4
0.721	5
0.721	4
0.721	3
0.721	2
0.721	3
0.721	3
0.721	2
0.721	5
0.721	2
0.721	4
0.722	8
0.722	3
0.722	4
0.722	5
0.722	5
0.722	1
0.722	7
0.722	3
0.722	3
0.722	6
0.722	2
0.722	4
0.722	5
0.722	4
0.722	5
0.722	4
0.722	5
0.722	2
0.723	6
0.723	4
0.723	3
0.723	5
0.723	5
0.723	4
0.723	2
0.723	4
0.723	5
0.723	7
0.723	3
0.723	3
0.723	6
0.723	2
0.723	4
0.723	5
0.723	4
0.724	8
0.724	4
0.724	5
0.724	6
0.724	5
0.724	4
0.724	5
0.724	7
0.724	3
0.724	3
0.724	7
0.724	2
0.724	4
0.724	3
0.724	3
0.724	3
0.724	3
0.725	8
0.725	8
0.725	6
0.725	5
0.725	4
0.725	3
0.725	3
0.725	5
0.725	4
0.725	5
0.725	7
0.725	3
0.725	5
0.725	4
0.726	7
0.726	7
0.726	4
0.726	3
0.726	3
0.726	4
0.726	4
0.726	5
0.726	6
0.726	1
0.726	5
0.726	4
0.726	5
0.726	5
0.726	4
0.727	7
0.727	5
0.727	3
0.727	6
0.727	3
0.727	4
0.727	3
0.727	5
0.727	5
0.727	4
0.727	2
0.727	1
0.727	5
0.727	3
0.727	7
0.727	2
0.727	4
0.728	4
0.728	4
0.728	3
0.728	3
0.728	3
0.728	5
0.728	5
0.728	4
0.728	5
0.728	5
0.728	4
0.728	2
0.728	1
0.728	7
0.728	3
0.729	3
0.729	4
0.729	3
0.729	4
0.729	3
0.729	5
0.729	5
0.729	4
0.729	2
0.729	1
0.729	4
0.729	5
0.729	3
0.73	8
0.73	4
0.73	3
0.73	6
0.73	3
0.73	3
0.73	3
0.73	4
0.73	5
0.73	6
0.73	3
0.73	5
0.73	5
0.73	4
0.73	2
0.73	5
0.731	7
0.731	7
0.731	5
0.731	5
0.731	4
0.731	4
0.731	3
0.731	4
0.731	5
0.731	6
0.731	3
0.731	2
0.731	5
0.731	2
0.731	4
0.731	3
0.732	7
0.732	8
0.732	4
0.732	5
0.732	4
0.732	6
0.732	6
0.732	6
0.732	3
0.732	3
0.732	3
0.732	4
0.732	4
0.732	3
0.732	4
0.732	5
0.732	6
0.732	3
0.732	1
0.732	6
0.732	2
0.733	3
0.733	5
0.733	4
0.733	4
0.733	4
0.733	3
0.733	4
0.733	5
0.733	6
0.733	5
0.733	5
0.733	4
0.733	2
0.733	2
0.733	5
0.733	2
0.733	4
0.734	7
0.734	4
0.734	3
0.734	5
0.734	6
0.734	6
0.734	6
0.734	3
0.734	4
0.734	4
0.734	3
0.734	3
0.734	3
0.734	3
0.734	3
0.734	6
0.734	2
0.735	7
0.735	7
0.735	4
0.735	4
0.735	3
0.735	3
0.735	3
0.735	4
0.735	4
0.735	4
0.735	3
0.735	5
0.735	4
0.736	4
0.736	3
0.736	3
0.736	3
0.736	4
0.736	4
0.736	5
0.736	6
0.736	5
0.736	4
0.736	3
0.736	3
0.736	3
0.736	3
0.737	6
0.737	4
0.737	4
0.737	3
0.737	3
0.737	3
0.737	4
0.737	4
0.737	3
0.737	3
0.737	7
0.737	2
0.737	4
0.737	5
0.737	4
0.737	3
0.738	3
0.738	6
0.738	6
0.738	6
0.738	3
0.738	3
0.738	3
0.738	4
0.738	4
0.738	7
0.738	3
0.738	5
0.738	4
0.739	6
0.739	4
0.739	4
0.739	6
0.739	6
0.739	6
0.739	3
0.739	3
0.739	3
0.739	4
0.739	5
0.739	3
0.739	7
0.739	2
0.739	4
0.739	2
0.739	5
0.739	2
0.739	4
0.74	7
0.74	4
0.74	5
0.74	4
0.74	6
0.74	6
0.74	6
0.74	3
0.74	5
0.74	7
0.74	3
0.74	6
0.74	2
0.74	3
0.741	4
0.741	3
0.741	3
0.741	4
0.741	6
0.741	6
0.741	6
0.741	3
0.741	4
0.741	4
0.741	5
0.742	7
0.742	4
0.742	6
0.742	3
0.742	4
0.742	3
0.742	3
0.742	1
0.742	5
0.742	3
0.742	3
0.742	3
0.742	3
0.742	2
0.742	5
0.742	3
0.742	4
0.743	7
0.743	4
0.743	4
0.743	3
0.743	5
0.743	5
0.743	5
0.743	3
0.743	5
0.743	5
0.743	4
0.743	2
0.743	5
0.743	4
0.743	6
0.743	2
0.744	6
0.744	6
0.744	4
0.744	3
0.744	4
0.744	6
0.744	3
0.744	6
0.744	6
0.744	6
0.744	3
0.744	2
0.744	5
0.744	4
0.744	3
0.745	7
0.745	6
0.745	6
0.745	5
0.745	4
0.745	3
0.745	5
0.745	5
0.745	4
0.745	2
0.745	3
0.745	7
0.745	2
0.745	4
0.745	3
0.745	3
0.745	3
0.745	3
0.746	6
0.746	6
0.746	4
0.746	3
0.746	4
0.746	4
0.746	5
0.746	6
0.746	7
0.746	3
0.746	5
0.746	4
0.746	2
0.746	5
0.746	3
0.746	4
0.746	3
0.747	4
0.747	3
0.747	4
0.747	3
0.747	3
0.747	4
0.747	5
0.747	5
0.747	4
0.747	6
0.747	2
0.748	6
0.748	3
0.748	3
0.748	4
0.748	4
0.748	5
0.748	6
0.748	5
0.748	3
0.748	7
0.748	2
0.748	4
0.748	2
0.748	5
0.748	3
0.748	4
0.749	6
0.749	6
0.749	5
0.749	6
0.749	4
0.749	3
0.749	4
0.749	3
0.749	7
0.749	3
0.749	3
0.749	3
0.749	3
0.749	3
0.749	6
0.749	2
0.749	3
0.75	7
0.75	4
0.75	4
0.75	3
0.75	4
0.75	6
0.75	5
0.75	6
0.75	4
0.75	3
0.75	4
0.75	2
0.75	4
0.75	5
0.75	5
0.75	4
0.751	6
0.751	6
0.751	7
0.751	4
0.751	6
0.751	5
0.751	6
0.751	4
0.751	4
0.751	5
0.751	5
0.751	4
0.751	2
0.751	5
0.751	5
0.751	4
0.751	3
0.751	3
0.751	3
0.751	3
0.751	2
0.751	5
0.751	3
0.751	4
0.752	4
0.752	6
0.752	7
0.752	6
0.752	3
0.752	4
0.752	6
0.752	5
0.752	3
0.752	3
0.752	3
0.752	7
0.752	2
0.752	4
0.752	5
0.752	4
0.752	6
0.752	2
0.753	6
0.753	4
0.753	4
0.753	3
0.753	4
0.753	3
0.753	2
0.753	7
0.753	3
0.753	5
0.753	4
0.754	4
0.754	6
0.754	4
0.754	6
0.754	6
0.754	6
0.754	3
0.754	3
0.754	3
0.754	4
0.754	5
0.754	6
0.754	5
0.754	5
0.754	4
0.754	2
0.754	4
0.754	5
0.754	3
0.754	7
0.754	2
0.754	4
0.754	3
0.754	3
0.754	3
0.754	3
0.755	6
0.755	5
0.755	6
0.755	5
0.755	4
0.755	4
0.755	3
0.755	5
0.755	7
0.755	3
0.755	5
0.755	4
0.756	8
0.756	6
0.756	3
0.756	3
0.756	4
0.756	6
0.756	6
0.756	6
0.756	3
0.756	4
0.756	3
0.756	4
0.756	5
0.756	5
0.756	4
0.756	3
0.757	6
0.757	5
0.757	3
0.757	4
0.757	4
0.757	5
0.757	6
0.757	2
0.757	5
0.757	3
0.757	7
0.757	2
0.757	4
0.758	8
0.758	6
0.758	7
0.758	4
0.758	3
0.758	3
0.758	3
0.758	4
0.758	3
0.758	6
0.758	5
0.758	4
0.758	2
0.758	7
0.758	3
0.758	2
0.758	5
0.758	4
0.758	4
0.759	4
0.759	6
0.759	3
0.759	4
0.759	4
0.759	2
0.759	4
0.759	5
0.759	6
0.759	2
0.759	3
0.76	4
0.76	4
0.76	3
0.76	3
0.76	3
0.76	3
0.76	6
0.76	5
0.76	4
0.76	2
0.76	5
0.761	4
0.761	7
0.761	5
0.761	4
0.761	5
0.761	6
0.761	3
0.761	3
0.761	3
0.761	3
0.761	2
0.761	5
0.761	5
0.761	4
0.762	6
0.762	4
0.762	3
0.762	5
0.762	3
0.762	6
0.762	6
0.762	6
0.762	3
0.762	4
0.762	4
0.762	3
0.762	4
0.762	2
0.762	5
0.762	4
0.762	6
0.762	2
0.763	8
0.763	3
0.763	5
0.763	3
0.763	4
0.763	3
0.763	3
0.763	4
0.763	4
0.763	5
0.763	6
0.763	6
0.763	5
0.763	4
0.763	2
0.763	5
0.763	4
0.764	8
0.764	6
0.764	4
0.764	4
0.764	3
0.764	3
0.764	5
0.764	6
0.764	4
0.764	4
0.764	3
0.764	3
0.764	7
0.764	2
0.764	4
0.764	3
0.764	3
0.764	3
0.764	3
0.765	8
0.765	4
0.765	4
0.765	3
0.765	3
0.765	6
0.765	5
0.765	3
0.765	6
0.765	6
0.765	6
0.765	3
0.765	4
0.765	4
0.765	7
0.765	3
0.765	5
0.765	4
0.766	7
0.766	4
0.766	3
0.766	4
0.766	6
0.766	4
0.766	4
0.766	4
0.766	4
0.766	5
0.766	6
0.766	4
0.766	5
0.766	5
0.766	4
0.767	4
0.767	6
0.767	6
0.767	4
0.767	4
0.767	3
0.767	5
0.767	6
0.767	5
0.767	3
0.767	3
0.767	4
0.767	3
0.767	5
0.767	3
0.767	7
0.767	2
0.767	4
0.768	7
0.768	4
0.768	3
0.768	4
0.768	4
0.768	4
0.768	7
0.768	3
0.769	6
0.769	4
0.769	6
0.769	6
0.769	6
0.769	3
0.769	3
0.769	3
0.769	2
0.769	4
0.769	5
0.77	4
0.77	4
0.77	4
0.77	3
0.77	4
0.77	6
0.77	5
0.77	4
0.77	2
0.77	5
0.771	8
0.771	4
0.771	4
0.771	3
0.771	6
0.771	6
0.771	6
0.771	3
0.771	4
0.771	3
0.772	4
0.772	3
0.772	6
0.772	4
0.772	4
0.772	3
0.772	3
0.772	4
0.772	2
0.773	7
0.773	7
0.773	6
0.773	4
0.773	7
0.773	5
0.773	4
0.773	5
0.773	6
0.773	6
0.773	5
0.773	4
0.773	2
0.773	2
0.773	5
0.773	5
0.773	5
0.774	7
0.774	8
0.774	6
0.774	6
0.774	4
0.774	4
0.774	3
0.774	4
0.774	3
0.774	6
0.774	6
0.774	6
0.774	3
0.774	4
0.774	3
0.774	6
0.774	2
0.775	7
0.775	7
0.775	6
0.775	6
0.775	4
0.775	4
0.775	4
0.775	4
0.776	6
0.776	6
0.776	7
0.776	5
0.776	4
0.776	5
0.776	6
0.776	3
0.776	3
0.776	3
0.776	3
0.777	4
0.777	5
0.777	4
0.777	4
0.777	3
0.777	5
0.777	4
0.778	3
0.778	3
0.778	4
0.778	4
0.778	5
0.778	4
0.778	3
0.779	6
0.779	7
0.779	6
0.779	5
0.779	6
0.779	4
0.779	3
0.779	3
0.779	3
0.779	7
0.779	2
0.779	4
0.78	6
0.78	7
0.78	4
0.78	3
0.78	3
0.78	3
0.78	7
0.78	5
0.78	3
0.78	7
0.78	3
0.78	3
0.78	5
0.78	5
0.78	5
0.781	7
0.781	6
0.781	6
0.781	7
0.781	4
0.781	6
0.781	4
0.781	6
0.781	6
0.781	6
0.781	3
0.781	4
0.781	4
0.781	5
0.781	6
0.781	2
0.782	4
0.782	6
0.782	7
0.782	4
0.782	3
0.782	7
0.782	5
0.782	4
0.782	3
0.782	3
0.782	5
0.783	6
0.783	3
0.783	4
0.783	3
0.783	3
0.783	3
0.783	3
0.783	3
0.783	3
0.784	7
0.784	4
0.784	4
0.784	6
0.784	4
0.784	6
0.784	6
0.784	6
0.784	3
0.784	2
0.784	5
0.784	4
0.785	6
0.785	7
0.785	5
0.785	7
0.785	5
0.785	4
0.785	6
0.785	5
0.785	4
0.785	2
0.785	5
0.785	4
0.785	3
0.785	5
0.785	5
0.785	5
0.785	3
0.786	8
0.786	6
0.786	6
0.786	4
0.786	3
0.786	4
0.786	3
0.786	7
0.786	2
0.786	4
0.786	6
0.786	2
0.786	4
0.787	6
0.787	4
0.787	3
0.787	4
0.787	7
0.787	3
0.787	3
0.787	5
0.787	5
0.787	5
0.788	8
0.788	4
0.788	6
0.788	4
0.788	3
0.788	5
0.788	4
0.788	5
0.788	6
0.788	4
0.788	5
0.788	3
0.788	3
0.788	3
0.788	4
0.788	6
0.788	2
0.788	3
0.788	5
0.788	5
0.788	5
0.788	4
0.788	4
0.789	4
0.789	6
0.789	4
0.789	3
0.789	3
0.789	4
0.789	3
0.789	5
0.789	5
0.789	4
0.789	6
0.789	2
0.79	4
0.79	3
0.79	4
0.79	5
0.79	4
0.79	3
0.79	3
0.79	3
0.79	4
0.79	3
0.79	3
0.79	5
0.79	5
0.79	5
0.79	5
0.79	5
0.79	5
0.791	4
0.791	6
0.791	6
0.791	4
0.791	3
0.791	6
0.791	4
0.791	2
0.791	3
0.791	7
0.791	2
0.791	4
0.791	5
0.791	4
0.791	3
0.791	3
0.791	3
0.791	4
0.791	6
0.791	6
0.791	2
0.791	2
0.791	4
0.792	8
0.792	4
0.792	5
0.792	4
0.792	7
0.792	5
0.792	6
0.792	5
0.792	4
0.792	2
0.792	7
0.792	3
0.792	5
0.792	4
0.792	5
0.792	4
0.792	4
0.793	8
0.793	3
0.793	4
0.793	3
0.793	4
0.793	4
0.793	5
0.793	3
0.793	7
0.793	2
0.793	4
0.793	5
0.793	4
0.793	3
0.793	3
0.793	3
0.793	3
0.793	3
0.793	3
0.793	4
0.793	4
0.793	3
0.793	5
0.793	5
0.793	5
0.794	8
0.794	4
0.794	5
0.794	6
0.794	4
0.794	3
0.794	3
0.794	4
0.794	5
0.794	7
0.794	3
0.794	3
0.794	7
0.794	2
0.794	4
0.794	5
0.794	5
0.794	4
0.794	4
0.794	6
0.794	2
0.794	3
0.794	5
0.794	5
0.794	5
0.794	4
0.795	8
0.795	7
0.795	4
0.795	4
0.795	4
0.795	3
0.795	3
0.795	7
0.795	5
0.795	4
0.795	5
0.795	6
0.795	4
0.795	5
0.795	7
0.795	3
0.795	5
0.795	5
0.795	4
0.795	4
0.795	6
0.795	3
0.796	7
0.796	6
0.796	4
0.796	6
0.796	6
0.796	6
0.796	3
0.796	4
0.796	3
0.796	2
0.796	6
0.796	4
0.796	5
0.796	3
0.796	3
0.796	7
0.796	7
0.796	2
0.796	2
0.796	4
0.796	4
0.796	3
0.796	3
0.796	3
0.796	4
0.796	3
0.796	5
0.796	5
0.796	5
0.797	7
0.797	6
0.797	4
0.797	3
0.797	5
0.797	4
0.797	4
0.797	6
0.797	5
0.797	4
0.797	2
0.797	6
0.797	7
0.797	7
0.797	3
0.797	3
0.797	5
0.797	4
0.797	3
0.797	3
0.797	3
0.797	4
0.797	6
0.797	3
0.798	7
0.798	8
0.798	6
0.798	4
0.798	3
0.798	2
0.798	4
0.798	4
0.798	5
0.798	5
0.798	5
0.798	5
0.798	5
0.798	4
0.799	4
0.799	4
0.799	4
0.799	6
0.799	5
0.799	4
0.799	2
0.799	2
0.799	6
0.799	6
0.799	3
0.799	7
0.799	2
0.799	4
0.799	5
0.799	5
0.799	3
0.799	3
0.799	3
0.799	4
0.8	6
0.8	4
0.8	3
0.8	4
0.8	4
0.8	5
0.8	6
0.8	6
0.8	5
0.8	4
0.8	2
0.8	7
0.8	3
0.8	3
0.8	7
0.8	2
0.8	4
0.8	5
0.8	4
0.801	6
0.801	4
0.801	3
0.801	3
0.801	4
0.801	3
0.801	4
0.801	2
0.801	2
0.801	4
0.801	5
0.801	7
0.801	3
0.801	5
0.801	5
0.802	7
0.802	4
0.802	4
0.802	4
0.802	4
0.802	5
0.802	6
0.802	4
0.802	6
0.802	6
0.802	5
0.802	5
0.802	4
0.802	4
0.802	2
0.802	2
0.802	6
0.802	4
0.802	5
0.802	3
0.802	7
0.802	2
0.802	4
0.803	7
0.803	6
0.803	7
0.803	6
0.803	6
0.803	6
0.803	3
0.803	4
0.803	3
0.803	4
0.803	5
0.803	6
0.803	6
0.803	7
0.803	4
0.804	7
0.804	4
0.804	6
0.804	6
0.804	4
0.804	4
0.804	5
0.804	4
0.804	4
0.804	4
0.804	3
0.804	4
0.804	4
0.804	2
0.804	4
0.804	5
0.804	4
0.805	7
0.805	3
0.805	3
0.805	4
0.805	4
0.805	4
0.805	4
0.805	5
0.805	5
0.805	6
0.805	6
0.805	6
0.805	5
0.805	4
0.805	2
0.805	2
0.805	6
0.805	4
0.806	4
0.806	7
0.806	6
0.806	6
0.806	4
0.806	3
0.806	3
0.806	4
0.806	4
0.806	3
0.806	3
0.806	6
0.806	5
0.806	4
0.806	2
0.806	3
0.806	5
0.806	5
0.806	5
0.807	6
0.807	4
0.807	4
0.807	3
0.807	5
0.807	7
0.807	5
0.807	4
0.807	4
0.807	4
0.807	4
0.807	2
0.807	6
0.807	3
0.807	3
0.807	5
0.807	5
0.807	5
0.808	7
0.808	8
0.808	3
0.808	4
0.808	6
0.808	6
0.808	6
0.808	3
0.808	3
0.808	3
0.808	4
0.808	4
0.808	5
0.808	6
0.808	4
0.808	6
0.808	5
0.808	4
0.808	2
0.808	6
0.808	4
0.809	6
0.809	6
0.809	4
0.809	3
0.809	3
0.809	4
0.809	3
0.809	4
0.809	5
0.809	6
0.809	3
0.809	3
0.809	3
0.809	4
0.81	8
0.81	7
0.81	4
0.81	3
0.81	6
0.81	6
0.81	6
0.81	3
0.81	4
0.81	4
0.81	4
0.81	4
0.81	3
0.81	4
0.81	5
0.81	4
0.81	3
0.81	3
0.81	3
0.81	4
0.81	4
0.811	6
0.811	4
0.811	4
0.811	6
0.811	6
0.811	6
0.811	3
0.811	3
0.811	3
0.811	3
0.811	3
0.811	4
0.811	4
0.811	5
0.811	6
0.811	5
0.811	5
0.811	5
0.811	4
0.812	4
0.812	6
0.812	7
0.812	3
0.812	4
0.812	4
0.812	3
0.812	3
0.812	7
0.812	2
0.812	4
0.812	5
0.812	5
0.812	3
0.812	5
0.812	5
0.812	5
0.813	6
0.813	6
0.813	4
0.813	6
0.813	6
0.813	7
0.813	7
0.813	6
0.813	6
0.813	3
0.813	3
0.813	4
0.813	4
0.813	7
0.813	4
0.813	3
0.813	7
0.813	2
0.813	4
0.813	6
0.813	4
0.813	4
0.814	4
0.814	4
0.814	4
0.814	7
0.814	5
0.814	4
0.814	4
0.814	3
0.814	3
0.814	4
0.814	4
0.814	5
0.814	7
0.814	4
0.815	4
0.815	7
0.815	4
0.815	3
0.815	3
0.815	6
0.815	4
0.815	5
0.815	3
0.815	3
0.815	3
0.815	4
0.815	3
0.815	5
0.815	5
0.815	5
0.816	8
0.816	6
0.816	6
0.816	6
0.816	6
0.816	7
0.816	6
0.816	3
0.816	4
0.816	6
0.816	5
0.816	4
0.816	6
0.816	4
0.817	4
0.817	3
0.817	4
0.817	6
0.817	7
0.817	6
0.817	3
0.817	3
0.817	3
0.817	2
0.817	5
0.817	5
0.818	7
0.818	6
0.818	6
0.818	4
0.818	4
0.818	6
0.818	5
0.818	4
0.818	2
0.818	2
0.818	3
0.818	7
0.818	2
0.818	4
0.818	3
0.818	3
0.818	3
0.818	4
0.819	8
0.819	4
0.819	6
0.819	5
0.819	7
0.819	5
0.819	3
0.819	6
0.819	7
0.819	6
0.819	3
0.819	6
0.819	5
0.819	4
0.819	2
0.819	7
0.819	4
0.819	5
0.819	4
0.82	7
0.82	3
0.82	4
0.82	6
0.82	4
0.82	3
0.82	4
0.82	4
0.82	4
0.82	5
0.82	5
0.82	5
0.821	4
0.821	6
0.821	4
0.821	7
0.821	5
0.821	6
0.821	4
0.821	4
0.821	5
0.821	6
0.821	4
0.821	6
0.821	3
0.821	7
0.821	2
0.821	4
0.822	7
0.822	4
0.822	3
0.822	4
0.822	7
0.822	5
0.822	3
0.822	3
0.822	4
0.822	3
0.822	4
0.822	5
0.822	6
0.822	7
0.822	4
0.823	8
0.823	6
0.823	4
0.823	6
0.823	6
0.823	4
0.823	4
0.823	5
0.823	4
0.823	3
0.823	2
0.823	4
0.823	5
0.824	4
0.824	7
0.824	7
0.824	5
0.824	5
0.824	5
0.824	6
0.824	6
0.824	4
0.824	2
0.824	6
0.825	8
0.825	7
0.825	4
0.825	4
0.825	3
0.826	7
0.826	6
0.826	4
0.826	5
0.826	4
0.826	6
0.826	4
0.826	3
0.826	4
0.826	4
0.826	2
0.827	3
0.827	7
0.827	5
0.827	6
0.827	4
0.827	3
0.827	3
0.827	4
0.827	4
0.827	5
0.827	6
0.827	6
0.827	6
0.827	4
0.827	3
0.828	8
0.828	6
0.828	4
0.828	4
0.828	7
0.828	5
0.828	3
0.828	3
0.828	3
0.828	4
0.828	3
0.829	7
0.829	4
0.829	4
0.829	3
0.829	4
0.829	4
0.829	6
0.829	4
0.829	6
0.829	7
0.829	6
0.829	3
0.829	5
0.829	4
0.83	7
0.83	5
0.83	4
0.83	6
0.83	7
0.83	6
0.83	3
0.83	4
0.83	5
0.83	6
0.831	4
0.831	6
0.831	6
0.831	5
0.831	4
0.831	4
0.831	4
0.831	4
0.831	4
0.831	3
0.832	3
0.832	4
0.832	5
0.833	7
0.833	4
0.833	5
0.833	3
0.833	3
0.834	4
0.834	4
0.834	3
0.834	3
0.834	5
0.834	4
0.835	7
0.835	8
0.835	3
0.835	4
0.835	6
0.835	7
0.835	6
0.835	3
0.835	4
0.836	4
0.836	4
0.836	3
0.836	5
0.836	5
0.836	4
0.836	3
0.836	3
0.836	4
0.837	7
0.837	4
0.837	3
0.837	3
0.837	3
0.837	4
0.838	7
0.838	8
0.838	6
0.838	6
0.838	4
0.838	3
0.838	6
0.838	7
0.838	6
0.838	3
0.838	3
0.838	5
0.838	5
0.838	5
0.839	4
0.839	4
0.839	3
0.839	4
0.839	5
0.839	6
0.839	4
0.839	3
0.839	4
0.839	6
0.839	4
0.84	4
0.84	3
0.84	5
0.84	7
0.84	5
0.84	6
0.84	4
0.841	4
0.841	4
0.841	3
0.841	4
0.841	7
0.841	5
0.841	3
0.841	3
0.841	3
0.841	5
0.842	4
0.842	4
0.842	5
0.842	4
0.842	5
0.842	4
0.843	6
0.843	6
0.843	4
0.843	4
0.843	4
0.843	4
0.843	4
0.843	3
0.843	5
0.843	5
0.844	7
0.844	4
0.844	3
0.844	3
0.844	7
0.844	2
0.844	4
0.844	4
0.845	7
0.845	6
0.845	6
0.845	4
0.845	4
0.845	6
0.845	4
0.845	7
0.845	4
0.845	4
0.846	4
0.846	6
0.846	4
0.846	4
0.846	4
0.846	7
0.846	5
0.846	4
0.846	5
0.846	3
0.846	5
0.846	5
0.846	5
0.846	4
0.847	4
0.847	4
0.847	4
0.847	3
0.847	6
0.847	6
0.847	4
0.847	3
0.847	5
0.847	5
0.847	5
0.848	7
0.848	6
0.848	6
0.848	4
0.848	6
0.848	4
0.848	6
0.848	4
0.848	3
0.848	5
0.848	5
0.848	5
0.849	7
0.849	4
0.849	4
0.849	7
0.849	5
0.849	2
0.849	3
0.849	3
0.849	3
0.849	5
0.849	6
0.849	4
0.85	8
0.85	6
0.85	6
0.85	4
0.85	4
0.85	6
0.85	6
0.85	4
0.85	3
0.85	5
0.85	4
0.85	3
0.85	3
0.85	3
0.85	5
0.851	7
0.851	6
0.851	5
0.851	5
0.851	5
0.851	4
0.851	3
0.851	3
0.851	3
0.851	5
0.852	6
0.852	7
0.852	6
0.852	4
0.852	5
0.852	4
0.852	3
0.852	7
0.852	2
0.852	4
0.852	5
0.852	5
0.852	5
0.852	4
0.853	4
0.853	6
0.853	3
0.853	5
0.853	4
0.853	4
0.853	5
0.853	6
0.853	7
0.853	4
0.853	3
0.853	7
0.853	2
0.853	4
0.853	5
0.853	5
0.854	7
0.854	7
0.854	6
0.854	3
0.854	4
0.854	3
0.854	4
0.854	5
0.854	7
0.854	4
0.854	3
0.854	7
0.854	2
0.854	4
0.855	6
0.855	6
0.855	6
0.855	4
0.855	4
0.855	5
0.855	6
0.855	4
0.855	5
0.855	7
0.855	4
0.856	4
0.856	4
0.856	4
0.856	6
0.856	4
0.856	5
0.857	8
0.857	6
0.857	7
0.857	2
0.857	6
0.858	4
0.858	6
0.858	6
0.858	7
0.858	5
0.858	4
0.858	6
0.858	7
0.858	4
0.858	3
0.858	2
0.859	6
0.859	4
0.859	3
0.859	3
0.859	3
0.859	6
0.859	7
0.859	4
0.859	4
0.859	2
0.86	7
0.86	4
0.86	6
0.86	6
0.86	7
0.86	4
0.86	4
0.86	6
0.86	7
0.86	4
0.86	4
0.861	4
0.861	6
0.861	4
0.861	4
0.861	5
0.861	6
0.861	7
0.861	6
0.861	3
0.861	4
0.861	5
0.861	6
0.861	4
0.862	8
0.862	4
0.862	3
0.862	4
0.862	4
0.862	3
0.862	4
0.862	5
0.862	6
0.862	4
0.863	4
0.863	4
0.863	6
0.863	4
0.863	5
0.863	4
0.863	3
0.863	4
0.863	5
0.863	6
0.864	8
0.864	6
0.864	6
0.864	4
0.864	4
0.864	5
0.864	4
0.864	3
0.865	8
0.865	6
0.865	4
0.865	5
0.866	4
0.866	6
0.866	4
0.866	4
0.867	7
0.867	8
0.867	8
0.867	4
0.867	3
0.867	3
0.867	4
0.868	4
0.868	4
0.868	3
0.868	3
0.868	4
0.868	3
0.868	5
0.868	5
0.868	5
0.869	4
0.869	6
0.869	7
0.869	6
0.869	3
0.869	3
0.869	3
0.869	6
0.869	4
0.87	8
0.87	7
0.87	6
0.87	3
0.87	4
0.87	6
0.87	7
0.87	6
0.87	3
0.871	8
0.871	6
0.871	7
0.871	4
0.871	6
0.871	4
0.871	4
0.871	6
0.871	7
0.871	6
0.871	3
0.871	3
0.871	3
0.871	3
0.871	5
0.872	7
0.872	6
0.872	7
0.872	5
0.872	4
0.872	5
0.872	4
0.873	8
0.873	6
0.873	4
0.873	5
0.873	5
0.874	7
0.874	3
0.874	7
0.874	2
0.874	5
0.875	7
0.875	7
0.875	4
0.876	6
0.876	7
0.876	4
0.876	5
0.877	7
0.877	7
0.877	6
0.877	6
0.877	6
0.878	3
0.879	4
0.879	7
0.879	4
0.879	6
0.879	4
0.879	3
0.879	2
0.88	7
0.88	4
0.88	6
0.88	7
0.88	5
0.88	6
0.88	4
0.88	3
0.88	6
0.88	7
0.88	4
0.88	4
0.881	7
0.881	4
0.881	7
0.881	5
0.881	6
0.881	5
0.882	6
0.882	4
0.882	7
0.882	5
0.882	4
0.883	7
0.883	8
0.883	4
0.883	4
0.883	5
0.883	6
0.884	8
0.884	5
0.884	4
0.884	3
0.885	4
0.885	6
0.885	3
0.885	5
0.887	4
0.887	4
0.887	4
0.888	4
0.888	4
0.888	4
0.889	8
0.889	4
0.889	3
0.889	3
0.891	4
0.891	6
0.891	7
0.891	6
0.891	3
0.891	4
0.891	4
0.892	8
0.892	5
0.892	4
0.892	5
0.893	7
0.893	3
0.893	5
0.893	3
0.893	3
0.893	5
0.893	5
0.893	5
0.893	5
0.893	5
0.893	5
0.894	7
0.894	4
0.894	3
0.894	5
0.894	6
0.894	6
0.894	4
0.894	4
0.894	3
0.894	5
0.894	5
0.894	5
0.895	4
0.895	4
0.895	3
0.895	6
0.895	4
0.895	5
0.896	6
0.896	4
0.896	4
0.896	3
0.896	3
0.896	3
0.896	3
0.896	3
0.896	3
0.896	5
0.896	5
0.896	5
0.897	4
0.897	4
0.897	5
0.897	5
0.897	4
0.897	4
0.897	3
0.897	3
0.897	3
0.897	5
0.897	4
0.897	5
0.897	5
0.897	5
0.897	5
0.898	5
0.898	5
0.898	5
0.898	5
0.898	5
0.898	4
0.898	6
0.898	4
0.898	4
0.898	5
0.898	5
0.898	5
0.899	7
0.899	4
0.899	3
0.899	3
0.899	7
0.899	7
0.899	2
0.899	3
0.899	5
0.899	5
0.899	5
0.899	5
0.899	6
0.899	4
0.899	4
0.899	5
0.899	5
0.899	5
0.9	4
0.9	3
0.9	7
0.9	7
0.9	4
0.9	4
0.9	3
0.9	7
0.9	3
0.9	5
0.9	3
0.9	3
0.9	3
0.9	5
0.9	6
0.9	4
0.9	5
0.901	4
0.901	6
0.901	5
0.901	4
0.901	4
0.901	5
0.901	5
0.901	7
0.901	4
0.901	5
0.901	4
0.901	3
0.901	3
0.901	3
0.901	5
0.902	7
0.902	7
0.902	4
0.902	7
0.902	5
0.902	6
0.902	6
0.902	4
0.902	5
0.902	5
0.902	5
0.902	5
0.902	4
0.902	3
0.902	3
0.902	3
0.902	5
0.902	4
0.902	5
0.902	5
0.902	5
0.903	6
0.903	4
0.903	4
0.903	6
0.903	3
0.903	7
0.903	3
0.903	5
0.903	5
0.903	5
0.903	5
0.903	4
0.903	6
0.903	4
0.904	6
0.904	4
0.904	2
0.904	2
0.904	7
0.904	4
0.904	3
0.904	7
0.904	3
0.904	5
0.904	5
0.904	5
0.905	6
0.905	6
0.905	6
0.905	7
0.905	7
0.905	4
0.905	4
0.905	4
0.905	4
0.905	2
0.905	4
0.905	5
0.905	7
0.905	4
0.905	3
0.905	7
0.905	3
0.905	5
0.905	3
0.905	3
0.905	3
0.905	5
0.906	6
0.906	6
0.906	7
0.906	4
0.906	4
0.906	6
0.906	4
0.906	5
0.906	7
0.906	4
0.906	5
0.906	4
0.906	5
0.907	4
0.907	4
0.907	6
0.907	4
0.907	6
0.907	5
0.907	5
0.908	6
0.908	4
0.908	4
0.908	5
0.908	5
0.908	6
0.908	6
0.908	4
0.908	2
0.908	6
0.908	3
0.908	7
0.908	3
0.908	5
0.908	4
0.908	5
0.908	5
0.908	5
0.909	4
0.909	4
0.909	4
0.909	3
0.909	3
0.909	4
0.909	5
0.909	6
0.909	6
0.909	7
0.909	4
0.909	4
0.909	2
0.909	7
0.909	5
0.909	6
0.909	4
0.91	7
0.91	5
0.91	5
0.91	4
0.91	3
0.91	6
0.91	7
0.91	4
0.91	4
0.91	2
0.91	4
0.91	6
0.911	4
0.911	6
0.911	7
0.911	5
0.911	4
0.911	6
0.911	7
0.911	4
0.911	4
0.911	6
0.911	3
0.911	3
0.911	3
0.911	5
0.912	6
0.912	7
0.912	4
0.912	5
0.912	6
0.912	5
0.912	5
0.912	4
0.912	5
0.913	6
0.913	4
0.913	4
0.913	4
0.913	3
0.913	4
0.913	5
0.913	6
0.913	5
0.913	2
0.913	5
0.913	5
0.914	5
0.914	3
0.914	3
0.914	3
0.914	3
0.914	4
0.914	5
0.914	4
0.914	3
0.914	4
0.914	5
0.914	6
0.914	6
0.914	7
0.914	4
0.914	4
0.914	3
0.914	7
0.914	3
0.914	5
0.914	4
0.914	5
0.914	5
0.914	6
0.915	8
0.915	3
0.915	3
0.915	3
0.915	5
0.915	4
0.915	3
0.915	7
0.915	6
0.915	6
0.915	4
0.916	6
0.916	5
0.916	5
0.916	7
0.916	7
0.916	6
0.916	6
0.916	3
0.916	3
0.916	5
0.916	5
0.916	4
0.916	6
0.917	6
0.917	4
0.917	4
0.917	4
0.917	4
0.917	5
0.917	7
0.917	6
0.917	3
0.917	4
0.917	4
0.917	5
0.917	6
0.917	6
0.917	3
0.917	3
0.917	3
0.917	5
0.918	6
0.918	4
0.918	3
0.918	3
0.918	4
0.918	4
0.918	3
0.918	5
0.918	4
0.919	4
0.919	3
0.919	3
0.919	4
0.919	5
0.919	2
0.919	5
0.919	5
0.92	4
0.92	5
0.92	7
0.92	6
0.92	3
0.92	3
0.92	3
0.92	6
0.92	7
0.92	4
0.92	4
0.92	3
0.92	7
0.92	3
0.92	5
0.921	4
0.921	4
0.921	4
0.921	5
0.921	7
0.921	6
0.921	3
0.921	7
0.921	6
0.922	4
0.922	5
0.922	7
0.922	6
0.922	3
0.922	4
0.922	5
0.922	4
0.922	6
0.923	8
0.923	4
0.923	3
0.923	3
0.923	4
0.923	5
0.923	6
0.923	6
0.924	8
0.924	4
0.924	4
0.924	3
0.925	7
0.925	8
0.925	3
0.925	3
0.925	5
0.925	7
0.925	6
0.925	3
0.925	5
0.925	2
0.926	6
0.926	6
0.926	6
0.926	5
0.926	5
0.926	3
0.926	4
0.926	6
0.926	7
0.926	4
0.926	4
0.926	5
0.927	7
0.927	7
0.927	5
0.927	5
0.927	6
0.927	5
0.928	4
0.928	4
0.928	7
0.928	5
0.928	4
0.928	5
0.928	4
0.928	5
0.928	5
0.928	6
0.929	4
0.929	3
0.929	3
0.929	3
0.929	4
0.929	5
0.929	6
0.929	6
0.929	4
0.93	6
0.93	5
0.93	3
0.93	4
0.93	3
0.931	7
0.931	5
0.931	6
0.931	5
0.931	3
0.931	5
0.931	7
0.931	6
0.931	3
0.931	5
0.931	3
0.931	3
0.931	3
0.931	5
0.932	7
0.932	4
0.932	7
0.932	5
0.932	6
0.932	5
0.932	4
0.932	5
0.932	4
0.933	7
0.933	6
0.933	4
0.933	7
0.933	5
0.933	5
0.933	5
0.933	5
0.934	7
0.934	4
0.934	4
0.934	4
0.934	3
0.934	4
0.934	3
0.934	7
0.934	3
0.934	5
0.934	5
0.935	7
0.935	4
0.935	6
0.935	5
0.935	3
0.935	3
0.935	7
0.935	6
0.935	4
0.935	5
0.935	5
0.935	6
0.936	7
0.936	5
0.936	4
0.936	6
0.936	6
0.936	4
0.936	4
0.936	5
0.936	5
0.936	6
0.937	4
0.937	5
0.937	7
0.937	6
0.937	3
0.937	6
0.937	6
0.937	4
0.938	6
0.938	4
0.938	4
0.938	3
0.938	3
0.938	3
0.938	5
0.939	5
0.939	5
0.939	4
0.939	2
0.939	5
0.939	4
0.939	3
0.939	4
0.939	3
0.939	5
0.94	3
0.94	3
0.94	5
0.94	4
0.94	3
0.94	6
0.94	7
0.94	4
0.94	4
0.94	5
0.94	5
0.94	5
0.94	4
0.941	4
0.941	3
0.941	6
0.941	5
0.941	3
0.941	7
0.941	4
0.941	5
0.941	5
0.941	5
0.941	5
0.942	4
0.942	4
0.942	4
0.942	4
0.942	7
0.942	5
0.942	5
0.942	7
0.942	6
0.942	3
0.942	7
0.942	4
0.942	5
0.943	4
0.943	4
0.943	5
0.943	4
0.943	4
0.943	4
0.943	5
0.943	6
0.943	4
0.943	6
0.943	7
0.943	6
0.943	4
0.943	5
0.943	5
0.943	6
0.944	3
0.944	5
0.944	4
0.944	3
0.944	6
0.944	4
0.944	6
0.944	6
0.944	4
0.945	8
0.945	3
0.945	5
0.945	5
0.945	6
0.946	4
0.946	4
0.946	4
0.946	4
0.946	3
0.946	3
0.946	2
0.946	3
0.946	4
0.946	3
0.946	6
0.947	4
0.947	4
0.947	4
0.947	6
0.947	5
0.947	6
0.947	7
0.947	4
0.947	4
0.947	2
0.947	5
0.947	4
0.948	4
0.948	4
0.948	5
0.948	7
0.948	5
0.948	4
0.948	6
0.948	7
0.948	4
0.948	4
0.948	5
0.948	5
0.949	4
0.949	4
0.949	3
0.949	4
0.949	4
0.949	3
0.949	3
0.949	5
0.949	3
0.949	7
0.949	4
0.949	5
0.95	4
0.95	4
0.95	4
0.95	5
0.95	6
0.95	5
0.95	7
0.95	6
0.951	6
0.951	6
0.951	4
0.951	4
0.951	4
0.951	5
0.951	7
0.951	6
0.951	3
0.951	4
0.951	3
0.951	4
0.951	5
0.951	6
0.951	4
0.951	6
0.952	6
0.952	4
0.952	4
0.952	5
0.952	4
0.952	3
0.952	6
0.953	4
0.953	5
0.954	4
0.954	5
0.954	2
0.955	7
0.955	6
0.955	4
0.955	4
0.955	3
0.955	4
0.955	4
0.955	6
0.955	7
0.955	4
0.955	4
0.956	6
0.956	3
0.956	3
0.956	4
0.957	7
0.957	7
0.957	6
0.957	4
0.957	4
0.957	3
0.957	3
0.957	5
0.958	6
0.958	6
0.958	7
0.958	4
0.958	5
0.958	7
0.958	6
0.958	3
0.958	4
0.958	5
0.958	6
0.959	6
0.959	4
0.959	5
0.959	7
0.959	6
0.959	3
0.959	4
0.959	3
0.96	6
0.96	5
0.96	3
0.96	4
0.96	5
0.961	7
0.961	4
0.961	3
0.961	6
0.961	5
0.962	6
0.962	7
0.962	8
0.962	5
0.963	6
0.963	6
0.963	6
0.963	7
0.963	4
0.963	4
0.963	4
0.963	4
0.964	6
0.964	6
0.964	4
0.964	3
0.964	3
0.966	4
0.966	4
0.966	7
0.966	6
0.966	5
0.966	7
0.966	6
0.966	3
0.967	4
0.967	6
0.967	6
0.967	4
0.967	3
0.967	4
0.968	6
0.968	6
0.968	5
0.968	3
0.969	6
0.969	4
0.969	8
0.969	5
0.969	6
0.969	5
0.97	8
0.97	8
0.97	4
0.97	4
0.97	4
0.97	8
0.97	5
0.971	8
0.971	4
0.971	4
0.972	4
0.972	6
0.972	7
0.972	6
0.973	6
0.973	5
0.974	8
0.974	5
0.975	8
0.975	4
0.975	3
0.975	3
0.975	4
0.975	5
0.975	5
0.975	6
0.976	8
0.976	4
0.976	6
0.976	5
0.976	6
0.976	4
0.977	4
0.977	4
0.977	4
0.977	8
0.977	5
0.978	6
0.978	7
0.978	4
0.978	3
0.978	4
0.978	3
0.978	6
0.979	8
0.979	6
0.979	5
0.979	4
0.98	7
0.98	7
0.98	5
0.98	5
0.981	7
0.981	4
0.981	4
0.981	5
0.981	3
0.981	8
0.981	4
0.981	5
0.982	3
0.982	5
0.982	7
0.982	6
0.983	3
0.983	4
0.983	6
0.984	7
0.984	6
0.984	4
0.984	4
0.984	4
0.984	4
0.984	6
0.985	7
0.985	8
0.985	4
0.985	4
0.986	7
0.986	6
0.986	2
0.987	4
0.987	6
0.987	7
0.987	4
0.987	4
0.988	4
0.989	7
0.989	4
0.989	5
0.989	5
0.989	5
0.99	3
0.99	4
0.99	5
0.99	6
0.991	8
0.991	4
0.991	4
0.991	3
0.991	5
0.991	5
0.991	5
0.991	6
0.992	7
0.992	4
0.992	4
0.992	4
0.992	5
0.992	6
0.992	4
0.993	6
0.993	6
0.994	6
0.994	3
0.994	4
0.994	3
0.994	6
0.995	7
0.995	4
0.995	5
0.995	4
0.996	4
0.996	3
0.996	3
0.996	5
0.996	5
0.997	3
0.997	8
0.997	4
0.997	5
0.998	6
0.998	5
0.998	7
0.998	6
0.998	3
0.998	7
0.998	6
0.999	7
0.999	4
0.999	4
0.999	4
0.999	6
1.0	6
1.0	7
1.0	6
1.001	7
1.001	4
1.001	6
1.001	6
1.002	2
1.003	6
1.003	7
1.003	4
1.003	4
1.005	8
1.005	6
1.005	5
1.006	6
1.006	4
1.006	5
1.006	6
1.007	7
1.007	3
1.007	4
1.007	3
1.008	4
1.008	6
1.008	6
1.008	5
1.008	5
1.009	4
1.009	8
1.009	5
1.01	4
1.011	4
1.012	8
1.012	3
1.012	3
1.013	8
1.013	6
1.014	5
1.014	7
1.014	6
1.014	3
1.015	7
1.015	4
1.016	4
1.016	4
1.02	8
1.02	5
1.021	5
1.022	7
1.022	3
1.022	5
1.022	5
1.022	5
1.022	6
1.023	7
1.023	3
1.023	6
1.023	4
1.024	4
1.024	4
1.024	6
1.024	5
1.025	8
1.025	5
1.025	3
1.025	4
1.025	4
1.025	6
1.026	4
1.026	5
1.026	4
1.027	5
1.027	5
1.028	4
1.028	3
1.028	8
1.028	4
1.028	5
1.029	7
1.029	6
1.03	7
1.03	4
1.03	6
1.031	4
1.031	6
1.032	4
1.033	6
1.033	2
1.034	6
1.034	7
1.034	4
1.034	4
1.036	5
1.037	5
1.037	4
1.037	5
1.037	6
1.038	3
1.038	4
1.038	3
1.038	5
1.039	7
1.039	5
1.04	6
1.04	4
1.04	4
1.04	5
1.04	5
1.04	6
1.04	6
1.041	6
1.041	4
1.042	4
1.043	3
1.043	3
1.043	3
1.043	4
1.043	4
1.043	6
1.044	4
1.044	5
1.044	4
1.045	6
1.045	5
1.045	7
1.045	6
1.045	3
1.045	5
1.045	5
1.046	4
1.046	3
1.046	8
1.046	4
1.046	5
1.047	4
1.047	7
1.047	6
1.048	4
1.048	4
1.048	6
1.049	6
1.049	6
1.051	2
1.052	8
1.052	6
1.052	7
1.052	4
1.052	4
1.054	3
1.054	5
1.055	7
1.055	6
1.055	5
1.055	4
1.055	5
1.055	6
1.056	6
1.056	8
1.056	5
1.056	4
1.056	3
1.057	4
1.057	5
1.06	4
1.061	6
1.061	3
1.061	3
1.062	7
1.063	4
1.063	5
1.063	7
1.063	6
1.063	3
1.064	4
1.064	4
1.066	5
1.068	8
1.068	5
1.068	5
1.068	5
1.068	6
1.068	6
1.068	5
1.069	3
1.069	6
1.069	4
1.07	5
1.07	5
1.07	6
1.07	6
1.071	4
1.071	4
1.071	3
1.071	4
1.071	4
1.071	6
1.071	6
1.071	4
1.072	3
1.072	5
1.072	4
1.073	6
1.073	5
1.073	5
1.073	5
1.073	3
1.073	4
1.073	4
1.073	6
1.074	8
1.074	5
1.074	3
1.074	8
1.074	4
1.074	5
1.074	5
1.074	4
1.075	4
1.075	4
1.075	7
1.075	6
1.075	5
1.075	5
1.076	4
1.076	6
1.076	3
1.076	8
1.076	4
1.076	5
1.077	6
1.077	7
1.077	6
1.078	7
1.078	4
1.078	4
1.078	6
1.079	2
1.079	6
1.08	6
1.08	6
1.08	7
1.08	4
1.08	4
1.081	4
1.081	2
1.082	5
1.082	6
1.082	7
1.082	4
1.082	5
1.083	4
1.083	5
1.083	6
1.084	4
1.084	3
1.084	5
1.085	5
1.085	4
1.085	5
1.085	6
1.086	7
1.086	5
1.086	4
1.086	3
1.087	6
1.087	3
1.087	5
1.088	4
1.089	4
1.089	4
1.089	3
1.089	3
1.09	4
1.091	5
1.091	7
1.091	6
1.091	3
1.091	3
1.091	3
1.092	6
1.092	4
1.093	4
1.093	5
1.093	7
1.093	6
1.093	3
1.094	4
1.095	4
1.096	4
1.098	6
1.099	8
1.1	3
1.101	6
1.101	5
1.101	5
1.102	8
1.102	5
1.102	3
1.103	4
1.103	6
1.103	5
1.103	6
1.103	5
1.103	6
1.103	6
1.104	7
1.104	8
1.104	5
1.104	6
1.104	4
1.104	5
1.105	6
1.105	4
1.106	3
1.106	4
1.106	4
1.106	6
1.106	6
1.106	5
1.106	6
1.106	6
1.107	5
1.107	4
1.107	6
1.107	4
1.108	5
1.108	5
1.109	7
1.109	5
1.109	3
1.109	8
1.109	4
1.109	5
1.109	3
1.109	5
1.109	4
1.109	6
1.11	6
1.11	7
1.11	6
1.11	5
1.11	4
1.111	5
1.111	4
1.111	6
1.111	5
1.111	5
1.112	6
1.112	3
1.112	8
1.112	4
1.112	5
1.113	4
1.113	7
1.113	6
1.114	5
1.114	2
1.114	4
1.114	6
1.115	3
1.115	6
1.115	7
1.115	4
1.115	5
1.115	6
1.116	5
1.117	8
1.117	4
1.117	4
1.117	3
1.117	5
1.117	2
1.118	4
1.118	5
1.118	6
1.118	6
1.118	7
1.118	4
1.118	5
1.119	4
1.119	4
1.119	4
1.119	3
1.12	5
1.12	5
1.121	4
1.121	4
1.121	5
1.121	6
1.122	4
1.122	3
1.123	4
1.123	4
1.123	5
1.124	4
1.124	3
1.124	3
1.126	6
1.126	4
1.126	5
1.126	7
1.126	6
1.126	3
1.126	4
1.127	7
1.127	4
1.127	3
1.127	3
1.128	6
1.129	5
1.129	7
1.129	6
1.129	3
1.13	4
1.132	7
1.133	6
1.134	7
1.135	6
1.135	3
1.136	6
1.136	5
1.137	8
1.137	5
1.138	6
1.138	4
1.138	3
1.139	6
1.139	5
1.14	6
1.14	8
1.14	5
1.141	4
1.141	4
1.143	4
1.144	5
1.145	8
1.147	8
1.147	5
1.149	5
1.15	3
1.152	4
1.152	4
1.152	5
1.153	3
1.155	7
1.155	4
1.155	4
1.156	4
1.157	7
1.159	4
1.159	4
1.161	6
1.162	4
1.164	6
1.167	7
1.168	6
1.17	7
1.171	6
1.173	6
1.176	4
1.176	6
1.179	4
1.18	8
1.183	8
1.19	7
1.193	7
1.195	5
1.197	6
1.197	5
1.197	6
1.197	6
1.198	6
1.198	4
1.2	3
1.2	5
1.2	4
1.2	6
1.201	5
1.201	4
1.202	5
1.202	5
1.203	3
1.203	8
1.203	4
1.203	5
1.204	7
1.204	6
1.205	4
1.205	6
1.206	6
1.208	2
1.209	6
1.209	7
1.209	4
1.209	5
1.211	5
1.212	4
1.212	5
1.212	6
1.213	5
1.213	3
1.214	5
1.217	4
1.218	3
1.218	3
1.22	5
1.22	7
1.22	6
1.22	3
1.221	4
1.229	3
1.23	6
1.23	5
1.231	8
1.231	5
1.232	4
1.238	5
1.243	5
1.244	3
1.244	5
1.246	4
1.246	4
1.246	6
1.246	5
1.246	6
1.246	6
1.247	6
1.247	4
1.249	3
1.249	5
1.249	4
1.249	6
1.25	4
1.25	5
1.25	4
1.251	5
1.251	4
1.252	3
1.252	8
1.252	4
1.252	5
1.253	4
1.253	7
1.253	6
1.254	4
1.254	6
1.255	6
1.255	6
1.257	2
1.258	6
1.258	7
1.258	4
1.258	5
1.26	5
1.261	7
1.261	4
1.261	5
1.261	6
1.262	6
1.262	5
1.262	3
1.263	5
1.266	4
1.267	6
1.267	3
1.267	3
1.269	5
1.269	7
1.269	6
1.269	3
1.27	4
1.27	4
1.274	8
1.278	3
1.279	6
1.279	5
1.28	8
1.28	5
1.281	4
1.282	5
1.284	7
1.284	6
1.284	5
1.284	6
1.284	6
1.285	6
1.285	4
1.287	5
1.287	3
1.287	5
1.287	4
1.287	6
1.288	5
1.288	4
1.289	5
1.289	4
1.29	3
1.29	8
1.29	5
1.29	5
1.29	5
1.291	7
1.291	6
1.292	5
1.292	4
1.292	6
1.292	6
1.292	4
1.292	6
1.292	6
1.293	3
1.293	6
1.293	6
1.293	4
1.295	4
1.295	4
1.295	2
1.295	3
1.295	5
1.295	4
1.295	6
1.296	6
1.296	7
1.296	4
1.296	5
1.296	5
1.296	4
1.297	5
1.297	4
1.298	5
1.298	3
1.298	8
1.298	5
1.298	5
1.299	4
1.299	4
1.299	5
1.299	6
1.299	7
1.299	6
1.3	5
1.3	3
1.3	4
1.3	6
1.301	5
1.301	6
1.302	4
1.303	2
1.304	6
1.304	4
1.304	6
1.304	7
1.304	4
1.304	5
1.305	3
1.305	3
1.306	5
1.307	5
1.307	7
1.307	6
1.307	3
1.307	4
1.307	5
1.307	6
1.308	4
1.308	5
1.308	3
1.309	5
1.31	7
1.311	6
1.312	4
1.313	3
1.313	3
1.315	5
1.315	7
1.315	6
1.315	3
1.316	6
1.316	3
1.316	4
1.317	6
1.317	5
1.318	8
1.318	5
1.319	4
1.319	4
1.323	8
1.324	3
1.325	5
1.325	6
1.325	5
1.326	8
1.326	5
1.327	4
1.33	5
1.331	3
1.333	7
1.333	4
1.333	4
1.333	5
1.337	4
1.338	5
1.339	3
1.34	4
1.341	4
1.341	4
1.342	6
1.345	4
1.348	7
1.348	4
1.349	6
1.35	6
1.354	6
1.356	7
1.357	4
1.357	6
1.361	8
1.362	6
1.365	4
1.369	8
1.371	7
1.371	5
1.373	6
1.373	4
1.373	6
1.373	6
1.374	6
1.374	4
1.376	3
1.376	5
1.376	4
1.376	6
1.377	5
1.377	4
1.378	5
1.378	4
1.379	7
1.379	3
1.379	8
1.379	6
1.379	5
1.38	7
1.38	6
1.381	4
1.381	6
1.382	6
1.384	2
1.385	6
1.385	7
1.385	4
1.385	5
1.387	5
1.388	4
1.388	5
1.388	6
1.389	5
1.389	3
1.39	5
1.393	4
1.394	3
1.394	3
1.396	5
1.396	7
1.396	6
1.396	3
1.397	4
1.405	3
1.406	6
1.406	5
1.407	8
1.407	5
1.408	4
1.414	5
1.419	5
1.42	3
1.422	4
1.422	4
1.426	4
1.429	4
1.431	6
1.437	7
1.438	6
1.44	5
1.442	6
1.442	4
1.442	6
1.442	6
1.443	6
1.443	6
1.443	4
1.445	3
1.445	5
1.445	4
1.445	6
1.446	4
1.446	5
1.446	4
1.447	5
1.447	4
1.448	3
1.448	8
1.448	6
1.448	5
1.449	7
1.449	6
1.45	8
1.45	4
1.45	6
1.451	6
1.452	5
1.453	2
1.454	6
1.454	7
1.454	4
1.454	5
1.454	6
1.454	4
1.454	6
1.454	6
1.455	6
1.455	4
1.456	5
1.457	4
1.457	5
1.457	6
1.457	3
1.457	5
1.457	4
1.457	6
1.458	5
1.458	3
1.458	5
1.458	4
1.459	5
1.459	5
1.459	4
1.46	7
1.46	3
1.46	8
1.46	6
1.46	5
1.461	7
1.461	6
1.462	4
1.462	4
1.462	6
1.463	3
1.463	3
1.463	6
1.465	5
1.465	7
1.465	6
1.465	3
1.465	3
1.466	4
1.466	6
1.466	7
1.466	4
1.466	5
1.468	5
1.469	4
1.469	5
1.469	6
1.47	5
1.47	3
1.471	5
1.474	3
1.474	4
1.475	6
1.475	5
1.475	3
1.475	3
1.476	8
1.476	5
1.477	4
1.477	5
1.477	7
1.477	6
1.477	3
1.478	4
1.483	5
1.486	3
1.487	6
1.487	5
1.488	5
1.488	8
1.488	5
1.489	3
1.489	4
1.491	4
1.491	4
1.495	4
1.495	5
1.498	4
1.5	6
1.5	5
1.501	3
1.503	4
1.503	4
1.506	6
1.507	6
1.507	4
1.51	4
1.511	5
1.512	6
1.512	6
1.513	6
1.513	4
1.513	6
1.513	6
1.514	6
1.514	4
1.515	4
1.516	3
1.516	5
1.516	4
1.516	6
1.517	5
1.517	4
1.518	6
1.518	5
1.518	4
1.519	8
1.519	6
1.519	3
1.519	8
1.519	6
1.519	5
1.52	7
1.52	6
1.521	4
1.521	6
1.522	6
1.524	6
1.524	3
1.525	6
1.525	7
1.525	4
1.525	5
1.527	4
1.527	5
1.528	4
1.528	5
1.528	6
1.529	7
1.529	5
1.529	3
1.53	5
1.531	8
1.533	4
1.534	3
1.534	3
1.536	5
1.536	7
1.536	6
1.536	3
1.537	4
1.541	7
1.545	3
1.546	6
1.546	5
1.547	8
1.547	5
1.548	4
1.554	5
1.559	5
1.56	3
1.562	4
1.562	4
1.566	4
1.569	4
1.571	6
1.577	5
1.578	6
1.583	6
1.586	4
1.59	8
1.597	5
1.599	6
1.599	4
1.599	6
1.599	6
1.6	7
1.6	6
1.6	4
1.602	3
1.602	5
1.602	4
1.602	6
1.603	5
1.603	4
1.604	5
1.604	4
1.605	3
1.605	8
1.605	6
1.605	5
1.606	7
1.606	6
1.607	4
1.607	6
1.608	6
1.61	4
1.611	6
1.611	7
1.611	4
1.611	5
1.613	5
1.614	4
1.614	5
1.614	6
1.615	5
1.615	3
1.616	5
1.616	5
1.618	6
1.618	4
1.618	6
1.618	6
1.619	4
1.619	6
1.619	4
1.62	3
1.62	3
1.621	3
1.621	5
1.621	4
1.621	6
1.622	5
1.622	7
1.622	6
1.622	3
1.622	5
1.622	4
1.623	4
1.623	5
1.623	4
1.624	3
1.624	8
1.624	6
1.624	4
1.625	7
1.625	6
1.626	4
1.626	6
1.627	6
1.629	4
1.63	6
1.63	7
1.63	4
1.63	5
1.631	3
1.632	6
1.632	5
1.632	5
1.633	8
1.633	5
1.633	4
1.633	5
1.633	6
1.634	4
1.634	5
1.634	3
1.635	5
1.638	4
1.639	3
1.639	3
1.64	5
1.641	5
1.641	7
1.641	6
1.641	3
1.642	4
1.645	5
1.646	3
1.648	4
1.648	4
1.65	3
1.651	6
1.651	5
1.652	4
1.652	8
1.652	5
1.653	4
1.655	4
1.657	6
1.659	5
1.663	5
1.664	6
1.664	5
1.665	3
1.667	4
1.667	4
1.669	6
1.671	4
1.672	4
1.674	4
1.676	8
1.676	6
1.682	5
1.683	6
1.686	7
1.688	6
1.691	4
1.695	8
1.7	5
1.702	6
1.702	4
1.702	6
1.702	6
1.703	6
1.703	4
1.705	7
1.705	3
1.705	5
1.705	4
1.705	6
1.706	5
1.706	4
1.707	5
1.707	4
1.708	3
1.708	8
1.708	6
1.708	4
1.709	7
1.709	6
1.71	4
1.71	6
1.711	6
1.713	5
1.714	6
1.714	7
1.714	4
1.714	5
1.716	5
1.717	4
1.717	5
1.717	6
1.718	5
1.718	3
1.719	5
1.722	4
1.723	3
1.723	3
1.725	5
1.725	7
1.725	6
1.725	3
1.726	4
1.734	3
1.735	6
1.735	5
1.736	8
1.736	5
1.737	4
1.743	5
1.748	5
1.749	3
1.751	4
1.751	4
1.755	4
1.758	4
1.76	6
1.766	5
1.767	6
1.772	6
1.775	4
1.779	8
1.785	5
1.787	6
1.787	4
1.787	6
1.787	6
1.788	6
1.788	4
1.789	7
1.79	3
1.79	5
1.79	4
1.79	6
1.791	5
1.791	4
1.792	5
1.792	4
1.793	3
1.793	8
1.793	6
1.793	4
1.794	7
1.794	6
1.795	4
1.795	6
1.796	6
1.798	6
1.799	6
1.799	7
1.799	4
1.799	5
1.801	5
1.802	4
1.802	5
1.802	6
1.803	5
1.803	3
1.804	5
1.807	4
1.808	3
1.808	3
1.81	5
1.81	7
1.81	6
1.81	3
1.811	4
1.819	3
1.82	6
1.82	5
1.821	8
1.821	5
1.822	4
1.828	5
1.833	5
1.834	3
1.836	4
1.836	4
1.84	4
1.84	5
1.842	6
1.842	4
1.842	6
1.842	6
1.843	4
1.843	6
1.843	4
1.845	6
1.845	3
1.845	5
1.845	4
1.845	6
1.846	5
1.846	4
1.847	5
1.847	4
1.848	3
1.848	8
1.848	6
1.848	4
1.849	7
1.849	6
1.85	4
1.85	6
1.851	5
1.851	6
1.852	6
1.853	6
1.854	6
1.854	7
1.854	4
1.854	5
1.856	5
1.857	6
1.857	4
1.857	5
1.857	6
1.858	5
1.858	3
1.859	5
1.86	4
1.862	4
1.863	3
1.863	3
1.864	8
1.865	5
1.865	7
1.865	6
1.865	3
1.866	4
1.874	7
1.874	3
1.875	6
1.875	5
1.876	8
1.876	5
1.877	4
1.883	5
1.888	5
1.889	3
1.891	4
1.891	4
1.895	4
1.898	4
1.9	6
1.906	5
1.907	6
1.912	6
1.915	4
1.919	7
1.929	7
2.1	5
2.102	6
2.102	4
2.102	6
2.102	6
2.103	6
2.103	4
2.105	3
2.105	5
2.105	4
2.105	6
2.106	5
2.106	4
2.107	5
2.107	4
2.108	3
2.108	8
2.108	6
2.108	4
2.109	7
2.109	6
2.11	4
2.11	6
2.111	6
2.113	6
2.114	6
2.114	7
2.114	4
2.114	5
2.116	5
2.117	4
2.117	5
2.117	5
2.118	5
2.118	3
2.119	5
2.122	4
2.123	3
2.123	3
2.125	5
2.125	7
2.125	6
2.125	3
2.126	4
2.134	3
2.135	6
2.135	5
2.136	8
2.136	5
2.137	4
2.143	5
2.148	5
2.149	3
2.151	4
2.151	4
2.155	4
2.158	4
2.16	6
2.166	5
2.167	6
2.172	6
2.175	4
2.179	7
2.189	7
2.219	5
2.221	6
2.221	4
2.221	6
2.221	6
2.222	6
2.222	4
2.224	3
2.224	5
2.224	4
2.224	6
2.225	5
2.225	4
2.226	5
2.226	4
2.227	3
2.227	8
2.227	6
2.227	4
2.228	7
2.228	6
2.229	4
2.229	6
2.23	6
2.232	6
2.233	6
2.233	7
2.233	4
2.233	5
2.235	5
2.236	4
2.236	5
2.236	5
2.237	5
2.237	3
2.238	5
2.241	4
2.242	3
2.242	3
2.244	5
2.244	7
2.244	6
2.244	3
2.245	4
2.253	3
2.254	6
2.254	5
2.255	8
2.255	5
2.256	4
2.262	5
2.267	5
2.268	3
2.27	4
2.27	4
2.274	4
2.277	4
2.279	6
2.285	5
2.286	6
2.291	6
2.294	4
2.298	6
2.304	5
2.306	6
2.306	4
2.306	6
2.306	6
2.307	6
2.307	4
2.308	7
2.309	3
2.309	5
2.309	4
2.309	6
2.31	5
2.31	4
2.311	5
2.311	4
2.312	3
2.312	8
2.312	6
2.312	4
2.313	7
2.313	6
2.314	4
2.314	5
2.315	6
2.317	6
2.318	6
2.318	7
2.318	4
2.318	5
2.32	5
2.321	4
2.321	5
2.321	5
2.322	5
2.322	3
2.323	5
2.325	5
2.326	4
2.327	3
2.327	3
2.327	6
2.327	4
2.327	6
2.327	6
2.328	6
2.328	4
2.329	5
2.329	7
2.329	6
2.329	3
2.33	4
2.33	3
2.33	5
2.33	4
2.33	6
2.331	5
2.331	4
2.332	5
2.332	4
2.333	3
2.333	8
2.333	6
2.333	4
2.334	7
2.334	6
2.335	4
2.335	5
2.336	6
2.338	3
2.338	6
2.339	6
2.339	5
2.339	6
2.339	7
2.339	4
2.339	5
2.34	8
2.34	5
2.341	4
2.341	5
2.342	4
2.342	5
2.342	5
2.343	5
2.343	3
2.344	5
2.347	5
2.347	4
2.348	3
2.348	3
2.35	5
2.35	7
2.35	6
2.35	3
2.351	4
2.352	5
2.353	3
2.355	4
2.355	4
2.359	4
2.359	3
2.36	5
2.36	5
2.361	8
2.361	5
2.362	4
2.362	4
2.364	6
2.368	5
2.37	5
2.371	6
2.373	5
2.374	3
2.376	6
2.376	4
2.376	4
2.379	4
2.38	4
2.383	6
2.383	4
2.385	6
2.391	5
2.392	6
2.393	7
2.397	6
2.4	4
2.404	6
2.41	5
2.412	6
2.412	4
2.412	6
2.412	6
2.413	6
2.413	4
2.414	7
2.415	3
2.415	5
2.415	4
2.415	6
2.416	5
2.416	4
2.417	5
2.417	4
2.418	3
2.418	8
2.418	6
2.418	4
2.419	7
2.419	6
2.42	4
2.42	5
2.421	6
2.423	6
2.424	6
2.424	7
2.424	4
2.424	5
2.426	5
2.427	4
2.427	5
2.427	5
2.428	5
2.428	3
2.429	5
2.432	4
2.433	3
2.433	3
2.435	5
2.435	7
2.435	5
2.435	3
2.436	4
2.444	3
2.445	5
2.445	5
2.446	8
2.446	5
2.447	4
2.453	5
2.458	5
2.459	3
2.461	4
2.461	4
2.465	4
2.468	4
2.47	6
2.476	5
2.477	6
2.482	6
2.485	4
2.489	6
2.499	7
2.519	4
2.521	6
2.521	4
2.521	6
2.521	6
2.522	6
2.522	4
2.524	3
2.524	5
2.524	4
2.524	6
2.525	5
2.525	4
2.526	5
2.526	4
2.527	3
2.527	8
2.527	6
2.527	4
2.528	7
2.528	6
2.529	4
2.529	5
2.53	6
2.532	6
2.533	6
2.533	7
2.533	4
2.533	5
2.535	5
2.536	4
2.536	5
2.536	5
2.537	5
2.537	3
2.538	5
2.541	4
2.542	3
2.542	3
2.544	5
2.544	7
2.544	5
2.544	3
2.545	4
2.553	3
2.554	5
2.554	5
2.555	8
2.555	5
2.556	4
2.562	5
2.567	5
2.568	3
2.57	4
2.57	4
2.574	4
2.577	4
2.579	6
2.585	5
2.586	6
2.588	4
2.59	6
2.59	4
2.59	5
2.59	6
2.591	6
2.591	6
2.591	4
2.593	3
2.593	5
2.593	4
2.593	6
2.594	4
2.594	5
2.594	4
2.595	5
2.595	4
2.596	3
2.596	8
2.596	6
2.596	4
2.597	7
2.597	6
2.598	6
2.598	4
2.598	5
2.599	6
2.601	6
2.602	6
2.602	7
2.602	4
2.602	5
2.604	5
2.605	4
2.605	5
2.605	5
2.606	5
2.606	3
2.607	5
2.608	7
2.61	4
2.611	3
2.611	3
2.611	4
2.613	5
2.613	7
2.613	5
2.613	3
2.613	6
2.613	4
2.613	5
2.613	6
2.614	4
2.614	6
2.614	4
2.616	3
2.616	5
2.616	4
2.616	6
2.617	5
2.617	4
2.618	5
2.618	4
2.619	3
2.619	8
2.619	6
2.619	4
2.62	7
2.62	6
2.621	4
2.621	5
2.622	3
2.622	6
2.623	5
2.623	5
2.624	8
2.624	5
2.624	5
2.625	4
2.625	6
2.625	7
2.625	4
2.625	5
2.627	5
2.628	4
2.628	5
2.628	5
2.629	5
2.629	3
2.63	5
2.631	5
2.633	4
2.634	3
2.634	3
2.636	5
2.636	5
2.636	7
2.636	5
2.636	3
2.637	3
2.637	4
2.638	4
2.639	4
2.639	4
2.64	6
2.64	4
2.64	5
2.64	6
2.641	6
2.641	4
2.643	4
2.643	3
2.643	5
2.643	4
2.643	6
2.644	5
2.644	4
2.645	3
2.645	5
2.645	4
2.646	4
2.646	5
2.646	5
2.646	3
2.646	8
2.646	6
2.646	4
2.647	8
2.647	5
2.647	7
2.647	6
2.648	6
2.648	4
2.648	4
2.648	5
2.649	6
2.651	5
2.652	6
2.652	7
2.652	4
2.652	5
2.654	5
2.654	5
2.654	5
2.655	6
2.655	4
2.655	5
2.655	5
2.656	5
2.656	3
2.657	5
2.659	5
2.66	6
2.66	3
2.66	4
2.661	3
2.661	3
2.662	4
2.662	4
2.663	4
2.663	5
2.663	7
2.663	5
2.663	3
2.664	4
2.665	4
2.666	4
2.667	6
2.667	6
2.667	4
2.667	5
2.667	6
2.668	6
2.668	4
2.669	4
2.67	3
2.67	5
2.67	4
2.67	6
2.671	6
2.671	5
2.671	4
2.672	3
2.672	5
2.672	4
2.673	5
2.673	5
2.673	3
2.673	8
2.673	6
2.673	4
2.674	8
2.674	5
2.674	7
2.674	6
2.675	4
2.675	4
2.675	5
2.676	6
2.677	7
2.677	5
2.678	6
2.678	5
2.679	6
2.679	7
2.679	4
2.679	5
2.681	5
2.681	5
2.682	4
2.682	5
2.682	5
2.683	6
2.683	5
2.683	3
2.684	5
2.686	4
2.686	5
2.687	3
2.687	4
2.688	3
2.688	3
2.689	4
2.689	4
2.69	6
2.69	5
2.69	7
2.69	5
2.69	3
2.691	4
2.693	4
2.696	4
2.698	6
2.699	3
2.7	7
2.7	5
2.7	5
2.701	8
2.701	5
2.702	4
2.704	5
2.705	5
2.708	5
2.71	6
2.713	4
2.713	5
2.714	3
2.716	4
2.716	4
2.717	6
2.717	4
2.719	6
2.719	4
2.719	5
2.719	6
2.72	4
2.72	6
2.72	4
2.722	3
2.722	5
2.722	4
2.722	6
2.723	4
2.723	5
2.723	4
2.724	5
2.724	4
2.725	6
2.725	3
2.725	8
2.725	6
2.725	4
2.726	7
2.726	6
2.727	7
2.727	4
2.727	5
2.728	6
2.73	5
2.731	5
2.731	6
2.731	7
2.731	4
2.731	5
2.732	5
2.733	5
2.734	4
2.734	5
2.734	5
2.735	5
2.735	3
2.736	5
2.737	6
2.739	4
2.74	4
2.74	3
2.74	3
2.742	5
2.742	7
2.742	5
2.742	3
2.743	4
2.744	6
2.751	3
2.752	5
2.752	5
2.753	8
2.753	5
2.754	6
2.754	4
2.758	4
2.76	5
2.76	6
2.76	3
2.76	5
2.76	6
2.761	6
2.761	4
2.763	3
2.763	5
2.763	4
2.763	6
2.764	5
2.764	4
2.765	5
2.765	5
2.765	4
2.766	3
2.766	3
2.766	8
2.766	6
2.766	4
2.767	7
2.767	6
2.768	4
2.768	4
2.768	4
2.768	5
2.769	6
2.771	5
2.772	4
2.772	6
2.772	7
2.772	4
2.772	5
2.774	5
2.775	4
2.775	4
2.775	5
2.775	5
2.776	5
2.776	3
2.777	6
2.777	5
2.78	4
2.781	3
2.781	3
2.783	5
2.783	5
2.783	7
2.783	5
2.783	3
2.784	5
2.784	4
2.789	6
2.792	3
2.792	3
2.793	5
2.793	5
2.794	8
2.794	5
2.795	4
2.796	6
2.801	5
2.806	6
2.806	5
2.807	3
2.809	4
2.809	4
2.813	4
2.816	4
2.818	6
2.824	5
2.825	5
2.83	6
2.833	3
2.837	6
2.847	6
2.92	4
2.922	6
2.922	3
2.922	5
2.922	6
2.923	6
2.923	4
2.925	3
2.925	5
2.925	4
2.925	6
2.926	5
2.926	4
2.927	5
2.927	4
2.928	3
2.928	8
2.928	6
2.928	4
2.929	7
2.929	5
2.93	4
2.93	5
2.931	6
2.933	5
2.934	6
2.934	7
2.934	4
2.934	5
2.936	5
2.937	4
2.937	5
2.937	5
2.938	5
2.938	3
2.939	5
2.942	4
2.943	3
2.943	3
2.945	5
2.945	7
2.945	5
2.945	3
2.946	4
2.954	3
2.955	5
2.955	5
2.956	8
2.956	5
2.957	4
2.963	5
2.968	5
2.969	3
2.971	4
2.971	4
2.975	4
2.978	4
2.98	6
2.986	5
2.987	5
2.992	6
2.995	3
2.999	6
3.009	6
3.162	4
3.164	6
3.164	3
3.164	5
3.164	6
3.165	6
3.165	4
3.167	3
3.167	5
3.167	4
3.167	6
3.168	5
3.168	4
3.169	5
3.169	4
3.17	3
3.17	8
3.17	6
3.17	4
3.171	7
3.171	5
3.171	4
3.172	4
3.172	5
3.173	6
3.173	5
3.173	3
3.173	5
3.173	6
3.174	6
3.174	4
3.175	5
3.176	6
3.176	7
3.176	4
3.176	5
3.176	3
3.176	5
3.176	4
3.176	6
3.177	5
3.177	4
3.178	5
3.178	5
3.178	4
3.179	4
3.179	5
3.179	5
3.179	3
3.179	8
3.179	6
3.179	4
3.18	5
3.18	3
3.18	7
3.18	5
3.181	5
3.181	4
3.181	5
3.182	6
3.184	4
3.184	5
3.185	3
3.185	3
3.185	6
3.185	7
3.185	4
3.185	5
3.187	5
3.187	7
3.187	5
3.187	3
3.187	5
3.188	4
3.188	4
3.188	5
3.188	5
3.189	5
3.189	3
3.19	5
3.193	4
3.194	3
3.194	3
3.196	3
3.196	5
3.196	7
3.196	5
3.196	3
3.197	5
3.197	5
3.197	4
3.198	8
3.198	5
3.199	4
3.205	5
3.205	3
3.206	5
3.206	5
3.207	8
3.207	5
3.208	4
3.21	4
3.211	3
3.213	4
3.213	4
3.214	5
3.217	4
3.219	4
3.22	4
3.22	3
3.222	6
3.222	4
3.222	4
3.226	4
3.228	5
3.229	5
3.229	4
3.231	6
3.234	6
3.237	3
3.237	5
3.238	5
3.241	6
3.243	6
3.246	3
3.25	6
3.251	6
3.26	6
3.29	4
3.292	5
3.292	3
3.292	5
3.292	6
3.293	6
3.293	4
3.295	3
3.295	5
3.295	4
3.295	6
3.296	5
3.296	4
3.297	5
3.297	4
3.298	3
3.298	8
3.298	6
3.298	4
3.299	7
3.299	5
3.3	4
3.3	5
3.301	6
3.303	5
3.304	6
3.304	7
3.304	4
3.304	5
3.306	5
3.307	4
3.307	5
3.307	5
3.308	5
3.308	3
3.309	5
3.312	4
3.313	3
3.313	3
3.315	5
3.315	7
3.315	5
3.315	3
3.316	4
3.324	3
3.325	5
3.325	5
3.326	8
3.326	5
3.327	4
3.333	4
3.338	4
3.339	3
3.341	4
3.341	4
3.345	4
3.348	4
3.35	6
3.356	5
3.357	5
3.362	6
3.365	3
3.369	6
3.377	4
3.379	6
3.379	5
3.379	3
3.379	5
3.379	6
3.38	6
3.38	4
3.382	3
3.382	5
3.382	4
3.382	5
3.383	5
3.383	4
3.384	5
3.384	4
3.385	3
3.385	8
3.385	6
3.385	4
3.386	7
3.386	5
3.387	4
3.387	5
3.388	6
3.39	5
3.391	6
3.391	7
3.391	4
3.391	5
3.393	5
3.394	4
3.394	5
3.394	5
3.395	5
3.395	3
3.396	5
3.399	4
3.4	3
3.4	3
3.402	5
3.402	7
3.402	5
3.402	3
3.403	4
3.411	3
3.412	5
3.412	5
3.413	8
3.413	5
3.414	4
3.42	4
3.425	4
3.426	3
3.428	4
3.428	4
3.432	4
3.435	4
3.437	6
3.443	5
3.444	5
3.449	6
3.452	3
3.456	6
3.466	6
3.575	4
3.577	5
3.577	3
3.577	5
3.577	6
3.578	6
3.578	4
3.58	3
3.58	5
3.58	4
3.58	5
3.581	5
3.581	4
3.582	5
3.582	4
3.583	3
3.583	8
3.583	6
3.583	4
3.584	7
3.584	5
3.585	4
3.585	4
3.586	6
3.588	5
3.589	6
3.589	7
3.589	4
3.589	5
3.591	5
3.592	4
3.592	5
3.592	5
3.593	5
3.593	3
3.594	5
3.597	4
3.598	3
3.598	3
3.6	5
3.6	7
3.6	5
3.6	3
3.601	4
3.609	3
3.61	5
3.61	5
3.611	8
3.611	5
3.612	4
3.618	4
3.623	4
3.624	3
3.626	4
3.626	4
3.63	4
3.633	4
3.635	6
3.641	5
3.642	5
3.647	6
3.65	3
3.654	6
3.664	6
3.689	4
3.689	4
3.691	5
3.691	5
3.691	3
3.691	3
3.691	4
3.691	4
3.691	6
3.691	6
3.692	6
3.692	6
3.692	4
3.692	4
3.694	3
3.694	3
3.694	5
3.694	5
3.694	3
3.694	4
3.694	5
3.694	5
3.695	5
3.695	5
3.695	4
3.695	4
3.696	5
3.696	5
3.696	4
3.696	4
3.697	3
3.697	3
3.697	8
3.697	8
3.697	6
3.697	6
3.697	4
3.697	4
3.698	7
3.698	7
3.698	5
3.698	5
3.699	4
3.699	4
3.699	4
3.699	4
3.7	6
3.7	6
3.702	5
3.702	5
3.703	6
3.703	6
3.703	7
3.703	7
3.703	4
3.703	4
3.703	5
3.703	5
3.705	5
3.705	5
3.706	4
3.706	4
3.706	5
3.706	5
3.706	5
3.706	5
3.707	5
3.707	5
3.707	3
3.707	3
3.708	5
3.708	5
3.711	4
3.711	4
3.712	3
3.712	3
3.712	3
3.712	3
3.714	5
3.714	5
3.714	7
3.714	7
3.714	5
3.714	5
3.714	3
3.714	3
3.715	4
3.715	4
3.723	3
3.723	3
3.724	5
3.724	5
3.724	5
3.724	5
3.725	8
3.725	8
3.725	5
3.725	5
3.726	4
3.726	4
3.732	4
3.732	4
3.737	4
3.737	4
3.738	3
3.738	3
3.74	4
3.74	4
3.74	4
3.74	4
3.744	4
3.744	4
3.747	4
3.747	4
3.747	4
3.749	6
3.749	6
3.749	5
3.749	3
3.749	4
3.749	6
3.75	6
3.75	4
3.752	3
3.752	5
3.752	4
3.752	5
3.753	5
3.753	4
3.754	5
3.754	4
3.755	5
3.755	5
3.755	3
3.755	7
3.755	6
3.755	4
3.756	5
3.756	5
3.756	7
3.756	5
3.757	4
3.757	4
3.758	6
3.76	5
3.761	6
3.761	6
3.761	6
3.761	7
3.761	4
3.761	5
3.763	5
3.764	3
3.764	3
3.764	4
3.764	5
3.764	5
3.765	5
3.765	3
3.766	5
3.768	6
3.768	6
3.769	4
3.77	3
3.77	3
3.772	5
3.772	7
3.772	5
3.772	3
3.773	4
3.778	6
3.778	6
3.781	3
3.782	5
3.782	5
3.783	8
3.783	5
3.784	4
3.79	4
3.795	4
3.796	3
3.798	4
3.798	4
3.802	4
3.805	4
3.807	6
3.813	5
3.814	5
3.819	6
3.822	3
3.826	6
3.836	6
3.856	4
3.858	5
3.858	3
3.858	4
3.858	6
3.859	6
3.859	4
3.861	3
3.861	5
3.861	4
3.861	5
3.862	5
3.862	4
3.863	5
3.863	4
3.864	3
3.864	7
3.864	6
3.864	4
3.865	7
3.865	5
3.866	4
3.866	4
3.867	6
3.869	5
3.87	6
3.87	7
3.87	4
3.87	5
3.872	5
3.873	4
3.873	5
3.873	5
3.874	5
3.874	3
3.875	5
3.878	4
3.879	3
3.879	3
3.881	5
3.881	7
3.881	5
3.881	3
3.882	4
3.89	3
3.891	5
3.891	5
3.892	8
3.892	4
3.893	4
3.899	4
3.904	4
3.905	3
3.907	4
3.907	4
3.911	4
3.914	4
3.916	6
3.922	5
3.923	5
3.928	6
3.931	3
3.935	6
3.945	6
4.201	4
4.203	5
4.203	3
4.203	4
4.203	6
4.204	5
4.204	4
4.206	3
4.206	5
4.206	4
4.206	5
4.207	5
4.207	4
4.208	5
4.208	4
4.209	3
4.209	7
4.209	6
4.209	4
4.21	7
4.21	5
4.211	4
4.211	4
4.212	6
4.214	5
4.215	6
4.215	7
4.215	4
4.215	5
4.217	5
4.218	4
4.218	5
4.218	5
4.219	5
4.219	3
4.22	5
4.223	4
4.224	3
4.224	3
4.226	5
4.226	7
4.226	5
4.226	3
4.227	4
4.235	3
4.236	5
4.236	5
4.237	8
4.237	4
4.238	4
4.244	4
4.249	4
4.25	3
4.252	4
4.252	4
4.256	4
4.259	4
4.261	6
4.267	5
4.268	5
4.273	6
4.276	3
4.28	6
4.29	6
4.338	4
4.34	5
4.34	3
4.34	4
4.34	6
4.341	5
4.341	4
4.343	3
4.343	5
4.343	4
4.343	5
4.343	4
4.344	5
4.344	4
4.345	5
4.345	4
4.345	5
4.345	3
4.345	4
4.345	6
4.346	3
4.346	6
4.346	6
4.346	4
4.346	5
4.346	4
4.347	7
4.347	5
4.348	4
4.348	4
4.348	3
4.348	5
4.348	4
4.348	5
4.349	6
4.349	5
4.349	4
4.35	5
4.35	3
4.351	5
4.351	3
4.351	6
4.351	6
4.351	4
4.352	6
4.352	7
4.352	4
4.352	5
4.352	7
4.352	5
4.353	4
4.353	4
4.354	5
4.354	6
4.355	4
4.355	5
4.355	5
4.356	5
4.356	3
4.356	5
4.357	5
4.357	6
4.357	7
4.357	4
4.357	5
4.359	5
4.36	4
4.36	4
4.36	5
4.36	5
4.361	3
4.361	3
4.361	5
4.361	3
4.362	5
4.363	5
4.363	7
4.363	5
4.363	3
4.364	4
4.364	4
4.365	4
4.366	3
4.366	3
4.366	5
4.366	3
4.366	4
4.366	6
4.367	5
4.367	4
4.368	5
4.368	7
4.368	5
4.368	3
4.369	4
4.369	3
4.369	5
4.369	4
4.369	5
4.37	5
4.37	4
4.37	4
4.371	5
4.371	3
4.372	3
4.372	3
4.372	6
4.372	6
4.372	4
4.372	4
4.372	3
4.372	4
4.372	6
4.373	5
4.373	5
4.373	7
4.373	5
4.373	5
4.373	4
4.374	8
4.374	4
4.374	4
4.374	4
4.375	4
4.375	5
4.375	3
4.375	5
4.375	4
4.375	5
4.376	5
4.376	4
4.377	3
4.377	5
4.377	5
4.377	3
4.378	5
4.378	5
4.378	6
4.378	7
4.378	4
4.378	5
4.378	3
4.378	6
4.378	6
4.378	4
4.379	8
4.379	4
4.379	7
4.379	5
4.38	4
4.38	5
4.38	4
4.38	4
4.381	4
4.381	4
4.381	5
4.381	5
4.381	5
4.382	5
4.382	3
4.383	5
4.383	5
4.384	6
4.384	7
4.384	4
4.384	5
4.386	4
4.386	4
4.386	4
4.386	5
4.387	3
4.387	3
4.387	3
4.387	4
4.387	5
4.387	5
4.388	5
4.388	3
4.389	4
4.389	4
4.389	5
4.389	7
4.389	5
4.389	3
4.389	5
4.39	4
4.391	4
4.392	3
4.392	4
4.393	4
4.393	3
4.393	3
4.394	4
4.394	4
4.395	5
4.395	7
4.395	5
4.395	3
4.396	4
4.396	4
4.398	6
4.398	4
4.398	3
4.399	5
4.399	5
4.4	8
4.4	4
4.401	4
4.401	4
4.403	6
4.404	5
4.404	3
4.405	5
4.405	5
4.405	5
4.406	8
4.406	4
4.407	4
4.407	4
4.409	5
4.41	6
4.41	5
4.412	4
4.413	3
4.413	3
4.413	4
4.415	6
4.415	4
4.415	4
4.417	6
4.418	3
4.418	4
4.419	4
4.419	3
4.421	4
4.421	4
4.422	6
4.422	4
4.424	6
4.425	4
4.427	6
4.428	4
4.43	5
4.43	6
4.431	5
4.432	6
4.436	6
4.436	5
4.437	5
4.439	3
4.442	6
4.443	6
4.445	3
4.449	6
4.453	6
4.459	6
4.586	4
4.588	4
4.588	3
4.588	4
4.588	6
4.589	5
4.589	4
4.591	3
4.591	5
4.591	4
4.591	5
4.592	5
4.592	4
4.593	5
4.593	3
4.594	3
4.594	6
4.594	6
4.594	4
4.595	7
4.595	5
4.596	4
4.596	4
4.597	5
4.599	5
4.6	6
4.6	7
4.6	4
4.6	5
4.601	4
4.602	5
4.603	4
4.603	5
4.603	5
4.603	4
4.603	3
4.603	4
4.603	6
4.604	5
4.604	3
4.604	5
4.604	4
4.605	5
4.606	3
4.606	5
4.606	4
4.606	5
4.607	5
4.607	4
4.608	4
4.608	5
4.608	3
4.609	3
4.609	3
4.609	3
4.609	6
4.609	6
4.609	4
4.61	7
4.61	5
4.611	5
4.611	7
4.611	5
4.611	3
4.611	4
4.611	4
4.612	4
4.612	5
4.614	5
4.615	6
4.615	6
4.615	4
4.615	5
4.617	5
4.618	4
4.618	5
4.618	5
4.619	5
4.619	3
4.619	4
4.62	3
4.62	5
4.621	5
4.621	4
4.621	4
4.621	3
4.621	4
4.621	6
4.622	8
4.622	4
4.622	5
4.622	4
4.623	4
4.623	4
4.624	3
4.624	3
4.624	3
4.624	5
4.624	4
4.624	5
4.625	5
4.625	4
4.626	5
4.626	7
4.626	5
4.626	3
4.626	5
4.626	3
4.627	4
4.627	3
4.627	6
4.627	6
4.627	4
4.628	7
4.628	5
4.629	4
4.629	4
4.629	4
4.63	5
4.632	5
4.633	6
4.633	5
4.633	4
4.633	5
4.634	4
4.635	3
4.635	3
4.635	5
4.636	5
4.636	4
4.636	4
4.636	5
4.636	5
4.637	4
4.637	4
4.637	8
4.637	4
4.637	5
4.637	3
4.638	4
4.638	5
4.641	4
4.641	4
4.642	3
4.642	3
4.644	4
4.644	4
4.644	5
4.644	7
4.644	5
4.644	3
4.645	4
4.646	6
4.649	4
4.65	3
4.652	5
4.652	4
4.652	4
4.653	5
4.653	3
4.654	5
4.654	4
4.655	8
4.655	4
4.656	4
4.656	4
4.658	6
4.659	4
4.661	3
4.661	6
4.662	4
4.665	6
4.667	5
4.667	4
4.668	5
4.668	3
4.67	4
4.67	4
4.671	4
4.673	6
4.673	4
4.673	3
4.673	4
4.673	6
4.674	4
4.674	5
4.674	3
4.675	6
4.676	3
4.676	3
4.676	5
4.676	4
4.676	5
4.677	4
4.677	5
4.677	4
4.678	5
4.678	3
4.679	6
4.679	3
4.679	6
4.679	6
4.679	4
4.68	6
4.68	7
4.68	5
4.681	4
4.681	4
4.682	5
4.684	5
4.685	5
4.685	6
4.685	5
4.685	4
4.685	5
4.686	5
4.687	5
4.688	4
4.688	5
4.688	5
4.689	5
4.689	3
4.69	6
4.69	5
4.691	6
4.693	4
4.694	3
4.694	3
4.694	3
4.696	5
4.696	7
4.696	5
4.696	3
4.697	4
4.698	6
4.705	3
4.706	5
4.706	4
4.707	8
4.707	4
4.708	6
4.708	4
4.714	4
4.719	4
4.72	3
4.722	4
4.722	4
4.726	4
4.729	4
4.731	6
4.737	5
4.738	5
4.743	6
4.746	3
4.75	6
4.76	6
4.922	4
4.924	4
4.924	3
4.924	4
4.924	6
4.925	5
4.925	3
4.927	3
4.927	5
4.927	4
4.927	5
4.928	5
4.928	4
4.929	5
4.929	3
4.93	3
4.93	6
4.93	6
4.93	4
4.931	7
4.931	5
4.932	4
4.932	4
4.933	5
4.935	5
4.936	6
4.936	5
4.936	4
4.936	5
4.938	5
4.939	4
4.939	4
4.939	5
4.94	5
4.94	3
4.941	5
4.944	4
4.945	3
4.945	3
4.947	5
4.947	7
4.947	5
4.947	3
4.948	4
4.956	3
4.957	5
4.957	4
4.958	8
4.958	4
4.959	4
4.965	4
4.97	4
4.971	3
4.973	4
4.973	4
4.977	4
4.98	4
4.982	6
4.988	5
4.989	5
4.994	6
4.997	3
5.001	6
5.011	6
5.104	4
5.106	4
5.106	3
5.106	4
5.106	6
5.107	5
5.107	3
5.109	3
5.109	5
5.109	4
5.109	5
5.11	5
5.11	4
5.111	5
5.111	3
5.112	3
5.112	6
5.112	6
5.112	4
5.113	7
5.113	5
5.114	4
5.114	4
5.115	5
5.117	5
5.118	6
5.118	5
5.118	4
5.118	5
5.12	5
5.121	4
5.121	4
5.121	5
5.122	5
5.122	3
5.123	5
5.126	4
5.127	3
5.127	3
5.129	4
5.129	7
5.129	5
5.129	3
5.13	4
5.138	3
5.139	5
5.139	4
5.14	8
5.14	4
5.141	4
5.147	4
5.152	4
5.153	3
5.155	4
5.155	4
5.159	4
5.162	4
5.164	6
5.17	5
5.171	5
5.176	6
5.179	3
5.183	6
5.189	4
5.191	4
5.191	3
5.191	4
5.191	6
5.192	5
5.192	3
5.193	6
5.194	3
5.194	5
5.194	4
5.194	5
5.195	5
5.195	4
5.196	5
5.196	3
5.197	3
5.197	6
5.197	6
5.197	4
5.198	6
5.198	5
5.199	4
5.199	4
5.199	4
5.2	5
5.201	4
5.201	3
5.201	4
5.201	6
5.202	5
5.202	5
5.202	3
5.203	6
5.203	5
5.203	4
5.203	5
5.204	3
5.204	5
5.204	4
5.204	5
5.205	5
5.205	5
5.205	4
5.206	4
5.206	4
5.206	5
5.206	5
5.206	3
5.207	5
5.207	3
5.207	3
5.207	6
5.207	6
5.207	4
5.208	5
5.208	6
5.208	5
5.209	4
5.209	4
5.21	5
5.211	4
5.212	3
5.212	3
5.212	5
5.213	6
5.213	5
5.213	4
5.213	5
5.214	4
5.214	7
5.214	5
5.214	3
5.215	4
5.215	4
5.216	4
5.216	4
5.216	5
5.217	5
5.217	3
5.218	5
5.221	4
5.222	3
5.222	3
5.223	3
5.224	5
5.224	4
5.224	4
5.224	7
5.224	5
5.224	3
5.225	8
5.225	4
5.225	4
5.226	4
5.232	4
5.233	3
5.234	5
5.234	4
5.235	8
5.235	4
5.236	4
5.237	4
5.238	3
5.24	4
5.24	4
5.242	4
5.244	4
5.247	4
5.247	4
5.248	3
5.249	6
5.25	4
5.25	4
5.254	4
5.255	5
5.256	5
5.257	4
5.259	6
5.261	6
5.264	3
5.265	5
5.266	5
5.268	6
5.271	6
5.274	3
5.278	6
5.278	6
5.288	6
5.29	4
5.291	4
5.292	4
5.292	3
5.292	4
5.292	6
5.293	5
5.293	3
5.293	4
5.293	3
5.293	4
5.293	6
5.294	5
5.294	3
5.295	3
5.295	5
5.295	4
5.295	5
5.296	5
5.296	4
5.296	3
5.296	5
5.296	4
5.296	5
5.297	5
5.297	3
5.297	5
5.297	4
5.298	3
5.298	6
5.298	6
5.298	4
5.298	5
5.298	3
5.299	6
5.299	5
5.299	3
5.299	6
5.299	6
5.299	4
5.3	4
5.3	4
5.3	6
5.3	5
5.301	5
5.301	4
5.301	4
5.302	5
5.303	5
5.304	6
5.304	5
5.304	4
5.304	5
5.304	5
5.305	6
5.305	5
5.305	4
5.305	5
5.306	4
5.307	4
5.307	4
5.307	5
5.307	4
5.308	5
5.308	3
5.308	4
5.308	4
5.308	5
5.309	5
5.309	5
5.309	3
5.31	5
5.312	4
5.313	3
5.313	3
5.313	4
5.314	3
5.314	3
5.315	4
5.315	7
5.315	5
5.315	3
5.316	4
5.316	4
5.316	7
5.316	5
5.316	3
5.317	4
5.324	3
5.325	5
5.325	4
5.325	3
5.326	7
5.326	4
5.326	5
5.326	4
5.327	4
5.327	7
5.327	4
5.328	4
5.333	4
5.334	4
5.338	4
5.339	3
5.339	4
5.34	3
5.341	4
5.341	4
5.342	4
5.342	4
5.345	4
5.346	4
5.348	4
5.349	4
5.35	6
5.351	6
5.356	5
5.357	5
5.357	5
5.358	5
5.362	6
5.363	6
5.365	3
5.366	3
5.369	6
5.37	6
5.379	6
5.38	5
5.602	4
5.604	3
5.604	3
5.604	4
5.604	6
5.605	5
5.605	3
5.607	3
5.607	5
5.607	4
5.607	5
5.608	5
5.608	4
5.609	5
5.609	3
5.61	3
5.61	6
5.61	6
5.61	4
5.611	6
5.611	5
5.612	4
5.612	4
5.613	5
5.615	5
5.616	6
5.616	5
5.616	4
5.616	5
5.618	4
5.619	4
5.619	4
5.619	5
5.62	5
5.62	3
5.621	5
5.624	4
5.625	3
5.625	3
5.627	4
5.627	7
5.627	5
5.627	3
5.628	4
5.636	3
5.637	5
5.637	4
5.638	7
5.638	4
5.639	4
5.645	4
5.65	4
5.651	3
5.653	4
5.653	4
5.653	4
5.655	3
5.655	3
5.655	4
5.655	6
5.656	5
5.656	3
5.657	4
5.658	3
5.658	5
5.658	4
5.658	5
5.659	5
5.659	4
5.66	4
5.66	5
5.66	3
5.661	3
5.661	6
5.661	6
5.661	4
5.662	6
5.662	6
5.662	5
5.663	4
5.663	4
5.664	5
5.666	5
5.667	6
5.667	5
5.667	4
5.667	5
5.668	5
5.669	5
5.669	4
5.67	4
5.67	4
5.67	5
5.671	5
5.671	3
5.672	5
5.674	6
5.675	4
5.676	3
5.676	3
5.677	3
5.678	4
5.678	7
5.678	5
5.678	3
5.679	4
5.681	6
5.686	4
5.687	3
5.688	5
5.688	4
5.688	3
5.688	3
5.688	3
5.688	6
5.689	7
5.689	4
5.689	5
5.689	3
5.69	4
5.691	5
5.691	3
5.691	5
5.691	4
5.691	5
5.692	5
5.692	4
5.693	5
5.693	3
5.694	3
5.694	6
5.694	6
5.694	4
5.695	6
5.695	5
5.696	4
5.696	4
5.696	4
5.697	5
5.699	5
5.7	6
5.7	5
5.7	4
5.7	5
5.701	4
5.702	3
5.702	4
5.703	4
5.703	4
5.703	5
5.704	4
5.704	4
5.704	5
5.704	3
5.705	5
5.708	4
5.708	4
5.709	3
5.709	3
5.711	4
5.711	4
5.711	7
5.711	5
5.711	3
5.712	4
5.713	5
5.719	5
5.72	5
5.72	3
5.721	5
5.721	4
5.722	7
5.722	4
5.723	4
5.725	6
5.728	3
5.729	4
5.732	6
5.734	4
5.735	3
5.737	4
5.737	4
5.741	4
5.742	5
5.744	4
5.746	5
5.752	5
5.753	5
5.758	6
5.761	3
5.765	6
5.775	5
5.892	4
5.894	3
5.894	3
5.894	3
5.894	6
5.895	5
5.895	3
5.897	3
5.897	5
5.897	4
5.897	5
5.898	5
5.898	4
5.899	5
5.899	3
5.9	3
5.9	6
5.9	6
5.9	4
5.901	6
5.901	5
5.902	4
5.902	4
5.903	5
5.905	5
5.906	6
5.906	4
5.906	4
5.906	5
5.908	4
5.909	4
5.909	4
5.909	5
5.909	4
5.91	5
5.91	3
5.911	5
5.911	3
5.911	3
5.911	3
5.911	6
5.912	5
5.912	3
5.914	4
5.914	3
5.914	5
5.914	4
5.914	5
5.915	3
5.915	3
5.915	5
5.915	4
5.916	5
5.916	3
5.917	4
5.917	7
5.917	5
5.917	3
5.917	3
5.917	5
5.917	6
5.917	4
5.918	4
5.918	6
5.918	5
5.919	4
5.919	4
5.92	5
5.922	5
5.923	6
5.923	4
5.923	4
5.923	5
5.925	4
5.926	3
5.926	4
5.926	4
5.926	5
5.927	5
5.927	4
5.927	5
5.927	3
5.928	7
5.928	4
5.928	5
5.929	4
5.931	4
5.932	3
5.932	3
5.934	4
5.934	7
5.934	5
5.934	3
5.935	4
5.935	4
5.94	4
5.941	3
5.943	4
5.943	4
5.943	3
5.944	5
5.944	4
5.945	7
5.945	4
5.946	4
5.947	4
5.95	4
5.952	5
5.952	4
5.957	4
5.958	5
5.958	3
5.959	5
5.96	4
5.96	4
5.964	6
5.964	4
5.967	3
5.967	4
5.969	5
5.971	6
5.975	5
5.976	5
5.981	5
5.981	6
5.984	3
5.988	6
5.998	5
6.029	4
6.031	3
6.031	3
6.031	3
6.031	6
6.032	5
6.032	3
6.034	3
6.034	5
6.034	4
6.034	5
6.035	5
6.035	4
6.036	5
6.036	3
6.037	3
6.037	5
6.037	6
6.037	4
6.038	6
6.038	4
6.039	4
6.039	4
6.04	5
6.042	5
6.043	6
6.043	4
6.043	4
6.043	5
6.045	4
6.046	4
6.046	4
6.046	5
6.047	5
6.047	3
6.048	5
6.051	4
6.052	3
6.052	3
6.053	4
6.054	4
6.054	7
6.054	5
6.054	3
6.055	4
6.055	3
6.055	3
6.055	3
6.055	6
6.056	5
6.056	3
6.058	3
6.058	5
6.058	4
6.058	5
6.059	5
6.059	4
6.06	5
6.06	3
6.061	3
6.061	5
6.061	6
6.061	4
6.062	6
6.062	4
6.063	3
6.063	4
6.063	4
6.064	5
6.064	4
6.064	5
6.065	7
6.065	4
6.066	4
6.066	5
6.067	6
6.067	4
6.067	4
6.067	5
6.069	4
6.07	4
6.07	4
6.07	5
6.071	5
6.071	3
6.072	4
6.072	5
6.075	4
6.076	3
6.076	3
6.077	4
6.078	3
6.078	4
6.078	7
6.078	5
6.078	3
6.079	4
6.08	4
6.08	4
6.084	4
6.087	4
6.087	3
6.088	5
6.088	4
6.089	5
6.089	7
6.089	4
6.09	4
6.095	5
6.096	5
6.096	4
6.101	6
6.101	4
6.102	3
6.104	3
6.104	4
6.104	4
6.106	4
6.108	6
6.108	4
6.108	3
6.108	3
6.108	3
6.108	6
6.109	5
6.109	3
6.111	4
6.111	3
6.111	5
6.111	4
6.111	5
6.112	5
6.112	4
6.113	5
6.113	4
6.113	3
6.114	3
6.114	5
6.114	6
6.114	4
6.115	6
6.115	4
6.116	4
6.116	4
6.117	5
6.118	5
6.119	5
6.119	5
6.12	5
6.12	6
6.12	4
6.12	4
6.12	5
6.122	4
6.123	4
6.123	4
6.123	5
6.124	5
6.124	3
6.125	6
6.125	5
6.128	3
6.128	4
6.129	3
6.129	3
6.131	4
6.131	7
6.131	5
6.131	3
6.132	6
6.132	4
6.14	3
6.141	5
6.141	4
6.142	4
6.142	7
6.142	4
6.143	4
6.149	4
6.154	4
6.155	3
6.157	4
6.157	4
6.157	4
6.159	3
6.159	3
6.159	3
6.159	6
6.16	5
6.16	3
6.161	4
6.162	3
6.162	5
6.162	4
6.162	5
6.163	5
6.163	4
6.164	4
6.164	4
6.164	3
6.165	3
6.165	5
6.165	6
6.165	3
6.166	5
6.166	6
6.166	4
6.167	4
6.167	4
6.168	5
6.17	5
6.171	6
6.171	4
6.171	4
6.171	5
6.172	5
6.173	5
6.173	4
6.174	4
6.174	4
6.174	5
6.175	5
6.175	3
6.176	5
6.178	6
6.179	4
6.18	3
6.18	3
6.181	3
6.182	4
6.182	7
6.182	5
6.182	3
6.183	4
6.185	6
6.191	3
6.192	5
6.192	4
6.193	7
6.193	4
6.194	4
6.195	4
6.2	4
6.205	4
6.206	3
6.208	4
6.208	4
6.212	4
6.215	4
6.217	5
6.221	4
6.223	5
6.223	3
6.223	3
6.223	3
6.223	6
6.224	5
6.224	5
6.224	3
6.226	3
6.226	5
6.226	4
6.226	5
6.227	5
6.227	4
6.228	4
6.228	3
6.229	6
6.229	3
6.229	5
6.229	6
6.229	3
6.23	6
6.23	4
6.231	4
6.231	4
6.232	3
6.232	5
6.234	5
6.235	6
6.235	4
6.235	4
6.235	5
6.236	6
6.237	4
6.238	4
6.238	4
6.238	5
6.239	5
6.239	3
6.24	5
6.243	4
6.244	3
6.244	3
6.246	4
6.246	4
6.246	7
6.246	5
6.246	3
6.247	4
6.255	3
6.256	5
6.256	4
6.257	7
6.257	4
6.258	4
6.264	4
6.269	4
6.27	3
6.271	3
6.272	4
6.272	4
6.273	3
6.273	3
6.273	3
6.273	6
6.274	5
6.274	3
6.276	4
6.276	3
6.276	5
6.276	3
6.276	5
6.277	5
6.277	4
6.278	4
6.278	3
6.279	4
6.279	3
6.279	5
6.279	6
6.279	3
6.28	6
6.28	4
6.281	5
6.281	4
6.281	4
6.282	5
6.284	5
6.285	6
6.285	4
6.285	4
6.285	5
6.287	5
6.287	4
6.288	5
6.288	4
6.288	4
6.288	5
6.289	5
6.289	3
6.29	5
6.293	5
6.293	4
6.294	3
6.294	3
6.296	3
6.296	4
6.296	7
6.296	5
6.296	3
6.297	4
6.3	6
6.305	3
6.306	5
6.306	4
6.307	7
6.307	4
6.308	4
6.308	3
6.31	4
6.31	3
6.31	3
6.31	3
6.31	6
6.311	5
6.311	3
6.313	3
6.313	5
6.313	3
6.313	5
6.314	4
6.314	5
6.314	4
6.315	4
6.315	3
6.316	3
6.316	5
6.316	6
6.316	2
6.317	6
6.317	4
6.318	4
6.318	4
6.319	4
6.319	5
6.32	3
6.321	5
6.322	4
6.322	4
6.322	6
6.322	4
6.322	4
6.322	5
6.324	4
6.325	4
6.325	4
6.325	5
6.326	4
6.326	5
6.326	3
6.327	5
6.329	4
6.33	4
6.331	5
6.331	3
6.331	3
6.333	4
6.333	7
6.333	5
6.333	3
6.334	4
6.337	5
6.338	5
6.342	3
6.343	5
6.343	5
6.343	4
6.344	7
6.344	4
6.345	4
6.346	3
6.35	6
6.351	4
6.356	4
6.357	3
6.359	4
6.359	4
6.36	4
6.363	4
6.366	4
6.368	5
6.374	5
6.375	5
6.38	5
6.383	3
6.387	6
6.397	4
6.53	3
6.532	3
6.532	3
6.532	3
6.532	6
6.533	5
6.533	3
6.535	3
6.535	5
6.535	3
6.535	5
6.536	5
6.536	4
6.537	4
6.537	3
6.538	3
6.538	5
6.538	6
6.538	2
6.539	6
6.539	4
6.54	4
6.54	4
6.541	5
6.543	5
6.543	3
6.544	6
6.544	4
6.544	4
6.544	5
6.545	3
6.545	3
6.545	3
6.545	6
6.546	4
6.546	5
6.546	3
6.547	4
6.547	4
6.547	5
6.548	5
6.548	3
6.548	3
6.548	5
6.548	3
6.548	5
6.549	5
6.549	5
6.549	4
6.55	4
6.55	3
6.551	3
6.551	5
6.551	6
6.551	2
6.552	4
6.552	6
6.552	4
6.553	3
6.553	3
6.553	4
6.553	4
6.554	5
6.555	4
6.555	7
6.555	5
6.555	3
6.556	4
6.556	5
6.557	6
6.557	4
6.557	4
6.557	5
6.559	4
6.56	4
6.56	4
6.56	5
6.561	5
6.561	3
6.562	5
6.564	3
6.565	5
6.565	4
6.565	4
6.566	7
6.566	4
6.566	3
6.566	3
6.567	4
6.568	4
6.568	7
6.568	5
6.568	3
6.569	4
6.573	4
6.577	3
6.578	4
6.578	5
6.578	4
6.579	3
6.579	7
6.579	4
6.58	4
6.581	4
6.581	4
6.585	4
6.586	4
6.588	4
6.59	5
6.591	4
6.592	3
6.594	4
6.594	4
6.596	5
6.597	5
6.598	4
6.598	3
6.6	3
6.6	3
6.6	3
6.6	6
6.601	3
6.601	5
6.601	3
6.602	4
6.603	5
6.603	3
6.603	5
6.603	3
6.603	5
6.604	4
6.604	4
6.605	3
6.605	4
6.605	3
6.606	3
6.606	5
6.606	6
6.606	2
6.607	6
6.607	4
6.608	4
6.608	4
6.609	6
6.609	5
6.609	5
6.61	5
6.611	5
6.612	6
6.612	4
6.612	4
6.612	5
6.614	4
6.615	4
6.615	4
6.615	4
6.615	5
6.616	5
6.616	3
6.617	5
6.618	3
6.619	4
6.62	4
6.621	3
6.621	3
6.622	6
6.623	4
6.623	7
6.623	5
6.623	3
6.624	4
6.632	4
6.632	3
6.633	5
6.633	4
6.634	7
6.634	4
6.635	4
6.641	4
6.646	4
6.647	3
6.649	4
6.649	4
6.653	4
6.656	3
6.658	5
6.664	5
6.665	5
6.67	4
6.673	3
6.677	6
6.687	4
6.705	3
6.707	3
6.707	3
6.707	3
6.707	6
6.708	5
6.708	3
6.71	3
6.71	5
6.71	3
6.71	5
6.711	4
6.711	4
6.712	4
6.712	3
6.713	3
6.713	5
6.713	6
6.713	2
6.714	6
6.714	4
6.715	4
6.715	4
6.716	5
6.718	5
6.719	6
6.719	3
6.719	4
6.719	5
6.721	4
6.722	4
6.722	4
6.722	5
6.723	5
6.723	3
6.724	5
6.727	4
6.728	3
6.728	3
6.73	4
6.73	7
6.73	5
6.73	3
6.731	4
6.739	3
6.74	5
6.74	4
6.741	7
6.741	4
6.742	4
6.748	4
6.753	4
6.754	3
6.756	4
6.756	4
6.76	4
6.763	3
6.765	5
6.771	5
6.772	5
6.777	4
6.78	3
6.784	6
6.794	4
7.109	3
7.111	3
7.111	3
7.111	3
7.111	6
7.112	5
7.112	3
7.114	3
7.114	5
7.114	3
7.114	5
7.115	4
7.115	4
7.116	4
7.116	3
7.117	3
7.117	5
7.117	6
7.117	3
7.118	6
7.118	4
7.119	4
7.119	4
7.12	5
7.122	5
7.123	6
7.123	3
7.123	4
7.123	5
7.125	4
7.125	3
7.126	4
7.126	4
7.126	5
7.127	5
7.127	3
7.127	3
7.127	3
7.127	3
7.127	6
7.128	5
7.128	5
7.128	3
7.13	3
7.13	5
7.13	3
7.13	5
7.131	4
7.131	4
7.131	4
7.132	3
7.132	3
7.132	4
7.132	3
7.133	3
7.133	5
7.133	6
7.133	3
7.134	4
7.134	7
7.134	5
7.134	3
7.134	6
7.134	4
7.135	4
7.135	4
7.135	4
7.136	5
7.138	5
7.139	6
7.139	3
7.139	4
7.139	5
7.141	4
7.142	4
7.142	4
7.142	5
7.143	3
7.143	5
7.143	3
7.144	5
7.144	4
7.144	5
7.145	7
7.145	4
7.146	4
7.147	4
7.148	3
7.148	3
7.15	4
7.15	7
7.15	5
7.15	3
7.151	4
7.152	4
7.157	4
7.158	3
7.159	3
7.16	4
7.16	4
7.16	5
7.16	4
7.161	7
7.161	4
7.162	4
7.164	4
7.164	3
7.166	3
7.166	3
7.166	3
7.166	6
7.167	3
7.167	5
7.167	3
7.168	4
7.169	5
7.169	3
7.169	5
7.169	3
7.169	5
7.17	4
7.17	4
7.171	4
7.171	3
7.172	3
7.172	5
7.172	6
7.172	3
7.173	4
7.173	6
7.173	4
7.174	3
7.174	4
7.174	4
7.175	5
7.175	5
7.176	5
7.176	4
7.176	4
7.177	5
7.178	5
7.178	3
7.178	4
7.178	5
7.18	3
7.18	4
7.181	4
7.181	4
7.181	4
7.181	5
7.182	5
7.182	3
7.183	3
7.183	5
7.184	3
7.185	5
7.186	4
7.187	3
7.187	3
7.188	6
7.189	4
7.189	7
7.189	5
7.189	3
7.19	4
7.191	5
7.192	5
7.197	4
7.198	4
7.198	3
7.198	3
7.199	5
7.199	4
7.2	3
7.2	7
7.2	4
7.2	3
7.2	3
7.2	3
7.2	6
7.201	4
7.201	5
7.201	3
7.203	3
7.203	5
7.203	3
7.203	5
7.204	6
7.204	4
7.204	4
7.205	4
7.205	3
7.206	3
7.206	5
7.206	5
7.206	3
7.207	4
7.207	6
7.207	4
7.208	4
7.208	4
7.209	5
7.211	5
7.212	4
7.212	5
7.212	3
7.212	4
7.212	5
7.213	3
7.214	4
7.214	4
7.215	4
7.215	4
7.215	4
7.215	4
7.215	5
7.216	5
7.216	3
7.217	5
7.219	3
7.22	4
7.221	3
7.221	3
7.222	3
7.223	4
7.223	7
7.223	5
7.223	3
7.224	5
7.224	4
7.23	5
7.231	5
7.232	3
7.233	5
7.233	4
7.234	7
7.234	4
7.235	4
7.236	4
7.239	3
7.241	4
7.243	6
7.246	4
7.247	3
7.249	4
7.249	4
7.253	4
7.253	3
7.256	3
7.258	5
7.264	5
7.265	5
7.27	4
7.273	3
7.277	6
7.287	4
7.299	3
7.301	3
7.301	3
7.301	3
7.301	6
7.302	5
7.302	3
7.304	3
7.304	5
7.304	3
7.304	5
7.305	4
7.305	4
7.306	4
7.306	3
7.307	3
7.307	5
7.307	5
7.307	3
7.308	6
7.308	4
7.309	4
7.309	4
7.31	5
7.312	5
7.313	5
7.313	3
7.313	4
7.313	5
7.315	4
7.316	4
7.316	4
7.316	5
7.317	5
7.317	3
7.318	5
7.321	4
7.322	3
7.322	3
7.324	4
7.324	7
7.324	5
7.324	3
7.325	4
7.333	3
7.334	5
7.334	4
7.335	7
7.335	4
7.336	4
7.342	4
7.347	4
7.348	3
7.35	4
7.35	4
7.354	3
7.357	3
7.359	5
7.365	5
7.366	5
7.371	4
7.374	3
7.378	6
7.388	3
7.445	3
7.447	3
7.447	3
7.447	3
7.447	6
7.448	5
7.448	3
7.45	3
7.45	5
7.45	3
7.45	5
7.451	4
7.451	4
7.452	4
7.452	3
7.453	3
7.453	5
7.453	5
7.453	3
7.454	6
7.454	4
7.455	4
7.455	4
7.456	5
7.458	5
7.459	5
7.459	3
7.459	3
7.459	5
7.461	4
7.462	4
7.462	4
7.462	5
7.463	5
7.463	3
7.464	5
7.467	4
7.468	3
7.468	3
7.47	4
7.47	7
7.47	5
7.47	3
7.471	4
7.479	3
7.48	5
7.48	4
7.481	7
7.481	4
7.482	4
7.488	4
7.493	4
7.494	3
7.496	4
7.496	4
7.5	3
7.503	3
7.505	5
7.511	5
7.512	5
7.517	4
7.52	3
7.524	6
7.534	3
7.839	3
7.841	3
7.841	3
7.841	3
7.841	6
7.842	5
7.842	3
7.844	3
7.844	5
7.844	3
7.844	5
7.845	4
7.845	4
7.846	4
7.846	3
7.847	3
7.847	5
7.847	5
7.847	3
7.848	6
7.848	4
7.849	4
7.849	4
7.85	5
7.852	5
7.853	5
7.853	3
7.853	3
7.853	5
7.855	4
7.856	4
7.856	4
7.856	5
7.857	5
7.857	3
7.858	5
7.861	4
7.862	3
7.862	3
7.864	4
7.864	7
7.864	5
7.864	3
7.865	4
7.873	3
7.874	5
7.874	4
7.875	7
7.875	4
7.876	4
7.882	4
7.887	4
7.888	3
7.89	4
7.89	4
7.894	3
7.897	3
7.899	5
7.905	4
7.906	5
7.911	4
7.914	3
7.918	6
7.928	3
7.963	3
7.965	3
7.965	3
7.965	3
7.965	6
7.966	5
7.966	3
7.968	3
7.968	5
7.968	3
7.968	5
7.969	4
7.969	4
7.97	4
7.97	3
7.971	3
7.971	5
7.971	5
7.971	3
7.972	6
7.972	4
7.973	4
7.973	4
7.974	5
7.976	5
7.977	5
7.977	3
7.977	3
7.977	5
7.979	4
7.98	4
7.98	4
7.98	5
7.981	5
7.981	3
7.982	5
7.985	4
7.986	3
7.986	3
7.988	4
7.988	7
7.988	5
7.988	3
7.989	4
7.997	3
7.998	5
7.998	4
7.999	7
7.999	4
8.0	4
8.006	4
8.011	4
8.012	3
8.014	4
8.014	4
8.018	3
8.021	3
8.023	5
8.029	4
8.03	5
8.035	4
8.036	3
8.038	3
8.038	3
8.038	3
8.038	3
8.038	6
8.039	5
8.039	3
8.041	3
8.041	5
8.041	3
8.041	5
8.042	5
8.042	4
8.042	4
8.043	4
8.043	3
8.044	3
8.044	5
8.044	5
8.044	3
8.045	6
8.045	4
8.046	4
8.046	4
8.047	5
8.049	5
8.05	5
8.05	3
8.05	3
8.05	5
8.052	3
8.052	4
8.053	4
8.053	3
8.053	5
8.054	5
8.054	3
8.055	5
8.058	4
8.059	3
8.059	3
8.061	4
8.061	7
8.061	5
8.061	3
8.062	4
8.07	3
8.071	5
8.071	4
8.072	7
8.072	4
8.073	4
8.079	4
8.084	4
8.085	3
8.087	4
8.087	4
8.091	3
8.094	3
8.096	5
8.102	4
8.103	5
8.108	4
8.111	3
8.115	5
8.125	3
8.16	3
8.162	3
8.162	3
8.162	3
8.162	6
8.163	5
8.163	3
8.165	3
8.165	5
8.165	3
8.165	5
8.166	4
8.166	4
8.167	4
8.167	3
8.168	3
8.168	5
8.168	5
8.168	3
8.169	6
8.169	4
8.17	4
8.17	4
8.171	5
8.173	5
8.174	5
8.174	3
8.174	3
8.174	5
8.176	4
8.177	4
8.177	3
8.177	5
8.178	5
8.178	3
8.179	5
8.182	4
8.183	3
8.183	3
8.185	4
8.185	6
8.185	5
8.185	3
8.186	4
8.194	3
8.195	5
8.195	4
8.196	7
8.196	4
8.197	4
8.203	4
8.208	4
8.209	3
8.211	4
8.211	4
8.215	3
8.218	3
8.22	5
8.226	4
8.227	5
8.232	4
8.235	3
8.239	5
8.249	3
8.284	3
8.286	3
8.286	3
8.286	3
8.286	6
8.287	5
8.287	3
8.289	3
8.289	5
8.289	3
8.289	5
8.29	4
8.29	4
8.291	4
8.291	3
8.292	3
8.292	5
8.292	5
8.292	3
8.293	6
8.293	4
8.294	4
8.294	4
8.295	5
8.297	5
8.298	5
8.298	3
8.298	3
8.298	5
8.3	4
8.301	4
8.301	3
8.301	5
8.302	5
8.302	3
8.303	5
8.306	4
8.307	3
8.307	3
8.309	4
8.309	6
8.309	5
8.309	3
8.31	4
8.318	3
8.319	5
8.319	4
8.32	6
8.32	4
8.321	4
8.327	4
8.332	4
8.333	3
8.335	4
8.335	4
8.339	3
8.342	3
8.344	5
8.35	4
8.351	5
8.353	3
8.355	3
8.355	3
8.355	3
8.355	6
8.356	4
8.356	5
8.356	3
8.358	3
8.358	5
8.358	3
8.358	5
8.359	3
8.359	4
8.359	4
8.36	4
8.36	3
8.361	3
8.361	5
8.361	5
8.361	3
8.362	6
8.362	4
8.363	5
8.363	4
8.363	4
8.364	5
8.366	5
8.367	5
8.367	3
8.367	3
8.367	5
8.369	4
8.37	4
8.37	3
8.37	5
8.371	5
8.371	3
8.372	5
8.373	3
8.375	4
8.376	3
8.376	3
8.378	4
8.378	6
8.378	4
8.378	3
8.379	4
8.387	3
8.388	5
8.388	4
8.389	6
8.389	4
8.39	4
8.396	4
8.401	4
8.402	3
8.404	4
8.404	4
8.408	3
8.411	3
8.413	5
8.419	4
8.42	5
8.425	4
8.428	3
8.432	5
8.442	3
8.687	3
8.689	3
8.689	3
8.689	3
8.689	6
8.69	5
8.69	3
8.692	3
8.692	4
8.692	3
8.692	5
8.693	4
8.693	4
8.694	4
8.694	3
8.695	3
8.695	5
8.695	5
8.695	3
8.696	6
8.696	4
8.697	4
8.697	4
8.698	5
8.7	5
8.701	5
8.701	3
8.701	3
8.701	5
8.703	4
8.704	4
8.704	3
8.704	5
8.705	5
8.705	3
8.706	5
8.709	4
8.71	3
8.71	3
8.712	4
8.712	6
8.712	4
8.712	3
8.713	4
8.721	3
8.722	5
8.722	4
8.723	6
8.723	4
8.724	4
8.73	4
8.735	4
8.736	3
8.738	4
8.738	4
8.742	3
8.745	3
8.747	5
8.753	4
8.754	5
8.759	4
8.762	3
8.766	5
8.776	3
8.778	3
8.78	3
8.78	3
8.78	3
8.78	6
8.781	5
8.781	3
8.783	3
8.783	4
8.783	3
8.783	5
8.784	4
8.784	4
8.785	4
8.785	3
8.786	3
8.786	5
8.786	5
8.786	3
8.787	6
8.787	4
8.788	4
8.788	4
8.789	5
8.791	5
8.792	5
8.792	3
8.792	3
8.792	5
8.794	4
8.795	4
8.795	3
8.795	5
8.796	5
8.796	3
8.797	5
8.8	4
8.801	3
8.801	3
8.803	4
8.803	6
8.803	4
8.803	3
8.804	4
8.812	3
8.813	5
8.813	4
8.814	5
8.814	4
8.815	4
8.821	4
8.826	4
8.827	3
8.829	4
8.829	4
8.833	3
8.836	3
8.838	5
8.844	4
8.845	5
8.85	4
8.853	3
8.857	5
8.867	3
8.892	3
8.894	3
8.894	3
8.894	3
8.894	6
8.895	5
8.895	3
8.897	3
8.897	4
8.897	3
8.897	5
8.898	4
8.898	4
8.899	4
8.899	3
8.9	3
8.9	5
8.9	5
8.9	3
8.901	6
8.901	4
8.902	4
8.902	4
8.903	5
8.905	5
8.906	5
8.906	3
8.906	3
8.906	5
8.908	4
8.909	4
8.909	3
8.909	5
8.91	5
8.91	3
8.911	5
8.914	4
8.915	3
8.915	3
8.917	4
8.917	6
8.917	4
8.917	3
8.918	4
8.926	3
8.927	5
8.927	4
8.928	5
8.928	4
8.929	3
8.935	4
8.94	4
8.941	3
8.943	4
8.943	4
8.947	3
8.95	3
8.952	5
8.958	4
8.959	5
8.964	4
8.967	3
8.971	5
8.979	3
8.981	3
8.981	3
8.981	3
8.981	3
8.981	6
8.982	5
8.982	3
8.984	3
8.984	4
8.984	3
8.984	5
8.985	4
8.985	4
8.986	4
8.986	3
8.987	3
8.987	5
8.987	4
8.987	3
8.988	6
8.988	4
8.989	4
8.989	4
8.99	5
8.992	5
8.993	5
8.993	3
8.993	3
8.993	5
8.995	4
8.996	4
8.996	3
8.996	5
8.997	5
8.997	3
8.998	5
9.001	4
9.002	3
9.002	3
9.004	4
9.004	6
9.004	4
9.004	3
9.005	4
9.013	3
9.014	5
9.014	4
9.015	5
9.015	4
9.016	3
9.022	4
9.027	4
9.028	3
9.03	4
9.03	4
9.034	3
9.037	3
9.039	5
9.045	4
9.046	5
9.051	4
9.054	3
9.058	5
9.068	3
9.116	3
9.118	3
9.118	3
9.118	3
9.118	6
9.119	5
9.119	3
9.121	3
9.121	4
9.121	3
9.121	5
9.122	4
9.122	4
9.123	4
9.123	3
9.124	3
9.124	5
9.124	4
9.124	3
9.125	6
9.125	4
9.126	4
9.126	3
9.127	5
9.127	3
9.129	5
9.129	3
9.129	3
9.129	3
9.129	6
9.13	5
9.13	3
9.13	3
9.13	5
9.13	5
9.13	3
9.132	4
9.132	3
9.132	4
9.132	3
9.132	5
9.133	4
9.133	3
9.133	5
9.133	4
9.133	4
9.134	5
9.134	3
9.134	4
9.134	3
9.135	5
9.135	3
9.135	5
9.135	4
9.135	3
9.136	6
9.136	4
9.137	4
9.137	3
9.138	4
9.138	5
9.139	3
9.139	3
9.14	5
9.141	4
9.141	6
9.141	4
9.141	3
9.141	5
9.141	3
9.141	3
9.141	5
9.142	4
9.143	4
9.144	3
9.144	3
9.144	5
9.145	5
9.145	3
9.146	5
9.149	4
9.15	3
9.15	3
9.15	3
9.151	5
9.151	4
9.152	5
9.152	4
9.152	4
9.152	6
9.152	4
9.152	3
9.153	3
9.153	4
9.159	4
9.161	3
9.162	5
9.162	4
9.163	5
9.163	4
9.164	4
9.164	3
9.165	3
9.167	4
9.167	4
9.17	4
9.171	3
9.174	3
9.175	4
9.176	5
9.176	3
9.178	4
9.178	4
9.182	4
9.182	3
9.183	5
9.185	3
9.187	5
9.188	4
9.191	3
9.193	4
9.194	5
9.195	5
9.199	4
9.202	3
9.205	3
9.206	5
9.216	3
9.342	3
9.344	3
9.344	3
9.344	3
9.344	6
9.345	4
9.345	3
9.347	3
9.347	4
9.347	3
9.347	5
9.348	4
9.348	4
9.349	4
9.349	3
9.35	3
9.35	5
9.35	4
9.35	3
9.351	6
9.351	4
9.352	4
9.352	3
9.353	5
9.355	5
9.356	5
9.356	3
9.356	3
9.356	5
9.358	4
9.359	3
9.359	3
9.359	5
9.36	5
9.36	3
9.361	5
9.364	4
9.365	3
9.365	3
9.367	4
9.367	6
9.367	4
9.367	3
9.368	4
9.376	3
9.377	5
9.377	4
9.378	5
9.378	4
9.379	3
9.385	4
9.39	4
9.391	3
9.393	4
9.393	4
9.397	3
9.4	3
9.402	5
9.408	4
9.409	5
9.414	4
9.417	3
9.421	5
9.431	3
9.68	3
9.682	3
9.682	3
9.682	3
9.682	6
9.683	4
9.683	3
9.685	3
9.685	4
9.685	3
9.685	5
9.686	4
9.686	4
9.687	4
9.687	3
9.688	3
9.688	4
9.688	4
9.688	3
9.689	6
9.689	4
9.69	4
9.69	3
9.691	5
9.693	5
9.694	5
9.694	3
9.694	3
9.694	5
9.696	4
9.697	3
9.697	3
9.697	5
9.698	5
9.698	3
9.699	5
9.702	4
9.703	3
9.703	3
9.705	4
9.705	6
9.705	4
9.705	3
9.706	4
9.714	3
9.715	5
9.715	4
9.716	5
9.716	4
9.717	3
9.723	4
9.728	4
9.729	3
9.731	4
9.731	4
9.735	3
9.738	3
9.74	5
9.746	4
9.747	5
9.751	3
9.752	4
9.753	3
9.753	3
9.753	3
9.753	6
9.754	4
9.754	3
9.755	3
9.756	3
9.756	4
9.756	3
9.756	5
9.757	4
9.757	4
9.758	4
9.758	3
9.759	5
9.759	3
9.759	4
9.759	4
9.759	3
9.76	6
9.76	4
9.761	4
9.761	3
9.762	5
9.764	5
9.765	5
9.765	3
9.765	3
9.765	5
9.767	4
9.768	3
9.768	3
9.768	5
9.769	3
9.769	5
9.769	3
9.77	5
9.773	4
9.774	3
9.774	3
9.776	4
9.776	6
9.776	4
9.776	3
9.777	4
9.785	3
9.786	5
9.786	4
9.787	5
9.787	4
9.788	3
9.794	4
9.799	4
9.8	3
9.802	4
9.802	4
9.806	3
9.809	3
9.811	5
9.817	4
9.818	5
9.823	4
9.826	3
9.83	4
9.84	3
9.998	3
10.0	3
10.0	3
10.0	3
10.0	6
10.001	4
10.001	3
10.003	3
10.003	4
10.003	3
10.003	5
10.004	4
10.004	4
10.005	4
10.005	3
10.006	3
10.006	4
10.006	4
10.006	3
10.007	6
10.007	4
10.008	4
10.008	3
10.009	5
10.011	5
10.012	5
10.012	3
10.012	3
10.012	5
10.014	4
10.015	3
10.015	3
10.015	5
10.016	5
10.016	3
10.017	5
10.02	4
10.021	3
10.021	3
10.022	3
10.023	4
10.023	6
10.023	4
10.023	3
10.024	4
10.024	3
10.024	3
10.024	3
10.024	6
10.025	4
10.025	3
10.027	3
10.027	4
10.027	3
10.027	5
10.028	4
10.028	4
10.029	4
10.029	3
10.03	3
10.03	4
10.03	4
10.03	3
10.031	6
10.031	4
10.032	3
10.032	4
10.032	3
10.033	5
10.033	4
10.033	5
10.034	5
10.034	4
10.035	3
10.035	5
10.036	5
10.036	3
10.036	3
10.036	5
10.038	4
10.039	3
10.039	3
10.039	5
10.04	5
10.04	3
10.041	4
10.041	5
10.044	4
10.045	3
10.045	3
10.046	3
10.047	3
10.047	4
10.047	6
10.047	4
10.047	3
10.048	4
10.049	4
10.049	4
10.053	3
10.056	3
10.056	3
10.057	5
10.057	4
10.058	5
10.058	5
10.058	4
10.059	3
10.064	4
10.065	5
10.065	4
10.07	4
10.07	3
10.071	3
10.073	3
10.073	4
10.073	3
10.077	4
10.077	3
10.08	3
10.082	5
10.087	3
10.088	4
10.089	5
10.094	4
10.097	3
10.101	4
10.111	3
10.117	3
10.119	3
10.119	3
10.119	3
10.119	6
10.12	4
10.12	3
10.122	3
10.122	3
10.122	3
10.122	5
10.123	4
10.123	4
10.124	4
10.124	3
10.125	3
10.125	4
10.125	4
10.125	3
10.126	6
10.126	4
10.127	4
10.127	3
10.128	5
10.129	3
10.13	5
10.131	5
10.131	3
10.131	3
10.131	5
10.131	3
10.131	3
10.131	3
10.131	6
10.132	4
10.132	3
10.133	4
10.134	3
10.134	3
10.134	5
10.134	3
10.134	3
10.134	3
10.134	5
10.135	5
10.135	3
10.135	4
10.135	4
10.136	5
10.136	4
10.136	3
10.137	3
10.137	4
10.137	4
10.137	3
10.138	6
10.138	4
10.139	4
10.139	4
10.139	3
10.14	3
10.14	3
10.14	5
10.142	4
10.142	6
10.142	4
10.142	3
10.142	5
10.143	4
10.143	5
10.143	3
10.143	3
10.143	5
10.145	4
10.146	3
10.146	3
10.146	5
10.147	5
10.147	3
10.148	5
10.151	3
10.151	4
10.152	5
10.152	4
10.152	3
10.152	3
10.153	5
10.153	4
10.154	3
10.154	4
10.154	6
10.154	4
10.154	3
10.155	4
10.16	4
10.163	3
10.164	5
10.164	4
10.165	3
10.165	5
10.165	4
10.166	3
10.166	3
10.168	4
10.168	3
10.172	3
10.172	4
10.175	3
10.177	5
10.177	3
10.178	3
10.18	4
10.18	3
10.183	4
10.184	5
10.184	3
10.187	3
10.189	4
10.189	5
10.192	3
10.195	4
10.196	4
10.196	4
10.201	4
10.204	3
10.206	3
10.208	4
10.218	3
10.305	3
10.307	3
10.307	3
10.307	3
10.307	6
10.308	4
10.308	3
10.31	3
10.31	3
10.31	3
10.31	5
10.311	4
10.311	4
10.312	4
10.312	3
10.313	3
10.313	4
10.313	4
10.313	3
10.314	6
10.314	4
10.315	4
10.315	3
10.316	5
10.318	5
10.319	5
10.319	3
10.319	3
10.319	5
10.321	4
10.322	3
10.322	3
10.322	5
10.323	5
10.323	3
10.324	5
10.327	4
10.328	3
10.328	3
10.33	4
10.33	6
10.33	4
10.33	3
10.331	4
10.339	3
10.34	5
10.34	3
10.341	5
10.341	4
10.342	3
10.348	4
10.353	3
10.354	3
10.356	4
10.356	3
10.36	3
10.363	3
10.365	5
10.371	4
10.372	4
10.377	4
10.38	3
10.384	4
10.394	3
10.471	3
10.473	3
10.473	3
10.473	3
10.473	6
10.474	4
10.474	3
10.476	3
10.476	3
10.476	3
10.476	5
10.477	4
10.477	4
10.478	4
10.478	3
10.479	3
10.479	4
10.479	4
10.479	3
10.48	6
10.48	4
10.481	4
10.481	3
10.482	5
10.484	5
10.485	5
10.485	3
10.485	3
10.485	5
10.487	4
10.488	3
10.488	3
10.488	5
10.489	5
10.489	3
10.49	5
10.493	4
10.494	3
10.494	3
10.496	4
10.496	6
10.496	4
10.496	3
10.497	4
10.505	3
10.506	5
10.506	3
10.507	5
10.507	4
10.508	3
10.514	4
10.519	3
10.52	3
10.522	4
10.522	3
10.526	3
10.529	3
10.531	5
10.537	3
10.538	4
10.543	4
10.546	3
10.55	4
10.56	3
10.572	3
10.574	3
10.574	3
10.574	3
10.574	6
10.575	4
10.575	3
10.577	3
10.577	3
10.577	3
10.577	5
10.578	4
10.578	4
10.579	4
10.579	3
10.58	3
10.58	4
10.58	4
10.58	3
10.581	6
10.581	4
10.582	4
10.582	3
10.583	5
10.585	5
10.586	5
10.586	3
10.586	3
10.586	5
10.588	4
10.589	3
10.589	3
10.589	5
10.59	5
10.59	3
10.591	5
10.594	4
10.595	3
10.595	3
10.597	4
10.597	6
10.597	4
10.597	3
10.598	4
10.606	3
10.607	5
10.607	3
10.608	5
10.608	4
10.609	3
10.615	4
10.62	3
10.621	3
10.623	4
10.623	3
10.627	3
10.63	3
10.632	5
10.638	3
10.639	4
10.644	4
10.647	3
10.651	3
10.661	3
10.739	3
10.741	3
10.741	3
10.741	3
10.741	6
10.742	4
10.742	3
10.744	3
10.744	3
10.744	3
10.744	5
10.745	4
10.745	4
10.746	4
10.746	3
10.747	3
10.747	4
10.747	4
10.747	3
10.748	5
10.748	4
10.749	4
10.749	3
10.75	5
10.752	5
10.753	5
10.753	3
10.753	3
10.753	5
10.755	4
10.756	3
10.756	3
10.756	5
10.757	5
10.757	3
10.758	5
10.761	4
10.762	3
10.762	3
10.764	4
10.764	6
10.764	4
10.764	3
10.765	4
10.773	3
10.774	5
10.774	3
10.775	5
10.775	4
10.776	3
10.782	4
10.787	3
10.788	3
10.79	4
10.79	3
10.794	3
10.797	3
10.799	5
10.805	3
10.806	4
10.811	4
10.814	3
10.818	3
10.828	3
10.972	3
10.974	3
10.974	3
10.974	3
10.974	6
10.975	4
10.975	3
10.977	3
10.977	3
10.977	3
10.977	5
10.978	4
10.978	4
10.979	4
10.979	3
10.98	3
10.98	4
10.98	4
10.98	3
10.981	5
10.981	3
10.982	4
10.982	3
10.983	5
10.985	5
10.986	5
10.986	3
10.986	3
10.986	5
10.988	4
10.989	3
10.989	3
10.989	5
10.99	5
10.99	3
10.991	5
10.994	4
10.995	3
10.995	3
10.997	4
10.997	6
10.997	4
10.997	3
10.998	4
11.006	3
11.007	5
11.007	3
11.008	5
11.008	4
11.009	3
11.015	4
11.02	3
11.021	3
11.023	4
11.023	3
11.027	3
11.03	3
11.032	5
11.038	3
11.039	4
11.044	4
11.047	3
11.051	3
11.061	3
11.367	3
11.369	3
11.369	3
11.369	3
11.369	6
11.37	4
11.37	3
11.372	3
11.372	3
11.372	3
11.372	5
11.373	4
11.373	4
11.374	3
11.374	3
11.375	3
11.375	4
11.375	4
11.375	3
11.376	5
11.376	3
11.377	4
11.377	3
11.378	5
11.38	5
11.381	5
11.381	3
11.381	3
11.381	5
11.383	4
11.384	3
11.384	3
11.384	5
11.385	5
11.385	3
11.386	5
11.389	4
11.39	3
11.39	3
11.392	4
11.392	6
11.392	4
11.392	3
11.393	4
11.401	3
11.402	5
11.402	3
11.403	5
11.403	4
11.404	3
11.41	4
11.415	3
11.416	3
11.418	4
11.418	3
11.422	3
11.424	3
11.425	3
11.426	3
11.426	3
11.426	3
11.426	6
11.427	5
11.427	4
11.427	3
11.429	3
11.429	3
11.429	3
11.429	5
11.43	4
11.43	4
11.431	3
11.431	3
11.432	3
11.432	4
11.432	3
11.432	3
11.433	3
11.433	5
11.433	3
11.434	4
11.434	4
11.434	3
11.435	5
11.437	5
11.438	5
11.438	3
11.438	3
11.438	5
11.439	4
11.439	3
11.44	4
11.441	3
11.441	3
11.441	5
11.441	3
11.441	3
11.441	3
11.441	6
11.442	3
11.442	5
11.442	3
11.442	4
11.442	3
11.443	5
11.444	3
11.444	3
11.444	3
11.444	5
11.445	4
11.445	4
11.446	3
11.446	4
11.446	3
11.446	3
11.447	3
11.447	3
11.447	3
11.447	4
11.447	3
11.447	3
11.448	5
11.448	3
11.449	4
11.449	6
11.449	4
11.449	3
11.449	3
11.449	3
11.45	4
11.45	5
11.452	5
11.453	5
11.453	3
11.453	3
11.453	5
11.455	4
11.456	3
11.456	3
11.456	3
11.456	5
11.457	5
11.457	3
11.458	3
11.458	5
11.459	5
11.459	3
11.46	5
11.46	4
11.461	3
11.461	4
11.462	3
11.462	3
11.464	4
11.464	6
11.464	4
11.464	3
11.465	4
11.467	4
11.472	3
11.473	3
11.473	3
11.474	5
11.474	3
11.475	4
11.475	3
11.475	5
11.475	4
11.476	3
11.479	3
11.482	3
11.482	4
11.484	5
11.487	3
11.488	3
11.49	3
11.49	4
11.49	3
11.491	4
11.494	3
11.496	4
11.497	3
11.499	3
11.499	5
11.503	3
11.505	3
11.506	4
11.511	4
11.513	3
11.514	3
11.518	3
11.528	3
11.669	3
11.671	3
11.671	3
11.671	3
11.671	6
11.672	4
11.672	3
11.674	3
11.674	3
11.674	3
11.674	5
11.675	4
11.675	4
11.676	3
11.676	3
11.677	3
11.677	4
11.677	3
11.677	3
11.678	5
11.678	3
11.679	3
11.679	3
11.68	5
11.682	5
11.683	5
11.683	3
11.683	3
11.683	5
11.685	4
11.686	3
11.686	3
11.686	5
11.687	5
11.687	3
11.688	5
11.691	4
11.692	3
11.692	3
11.694	4
11.694	6
11.694	4
11.694	3
11.695	3
11.703	3
11.704	5
11.704	3
11.705	5
11.705	4
11.706	3
11.712	4
11.717	3
11.718	3
11.72	4
11.72	3
11.724	3
11.727	3
11.729	5
11.735	3
11.736	4
11.741	4
11.744	3
11.748	3
11.758	3
11.865	3
11.867	3
11.867	3
11.867	3
11.867	6
11.868	4
11.868	3
11.87	3
11.87	3
11.87	3
11.87	5
11.871	4
11.871	4
11.872	3
11.872	3
11.873	3
11.873	4
11.873	3
11.873	3
11.874	5
11.874	3
11.875	3
11.875	3
11.876	5
11.878	5
11.879	5
11.879	3
11.879	3
11.879	5
11.881	3
11.882	3
11.882	3
11.882	5
11.883	5
11.883	3
11.884	5
11.887	4
11.888	3
11.888	3
11.89	4
11.89	6
11.89	4
11.89	3
11.891	3
11.899	3
11.9	5
11.9	3
11.901	5
11.901	4
11.902	3
11.908	4
11.913	3
11.914	3
11.916	4
11.916	3
11.92	3
11.923	3
11.925	5
11.931	3
11.932	4
11.937	4
11.94	3
11.944	3
11.954	3
12.309	3
12.311	3
12.311	3
12.311	3
12.311	6
12.312	4
12.312	3
12.314	3
12.314	3
12.314	3
12.314	5
12.315	4
12.315	4
12.316	3
12.316	3
12.317	3
12.317	4
12.317	3
12.317	3
12.318	4
12.318	3
12.319	3
12.319	3
12.32	5
12.322	5
12.323	5
12.323	3
12.323	3
12.323	5
12.325	3
12.326	3
12.326	3
12.326	5
12.327	5
12.327	3
12.328	5
12.331	4
12.332	3
12.332	3
12.334	4
12.334	6
12.334	4
12.334	3
12.335	3
12.343	3
12.344	5
12.344	3
12.345	5
12.345	4
12.346	3
12.352	4
12.357	3
12.358	3
12.36	4
12.36	3
12.364	3
12.367	3
12.369	5
12.375	3
12.376	4
12.381	4
12.384	3
12.388	3
12.398	3
12.556	3
12.558	3
12.558	3
12.558	3
12.558	6
12.559	4
12.559	3
12.561	3
12.561	3
12.561	3
12.561	5
12.562	4
12.562	4
12.563	3
12.563	3
12.564	3
12.564	4
12.564	3
12.564	3
12.565	4
12.565	3
12.566	3
12.566	3
12.567	5
12.569	5
12.57	5
12.57	3
12.57	3
12.57	4
12.572	3
12.573	3
12.573	3
12.573	5
12.574	5
12.574	3
12.575	5
12.578	4
12.579	3
12.579	3
12.581	4
12.581	6
12.581	4
12.581	3
12.582	3
12.59	3
12.591	5
12.591	3
12.592	5
12.592	4
12.593	3
12.598	3
12.599	4
12.6	3
12.6	3
12.6	3
12.6	6
12.601	4
12.601	3
12.603	3
12.603	3
12.603	3
12.603	4
12.604	3
12.604	4
12.604	4
12.605	3
12.605	3
12.605	3
12.606	3
12.606	4
12.606	3
12.606	3
12.607	4
12.607	3
12.607	4
12.607	3
12.608	3
12.608	3
12.609	5
12.611	3
12.611	5
12.612	5
12.612	3
12.612	3
12.612	4
12.614	3
12.614	3
12.614	3
12.615	3
12.615	3
12.615	5
12.616	5
12.616	5
12.616	3
12.616	3
12.616	3
12.616	3
12.616	6
12.617	5
12.617	4
12.617	3
12.619	3
12.619	3
12.619	3
12.619	4
12.62	4
12.62	4
12.62	4
12.621	3
12.621	3
12.621	3
12.621	3
12.622	3
12.622	3
12.622	4
12.622	3
12.622	3
12.623	4
12.623	4
12.623	6
12.623	4
12.623	3
12.623	4
12.623	3
12.624	3
12.624	3
12.624	3
12.625	4
12.627	5
12.628	4
12.628	5
12.628	3
12.628	3
12.628	4
12.63	3
12.631	3
12.631	3
12.631	3
12.631	5
12.632	3
12.632	5
12.632	3
12.633	5
12.633	3
12.633	5
12.634	5
12.634	4
12.635	3
12.635	3
12.636	4
12.637	3
12.637	3
12.639	4
12.639	6
12.639	4
12.639	3
12.64	3
12.641	4
12.645	3
12.646	3
12.647	3
12.648	3
12.649	4
12.649	3
12.649	5
12.649	3
12.65	5
12.65	4
12.651	3
12.653	3
12.656	3
12.657	4
12.658	5
12.662	3
12.663	3
12.664	3
12.665	4
12.665	4
12.665	3
12.669	3
12.67	4
12.672	3
12.673	3
12.674	5
12.677	3
12.68	3
12.681	4
12.686	4
12.687	3
12.689	3
12.693	3
12.703	3
12.731	3
12.733	3
12.733	3
12.733	3
12.733	6
12.734	4
12.734	3
12.736	3
12.736	3
12.736	3
12.736	4
12.737	4
12.737	4
12.737	3
12.738	3
12.738	3
12.739	3
12.739	4
12.739	3
12.739	3
12.739	3
12.739	3
12.739	3
12.739	5
12.74	4
12.74	3
12.74	4
12.74	3
12.741	3
12.741	3
12.742	4
12.742	3
12.742	3
12.742	3
12.742	4
12.743	4
12.743	4
12.744	5
12.744	3
12.744	3
12.745	5
12.745	3
12.745	3
12.745	4
12.745	3
12.745	4
12.745	3
12.745	3
12.746	4
12.746	3
12.747	3
12.747	3
12.747	3
12.748	3
12.748	3
12.748	5
12.748	4
12.749	5
12.749	3
12.75	5
12.75	5
12.751	5
12.751	3
12.751	3
12.751	4
12.753	4
12.753	3
12.754	3
12.754	3
12.754	3
12.754	3
12.754	5
12.755	5
12.755	3
12.756	4
12.756	6
12.756	4
12.756	3
12.756	5
12.757	3
12.759	4
12.76	3
12.76	3
12.762	4
12.762	6
12.762	4
12.762	3
12.763	3
12.765	3
12.766	5
12.766	3
12.767	4
12.767	4
12.768	3
12.771	3
12.772	5
12.772	3
12.773	4
12.773	4
12.774	4
12.774	3
12.779	3
12.78	3
12.78	4
12.782	4
12.782	3
12.785	3
12.786	3
12.786	3
12.788	4
12.788	3
12.789	3
12.791	5
12.792	3
12.795	3
12.797	3
12.797	5
12.798	4
12.8	3
12.802	3
12.802	3
12.802	3
12.802	5
12.803	4
12.803	3
12.803	4
12.803	3
12.804	4
12.805	3
12.805	3
12.805	3
12.805	4
12.806	3
12.806	4
12.806	3
12.807	3
12.807	3
12.808	3
12.808	4
12.808	3
12.808	3
12.809	4
12.809	4
12.809	3
12.81	3
12.81	3
12.81	3
12.811	4
12.812	3
12.813	5
12.814	5
12.814	3
12.814	3
12.814	4
12.816	3
12.816	3
12.817	3
12.817	3
12.817	5
12.818	5
12.818	3
12.819	5
12.82	3
12.822	4
12.823	3
12.823	3
12.825	4
12.825	6
12.825	4
12.825	3
12.826	3
12.826	3
12.834	3
12.834	3
12.835	5
12.835	3
12.836	4
12.836	4
12.836	3
12.836	3
12.836	3
12.836	5
12.837	3
12.837	4
12.837	3
12.839	3
12.839	3
12.839	3
12.839	4
12.84	4
12.84	3
12.841	3
12.841	3
12.842	3
12.842	4
12.842	3
12.842	3
12.843	4
12.843	4
12.843	3
12.844	3
12.844	3
12.845	4
12.847	5
12.848	3
12.848	5
12.848	3
12.848	3
12.848	4
12.849	3
12.85	3
12.851	4
12.851	3
12.851	3
12.851	3
12.851	5
12.852	5
12.852	3
12.853	5
12.855	3
12.856	3
12.857	3
12.857	3
12.858	3
12.859	4
12.859	6
12.859	4
12.859	3
12.86	5
12.86	3
12.866	3
12.867	4
12.868	3
12.869	5
12.869	3
12.87	4
12.87	4
12.871	3
12.872	4
12.875	3
12.877	4
12.879	3
12.882	3
12.883	3
12.885	4
12.885	3
12.889	3
12.889	3
12.892	3
12.894	5
12.9	3
12.901	4
12.906	4
12.909	3
12.913	3
12.923	3
13.014	3
13.016	3
13.016	3
13.016	3
13.016	5
13.017	4
13.017	3
13.019	3
13.019	3
13.019	3
13.019	4
13.02	4
13.02	3
13.021	3
13.021	3
13.022	3
13.022	4
13.022	3
13.022	3
13.023	4
13.023	3
13.024	3
13.024	3
13.025	3
13.027	5
13.028	5
13.028	3
13.028	3
13.028	4
13.03	3
13.031	3
13.031	3
13.031	5
13.032	5
13.032	3
13.033	5
13.036	3
13.037	3
13.037	3
13.039	4
13.039	6
13.039	4
13.039	3
13.04	3
13.048	3
13.049	5
13.049	3
13.05	4
13.05	4
13.051	3
13.057	4
13.062	3
13.063	3
13.065	4
13.065	3
13.069	3
13.072	3
13.074	5
13.08	3
13.081	4
13.086	4
13.089	3
13.093	3
13.103	3
13.239	3
13.241	3
13.241	3
13.241	3
13.241	5
13.242	4
13.242	3
13.244	3
13.244	3
13.244	3
13.244	4
13.245	4
13.245	3
13.246	3
13.246	3
13.247	3
13.247	4
13.247	3
13.247	3
13.248	4
13.248	3
13.249	3
13.249	3
13.25	3
13.252	5
13.253	5
13.253	3
13.253	3
13.253	4
13.255	3
13.256	3
13.256	3
13.256	5
13.257	5
13.257	3
13.258	5
13.261	3
13.262	3
13.262	3
13.264	4
13.264	6
13.264	4
13.264	3
13.265	3
13.273	3
13.274	5
13.274	3
13.275	4
13.275	4
13.276	3
13.282	4
13.287	3
13.288	3
13.29	3
13.29	3
13.294	3
13.297	3
13.299	5
13.305	3
13.306	4
13.311	4
13.314	3
13.318	3
13.32	3
13.322	3
13.322	3
13.322	3
13.322	5
13.323	4
13.323	3
13.325	3
13.325	3
13.325	3
13.325	4
13.326	3
13.326	3
13.327	3
13.327	3
13.328	3
13.328	3
13.328	4
13.328	3
13.328	3
13.329	4
13.329	3
13.33	3
13.33	3
13.331	3
13.333	5
13.334	5
13.334	3
13.334	3
13.334	4
13.336	3
13.337	3
13.337	3
13.337	5
13.338	5
13.338	3
13.339	5
13.342	3
13.343	3
13.343	3
13.345	4
13.345	6
13.345	4
13.345	3
13.346	3
13.354	3
13.355	5
13.355	3
13.356	4
13.356	4
13.357	3
13.363	4
13.368	3
13.369	3
13.371	3
13.371	3
13.375	3
13.378	3
13.38	5
13.386	3
13.387	4
13.389	3
13.391	3
13.391	3
13.391	3
13.391	5
13.392	4
13.392	4
13.392	3
13.394	3
13.394	3
13.394	3
13.394	4
13.395	3
13.395	3
13.395	3
13.396	3
13.396	3
13.397	3
13.397	4
13.397	3
13.397	3
13.398	4
13.398	3
13.399	3
13.399	3
13.399	3
13.4	3
13.402	5
13.403	5
13.403	3
13.403	3
13.403	4
13.405	3
13.406	3
13.406	3
13.406	5
13.407	4
13.407	3
13.408	5
13.409	3
13.411	3
13.412	3
13.412	3
13.414	4
13.414	6
13.414	4
13.414	3
13.415	3
13.416	3
13.418	3
13.418	3
13.418	3
13.418	5
13.419	4
13.419	3
13.421	3
13.421	3
13.421	3
13.421	4
13.422	3
13.422	3
13.423	3
13.423	3
13.423	3
13.424	5
13.424	3
13.424	3
13.424	4
13.424	3
13.424	3
13.425	4
13.425	4
13.425	4
13.425	3
13.426	3
13.426	3
13.426	3
13.427	3
13.429	5
13.43	5
13.43	3
13.43	3
13.43	4
13.432	4
13.432	3
13.433	3
13.433	3
13.433	5
13.434	4
13.434	3
13.435	5
13.437	3
13.438	3
13.438	3
13.439	3
13.439	3
13.44	3
13.44	3
13.441	4
13.441	6
13.441	4
13.441	3
13.442	3
13.444	3
13.447	3
13.449	5
13.45	3
13.451	5
13.451	3
13.452	4
13.452	4
13.453	3
13.455	3
13.456	4
13.459	4
13.461	4
13.464	3
13.464	3
13.465	3
13.467	3
13.467	3
13.468	3
13.471	3
13.474	3
13.476	4
13.478	3
13.482	3
13.483	4
13.488	4
13.491	3
13.495	3
13.505	3
13.794	3
13.796	3
13.796	3
13.796	3
13.796	5
13.797	4
13.797	3
13.799	3
13.799	3
13.799	3
13.799	4
13.8	3
13.8	3
13.801	3
13.801	3
13.802	3
13.802	4
13.802	3
13.802	3
13.803	4
13.803	3
13.804	3
13.804	3
13.805	3
13.807	5
13.808	5
13.808	3
13.808	3
13.808	4
13.81	3
13.811	3
13.811	3
13.811	5
13.812	4
13.812	3
13.813	5
13.816	3
13.817	3
13.817	3
13.819	3
13.819	6
13.819	4
13.819	3
13.82	3
13.828	3
13.829	5
13.829	3
13.83	4
13.83	4
13.831	3
13.837	4
13.842	3
13.843	3
13.845	3
13.845	3
13.849	3
13.852	3
13.854	4
13.86	3
13.861	4
13.866	4
13.869	3
13.873	3
13.883	3
14.033	3
14.035	3
14.035	3
14.035	3
14.035	5
14.036	4
14.036	3
14.038	3
14.038	3
14.038	3
14.038	3
14.039	3
14.039	3
14.04	3
14.04	3
14.041	3
14.041	4
14.041	3
14.041	3
14.042	4
14.042	3
14.043	3
14.043	3
14.044	3
14.046	5
14.047	5
14.047	3
14.047	3
14.047	4
14.049	3
14.05	3
14.05	3
14.05	5
14.051	4
14.051	3
14.052	5
14.055	3
14.056	3
14.056	3
14.058	3
14.058	6
14.058	4
14.058	3
14.059	3
14.067	3
14.068	5
14.068	3
14.069	4
14.069	4
14.07	3
14.076	4
14.081	3
14.082	3
14.084	3
14.084	3
14.088	3
14.091	3
14.093	4
14.099	3
14.1	4
14.105	4
14.108	3
14.112	3
14.122	3
14.184	3
14.186	3
14.186	3
14.186	3
14.186	5
14.187	4
14.187	3
14.189	3
14.189	3
14.189	3
14.189	3
14.19	3
14.19	3
14.191	3
14.191	3
14.192	3
14.192	4
14.192	3
14.192	3
14.193	4
14.193	3
14.194	3
14.194	3
14.195	3
14.197	5
14.198	5
14.198	3
14.198	3
14.198	4
14.2	3
14.201	3
14.201	3
14.201	5
14.202	4
14.202	3
14.203	4
14.206	3
14.207	3
14.207	3
14.209	3
14.209	6
14.209	4
14.209	3
14.21	3
14.218	3
14.219	5
14.219	3
14.22	4
14.22	4
14.221	3
14.227	4
14.232	3
14.233	3
14.235	3
14.235	3
14.239	3
14.242	3
14.244	4
14.25	3
14.251	4
14.256	4
14.259	3
14.263	3
14.273	3
14.553	3
14.555	3
14.555	3
14.555	3
14.555	5
14.556	4
14.556	3
14.558	3
14.558	3
14.558	3
14.558	3
14.559	3
14.559	3
14.56	3
14.56	3
14.561	3
14.561	4
14.561	3
14.561	3
14.562	4
14.562	3
14.563	3
14.563	3
14.564	3
14.566	5
14.567	5
14.567	3
14.567	3
14.567	4
14.569	3
14.57	3
14.57	3
14.57	5
14.571	4
14.571	3
14.572	4
14.575	3
14.576	3
14.576	3
14.578	3
14.578	6
14.578	4
14.578	3
14.579	3
14.587	3
14.588	5
14.588	3
14.589	4
14.589	3
14.59	3
14.596	4
14.601	3
14.602	3
14.604	3
14.604	3
14.608	3
14.611	3
14.613	4
14.619	3
14.62	4
14.625	4
14.628	3
14.632	3
14.642	3
15.184	3
15.186	3
15.186	3
15.186	3
15.186	5
15.187	4
15.187	3
15.189	3
15.189	3
15.189	3
15.189	3
15.19	3
15.19	3
15.191	3
15.191	3
15.192	3
15.192	4
15.192	3
15.192	3
15.193	4
15.193	3
15.194	3
15.194	3
15.195	3
15.197	5
15.198	5
15.198	3
15.198	3
15.198	4
15.2	3
15.201	3
15.201	3
15.201	5
15.202	4
15.202	3
15.203	4
15.206	3
15.207	3
15.207	3
15.209	3
15.209	6
15.209	4
15.209	3
15.21	3
15.218	3
15.219	4
15.219	3
15.22	4
15.22	3
15.221	3
15.227	4
15.232	3
15.233	3
15.235	3
15.235	3
15.239	3
15.242	3
15.244	4
15.25	3
15.251	4
15.256	4
15.259	3
15.263	3
15.273	3
15.46	3
15.462	3
15.462	3
15.462	3
15.462	5
15.463	4
15.463	3
15.465	3
15.465	3
15.465	3
15.465	3
15.466	3
15.466	3
15.467	3
15.467	3
15.468	3
15.468	4
15.468	3
15.468	3
15.469	4
15.469	3
15.47	3
15.47	3
15.471	3
15.473	5
15.474	5
15.474	3
15.474	3
15.474	4
15.476	3
15.477	3
15.477	3
15.477	5
15.478	4
15.478	3
15.479	4
15.482	3
15.483	3
15.483	3
15.485	3
15.485	6
15.485	4
15.485	3
15.486	3
15.494	3
15.495	3
15.495	3
15.496	4
15.496	3
15.497	3
15.503	4
15.508	3
15.509	3
15.511	3
15.511	3
15.515	3
15.518	3
15.52	4
15.525	3
15.526	3
15.527	4
15.527	3
15.527	3
15.527	3
15.527	5
15.528	4
15.528	3
15.53	3
15.53	3
15.53	3
15.53	3
15.531	3
15.531	3
15.532	4
15.532	3
15.532	3
15.533	3
15.533	3
15.533	3
15.533	3
15.534	4
15.534	3
15.535	3
15.535	3
15.535	3
15.536	3
15.538	5
15.539	3
15.539	5
15.539	3
15.539	3
15.539	4
15.541	3
15.542	3
15.542	3
15.542	5
15.543	4
15.543	3
15.544	4
15.547	3
15.548	3
15.548	3
15.549	3
15.55	3
15.55	6
15.55	4
15.55	3
15.551	3
15.559	3
15.56	3
15.56	3
15.561	4
15.561	3
15.562	3
15.568	4
15.573	3
15.574	3
15.576	3
15.576	3
15.58	3
15.583	3
15.585	4
15.591	3
15.592	4
15.597	4
15.6	3
15.604	3
15.614	3
15.719	3
15.721	3
15.721	3
15.721	3
15.721	5
15.722	3
15.722	3
15.724	3
15.724	3
15.724	3
15.724	3
15.725	3
15.725	3
15.726	3
15.726	3
15.727	3
15.727	3
15.727	3
15.727	3
15.728	4
15.728	3
15.729	3
15.729	3
15.73	3
15.732	5
15.733	5
15.733	3
15.733	3
15.733	4
15.735	3
15.736	3
15.736	3
15.736	5
15.737	4
15.737	3
15.738	4
15.741	3
15.742	3
15.742	3
15.744	3
15.744	6
15.744	4
15.744	3
15.745	3
15.753	3
15.754	3
15.754	3
15.755	4
15.755	3
15.756	3
15.762	4
15.767	3
15.768	3
15.77	3
15.77	3
15.774	3
15.777	3
15.779	4
15.785	3
15.786	4
15.791	4
15.794	3
15.798	3
15.808	3
16.275	3
16.277	3
16.277	3
16.277	3
16.277	5
16.278	3
16.278	3
16.28	3
16.28	3
16.28	3
16.28	3
16.281	3
16.281	3
16.282	3
16.282	3
16.283	3
16.283	3
16.283	3
16.283	3
16.284	4
16.284	3
16.285	3
16.285	3
16.286	3
16.288	5
16.289	5
16.289	3
16.289	3
16.289	4
16.291	3
16.291	3
16.292	3
16.292	3
16.292	5
16.293	4
16.293	3
16.293	3
16.293	3
16.293	3
16.293	5
16.294	4
16.294	3
16.294	3
16.296	3
16.296	3
16.296	3
16.296	3
16.297	3
16.297	3
16.297	3
16.298	3
16.298	3
16.298	3
16.298	3
16.299	3
16.299	3
16.299	3
16.299	3
16.3	3
16.3	5
16.3	4
16.3	3
16.3	4
16.3	3
16.301	3
16.301	3
16.301	3
16.302	3
16.304	5
16.305	5
16.305	3
16.305	3
16.305	4
16.307	3
16.308	3
16.308	3
16.308	5
16.309	3
16.309	4
16.309	3
16.31	3
16.31	3
16.31	4
16.311	4
16.311	3
16.312	3
16.313	3
16.314	3
16.314	3
16.316	3
16.316	5
16.316	3
16.316	3
16.317	3
16.318	4
16.323	3
16.324	3
16.325	3
16.326	3
16.326	3
16.326	3
16.326	3
16.327	4
16.327	3
16.328	3
16.33	3
16.333	3
16.334	4
16.335	4
16.339	3
16.34	3
16.341	3
16.342	4
16.342	3
16.342	3
16.346	3
16.347	4
16.349	3
16.35	3
16.351	4
16.354	3
16.357	3
16.358	4
16.363	4
16.364	3
16.366	3
16.37	3
16.38	3
16.523	3
16.525	3
16.525	3
16.525	3
16.525	5
16.526	3
16.526	3
16.528	3
16.528	3
16.528	3
16.528	3
16.529	3
16.529	3
16.53	3
16.53	3
16.531	3
16.531	3
16.531	3
16.531	3
16.532	4
16.532	3
16.533	3
16.533	3
16.534	3
16.536	5
16.537	5
16.537	3
16.537	3
16.537	4
16.539	3
16.54	3
16.54	3
16.54	5
16.541	4
16.541	3
16.542	4
16.545	3
16.546	3
16.546	3
16.548	3
16.548	5
16.548	3
16.548	3
16.549	3
16.557	3
16.558	3
16.558	3
16.559	4
16.559	3
16.56	3
16.566	4
16.571	3
16.572	3
16.574	3
16.574	3
16.578	3
16.581	3
16.583	4
16.589	3
16.59	4
16.595	3
16.598	3
16.602	3
16.612	3
16.727	3
16.729	3
16.729	3
16.729	3
16.729	5
16.73	3
16.73	3
16.732	3
16.732	3
16.732	3
16.732	3
16.733	3
16.733	3
16.734	3
16.734	3
16.735	3
16.735	3
16.735	3
16.735	3
16.736	3
16.736	3
16.737	3
16.737	3
16.738	3
16.74	5
16.741	5
16.741	3
16.741	3
16.741	4
16.742	3
16.743	3
16.744	3
16.744	3
16.744	5
16.744	3
16.744	3
16.744	3
16.744	4
16.745	4
16.745	3
16.745	3
16.745	3
16.746	4
16.747	3
16.747	3
16.747	3
16.747	3
16.748	3
16.748	3
16.749	3
16.749	3
16.749	3
16.75	3
16.75	3
16.75	3
16.75	3
16.75	3
16.75	3
16.751	3
16.751	3
16.752	3
16.752	5
16.752	3
16.752	3
16.752	3
16.752	3
16.753	3
16.753	3
16.755	5
16.756	5
16.756	3
16.756	3
16.756	4
16.758	3
16.759	3
16.759	3
16.759	5
16.76	4
16.76	3
16.761	3
16.761	4
16.762	3
16.762	3
16.763	4
16.763	3
16.764	3
16.764	3
16.765	3
16.765	3
16.767	3
16.767	5
16.767	3
16.767	3
16.768	3
16.77	4
16.775	3
16.776	3
16.776	3
16.777	3
16.777	3
16.778	3
16.778	3
16.778	4
16.778	3
16.779	3
16.782	3
16.785	3
16.785	4
16.787	4
16.79	3
16.791	3
16.793	3
16.793	3
16.793	3
16.794	4
16.797	3
16.799	3
16.8	3
16.802	3
16.802	4
16.806	3
16.808	3
16.809	4
16.814	3
16.816	3
16.817	3
16.821	3
16.831	3
17.154	3
17.156	3
17.156	3
17.156	3
17.156	4
17.157	3
17.157	3
17.159	3
17.159	3
17.159	3
17.159	3
17.16	3
17.16	3
17.161	3
17.161	3
17.162	3
17.162	3
17.162	3
17.162	3
17.163	3
17.163	3
17.164	3
17.164	3
17.165	3
17.167	5
17.168	5
17.168	3
17.168	3
17.168	4
17.17	3
17.171	3
17.171	3
17.171	5
17.172	4
17.172	3
17.173	4
17.176	3
17.177	3
17.177	3
17.179	3
17.179	5
17.179	3
17.179	3
17.18	3
17.188	3
17.189	3
17.189	3
17.19	3
17.19	3
17.191	3
17.197	4
17.198	3
17.2	3
17.2	3
17.2	3
17.2	4
17.201	3
17.201	3
17.202	3
17.203	3
17.203	3
17.203	3
17.203	3
17.203	3
17.204	3
17.204	3
17.205	3
17.205	3
17.205	3
17.205	3
17.206	3
17.206	3
17.206	3
17.206	3
17.207	3
17.207	3
17.208	3
17.208	3
17.209	3
17.209	3
17.211	5
17.212	3
17.212	5
17.212	3
17.212	3
17.212	3
17.214	4
17.214	3
17.215	3
17.215	3
17.215	5
17.216	4
17.216	3
17.217	4
17.22	3
17.22	3
17.221	4
17.221	3
17.221	3
17.223	3
17.223	5
17.223	3
17.223	3
17.224	3
17.226	3
17.229	3
17.232	3
17.233	3
17.233	3
17.233	3
17.234	3
17.234	3
17.235	3
17.241	4
17.243	3
17.246	3
17.247	3
17.249	3
17.249	3
17.253	3
17.256	3
17.258	4
17.264	3
17.265	4
17.27	3
17.273	3
17.277	3
17.287	3
17.34	3
17.342	3
17.342	3
17.342	3
17.342	4
17.343	3
17.343	3
17.345	3
17.345	3
17.345	3
17.345	3
17.346	3
17.346	3
17.347	3
17.347	3
17.348	3
17.348	3
17.348	3
17.348	3
17.349	3
17.349	3
17.35	3
17.35	3
17.351	3
17.353	5
17.354	5
17.354	3
17.354	3
17.354	3
17.356	3
17.357	3
17.357	3
17.357	5
17.358	3
17.358	3
17.359	4
17.362	3
17.363	3
17.363	3
17.365	3
17.365	5
17.365	3
17.365	3
17.366	3
17.374	3
17.375	3
17.375	3
17.376	3
17.376	3
17.377	3
17.383	4
17.388	3
17.389	3
17.391	3
17.391	3
17.395	3
17.398	3
17.4	4
17.406	3
17.407	4
17.412	3
17.415	3
17.419	3
17.429	3
17.436	3
17.438	3
17.438	3
17.438	3
17.438	4
17.439	3
17.439	3
17.441	3
17.441	3
17.441	3
17.441	3
17.442	3
17.442	3
17.443	3
17.443	3
17.444	3
17.444	3
17.444	3
17.444	3
17.445	3
17.445	3
17.446	3
17.446	3
17.447	3
17.449	5
17.45	5
17.45	3
17.45	3
17.45	3
17.452	3
17.453	3
17.453	3
17.453	5
17.454	3
17.454	3
17.455	4
17.458	3
17.459	3
17.459	3
17.461	3
17.461	4
17.461	3
17.461	3
17.462	3
17.47	3
17.471	3
17.471	3
17.472	3
17.472	3
17.473	3
17.479	4
17.484	3
17.485	3
17.487	3
17.487	3
17.491	3
17.494	3
17.496	4
17.502	3
17.503	4
17.508	3
17.511	3
17.515	3
17.525	3
17.762	3
17.764	3
17.764	3
17.764	3
17.764	4
17.765	3
17.765	3
17.767	3
17.767	3
17.767	3
17.767	3
17.768	3
17.768	3
17.769	3
17.769	3
17.77	3
17.77	3
17.77	3
17.77	3
17.771	3
17.771	3
17.772	3
17.772	3
17.773	3
17.775	5
17.776	5
17.776	3
17.776	3
17.776	3
17.778	3
17.779	3
17.779	3
17.779	5
17.78	3
17.78	3
17.781	4
17.784	3
17.785	3
17.785	3
17.787	3
17.787	4
17.787	3
17.787	3
17.788	3
17.796	3
17.797	3
17.797	3
17.798	3
17.798	3
17.799	3
17.8	3
17.802	3
17.802	3
17.802	3
17.802	4
17.803	3
17.803	3
17.805	3
17.805	3
17.805	3
17.805	3
17.805	3
17.806	3
17.806	3
17.807	3
17.807	3
17.808	3
17.808	3
17.808	3
17.808	3
17.809	3
17.809	3
17.81	3
17.81	3
17.81	3
17.811	3
17.811	3
17.813	3
17.813	3
17.813	5
17.814	5
17.814	3
17.814	3
17.814	3
17.816	3
17.817	3
17.817	3
17.817	3
17.817	5
17.818	2
17.818	3
17.819	4
17.82	3
17.822	4
17.822	3
17.823	3
17.823	3
17.825	3
17.825	4
17.825	3
17.825	3
17.826	3
17.828	3
17.829	4
17.834	3
17.834	3
17.835	3
17.835	3
17.836	3
17.836	3
17.837	3
17.837	3
17.841	3
17.843	3
17.848	3
17.849	3
17.851	3
17.851	3
17.851	3
17.855	3
17.858	3
17.86	4
17.866	3
17.867	4
17.872	3
17.875	3
17.879	3
17.889	3
17.902	3
17.904	3
17.904	3
17.904	3
17.904	4
17.905	3
17.905	3
17.907	3
17.907	3
17.907	3
17.907	3
17.908	3
17.908	3
17.909	3
17.909	3
17.91	3
17.91	3
17.91	3
17.91	3
17.911	3
17.911	3
17.912	3
17.912	3
17.913	3
17.915	4
17.916	5
17.916	3
17.916	3
17.916	3
17.918	3
17.919	3
17.919	3
17.919	5
17.92	2
17.92	3
17.921	4
17.924	3
17.925	3
17.925	3
17.927	3
17.927	4
17.927	3
17.927	3
17.928	3
17.936	3
17.937	3
17.937	3
17.938	3
17.938	3
17.939	3
17.945	3
17.95	3
17.951	3
17.953	3
17.953	3
17.957	3
17.96	3
17.962	4
17.968	3
17.969	4
17.974	3
17.977	3
17.981	3
17.989	3
17.991	3
17.991	3
17.991	3
17.991	3
17.991	4
17.992	3
17.992	3
17.994	3
17.994	3
17.994	3
17.994	3
17.995	3
17.995	3
17.996	3
17.996	3
17.997	3
17.997	3
17.997	3
17.997	3
17.998	3
17.998	3
17.999	3
17.999	3
18.0	3
18.0	3
18.0	3
18.002	4
18.002	3
18.002	3
18.002	3
18.002	3
18.002	3
18.002	3
18.002	4
18.002	4
18.003	5
18.003	3
18.003	3
18.003	3
18.003	3
18.003	3
18.003	3
18.003	3
18.005	3
18.005	3
18.005	3
18.005	3
18.005	3
18.005	3
18.005	3
18.005	3
18.005	3
18.006	3
18.006	3
18.006	5
18.006	3
18.006	3
18.006	3
18.006	3
18.007	3
18.007	3
18.007	3
18.007	3
18.007	3
18.007	3
18.008	4
18.008	3
18.008	3
18.008	3
18.008	3
18.008	3
18.008	3
18.008	3
18.008	3
18.009	3
18.009	3
18.009	3
18.009	3
18.01	3
18.01	3
18.01	3
18.01	3
18.011	3
18.011	3
18.011	3
18.012	3
18.012	3
18.013	4
18.013	4
18.014	3
18.014	4
18.014	3
18.014	3
18.014	5
18.014	5
18.014	3
18.014	3
18.014	3
18.014	3
18.014	3
18.014	3
18.015	3
18.016	3
18.016	3
18.017	3
18.017	3
18.017	3
18.017	3
18.017	5
18.017	5
18.018	3
18.018	4
18.018	3
18.018	3
18.019	3
18.019	3
18.022	3
18.022	3
18.023	3
18.023	3
18.023	3
18.023	3
18.023	3
18.024	3
18.024	3
18.025	3
18.025	3
18.025	3
18.025	3
18.025	4
18.025	4
18.025	3
18.025	3
18.025	3
18.025	3
18.026	3
18.026	3
18.026	3
18.032	3
18.034	3
18.034	3
18.035	3
18.035	3
18.035	3
18.035	3
18.036	3
18.036	3
18.036	3
18.036	3
18.037	3
18.037	3
18.037	3
18.038	3
18.04	3
18.04	3
18.043	3
18.043	3
18.044	3
18.047	3
18.048	3
18.048	3
18.049	4
18.049	3
18.049	3
18.051	3
18.051	3
18.051	3
18.051	3
18.055	3
18.055	3
18.055	3
18.056	4
18.058	3
18.058	3
18.06	4
18.06	4
18.061	3
18.064	3
18.066	3
18.066	3
18.067	4
18.067	4
18.068	3
18.072	3
18.072	3
18.075	3
18.075	3
18.078	3
18.079	3
18.079	3
18.089	3
18.089	3
18.264	3
18.266	3
18.266	3
18.266	3
18.266	4
18.267	3
18.267	3
18.269	3
18.269	3
18.269	3
18.269	3
18.27	3
18.27	3
18.271	3
18.271	3
18.272	3
18.272	3
18.272	3
18.272	3
18.273	3
18.273	3
18.274	3
18.274	3
18.275	3
18.277	4
18.278	5
18.278	3
18.278	3
18.278	3
18.28	3
18.281	3
18.281	3
18.281	5
18.282	4
18.282	3
18.283	3
18.286	3
18.287	3
18.287	3
18.289	3
18.289	4
18.289	3
18.289	3
18.29	3
18.298	3
18.299	3
18.299	3
18.3	3
18.3	3
18.301	3
18.307	2
18.307	3
18.309	3
18.309	3
18.309	3
18.309	4
18.31	3
18.31	3
18.312	3
18.312	3
18.312	3
18.312	3
18.312	3
18.313	3
18.313	3
18.313	3
18.314	3
18.314	3
18.315	3
18.315	3
18.315	3
18.315	3
18.315	3
18.315	3
18.316	3
18.316	3
18.317	3
18.317	3
18.318	3
18.319	3
18.32	4
18.321	5
18.321	3
18.321	3
18.321	3
18.322	3
18.323	3
18.324	4
18.324	3
18.324	3
18.324	5
18.325	4
18.325	3
18.326	3
18.329	3
18.33	3
18.33	3
18.33	3
18.331	4
18.332	3
18.332	4
18.332	3
18.332	3
18.333	3
18.336	3
18.339	3
18.341	3
18.342	3
18.342	3
18.343	3
18.343	3
18.343	3
18.344	3
18.35	2
18.353	3
18.355	3
18.356	3
18.356	3
18.358	3
18.358	3
18.358	3
18.358	3
18.358	3
18.358	4
18.359	3
18.359	3
18.361	3
18.361	3
18.361	3
18.361	3
18.362	3
18.362	3
18.362	3
18.363	3
18.363	3
18.364	3
18.364	3
18.364	3
18.364	3
18.364	3
18.365	3
18.365	3
18.365	3
18.366	3
18.366	3
18.366	3
18.366	3
18.366	3
18.366	4
18.367	4
18.367	3
18.367	3
18.367	3
18.369	4
18.369	3
18.369	3
18.369	3
18.369	3
18.37	5
18.37	3
18.37	3
18.37	3
18.37	3
18.37	3
18.371	3
18.371	3
18.372	3
18.372	3
18.372	3
18.372	3
18.372	3
18.373	3
18.373	3
18.373	3
18.373	5
18.373	3
18.373	3
18.374	3
18.374	5
18.374	3
18.374	3
18.374	3
18.375	3
18.375	3
18.377	4
18.378	3
18.378	5
18.378	3
18.378	3
18.378	3
18.379	3
18.379	3
18.379	3
18.38	3
18.381	3
18.381	4
18.381	3
18.381	3
18.381	3
18.381	3
18.381	4
18.382	3
18.382	3
18.382	5
18.382	3
18.383	3
18.386	3
18.386	3
18.387	3
18.387	3
18.389	3
18.389	4
18.389	3
18.389	3
18.39	3
18.39	3
18.391	3
18.391	3
18.392	3
18.392	3
18.393	3
18.396	3
18.398	3
18.399	2
18.399	3
18.399	3
18.4	3
18.4	3
18.401	3
18.404	3
18.405	3
18.407	3
18.407	3
18.407	2
18.411	3
18.412	3
18.413	3
18.414	3
18.415	3
18.415	3
18.416	4
18.419	3
18.422	3
18.422	3
18.423	3
18.424	4
18.428	3
18.43	3
18.431	3
18.431	3
18.435	3
18.436	3
18.439	3
18.443	3
18.445	3
18.453	3
18.682	3
18.684	3
18.684	3
18.684	3
18.684	4
18.685	3
18.685	3
18.687	3
18.687	3
18.687	3
18.687	3
18.688	3
18.688	3
18.689	3
18.689	3
18.69	3
18.69	3
18.69	3
18.69	3
18.691	3
18.691	3
18.692	3
18.692	3
18.693	3
18.695	4
18.696	5
18.696	3
18.696	3
18.696	3
18.698	3
18.699	3
18.699	3
18.699	4
18.7	5
18.7	3
18.701	3
18.704	3
18.705	3
18.705	3
18.707	3
18.707	4
18.707	3
18.707	3
18.708	3
18.716	3
18.717	3
18.717	3
18.718	3
18.718	3
18.719	3
18.725	3
18.73	3
18.731	3
18.733	3
18.733	3
18.737	3
18.74	3
18.742	4
18.748	3
18.749	3
18.754	3
18.757	3
18.761	3
18.771	3
19.047	3
19.049	3
19.049	3
19.049	3
19.049	4
19.05	3
19.05	3
19.052	3
19.052	3
19.052	3
19.052	3
19.053	3
19.053	3
19.054	3
19.054	3
19.055	3
19.055	3
19.055	3
19.055	3
19.056	3
19.056	3
19.057	3
19.057	3
19.058	3
19.06	4
19.061	5
19.061	3
19.061	3
19.061	3
19.063	3
19.064	3
19.064	3
19.064	4
19.065	5
19.065	3
19.066	3
19.069	3
19.07	3
19.07	3
19.072	3
19.072	4
19.072	3
19.072	3
19.073	3
19.081	3
19.082	3
19.082	3
19.083	3
19.083	3
19.084	3
19.09	4
19.095	3
19.096	3
19.098	3
19.098	3
19.102	3
19.105	3
19.107	4
19.113	3
19.114	3
19.119	3
19.122	3
19.126	3
19.136	3
19.437	3
19.439	3
19.439	3
19.439	3
19.439	4
19.44	3
19.44	3
19.442	3
19.442	3
19.442	3
19.442	3
19.443	3
19.443	3
19.444	3
19.444	3
19.445	3
19.445	3
19.445	3
19.445	3
19.446	3
19.446	3
19.447	3
19.447	3
19.448	3
19.45	4
19.451	5
19.451	3
19.451	3
19.451	3
19.453	3
19.454	3
19.454	3
19.454	4
19.455	5
19.455	3
19.456	3
19.459	3
19.46	3
19.46	3
19.462	3
19.462	3
19.462	3
19.462	3
19.463	3
19.471	3
19.472	3
19.472	3
19.473	3
19.473	3
19.474	3
19.48	4
19.485	3
19.486	3
19.488	3
19.488	3
19.492	3
19.495	3
19.497	4
19.503	3
19.504	3
19.509	3
19.512	3
19.516	3
19.526	3
19.787	3
19.789	3
19.789	3
19.789	3
19.789	3
19.79	3
19.79	3
19.792	3
19.792	3
19.792	3
19.792	3
19.793	3
19.793	3
19.794	3
19.794	3
19.795	3
19.795	3
19.795	3
19.795	3
19.796	3
19.796	3
19.797	3
19.797	3
19.798	3
19.8	4
19.801	5
19.801	3
19.801	3
19.801	3
19.803	3
19.804	3
19.804	3
19.804	4
19.805	5
19.805	3
19.806	3
19.809	3
19.81	3
19.81	3
19.812	3
19.812	3
19.812	3
19.812	3
19.813	3
19.821	3
19.822	3
19.822	3
19.823	3
19.823	3
19.824	3
19.83	4
19.835	3
19.836	3
19.838	3
19.838	3
19.842	3
19.845	3
19.847	4
19.853	3
19.854	3
19.859	3
19.862	3
19.866	3
19.876	3
20.144	3
20.146	3
20.146	3
20.146	3
20.146	3
20.147	3
20.147	3
20.149	3
20.149	3
20.149	3
20.149	3
20.15	3
20.15	3
20.151	3
20.151	3
20.152	3
20.152	3
20.152	3
20.152	3
20.152	3
20.153	3
20.153	3
20.154	3
20.154	3
20.154	3
20.154	3
20.154	3
20.154	3
20.155	3
20.155	3
20.155	3
20.157	4
20.157	3
20.157	3
20.157	3
20.157	3
20.158	5
20.158	3
20.158	3
20.158	3
20.158	3
20.158	3
20.159	3
20.159	3
20.16	3
20.16	3
20.16	3
20.16	3
20.16	3
20.161	3
20.161	3
20.161	4
20.161	3
20.161	3
20.162	5
20.162	3
20.162	3
20.162	3
20.163	3
20.163	3
20.165	4
20.166	3
20.166	5
20.166	3
20.166	3
20.166	3
20.167	3
20.167	3
20.168	3
20.169	3
20.169	3
20.169	3
20.169	3
20.169	3
20.169	3
20.169	3
20.17	3
20.17	5
20.17	3
20.171	3
20.174	3
20.175	3
20.175	3
20.177	3
20.177	3
20.177	3
20.177	3
20.178	3
20.178	3
20.179	3
20.179	3
20.18	3
20.18	3
20.181	3
20.186	3
20.187	3
20.187	3
20.187	3
20.188	3
20.188	3
20.189	3
20.192	3
20.193	3
20.195	3
20.195	3
20.195	3
20.199	3
20.2	3
20.201	3
20.202	3
20.203	3
20.203	3
20.204	4
20.207	3
20.21	3
20.21	3
20.211	3
20.212	4
20.216	3
20.218	3
20.219	3
20.219	3
20.223	3
20.224	3
20.227	3
20.231	3
20.233	3
20.241	3
20.269	3
20.271	3
20.271	3
20.271	3
20.271	3
20.272	3
20.272	3
20.274	3
20.274	3
20.274	3
20.274	3
20.275	3
20.275	3
20.276	3
20.276	3
20.277	3
20.277	3
20.277	3
20.277	3
20.278	3
20.278	3
20.279	3
20.279	3
20.28	3
20.282	3
20.283	5
20.283	3
20.283	3
20.283	3
20.285	3
20.286	3
20.286	3
20.286	3
20.287	5
20.287	3
20.288	3
20.291	3
20.292	3
20.292	3
20.294	3
20.294	3
20.294	3
20.294	3
20.295	3
20.303	3
20.304	3
20.304	3
20.305	3
20.305	3
20.306	3
20.312	3
20.317	3
20.318	3
20.32	3
20.32	3
20.324	3
20.327	3
20.329	4
20.335	3
20.336	3
20.341	3
20.344	3
20.348	3
20.358	3
21.577	3
21.579	3
21.579	3
21.579	3
21.579	3
21.58	3
21.58	3
21.582	3
21.582	3
21.582	3
21.582	3
21.583	3
21.583	3
21.584	3
21.584	3
21.585	3
21.585	3
21.585	3
21.585	3
21.586	3
21.586	3
21.587	3
21.587	3
21.588	3
21.59	3
21.591	4
21.591	3
21.591	3
21.591	3
21.593	3
21.594	3
21.594	3
21.594	3
21.595	5
21.595	3
21.596	3
21.599	3
21.6	3
21.6	3
21.602	3
21.602	3
21.602	3
21.602	3
21.603	3
21.611	3
21.612	3
21.612	3
21.613	3
21.613	3
21.614	3
21.62	3
21.625	3
21.626	3
21.628	3
21.628	3
21.632	3
21.635	3
21.637	4
21.643	3
21.644	3
21.649	3
21.652	3
21.656	3
21.666	3
22.1	3
22.102	3
22.102	3
22.102	3
22.102	3
22.103	3
22.103	3
22.105	3
22.105	3
22.105	3
22.105	3
22.106	3
22.106	3
22.107	3
22.107	3
22.108	3
22.108	3
22.108	3
22.108	3
22.109	3
22.109	3
22.11	3
22.11	3
22.111	3
22.113	3
22.114	3
22.114	3
22.114	3
22.114	3
22.116	3
22.117	3
22.117	3
22.117	3
22.118	5
22.118	3
22.119	3
22.122	3
22.123	3
22.123	3
22.125	3
22.125	3
22.125	3
22.125	3
22.126	3
22.134	3
22.135	3
22.135	3
22.136	3
22.136	3
22.137	3
22.143	3
22.148	3
22.149	3
22.151	3
22.151	3
22.155	3
22.158	3
22.16	4
22.166	3
22.167	3
22.172	3
22.175	3
22.179	3
22.189	3
23.97	3
23.972	3
23.972	3
23.972	3
23.972	3
23.973	3
23.973	3
23.975	3
23.975	3
23.975	3
23.975	3
23.976	3
23.976	3
23.977	3
23.977	3
23.978	3
23.978	3
23.978	3
23.978	3
23.979	3
23.979	3
23.98	3
23.98	3
23.981	3
23.983	3
23.984	3
23.984	3
23.984	3
23.984	3
23.986	3
23.987	3
23.987	3
23.987	3
23.988	5
23.988	3
23.989	3
23.992	3
23.993	3
23.993	3
23.995	3
23.995	3
23.995	3
23.995	3
23.996	3
24.004	3
24.005	3
24.005	3
24.006	3
24.006	3
24.007	3
24.013	3
24.018	3
24.019	3
24.021	3
24.021	3
24.025	3
24.028	3
24.03	3
24.036	3
24.037	3
24.042	3
24.045	3
24.049	3
24.059	3
24.33	3
24.332	3
24.332	3
24.332	3
24.332	3
24.333	3
24.333	3
24.335	3
24.335	3
24.335	3
24.335	3
24.336	3
24.336	3
24.337	3
24.337	3
24.338	3
24.338	3
24.338	3
24.338	3
24.339	3
24.339	3
24.34	3
24.34	3
24.341	3
24.343	3
24.344	3
24.344	3
24.344	3
24.344	3
24.346	3
24.347	3
24.347	3
24.347	3
24.348	5
24.348	3
24.349	3
24.352	3
24.353	3
24.353	3
24.355	3
24.355	3
24.355	3
24.355	3
24.356	3
24.364	3
24.365	3
24.365	3
24.366	3
24.366	3
24.367	3
24.373	3
24.378	3
24.379	3
24.381	3
24.381	3
24.385	3
24.388	3
24.39	2
24.396	3
24.397	3
24.402	3
24.405	3
24.409	3
24.419	3
24.642	3
24.644	3
24.644	3
24.644	3
24.644	3
24.645	3
24.645	3
24.647	3
24.647	3
24.647	3
24.647	3
24.648	3
24.648	3
24.649	3
24.649	3
24.65	3
24.65	3
24.65	3
24.65	3
24.651	3
24.651	3
24.652	3
24.652	3
24.653	3
24.655	3
24.656	3
24.656	3
24.656	3
24.656	3
24.658	3
24.659	3
24.659	3
24.659	3
24.66	5
24.66	3
24.661	3
24.664	3
24.665	3
24.665	3
24.667	3
24.667	3
24.667	3
24.667	3
24.668	3
24.676	3
24.677	3
24.677	3
24.678	3
24.678	3
24.679	3
24.685	3
24.69	3
24.691	3
24.693	3
24.693	3
24.697	3
24.7	3
24.702	3
24.708	3
24.709	3
24.714	3
24.717	3
24.721	3
24.731	3
24.852	3
24.854	3
24.854	3
24.854	3
24.854	3
24.855	3
24.855	3
24.857	3
24.857	3
24.857	3
24.857	3
24.858	3
24.858	3
24.859	3
24.859	3
24.86	3
24.86	3
24.86	3
24.86	3
24.861	3
24.861	3
24.862	3
24.862	3
24.863	3
24.865	3
24.866	3
24.866	3
24.866	3
24.866	3
24.868	3
24.869	3
24.869	3
24.869	3
24.87	4
24.87	3
24.871	3
24.874	3
24.875	3
24.875	3
24.877	3
24.877	3
24.877	3
24.877	3
24.878	3
24.886	3
24.887	3
24.887	3
24.888	3
24.888	3
24.889	3
24.895	3
24.9	3
24.901	3
24.903	3
24.903	3
24.907	3
24.91	3
24.912	3
24.918	3
24.919	3
24.924	3
24.927	3
24.931	3
24.941	3
26.088	3
26.09	3
26.09	3
26.09	3
26.09	3
26.091	3
26.091	3
26.093	3
26.093	3
26.093	3
26.093	3
26.094	3
26.094	3
26.095	3
26.095	3
26.096	3
26.096	3
26.096	3
26.096	3
26.097	3
26.097	3
26.098	3
26.098	3
26.099	3
26.101	3
26.102	3
26.102	3
26.102	3
26.102	3
26.104	3
26.105	3
26.105	3
26.105	3
26.106	3
26.106	3
26.107	3
26.11	3
26.111	3
26.111	3
26.113	3
26.113	3
26.113	3
26.113	3
26.114	3
26.122	3
26.123	3
26.123	3
26.124	3
26.124	3
26.125	3
26.131	3
26.136	3
26.137	3
26.139	3
26.139	3
26.143	3
26.146	3
26.148	3
26.154	3
26.155	3
26.16	3
26.163	3
26.167	3
26.177	3
182.218	3
182.22	3
182.22	3
182.22	3
182.22	3
182.221	3
182.221	3
182.223	3
182.223	3
182.223	3
182.223	3
182.224	2
182.224	3
182.225	3
182.225	3
182.226	3
182.226	3
182.226	3
182.226	3
182.227	3
182.227	3
182.228	3
182.228	3
182.229	3
182.231	3
182.232	3
182.232	3
182.232	3
182.232	3
182.234	2
182.235	2
182.235	3
182.235	3
182.236	2
182.236	2
182.237	3
182.24	3
182.241	3
182.241	3
182.243	2
182.243	3
182.243	3
182.243	3
182.244	3
182.252	2
182.253	2
182.253	3
182.254	3
182.254	3
182.255	3
182.261	3
182.266	3
182.267	3
182.269	2
182.269	3
182.273	3
182.276	2
182.278	3
182.284	3
182.285	3
182.29	3
182.293	2
182.297	3
182.307	3
201.964	3
201.966	3
201.966	3
201.966	3
201.966	3
201.967	3
201.967	3
201.969	3
201.969	3
201.969	3
201.969	3
201.97	2
201.97	3
201.971	3
201.971	3
201.972	3
201.972	3
201.972	3
201.972	3
201.973	3
201.973	3
201.974	3
201.974	3
201.975	3
201.977	3
201.978	3
201.978	3
201.978	3
201.978	3
201.98	2
201.981	2
201.981	3
201.981	3
201.982	3
201.982	2
201.983	3
201.986	3
201.987	3
201.987	3
201.989	2
201.989	3
201.989	3
201.989	3
201.99	3
201.994	3
201.996	3
201.996	3
201.996	3
201.996	3
201.997	3
201.997	3
201.998	2
201.999	2
201.999	3
201.999	3
201.999	3
201.999	3
201.999	3
202.0	3
202.0	3
202.0	2
202.0	3
202.001	3
202.001	3
202.001	3
202.002	3
202.002	3
202.002	3
202.002	3
202.003	3
202.003	3
202.004	3
202.004	3
202.005	3
202.007	3
202.007	3
202.008	3
202.008	3
202.008	3
202.008	3
202.01	2
202.011	2
202.011	3
202.011	3
202.012	3
202.012	3
202.012	2
202.013	3
202.013	3
202.015	2
202.015	3
202.016	3
202.017	3
202.017	3
202.019	3
202.019	2
202.019	3
202.019	3
202.019	3
202.02	3
202.022	2
202.024	3
202.028	2
202.029	2
202.029	3
202.03	3
202.03	3
202.03	3
202.031	3
202.031	3
202.034	3
202.036	3
202.036	3
202.036	3
202.036	3
202.036	3
202.037	3
202.037	3
202.037	3
202.039	2
202.039	3
202.039	3
202.039	3
202.039	3
202.04	3
202.04	3
202.041	3
202.041	3
202.042	3
202.042	3
202.042	3
202.042	3
202.042	3
202.043	3
202.043	3
202.043	3
202.043	3
202.044	3
202.044	3
202.045	3
202.045	3
202.045	3
202.047	3
202.048	3
202.048	3
202.048	3
202.048	3
202.049	3
202.05	2
202.051	2
202.051	3
202.051	3
202.052	2
202.052	3
202.052	2
202.053	3
202.053	3
202.054	3
202.056	3
202.057	3
202.057	3
202.059	2
202.059	3
202.059	3
202.059	3
202.06	3
202.06	3
202.061	3
202.066	3
202.068	2
202.069	2
202.069	2
202.069	3
202.07	3
202.07	3
202.071	3
202.073	3
202.075	3
202.077	3
202.077	3
202.077	3
202.077	3
202.077	3
202.078	3
202.078	3
202.08	3
202.08	3
202.08	3
202.08	3
202.081	3
202.081	3
202.082	3
202.082	3
202.082	3
202.082	3
202.083	3
202.083	3
202.083	3
202.083	3
202.083	3
202.083	3
202.084	3
202.084	3
202.084	3
202.084	3
202.084	3
202.084	3
202.085	3
202.085	3
202.085	3
202.085	3
202.085	3
202.085	3
202.086	3
202.087	3
202.087	3
202.087	3
202.087	3
202.088	3
202.088	3
202.088	3
202.088	3
202.089	3
202.089	3
202.089	3
202.089	3
202.089	3
202.089	3
202.089	3
202.09	3
202.09	3
202.09	3
202.09	3
202.09	3
202.09	3
202.09	3
202.09	3
202.091	2
202.091	3
202.091	3
202.091	3
202.091	3
202.092	2
202.092	2
202.092	3
202.092	3
202.092	3
202.092	3
202.093	3
202.093	2
202.093	3
202.093	3
202.093	3
202.093	3
202.093	3
202.094	3
202.094	3
202.094	3
202.094	3
202.095	3
202.095	3
202.095	3
202.096	3
202.096	3
202.096	3
202.096	3
202.096	3
202.096	3
202.096	3
202.096	3
202.097	3
202.097	3
202.097	3
202.098	3
202.098	3
202.098	2
202.098	3
202.098	3
202.099	2
202.099	3
202.099	3
202.099	3
202.1	3
202.1	2
202.1	3
202.1	3
202.1	3
202.1	3
202.1	2
202.101	3
202.101	3
202.101	3
202.101	3
202.102	3
202.102	3
202.102	3
202.102	3
202.104	3
202.104	2
202.105	3
202.105	3
202.105	2
202.105	3
202.105	3
202.106	3
202.106	3
202.106	3
202.107	2
202.107	3
202.107	3
202.107	3
202.107	3
202.108	3
202.109	2
202.109	3
202.11	2
202.11	3
202.11	3
202.111	3
202.111	3
202.111	3
202.111	3
202.112	3
202.113	3
202.113	2
202.113	3
202.113	3
202.113	3
202.114	3
202.116	3
202.117	2
202.117	3
202.118	3
202.118	3
202.118	3
202.119	3
202.122	3
202.123	3
202.123	3
202.123	2
202.123	3
202.124	3
202.124	3
202.124	3
202.125	3
202.125	3
202.126	3
202.126	3
202.129	3
202.13	3
202.13	3
202.131	3
202.131	3
202.131	3
202.131	3
202.131	3
202.131	3
202.132	3
202.132	3
202.133	2
202.133	3
202.133	3
202.134	3
202.134	3
202.134	3
202.134	3
202.135	3
202.135	3
202.135	3
202.136	3
202.136	3
202.136	3
202.137	3
202.137	3
202.137	3
202.137	3
202.137	3
202.137	3
202.138	3
202.138	3
202.139	3
202.139	3
202.139	3
202.139	3
202.14	3
202.14	3
202.141	3
202.142	3
202.142	3
202.142	3
202.143	3
202.143	3
202.143	3
202.143	3
202.143	3
202.145	2
202.146	3
202.146	2
202.146	3
202.146	3
202.147	3
202.147	3
202.147	3
202.148	3
202.148	3
202.148	3
202.149	3
202.15	2
202.151	3
202.152	3
202.152	3
202.154	3
202.154	3
202.154	3
202.154	2
202.154	3
202.154	3
202.154	3
202.155	3
202.155	3
202.157	2
202.16	3
202.161	3
202.163	2
202.163	3
202.164	3
202.164	3
202.164	3
202.165	3
202.165	3
202.166	3
202.167	3
202.171	3
202.172	3
202.177	3
202.177	3
202.178	3
202.179	3
202.18	3
202.18	3
202.181	3
202.181	3
202.181	3
202.181	3
202.182	3
202.182	3
202.184	3
202.184	3
202.184	3
202.184	3
202.184	3
202.185	3
202.185	3
202.186	3
202.186	3
202.187	3
202.187	3
202.187	3
202.187	3
202.187	3
202.188	3
202.188	3
202.189	3
202.189	3
202.189	3
202.19	3
202.192	3
202.193	3
202.193	3
202.193	3
202.193	3
202.195	3
202.195	2
202.196	3
202.196	2
202.196	3
202.196	3
202.197	4
202.197	3
202.198	3
202.201	3
202.201	3
202.202	3
202.202	3
202.204	2
202.204	2
202.204	3
202.204	3
202.204	3
202.204	3
202.205	3
202.206	3
202.206	3
202.206	3
202.206	3
202.207	3
202.207	3
202.208	3
202.209	3
202.209	3
202.209	3
202.209	3
202.21	3
202.21	3
202.211	3
202.211	3
202.212	3
202.212	3
202.212	3
202.212	3
202.213	3
202.213	3
202.213	3
202.214	3
202.214	3
202.214	3
202.214	3
202.215	3
202.215	3
202.215	3
202.216	3
202.217	3
202.218	3
202.218	3
202.218	3
202.218	3
202.218	3
202.22	2
202.221	2
202.221	3
202.221	3
202.222	3
202.222	4
202.222	3
202.223	3
202.226	3
202.227	3
202.227	3
202.227	3
202.228	3
202.229	2
202.229	3
202.229	3
202.229	3
202.23	3
202.23	3
202.23	3
202.234	3
202.237	3
202.238	3
202.239	3
202.239	3
202.239	3
202.24	3
202.24	3
202.241	3
202.245	3
202.246	3
202.247	3
202.251	3
202.252	3
202.253	3
202.254	2
202.255	3
202.255	3
202.258	3
202.259	3
202.262	3
202.264	3
202.268	3
202.27	3
202.271	3
202.276	3
202.279	3
202.283	3
202.283	3
202.285	3
202.285	3
202.285	3
202.285	3
202.286	3
202.286	3
202.288	3
202.288	3
202.288	3
202.288	3
202.289	3
202.289	3
202.29	3
202.29	3
202.291	3
202.291	3
202.291	3
202.291	3
202.292	3
202.292	3
202.293	3
202.293	3
202.293	3
202.294	3
202.296	3
202.297	3
202.297	3
202.297	3
202.297	3
202.298	3
202.299	2
202.3	3
202.3	3
202.3	3
202.3	3
202.3	3
202.3	3
202.3	3
202.301	4
202.301	3
202.301	3
202.301	3
202.301	3
202.302	3
202.303	3
202.303	3
202.303	3
202.303	3
202.303	3
202.303	3
202.303	3
202.303	3
202.304	3
202.304	3
202.304	3
202.304	3
202.305	3
202.305	3
202.305	3
202.306	3
202.306	3
202.306	3
202.306	3
202.306	3
202.306	3
202.306	3
202.306	3
202.306	3
202.306	3
202.307	3
202.307	3
202.307	3
202.307	3
202.308	2
202.308	3
202.308	3
202.308	3
202.308	3
202.308	3
202.308	3
202.308	3
202.309	3
202.309	3
202.309	3
202.309	3
202.309	3
202.309	3
202.31	3
202.31	3
202.311	3
202.311	3
202.311	3
202.312	3
202.312	3
202.312	3
202.312	3
202.312	3
202.314	2
202.314	3
202.315	4
202.315	3
202.315	3
202.315	3
202.315	3
202.315	3
202.315	3
202.316	4
202.316	3
202.317	3
202.317	3
202.317	3
202.318	3
202.318	3
202.318	4
202.318	3
202.318	3
202.319	3
202.319	3
202.319	4
202.319	3
202.32	3
202.32	3
202.32	3
202.321	3
202.321	3
202.323	2
202.323	3
202.323	3
202.323	3
202.323	3
202.324	3
202.324	3
202.324	3
202.326	3
202.326	2
202.326	3
202.326	3
202.326	3
202.327	3
202.331	3
202.332	3
202.332	3
202.333	3
202.333	3
202.334	3
202.334	3
202.334	3
202.334	3
202.335	3
202.335	3
202.336	3
202.336	3
202.337	3
202.337	3
202.338	3
202.338	3
202.341	3
202.341	3
202.343	3
202.344	3
202.346	3
202.347	3
202.349	3
202.349	3
202.349	3
202.349	3
202.35	3
202.35	3
202.352	3
202.352	3
202.353	3
202.355	3
202.356	3
202.356	3
202.358	3
202.358	3
202.358	3
202.359	3
202.36	3
202.36	3
202.36	3
202.36	3
202.361	3
202.361	3
202.361	3
202.362	3
202.363	3
202.363	3
202.363	3
202.363	3
202.363	3
202.364	3
202.364	3
202.364	3
202.364	3
202.365	3
202.365	3
202.365	3
202.365	3
202.365	3
202.365	3
202.365	3
202.366	3
202.366	3
202.366	3
202.366	3
202.366	3
202.366	3
202.366	3
202.366	3
202.366	3
202.366	3
202.367	3
202.367	3
202.367	3
202.367	3
202.367	3
202.368	3
202.368	3
202.368	3
202.368	3
202.368	3
202.368	3
202.368	3
202.369	3
202.369	3
202.369	3
202.369	3
202.369	3
202.369	3
202.369	3
202.37	3
202.37	3
202.37	3
202.37	3
202.37	3
202.371	3
202.371	3
202.371	3
202.371	3
202.371	3
202.371	3
202.371	3
202.372	3
202.372	3
202.372	3
202.372	3
202.372	3
202.372	3
202.372	3
202.372	3
202.372	3
202.372	3
202.372	3
202.373	3
202.373	3
202.373	3
202.373	3
202.373	3
202.373	3
202.374	3
202.374	3
202.374	3
202.374	3
202.375	5
202.375	3
202.375	3
202.375	3
202.376	3
202.376	4
202.376	3
202.376	3
202.377	3
202.377	3
202.377	3
202.377	3
202.377	3
202.377	3
202.377	3
202.378	3
202.378	3
202.378	3
202.378	3
202.379	3
202.38	3
202.38	3
202.38	5
202.38	3
202.38	3
202.38	3
202.381	3
202.381	3
202.381	4
202.381	3
202.381	5
202.381	3
202.381	3
202.382	3
202.382	4
202.382	3
202.383	2
202.383	3
202.383	3
202.383	3
202.383	3
202.384	3
202.385	3
202.386	3
202.386	3
202.386	3
202.387	3
202.387	3
202.387	3
202.388	2
202.388	3
202.388	3
202.388	3
202.389	3
202.389	3
202.389	3
202.389	3
202.389	3
202.39	3
202.39	3
202.392	3
202.393	3
202.393	3
202.394	3
202.394	3
202.395	3
202.397	3
202.398	3
202.398	3
202.398	3
202.399	3
202.399	3
202.399	3
202.399	3
202.4	3
202.4	3
202.4	3
202.401	3
202.401	3
202.406	3
202.406	3
202.407	3
202.407	3
202.409	3
202.409	3
202.411	3
202.412	3
202.412	3
202.413	3
202.413	3
202.414	3
202.414	3
202.415	3
202.415	3
202.416	3
202.418	3
202.418	3
202.419	3
202.421	3
202.422	3
202.423	3
202.424	3
202.424	3
202.424	3
202.425	3
202.426	3
202.426	3
202.426	3
202.426	3
202.427	3
202.427	3
202.429	3
202.429	3
202.429	3
202.429	3
202.429	3
202.43	3
202.43	3
202.43	3
202.43	3
202.43	3
202.431	3
202.431	3
202.431	3
202.432	3
202.432	3
202.432	3
202.432	3
202.433	3
202.433	3
202.433	3
202.434	3
202.434	3
202.435	3
202.435	3
202.436	3
202.437	3
202.437	3
202.438	4
202.438	3
202.438	3
202.438	3
202.438	3
202.438	3
202.439	4
202.44	3
202.44	3
202.44	3
202.44	3
202.44	3
202.441	5
202.441	3
202.441	3
202.441	3
202.441	3
202.442	3
202.442	4
202.442	3
202.443	3
202.443	3
202.443	3
202.443	3
202.443	3
202.443	3
202.444	3
202.444	3
202.445	3
202.445	3
202.446	3
202.446	3
202.446	3
202.446	3
202.446	3
202.447	3
202.447	3
202.447	3
202.447	3
202.447	3
202.448	3
202.448	3
202.449	4
202.449	3
202.449	3
202.449	3
202.449	3
202.45	3
202.451	3
202.452	3
202.452	3
202.452	3
202.452	3
202.452	3
202.453	3
202.454	3
202.455	5
202.455	3
202.455	3
202.456	4
202.456	3
202.457	3
202.458	3
202.459	3
202.459	3
202.46	3
202.46	3
202.46	3
202.461	3
202.461	3
202.461	3
202.463	4
202.463	3
202.463	3
202.463	3
202.464	3
202.467	3
202.472	3
202.472	3
202.473	3
202.473	3
202.473	3
202.474	3
202.474	3
202.475	3
202.475	3
202.475	3
202.479	3
202.481	3
202.482	3
202.484	3
202.485	3
202.486	3
202.487	3
202.487	3
202.487	3
202.487	3
202.487	3
202.488	3
202.488	3
202.489	3
202.489	3
202.49	3
202.49	3
202.49	3
202.49	3
202.49	3
202.491	3
202.491	3
202.491	3
202.492	3
202.492	3
202.493	3
202.493	3
202.493	3
202.493	3
202.493	3
202.494	3
202.494	3
202.495	3
202.495	3
202.496	3
202.496	4
202.496	3
202.498	3
202.498	3
202.499	4
202.499	3
202.499	3
202.499	3
202.499	3
202.501	3
202.502	5
202.502	3
202.502	3
202.503	3
202.503	4
202.503	3
202.504	3
202.504	3
202.505	3
202.507	3
202.508	3
202.508	3
202.51	3
202.51	5
202.51	3
202.51	3
202.51	3
202.511	3
202.513	3
202.513	4
202.517	3
202.519	3
202.52	3
202.52	3
202.521	3
202.521	3
202.522	3
202.527	3
202.528	3
202.533	3
202.534	3
202.536	3
202.536	3
202.536	3
202.538	3
202.538	3
202.538	3
202.538	3
202.539	3
202.539	3
202.54	3
202.541	3
202.541	3
202.541	3
202.541	3
202.542	3
202.542	3
202.542	3
202.543	4
202.543	3
202.543	3
202.544	3
202.544	3
202.544	3
202.544	3
202.544	3
202.544	3
202.544	3
202.544	3
202.545	3
202.545	3
202.545	3
202.545	3
202.545	3
202.546	3
202.546	3
202.547	3
202.547	3
202.547	3
202.547	3
202.547	3
202.547	3
202.548	3
202.548	3
202.549	3
202.549	3
202.549	3
202.549	3
202.549	3
202.549	3
202.549	3
202.55	3
202.55	3
202.55	3
202.55	3
202.55	3
202.55	3
202.55	3
202.55	3
202.55	3
202.55	3
202.551	3
202.551	3
202.551	3
202.552	3
202.552	3
202.552	3
202.552	3
202.552	3
202.552	3
202.552	3
202.552	3
202.553	5
202.553	3
202.553	3
202.553	3
202.553	3
202.553	3
202.554	4
202.554	4
202.554	3
202.554	3
202.555	3
202.555	3
202.555	3
202.555	3
202.555	3
202.555	3
202.556	3
202.556	3
202.556	3
202.556	3
202.556	3
202.556	3
202.557	3
202.557	3
202.557	3
202.558	3
202.558	3
202.558	3
202.559	3
202.559	3
202.559	5
202.559	3
202.559	3
202.56	4
202.56	4
202.56	5
202.56	3
202.561	5
202.561	3
202.561	3
202.561	3
202.561	3
202.561	3
202.561	3
202.561	3
202.561	3
202.562	3
202.563	3
202.564	3
202.564	3
202.564	5
202.564	3
202.564	3
202.565	3
202.565	3
202.565	4
202.565	6
202.566	3
202.567	5
202.567	3
202.567	3
202.567	3
202.568	3
202.569	3
202.57	3
202.57	3
202.57	3
202.571	3
202.571	3
202.572	3
202.572	3
202.572	5
202.572	3
202.572	3
202.572	3
202.573	3
202.573	3
202.574	3
202.576	3
202.577	3
202.577	3
202.578	3
202.578	3
202.579	3
202.579	3
202.581	3
202.582	3
202.582	3
202.583	3
202.583	3
202.584	3
202.584	3
202.585	3
202.585	3
202.587	3
202.587	3
202.59	3
202.59	3
202.591	3
202.591	3
202.593	3
202.593	3
202.594	4
202.595	3
202.596	3
202.596	3
202.597	3
202.597	3
202.598	3
202.598	3
202.599	3
202.599	3
202.599	3
202.599	3
202.6	4
202.6	3
202.6	3
202.602	3
202.602	3
202.602	3
202.602	3
202.602	3
202.602	3
202.602	3
202.603	3
202.603	3
202.603	3
202.604	3
202.604	3
202.605	4
202.605	3
202.605	3
202.605	3
202.605	3
202.606	3
202.606	3
202.607	3
202.607	3
202.607	3
202.608	3
202.608	3
202.608	3
202.609	3
202.61	3
202.611	4
202.611	3
202.611	3
202.611	3
202.611	3
202.613	3
202.613	3
202.614	3
202.614	3
202.614	5
202.614	3
202.614	3
202.615	3
202.615	4
202.615	6
202.616	3
202.617	4
202.619	3
202.619	3
202.62	3
202.62	3
202.621	3
202.622	4
202.622	5
202.622	3
202.622	3
202.622	3
202.623	3
202.625	3
202.626	3
202.631	3
202.631	3
202.632	3
202.632	3
202.633	3
202.633	3
202.634	3
202.636	3
202.64	3
202.645	3
202.646	3
202.647	3
202.648	3
202.648	3
202.649	3
202.649	3
202.649	3
202.649	3
202.65	3
202.65	3
202.652	3
202.652	3
202.652	3
202.652	3
202.652	3
202.653	3
202.653	3
202.654	3
202.654	3
202.655	4
202.655	3
202.655	3
202.655	3
202.655	3
202.656	3
202.656	3
202.657	3
202.657	3
202.657	3
202.658	3
202.66	3
202.661	3
202.661	3
202.661	3
202.661	3
202.663	3
202.663	4
202.664	3
202.664	5
202.664	3
202.664	3
202.665	4
202.665	6
202.666	3
202.669	3
202.669	3
202.67	3
202.67	3
202.672	5
202.672	5
202.672	3
202.672	3
202.672	3
202.673	3
202.676	3
202.681	3
202.682	3
202.682	3
202.683	3
202.683	3
202.684	3
202.686	3
202.69	3
202.695	3
202.696	3
202.698	3
202.698	3
202.702	3
202.705	4
202.707	3
202.713	3
202.714	3
202.719	3
202.722	5
202.726	3
202.729	3
202.731	3
202.731	3
202.731	3
202.731	3
202.732	3
202.732	3
202.734	3
202.734	3
202.734	3
202.734	3
202.735	3
202.735	3
202.736	3
202.736	3
202.736	3
202.737	3
202.737	3
202.737	3
202.737	3
202.738	3
202.738	3
202.739	3
202.739	3
202.739	3
202.74	3
202.741	3
202.741	3
202.741	3
202.741	3
202.742	3
202.742	3
202.742	3
202.743	3
202.743	3
202.743	3
202.743	3
202.744	3
202.744	3
202.744	3
202.744	3
202.745	5
202.745	3
202.745	3
202.746	5
202.746	3
202.746	3
202.746	3
202.746	3
202.747	4
202.747	6
202.747	3
202.747	3
202.747	3
202.747	3
202.748	3
202.748	3
202.748	3
202.749	3
202.749	3
202.75	3
202.751	3
202.752	3
202.752	3
202.752	3
202.753	3
202.753	3
202.753	3
202.753	3
202.754	5
202.754	3
202.754	3
202.754	3
202.755	3
202.755	5
202.756	5
202.756	3
202.756	3
202.757	4
202.757	6
202.758	3
202.761	3
202.762	3
202.762	3
202.763	3
202.764	3
202.764	3
202.764	6
202.764	3
202.764	3
202.764	3
202.765	3
202.765	3
202.765	3
202.766	3
202.772	3
202.773	3
202.774	3
202.774	3
202.775	3
202.775	3
202.776	3
202.777	3
202.778	3
202.78	3
202.78	3
202.782	3
202.784	3
202.787	4
202.787	3
202.788	3
202.789	3
202.79	3
202.79	3
202.793	3
202.794	3
202.795	3
202.795	3
202.795	3
202.795	3
202.795	3
202.796	3
202.796	3
202.796	3
202.797	4
202.798	3
202.798	3
202.798	3
202.798	3
202.799	3
202.799	3
202.799	3
202.8	3
202.8	3
202.801	3
202.801	3
202.801	3
202.801	3
202.801	3
202.802	3
202.802	3
202.803	3
202.803	3
202.804	5
202.804	3
202.805	3
202.806	3
202.806	3
202.807	3
202.807	3
202.807	3
202.807	3
202.808	3
202.809	6
202.81	5
202.81	3
202.81	3
202.811	3
202.811	4
202.811	6
202.812	3
202.814	5
202.815	3
202.816	3
202.816	3
202.818	3
202.818	3
202.818	6
202.818	3
202.818	3
202.818	3
202.819	3
202.827	3
202.828	3
202.828	3
202.828	3
202.829	3
202.829	3
202.83	3
202.836	3
202.841	3
202.842	3
202.844	3
202.844	3
202.848	3
202.851	4
202.853	3
202.859	3
202.86	3
202.865	3
202.868	5
202.872	3
202.882	3
204.327	3
204.329	3
204.329	3
204.329	3
204.329	3
204.33	3
204.33	3
204.332	3
204.332	3
204.332	3
204.332	3
204.333	3
204.333	3
204.334	3
204.334	3
204.335	3
204.335	3
204.335	3
204.335	3
204.336	3
204.336	3
204.337	3
204.337	3
204.338	3
204.34	3
204.341	3
204.341	3
204.341	3
204.341	3
204.343	6
204.344	5
204.344	3
204.344	3
204.345	4
204.345	6
204.346	3
204.349	3
204.35	3
204.35	3
204.352	5
204.352	3
204.352	3
204.352	3
204.353	3
204.361	3
204.362	3
204.362	3
204.363	3
204.363	3
204.364	3
204.37	3
204.375	3
204.376	3
204.378	3
204.378	3
204.382	3
204.385	4
204.387	3
204.393	3
204.394	3
204.399	3
204.402	5
204.406	3
204.416	3
205.652	3
205.654	3
205.654	3
205.654	3
205.654	3
205.655	3
205.655	3
205.657	3
205.657	3
205.657	3
205.657	3
205.658	3
205.658	3
205.659	3
205.659	3
205.66	3
205.66	3
205.66	3
205.66	3
205.661	3
205.661	3
205.662	3
205.662	3
205.663	3
205.665	3
205.666	3
205.666	3
205.666	3
205.666	3
205.668	5
205.669	5
205.669	3
205.669	3
205.67	4
205.67	6
205.671	3
205.674	3
205.675	3
205.675	3
205.677	5
205.677	3
205.677	3
205.677	3
205.678	3
205.686	3
205.687	3
205.687	3
205.688	3
205.688	3
205.689	3
205.695	3
205.7	3
205.701	3
205.703	3
205.703	3
205.707	3
205.71	4
205.712	3
205.718	3
205.719	3
205.724	3
205.727	5
205.731	3
205.741	3
205.899	3
205.901	3
205.901	3
205.901	3
205.901	3
205.902	3
205.902	3
205.904	3
205.904	3
205.904	3
205.904	3
205.905	3
205.905	3
205.906	3
205.906	3
205.907	3
205.907	3
205.907	3
205.907	3
205.908	3
205.908	3
205.909	3
205.909	3
205.91	3
205.912	3
205.913	3
205.913	3
205.913	3
205.913	3
205.915	5
205.916	4
205.916	3
205.916	3
205.917	4
205.917	6
205.918	3
205.921	3
205.922	3
205.922	3
205.924	5
205.924	3
205.924	3
205.924	3
205.925	3
205.933	3
205.934	3
205.934	3
205.935	3
205.935	3
205.936	3
205.942	3
205.947	3
205.948	3
205.95	3
205.95	3
205.954	3
205.957	4
205.959	3
205.965	3
205.966	3
205.971	3
205.974	5
205.978	3
205.988	3
206.008	3
206.01	3
206.01	3
206.01	3
206.01	3
206.011	3
206.011	3
206.013	3
206.013	3
206.013	3
206.013	3
206.014	3
206.014	3
206.015	3
206.015	3
206.016	3
206.016	3
206.016	3
206.016	3
206.017	3
206.017	3
206.018	3
206.018	3
206.019	3
206.021	3
206.022	3
206.022	3
206.022	3
206.022	3
206.024	5
206.025	4
206.025	3
206.025	3
206.026	4
206.026	6
206.027	3
206.03	3
206.031	3
206.031	3
206.033	5
206.033	3
206.033	3
206.033	3
206.034	3
206.042	3
206.043	3
206.043	3
206.044	3
206.044	3
206.045	3
206.051	3
206.056	3
206.057	3
206.059	3
206.059	3
206.063	3
206.066	4
206.068	3
206.074	3
206.075	3
206.08	3
206.083	4
206.087	3
206.097	3
206.795	3
206.797	3
206.797	3
206.797	3
206.797	3
206.798	3
206.798	3
206.8	3
206.8	3
206.8	3
206.8	3
206.801	3
206.801	3
206.802	3
206.802	3
206.803	3
206.803	3
206.803	3
206.803	3
206.804	3
206.804	3
206.805	3
206.805	3
206.806	3
206.808	3
206.809	3
206.809	3
206.809	3
206.809	3
206.811	5
206.812	4
206.812	3
206.812	3
206.813	4
206.813	6
206.814	3
206.817	3
206.818	3
206.818	3
206.82	4
206.82	3
206.82	3
206.82	3
206.821	3
206.829	3
206.83	3
206.83	3
206.831	3
206.831	3
206.832	3
206.838	3
206.843	3
206.844	3
206.846	3
206.846	3
206.85	3
206.853	4
206.855	3
206.861	3
206.862	3
206.867	3
206.87	4
206.874	3
206.884	3
207.845	3
207.847	3
207.847	3
207.847	3
207.847	3
207.848	3
207.848	3
207.85	3
207.85	3
207.85	3
207.85	3
207.851	3
207.851	3
207.852	3
207.852	3
207.853	3
207.853	3
207.853	3
207.853	3
207.854	3
207.854	3
207.855	3
207.855	3
207.856	3
207.858	3
207.859	3
207.859	3
207.859	3
207.859	3
207.861	5
207.862	4
207.862	3
207.862	3
207.863	4
207.863	6
207.864	3
207.867	3
207.868	3
207.868	3
207.87	4
207.87	3
207.87	3
207.87	3
207.871	3
207.879	3
207.88	3
207.88	3
207.881	3
207.881	3
207.882	3
207.888	3
207.893	3
207.894	3
207.896	3
207.896	3
207.9	3
207.903	4
207.905	3
207.911	3
207.912	3
207.917	3
207.92	3
207.924	3
207.934	3
208.204	3
208.206	3
208.206	3
208.206	3
208.206	3
208.207	3
208.207	3
208.209	3
208.209	3
208.209	3
208.209	3
208.21	3
208.21	3
208.211	3
208.211	3
208.212	3
208.212	3
208.212	3
208.212	3
208.213	3
208.213	3
208.214	3
208.214	3
208.215	3
208.217	3
208.218	3
208.218	3
208.218	3
208.218	3
208.22	5
208.221	4
208.221	3
208.221	3
208.222	4
208.222	6
208.223	3
208.226	3
208.227	3
208.227	3
208.229	3
208.229	3
208.229	3
208.229	3
208.23	3
208.238	3
208.239	3
208.239	3
208.24	3
208.24	3
208.241	3
208.247	3
208.252	3
208.253	3
208.255	3
208.255	3
208.259	3
208.262	4
208.264	3
208.27	3
208.271	3
208.276	3
208.279	3
208.283	3
208.293	3
209.506	3
209.508	3
209.508	3
209.508	3
209.508	3
209.509	3
209.509	3
209.511	3
209.511	3
209.511	3
209.511	3
209.512	3
209.512	3
209.513	3
209.513	3
209.514	3
209.514	3
209.514	3
209.514	3
209.515	3
209.515	3
209.516	3
209.516	3
209.517	3
209.519	3
209.52	3
209.52	3
209.52	3
209.52	3
209.522	5
209.523	4
209.523	3
209.523	3
209.524	4
209.524	5
209.525	3
209.528	3
209.529	3
209.529	3
209.531	3
209.531	3
209.531	3
209.531	3
209.532	3
209.54	3
209.541	3
209.541	3
209.542	3
209.542	3
209.543	3
209.549	3
209.554	3
209.555	3
209.557	3
209.557	3
209.561	3
209.564	4
209.566	3
209.572	3
209.573	3
209.578	3
209.581	3
209.585	3
209.595	3
211.762	3
211.764	3
211.764	3
211.764	3
211.764	3
211.765	3
211.765	3
211.767	3
211.767	3
211.767	3
211.767	3
211.768	3
211.768	3
211.769	3
211.769	3
211.77	3
211.77	3
211.77	3
211.77	3
211.771	3
211.771	3
211.772	3
211.772	3
211.773	3
211.775	3
211.776	3
211.776	3
211.776	3
211.776	3
211.778	5
211.779	4
211.779	3
211.779	3
211.78	3
211.78	5
211.781	3
211.784	3
211.785	3
211.785	3
211.787	3
211.787	3
211.787	3
211.787	3
211.788	3
211.796	3
211.797	3
211.797	3
211.798	3
211.798	3
211.799	3
211.805	3
211.81	3
211.811	3
211.813	3
211.813	3
211.817	3
211.82	4
211.822	3
211.828	3
211.829	3
211.834	3
211.837	3
211.841	3
211.851	3
213.209	3
213.211	3
213.211	3
213.211	3
213.211	3
213.212	3
213.212	3
213.214	3
213.214	3
213.214	3
213.214	3
213.215	3
213.215	3
213.216	3
213.216	3
213.217	3
213.217	3
213.217	3
213.217	3
213.218	3
213.218	3
213.219	3
213.219	3
213.22	3
213.222	3
213.223	3
213.223	3
213.223	3
213.223	3
213.225	5
213.226	4
213.226	3
213.226	3
213.227	3
213.227	4
213.228	3
213.231	3
213.232	3
213.232	3
213.234	3
213.234	3
213.234	3
213.234	3
213.235	3
213.243	3
213.244	3
213.244	3
213.245	3
213.245	3
213.246	3
213.252	3
213.257	3
213.258	3
213.26	3
213.26	3
213.264	3
213.267	4
213.269	3
213.275	3
213.276	3
213.281	3
213.284	3
213.288	3
213.298	3
213.793	3
213.795	3
213.795	3
213.795	3
213.795	3
213.796	3
213.796	3
213.798	3
213.798	3
213.798	3
213.798	3
213.799	3
213.799	3
213.8	3
213.8	3
213.801	3
213.801	3
213.801	3
213.801	3
213.802	3
213.802	3
213.803	3
213.803	3
213.804	3
213.806	3
213.807	3
213.807	3
213.807	3
213.807	3
213.809	5
213.81	4
213.81	3
213.81	3
213.811	3
213.811	3
213.812	3
213.815	3
213.816	3
213.816	3
213.818	3
213.818	3
213.818	3
213.818	3
213.819	3
213.827	3
213.828	3
213.828	3
213.829	3
213.829	3
213.83	3
213.836	3
213.841	3
213.842	3
213.844	3
213.844	3
213.848	3
213.851	4
213.853	3
213.859	3
213.86	3
213.865	3
213.868	3
213.872	3
213.882	3
214.784	3
214.786	3
214.786	3
214.786	3
214.786	3
214.787	3
214.787	3
214.789	3
214.789	3
214.789	3
214.789	3
214.79	3
214.79	3
214.791	3
214.791	3
214.792	3
214.792	3
214.792	3
214.792	3
214.793	3
214.793	3
214.794	3
214.794	3
214.795	3
214.797	3
214.798	3
214.798	3
214.798	3
214.798	3
214.8	4
214.801	4
214.801	3
214.801	3
214.802	3
214.802	3
214.803	3
214.806	3
214.807	3
214.807	3
214.809	3
214.809	3
214.809	3
214.809	3
214.81	3
214.818	3
214.819	3
214.819	3
214.82	3
214.82	3
214.821	3
214.827	3
214.832	3
214.833	3
214.835	3
214.835	3
214.839	3
214.842	4
214.844	3
214.85	3
214.851	3
214.856	3
214.859	3
214.863	3
214.873	3
224.268	3
224.27	3
224.27	3
224.27	3
224.27	3
224.271	3
224.271	3
224.273	3
224.273	3
224.273	3
224.273	3
224.274	3
224.274	3
224.275	3
224.275	3
224.276	3
224.276	3
224.276	3
224.276	3
224.277	3
224.277	3
224.278	3
224.278	3
224.279	3
224.281	3
224.282	3
224.282	3
224.282	3
224.282	3
224.284	4
224.285	4
224.285	3
224.285	3
224.286	3
224.286	3
224.287	3
224.29	3
224.291	3
224.291	3
224.293	3
224.293	3
224.293	3
224.293	3
224.294	3
224.302	3
224.303	3
224.303	3
224.304	3
224.304	3
224.305	3
224.311	3
224.316	3
224.317	3
224.319	3
224.319	3
224.323	3
224.326	3
224.328	3
224.334	3
224.335	3
224.34	3
224.343	3
224.347	3
224.357	3
226.866	3
226.868	3
226.868	3
226.868	3
226.868	3
226.869	3
226.869	3
226.871	3
226.871	3
226.871	3
226.871	3
226.872	3
226.872	3
226.873	3
226.873	3
226.874	3
226.874	3
226.874	3
226.874	3
226.875	3
226.875	3
226.876	3
226.876	3
226.877	3
226.879	3
226.88	3
226.88	3
226.88	3
226.88	3
226.882	4
226.883	3
226.883	3
226.883	3
226.884	3
226.884	3
226.885	3
226.888	3
226.889	3
226.889	3
226.891	3
226.891	3
226.891	3
226.891	3
226.892	3
226.9	3
226.901	3
226.901	3
226.902	3
226.902	3
226.903	3
226.909	3
226.914	3
226.915	3
226.917	3
226.917	3
226.921	3
226.924	3
226.926	3
226.932	3
226.933	3
226.938	3
226.941	3
226.945	3
226.955	3
231.613	3
231.615	3
231.615	3
231.615	3
231.615	3
231.616	3
231.616	3
231.618	3
231.618	3
231.618	3
231.618	3
231.619	3
231.619	3
231.62	3
231.62	3
231.621	3
231.621	3
231.621	3
231.621	3
231.622	3
231.622	3
231.623	3
231.623	3
231.624	3
231.626	3
231.627	3
231.627	3
231.627	3
231.627	3
231.629	3
231.63	3
231.63	3
231.63	3
231.631	3
231.631	3
231.632	3
231.635	3
231.636	3
231.636	3
231.638	3
231.638	3
231.638	3
231.638	3
231.639	3
231.647	3
231.648	3
231.648	3
231.649	3
231.649	3
231.65	3
231.656	3
231.661	3
231.662	3
231.664	3
231.664	3
231.668	3
231.671	3
231.673	3
231.679	3
231.68	3
231.685	3
231.688	3
231.692	3
231.702	3
