0.0	1
0.0	1
0.0	1
0.0	1
0.0	1
0.0	1
0.0	1
0.0	1
0.0	1
0.0	1
0.0	1
0.0	1
0.0	1
0.0	1
0.0	1
0.0	1
0.0	1
0.0	1
0.0	1
0.0	1
0.0	1
0.0	1
0.0	1
0.0	1
0.0	1
0.0	1
0.0	1
0.0	1
0.0	1
0.0	1
0.0	1
0.0	1
0.0	1
0.0	1
0.0	1
0.0	1
0.0	1
0.0	1
0.0	1
0.0	1
0.0	1
0.0	1
0.0	1
0.0	1
0.0	1
0.0	1
0.0	1
0.0	1
0.0	1
0.0	1
0.0	1
0.0	1
0.0	1
0.0	1
0.0	1
0.0	1
0.0	1
0.0	1
0.0	1
0.0	1
0.0	1
0.0	1
0.0	1
0.0	1
0.0	1
0.0	1
0.0	1
0.0	1
0.0	1
0.0	1
0.0	1
0.0	1
0.0	1
0.0	1
0.0	1
0.0	1
0.0	1
0.0	1
0.0	1
0.0	1
0.0	1
0.0	1
0.0	1
0.0	1
0.0	1
0.0	1
0.0	1
0.0	1
0.0	1
0.0	1
0.0	1
0.0	1
0.0	1
0.0	1
0.0	1
0.0	1
0.0	1
0.0	1
0.0	1
0.0	1
0.0	1
0.001	1
0.001	1
0.001	1
0.001	1
0.001	1
0.001	1
0.001	1
0.001	1
0.001	1
0.001	1
0.001	1
0.001	1
0.001	1
0.001	1
0.001	1
0.001	1
0.001	1
0.001	1
0.001	1
0.001	1
0.001	1
0.001	1
0.001	1
0.001	1
0.001	1
0.001	1
0.001	1
0.001	1
0.001	1
0.001	1
0.001	1
0.001	1
0.001	1
0.001	1
0.001	1
0.001	1
0.001	1
0.001	1
0.001	1
0.001	1
0.001	1
0.001	1
0.001	1
0.001	1
0.001	1
0.001	1
0.001	1
0.001	1
0.001	1
0.001	1
0.001	1
0.001	1
0.001	1
0.001	1
0.001	1
0.001	1
0.001	1
0.001	1
0.001	1
0.001	1
0.001	1
0.001	1
0.001	1
0.001	1
0.001	1
0.001	1
0.001	1
0.001	1
0.001	1
0.001	1
0.001	1
0.001	1
0.001	1
0.001	1
0.001	1
0.001	1
0.001	1
0.001	1
0.001	1
0.001	1
0.001	1
0.001	1
0.001	1
0.001	1
0.001	1
0.001	1
0.001	1
0.001	1
0.001	1
0.001	1
0.001	1
0.001	1
0.001	1
0.001	1
0.001	1
0.001	1
0.001	1
0.001	1
0.001	1
0.001	1
0.001	1
0.001	1
0.001	1
0.001	1
0.001	1
0.001	1
0.001	1
0.001	1
0.001	1
0.001	1
0.001	1
0.002	1
0.002	1
0.002	1
0.002	1
0.002	1
0.002	1
0.002	1
0.002	1
0.002	1
0.002	1
0.002	1
0.002	1
0.002	1
0.002	1
0.002	1
0.002	1
0.002	1
0.002	1
0.002	1
0.002	1
0.002	1
0.002	1
0.002	1
0.002	1
0.002	1
0.002	1
0.002	1
0.002	1
0.002	1
0.002	1
0.002	1
0.002	1
0.002	1
0.002	1
0.002	1
0.002	1
0.002	1
0.002	1
0.002	1
0.002	1
0.002	1
0.002	1
0.002	1
0.002	1
0.002	1
0.002	1
0.002	1
0.002	1
0.002	1
0.002	1
0.002	1
0.002	1
0.002	1
0.002	1
0.002	1
0.002	1
0.002	1
0.002	1
0.002	1
0.002	1
0.002	1
0.002	1
0.002	1
0.002	1
0.002	1
0.002	1
0.002	1
0.002	1
0.002	1
0.002	1
0.002	1
0.002	1
0.002	1
0.002	1
0.002	1
0.002	1
0.002	1
0.002	1
0.002	1
0.002	1
0.002	1
0.002	1
0.002	1
0.002	1
0.002	1
0.002	1
0.002	1
0.002	1
0.002	1
0.002	1
0.002	1
0.002	1
0.002	1
0.002	1
0.002	1
0.002	1
0.002	1
0.002	1
0.002	1
0.002	1
0.002	1
0.002	1
0.002	1
0.002	1
0.002	1
0.002	1
0.002	1
0.002	1
0.002	1
0.002	1
0.002	1
0.002	1
0.003	1
0.003	1
0.003	1
0.003	1
0.003	1
0.003	1
0.003	1
0.003	1
0.003	1
0.003	1
0.003	1
0.003	1
0.003	1
0.003	1
0.003	1
0.003	1
0.003	1
0.003	1
0.003	1
0.003	1
0.003	1
0.003	1
0.003	1
0.003	1
0.003	1
0.003	1
0.003	1
0.003	1
0.003	1
0.003	1
0.003	1
0.003	1
0.003	1
0.003	1
0.003	1
0.003	1
0.003	1
0.003	1
0.003	1
0.003	1
0.003	1
0.003	1
0.003	1
0.003	1
0.003	1
0.003	1
0.003	1
0.003	1
0.003	1
0.003	1
0.003	1
0.003	1
0.003	1
0.003	1
0.003	1
0.003	1
0.003	1
0.003	1
0.003	1
0.003	1
0.003	1
0.003	1
0.003	1
0.003	1
0.003	1
0.003	1
0.003	1
0.003	1
0.003	1
0.003	1
0.003	1
0.003	1
0.003	1
0.003	1
0.003	1
0.003	1
0.003	1
0.003	1
0.003	1
0.003	1
0.003	1
0.003	1
0.003	1
0.003	1
0.003	1
0.003	1
0.003	1
0.003	1
0.003	1
0.003	1
0.003	1
0.003	1
0.003	1
0.003	1
0.003	1
0.003	1
0.003	1
0.003	1
0.003	1
0.003	1
0.003	1
0.003	1
0.003	1
0.003	1
0.003	1
0.003	1
0.003	1
0.003	1
0.003	1
0.003	1
0.004	1
0.004	1
0.004	1
0.004	1
0.004	1
0.004	1
0.004	1
0.004	1
0.004	1
0.004	1
0.004	1
0.004	1
0.004	1
0.004	1
0.004	1
0.004	1
0.004	1
0.004	1
0.004	1
0.004	1
0.004	1
0.004	1
0.004	1
0.004	1
0.004	1
0.004	1
0.004	1
0.004	1
0.004	1
0.004	1
0.004	1
0.004	1
0.004	1
0.004	1
0.004	1
0.004	1
0.004	1
0.004	1
0.004	1
0.004	1
0.004	1
0.004	1
0.004	1
0.004	1
0.004	1
0.004	1
0.004	1
0.004	1
0.004	1
0.004	1
0.004	1
0.004	1
0.004	1
0.004	1
0.004	1
0.004	1
0.004	1
0.004	1
0.004	1
0.004	1
0.004	1
0.004	1
0.004	1
0.004	1
0.004	1
0.004	1
0.004	1
0.004	1
0.004	1
0.004	1
0.004	1
0.004	1
0.004	1
0.004	1
0.004	1
0.004	1
0.004	1
0.004	1
0.004	1
0.004	1
0.004	1
0.004	1
0.004	1
0.004	1
0.004	1
0.004	1
0.004	1
0.004	1
0.004	1
0.004	1
0.004	1
0.004	1
0.004	1
0.004	1
0.004	1
0.004	1
0.004	1
0.004	1
0.004	1
0.004	1
0.004	1
0.005	1
0.005	1
0.005	1
0.005	1
0.005	1
0.005	1
0.005	1
0.005	1
0.005	1
0.005	1
0.005	1
0.005	1
0.005	1
0.005	1
0.005	1
0.005	1
0.005	1
0.005	1
0.005	1
0.005	1
0.005	1
0.005	1
0.005	1
0.005	1
0.005	1
0.005	1
0.005	1
0.005	1
0.005	1
0.005	1
0.005	1
0.005	1
0.005	1
0.005	1
0.005	1
0.005	1
0.005	1
0.005	1
0.005	1
0.005	1
0.005	1
0.005	1
0.005	1
0.005	1
0.005	1
0.005	1
0.005	1
0.005	1
0.005	1
0.005	1
0.005	1
0.005	1
0.005	1
0.005	1
0.005	1
0.005	1
0.005	1
0.005	1
0.005	1
0.005	1
0.005	1
0.005	1
0.005	1
0.005	1
0.005	1
0.005	1
0.005	1
0.005	1
0.005	1
0.005	1
0.005	1
0.005	1
0.005	1
0.005	1
0.005	1
0.005	1
0.005	1
0.005	1
0.005	1
0.005	1
0.005	1
0.005	1
0.005	1
0.005	1
0.005	1
0.005	1
0.005	1
0.005	1
0.005	1
0.005	1
0.005	1
0.005	1
0.005	1
0.005	1
0.005	1
0.005	1
0.005	1
0.005	1
0.005	1
0.006	1
0.006	1
0.006	1
0.006	1
0.006	1
0.006	1
0.006	1
0.006	1
0.006	1
0.006	1
0.006	1
0.006	1
0.006	1
0.006	1
0.006	1
0.006	1
0.006	1
0.006	1
0.006	1
0.006	1
0.006	1
0.006	1
0.006	1
0.006	1
0.006	1
0.006	1
0.006	1
0.006	1
0.006	1
0.006	1
0.006	1
0.006	1
0.006	1
0.006	1
0.006	1
0.006	1
0.006	1
0.006	1
0.006	1
0.006	1
0.006	1
0.006	1
0.006	1
0.006	1
0.006	1
0.006	1
0.006	1
0.006	1
0.006	1
0.006	1
0.006	1
0.006	1
0.006	1
0.006	1
0.006	1
0.006	1
0.006	1
0.006	1
0.006	1
0.006	1
0.006	1
0.006	1
0.006	1
0.006	1
0.006	1
0.006	1
0.006	1
0.006	1
0.006	1
0.006	1
0.006	1
0.006	1
0.006	1
0.006	1
0.006	1
0.006	1
0.006	1
0.006	1
0.006	1
0.006	1
0.006	1
0.006	1
0.006	1
0.006	1
0.006	1
0.006	1
0.006	1
0.006	1
0.006	1
0.006	1
0.006	1
0.006	1
0.006	1
0.006	1
0.006	1
0.006	1
0.006	1
0.007	1
0.007	1
0.007	1
0.007	1
0.007	1
0.007	1
0.007	1
0.007	1
0.007	1
0.007	1
0.007	1
0.007	1
0.007	1
0.007	1
0.007	1
0.007	1
0.007	1
0.007	1
0.007	1
0.007	1
0.007	1
0.007	1
0.007	1
0.007	1
0.007	1
0.007	1
0.007	1
0.007	1
0.007	1
0.007	1
0.007	1
0.007	1
0.007	1
0.007	1
0.007	1
0.007	1
0.007	1
0.007	1
0.007	1
0.007	1
0.007	1
0.007	1
0.007	1
0.007	1
0.007	1
0.007	1
0.007	1
0.007	1
0.007	1
0.007	1
0.007	1
0.007	1
0.007	1
0.007	1
0.007	1
0.007	1
0.007	1
0.007	1
0.007	1
0.007	1
0.007	1
0.007	1
0.007	1
0.007	1
0.007	1
0.007	1
0.007	1
0.007	1
0.007	1
0.007	1
0.007	1
0.007	1
0.007	1
0.007	1
0.007	1
0.007	1
0.007	1
0.007	1
0.007	1
0.007	1
0.007	1
0.007	1
0.007	1
0.007	1
0.007	1
0.007	1
0.007	1
0.007	1
0.007	1
0.008	1
0.008	1
0.008	1
0.008	1
0.008	1
0.008	1
0.008	1
0.008	1
0.008	1
0.008	1
0.008	1
0.008	1
0.008	1
0.008	1
0.008	1
0.008	1
0.008	1
0.008	1
0.008	1
0.008	1
0.008	1
0.008	1
0.008	1
0.008	1
0.008	1
0.008	1
0.008	1
0.008	1
0.008	1
0.008	1
0.008	1
0.008	1
0.008	1
0.008	1
0.008	1
0.008	1
0.008	1
0.008	1
0.008	1
0.008	1
0.008	1
0.008	1
0.008	1
0.008	1
0.008	1
0.008	1
0.008	1
0.008	1
0.008	1
0.008	1
0.008	1
0.008	1
0.008	1
0.008	1
0.008	1
0.008	1
0.008	1
0.008	1
0.008	1
0.008	1
0.008	1
0.008	1
0.008	1
0.008	1
0.008	1
0.008	1
0.008	1
0.008	1
0.008	1
0.008	1
0.008	1
0.008	1
0.008	1
0.008	1
0.008	1
0.008	1
0.008	1
0.008	1
0.008	1
0.008	1
0.008	1
0.008	1
0.008	1
0.009	1
0.009	1
0.009	1
0.009	1
0.009	1
0.009	1
0.009	1
0.009	1
0.009	1
0.009	1
0.009	1
0.009	1
0.009	1
0.009	1
0.009	1
0.009	1
0.009	1
0.009	1
0.009	1
0.009	1
0.009	1
0.009	1
0.009	1
0.009	1
0.009	1
0.009	1
0.009	1
0.009	1
0.009	1
0.009	1
0.009	1
0.009	1
0.009	1
0.009	1
0.009	1
0.009	1
0.009	1
0.009	1
0.009	1
0.009	1
0.009	1
0.009	1
0.009	1
0.009	1
0.009	1
0.009	1
0.009	1
0.009	1
0.009	1
0.009	1
0.009	1
0.009	1
0.009	1
0.009	1
0.009	1
0.009	1
0.009	1
0.009	1
0.009	1
0.009	1
0.009	1
0.009	1
0.009	1
0.009	1
0.009	1
0.009	1
0.009	1
0.009	1
0.009	1
0.009	1
0.009	1
0.009	1
0.009	1
0.009	1
0.009	1
0.009	1
0.009	1
0.009	1
0.009	1
0.01	1
0.01	1
0.01	1
0.01	1
0.01	1
0.01	1
0.01	1
0.01	1
0.01	1
0.01	1
0.01	1
0.01	1
0.01	1
0.01	1
0.01	1
0.01	1
0.01	1
0.01	1
0.01	1
0.01	1
0.01	1
0.01	1
0.01	1
0.01	1
0.01	1
0.01	1
0.01	1
0.01	1
0.01	1
0.01	1
0.01	1
0.01	1
0.01	1
0.01	1
0.01	1
0.01	1
0.01	1
0.01	1
0.01	1
0.01	1
0.01	1
0.01	1
0.01	1
0.01	1
0.01	1
0.01	1
0.01	1
0.01	1
0.01	1
0.01	1
0.01	1
0.01	1
0.01	1
0.01	1
0.01	1
0.01	1
0.01	1
0.011	1
0.011	1
0.011	1
0.011	1
0.011	1
0.011	1
0.011	1
0.011	1
0.011	1
0.011	1
0.011	1
0.011	1
0.011	1
0.011	1
0.011	1
0.011	1
0.011	1
0.011	1
0.011	1
0.011	1
0.011	1
0.011	1
0.011	1
0.011	1
0.011	1
0.011	1
0.011	1
0.011	1
0.011	1
0.011	1
0.011	1
0.011	1
0.011	1
0.011	1
0.011	1
0.011	1
0.011	1
0.011	1
0.011	1
0.011	1
0.011	1
0.011	1
0.011	1
0.011	1
0.011	1
0.011	1
0.011	1
0.011	1
0.011	1
0.011	1
0.011	1
0.011	1
0.011	1
0.011	1
0.011	1
0.011	1
0.011	1
0.011	1
0.011	1
0.011	1
0.011	1
0.011	1
0.011	1
0.011	1
0.011	1
0.011	1
0.011	1
0.011	1
0.011	1
0.011	1
0.012	1
0.012	1
0.012	1
0.012	1
0.012	1
0.012	1
0.012	1
0.012	1
0.012	1
0.012	1
0.012	1
0.012	1
0.012	1
0.012	1
0.012	1
0.012	1
0.012	1
0.012	1
0.012	1
0.012	1
0.012	1
0.012	1
0.012	1
0.012	1
0.012	1
0.012	1
0.012	1
0.012	1
0.012	1
0.012	1
0.012	1
0.012	1
0.012	1
0.012	1
0.012	1
0.012	1
0.012	1
0.012	1
0.012	1
0.012	1
0.012	1
0.012	1
0.012	1
0.012	1
0.012	1
0.012	1
0.012	1
0.012	1
0.012	1
0.012	1
0.012	1
0.012	1
0.012	1
0.012	1
0.012	1
0.012	1
0.012	1
0.012	1
0.012	1
0.012	1
0.012	1
0.013	1
0.013	1
0.013	2
0.013	1
0.013	1
0.013	1
0.013	1
0.013	1
0.013	1
0.013	1
0.013	1
0.013	1
0.013	1
0.013	1
0.013	1
0.013	1
0.013	1
0.013	1
0.013	1
0.013	1
0.013	1
0.013	1
0.013	1
0.013	1
0.013	1
0.013	1
0.013	1
0.013	1
0.013	1
0.013	1
0.013	1
0.013	1
0.013	1
0.013	1
0.013	1
0.013	1
0.013	1
0.013	1
0.013	1
0.013	1
0.013	1
0.013	1
0.013	1
0.013	1
0.013	1
0.013	1
0.013	1
0.013	1
0.013	1
0.013	1
0.013	1
0.013	1
0.013	1
0.013	1
0.013	1
0.013	1
0.013	1
0.014	1
0.014	1
0.014	1
0.014	1
0.014	1
0.014	1
0.014	1
0.014	1
0.014	1
0.014	1
0.014	1
0.014	1
0.014	1
0.014	1
0.014	1
0.014	1
0.014	1
0.014	1
0.014	1
0.014	1
0.014	1
0.014	1
0.014	1
0.014	1
0.014	1
0.014	1
0.014	1
0.014	1
0.014	1
0.014	1
0.014	1
0.014	1
0.014	1
0.014	1
0.014	1
0.014	1
0.014	1
0.014	1
0.014	1
0.014	1
0.014	1
0.014	1
0.014	1
0.014	1
0.014	1
0.014	1
0.014	1
0.014	1
0.014	1
0.014	1
0.014	1
0.014	1
0.014	1
0.014	1
0.014	1
0.014	1
0.014	1
0.015	1
0.015	2
0.015	1
0.015	1
0.015	1
0.015	1
0.015	1
0.015	1
0.015	1
0.015	1
0.015	1
0.015	2
0.015	2
0.015	2
0.015	1
0.015	1
0.015	1
0.015	1
0.015	1
0.015	1
0.015	1
0.015	1
0.015	1
0.015	1
0.015	1
0.015	1
0.015	1
0.015	1
0.015	1
0.015	1
0.015	1
0.015	1
0.015	1
0.015	1
0.015	1
0.015	1
0.015	1
0.015	1
0.015	1
0.015	1
0.015	1
0.015	1
0.015	1
0.015	1
0.015	1
0.015	1
0.015	1
0.015	1
0.015	1
0.015	1
0.015	1
0.015	1
0.015	1
0.015	1
0.015	1
0.015	1
0.015	1
0.015	1
0.015	1
0.016	1
0.016	1
0.016	2
0.016	1
0.016	1
0.016	1
0.016	1
0.016	1
0.016	1
0.016	1
0.016	1
0.016	1
0.016	2
0.016	1
0.016	1
0.016	1
0.016	1
0.016	1
0.016	1
0.016	1
0.016	1
0.016	1
0.016	1
0.016	1
0.016	1
0.016	1
0.016	1
0.016	1
0.016	1
0.016	1
0.016	1
0.016	1
0.016	1
0.016	1
0.016	1
0.016	1
0.016	1
0.016	1
0.016	1
0.016	1
0.016	1
0.016	1
0.016	1
0.016	1
0.016	1
0.016	1
0.016	1
0.016	1
0.016	1
0.016	1
0.016	1
0.016	1
0.017	1
0.017	1
0.017	1
0.017	1
0.017	1
0.017	1
0.017	1
0.017	1
0.017	1
0.017	2
0.017	2
0.017	1
0.017	1
0.017	1
0.017	1
0.017	1
0.017	1
0.017	1
0.017	1
0.017	1
0.017	1
0.017	1
0.017	1
0.017	1
0.017	1
0.017	1
0.017	1
0.017	1
0.017	1
0.017	1
0.017	1
0.017	1
0.017	1
0.017	1
0.017	1
0.017	1
0.017	1
0.017	1
0.017	1
0.017	1
0.017	1
0.017	1
0.017	1
0.017	1
0.018	2
0.018	1
0.018	1
0.018	1
0.018	1
0.018	1
0.018	1
0.018	1
0.018	1
0.018	2
0.018	2
0.018	1
0.018	1
0.018	1
0.018	1
0.018	1
0.018	1
0.018	1
0.018	1
0.018	1
0.018	1
0.018	1
0.018	1
0.018	1
0.018	1
0.018	1
0.018	1
0.018	1
0.018	1
0.018	1
0.018	1
0.018	1
0.018	1
0.018	1
0.018	1
0.018	1
0.018	1
0.018	1
0.018	1
0.018	1
0.018	1
0.018	1
0.018	1
0.018	1
0.018	1
0.018	1
0.019	1
0.019	1
0.019	1
0.019	1
0.019	1
0.019	1
0.019	1
0.019	1
0.019	1
0.019	1
0.019	1
0.019	1
0.019	1
0.019	1
0.019	2
0.019	2
0.019	1
0.019	1
0.019	1
0.019	1
0.019	1
0.019	1
0.019	1
0.019	1
0.019	1
0.019	1
0.019	1
0.019	1
0.019	1
0.019	1
0.019	1
0.019	1
0.019	1
0.019	1
0.019	1
0.019	1
0.019	1
0.019	1
0.019	1
0.019	1
0.019	1
0.02	1
0.02	1
0.02	1
0.02	1
0.02	1
0.02	1
0.02	1
0.02	1
0.02	1
0.02	1
0.02	1
0.02	1
0.02	1
0.02	2
0.02	2
0.02	1
0.02	1
0.02	1
0.02	1
0.02	1
0.02	1
0.02	1
0.02	1
0.02	1
0.02	1
0.02	1
0.02	1
0.02	1
0.02	1
0.02	1
0.02	1
0.02	1
0.02	1
0.02	1
0.02	1
0.02	1
0.02	1
0.02	1
0.02	1
0.02	1
0.02	1
0.02	1
0.02	1
0.02	1
0.02	1
0.021	1
0.021	1
0.021	1
0.021	1
0.021	1
0.021	1
0.021	1
0.021	1
0.021	1
0.021	2
0.021	1
0.021	1
0.021	1
0.021	1
0.021	1
0.021	1
0.021	1
0.021	1
0.021	1
0.021	1
0.021	1
0.021	1
0.021	1
0.021	1
0.021	1
0.021	1
0.021	1
0.021	1
0.021	1
0.021	1
0.021	1
0.021	1
0.021	1
0.021	1
0.021	1
0.021	1
0.021	1
0.021	1
0.022	1
0.022	1
0.022	2
0.022	2
0.022	2
0.022	1
0.022	1
0.022	1
0.022	1
0.022	1
0.022	1
0.022	1
0.022	2
0.022	2
0.022	1
0.022	1
0.022	2
0.022	1
0.022	1
0.022	1
0.022	1
0.022	1
0.022	1
0.022	1
0.022	1
0.022	1
0.022	1
0.022	1
0.022	1
0.022	1
0.022	1
0.022	1
0.022	1
0.022	1
0.022	1
0.023	1
0.023	2
0.023	1
0.023	1
0.023	1
0.023	1
0.023	1
0.023	1
0.023	2
0.023	2
0.023	1
0.023	2
0.023	2
0.023	2
0.023	2
0.023	1
0.023	1
0.023	1
0.023	1
0.023	1
0.023	1
0.023	1
0.023	1
0.023	1
0.023	1
0.023	1
0.023	1
0.023	1
0.023	1
0.023	1
0.023	1
0.023	1
0.024	1
0.024	1
0.024	1
0.024	1
0.024	1
0.024	1
0.024	1
0.024	1
0.024	1
0.024	1
0.024	1
0.024	1
0.024	2
0.024	1
0.024	1
0.024	1
0.024	1
0.024	1
0.024	1
0.024	1
0.024	1
0.024	1
0.024	1
0.024	1
0.024	1
0.025	1
0.025	2
0.025	1
0.025	1
0.025	1
0.025	1
0.025	1
0.025	2
0.025	1
0.025	1
0.025	1
0.025	1
0.025	1
0.025	2
0.025	2
0.025	2
0.025	2
0.025	1
0.025	1
0.025	1
0.025	1
0.025	1
0.025	1
0.025	1
0.025	1
0.025	1
0.025	1
0.026	1
0.026	1
0.026	1
0.026	2
0.026	2
0.026	2
0.026	1
0.026	1
0.026	1
0.026	2
0.026	2
0.026	2
0.026	2
0.026	1
0.026	1
0.026	1
0.026	1
0.026	1
0.026	2
0.026	2
0.026	2
0.026	1
0.026	1
0.026	1
0.026	1
0.026	1
0.026	1
0.026	1
0.026	1
0.026	1
0.026	1
0.027	1
0.027	2
0.027	1
0.027	1
0.027	1
0.027	1
0.027	1
0.027	1
0.027	1
0.027	1
0.027	1
0.027	1
0.027	1
0.027	2
0.027	1
0.027	1
0.027	1
0.027	1
0.027	1
0.027	1
0.027	1
0.027	2
0.027	2
0.027	2
0.027	1
0.027	1
0.027	1
0.027	1
0.027	1
0.027	1
0.027	1
0.027	1
0.027	1
0.027	1
0.028	2
0.028	2
0.028	1
0.028	1
0.028	1
0.028	1
0.028	1
0.028	1
0.028	1
0.028	1
0.028	2
0.028	2
0.028	2
0.028	2
0.028	1
0.028	1
0.028	1
0.028	1
0.028	1
0.028	1
0.028	2
0.028	2
0.028	2
0.028	1
0.028	1
0.028	1
0.028	1
0.028	1
0.028	1
0.028	1
0.029	1
0.029	1
0.029	1
0.029	1
0.029	2
0.029	2
0.029	1
0.029	1
0.029	1
0.029	1
0.029	1
0.029	1
0.029	1
0.029	1
0.029	1
0.029	1
0.029	1
0.029	2
0.029	2
0.029	2
0.029	1
0.029	1
0.029	1
0.029	1
0.029	1
0.029	1
0.029	2
0.029	2
0.029	1
0.029	1
0.029	1
0.029	1
0.029	1
0.029	1
0.03	1
0.03	1
0.03	1
0.03	1
0.03	2
0.03	2
0.03	1
0.03	1
0.03	1
0.03	1
0.03	1
0.03	1
0.03	1
0.03	1
0.03	1
0.03	1
0.03	1
0.03	1
0.03	2
0.03	2
0.03	2
0.03	1
0.03	1
0.03	1
0.03	1
0.03	1
0.03	2
0.03	2
0.03	2
0.03	1
0.03	1
0.031	1
0.031	2
0.031	2
0.031	1
0.031	1
0.031	1
0.031	1
0.031	1
0.031	1
0.031	1
0.031	1
0.031	1
0.031	2
0.031	2
0.031	2
0.031	1
0.031	1
0.031	1
0.031	1
0.031	1
0.031	2
0.031	2
0.031	2
0.031	1
0.032	1
0.032	1
0.032	1
0.032	1
0.032	1
0.032	1
0.032	1
0.032	1
0.032	1
0.032	1
0.032	1
0.032	1
0.032	1
0.032	2
0.032	2
0.032	1
0.032	1
0.032	1
0.032	1
0.032	1
0.032	1
0.032	2
0.032	2
0.032	2
0.032	2
0.032	1
0.032	1
0.032	1
0.032	1
0.033	1
0.033	1
0.033	1
0.033	1
0.033	1
0.033	2
0.033	1
0.033	1
0.033	1
0.033	1
0.033	1
0.033	1
0.033	1
0.033	1
0.033	1
0.033	1
0.033	1
0.033	2
0.033	2
0.033	2
0.033	1
0.033	1
0.033	1
0.033	1
0.033	1
0.033	1
0.033	1
0.033	2
0.033	2
0.033	1
0.033	1
0.033	1
0.034	1
0.034	1
0.034	1
0.034	2
0.034	2
0.034	2
0.034	2
0.034	1
0.034	1
0.034	1
0.034	1
0.034	1
0.034	1
0.034	1
0.034	1
0.034	1
0.034	2
0.034	2
0.034	2
0.034	1
0.034	1
0.034	1
0.034	1
0.034	1
0.034	1
0.034	2
0.034	2
0.034	1
0.034	1
0.034	1
0.034	1
0.035	1
0.035	1
0.035	1
0.035	1
0.035	2
0.035	1
0.035	1
0.035	1
0.035	1
0.035	1
0.035	1
0.035	1
0.035	1
0.035	1
0.035	1
0.035	1
0.035	1
0.035	1
0.035	2
0.035	2
0.035	2
0.035	2
0.035	1
0.035	1
0.035	1
0.035	1
0.035	1
0.035	1
0.035	1
0.035	1
0.035	1
0.036	1
0.036	1
0.036	2
0.036	2
0.036	2
0.036	2
0.036	1
0.036	1
0.036	1
0.036	1
0.036	1
0.036	1
0.036	1
0.036	1
0.036	1
0.036	1
0.036	1
0.036	1
0.036	1
0.036	1
0.036	2
0.036	2
0.036	1
0.036	1
0.036	1
0.036	1
0.036	1
0.036	1
0.036	1
0.037	1
0.037	1
0.037	1
0.037	2
0.037	2
0.037	2
0.037	1
0.037	1
0.037	1
0.037	1
0.037	1
0.037	1
0.037	1
0.037	1
0.037	1
0.037	1
0.037	1
0.037	2
0.037	2
0.037	1
0.037	1
0.037	1
0.037	1
0.037	1
0.037	1
0.037	1
0.038	1
0.038	1
0.038	1
0.038	1
0.038	1
0.038	1
0.038	2
0.038	2
0.038	2
0.038	1
0.038	1
0.038	1
0.038	1
0.038	1
0.038	1
0.038	1
0.038	1
0.038	1
0.038	1
0.038	1
0.038	1
0.038	1
0.038	1
0.038	1
0.038	1
0.039	1
0.039	2
0.039	2
0.039	2
0.039	1
0.039	1
0.039	1
0.039	1
0.039	1
0.039	1
0.039	1
0.039	1
0.039	1
0.04	1
0.04	1
0.04	1
0.04	1
0.04	1
0.04	2
0.04	2
0.04	1
0.04	1
0.04	1
0.04	1
0.04	1
0.04	1
0.04	1
0.04	1
0.04	1
0.04	1
0.041	1
0.041	1
0.041	1
0.041	1
0.041	1
0.041	1
0.041	1
0.041	2
0.041	2
0.041	2
0.041	1
0.041	1
0.041	1
0.041	1
0.041	1
0.041	1
0.041	1
0.041	1
0.041	1
0.041	1
0.042	1
0.042	1
0.042	1
0.042	1
0.042	2
0.042	2
0.042	2
0.042	1
0.042	1
0.042	1
0.042	1
0.042	1
0.042	1
0.043	1
0.043	1
0.043	1
0.043	1
0.043	1
0.043	1
0.043	1
0.043	2
0.043	2
0.043	2
0.043	2
0.043	1
0.043	1
0.043	2
0.043	1
0.043	1
0.043	1
0.043	1
0.043	1
0.043	1
0.043	1
0.043	1
0.043	1
0.044	1
0.044	1
0.044	1
0.044	1
0.044	1
0.044	2
0.044	2
0.044	1
0.044	1
0.044	1
0.044	1
0.044	1
0.044	1
0.044	1
0.044	1
0.044	1
0.044	1
0.045	1
0.045	1
0.045	1
0.045	1
0.045	1
0.045	1
0.045	2
0.045	2
0.045	1
0.045	1
0.045	1
0.046	1
0.046	1
0.046	1
0.046	1
0.046	1
0.046	1
0.046	2
0.046	1
0.046	1
0.046	1
0.046	1
0.046	1
0.046	1
0.046	1
0.046	1
0.046	1
0.046	1
0.046	1
0.047	1
0.047	1
0.047	1
0.047	1
0.047	1
0.047	1
0.047	2
0.047	1
0.047	1
0.047	1
0.047	1
0.047	1
0.047	1
0.047	1
0.048	1
0.048	1
0.048	1
0.048	1
0.048	1
0.048	1
0.048	1
0.048	1
0.048	1
0.048	1
0.048	1
0.049	1
0.049	1
0.049	1
0.049	1
0.049	1
0.049	1
0.049	1
0.049	1
0.049	1
0.049	1
0.049	1
0.049	1
0.049	1
0.049	1
0.05	1
0.05	1
0.05	1
0.05	1
0.05	2
0.05	1
0.05	1
0.05	1
0.05	1
0.05	1
0.05	1
0.05	1
0.05	1
0.05	1
0.05	1
0.05	1
0.051	1
0.051	1
0.051	1
0.051	1
0.051	1
0.051	1
0.051	1
0.051	1
0.051	1
0.051	1
0.051	1
0.052	1
0.052	1
0.052	1
0.052	1
0.052	1
0.052	1
0.052	1
0.052	1
0.052	1
0.052	1
0.052	1
0.052	1
0.052	1
0.052	1
0.052	1
0.052	1
0.053	1
0.053	2
0.053	1
0.053	1
0.053	1
0.053	1
0.053	1
0.053	1
0.053	1
0.053	1
0.053	1
0.053	1
0.054	2
0.054	1
0.054	1
0.054	1
0.054	1
0.054	1
0.054	1
0.054	1
0.055	1
0.055	1
0.055	1
0.055	1
0.055	1
0.055	1
0.055	1
0.055	1
0.055	1
0.055	1
0.055	1
0.055	1
0.055	1
0.055	1
0.056	1
0.056	1
0.056	1
0.056	1
0.056	1
0.056	1
0.056	1
0.056	1
0.056	1
0.057	1
0.057	1
0.057	1
0.057	1
0.057	1
0.057	1
0.057	1
0.057	1
0.057	1
0.058	1
0.058	1
0.058	1
0.058	1
0.058	1
0.058	1
0.058	1
0.058	1
0.058	1
0.058	1
0.058	1
0.059	1
0.059	1
0.059	1
0.059	1
0.059	1
0.059	1
0.059	1
0.059	1
0.059	1
0.059	1
0.059	1
0.059	1
0.059	1
0.059	1
0.059	1
0.059	1
0.059	1
0.06	1
0.06	1
0.06	1
0.06	1
0.06	1
0.061	1
0.061	1
0.061	1
0.061	1
0.061	1
0.061	1
0.061	1
0.061	1
0.061	1
0.061	1
0.061	1
0.062	1
0.062	1
0.062	2
0.062	1
0.062	1
0.062	1
0.062	1
0.062	1
0.062	1
0.063	1
0.063	1
0.063	1
0.063	1
0.063	1
0.063	1
0.064	1
0.064	1
0.064	1
0.064	1
0.064	1
0.064	1
0.064	1
0.064	1
0.065	1
0.065	1
0.065	1
0.065	2
0.065	1
0.065	1
0.065	1
0.065	1
0.065	1
0.066	2
0.066	1
0.066	2
0.066	1
0.066	1
0.066	1
0.066	1
0.066	1
0.067	1
0.067	2
0.067	1
0.067	1
0.067	1
0.067	1
0.068	1
0.068	1
0.068	1
0.068	1
0.068	2
0.068	1
0.068	1
0.068	1
0.068	1
0.068	1
0.069	2
0.069	2
0.069	1
0.069	1
0.07	2
0.07	1
0.07	1
0.07	1
0.07	1
0.07	1
0.071	1
0.071	1
0.071	1
0.071	2
0.071	1
0.071	1
0.071	1
0.072	2
0.072	1
0.072	1
0.072	2
0.072	1
0.073	2
0.073	1
0.073	1
0.073	2
0.073	1
0.073	1
0.074	1
0.074	1
0.074	1
0.074	1
0.074	1
0.075	1
0.075	2
0.076	1
0.076	1
0.077	2
0.077	1
0.077	1
0.077	1
0.077	1
0.078	2
0.078	1
0.079	1
0.079	1
0.079	1
0.079	1
0.08	2
0.08	1
0.08	1
0.08	2
0.08	1
0.081	1
0.081	2
0.081	1
0.082	2
0.082	1
0.082	2
0.083	1
0.083	1
0.084	1
0.084	1
0.084	1
0.084	2
0.084	1
0.085	2
0.085	1
0.085	1
0.085	1
0.086	2
0.086	1
0.086	1
0.086	1
0.086	1
0.086	1
0.087	2
0.087	1
0.087	2
0.087	1
0.087	1
0.087	1
0.087	1
0.087	1
0.088	1
0.088	2
0.088	1
0.088	1
0.088	1
0.088	1
0.089	2
0.089	1
0.089	1
0.089	1
0.09	1
0.09	1
0.09	1
0.091	3
0.091	1
0.091	1
0.091	1
0.092	1
0.092	1
0.092	1
0.092	1
0.092	1
0.092	1
0.093	1
0.093	2
0.093	1
0.093	1
0.093	1
0.093	1
0.093	1
0.093	1
0.093	1
0.094	1
0.094	2
0.094	1
0.094	1
0.094	1
0.094	1
0.094	2
0.094	1
0.094	1
0.094	1
0.095	2
0.095	2
0.095	1
0.095	1
0.095	1
0.095	1
0.096	2
0.096	1
0.096	1
0.096	1
0.096	1
0.096	1
0.096	1
0.096	1
0.096	1
0.096	1
0.096	1
0.097	2
0.097	1
0.097	1
0.097	1
0.097	1
0.097	1
0.097	1
0.098	1
0.098	1
0.098	1
0.098	2
0.098	1
0.098	1
0.098	1
0.099	2
0.099	1
0.099	1
0.099	1
0.099	1
0.099	1
0.099	1
0.099	1
0.099	1
0.099	1
0.1	2
0.1	2
0.1	1
0.1	1
0.1	1
0.1	1
0.1	1
0.1	1
0.1	1
0.1	1
0.1	1
0.101	1
0.101	1
0.101	1
0.101	1
0.101	1
0.101	1
0.101	1
0.101	1
0.101	1
0.101	2
0.101	1
0.101	1
0.101	1
0.102	2
0.102	2
0.102	1
0.102	1
0.102	1
0.102	1
0.102	1
0.102	1
0.102	1
0.102	1
0.103	2
0.103	1
0.103	1
0.103	1
0.103	1
0.103	1
0.103	1
0.103	1
0.103	1
0.103	1
0.104	1
0.104	1
0.104	1
0.104	1
0.104	1
0.104	1
0.104	1
0.104	1
0.104	1
0.105	1
0.105	1
0.105	1
0.105	1
0.105	1
0.105	1
0.105	1
0.105	1
0.105	1
0.106	2
0.106	1
0.106	1
0.106	1
0.106	1
0.107	1
0.107	2
0.107	1
0.107	1
0.107	1
0.107	1
0.107	1
0.107	1
0.107	1
0.107	1
0.107	1
0.107	1
0.108	2
0.108	1
0.108	1
0.108	1
0.108	1
0.108	1
0.108	1
0.108	1
0.109	2
0.109	1
0.109	1
0.109	1
0.11	2
0.11	1
0.11	1
0.11	1
0.11	1
0.11	1
0.11	1
0.11	1
0.111	1
0.111	2
0.111	1
0.111	1
0.112	1
0.112	1
0.112	1
0.112	1
0.113	1
0.113	1
0.113	1
0.113	1
0.113	1
0.113	1
0.114	1
0.114	1
0.114	2
0.114	3
0.114	1
0.114	1
0.114	1
0.115	1
0.115	2
0.115	1
0.115	1
0.115	1
0.115	2
0.115	1
0.115	1
0.115	1
0.116	1
0.116	1
0.116	1
0.116	1
0.116	1
0.116	1
0.116	1
0.116	1
0.117	2
0.117	1
0.117	1
0.118	1
0.118	1
0.118	1
0.118	1
0.118	1
0.118	1
0.118	1
0.119	3
0.119	1
0.119	2
0.119	1
0.119	1
0.119	1
0.119	1
0.119	1
0.119	1
0.119	1
0.119	1
0.12	1
0.12	1
0.12	1
0.12	1
0.12	2
0.12	1
0.12	1
0.12	1
0.12	1
0.12	1
0.121	2
0.121	1
0.121	1
0.121	1
0.121	1
0.121	1
0.121	1
0.121	1
0.121	1
0.121	1
0.121	1
0.121	1
0.122	2
0.122	1
0.122	2
0.122	1
0.122	1
0.122	1
0.122	1
0.122	1
0.122	1
0.122	1
0.122	2
0.122	1
0.122	1
0.122	1
0.123	2
0.123	1
0.123	2
0.123	1
0.123	1
0.123	1
0.123	1
0.123	1
0.123	1
0.123	1
0.124	1
0.124	1
0.124	1
0.124	1
0.124	1
0.124	1
0.124	1
0.124	1
0.124	1
0.124	1
0.124	1
0.124	1
0.124	1
0.125	1
0.125	1
0.125	1
0.125	1
0.125	1
0.125	1
0.125	1
0.125	1
0.125	1
0.126	3
0.126	1
0.126	2
0.126	1
0.126	1
0.126	1
0.126	1
0.126	1
0.126	1
0.126	1
0.126	2
0.126	1
0.126	1
0.126	1
0.127	1
0.127	1
0.127	1
0.127	1
0.127	2
0.127	1
0.127	1
0.127	1
0.127	1
0.127	1
0.127	2
0.127	1
0.128	2
0.128	1
0.128	3
0.128	1
0.128	1
0.128	1
0.128	1
0.128	1
0.128	1
0.128	1
0.128	1
0.128	1
0.129	1
0.129	2
0.129	1
0.129	1
0.129	1
0.129	1
0.129	1
0.129	1
0.129	1
0.129	1
0.129	2
0.129	1
0.129	1
0.129	1
0.129	1
0.129	1
0.129	1
0.129	1
0.13	2
0.13	2
0.13	1
0.13	3
0.13	1
0.13	1
0.13	1
0.13	1
0.13	1
0.13	1
0.13	2
0.13	1
0.13	1
0.13	1
0.131	1
0.131	1
0.131	2
0.131	1
0.131	1
0.131	1
0.131	1
0.131	1
0.131	1
0.131	1
0.131	1
0.131	2
0.131	1
0.131	1
0.131	1
0.132	2
0.132	1
0.132	1
0.132	1
0.132	1
0.132	1
0.132	1
0.132	1
0.132	1
0.132	1
0.132	2
0.132	1
0.132	1
0.133	2
0.133	3
0.133	1
0.133	1
0.133	3
0.133	1
0.133	1
0.133	2
0.133	1
0.133	1
0.133	1
0.133	1
0.133	1
0.133	2
0.133	1
0.133	1
0.133	1
0.134	2
0.134	2
0.134	1
0.134	1
0.134	1
0.134	1
0.134	1
0.134	1
0.134	1
0.134	1
0.134	1
0.134	2
0.134	1
0.135	1
0.135	2
0.135	1
0.135	1
0.135	1
0.135	3
0.135	1
0.135	1
0.135	1
0.135	1
0.135	1
0.135	1
0.135	1
0.135	1
0.135	1
0.135	2
0.136	1
0.136	2
0.136	2
0.136	1
0.136	2
0.136	1
0.136	1
0.136	1
0.136	1
0.136	1
0.136	1
0.136	1
0.136	1
0.136	1
0.137	2
0.137	2
0.137	2
0.137	1
0.137	1
0.137	1
0.137	1
0.137	1
0.137	1
0.137	2
0.137	1
0.137	1
0.137	1
0.137	1
0.137	1
0.137	1
0.137	1
0.137	1
0.137	1
0.138	1
0.138	1
0.138	1
0.138	2
0.138	1
0.138	1
0.138	1
0.138	1
0.138	1
0.138	1
0.138	1
0.138	1
0.139	1
0.139	3
0.139	1
0.139	1
0.139	1
0.139	1
0.139	1
0.139	1
0.139	1
0.139	1
0.139	1
0.139	1
0.139	2
0.139	2
0.139	1
0.139	1
0.139	1
0.139	1
0.139	1
0.139	1
0.14	1
0.14	2
0.14	1
0.14	1
0.14	1
0.14	1
0.14	1
0.14	1
0.14	2
0.14	1
0.14	1
0.14	1
0.14	1
0.14	2
0.14	2
0.14	1
0.14	1
0.141	2
0.141	2
0.141	2
0.141	1
0.141	1
0.141	1
0.141	1
0.141	1
0.141	2
0.141	2
0.142	1
0.142	1
0.142	1
0.142	2
0.142	1
0.142	1
0.142	1
0.142	1
0.142	1
0.142	1
0.142	1
0.142	1
0.142	1
0.142	1
0.142	1
0.142	1
0.142	1
0.143	1
0.143	1
0.143	2
0.143	1
0.143	1
0.143	3
0.143	1
0.143	1
0.143	1
0.143	1
0.143	1
0.143	1
0.143	1
0.143	1
0.144	2
0.144	2
0.144	1
0.144	1
0.144	1
0.144	1
0.144	1
0.144	1
0.144	1
0.144	1
0.145	2
0.145	2
0.145	1
0.145	1
0.145	1
0.145	1
0.145	1
0.145	1
0.145	1
0.145	1
0.145	1
0.145	1
0.145	1
0.145	1
0.146	1
0.146	2
0.146	3
0.146	1
0.146	1
0.146	1
0.146	2
0.146	2
0.146	1
0.146	1
0.146	1
0.146	1
0.147	3
0.147	1
0.147	2
0.147	2
0.147	1
0.147	1
0.147	1
0.148	2
0.148	2
0.148	1
0.148	1
0.148	1
0.148	1
0.148	1
0.148	1
0.148	1
0.148	1
0.148	1
0.148	1
0.148	1
0.148	1
0.148	1
0.148	1
0.148	1
0.148	1
0.148	1
0.149	2
0.149	1
0.149	2
0.149	1
0.149	1
0.149	1
0.149	1
0.149	1
0.149	1
0.15	2
0.15	2
0.15	1
0.15	1
0.15	1
0.15	1
0.15	1
0.15	1
0.15	1
0.15	1
0.151	2
0.151	3
0.151	1
0.151	2
0.151	2
0.151	1
0.151	1
0.151	1
0.151	1
0.151	1
0.151	1
0.151	1
0.151	2
0.151	2
0.151	1
0.151	1
0.151	1
0.151	1
0.151	1
0.151	1
0.151	1
0.151	1
0.152	1
0.152	3
0.152	1
0.152	3
0.152	3
0.152	1
0.152	1
0.152	1
0.152	1
0.152	2
0.152	2
0.152	1
0.152	1
0.152	2
0.152	1
0.152	1
0.152	1
0.152	1
0.152	1
0.153	1
0.153	1
0.153	1
0.153	1
0.153	1
0.153	1
0.153	2
0.153	2
0.153	2
0.153	1
0.153	2
0.153	1
0.153	1
0.153	1
0.154	2
0.154	3
0.154	2
0.154	2
0.154	1
0.154	1
0.154	1
0.154	1
0.154	1
0.154	2
0.154	2
0.154	1
0.154	1
0.154	1
0.154	1
0.154	2
0.154	2
0.154	2
0.154	1
0.154	1
0.154	1
0.155	2
0.155	1
0.155	2
0.155	1
0.155	2
0.155	2
0.155	1
0.155	1
0.155	1
0.155	1
0.155	1
0.155	1
0.155	2
0.155	1
0.155	1
0.155	1
0.155	2
0.155	1
0.156	3
0.156	1
0.156	2
0.156	1
0.156	1
0.156	1
0.156	1
0.156	1
0.156	1
0.156	1
0.156	1
0.156	1
0.156	2
0.156	2
0.156	1
0.156	1
0.157	1
0.157	1
0.157	2
0.157	1
0.157	1
0.157	1
0.157	1
0.157	1
0.157	1
0.157	1
0.157	1
0.157	1
0.157	1
0.157	1
0.157	1
0.157	1
0.157	1
0.157	1
0.157	2
0.157	1
0.157	1
0.157	1
0.157	1
0.158	2
0.158	3
0.158	1
0.158	3
0.158	2
0.158	2
0.158	1
0.158	1
0.158	2
0.158	2
0.158	1
0.158	1
0.158	1
0.158	1
0.158	1
0.158	2
0.158	1
0.158	1
0.158	1
0.158	1
0.158	1
0.158	2
0.158	1
0.158	1
0.158	1
0.158	1
0.158	1
0.158	2
0.158	2
0.159	1
0.159	1
0.159	1
0.159	1
0.159	1
0.159	2
0.159	1
0.159	1
0.159	1
0.159	2
0.159	1
0.159	2
0.159	1
0.159	1
0.159	1
0.159	1
0.159	1
0.16	2
0.16	1
0.16	2
0.16	2
0.16	1
0.16	1
0.16	1
0.16	1
0.16	1
0.16	1
0.16	1
0.16	1
0.16	1
0.16	1
0.16	1
0.16	1
0.16	1
0.16	2
0.16	1
0.16	1
0.16	2
0.16	2
0.16	2
0.16	2
0.16	1
0.16	1
0.16	1
0.16	1
0.16	1
0.16	1
0.161	2
0.161	2
0.161	1
0.161	2
0.161	1
0.161	1
0.161	1
0.161	1
0.161	1
0.161	1
0.161	1
0.161	1
0.161	2
0.161	1
0.161	1
0.161	2
0.161	1
0.161	1
0.161	1
0.161	1
0.161	2
0.161	2
0.161	1
0.161	1
0.162	2
0.162	1
0.162	3
0.162	1
0.162	3
0.162	1
0.162	1
0.162	1
0.162	1
0.162	2
0.162	2
0.162	2
0.162	2
0.162	1
0.162	2
0.163	2
0.163	1
0.163	1
0.163	1
0.163	1
0.163	1
0.163	1
0.163	1
0.163	1
0.163	1
0.163	1
0.163	1
0.163	1
0.163	2
0.163	2
0.163	2
0.163	1
0.163	1
0.163	1
0.163	1
0.163	1
0.163	1
0.163	1
0.163	2
0.164	1
0.164	2
0.164	2
0.164	2
0.164	3
0.164	3
0.164	1
0.164	1
0.164	1
0.164	1
0.164	1
0.164	1
0.164	2
0.164	1
0.164	1
0.164	1
0.164	1
0.164	1
0.164	1
0.164	1
0.164	1
0.164	2
0.164	1
0.164	1
0.164	1
0.164	1
0.164	1
0.164	1
0.164	2
0.165	2
0.165	2
0.165	2
0.165	3
0.165	1
0.165	1
0.165	3
0.165	1
0.165	1
0.165	2
0.165	1
0.165	1
0.165	1
0.165	1
0.165	2
0.165	2
0.165	1
0.165	2
0.165	1
0.165	2
0.165	1
0.165	1
0.165	1
0.165	1
0.165	1
0.166	3
0.166	1
0.166	1
0.166	1
0.166	1
0.166	1
0.166	1
0.166	1
0.166	1
0.166	1
0.166	1
0.166	1
0.166	1
0.166	1
0.166	2
0.166	2
0.166	1
0.166	1
0.166	1
0.166	1
0.166	2
0.166	2
0.166	1
0.166	2
0.166	1
0.166	2
0.166	1
0.166	1
0.166	1
0.166	1
0.166	2
0.167	2
0.167	1
0.167	2
0.167	2
0.167	2
0.167	2
0.167	2
0.167	1
0.167	1
0.167	3
0.167	1
0.167	2
0.167	1
0.167	1
0.167	1
0.167	1
0.167	1
0.167	1
0.167	2
0.167	2
0.167	1
0.167	1
0.167	1
0.167	1
0.167	2
0.167	1
0.167	1
0.167	2
0.167	2
0.167	1
0.167	2
0.167	1
0.167	1
0.167	1
0.168	1
0.168	2
0.168	1
0.168	1
0.168	2
0.168	1
0.168	1
0.168	1
0.168	1
0.168	1
0.168	2
0.168	1
0.168	1
0.168	2
0.168	2
0.168	2
0.168	1
0.168	1
0.168	1
0.169	2
0.169	2
0.169	3
0.169	1
0.169	1
0.169	1
0.169	1
0.169	1
0.169	1
0.169	1
0.169	1
0.169	2
0.169	2
0.169	1
0.169	1
0.169	1
0.169	1
0.169	1
0.169	1
0.169	1
0.169	1
0.169	1
0.169	2
0.169	1
0.169	1
0.169	1
0.169	2
0.169	1
0.169	1
0.169	1
0.169	2
0.169	1
0.169	1
0.169	2
0.17	2
0.17	1
0.17	1
0.17	1
0.17	2
0.17	1
0.17	1
0.17	1
0.17	1
0.17	1
0.17	2
0.17	1
0.17	1
0.17	1
0.17	2
0.17	1
0.17	1
0.17	1
0.17	2
0.17	2
0.17	1
0.17	1
0.17	1
0.17	1
0.17	2
0.17	2
0.171	3
0.171	3
0.171	1
0.171	1
0.171	1
0.171	3
0.171	1
0.171	1
0.171	2
0.171	1
0.171	1
0.171	1
0.171	2
0.171	1
0.171	1
0.171	1
0.171	2
0.171	2
0.171	1
0.171	1
0.171	2
0.171	1
0.171	1
0.171	1
0.171	1
0.171	1
0.171	1
0.171	1
0.172	2
0.172	1
0.172	1
0.172	1
0.172	2
0.172	2
0.172	1
0.172	1
0.172	1
0.172	1
0.172	1
0.172	1
0.172	1
0.172	1
0.172	1
0.172	1
0.172	1
0.172	2
0.172	1
0.172	1
0.172	1
0.172	2
0.172	1
0.172	1
0.172	1
0.172	1
0.172	1
0.172	1
0.172	2
0.172	1
0.172	2
0.172	2
0.172	1
0.172	1
0.172	2
0.172	2
0.172	1
0.172	1
0.172	1
0.172	2
0.173	2
0.173	2
0.173	2
0.173	2
0.173	2
0.173	2
0.173	2
0.173	1
0.173	1
0.173	1
0.173	3
0.173	3
0.173	1
0.173	1
0.173	2
0.173	1
0.173	1
0.173	1
0.173	1
0.173	1
0.173	2
0.173	1
0.173	1
0.173	1
0.173	2
0.173	2
0.173	2
0.173	1
0.173	1
0.173	2
0.173	2
0.173	1
0.173	1
0.173	1
0.173	1
0.174	2
0.174	2
0.174	2
0.174	1
0.174	2
0.174	1
0.174	1
0.174	1
0.174	2
0.174	1
0.174	1
0.174	1
0.174	1
0.174	1
0.174	2
0.174	1
0.174	1
0.174	2
0.174	1
0.174	1
0.174	2
0.174	2
0.174	2
0.174	2
0.174	2
0.174	1
0.174	2
0.174	1
0.175	2
0.175	3
0.175	3
0.175	1
0.175	1
0.175	2
0.175	1
0.175	1
0.175	1
0.175	1
0.175	1
0.175	1
0.175	1
0.175	2
0.175	1
0.175	1
0.175	1
0.175	1
0.175	1
0.175	2
0.175	1
0.175	1
0.175	1
0.175	1
0.175	1
0.175	2
0.175	2
0.175	1
0.175	1
0.175	1
0.175	1
0.175	1
0.175	2
0.175	1
0.176	2
0.176	2
0.176	1
0.176	1
0.176	2
0.176	2
0.176	2
0.176	1
0.176	1
0.176	2
0.176	2
0.176	1
0.176	1
0.176	1
0.176	1
0.176	2
0.176	1
0.176	1
0.176	1
0.176	1
0.176	1
0.176	1
0.176	2
0.176	2
0.177	2
0.177	2
0.177	1
0.177	1
0.177	3
0.177	1
0.177	1
0.177	1
0.177	2
0.177	1
0.177	1
0.177	1
0.177	1
0.177	1
0.177	2
0.177	1
0.177	1
0.177	1
0.177	1
0.177	2
0.177	2
0.177	2
0.177	1
0.177	1
0.178	1
0.178	1
0.178	1
0.178	1
0.178	1
0.178	1
0.178	1
0.178	1
0.178	3
0.178	1
0.178	1
0.178	1
0.178	2
0.178	1
0.178	2
0.178	1
0.178	1
0.178	1
0.178	1
0.178	2
0.178	2
0.178	1
0.178	1
0.178	1
0.178	1
0.178	1
0.178	1
0.178	1
0.178	1
0.178	2
0.179	2
0.179	2
0.179	1
0.179	2
0.179	2
0.179	1
0.179	1
0.179	1
0.179	1
0.179	3
0.179	1
0.179	1
0.179	1
0.179	2
0.179	2
0.179	1
0.179	1
0.179	1
0.179	1
0.179	1
0.179	2
0.179	1
0.179	1
0.179	1
0.179	2
0.18	2
0.18	2
0.18	2
0.18	2
0.18	1
0.18	1
0.18	2
0.18	1
0.18	1
0.18	1
0.18	1
0.18	1
0.18	2
0.18	1
0.18	1
0.18	1
0.18	1
0.18	1
0.18	2
0.18	1
0.18	1
0.18	2
0.18	1
0.18	2
0.18	1
0.18	1
0.18	1
0.18	1
0.18	2
0.181	3
0.181	3
0.181	1
0.181	2
0.181	2
0.181	1
0.181	1
0.181	1
0.181	2
0.181	1
0.181	1
0.181	3
0.181	1
0.181	2
0.181	2
0.181	2
0.181	1
0.181	1
0.181	1
0.181	1
0.181	1
0.181	1
0.181	1
0.181	1
0.181	1
0.181	2
0.181	1
0.181	1
0.181	1
0.181	2
0.181	1
0.181	2
0.181	1
0.181	2
0.181	1
0.181	1
0.181	1
0.182	2
0.182	2
0.182	2
0.182	2
0.182	2
0.182	1
0.182	1
0.182	2
0.182	2
0.182	1
0.182	2
0.182	2
0.182	2
0.182	2
0.182	1
0.182	2
0.182	1
0.182	2
0.182	1
0.182	2
0.182	1
0.183	2
0.183	3
0.183	3
0.183	2
0.183	1
0.183	1
0.183	2
0.183	1
0.183	1
0.183	1
0.183	1
0.183	2
0.183	1
0.183	1
0.183	1
0.183	1
0.183	2
0.183	1
0.183	1
0.183	2
0.183	2
0.183	1
0.183	2
0.183	1
0.184	1
0.184	1
0.184	3
0.184	1
0.184	1
0.184	1
0.184	2
0.184	3
0.184	1
0.184	1
0.184	1
0.184	1
0.184	1
0.184	2
0.184	1
0.184	1
0.184	1
0.184	2
0.184	2
0.184	1
0.184	2
0.184	2
0.185	2
0.185	2
0.185	1
0.185	1
0.185	2
0.185	2
0.185	2
0.185	2
0.185	1
0.185	2
0.185	1
0.185	3
0.185	3
0.185	1
0.185	1
0.185	1
0.185	2
0.185	1
0.185	1
0.185	1
0.185	2
0.185	2
0.185	1
0.185	1
0.185	1
0.185	2
0.185	2
0.186	2
0.186	2
0.186	2
0.186	2
0.186	2
0.186	3
0.186	2
0.186	2
0.186	2
0.186	2
0.186	1
0.186	1
0.186	1
0.186	1
0.186	1
0.186	1
0.186	1
0.186	1
0.186	1
0.186	1
0.186	2
0.186	1
0.186	1
0.186	1
0.186	2
0.186	1
0.186	1
0.186	1
0.186	1
0.186	1
0.186	1
0.186	1
0.187	3
0.187	3
0.187	1
0.187	1
0.187	2
0.187	1
0.187	1
0.187	1
0.187	2
0.187	2
0.187	2
0.187	2
0.187	1
0.187	1
0.187	1
0.187	1
0.187	3
0.187	1
0.187	1
0.187	2
0.187	1
0.187	1
0.187	1
0.187	2
0.187	1
0.187	1
0.187	1
0.187	2
0.187	2
0.187	2
0.187	1
0.187	2
0.187	2
0.187	2
0.187	1
0.187	1
0.188	1
0.188	1
0.188	3
0.188	1
0.188	2
0.188	2
0.188	2
0.188	2
0.188	1
0.188	2
0.188	2
0.188	2
0.188	1
0.188	1
0.188	2
0.188	1
0.188	1
0.188	1
0.188	2
0.188	1
0.188	1
0.188	1
0.188	1
0.188	2
0.188	2
0.188	1
0.188	1
0.189	2
0.189	2
0.189	1
0.189	2
0.189	2
0.189	2
0.189	2
0.189	1
0.189	1
0.189	2
0.189	2
0.189	1
0.189	1
0.189	2
0.189	1
0.189	1
0.189	1
0.189	1
0.189	1
0.189	3
0.189	1
0.189	1
0.189	2
0.189	2
0.189	2
0.189	2
0.19	3
0.19	1
0.19	3
0.19	2
0.19	2
0.19	1
0.19	1
0.19	1
0.19	1
0.19	2
0.19	2
0.19	2
0.19	1
0.19	1
0.19	1
0.19	1
0.19	2
0.19	2
0.19	2
0.19	2
0.19	1
0.19	1
0.19	1
0.19	2
0.191	1
0.191	1
0.191	1
0.191	2
0.191	1
0.191	2
0.191	2
0.191	2
0.191	1
0.191	1
0.191	1
0.191	1
0.191	1
0.191	1
0.191	1
0.191	1
0.191	1
0.191	1
0.191	1
0.191	1
0.191	1
0.191	2
0.192	2
0.192	3
0.192	3
0.192	2
0.192	1
0.192	2
0.192	2
0.192	1
0.192	1
0.192	1
0.192	1
0.192	1
0.192	1
0.192	2
0.192	1
0.192	1
0.192	3
0.192	3
0.192	2
0.192	2
0.192	2
0.192	1
0.192	1
0.192	1
0.193	3
0.193	3
0.193	2
0.193	1
0.193	1
0.193	2
0.193	1
0.193	2
0.193	2
0.193	2
0.193	2
0.193	2
0.193	2
0.193	3
0.193	1
0.193	1
0.193	1
0.193	1
0.193	1
0.193	2
0.193	2
0.193	1
0.193	1
0.193	1
0.193	1
0.193	1
0.193	2
0.193	1
0.193	2
0.193	2
0.193	2
0.193	1
0.194	2
0.194	2
0.194	3
0.194	3
0.194	1
0.194	2
0.194	2
0.194	2
0.194	2
0.194	2
0.194	1
0.194	1
0.194	3
0.194	1
0.194	1
0.194	1
0.194	1
0.194	1
0.194	3
0.194	3
0.194	1
0.194	1
0.194	1
0.194	1
0.194	2
0.194	2
0.194	1
0.194	2
0.194	1
0.195	2
0.195	1
0.195	2
0.195	2
0.195	1
0.195	2
0.195	2
0.195	1
0.195	1
0.195	1
0.195	3
0.195	1
0.195	2
0.195	2
0.195	1
0.195	2
0.195	2
0.196	3
0.196	3
0.196	4
0.196	1
0.196	1
0.196	3
0.196	2
0.196	2
0.196	2
0.196	3
0.196	1
0.196	1
0.196	1
0.196	2
0.196	2
0.196	1
0.196	1
0.196	1
0.196	1
0.196	1
0.196	1
0.196	1
0.196	1
0.196	1
0.196	1
0.196	1
0.196	2
0.196	2
0.196	1
0.197	2
0.197	1
0.197	1
0.197	1
0.197	3
0.197	2
0.197	2
0.197	2
0.197	3
0.197	1
0.197	1
0.197	2
0.197	2
0.197	1
0.197	3
0.197	1
0.197	1
0.197	1
0.198	2
0.198	2
0.198	2
0.198	1
0.198	3
0.198	1
0.198	1
0.198	1
0.198	2
0.198	3
0.198	1
0.198	2
0.198	1
0.198	1
0.198	2
0.198	3
0.199	2
0.199	2
0.199	2
0.199	1
0.199	2
0.199	1
0.199	1
0.199	2
0.199	1
0.199	1
0.199	2
0.199	1
0.199	1
0.199	1
0.199	1
0.199	1
0.199	3
0.199	1
0.199	1
0.199	1
0.199	2
0.199	1
0.199	1
0.2	3
0.2	4
0.2	1
0.2	2
0.2	2
0.2	3
0.2	2
0.2	2
0.2	1
0.2	1
0.2	1
0.2	3
0.2	3
0.2	1
0.2	1
0.2	1
0.2	3
0.2	1
0.2	1
0.2	1
0.2	1
0.2	2
0.2	2
0.201	2
0.201	2
0.201	2
0.201	2
0.201	1
0.201	4
0.201	1
0.201	2
0.201	1
0.201	1
0.201	2
0.201	2
0.201	1
0.201	1
0.201	1
0.201	2
0.201	1
0.201	2
0.201	1
0.201	1
0.201	1
0.201	1
0.201	1
0.201	1
0.201	1
0.201	2
0.202	2
0.202	3
0.202	3
0.202	1
0.202	5
0.202	1
0.202	2
0.202	3
0.202	2
0.202	2
0.202	2
0.202	1
0.202	1
0.202	1
0.202	1
0.202	1
0.202	2
0.202	2
0.202	1
0.202	2
0.202	1
0.202	1
0.202	2
0.202	2
0.202	2
0.202	2
0.202	2
0.202	2
0.202	1
0.202	1
0.202	1
0.202	1
0.202	1
0.202	2
0.203	2
0.203	2
0.203	1
0.203	2
0.203	3
0.203	2
0.203	2
0.203	2
0.203	3
0.203	3
0.203	2
0.203	1
0.203	1
0.203	2
0.203	2
0.203	1
0.203	1
0.203	2
0.203	2
0.203	2
0.203	1
0.203	1
0.203	1
0.204	2
0.204	5
0.204	1
0.204	1
0.204	3
0.204	3
0.204	2
0.204	2
0.204	2
0.204	1
0.204	1
0.204	2
0.204	2
0.204	2
0.204	2
0.204	1
0.204	2
0.204	1
0.204	2
0.204	2
0.204	2
0.204	1
0.205	2
0.205	1
0.205	3
0.205	1
0.205	1
0.205	2
0.205	1
0.205	1
0.205	1
0.205	1
0.205	3
0.205	1
0.205	1
0.205	1
0.205	2
0.205	2
0.205	2
0.205	2
0.205	1
0.205	1
0.205	2
0.205	2
0.205	1
0.205	2
0.205	1
0.205	1
0.205	2
0.206	3
0.206	2
0.206	3
0.206	3
0.206	3
0.206	2
0.206	1
0.206	3
0.206	1
0.206	1
0.206	1
0.206	1
0.206	1
0.206	1
0.206	1
0.206	2
0.206	2
0.206	1
0.206	2
0.206	2
0.206	1
0.206	1
0.206	1
0.206	2
0.207	2
0.207	2
0.207	2
0.207	3
0.207	5
0.207	1
0.207	2
0.207	2
0.207	1
0.207	1
0.207	2
0.207	1
0.207	1
0.207	1
0.207	1
0.207	1
0.207	2
0.207	2
0.207	3
0.207	3
0.207	1
0.207	1
0.207	1
0.207	2
0.207	2
0.207	1
0.207	3
0.207	2
0.207	2
0.207	1
0.207	1
0.207	1
0.208	2
0.208	2
0.208	3
0.208	1
0.208	5
0.208	5
0.208	1
0.208	1
0.208	3
0.208	3
0.208	1
0.208	2
0.208	2
0.208	2
0.208	2
0.208	3
0.208	1
0.208	1
0.208	1
0.208	1
0.208	2
0.208	2
0.208	1
0.208	1
0.208	1
0.208	1
0.208	2
0.208	3
0.208	1
0.208	1
0.208	1
0.208	1
0.208	2
0.208	1
0.208	3
0.208	2
0.208	2
0.208	1
0.209	2
0.209	1
0.209	2
0.209	2
0.209	3
0.209	1
0.209	2
0.209	2
0.209	2
0.209	3
0.209	1
0.209	1
0.209	3
0.209	3
0.209	1
0.209	1
0.209	1
0.209	1
0.209	1
0.209	2
0.209	1
0.209	1
0.209	2
0.209	3
0.209	2
0.209	2
0.209	1
0.209	2
0.209	1
0.21	2
0.21	2
0.21	3
0.21	5
0.21	1
0.21	3
0.21	1
0.21	1
0.21	2
0.21	1
0.21	3
0.21	1
0.21	1
0.21	1
0.21	2
0.21	1
0.21	1
0.21	2
0.21	2
0.21	1
0.21	2
0.21	2
0.211	2
0.211	2
0.211	2
0.211	1
0.211	1
0.211	2
0.211	2
0.211	1
0.211	1
0.211	2
0.211	2
0.211	1
0.211	1
0.211	1
0.211	1
0.211	1
0.211	3
0.211	1
0.211	1
0.211	1
0.211	1
0.211	1
0.211	2
0.211	2
0.211	1
0.211	1
0.211	2
0.212	2
0.212	3
0.212	2
0.212	2
0.212	1
0.212	2
0.212	2
0.212	2
0.212	1
0.212	2
0.212	1
0.212	1
0.212	2
0.212	3
0.212	1
0.212	1
0.212	1
0.212	1
0.212	1
0.213	2
0.213	3
0.213	1
0.213	3
0.213	2
0.213	2
0.213	1
0.213	2
0.213	2
0.213	1
0.213	2
0.213	1
0.213	1
0.213	1
0.213	2
0.213	1
0.213	1
0.213	2
0.213	3
0.213	3
0.213	2
0.213	2
0.213	1
0.214	2
0.214	2
0.214	3
0.214	3
0.214	3
0.214	1
0.214	3
0.214	1
0.214	1
0.214	2
0.214	2
0.214	2
0.214	1
0.214	1
0.214	1
0.214	1
0.214	2
0.214	1
0.214	3
0.214	1
0.214	1
0.214	1
0.214	2
0.214	1
0.214	1
0.214	1
0.214	2
0.214	1
0.214	1
0.214	2
0.215	2
0.215	2
0.215	2
0.215	2
0.215	2
0.215	3
0.215	1
0.215	3
0.215	3
0.215	2
0.215	3
0.215	3
0.215	1
0.215	1
0.215	1
0.215	1
0.215	1
0.215	3
0.215	1
0.215	1
0.215	2
0.215	2
0.215	1
0.215	1
0.215	1
0.215	2
0.216	2
0.216	3
0.216	5
0.216	1
0.216	2
0.216	3
0.216	1
0.216	1
0.216	3
0.216	1
0.216	1
0.216	1
0.216	2
0.216	1
0.216	2
0.216	1
0.216	1
0.216	2
0.216	2
0.216	2
0.216	3
0.216	2
0.216	2
0.216	1
0.216	1
0.216	1
0.216	1
0.216	2
0.217	2
0.217	2
0.217	5
0.217	1
0.217	2
0.217	2
0.217	1
0.217	1
0.217	1
0.217	1
0.217	1
0.217	3
0.217	1
0.217	2
0.217	2
0.217	1
0.217	2
0.217	1
0.217	1
0.217	1
0.217	1
0.217	1
0.217	1
0.217	2
0.217	1
0.217	3
0.217	2
0.217	2
0.217	1
0.217	1
0.217	1
0.218	2
0.218	2
0.218	2
0.218	5
0.218	1
0.218	2
0.218	3
0.218	3
0.218	1
0.218	1
0.218	1
0.218	2
0.218	2
0.218	3
0.218	2
0.218	2
0.218	1
0.218	2
0.218	1
0.218	3
0.218	2
0.218	2
0.218	1
0.219	2
0.219	2
0.219	2
0.219	3
0.219	3
0.219	1
0.219	2
0.219	2
0.219	3
0.219	1
0.219	1
0.219	1
0.219	1
0.219	1
0.219	2
0.219	1
0.219	1
0.219	2
0.219	2
0.219	2
0.219	2
0.219	3
0.219	1
0.219	2
0.219	1
0.22	1
0.22	1
0.22	3
0.22	1
0.22	2
0.22	2
0.22	1
0.22	1
0.22	2
0.22	3
0.22	3
0.22	1
0.22	1
0.22	1
0.22	1
0.22	3
0.22	1
0.22	1
0.22	1
0.22	1
0.22	1
0.22	2
0.22	2
0.22	2
0.22	2
0.22	3
0.22	1
0.22	2
0.221	2
0.221	2
0.221	3
0.221	3
0.221	3
0.221	2
0.221	1
0.221	2
0.221	1
0.221	3
0.221	1
0.221	2
0.221	3
0.221	1
0.221	1
0.221	1
0.221	2
0.221	2
0.221	2
0.221	1
0.221	1
0.222	2
0.222	2
0.222	3
0.222	2
0.222	2
0.222	1
0.222	1
0.222	2
0.222	1
0.222	1
0.222	1
0.222	1
0.222	2
0.222	1
0.222	2
0.222	1
0.222	1
0.222	1
0.222	2
0.222	1
0.222	1
0.222	2
0.222	3
0.222	1
0.222	1
0.222	1
0.222	3
0.222	2
0.222	2
0.222	1
0.222	1
0.222	1
0.222	1
0.222	2
0.222	2
0.222	2
0.223	2
0.223	3
0.223	5
0.223	5
0.223	1
0.223	1
0.223	2
0.223	2
0.223	2
0.223	2
0.223	1
0.223	3
0.223	1
0.223	1
0.223	2
0.223	1
0.223	3
0.223	1
0.223	1
0.223	1
0.223	2
0.223	1
0.223	1
0.223	2
0.223	3
0.223	1
0.223	2
0.223	1
0.223	1
0.223	1
0.223	1
0.223	1
0.223	1
0.223	1
0.224	2
0.224	2
0.224	3
0.224	2
0.224	2
0.224	3
0.224	2
0.224	2
0.224	2
0.224	2
0.224	1
0.224	2
0.224	3
0.224	1
0.224	3
0.224	1
0.224	1
0.224	1
0.224	2
0.224	1
0.224	1
0.224	2
0.224	3
0.224	3
0.224	3
0.224	3
0.224	2
0.224	2
0.224	2
0.224	2
0.224	2
0.224	2
0.224	1
0.224	1
0.224	1
0.224	1
0.224	2
0.225	2
0.225	1
0.225	3
0.225	2
0.225	2
0.225	2
0.225	2
0.225	1
0.225	2
0.225	1
0.225	1
0.225	2
0.225	1
0.225	2
0.225	1
0.225	1
0.225	1
0.225	3
0.225	1
0.225	1
0.225	2
0.225	2
0.225	2
0.225	1
0.225	1
0.225	1
0.225	2
0.225	2
0.225	2
0.225	1
0.225	1
0.225	1
0.225	1
0.225	1
0.226	3
0.226	1
0.226	2
0.226	2
0.226	1
0.226	3
0.226	1
0.226	2
0.226	2
0.226	1
0.226	2
0.226	1
0.226	1
0.226	1
0.226	1
0.226	1
0.226	2
0.226	2
0.226	2
0.226	3
0.226	3
0.226	3
0.226	3
0.226	2
0.226	2
0.226	1
0.227	2
0.227	2
0.227	3
0.227	2
0.227	2
0.227	1
0.227	1
0.227	2
0.227	2
0.227	1
0.227	2
0.227	1
0.227	1
0.227	2
0.227	4
0.227	2
0.227	2
0.227	2
0.227	2
0.227	2
0.227	3
0.227	2
0.227	2
0.227	2
0.227	1
0.227	2
0.227	1
0.227	1
0.227	2
0.228	2
0.228	5
0.228	1
0.228	2
0.228	2
0.228	2
0.228	2
0.228	1
0.228	1
0.228	1
0.228	1
0.228	1
0.228	2
0.228	1
0.228	2
0.228	1
0.228	1
0.228	1
0.228	1
0.228	1
0.228	1
0.228	1
0.228	1
0.228	1
0.228	1
0.228	1
0.228	2
0.228	3
0.228	1
0.228	1
0.229	2
0.229	3
0.229	3
0.229	2
0.229	5
0.229	1
0.229	1
0.229	1
0.229	2
0.229	2
0.229	2
0.229	2
0.229	3
0.229	3
0.229	1
0.229	1
0.229	1
0.229	1
0.229	3
0.229	1
0.229	1
0.229	2
0.229	2
0.229	2
0.229	4
0.229	4
0.229	4
0.229	2
0.229	3
0.229	2
0.229	3
0.229	2
0.229	2
0.229	1
0.23	2
0.23	2
0.23	2
0.23	2
0.23	3
0.23	4
0.23	1
0.23	2
0.23	2
0.23	1
0.23	3
0.23	1
0.23	1
0.23	1
0.23	1
0.23	1
0.23	1
0.23	2
0.23	2
0.23	2
0.23	1
0.23	1
0.23	1
0.23	1
0.23	1
0.23	1
0.23	1
0.23	1
0.23	1
0.23	1
0.23	2
0.23	1
0.231	2
0.231	4
0.231	2
0.231	2
0.231	1
0.231	1
0.231	1
0.231	1
0.231	3
0.231	1
0.231	2
0.231	1
0.231	2
0.231	1
0.231	1
0.231	1
0.231	1
0.231	1
0.231	3
0.231	3
0.231	3
0.231	1
0.231	1
0.231	1
0.231	1
0.231	1
0.231	1
0.231	2
0.231	4
0.231	2
0.231	3
0.232	2
0.232	4
0.232	2
0.232	3
0.232	1
0.232	1
0.232	1
0.232	2
0.232	1
0.232	2
0.232	1
0.232	1
0.232	3
0.232	3
0.232	2
0.233	2
0.233	1
0.233	2
0.233	3
0.233	1
0.233	1
0.233	2
0.233	2
0.233	2
0.233	1
0.233	1
0.233	1
0.233	2
0.233	2
0.233	2
0.233	1
0.233	1
0.233	1
0.233	1
0.233	1
0.233	1
0.233	1
0.233	3
0.233	1
0.233	1
0.233	1
0.233	1
0.233	1
0.233	1
0.233	1
0.233	2
0.233	2
0.234	2
0.234	2
0.234	3
0.234	3
0.234	3
0.234	2
0.234	2
0.234	2
0.234	2
0.234	1
0.234	2
0.234	3
0.234	1
0.234	1
0.234	2
0.234	2
0.234	2
0.234	2
0.234	4
0.234	1
0.234	1
0.234	1
0.234	1
0.234	1
0.234	2
0.235	2
0.235	3
0.235	1
0.235	1
0.235	3
0.235	4
0.235	2
0.235	2
0.235	2
0.235	1
0.235	2
0.235	3
0.235	1
0.235	2
0.235	1
0.235	2
0.235	1
0.235	1
0.235	1
0.235	2
0.235	1
0.235	1
0.235	3
0.235	3
0.235	2
0.235	2
0.235	2
0.235	2
0.235	1
0.235	1
0.235	1
0.235	1
0.236	2
0.236	3
0.236	3
0.236	1
0.236	3
0.236	4
0.236	1
0.236	2
0.236	1
0.236	1
0.236	1
0.236	1
0.236	1
0.236	1
0.236	1
0.236	1
0.236	2
0.236	1
0.236	3
0.236	1
0.236	1
0.236	1
0.236	1
0.236	2
0.236	2
0.236	1
0.236	1
0.236	3
0.236	2
0.236	2
0.236	1
0.237	2
0.237	2
0.237	2
0.237	2
0.237	3
0.237	1
0.237	2
0.237	2
0.237	1
0.237	1
0.237	1
0.237	3
0.237	3
0.237	3
0.237	1
0.237	1
0.237	1
0.237	2
0.237	2
0.237	3
0.237	3
0.237	1
0.237	2
0.237	1
0.237	1
0.237	2
0.238	5
0.238	5
0.238	1
0.238	1
0.238	2
0.238	3
0.238	2
0.238	2
0.238	2
0.238	2
0.238	1
0.238	3
0.238	1
0.238	1
0.238	1
0.238	1
0.238	1
0.238	2
0.238	1
0.238	2
0.238	1
0.238	1
0.238	3
0.238	3
0.238	3
0.238	3
0.238	2
0.238	2
0.238	2
0.238	3
0.238	2
0.238	1
0.239	2
0.239	2
0.239	2
0.239	5
0.239	1
0.239	2
0.239	3
0.239	2
0.239	2
0.239	2
0.239	2
0.239	1
0.239	1
0.239	1
0.239	1
0.239	1
0.239	1
0.239	3
0.239	1
0.239	2
0.239	1
0.239	1
0.239	1
0.239	1
0.239	1
0.239	1
0.239	3
0.239	3
0.239	2
0.239	3
0.239	2
0.239	2
0.239	1
0.239	1
0.239	1
0.239	2
0.239	2
0.24	2
0.24	2
0.24	5
0.24	1
0.24	1
0.24	3
0.24	2
0.24	2
0.24	2
0.24	1
0.24	3
0.24	3
0.24	3
0.24	1
0.24	2
0.24	2
0.24	4
0.24	4
0.24	1
0.24	1
0.24	1
0.24	1
0.24	2
0.24	1
0.24	2
0.24	2
0.24	1
0.24	1
0.241	2
0.241	3
0.241	1
0.241	4
0.241	3
0.241	2
0.241	2
0.241	2
0.241	1
0.241	1
0.241	1
0.241	1
0.241	1
0.241	1
0.241	2
0.241	2
0.241	1
0.241	1
0.241	1
0.241	1
0.241	2
0.241	4
0.241	2
0.241	3
0.241	3
0.241	3
0.241	2
0.241	2
0.241	2
0.241	2
0.241	2
0.241	2
0.242	2
0.242	2
0.242	3
0.242	3
0.242	1
0.242	2
0.242	2
0.242	2
0.242	1
0.242	1
0.242	1
0.242	3
0.242	3
0.242	1
0.242	1
0.242	1
0.242	3
0.242	3
0.242	1
0.242	1
0.242	1
0.242	1
0.242	1
0.242	2
0.242	1
0.242	1
0.242	3
0.242	3
0.242	2
0.242	1
0.242	1
0.242	2
0.242	2
0.242	1
0.242	1
0.243	2
0.243	5
0.243	1
0.243	2
0.243	2
0.243	3
0.243	2
0.243	2
0.243	2
0.243	1
0.243	1
0.243	3
0.243	1
0.243	1
0.243	1
0.243	1
0.243	1
0.243	2
0.243	2
0.243	3
0.243	3
0.243	1
0.243	2
0.244	3
0.244	3
0.244	2
0.244	5
0.244	1
0.244	4
0.244	2
0.244	2
0.244	1
0.244	1
0.244	1
0.244	2
0.244	1
0.244	1
0.244	1
0.244	2
0.244	2
0.244	1
0.244	1
0.244	2
0.244	2
0.244	1
0.244	1
0.244	1
0.244	1
0.244	2
0.244	4
0.244	3
0.244	3
0.244	3
0.244	3
0.244	2
0.244	2
0.244	2
0.244	1
0.244	1
0.244	2
0.245	2
0.245	2
0.245	3
0.245	3
0.245	3
0.245	4
0.245	2
0.245	2
0.245	2
0.245	2
0.245	2
0.245	2
0.245	2
0.245	3
0.245	3
0.245	3
0.245	2
0.245	1
0.245	2
0.245	1
0.245	1
0.245	1
0.245	2
0.245	1
0.245	1
0.245	1
0.245	1
0.245	1
0.245	1
0.245	1
0.245	1
0.245	3
0.245	2
0.245	2
0.245	2
0.245	2
0.245	1
0.246	3
0.246	3
0.246	1
0.246	4
0.246	2
0.246	2
0.246	2
0.246	1
0.246	2
0.246	3
0.246	1
0.246	3
0.246	1
0.246	1
0.246	2
0.246	2
0.246	4
0.246	4
0.246	1
0.246	2
0.246	1
0.246	3
0.246	2
0.246	2
0.246	2
0.246	1
0.246	2
0.247	3
0.247	3
0.247	3
0.247	3
0.247	2
0.247	2
0.247	1
0.247	1
0.247	1
0.247	1
0.247	1
0.247	1
0.247	1
0.247	2
0.247	2
0.247	1
0.247	1
0.247	1
0.247	1
0.247	2
0.247	3
0.247	1
0.247	2
0.247	1
0.247	2
0.247	1
0.248	2
0.248	3
0.248	2
0.248	3
0.248	3
0.248	1
0.248	1
0.248	1
0.248	1
0.248	2
0.248	1
0.248	2
0.248	1
0.248	1
0.248	1
0.248	1
0.248	3
0.248	3
0.248	1
0.248	1
0.248	1
0.248	1
0.248	3
0.248	3
0.248	2
0.248	2
0.248	3
0.248	3
0.248	2
0.248	2
0.248	2
0.248	1
0.248	2
0.249	2
0.249	2
0.249	3
0.249	5
0.249	1
0.249	1
0.249	3
0.249	2
0.249	3
0.249	3
0.249	3
0.249	1
0.249	1
0.249	1
0.249	3
0.249	1
0.249	3
0.249	1
0.249	1
0.249	1
0.249	3
0.249	3
0.249	2
0.249	1
0.249	2
0.249	1
0.249	2
0.249	1
0.25	2
0.25	3
0.25	3
0.25	3
0.25	3
0.25	1
0.25	3
0.25	4
0.25	3
0.25	2
0.25	1
0.25	1
0.25	1
0.25	1
0.25	1
0.25	2
0.25	2
0.25	1
0.25	1
0.25	2
0.25	2
0.25	1
0.25	1
0.25	1
0.25	1
0.25	2
0.25	4
0.25	1
0.25	1
0.25	1
0.25	3
0.25	3
0.25	3
0.25	2
0.25	2
0.25	2
0.251	2
0.251	3
0.251	2
0.251	3
0.251	1
0.251	2
0.251	2
0.251	2
0.251	3
0.251	2
0.251	3
0.251	3
0.251	1
0.251	1
0.251	1
0.251	1
0.251	3
0.251	3
0.251	1
0.251	2
0.251	1
0.251	1
0.251	2
0.251	4
0.251	3
0.251	3
0.251	2
0.251	1
0.251	2
0.251	1
0.252	2
0.252	2
0.252	5
0.252	1
0.252	2
0.252	3
0.252	4
0.252	4
0.252	4
0.252	2
0.252	2
0.252	3
0.252	3
0.252	1
0.252	1
0.252	3
0.252	1
0.252	1
0.252	1
0.252	2
0.252	1
0.252	1
0.252	1
0.252	1
0.252	1
0.252	3
0.252	3
0.253	2
0.253	3
0.253	5
0.253	1
0.253	2
0.253	2
0.253	2
0.253	2
0.253	1
0.253	1
0.253	2
0.253	1
0.253	1
0.253	1
0.253	1
0.253	1
0.253	1
0.253	3
0.253	1
0.253	1
0.253	2
0.253	4
0.253	3
0.253	3
0.253	2
0.253	1
0.253	2
0.254	2
0.254	2
0.254	3
0.254	6
0.254	1
0.254	3
0.254	4
0.254	3
0.254	2
0.254	1
0.254	1
0.254	1
0.254	3
0.254	4
0.254	1
0.254	1
0.254	2
0.254	1
0.254	2
0.254	1
0.254	1
0.254	1
0.254	2
0.254	1
0.254	1
0.254	1
0.254	1
0.254	1
0.254	2
0.254	1
0.255	2
0.255	3
0.255	3
0.255	1
0.255	1
0.255	1
0.255	3
0.255	1
0.255	1
0.255	3
0.255	2
0.255	1
0.255	2
0.255	1
0.255	1
0.255	1
0.255	3
0.255	1
0.255	1
0.255	2
0.255	4
0.255	3
0.255	2
0.255	2
0.255	3
0.255	1
0.255	2
0.256	3
0.256	3
0.256	3
0.256	3
0.256	3
0.256	2
0.256	3
0.256	3
0.256	2
0.256	2
0.256	2
0.256	2
0.256	1
0.256	1
0.256	1
0.256	1
0.256	3
0.256	1
0.256	2
0.256	1
0.256	1
0.256	1
0.256	2
0.256	1
0.256	2
0.256	1
0.256	1
0.256	2
0.257	2
0.257	2
0.257	1
0.257	2
0.257	2
0.257	4
0.257	2
0.257	2
0.257	3
0.257	2
0.257	2
0.257	1
0.257	3
0.257	3
0.257	1
0.257	1
0.257	2
0.257	1
0.257	2
0.257	1
0.257	1
0.257	1
0.257	3
0.257	1
0.257	1
0.257	3
0.257	3
0.257	3
0.257	2
0.257	2
0.257	3
0.257	2
0.257	1
0.258	2
0.258	3
0.258	6
0.258	1
0.258	3
0.258	3
0.258	3
0.258	3
0.258	2
0.258	2
0.258	2
0.258	4
0.258	1
0.258	1
0.258	2
0.258	3
0.258	3
0.258	3
0.258	2
0.258	1
0.258	2
0.258	1
0.258	3
0.258	2
0.258	2
0.258	3
0.259	3
0.259	3
0.259	3
0.259	2
0.259	2
0.259	2
0.259	2
0.259	2
0.259	2
0.259	2
0.259	1
0.259	1
0.259	1
0.259	4
0.259	1
0.259	2
0.259	1
0.259	2
0.259	1
0.259	1
0.259	1
0.259	1
0.259	1
0.259	3
0.259	3
0.259	1
0.259	2
0.259	1
0.26	2
0.26	3
0.26	3
0.26	6
0.26	6
0.26	6
0.26	1
0.26	1
0.26	1
0.26	3
0.26	3
0.26	3
0.26	3
0.26	2
0.26	1
0.26	1
0.26	1
0.26	1
0.26	2
0.26	3
0.26	2
0.26	4
0.26	3
0.26	3
0.26	2
0.26	3
0.26	3
0.261	3
0.261	4
0.261	4
0.261	4
0.261	2
0.261	3
0.261	3
0.261	2
0.261	2
0.261	2
0.261	3
0.261	1
0.261	1
0.261	4
0.261	1
0.261	1
0.261	2
0.261	1
0.261	1
0.261	1
0.261	1
0.261	1
0.261	3
0.261	3
0.261	2
0.262	6
0.262	1
0.262	2
0.262	2
0.262	2
0.262	3
0.262	3
0.262	2
0.262	2
0.262	2
0.262	3
0.262	1
0.262	1
0.262	2
0.262	1
0.262	3
0.262	1
0.262	1
0.262	2
0.262	4
0.262	1
0.262	1
0.262	1
0.262	1
0.262	2
0.263	2
0.263	2
0.263	4
0.263	3
0.263	4
0.263	4
0.263	2
0.263	2
0.263	2
0.263	2
0.263	1
0.263	2
0.263	1
0.263	1
0.263	4
0.263	1
0.263	1
0.263	2
0.263	1
0.263	1
0.263	2
0.263	4
0.263	2
0.263	1
0.264	2
0.264	3
0.264	2
0.264	4
0.264	3
0.264	2
0.264	1
0.264	3
0.264	1
0.264	2
0.264	1
0.264	2
0.264	1
0.264	1
0.264	1
0.264	3
0.264	1
0.264	1
0.264	1
0.264	2
0.264	1
0.264	1
0.264	3
0.264	2
0.264	2
0.264	3
0.265	2
0.265	3
0.265	6
0.265	1
0.265	2
0.265	2
0.265	1
0.265	1
0.265	3
0.265	1
0.265	3
0.265	1
0.265	1
0.265	1
0.265	2
0.265	1
0.266	2
0.266	3
0.266	3
0.266	3
0.266	4
0.266	2
0.266	3
0.266	3
0.266	3
0.266	2
0.266	2
0.266	2
0.266	1
0.266	3
0.266	3
0.266	1
0.266	2
0.266	1
0.266	1
0.266	3
0.266	3
0.267	2
0.267	3
0.267	3
0.267	3
0.267	3
0.267	3
0.267	4
0.267	2
0.267	3
0.267	2
0.267	2
0.267	1
0.267	2
0.267	3
0.267	3
0.267	1
0.267	2
0.267	1
0.267	1
0.267	3
0.267	3
0.267	2
0.268	2
0.268	3
0.268	2
0.268	2
0.268	3
0.268	2
0.268	2
0.268	2
0.268	2
0.268	2
0.268	1
0.268	4
0.268	1
0.268	3
0.268	1
0.268	1
0.268	1
0.269	2
0.269	3
0.269	3
0.269	3
0.269	2
0.269	4
0.269	4
0.269	3
0.269	2
0.269	1
0.269	1
0.269	2
0.269	2
0.269	4
0.27	2
0.27	2
0.27	3
0.27	3
0.27	2
0.27	2
0.27	1
0.27	1
0.27	4
0.27	1
0.27	1
0.27	2
0.27	1
0.27	2
0.27	1
0.27	1
0.271	2
0.271	2
0.271	2
0.271	3
0.271	6
0.271	6
0.271	1
0.271	1
0.271	2
0.271	3
0.271	3
0.271	3
0.271	2
0.271	3
0.271	1
0.271	4
0.271	1
0.271	1
0.271	3
0.271	1
0.271	1
0.271	1
0.271	2
0.272	2
0.272	3
0.272	4
0.272	4
0.272	6
0.272	1
0.272	2
0.272	2
0.272	2
0.272	2
0.272	1
0.272	1
0.272	1
0.272	2
0.272	1
0.273	2
0.273	4
0.273	3
0.273	3
0.273	3
0.273	4
0.273	2
0.273	3
0.273	2
0.273	1
0.273	3
0.273	1
0.273	1
0.273	3
0.273	1
0.273	2
0.273	1
0.273	1
0.273	3
0.273	2
0.273	2
0.273	3
0.274	2
0.274	2
0.274	2
0.274	2
0.274	2
0.274	2
0.274	4
0.274	2
0.274	4
0.274	3
0.274	1
0.274	2
0.274	1
0.275	6
0.275	1
0.275	3
0.275	3
0.275	2
0.275	3
0.275	2
0.275	2
0.275	1
0.275	2
0.275	3
0.275	3
0.275	1
0.275	2
0.276	2
0.276	2
0.276	4
0.276	2
0.276	2
0.276	4
0.276	3
0.276	2
0.276	2
0.276	1
0.276	1
0.276	2
0.276	3
0.276	3
0.276	2
0.276	2
0.276	1
0.276	1
0.276	1
0.276	2
0.276	2
0.277	3
0.277	3
0.277	6
0.277	6
0.277	1
0.277	1
0.277	3
0.277	2
0.277	2
0.277	2
0.277	4
0.277	1
0.277	1
0.277	1
0.277	1
0.277	3
0.277	2
0.277	2
0.277	3
0.277	2
0.277	2
0.277	1
0.277	1
0.278	3
0.278	4
0.278	3
0.278	4
0.278	4
0.278	2
0.278	3
0.278	4
0.278	3
0.278	2
0.278	2
0.278	1
0.278	2
0.278	4
0.278	1
0.278	2
0.278	1
0.278	3
0.278	3
0.278	2
0.278	2
0.278	2
0.278	2
0.278	3
0.278	3
0.278	1
0.278	2
0.279	2
0.279	4
0.279	3
0.279	2
0.279	2
0.279	3
0.279	2
0.279	1
0.279	1
0.279	1
0.279	2
0.279	1
0.279	1
0.279	3
0.279	3
0.279	1
0.279	1
0.279	3
0.279	3
0.279	1
0.279	1
0.279	2
0.279	1
0.279	1
0.279	2
0.28	2
0.28	3
0.28	3
0.28	3
0.28	2
0.28	4
0.28	1
0.28	3
0.28	1
0.28	1
0.28	3
0.28	3
0.28	2
0.28	3
0.28	3
0.28	3
0.28	3
0.28	3
0.28	2
0.28	2
0.28	3
0.28	2
0.28	1
0.281	3
0.281	6
0.281	1
0.281	2
0.281	2
0.281	2
0.281	1
0.281	1
0.281	1
0.281	3
0.281	3
0.281	3
0.281	3
0.281	2
0.281	2
0.281	1
0.281	3
0.281	1
0.281	3
0.281	2
0.281	2
0.281	3
0.282	2
0.282	2
0.282	4
0.282	5
0.282	6
0.282	1
0.282	3
0.282	3
0.282	2
0.282	3
0.282	2
0.282	2
0.282	3
0.282	1
0.282	2
0.282	1
0.282	1
0.282	2
0.282	4
0.282	1
0.282	1
0.282	1
0.282	1
0.282	1
0.282	1
0.282	3
0.282	3
0.282	1
0.282	3
0.282	1
0.283	2
0.283	3
0.283	3
0.283	5
0.283	2
0.283	2
0.283	4
0.283	3
0.283	3
0.283	1
0.283	2
0.283	2
0.283	1
0.283	2
0.283	2
0.283	4
0.283	4
0.283	3
0.283	3
0.283	2
0.283	3
0.283	3
0.284	4
0.284	4
0.284	6
0.284	1
0.284	3
0.284	2
0.284	2
0.284	1
0.284	3
0.284	1
0.284	1
0.284	1
0.284	1
0.284	2
0.284	3
0.284	2
0.284	2
0.284	1
0.284	1
0.284	1
0.284	1
0.284	1
0.284	4
0.284	3
0.284	2
0.284	1
0.284	2
0.285	2
0.285	2
0.285	5
0.285	2
0.285	4
0.285	2
0.285	3
0.285	2
0.285	1
0.285	2
0.285	1
0.285	1
0.285	3
0.285	3
0.285	1
0.285	1
0.285	1
0.285	1
0.285	2
0.285	4
0.285	1
0.285	1
0.285	1
0.285	2
0.285	1
0.286	2
0.286	2
0.286	6
0.286	2
0.286	4
0.286	2
0.286	4
0.286	1
0.286	3
0.286	1
0.286	2
0.286	1
0.286	1
0.286	1
0.286	3
0.286	2
0.286	1
0.286	2
0.286	4
0.286	3
0.286	2
0.286	2
0.286	3
0.287	3
0.287	5
0.287	3
0.287	1
0.287	3
0.287	3
0.287	3
0.287	1
0.287	1
0.287	2
0.287	2
0.287	1
0.287	1
0.287	1
0.287	1
0.287	1
0.287	3
0.287	1
0.287	1
0.287	1
0.287	3
0.287	2
0.287	1
0.287	1
0.287	3
0.287	1
0.288	2
0.288	2
0.288	4
0.288	3
0.288	2
0.288	1
0.288	1
0.288	3
0.288	3
0.288	1
0.288	3
0.288	1
0.288	1
0.288	3
0.288	3
0.288	1
0.288	2
0.289	2
0.289	4
0.289	3
0.289	3
0.289	3
0.289	4
0.289	1
0.289	2
0.289	3
0.289	1
0.289	2
0.289	1
0.289	1
0.289	4
0.289	3
0.289	2
0.289	2
0.289	1
0.29	3
0.29	2
0.29	2
0.29	3
0.29	3
0.29	4
0.29	1
0.29	1
0.29	1
0.29	2
0.29	2
0.29	3
0.29	3
0.29	1
0.29	2
0.29	1
0.29	1
0.29	1
0.29	1
0.29	1
0.29	3
0.29	2
0.29	2
0.29	3
0.291	2
0.291	2
0.291	4
0.291	6
0.291	2
0.291	3
0.291	2
0.291	2
0.291	2
0.291	2
0.291	1
0.291	4
0.291	4
0.291	1
0.291	1
0.291	3
0.291	2
0.291	4
0.291	1
0.291	4
0.291	1
0.292	2
0.292	3
0.292	5
0.292	2
0.292	3
0.292	4
0.292	1
0.292	1
0.292	1
0.292	1
0.292	1
0.292	2
0.292	1
0.292	3
0.292	2
0.292	1
0.292	3
0.292	3
0.292	1
0.292	2
0.293	2
0.293	4
0.293	6
0.293	2
0.293	2
0.293	2
0.293	4
0.293	1
0.293	1
0.293	1
0.293	1
0.293	4
0.293	1
0.293	1
0.293	2
0.293	1
0.293	3
0.293	1
0.293	1
0.293	4
0.293	3
0.293	2
0.293	2
0.293	1
0.294	5
0.294	6
0.294	2
0.294	3
0.294	2
0.294	3
0.294	4
0.294	4
0.294	1
0.294	4
0.294	1
0.294	1
0.294	1
0.294	1
0.294	3
0.294	2
0.294	2
0.294	3
0.294	1
0.294	2
0.295	2
0.295	2
0.295	5
0.295	2
0.295	2
0.295	2
0.295	3
0.295	3
0.295	1
0.295	1
0.295	1
0.295	3
0.295	1
0.295	2
0.295	1
0.295	1
0.295	2
0.295	4
0.295	1
0.295	4
0.295	1
0.295	2
0.295	1
0.295	1
0.295	2
0.296	2
0.296	3
0.296	2
0.296	2
0.296	2
0.296	2
0.296	4
0.296	1
0.296	1
0.296	3
0.296	1
0.296	3
0.296	2
0.296	1
0.296	3
0.296	3
0.296	3
0.296	2
0.296	2
0.296	3
0.296	2
0.296	1
0.297	2
0.297	3
0.297	2
0.297	2
0.297	3
0.297	4
0.297	1
0.297	3
0.297	1
0.297	1
0.297	5
0.297	3
0.297	2
0.297	1
0.297	4
0.297	1
0.297	3
0.297	2
0.297	2
0.297	3
0.297	1
0.297	2
0.298	2
0.298	4
0.298	3
0.298	3
0.298	3
0.298	2
0.298	2
0.298	2
0.298	3
0.298	2
0.298	3
0.298	1
0.298	2
0.298	1
0.298	1
0.298	1
0.298	3
0.298	3
0.298	1
0.298	4
0.298	1
0.298	2
0.298	1
0.298	1
0.298	2
0.299	3
0.299	2
0.299	2
0.299	3
0.299	3
0.299	2
0.299	2
0.299	3
0.299	2
0.299	4
0.299	1
0.299	3
0.299	1
0.299	2
0.299	1
0.299	1
0.299	2
0.299	4
0.299	5
0.299	3
0.299	3
0.299	3
0.299	3
0.299	3
0.299	2
0.299	2
0.299	3
0.299	2
0.299	1
0.3	2
0.3	4
0.3	3
0.3	6
0.3	2
0.3	2
0.3	2
0.3	2
0.3	2
0.3	1
0.3	3
0.3	1
0.3	3
0.3	2
0.3	1
0.3	1
0.3	1
0.3	1
0.3	5
0.3	3
0.3	3
0.3	1
0.3	4
0.3	1
0.3	3
0.3	2
0.3	2
0.3	3
0.3	1
0.3	2
0.301	4
0.301	5
0.301	4
0.301	3
0.301	2
0.301	2
0.301	1
0.301	1
0.301	1
0.301	3
0.301	1
0.301	1
0.301	2
0.301	4
0.301	1
0.301	1
0.301	1
0.301	3
0.301	3
0.301	1
0.301	4
0.301	1
0.301	2
0.301	1
0.301	1
0.301	2
0.302	2
0.302	3
0.302	2
0.302	3
0.302	2
0.302	4
0.302	1
0.302	2
0.302	1
0.302	3
0.302	2
0.302	1
0.302	2
0.302	4
0.302	5
0.302	3
0.302	3
0.302	3
0.302	3
0.302	3
0.302	2
0.302	2
0.302	3
0.302	2
0.302	1
0.302	1
0.302	1
0.302	1
0.302	2
0.302	2
0.302	2
0.303	3
0.303	3
0.303	2
0.303	3
0.303	4
0.303	1
0.303	3
0.303	1
0.303	2
0.303	1
0.303	1
0.303	1
0.303	3
0.303	1
0.303	1
0.303	1
0.303	3
0.303	2
0.303	1
0.303	1
0.303	1
0.303	1
0.303	5
0.303	3
0.303	3
0.303	1
0.303	4
0.303	1
0.303	3
0.303	2
0.303	2
0.303	3
0.303	2
0.303	2
0.303	2
0.303	1
0.303	1
0.303	1
0.304	2
0.304	2
0.304	3
0.304	2
0.304	1
0.304	3
0.304	1
0.304	3
0.304	1
0.304	1
0.304	2
0.304	4
0.304	2
0.304	1
0.304	1
0.304	3
0.304	3
0.304	1
0.304	4
0.304	1
0.304	3
0.304	3
0.304	3
0.304	2
0.304	2
0.304	2
0.304	2
0.304	2
0.304	2
0.304	3
0.304	3
0.304	3
0.305	2
0.305	2
0.305	3
0.305	4
0.305	2
0.305	2
0.305	3
0.305	1
0.305	1
0.305	3
0.305	1
0.305	2
0.305	1
0.305	1
0.305	1
0.305	3
0.305	2
0.305	1
0.305	2
0.305	4
0.305	5
0.305	3
0.305	3
0.305	3
0.305	4
0.305	1
0.305	1
0.305	1
0.305	4
0.305	4
0.305	4
0.305	1
0.305	1
0.305	1
0.306	3
0.306	2
0.306	4
0.306	4
0.306	3
0.306	2
0.306	4
0.306	1
0.306	2
0.306	3
0.306	3
0.306	1
0.306	2
0.306	1
0.306	1
0.306	1
0.306	3
0.306	1
0.306	1
0.306	1
0.306	3
0.306	2
0.306	1
0.306	2
0.306	2
0.306	1
0.306	5
0.306	3
0.306	3
0.306	3
0.306	3
0.306	3
0.306	4
0.306	4
0.306	4
0.307	2
0.307	4
0.307	3
0.307	2
0.307	3
0.307	3
0.307	3
0.307	4
0.307	1
0.307	3
0.307	1
0.307	3
0.307	1
0.307	1
0.307	2
0.307	4
0.307	2
0.307	2
0.307	1
0.307	6
0.307	6
0.307	6
0.307	3
0.307	3
0.307	3
0.307	3
0.307	3
0.307	3
0.308	2
0.308	2
0.308	4
0.308	2
0.308	2
0.308	3
0.308	2
0.308	1
0.308	1
0.308	2
0.308	3
0.308	1
0.308	2
0.308	1
0.308	1
0.308	1
0.308	3
0.308	2
0.308	1
0.308	2
0.308	4
0.308	2
0.308	2
0.308	2
0.308	2
0.308	2
0.308	2
0.308	1
0.308	1
0.308	1
0.309	6
0.309	2
0.309	3
0.309	4
0.309	1
0.309	1
0.309	4
0.309	1
0.309	1
0.309	2
0.309	3
0.309	3
0.309	1
0.309	2
0.309	1
0.309	1
0.309	1
0.309	3
0.309	1
0.309	1
0.309	1
0.309	3
0.309	2
0.309	1
0.309	2
0.309	2
0.309	2
0.309	4
0.309	4
0.309	4
0.309	1
0.309	2
0.31	5
0.31	2
0.31	3
0.31	3
0.31	2
0.31	4
0.31	1
0.31	4
0.31	1
0.31	3
0.31	1
0.31	3
0.31	1
0.31	1
0.31	1
0.31	1
0.31	1
0.31	3
0.31	3
0.31	3
0.31	2
0.31	2
0.31	2
0.31	1
0.31	1
0.31	1
0.31	2
0.31	1
0.31	1
0.31	2
0.311	2
0.311	3
0.311	2
0.311	2
0.311	3
0.311	3
0.311	3
0.311	3
0.311	1
0.311	1
0.311	1
0.311	1
0.311	2
0.311	3
0.311	1
0.311	2
0.311	1
0.311	1
0.311	1
0.311	1
0.311	1
0.311	3
0.311	3
0.311	3
0.311	1
0.311	1
0.311	1
0.311	1
0.311	1
0.311	1
0.311	3
0.311	2
0.311	2
0.311	3
0.311	2
0.311	1
0.312	2
0.312	3
0.312	3
0.312	3
0.312	2
0.312	3
0.312	2
0.312	4
0.312	1
0.312	1
0.312	4
0.312	1
0.312	1
0.312	2
0.312	3
0.312	3
0.312	1
0.312	2
0.312	1
0.312	1
0.312	1
0.312	4
0.312	1
0.312	3
0.312	2
0.312	2
0.312	3
0.313	6
0.313	2
0.313	2
0.313	2
0.313	2
0.313	3
0.313	2
0.313	3
0.313	4
0.313	1
0.313	4
0.313	1
0.313	3
0.313	3
0.313	3
0.313	3
0.313	1
0.313	1
0.313	1
0.313	2
0.313	2
0.313	2
0.313	1
0.313	2
0.313	2
0.313	1
0.313	1
0.313	1
0.313	3
0.313	4
0.313	1
0.313	4
0.313	1
0.313	1
0.313	2
0.314	2
0.314	5
0.314	6
0.314	6
0.314	2
0.314	2
0.314	3
0.314	2
0.314	4
0.314	2
0.314	3
0.314	2
0.314	3
0.314	1
0.314	1
0.314	1
0.314	1
0.314	2
0.314	3
0.314	3
0.314	3
0.314	6
0.314	3
0.314	3
0.314	3
0.314	4
0.314	2
0.314	1
0.315	3
0.315	5
0.315	5
0.315	2
0.315	3
0.315	3
0.315	3
0.315	3
0.315	3
0.315	3
0.315	4
0.315	1
0.315	1
0.315	4
0.315	1
0.315	1
0.315	2
0.315	2
0.315	2
0.315	1
0.315	6
0.315	3
0.315	3
0.315	3
0.315	2
0.315	2
0.315	3
0.315	1
0.315	2
0.316	4
0.316	6
0.316	2
0.316	2
0.316	2
0.316	2
0.316	3
0.316	4
0.316	1
0.316	4
0.316	1
0.316	1
0.316	1
0.316	1
0.316	2
0.316	2
0.316	2
0.316	2
0.316	4
0.316	2
0.316	2
0.316	1
0.316	1
0.316	4
0.316	1
0.316	2
0.316	1
0.316	1
0.316	1
0.316	2
0.316	2
0.317	5
0.317	6
0.317	2
0.317	2
0.317	3
0.317	3
0.317	2
0.317	3
0.317	3
0.317	3
0.317	1
0.317	1
0.317	1
0.317	4
0.317	4
0.317	4
0.317	1
0.317	1
0.317	1
0.317	1
0.317	3
0.317	2
0.317	1
0.317	2
0.317	4
0.317	3
0.317	4
0.317	3
0.317	2
0.317	2
0.317	3
0.317	2
0.317	2
0.317	1
0.317	1
0.318	5
0.318	3
0.318	4
0.318	2
0.318	3
0.318	3
0.318	3
0.318	3
0.318	4
0.318	1
0.318	1
0.318	1
0.318	1
0.318	1
0.318	1
0.318	3
0.318	1
0.318	1
0.318	1
0.318	3
0.318	2
0.318	1
0.318	6
0.318	3
0.318	3
0.318	1
0.318	4
0.318	1
0.318	3
0.318	3
0.318	2
0.318	2
0.318	2
0.318	2
0.318	3
0.318	3
0.319	3
0.319	2
0.319	3
0.319	2
0.319	2
0.319	3
0.319	4
0.319	1
0.319	1
0.319	1
0.319	1
0.319	1
0.319	1
0.319	1
0.319	3
0.319	1
0.319	1
0.319	2
0.319	3
0.319	1
0.319	3
0.319	4
0.319	1
0.319	1
0.319	4
0.319	4
0.319	1
0.319	1
0.32	2
0.32	4
0.32	3
0.32	3
0.32	3
0.32	3
0.32	3
0.32	2
0.32	3
0.32	3
0.32	3
0.32	4
0.32	4
0.32	4
0.32	3
0.32	1
0.32	2
0.32	2
0.32	1
0.32	2
0.32	4
0.32	6
0.32	3
0.32	3
0.32	3
0.32	3
0.32	4
0.32	4
0.32	1
0.32	2
0.321	4
0.321	4
0.321	2
0.321	2
0.321	3
0.321	2
0.321	3
0.321	3
0.321	3
0.321	3
0.321	3
0.321	3
0.321	3
0.321	3
0.321	3
0.321	1
0.321	2
0.321	2
0.321	1
0.321	1
0.321	3
0.321	2
0.321	1
0.321	2
0.321	3
0.321	1
0.321	6
0.321	6
0.321	3
0.321	3
0.321	3
0.321	3
0.321	2
0.321	1
0.322	3
0.322	6
0.322	2
0.322	3
0.322	4
0.322	3
0.322	2
0.322	2
0.322	3
0.322	3
0.322	3
0.322	3
0.322	3
0.322	3
0.322	3
0.322	1
0.322	3
0.322	1
0.322	1
0.322	3
0.322	4
0.322	2
0.322	2
0.322	3
0.322	3
0.322	1
0.322	1
0.322	3
0.322	2
0.322	2
0.322	3
0.323	2
0.323	4
0.323	3
0.323	5
0.323	2
0.323	2
0.323	3
0.323	3
0.323	2
0.323	1
0.323	2
0.323	1
0.323	3
0.323	2
0.323	1
0.323	3
0.323	3
0.323	4
0.323	4
0.323	1
0.323	4
0.323	1
0.324	2
0.324	4
0.324	3
0.324	4
0.324	2
0.324	3
0.324	2
0.324	3
0.324	3
0.324	2
0.324	2
0.324	2
0.324	4
0.324	1
0.324	1
0.324	2
0.324	3
0.324	1
0.324	2
0.324	2
0.324	1
0.324	1
0.324	3
0.324	1
0.324	1
0.324	1
0.324	1
0.324	3
0.324	3
0.324	2
0.324	2
0.324	1
0.324	1
0.324	3
0.324	4
0.325	2
0.325	2
0.325	2
0.325	4
0.325	3
0.325	2
0.325	3
0.325	3
0.325	4
0.325	3
0.325	3
0.325	3
0.325	1
0.325	4
0.325	2
0.325	3
0.325	1
0.325	1
0.325	3
0.325	3
0.325	1
0.325	1
0.325	1
0.325	1
0.325	6
0.325	3
0.325	3
0.326	6
0.326	2
0.326	3
0.326	3
0.326	2
0.326	2
0.326	2
0.326	1
0.326	1
0.326	1
0.326	3
0.326	1
0.326	2
0.326	2
0.326	1
0.326	2
0.326	3
0.326	1
0.327	2
0.327	2
0.327	5
0.327	2
0.327	4
0.327	3
0.327	3
0.327	4
0.327	1
0.327	1
0.327	1
0.327	2
0.327	3
0.327	3
0.327	3
0.327	1
0.327	1
0.327	2
0.327	2
0.327	2
0.327	3
0.327	1
0.327	1
0.327	4
0.327	4
0.328	2
0.328	2
0.328	2
0.328	3
0.328	3
0.328	3
0.328	4
0.328	3
0.328	3
0.328	4
0.328	4
0.328	2
0.328	3
0.328	3
0.328	1
0.328	3
0.328	2
0.328	1
0.329	4
0.329	2
0.329	2
0.329	3
0.329	3
0.329	3
0.329	3
0.329	3
0.329	3
0.329	3
0.329	3
0.329	1
0.329	1
0.329	2
0.329	1
0.329	3
0.329	1
0.329	1
0.33	2
0.33	6
0.33	2
0.33	3
0.33	2
0.33	4
0.33	3
0.33	3
0.33	3
0.33	1
0.33	1
0.33	4
0.33	2
0.33	1
0.33	1
0.33	2
0.33	2
0.33	1
0.33	2
0.331	2
0.331	5
0.331	2
0.331	3
0.331	3
0.331	4
0.331	3
0.331	3
0.331	3
0.331	2
0.331	4
0.331	1
0.331	4
0.331	4
0.331	2
0.331	2
0.331	3
0.331	1
0.331	2
0.331	3
0.331	1
0.331	2
0.331	1
0.331	1
0.331	2
0.332	3
0.332	6
0.332	2
0.332	2
0.332	2
0.332	3
0.332	4
0.332	4
0.332	4
0.332	4
0.332	3
0.332	2
0.332	3
0.332	1
0.332	1
0.332	1
0.332	1
0.332	3
0.332	3
0.332	2
0.332	2
0.332	3
0.332	2
0.332	1
0.332	1
0.332	2
0.333	2
0.333	4
0.333	5
0.333	6
0.333	2
0.333	3
0.333	2
0.333	2
0.333	4
0.333	3
0.333	3
0.333	3
0.333	4
0.333	1
0.333	1
0.333	2
0.333	2
0.333	1
0.333	4
0.333	2
0.333	3
0.333	2
0.333	2
0.333	3
0.333	2
0.333	1
0.334	5
0.334	2
0.334	3
0.334	3
0.334	2
0.334	3
0.334	4
0.334	4
0.334	1
0.334	2
0.334	3
0.334	4
0.334	1
0.334	4
0.334	2
0.334	3
0.334	2
0.334	2
0.334	3
0.335	6
0.335	2
0.335	2
0.335	2
0.335	3
0.335	2
0.335	3
0.335	3
0.335	3
0.335	3
0.335	4
0.335	2
0.335	6
0.335	3
0.335	3
0.335	3
0.335	4
0.335	1
0.335	4
0.335	2
0.335	1
0.335	2
0.336	2
0.336	3
0.336	5
0.336	6
0.336	2
0.336	3
0.336	2
0.336	3
0.336	3
0.336	3
0.336	3
0.336	4
0.336	3
0.336	3
0.336	3
0.336	3
0.336	3
0.336	1
0.336	2
0.336	3
0.336	1
0.336	6
0.336	3
0.336	3
0.336	3
0.336	4
0.336	2
0.336	1
0.336	1
0.336	2
0.337	2
0.337	4
0.337	5
0.337	2
0.337	3
0.337	2
0.337	2
0.337	2
0.337	3
0.337	2
0.337	2
0.337	1
0.337	2
0.337	4
0.337	4
0.337	2
0.337	3
0.337	1
0.337	6
0.337	3
0.337	3
0.337	3
0.337	2
0.337	2
0.337	3
0.337	2
0.337	1
0.337	1
0.337	2
0.338	3
0.338	6
0.338	2
0.338	2
0.338	3
0.338	3
0.338	3
0.338	3
0.338	4
0.338	3
0.338	2
0.338	2
0.338	4
0.338	1
0.338	3
0.338	2
0.338	1
0.338	4
0.338	4
0.338	2
0.338	3
0.338	1
0.338	1
0.338	4
0.338	2
0.338	3
0.338	2
0.338	2
0.338	3
0.338	2
0.338	1
0.339	4
0.339	3
0.339	5
0.339	6
0.339	2
0.339	2
0.339	2
0.339	2
0.339	4
0.339	3
0.339	2
0.339	4
0.339	4
0.339	3
0.339	3
0.339	3
0.339	1
0.339	3
0.339	1
0.339	1
0.339	1
0.339	3
0.339	2
0.339	1
0.339	4
0.339	4
0.339	3
0.339	4
0.339	1
0.339	4
0.339	2
0.339	3
0.339	2
0.339	2
0.339	3
0.34	2
0.34	4
0.34	5
0.34	6
0.34	6
0.34	6
0.34	2
0.34	2
0.34	2
0.34	4
0.34	3
0.34	2
0.34	2
0.34	3
0.34	3
0.34	1
0.34	3
0.34	1
0.34	1
0.34	1
0.34	3
0.34	2
0.34	1
0.34	6
0.34	3
0.34	3
0.34	3
0.34	4
0.34	1
0.34	4
0.34	2
0.341	2
0.341	3
0.341	5
0.341	5
0.341	5
0.341	3
0.341	1
0.341	2
0.341	3
0.341	1
0.341	1
0.341	3
0.341	1
0.341	1
0.341	2
0.341	3
0.341	1
0.341	6
0.341	3
0.341	3
0.341	3
0.341	4
0.341	1
0.341	2
0.342	4
0.342	3
0.342	3
0.342	3
0.342	2
0.342	3
0.342	3
0.342	1
0.342	2
0.342	3
0.342	1
0.342	4
0.342	4
0.342	2
0.342	3
0.342	1
0.342	6
0.342	3
0.342	3
0.342	2
0.342	2
0.343	2
0.343	4
0.343	3
0.343	4
0.343	3
0.343	3
0.343	4
0.343	3
0.343	3
0.343	3
0.343	1
0.343	2
0.343	3
0.343	1
0.343	1
0.343	3
0.343	2
0.343	1
0.343	4
0.343	4
0.343	2
0.343	3
0.343	1
0.343	3
0.343	2
0.343	2
0.343	3
0.343	1
0.343	2
0.344	2
0.344	2
0.344	3
0.344	2
0.344	3
0.344	3
0.344	2
0.344	1
0.344	2
0.344	3
0.344	1
0.344	3
0.344	1
0.344	1
0.344	1
0.344	3
0.344	2
0.344	1
0.344	4
0.344	4
0.344	1
0.344	4
0.344	2
0.344	2
0.344	2
0.345	4
0.345	3
0.345	3
0.345	2
0.345	4
0.345	3
0.345	3
0.345	4
0.345	2
0.345	1
0.345	2
0.345	1
0.345	3
0.345	1
0.345	1
0.345	1
0.345	3
0.345	2
0.345	1
0.345	3
0.345	4
0.345	3
0.345	2
0.345	2
0.345	3
0.345	1
0.345	2
0.346	2
0.346	2
0.346	4
0.346	3
0.346	3
0.346	3
0.346	2
0.346	3
0.346	4
0.346	4
0.346	1
0.346	4
0.346	2
0.346	1
0.346	2
0.346	3
0.346	1
0.346	2
0.346	3
0.346	1
0.346	1
0.346	3
0.346	1
0.346	1
0.346	6
0.346	3
0.346	3
0.346	1
0.346	4
0.346	2
0.346	2
0.346	2
0.347	2
0.347	2
0.347	4
0.347	4
0.347	4
0.347	6
0.347	2
0.347	2
0.347	3
0.347	3
0.347	1
0.347	2
0.347	1
0.347	4
0.347	2
0.347	3
0.347	3
0.347	1
0.347	2
0.347	3
0.347	1
0.347	2
0.347	3
0.347	1
0.347	3
0.347	4
0.347	3
0.347	2
0.347	2
0.347	3
0.348	5
0.348	6
0.348	2
0.348	2
0.348	4
0.348	1
0.348	2
0.348	1
0.348	3
0.348	3
0.348	1
0.348	2
0.348	3
0.348	1
0.348	4
0.348	4
0.348	6
0.348	3
0.348	3
0.348	1
0.348	4
0.348	2
0.348	1
0.348	2
0.349	2
0.349	2
0.349	5
0.349	3
0.349	3
0.349	3
0.349	3
0.349	4
0.349	1
0.349	2
0.349	1
0.349	2
0.349	3
0.349	1
0.349	3
0.349	2
0.349	1
0.349	2
0.349	3
0.349	1
0.349	3
0.349	4
0.349	2
0.349	2
0.35	2
0.35	2
0.35	2
0.35	2
0.35	3
0.35	3
0.35	4
0.35	3
0.35	3
0.35	3
0.35	4
0.35	4
0.35	2
0.35	1
0.35	2
0.35	1
0.35	3
0.35	1
0.35	1
0.35	4
0.35	4
0.35	6
0.35	3
0.35	3
0.35	3
0.35	2
0.35	2
0.35	3
0.35	1
0.35	1
0.35	1
0.35	2
0.35	2
0.35	2
0.351	2
0.351	2
0.351	2
0.351	6
0.351	2
0.351	3
0.351	2
0.351	2
0.351	3
0.351	4
0.351	4
0.351	1
0.351	4
0.351	2
0.351	1
0.351	2
0.351	1
0.351	3
0.351	2
0.351	1
0.351	2
0.351	3
0.351	1
0.351	1
0.351	4
0.351	2
0.351	2
0.351	2
0.351	2
0.351	2
0.351	2
0.351	2
0.352	2
0.352	5
0.352	2
0.352	3
0.352	3
0.352	2
0.352	3
0.352	4
0.352	1
0.352	2
0.352	1
0.352	4
0.352	2
0.352	3
0.352	1
0.352	2
0.352	3
0.352	1
0.352	1
0.352	3
0.352	1
0.352	1
0.352	4
0.352	4
0.352	3
0.352	4
0.352	3
0.352	3
0.352	3
0.352	2
0.352	2
0.352	2
0.352	2
0.352	2
0.352	2
0.352	3
0.352	3
0.352	3
0.353	2
0.353	4
0.353	6
0.353	2
0.353	2
0.353	2
0.353	4
0.353	3
0.353	2
0.353	4
0.353	1
0.353	2
0.353	1
0.353	3
0.353	1
0.353	3
0.353	2
0.353	1
0.353	6
0.353	3
0.353	3
0.353	1
0.353	1
0.353	1
0.353	4
0.353	5
0.353	5
0.353	2
0.353	2
0.353	2
0.353	1
0.353	2
0.354	2
0.354	2
0.354	2
0.354	4
0.354	4
0.354	5
0.354	6
0.354	6
0.354	2
0.354	2
0.354	3
0.354	2
0.354	4
0.354	3
0.354	2
0.354	4
0.354	4
0.354	1
0.354	2
0.354	3
0.354	1
0.354	2
0.354	3
0.354	1
0.354	1
0.354	3
0.354	1
0.354	1
0.354	2
0.354	3
0.354	1
0.354	3
0.354	3
0.354	4
0.354	4
0.354	4
0.354	4
0.354	2
0.354	2
0.355	4
0.355	5
0.355	5
0.355	2
0.355	2
0.355	4
0.355	3
0.355	3
0.355	4
0.355	4
0.355	4
0.355	1
0.355	2
0.355	3
0.355	4
0.355	4
0.355	6
0.355	6
0.355	6
0.355	3
0.355	3
0.355	3
0.355	3
0.355	3
0.355	3
0.355	3
0.355	2
0.355	2
0.355	3
0.356	3
0.356	2
0.356	3
0.356	4
0.356	4
0.356	4
0.356	2
0.356	3
0.356	1
0.356	2
0.356	3
0.356	1
0.356	1
0.356	3
0.356	2
0.356	1
0.356	2
0.356	2
0.356	2
0.356	3
0.356	3
0.356	3
0.356	1
0.356	1
0.356	1
0.356	1
0.356	5
0.356	2
0.356	1
0.356	2
0.357	4
0.357	2
0.357	3
0.357	2
0.357	3
0.357	4
0.357	1
0.357	1
0.357	2
0.357	3
0.357	1
0.357	3
0.357	1
0.357	1
0.357	4
0.357	4
0.357	4
0.357	4
0.357	4
0.357	4
0.357	4
0.357	4
0.357	2
0.357	2
0.357	1
0.357	1
0.357	1
0.357	2
0.357	2
0.357	2
0.358	2
0.358	4
0.358	6
0.358	2
0.358	3
0.358	4
0.358	3
0.358	2
0.358	1
0.358	2
0.358	4
0.358	2
0.358	1
0.358	1
0.358	1
0.358	3
0.358	3
0.358	3
0.358	2
0.358	2
0.358	2
0.358	1
0.358	1
0.358	1
0.358	6
0.358	3
0.358	3
0.358	3
0.358	2
0.358	2
0.358	3
0.358	2
0.358	2
0.358	2
0.358	2
0.358	2
0.358	2
0.359	2
0.359	4
0.359	5
0.359	3
0.359	3
0.359	2
0.359	4
0.359	3
0.359	2
0.359	4
0.359	1
0.359	1
0.359	2
0.359	3
0.359	1
0.359	2
0.359	3
0.359	1
0.359	1
0.359	1
0.359	1
0.359	3
0.359	3
0.359	3
0.359	1
0.359	1
0.359	1
0.359	1
0.359	1
0.359	1
0.359	2
0.359	3
0.359	1
0.359	1
0.359	5
0.359	2
0.359	3
0.359	3
0.359	3
0.359	2
0.359	2
0.359	2
0.359	2
0.359	2
0.359	2
0.359	3
0.359	3
0.359	3
0.36	4
0.36	4
0.36	4
0.36	4
0.36	3
0.36	2
0.36	4
0.36	3
0.36	4
0.36	1
0.36	2
0.36	4
0.36	2
0.36	3
0.36	4
0.36	4
0.36	4
0.36	4
0.36	1
0.36	1
0.36	1
0.36	5
0.36	5
0.36	5
0.36	2
0.36	2
0.36	2
0.361	2
0.361	4
0.361	4
0.361	4
0.361	3
0.361	2
0.361	3
0.361	4
0.361	4
0.361	1
0.361	3
0.361	3
0.361	3
0.361	1
0.361	1
0.361	1
0.361	2
0.361	2
0.361	2
0.361	3
0.361	3
0.361	3
0.361	1
0.361	1
0.361	1
0.361	1
0.361	4
0.361	2
0.361	1
0.361	6
0.361	3
0.361	3
0.361	4
0.361	4
0.361	4
0.361	4
0.361	4
0.361	4
0.361	1
0.361	2
0.362	2
0.362	2
0.362	4
0.362	3
0.362	4
0.362	1
0.362	2
0.362	1
0.362	2
0.362	3
0.362	3
0.362	3
0.362	1
0.362	3
0.362	1
0.362	1
0.362	2
0.362	3
0.362	1
0.362	6
0.362	6
0.362	6
0.362	3
0.362	3
0.362	3
0.362	3
0.362	3
0.362	3
0.362	2
0.362	2
0.363	3
0.363	2
0.363	3
0.363	4
0.363	4
0.363	4
0.363	3
0.363	5
0.363	4
0.363	2
0.363	2
0.363	2
0.363	3
0.363	3
0.363	3
0.363	1
0.363	1
0.363	1
0.363	3
0.363	2
0.363	2
0.363	3
0.363	1
0.363	1
0.363	2
0.363	2
0.364	2
0.364	4
0.364	3
0.364	3
0.364	3
0.364	4
0.364	3
0.364	4
0.364	1
0.364	1
0.364	1
0.364	1
0.364	2
0.364	2
0.364	2
0.364	3
0.364	1
0.364	2
0.364	3
0.364	1
0.364	1
0.364	4
0.364	2
0.364	1
0.364	5
0.364	5
0.364	5
0.364	4
0.364	4
0.364	4
0.364	1
0.364	5
0.364	2
0.364	2
0.364	2
0.364	2
0.364	2
0.365	2
0.365	2
0.365	2
0.365	4
0.365	2
0.365	3
0.365	4
0.365	3
0.365	2
0.365	2
0.365	3
0.365	4
0.365	1
0.365	2
0.365	4
0.365	4
0.365	4
0.365	3
0.365	3
0.365	3
0.365	3
0.365	1
0.365	3
0.365	1
0.365	1
0.365	1
0.365	1
0.365	1
0.365	4
0.365	4
0.365	4
0.365	2
0.365	2
0.365	2
0.365	1
0.365	1
0.365	1
0.365	4
0.365	4
0.365	3
0.365	3
0.365	2
0.365	2
0.365	2
0.365	2
0.365	3
0.365	3
0.366	3
0.366	2
0.366	3
0.366	4
0.366	3
0.366	4
0.366	3
0.366	4
0.366	1
0.366	1
0.366	1
0.366	1
0.366	1
0.366	2
0.366	3
0.366	3
0.366	3
0.366	1
0.366	1
0.366	1
0.366	1
0.366	1
0.366	1
0.366	6
0.366	3
0.366	3
0.366	1
0.366	1
0.366	5
0.366	5
0.366	2
0.366	2
0.367	2
0.367	2
0.367	3
0.367	2
0.367	4
0.367	2
0.367	2
0.367	4
0.367	1
0.367	1
0.367	1
0.367	2
0.367	2
0.367	2
0.367	1
0.367	2
0.367	3
0.367	1
0.367	2
0.367	3
0.367	1
0.367	2
0.367	3
0.367	1
0.367	4
0.367	4
0.367	4
0.367	4
0.368	2
0.368	2
0.368	6
0.368	2
0.368	2
0.368	3
0.368	3
0.368	4
0.368	3
0.368	3
0.368	4
0.368	4
0.368	4
0.368	4
0.368	4
0.368	3
0.368	3
0.368	3
0.368	3
0.368	3
0.368	1
0.368	1
0.368	1
0.368	2
0.368	2
0.368	2
0.368	4
0.368	4
0.368	4
0.368	1
0.368	1
0.368	1
0.368	5
0.368	4
0.368	6
0.368	6
0.368	3
0.368	3
0.368	3
0.368	3
0.368	1
0.368	2
0.369	2
0.369	5
0.369	6
0.369	2
0.369	2
0.369	3
0.369	2
0.369	4
0.369	4
0.369	4
0.369	1
0.369	3
0.369	3
0.369	3
0.369	1
0.369	4
0.369	2
0.369	1
0.369	2
0.369	2
0.369	3
0.369	3
0.369	1
0.369	1
0.369	2
0.369	2
0.37	5
0.37	6
0.37	2
0.37	2
0.37	3
0.37	3
0.37	3
0.37	2
0.37	3
0.37	3
0.37	3
0.37	4
0.37	4
0.37	4
0.37	1
0.37	2
0.37	1
0.37	2
0.37	2
0.37	3
0.37	1
0.37	1
0.37	5
0.37	5
0.37	4
0.37	4
0.37	3
0.37	2
0.37	2
0.37	3
0.37	1
0.37	2
0.371	5
0.371	3
0.371	2
0.371	3
0.371	4
0.371	4
0.371	3
0.371	4
0.371	4
0.371	3
0.371	1
0.371	1
0.371	1
0.371	2
0.371	2
0.371	2
0.371	1
0.371	1
0.371	4
0.371	4
0.371	2
0.371	2
0.371	1
0.371	1
0.371	1
0.371	5
0.371	2
0.371	2
0.371	2
0.371	1
0.371	2
0.372	2
0.372	2
0.372	3
0.372	3
0.372	3
0.372	4
0.372	2
0.372	2
0.372	2
0.372	2
0.372	4
0.372	1
0.372	4
0.372	4
0.372	4
0.372	3
0.372	3
0.372	3
0.372	3
0.372	1
0.372	2
0.372	4
0.372	2
0.372	2
0.372	2
0.372	3
0.372	3
0.372	1
0.372	1
0.372	1
0.372	1
0.372	4
0.372	4
0.372	3
0.372	2
0.372	2
0.372	3
0.372	2
0.372	2
0.373	6
0.373	2
0.373	2
0.373	3
0.373	4
0.373	4
0.373	4
0.373	4
0.373	3
0.373	3
0.373	3
0.373	3
0.373	4
0.373	1
0.373	2
0.373	1
0.373	1
0.373	1
0.373	3
0.373	6
0.373	3
0.373	3
0.373	1
0.373	5
0.373	2
0.373	3
0.373	2
0.373	2
0.373	3
0.373	1
0.373	2
0.374	4
0.374	5
0.374	6
0.374	2
0.374	2
0.374	3
0.374	2
0.374	2
0.374	2
0.374	4
0.374	1
0.374	1
0.374	1
0.374	2
0.374	2
0.374	2
0.374	3
0.374	3
0.374	1
0.374	1
0.374	2
0.374	2
0.374	4
0.374	4
0.374	2
0.374	2
0.374	2
0.374	3
0.374	1
0.374	4
0.374	4
0.374	1
0.374	5
0.374	2
0.374	2
0.374	2
0.375	4
0.375	4
0.375	5
0.375	6
0.375	2
0.375	3
0.375	4
0.375	4
0.375	2
0.375	4
0.375	4
0.375	4
0.375	4
0.375	1
0.375	2
0.375	3
0.375	3
0.375	5
0.375	4
0.375	6
0.375	3
0.375	3
0.375	4
0.375	4
0.375	3
0.375	2
0.375	2
0.375	3
0.376	4
0.376	4
0.376	5
0.376	3
0.376	4
0.376	3
0.376	3
0.376	4
0.376	4
0.376	4
0.376	4
0.376	4
0.376	3
0.376	1
0.376	4
0.376	2
0.376	2
0.376	2
0.376	3
0.376	1
0.376	6
0.376	3
0.376	3
0.376	1
0.376	5
0.376	2
0.377	4
0.377	3
0.377	3
0.377	3
0.377	4
0.377	4
0.377	4
0.377	2
0.377	3
0.377	3
0.377	3
0.377	4
0.377	4
0.377	4
0.377	1
0.377	1
0.377	1
0.377	2
0.377	2
0.377	2
0.377	3
0.377	1
0.377	1
0.377	5
0.377	4
0.377	2
0.377	3
0.377	1
0.377	4
0.377	4
0.377	1
0.377	2
0.378	2
0.378	3
0.378	4
0.378	2
0.378	1
0.378	2
0.378	4
0.378	4
0.378	4
0.378	4
0.378	1
0.378	4
0.378	2
0.378	2
0.378	5
0.378	4
0.378	6
0.378	3
0.378	3
0.378	2
0.378	2
0.379	2
0.379	4
0.379	6
0.379	2
0.379	3
0.379	3
0.379	3
0.379	3
0.379	3
0.379	4
0.379	3
0.379	2
0.379	3
0.379	3
0.379	4
0.379	1
0.379	1
0.379	3
0.379	1
0.379	2
0.379	4
0.379	2
0.379	2
0.379	3
0.379	1
0.379	1
0.379	1
0.379	4
0.379	2
0.379	2
0.379	2
0.379	3
0.379	1
0.379	3
0.379	2
0.379	2
0.379	3
0.38	2
0.38	4
0.38	4
0.38	5
0.38	2
0.38	3
0.38	4
0.38	4
0.38	4
0.38	4
0.38	2
0.38	4
0.38	4
0.38	4
0.38	3
0.38	3
0.38	3
0.38	4
0.38	1
0.38	1
0.38	2
0.38	2
0.38	3
0.38	2
0.38	3
0.38	1
0.38	1
0.38	5
0.38	4
0.38	1
0.38	5
0.38	2
0.381	2
0.381	4
0.381	4
0.381	6
0.381	2
0.381	3
0.381	2
0.381	2
0.381	2
0.381	3
0.381	4
0.381	4
0.381	4
0.381	3
0.381	1
0.381	2
0.381	4
0.381	2
0.381	1
0.381	4
0.381	2
0.381	2
0.381	4
0.381	4
0.381	1
0.381	2
0.382	2
0.382	4
0.382	6
0.382	2
0.382	3
0.382	3
0.382	4
0.382	4
0.382	1
0.382	2
0.382	3
0.382	3
0.382	1
0.382	2
0.382	4
0.382	2
0.382	2
0.382	3
0.382	1
0.382	1
0.382	6
0.382	3
0.382	3
0.382	2
0.382	2
0.383	2
0.383	6
0.383	2
0.383	3
0.383	4
0.383	4
0.383	3
0.383	3
0.383	3
0.383	4
0.383	4
0.383	4
0.383	4
0.383	3
0.383	2
0.383	3
0.383	1
0.383	3
0.383	2
0.383	2
0.383	3
0.383	1
0.383	2
0.384	2
0.384	2
0.384	6
0.384	3
0.384	3
0.384	3
0.384	3
0.384	4
0.384	4
0.384	4
0.384	4
0.384	3
0.384	1
0.384	1
0.384	2
0.384	3
0.384	1
0.384	2
0.384	5
0.384	2
0.384	5
0.384	4
0.384	1
0.384	5
0.384	3
0.384	2
0.384	2
0.385	3
0.385	4
0.385	2
0.385	3
0.385	3
0.385	3
0.385	3
0.385	2
0.385	3
0.385	3
0.385	1
0.385	2
0.385	4
0.385	5
0.385	1
0.385	2
0.385	3
0.385	1
0.385	4
0.385	2
0.385	2
0.385	4
0.385	4
0.385	3
0.385	2
0.385	2
0.385	3
0.385	1
0.385	2
0.386	3
0.386	4
0.386	6
0.386	2
0.386	3
0.386	3
0.386	3
0.386	4
0.386	3
0.386	3
0.386	3
0.386	4
0.386	4
0.386	3
0.386	3
0.386	4
0.386	1
0.386	4
0.386	5
0.386	2
0.386	3
0.386	1
0.386	1
0.386	6
0.386	3
0.386	3
0.386	1
0.386	5
0.386	3
0.386	2
0.386	2
0.387	3
0.387	4
0.387	6
0.387	3
0.387	3
0.387	3
0.387	3
0.387	4
0.387	4
0.387	4
0.387	2
0.387	2
0.387	4
0.387	1
0.387	2
0.387	1
0.387	1
0.387	2
0.387	2
0.387	3
0.387	1
0.387	4
0.387	4
0.387	3
0.387	2
0.387	2
0.387	3
0.388	3
0.388	4
0.388	6
0.388	6
0.388	6
0.388	2
0.388	2
0.388	2
0.388	3
0.388	4
0.388	3
0.388	4
0.388	4
0.388	1
0.388	2
0.388	4
0.388	5
0.388	4
0.388	1
0.388	2
0.388	5
0.388	2
0.388	5
0.388	4
0.388	6
0.388	3
0.388	3
0.388	2
0.388	5
0.388	3
0.389	3
0.389	4
0.389	6
0.389	6
0.389	6
0.389	3
0.389	4
0.389	4
0.389	1
0.389	3
0.389	1
0.389	4
0.389	2
0.389	2
0.389	2
0.389	3
0.389	1
0.389	4
0.389	4
0.39	3
0.39	4
0.39	3
0.39	3
0.39	3
0.39	4
0.39	4
0.39	3
0.39	3
0.39	4
0.39	4
0.39	1
0.39	2
0.39	2
0.39	3
0.39	1
0.39	1
0.39	5
0.39	4
0.39	6
0.39	3
0.39	3
0.39	1
0.39	2
0.391	6
0.391	2
0.391	3
0.391	3
0.391	3
0.391	3
0.391	4
0.391	4
0.391	3
0.391	3
0.391	4
0.391	4
0.391	1
0.391	2
0.391	1
0.391	4
0.391	2
0.391	2
0.391	2
0.391	3
0.391	1
0.391	2
0.391	2
0.392	3
0.392	4
0.392	6
0.392	3
0.392	3
0.392	3
0.392	3
0.392	3
0.392	4
0.392	2
0.392	3
0.392	4
0.392	4
0.392	5
0.392	4
0.392	1
0.392	2
0.392	5
0.392	2
0.392	2
0.392	3
0.392	1
0.392	1
0.392	5
0.392	4
0.392	3
0.392	2
0.392	2
0.392	4
0.392	2
0.392	2
0.393	3
0.393	4
0.393	3
0.393	3
0.393	3
0.393	3
0.393	4
0.393	4
0.393	4
0.393	3
0.393	3
0.393	3
0.393	4
0.393	1
0.393	3
0.393	1
0.393	4
0.393	2
0.393	2
0.393	2
0.393	5
0.393	3
0.393	2
0.393	2
0.394	3
0.394	4
0.394	4
0.394	4
0.394	6
0.394	2
0.394	3
0.394	3
0.394	3
0.394	2
0.394	4
0.394	3
0.394	1
0.394	2
0.394	4
0.394	1
0.394	2
0.394	5
0.394	2
0.394	2
0.394	3
0.394	1
0.394	1
0.394	4
0.394	4
0.394	3
0.394	2
0.394	2
0.394	4
0.395	3
0.395	4
0.395	4
0.395	4
0.395	6
0.395	6
0.395	6
0.395	6
0.395	2
0.395	2
0.395	2
0.395	3
0.395	4
0.395	2
0.395	3
0.395	4
0.395	1
0.395	2
0.395	3
0.395	6
0.395	3
0.395	3
0.395	2
0.395	5
0.395	3
0.395	2
0.395	2
0.395	2
0.395	2
0.396	6
0.396	6
0.396	6
0.396	3
0.396	4
0.396	3
0.396	4
0.396	4
0.396	5
0.396	4
0.396	1
0.396	2
0.396	5
0.396	2
0.396	2
0.396	3
0.396	1
0.396	4
0.396	4
0.396	2
0.396	2
0.396	2
0.396	2
0.397	3
0.397	3
0.397	4
0.397	3
0.397	3
0.397	3
0.397	4
0.397	4
0.397	2
0.397	3
0.397	4
0.397	1
0.397	1
0.397	3
0.397	3
0.397	5
0.397	4
0.397	6
0.397	3
0.397	3
0.397	3
0.397	3
0.397	2
0.397	2
0.397	2
0.397	2
0.397	4
0.397	4
0.397	2
0.397	2
0.398	4
0.398	3
0.398	3
0.398	3
0.398	4
0.398	4
0.398	1
0.398	2
0.398	4
0.398	5
0.398	1
0.398	4
0.398	2
0.398	2
0.398	2
0.398	3
0.398	1
0.398	2
0.398	2
0.398	5
0.398	5
0.398	3
0.398	3
0.398	2
0.398	2
0.398	2
0.398	2
0.398	2
0.398	2
0.399	3
0.399	3
0.399	3
0.399	6
0.399	2
0.399	3
0.399	3
0.399	4
0.399	3
0.399	4
0.399	1
0.399	1
0.399	3
0.399	2
0.399	3
0.399	1
0.399	1
0.399	5
0.399	4
0.399	4
0.399	4
0.399	4
0.399	4
0.399	3
0.399	2
0.399	2
0.399	4
0.399	2
0.399	2
0.399	2
0.399	2
0.4	3
0.4	4
0.4	6
0.4	3
0.4	3
0.4	4
0.4	4
0.4	4
0.4	4
0.4	3
0.4	4
0.4	1
0.4	2
0.4	4
0.4	5
0.4	1
0.4	4
0.4	2
0.4	2
0.4	6
0.4	6
0.4	3
0.4	3
0.4	3
0.4	3
0.4	2
0.4	5
0.4	3
0.4	3
0.4	3
0.4	2
0.4	2
0.4	2
0.4	2
0.4	4
0.4	4
0.4	2
0.4	2
0.401	4
0.401	4
0.401	4
0.401	4
0.401	6
0.401	6
0.401	2
0.401	2
0.401	4
0.401	2
0.401	3
0.401	4
0.401	4
0.401	1
0.401	4
0.401	1
0.401	2
0.401	5
0.401	2
0.401	2
0.401	3
0.401	1
0.401	1
0.401	2
0.401	2
0.401	3
0.401	4
0.401	1
0.401	1
0.401	4
0.401	4
0.401	2
0.401	2
0.401	5
0.401	6
0.401	3
0.401	3
0.401	2
0.401	2
0.402	3
0.402	3
0.402	3
0.402	3
0.402	4
0.402	4
0.402	4
0.402	6
0.402	6
0.402	3
0.402	4
0.402	4
0.402	1
0.402	2
0.402	3
0.402	5
0.402	5
0.402	4
0.402	4
0.402	6
0.402	3
0.402	3
0.402	4
0.402	4
0.402	4
0.402	4
0.402	3
0.402	2
0.402	2
0.402	4
0.403	3
0.403	4
0.403	3
0.403	3
0.403	4
0.403	4
0.403	4
0.403	1
0.403	2
0.403	5
0.403	2
0.403	1
0.403	1
0.403	4
0.403	4
0.403	2
0.403	2
0.403	2
0.403	2
0.403	2
0.403	4
0.403	1
0.403	6
0.403	6
0.403	3
0.403	3
0.403	3
0.403	3
0.403	2
0.403	6
0.403	3
0.404	3
0.404	3
0.404	4
0.404	4
0.404	3
0.404	4
0.404	1
0.404	3
0.404	3
0.404	2
0.404	2
0.404	3
0.404	3
0.404	1
0.404	1
0.404	1
0.404	1
0.404	5
0.404	4
0.404	2
0.404	2
0.404	4
0.404	4
0.404	1
0.404	1
0.404	4
0.404	4
0.405	3
0.405	3
0.405	4
0.405	3
0.405	3
0.405	3
0.405	2
0.405	3
0.405	3
0.405	4
0.405	4
0.405	5
0.405	1
0.405	4
0.405	2
0.405	3
0.405	5
0.405	5
0.405	4
0.405	4
0.405	6
0.405	3
0.405	3
0.406	3
0.406	3
0.406	3
0.406	4
0.406	6
0.406	2
0.406	3
0.406	4
0.406	4
0.406	4
0.406	3
0.406	1
0.406	1
0.406	3
0.406	4
0.406	4
0.406	1
0.406	1
0.406	2
0.406	2
0.406	5
0.406	5
0.406	2
0.406	2
0.406	2
0.406	3
0.406	1
0.406	1
0.406	1
0.406	1
0.406	4
0.406	4
0.406	2
0.406	2
0.406	3
0.406	3
0.406	2
0.406	4
0.406	1
0.407	4
0.407	4
0.407	6
0.407	3
0.407	3
0.407	3
0.407	4
0.407	2
0.407	3
0.407	1
0.407	2
0.407	4
0.407	5
0.407	3
0.407	3
0.407	2
0.407	2
0.407	3
0.407	3
0.407	1
0.407	1
0.407	1
0.407	1
0.407	5
0.407	4
0.408	3
0.408	4
0.408	4
0.408	6
0.408	2
0.408	3
0.408	4
0.408	4
0.408	4
0.408	3
0.408	4
0.408	1
0.408	4
0.408	1
0.408	2
0.408	5
0.408	2
0.408	1
0.408	4
0.408	2
0.408	3
0.408	2
0.408	2
0.409	3
0.409	3
0.409	3
0.409	6
0.409	6
0.409	2
0.409	3
0.409	2
0.409	4
0.409	1
0.409	2
0.409	1
0.409	1
0.409	3
0.409	3
0.409	3
0.409	4
0.409	4
0.409	1
0.409	1
0.409	2
0.409	2
0.409	5
0.409	5
0.409	2
0.409	2
0.409	2
0.409	3
0.409	1
0.409	1
0.409	2
0.409	2
0.41	3
0.41	6
0.41	3
0.41	4
0.41	4
0.41	3
0.41	4
0.41	4
0.41	4
0.41	4
0.41	5
0.41	5
0.41	3
0.41	3
0.41	3
0.41	2
0.41	2
0.41	4
0.411	6
0.411	2
0.411	3
0.411	4
0.411	4
0.411	1
0.411	1
0.411	1
0.411	3
0.411	4
0.411	1
0.411	2
0.411	5
0.411	2
0.411	2
0.411	6
0.411	3
0.412	3
0.412	3
0.412	4
0.412	6
0.412	4
0.412	4
0.412	4
0.412	3
0.412	3
0.412	4
0.412	1
0.412	1
0.412	2
0.412	2
0.412	4
0.412	5
0.412	1
0.412	1
0.412	3
0.412	3
0.412	3
0.412	4
0.412	4
0.413	3
0.413	4
0.413	3
0.413	4
0.413	4
0.413	3
0.413	4
0.413	4
0.413	1
0.413	4
0.413	4
0.413	5
0.413	5
0.413	6
0.413	3
0.413	3
0.413	2
0.413	2
0.413	2
0.413	2
0.414	4
0.414	3
0.414	4
0.414	2
0.414	3
0.414	4
0.414	4
0.414	1
0.414	2
0.414	1
0.414	1
0.414	1
0.414	3
0.414	2
0.414	4
0.414	1
0.414	2
0.414	2
0.414	2
0.414	2
0.415	3
0.415	3
0.415	4
0.415	4
0.415	6
0.415	2
0.415	3
0.415	4
0.415	4
0.415	3
0.415	4
0.415	4
0.415	4
0.415	4
0.415	4
0.415	1
0.415	1
0.415	2
0.415	2
0.415	4
0.415	5
0.415	5
0.415	4
0.415	3
0.415	3
0.415	2
0.415	2
0.415	2
0.415	2
0.415	4
0.415	4
0.416	4
0.416	6
0.416	4
0.416	2
0.416	4
0.416	4
0.416	4
0.416	1
0.416	1
0.416	4
0.416	2
0.416	3
0.416	2
0.416	2
0.416	6
0.416	6
0.416	3
0.416	3
0.416	2
0.416	2
0.417	3
0.417	4
0.417	3
0.417	3
0.417	4
0.417	3
0.417	3
0.417	4
0.417	4
0.417	4
0.417	4
0.417	1
0.417	2
0.417	2
0.417	3
0.417	1
0.417	1
0.417	4
0.417	4
0.417	4
0.417	4
0.417	2
0.417	2
0.418	4
0.418	3
0.418	4
0.418	4
0.418	4
0.418	3
0.418	3
0.418	5
0.418	5
0.418	4
0.418	4
0.418	4
0.418	6
0.418	6
0.418	3
0.418	3
0.418	3
0.418	3
0.418	3
0.418	2
0.418	2
0.418	4
0.418	2
0.418	2
0.418	2
0.418	2
0.419	3
0.419	6
0.419	2
0.419	3
0.419	3
0.419	4
0.419	4
0.419	2
0.419	2
0.419	3
0.419	4
0.419	4
0.419	1
0.419	2
0.419	5
0.419	2
0.419	2
0.419	2
0.419	4
0.419	4
0.419	1
0.419	1
0.419	2
0.419	6
0.419	3
0.419	2
0.419	2
0.419	2
0.419	2
0.42	3
0.42	3
0.42	6
0.42	3
0.42	4
0.42	4
0.42	4
0.42	3
0.42	3
0.42	3
0.42	5
0.42	4
0.42	3
0.42	5
0.42	5
0.42	4
0.42	4
0.42	4
0.42	4
0.42	3
0.42	3
0.42	2
0.42	2
0.42	2
0.42	2
0.42	4
0.42	4
0.42	2
0.42	2
0.421	4
0.421	6
0.421	2
0.421	3
0.421	4
0.421	2
0.421	4
0.421	4
0.421	3
0.421	3
0.421	1
0.421	1
0.421	4
0.421	4
0.421	2
0.421	3
0.421	3
0.421	3
0.421	6
0.421	3
0.421	3
0.421	2
0.421	2
0.421	6
0.421	6
0.421	3
0.421	3
0.421	2
0.421	2
0.422	3
0.422	3
0.422	4
0.422	6
0.422	3
0.422	4
0.422	4
0.422	4
0.422	2
0.422	2
0.422	3
0.422	1
0.422	3
0.422	2
0.422	2
0.422	3
0.422	3
0.422	1
0.422	1
0.422	1
0.422	1
0.422	2
0.422	4
0.422	1
0.422	4
0.422	4
0.422	4
0.422	4
0.422	3
0.422	2
0.422	2
0.422	4
0.423	3
0.423	6
0.423	2
0.423	4
0.423	3
0.423	4
0.423	5
0.423	5
0.423	4
0.423	6
0.423	6
0.423	3
0.423	3
0.423	3
0.423	3
0.423	2
0.423	6
0.423	3
0.423	2
0.423	2
0.424	6
0.424	3
0.424	4
0.424	4
0.424	4
0.424	2
0.424	2
0.424	4
0.424	4
0.424	1
0.424	1
0.424	2
0.424	2
0.424	5
0.424	5
0.424	2
0.424	2
0.424	1
0.424	4
0.424	3
0.424	3
0.424	2
0.424	2
0.424	4
0.424	4
0.424	1
0.424	1
0.424	4
0.424	4
0.424	2
0.424	2
0.425	3
0.425	4
0.425	4
0.425	4
0.425	4
0.425	4
0.425	4
0.425	1
0.425	2
0.425	3
0.425	3
0.425	2
0.425	3
0.425	1
0.425	1
0.425	5
0.425	5
0.425	4
0.425	4
0.425	6
0.425	3
0.425	3
0.425	3
0.425	2
0.425	2
0.425	4
0.426	3
0.426	4
0.426	3
0.426	3
0.426	4
0.426	4
0.426	1
0.426	1
0.426	4
0.426	4
0.426	3
0.426	3
0.426	3
0.426	3
0.426	2
0.426	4
0.426	1
0.426	2
0.426	6
0.426	3
0.427	4
0.427	3
0.427	4
0.427	4
0.427	4
0.427	4
0.427	4
0.427	4
0.427	1
0.427	1
0.427	3
0.427	3
0.427	4
0.427	1
0.427	2
0.427	5
0.427	2
0.427	2
0.427	2
0.427	3
0.427	3
0.427	1
0.427	1
0.427	1
0.427	1
0.427	5
0.427	4
0.427	4
0.427	4
0.428	4
0.428	6
0.428	2
0.428	3
0.428	4
0.428	4
0.428	5
0.428	4
0.428	4
0.428	4
0.428	5
0.428	5
0.428	3
0.428	1
0.428	4
0.428	3
0.428	3
0.428	6
0.428	3
0.428	3
0.428	2
0.428	2
0.429	3
0.429	4
0.429	6
0.429	3
0.429	3
0.429	3
0.429	4
0.429	2
0.429	2
0.429	4
0.429	4
0.429	1
0.429	1
0.429	2
0.429	2
0.429	5
0.429	5
0.429	2
0.429	2
0.429	2
0.429	3
0.429	1
0.429	1
0.429	2
0.429	4
0.429	1
0.429	2
0.429	3
0.43	3
0.43	4
0.43	6
0.43	2
0.43	4
0.43	4
0.43	4
0.43	3
0.43	1
0.43	1
0.43	2
0.43	2
0.43	1
0.43	3
0.43	3
0.43	3
0.43	5
0.43	4
0.43	3
0.43	2
0.43	2
0.43	4
0.431	6
0.431	3
0.431	3
0.431	3
0.431	4
0.431	3
0.431	4
0.431	4
0.431	4
0.431	5
0.431	4
0.431	1
0.431	2
0.431	5
0.431	2
0.431	1
0.431	4
0.431	3
0.431	3
0.431	2
0.431	6
0.431	3
0.432	3
0.432	3
0.432	3
0.432	4
0.432	3
0.432	3
0.432	2
0.432	4
0.432	4
0.432	2
0.432	1
0.432	1
0.432	3
0.432	3
0.432	3
0.432	2
0.432	3
0.432	1
0.432	1
0.432	4
0.432	4
0.433	3
0.433	6
0.433	6
0.433	2
0.433	2
0.433	3
0.433	4
0.433	4
0.433	5
0.433	5
0.433	4
0.433	4
0.433	1
0.433	2
0.433	4
0.433	4
0.433	5
0.433	5
0.433	6
0.433	3
0.433	3
0.434	3
0.434	4
0.434	6
0.434	6
0.434	3
0.434	3
0.434	3
0.434	3
0.434	4
0.434	2
0.434	2
0.434	1
0.434	3
0.434	4
0.434	1
0.434	2
0.434	5
0.434	2
0.434	2
0.434	4
0.434	1
0.434	2
0.434	2
0.435	3
0.435	4
0.435	6
0.435	2
0.435	3
0.435	3
0.435	4
0.435	4
0.435	3
0.435	3
0.435	4
0.435	1
0.435	1
0.435	2
0.435	2
0.435	4
0.435	5
0.435	3
0.435	5
0.435	4
0.435	2
0.435	3
0.435	2
0.435	2
0.436	4
0.436	6
0.436	6
0.436	6
0.436	2
0.436	2
0.436	3
0.436	4
0.436	4
0.436	3
0.436	3
0.436	5
0.436	5
0.436	4
0.436	4
0.436	2
0.436	1
0.436	4
0.436	3
0.436	3
0.436	3
0.436	2
0.436	2
0.436	4
0.436	2
0.436	3
0.436	2
0.436	2
0.437	3
0.437	4
0.437	6
0.437	6
0.437	3
0.437	4
0.437	2
0.437	2
0.437	4
0.437	4
0.437	1
0.437	2
0.437	1
0.437	3
0.437	2
0.437	3
0.437	1
0.437	1
0.437	2
0.437	6
0.437	3
0.437	3
0.437	2
0.437	2
0.437	4
0.437	2
0.437	3
0.438	6
0.438	2
0.438	4
0.438	3
0.438	5
0.438	5
0.438	5
0.438	5
0.438	4
0.438	4
0.438	5
0.438	4
0.438	4
0.438	2
0.438	6
0.438	3
0.438	3
0.438	2
0.438	2
0.438	4
0.438	2
0.438	2
0.439	3
0.439	4
0.439	4
0.439	6
0.439	4
0.439	3
0.439	4
0.439	2
0.439	4
0.439	1
0.439	2
0.439	5
0.439	2
0.439	6
0.439	3
0.439	3
0.439	4
0.439	4
0.439	2
0.439	6
0.439	3
0.439	2
0.439	3
0.44	4
0.44	4
0.44	4
0.44	4
0.44	2
0.44	3
0.44	3
0.44	5
0.44	5
0.44	1
0.44	2
0.44	3
0.44	2
0.44	4
0.44	1
0.44	6
0.44	3
0.44	3
0.44	4
0.44	4
0.44	3
0.44	2
0.44	2
0.44	4
0.441	3
0.441	4
0.441	4
0.441	4
0.441	3
0.441	3
0.441	4
0.441	5
0.441	4
0.441	2
0.441	4
0.441	1
0.441	6
0.441	3
0.441	3
0.441	2
0.441	6
0.441	3
0.442	3
0.442	4
0.442	4
0.442	4
0.442	3
0.442	4
0.442	4
0.442	2
0.442	3
0.442	3
0.442	4
0.442	1
0.442	3
0.442	1
0.442	4
0.442	3
0.442	3
0.442	5
0.442	4
0.442	2
0.442	4
0.442	1
0.442	4
0.442	4
0.443	4
0.443	4
0.443	4
0.443	4
0.443	4
0.443	4
0.443	4
0.443	3
0.443	5
0.443	5
0.443	4
0.443	5
0.443	2
0.443	3
0.443	1
0.443	1
0.443	1
0.443	4
0.443	3
0.443	3
0.443	5
0.443	4
0.443	6
0.443	3
0.443	3
0.444	3
0.444	3
0.444	3
0.444	4
0.444	3
0.444	3
0.444	2
0.444	2
0.444	3
0.444	1
0.444	1
0.444	1
0.444	4
0.444	3
0.444	3
0.444	2
0.444	4
0.444	1
0.445	4
0.445	3
0.445	4
0.445	4
0.445	4
0.445	3
0.445	1
0.445	2
0.445	4
0.445	1
0.445	2
0.445	5
0.445	2
0.445	2
0.445	3
0.445	1
0.445	1
0.445	5
0.445	4
0.446	3
0.446	6
0.446	2
0.446	4
0.446	4
0.446	3
0.446	4
0.446	3
0.446	4
0.446	1
0.446	2
0.446	5
0.446	2
0.446	1
0.446	4
0.446	3
0.446	3
0.447	3
0.447	3
0.447	3
0.447	3
0.447	6
0.447	3
0.447	3
0.447	4
0.447	4
0.447	4
0.447	3
0.447	4
0.447	3
0.447	4
0.447	1
0.447	2
0.447	5
0.447	2
0.447	2
0.447	3
0.447	1
0.447	1
0.448	4
0.448	4
0.448	4
0.448	4
0.448	5
0.448	5
0.448	1
0.448	3
0.448	3
0.449	3
0.449	3
0.449	3
0.449	3
0.449	4
0.449	4
0.449	5
0.449	1
0.449	3
0.449	4
0.449	1
0.449	2
0.449	5
0.449	2
0.45	3
0.45	3
0.45	3
0.45	3
0.45	3
0.45	4
0.45	4
0.45	3
0.45	2
0.45	4
0.45	5
0.45	1
0.45	3
0.45	3
0.45	2
0.45	2
0.451	6
0.451	6
0.451	2
0.451	2
0.451	4
0.451	4
0.451	3
0.451	1
0.451	2
0.451	2
0.451	4
0.451	5
0.451	2
0.451	3
0.452	4
0.452	4
0.452	6
0.452	6
0.452	3
0.452	3
0.452	3
0.452	4
0.452	3
0.452	4
0.452	1
0.452	2
0.452	2
0.452	1
0.452	3
0.452	3
0.452	2
0.452	2
0.452	4
0.453	4
0.453	3
0.453	4
0.453	4
0.453	4
0.453	4
0.453	4
0.453	1
0.453	2
0.453	4
0.453	5
0.453	2
0.453	6
0.453	3
0.454	6
0.454	2
0.454	3
0.454	3
0.454	3
0.454	5
0.454	5
0.454	4
0.454	4
0.454	2
0.454	4
0.454	4
0.454	2
0.454	2
0.455	6
0.455	3
0.455	3
0.455	4
0.455	4
0.455	5
0.455	5
0.455	4
0.455	1
0.455	2
0.455	6
0.455	3
0.455	3
0.455	2
0.455	3
0.456	6
0.456	6
0.456	3
0.456	3
0.456	3
0.456	3
0.456	5
0.456	5
0.456	4
0.456	2
0.456	4
0.456	1
0.456	3
0.456	2
0.456	2
0.456	4
0.457	3
0.457	4
0.457	4
0.457	6
0.457	6
0.457	3
0.457	3
0.457	4
0.457	4
0.457	3
0.457	3
0.457	4
0.457	5
0.457	4
0.457	2
0.457	6
0.457	3
0.458	4
0.458	4
0.458	6
0.458	4
0.458	4
0.458	4
0.458	4
0.458	4
0.458	3
0.458	3
0.458	5
0.458	5
0.458	1
0.458	4
0.458	3
0.458	3
0.458	4
0.458	4
0.458	2
0.458	2
0.459	6
0.459	3
0.459	4
0.459	4
0.459	3
0.459	2
0.459	3
0.459	1
0.459	1
0.459	6
0.459	3
0.459	3
0.459	2
0.459	3
0.459	2
0.459	2
0.46	4
0.46	4
0.46	3
0.46	4
0.46	3
0.46	2
0.46	4
0.46	1
0.46	3
0.46	2
0.46	2
0.46	4
0.46	2
0.46	3
0.461	4
0.461	6
0.461	5
0.461	4
0.461	4
0.461	3
0.461	4
0.461	1
0.461	2
0.461	5
0.461	2
0.461	5
0.461	4
0.461	2
0.461	6
0.461	3
0.461	3
0.461	2
0.461	2
0.461	4
0.462	4
0.462	4
0.462	4
0.462	4
0.462	6
0.462	3
0.462	4
0.462	4
0.462	3
0.462	1
0.462	4
0.462	3
0.462	3
0.462	4
0.462	4
0.462	2
0.462	6
0.462	3
0.463	4
0.463	4
0.463	4
0.463	4
0.463	4
0.463	2
0.463	3
0.463	1
0.463	1
0.463	6
0.463	3
0.463	3
0.463	4
0.463	4
0.464	4
0.464	3
0.464	4
0.464	4
0.464	1
0.464	3
0.464	2
0.464	4
0.464	1
0.464	6
0.464	3
0.464	3
0.465	4
0.465	4
0.465	4
0.465	4
0.465	3
0.465	4
0.465	4
0.465	4
0.465	4
0.465	5
0.465	4
0.465	1
0.465	2
0.465	5
0.465	2
0.465	5
0.465	4
0.465	2
0.465	4
0.465	1
0.465	2
0.465	2
0.465	2
0.465	2
0.466	6
0.466	5
0.466	4
0.466	3
0.466	3
0.466	1
0.466	4
0.466	3
0.466	3
0.466	5
0.466	4
0.466	2
0.466	2
0.466	3
0.466	3
0.466	2
0.466	2
0.467	4
0.467	4
0.467	4
0.467	6
0.467	5
0.467	1
0.467	2
0.467	2
0.467	3
0.467	1
0.467	1
0.467	1
0.467	4
0.467	3
0.467	3
0.467	3
0.467	3
0.467	2
0.467	2
0.467	2
0.467	2
0.467	4
0.467	4
0.467	2
0.467	3
0.468	4
0.468	4
0.468	3
0.468	4
0.468	4
0.468	1
0.468	3
0.468	2
0.468	3
0.468	1
0.468	1
0.468	2
0.468	2
0.468	6
0.468	6
0.468	3
0.468	3
0.468	3
0.468	2
0.468	3
0.468	4
0.469	4
0.469	4
0.469	3
0.469	4
0.469	4
0.469	5
0.469	4
0.469	1
0.469	2
0.469	5
0.469	2
0.469	4
0.469	4
0.469	4
0.469	4
0.469	2
0.469	6
0.469	3
0.47	4
0.47	4
0.47	3
0.47	4
0.47	3
0.47	5
0.47	5
0.47	3
0.47	3
0.47	4
0.47	1
0.47	2
0.47	5
0.47	2
0.47	6
0.47	6
0.47	3
0.47	3
0.47	3
0.47	3
0.47	4
0.47	4
0.471	3
0.471	3
0.471	4
0.471	1
0.471	2
0.471	3
0.471	2
0.471	2
0.471	4
0.471	4
0.471	1
0.471	1
0.471	6
0.471	3
0.471	3
0.472	4
0.472	4
0.472	4
0.472	6
0.472	5
0.472	3
0.472	3
0.472	3
0.472	3
0.472	4
0.472	1
0.472	3
0.472	5
0.472	5
0.472	4
0.472	4
0.472	2
0.472	4
0.472	1
0.472	2
0.472	2
0.473	4
0.473	6
0.473	6
0.473	6
0.473	4
0.473	4
0.473	4
0.473	3
0.473	5
0.473	4
0.473	5
0.473	1
0.473	3
0.473	1
0.473	1
0.473	4
0.473	4
0.473	3
0.473	4
0.473	3
0.473	3
0.473	5
0.473	4
0.473	2
0.473	3
0.474	6
0.474	6
0.474	6
0.474	3
0.474	4
0.474	5
0.474	5
0.474	3
0.474	4
0.474	5
0.474	2
0.474	2
0.474	3
0.474	3
0.474	1
0.474	1
0.474	1
0.474	1
0.474	1
0.474	4
0.474	4
0.474	3
0.474	3
0.474	2
0.474	3
0.474	4
0.474	2
0.474	2
0.474	2
0.474	2
0.475	4
0.475	6
0.475	4
0.475	1
0.475	2
0.475	3
0.475	2
0.475	3
0.475	1
0.475	1
0.475	2
0.475	6
0.475	3
0.475	2
0.475	2
0.475	3
0.475	3
0.476	6
0.476	6
0.476	3
0.476	4
0.476	1
0.476	2
0.476	4
0.476	4
0.476	1
0.476	1
0.476	2
0.476	2
0.476	5
0.476	5
0.476	2
0.476	2
0.476	4
0.476	4
0.476	3
0.476	3
0.476	2
0.476	2
0.476	3
0.476	3
0.476	4
0.476	4
0.477	4
0.477	6
0.477	4
0.477	4
0.477	3
0.477	5
0.477	4
0.477	3
0.477	3
0.477	4
0.477	1
0.477	2
0.477	5
0.477	2
0.477	6
0.477	3
0.477	3
0.477	2
0.477	2
0.477	6
0.477	6
0.477	3
0.477	3
0.478	4
0.478	4
0.478	5
0.478	5
0.478	5
0.478	3
0.478	3
0.478	4
0.478	1
0.478	4
0.478	4
0.478	4
0.478	4
0.478	2
0.478	2
0.479	4
0.479	4
0.479	5
0.479	6
0.479	5
0.479	1
0.479	1
0.479	3
0.479	3
0.479	5
0.479	4
0.479	6
0.479	6
0.479	3
0.479	3
0.479	3
0.479	3
0.479	2
0.479	3
0.48	4
0.48	4
0.48	4
0.48	4
0.48	3
0.48	4
0.48	4
0.48	5
0.48	5
0.48	1
0.48	3
0.48	1
0.48	4
0.48	4
0.48	3
0.48	3
0.48	3
0.48	4
0.48	4
0.48	1
0.48	1
0.48	3
0.48	2
0.48	3
0.48	4
0.481	4
0.481	4
0.481	5
0.481	3
0.481	3
0.481	3
0.481	3
0.481	4
0.481	5
0.481	2
0.481	3
0.481	1
0.481	1
0.481	5
0.481	5
0.481	4
0.481	4
0.481	2
0.481	6
0.481	3
0.482	4
0.482	4
0.482	5
0.482	3
0.482	1
0.482	1
0.482	2
0.482	2
0.482	3
0.482	1
0.482	1
0.482	4
0.482	4
0.482	4
0.482	4
0.482	3
0.482	3
0.482	4
0.482	4
0.483	4
0.483	4
0.483	5
0.483	4
0.483	4
0.483	4
0.483	1
0.483	2
0.483	4
0.483	1
0.483	2
0.483	5
0.483	2
0.483	2
0.483	2
0.483	3
0.483	3
0.483	1
0.483	2
0.483	1
0.483	1
0.483	6
0.483	3
0.483	3
0.484	4
0.484	3
0.484	4
0.484	5
0.484	5
0.484	4
0.484	3
0.484	3
0.484	4
0.484	1
0.485	4
0.485	4
0.485	4
0.485	6
0.485	6
0.485	5
0.485	5
0.485	5
0.485	5
0.485	5
0.485	1
0.485	1
0.485	2
0.485	2
0.485	5
0.485	5
0.485	2
0.485	2
0.485	5
0.485	4
0.486	4
0.486	3
0.486	4
0.486	6
0.486	5
0.486	1
0.486	3
0.486	3
0.486	3
0.486	1
0.486	4
0.486	4
0.486	3
0.487	4
0.487	4
0.487	4
0.487	5
0.487	3
0.487	3
0.487	4
0.487	5
0.487	2
0.487	3
0.487	3
0.487	1
0.488	4
0.488	6
0.488	6
0.488	3
0.488	4
0.488	5
0.488	5
0.488	5
0.488	3
0.488	3
0.488	3
0.488	3
0.488	1
0.488	1
0.488	3
0.488	3
0.489	6
0.489	4
0.489	4
0.489	4
0.489	4
0.489	5
0.489	3
0.489	1
0.489	2
0.489	4
0.489	4
0.489	5
0.489	5
0.489	5
0.489	1
0.489	2
0.489	5
0.489	2
0.49	4
0.49	3
0.49	4
0.49	4
0.49	3
0.49	3
0.49	3
0.49	2
0.49	2
0.491	4
0.491	5
0.491	1
0.491	1
0.491	2
0.491	2
0.491	2
0.491	3
0.491	2
0.491	2
0.492	6
0.492	6
0.492	3
0.492	4
0.492	4
0.492	6
0.492	5
0.492	4
0.492	4
0.492	1
0.492	3
0.492	3
0.492	2
0.492	3
0.492	4
0.492	2
0.492	3
0.493	6
0.493	4
0.493	3
0.493	4
0.493	5
0.493	5
0.493	4
0.493	5
0.493	2
0.493	6
0.493	3
0.493	3
0.493	2
0.493	3
0.493	4
0.493	2
0.493	2
0.494	4
0.494	3
0.494	4
0.494	5
0.494	5
0.494	3
0.494	6
0.494	6
0.494	5
0.494	5
0.494	3
0.494	4
0.494	4
0.494	2
0.494	6
0.494	3
0.494	2
0.494	3
0.495	4
0.495	4
0.495	3
0.495	4
0.495	4
0.495	5
0.495	5
0.495	3
0.495	1
0.495	2
0.495	6
0.495	3
0.495	3
0.495	4
0.495	4
0.495	3
0.495	2
0.495	3
0.495	4
0.495	2
0.495	2
0.496	6
0.496	6
0.496	4
0.496	4
0.496	4
0.496	3
0.496	3
0.496	4
0.496	3
0.496	4
0.496	1
0.496	6
0.496	3
0.496	3
0.496	2
0.496	6
0.496	3
0.496	2
0.496	3
0.496	2
0.496	2
0.497	6
0.497	6
0.497	6
0.497	5
0.497	5
0.497	3
0.497	3
0.497	5
0.497	5
0.497	4
0.497	3
0.497	5
0.497	1
0.497	4
0.497	4
0.497	3
0.497	2
0.497	3
0.497	4
0.497	2
0.497	3
0.497	2
0.497	2
0.497	2
0.497	2
0.498	4
0.498	6
0.498	4
0.498	4
0.498	6
0.498	5
0.498	1
0.498	4
0.498	4
0.498	3
0.498	5
0.498	4
0.498	6
0.498	3
0.498	3
0.498	2
0.498	6
0.498	3
0.498	3
0.498	2
0.498	3
0.498	4
0.498	2
0.498	2
0.498	3
0.498	3
0.499	4
0.499	4
0.499	4
0.499	4
0.499	4
0.499	2
0.499	3
0.499	3
0.499	1
0.499	1
0.499	4
0.499	4
0.499	3
0.499	3
0.499	5
0.499	1
0.499	4
0.499	4
0.499	2
0.499	6
0.499	3
0.499	3
0.499	3
0.499	2
0.499	2
0.499	3
0.499	3
0.499	4
0.499	4
0.5	4
0.5	4
0.5	4
0.5	3
0.5	2
0.5	3
0.5	3
0.5	1
0.5	5
0.5	4
0.5	6
0.5	3
0.5	3
0.5	4
0.5	4
0.5	2
0.5	2
0.5	6
0.5	6
0.5	3
0.5	3
0.501	3
0.501	3
0.501	4
0.501	5
0.501	4
0.501	4
0.501	5
0.501	3
0.501	5
0.501	1
0.501	3
0.501	5
0.501	2
0.501	1
0.501	4
0.501	4
0.501	3
0.501	3
0.501	5
0.501	1
0.501	6
0.501	3
0.501	3
0.501	4
0.501	4
0.501	4
0.501	4
0.502	4
0.502	4
0.502	4
0.502	4
0.502	3
0.502	4
0.502	4
0.502	3
0.502	5
0.502	1
0.502	3
0.502	5
0.502	2
0.502	2
0.502	3
0.502	3
0.502	1
0.502	5
0.502	4
0.502	3
0.502	5
0.502	1
0.502	6
0.502	6
0.502	3
0.502	3
0.502	3
0.502	3
0.503	4
0.503	4
0.503	4
0.503	6
0.503	6
0.503	6
0.503	6
0.503	4
0.503	5
0.503	5
0.503	3
0.503	1
0.503	4
0.503	4
0.503	3
0.503	5
0.503	4
0.503	3
0.503	3
0.503	5
0.503	5
0.503	1
0.503	1
0.503	2
0.503	2
0.504	4
0.504	6
0.504	6
0.504	6
0.504	6
0.504	4
0.504	4
0.504	1
0.504	3
0.504	5
0.504	1
0.504	3
0.504	5
0.504	2
0.504	2
0.504	3
0.504	3
0.504	1
0.504	1
0.504	4
0.504	4
0.504	3
0.504	5
0.504	5
0.504	4
0.504	4
0.504	2
0.504	3
0.504	2
0.504	3
0.505	6
0.505	4
0.505	4
0.505	5
0.505	1
0.505	3
0.505	3
0.505	2
0.505	3
0.505	3
0.505	2
0.505	1
0.505	1
0.505	4
0.505	4
0.505	4
0.505	4
0.505	3
0.505	3
0.505	3
0.505	2
0.505	3
0.505	4
0.505	2
0.505	3
0.505	2
0.505	2
0.505	3
0.505	3
0.506	4
0.506	4
0.506	3
0.506	4
0.506	5
0.506	5
0.506	1
0.506	4
0.506	5
0.506	2
0.506	2
0.506	2
0.506	3
0.506	3
0.506	3
0.506	3
0.506	2
0.506	2
0.506	2
0.506	6
0.506	3
0.506	3
0.506	2
0.506	3
0.506	4
0.506	2
0.506	2
0.506	3
0.506	3
0.507	4
0.507	4
0.507	5
0.507	1
0.507	2
0.507	3
0.507	1
0.507	3
0.507	3
0.507	5
0.507	1
0.507	4
0.507	5
0.507	2
0.507	4
0.507	4
0.507	2
0.507	6
0.507	3
0.507	3
0.507	3
0.507	2
0.507	2
0.507	3
0.507	3
0.507	4
0.507	4
0.508	4
0.508	3
0.508	4
0.508	4
0.508	4
0.508	4
0.508	1
0.508	2
0.508	4
0.508	5
0.508	3
0.508	5
0.508	5
0.508	1
0.508	1
0.508	4
0.508	4
0.508	5
0.508	5
0.508	2
0.508	2
0.508	6
0.508	3
0.508	3
0.508	4
0.508	4
0.508	2
0.508	2
0.508	6
0.508	6
0.508	3
0.508	3
0.509	4
0.509	4
0.509	4
0.509	4
0.509	4
0.509	5
0.509	4
0.509	3
0.509	1
0.509	3
0.509	3
0.509	3
0.509	3
0.509	5
0.509	1
0.509	6
0.509	3
0.509	3
0.509	4
0.509	4
0.509	4
0.509	4
0.509	2
0.509	2
0.509	3
0.509	3
0.51	4
0.51	4
0.51	4
0.51	4
0.51	6
0.51	6
0.51	3
0.51	3
0.51	6
0.51	5
0.51	5
0.51	1
0.51	2
0.51	4
0.51	5
0.51	1
0.51	3
0.51	5
0.51	4
0.51	3
0.51	5
0.51	1
0.51	6
0.51	6
0.51	3
0.51	3
0.51	3
0.51	3
0.51	2
0.51	2
0.51	3
0.51	3
0.511	4
0.511	4
0.511	6
0.511	4
0.511	4
0.511	6
0.511	5
0.511	4
0.511	3
0.511	4
0.511	5
0.511	1
0.511	1
0.511	3
0.511	3
0.511	1
0.511	4
0.511	4
0.511	3
0.511	5
0.511	4
0.511	3
0.511	3
0.511	5
0.511	5
0.511	1
0.511	1
0.511	3
0.511	3
0.511	2
0.511	2
0.511	3
0.511	3
0.511	4
0.511	4
0.512	6
0.512	6
0.512	6
0.512	6
0.512	4
0.512	3
0.512	5
0.512	1
0.512	2
0.512	3
0.512	4
0.512	4
0.512	5
0.512	5
0.512	2
0.512	3
0.512	3
0.512	2
0.512	1
0.512	4
0.512	4
0.512	3
0.512	5
0.512	5
0.512	4
0.512	4
0.512	2
0.512	2
0.512	6
0.512	6
0.512	3
0.512	3
0.513	6
0.513	6
0.513	4
0.513	5
0.513	3
0.513	3
0.513	6
0.513	5
0.513	4
0.513	1
0.513	2
0.513	3
0.513	3
0.513	2
0.513	3
0.513	3
0.513	2
0.513	1
0.513	1
0.513	4
0.513	4
0.513	4
0.513	4
0.513	3
0.513	3
0.513	4
0.513	4
0.513	4
0.513	4
0.513	2
0.513	3
0.514	4
0.514	4
0.514	3
0.514	4
0.514	5
0.514	3
0.514	5
0.514	4
0.514	1
0.514	1
0.514	2
0.514	2
0.514	5
0.514	1
0.514	4
0.514	5
0.514	2
0.514	2
0.514	3
0.514	3
0.514	3
0.514	3
0.514	3
0.514	2
0.514	2
0.514	6
0.514	6
0.514	3
0.514	3
0.514	3
0.514	3
0.514	2
0.514	3
0.515	4
0.515	4
0.515	4
0.515	4
0.515	6
0.515	5
0.515	5
0.515	4
0.515	4
0.515	3
0.515	5
0.515	1
0.515	4
0.515	5
0.515	2
0.515	3
0.515	3
0.515	5
0.515	5
0.515	1
0.515	1
0.515	3
0.515	2
0.515	3
0.515	4
0.516	4
0.516	6
0.516	6
0.516	5
0.516	3
0.516	6
0.516	5
0.516	5
0.516	5
0.516	3
0.516	5
0.516	5
0.516	1
0.516	1
0.516	4
0.516	4
0.516	5
0.516	5
0.516	2
0.516	2
0.516	5
0.516	5
0.516	4
0.516	4
0.516	2
0.516	6
0.516	3
0.517	4
0.517	4
0.517	4
0.517	6
0.517	4
0.517	4
0.517	4
0.517	6
0.517	6
0.517	5
0.517	5
0.517	1
0.517	3
0.517	3
0.517	3
0.517	1
0.517	1
0.517	4
0.517	4
0.517	4
0.517	4
0.517	3
0.517	3
0.517	4
0.517	4
0.517	2
0.517	3
0.518	4
0.518	4
0.518	4
0.518	4
0.518	5
0.518	3
0.518	4
0.518	4
0.518	5
0.518	1
0.518	3
0.518	3
0.518	3
0.518	3
0.518	3
0.518	3
0.518	3
0.518	2
0.518	2
0.518	6
0.518	3
0.518	3
0.518	2
0.518	3
0.519	4
0.519	4
0.519	5
0.519	4
0.519	5
0.519	3
0.519	4
0.519	4
0.519	3
0.519	4
0.519	5
0.519	1
0.519	1
0.519	3
0.519	3
0.519	3
0.519	5
0.519	1
0.519	3
0.519	2
0.519	3
0.519	4
0.52	4
0.52	5
0.52	4
0.52	4
0.52	5
0.52	5
0.52	3
0.52	3
0.52	1
0.52	2
0.52	3
0.52	4
0.52	4
0.52	5
0.52	5
0.52	5
0.52	5
0.52	1
0.52	1
0.52	5
0.52	5
0.52	5
0.52	5
0.52	2
0.52	2
0.52	5
0.52	4
0.52	2
0.52	6
0.52	3
0.521	4
0.521	4
0.521	4
0.521	4
0.521	4
0.521	1
0.521	2
0.521	3
0.521	3
0.521	3
0.521	3
0.521	1
0.521	4
0.521	4
0.521	3
0.521	4
0.521	4
0.521	2
0.521	3
0.522	4
0.522	5
0.522	4
0.522	6
0.522	4
0.522	1
0.522	1
0.522	2
0.522	2
0.522	3
0.522	3
0.522	3
0.522	2
0.522	6
0.522	3
0.522	3
0.522	2
0.522	3
0.523	4
0.523	4
0.523	4
0.523	4
0.523	4
0.523	6
0.523	5
0.523	6
0.523	4
0.523	4
0.523	1
0.523	1
0.523	3
0.523	3
0.523	3
0.523	5
0.523	1
0.523	3
0.523	2
0.523	3
0.523	4
0.524	4
0.524	4
0.524	5
0.524	4
0.524	4
0.524	6
0.524	5
0.524	6
0.524	6
0.524	4
0.524	4
0.524	5
0.524	5
0.524	5
0.524	1
0.524	5
0.524	5
0.524	2
0.524	5
0.524	4
0.524	2
0.524	6
0.524	3
0.525	4
0.525	4
0.525	4
0.525	5
0.525	4
0.525	6
0.525	6
0.525	5
0.525	5
0.525	3
0.525	3
0.525	3
0.525	1
0.525	4
0.525	4
0.525	3
0.525	4
0.525	4
0.526	4
0.526	4
0.526	3
0.526	4
0.526	4
0.526	5
0.526	5
0.526	5
0.526	3
0.526	4
0.526	1
0.526	1
0.526	2
0.526	2
0.526	3
0.526	3
0.526	3
0.526	2
0.526	6
0.526	3
0.526	3
0.527	4
0.527	4
0.527	3
0.527	4
0.527	4
0.527	4
0.527	4
0.527	5
0.527	3
0.527	4
0.527	4
0.527	4
0.527	4
0.527	1
0.527	3
0.527	3
0.527	5
0.527	2
0.528	6
0.528	6
0.528	4
0.528	4
0.528	4
0.528	5
0.528	5
0.528	3
0.528	3
0.528	6
0.528	6
0.528	4
0.528	5
0.528	5
0.528	1
0.528	5
0.528	5
0.528	2
0.528	5
0.528	4
0.528	2
0.528	3
0.529	6
0.529	6
0.529	6
0.529	3
0.529	4
0.529	4
0.529	4
0.529	6
0.529	6
0.529	5
0.529	5
0.529	3
0.529	3
0.529	1
0.529	4
0.529	4
0.529	3
0.529	2
0.529	3
0.53	4
0.53	6
0.53	4
0.53	4
0.53	4
0.53	4
0.53	1
0.53	2
0.53	3
0.53	3
0.53	3
0.53	2
0.53	3
0.53	3
0.53	3
0.53	4
0.531	6
0.531	6
0.531	3
0.531	4
0.531	4
0.531	4
0.531	4
0.531	4
0.531	4
0.531	4
0.531	1
0.531	3
0.531	2
0.531	6
0.531	3
0.532	6
0.532	4
0.532	3
0.532	4
0.532	4
0.532	5
0.532	4
0.532	4
0.532	5
0.532	5
0.532	3
0.532	3
0.532	6
0.532	4
0.532	5
0.532	5
0.532	1
0.532	5
0.532	5
0.532	2
0.532	4
0.532	4
0.532	2
0.532	3
0.533	6
0.533	6
0.533	4
0.533	3
0.533	3
0.533	4
0.533	5
0.533	4
0.533	4
0.533	6
0.533	5
0.533	3
0.533	3
0.533	6
0.533	3
0.533	3
0.533	2
0.533	3
0.534	4
0.534	6
0.534	6
0.534	6
0.534	4
0.534	4
0.534	4
0.534	5
0.534	5
0.534	1
0.534	2
0.534	3
0.534	5
0.534	2
0.534	3
0.534	3
0.534	3
0.534	4
0.535	4
0.535	4
0.535	6
0.535	6
0.535	6
0.535	6
0.535	7
0.535	4
0.535	4
0.535	4
0.535	4
0.535	1
0.535	3
0.535	5
0.535	4
0.535	2
0.535	6
0.535	3
0.536	4
0.536	6
0.536	6
0.536	4
0.536	4
0.536	5
0.536	3
0.536	6
0.536	4
0.536	5
0.536	1
0.536	4
0.536	4
0.536	3
0.536	4
0.536	4
0.536	3
0.536	3
0.536	3
0.536	3
0.536	3
0.536	3
0.536	3
0.536	3
0.537	4
0.537	4
0.537	4
0.537	6
0.537	5
0.537	3
0.537	3
0.537	3
0.537	3
0.537	2
0.537	6
0.537	3
0.537	3
0.537	2
0.537	2
0.537	2
0.537	2
0.537	3
0.537	3
0.537	3
0.537	3
0.538	4
0.538	4
0.538	4
0.538	5
0.538	5
0.538	1
0.538	2
0.538	3
0.538	5
0.538	2
0.538	3
0.538	3
0.538	3
0.538	3
0.538	3
0.538	3
0.538	3
0.538	3
0.538	3
0.538	4
0.538	4
0.538	4
0.538	4
0.538	4
0.538	4
0.538	4
0.539	4
0.539	4
0.539	3
0.539	4
0.539	4
0.539	4
0.539	4
0.539	4
0.539	4
0.539	4
0.539	5
0.539	1
0.539	5
0.539	5
0.539	2
0.539	6
0.539	4
0.539	2
0.539	2
0.539	2
0.539	2
0.539	6
0.539	6
0.539	6
0.539	6
0.539	3
0.539	3
0.539	3
0.539	3
0.539	3
0.539	3
0.54	4
0.54	4
0.54	4
0.54	4
0.54	3
0.54	4
0.54	4
0.54	4
0.54	5
0.54	3
0.54	6
0.54	3
0.54	1
0.54	4
0.54	4
0.54	3
0.54	4
0.54	4
0.54	4
0.54	4
0.54	4
0.54	4
0.54	4
0.54	4
0.54	2
0.54	3
0.54	3
0.54	3
0.541	4
0.541	5
0.541	5
0.541	6
0.541	7
0.541	4
0.541	3
0.541	3
0.541	4
0.541	6
0.541	5
0.541	3
0.541	3
0.541	3
0.541	2
0.541	6
0.541	6
0.541	6
0.541	6
0.541	3
0.541	3
0.541	3
0.541	3
0.541	3
0.541	3
0.541	3
0.541	3
0.541	3
0.541	3
0.541	4
0.541	4
0.541	2
0.541	3
0.542	4
0.542	4
0.542	4
0.542	4
0.542	6
0.542	6
0.542	7
0.542	4
0.542	4
0.542	5
0.542	1
0.542	3
0.542	3
0.542	3
0.542	3
0.542	3
0.542	5
0.542	5
0.542	5
0.542	5
0.542	2
0.542	2
0.542	2
0.542	2
0.542	2
0.542	6
0.542	3
0.542	3
0.542	3
0.542	4
0.542	4
0.543	4
0.543	6
0.543	6
0.543	6
0.543	7
0.543	7
0.543	4
0.543	4
0.543	4
0.543	4
0.543	4
0.543	5
0.543	5
0.543	1
0.543	5
0.543	5
0.543	2
0.543	6
0.543	6
0.543	6
0.543	6
0.543	4
0.543	4
0.543	4
0.543	4
0.543	4
0.543	4
0.543	2
0.543	6
0.543	3
0.543	3
0.543	3
0.543	3
0.543	3
0.544	4
0.544	6
0.544	6
0.544	4
0.544	4
0.544	4
0.544	5
0.544	3
0.544	3
0.544	3
0.544	1
0.544	1
0.544	1
0.544	1
0.544	4
0.544	4
0.544	4
0.544	4
0.544	4
0.544	4
0.544	4
0.544	4
0.544	3
0.544	3
0.544	3
0.544	3
0.544	6
0.544	3
0.544	3
0.544	4
0.544	4
0.544	2
0.544	2
0.544	3
0.544	3
0.544	3
0.544	3
0.545	4
0.545	4
0.545	3
0.545	3
0.545	4
0.545	1
0.545	2
0.545	3
0.545	3
0.545	3
0.545	3
0.545	3
0.545	3
0.545	3
0.545	3
0.545	3
0.545	3
0.545	3
0.545	3
0.545	2
0.545	2
0.545	2
0.545	2
0.545	3
0.545	5
0.545	2
0.545	6
0.545	3
0.545	3
0.545	3
0.545	3
0.545	3
0.545	3
0.545	4
0.545	4
0.545	4
0.545	4
0.545	2
0.545	3
0.545	3
0.545	3
0.546	4
0.546	4
0.546	4
0.546	4
0.546	5
0.546	4
0.546	1
0.546	3
0.546	6
0.546	4
0.546	3
0.546	5
0.546	2
0.546	2
0.546	2
0.546	6
0.546	6
0.546	3
0.546	3
0.546	3
0.546	3
0.546	4
0.546	4
0.546	2
0.546	3
0.547	4
0.547	5
0.547	6
0.547	6
0.547	7
0.547	7
0.547	4
0.547	4
0.547	6
0.547	4
0.547	5
0.547	5
0.547	5
0.547	6
0.547	6
0.547	1
0.547	1
0.547	1
0.547	1
0.547	5
0.547	5
0.547	5
0.547	5
0.547	5
0.547	5
0.547	5
0.547	5
0.547	2
0.547	2
0.547	2
0.547	2
0.547	1
0.547	4
0.547	4
0.547	3
0.547	6
0.547	4
0.547	4
0.547	4
0.547	4
0.547	4
0.547	2
0.547	6
0.547	3
0.547	3
0.547	3
0.547	4
0.547	4
0.547	3
0.547	3
0.548	4
0.548	4
0.548	5
0.548	6
0.548	6
0.548	4
0.548	4
0.548	6
0.548	5
0.548	3
0.548	3
0.548	3
0.548	3
0.548	3
0.548	3
0.548	3
0.548	3
0.548	2
0.548	1
0.548	4
0.548	4
0.548	3
0.548	6
0.548	6
0.548	3
0.548	3
0.548	3
0.548	3
0.548	4
0.548	4
0.548	2
0.548	6
0.548	3
0.548	2
0.548	3
0.548	3
0.548	3
0.548	3
0.548	3
0.549	4
0.549	4
0.549	4
0.549	5
0.549	5
0.549	3
0.549	1
0.549	2
0.549	3
0.549	3
0.549	3
0.549	3
0.549	3
0.549	3
0.549	5
0.549	5
0.549	2
0.549	2
0.549	6
0.549	3
0.549	3
0.549	4
0.549	4
0.549	3
0.549	3
0.549	4
0.549	4
0.549	2
0.549	2
0.549	3
0.549	3
0.55	4
0.55	4
0.55	4
0.55	5
0.55	4
0.55	4
0.55	1
0.55	1
0.55	1
0.55	1
0.55	3
0.55	3
0.55	3
0.55	4
0.55	6
0.55	1
0.55	5
0.55	5
0.55	2
0.55	6
0.55	6
0.55	4
0.55	4
0.55	3
0.55	5
0.55	2
0.55	6
0.55	3
0.55	3
0.55	2
0.55	6
0.55	3
0.55	3
0.55	3
0.55	3
0.55	3
0.55	4
0.55	4
0.55	4
0.55	4
0.55	4
0.55	4
0.55	3
0.55	3
0.551	6
0.551	7
0.551	4
0.551	4
0.551	5
0.551	3
0.551	6
0.551	4
0.551	4
0.551	4
0.551	4
0.551	5
0.551	5
0.551	5
0.551	5
0.551	3
0.551	6
0.551	1
0.551	5
0.551	5
0.551	2
0.551	1
0.551	1
0.551	4
0.551	4
0.551	4
0.551	4
0.551	3
0.551	3
0.551	6
0.551	4
0.551	3
0.551	5
0.551	2
0.551	4
0.551	4
0.551	2
0.551	2
0.551	6
0.551	6
0.551	3
0.551	3
0.551	2
0.551	2
0.551	3
0.551	3
0.552	4
0.552	6
0.552	4
0.552	4
0.552	6
0.552	5
0.552	3
0.552	3
0.552	3
0.552	3
0.552	3
0.552	3
0.552	3
0.552	3
0.552	3
0.552	3
0.552	3
0.552	3
0.552	4
0.552	1
0.552	4
0.552	4
0.552	3
0.552	6
0.552	4
0.552	7
0.552	3
0.552	3
0.552	4
0.552	4
0.552	4
0.552	4
0.552	3
0.552	3
0.552	3
0.552	3
0.552	4
0.552	4
0.552	4
0.552	4
0.553	4
0.553	5
0.553	5
0.553	3
0.553	1
0.553	1
0.553	1
0.553	1
0.553	2
0.553	2
0.553	2
0.553	2
0.553	1
0.553	4
0.553	3
0.553	3
0.553	3
0.553	4
0.553	1
0.553	4
0.553	5
0.553	3
0.553	3
0.553	5
0.553	2
0.553	7
0.553	7
0.553	3
0.553	3
0.553	3
0.553	3
0.553	2
0.553	3
0.553	6
0.553	6
0.553	3
0.553	3
0.554	4
0.554	4
0.554	4
0.554	4
0.554	4
0.554	4
0.554	4
0.554	4
0.554	4
0.554	4
0.554	4
0.554	5
0.554	1
0.554	4
0.554	6
0.554	6
0.554	1
0.554	1
0.554	5
0.554	5
0.554	5
0.554	5
0.554	2
0.554	2
0.554	3
0.554	3
0.554	3
0.554	4
0.554	6
0.554	4
0.554	3
0.554	3
0.554	5
0.554	5
0.554	2
0.554	2
0.554	4
0.554	4
0.554	4
0.554	4
0.555	4
0.555	6
0.555	7
0.555	4
0.555	4
0.555	5
0.555	3
0.555	6
0.555	6
0.555	6
0.555	6
0.555	3
0.555	4
0.555	5
0.555	3
0.555	3
0.555	6
0.555	1
0.555	6
0.555	5
0.555	2
0.555	1
0.555	4
0.555	5
0.555	3
0.555	6
0.555	6
0.555	4
0.555	4
0.555	7
0.555	7
0.555	3
0.555	3
0.555	3
0.555	3
0.556	4
0.556	6
0.556	4
0.556	4
0.556	6
0.556	6
0.556	6
0.556	6
0.556	5
0.556	5
0.556	5
0.556	5
0.556	1
0.556	2
0.556	3
0.556	3
0.556	6
0.556	1
0.556	6
0.556	5
0.556	2
0.556	3
0.556	3
0.556	3
0.556	4
0.556	1
0.556	1
0.556	4
0.556	4
0.556	5
0.556	5
0.556	3
0.556	3
0.556	3
0.556	3
0.556	5
0.556	5
0.556	2
0.556	2
0.557	5
0.557	5
0.557	5
0.557	3
0.557	5
0.557	4
0.557	1
0.557	2
0.557	1
0.557	1
0.557	4
0.557	4
0.557	3
0.557	3
0.557	3
0.557	3
0.557	3
0.557	3
0.557	3
0.557	4
0.557	4
0.557	6
0.557	6
0.557	4
0.557	4
0.558	4
0.558	4
0.558	4
0.558	4
0.558	4
0.558	4
0.558	4
0.558	4
0.558	4
0.558	6
0.558	4
0.558	4
0.558	4
0.558	5
0.558	5
0.558	1
0.558	4
0.558	6
0.558	1
0.558	6
0.558	5
0.558	2
0.558	1
0.558	1
0.558	4
0.558	4
0.558	5
0.558	5
0.558	3
0.558	3
0.559	6
0.559	7
0.559	4
0.559	5
0.559	5
0.559	5
0.559	5
0.559	3
0.559	3
0.559	3
0.559	3
0.559	6
0.559	5
0.559	6
0.559	3
0.559	3
0.559	4
0.559	5
0.559	1
0.559	4
0.559	3
0.559	6
0.559	6
0.559	1
0.559	1
0.559	6
0.559	7
0.559	5
0.559	5
0.559	2
0.559	2
0.559	3
0.559	3
0.559	3
0.559	3
0.559	3
0.559	3
0.559	4
0.559	4
0.56	6
0.56	4
0.56	4
0.56	4
0.56	4
0.56	6
0.56	5
0.56	1
0.56	1
0.56	2
0.56	2
0.56	3
0.56	4
0.56	5
0.56	3
0.56	3
0.561	5
0.561	6
0.561	5
0.561	5
0.561	4
0.561	4
0.561	4
0.561	1
0.561	2
0.561	3
0.561	1
0.561	4
0.561	6
0.561	6
0.561	1
0.561	1
0.561	7
0.561	7
0.561	5
0.561	5
0.561	2
0.561	2
0.561	4
0.561	3
0.562	5
0.562	4
0.562	4
0.562	4
0.562	5
0.562	3
0.562	4
0.562	6
0.562	6
0.562	4
0.562	1
0.562	2
0.562	4
0.562	5
0.562	1
0.562	1
0.562	5
0.562	5
0.562	3
0.562	3
0.562	2
0.562	3
0.563	4
0.563	4
0.563	4
0.563	4
0.563	4
0.563	4
0.563	5
0.563	3
0.563	7
0.563	7
0.563	5
0.563	5
0.563	6
0.563	4
0.563	3
0.563	4
0.563	4
0.563	5
0.563	5
0.563	3
0.563	3
0.563	4
0.563	4
0.564	3
0.564	4
0.564	7
0.564	5
0.564	6
0.564	1
0.564	2
0.564	3
0.564	3
0.564	1
0.564	1
0.564	5
0.564	5
0.564	3
0.564	6
0.564	3
0.564	4
0.564	3
0.565	6
0.565	5
0.565	4
0.565	5
0.565	5
0.565	5
0.565	5
0.565	4
0.565	4
0.565	7
0.565	5
0.565	4
0.565	1
0.565	1
0.565	2
0.565	2
0.565	4
0.565	4
0.565	5
0.565	5
0.565	4
0.565	4
0.565	2
0.565	3
0.566	5
0.566	4
0.566	6
0.566	7
0.566	4
0.566	4
0.566	4
0.566	4
0.566	4
0.566	4
0.566	5
0.566	5
0.566	3
0.566	3
0.566	4
0.566	6
0.566	4
0.566	4
0.566	3
0.566	3
0.566	7
0.566	3
0.566	3
0.566	3
0.566	4
0.566	4
0.566	4
0.567	6
0.567	4
0.567	4
0.567	4
0.567	4
0.567	5
0.567	3
0.567	4
0.567	7
0.567	5
0.567	6
0.567	6
0.567	1
0.567	1
0.567	2
0.567	2
0.567	3
0.567	5
0.567	2
0.567	3
0.567	6
0.567	3
0.568	3
0.568	5
0.568	4
0.568	5
0.568	3
0.568	7
0.568	7
0.568	5
0.568	5
0.568	4
0.568	4
0.568	6
0.568	4
0.568	4
0.568	4
0.569	7
0.569	4
0.569	4
0.569	5
0.569	4
0.569	4
0.569	6
0.569	6
0.569	1
0.569	4
0.569	5
0.569	3
0.569	7
0.569	3
0.569	3
0.57	5
0.57	6
0.57	7
0.57	4
0.57	4
0.57	4
0.57	4
0.57	4
0.57	4
0.57	4
0.57	5
0.57	3
0.57	4
0.57	4
0.57	7
0.57	7
0.57	5
0.57	5
0.57	3
0.57	3
0.57	4
0.57	4
0.57	3
0.57	5
0.57	2
0.571	6
0.571	4
0.571	4
0.571	4
0.571	4
0.571	4
0.571	4
0.571	5
0.571	5
0.571	3
0.571	3
0.571	6
0.571	4
0.572	5
0.572	3
0.572	3
0.572	3
0.572	3
0.572	5
0.572	5
0.572	4
0.572	4
0.572	4
0.572	4
0.572	4
0.572	6
0.572	1
0.572	7
0.572	5
0.572	2
0.572	1
0.572	4
0.572	5
0.572	3
0.573	7
0.573	4
0.573	4
0.573	4
0.573	4
0.573	4
0.573	4
0.573	4
0.573	4
0.573	5
0.573	5
0.573	5
0.573	3
0.573	3
0.573	3
0.573	3
0.573	3
0.573	4
0.573	4
0.574	6
0.574	6
0.574	6
0.574	6
0.574	7
0.574	7
0.574	7
0.574	7
0.574	4
0.574	4
0.574	4
0.574	5
0.574	4
0.574	4
0.574	4
0.575	6
0.575	6
0.575	6
0.575	6
0.575	3
0.575	4
0.575	4
0.575	4
0.575	4
0.575	1
0.575	5
0.575	6
0.575	1
0.575	7
0.575	5
0.575	2
0.576	5
0.576	4
0.576	3
0.576	5
0.576	4
0.576	5
0.576	3
0.577	5
0.577	4
0.577	6
0.577	7
0.577	4
0.577	4
0.577	4
0.577	4
0.577	5
0.577	5
0.577	4
0.577	4
0.577	3
0.578	7
0.578	6
0.578	7
0.578	4
0.578	4
0.578	4
0.578	4
0.578	4
0.578	1
0.578	2
0.578	1
0.578	5
0.578	4
0.578	3
0.579	7
0.579	3
0.579	3
0.579	4
0.579	4
0.579	5
0.579	5
0.579	4
0.579	4
0.579	5
0.579	2
0.579	3
0.58	7
0.58	5
0.58	5
0.58	5
0.58	5
0.58	4
0.58	4
0.58	3
0.58	4
0.58	4
0.58	4
0.58	6
0.58	3
0.58	3
0.58	4
0.58	4
0.58	4
0.581	5
0.581	4
0.581	4
0.581	4
0.581	4
0.581	6
0.581	6
0.581	7
0.581	7
0.581	4
0.581	3
0.581	4
0.581	7
0.581	5
0.581	1
0.581	2
0.581	3
0.581	6
0.581	3
0.582	7
0.582	7
0.582	6
0.582	7
0.582	4
0.582	4
0.582	4
0.582	4
0.582	4
0.582	4
0.582	4
0.582	4
0.582	3
0.583	5
0.583	7
0.583	6
0.583	7
0.583	3
0.583	4
0.583	4
0.583	4
0.583	6
0.583	7
0.583	3
0.583	3
0.583	2
0.583	3
0.584	7
0.584	4
0.584	5
0.584	7
0.584	4
0.584	3
0.584	3
0.584	4
0.584	4
0.584	5
0.584	3
0.584	7
0.584	5
0.584	3
0.584	5
0.584	2
0.584	3
0.584	5
0.584	4
0.584	4
0.585	5
0.585	5
0.585	5
0.585	5
0.585	4
0.585	6
0.585	7
0.585	4
0.585	4
0.585	4
0.585	4
0.585	4
0.585	6
0.585	4
0.585	3
0.585	6
0.585	3
0.586	7
0.586	6
0.586	6
0.586	7
0.586	7
0.586	3
0.586	3
0.586	4
0.586	1
0.586	4
0.586	5
0.586	3
0.586	4
0.586	4
0.587	5
0.587	5
0.587	7
0.587	7
0.587	4
0.587	4
0.587	5
0.587	3
0.587	3
0.587	3
0.587	4
0.587	4
0.587	7
0.587	3
0.587	3
0.588	7
0.588	7
0.588	7
0.588	7
0.588	5
0.588	4
0.588	4
0.588	5
0.588	6
0.588	6
0.588	7
0.588	7
0.588	4
0.588	4
0.588	3
0.588	5
0.588	2
0.589	5
0.589	4
0.589	5
0.589	7
0.589	7
0.589	6
0.589	1
0.589	7
0.589	5
0.589	2
0.589	6
0.589	4
0.59	4
0.59	5
0.59	3
0.59	1
0.59	4
0.59	5
0.59	3
0.591	7
0.591	5
0.591	4
0.591	4
0.591	3
0.591	3
0.591	4
0.591	4
0.592	7
0.592	5
0.592	5
0.592	4
0.592	5
0.592	5
0.592	1
0.592	5
0.593	5
0.593	4
0.593	4
0.593	5
0.593	4
0.593	5
0.593	6
0.593	1
0.593	7
0.593	5
0.593	2
0.593	4
0.593	4
0.593	3
0.593	3
0.594	5
0.594	5
0.594	5
0.594	4
0.594	3
0.594	3
0.594	2
0.594	2
0.594	3
0.594	3
0.595	7
0.595	7
0.595	4
0.595	4
0.595	4
0.595	1
0.595	2
0.595	3
0.595	3
0.595	5
0.595	5
0.595	4
0.595	4
0.595	4
0.595	4
0.596	7
0.596	5
0.596	4
0.596	4
0.596	1
0.596	5
0.596	3
0.596	3
0.596	6
0.596	6
0.596	3
0.596	3
0.597	7
0.597	5
0.597	5
0.597	3
0.597	6
0.597	4
0.597	5
0.597	4
0.597	4
0.597	4
0.597	4
0.598	4
0.598	4
0.598	7
0.598	5
0.598	3
0.598	7
0.598	7
0.598	3
0.598	3
0.598	3
0.598	3
0.599	7
0.599	5
0.599	5
0.599	6
0.599	7
0.599	4
0.599	1
0.599	2
0.599	3
0.599	3
0.599	6
0.599	6
0.599	2
0.599	2
0.599	4
0.599	3
0.6	7
0.6	7
0.6	7
0.6	3
0.6	4
0.6	4
0.6	6
0.6	6
0.6	4
0.6	4
0.6	2
0.6	3
0.6	4
0.6	3
0.601	4
0.601	5
0.601	3
0.601	6
0.601	1
0.601	1
0.601	4
0.601	4
0.601	5
0.601	5
0.601	3
0.601	3
0.601	3
0.601	5
0.601	4
0.601	4
0.601	3
0.601	3
0.602	7
0.602	7
0.602	6
0.602	7
0.602	4
0.602	7
0.602	5
0.602	3
0.602	3
0.602	3
0.602	3
0.602	4
0.602	4
0.602	4
0.602	4
0.602	3
0.602	6
0.602	3
0.602	3
0.602	5
0.602	4
0.602	4
0.603	7
0.603	4
0.603	4
0.603	3
0.603	6
0.603	3
0.603	4
0.603	3
0.604	4
0.604	6
0.604	6
0.604	1
0.604	1
0.604	7
0.604	7
0.604	5
0.604	6
0.604	2
0.604	2
0.604	7
0.604	3
0.604	3
0.604	4
0.604	4
0.604	3
0.604	3
0.605	5
0.605	4
0.605	5
0.605	3
0.605	3
0.605	3
0.605	3
0.605	6
0.605	2
0.605	7
0.605	3
0.605	3
0.605	3
0.605	5
0.605	4
0.605	4
0.605	4
0.605	4
0.605	3
0.605	3
0.606	4
0.606	4
0.606	6
0.606	4
0.606	3
0.606	6
0.606	2
0.606	3
0.606	6
0.606	3
0.606	3
0.606	3
0.606	3
0.606	3
0.607	5
0.607	1
0.607	1
0.607	5
0.607	5
0.607	1
0.607	4
0.607	5
0.607	4
0.607	6
0.607	4
0.607	4
0.607	4
0.607	3
0.607	3
0.607	5
0.607	5
0.607	4
0.607	4
0.607	4
0.607	4
0.608	5
0.608	4
0.608	4
0.608	4
0.608	5
0.608	5
0.608	3
0.608	3
0.608	4
0.608	4
0.608	1
0.608	4
0.608	5
0.608	4
0.608	7
0.608	3
0.608	3
0.608	3
0.608	3
0.608	6
0.608	6
0.608	3
0.608	3
0.608	4
0.608	3
0.609	4
0.609	4
0.609	3
0.609	3
0.609	3
0.609	3
0.609	4
0.609	4
0.609	3
0.609	6
0.609	2
0.609	4
0.609	4
0.609	4
0.609	4
0.609	3
0.609	3
0.609	4
0.609	3
0.61	5
0.61	1
0.61	1
0.61	2
0.61	2
0.61	6
0.61	1
0.61	7
0.61	6
0.61	2
0.61	6
0.61	4
0.61	7
0.61	7
0.61	3
0.61	3
0.61	3
0.61	3
0.61	3
0.61	5
0.61	4
0.61	4
0.61	3
0.61	3
0.611	5
0.611	4
0.611	4
0.611	3
0.611	6
0.611	1
0.611	7
0.611	6
0.611	2
0.611	1
0.611	4
0.611	5
0.611	4
0.611	3
0.611	3
0.611	6
0.611	6
0.611	2
0.611	2
0.611	3
0.611	6
0.611	3
0.611	3
0.611	5
0.611	4
0.611	4
0.611	4
0.611	3
0.612	4
0.612	4
0.612	6
0.612	6
0.612	3
0.612	3
0.612	3
0.612	4
0.612	4
0.612	6
0.612	6
0.612	4
0.612	4
0.612	4
0.612	4
0.612	3
0.612	6
0.612	3
0.612	3
0.612	3
0.612	4
0.612	3
0.613	7
0.613	5
0.613	4
0.613	7
0.613	7
0.613	5
0.613	5
0.613	1
0.613	5
0.613	1
0.613	1
0.613	4
0.613	4
0.613	5
0.613	5
0.613	4
0.613	4
0.613	7
0.613	3
0.613	3
0.613	4
0.613	4
0.613	3
0.613	5
0.613	4
0.613	4
0.613	3
0.613	3
0.614	3
0.614	4
0.614	5
0.614	1
0.614	5
0.614	6
0.614	1
0.614	7
0.614	6
0.614	2
0.614	3
0.614	3
0.614	3
0.614	3
0.614	4
0.614	4
0.614	4
0.614	4
0.614	3
0.614	6
0.614	2
0.614	7
0.614	3
0.614	3
0.614	3
0.614	6
0.614	3
0.614	3
0.614	5
0.614	4
0.614	4
0.615	4
0.615	4
0.615	4
0.615	3
0.615	4
0.615	5
0.615	3
0.615	6
0.615	4
0.615	3
0.615	6
0.615	2
0.615	4
0.615	4
0.615	3
0.615	6
0.615	3
0.615	4
0.615	3
0.616	7
0.616	6
0.616	7
0.616	4
0.616	5
0.616	5
0.616	3
0.616	3
0.616	1
0.616	2
0.616	3
0.616	6
0.616	6
0.616	1
0.616	1
0.616	7
0.616	7
0.616	6
0.616	6
0.616	3
0.616	3
0.616	1
0.616	4
0.616	5
0.616	4
0.616	7
0.616	4
0.616	7
0.616	3
0.616	3
0.616	4
0.616	4
0.616	3
0.616	3
0.617	7
0.617	4
0.617	4
0.617	4
0.617	4
0.617	1
0.617	2
0.617	1
0.617	5
0.617	3
0.617	3
0.617	3
0.617	3
0.617	4
0.617	4
0.617	1
0.617	4
0.617	5
0.617	4
0.617	3
0.617	6
0.617	2
0.617	7
0.617	3
0.617	3
0.617	3
0.617	5
0.617	4
0.617	4
0.618	3
0.618	6
0.618	4
0.618	4
0.618	5
0.618	3
0.618	3
0.618	4
0.618	4
0.618	7
0.618	4
0.618	3
0.618	6
0.618	2
0.618	3
0.618	6
0.618	3
0.619	4
0.619	7
0.619	5
0.619	6
0.619	3
0.619	1
0.619	1
0.619	5
0.619	5
0.619	6
0.619	1
0.619	7
0.619	6
0.619	3
0.619	1
0.619	4
0.619	5
0.619	4
0.619	7
0.619	4
0.619	4
0.619	4
0.619	4
0.619	4
0.62	6
0.62	7
0.62	4
0.62	4
0.62	7
0.62	5
0.62	1
0.62	2
0.62	4
0.62	4
0.62	5
0.62	6
0.62	3
0.62	6
0.62	1
0.62	7
0.62	6
0.62	3
0.62	3
0.62	3
0.62	4
0.62	4
0.62	1
0.62	4
0.62	5
0.62	4
0.62	7
0.62	3
0.62	3
0.62	3
0.62	3
0.621	7
0.621	4
0.621	4
0.621	3
0.621	3
0.621	3
0.621	3
0.621	3
0.621	4
0.621	4
0.621	3
0.621	7
0.621	2
0.621	3
0.621	5
0.621	4
0.621	4
0.622	5
0.622	5
0.622	5
0.622	5
0.622	3
0.622	4
0.622	6
0.622	1
0.622	1
0.622	2
0.622	2
0.622	1
0.622	5
0.622	6
0.622	1
0.622	7
0.622	6
0.622	3
0.622	7
0.622	4
0.622	3
0.622	6
0.622	3
0.622	4
0.622	4
0.623	4
0.623	4
0.623	4
0.623	4
0.623	5
0.623	3
0.623	7
0.623	5
0.623	4
0.623	4
0.623	4
0.623	6
0.623	1
0.623	5
0.623	3
0.623	6
0.623	1
0.623	7
0.623	6
0.623	3
0.623	1
0.623	4
0.623	5
0.623	4
0.623	4
0.623	4
0.623	3
0.623	3
0.623	4
0.623	4
0.624	4
0.624	6
0.624	6
0.624	3
0.624	4
0.624	6
0.624	3
0.624	3
0.624	3
0.624	4
0.624	4
0.624	7
0.624	3
0.624	3
0.624	3
0.624	5
0.624	4
0.624	4
0.624	3
0.624	3
0.625	4
0.625	7
0.625	7
0.625	5
0.625	5
0.625	1
0.625	2
0.625	3
0.625	1
0.625	5
0.625	3
0.625	7
0.625	2
0.625	3
0.625	6
0.625	3
0.625	3
0.625	5
0.625	4
0.625	4
0.626	5
0.626	4
0.626	5
0.626	3
0.626	4
0.626	1
0.626	2
0.626	4
0.626	6
0.626	1
0.626	5
0.626	6
0.626	1
0.626	7
0.626	6
0.626	3
0.626	7
0.626	4
0.626	4
0.626	4
0.626	3
0.626	6
0.626	3
0.626	4
0.626	4
0.627	5
0.627	4
0.627	4
0.627	4
0.627	4
0.627	4
0.627	4
0.627	4
0.627	6
0.627	4
0.627	3
0.627	4
0.627	6
0.627	3
0.627	1
0.627	4
0.627	5
0.627	4
0.627	7
0.627	3
0.627	3
0.627	4
0.627	4
0.627	3
0.627	3
0.628	4
0.628	4
0.628	5
0.628	5
0.628	5
0.628	3
0.628	3
0.628	7
0.628	5
0.628	6
0.628	1
0.628	2
0.628	4
0.628	3
0.628	3
0.628	4
0.628	4
0.628	3
0.628	7
0.628	2
0.628	7
0.628	3
0.628	3
0.628	3
0.628	5
0.628	4
0.628	4
0.629	3
0.629	3
0.629	4
0.629	5
0.629	4
0.629	4
0.629	7
0.629	5
0.629	4
0.629	1
0.629	2
0.629	1
0.629	5
0.629	7
0.629	4
0.629	3
0.629	7
0.629	2
0.629	3
0.629	6
0.629	3
0.63	8
0.63	4
0.63	4
0.63	4
0.63	4
0.63	4
0.63	6
0.63	4
0.63	4
0.63	6
0.63	6
0.63	1
0.63	7
0.63	6
0.63	3
0.63	1
0.63	4
0.63	5
0.63	4
0.63	7
0.63	4
0.63	4
0.63	4
0.631	5
0.631	6
0.631	6
0.631	7
0.631	7
0.631	5
0.631	3
0.631	4
0.631	8
0.631	5
0.631	6
0.631	4
0.631	3
0.631	3
0.631	3
0.631	4
0.631	4
0.631	1
0.631	4
0.631	5
0.631	4
0.631	7
0.631	3
0.631	3
0.632	7
0.632	7
0.632	5
0.632	4
0.632	4
0.632	4
0.632	5
0.632	3
0.632	8
0.632	5
0.632	1
0.632	2
0.632	3
0.632	3
0.632	4
0.632	4
0.632	3
0.632	7
0.632	2
0.633	4
0.633	4
0.633	4
0.633	4
0.633	4
0.633	1
0.633	5
0.633	6
0.633	1
0.633	7
0.633	6
0.633	3
0.633	7
0.633	4
0.634	8
0.634	4
0.634	4
0.634	5
0.634	5
0.634	5
0.634	3
0.634	4
0.634	6
0.634	4
0.634	6
0.634	3
0.634	6
0.634	1
0.634	7
0.634	6
0.634	3
0.634	1
0.634	4
0.634	5
0.634	4
0.635	3
0.635	4
0.635	4
0.635	4
0.635	4
0.635	4
0.635	5
0.635	3
0.635	8
0.635	5
0.635	4
0.635	3
0.635	3
0.635	3
0.635	4
0.635	4
0.635	4
0.635	4
0.636	4
0.636	3
0.636	4
0.636	4
0.636	1
0.636	2
0.636	1
0.636	5
0.636	3
0.636	3
0.637	5
0.637	5
0.637	6
0.637	7
0.637	4
0.637	4
0.637	5
0.637	4
0.637	4
0.637	4
0.637	6
0.637	1
0.637	5
0.637	6
0.637	1
0.637	7
0.637	6
0.637	3
0.637	3
0.637	5
0.637	4
0.637	4
0.638	4
0.638	4
0.638	7
0.638	6
0.638	7
0.638	4
0.638	4
0.638	5
0.638	4
0.638	5
0.638	3
0.638	6
0.638	4
0.638	4
0.638	6
0.638	3
0.638	3
0.638	6
0.638	3
0.639	7
0.639	3
0.639	4
0.639	4
0.639	4
0.639	4
0.639	4
0.639	8
0.639	5
0.639	1
0.639	3
0.639	4
0.639	4
0.639	4
0.64	4
0.64	4
0.64	4
0.64	5
0.64	4
0.64	1
0.64	3
0.64	1
0.64	5
0.64	7
0.64	3
0.64	3
0.641	6
0.641	7
0.641	3
0.641	3
0.641	4
0.641	5
0.641	4
0.641	6
0.641	4
0.641	4
0.641	6
0.641	3
0.641	7
0.641	2
0.642	5
0.642	5
0.642	7
0.642	4
0.642	4
0.642	4
0.642	4
0.642	4
0.642	5
0.642	3
0.642	8
0.642	5
0.642	6
0.642	4
0.642	7
0.642	4
0.643	5
0.643	6
0.643	6
0.643	7
0.643	7
0.643	4
0.643	4
0.643	4
0.643	9
0.643	5
0.643	2
0.643	3
0.643	1
0.643	4
0.643	5
0.643	4
0.644	4
0.644	5
0.644	7
0.644	7
0.644	3
0.644	4
0.644	5
0.644	4
0.644	4
0.644	3
0.644	3
0.644	4
0.644	4
0.645	8
0.645	8
0.645	4
0.645	4
0.645	3
0.645	4
0.645	4
0.645	5
0.645	3
0.645	4
0.645	6
0.646	6
0.646	7
0.646	4
0.646	4
0.646	4
0.646	4
0.646	4
0.646	5
0.646	3
0.646	9
0.646	5
0.646	6
0.646	1
0.646	7
0.646	6
0.646	3
0.647	5
0.647	7
0.647	6
0.647	7
0.647	3
0.647	4
0.647	4
0.647	3
0.647	4
0.647	4
0.648	5
0.648	4
0.648	7
0.648	4
0.648	3
0.648	5
0.648	4
0.648	3
0.648	3
0.649	5
0.649	5
0.649	5
0.649	6
0.649	7
0.649	4
0.649	4
0.649	4
0.649	4
0.649	5
0.649	3
0.649	1
0.649	5
0.649	3
0.649	5
0.649	4
0.649	4
0.65	4
0.65	4
0.65	7
0.65	6
0.65	7
0.65	4
0.65	4
0.65	4
0.65	4
0.65	6
0.65	3
0.65	7
0.65	3
0.65	4
0.65	4
0.65	4
0.65	4
0.651	8
0.651	7
0.651	3
0.651	5
0.651	4
0.651	4
0.651	4
0.651	3
0.651	3
0.651	3
0.651	3
0.651	4
0.651	4
0.652	8
0.652	5
0.652	5
0.652	4
0.652	4
0.652	5
0.652	2
0.652	3
0.652	7
0.652	3
0.652	3
0.652	3
0.652	3
0.652	5
0.652	5
0.652	4
0.652	4
0.652	4
0.652	4
0.652	3
0.652	3
0.653	4
0.653	5
0.653	6
0.653	7
0.653	4
0.653	4
0.653	4
0.653	4
0.653	3
0.653	7
0.653	2
0.653	3
0.653	3
0.653	7
0.653	7
0.653	3
0.653	4
0.653	3
0.653	5
0.653	4
0.653	4
0.653	4
0.653	4
0.654	5
0.654	5
0.654	4
0.654	7
0.654	4
0.654	6
0.654	7
0.654	4
0.654	4
0.654	4
0.654	4
0.654	4
0.654	3
0.654	7
0.654	4
0.654	3
0.654	3
0.654	4
0.654	5
0.655	9
0.655	5
0.655	3
0.655	5
0.655	9
0.655	6
0.655	1
0.655	4
0.655	5
0.655	4
0.655	7
0.655	7
0.655	3
0.655	3
0.655	3
0.655	3
0.655	4
0.655	4
0.655	3
0.655	5
0.655	4
0.655	4
0.655	3
0.655	3
0.656	4
0.656	5
0.656	4
0.656	4
0.656	4
0.656	3
0.656	3
0.656	4
0.656	4
0.656	3
0.656	3
0.656	7
0.656	7
0.656	2
0.656	2
0.656	7
0.656	3
0.656	3
0.656	3
0.656	7
0.656	4
0.656	3
0.656	5
0.656	4
0.656	4
0.656	4
0.656	5
0.657	9
0.657	9
0.657	6
0.657	4
0.657	6
0.657	7
0.657	4
0.657	4
0.657	4
0.657	7
0.657	7
0.657	4
0.657	4
0.657	3
0.657	7
0.657	2
0.657	4
0.657	4
0.657	3
0.657	7
0.657	4
0.657	3
0.657	3
0.657	4
0.657	5
0.658	6
0.658	7
0.658	3
0.658	4
0.658	5
0.658	3
0.658	6
0.658	1
0.658	7
0.658	6
0.658	3
0.658	1
0.658	1
0.658	5
0.658	5
0.658	5
0.658	5
0.658	4
0.658	4
0.658	7
0.658	4
0.658	7
0.658	3
0.658	3
0.658	4
0.658	4
0.658	3
0.658	5
0.658	4
0.658	4
0.658	3
0.658	3
0.659	5
0.659	4
0.659	3
0.659	4
0.659	3
0.659	3
0.659	3
0.659	3
0.659	3
0.659	4
0.659	4
0.659	4
0.659	4
0.659	1
0.659	5
0.659	5
0.659	4
0.659	3
0.659	7
0.659	2
0.659	7
0.659	3
0.659	3
0.659	3
0.659	7
0.659	4
0.659	3
0.659	5
0.659	4
0.659	4
0.66	9
0.66	6
0.66	4
0.66	6
0.66	7
0.66	4
0.66	4
0.66	3
0.66	3
0.66	4
0.66	4
0.66	7
0.66	4
0.66	3
0.66	7
0.66	2
0.66	4
0.66	4
0.66	3
0.66	8
0.66	4
0.661	9
0.661	6
0.661	7
0.661	6
0.661	7
0.661	4
0.661	1
0.661	5
0.661	6
0.661	6
0.661	1
0.661	1
0.661	7
0.661	7
0.661	6
0.661	6
0.661	3
0.661	3
0.661	1
0.661	5
0.661	5
0.661	4
0.661	7
0.661	4
0.661	7
0.661	3
0.661	3
0.661	4
0.661	4
0.662	7
0.662	3
0.662	4
0.662	4
0.662	6
0.662	3
0.662	3
0.662	6
0.662	1
0.662	7
0.662	6
0.662	3
0.662	4
0.662	3
0.662	4
0.662	4
0.662	1
0.662	5
0.662	5
0.662	4
0.662	3
0.662	7
0.662	3
0.662	7
0.662	3
0.662	3
0.663	9
0.663	5
0.663	4
0.663	4
0.663	3
0.663	4
0.663	3
0.663	4
0.663	4
0.663	7
0.663	4
0.663	3
0.663	7
0.663	3
0.663	4
0.663	5
0.664	9
0.664	6
0.664	4
0.664	6
0.664	7
0.664	5
0.664	2
0.664	3
0.664	1
0.664	1
0.664	5
0.664	5
0.664	6
0.664	1
0.664	7
0.664	6
0.664	3
0.664	1
0.664	5
0.664	5
0.664	4
0.664	7
0.664	4
0.664	3
0.664	3
0.664	4
0.664	5
0.665	7
0.665	4
0.665	4
0.665	4
0.665	4
0.665	6
0.665	6
0.665	1
0.665	5
0.665	3
0.665	6
0.665	1
0.665	7
0.665	6
0.665	3
0.665	4
0.665	3
0.665	4
0.665	4
0.665	1
0.665	5
0.665	5
0.665	4
0.665	3
0.665	5
0.665	4
0.665	4
0.665	3
0.665	3
0.666	5
0.666	6
0.666	4
0.666	4
0.666	4
0.666	6
0.666	3
0.666	4
0.666	3
0.666	4
0.666	4
0.666	3
0.666	8
0.666	4
0.666	3
0.666	5
0.666	4
0.666	4
0.667	9
0.667	4
0.667	5
0.667	9
0.667	6
0.667	2
0.667	2
0.667	3
0.667	3
0.667	4
0.667	1
0.667	5
0.667	6
0.667	1
0.667	7
0.667	6
0.667	3
0.667	4
0.667	4
0.667	3
0.667	8
0.667	4
0.668	6
0.668	4
0.668	4
0.668	4
0.668	2
0.668	3
0.668	4
0.668	6
0.668	1
0.668	5
0.668	3
0.668	6
0.668	1
0.668	7
0.668	6
0.668	3
0.668	7
0.668	3
0.668	3
0.668	4
0.668	4
0.668	3
0.668	5
0.669	4
0.669	4
0.669	6
0.669	6
0.669	5
0.669	4
0.669	4
0.669	6
0.669	3
0.669	3
0.669	7
0.669	3
0.669	7
0.669	3
0.669	3
0.669	3
0.669	3
0.67	5
0.67	4
0.67	5
0.67	3
0.67	9
0.67	9
0.67	6
0.67	6
0.67	6
0.67	2
0.67	3
0.67	4
0.67	1
0.67	5
0.67	7
0.67	4
0.67	3
0.67	7
0.67	3
0.67	3
0.67	5
0.67	4
0.67	4
0.67	3
0.67	3
0.67	5
0.67	5
0.671	9
0.671	6
0.671	4
0.671	3
0.671	4
0.671	9
0.671	6
0.671	5
0.671	2
0.671	3
0.671	4
0.671	6
0.671	1
0.671	5
0.671	1
0.671	5
0.671	5
0.671	4
0.671	7
0.671	4
0.671	3
0.671	8
0.671	4
0.671	3
0.671	3
0.671	3
0.671	3
0.672	6
0.672	4
0.672	4
0.672	4
0.672	6
0.672	5
0.672	4
0.672	4
0.672	6
0.672	4
0.672	3
0.672	4
0.672	4
0.672	1
0.672	5
0.672	5
0.672	4
0.672	4
0.672	4
0.672	3
0.672	3
0.672	5
0.672	5
0.672	4
0.672	4
0.672	4
0.672	4
0.673	6
0.673	7
0.673	5
0.673	5
0.673	3
0.673	3
0.673	4
0.673	9
0.673	6
0.673	6
0.673	2
0.673	3
0.673	4
0.673	4
0.673	3
0.673	4
0.673	4
0.673	7
0.673	3
0.673	3
0.673	3
0.673	3
0.673	8
0.673	8
0.673	4
0.673	4
0.674	9
0.674	7
0.674	4
0.674	4
0.674	4
0.674	5
0.674	3
0.674	9
0.674	6
0.674	5
0.674	2
0.674	3
0.674	6
0.674	1
0.674	7
0.674	6
0.674	3
0.674	3
0.674	7
0.674	3
0.674	4
0.674	4
0.674	4
0.674	4
0.674	3
0.674	5
0.675	9
0.675	6
0.675	4
0.675	4
0.675	6
0.675	5
0.675	3
0.675	6
0.675	1
0.675	7
0.675	6
0.675	3
0.675	7
0.675	4
0.675	7
0.675	7
0.675	3
0.675	3
0.675	3
0.675	3
0.675	3
0.675	3
0.676	5
0.676	5
0.676	3
0.676	4
0.676	9
0.676	6
0.676	6
0.676	3
0.676	1
0.676	5
0.676	5
0.676	4
0.676	3
0.676	3
0.676	7
0.676	7
0.676	3
0.676	3
0.676	3
0.676	5
0.676	4
0.676	4
0.677	4
0.677	4
0.677	4
0.677	4
0.677	5
0.677	3
0.677	9
0.677	6
0.677	1
0.677	5
0.677	4
0.677	3
0.677	4
0.677	4
0.677	7
0.677	7
0.677	4
0.677	4
0.677	3
0.677	8
0.677	4
0.678	9
0.678	4
0.678	4
0.678	4
0.678	4
0.678	6
0.678	1
0.678	5
0.678	1
0.678	1
0.678	5
0.678	5
0.678	5
0.678	5
0.678	4
0.678	4
0.678	4
0.678	4
0.679	5
0.679	5
0.679	5
0.679	5
0.679	3
0.679	4
0.679	4
0.679	4
0.679	6
0.679	6
0.679	1
0.679	7
0.679	6
0.679	3
0.679	4
0.679	4
0.679	3
0.679	3
0.679	4
0.679	4
0.679	4
0.679	4
0.679	7
0.679	3
0.679	3
0.68	4
0.68	4
0.68	4
0.68	5
0.68	4
0.68	4
0.68	5
0.68	3
0.68	2
0.68	3
0.68	4
0.68	3
0.68	3
0.68	7
0.68	3
0.681	4
0.681	4
0.681	4
0.681	4
0.681	5
0.681	2
0.681	4
0.681	6
0.681	6
0.681	1
0.681	1
0.681	7
0.681	7
0.681	6
0.681	6
0.681	3
0.681	3
0.681	7
0.681	4
0.682	4
0.682	5
0.682	6
0.682	5
0.682	1
0.682	5
0.682	3
0.682	3
0.682	1
0.682	5
0.682	5
0.682	4
0.682	3
0.682	3
0.682	5
0.682	5
0.683	3
0.683	4
0.683	5
0.683	4
0.683	9
0.683	6
0.683	6
0.683	4
0.683	6
0.683	4
0.683	3
0.683	4
0.683	4
0.683	3
0.683	3
0.683	3
0.683	3
0.683	3
0.683	5
0.684	6
0.684	4
0.684	4
0.684	4
0.684	4
0.684	4
0.684	9
0.684	6
0.684	4
0.684	1
0.684	1
0.684	5
0.684	5
0.684	3
0.684	3
0.684	5
0.684	5
0.684	4
0.684	4
0.684	4
0.684	4
0.684	3
0.684	3
0.684	3
0.684	5
0.685	6
0.685	7
0.685	4
0.685	4
0.685	4
0.685	5
0.685	4
0.685	2
0.685	4
0.685	4
0.685	4
0.685	6
0.685	6
0.685	6
0.685	1
0.685	7
0.685	6
0.685	3
0.685	3
0.685	3
0.685	8
0.685	8
0.685	4
0.685	4
0.685	3
0.685	5
0.685	4
0.685	4
0.685	3
0.685	3
0.686	7
0.686	3
0.686	3
0.686	4
0.686	4
0.686	5
0.686	5
0.686	3
0.686	4
0.686	5
0.686	4
0.686	4
0.686	3
0.686	4
0.686	4
0.686	4
0.686	4
0.686	3
0.686	8
0.686	4
0.686	3
0.686	5
0.686	4
0.686	4
0.687	9
0.687	4
0.687	4
0.687	3
0.687	4
0.687	4
0.687	4
0.687	5
0.687	3
0.687	6
0.687	2
0.687	2
0.687	4
0.687	4
0.687	7
0.687	7
0.687	3
0.687	3
0.687	3
0.687	3
0.687	4
0.687	4
0.687	3
0.687	8
0.687	4
0.688	6
0.688	6
0.688	7
0.688	7
0.688	4
0.688	4
0.688	4
0.688	4
0.688	9
0.688	6
0.688	6
0.688	6
0.688	1
0.688	5
0.688	3
0.688	3
0.688	7
0.688	7
0.688	3
0.688	3
0.688	7
0.688	3
0.688	3
0.688	4
0.688	4
0.689	7
0.689	7
0.689	6
0.689	7
0.689	3
0.689	4
0.689	6
0.689	6
0.689	4
0.689	6
0.689	7
0.689	7
0.689	4
0.689	4
0.689	3
0.689	7
0.689	3
0.689	7
0.689	3
0.689	3
0.689	3
0.689	5
0.69	7
0.69	4
0.69	3
0.69	4
0.69	4
0.69	4
0.69	9
0.69	9
0.69	6
0.69	6
0.69	4
0.69	1
0.69	1
0.69	5
0.69	5
0.69	5
0.69	5
0.69	4
0.69	5
0.69	7
0.69	4
0.69	3
0.69	8
0.69	3
0.69	3
0.69	3
0.691	5
0.691	6
0.691	7
0.691	4
0.691	4
0.691	4
0.691	4
0.691	5
0.691	3
0.691	2
0.691	4
0.691	4
0.691	4
0.691	3
0.691	3
0.691	4
0.691	4
0.691	4
0.691	4
0.691	1
0.691	5
0.691	5
0.691	5
0.691	7
0.691	4
0.691	3
0.691	5
0.691	4
0.691	4
0.692	4
0.692	7
0.692	6
0.692	7
0.692	3
0.692	4
0.692	5
0.692	4
0.692	4
0.692	4
0.692	6
0.692	4
0.692	3
0.692	4
0.692	4
0.692	1
0.692	5
0.692	5
0.692	5
0.692	3
0.692	8
0.692	4
0.693	7
0.693	4
0.693	3
0.693	4
0.693	5
0.693	5
0.693	5
0.693	3
0.693	3
0.693	6
0.693	7
0.693	7
0.693	1
0.693	1
0.693	7
0.693	7
0.693	6
0.693	6
0.693	3
0.693	3
0.693	4
0.693	3
0.693	4
0.693	4
0.693	4
0.693	4
0.694	5
0.694	5
0.694	6
0.694	7
0.694	4
0.694	4
0.694	4
0.694	4
0.694	9
0.694	6
0.694	3
0.694	3
0.694	7
0.694	1
0.694	7
0.694	6
0.694	3
0.694	7
0.694	3
0.694	3
0.695	4
0.695	4
0.695	5
0.695	7
0.695	6
0.695	7
0.695	4
0.695	3
0.695	7
0.695	1
0.695	7
0.695	6
0.695	3
0.695	3
0.695	8
0.695	3
0.695	3
0.695	3
0.695	5
0.695	5
0.696	6
0.696	4
0.696	7
0.696	4
0.696	1
0.696	1
0.696	5
0.696	5
0.696	3
0.696	7
0.696	4
0.696	3
0.696	3
0.696	3
0.696	3
0.696	3
0.696	6
0.697	5
0.697	4
0.697	5
0.697	4
0.697	4
0.697	5
0.697	3
0.697	4
0.697	4
0.697	6
0.697	6
0.697	1
0.697	5
0.697	1
0.697	5
0.697	5
0.697	5
0.697	3
0.697	3
0.697	5
0.697	5
0.697	4
0.697	4
0.697	4
0.697	4
0.697	3
0.697	3
0.698	4
0.698	5
0.698	4
0.698	4
0.698	4
0.698	4
0.698	4
0.698	4
0.698	4
0.698	6
0.698	1
0.698	5
0.698	4
0.698	3
0.698	4
0.698	4
0.698	3
0.698	3
0.698	8
0.698	8
0.698	4
0.698	4
0.698	3
0.698	5
0.698	4
0.698	4
0.699	9
0.699	6
0.699	6
0.699	4
0.699	3
0.699	4
0.699	5
0.699	5
0.699	2
0.699	2
0.699	4
0.699	4
0.699	4
0.699	4
0.699	6
0.699	4
0.699	4
0.699	4
0.699	4
0.699	3
0.699	8
0.699	4
0.699	3
0.699	6
0.7	6
0.7	5
0.7	4
0.7	3
0.7	4
0.7	4
0.7	6
0.7	6
0.7	3
0.7	4
0.7	4
0.7	7
0.7	1
0.7	7
0.7	6
0.7	3
0.7	7
0.7	7
0.7	3
0.7	3
0.7	3
0.7	3
0.7	4
0.7	4
0.7	3
0.7	3
0.701	4
0.701	5
0.701	6
0.701	7
0.701	4
0.701	4
0.701	6
0.701	6
0.701	6
0.701	3
0.701	4
0.701	3
0.701	3
0.701	3
0.701	8
0.701	8
0.701	4
0.701	4
0.701	7
0.701	3
0.701	3
0.701	3
0.701	5
0.701	4
0.701	4
0.702	9
0.702	9
0.702	6
0.702	4
0.702	7
0.702	6
0.702	7
0.702	4
0.702	9
0.702	9
0.702	6
0.702	6
0.702	6
0.702	6
0.702	7
0.702	7
0.702	4
0.702	4
0.702	3
0.702	8
0.702	4
0.702	3
0.702	8
0.702	4
0.702	3
0.702	6
0.703	9
0.703	6
0.703	7
0.703	4
0.703	5
0.703	9
0.703	6
0.703	6
0.703	1
0.703	5
0.703	1
0.703	1
0.703	5
0.703	5
0.703	5
0.703	5
0.703	5
0.703	5
0.703	7
0.703	4
0.703	4
0.703	4
0.703	3
0.703	3
0.704	3
0.704	4
0.704	4
0.704	4
0.704	4
0.704	4
0.704	9
0.704	6
0.704	4
0.704	6
0.704	4
0.704	4
0.704	3
0.704	3
0.704	4
0.704	4
0.704	4
0.704	4
0.704	1
0.704	5
0.704	5
0.704	5
0.704	7
0.704	3
0.704	3
0.704	3
0.704	5
0.704	4
0.704	4
0.705	9
0.705	6
0.705	4
0.705	4
0.705	5
0.705	5
0.705	5
0.705	3
0.705	3
0.705	4
0.705	4
0.705	4
0.705	3
0.705	4
0.705	4
0.705	3
0.705	8
0.705	4
0.705	3
0.705	8
0.705	4
0.706	9
0.706	6
0.706	6
0.706	7
0.706	3
0.706	3
0.706	4
0.706	4
0.706	5
0.706	3
0.706	4
0.706	3
0.706	4
0.706	7
0.706	7
0.706	1
0.706	1
0.706	7
0.706	7
0.706	6
0.706	6
0.706	3
0.706	3
0.706	7
0.706	4
0.706	4
0.706	4
0.706	3
0.706	6
0.707	5
0.707	7
0.707	4
0.707	4
0.707	4
0.707	5
0.707	3
0.707	6
0.707	3
0.707	3
0.707	7
0.707	1
0.707	7
0.707	6
0.707	3
0.707	1
0.707	5
0.707	5
0.707	5
0.707	7
0.707	3
0.707	3
0.707	3
0.707	3
0.708	9
0.708	5
0.708	5
0.708	6
0.708	6
0.708	7
0.708	7
0.708	4
0.708	4
0.708	6
0.708	3
0.708	4
0.708	3
0.708	4
0.708	4
0.708	3
0.708	8
0.708	4
0.708	3
0.708	5
0.708	4
0.708	4
0.709	9
0.709	5
0.709	7
0.709	7
0.709	5
0.709	4
0.709	4
0.709	9
0.709	6
0.709	1
0.709	1
0.709	5
0.709	5
0.709	7
0.709	4
0.709	3
0.709	8
0.709	4
0.71	3
0.71	4
0.71	4
0.71	4
0.71	6
0.71	6
0.71	1
0.71	5
0.71	7
0.71	1
0.71	7
0.71	6
0.71	3
0.71	1
0.71	5
0.71	5
0.71	5
0.71	4
0.71	4
0.71	3
0.71	6
0.711	4
0.711	5
0.711	5
0.711	4
0.711	4
0.711	4
0.711	4
0.711	4
0.711	6
0.711	3
0.711	4
0.711	3
0.711	4
0.711	4
0.711	7
0.711	3
0.711	3
0.711	3
0.711	3
0.711	3
0.711	6
0.712	6
0.712	5
0.712	6
0.712	7
0.712	4
0.712	4
0.712	5
0.712	5
0.712	3
0.712	3
0.712	3
0.712	4
0.712	5
0.712	4
0.712	3
0.712	8
0.712	4
0.712	3
0.712	5
0.712	4
0.712	4
0.712	3
0.712	3
0.712	4
0.712	6
0.713	6
0.713	5
0.713	7
0.713	4
0.713	5
0.713	4
0.713	6
0.713	6
0.713	3
0.713	5
0.713	1
0.713	5
0.713	7
0.713	1
0.713	7
0.713	6
0.713	3
0.713	7
0.713	4
0.713	3
0.713	8
0.713	5
0.713	3
0.713	5
0.713	4
0.713	4
0.713	3
0.713	3
0.714	5
0.714	5
0.714	4
0.714	6
0.714	6
0.714	6
0.714	4
0.714	6
0.714	3
0.714	1
0.714	5
0.714	5
0.714	5
0.714	4
0.714	4
0.714	3
0.714	8
0.714	5
0.714	3
0.714	5
0.714	4
0.714	4
0.715	9
0.715	5
0.715	5
0.715	9
0.715	9
0.715	6
0.715	6
0.715	6
0.715	4
0.715	4
0.715	3
0.715	4
0.715	4
0.715	7
0.715	3
0.715	3
0.715	4
0.715	5
0.715	3
0.715	8
0.715	5
0.716	9
0.716	4
0.716	4
0.716	4
0.716	9
0.716	6
0.716	3
0.716	5
0.716	1
0.716	5
0.716	3
0.716	8
0.716	4
0.716	7
0.716	3
0.716	3
0.716	4
0.716	5
0.716	4
0.716	6
0.717	6
0.717	5
0.717	5
0.717	4
0.717	4
0.717	4
0.717	6
0.717	4
0.717	6
0.717	7
0.717	1
0.717	7
0.717	6
0.717	3
0.717	7
0.717	4
0.717	3
0.717	8
0.717	4
0.717	7
0.717	3
0.717	3
0.717	3
0.717	3
0.718	5
0.718	3
0.718	3
0.718	5
0.718	4
0.718	5
0.718	5
0.718	5
0.718	3
0.718	3
0.718	4
0.718	6
0.718	4
0.718	3
0.718	1
0.718	5
0.718	5
0.718	5
0.718	7
0.718	4
0.718	3
0.718	8
0.718	4
0.718	3
0.718	5
0.718	4
0.718	4
0.719	6
0.719	6
0.719	5
0.719	4
0.719	4
0.719	3
0.719	5
0.719	4
0.719	4
0.719	4
0.719	5
0.719	3
0.719	9
0.719	6
0.719	3
0.719	5
0.719	4
0.719	3
0.719	4
0.719	4
0.719	1
0.719	5
0.719	5
0.719	5
0.719	7
0.719	4
0.719	3
0.719	8
0.719	5
0.72	9
0.72	6
0.72	6
0.72	7
0.72	7
0.72	4
0.72	3
0.72	4
0.72	6
0.72	1
0.72	5
0.72	4
0.72	3
0.72	4
0.72	4
0.72	1
0.72	5
0.72	5
0.72	5
0.72	4
0.72	5
0.721	7
0.721	7
0.721	6
0.721	7
0.721	4
0.721	4
0.721	6
0.721	4
0.721	6
0.721	7
0.721	1
0.721	7
0.721	6
0.721	3
0.721	4
0.721	3
0.721	4
0.721	4
0.721	7
0.721	3
0.721	3
0.722	9
0.722	9
0.722	7
0.722	6
0.722	7
0.722	4
0.722	4
0.722	5
0.722	3
0.722	10
0.722	6
0.722	4
0.722	3
0.722	7
0.722	1
0.722	7
0.722	6
0.722	3
0.722	3
0.722	8
0.722	4
0.723	6
0.723	7
0.723	4
0.723	4
0.723	5
0.723	3
0.723	5
0.723	3
0.723	7
0.723	1
0.723	7
0.723	6
0.723	3
0.723	7
0.723	4
0.724	5
0.724	5
0.724	5
0.724	4
0.724	6
0.724	1
0.724	5
0.724	3
0.724	1
0.724	5
0.724	5
0.724	5
0.725	3
0.725	4
0.725	4
0.725	5
0.725	5
0.725	3
0.725	6
0.725	4
0.725	6
0.725	1
0.725	5
0.725	4
0.725	3
0.725	4
0.725	4
0.726	10
0.726	5
0.726	5
0.726	5
0.726	4
0.726	4
0.726	5
0.726	10
0.726	6
0.726	4
0.726	4
0.726	6
0.726	1
0.726	5
0.727	5
0.727	5
0.727	5
0.727	6
0.727	7
0.727	3
0.727	5
0.727	4
0.727	4
0.727	6
0.727	7
0.727	1
0.727	7
0.727	6
0.727	3
0.728	5
0.728	5
0.728	7
0.728	5
0.728	4
0.728	6
0.728	3
0.728	5
0.728	4
0.728	3
0.729	5
0.729	4
0.729	4
0.729	4
0.729	4
0.729	5
0.729	3
0.729	6
0.729	6
0.729	3
0.729	5
0.73	5
0.73	5
0.73	4
0.73	5
0.73	10
0.73	6
0.73	6
0.73	6
0.73	1
0.73	5
0.731	6
0.731	6
0.731	3
0.731	3
0.731	5
0.731	5
0.731	10
0.731	6
0.731	6
0.731	4
0.731	6
0.732	6
0.732	5
0.732	5
0.732	3
0.732	4
0.732	4
0.732	10
0.732	6
0.732	4
0.733	6
0.733	5
0.733	6
0.733	6
0.733	7
0.733	7
0.733	5
0.733	4
0.733	4
0.733	5
0.733	3
0.733	4
0.733	3
0.733	5
0.734	10
0.734	10
0.734	5
0.734	7
0.734	7
0.734	6
0.734	7
0.734	5
0.734	5
0.734	5
0.734	3
0.734	4
0.734	6
0.735	10
0.735	7
0.735	3
0.735	5
0.735	5
0.735	5
0.735	3
0.735	6
0.736	10
0.736	5
0.736	4
0.736	4
0.736	5
0.736	10
0.736	6
0.737	6
0.737	7
0.737	5
0.737	4
0.738	6
0.738	7
0.738	3
0.738	4
0.738	4
0.739	5
0.739	5
0.739	5
0.739	5
0.739	4
0.739	5
0.739	3
0.74	5
0.74	5
0.74	5
0.74	6
0.74	7
0.74	4
0.74	4
0.74	5
0.74	5
0.741	10
0.741	5
0.741	7
0.741	5
0.741	4
0.741	5
0.742	3
0.742	4
0.743	5
0.743	5
0.743	4
0.743	4
0.743	6
0.744	6
0.744	6
0.744	5
0.744	7
0.744	7
0.744	4
0.744	3
0.744	3
0.745	6
0.745	7
0.745	5
0.745	4
0.745	5
0.745	3
0.745	5
0.745	4
0.745	4
0.746	5
0.746	3
0.746	5
0.746	4
0.746	4
0.746	3
0.746	8
0.746	5
0.747	10
0.747	10
0.747	5
0.747	5
0.747	3
0.747	5
0.747	4
0.747	5
0.747	4
0.747	6
0.748	10
0.748	6
0.748	7
0.748	7
0.748	5
0.748	3
0.748	7
0.748	3
0.748	3
0.748	3
0.748	3
0.749	7
0.749	7
0.749	7
0.749	5
0.749	3
0.749	8
0.749	4
0.749	3
0.749	5
0.749	4
0.749	4
0.75	5
0.75	7
0.75	7
0.75	7
0.75	4
0.75	7
0.75	4
0.75	4
0.75	8
0.75	5
0.751	10
0.751	6
0.751	5
0.751	7
0.751	5
0.751	1
0.751	5
0.751	5
0.751	5
0.751	4
0.751	5
0.752	3
0.752	4
0.752	3
0.752	4
0.752	4
0.752	7
0.752	3
0.752	3
0.753	6
0.753	3
0.753	8
0.753	4
0.754	10
0.754	5
0.754	7
0.754	7
0.754	7
0.754	1
0.754	7
0.754	6
0.754	3
0.754	7
0.754	4
0.754	4
0.754	5
0.754	6
0.754	6
0.755	6
0.755	5
0.755	5
0.755	7
0.755	3
0.755	1
0.755	5
0.755	5
0.755	5
0.755	3
0.755	3
0.755	3
0.755	3
0.755	5
0.755	6
0.756	5
0.756	5
0.756	4
0.756	3
0.756	4
0.756	4
0.756	3
0.756	3
0.756	5
0.756	5
0.756	4
0.756	4
0.756	4
0.756	4
0.756	3
0.756	3
0.756	5
0.756	6
0.757	5
0.757	1
0.757	5
0.757	4
0.757	4
0.757	8
0.757	8
0.757	5
0.757	5
0.757	3
0.757	5
0.757	4
0.757	4
0.757	3
0.757	3
0.758	10
0.758	4
0.758	6
0.758	7
0.758	1
0.758	7
0.758	6
0.758	3
0.758	4
0.758	4
0.758	5
0.758	5
0.758	4
0.758	8
0.758	5
0.758	3
0.758	5
0.758	4
0.758	4
0.759	6
0.759	4
0.759	3
0.759	7
0.759	7
0.759	3
0.759	3
0.759	3
0.759	3
0.759	5
0.759	5
0.759	4
0.759	8
0.759	5
0.759	5
0.759	6
0.76	6
0.76	5
0.76	3
0.76	5
0.76	3
0.76	3
0.76	8
0.76	8
0.76	5
0.76	5
0.76	7
0.76	3
0.76	3
0.76	5
0.76	5
0.76	3
0.76	3
0.76	5
0.76	5
0.76	6
0.76	6
0.761	6
0.761	5
0.761	6
0.761	1
0.761	5
0.761	7
0.761	7
0.761	4
0.761	4
0.761	3
0.761	8
0.761	5
0.761	7
0.761	3
0.761	3
0.761	3
0.761	5
0.761	4
0.761	4
0.761	3
0.761	3
0.761	3
0.761	3
0.762	10
0.762	6
0.762	4
0.762	6
0.762	1
0.762	1
0.762	5
0.762	5
0.762	5
0.762	5
0.762	5
0.762	5
0.762	7
0.762	4
0.762	3
0.762	8
0.762	5
0.762	4
0.762	8
0.762	5
0.762	3
0.762	3
0.762	5
0.762	5
0.762	4
0.762	4
0.762	4
0.762	4
0.763	10
0.763	10
0.763	6
0.763	4
0.763	4
0.763	4
0.763	3
0.763	3
0.763	4
0.763	4
0.763	4
0.763	4
0.763	1
0.763	5
0.763	5
0.763	5
0.763	7
0.763	4
0.763	5
0.763	5
0.763	4
0.763	4
0.763	8
0.763	8
0.763	5
0.763	5
0.764	10
0.764	3
0.764	5
0.764	4
0.764	3
0.764	4
0.764	4
0.764	1
0.764	5
0.764	5
0.764	5
0.764	7
0.764	3
0.764	3
0.764	5
0.764	5
0.764	5
0.764	5
0.765	6
0.765	4
0.765	6
0.765	7
0.765	7
0.765	1
0.765	1
0.765	7
0.765	7
0.765	6
0.765	6
0.765	3
0.765	3
0.765	4
0.765	3
0.765	4
0.765	4
0.765	3
0.765	8
0.765	5
0.765	7
0.765	7
0.765	3
0.765	3
0.765	3
0.765	3
0.766	5
0.766	3
0.766	6
0.766	3
0.766	3
0.766	7
0.766	1
0.766	7
0.766	6
0.766	3
0.766	7
0.766	4
0.766	3
0.766	3
0.766	8
0.766	8
0.766	5
0.766	5
0.767	5
0.767	10
0.767	6
0.767	3
0.767	7
0.767	1
0.767	7
0.767	6
0.767	3
0.767	1
0.767	5
0.767	5
0.767	5
0.767	7
0.767	7
0.767	3
0.767	3
0.767	5
0.767	6
0.768	10
0.768	1
0.768	1
0.768	5
0.768	5
0.768	3
0.768	4
0.768	3
0.768	4
0.768	4
0.768	1
0.768	1
0.768	5
0.768	5
0.768	5
0.768	5
0.768	5
0.768	5
0.768	3
0.768	3
0.769	4
0.769	4
0.769	4
0.769	6
0.769	6
0.769	1
0.769	5
0.769	4
0.769	4
0.769	3
0.769	3
0.769	4
0.769	4
0.769	4
0.769	4
0.769	3
0.769	5
0.769	4
0.769	4
0.77	4
0.77	5
0.77	3
0.77	4
0.77	4
0.77	4
0.77	6
0.77	1
0.77	5
0.77	7
0.77	1
0.77	7
0.77	7
0.77	3
0.77	4
0.77	8
0.77	5
0.771	5
0.771	3
0.771	3
0.771	5
0.771	5
0.771	4
0.771	4
0.771	6
0.771	3
0.771	7
0.771	7
0.771	1
0.771	1
0.771	7
0.771	7
0.771	7
0.771	7
0.771	3
0.771	3
0.771	5
0.771	5
0.772	5
0.772	6
0.772	6
0.772	3
0.772	5
0.772	5
0.772	3
0.772	3
0.772	7
0.772	3
0.772	3
0.773	4
0.773	6
0.773	6
0.773	6
0.773	3
0.773	5
0.773	1
0.773	5
0.773	3
0.773	8
0.773	5
0.774	4
0.774	10
0.774	10
0.774	6
0.774	6
0.774	6
0.774	6
0.774	4
0.774	6
0.774	1
0.774	1
0.774	5
0.774	5
0.774	7
0.774	3
0.775	10
0.775	6
0.775	6
0.775	5
0.775	4
0.775	4
0.775	6
0.775	6
0.775	1
0.775	5
0.775	5
0.775	5
0.776	5
0.776	4
0.776	4
0.776	10
0.776	6
0.776	3
0.776	5
0.776	5
0.776	5
0.776	4
0.776	3
0.776	4
0.776	4
0.777	4
0.777	4
0.777	5
0.777	5
0.777	3
0.777	3
0.777	4
0.777	6
0.777	3
0.777	4
0.777	5
0.777	5
0.778	5
0.778	5
0.778	5
0.778	5
0.778	3
0.778	4
0.778	6
0.778	6
0.778	6
0.778	7
0.778	1
0.778	7
0.778	7
0.778	3
0.779	3
0.779	5
0.779	5
0.779	3
0.779	10
0.779	6
0.779	6
0.779	6
0.779	3
0.78	7
0.78	5
0.78	10
0.78	10
0.78	6
0.78	6
0.78	5
0.78	6
0.781	7
0.781	7
0.781	4
0.781	4
0.781	4
0.781	4
0.781	1
0.781	5
0.781	3
0.781	3
0.782	7
0.782	5
0.782	4
0.782	5
0.782	3
0.782	4
0.782	4
0.782	4
0.782	6
0.782	3
0.782	5
0.782	4
0.782	4
0.782	5
0.782	6
0.783	3
0.783	5
0.783	5
0.783	4
0.783	5
0.783	5
0.783	5
0.783	3
0.783	3
0.783	5
0.783	4
0.783	8
0.783	5
0.783	3
0.783	3
0.784	7
0.784	4
0.784	4
0.784	5
0.784	5
0.784	5
0.784	4
0.784	5
0.784	5
0.784	5
0.784	3
0.784	5
0.784	4
0.784	4
0.785	7
0.785	7
0.785	4
0.785	5
0.785	6
0.785	7
0.785	3
0.785	3
0.785	4
0.785	8
0.785	5
0.786	7
0.786	4
0.786	4
0.786	6
0.786	3
0.786	8
0.786	5
0.786	5
0.786	5
0.787	5
0.787	4
0.787	4
0.787	10
0.787	7
0.787	7
0.787	3
0.787	7
0.787	3
0.787	3
0.788	5
0.788	4
0.788	4
0.788	5
0.788	1
0.788	5
0.788	5
0.788	5
0.788	3
0.788	8
0.788	5
0.789	5
0.789	5
0.789	4
0.789	4
0.789	5
0.789	5
0.789	4
0.789	4
0.789	3
0.789	4
0.789	4
0.789	7
0.789	3
0.79	3
0.79	3
0.79	5
0.79	4
0.79	4
0.79	4
0.79	5
0.79	3
0.79	1
0.79	5
0.79	5
0.79	5
0.791	5
0.791	7
0.791	7
0.791	3
0.791	5
0.791	5
0.791	7
0.791	1
0.791	7
0.791	7
0.791	3
0.791	4
0.791	3
0.791	4
0.791	4
0.792	6
0.792	5
0.792	7
0.792	7
0.792	7
0.792	7
0.792	7
0.792	3
0.792	3
0.793	7
0.793	7
0.793	7
0.793	7
0.793	7
0.793	4
0.793	7
0.793	1
0.793	7
0.793	7
0.793	3
0.794	7
0.794	7
0.794	7
0.794	5
0.794	4
0.794	4
0.794	4
0.794	1
0.794	5
0.794	3
0.795	10
0.795	7
0.795	3
0.795	5
0.795	5
0.795	4
0.795	6
0.796	6
0.796	7
0.796	3
0.796	3
0.796	5
0.796	5
0.796	1
0.796	6
0.797	7
0.797	7
0.797	7
0.797	7
0.797	4
0.797	4
0.797	5
0.797	4
0.797	6
0.797	5
0.797	6
0.798	5
0.798	5
0.798	7
0.798	7
0.798	7
0.798	7
0.798	7
0.798	6
0.798	5
0.798	3
0.798	3
0.799	10
0.799	5
0.799	5
0.799	5
0.799	7
0.799	7
0.799	6
0.799	4
0.799	5
0.799	3
0.799	5
0.799	4
0.799	4
0.8	5
0.8	5
0.8	10
0.8	7
0.8	6
0.8	4
0.8	8
0.8	5
0.8	5
0.8	5
0.8	6
0.8	6
0.801	5
0.801	4
0.801	6
0.801	5
0.801	5
0.801	3
0.801	3
0.801	3
0.801	3
0.802	5
0.802	4
0.802	10
0.802	7
0.802	7
0.802	3
0.802	3
0.802	3
0.802	3
0.802	5
0.802	5
0.802	4
0.802	4
0.802	4
0.802	4
0.803	6
0.803	6
0.803	5
0.803	3
0.803	5
0.803	3
0.803	3
0.803	8
0.803	5
0.803	4
0.803	4
0.803	8
0.803	8
0.803	5
0.803	5
0.804	6
0.804	5
0.804	5
0.804	5
0.804	7
0.804	5
0.804	4
0.804	7
0.804	3
0.804	5
0.804	5
0.804	5
0.804	5
0.805	6
0.805	5
0.805	5
0.805	7
0.805	7
0.805	5
0.805	3
0.805	1
0.805	5
0.805	5
0.805	5
0.805	7
0.805	7
0.805	3
0.805	3
0.805	3
0.805	3
0.806	10
0.806	10
0.806	7
0.806	5
0.806	4
0.806	3
0.806	4
0.806	4
0.806	3
0.806	3
0.806	8
0.806	8
0.806	5
0.806	5
0.807	10
0.807	4
0.807	7
0.807	7
0.807	3
0.807	3
0.808	10
0.808	6
0.808	7
0.808	1
0.808	7
0.808	7
0.808	3
0.808	1
0.808	1
0.808	5
0.808	5
0.808	5
0.808	5
0.808	5
0.808	5
0.808	5
0.808	6
0.809	6
0.809	6
0.809	5
0.809	4
0.809	3
0.809	4
0.809	4
0.809	3
0.809	3
0.809	5
0.809	5
0.809	4
0.809	4
0.809	3
0.809	3
0.81	4
0.81	3
0.81	5
0.81	4
0.81	4
0.811	10
0.811	5
0.811	5
0.811	1
0.811	6
0.811	7
0.811	7
0.811	1
0.811	1
0.811	7
0.811	7
0.811	7
0.811	7
0.811	3
0.811	3
0.811	4
0.811	8
0.811	5
0.811	5
0.811	6
0.812	10
0.812	10
0.812	5
0.812	4
0.812	4
0.812	6
0.812	3
0.812	3
0.812	5
0.812	5
0.812	3
0.812	3
0.813	5
0.813	7
0.813	3
0.813	3
0.813	3
0.813	5
0.813	4
0.813	4
0.814	4
0.814	4
0.814	5
0.814	1
0.814	1
0.814	6
0.814	6
0.814	3
0.814	8
0.814	5
0.814	4
0.814	8
0.814	5
0.815	5
0.815	6
0.815	4
0.815	4
0.815	6
0.815	6
0.815	7
0.815	3
0.815	5
0.815	5
0.816	6
0.816	3
0.816	4
0.816	6
0.816	5
0.816	5
0.816	1
0.816	4
0.816	5
0.816	5
0.816	7
0.816	3
0.816	3
0.817	7
0.817	5
0.817	10
0.817	7
0.817	4
0.817	4
0.817	5
0.817	5
0.817	4
0.817	3
0.817	5
0.817	4
0.817	3
0.817	8
0.817	5
0.818	7
0.818	7
0.818	3
0.818	6
0.818	6
0.818	7
0.818	3
0.819	10
0.819	7
0.819	7
0.819	5
0.819	6
0.819	6
0.819	7
0.819	1
0.819	7
0.819	7
0.819	3
0.819	1
0.819	4
0.819	5
0.819	5
0.82	7
0.82	7
0.82	5
0.82	3
0.82	10
0.82	10
0.82	7
0.82	7
0.82	3
0.82	4
0.82	3
0.82	5
0.82	4
0.821	7
0.821	5
0.822	5
0.822	5
0.822	1
0.822	6
0.822	7
0.822	1
0.822	7
0.822	7
0.822	3
0.823	5
0.823	5
0.823	3
0.823	3
0.823	4
0.823	6
0.823	3
0.824	5
0.824	4
0.824	5
0.824	5
0.824	5
0.825	6
0.825	4
0.825	5
0.825	1
0.825	6
0.825	5
0.825	6
0.826	5
0.826	5
0.826	6
0.826	4
0.826	6
0.826	3
0.826	3
0.827	6
0.827	4
0.827	4
0.827	4
0.827	6
0.827	5
0.827	3
0.827	5
0.827	4
0.827	4
0.828	10
0.828	7
0.828	4
0.828	5
0.828	4
0.828	8
0.828	5
0.829	6
0.829	5
0.829	5
0.829	6
0.829	6
0.829	5
0.83	4
0.83	4
0.83	5
0.83	6
0.83	7
0.83	3
0.83	3
0.831	6
0.831	4
0.831	5
0.831	3
0.831	10
0.831	7
0.831	3
0.831	8
0.831	5
0.832	10
0.832	5
0.832	5
0.832	7
0.832	3
0.833	3
0.833	5
0.833	1
0.833	4
0.833	5
0.833	5
0.834	10
0.834	7
0.834	4
0.834	4
0.834	6
0.834	3
0.834	4
0.834	3
0.834	5
0.834	4
0.835	7
0.835	7
0.835	5
0.835	6
0.835	4
0.835	5
0.836	7
0.836	3
0.836	3
0.836	7
0.836	1
0.836	7
0.836	7
0.836	3
0.836	5
0.836	6
0.837	7
0.837	7
0.837	5
0.837	3
0.837	3
0.837	3
0.838	7
0.838	7
0.838	7
0.838	7
0.838	4
0.838	4
0.838	3
0.838	5
0.838	4
0.838	4
0.839	7
0.839	7
0.839	1
0.839	6
0.839	4
0.839	8
0.839	5
0.84	5
0.84	4
0.84	6
0.84	6
0.84	5
0.841	5
0.841	4
0.841	5
0.841	7
0.841	3
0.841	3
0.842	6
0.842	4
0.842	4
0.842	5
0.842	3
0.842	8
0.842	5
0.842	5
0.842	5
0.842	6
0.842	6
0.843	6
0.843	6
0.843	7
0.843	3
0.843	3
0.843	3
0.843	4
0.843	4
0.844	5
0.844	5
0.844	3
0.844	6
0.844	2
0.844	4
0.844	5
0.844	5
0.844	3
0.844	3
0.844	5
0.844	5
0.844	4
0.844	4
0.844	4
0.844	4
0.845	6
0.845	6
0.845	7
0.845	4
0.845	10
0.845	7
0.845	4
0.845	3
0.845	5
0.845	4
0.845	4
0.845	4
0.845	8
0.845	8
0.845	5
0.845	5
0.845	5
0.845	6
0.846	6
0.846	7
0.846	7
0.846	6
0.846	6
0.846	6
0.846	5
0.846	5
0.846	3
0.846	4
0.846	5
0.846	6
0.847	7
0.847	3
0.847	5
0.847	7
0.847	1
0.847	7
0.847	7
0.847	3
0.847	7
0.847	7
0.847	3
0.847	3
0.847	3
0.847	3
0.847	3
0.847	5
0.847	4
0.847	4
0.847	3
0.847	4
0.848	7
0.848	6
0.848	3
0.848	3
0.848	3
0.848	3
0.848	8
0.848	8
0.848	5
0.848	5
0.848	4
0.848	8
0.848	5
0.848	3
0.848	5
0.848	4
0.848	5
0.849	10
0.849	6
0.849	6
0.849	7
0.849	7
0.849	5
0.849	7
0.849	7
0.849	3
0.849	3
0.849	6
0.849	5
0.849	4
0.849	8
0.849	5
0.85	7
0.85	1
0.85	6
0.85	2
0.85	2
0.85	4
0.85	4
0.85	5
0.85	5
0.85	5
0.85	5
0.85	7
0.85	3
0.85	3
0.85	6
0.85	5
0.851	4
0.851	6
0.851	4
0.851	4
0.851	3
0.851	3
0.851	5
0.851	5
0.851	4
0.851	4
0.851	3
0.851	8
0.851	5
0.851	7
0.851	3
0.851	3
0.852	10
0.852	10
0.852	5
0.852	4
0.852	5
0.852	8
0.852	3
0.852	3
0.852	8
0.852	5
0.853	6
0.853	4
0.853	5
0.853	7
0.853	7
0.853	1
0.853	1
0.853	7
0.853	7
0.853	7
0.853	7
0.853	3
0.853	4
0.853	2
0.853	4
0.853	5
0.853	5
0.853	8
0.853	3
0.853	5
0.853	6
0.854	5
0.854	6
0.854	3
0.854	3
0.854	4
0.854	3
0.854	5
0.854	4
0.854	2
0.854	4
0.854	5
0.854	5
0.854	3
0.854	4
0.855	5
0.855	4
0.855	6
0.855	4
0.855	3
0.855	5
0.855	4
0.855	3
0.855	5
0.855	4
0.855	5
0.856	6
0.856	10
0.856	7
0.856	1
0.856	1
0.856	6
0.856	6
0.856	7
0.856	1
0.856	7
0.856	7
0.856	4
0.856	4
0.856	8
0.856	5
0.857	6
0.857	4
0.857	4
0.857	6
0.857	6
0.857	3
0.857	7
0.857	1
0.857	7
0.857	7
0.857	4
0.857	6
0.857	5
0.858	5
0.858	5
0.858	5
0.858	3
0.858	7
0.858	3
0.858	3
0.858	6
0.858	6
0.859	4
0.859	6
0.859	3
0.859	4
0.859	4
0.859	5
0.859	5
0.859	1
0.859	6
0.859	3
0.859	8
0.859	6
0.859	3
0.859	4
0.86	10
0.86	6
0.86	6
0.86	5
0.86	6
0.86	6
0.86	4
0.86	6
0.86	1
0.86	6
0.86	8
0.86	3
0.86	3
0.86	5
0.86	4
0.86	5
0.861	3
0.861	6
0.861	6
0.861	5
0.861	4
0.861	6
0.861	2
0.861	4
0.861	5
0.861	5
0.861	4
0.861	8
0.861	5
0.862	7
0.862	10
0.862	10
0.862	7
0.862	7
0.862	4
0.862	5
0.862	5
0.862	4
0.862	3
0.862	5
0.862	4
0.862	6
0.862	5
0.863	10
0.863	7
0.863	7
0.863	4
0.863	6
0.863	4
0.863	5
0.863	7
0.863	3
0.863	3
0.864	7
0.864	5
0.864	5
0.864	6
0.864	6
0.864	7
0.864	1
0.864	7
0.864	7
0.864	4
0.864	3
0.864	8
0.864	6
0.865	5
0.865	6
0.865	6
0.865	3
0.865	3
0.865	10
0.865	7
0.865	6
0.865	3
0.865	8
0.865	3
0.866	4
0.866	5
0.866	5
0.866	10
0.866	7
0.866	2
0.866	4
0.866	5
0.866	5
0.867	5
0.867	1
0.867	6
0.867	4
0.867	3
0.867	5
0.867	4
0.868	6
0.868	3
0.868	5
0.868	4
0.868	6
0.869	5
0.869	4
0.869	4
0.869	5
0.869	6
0.869	3
0.869	5
0.869	7
0.869	1
0.869	7
0.869	7
0.869	4
0.87	6
0.87	4
0.87	5
0.87	4
0.87	5
0.87	3
0.871	6
0.871	5
0.871	5
0.871	6
0.872	3
0.872	4
0.872	4
0.872	4
0.872	6
0.872	1
0.872	6
0.873	7
0.873	4
0.873	10
0.873	7
0.873	4
0.873	6
0.874	6
0.874	7
0.874	7
0.874	5
0.874	5
0.875	7
0.875	4
0.875	5
0.875	5
0.875	4
0.875	5
0.876	4
0.876	4
0.876	4
0.876	6
0.876	3
0.876	6
0.877	10
0.877	6
0.877	6
0.877	5
0.877	6
0.878	3
0.878	3
0.878	10
0.878	7
0.879	7
0.879	7
0.879	4
0.88	5
0.88	7
0.88	7
0.88	7
0.88	7
0.88	6
0.88	4
0.88	4
0.88	5
0.881	6
0.881	7
0.881	7
0.881	3
0.881	6
0.881	6
0.881	3
0.882	7
0.882	3
0.882	5
0.882	5
0.883	7
0.883	7
0.883	7
0.883	4
0.884	7
0.884	7
0.884	7
0.885	6
0.885	7
0.885	4
0.886	5
0.886	5
0.887	6
0.887	6
0.887	4
0.887	5
0.888	10
0.888	6
0.888	4
0.889	5
0.889	3
0.89	6
0.89	5
0.89	7
0.891	6
0.891	6
0.891	6
0.891	7
0.891	7
0.892	7
0.892	4
0.893	6
0.894	10
0.894	10
0.894	6
0.894	3
0.895	6
0.895	7
0.895	6
0.895	6
0.896	7
0.896	7
0.896	3
0.896	5
0.896	6
0.896	6
0.897	10
0.897	5
0.897	7
0.897	3
0.897	5
0.897	4
0.897	5
0.897	3
0.897	5
0.898	10
0.898	6
0.898	4
0.898	8
0.898	5
0.898	3
0.898	5
0.898	4
0.898	5
0.899	6
0.899	5
0.899	4
0.899	8
0.899	5
0.9	7
0.9	3
0.9	3
0.9	6
0.9	5
0.901	3
0.901	8
0.901	6
0.901	7
0.901	3
0.901	3
0.902	6
0.902	5
0.902	8
0.902	3
0.902	3
0.902	8
0.902	6
0.902	6
0.902	6
0.903	6
0.903	2
0.903	4
0.903	5
0.903	5
0.903	8
0.903	3
0.903	3
0.903	5
0.903	6
0.903	6
0.904	4
0.904	3
0.904	5
0.904	4
0.904	2
0.904	4
0.904	5
0.904	5
0.904	3
0.904	5
0.904	4
0.904	5
0.904	3
0.904	5
0.905	10
0.905	4
0.905	3
0.905	5
0.905	4
0.905	4
0.905	8
0.905	5
0.905	3
0.905	5
0.905	4
0.905	5
0.906	7
0.906	1
0.906	7
0.906	7
0.906	4
0.906	6
0.906	5
0.906	4
0.906	8
0.906	5
0.907	6
0.907	3
0.907	7
0.907	1
0.907	7
0.907	7
0.907	5
0.907	7
0.907	3
0.907	3
0.907	6
0.907	5
0.908	3
0.908	3
0.908	8
0.908	6
0.908	7
0.908	3
0.908	3
0.908	6
0.908	6
0.909	1
0.909	6
0.909	8
0.909	3
0.909	3
0.909	8
0.909	6
0.909	3
0.909	5
0.91	10
0.91	4
0.91	6
0.91	1
0.91	6
0.91	2
0.91	4
0.91	5
0.91	5
0.91	8
0.91	3
0.91	3
0.91	5
0.91	4
0.91	5
0.911	5
0.911	4
0.911	6
0.911	4
0.911	3
0.911	5
0.911	4
0.911	2
0.911	4
0.911	5
0.911	5
0.911	4
0.911	8
0.911	5
0.911	6
0.911	6
0.912	4
0.912	5
0.912	5
0.912	4
0.912	3
0.912	5
0.912	4
0.912	6
0.912	5
0.912	3
0.912	5
0.913	6
0.913	4
0.913	5
0.913	7
0.913	1
0.913	7
0.913	7
0.913	5
0.913	7
0.913	3
0.913	3
0.913	3
0.913	5
0.913	4
0.913	5
0.914	6
0.914	6
0.914	3
0.914	7
0.914	1
0.914	7
0.914	7
0.914	5
0.914	3
0.914	8
0.914	6
0.914	4
0.914	8
0.914	5
0.915	10
0.915	7
0.915	6
0.915	3
0.915	8
0.915	3
0.915	6
0.915	5
0.916	10
0.916	7
0.916	1
0.916	6
0.916	3
0.916	4
0.916	5
0.916	5
0.916	7
0.916	3
0.916	3
0.917	5
0.917	4
0.917	6
0.917	1
0.917	6
0.917	4
0.917	3
0.917	5
0.917	4
0.917	3
0.917	8
0.917	6
0.918	6
0.918	3
0.918	5
0.918	5
0.918	4
0.918	5
0.918	8
0.918	3
0.919	5
0.919	6
0.919	3
0.919	4
0.919	6
0.919	5
0.919	7
0.919	1
0.919	7
0.919	7
0.919	5
0.919	3
0.919	4
0.919	5
0.919	5
0.92	5
0.92	6
0.92	4
0.92	6
0.92	3
0.92	4
0.92	3
0.92	5
0.92	4
0.921	6
0.921	6
0.922	4
0.922	10
0.922	7
0.922	6
0.922	1
0.922	6
0.922	7
0.922	1
0.922	7
0.922	7
0.922	5
0.923	4
0.923	10
0.923	7
0.923	4
0.923	5
0.923	3
0.924	5
0.924	5
0.924	5
0.925	4
0.925	5
0.925	6
0.925	3
0.925	5
0.925	4
0.925	6
0.925	1
0.925	6
0.926	4
0.926	5
0.926	6
0.926	3
0.926	6
0.926	3
0.926	5
0.927	5
0.927	6
0.927	5
0.928	10
0.928	7
0.928	4
0.928	6
0.929	4
0.929	4
0.929	6
0.93	6
0.93	4
0.93	4
0.93	5
0.93	6
0.931	3
0.931	6
0.931	5
0.931	6
0.931	3
0.931	10
0.931	7
0.932	7
0.932	3
0.932	4
0.932	5
0.932	5
0.933	7
0.933	7
0.933	7
0.933	4
0.933	5
0.934	7
0.934	7
0.934	7
0.934	6
0.934	3
0.935	7
0.935	4
0.935	5
0.936	4
0.937	6
0.937	4
0.937	5
0.938	3
0.938	6
0.938	4
0.938	4
0.939	5
0.939	7
0.939	3
0.939	6
0.939	6
0.94	6
0.94	5
0.94	7
0.94	7
0.94	7
0.94	5
0.94	3
0.94	5
0.94	6
0.94	6
0.941	6
0.941	7
0.941	7
0.941	7
0.941	4
0.941	3
0.941	5
0.941	4
0.941	5
0.941	3
0.941	5
0.942	7
0.942	4
0.942	4
0.942	8
0.942	5
0.942	3
0.942	5
0.942	4
0.942	5
0.942	6
0.942	6
0.943	6
0.943	6
0.943	5
0.943	4
0.943	8
0.943	5
0.943	3
0.943	5
0.944	6
0.944	3
0.944	7
0.944	3
0.944	3
0.944	6
0.944	5
0.944	3
0.944	5
0.944	4
0.944	5
0.945	6
0.945	7
0.945	4
0.945	3
0.945	8
0.945	6
0.945	7
0.945	3
0.945	3
0.945	4
0.945	8
0.945	5
0.946	5
0.946	7
0.946	7
0.946	6
0.946	8
0.946	3
0.946	3
0.946	8
0.946	6
0.946	6
0.946	5
0.947	10
0.947	6
0.947	5
0.947	7
0.947	3
0.947	3
0.947	4
0.947	5
0.947	5
0.947	8
0.947	3
0.947	7
0.947	3
0.947	3
0.948	10
0.948	6
0.948	7
0.948	4
0.948	3
0.948	6
0.948	4
0.948	3
0.948	4
0.948	5
0.948	5
0.948	3
0.948	8
0.948	6
0.948	6
0.948	6
0.949	7
0.949	7
0.949	4
0.949	3
0.949	6
0.949	4
0.949	8
0.949	3
0.949	3
0.949	5
0.95	7
0.95	7
0.95	1
0.95	7
0.95	7
0.95	5
0.95	3
0.95	4
0.95	5
0.95	5
0.95	3
0.95	5
0.95	4
0.95	5
0.951	6
0.951	3
0.951	7
0.951	1
0.951	7
0.951	7
0.951	5
0.951	4
0.951	3
0.951	6
0.951	4
0.951	4
0.951	8
0.951	5
0.952	6
0.952	5
0.952	3
0.952	6
0.952	5
0.953	6
0.953	1
0.953	6
0.953	7
0.953	1
0.953	7
0.953	7
0.953	5
0.953	7
0.953	3
0.953	3
0.954	10
0.954	3
0.954	5
0.954	1
0.954	6
0.954	3
0.954	3
0.954	8
0.954	7
0.955	10
0.955	5
0.955	5
0.955	3
0.955	5
0.955	8
0.955	3
0.956	6
0.956	4
0.956	6
0.956	5
0.956	1
0.956	6
0.956	3
0.956	4
0.956	5
0.956	5
0.957	6
0.957	6
0.957	5
0.957	6
0.957	3
0.957	5
0.957	4
0.957	3
0.957	6
0.957	4
0.958	6
0.958	6
0.958	5
0.959	10
0.959	7
0.959	6
0.959	5
0.959	6
0.959	7
0.959	1
0.959	7
0.959	7
0.959	5
0.96	10
0.96	6
0.96	10
0.96	7
0.96	6
0.96	3
0.961	5
0.961	6
0.962	6
0.962	3
0.962	5
0.962	10
0.962	7
0.962	1
0.962	6
0.963	10
0.963	5
0.963	6
0.963	3
0.963	3
0.963	5
0.964	5
0.964	5
0.964	5
0.965	6
0.965	3
0.965	5
0.965	6
0.966	4
0.966	5
0.966	6
0.967	4
0.967	6
0.968	5
0.968	10
0.968	7
0.969	4
0.969	5
0.969	4
0.97	4
0.97	5
0.971	5
0.971	6
0.971	3
0.972	4
0.972	5
0.973	4
0.974	6
0.974	4
0.975	3
0.975	6
0.975	4
0.976	7
0.976	3
0.976	5
0.977	7
0.977	7
0.977	7
0.977	6
0.977	5
0.978	7
0.978	7
0.978	7
0.978	3
0.978	4
0.979	7
0.979	7
0.98	7
0.98	7
0.981	7
0.982	5
0.983	5
0.983	6
0.984	6
0.984	5
0.984	3
0.985	6
0.985	7
0.986	5
0.986	7
0.986	7
0.987	6
0.987	7
0.988	6
0.989	6
0.99	6
0.99	6
0.991	10
0.991	6
0.991	3
0.991	5
0.992	10
0.992	5
0.992	3
0.992	5
0.992	4
0.992	5
0.993	6
0.993	4
0.993	8
0.993	5
0.994	10
0.994	6
0.994	5
0.995	7
0.995	3
0.995	3
0.996	3
0.996	8
0.996	7
0.997	6
0.997	8
0.997	3
0.998	3
0.998	4
0.998	6
0.998	5
0.999	4
0.999	3
0.999	6
0.999	4
1.0	10
1.001	7
1.001	1
1.001	7
1.001	7
1.001	5
1.002	3
1.004	1
1.004	6
1.005	3
1.005	5
1.006	5
1.007	5
1.007	6
1.008	6
1.009	6
1.01	10
1.01	7
1.012	5
1.013	6
1.013	3
1.014	5
1.017	4
1.019	5
1.02	4
1.024	5
1.025	6
1.026	3
1.027	7
1.028	7
1.028	7
1.029	7
1.034	5
1.035	6
1.039	6
1.042	10
1.073	6
1.073	6
1.074	3
1.074	5
1.075	3
1.075	5
1.075	4
1.075	5
1.076	4
1.076	8
1.076	5
1.077	6
1.077	5
1.078	7
1.078	3
1.078	3
1.079	3
1.079	8
1.079	7
1.08	8
1.08	3
1.081	3
1.081	4
1.081	6
1.081	5
1.082	4
1.082	3
1.082	6
1.082	4
1.084	7
1.084	1
1.084	7
1.084	7
1.084	5
1.085	3
1.087	1
1.087	6
1.088	3
1.088	5
1.089	5
1.09	5
1.09	6
1.091	6
1.092	6
1.093	10
1.093	7
1.095	5
1.096	6
1.096	3
1.097	5
1.1	4
1.102	5
1.103	4
1.107	5
1.108	6
1.108	6
1.108	6
1.109	4
1.109	3
1.109	5
1.11	7
1.11	3
1.11	5
1.11	4
1.11	5
1.111	7
1.111	7
1.111	4
1.111	8
1.111	5
1.112	7
1.112	6
1.112	5
1.113	7
1.113	3
1.113	3
1.114	3
1.114	8
1.114	7
1.115	8
1.115	3
1.116	3
1.116	4
1.116	6
1.116	5
1.117	5
1.117	4
1.117	3
1.117	6
1.117	4
1.118	6
1.119	7
1.119	1
1.119	7
1.119	7
1.119	5
1.12	3
1.122	6
1.122	1
1.122	6
1.123	3
1.123	5
1.124	5
1.125	10
1.125	6
1.125	6
1.126	6
1.127	6
1.128	10
1.128	7
1.13	5
1.131	6
1.131	3
1.132	5
1.135	4
1.137	5
1.138	4
1.139	6
1.139	6
1.14	3
1.14	5
1.141	3
1.141	5
1.141	4
1.141	5
1.142	5
1.142	4
1.142	8
1.142	5
1.143	6
1.143	6
1.143	5
1.144	4
1.144	7
1.144	3
1.144	3
1.145	7
1.145	3
1.145	8
1.145	7
1.146	7
1.146	7
1.146	8
1.146	3
1.147	7
1.147	3
1.147	4
1.147	6
1.147	5
1.148	4
1.148	3
1.148	7
1.148	4
1.15	7
1.15	1
1.15	7
1.15	7
1.15	5
1.151	3
1.152	5
1.153	6
1.153	1
1.153	6
1.154	3
1.154	5
1.155	5
1.156	6
1.156	6
1.157	6
1.157	6
1.158	6
1.159	10
1.159	7
1.16	10
1.161	5
1.162	6
1.162	3
1.163	5
1.165	6
1.165	6
1.166	4
1.166	3
1.166	5
1.167	3
1.167	5
1.167	4
1.167	5
1.168	5
1.168	4
1.168	8
1.168	5
1.169	4
1.169	6
1.169	5
1.17	7
1.17	3
1.17	3
1.17	6
1.17	6
1.171	3
1.171	8
1.171	7
1.171	3
1.171	5
1.172	8
1.172	3
1.172	3
1.172	5
1.172	4
1.172	5
1.173	5
1.173	3
1.173	4
1.173	6
1.173	5
1.173	4
1.173	8
1.173	5
1.174	6
1.174	4
1.174	3
1.174	7
1.174	4
1.174	6
1.174	5
1.175	4
1.175	6
1.175	3
1.175	3
1.176	7
1.176	7
1.176	1
1.176	7
1.176	7
1.176	5
1.176	3
1.176	8
1.176	7
1.177	7
1.177	7
1.177	3
1.177	8
1.177	3
1.178	7
1.178	3
1.178	4
1.178	6
1.178	5
1.179	1
1.179	6
1.179	4
1.179	3
1.179	7
1.179	4
1.18	3
1.18	5
1.181	5
1.181	7
1.181	1
1.181	7
1.181	7
1.181	5
1.182	6
1.182	5
1.182	3
1.183	5
1.183	6
1.184	6
1.184	6
1.184	1
1.184	6
1.185	10
1.185	7
1.185	3
1.185	5
1.186	5
1.187	5
1.187	6
1.187	5
1.188	6
1.188	6
1.188	3
1.188	6
1.189	5
1.189	6
1.19	10
1.19	7
1.191	10
1.192	4
1.192	5
1.193	6
1.193	3
1.194	5
1.194	5
1.195	4
1.197	4
1.199	5
1.199	5
1.2	6
1.2	4
1.201	4
1.202	7
1.203	7
1.203	7
1.204	7
1.204	5
1.205	6
1.206	4
1.207	7
1.208	7
1.208	7
1.209	5
1.209	7
1.21	6
1.214	6
1.214	5
1.215	6
1.217	10
1.219	6
1.222	10
1.283	6
1.283	6
1.284	3
1.284	5
1.285	3
1.285	5
1.285	4
1.285	5
1.286	4
1.286	8
1.286	5
1.287	6
1.287	5
1.288	6
1.288	3
1.288	3
1.289	3
1.289	8
1.289	7
1.29	8
1.29	3
1.291	3
1.291	4
1.291	6
1.291	5
1.292	4
1.292	3
1.292	7
1.292	4
1.294	7
1.294	1
1.294	7
1.294	7
1.294	5
1.295	3
1.297	1
1.297	6
1.298	3
1.298	5
1.299	5
1.3	6
1.3	5
1.301	6
1.302	6
1.303	10
1.303	7
1.305	5
1.306	6
1.306	3
1.307	5
1.31	4
1.312	5
1.313	4
1.317	5
1.318	6
1.319	4
1.32	7
1.321	7
1.321	7
1.322	7
1.327	5
1.328	6
1.332	6
1.335	9
1.402	6
1.402	6
1.403	3
1.403	5
1.404	3
1.404	5
1.404	4
1.404	5
1.405	4
1.405	8
1.405	5
1.406	6
1.406	5
1.407	6
1.407	3
1.407	3
1.408	3
1.408	8
1.408	7
1.409	8
1.409	3
1.41	3
1.41	4
1.41	6
1.41	5
1.411	4
1.411	3
1.411	6
1.411	4
1.413	7
1.413	1
1.413	7
1.413	7
1.413	5
1.414	3
1.416	1
1.416	6
1.417	3
1.417	5
1.418	5
1.419	6
1.419	5
1.42	6
1.421	6
1.422	10
1.422	7
1.424	5
1.425	6
1.425	3
1.426	5
1.429	4
1.431	5
1.432	4
1.436	5
1.437	6
1.438	4
1.439	7
1.44	7
1.44	7
1.441	7
1.446	5
1.447	6
1.451	6
1.451	6
1.451	6
1.452	3
1.452	5
1.453	3
1.453	5
1.453	4
1.453	5
1.454	9
1.454	4
1.454	8
1.454	5
1.455	6
1.455	5
1.456	6
1.456	3
1.456	3
1.457	3
1.457	8
1.457	7
1.458	8
1.458	3
1.459	3
1.459	4
1.459	5
1.459	5
1.46	4
1.46	3
1.46	6
1.46	4
1.462	7
1.462	1
1.462	7
1.462	7
1.462	5
1.463	3
1.465	1
1.465	6
1.466	3
1.466	5
1.467	5
1.468	6
1.468	5
1.469	6
1.47	6
1.471	10
1.471	7
1.473	5
1.474	6
1.474	3
1.475	5
1.478	4
1.48	5
1.481	4
1.485	5
1.486	6
1.487	4
1.488	7
1.489	7
1.489	7
1.49	7
1.495	5
1.496	6
1.5	6
1.503	9
1.58	6
1.58	6
1.581	3
1.581	5
1.582	3
1.582	5
1.582	4
1.582	5
1.583	4
1.583	8
1.583	5
1.584	6
1.584	5
1.585	6
1.585	3
1.585	3
1.586	3
1.586	8
1.586	7
1.587	8
1.587	3
1.588	3
1.588	4
1.588	5
1.588	5
1.589	4
1.589	3
1.589	6
1.589	4
1.591	7
1.591	2
1.591	7
1.591	7
1.591	5
1.592	3
1.594	1
1.594	6
1.595	3
1.595	5
1.596	5
1.597	6
1.597	5
1.598	6
1.599	6
1.6	10
1.6	7
1.602	5
1.603	6
1.603	3
1.604	5
1.607	4
1.609	5
1.61	4
1.614	5
1.615	6
1.616	4
1.617	7
1.618	7
1.618	7
1.619	7
1.624	5
1.625	6
1.629	6
1.632	9
1.651	6
1.651	6
1.652	3
1.652	5
1.653	3
1.653	5
1.653	4
1.653	5
1.654	4
1.654	8
1.654	5
1.655	6
1.655	5
1.656	6
1.656	3
1.656	3
1.657	3
1.657	8
1.657	7
1.658	8
1.658	3
1.659	3
1.659	4
1.659	5
1.659	5
1.66	4
1.66	3
1.66	6
1.66	4
1.662	7
1.662	2
1.662	7
1.662	7
1.662	5
1.663	3
1.665	1
1.665	6
1.666	3
1.666	5
1.667	5
1.668	6
1.668	5
1.669	6
1.67	6
1.671	10
1.671	7
1.673	5
1.674	6
1.674	3
1.675	5
1.678	4
1.68	4
1.681	4
1.685	5
1.686	6
1.687	4
1.687	6
1.687	6
1.688	7
1.688	3
1.688	5
1.689	7
1.689	7
1.689	3
1.689	5
1.689	4
1.689	5
1.69	7
1.69	4
1.69	8
1.69	5
1.691	6
1.691	5
1.692	6
1.692	3
1.692	3
1.693	3
1.693	8
1.693	7
1.694	8
1.694	3
1.695	5
1.695	3
1.695	4
1.695	5
1.695	5
1.696	6
1.696	4
1.696	3
1.696	6
1.696	4
1.698	7
1.698	2
1.698	7
1.698	7
1.698	5
1.699	3
1.7	6
1.701	2
1.701	6
1.702	3
1.702	5
1.703	9
1.703	5
1.704	6
1.704	5
1.705	6
1.706	6
1.707	10
1.707	7
1.709	5
1.71	6
1.71	3
1.711	5
1.714	4
1.716	4
1.717	4
1.721	5
1.722	6
1.722	6
1.722	6
1.723	4
1.723	3
1.723	5
1.724	7
1.724	3
1.724	5
1.724	4
1.724	5
1.725	7
1.725	7
1.725	4
1.725	8
1.725	5
1.726	7
1.726	6
1.726	5
1.727	6
1.727	3
1.727	3
1.728	3
1.728	8
1.728	7
1.729	8
1.729	3
1.73	3
1.73	4
1.73	5
1.73	5
1.731	5
1.731	4
1.731	3
1.731	6
1.731	4
1.732	6
1.733	7
1.733	2
1.733	7
1.733	7
1.733	5
1.734	3
1.736	6
1.736	2
1.736	6
1.737	3
1.737	5
1.738	5
1.739	9
1.739	6
1.739	5
1.74	6
1.741	6
1.742	10
1.742	7
1.744	5
1.745	6
1.745	3
1.746	5
1.749	4
1.751	4
1.752	4
1.756	4
1.757	6
1.758	4
1.759	7
1.76	7
1.76	7
1.761	7
1.764	6
1.764	6
1.765	3
1.765	5
1.766	5
1.766	3
1.766	5
1.766	4
1.766	5
1.766	6
1.766	6
1.767	6
1.767	4
1.767	8
1.767	5
1.767	3
1.767	5
1.768	6
1.768	5
1.768	3
1.768	5
1.768	4
1.768	5
1.769	6
1.769	3
1.769	3
1.769	4
1.769	8
1.769	5
1.77	3
1.77	8
1.77	7
1.77	6
1.77	5
1.771	6
1.771	8
1.771	3
1.771	6
1.771	3
1.771	3
1.772	3
1.772	4
1.772	5
1.772	5
1.772	3
1.772	8
1.772	7
1.773	4
1.773	3
1.773	6
1.773	4
1.773	8
1.773	3
1.774	9
1.774	3
1.774	4
1.774	5
1.774	5
1.775	7
1.775	2
1.775	7
1.775	7
1.775	5
1.775	4
1.775	3
1.775	6
1.775	4
1.776	3
1.777	7
1.777	2
1.777	7
1.777	7
1.777	5
1.778	2
1.778	6
1.778	3
1.779	3
1.779	5
1.779	6
1.779	6
1.78	5
1.78	3
1.78	6
1.78	3
1.78	5
1.781	6
1.781	5
1.781	3
1.781	5
1.781	3
1.781	5
1.781	4
1.781	5
1.782	6
1.782	5
1.782	4
1.782	8
1.782	5
1.783	6
1.783	6
1.783	5
1.783	6
1.783	5
1.784	9
1.784	7
1.784	6
1.784	6
1.784	3
1.784	3
1.785	6
1.785	3
1.785	8
1.785	7
1.786	5
1.786	9
1.786	7
1.786	8
1.786	3
1.787	6
1.787	3
1.787	3
1.787	4
1.787	5
1.787	5
1.788	5
1.788	5
1.788	4
1.788	3
1.788	6
1.788	4
1.789	6
1.789	3
1.79	5
1.79	7
1.79	2
1.79	7
1.79	7
1.79	5
1.791	4
1.791	3
1.793	4
1.793	4
1.793	3
1.793	6
1.794	4
1.794	3
1.794	5
1.795	4
1.795	5
1.796	4
1.796	6
1.796	5
1.797	6
1.798	4
1.798	6
1.799	6
1.799	9
1.799	7
1.8	4
1.8	4
1.801	7
1.801	6
1.801	5
1.802	7
1.802	7
1.802	4
1.802	5
1.802	3
1.803	7
1.803	7
1.803	5
1.804	7
1.804	7
1.805	7
1.806	4
1.808	5
1.808	4
1.809	6
1.809	4
1.81	5
1.811	6
1.813	6
1.813	4
1.814	6
1.815	6
1.815	4
1.816	9
1.816	7
1.817	7
1.817	7
1.818	9
1.818	7
1.823	5
1.824	6
1.828	6
1.831	9
1.973	6
1.973	6
1.974	3
1.974	5
1.975	3
1.975	5
1.975	4
1.975	5
1.976	4
1.976	8
1.976	5
1.977	6
1.977	5
1.978	6
1.978	3
1.978	3
1.979	3
1.979	8
1.979	7
1.98	8
1.98	3
1.981	3
1.981	4
1.981	5
1.981	5
1.982	4
1.982	3
1.982	6
1.982	4
1.984	7
1.984	3
1.984	7
1.984	7
1.984	5
1.985	3
1.987	3
1.987	6
1.988	3
1.988	5
1.989	5
1.99	6
1.99	5
1.991	6
1.992	6
1.993	9
1.993	7
1.995	5
1.996	5
1.996	3
1.997	5
2.0	4
2.002	4
2.003	4
2.007	4
2.008	6
2.009	4
2.01	7
2.011	7
2.011	7
2.012	7
2.017	5
2.018	6
2.022	6
2.025	9
2.054	6
2.054	6
2.055	3
2.055	5
2.056	3
2.056	5
2.056	4
2.056	5
2.057	4
2.057	7
2.057	5
2.058	6
2.058	5
2.059	6
2.059	3
2.059	3
2.06	3
2.06	8
2.06	7
2.061	8
2.061	3
2.062	3
2.062	4
2.062	5
2.062	5
2.063	4
2.063	3
2.063	6
2.063	4
2.065	7
2.065	3
2.065	7
2.065	7
2.065	5
2.066	3
2.068	3
2.068	6
2.069	3
2.069	5
2.07	5
2.071	6
2.071	5
2.072	6
2.073	6
2.074	9
2.074	7
2.076	5
2.077	5
2.077	3
2.078	5
2.081	4
2.083	4
2.084	4
2.088	4
2.089	6
2.09	4
2.091	7
2.092	7
2.092	7
2.093	7
2.098	5
2.099	6
2.103	6
2.106	9
2.209	6
2.209	6
2.21	3
2.21	5
2.211	3
2.211	5
2.211	4
2.211	4
2.212	4
2.212	7
2.212	5
2.213	6
2.213	5
2.214	6
2.214	3
2.214	3
2.215	3
2.215	8
2.215	7
2.216	8
2.216	3
2.217	3
2.217	4
2.217	5
2.217	5
2.218	4
2.218	3
2.218	6
2.218	4
2.22	7
2.22	3
2.22	7
2.22	7
2.22	5
2.221	3
2.223	3
2.223	6
2.224	3
2.224	5
2.225	5
2.226	6
2.226	5
2.227	6
2.228	6
2.229	9
2.229	7
2.231	5
2.232	5
2.232	3
2.233	5
2.236	4
2.238	4
2.239	4
2.243	4
2.244	6
2.245	4
2.246	7
2.247	7
2.247	7
2.248	7
2.253	5
2.254	6
2.258	6
2.261	9
2.273	6
2.273	6
2.274	3
2.274	5
2.275	3
2.275	5
2.275	4
2.275	4
2.276	4
2.276	7
2.276	5
2.277	6
2.277	5
2.278	6
2.278	3
2.278	3
2.279	3
2.279	8
2.279	7
2.28	8
2.28	3
2.281	3
2.281	4
2.281	5
2.281	4
2.282	4
2.282	3
2.282	6
2.282	4
2.284	7
2.284	3
2.284	7
2.284	7
2.284	5
2.285	3
2.287	3
2.287	6
2.288	3
2.288	5
2.289	5
2.29	6
2.29	5
2.291	6
2.291	6
2.291	6
2.292	6
2.292	3
2.292	5
2.293	9
2.293	7
2.293	3
2.293	4
2.293	4
2.293	4
2.294	4
2.294	7
2.294	5
2.295	5
2.295	6
2.295	5
2.296	5
2.296	3
2.296	6
2.296	3
2.296	3
2.297	5
2.297	3
2.297	8
2.297	7
2.298	8
2.298	3
2.299	3
2.299	4
2.299	5
2.299	4
2.3	4
2.3	4
2.3	3
2.3	6
2.3	4
2.302	4
2.302	7
2.302	3
2.302	7
2.302	7
2.302	5
2.303	4
2.303	3
2.305	3
2.305	6
2.306	3
2.306	5
2.307	4
2.307	5
2.308	6
2.308	6
2.308	5
2.309	4
2.309	6
2.31	7
2.31	6
2.311	7
2.311	7
2.311	9
2.311	7
2.312	7
2.313	5
2.314	5
2.314	3
2.315	5
2.317	5
2.318	6
2.318	4
2.32	4
2.321	4
2.322	6
2.325	9
2.325	4
2.326	6
2.327	4
2.328	7
2.329	7
2.329	7
2.33	7
2.335	5
2.336	6
2.34	6
2.343	9
2.348	6
2.348	6
2.349	3
2.349	5
2.35	3
2.35	4
2.35	4
2.35	4
2.351	4
2.351	7
2.351	5
2.352	6
2.352	5
2.353	6
2.353	3
2.353	3
2.354	3
2.354	8
2.354	7
2.355	8
2.355	3
2.356	3
2.356	4
2.356	5
2.356	4
2.357	4
2.357	3
2.357	6
2.357	4
2.359	7
2.359	3
2.359	7
2.359	7
2.359	5
2.36	3
2.362	3
2.362	6
2.363	3
2.363	5
2.364	5
2.365	6
2.365	5
2.366	6
2.367	6
2.368	9
2.368	7
2.37	5
2.371	5
2.371	3
2.372	5
2.375	4
2.377	4
2.377	6
2.377	6
2.378	4
2.378	3
2.378	5
2.379	3
2.379	4
2.379	4
2.379	4
2.38	4
2.38	7
2.38	5
2.381	6
2.381	5
2.382	4
2.382	6
2.382	3
2.382	3
2.383	6
2.383	3
2.383	8
2.383	7
2.384	4
2.384	8
2.384	3
2.385	7
2.385	3
2.385	4
2.385	5
2.385	4
2.386	7
2.386	6
2.386	4
2.386	3
2.386	6
2.386	4
2.387	7
2.388	7
2.388	3
2.388	7
2.388	7
2.388	5
2.389	3
2.391	3
2.391	6
2.392	5
2.392	3
2.392	5
2.393	6
2.393	5
2.394	6
2.394	5
2.395	6
2.396	6
2.397	6
2.397	9
2.397	7
2.399	5
2.4	9
2.4	5
2.4	3
2.401	5
2.404	4
2.406	4
2.407	4
2.411	3
2.412	6
2.413	4
2.414	7
2.415	7
2.415	6
2.416	7
2.421	5
2.422	6
2.426	6
2.429	9
2.484	6
2.484	6
2.485	3
2.485	5
2.486	3
2.486	4
2.486	4
2.486	4
2.487	4
2.487	7
2.487	5
2.488	6
2.488	5
2.489	6
2.489	3
2.489	3
2.49	3
2.49	8
2.49	7
2.491	8
2.491	3
2.492	3
2.492	4
2.492	5
2.492	4
2.493	4
2.493	3
2.493	6
2.493	4
2.495	7
2.495	3
2.495	7
2.495	7
2.495	5
2.496	3
2.498	3
2.498	6
2.499	3
2.499	5
2.5	5
2.501	6
2.501	5
2.502	6
2.503	6
2.504	9
2.504	7
2.506	5
2.507	5
2.507	3
2.508	5
2.511	4
2.513	4
2.514	4
2.518	3
2.519	6
2.52	4
2.521	6
2.522	7
2.522	6
2.523	7
2.528	5
2.529	6
2.533	6
2.536	9
2.58	6
2.58	6
2.581	3
2.581	5
2.582	3
2.582	3
2.582	4
2.582	4
2.583	4
2.583	7
2.583	5
2.584	6
2.584	5
2.585	6
2.585	3
2.585	3
2.586	3
2.586	8
2.586	7
2.587	8
2.587	3
2.588	3
2.588	4
2.588	5
2.588	4
2.589	4
2.589	3
2.589	6
2.589	4
2.591	7
2.591	3
2.591	7
2.591	7
2.591	5
2.592	3
2.594	3
2.594	6
2.595	3
2.595	5
2.596	5
2.597	6
2.597	5
2.598	6
2.599	6
2.6	9
2.6	7
2.602	5
2.603	5
2.603	3
2.604	5
2.607	4
2.609	4
2.61	4
2.614	3
2.615	6
2.616	4
2.617	6
2.618	7
2.618	6
2.619	7
2.624	5
2.625	6
2.629	6
2.632	9
2.658	6
2.658	6
2.659	3
2.659	5
2.66	3
2.66	3
2.66	4
2.66	4
2.661	4
2.661	7
2.661	5
2.662	6
2.662	5
2.663	6
2.663	3
2.663	3
2.664	3
2.664	8
2.664	7
2.665	8
2.665	3
2.666	3
2.666	4
2.666	5
2.666	4
2.667	4
2.667	3
2.667	6
2.667	4
2.669	7
2.669	3
2.669	7
2.669	7
2.669	5
2.67	3
2.672	3
2.672	6
2.673	3
2.673	5
2.674	5
2.675	6
2.675	5
2.676	6
2.677	6
2.678	9
2.678	7
2.68	5
2.681	5
2.681	3
2.682	5
2.685	4
2.687	4
2.688	4
2.692	3
2.693	6
2.694	4
2.695	6
2.696	7
2.696	6
2.697	6
2.702	5
2.703	6
2.704	6
2.704	6
2.705	3
2.705	5
2.706	3
2.706	3
2.706	4
2.706	4
2.707	6
2.707	4
2.707	7
2.707	5
2.708	6
2.708	5
2.709	6
2.709	3
2.709	3
2.71	9
2.71	3
2.71	7
2.71	7
2.711	8
2.711	3
2.712	3
2.712	4
2.712	5
2.712	4
2.713	4
2.713	3
2.713	6
2.713	4
2.715	7
2.715	3
2.715	7
2.715	7
2.715	5
2.716	3
2.718	3
2.718	6
2.719	3
2.719	5
2.72	5
2.721	6
2.721	5
2.722	6
2.723	6
2.724	9
2.724	7
2.726	5
2.727	5
2.727	3
2.728	5
2.731	4
2.733	4
2.733	6
2.733	6
2.734	4
2.734	3
2.734	5
2.735	3
2.735	3
2.735	4
2.735	4
2.736	4
2.736	7
2.736	5
2.737	6
2.737	5
2.737	6
2.737	6
2.738	3
2.738	6
2.738	3
2.738	3
2.738	3
2.738	5
2.739	6
2.739	3
2.739	7
2.739	7
2.739	3
2.739	3
2.739	4
2.739	4
2.74	4
2.74	8
2.74	3
2.74	4
2.74	7
2.74	5
2.741	6
2.741	3
2.741	3
2.741	5
2.741	4
2.741	5
2.741	5
2.742	7
2.742	6
2.742	4
2.742	3
2.742	6
2.742	4
2.742	6
2.742	3
2.742	3
2.743	6
2.743	3
2.743	7
2.743	7
2.744	7
2.744	3
2.744	7
2.744	7
2.744	5
2.744	8
2.744	3
2.745	3
2.745	3
2.745	3
2.745	5
2.745	4
2.746	4
2.746	3
2.746	6
2.746	4
2.747	3
2.747	6
2.748	5
2.748	3
2.748	5
2.748	7
2.748	3
2.748	7
2.748	7
2.748	5
2.749	6
2.749	5
2.749	3
2.75	6
2.75	5
2.751	6
2.751	3
2.751	6
2.752	6
2.752	3
2.752	5
2.753	6
2.753	9
2.753	7
2.753	5
2.754	6
2.754	5
2.755	5
2.755	6
2.756	9
2.756	5
2.756	3
2.756	6
2.757	5
2.757	9
2.757	7
2.759	5
2.76	4
2.76	5
2.76	3
2.761	5
2.761	6
2.761	6
2.762	4
2.762	3
2.762	5
2.763	4
2.763	3
2.763	3
2.763	4
2.763	4
2.764	4
2.764	4
2.764	7
2.764	5
2.765	5
2.765	5
2.766	4
2.766	6
2.766	3
2.766	3
2.767	3
2.767	4
2.767	3
2.767	7
2.767	7
2.768	6
2.768	8
2.768	3
2.769	4
2.769	3
2.769	3
2.769	5
2.769	4
2.77	6
2.77	4
2.77	3
2.77	6
2.77	4
2.771	7
2.771	6
2.771	3
2.772	6
2.772	6
2.772	7
2.772	3
2.772	7
2.772	7
2.772	5
2.773	4
2.773	3
2.774	6
2.775	7
2.775	6
2.775	3
2.775	6
2.775	6
2.775	6
2.776	6
2.776	3
2.776	5
2.776	3
2.776	5
2.777	5
2.777	5
2.777	3
2.777	3
2.777	4
2.777	4
2.778	6
2.778	6
2.778	5
2.778	4
2.778	7
2.778	5
2.779	6
2.779	5
2.779	5
2.78	6
2.78	6
2.78	3
2.78	3
2.781	5
2.781	9
2.781	7
2.781	3
2.781	7
2.781	6
2.782	6
2.782	6
2.782	8
2.782	3
2.783	5
2.783	3
2.783	3
2.783	5
2.783	4
2.784	4
2.784	3
2.784	4
2.784	3
2.784	6
2.784	4
2.785	9
2.785	5
2.786	6
2.786	7
2.786	3
2.786	7
2.786	7
2.786	5
2.787	3
2.788	4
2.789	9
2.789	3
2.789	6
2.79	4
2.79	3
2.79	5
2.791	4
2.791	5
2.792	6
2.792	5
2.793	6
2.794	6
2.795	3
2.795	9
2.795	7
2.796	6
2.797	4
2.797	5
2.798	6
2.798	4
2.798	3
2.799	7
2.799	6
2.799	5
2.8	6
2.802	4
2.804	4
2.805	5
2.805	4
2.806	6
2.809	3
2.81	6
2.81	6
2.811	4
2.812	6
2.813	9
2.813	7
2.813	6
2.814	6
2.819	5
2.82	6
2.821	6
2.821	6
2.822	3
2.822	5
2.823	3
2.823	3
2.823	3
2.823	4
2.824	6
2.824	4
2.824	7
2.824	5
2.825	5
2.825	5
2.826	6
2.826	3
2.826	3
2.827	9
2.827	3
2.827	7
2.827	6
2.828	8
2.828	3
2.829	3
2.829	3
2.829	5
2.829	4
2.83	4
2.83	3
2.83	6
2.83	4
2.832	7
2.832	3
2.832	7
2.832	7
2.832	5
2.833	3
2.835	3
2.835	6
2.836	3
2.836	5
2.837	5
2.838	6
2.838	5
2.839	6
2.84	6
2.841	9
2.841	7
2.843	5
2.844	4
2.844	3
2.845	5
2.848	4
2.85	4
2.851	4
2.855	3
2.856	6
2.857	4
2.858	6
2.859	7
2.859	6
2.86	6
2.865	5
2.866	6
2.87	6
2.871	6
2.871	6
2.872	3
2.872	5
2.873	9
2.873	3
2.873	3
2.873	3
2.873	4
2.874	4
2.874	7
2.874	5
2.875	5
2.875	5
2.876	6
2.876	3
2.876	3
2.877	3
2.877	7
2.877	6
2.878	8
2.878	3
2.879	3
2.879	3
2.879	5
2.879	4
2.88	4
2.88	3
2.88	6
2.88	4
2.882	7
2.882	3
2.882	7
2.882	7
2.882	5
2.883	3
2.885	3
2.885	6
2.886	3
2.886	5
2.887	5
2.888	5
2.888	5
2.889	6
2.89	6
2.891	9
2.891	7
2.893	5
2.894	4
2.894	3
2.895	5
2.898	4
2.9	4
2.901	4
2.905	3
2.906	6
2.907	4
2.908	6
2.909	7
2.909	6
2.91	6
2.915	5
2.916	6
2.92	6
2.923	9
3.021	6
3.021	6
3.022	3
3.022	5
3.023	3
3.023	3
3.023	3
3.023	4
3.024	4
3.024	7
3.024	5
3.025	5
3.025	5
3.026	6
3.026	3
3.026	3
3.027	3
3.027	7
3.027	6
3.028	8
3.028	3
3.029	3
3.029	3
3.029	5
3.029	4
3.03	4
3.03	3
3.03	6
3.03	4
3.032	7
3.032	3
3.032	7
3.032	7
3.032	5
3.033	3
3.035	3
3.035	6
3.036	3
3.036	5
3.037	5
3.038	4
3.038	5
3.039	6
3.04	6
3.041	9
3.041	7
3.043	5
3.044	4
3.044	3
3.045	5
3.048	4
3.05	4
3.051	4
3.055	3
3.056	6
3.057	4
3.058	6
3.059	7
3.059	6
3.06	6
3.065	5
3.066	6
3.07	6
3.073	9
3.477	6
3.477	6
3.478	3
3.478	5
3.479	3
3.479	3
3.479	3
3.479	4
3.48	4
3.48	7
3.48	5
3.481	5
3.481	5
3.482	6
3.482	3
3.482	3
3.483	3
3.483	7
3.483	6
3.484	8
3.484	3
3.485	3
3.485	3
3.485	5
3.485	4
3.486	4
3.486	3
3.486	6
3.486	4
3.488	7
3.488	3
3.488	7
3.488	7
3.488	5
3.489	3
3.491	3
3.491	6
3.492	3
3.492	4
3.493	5
3.494	4
3.494	5
3.495	6
3.496	6
3.497	9
3.497	7
3.499	5
3.5	4
3.5	3
3.501	5
3.504	4
3.506	4
3.507	4
3.511	3
3.512	6
3.513	4
3.514	6
3.515	7
3.515	6
3.516	6
3.521	5
3.522	6
3.526	6
3.529	9
3.582	6
3.582	6
3.583	3
3.583	5
3.584	3
3.584	3
3.584	3
3.584	4
3.585	4
3.585	7
3.585	5
3.586	5
3.586	5
3.587	6
3.587	3
3.587	3
3.588	3
3.588	7
3.588	6
3.589	8
3.589	3
3.59	3
3.59	3
3.59	5
3.59	4
3.591	4
3.591	3
3.591	6
3.591	4
3.593	7
3.593	3
3.593	7
3.593	6
3.593	5
3.594	3
3.596	3
3.596	6
3.597	3
3.597	4
3.598	5
3.599	4
3.599	5
3.6	6
3.601	6
3.602	9
3.602	7
3.604	5
3.605	4
3.605	3
3.606	5
3.609	4
3.609	6
3.609	6
3.61	3
3.61	5
3.611	4
3.611	3
3.611	3
3.611	3
3.611	4
3.611	6
3.611	6
3.612	4
3.612	4
3.612	7
3.612	5
3.612	3
3.612	5
3.613	5
3.613	5
3.613	3
3.613	3
3.613	3
3.613	4
3.614	6
3.614	3
3.614	3
3.614	4
3.614	6
3.614	5
3.615	3
3.615	7
3.615	6
3.615	5
3.615	5
3.616	3
3.616	8
3.616	3
3.616	6
3.616	3
3.616	3
3.617	6
3.617	3
3.617	3
3.617	5
3.617	4
3.617	3
3.617	7
3.617	6
3.618	4
3.618	4
3.618	3
3.618	6
3.618	4
3.618	8
3.618	3
3.619	6
3.619	3
3.619	3
3.619	5
3.619	4
3.62	7
3.62	6
3.62	7
3.62	3
3.62	7
3.62	6
3.62	5
3.62	4
3.62	3
3.62	6
3.62	4
3.621	6
3.621	3
3.622	7
3.622	3
3.622	7
3.622	6
3.622	5
3.623	3
3.623	6
3.623	3
3.624	3
3.624	4
3.625	5
3.625	3
3.625	6
3.626	5
3.626	4
3.626	5
3.626	3
3.626	4
3.627	6
3.627	6
3.627	5
3.628	6
3.628	4
3.628	5
3.629	8
3.629	7
3.629	6
3.63	6
3.631	6
3.631	5
3.631	8
3.631	7
3.632	4
3.632	3
3.633	5
3.633	5
3.634	9
3.634	4
3.634	3
3.635	5
3.636	4
3.638	4
3.638	4
3.639	4
3.639	6
3.639	6
3.64	4
3.64	3
3.64	5
3.641	4
3.641	3
3.641	3
3.641	3
3.641	4
3.642	4
3.642	6
3.642	5
3.643	3
3.643	5
3.643	5
3.644	6
3.644	6
3.644	3
3.644	3
3.645	4
3.645	3
3.645	3
3.645	7
3.645	6
3.646	6
3.646	6
3.646	8
3.646	3
3.647	7
3.647	6
3.647	4
3.647	3
3.647	3
3.647	5
3.647	4
3.648	6
3.648	6
3.648	4
3.648	3
3.648	6
3.648	4
3.649	7
3.649	6
3.65	6
3.65	7
3.65	3
3.65	7
3.65	6
3.65	5
3.651	3
3.653	5
3.653	3
3.653	6
3.654	6
3.654	3
3.654	4
3.655	5
3.655	5
3.656	6
3.656	4
3.656	5
3.657	6
3.658	6
3.658	6
3.659	8
3.659	7
3.66	6
3.661	9
3.661	5
3.662	4
3.662	3
3.663	9
3.663	5
3.666	4
3.668	4
3.669	4
3.673	3
3.674	6
3.675	4
3.676	6
3.677	6
3.677	6
3.678	6
3.683	5
3.684	6
3.688	6
3.691	9
3.797	6
3.797	6
3.798	3
3.798	5
3.799	3
3.799	3
3.799	3
3.799	4
3.8	4
3.8	6
3.8	4
3.801	5
3.801	5
3.802	6
3.802	3
3.802	3
3.803	3
3.803	7
3.803	6
3.804	8
3.804	3
3.805	3
3.805	3
3.805	5
3.805	4
3.806	4
3.806	3
3.806	6
3.806	4
3.808	7
3.808	3
3.808	7
3.808	6
3.808	5
3.809	3
3.811	3
3.811	6
3.812	3
3.812	4
3.813	5
3.814	4
3.814	5
3.815	6
3.816	6
3.817	8
3.817	7
3.819	5
3.82	4
3.82	3
3.821	5
3.824	4
3.826	4
3.827	4
3.831	3
3.832	6
3.833	4
3.834	6
3.835	6
3.835	6
3.836	6
3.841	5
3.842	6
3.846	6
3.849	9
3.88	6
3.88	6
3.881	3
3.881	5
3.882	3
3.882	3
3.882	3
3.882	4
3.883	4
3.883	6
3.883	4
3.884	5
3.884	5
3.885	6
3.885	3
3.885	3
3.886	3
3.886	7
3.886	6
3.887	8
3.887	3
3.888	3
3.888	3
3.888	5
3.888	4
3.889	4
3.889	3
3.889	6
3.889	4
3.891	7
3.891	3
3.891	7
3.891	6
3.891	5
3.892	3
3.894	3
3.894	6
3.895	3
3.895	4
3.896	5
3.897	4
3.897	5
3.898	6
3.899	6
3.9	7
3.9	7
3.902	5
3.903	4
3.903	3
3.904	5
3.907	4
3.909	4
3.91	4
3.914	3
3.915	6
3.916	4
3.917	6
3.918	6
3.918	6
3.919	6
3.922	6
3.922	6
3.923	3
3.923	5
3.924	5
3.924	3
3.924	3
3.924	3
3.924	4
3.925	6
3.925	4
3.925	6
3.925	4
3.926	5
3.926	5
3.927	6
3.927	3
3.927	3
3.928	3
3.928	7
3.928	6
3.929	6
3.929	8
3.929	3
3.93	3
3.93	3
3.93	5
3.93	4
3.93	6
3.93	6
3.931	4
3.931	3
3.931	6
3.931	4
3.931	3
3.931	5
3.932	9
3.932	3
3.932	3
3.932	3
3.932	4
3.933	7
3.933	3
3.933	7
3.933	6
3.933	5
3.933	4
3.933	6
3.933	4
3.934	3
3.934	5
3.934	5
3.935	6
3.935	3
3.935	3
3.936	3
3.936	6
3.936	3
3.936	7
3.936	5
3.937	3
3.937	4
3.937	8
3.937	3
3.938	5
3.938	3
3.938	3
3.938	5
3.938	4
3.939	4
3.939	5
3.939	4
3.939	3
3.939	6
3.939	4
3.94	6
3.94	6
3.94	6
3.941	6
3.941	7
3.941	3
3.941	7
3.941	6
3.941	5
3.941	3
3.941	5
3.942	7
3.942	7
3.942	3
3.942	3
3.942	3
3.942	3
3.942	4
3.943	4
3.943	6
3.943	4
3.944	5
3.944	3
3.944	6
3.944	5
3.944	5
3.945	4
3.945	3
3.945	3
3.945	4
3.945	6
3.945	3
3.945	3
3.946	5
3.946	5
3.946	3
3.946	7
3.946	5
3.947	4
3.947	5
3.947	8
3.947	3
3.948	6
3.948	3
3.948	3
3.948	5
3.948	4
3.949	4
3.949	6
3.949	4
3.949	3
3.949	6
3.949	4
3.95	7
3.95	7
3.951	4
3.951	7
3.951	3
3.951	7
3.951	6
3.951	5
3.952	4
3.952	5
3.952	3
3.953	4
3.953	3
3.954	5
3.954	3
3.954	6
3.955	3
3.955	4
3.956	3
3.956	5
3.957	6
3.957	4
3.957	4
3.957	5
3.958	4
3.958	6
3.959	6
3.959	4
3.959	6
3.96	6
3.96	6
3.96	4
3.96	7
3.96	7
3.961	6
3.962	5
3.963	4
3.963	3
3.964	3
3.964	5
3.965	6
3.966	5
3.966	4
3.967	5
3.967	6
3.967	4
3.968	6
3.968	6
3.969	6
3.969	4
3.97	4
3.971	6
3.974	9
3.974	5
3.974	3
3.975	5
3.975	6
3.975	6
3.975	6
3.976	4
3.976	3
3.976	5
3.977	6
3.977	3
3.977	3
3.977	3
3.977	4
3.978	6
3.978	6
3.978	4
3.978	6
3.978	4
3.979	6
3.979	6
3.979	5
3.979	5
3.98	6
3.98	3
3.98	3
3.981	3
3.981	7
3.981	5
3.982	9
3.982	8
3.982	3
3.983	3
3.983	3
3.983	5
3.983	4
3.984	5
3.984	4
3.984	3
3.984	6
3.984	4
3.985	5
3.986	7
3.986	3
3.986	7
3.986	6
3.986	5
3.987	3
3.989	6
3.989	3
3.989	6
3.99	3
3.99	4
3.991	5
3.992	8
3.992	4
3.992	5
3.992	6
3.992	6
3.993	6
3.993	3
3.993	5
3.994	6
3.994	3
3.994	3
3.994	3
3.994	4
3.995	7
3.995	7
3.995	4
3.995	6
3.995	4
3.996	5
3.996	5
3.997	5
3.997	6
3.997	3
3.997	3
3.998	4
3.998	3
3.998	3
3.998	7
3.998	5
3.999	5
3.999	8
3.999	3
4.0	3
4.0	3
4.0	5
4.0	4
4.001	4
4.001	3
4.001	6
4.001	3
4.002	4
4.003	7
4.003	3
4.003	7
4.003	6
4.003	5
4.004	4
4.004	3
4.005	4
4.006	3
4.006	6
4.007	3
4.007	4
4.008	5
4.009	3
4.009	4
4.009	5
4.01	6
4.01	6
4.011	4
4.011	6
4.012	5
4.012	7
4.012	7
4.013	6
4.013	6
4.014	6
4.014	5
4.015	4
4.015	3
4.016	5
4.019	5
4.019	4
4.02	5
4.021	4
4.022	4
4.024	6
4.026	3
4.027	8
4.027	6
4.028	4
4.029	5
4.03	6
4.03	6
4.031	6
4.036	5
4.037	5
4.041	6
4.044	8
4.27	6
4.27	6
4.271	3
4.271	5
4.272	3
4.272	3
4.272	3
4.272	4
4.273	4
4.273	6
4.273	4
4.274	5
4.274	5
4.275	6
4.275	3
4.275	3
4.276	3
4.276	7
4.276	5
4.277	7
4.277	3
4.278	3
4.278	3
4.278	5
4.278	4
4.279	4
4.279	3
4.279	6
4.279	3
4.281	7
4.281	3
4.281	7
4.281	6
4.281	5
4.282	3
4.284	3
4.284	6
4.285	3
4.285	4
4.286	5
4.287	4
4.287	5
4.288	6
4.289	6
4.29	7
4.29	7
4.292	5
4.293	4
4.293	3
4.294	5
4.297	4
4.299	4
4.3	4
4.304	3
4.305	6
4.306	4
4.307	5
4.308	6
4.308	6
4.309	6
4.314	5
4.315	5
4.319	6
4.322	8
4.326	6
4.326	6
4.327	3
4.327	5
4.328	3
4.328	3
4.328	3
4.328	4
4.329	4
4.329	6
4.329	4
4.33	5
4.33	5
4.331	6
4.331	3
4.331	3
4.332	3
4.332	7
4.332	5
4.333	7
4.333	3
4.334	3
4.334	3
4.334	5
4.334	4
4.335	4
4.335	3
4.335	6
4.335	3
4.337	7
4.337	3
4.337	7
4.337	6
4.337	4
4.338	3
4.34	3
4.34	6
4.341	3
4.341	4
4.342	5
4.343	4
4.343	5
4.344	6
4.345	6
4.346	7
4.346	7
4.348	5
4.349	4
4.349	3
4.35	5
4.353	4
4.355	4
4.356	4
4.36	3
4.361	6
4.362	4
4.362	6
4.362	6
4.363	5
4.363	3
4.363	5
4.364	6
4.364	6
4.364	3
4.364	3
4.364	3
4.364	4
4.365	6
4.365	4
4.365	6
4.365	4
4.366	5
4.366	5
4.367	6
4.367	3
4.367	3
4.368	3
4.368	7
4.368	5
4.369	7
4.369	3
4.37	5
4.37	3
4.37	3
4.37	4
4.37	4
4.371	5
4.371	4
4.371	3
4.371	6
4.371	3
4.373	7
4.373	3
4.373	7
4.373	6
4.373	4
4.374	3
4.375	6
4.376	3
4.376	6
4.377	3
4.377	4
4.378	8
4.378	5
4.379	4
4.379	5
4.38	6
4.381	6
4.382	7
4.382	7
4.384	5
4.385	4
4.385	3
4.386	5
4.389	4
4.391	4
4.392	4
4.396	3
4.397	6
4.398	4
4.399	5
4.4	6
4.4	6
4.401	6
4.404	6
4.404	6
4.405	3
4.405	5
4.406	5
4.406	3
4.406	3
4.406	3
4.406	4
4.407	5
4.407	4
4.407	6
4.407	4
4.408	5
4.408	5
4.409	6
4.409	3
4.409	3
4.41	3
4.41	7
4.41	5
4.411	6
4.411	7
4.411	3
4.412	3
4.412	3
4.412	4
4.412	4
4.413	4
4.413	3
4.413	6
4.413	3
4.414	8
4.415	7
4.415	3
4.415	7
4.415	6
4.415	4
4.416	3
4.418	3
4.418	6
4.419	3
4.419	4
4.42	5
4.421	4
4.421	5
4.422	6
4.423	6
4.424	7
4.424	7
4.426	5
4.427	4
4.427	3
4.428	5
4.431	4
4.433	4
4.434	4
4.438	3
4.439	6
4.44	4
4.441	5
4.442	6
4.442	6
4.443	6
4.448	5
4.449	5
4.453	5
4.456	8
4.709	6
4.709	6
4.71	3
4.71	5
4.711	3
4.711	3
4.711	3
4.711	4
4.712	4
4.712	6
4.712	4
4.713	5
4.713	5
4.714	6
4.714	3
4.714	3
4.715	3
4.715	7
4.715	5
4.716	7
4.716	3
4.717	3
4.717	3
4.717	4
4.717	4
4.718	4
4.718	3
4.718	6
4.718	3
4.72	7
4.72	3
4.72	7
4.72	6
4.72	4
4.721	3
4.723	3
4.723	6
4.724	3
4.724	4
4.725	4
4.726	4
4.726	5
4.727	6
4.728	6
4.729	7
4.729	7
4.731	5
4.732	4
4.732	3
4.733	5
4.736	4
4.738	4
4.739	4
4.741	6
4.741	6
4.742	3
4.742	5
4.743	3
4.743	3
4.743	3
4.743	3
4.743	4
4.744	6
4.744	4
4.744	6
4.744	4
4.745	4
4.745	5
4.745	5
4.746	5
4.746	6
4.746	3
4.746	3
4.747	6
4.747	6
4.747	3
4.747	7
4.747	5
4.748	6
4.748	7
4.748	3
4.749	3
4.749	3
4.749	4
4.749	4
4.75	4
4.75	3
4.75	6
4.75	3
4.752	7
4.752	3
4.752	7
4.752	6
4.752	4
4.753	5
4.753	3
4.754	5
4.755	3
4.755	6
4.756	3
4.756	4
4.757	4
4.758	5
4.758	4
4.758	5
4.759	6
4.76	5
4.761	8
4.761	7
4.761	7
4.763	5
4.764	4
4.764	3
4.765	5
4.768	4
4.77	4
4.771	4
4.775	3
4.776	6
4.777	4
4.778	5
4.779	6
4.779	6
4.78	6
4.785	5
4.786	5
4.79	5
4.793	8
4.874	6
4.874	6
4.875	3
4.875	5
4.876	3
4.876	3
4.876	3
4.876	4
4.877	4
4.877	6
4.877	4
4.878	5
4.878	5
4.879	6
4.879	3
4.879	3
4.88	3
4.88	7
4.88	5
4.881	7
4.881	3
4.882	3
4.882	3
4.882	4
4.882	3
4.883	4
4.883	3
4.883	6
4.883	3
4.885	7
4.885	3
4.885	7
4.885	6
4.885	4
4.886	3
4.888	3
4.888	6
4.889	3
4.889	4
4.89	4
4.891	4
4.891	5
4.892	6
4.893	5
4.894	7
4.894	7
4.896	5
4.897	4
4.897	3
4.898	5
4.901	4
4.903	4
4.904	4
4.908	3
4.909	6
4.91	4
4.911	5
4.912	6
4.912	6
4.913	6
4.918	5
4.919	5
4.923	5
4.926	8
4.943	6
4.943	6
4.944	3
4.944	5
4.945	3
4.945	3
4.945	3
4.945	4
4.946	4
4.946	6
4.946	4
4.947	5
4.947	5
4.948	6
4.948	3
4.948	3
4.949	3
4.949	6
4.949	5
4.95	7
4.95	3
4.951	3
4.951	3
4.951	4
4.951	3
4.952	4
4.952	3
4.952	6
4.952	3
4.954	7
4.954	3
4.954	7
4.954	6
4.954	4
4.955	3
4.957	3
4.957	6
4.958	3
4.958	4
4.959	4
4.96	4
4.96	5
4.961	6
4.962	5
4.963	7
4.963	7
4.965	5
4.966	4
4.966	3
4.967	5
4.97	4
4.972	4
4.973	4
4.977	3
4.978	6
4.979	4
4.98	5
4.981	6
4.981	6
4.982	6
4.987	5
4.988	5
4.992	5
4.995	8
5.022	6
5.022	6
5.023	3
5.023	5
5.024	3
5.024	3
5.024	3
5.024	4
5.025	4
5.025	6
5.025	4
5.026	5
5.026	5
5.027	6
5.027	3
5.027	3
5.028	3
5.028	6
5.028	5
5.029	7
5.029	3
5.03	3
5.03	3
5.03	3
5.03	3
5.031	4
5.031	3
5.031	6
5.031	3
5.033	7
5.033	3
5.033	7
5.033	6
5.033	4
5.034	3
5.036	3
5.036	6
5.037	3
5.037	4
5.038	4
5.039	4
5.039	5
5.04	6
5.041	5
5.042	7
5.042	7
5.044	5
5.045	4
5.045	3
5.046	5
5.049	4
5.051	4
5.052	4
5.056	3
5.057	6
5.058	4
5.059	5
5.06	6
5.06	6
5.061	6
5.066	5
5.067	5
5.071	5
5.074	8
5.102	6
5.102	6
5.103	3
5.103	5
5.104	3
5.104	3
5.104	3
5.104	4
5.105	4
5.105	6
5.105	4
5.106	5
5.106	5
5.107	6
5.107	3
5.107	3
5.108	3
5.108	6
5.108	5
5.109	7
5.109	3
5.11	3
5.11	3
5.11	3
5.11	3
5.111	4
5.111	3
5.111	6
5.111	3
5.113	7
5.113	3
5.113	6
5.113	6
5.113	4
5.114	3
5.114	6
5.114	6
5.115	3
5.115	5
5.116	3
5.116	6
5.116	3
5.116	3
5.116	3
5.116	4
5.117	3
5.117	4
5.117	4
5.117	6
5.117	4
5.118	4
5.118	5
5.118	5
5.119	4
5.119	5
5.119	6
5.119	3
5.119	3
5.12	6
5.12	3
5.12	5
5.12	5
5.121	5
5.121	7
5.121	3
5.122	7
5.122	7
5.122	3
5.122	3
5.122	3
5.122	3
5.123	4
5.123	3
5.123	6
5.123	3
5.124	5
5.125	4
5.125	3
5.125	7
5.125	3
5.125	6
5.125	6
5.125	4
5.126	5
5.126	3
5.128	3
5.128	6
5.129	4
5.129	3
5.129	4
5.13	4
5.131	4
5.131	4
5.131	5
5.132	4
5.132	6
5.133	5
5.134	7
5.134	7
5.136	3
5.136	5
5.137	6
5.137	4
5.137	3
5.138	4
5.138	5
5.139	5
5.14	6
5.14	6
5.141	6
5.141	4
5.143	4
5.144	4
5.146	5
5.147	5
5.148	3
5.149	6
5.15	4
5.151	5
5.151	5
5.152	6
5.152	6
5.153	6
5.154	8
5.158	5
5.159	5
5.163	5
5.166	8
5.245	6
5.245	6
5.246	3
5.246	5
5.247	3
5.247	3
5.247	3
5.247	4
5.248	4
5.248	6
5.248	4
5.249	5
5.249	5
5.25	6
5.25	3
5.25	3
5.251	3
5.251	5
5.251	5
5.252	7
5.252	3
5.253	3
5.253	3
5.253	3
5.253	3
5.254	4
5.254	3
5.254	6
5.254	3
5.256	7
5.256	3
5.256	6
5.256	6
5.256	4
5.257	3
5.259	3
5.259	6
5.26	3
5.26	4
5.261	4
5.262	4
5.262	5
5.263	6
5.264	5
5.265	7
5.265	7
5.267	5
5.268	4
5.268	3
5.269	5
5.272	4
5.274	4
5.275	4
5.279	3
5.28	6
5.281	4
5.282	5
5.283	6
5.283	6
5.284	6
5.289	4
5.29	5
5.294	5
5.297	8
5.304	6
5.304	5
5.305	3
5.305	5
5.306	3
5.306	3
5.306	3
5.306	4
5.307	4
5.307	6
5.307	4
5.308	5
5.308	5
5.309	6
5.309	3
5.309	3
5.31	3
5.31	5
5.31	5
5.311	7
5.311	3
5.312	3
5.312	3
5.312	3
5.312	3
5.313	4
5.313	3
5.313	6
5.313	3
5.315	7
5.315	3
5.315	6
5.315	6
5.315	4
5.316	3
5.318	3
5.318	6
5.319	3
5.319	4
5.32	4
5.321	4
5.321	5
5.322	6
5.323	5
5.324	7
5.324	7
5.326	5
5.327	4
5.327	3
5.328	5
5.331	4
5.333	4
5.334	4
5.338	3
5.339	6
5.34	4
5.341	5
5.342	6
5.342	6
5.343	6
5.348	4
5.349	5
5.353	5
5.356	8
5.472	6
5.472	5
5.473	3
5.473	5
5.474	3
5.474	3
5.474	3
5.474	4
5.475	4
5.475	6
5.475	4
5.476	5
5.476	5
5.477	6
5.477	3
5.477	3
5.478	3
5.478	5
5.478	5
5.479	7
5.479	3
5.48	3
5.48	3
5.48	3
5.48	3
5.481	4
5.481	3
5.481	6
5.481	3
5.483	7
5.483	3
5.483	6
5.483	6
5.483	4
5.484	3
5.485	6
5.485	5
5.486	3
5.486	6
5.486	3
5.486	5
5.487	3
5.487	4
5.487	3
5.487	3
5.487	3
5.487	4
5.488	4
5.488	4
5.488	6
5.488	4
5.489	3
5.489	5
5.489	5
5.489	5
5.49	6
5.49	6
5.49	3
5.49	3
5.491	5
5.491	3
5.491	5
5.491	5
5.492	7
5.492	7
5.492	7
5.492	3
5.493	3
5.493	3
5.493	3
5.493	3
5.494	5
5.494	4
5.494	3
5.494	6
5.494	3
5.495	4
5.495	3
5.496	5
5.496	7
5.496	3
5.496	6
5.496	6
5.496	4
5.497	3
5.499	4
5.499	3
5.499	6
5.5	3
5.5	4
5.501	4
5.501	4
5.502	4
5.502	3
5.502	5
5.503	6
5.504	5
5.505	7
5.505	7
5.506	3
5.507	6
5.507	5
5.508	4
5.508	4
5.508	3
5.509	5
5.509	5
5.51	6
5.51	6
5.511	6
5.512	4
5.514	4
5.515	4
5.516	4
5.517	5
5.519	3
5.52	6
5.521	5
5.521	4
5.522	5
5.523	6
5.523	5
5.524	8
5.524	6
5.529	4
5.53	5
5.534	5
5.537	8
5.566	6
5.566	5
5.567	3
5.567	5
5.568	3
5.568	3
5.568	3
5.568	4
5.569	4
5.569	6
5.569	4
5.57	5
5.57	5
5.571	6
5.571	3
5.571	3
5.572	3
5.572	5
5.572	5
5.573	7
5.573	3
5.574	3
5.574	3
5.574	3
5.574	3
5.575	4
5.575	3
5.575	6
5.575	3
5.577	7
5.577	3
5.577	6
5.577	6
5.577	4
5.578	3
5.58	3
5.58	5
5.581	3
5.581	4
5.582	4
5.583	3
5.583	5
5.584	6
5.585	5
5.586	7
5.586	7
5.588	5
5.589	4
5.589	3
5.59	5
5.593	4
5.595	4
5.596	4
5.6	3
5.601	6
5.602	4
5.603	5
5.604	6
5.604	5
5.605	6
5.61	4
5.611	5
5.615	5
5.618	8
5.731	6
5.731	5
5.732	3
5.732	5
5.733	3
5.733	3
5.733	3
5.733	4
5.734	4
5.734	6
5.734	4
5.735	5
5.735	5
5.736	5
5.736	3
5.736	3
5.737	3
5.737	5
5.737	5
5.738	7
5.738	3
5.739	3
5.739	3
5.739	3
5.739	3
5.74	4
5.74	3
5.74	6
5.74	3
5.742	7
5.742	3
5.742	6
5.742	6
5.742	4
5.743	3
5.745	3
5.745	5
5.746	3
5.746	4
5.747	4
5.748	3
5.748	5
5.749	6
5.75	5
5.751	7
5.751	7
5.753	5
5.754	4
5.754	3
5.755	5
5.758	4
5.76	4
5.761	4
5.765	3
5.766	6
5.766	6
5.766	5
5.767	4
5.767	3
5.767	5
5.768	5
5.768	3
5.768	3
5.768	3
5.768	4
5.769	6
5.769	5
5.769	4
5.769	6
5.769	4
5.77	6
5.77	5
5.77	5
5.771	5
5.771	3
5.771	3
5.772	3
5.772	5
5.772	5
5.773	7
5.773	3
5.774	3
5.774	3
5.774	3
5.774	3
5.775	4
5.775	4
5.775	3
5.775	6
5.775	3
5.776	5
5.777	7
5.777	3
5.777	6
5.777	5
5.777	4
5.778	3
5.78	5
5.78	3
5.78	5
5.781	3
5.781	4
5.782	4
5.783	8
5.783	3
5.783	5
5.784	6
5.785	5
5.786	7
5.786	7
5.788	5
5.789	4
5.789	3
5.79	5
5.793	4
5.795	4
5.796	4
5.8	3
5.801	6
5.802	4
5.803	5
5.804	6
5.804	5
5.804	6
5.804	5
5.805	6
5.805	3
5.805	5
5.806	3
5.806	3
5.806	3
5.806	4
5.807	4
5.807	6
5.807	4
5.808	5
5.808	5
5.809	5
5.809	3
5.809	3
5.81	4
5.81	3
5.81	5
5.81	5
5.811	5
5.811	7
5.811	3
5.812	3
5.812	3
5.812	3
5.812	3
5.813	4
5.813	3
5.813	6
5.813	3
5.815	5
5.815	7
5.815	3
5.815	6
5.815	5
5.815	4
5.816	3
5.818	8
5.818	3
5.818	5
5.819	3
5.819	4
5.82	4
5.821	3
5.821	5
5.822	6
5.823	5
5.823	6
5.823	5
5.824	7
5.824	7
5.824	3
5.824	5
5.825	3
5.825	3
5.825	3
5.825	4
5.826	5
5.826	4
5.826	6
5.826	4
5.827	4
5.827	3
5.827	5
5.827	5
5.828	5
5.828	5
5.828	3
5.828	3
5.829	3
5.829	5
5.829	5
5.83	7
5.83	3
5.831	4
5.831	3
5.831	3
5.831	3
5.831	3
5.832	4
5.832	3
5.832	6
5.832	3
5.833	4
5.834	4
5.834	7
5.834	3
5.834	6
5.834	5
5.834	4
5.835	3
5.837	3
5.837	5
5.838	3
5.838	3
5.838	4
5.839	6
5.839	4
5.839	6
5.839	5
5.84	4
5.84	3
5.84	5
5.84	3
5.84	5
5.841	5
5.841	6
5.841	3
5.841	3
5.841	3
5.841	4
5.842	6
5.842	5
5.842	5
5.842	3
5.842	6
5.842	4
5.843	5
5.843	7
5.843	7
5.843	5
5.843	5
5.844	5
5.844	3
5.844	3
5.845	5
5.845	3
5.845	5
5.845	5
5.846	4
5.846	3
5.846	7
5.846	3
5.847	5
5.847	3
5.847	3
5.847	3
5.847	3
5.848	4
5.848	4
5.848	3
5.848	6
5.848	3
5.849	5
5.85	4
5.85	7
5.85	3
5.85	6
5.85	5
5.85	4
5.851	3
5.852	4
5.853	5
5.853	3
5.853	3
5.853	5
5.854	3
5.854	4
5.855	4
5.856	8
5.856	3
5.856	5
5.857	3
5.857	6
5.858	6
5.858	5
5.859	4
5.859	7
5.859	7
5.86	5
5.861	6
5.861	5
5.861	5
5.862	5
5.862	4
5.862	3
5.863	5
5.866	4
5.867	4
5.868	5
5.868	4
5.869	3
5.872	5
5.873	3
5.874	6
5.875	8
5.875	4
5.876	5
5.877	6
5.877	5
5.878	5
5.883	4
5.884	5
5.888	5
5.891	8
5.962	6
5.962	5
5.963	3
5.963	5
5.964	3
5.964	3
5.964	3
5.964	4
5.965	3
5.965	6
5.965	4
5.966	5
5.966	5
5.967	5
5.967	3
5.967	3
5.968	3
5.968	5
5.968	5
5.969	7
5.969	3
5.97	3
5.97	3
5.97	3
5.97	3
5.971	4
5.971	3
5.971	6
5.971	3
5.973	7
5.973	3
5.973	6
5.973	5
5.973	4
5.974	3
5.976	3
5.976	5
5.977	3
5.977	4
5.978	4
5.979	3
5.979	5
5.98	6
5.981	5
5.982	7
5.982	7
5.984	5
5.985	4
5.985	3
5.986	5
5.989	4
5.991	4
5.992	3
5.996	3
5.997	6
5.998	4
5.999	5
6.0	6
6.0	5
6.001	4
6.006	4
6.007	5
6.011	5
6.014	8
6.141	6
6.141	5
6.142	3
6.142	5
6.143	3
6.143	3
6.143	3
6.143	4
6.144	3
6.144	6
6.144	4
6.145	5
6.145	5
6.146	5
6.146	3
6.146	3
6.147	3
6.147	5
6.147	5
6.148	7
6.148	3
6.149	3
6.149	3
6.149	3
6.149	3
6.15	3
6.15	3
6.15	6
6.15	3
6.152	7
6.152	3
6.152	6
6.152	5
6.152	4
6.153	3
6.155	3
6.155	5
6.156	3
6.156	4
6.157	4
6.158	3
6.158	5
6.159	6
6.16	5
6.161	7
6.161	7
6.163	5
6.164	4
6.164	3
6.165	5
6.168	4
6.17	4
6.171	3
6.175	3
6.176	6
6.177	4
6.178	5
6.179	6
6.179	5
6.18	4
6.185	4
6.186	5
6.19	5
6.193	8
6.429	6
6.429	5
6.43	3
6.43	5
6.431	3
6.431	3
6.431	3
6.431	4
6.432	3
6.432	6
6.432	4
6.433	5
6.433	5
6.434	5
6.434	3
6.434	3
6.435	3
6.435	5
6.435	5
6.436	7
6.436	3
6.437	3
6.437	3
6.437	3
6.437	3
6.438	3
6.438	3
6.438	6
6.438	3
6.44	7
6.44	3
6.44	6
6.44	5
6.44	3
6.441	3
6.443	3
6.443	5
6.444	3
6.444	4
6.445	4
6.446	3
6.446	5
6.447	6
6.448	5
6.449	7
6.449	7
6.451	5
6.452	4
6.452	3
6.453	5
6.456	4
6.458	4
6.459	3
6.463	3
6.464	6
6.465	4
6.466	5
6.467	6
6.467	5
6.468	4
6.473	4
6.474	5
6.478	5
6.481	8
6.535	6
6.535	5
6.536	3
6.536	5
6.537	3
6.537	3
6.537	3
6.537	4
6.538	3
6.538	6
6.538	4
6.539	5
6.539	5
6.54	5
6.54	3
6.54	3
6.541	3
6.541	5
6.541	5
6.542	7
6.542	3
6.542	6
6.542	5
6.543	3
6.543	3
6.543	3
6.543	3
6.543	3
6.543	5
6.544	3
6.544	3
6.544	5
6.544	3
6.544	3
6.544	3
6.544	3
6.544	4
6.545	3
6.545	6
6.545	4
6.546	7
6.546	3
6.546	6
6.546	5
6.546	3
6.546	5
6.546	5
6.547	3
6.547	5
6.547	3
6.547	3
6.548	3
6.548	5
6.548	5
6.549	3
6.549	5
6.549	7
6.549	3
6.55	3
6.55	4
6.55	3
6.55	3
6.55	3
6.55	3
6.551	4
6.551	3
6.551	3
6.551	5
6.551	3
6.552	3
6.552	5
6.553	6
6.553	7
6.553	3
6.553	6
6.553	4
6.553	3
6.554	5
6.554	3
6.555	7
6.555	7
6.556	3
6.556	5
6.557	5
6.557	3
6.557	4
6.558	4
6.558	3
6.558	4
6.559	5
6.559	3
6.559	5
6.56	6
6.561	5
6.562	4
6.562	7
6.562	7
6.564	4
6.564	5
6.565	3
6.565	4
6.565	3
6.566	5
6.569	3
6.569	4
6.57	6
6.57	6
6.57	5
6.571	4
6.571	4
6.571	3
6.571	5
6.572	5
6.572	3
6.572	3
6.572	3
6.572	3
6.572	4
6.573	6
6.573	5
6.573	3
6.573	6
6.573	4
6.574	4
6.574	5
6.574	5
6.575	5
6.575	3
6.575	3
6.576	3
6.576	3
6.576	5
6.576	5
6.577	6
6.577	7
6.577	3
6.578	4
6.578	3
6.578	3
6.578	3
6.578	3
6.579	4
6.579	5
6.579	3
6.579	3
6.579	5
6.579	3
6.58	5
6.58	6
6.58	5
6.581	4
6.581	7
6.581	3
6.581	6
6.581	3
6.581	3
6.582	3
6.584	5
6.584	3
6.584	5
6.585	3
6.585	4
6.586	4
6.586	4
6.587	8
6.587	5
6.587	3
6.587	5
6.588	6
6.589	5
6.59	7
6.59	7
6.591	5
6.592	5
6.593	4
6.593	3
6.594	8
6.594	5
6.597	4
6.599	4
6.6	3
6.604	3
6.605	6
6.606	4
6.607	5
6.607	6
6.607	5
6.608	6
6.608	5
6.608	3
6.608	5
6.609	4
6.609	3
6.609	3
6.609	3
6.609	4
6.61	3
6.61	6
6.61	4
6.611	5
6.611	5
6.612	5
6.612	3
6.612	3
6.613	3
6.613	5
6.613	5
6.614	4
6.614	7
6.614	3
6.615	5
6.615	3
6.615	3
6.615	3
6.615	3
6.616	3
6.616	3
6.616	5
6.616	3
6.618	7
6.618	3
6.618	6
6.618	3
6.618	2
6.619	5
6.619	3
6.621	3
6.621	5
6.622	8
6.622	3
6.622	4
6.623	4
6.624	3
6.624	5
6.625	6
6.626	5
6.627	7
6.627	7
6.629	5
6.63	4
6.63	3
6.631	5
6.634	4
6.636	4
6.637	3
6.641	3
6.642	6
6.643	4
6.644	5
6.645	6
6.645	5
6.646	4
6.651	4
6.652	5
6.656	5
6.659	8
6.664	6
6.664	5
6.665	3
6.665	5
6.666	3
6.666	3
6.666	3
6.666	4
6.667	3
6.667	6
6.667	3
6.668	5
6.668	5
6.669	5
6.669	3
6.669	3
6.67	3
6.67	5
6.67	5
6.671	7
6.671	3
6.672	3
6.672	3
6.672	3
6.672	3
6.673	3
6.673	3
6.673	5
6.673	3
6.675	7
6.675	3
6.675	6
6.675	3
6.675	2
6.676	3
6.678	3
6.678	5
6.679	3
6.679	4
6.68	4
6.681	3
6.681	5
6.682	6
6.683	5
6.684	7
6.684	7
6.686	5
6.687	4
6.687	3
6.688	5
6.691	4
6.693	4
6.694	3
6.698	3
6.699	6
6.7	4
6.701	5
6.702	6
6.702	5
6.703	4
6.708	4
6.709	5
6.713	5
6.716	8
6.81	6
6.81	5
6.811	3
6.811	5
6.812	3
6.812	3
6.812	3
6.812	4
6.813	3
6.813	5
6.813	3
6.814	5
6.814	5
6.815	5
6.815	3
6.815	3
6.816	3
6.816	5
6.816	5
6.817	7
6.817	3
6.818	3
6.818	3
6.818	3
6.818	3
6.819	3
6.819	3
6.819	5
6.819	3
6.821	7
6.821	3
6.821	6
6.821	3
6.821	2
6.822	3
6.824	3
6.824	5
6.825	3
6.825	4
6.826	4
6.827	3
6.827	5
6.828	6
6.829	5
6.83	7
6.83	7
6.832	5
6.833	4
6.833	3
6.834	5
6.837	4
6.839	4
6.84	3
6.844	3
6.845	6
6.846	4
6.847	5
6.848	6
6.848	5
6.849	4
6.854	4
6.855	5
6.859	5
6.862	8
6.974	6
6.974	5
6.975	3
6.975	5
6.975	6
6.975	5
6.976	3
6.976	3
6.976	3
6.976	4
6.976	3
6.976	5
6.977	3
6.977	5
6.977	3
6.977	3
6.977	3
6.977	3
6.977	4
6.978	5
6.978	5
6.978	3
6.978	5
6.978	3
6.979	5
6.979	3
6.979	3
6.979	5
6.979	5
6.98	3
6.98	5
6.98	5
6.98	5
6.98	3
6.98	3
6.981	7
6.981	3
6.981	3
6.981	5
6.981	5
6.982	3
6.982	3
6.982	3
6.982	3
6.982	7
6.982	3
6.983	3
6.983	3
6.983	5
6.983	3
6.983	3
6.983	3
6.983	3
6.983	3
6.984	3
6.984	3
6.984	5
6.984	3
6.985	7
6.985	3
6.985	6
6.985	3
6.985	2
6.986	3
6.986	6
6.986	3
6.986	6
6.986	3
6.986	2
6.987	3
6.988	3
6.988	5
6.989	3
6.989	4
6.989	3
6.989	5
6.99	4
6.99	3
6.99	4
6.991	3
6.991	5
6.991	4
6.992	5
6.992	3
6.992	5
6.993	5
6.993	5
6.994	7
6.994	7
6.994	5
6.995	7
6.995	7
6.996	5
6.997	4
6.997	3
6.997	5
6.998	5
6.998	4
6.998	3
6.999	5
7.001	4
7.002	4
7.003	4
7.004	3
7.004	4
7.005	3
7.008	3
7.009	6
7.009	3
7.01	4
7.01	6
7.011	5
7.011	4
7.012	6
7.012	5
7.012	5
7.013	4
7.013	6
7.013	5
7.014	4
7.018	4
7.019	5
7.019	4
7.02	5
7.023	5
7.024	5
7.026	8
7.027	8
7.345	6
7.345	5
7.346	3
7.346	5
7.347	3
7.347	3
7.347	3
7.347	4
7.348	3
7.348	5
7.348	3
7.349	5
7.349	5
7.35	5
7.35	3
7.35	3
7.351	3
7.351	5
7.351	5
7.352	7
7.352	3
7.353	3
7.353	3
7.353	3
7.353	3
7.354	3
7.354	3
7.354	5
7.354	3
7.356	6
7.356	3
7.356	6
7.356	3
7.356	2
7.357	3
7.359	3
7.359	5
7.36	3
7.36	4
7.361	4
7.362	3
7.362	5
7.363	5
7.364	5
7.365	7
7.365	7
7.367	5
7.368	4
7.368	3
7.369	5
7.371	6
7.371	5
7.372	4
7.372	3
7.372	5
7.373	3
7.373	3
7.373	3
7.373	4
7.374	4
7.374	3
7.374	5
7.374	3
7.375	3
7.375	5
7.375	5
7.376	5
7.376	3
7.376	3
7.377	3
7.377	5
7.377	5
7.378	7
7.378	3
7.379	3
7.379	3
7.379	3
7.379	3
7.379	3
7.38	6
7.38	3
7.38	3
7.38	5
7.38	3
7.381	4
7.382	5
7.382	6
7.382	3
7.382	6
7.382	3
7.382	2
7.383	6
7.383	5
7.383	3
7.384	3
7.385	3
7.385	5
7.386	3
7.386	4
7.387	4
7.388	3
7.388	5
7.389	4
7.389	5
7.39	5
7.39	5
7.391	7
7.391	7
7.393	5
7.394	5
7.394	4
7.394	3
7.395	5
7.397	8
7.398	4
7.4	4
7.401	3
7.402	6
7.402	5
7.403	3
7.403	5
7.404	3
7.404	3
7.404	3
7.404	3
7.405	3
7.405	3
7.405	5
7.405	3
7.406	5
7.406	5
7.406	5
7.407	4
7.407	5
7.407	3
7.407	3
7.408	5
7.408	3
7.408	5
7.408	5
7.409	6
7.409	5
7.409	7
7.409	3
7.41	3
7.41	3
7.41	3
7.41	3
7.41	3
7.411	3
7.411	3
7.411	5
7.411	3
7.413	6
7.413	3
7.413	6
7.413	3
7.413	2
7.414	3
7.415	4
7.416	5
7.416	3
7.416	5
7.417	3
7.417	4
7.418	4
7.419	3
7.419	5
7.42	5
7.42	5
7.421	5
7.422	7
7.422	7
7.423	8
7.424	5
7.425	4
7.425	3
7.426	5
7.429	4
7.431	4
7.432	3
7.436	3
7.437	5
7.438	4
7.439	5
7.44	6
7.44	5
7.441	3
7.446	4
7.447	5
7.451	5
7.454	8
7.514	6
7.514	5
7.515	3
7.515	5
7.516	3
7.516	3
7.516	3
7.516	3
7.517	3
7.517	5
7.517	3
7.518	4
7.518	5
7.519	5
7.519	3
7.519	3
7.52	3
7.52	5
7.52	5
7.521	7
7.521	3
7.522	3
7.522	3
7.522	3
7.522	3
7.523	3
7.523	3
7.523	5
7.523	3
7.525	6
7.525	3
7.525	6
7.525	3
7.525	2
7.526	3
7.528	3
7.528	5
7.529	3
7.529	4
7.53	4
7.531	3
7.531	5
7.532	5
7.533	5
7.534	7
7.534	7
7.536	5
7.537	4
7.537	3
7.538	5
7.541	4
7.543	4
7.544	3
7.548	3
7.549	5
7.55	4
7.551	5
7.552	6
7.552	5
7.553	3
7.558	4
7.559	5
7.563	5
7.566	8
7.66	6
7.66	5
7.661	3
7.661	5
7.662	3
7.662	3
7.662	3
7.662	3
7.663	3
7.663	5
7.663	3
7.664	4
7.664	5
7.665	5
7.665	3
7.665	3
7.666	3
7.666	5
7.666	5
7.667	7
7.667	3
7.668	3
7.668	3
7.668	3
7.668	3
7.669	3
7.669	3
7.669	5
7.669	3
7.671	6
7.671	3
7.671	6
7.671	3
7.671	2
7.672	3
7.674	3
7.674	4
7.675	3
7.675	4
7.676	4
7.677	3
7.677	5
7.678	5
7.679	5
7.68	7
7.68	7
7.682	5
7.683	4
7.683	3
7.684	5
7.687	4
7.689	4
7.69	3
7.694	3
7.695	5
7.696	4
7.697	5
7.698	6
7.698	5
7.699	3
7.704	4
7.705	5
7.709	5
7.712	8
7.775	6
7.775	5
7.776	3
7.776	5
7.777	3
7.777	3
7.777	3
7.777	3
7.778	3
7.778	5
7.778	3
7.779	4
7.779	5
7.78	5
7.78	3
7.78	3
7.781	3
7.781	5
7.781	5
7.782	7
7.782	3
7.783	3
7.783	3
7.783	3
7.783	3
7.784	3
7.784	3
7.784	5
7.784	3
7.786	6
7.786	3
7.786	6
7.786	3
7.786	2
7.787	3
7.789	3
7.789	4
7.79	3
7.79	4
7.791	3
7.792	3
7.792	5
7.793	5
7.794	5
7.795	7
7.795	7
7.797	5
7.798	4
7.798	3
7.799	5
7.802	4
7.804	4
7.805	3
7.809	3
7.81	5
7.811	4
7.812	5
7.813	6
7.813	5
7.814	3
7.819	4
7.82	5
7.824	5
7.827	8
7.827	6
7.827	5
7.828	3
7.828	5
7.829	3
7.829	3
7.829	3
7.829	3
7.83	3
7.83	5
7.83	3
7.831	4
7.831	5
7.832	5
7.832	3
7.832	3
7.833	3
7.833	5
7.833	5
7.834	7
7.834	3
7.835	3
7.835	3
7.835	3
7.835	3
7.836	3
7.836	3
7.836	5
7.836	3
7.838	6
7.838	3
7.838	6
7.838	3
7.838	2
7.839	3
7.84	6
7.84	5
7.841	3
7.841	4
7.841	3
7.841	5
7.842	3
7.842	4
7.842	3
7.842	3
7.842	3
7.842	3
7.843	3
7.843	3
7.843	5
7.843	3
7.844	3
7.844	5
7.844	4
7.844	5
7.845	5
7.845	5
7.845	3
7.845	3
7.846	5
7.846	3
7.846	5
7.846	5
7.847	7
7.847	7
7.847	7
7.847	3
7.848	3
7.848	3
7.848	3
7.848	3
7.849	5
7.849	3
7.849	3
7.849	5
7.849	3
7.85	4
7.85	3
7.851	5
7.851	6
7.851	3
7.851	6
7.851	3
7.851	2
7.852	3
7.854	4
7.854	3
7.854	4
7.855	3
7.855	4
7.856	4
7.856	3
7.857	3
7.857	3
7.857	5
7.858	5
7.859	5
7.86	7
7.86	7
7.861	3
7.862	5
7.862	5
7.863	4
7.863	4
7.863	3
7.864	5
7.864	4
7.865	6
7.865	5
7.866	3
7.867	4
7.869	4
7.87	3
7.871	3
7.872	5
7.874	3
7.875	5
7.876	5
7.876	4
7.877	5
7.878	6
7.878	5
7.878	6
7.878	5
7.879	8
7.879	3
7.879	3
7.879	5
7.88	3
7.88	3
7.88	3
7.88	2
7.881	3
7.881	5
7.881	3
7.882	4
7.882	5
7.883	5
7.883	3
7.883	3
7.884	3
7.884	3
7.884	5
7.884	5
7.885	5
7.885	7
7.885	3
7.886	3
7.886	3
7.886	3
7.886	3
7.887	3
7.887	3
7.887	5
7.887	3
7.889	5
7.889	6
7.889	3
7.889	6
7.889	3
7.889	2
7.89	3
7.892	8
7.892	3
7.892	4
7.893	3
7.893	4
7.894	3
7.895	3
7.895	5
7.896	5
7.897	5
7.898	7
7.898	7
7.9	5
7.901	4
7.901	3
7.902	4
7.905	4
7.907	4
7.908	3
7.912	3
7.913	5
7.914	4
7.915	5
7.916	6
7.916	5
7.917	3
7.922	3
7.923	5
7.927	5
7.93	8
8.003	6
8.003	5
8.004	3
8.004	5
8.005	3
8.005	3
8.005	3
8.005	2
8.006	3
8.006	5
8.006	3
8.007	4
8.007	5
8.008	5
8.008	3
8.008	3
8.009	3
8.009	5
8.009	5
8.01	7
8.01	3
8.011	3
8.011	3
8.011	3
8.011	3
8.012	3
8.012	3
8.012	5
8.012	3
8.014	6
8.014	3
8.014	6
8.014	3
8.014	2
8.015	3
8.017	3
8.017	4
8.018	3
8.018	4
8.019	3
8.02	3
8.02	5
8.021	5
8.022	5
8.023	7
8.023	7
8.025	5
8.026	4
8.026	3
8.027	4
8.03	4
8.032	4
8.033	3
8.037	3
8.038	5
8.039	4
8.04	5
8.041	6
8.041	5
8.042	3
8.047	3
8.048	5
8.052	4
8.055	8
8.065	6
8.065	5
8.066	3
8.066	5
8.067	3
8.067	3
8.067	3
8.067	2
8.068	3
8.068	5
8.068	3
8.069	4
8.069	5
8.07	5
8.07	3
8.07	3
8.071	3
8.071	5
8.071	5
8.072	7
8.072	3
8.073	3
8.073	3
8.073	3
8.073	3
8.074	3
8.074	3
8.074	5
8.074	3
8.076	6
8.076	3
8.076	6
8.076	3
8.076	2
8.077	3
8.079	3
8.079	4
8.08	3
8.08	4
8.081	3
8.082	3
8.082	5
8.083	5
8.084	5
8.085	7
8.085	7
8.087	5
8.087	6
8.087	5
8.088	4
8.088	3
8.088	3
8.088	5
8.089	4
8.089	3
8.089	3
8.089	3
8.089	2
8.09	3
8.09	5
8.09	3
8.091	4
8.091	5
8.092	4
8.092	5
8.092	3
8.092	3
8.093	3
8.093	5
8.093	5
8.094	4
8.094	7
8.094	3
8.095	3
8.095	3
8.095	3
8.095	3
8.095	3
8.096	3
8.096	3
8.096	5
8.096	3
8.098	6
8.098	3
8.098	5
8.098	3
8.098	2
8.099	3
8.099	3
8.1	5
8.101	4
8.101	3
8.101	4
8.102	5
8.102	3
8.102	4
8.103	6
8.103	5
8.103	3
8.104	3
8.104	3
8.104	5
8.105	5
8.106	5
8.107	7
8.107	7
8.109	3
8.109	5
8.11	4
8.11	4
8.11	3
8.111	4
8.114	4
8.114	4
8.116	4
8.117	8
8.117	3
8.121	3
8.122	5
8.123	4
8.124	5
8.125	6
8.125	5
8.126	3
8.131	3
8.132	4
8.136	4
8.137	6
8.137	5
8.138	3
8.138	5
8.139	8
8.139	3
8.139	3
8.139	3
8.139	2
8.14	3
8.14	5
8.14	3
8.141	4
8.141	5
8.142	5
8.142	3
8.142	3
8.143	3
8.143	5
8.143	5
8.144	7
8.144	3
8.145	3
8.145	3
8.145	3
8.145	3
8.146	3
8.146	3
8.146	5
8.146	3
8.148	6
8.148	3
8.148	5
8.148	3
8.148	2
8.149	3
8.151	3
8.151	4
8.152	3
8.152	4
8.153	3
8.154	3
8.154	5
8.155	5
8.156	5
8.157	7
8.157	7
8.159	5
8.16	4
8.16	3
8.161	4
8.164	4
8.166	4
8.167	3
8.171	3
8.172	5
8.173	3
8.174	5
8.175	6
8.175	5
8.176	3
8.181	3
8.182	4
8.186	4
8.187	6
8.187	5
8.188	3
8.188	5
8.189	8
8.189	3
8.189	3
8.189	3
8.189	2
8.19	3
8.19	5
8.19	3
8.191	4
8.191	5
8.192	5
8.192	3
8.192	3
8.193	3
8.193	5
8.193	5
8.194	7
8.194	3
8.195	3
8.195	3
8.195	3
8.195	3
8.196	3
8.196	3
8.196	5
8.196	3
8.198	6
8.198	3
8.198	5
8.198	3
8.198	2
8.199	3
8.201	3
8.201	4
8.202	3
8.202	4
8.203	3
8.204	3
8.204	5
8.205	5
8.206	5
8.207	7
8.207	7
8.209	5
8.21	3
8.21	3
8.211	4
8.214	4
8.216	4
8.217	3
8.221	3
8.222	5
8.223	3
8.224	5
8.225	6
8.225	5
8.226	3
8.231	3
8.232	4
8.236	4
8.239	8
8.251	6
8.251	5
8.252	3
8.252	5
8.253	3
8.253	3
8.253	3
8.253	2
8.254	3
8.254	5
8.254	3
8.255	4
8.255	5
8.256	5
8.256	3
8.256	3
8.257	3
8.257	5
8.257	5
8.258	7
8.258	3
8.259	3
8.259	3
8.259	3
8.259	3
8.26	3
8.26	3
8.26	4
8.26	3
8.262	6
8.262	3
8.262	5
8.262	3
8.262	2
8.263	3
8.265	3
8.265	4
8.266	3
8.266	4
8.267	3
8.268	3
8.268	5
8.269	5
8.27	5
8.271	7
8.271	7
8.273	5
8.274	3
8.274	3
8.275	4
8.278	4
8.28	4
8.281	3
8.285	3
8.286	5
8.287	3
8.288	5
8.289	6
8.289	5
8.29	3
8.295	3
8.296	4
8.3	4
8.303	8
8.366	6
8.366	5
8.367	3
8.367	5
8.368	3
8.368	3
8.368	3
8.368	2
8.369	3
8.369	5
8.369	3
8.37	4
8.37	5
8.371	5
8.371	3
8.371	3
8.372	3
8.372	5
8.372	5
8.373	7
8.373	3
8.374	3
8.374	3
8.374	3
8.374	3
8.375	3
8.375	3
8.375	4
8.375	3
8.377	6
8.377	3
8.377	5
8.377	3
8.377	3
8.378	3
8.38	3
8.38	4
8.381	3
8.381	4
8.382	3
8.383	3
8.383	5
8.384	5
8.385	5
8.386	7
8.386	7
8.388	5
8.389	3
8.389	3
8.39	4
8.393	4
8.395	4
8.396	3
8.4	3
8.401	5
8.402	3
8.402	6
8.402	5
8.403	5
8.403	3
8.403	5
8.404	6
8.404	5
8.404	3
8.404	3
8.404	3
8.404	2
8.405	3
8.405	3
8.405	5
8.405	3
8.406	4
8.406	5
8.407	5
8.407	3
8.407	3
8.408	3
8.408	5
8.408	5
8.409	7
8.409	3
8.41	3
8.41	3
8.41	3
8.41	3
8.41	3
8.411	4
8.411	3
8.411	3
8.411	4
8.411	3
8.413	6
8.413	3
8.413	5
8.413	3
8.413	3
8.414	3
8.415	4
8.416	3
8.416	4
8.417	3
8.417	4
8.418	8
8.418	3
8.419	3
8.419	5
8.42	5
8.421	5
8.422	7
8.422	7
8.424	5
8.425	3
8.425	3
8.426	4
8.429	4
8.431	4
8.432	3
8.436	3
8.437	5
8.438	3
8.439	5
8.44	6
8.44	5
8.441	3
8.446	3
8.447	4
8.451	4
8.454	7
8.48	6
8.48	5
8.481	3
8.481	5
8.482	3
8.482	3
8.482	3
8.482	2
8.483	3
8.483	5
8.483	3
8.484	4
8.484	5
8.485	5
8.485	3
8.485	3
8.486	3
8.486	5
8.486	5
8.487	7
8.487	3
8.488	3
8.488	3
8.488	3
8.488	3
8.489	3
8.489	3
8.489	4
8.489	3
8.491	6
8.491	3
8.491	5
8.491	3
8.491	3
8.492	3
8.494	3
8.494	4
8.495	3
8.495	4
8.496	3
8.497	3
8.497	5
8.498	5
8.499	5
8.5	7
8.5	7
8.502	5
8.503	3
8.503	3
8.504	4
8.507	4
8.509	4
8.51	3
8.514	3
8.515	5
8.516	3
8.517	5
8.518	6
8.518	5
8.519	3
8.524	3
8.525	4
8.529	4
8.532	6
8.562	6
8.562	5
8.563	3
8.563	5
8.564	3
8.564	3
8.564	3
8.564	2
8.565	3
8.565	5
8.565	3
8.566	4
8.566	5
8.567	5
8.567	3
8.567	3
8.568	3
8.568	5
8.568	5
8.569	7
8.569	3
8.57	3
8.57	3
8.57	3
8.57	3
8.571	3
8.571	3
8.571	3
8.571	3
8.573	6
8.573	3
8.573	5
8.573	3
8.573	3
8.574	3
8.576	3
8.576	4
8.577	3
8.577	4
8.578	3
8.579	3
8.579	5
8.58	5
8.581	5
8.582	7
8.582	7
8.584	5
8.585	3
8.585	3
8.586	4
8.589	4
8.591	4
8.592	3
8.596	3
8.597	5
8.598	3
8.599	5
8.6	6
8.6	5
8.601	3
8.606	3
8.607	4
8.611	4
8.614	6
8.618	6
8.618	5
8.619	3
8.619	5
8.62	3
8.62	3
8.62	3
8.62	2
8.621	3
8.621	5
8.621	3
8.622	4
8.622	5
8.623	5
8.623	3
8.623	3
8.624	3
8.624	5
8.624	5
8.625	7
8.625	3
8.626	3
8.626	3
8.626	3
8.626	3
8.627	3
8.627	3
8.627	3
8.627	3
8.629	6
8.629	3
8.629	5
8.629	3
8.629	4
8.63	3
8.632	3
8.632	4
8.633	3
8.633	4
8.634	3
8.635	3
8.635	5
8.636	5
8.637	5
8.638	7
8.638	7
8.64	5
8.641	3
8.641	3
8.642	4
8.645	4
8.647	4
8.648	3
8.652	3
8.653	5
8.654	3
8.655	5
8.656	6
8.656	5
8.657	3
8.662	3
8.663	4
8.667	4
8.67	6
8.746	6
8.746	5
8.747	3
8.747	5
8.748	3
8.748	3
8.748	3
8.748	3
8.749	3
8.749	5
8.749	3
8.75	4
8.75	5
8.751	5
8.751	3
8.751	3
8.752	3
8.752	5
8.752	5
8.753	7
8.753	3
8.754	3
8.754	3
8.754	3
8.754	3
8.755	3
8.755	3
8.755	3
8.755	3
8.757	6
8.757	3
8.757	5
8.757	3
8.757	4
8.758	3
8.76	3
8.76	4
8.761	3
8.761	4
8.762	3
8.763	3
8.763	5
8.764	5
8.765	5
8.766	7
8.766	7
8.768	5
8.769	3
8.769	3
8.77	4
8.773	4
8.775	4
8.776	3
8.78	3
8.781	5
8.782	3
8.783	5
8.784	6
8.784	5
8.785	3
8.79	3
8.791	4
8.794	6
8.794	5
8.795	4
8.795	3
8.795	5
8.796	3
8.796	3
8.796	3
8.796	4
8.797	3
8.797	5
8.797	3
8.798	6
8.798	4
8.798	5
8.799	5
8.799	3
8.799	3
8.8	3
8.8	5
8.8	5
8.801	7
8.801	3
8.802	3
8.802	3
8.802	3
8.802	3
8.803	3
8.803	3
8.803	3
8.803	3
8.805	6
8.805	3
8.805	5
8.805	3
8.805	4
8.806	3
8.808	3
8.808	4
8.809	3
8.809	4
8.81	3
8.811	3
8.811	5
8.812	5
8.813	5
8.814	7
8.814	7
8.816	5
8.817	3
8.817	3
8.818	4
8.821	4
8.823	4
8.824	3
8.828	3
8.829	5
8.83	3
8.831	5
8.832	6
8.832	5
8.833	3
8.838	3
8.839	4
8.843	4
8.846	6
9.067	6
9.067	5
9.068	3
9.068	5
9.069	3
9.069	3
9.069	3
9.069	5
9.07	3
9.07	5
9.07	3
9.071	4
9.071	5
9.072	5
9.072	3
9.072	3
9.073	3
9.073	5
9.073	5
9.074	7
9.074	3
9.075	3
9.075	3
9.075	3
9.075	3
9.076	3
9.076	3
9.076	3
9.076	3
9.078	6
9.078	3
9.078	5
9.078	3
9.078	4
9.079	3
9.081	3
9.081	4
9.082	3
9.082	4
9.083	3
9.084	3
9.084	5
9.085	5
9.086	5
9.087	7
9.087	7
9.089	5
9.09	3
9.09	3
9.091	4
9.094	4
9.096	4
9.097	3
9.101	3
9.102	5
9.103	3
9.104	5
9.105	6
9.105	5
9.106	3
9.107	6
9.107	5
9.108	3
9.108	5
9.109	3
9.109	3
9.109	3
9.109	5
9.11	3
9.11	5
9.11	3
9.111	3
9.111	4
9.111	5
9.112	4
9.112	5
9.112	3
9.112	3
9.113	3
9.113	5
9.113	5
9.114	7
9.114	3
9.115	3
9.115	3
9.115	3
9.115	3
9.116	4
9.116	3
9.116	3
9.116	3
9.116	3
9.118	6
9.118	3
9.118	5
9.118	3
9.118	4
9.119	6
9.119	3
9.121	3
9.121	4
9.122	3
9.122	4
9.123	3
9.124	3
9.124	5
9.125	5
9.126	5
9.127	7
9.127	7
9.129	5
9.13	3
9.13	3
9.131	4
9.134	4
9.136	4
9.137	3
9.141	3
9.142	5
9.143	3
9.144	5
9.145	6
9.145	5
9.146	3
9.151	3
9.152	4
9.156	4
9.159	5
9.275	6
9.275	5
9.276	3
9.276	5
9.277	3
9.277	3
9.277	3
9.277	5
9.278	3
9.278	5
9.278	3
9.279	4
9.279	5
9.28	5
9.28	3
9.28	3
9.281	3
9.281	5
9.281	5
9.282	7
9.282	3
9.283	3
9.283	3
9.283	3
9.283	4
9.284	3
9.284	3
9.284	3
9.284	3
9.286	6
9.286	3
9.286	5
9.286	3
9.286	4
9.287	3
9.289	3
9.289	4
9.29	3
9.29	4
9.291	3
9.292	3
9.292	5
9.293	5
9.294	5
9.295	7
9.295	7
9.297	5
9.298	3
9.298	3
9.299	4
9.302	4
9.304	4
9.305	3
9.309	3
9.31	5
9.311	3
9.312	5
9.313	6
9.313	5
9.314	3
9.319	3
9.32	4
9.324	4
9.327	5
9.341	6
9.341	4
9.342	3
9.342	5
9.343	3
9.343	3
9.343	3
9.343	5
9.344	3
9.344	5
9.344	3
9.345	4
9.345	5
9.346	5
9.346	3
9.346	3
9.347	3
9.347	5
9.347	5
9.348	7
9.348	3
9.349	3
9.349	3
9.349	3
9.349	4
9.35	3
9.35	3
9.35	3
9.35	3
9.352	6
9.352	3
9.352	5
9.352	3
9.352	4
9.353	3
9.355	3
9.355	4
9.356	3
9.356	4
9.357	3
9.358	3
9.358	5
9.359	5
9.36	5
9.361	7
9.361	7
9.363	5
9.364	3
9.364	3
9.365	4
9.368	4
9.37	4
9.371	3
9.375	3
9.376	5
9.377	3
9.378	5
9.379	6
9.379	5
9.38	3
9.385	3
9.386	4
9.39	4
9.392	6
9.392	4
9.393	5
9.393	3
9.393	5
9.394	3
9.394	3
9.394	3
9.394	5
9.395	3
9.395	5
9.395	3
9.396	3
9.396	5
9.397	5
9.397	3
9.397	3
9.398	3
9.398	5
9.398	5
9.399	7
9.399	3
9.4	3
9.4	3
9.4	3
9.4	4
9.401	3
9.401	3
9.401	3
9.401	3
9.403	6
9.403	3
9.403	5
9.403	3
9.403	4
9.404	3
9.406	3
9.406	4
9.407	3
9.407	4
9.408	3
9.409	3
9.409	5
9.41	5
9.411	5
9.412	7
9.412	7
9.414	5
9.415	3
9.415	3
9.416	4
9.419	4
9.42	6
9.42	4
9.421	4
9.421	3
9.421	5
9.422	3
9.422	3
9.422	3
9.422	3
9.422	5
9.423	3
9.423	5
9.423	3
9.424	3
9.424	5
9.425	5
9.425	3
9.425	3
9.426	3
9.426	3
9.426	5
9.426	5
9.427	5
9.427	7
9.427	3
9.428	3
9.428	3
9.428	3
9.428	3
9.428	4
9.429	5
9.429	3
9.429	3
9.429	3
9.429	3
9.43	6
9.43	5
9.431	3
9.431	5
9.431	3
9.431	5
9.431	3
9.431	4
9.432	3
9.434	3
9.434	4
9.435	3
9.435	4
9.436	3
9.436	3
9.437	4
9.437	3
9.437	5
9.438	5
9.439	5
9.44	7
9.44	7
9.441	4
9.442	5
9.443	3
9.443	3
9.444	5
9.444	4
9.447	4
9.449	4
9.45	3
9.454	3
9.455	5
9.456	3
9.457	5
9.458	6
9.458	5
9.459	3
9.464	3
9.465	4
9.469	4
9.472	5
9.517	6
9.517	4
9.518	3
9.518	5
9.519	3
9.519	3
9.519	3
9.519	5
9.52	3
9.52	5
9.52	3
9.521	3
9.521	5
9.522	5
9.522	3
9.522	3
9.523	3
9.523	5
9.523	5
9.524	7
9.524	3
9.525	3
9.525	3
9.525	3
9.525	4
9.526	3
9.526	3
9.526	3
9.526	3
9.528	5
9.528	3
9.528	5
9.528	3
9.528	4
9.529	3
9.531	3
9.531	4
9.532	3
9.532	3
9.533	3
9.534	3
9.534	5
9.535	5
9.536	5
9.537	7
9.537	7
9.539	5
9.54	3
9.54	3
9.541	4
9.544	4
9.546	4
9.547	3
9.551	3
9.552	5
9.553	3
9.554	5
9.555	6
9.555	5
9.556	3
9.561	3
9.562	4
9.566	4
9.569	5
9.65	6
9.65	4
9.651	3
9.651	5
9.652	3
9.652	3
9.652	3
9.652	5
9.653	3
9.653	5
9.653	3
9.654	3
9.654	5
9.655	5
9.655	3
9.655	3
9.656	3
9.656	5
9.656	4
9.657	7
9.657	3
9.658	3
9.658	3
9.658	3
9.658	4
9.659	3
9.659	3
9.659	3
9.659	3
9.661	5
9.661	3
9.661	5
9.661	3
9.661	4
9.662	3
9.664	3
9.664	4
9.665	3
9.665	3
9.666	3
9.667	3
9.667	5
9.668	5
9.669	5
9.67	7
9.67	7
9.672	5
9.673	3
9.673	3
9.674	4
9.677	4
9.679	4
9.68	3
9.684	3
9.685	5
9.686	3
9.687	5
9.688	6
9.688	5
9.689	3
9.694	3
9.695	4
9.699	4
9.702	5
9.834	6
9.834	4
9.835	3
9.835	5
9.836	3
9.836	3
9.836	3
9.836	5
9.837	3
9.837	5
9.837	3
9.838	3
9.838	5
9.839	5
9.839	3
9.839	3
9.84	3
9.84	5
9.84	4
9.841	7
9.841	3
9.842	3
9.842	3
9.842	3
9.842	4
9.843	3
9.843	3
9.843	3
9.843	3
9.845	5
9.845	3
9.845	5
9.845	3
9.845	4
9.846	3
9.848	3
9.848	4
9.849	3
9.849	3
9.85	3
9.851	3
9.851	5
9.852	5
9.853	5
9.854	7
9.854	7
9.856	5
9.857	3
9.857	3
9.858	3
9.861	4
9.863	4
9.864	3
9.868	3
9.869	5
9.87	3
9.871	5
9.872	6
9.872	5
9.873	3
9.878	3
9.879	4
9.883	4
9.886	5
10.009	6
10.009	4
10.01	3
10.01	5
10.011	3
10.011	3
10.011	3
10.011	5
10.012	3
10.012	5
10.012	3
10.013	3
10.013	5
10.014	5
10.014	3
10.014	3
10.015	3
10.015	5
10.015	4
10.016	7
10.016	3
10.017	3
10.017	3
10.017	3
10.017	4
10.018	3
10.018	3
10.018	3
10.018	3
10.02	5
10.02	3
10.02	5
10.02	3
10.02	4
10.021	3
10.023	3
10.023	4
10.024	3
10.024	3
10.025	3
10.026	3
10.026	4
10.027	5
10.028	5
10.029	7
10.029	7
10.031	5
10.032	3
10.032	3
10.033	3
10.036	4
10.038	4
10.039	3
10.043	3
10.044	5
10.045	3
10.046	5
10.047	6
10.047	5
10.048	3
10.053	3
10.054	4
10.058	4
10.061	5
10.298	6
10.298	4
10.299	3
10.299	5
10.3	3
10.3	3
10.3	3
10.3	5
10.301	3
10.301	5
10.301	3
10.302	3
10.302	5
10.303	5
10.303	3
10.303	3
10.304	3
10.304	5
10.304	4
10.305	7
10.305	3
10.306	3
10.306	3
10.306	3
10.306	4
10.307	3
10.307	3
10.307	3
10.307	3
10.309	5
10.309	3
10.309	5
10.309	3
10.309	4
10.31	3
10.312	3
10.312	4
10.313	3
10.313	3
10.314	3
10.315	3
10.315	4
10.316	5
10.317	4
10.318	7
10.318	7
10.32	5
10.321	3
10.321	3
10.322	3
10.325	4
10.327	4
10.327	6
10.327	4
10.328	3
10.328	3
10.328	5
10.329	3
10.329	3
10.329	3
10.329	5
10.33	3
10.33	5
10.33	3
10.331	3
10.331	5
10.332	3
10.332	5
10.332	3
10.332	3
10.333	5
10.333	3
10.333	4
10.333	4
10.334	3
10.334	7
10.334	3
10.335	5
10.335	3
10.335	3
10.335	3
10.335	4
10.336	6
10.336	5
10.336	3
10.336	3
10.336	3
10.336	3
10.337	3
10.338	5
10.338	3
10.338	5
10.338	3
10.338	4
10.339	3
10.341	3
10.341	4
10.342	3
10.342	3
10.342	3
10.343	4
10.343	3
10.344	3
10.344	4
10.345	5
10.346	4
10.347	4
10.347	7
10.347	7
10.349	5
10.35	5
10.35	3
10.35	3
10.351	3
10.354	4
10.356	4
10.357	3
10.361	3
10.362	5
10.363	3
10.364	5
10.365	6
10.365	5
10.366	3
10.371	3
10.372	4
10.376	4
10.379	5
10.516	6
10.516	4
10.517	3
10.517	5
10.518	3
10.518	3
10.518	3
10.518	5
10.519	3
10.519	5
10.519	3
10.52	3
10.52	5
10.521	5
10.521	3
10.521	3
10.522	3
10.522	4
10.522	4
10.523	7
10.523	3
10.524	3
10.524	3
10.524	3
10.524	4
10.525	3
10.525	3
10.525	3
10.525	3
10.527	5
10.527	3
10.527	5
10.527	3
10.527	4
10.528	3
10.53	3
10.53	4
10.531	3
10.531	3
10.532	3
10.533	3
10.533	4
10.534	5
10.535	4
10.536	7
10.536	7
10.538	5
10.539	3
10.539	3
10.54	3
10.543	4
10.545	4
10.546	3
10.55	3
10.551	5
10.552	3
10.553	5
10.554	6
10.554	5
10.555	3
10.56	3
10.561	4
10.563	6
10.563	4
10.564	3
10.564	5
10.565	4
10.565	3
10.565	3
10.565	3
10.565	5
10.566	3
10.566	5
10.566	3
10.567	3
10.567	5
10.568	4
10.568	5
10.568	3
10.568	3
10.569	3
10.569	4
10.569	4
10.57	7
10.57	3
10.571	3
10.571	3
10.571	3
10.571	4
10.572	3
10.572	3
10.572	3
10.572	3
10.574	5
10.574	3
10.574	5
10.574	3
10.574	4
10.575	3
10.577	3
10.577	4
10.578	3
10.578	3
10.579	3
10.58	3
10.58	4
10.581	4
10.582	4
10.583	7
10.583	7
10.585	5
10.586	3
10.586	3
10.587	3
10.59	4
10.592	4
10.593	3
10.597	3
10.598	5
10.599	3
10.6	5
10.601	6
10.601	5
10.602	3
10.607	3
10.608	4
10.612	4
10.615	4
10.619	6
10.619	4
10.62	3
10.62	4
10.621	3
10.621	3
10.621	3
10.621	5
10.622	3
10.622	5
10.622	3
10.623	3
10.623	5
10.624	5
10.624	3
10.624	3
10.625	3
10.625	4
10.625	4
10.626	7
10.626	3
10.627	3
10.627	3
10.627	3
10.627	4
10.628	3
10.628	3
10.628	3
10.628	3
10.63	5
10.63	3
10.63	5
10.63	3
10.63	4
10.631	3
10.633	3
10.633	4
10.634	3
10.634	3
10.635	3
10.636	3
10.636	4
10.637	4
10.638	4
10.639	7
10.639	7
10.641	5
10.642	3
10.642	3
10.643	3
10.646	4
10.648	4
10.649	3
10.653	3
10.654	5
10.655	3
10.656	5
10.657	6
10.657	5
10.658	3
10.663	3
10.664	4
10.668	4
10.671	4
10.734	6
10.734	4
10.735	3
10.735	4
10.736	3
10.736	3
10.736	3
10.736	5
10.737	3
10.737	5
10.737	3
10.738	3
10.738	5
10.739	5
10.739	3
10.739	3
10.74	3
10.74	4
10.74	4
10.741	7
10.741	3
10.742	3
10.742	3
10.742	3
10.742	4
10.743	3
10.743	3
10.743	3
10.743	3
10.745	5
10.745	3
10.745	5
10.745	3
10.745	4
10.746	3
10.748	3
10.748	3
10.749	3
10.749	3
10.75	3
10.751	3
10.751	4
10.752	4
10.753	4
10.753	6
10.753	4
10.754	7
10.754	7
10.754	3
10.754	4
10.755	3
10.755	3
10.755	3
10.755	5
10.756	5
10.756	3
10.756	5
10.756	3
10.757	3
10.757	3
10.757	3
10.757	5
10.758	3
10.758	5
10.758	3
10.758	3
10.759	3
10.759	4
10.759	4
10.76	7
10.76	3
10.761	4
10.761	3
10.761	3
10.761	3
10.761	4
10.762	3
10.762	3
10.762	3
10.762	3
10.763	4
10.764	3
10.764	5
10.764	3
10.764	5
10.764	3
10.764	4
10.765	3
10.767	3
10.767	3
10.768	3
10.768	3
10.768	3
10.769	5
10.769	3
10.77	3
10.77	3
10.77	4
10.771	5
10.771	4
10.772	6
10.772	5
10.772	4
10.773	3
10.773	7
10.773	6
10.775	5
10.776	3
10.776	3
10.777	3
10.778	3
10.779	4
10.78	4
10.782	4
10.783	4
10.783	3
10.786	4
10.787	3
10.788	5
10.789	3
10.79	5
10.791	6
10.791	5
10.792	3
10.797	3
10.798	4
10.802	4
10.804	6
10.804	4
10.805	4
10.805	3
10.805	4
10.806	3
10.806	3
10.806	3
10.806	5
10.807	3
10.807	4
10.807	3
10.808	3
10.808	5
10.809	5
10.809	3
10.809	3
10.81	3
10.81	4
10.81	4
10.811	7
10.811	3
10.812	3
10.812	3
10.812	3
10.812	4
10.813	3
10.813	3
10.813	3
10.813	3
10.815	5
10.815	3
10.815	5
10.815	3
10.815	4
10.816	3
10.818	3
10.818	3
10.819	3
10.819	3
10.82	3
10.821	3
10.821	4
10.822	4
10.823	4
10.824	7
10.824	6
10.826	5
10.827	3
10.827	3
10.828	3
10.831	4
10.833	4
10.834	3
10.838	3
10.839	5
10.84	3
10.841	5
10.842	6
10.842	5
10.843	3
10.848	3
10.849	4
10.853	4
10.856	4
11.117	6
11.117	4
11.118	3
11.118	4
11.119	3
11.119	3
11.119	3
11.119	5
11.12	3
11.12	4
11.12	3
11.121	3
11.121	5
11.122	5
11.122	3
11.122	3
11.123	3
11.123	4
11.123	4
11.124	7
11.124	3
11.125	3
11.125	3
11.125	3
11.125	4
11.126	3
11.126	3
11.126	3
11.126	3
11.128	5
11.128	3
11.128	5
11.128	3
11.128	4
11.129	3
11.131	3
11.131	3
11.132	3
11.132	3
11.133	3
11.134	3
11.134	4
11.135	4
11.136	4
11.137	7
11.137	6
11.139	5
11.14	3
11.14	3
11.141	3
11.144	4
11.146	4
11.147	3
11.151	3
11.152	5
11.153	3
11.154	5
11.155	6
11.155	5
11.156	3
11.161	3
11.162	5
11.166	4
11.169	4
11.176	6
11.176	4
11.177	3
11.177	3
11.178	3
11.178	3
11.178	3
11.178	5
11.179	3
11.179	4
11.179	3
11.18	3
11.18	5
11.181	5
11.181	3
11.181	3
11.182	3
11.182	4
11.182	4
11.183	7
11.183	3
11.184	3
11.184	3
11.184	3
11.184	4
11.185	3
11.185	3
11.185	3
11.185	3
11.187	5
11.187	3
11.187	5
11.187	3
11.187	4
11.188	3
11.19	3
11.19	3
11.191	3
11.191	3
11.192	3
11.193	3
11.193	4
11.194	4
11.195	4
11.196	7
11.196	6
11.198	5
11.199	3
11.199	3
11.2	3
11.203	4
11.205	4
11.206	3
11.21	3
11.211	5
11.212	3
11.213	5
11.214	6
11.214	5
11.215	3
11.22	3
11.221	5
11.225	4
11.228	4
11.228	6
11.228	4
11.229	3
11.229	3
11.23	3
11.23	3
11.23	3
11.23	5
11.231	3
11.231	4
11.231	3
11.232	3
11.232	5
11.233	5
11.233	3
11.233	3
11.234	3
11.234	4
11.234	4
11.235	7
11.235	3
11.236	3
11.236	3
11.236	3
11.236	4
11.237	3
11.237	3
11.237	3
11.237	3
11.239	5
11.239	3
11.239	5
11.239	3
11.239	4
11.24	3
11.242	3
11.242	3
11.243	3
11.243	3
11.244	3
11.245	3
11.245	4
11.246	4
11.247	4
11.248	7
11.248	6
11.25	4
11.251	3
11.251	3
11.252	3
11.255	4
11.257	4
11.258	3
11.262	3
11.263	5
11.264	3
11.265	5
11.266	6
11.266	5
11.267	3
11.272	3
11.273	5
11.277	4
11.28	4
11.381	6
11.381	4
11.382	3
11.382	3
11.383	3
11.383	3
11.383	3
11.383	5
11.384	3
11.384	4
11.384	3
11.385	3
11.385	5
11.386	5
11.386	3
11.386	3
11.387	3
11.387	4
11.387	4
11.388	7
11.388	3
11.389	3
11.389	3
11.389	3
11.389	4
11.39	3
11.39	3
11.39	3
11.39	3
11.39	6
11.39	4
11.391	3
11.391	3
11.392	5
11.392	3
11.392	5
11.392	3
11.392	4
11.392	3
11.392	3
11.392	3
11.392	5
11.393	3
11.393	3
11.393	4
11.393	3
11.394	3
11.394	5
11.395	3
11.395	3
11.395	5
11.395	3
11.395	3
11.396	3
11.396	3
11.396	3
11.396	4
11.396	4
11.397	3
11.397	7
11.397	3
11.398	3
11.398	4
11.398	3
11.398	3
11.398	3
11.398	4
11.399	4
11.399	3
11.399	3
11.399	3
11.399	3
11.4	4
11.401	6
11.401	6
11.401	5
11.401	3
11.401	5
11.401	3
11.401	4
11.402	3
11.403	4
11.404	3
11.404	3
11.404	3
11.404	3
11.405	3
11.405	3
11.405	3
11.406	3
11.407	3
11.407	4
11.408	4
11.408	4
11.409	4
11.41	4
11.41	6
11.41	6
11.411	3
11.412	4
11.413	3
11.413	3
11.414	3
11.415	3
11.416	5
11.417	3
11.417	4
11.418	5
11.419	6
11.419	5
11.419	4
11.42	3
11.42	3
11.424	3
11.425	3
11.425	4
11.426	5
11.426	3
11.427	5
11.428	6
11.428	5
11.429	3
11.43	4
11.433	4
11.434	3
11.435	5
11.439	4
11.442	4
11.614	5
11.614	4
11.615	3
11.615	3
11.616	3
11.616	3
11.616	3
11.616	5
11.617	3
11.617	4
11.617	3
11.618	3
11.618	5
11.619	5
11.619	3
11.619	3
11.62	3
11.62	4
11.62	4
11.621	7
11.621	3
11.622	3
11.622	3
11.622	3
11.622	4
11.623	3
11.623	3
11.623	3
11.623	3
11.625	5
11.625	3
11.625	5
11.625	3
11.625	4
11.626	3
11.628	3
11.628	3
11.629	3
11.629	3
11.63	3
11.631	3
11.631	4
11.632	4
11.633	4
11.634	6
11.634	6
11.636	4
11.637	3
11.637	3
11.638	3
11.641	4
11.643	4
11.644	3
11.648	3
11.649	4
11.65	3
11.651	5
11.652	6
11.652	5
11.653	3
11.658	3
11.659	5
11.663	4
11.666	4
11.729	5
11.729	4
11.73	3
11.73	3
11.731	3
11.731	3
11.731	3
11.731	5
11.732	3
11.732	4
11.732	3
11.733	3
11.733	5
11.734	5
11.734	3
11.734	3
11.735	3
11.735	4
11.735	4
11.736	7
11.736	3
11.737	3
11.737	3
11.737	3
11.737	4
11.738	3
11.738	3
11.738	3
11.738	3
11.74	5
11.74	3
11.74	5
11.74	3
11.74	4
11.741	3
11.743	3
11.743	3
11.744	3
11.744	3
11.745	3
11.746	3
11.746	4
11.747	4
11.748	4
11.749	6
11.749	6
11.751	4
11.752	3
11.752	3
11.753	3
11.756	4
11.758	4
11.759	3
11.763	3
11.764	4
11.765	3
11.766	5
11.767	6
11.767	5
11.768	3
11.773	3
11.774	5
11.778	3
11.781	4
12.173	5
12.173	4
12.174	3
12.174	3
12.175	3
12.175	3
12.175	3
12.175	5
12.176	3
12.176	4
12.176	3
12.177	3
12.177	5
12.178	5
12.178	3
12.178	3
12.179	3
12.179	4
12.179	4
12.18	7
12.18	3
12.181	3
12.181	3
12.181	3
12.181	4
12.182	3
12.182	3
12.182	3
12.182	3
12.184	5
12.184	3
12.184	5
12.184	3
12.184	4
12.185	3
12.187	3
12.187	3
12.188	3
12.188	3
12.189	4
12.19	3
12.19	4
12.191	4
12.192	4
12.193	6
12.193	6
12.195	4
12.196	3
12.196	3
12.197	3
12.2	4
12.202	4
12.203	3
12.207	3
12.208	4
12.209	3
12.21	5
12.211	6
12.211	5
12.212	3
12.217	3
12.218	5
12.222	3
12.225	4
12.578	5
12.578	4
12.579	3
12.579	3
12.58	3
12.58	3
12.58	3
12.58	5
12.581	3
12.581	4
12.581	3
12.582	3
12.582	5
12.583	5
12.583	3
12.583	3
12.584	3
12.584	4
12.584	4
12.585	7
12.585	3
12.586	3
12.586	3
12.586	3
12.586	4
12.587	3
12.587	3
12.587	3
12.587	3
12.589	5
12.589	3
12.589	5
12.589	3
12.589	4
12.59	3
12.592	3
12.592	3
12.593	3
12.593	3
12.594	4
12.595	3
12.595	4
12.596	4
12.597	3
12.598	6
12.598	6
12.6	4
12.601	3
12.601	3
12.602	3
12.605	4
12.607	4
12.608	3
12.612	3
12.613	4
12.614	3
12.615	5
12.616	6
12.616	5
12.617	3
12.622	3
12.623	5
12.624	5
12.624	4
12.625	3
12.625	3
12.626	3
12.626	3
12.626	3
12.626	5
12.627	3
12.627	3
12.627	4
12.627	3
12.628	3
12.628	5
12.629	5
12.629	3
12.629	3
12.63	4
12.63	3
12.63	4
12.63	4
12.631	7
12.631	3
12.632	3
12.632	3
12.632	3
12.632	4
12.633	3
12.633	3
12.633	3
12.633	3
12.635	5
12.635	3
12.635	4
12.635	3
12.635	4
12.636	3
12.638	3
12.638	3
12.639	3
12.639	3
12.64	4
12.641	3
12.641	4
12.642	4
12.643	3
12.644	6
12.644	6
12.646	4
12.647	3
12.647	3
12.648	3
12.651	4
12.653	4
12.654	3
12.658	3
12.659	4
12.66	3
12.661	5
12.662	6
12.662	5
12.663	3
12.668	3
12.669	5
12.673	3
12.676	4
12.792	5
12.792	4
12.793	3
12.793	3
12.794	3
12.794	3
12.794	3
12.794	5
12.795	3
12.795	4
12.795	3
12.796	3
12.796	5
12.797	5
12.797	3
12.797	3
12.798	3
12.798	4
12.798	4
12.799	7
12.799	3
12.8	3
12.8	3
12.8	3
12.8	4
12.801	3
12.801	3
12.801	3
12.801	3
12.803	5
12.803	3
12.803	4
12.803	3
12.803	3
12.804	3
12.806	3
12.806	3
12.807	3
12.807	3
12.808	4
12.809	3
12.809	4
12.81	4
12.811	3
12.812	6
12.812	6
12.814	4
12.815	3
12.815	3
12.816	3
12.819	4
12.821	4
12.822	3
12.826	3
12.827	4
12.828	3
12.829	5
12.83	6
12.83	5
12.831	3
12.836	3
12.837	5
12.841	3
12.844	4
13.281	5
13.281	4
13.282	3
13.282	3
13.283	3
13.283	3
13.283	3
13.283	5
13.284	3
13.284	3
13.284	3
13.285	3
13.285	5
13.286	5
13.286	3
13.286	3
13.287	3
13.287	4
13.287	4
13.288	7
13.288	3
13.289	3
13.289	3
13.289	3
13.289	4
13.29	3
13.29	3
13.29	3
13.29	3
13.292	5
13.292	3
13.292	4
13.292	3
13.292	3
13.293	3
13.295	3
13.295	3
13.296	3
13.296	3
13.297	4
13.298	3
13.298	4
13.299	4
13.3	3
13.301	6
13.301	6
13.303	4
13.304	3
13.304	3
13.305	3
13.308	4
13.31	4
13.311	3
13.315	3
13.316	4
13.317	3
13.318	5
13.319	6
13.319	5
13.32	3
13.325	3
13.326	5
13.33	3
13.333	4
13.342	4
13.342	4
13.343	3
13.343	3
13.344	3
13.344	3
13.344	3
13.344	5
13.345	3
13.345	3
13.345	3
13.346	3
13.346	5
13.347	5
13.347	3
13.347	3
13.348	3
13.348	4
13.348	4
13.349	7
13.349	3
13.35	3
13.35	3
13.35	3
13.35	4
13.351	3
13.351	3
13.351	3
13.351	3
13.351	4
13.351	4
13.352	3
13.352	3
13.353	5
13.353	3
13.353	4
13.353	3
13.353	3
13.353	3
13.353	3
13.353	3
13.353	5
13.354	3
13.354	3
13.354	2
13.354	3
13.355	3
13.355	5
13.356	3
13.356	3
13.356	5
13.356	3
13.356	3
13.357	3
13.357	3
13.357	3
13.357	4
13.357	4
13.358	4
13.358	7
13.358	3
13.359	3
13.359	4
13.359	3
13.359	3
13.359	3
13.359	4
13.36	4
13.36	3
13.36	3
13.36	3
13.36	3
13.361	3
13.362	6
13.362	6
13.362	5
13.362	3
13.362	4
13.362	3
13.362	3
13.363	3
13.364	4
13.365	3
13.365	3
13.365	3
13.365	3
13.366	3
13.366	3
13.366	3
13.367	4
13.368	3
13.368	4
13.369	4
13.369	4
13.37	3
13.371	4
13.371	6
13.371	6
13.372	3
13.373	4
13.374	3
13.374	3
13.375	3
13.376	3
13.377	4
13.378	3
13.378	4
13.379	5
13.38	6
13.38	5
13.38	4
13.381	3
13.381	3
13.385	3
13.386	3
13.386	4
13.387	5
13.387	3
13.388	5
13.389	6
13.389	5
13.39	3
13.391	3
13.394	4
13.395	3
13.396	5
13.4	3
13.403	4
13.59	4
13.59	4
13.591	3
13.591	3
13.592	3
13.592	3
13.592	3
13.592	5
13.593	3
13.593	2
13.593	3
13.594	3
13.594	5
13.595	5
13.595	3
13.595	3
13.596	3
13.596	4
13.596	4
13.597	7
13.597	3
13.598	3
13.598	3
13.598	3
13.598	4
13.599	3
13.599	3
13.599	3
13.599	3
13.601	5
13.601	3
13.601	4
13.601	3
13.601	3
13.602	3
13.604	3
13.604	3
13.605	3
13.605	3
13.606	4
13.607	3
13.607	4
13.608	4
13.609	3
13.61	6
13.61	5
13.612	4
13.613	3
13.613	3
13.614	3
13.617	4
13.619	4
13.62	3
13.624	3
13.625	4
13.626	3
13.627	5
13.628	6
13.628	5
13.629	3
13.634	3
13.635	5
13.635	4
13.635	4
13.636	3
13.636	3
13.637	3
13.637	3
13.637	3
13.637	5
13.638	3
13.638	2
13.638	3
13.639	3
13.639	3
13.639	5
13.64	5
13.64	3
13.64	3
13.641	3
13.641	4
13.641	4
13.642	4
13.642	7
13.642	3
13.643	3
13.643	3
13.643	3
13.643	4
13.644	3
13.644	3
13.644	3
13.644	3
13.646	5
13.646	3
13.646	4
13.646	3
13.646	3
13.647	3
13.649	3
13.649	3
13.65	3
13.65	3
13.651	4
13.652	3
13.652	4
13.653	4
13.654	3
13.655	6
13.655	5
13.657	4
13.658	3
13.658	3
13.659	3
13.662	3
13.664	4
13.665	3
13.669	3
13.67	4
13.671	3
13.672	5
13.673	6
13.673	5
13.674	3
13.679	3
13.68	5
13.684	3
13.687	4
13.825	4
13.825	4
13.826	3
13.826	3
13.827	3
13.827	3
13.827	3
13.827	5
13.828	3
13.828	2
13.828	3
13.829	3
13.829	5
13.83	5
13.83	3
13.83	3
13.831	3
13.831	4
13.831	4
13.832	7
13.832	3
13.833	3
13.833	3
13.833	3
13.833	4
13.834	3
13.834	3
13.834	3
13.834	3
13.836	5
13.836	3
13.836	4
13.836	3
13.836	3
13.837	3
13.839	3
13.839	3
13.84	3
13.84	3
13.841	4
13.842	3
13.842	4
13.843	4
13.844	3
13.845	6
13.845	5
13.847	4
13.848	3
13.848	3
13.849	3
13.852	3
13.854	4
13.855	3
13.859	3
13.86	4
13.861	3
13.862	5
13.863	6
13.863	5
13.864	3
13.869	3
13.87	5
13.874	3
13.877	3
13.892	4
13.892	4
13.893	3
13.893	3
13.894	3
13.894	3
13.894	3
13.894	5
13.895	3
13.895	2
13.895	3
13.896	3
13.896	5
13.897	5
13.897	3
13.897	3
13.898	3
13.898	4
13.898	4
13.899	7
13.899	3
13.9	3
13.9	3
13.9	3
13.9	4
13.901	3
13.901	3
13.901	3
13.901	3
13.903	5
13.903	3
13.903	4
13.903	3
13.903	3
13.904	3
13.906	3
13.906	3
13.907	3
13.907	3
13.908	4
13.909	3
13.909	4
13.91	4
13.911	3
13.912	6
13.912	5
13.914	4
13.915	3
13.915	3
13.916	3
13.919	3
13.921	4
13.922	3
13.926	3
13.927	4
13.928	3
13.929	5
13.93	6
13.93	5
13.931	3
13.936	3
13.937	4
13.941	3
13.944	3
13.972	4
13.972	4
13.973	3
13.973	3
13.974	3
13.974	3
13.974	3
13.974	5
13.975	3
13.975	3
13.975	3
13.976	3
13.976	5
13.977	5
13.977	3
13.977	3
13.978	3
13.978	4
13.978	4
13.979	7
13.979	3
13.98	3
13.98	3
13.98	3
13.98	4
13.981	3
13.981	3
13.981	3
13.981	3
13.983	5
13.983	3
13.983	4
13.983	3
13.983	3
13.984	3
13.986	3
13.986	3
13.987	3
13.987	3
13.988	4
13.989	3
13.989	4
13.99	4
13.991	3
13.992	6
13.992	5
13.994	4
13.995	3
13.995	3
13.996	3
13.999	3
14.001	4
14.002	3
14.006	3
14.007	4
14.008	3
14.009	5
14.01	6
14.01	5
14.011	3
14.016	3
14.017	4
14.021	3
14.024	3
14.151	4
14.151	4
14.152	3
14.152	3
14.153	3
14.153	3
14.153	3
14.153	5
14.154	3
14.154	3
14.154	3
14.155	3
14.155	5
14.156	5
14.156	3
14.156	3
14.157	3
14.157	4
14.157	4
14.158	7
14.158	3
14.159	3
14.159	3
14.159	3
14.159	4
14.16	3
14.16	3
14.16	3
14.16	3
14.162	5
14.162	3
14.162	4
14.162	3
14.162	3
14.163	3
14.165	3
14.165	3
14.166	3
14.166	3
14.167	4
14.168	3
14.168	4
14.169	4
14.17	3
14.171	6
14.171	5
14.173	4
14.174	3
14.174	3
14.175	3
14.178	3
14.18	4
14.181	3
14.185	3
14.186	3
14.187	3
14.188	5
14.189	6
14.189	5
14.19	3
14.195	3
14.196	4
14.2	3
14.203	3
14.615	4
14.615	4
14.616	3
14.616	3
14.617	3
14.617	3
14.617	3
14.617	5
14.618	3
14.618	3
14.618	3
14.619	3
14.619	5
14.62	5
14.62	3
14.62	3
14.621	3
14.621	4
14.621	4
14.622	7
14.622	3
14.623	3
14.623	3
14.623	3
14.623	4
14.624	3
14.624	3
14.624	3
14.624	3
14.626	5
14.626	3
14.626	4
14.626	3
14.626	3
14.627	3
14.629	3
14.629	3
14.63	3
14.63	3
14.631	4
14.632	3
14.632	3
14.633	4
14.634	3
14.635	6
14.635	5
14.637	4
14.638	3
14.638	3
14.639	3
14.642	3
14.644	4
14.645	3
14.649	3
14.65	3
14.651	3
14.652	5
14.653	6
14.653	5
14.654	3
14.659	3
14.66	4
14.664	3
14.667	3
14.724	4
14.724	4
14.725	3
14.725	3
14.726	3
14.726	3
14.726	3
14.726	5
14.727	3
14.727	3
14.727	3
14.728	3
14.728	5
14.729	4
14.729	3
14.729	3
14.73	3
14.73	4
14.73	4
14.731	7
14.731	3
14.732	3
14.732	3
14.732	3
14.732	4
14.733	3
14.733	3
14.733	3
14.733	3
14.734	4
14.734	3
14.735	5
14.735	3
14.735	4
14.735	3
14.735	3
14.735	3
14.735	3
14.736	3
14.736	3
14.736	3
14.736	3
14.736	5
14.737	3
14.737	3
14.737	3
14.738	3
14.738	3
14.738	3
14.738	5
14.739	3
14.739	3
14.739	4
14.739	3
14.739	3
14.74	4
14.74	3
14.74	4
14.74	4
14.741	3
14.741	3
14.741	7
14.741	3
14.742	4
14.742	3
14.742	3
14.742	3
14.742	4
14.743	3
14.743	3
14.743	3
14.743	3
14.743	3
14.744	6
14.744	5
14.745	5
14.745	3
14.745	4
14.745	3
14.745	3
14.746	4
14.746	3
14.747	3
14.747	3
14.748	3
14.748	3
14.748	3
14.749	3
14.749	3
14.75	4
14.751	3
14.751	3
14.751	3
14.752	4
14.753	4
14.753	3
14.754	3
14.754	6
14.754	5
14.756	4
14.757	3
14.757	3
14.758	3
14.758	3
14.759	3
14.76	3
14.761	5
14.761	3
14.762	6
14.762	5
14.763	3
14.763	4
14.764	3
14.768	3
14.768	3
14.769	4
14.769	3
14.77	3
14.771	5
14.772	6
14.772	5
14.773	3
14.773	3
14.776	3
14.778	3
14.779	4
14.783	3
14.786	3
14.893	4
14.893	3
14.894	3
14.894	3
14.895	3
14.895	3
14.895	3
14.895	5
14.896	3
14.896	3
14.896	3
14.897	3
14.897	5
14.898	4
14.898	3
14.898	3
14.899	3
14.899	4
14.899	4
14.9	7
14.9	3
14.901	3
14.901	3
14.901	3
14.901	4
14.902	3
14.902	3
14.902	3
14.902	3
14.904	5
14.904	3
14.904	4
14.904	3
14.904	3
14.905	3
14.907	3
14.907	3
14.908	3
14.908	3
14.909	4
14.91	3
14.91	3
14.911	4
14.912	3
14.913	6
14.913	5
14.915	4
14.916	3
14.916	3
14.917	3
14.92	3
14.922	4
14.923	3
14.927	3
14.928	3
14.929	3
14.93	4
14.931	6
14.931	5
14.932	3
14.937	3
14.938	4
14.942	3
14.945	3
15.171	4
15.171	3
15.172	3
15.172	3
15.173	3
15.173	3
15.173	3
15.173	5
15.174	3
15.174	3
15.174	3
15.175	3
15.175	5
15.176	4
15.176	3
15.176	3
15.177	3
15.177	4
15.177	4
15.178	7
15.178	3
15.179	3
15.179	3
15.179	3
15.179	4
15.18	3
15.18	3
15.18	3
15.18	3
15.182	4
15.182	3
15.182	4
15.182	3
15.182	3
15.183	3
15.185	3
15.185	3
15.186	3
15.186	3
15.187	4
15.188	3
15.188	3
15.189	4
15.19	3
15.191	6
15.191	5
15.193	4
15.194	3
15.194	3
15.195	3
15.198	3
15.2	4
15.201	3
15.205	3
15.206	3
15.207	3
15.208	4
15.209	6
15.209	5
15.21	3
15.215	3
15.216	4
15.22	3
15.223	3
15.338	4
15.338	3
15.339	3
15.339	3
15.34	3
15.34	3
15.34	3
15.34	5
15.341	3
15.341	3
15.341	3
15.342	3
15.342	5
15.343	4
15.343	3
15.343	3
15.344	3
15.344	4
15.344	4
15.345	7
15.345	3
15.346	3
15.346	3
15.346	3
15.346	4
15.347	3
15.347	3
15.347	3
15.347	3
15.349	4
15.349	3
15.349	4
15.349	3
15.349	3
15.349	4
15.349	3
15.35	3
15.35	3
15.35	3
15.351	3
15.351	3
15.351	3
15.351	5
15.352	3
15.352	3
15.352	3
15.352	3
15.352	3
15.353	3
15.353	3
15.353	3
15.353	5
15.354	4
15.354	4
15.354	3
15.354	3
15.355	3
15.355	3
15.355	3
15.355	4
15.355	4
15.356	4
15.356	7
15.356	3
15.357	3
15.357	3
15.357	3
15.357	3
15.357	4
15.358	5
15.358	5
15.358	3
15.358	3
15.358	3
15.358	3
15.36	4
15.36	4
15.36	3
15.36	4
15.36	3
15.36	3
15.361	3
15.361	3
15.361	3
15.362	3
15.363	3
15.363	3
15.364	3
15.364	3
15.365	3
15.365	4
15.366	3
15.366	3
15.367	4
15.367	4
15.368	3
15.368	3
15.369	5
15.369	5
15.371	4
15.372	3
15.372	3
15.372	3
15.373	3
15.373	3
15.374	3
15.375	4
15.376	6
15.376	5
15.376	3
15.377	3
15.378	4
15.379	3
15.382	3
15.383	4
15.383	3
15.384	3
15.385	3
15.386	4
15.387	3
15.387	6
15.387	4
15.388	3
15.39	3
15.393	3
15.394	4
15.398	3
15.401	3
15.941	4
15.941	3
15.942	3
15.942	3
15.943	3
15.943	3
15.943	3
15.943	5
15.944	3
15.944	3
15.944	3
15.945	3
15.945	5
15.946	4
15.946	3
15.946	3
15.947	3
15.947	4
15.947	3
15.948	7
15.948	3
15.949	3
15.949	3
15.949	3
15.949	4
15.95	3
15.95	3
15.95	3
15.95	3
15.952	4
15.952	3
15.952	4
15.952	3
15.952	3
15.953	3
15.955	3
15.955	3
15.956	3
15.956	3
15.957	4
15.958	3
15.958	3
15.959	4
15.96	3
15.961	5
15.961	5
15.963	4
15.964	3
15.964	3
15.965	3
15.968	3
15.97	4
15.971	3
15.975	3
15.976	3
15.977	3
15.978	4
15.979	6
15.979	4
15.98	3
15.985	3
15.986	4
15.99	3
15.993	3
16.655	4
16.655	3
16.656	3
16.656	3
16.657	3
16.657	3
16.657	3
16.657	4
16.658	3
16.658	3
16.658	3
16.659	3
16.659	5
16.66	4
16.66	3
16.66	3
16.661	3
16.661	4
16.661	3
16.662	7
16.662	3
16.663	3
16.663	3
16.663	3
16.663	4
16.664	3
16.664	3
16.664	3
16.664	3
16.666	4
16.666	3
16.666	4
16.666	3
16.666	3
16.667	3
16.669	3
16.669	3
16.67	3
16.67	3
16.671	4
16.672	3
16.672	3
16.673	4
16.674	3
16.675	5
16.675	5
16.676	4
16.676	3
16.677	4
16.677	3
16.677	3
16.678	3
16.678	3
16.678	3
16.678	3
16.678	3
16.678	4
16.679	3
16.679	3
16.679	3
16.679	3
16.68	3
16.68	5
16.681	4
16.681	3
16.681	3
16.682	3
16.682	3
16.682	4
16.682	3
16.683	7
16.683	3
16.684	4
16.684	3
16.684	3
16.684	3
16.684	4
16.685	3
16.685	3
16.685	3
16.685	3
16.685	3
16.687	4
16.687	3
16.687	4
16.687	3
16.687	3
16.688	3
16.689	3
16.69	3
16.69	3
16.69	3
16.691	3
16.691	3
16.691	3
16.692	4
16.692	4
16.693	6
16.693	4
16.693	3
16.693	3
16.694	3
16.694	4
16.695	3
16.696	5
16.696	5
16.698	3
16.699	3
16.699	3
16.699	3
16.7	4
16.7	3
16.703	3
16.704	3
16.705	4
16.706	3
16.707	3
16.71	3
16.711	3
16.712	3
16.713	4
16.714	6
16.714	4
16.715	3
16.72	3
16.721	4
16.725	3
16.728	3
17.031	3
17.031	3
17.032	3
17.032	3
17.033	3
17.033	3
17.033	3
17.033	4
17.034	3
17.034	3
17.034	3
17.035	3
17.035	5
17.036	4
17.036	3
17.036	3
17.037	3
17.037	4
17.037	3
17.038	7
17.038	3
17.039	3
17.039	3
17.039	3
17.039	4
17.04	3
17.04	3
17.04	3
17.04	3
17.042	4
17.042	3
17.042	4
17.042	3
17.042	3
17.043	3
17.045	3
17.045	3
17.046	3
17.046	3
17.047	4
17.048	3
17.048	3
17.049	4
17.05	3
17.051	5
17.051	5
17.053	3
17.054	3
17.054	3
17.055	3
17.058	3
17.06	4
17.061	3
17.065	3
17.066	3
17.067	3
17.068	4
17.069	6
17.069	4
17.07	3
17.075	3
17.076	4
17.08	3
17.083	3
17.22	3
17.22	3
17.221	3
17.221	3
17.222	3
17.222	3
17.222	3
17.222	4
17.223	3
17.223	3
17.223	3
17.224	3
17.224	5
17.225	4
17.225	3
17.225	3
17.226	3
17.226	4
17.226	3
17.227	6
17.227	3
17.228	3
17.228	3
17.228	3
17.228	4
17.229	3
17.229	3
17.229	3
17.229	3
17.231	4
17.231	3
17.231	4
17.231	3
17.231	3
17.232	3
17.234	3
17.234	3
17.235	3
17.235	3
17.236	4
17.237	3
17.237	3
17.238	4
17.239	3
17.24	5
17.24	5
17.242	3
17.243	3
17.243	3
17.244	3
17.247	3
17.249	4
17.25	3
17.254	3
17.255	3
17.256	3
17.257	4
17.258	6
17.258	4
17.259	3
17.264	3
17.265	4
17.269	3
17.272	3
17.328	3
17.328	3
17.329	3
17.329	3
17.33	3
17.33	3
17.33	3
17.33	3
17.331	3
17.331	3
17.331	3
17.332	3
17.332	5
17.333	4
17.333	3
17.333	3
17.334	3
17.334	4
17.334	3
17.335	6
17.335	3
17.336	3
17.336	3
17.336	3
17.336	4
17.337	3
17.337	3
17.337	3
17.337	3
17.339	4
17.339	3
17.339	4
17.339	3
17.339	3
17.34	3
17.342	3
17.342	3
17.343	3
17.343	3
17.344	4
17.345	3
17.345	3
17.346	4
17.347	3
17.348	5
17.348	5
17.35	3
17.351	3
17.351	3
17.352	3
17.355	3
17.357	4
17.358	3
17.362	3
17.363	3
17.364	3
17.365	4
17.366	6
17.366	4
17.367	3
17.372	3
17.373	4
17.377	3
17.38	3
17.463	3
17.463	3
17.464	3
17.464	3
17.465	3
17.465	3
17.465	3
17.465	3
17.466	3
17.466	3
17.466	3
17.467	3
17.467	5
17.468	4
17.468	3
17.468	3
17.469	3
17.469	4
17.469	3
17.47	6
17.47	3
17.471	3
17.471	3
17.471	3
17.471	4
17.472	3
17.472	3
17.472	3
17.472	3
17.474	4
17.474	3
17.474	4
17.474	3
17.474	3
17.475	3
17.477	3
17.477	3
17.478	3
17.478	3
17.479	4
17.48	3
17.48	3
17.481	4
17.482	3
17.483	4
17.483	5
17.485	3
17.486	3
17.486	3
17.487	3
17.49	3
17.492	4
17.493	3
17.497	3
17.498	3
17.499	3
17.5	4
17.501	6
17.501	4
17.502	3
17.507	3
17.508	4
17.512	3
17.515	3
17.575	3
17.575	3
17.576	3
17.576	3
17.577	3
17.577	3
17.577	3
17.577	3
17.578	3
17.578	3
17.578	3
17.579	3
17.579	4
17.58	4
17.58	3
17.58	3
17.581	3
17.581	4
17.581	3
17.582	6
17.582	3
17.583	3
17.583	3
17.583	3
17.583	4
17.584	3
17.584	3
17.584	3
17.584	3
17.586	4
17.586	3
17.586	4
17.586	3
17.586	3
17.587	3
17.589	3
17.589	3
17.59	3
17.59	3
17.591	4
17.592	3
17.592	3
17.593	4
17.594	3
17.595	4
17.595	5
17.597	3
17.598	3
17.598	3
17.599	3
17.602	3
17.604	4
17.605	3
17.609	3
17.61	3
17.611	3
17.612	4
17.613	6
17.613	4
17.614	3
17.619	3
17.62	4
17.624	3
17.627	3
17.764	3
17.764	3
17.765	3
17.765	3
17.766	3
17.766	3
17.766	3
17.766	3
17.767	3
17.767	3
17.767	3
17.768	3
17.768	4
17.769	4
17.769	3
17.769	3
17.77	3
17.77	3
17.77	3
17.771	6
17.771	3
17.772	3
17.772	3
17.772	3
17.772	4
17.773	3
17.773	3
17.773	3
17.773	3
17.775	4
17.775	3
17.775	4
17.775	3
17.775	3
17.776	3
17.778	3
17.778	3
17.779	3
17.779	3
17.78	4
17.781	3
17.781	3
17.782	4
17.783	3
17.784	4
17.784	5
17.786	3
17.787	3
17.787	3
17.788	3
17.791	3
17.793	4
17.794	3
17.798	3
17.799	3
17.8	3
17.801	4
17.802	6
17.802	4
17.803	3
17.808	3
17.809	4
17.813	3
17.816	3
17.991	3
17.991	3
17.992	3
17.992	3
17.993	3
17.993	3
17.993	3
17.993	3
17.994	3
17.994	3
17.994	3
17.995	3
17.995	3
17.996	4
17.996	3
17.996	3
17.997	3
17.997	3
17.997	3
17.998	6
17.998	3
17.999	3
17.999	3
17.999	3
17.999	4
18.0	3
18.0	3
18.0	3
18.0	3
18.002	4
18.002	3
18.002	4
18.002	3
18.002	3
18.003	3
18.005	3
18.005	3
18.006	3
18.006	3
18.007	4
18.008	3
18.008	3
18.009	4
18.01	3
18.011	4
18.011	5
18.013	3
18.014	3
18.014	3
18.015	3
18.018	3
18.02	4
18.021	3
18.025	3
18.026	3
18.027	3
18.028	4
18.029	6
18.029	4
18.03	3
18.035	3
18.036	4
18.04	3
18.043	3
18.096	3
18.096	3
18.097	3
18.097	3
18.098	3
18.098	3
18.098	3
18.098	3
18.099	3
18.099	3
18.099	3
18.1	3
18.1	3
18.101	4
18.101	3
18.101	3
18.102	3
18.102	3
18.102	3
18.103	6
18.103	3
18.104	3
18.104	3
18.104	3
18.104	4
18.105	3
18.105	3
18.105	3
18.105	3
18.107	4
18.107	3
18.107	4
18.107	3
18.107	3
18.108	3
18.11	3
18.11	3
18.111	3
18.111	3
18.112	4
18.113	3
18.113	3
18.114	4
18.115	3
18.116	4
18.116	5
18.118	3
18.119	3
18.119	3
18.12	3
18.123	3
18.125	4
18.126	3
18.13	3
18.131	3
18.132	3
18.133	3
18.134	6
18.134	4
18.135	3
18.14	3
18.141	4
18.145	3
18.148	3
18.704	3
18.704	3
18.705	3
18.705	3
18.706	3
18.706	3
18.706	3
18.706	3
18.707	3
18.707	3
18.707	3
18.708	3
18.708	3
18.709	3
18.709	3
18.709	3
18.71	3
18.71	3
18.71	3
18.711	6
18.711	3
18.712	3
18.712	3
18.712	3
18.712	4
18.713	3
18.713	3
18.713	3
18.713	3
18.715	4
18.715	3
18.715	4
18.715	3
18.715	3
18.716	3
18.718	3
18.718	3
18.719	3
18.719	3
18.72	4
18.721	3
18.721	3
18.722	4
18.723	3
18.724	4
18.724	5
18.726	3
18.727	3
18.727	3
18.728	3
18.731	3
18.733	4
18.734	3
18.738	3
18.739	3
18.74	3
18.741	3
18.742	6
18.742	4
18.743	3
18.748	3
18.749	4
18.753	3
18.756	3
19.498	3
19.498	3
19.499	3
19.499	3
19.5	3
19.5	3
19.5	3
19.5	3
19.501	3
19.501	3
19.501	3
19.502	3
19.502	3
19.503	3
19.503	3
19.503	3
19.504	3
19.504	3
19.504	3
19.505	6
19.505	3
19.506	3
19.506	3
19.506	3
19.506	4
19.507	3
19.507	3
19.507	3
19.507	3
19.509	4
19.509	3
19.509	4
19.509	3
19.509	3
19.51	3
19.512	3
19.512	3
19.513	3
19.513	3
19.514	4
19.515	3
19.515	3
19.516	3
19.517	3
19.518	4
19.518	5
19.52	3
19.521	3
19.521	3
19.522	3
19.525	3
19.527	4
19.528	3
19.532	3
19.533	3
19.534	3
19.535	3
19.536	6
19.536	4
19.537	3
19.542	3
19.543	4
19.547	3
19.55	3
20.285	3
20.285	3
20.286	3
20.286	3
20.287	3
20.287	3
20.287	3
20.287	3
20.288	3
20.288	3
20.288	3
20.289	3
20.289	3
20.29	3
20.29	3
20.29	3
20.291	3
20.291	3
20.291	3
20.292	6
20.292	3
20.293	3
20.293	3
20.293	3
20.293	4
20.294	3
20.294	3
20.294	3
20.294	3
20.296	4
20.296	3
20.296	4
20.296	3
20.296	3
20.297	3
20.299	3
20.299	3
20.3	3
20.3	3
20.301	4
20.302	3
20.302	3
20.303	3
20.304	3
20.305	4
20.305	5
20.307	3
20.308	3
20.308	3
20.309	3
20.312	3
20.314	4
20.315	3
20.319	3
20.32	3
20.321	3
20.322	3
20.323	6
20.323	4
20.324	3
20.329	3
20.33	3
20.334	3
20.337	3
20.827	3
20.827	3
20.828	3
20.828	3
20.829	3
20.829	3
20.829	3
20.829	3
20.83	3
20.83	3
20.83	3
20.831	3
20.831	3
20.832	3
20.832	3
20.832	3
20.833	3
20.833	3
20.833	3
20.834	6
20.834	3
20.835	3
20.835	3
20.835	3
20.835	4
20.836	3
20.836	3
20.836	3
20.836	3
20.838	4
20.838	3
20.838	4
20.838	3
20.838	3
20.839	3
20.841	3
20.841	3
20.842	3
20.842	3
20.843	4
20.844	3
20.844	3
20.845	3
20.846	3
20.847	4
20.847	5
20.849	3
20.85	3
20.85	3
20.851	3
20.854	3
20.856	4
20.857	3
20.861	3
20.862	3
20.863	3
20.864	3
20.865	6
20.865	3
20.866	3
20.871	3
20.872	3
20.876	3
20.879	3
20.915	3
20.915	3
20.916	3
20.916	3
20.917	3
20.917	3
20.917	3
20.917	3
20.918	3
20.918	3
20.918	3
20.919	3
20.919	3
20.92	3
20.92	3
20.92	3
20.921	3
20.921	3
20.921	3
20.922	6
20.922	3
20.923	3
20.923	3
20.923	3
20.923	4
20.924	3
20.924	3
20.924	3
20.924	3
20.926	4
20.926	3
20.926	4
20.926	3
20.926	3
20.927	3
20.929	3
20.929	3
20.93	3
20.93	3
20.931	4
20.932	3
20.932	3
20.933	3
20.934	3
20.935	3
20.935	5
20.937	3
20.938	3
20.938	3
20.939	3
20.942	3
20.944	4
20.945	3
20.949	3
20.95	3
20.951	3
20.952	3
20.953	6
20.953	3
20.954	3
20.959	3
20.96	3
20.964	3
20.967	3
21.472	3
21.472	3
21.473	3
21.473	3
21.474	3
21.474	3
21.474	3
21.474	3
21.475	3
21.475	3
21.475	3
21.476	3
21.476	3
21.477	3
21.477	3
21.477	3
21.478	3
21.478	3
21.478	3
21.479	6
21.479	3
21.48	3
21.48	3
21.48	3
21.48	4
21.481	3
21.481	3
21.481	3
21.481	3
21.483	4
21.483	3
21.483	4
21.483	3
21.483	3
21.484	3
21.486	3
21.486	3
21.487	3
21.487	3
21.488	4
21.489	3
21.489	3
21.49	3
21.491	3
21.492	3
21.492	4
21.494	3
21.495	3
21.495	3
21.496	3
21.499	3
21.501	4
21.502	3
21.506	3
21.507	3
21.508	3
21.509	3
21.51	6
21.51	3
21.511	3
21.516	3
21.517	3
21.521	3
21.524	3
22.351	3
22.351	3
22.352	3
22.352	3
22.353	3
22.353	3
22.353	3
22.353	3
22.354	3
22.354	3
22.354	3
22.355	3
22.355	3
22.356	3
22.356	3
22.356	3
22.357	3
22.357	3
22.357	3
22.358	6
22.358	3
22.359	3
22.359	3
22.359	3
22.359	4
22.36	3
22.36	3
22.36	3
22.36	3
22.362	4
22.362	3
22.362	4
22.362	3
22.362	3
22.363	3
22.365	3
22.365	3
22.366	3
22.366	3
22.367	4
22.368	3
22.368	3
22.369	3
22.37	3
22.371	4
22.371	4
22.373	3
22.374	3
22.374	3
22.375	3
22.378	3
22.38	4
22.381	3
22.385	3
22.386	3
22.387	3
22.388	3
22.389	6
22.389	3
22.39	3
22.395	3
22.396	3
22.4	3
22.403	3
22.482	3
22.482	3
22.483	3
22.483	3
22.484	3
22.484	3
22.484	3
22.484	3
22.485	3
22.485	3
22.485	3
22.486	3
22.486	3
22.487	3
22.487	3
22.487	3
22.488	3
22.488	3
22.488	3
22.489	6
22.489	3
22.49	3
22.49	3
22.49	3
22.49	4
22.491	3
22.491	3
22.491	3
22.491	3
22.493	4
22.493	3
22.493	4
22.493	3
22.493	3
22.494	3
22.496	3
22.496	3
22.497	3
22.497	3
22.498	4
22.499	3
22.499	3
22.5	3
22.501	3
22.502	4
22.502	4
22.504	3
22.505	3
22.505	3
22.506	3
22.509	3
22.511	4
22.512	3
22.516	3
22.517	3
22.518	3
22.519	3
22.52	6
22.52	4
22.521	3
22.526	3
22.527	3
22.531	3
22.534	3
22.732	3
22.732	3
22.733	3
22.733	3
22.734	3
22.734	3
22.734	3
22.734	3
22.735	3
22.735	3
22.735	3
22.736	3
22.736	3
22.737	3
22.737	3
22.737	3
22.738	3
22.738	3
22.738	3
22.739	6
22.739	3
22.74	3
22.74	3
22.74	3
22.74	4
22.741	3
22.741	3
22.741	3
22.741	3
22.743	4
22.743	3
22.743	3
22.743	3
22.743	3
22.744	3
22.746	3
22.746	3
22.747	3
22.747	3
22.748	4
22.749	3
22.749	3
22.75	3
22.751	3
22.752	4
22.752	4
22.754	3
22.755	3
22.755	3
22.756	3
22.759	3
22.761	4
22.762	3
22.766	3
22.767	3
22.768	3
22.769	3
22.77	6
22.77	4
22.771	3
22.776	3
22.777	3
22.781	3
22.784	3
22.921	3
22.921	3
22.922	3
22.922	3
22.923	3
22.923	3
22.923	3
22.923	3
22.924	3
22.924	3
22.924	3
22.925	3
22.925	3
22.926	3
22.926	3
22.926	3
22.927	3
22.927	3
22.927	3
22.928	6
22.928	3
22.929	3
22.929	3
22.929	3
22.929	4
22.93	3
22.93	3
22.93	3
22.93	3
22.932	3
22.932	3
22.932	3
22.932	3
22.932	3
22.933	3
22.935	3
22.935	3
22.936	3
22.936	3
22.937	4
22.938	3
22.938	3
22.939	3
22.94	3
22.941	4
22.941	4
22.943	3
22.944	3
22.944	3
22.945	3
22.948	3
22.95	4
22.951	3
22.955	3
22.956	3
22.957	3
22.958	3
22.959	6
22.959	4
22.96	3
22.965	3
22.966	3
22.97	3
22.973	3
23.192	3
23.192	3
23.193	3
23.193	3
23.194	3
23.194	3
23.194	3
23.194	3
23.195	3
23.195	3
23.195	3
23.196	3
23.196	3
23.197	3
23.197	3
23.197	3
23.198	3
23.198	3
23.198	3
23.199	6
23.199	3
23.2	3
23.2	3
23.2	3
23.2	4
23.201	3
23.201	3
23.201	3
23.201	3
23.203	3
23.203	3
23.203	3
23.203	3
23.203	3
23.204	3
23.206	3
23.206	3
23.207	3
23.207	3
23.208	4
23.209	3
23.209	3
23.21	3
23.211	3
23.212	4
23.212	3
23.214	3
23.215	3
23.215	3
23.216	3
23.219	3
23.221	4
23.222	3
23.226	3
23.227	3
23.228	3
23.229	3
23.23	6
23.23	4
23.231	3
23.236	3
23.237	3
23.241	3
23.244	3
23.851	3
23.851	3
23.852	3
23.852	3
23.853	3
23.853	3
23.853	3
23.853	3
23.854	3
23.854	3
23.854	3
23.855	3
23.855	3
23.856	3
23.856	3
23.856	3
23.857	3
23.857	3
23.857	3
23.858	6
23.858	3
23.859	3
23.859	3
23.859	3
23.859	4
23.86	3
23.86	3
23.86	3
23.86	3
23.862	3
23.862	3
23.862	4
23.862	3
23.862	3
23.863	3
23.865	3
23.865	3
23.866	3
23.866	3
23.867	4
23.868	3
23.868	3
23.869	3
23.87	3
23.871	4
23.871	3
23.873	3
23.874	3
23.874	3
23.875	3
23.878	3
23.88	4
23.881	3
23.885	3
23.886	3
23.887	3
23.888	3
23.889	6
23.889	4
23.89	3
23.895	3
23.896	3
23.9	3
23.903	3
25.125	3
25.125	3
25.126	3
25.126	3
25.127	3
25.127	3
25.127	3
25.127	3
25.128	3
25.128	3
25.128	3
25.129	3
25.129	3
25.13	3
25.13	3
25.13	3
25.131	3
25.131	3
25.131	3
25.132	5
25.132	3
25.133	3
25.133	3
25.133	3
25.133	4
25.134	3
25.134	3
25.134	3
25.134	3
25.136	3
25.136	3
25.136	4
25.136	3
25.136	3
25.137	3
25.139	3
25.139	3
25.14	3
25.14	3
25.141	4
25.142	3
25.142	3
25.143	3
25.144	3
25.145	4
25.145	3
25.147	3
25.148	3
25.148	3
25.149	3
25.152	3
25.154	4
25.155	3
25.159	3
25.16	3
25.161	3
25.162	3
25.163	6
25.163	4
25.164	3
25.169	3
25.17	3
25.174	3
25.177	3
25.713	3
25.713	3
25.714	3
25.714	3
25.715	3
25.715	3
25.715	3
25.715	3
25.716	3
25.716	3
25.716	3
25.717	3
25.717	3
25.718	3
25.718	3
25.718	3
25.719	3
25.719	3
25.719	3
25.719	3
25.719	3
25.72	4
25.72	3
25.72	3
25.72	3
25.721	3
25.721	3
25.721	3
25.721	4
25.721	3
25.721	3
25.721	3
25.721	3
25.722	3
25.722	3
25.722	3
25.722	3
25.722	3
25.722	3
25.722	3
25.723	3
25.723	3
25.724	3
25.724	3
25.724	4
25.724	3
25.724	3
25.724	3
25.724	3
25.724	3
25.725	3
25.725	3
25.725	3
25.725	3
25.726	4
25.726	3
25.727	3
25.727	3
25.727	3
25.727	3
25.727	3
25.727	4
25.728	3
25.728	3
25.728	3
25.728	3
25.728	3
25.728	3
25.729	4
25.73	3
25.73	3
25.73	3
25.73	3
25.73	4
25.73	3
25.73	3
25.731	3
25.731	3
25.732	3
25.733	4
25.733	3
25.733	3
25.733	3
25.734	3
25.734	3
25.735	3
25.735	4
25.736	3
25.736	3
25.736	3
25.736	3
25.737	3
25.737	3
25.738	3
25.739	4
25.739	3
25.74	3
25.741	3
25.742	4
25.742	3
25.742	3
25.743	3
25.743	3
25.746	3
25.747	3
25.748	3
25.748	3
25.749	3
25.749	3
25.75	3
25.751	6
25.751	4
25.752	3
25.753	3
25.754	3
25.755	3
25.756	3
25.757	3
25.757	6
25.757	4
25.758	3
25.758	3
25.762	3
25.763	3
25.764	3
25.765	3
25.768	3
25.771	3
26.007	3
26.007	3
26.008	3
26.008	3
26.009	3
26.009	3
26.009	3
26.009	3
26.01	3
26.01	3
26.01	3
26.011	3
26.011	3
26.012	3
26.012	3
26.012	3
26.013	3
26.013	3
26.013	3
26.014	4
26.014	3
26.015	3
26.015	3
26.015	3
26.015	4
26.016	3
26.016	3
26.016	3
26.016	3
26.018	3
26.018	3
26.018	4
26.018	3
26.018	3
26.019	3
26.021	3
26.021	3
26.022	3
26.022	3
26.023	3
26.024	3
26.024	3
26.025	3
26.026	3
26.027	4
26.027	3
26.029	3
26.03	3
26.03	3
26.031	3
26.034	3
26.036	3
26.037	3
26.041	3
26.042	3
26.043	3
26.044	3
26.045	6
26.045	4
26.046	3
26.051	3
26.052	3
26.056	3
26.059	3
26.47	3
26.47	3
26.471	3
26.471	3
26.472	3
26.472	3
26.472	3
26.472	3
26.473	3
26.473	3
26.473	3
26.474	3
26.474	3
26.475	3
26.475	3
26.475	3
26.476	3
26.476	3
26.476	3
26.477	4
26.477	3
26.478	3
26.478	3
26.478	3
26.478	4
26.479	3
26.479	3
26.479	3
26.479	3
26.481	3
26.481	3
26.481	4
26.481	3
26.481	3
26.482	3
26.484	3
26.484	3
26.485	3
26.485	3
26.486	3
26.487	3
26.487	3
26.488	3
26.489	3
26.49	4
26.49	3
26.492	3
26.493	3
26.493	3
26.494	3
26.497	3
26.499	3
26.5	3
26.504	3
26.505	3
26.506	3
26.507	3
26.508	5
26.508	4
26.509	3
26.514	3
26.515	3
26.519	3
26.522	3
26.858	3
26.858	3
26.859	3
26.859	3
26.86	3
26.86	3
26.86	3
26.86	3
26.861	3
26.861	3
26.861	3
26.862	3
26.862	3
26.863	3
26.863	3
26.863	3
26.864	3
26.864	3
26.864	3
26.865	4
26.865	3
26.866	3
26.866	3
26.866	3
26.866	4
26.867	3
26.867	3
26.867	3
26.867	3
26.869	3
26.869	3
26.869	4
26.869	3
26.869	3
26.87	3
26.872	3
26.872	3
26.873	3
26.873	3
26.874	3
26.875	3
26.875	3
26.876	3
26.877	3
26.878	4
26.878	3
26.88	3
26.881	3
26.881	3
26.882	3
26.885	3
26.887	3
26.888	3
26.892	3
26.893	3
26.894	3
26.895	3
26.896	4
26.896	4
26.897	3
26.902	3
26.903	3
26.907	3
26.91	3
28.731	3
28.731	3
28.732	3
28.732	3
28.733	3
28.733	3
28.733	3
28.733	3
28.734	3
28.734	3
28.734	3
28.735	3
28.735	3
28.736	3
28.736	3
28.736	3
28.737	3
28.737	3
28.737	3
28.738	3
28.738	3
28.739	3
28.739	3
28.739	3
28.739	4
28.74	3
28.74	3
28.74	3
28.74	3
28.742	3
28.742	3
28.742	4
28.742	3
28.742	3
28.743	3
28.745	3
28.745	3
28.746	3
28.746	3
28.747	3
28.748	3
28.748	3
28.749	3
28.75	3
28.751	4
28.751	3
28.753	3
28.754	3
28.754	3
28.755	3
28.758	3
28.76	3
28.761	3
28.765	3
28.766	3
28.767	3
28.768	3
28.769	4
28.769	4
28.77	3
28.775	3
28.776	3
28.78	3
28.783	3
31.333	3
31.333	3
31.334	3
31.334	3
31.335	3
31.335	3
31.335	3
31.335	3
31.336	3
31.336	3
31.336	3
31.337	3
31.337	3
31.338	3
31.338	3
31.338	3
31.339	3
31.339	3
31.339	3
31.34	3
31.34	3
31.341	3
31.341	3
31.341	3
31.341	4
31.342	3
31.342	3
31.342	3
31.342	3
31.344	3
31.344	3
31.344	4
31.344	3
31.344	3
31.345	3
31.347	3
31.347	3
31.348	3
31.348	3
31.349	3
31.35	3
31.35	3
31.351	3
31.352	3
31.353	4
31.353	3
31.355	3
31.356	3
31.356	3
31.357	3
31.36	3
31.362	3
31.363	3
31.367	3
31.368	3
31.369	3
31.37	3
31.371	3
31.371	4
31.372	3
31.377	3
31.378	3
31.382	3
31.385	3
32.927	3
32.927	3
32.928	3
32.928	3
32.929	3
32.929	3
32.929	3
32.929	3
32.93	3
32.93	3
32.93	3
32.931	3
32.931	3
32.932	3
32.932	3
32.932	3
32.933	3
32.933	3
32.933	3
32.934	3
32.934	3
32.935	3
32.935	3
32.935	3
32.935	4
32.936	3
32.936	3
32.936	3
32.936	3
32.938	3
32.938	3
32.938	3
32.938	3
32.938	3
32.939	3
32.941	3
32.941	3
32.942	3
32.942	3
32.943	3
32.944	3
32.944	3
32.945	3
32.946	3
32.947	4
32.947	3
32.949	3
32.95	3
32.95	3
32.951	3
32.954	3
32.956	3
32.957	3
32.961	3
32.962	3
32.963	3
32.964	3
32.965	3
32.965	4
32.966	3
32.971	3
32.972	3
32.976	3
32.979	3
33.397	3
33.397	3
33.398	3
33.398	3
33.399	3
33.399	3
33.399	3
33.399	3
33.4	3
33.4	3
33.4	3
33.401	3
33.401	3
33.402	3
33.402	3
33.402	3
33.403	3
33.403	3
33.403	3
33.404	3
33.404	3
33.405	3
33.405	3
33.405	3
33.405	3
33.406	3
33.406	3
33.406	3
33.406	3
33.408	3
33.408	3
33.408	3
33.408	3
33.408	3
33.409	3
33.411	3
33.411	3
33.412	3
33.412	3
33.413	3
33.414	3
33.414	3
33.415	3
33.416	3
33.417	4
33.417	3
33.419	3
33.42	3
33.42	3
33.421	3
33.424	3
33.426	3
33.427	3
33.431	3
33.432	3
33.433	3
33.434	3
33.435	3
33.435	4
33.436	3
33.441	3
33.442	3
33.446	3
33.449	3
37.463	3
37.463	3
37.464	3
37.464	3
37.465	3
37.465	3
37.465	3
37.465	3
37.466	3
37.466	3
37.466	3
37.467	3
37.467	3
37.468	3
37.468	3
37.468	3
37.469	3
37.469	3
37.469	3
37.47	3
37.47	3
37.471	3
37.471	3
37.471	3
37.471	3
37.472	3
37.472	3
37.472	3
37.472	3
37.474	3
37.474	3
37.474	3
37.474	3
37.474	3
37.475	3
37.477	3
37.477	3
37.478	3
37.478	3
37.479	3
37.48	3
37.48	3
37.481	3
37.482	3
37.483	3
37.483	3
37.485	3
37.486	3
37.486	3
37.487	3
37.49	3
37.492	3
37.493	3
37.497	3
37.498	3
37.499	3
37.5	3
37.501	3
37.501	4
37.502	3
37.507	3
37.508	3
37.512	3
37.515	3
40.636	3
40.636	3
40.637	3
40.637	3
40.638	3
40.638	3
40.638	3
40.638	3
40.639	3
40.639	3
40.639	3
40.64	3
40.64	3
40.641	3
40.641	3
40.641	3
40.642	3
40.642	3
40.642	3
40.643	3
40.643	3
40.644	3
40.644	3
40.644	3
40.644	3
40.645	3
40.645	3
40.645	3
40.645	3
40.647	3
40.647	3
40.647	3
40.647	3
40.647	3
40.648	3
40.65	3
40.65	3
40.651	3
40.651	3
40.652	3
40.653	3
40.653	3
40.654	3
40.655	3
40.656	3
40.656	3
40.658	3
40.659	3
40.659	3
40.66	3
40.663	3
40.665	3
40.666	3
40.67	3
40.671	3
40.672	3
40.673	3
40.674	4
40.674	4
40.675	3
40.68	3
40.681	3
40.685	3
40.688	3
50.306	3
50.306	3
50.307	3
50.307	3
50.308	3
50.308	3
50.308	3
50.308	3
50.309	3
50.309	3
50.309	3
50.31	3
50.31	3
50.311	3
50.311	3
50.311	3
50.312	3
50.312	3
50.312	3
50.313	3
50.313	3
50.314	3
50.314	3
50.314	3
50.314	3
50.315	3
50.315	3
50.315	3
50.315	3
50.317	3
50.317	3
50.317	3
50.317	3
50.317	3
50.318	3
50.32	3
50.32	3
50.321	3
50.321	3
50.322	3
50.323	3
50.323	3
50.324	3
50.325	3
50.326	3
50.326	3
50.328	3
50.329	3
50.329	3
50.33	3
50.333	3
50.335	3
50.336	3
50.34	3
50.341	3
50.342	3
50.343	3
50.344	3
50.344	4
50.345	3
50.35	3
50.351	3
50.355	3
50.358	3
54.154	3
54.154	3
54.155	3
54.155	3
54.156	3
54.156	3
54.156	3
54.156	3
54.157	3
54.157	3
54.157	3
54.158	3
54.158	3
54.159	3
54.159	3
54.159	3
54.16	3
54.16	3
54.16	3
54.161	3
54.161	3
54.162	3
54.162	3
54.162	3
54.162	3
54.163	3
54.163	3
54.163	3
54.163	3
54.165	3
54.165	3
54.165	3
54.165	3
54.165	3
54.166	3
54.168	3
54.168	3
54.169	3
54.169	3
54.17	3
54.171	3
54.171	3
54.172	3
54.173	3
54.174	3
54.174	3
54.176	3
54.177	3
54.177	3
54.178	3
54.181	3
54.183	3
54.184	3
54.188	3
54.189	3
54.19	3
54.191	3
54.192	3
54.192	3
54.193	3
54.198	3
54.199	3
54.203	3
54.206	3
