20.014	1
20.052	1
20.066	1
20.101	1
20.109	1
20.111	1
20.118	1
20.128	1
20.135	1
20.143	1
20.158	1
20.19	2
20.232	2
20.25	2
20.273	2
20.278	2
20.298	2
20.404	2
20.421	2
20.459	2
20.5	3
20.502	3
20.556	3
20.567	4
20.61	4
20.654	4
20.736	4
20.743	4
20.76	4
20.77	4
20.822	4
20.9	4
20.946	4
20.985	4
21.045	4
21.127	4
21.231	4
21.239	4
21.3	4
21.509	4
21.845	3
22.255	3
22.533	3
22.698	3
22.765	3
23.294	3
23.547	3
27.221	3
27.726	3
31.873	3
19.868	1
19.929	2
20.014	2
20.052	2
20.066	2
20.101	2
20.109	2
20.111	2
20.118	2
20.128	2
20.135	2
20.143	2
20.158	2
20.19	2
20.232	2
20.25	2
20.273	2
20.278	2
20.298	2
20.404	2
20.421	2
20.459	2
20.5	2
20.502	2
20.556	2
20.567	3
20.61	3
20.654	3
20.736	3
20.743	3
20.76	3
20.77	3
20.822	3
20.9	3
20.946	4
20.985	4
21.045	4
21.127	4
21.231	4
21.239	4
21.3	4
21.509	4
21.845	4
22.255	4
22.533	3
22.698	3
22.765	3
23.294	3
23.547	3
27.221	3
27.726	3
31.873	3
19.929	1
20.014	2
20.052	2
20.066	2
20.101	2
20.109	2
20.111	2
20.118	2
20.128	2
20.135	2
20.143	2
20.158	2
20.19	2
20.232	2
20.25	2
20.273	2
20.278	2
20.298	2
20.404	2
20.421	2
20.459	3
20.5	3
20.502	3
20.556	3
20.567	3
20.61	3
20.654	3
20.736	3
20.743	3
20.76	3
20.77	3
20.822	3
20.9	3
20.946	3
20.985	3
21.045	3
21.127	3
21.231	3
21.239	3
21.3	3
21.509	3
21.845	3
22.255	3
22.533	3
22.698	3
22.765	3
23.294	3
23.547	3
27.221	3
27.726	3
31.873	3
20.459	1
20.5	1
20.502	1
20.556	1
20.567	1
20.61	1
20.654	1
20.736	1
20.743	1
20.76	1
20.77	1
20.822	1
20.9	1
20.946	1
20.985	2
21.045	2
21.127	2
21.231	3
21.239	3
21.3	4
21.509	4
21.845	4
22.255	4
22.533	4
22.698	3
22.765	3
23.294	3
23.547	3
27.221	3
27.726	3
31.873	3
20.111	1
20.118	1
20.128	1
20.135	2
20.143	2
20.158	2
20.19	2
20.232	2
20.25	2
20.273	2
20.278	2
20.298	2
20.404	2
20.421	2
20.459	3
20.5	3
20.502	3
20.556	3
20.567	3
20.61	3
20.654	3
20.736	3
20.743	3
20.76	3
20.77	3
20.822	3
20.9	3
20.946	3
20.985	3
21.045	3
21.127	3
21.231	3
21.239	3
21.3	3
21.509	3
21.845	3
22.255	3
22.533	3
22.698	3
22.765	3
23.294	3
23.547	3
27.221	3
27.726	3
31.873	3
20.014	1
20.052	1
20.066	1
20.101	1
20.109	2
20.111	2
20.118	2
20.128	2
20.135	2
20.143	2
20.158	2
20.19	2
20.232	2
20.25	2
20.273	2
20.278	2
20.298	2
20.404	2
20.421	2
20.459	2
20.5	2
20.502	2
20.556	2
20.567	3
20.61	3
20.654	3
20.736	3
20.743	3
20.76	3
20.77	3
20.822	3
20.9	3
20.946	3
20.985	3
21.045	3
21.127	3
21.231	3
21.239	3
21.3	3
21.509	3
21.845	3
22.255	3
22.533	3
22.698	3
22.765	3
23.294	3
23.547	3
27.221	3
27.726	3
31.873	3
20.118	1
20.128	1
20.135	1
20.143	1
20.158	1
20.19	1
20.232	1
20.25	1
20.273	1
20.278	1
20.298	1
20.404	1
20.421	1
20.459	2
20.5	2
20.502	2
20.556	2
20.567	2
20.61	2
20.654	2
20.736	2
20.743	2
20.76	2
20.77	2
20.822	2
20.9	3
20.946	3
20.985	3
21.045	3
21.127	3
21.231	3
21.239	3
21.3	3
21.509	3
21.845	3
22.255	3
22.533	3
22.698	3
22.765	3
23.294	3
23.547	3
27.221	3
27.726	3
31.873	3
19.825	1
19.854	1
19.868	1
19.929	2
20.014	2
20.052	2
20.066	3
20.101	3
20.109	3
20.111	3
20.118	3
20.128	3
20.135	3
20.143	3
20.158	3
20.19	3
20.232	3
20.25	3
20.273	3
20.278	3
20.298	3
20.404	3
20.421	3
20.459	3
20.5	3
20.502	3
20.556	3
20.567	3
20.61	3
20.654	3
20.736	3
20.743	3
20.76	3
20.77	3
20.822	3
20.9	3
20.946	3
20.985	3
21.045	3
21.127	3
21.231	3
21.239	3
21.3	3
21.509	3
21.845	3
22.255	3
22.533	3
22.698	3
22.765	3
23.294	3
23.547	3
27.221	3
27.726	3
31.873	3
20.118	1
20.128	1
20.135	1
20.143	1
20.158	1
20.19	1
20.232	1
20.25	1
20.273	1
20.278	1
20.298	1
20.404	1
20.421	1
20.459	2
20.5	2
20.502	2
20.556	2
20.567	2
20.61	2
20.654	2
20.736	2
20.743	2
20.76	2
20.77	2
20.822	2
20.9	2
20.946	2
20.985	3
21.045	3
21.127	3
21.231	3
21.239	3
21.3	3
21.509	3
21.845	3
22.255	3
22.533	3
22.698	3
22.765	3
23.294	3
23.547	3
27.221	3
27.726	3
31.873	3
20.109	1
20.111	1
20.118	1
20.128	1
20.135	1
20.143	1
20.158	1
20.19	1
20.232	1
20.25	1
20.273	1
20.278	1
20.298	1
20.404	1
20.421	1
20.459	1
20.5	1
20.502	2
20.556	2
20.567	3
20.61	3
20.654	3
20.736	3
20.743	3
20.76	3
20.77	3
20.822	3
20.9	3
20.946	3
20.985	3
21.045	3
21.127	3
21.231	3
21.239	3
21.3	3
21.509	3
21.845	3
22.255	3
22.533	3
22.698	3
22.765	3
23.294	3
23.547	3
27.221	3
27.726	3
31.873	3
20.066	1
20.101	1
20.109	1
20.111	1
20.118	1
20.128	1
20.135	1
20.143	1
20.158	1
20.19	1
20.232	1
20.25	1
20.273	1
20.278	1
20.298	1
20.404	1
20.421	1
20.459	1
20.5	1
20.502	1
20.556	1
20.567	2
20.61	2
20.654	2
20.736	2
20.743	2
20.76	2
20.77	2
20.822	2
20.9	2
20.946	2
20.985	3
21.045	3
21.127	3
21.231	3
21.239	3
21.3	3
21.509	3
21.845	3
22.255	3
22.533	3
22.698	3
22.765	3
23.294	3
23.547	3
27.221	3
27.726	3
31.873	3
20.014	1
20.052	1
20.066	1
20.101	1
20.109	1
20.111	1
20.118	1
20.128	1
20.135	1
20.143	1
20.158	1
20.19	1
20.232	1
20.25	1
20.273	1
20.278	2
20.298	2
20.404	2
20.421	2
20.459	3
20.5	3
20.502	3
20.556	3
20.567	3
20.61	3
20.654	3
20.736	3
20.743	3
20.76	3
20.77	3
20.822	3
20.9	3
20.946	3
20.985	3
21.045	3
21.127	3
21.231	3
21.239	3
21.3	3
21.509	3
21.845	3
22.255	3
22.533	3
22.698	3
22.765	3
23.294	3
23.547	3
27.221	3
27.726	3
31.873	3
19.825	1
19.854	1
19.868	2
19.929	2
20.014	2
20.052	2
20.066	2
20.101	2
20.109	2
20.111	2
20.118	3
20.128	3
20.135	3
20.143	3
20.158	3
20.19	3
20.232	3
20.25	3
20.273	3
20.278	3
20.298	3
20.404	3
20.421	3
20.459	3
20.5	3
20.502	3
20.556	3
20.567	3
20.61	3
20.654	3
20.736	3
20.743	3
20.76	3
20.77	3
20.822	3
20.9	3
20.946	3
20.985	3
21.045	3
21.127	3
21.231	3
21.239	3
21.3	3
21.509	3
21.845	3
22.255	3
22.533	3
22.698	3
22.765	3
23.294	3
23.547	3
27.221	3
27.726	3
31.873	3
20.111	1
20.118	1
20.128	1
20.135	1
20.143	1
20.158	1
20.19	1
20.232	1
20.25	1
20.273	1
20.278	1
20.298	1
20.404	1
20.421	1
20.459	2
20.5	2
20.502	2
20.556	2
20.567	2
20.61	2
20.654	2
20.736	2
20.743	2
20.76	2
20.77	2
20.822	2
20.9	2
20.946	2
20.985	3
21.045	3
21.127	3
21.231	3
21.239	3
21.3	3
21.509	3
21.845	3
22.255	3
22.533	3
22.698	3
22.765	3
23.294	3
23.547	3
27.221	3
27.726	3
31.873	3
20.111	1
20.118	1
20.128	1
20.135	1
20.143	1
20.158	1
20.19	1
20.232	1
20.25	1
20.273	1
20.278	1
20.298	1
20.404	1
20.421	1
20.459	1
20.5	1
20.502	1
20.556	1
20.567	1
20.61	1
20.654	1
20.736	1
20.743	2
20.76	2
20.77	2
20.822	2
20.9	2
20.946	2
20.985	3
21.045	3
21.127	3
21.231	3
21.239	3
21.3	3
21.509	3
21.845	3
22.255	3
22.533	3
22.698	3
22.765	3
23.294	3
23.547	3
27.221	3
27.726	3
31.873	3
20.052	1
20.066	1
20.101	1
20.109	1
20.111	1
20.118	1
20.128	1
20.135	1
20.143	1
20.158	1
20.19	1
20.232	1
20.25	1
20.273	1
20.278	2
20.298	2
20.404	2
20.421	2
20.459	3
20.5	3
20.502	3
20.556	3
20.567	3
20.61	3
20.654	3
20.736	3
20.743	3
20.76	3
20.77	3
20.822	3
20.9	3
20.946	3
20.985	3
21.045	3
21.127	3
21.231	3
21.239	3
21.3	3
21.509	3
21.845	3
22.255	3
22.533	3
22.698	3
22.765	3
23.294	3
23.547	3
27.221	3
27.726	3
31.873	3
19.825	1
19.854	1
19.868	1
19.929	1
20.014	1
20.052	1
20.066	1
20.101	1
20.109	1
20.111	1
20.118	1
20.128	1
20.135	1
20.143	1
20.158	1
20.19	1
20.232	1
20.25	1
20.273	1
20.278	2
20.298	2
20.404	2
20.421	2
20.459	2
20.5	2
20.502	2
20.556	2
20.567	2
20.61	2
20.654	2
20.736	2
20.743	2
20.76	2
20.77	2
20.822	2
20.9	2
20.946	2
20.985	2
21.045	2
21.127	2
21.231	2
21.239	2
21.3	2
21.509	2
21.845	2
22.255	2
22.533	2
22.698	2
22.765	2
23.294	2
23.547	2
27.221	2
27.726	2
31.873	2
20.014	1
20.052	1
20.066	1
20.101	1
20.109	2
20.111	2
20.118	2
20.128	2
20.135	2
20.143	2
20.158	2
20.19	2
20.232	2
20.25	2
20.273	2
20.278	2
20.298	2
20.404	2
20.421	2
20.459	2
20.5	2
20.502	2
20.556	2
20.567	3
20.61	3
20.654	3
20.736	3
20.743	3
20.76	3
20.77	3
20.822	3
20.9	3
20.946	3
20.985	3
21.045	3
21.127	3
21.231	3
21.239	3
21.3	3
21.509	3
21.845	3
22.255	3
22.533	3
22.698	3
22.765	3
23.294	3
23.547	3
27.221	3
27.726	3
31.873	3
20.109	1
20.111	1
20.118	2
20.128	2
20.135	2
20.143	2
20.158	2
20.19	2
20.232	2
20.25	2
20.273	2
20.278	2
20.298	2
20.404	2
20.421	2
20.459	2
20.5	2
20.502	2
20.556	2
20.567	2
20.61	2
20.654	2
20.736	2
20.743	2
20.76	2
20.77	2
20.822	2
20.9	2
20.946	2
20.985	3
21.045	3
21.127	3
21.231	3
21.239	3
21.3	3
21.509	3
21.845	3
22.255	3
22.533	3
22.698	3
22.765	3
23.294	3
23.547	3
27.221	3
27.726	3
31.873	3
19.868	1
19.929	1
20.014	2
20.052	2
20.066	2
20.101	2
20.109	3
20.111	3
20.118	3
20.128	3
20.135	3
20.143	3
20.158	3
20.19	3
20.232	3
20.25	3
20.273	3
20.278	3
20.298	3
20.404	3
20.421	3
20.459	3
20.5	3
20.502	3
20.556	3
20.567	3
20.61	3
20.654	3
20.736	3
20.743	3
20.76	3
20.77	3
20.822	3
20.9	3
20.946	3
20.985	3
21.045	3
21.127	3
21.231	3
21.239	3
21.3	3
21.509	3
21.845	3
22.255	3
22.533	3
22.698	3
22.765	3
23.294	3
23.547	3
27.221	3
27.726	3
31.873	3
20.052	1
20.066	1
20.101	1
20.109	1
20.111	1
20.118	2
20.128	2
20.135	2
20.143	2
20.158	2
20.19	2
20.232	2
20.25	2
20.273	2
20.278	3
20.298	3
20.404	3
20.421	3
20.459	3
20.5	3
20.502	3
20.556	3
20.567	3
20.61	3
20.654	3
20.736	3
20.743	3
20.76	3
20.77	3
20.822	3
20.9	3
20.946	3
20.985	3
21.045	3
21.127	3
21.231	3
21.239	3
21.3	3
21.509	3
21.845	3
22.255	3
22.533	3
22.698	3
22.765	3
23.294	3
23.547	3
27.221	3
27.726	3
31.873	3
19.868	1
19.929	1
20.014	1
20.052	1
20.066	1
20.101	1
20.109	1
20.111	1
20.118	1
20.128	1
20.135	1
20.143	1
20.158	1
20.19	1
20.232	1
20.25	1
20.273	1
20.278	1
20.298	1
20.404	1
20.421	1
20.459	1
20.5	1
20.502	1
20.556	1
20.567	1
20.61	1
20.654	1
20.736	1
20.743	1
20.76	1
20.77	1
20.822	1
20.9	1
20.946	1
20.985	1
21.045	1
21.127	2
21.231	2
21.239	2
21.3	2
21.509	2
21.845	2
22.255	2
22.533	2
22.698	2
22.765	2
23.294	2
23.547	2
27.221	2
27.726	2
31.873	2
20.111	1
20.118	1
20.128	1
20.135	1
20.143	1
20.158	1
20.19	1
20.232	1
20.25	1
20.273	1
20.278	1
20.298	1
20.404	1
20.421	1
20.459	1
20.5	1
20.502	1
20.556	1
20.567	2
20.61	2
20.654	2
20.736	2
20.743	2
20.76	2
20.77	2
20.822	2
20.9	2
20.946	2
20.985	3
21.045	3
21.127	3
21.231	3
21.239	3
21.3	3
21.509	3
21.845	3
22.255	3
22.533	3
22.698	3
22.765	3
23.294	3
23.547	3
27.221	3
27.726	3
31.873	3
19.825	1
19.854	1
19.868	1
19.929	1
20.014	1
20.052	1
20.066	1
20.101	1
20.109	1
20.111	2
20.118	2
20.128	2
20.135	2
20.143	2
20.158	2
20.19	2
20.232	2
20.25	2
20.273	2
20.278	2
20.298	2
20.404	2
20.421	2
20.459	2
20.5	2
20.502	2
20.556	2
20.567	2
20.61	2
20.654	2
20.736	2
20.743	2
20.76	2
20.77	2
20.822	2
20.9	2
20.946	2
20.985	3
21.045	3
21.127	3
21.231	3
21.239	3
21.3	3
21.509	3
21.845	3
22.255	3
22.533	3
22.698	3
22.765	3
23.294	3
23.547	3
27.221	3
27.726	3
31.873	3
19.868	1
19.929	1
20.014	2
20.052	2
20.066	2
20.101	2
20.109	2
20.111	2
20.118	2
20.128	2
20.135	2
20.143	2
20.158	2
20.19	2
20.232	2
20.25	2
20.273	2
20.278	2
20.298	2
20.404	2
20.421	2
20.459	2
20.5	2
20.502	3
20.556	3
20.567	3
20.61	3
20.654	3
20.736	3
20.743	3
20.76	3
20.77	3
20.822	3
20.9	3
20.946	3
20.985	3
21.045	3
21.127	3
21.231	3
21.239	3
21.3	3
21.509	3
21.845	3
22.255	3
22.533	3
22.698	3
22.765	3
23.294	3
23.547	3
27.221	3
27.726	3
31.873	3
20.502	1
20.556	1
20.567	2
20.61	2
20.654	2
20.736	2
20.743	2
20.76	3
20.77	3
20.822	3
20.9	3
20.946	3
20.985	3
21.045	3
21.127	3
21.231	3
21.239	3
21.3	3
21.509	3
21.845	3
22.255	3
22.533	3
22.698	3
22.765	3
23.294	3
23.547	3
27.221	3
27.726	3
31.873	3
20.014	1
20.052	1
20.066	2
20.101	2
20.109	2
20.111	2
20.118	2
20.128	2
20.135	2
20.143	2
20.158	2
20.19	2
20.232	2
20.25	2
20.273	2
20.278	2
20.298	2
20.404	2
20.421	2
20.459	2
20.5	2
20.502	2
20.556	2
20.567	2
20.61	2
20.654	2
20.736	2
20.743	2
20.76	2
20.77	2
20.822	2
20.9	2
20.946	2
20.985	3
21.045	3
21.127	3
21.231	3
21.239	3
21.3	3
21.509	3
21.845	3
22.255	3
22.533	3
22.698	3
22.765	3
23.294	3
23.547	3
27.221	3
27.726	3
31.873	3
19.825	1
19.854	1
19.868	1
19.929	1
20.014	1
20.052	1
20.066	1
20.101	1
20.109	1
20.111	1
20.118	1
20.128	1
20.135	1
20.143	1
20.158	1
20.19	1
20.232	1
20.25	1
20.273	1
20.278	1
20.298	1
20.404	1
20.421	1
20.459	2
20.5	2
20.502	2
20.556	2
20.567	2
20.61	2
20.654	2
20.736	2
20.743	2
20.76	2
20.77	2
20.822	2
20.9	2
20.946	2
20.985	2
21.045	2
21.127	2
21.231	2
21.239	2
21.3	2
21.509	2
21.845	2
22.255	2
22.533	2
22.698	2
22.765	2
23.294	2
23.547	2
27.221	2
27.726	2
31.873	2
19.868	1
19.929	1
20.014	1
20.052	1
20.066	1
20.101	1
20.109	1
20.111	2
20.118	2
20.128	2
20.135	2
20.143	2
20.158	2
20.19	2
20.232	2
20.25	2
20.273	2
20.278	3
20.298	3
20.404	3
20.421	3
20.459	3
20.5	3
20.502	3
20.556	3
20.567	3
20.61	3
20.654	3
20.736	3
20.743	3
20.76	3
20.77	3
20.822	3
20.9	3
20.946	3
20.985	3
21.045	3
21.127	3
21.231	3
21.239	3
21.3	3
21.509	3
21.845	3
22.255	3
22.533	3
22.698	3
22.765	3
23.294	3
23.547	3
27.221	3
27.726	3
31.873	3
19.929	1
20.014	1
20.052	1
20.066	1
20.101	1
20.109	1
20.111	1
20.118	2
20.128	2
20.135	2
20.143	2
20.158	2
20.19	2
20.232	2
20.25	2
20.273	2
20.278	2
20.298	2
20.404	2
20.421	2
20.459	3
20.5	3
20.502	3
20.556	3
20.567	3
20.61	3
20.654	3
20.736	3
20.743	3
20.76	3
20.77	3
20.822	3
20.9	3
20.946	3
20.985	3
21.045	3
21.127	3
21.231	3
21.239	3
21.3	3
21.509	3
21.845	3
22.255	3
22.533	3
22.698	3
22.765	3
23.294	3
23.547	3
27.221	3
27.726	3
31.873	3
20.109	1
20.111	1
20.118	1
20.128	1
20.135	1
20.143	1
20.158	1
20.19	1
20.232	1
20.25	1
20.273	1
20.278	1
20.298	1
20.404	1
20.421	1
20.459	1
20.5	1
20.502	1
20.556	1
20.567	1
20.61	1
20.654	1
20.736	1
20.743	1
20.76	1
20.77	1
20.822	1
20.9	1
20.946	1
20.985	2
21.045	2
21.127	2
21.231	2
21.239	2
21.3	2
21.509	2
21.845	2
22.255	2
22.533	2
22.698	2
22.765	2
23.294	2
23.547	2
27.221	2
27.726	2
31.873	2
19.868	1
19.929	1
20.014	1
20.052	1
20.066	1
20.101	1
20.109	1
20.111	1
20.118	2
20.128	2
20.135	2
20.143	2
20.158	2
20.19	2
20.232	2
20.25	2
20.273	2
20.278	2
20.298	2
20.404	2
20.421	2
20.459	3
20.5	3
20.502	3
20.556	3
20.567	3
20.61	3
20.654	3
20.736	3
20.743	3
20.76	3
20.77	3
20.822	3
20.9	3
20.946	3
20.985	3
21.045	3
21.127	3
21.231	3
21.239	3
21.3	3
21.509	3
21.845	3
22.255	3
22.533	3
22.698	3
22.765	3
23.294	3
23.547	3
27.221	3
27.726	3
31.873	3
19.825	1
19.854	1
19.868	1
19.929	1
20.014	1
20.052	1
20.066	1
20.101	1
20.109	1
20.111	1
20.118	1
20.128	1
20.135	1
20.143	1
20.158	1
20.19	1
20.232	1
20.25	1
20.273	1
20.278	1
20.298	1
20.404	1
20.421	1
20.459	2
20.5	2
20.502	2
20.556	2
20.567	2
20.61	2
20.654	2
20.736	2
20.743	2
20.76	2
20.77	2
20.822	2
20.9	2
20.946	2
20.985	2
21.045	2
21.127	2
21.231	2
21.239	3
21.3	3
21.509	3
21.845	3
22.255	3
22.533	3
22.698	3
22.765	3
23.294	3
23.547	3
27.221	3
27.726	3
31.873	3
19.825	1
19.854	1
19.868	1
19.929	1
20.014	1
20.052	1
20.066	1
20.101	1
20.109	1
20.111	1
20.118	1
20.128	1
20.135	1
20.143	1
20.158	1
20.19	1
20.232	1
20.25	1
20.273	1
20.278	1
20.298	1
20.404	1
20.421	1
20.459	1
20.5	1
20.502	1
20.556	1
20.567	2
20.61	2
20.654	2
20.736	2
20.743	2
20.76	2
20.77	2
20.822	2
20.9	2
20.946	2
20.985	3
21.045	3
21.127	3
21.231	3
21.239	3
21.3	3
21.509	3
21.845	3
22.255	3
22.533	3
22.698	3
22.765	3
23.294	3
23.547	3
27.221	3
27.726	3
31.873	3
19.825	1
19.854	1
19.868	1
19.929	2
20.014	2
20.052	2
20.066	2
20.101	2
20.109	2
20.111	2
20.118	2
20.128	3
20.135	3
20.143	3
20.158	3
20.19	3
20.232	3
20.25	3
20.273	3
20.278	3
20.298	3
20.404	3
20.421	3
20.459	3
20.5	3
20.502	3
20.556	3
20.567	3
20.61	3
20.654	3
20.736	3
20.743	3
20.76	3
20.77	3
20.822	3
20.9	3
20.946	3
20.985	3
21.045	3
21.127	3
21.231	3
21.239	3
21.3	3
21.509	3
21.845	3
22.255	2
22.533	2
22.698	2
22.765	2
23.294	2
23.547	2
27.221	2
27.726	2
31.873	2
20.014	1
20.052	1
20.066	1
20.101	1
20.109	1
20.111	2
20.118	2
20.128	2
20.135	2
20.143	2
20.158	2
20.19	2
20.232	2
20.25	2
20.273	2
20.278	2
20.298	2
20.404	2
20.421	2
20.459	2
20.5	2
20.502	2
20.556	2
20.567	2
20.61	2
20.654	2
20.736	2
20.743	2
20.76	2
20.77	2
20.822	2
20.9	2
20.946	2
20.985	3
21.045	3
21.127	3
21.231	3
21.239	3
21.3	3
21.509	3
21.845	3
22.255	3
22.533	3
22.698	3
22.765	3
23.294	3
23.547	3
27.221	3
27.726	3
31.873	3
20.014	1
20.052	2
20.066	3
20.101	3
20.109	3
20.111	3
20.118	3
20.128	3
20.135	3
20.143	3
20.158	3
20.19	3
20.232	3
20.25	3
20.273	3
20.278	3
20.298	3
20.404	3
20.421	4
20.459	4
20.5	4
20.502	4
20.556	4
20.567	4
20.61	4
20.654	4
20.736	4
20.743	4
20.76	4
20.77	4
20.822	4
20.9	4
20.946	4
20.985	4
21.045	4
21.127	4
21.231	4
21.239	4
21.3	4
21.509	4
21.845	4
22.255	4
22.533	4
22.698	4
22.765	4
23.294	4
23.547	4
27.221	4
27.726	4
31.873	3
20.066	1
20.101	1
20.109	1
20.111	1
20.118	1
20.128	1
20.135	1
20.143	1
20.158	1
20.19	1
20.232	1
20.25	2
20.273	2
20.278	2
20.298	2
20.404	2
20.421	2
20.459	3
20.5	3
20.502	4
20.556	4
20.567	4
20.61	4
20.654	4
20.736	4
20.743	4
20.76	4
20.77	4
20.822	4
20.9	4
20.946	4
20.985	4
21.045	4
21.127	4
21.231	4
21.239	4
21.3	4
21.509	4
21.845	4
22.255	4
22.533	4
22.698	4
22.765	4
23.294	4
23.547	4
27.221	4
27.726	3
31.873	3
19.825	1
19.854	1
19.868	2
19.929	3
20.014	3
20.052	3
20.066	3
20.101	3
20.109	3
20.111	3
20.118	3
20.128	3
20.135	3
20.143	3
20.158	3
20.19	3
20.232	3
20.25	3
20.273	3
20.278	3
20.298	3
20.404	3
20.421	3
20.459	3
20.5	3
20.502	3
20.556	3
20.567	3
20.61	3
20.654	3
20.736	3
20.743	3
20.76	3
20.77	3
20.822	3
20.9	3
20.946	3
20.985	3
21.045	3
21.127	3
21.231	3
21.239	3
21.3	3
21.509	3
21.845	3
22.255	3
22.533	3
22.698	3
22.765	3
23.294	3
23.547	3
27.221	3
27.726	3
31.873	3
20.052	1
20.066	1
20.101	1
20.109	1
20.111	1
20.118	1
20.128	1
20.135	1
20.143	1
20.158	1
20.19	1
20.232	1
20.25	1
20.273	1
20.278	2
20.298	2
20.404	2
20.421	2
20.459	3
20.5	3
20.502	3
20.556	3
20.567	3
20.61	3
20.654	3
20.736	3
20.743	3
20.76	3
20.77	3
20.822	3
20.9	3
20.946	3
20.985	3
21.045	3
21.127	3
21.231	3
21.239	3
21.3	3
21.509	3
21.845	3
22.255	3
22.533	3
22.698	3
22.765	3
23.294	3
23.547	3
27.221	3
27.726	3
31.873	3
19.825	1
19.854	1
19.868	1
19.929	1
20.014	1
20.052	2
20.066	2
20.101	2
20.109	2
20.111	2
20.118	2
20.128	2
20.135	2
20.143	2
20.158	2
20.19	2
20.232	2
20.25	2
20.273	2
20.278	2
20.298	2
20.404	2
20.421	2
20.459	2
20.5	2
20.502	2
20.556	2
20.567	3
20.61	3
20.654	3
20.736	3
20.743	3
20.76	3
20.77	3
20.822	3
20.9	3
20.946	3
20.985	3
21.045	3
21.127	3
21.231	3
21.239	3
21.3	3
21.509	3
21.845	3
22.255	3
22.533	3
22.698	3
22.765	3
23.294	3
23.547	3
27.221	3
27.726	3
31.873	3
19.929	1
20.014	1
20.052	1
20.066	1
20.101	1
20.109	2
20.111	2
20.118	2
20.128	2
20.135	2
20.143	2
20.158	2
20.19	2
20.232	2
20.25	2
20.273	2
20.278	2
20.298	2
20.404	2
20.421	2
20.459	2
20.5	2
20.502	2
20.556	2
20.567	3
20.61	3
20.654	3
20.736	3
20.743	3
20.76	3
20.77	3
20.822	3
20.9	3
20.946	3
20.985	3
21.045	3
21.127	3
21.231	3
21.239	3
21.3	3
21.509	3
21.845	3
22.255	3
22.533	3
22.698	3
22.765	3
23.294	3
23.547	3
27.221	3
27.726	3
31.873	3
20.052	1
20.066	1
20.101	1
20.109	1
20.111	1
20.118	1
20.128	1
20.135	1
20.143	1
20.158	1
20.19	1
20.232	1
20.25	1
20.273	1
20.278	1
20.298	1
20.404	1
20.421	1
20.459	1
20.5	1
20.502	2
20.556	2
20.567	2
20.61	2
20.654	3
20.736	3
20.743	3
20.76	3
20.77	3
20.822	3
20.9	3
20.946	3
20.985	3
21.045	3
21.127	3
21.231	3
21.239	3
21.3	3
21.509	3
21.845	3
22.255	3
22.533	3
22.698	3
22.765	3
23.294	3
23.547	3
27.221	3
27.726	3
31.873	3
19.929	1
20.014	1
20.052	1
20.066	1
20.101	1
20.109	1
20.111	1
20.118	1
20.128	1
20.135	1
20.143	1
20.158	1
20.19	1
20.232	1
20.25	1
20.273	1
20.278	1
20.298	1
20.404	1
20.421	1
20.459	1
20.5	1
20.502	1
20.556	1
20.567	2
20.61	2
20.654	2
20.736	2
20.743	2
20.76	2
20.77	2
20.822	2
20.9	2
20.946	2
20.985	2
21.045	2
21.127	2
21.231	2
21.239	2
21.3	2
21.509	2
21.845	2
22.255	2
22.533	2
22.698	2
22.765	2
23.294	2
23.547	2
27.221	2
27.726	2
31.873	2
19.868	1
19.929	1
20.014	1
20.052	1
20.066	1
20.101	1
20.109	1
20.111	1
20.118	2
20.128	2
20.135	2
20.143	2
20.158	2
20.19	2
20.232	2
20.25	2
20.273	2
20.278	2
20.298	2
20.404	2
20.421	2
20.459	2
20.5	2
20.502	3
20.556	3
20.567	3
20.61	3
20.654	3
20.736	3
20.743	3
20.76	3
20.77	3
20.822	3
20.9	3
20.946	3
20.985	3
21.045	3
21.127	3
21.231	3
21.239	3
21.3	3
21.509	3
21.845	3
22.255	3
22.533	3
22.698	3
22.765	3
23.294	3
23.547	3
27.221	3
27.726	3
31.873	3
19.929	1
20.014	1
20.052	1
20.066	1
20.101	1
20.109	1
20.111	1
20.118	1
20.128	1
20.135	1
20.143	1
20.158	1
20.19	1
20.232	1
20.25	1
20.273	1
20.278	2
20.298	2
20.404	2
20.421	2
20.459	2
20.5	2
20.502	2
20.556	2
20.567	3
20.61	3
20.654	3
20.736	3
20.743	3
20.76	3
20.77	3
20.822	3
20.9	3
20.946	3
20.985	3
21.045	3
21.127	3
21.231	3
21.239	3
21.3	3
21.509	3
21.845	3
22.255	3
22.533	3
22.698	3
22.765	3
23.294	3
23.547	3
27.221	3
27.726	3
31.873	3
19.825	1
19.854	1
19.868	1
19.929	1
20.014	1
20.052	2
20.066	2
20.101	2
20.109	2
20.111	2
20.118	2
20.128	2
20.135	2
20.143	2
20.158	2
20.19	2
20.232	2
20.25	2
20.273	2
20.278	2
20.298	2
20.404	2
20.421	2
20.459	2
20.5	2
20.502	3
20.556	3
20.567	3
20.61	3
20.654	3
20.736	3
20.743	3
20.76	3
20.77	3
20.822	3
20.9	3
20.946	3
20.985	3
21.045	3
21.127	3
21.231	3
21.239	3
21.3	3
21.509	3
21.845	3
22.255	3
22.533	3
22.698	3
22.765	3
23.294	3
23.547	3
27.221	3
27.726	3
31.873	3
20.052	1
20.066	1
20.101	1
20.109	2
20.111	2
20.118	2
20.128	2
20.135	2
20.143	3
20.158	3
20.19	3
20.232	3
20.25	3
20.273	3
20.278	3
20.298	3
20.404	3
20.421	3
20.459	3
20.5	3
20.502	3
20.556	3
20.567	3
20.61	3
20.654	3
20.736	3
20.743	3
20.76	3
20.77	3
20.822	3
20.9	3
20.946	3
20.985	3
21.045	3
21.127	3
21.231	3
21.239	3
21.3	3
21.509	3
21.845	3
22.255	3
22.533	3
22.698	3
22.765	3
23.294	3
23.547	3
27.221	3
27.726	3
31.873	3
19.825	1
19.854	1
19.868	2
19.929	2
20.014	2
20.052	2
20.066	2
20.101	2
20.109	2
20.111	2
20.118	2
20.128	2
20.135	2
20.143	2
20.158	2
20.19	2
20.232	2
20.25	2
20.273	2
20.278	2
20.298	2
20.404	2
20.421	2
20.459	2
20.5	2
20.502	2
20.556	2
20.567	2
20.61	2
20.654	2
20.736	2
20.743	2
20.76	2
20.77	2
20.822	2
20.9	2
20.946	2
20.985	2
21.045	2
21.127	2
21.231	2
21.239	2
21.3	2
21.509	2
21.845	2
22.255	2
22.533	2
22.698	2
22.765	2
23.294	2
23.547	2
27.221	2
27.726	2
31.873	2
20.111	1
20.118	1
20.128	1
20.135	1
20.143	1
20.158	2
20.19	2
20.232	2
20.25	2
20.273	2
20.278	2
20.298	2
20.404	2
20.421	2
20.459	2
20.5	2
20.502	2
20.556	2
20.567	2
20.61	2
20.654	2
20.736	2
20.743	2
20.76	2
20.77	2
20.822	2
20.9	2
20.946	2
20.985	3
21.045	3
21.127	3
21.231	3
21.239	3
21.3	3
21.509	3
21.845	3
22.255	3
22.533	3
22.698	3
22.765	3
23.294	3
23.547	3
27.221	3
27.726	3
31.873	3
20.052	1
20.066	1
20.101	1
20.109	1
20.111	1
20.118	2
20.128	2
20.135	2
20.143	2
20.158	2
20.19	2
20.232	2
20.25	2
20.273	2
20.278	2
20.298	2
20.404	2
20.421	2
20.459	3
20.5	3
20.502	3
20.556	3
20.567	3
20.61	3
20.654	3
20.736	3
20.743	3
20.76	3
20.77	3
20.822	3
20.9	3
20.946	3
20.985	3
21.045	3
21.127	3
21.231	3
21.239	3
21.3	3
21.509	3
21.845	3
22.255	3
22.533	3
22.698	3
22.765	3
23.294	3
23.547	3
27.221	3
27.726	3
31.873	3
19.868	1
19.929	1
20.014	1
20.052	1
20.066	1
20.101	1
20.109	1
20.111	1
20.118	2
20.128	2
20.135	2
20.143	2
20.158	2
20.19	2
20.232	2
20.25	2
20.273	2
20.278	2
20.298	2
20.404	2
20.421	2
20.459	2
20.5	2
20.502	3
20.556	3
20.567	3
20.61	3
20.654	3
20.736	3
20.743	3
20.76	3
20.77	3
20.822	3
20.9	3
20.946	3
20.985	3
21.045	3
21.127	3
21.231	3
21.239	3
21.3	3
21.509	3
21.845	3
22.255	3
22.533	3
22.698	3
22.765	3
23.294	3
23.547	3
27.221	3
27.726	3
31.873	3
20.014	1
20.052	1
20.066	1
20.101	1
20.109	2
20.111	3
20.118	3
20.128	3
20.135	3
20.143	3
20.158	3
20.19	3
20.232	3
20.25	3
20.273	3
20.278	3
20.298	3
20.404	3
20.421	3
20.459	3
20.5	3
20.502	3
20.556	3
20.567	3
20.61	3
20.654	3
20.736	3
20.743	3
20.76	3
20.77	3
20.822	3
20.9	3
20.946	3
20.985	3
21.045	3
21.127	3
21.231	3
21.239	3
21.3	3
21.509	3
21.845	3
22.255	3
22.533	3
22.698	3
22.765	3
23.294	3
23.547	3
27.221	3
27.726	3
31.873	3
19.825	1
19.854	1
19.868	1
19.929	2
20.014	2
20.052	2
20.066	2
20.101	2
20.109	2
20.111	2
20.118	2
20.128	2
20.135	2
20.143	2
20.158	2
20.19	2
20.232	2
20.25	2
20.273	2
20.278	2
20.298	2
20.404	2
20.421	2
20.459	2
20.5	2
20.502	2
20.556	2
20.567	2
20.61	2
20.654	2
20.736	2
20.743	2
20.76	2
20.77	2
20.822	2
20.9	2
20.946	2
20.985	3
21.045	3
21.127	3
21.231	3
21.239	3
21.3	3
21.509	3
21.845	3
22.255	3
22.533	3
22.698	3
22.765	3
23.294	3
23.547	3
27.221	3
27.726	3
31.873	3
20.111	1
20.118	1
20.128	1
20.135	1
20.143	1
20.158	1
20.19	1
20.232	1
20.25	1
20.273	1
20.278	2
20.298	2
20.404	2
20.421	2
20.459	3
20.5	3
20.502	3
20.556	3
20.567	3
20.61	3
20.654	3
20.736	3
20.743	3
20.76	3
20.77	3
20.822	3
20.9	3
20.946	3
20.985	3
21.045	3
21.127	3
21.231	3
21.239	3
21.3	3
21.509	3
21.845	3
22.255	3
22.533	3
22.698	3
22.765	3
23.294	3
23.547	3
27.221	3
27.726	3
31.873	3
19.868	1
19.929	1
20.014	1
20.052	1
20.066	1
20.101	1
20.109	1
20.111	1
20.118	2
20.128	2
20.135	2
20.143	2
20.158	2
20.19	2
20.232	2
20.25	2
20.273	2
20.278	2
20.298	2
20.404	2
20.421	2
20.459	2
20.5	2
20.502	2
20.556	2
20.567	3
20.61	3
20.654	3
20.736	3
20.743	3
20.76	3
20.77	3
20.822	3
20.9	3
20.946	3
20.985	3
21.045	3
21.127	3
21.231	3
21.239	3
21.3	3
21.509	3
21.845	3
22.255	3
22.533	3
22.698	3
22.765	3
23.294	3
23.547	3
27.221	3
27.726	3
31.873	3
20.109	1
20.111	1
20.118	1
20.128	1
20.135	1
20.143	1
20.158	1
20.19	1
20.232	1
20.25	1
20.273	1
20.278	1
20.298	1
20.404	1
20.421	1
20.459	1
20.5	1
20.502	1
20.556	1
20.567	2
20.61	2
20.654	2
20.736	2
20.743	2
20.76	2
20.77	2
20.822	2
20.9	2
20.946	2
20.985	3
21.045	3
21.127	3
21.231	3
21.239	3
21.3	3
21.509	3
21.845	3
22.255	3
22.533	3
22.698	3
22.765	3
23.294	3
23.547	3
27.221	3
27.726	3
31.873	3
19.825	1
19.854	1
19.868	1
19.929	1
20.014	1
20.052	1
20.066	1
20.101	2
20.109	2
20.111	2
20.118	2
20.128	2
20.135	2
20.143	2
20.158	2
20.19	2
20.232	2
20.25	2
20.273	2
20.278	2
20.298	2
20.404	2
20.421	2
20.459	3
20.5	3
20.502	3
20.556	3
20.567	3
20.61	3
20.654	3
20.736	3
20.743	3
20.76	3
20.77	3
20.822	3
20.9	3
20.946	3
20.985	3
21.045	3
21.127	3
21.231	3
21.239	3
21.3	3
21.509	3
21.845	3
22.255	3
22.533	3
22.698	3
22.765	3
23.294	3
23.547	3
27.221	3
27.726	3
31.873	3
19.868	1
19.929	1
20.014	2
20.052	2
20.066	2
20.101	2
20.109	2
20.111	2
20.118	3
20.128	3
20.135	3
20.143	3
20.158	3
20.19	3
20.232	3
20.25	3
20.273	3
20.278	3
20.298	3
20.404	3
20.421	3
20.459	3
20.5	3
20.502	3
20.556	3
20.567	3
20.61	3
20.654	3
20.736	3
20.743	3
20.76	3
20.77	3
20.822	3
20.9	3
20.946	3
20.985	3
21.045	3
21.127	3
21.231	3
21.239	3
21.3	3
21.509	3
21.845	3
22.255	3
22.533	3
22.698	3
22.765	3
23.294	3
23.547	3
27.221	3
27.726	3
31.873	3
20.111	1
20.118	1
20.128	1
20.135	1
20.143	1
20.158	1
20.19	1
20.232	1
20.25	1
20.273	1
20.278	2
20.298	2
20.404	2
20.421	2
20.459	2
20.5	2
20.502	2
20.556	2
20.567	2
20.61	2
20.654	2
20.736	2
20.743	2
20.76	2
20.77	2
20.822	2
20.9	2
20.946	2
20.985	3
21.045	3
21.127	3
21.231	3
21.239	3
21.3	3
21.509	3
21.845	3
22.255	3
22.533	3
22.698	3
22.765	3
23.294	3
23.547	3
27.221	3
27.726	3
31.873	3
20.109	1
20.111	1
20.118	1
20.128	1
20.135	1
20.143	1
20.158	1
20.19	1
20.232	1
20.25	1
20.273	1
20.278	2
20.298	2
20.404	2
20.421	2
20.459	3
20.5	3
20.502	3
20.556	3
20.567	3
20.61	3
20.654	3
20.736	3
20.743	3
20.76	3
20.77	3
20.822	3
20.9	3
20.946	3
20.985	3
21.045	3
21.127	3
21.231	3
21.239	3
21.3	3
21.509	3
21.845	3
22.255	3
22.533	3
22.698	3
22.765	3
23.294	3
23.547	3
27.221	3
27.726	3
31.873	3
19.868	1
19.929	1
20.014	1
20.052	1
20.066	2
20.101	2
20.109	2
20.111	2
20.118	2
20.128	2
20.135	2
20.143	2
20.158	2
20.19	2
20.232	2
20.25	2
20.273	2
20.278	2
20.298	2
20.404	2
20.421	2
20.459	2
20.5	2
20.502	3
20.556	3
20.567	3
20.61	3
20.654	3
20.736	3
20.743	3
20.76	3
20.77	3
20.822	3
20.9	3
20.946	3
20.985	3
21.045	3
21.127	3
21.231	3
21.239	3
21.3	3
21.509	3
21.845	3
22.255	3
22.533	3
22.698	3
22.765	3
23.294	3
23.547	3
27.221	3
27.726	3
31.873	3
20.014	1
20.052	1
20.066	1
20.101	1
20.109	1
20.111	1
20.118	1
20.128	1
20.135	1
20.143	1
20.158	1
20.19	1
20.232	1
20.25	1
20.273	1
20.278	1
20.298	1
20.404	1
20.421	1
20.459	2
20.5	2
20.502	3
20.556	3
20.567	3
20.61	3
20.654	3
20.736	3
20.743	3
20.76	3
20.77	3
20.822	3
20.9	3
20.946	3
20.985	3
21.045	3
21.127	3
21.231	3
21.239	3
21.3	3
21.509	3
21.845	3
22.255	3
22.533	3
22.698	3
22.765	3
23.294	3
23.547	3
27.221	3
27.726	3
31.873	3
20.109	1
20.111	1
20.118	1
20.128	1
20.135	1
20.143	1
20.158	1
20.19	1
20.232	1
20.25	1
20.273	1
20.278	1
20.298	1
20.404	1
20.421	1
20.459	1
20.5	1
20.502	1
20.556	1
20.567	2
20.61	2
20.654	2
20.736	2
20.743	2
20.76	2
20.77	2
20.822	2
20.9	2
20.946	2
20.985	3
21.045	3
21.127	3
21.231	3
21.239	3
21.3	3
21.509	3
21.845	3
22.255	3
22.533	3
22.698	3
22.765	3
23.294	3
23.547	3
27.221	3
27.726	3
31.873	3
19.929	1
20.014	1
20.052	1
20.066	1
20.101	1
20.109	1
20.111	1
20.118	1
20.128	1
20.135	1
20.143	1
20.158	1
20.19	1
20.232	1
20.25	1
20.273	1
20.278	2
20.298	2
20.404	2
20.421	2
20.459	2
20.5	2
20.502	2
20.556	2
20.567	2
20.61	2
20.654	2
20.736	3
20.743	3
20.76	3
20.77	3
20.822	3
20.9	3
20.946	3
20.985	3
21.045	3
21.127	3
21.231	3
21.239	3
21.3	3
21.509	3
21.845	3
22.255	3
22.533	3
22.698	3
22.765	3
23.294	3
23.547	3
27.221	3
27.726	3
31.873	3
19.868	1
19.929	1
20.014	2
20.052	2
20.066	2
20.101	2
20.109	2
20.111	2
20.118	2
20.128	2
20.135	2
20.143	2
20.158	2
20.19	2
20.232	2
20.25	2
20.273	2
20.278	2
20.298	2
20.404	2
20.421	2
20.459	2
20.5	2
20.502	2
20.556	2
20.567	3
20.61	3
20.654	3
20.736	3
20.743	3
20.76	3
20.77	3
20.822	3
20.9	3
20.946	3
20.985	3
21.045	3
21.127	3
21.231	3
21.239	3
21.3	3
21.509	3
21.845	3
22.255	3
22.533	3
22.698	3
22.765	3
23.294	3
23.547	3
27.221	3
27.726	3
31.873	3
20.109	1
20.111	2
20.118	2
20.128	2
20.135	2
20.143	2
20.158	2
20.19	2
20.232	2
20.25	2
20.273	2
20.278	2
20.298	2
20.404	2
20.421	2
20.459	2
20.5	2
20.502	2
20.556	2
20.567	2
20.61	2
20.654	2
20.736	2
20.743	2
20.76	2
20.77	2
20.822	2
20.9	2
20.946	2
20.985	2
21.045	2
21.127	2
21.231	2
21.239	2
21.3	2
21.509	2
21.845	2
22.255	2
22.533	2
22.698	2
22.765	2
23.294	2
23.547	2
27.221	2
27.726	2
31.873	2
19.825	1
19.854	1
19.868	1
19.929	1
20.014	1
20.052	1
20.066	1
20.101	1
20.109	1
20.111	1
20.118	2
20.128	2
20.135	2
20.143	2
20.158	2
20.19	2
20.232	2
20.25	2
20.273	2
20.278	3
20.298	3
20.404	3
20.421	3
20.459	3
20.5	3
20.502	3
20.556	3
20.567	3
20.61	3
20.654	3
20.736	3
20.743	3
20.76	3
20.77	3
20.822	3
20.9	3
20.946	3
20.985	3
21.045	3
21.127	3
21.231	3
21.239	3
21.3	3
21.509	3
21.845	3
22.255	3
22.533	3
22.698	3
22.765	3
23.294	3
23.547	3
27.221	3
27.726	3
31.873	3
19.868	1
19.929	2
20.014	2
20.052	2
20.066	2
20.101	2
20.109	2
20.111	2
20.118	2
20.128	2
20.135	2
20.143	2
20.158	2
20.19	2
20.232	2
20.25	2
20.273	2
20.278	2
20.298	2
20.404	2
20.421	2
20.459	2
20.5	2
20.502	2
20.556	2
20.567	2
20.61	2
20.654	2
20.736	2
20.743	2
20.76	2
20.77	2
20.822	2
20.9	2
20.946	2
20.985	2
21.045	2
21.127	2
21.231	2
21.239	2
21.3	2
21.509	2
21.845	2
22.255	2
22.533	2
22.698	2
22.765	2
23.294	2
23.547	2
27.221	2
27.726	2
31.873	2
20.014	1
20.052	1
20.066	1
20.101	1
20.109	1
20.111	1
20.118	1
20.128	1
20.135	1
20.143	1
20.158	1
20.19	1
20.232	1
20.25	1
20.273	1
20.278	1
20.298	1
20.404	1
20.421	1
20.459	1
20.5	1
20.502	1
20.556	1
20.567	2
20.61	2
20.654	2
20.736	2
20.743	2
20.76	2
20.77	2
20.822	2
20.9	2
20.946	2
20.985	3
21.045	3
21.127	3
21.231	3
21.239	3
21.3	3
21.509	3
21.845	3
22.255	3
22.533	3
22.698	3
22.765	3
23.294	3
23.547	3
27.221	3
27.726	3
31.873	3
19.825	1
19.854	1
19.868	1
19.929	1
20.014	1
20.052	1
20.066	1
20.101	1
20.109	1
20.111	1
20.118	1
20.128	1
20.135	1
20.143	1
20.158	1
20.19	1
20.232	1
20.25	1
20.273	1
20.278	1
20.298	1
20.404	1
20.421	1
20.459	1
20.5	1
20.502	2
20.556	2
20.567	2
20.61	2
20.654	2
20.736	2
20.743	2
20.76	2
20.77	2
20.822	2
20.9	2
20.946	2
20.985	2
21.045	2
21.127	2
21.231	2
21.239	2
21.3	2
21.509	2
21.845	2
22.255	2
22.533	2
22.698	2
22.765	2
23.294	2
23.547	2
27.221	2
27.726	2
31.873	2
19.868	1
19.929	1
20.014	1
20.052	2
20.066	2
20.101	2
20.109	2
20.111	2
20.118	2
20.128	2
20.135	2
20.143	2
20.158	2
20.19	2
20.232	2
20.25	2
20.273	2
20.278	2
20.298	2
20.404	2
20.421	2
20.459	2
20.5	2
20.502	3
20.556	3
20.567	3
20.61	3
20.654	3
20.736	3
20.743	3
20.76	3
20.77	3
20.822	3
20.9	3
20.946	3
20.985	3
21.045	3
21.127	3
21.231	3
21.239	3
21.3	3
21.509	3
21.845	3
22.255	3
22.533	3
22.698	3
22.765	3
23.294	3
23.547	3
27.221	3
27.726	3
31.873	3
19.854	1
19.868	1
19.929	1
20.014	1
20.052	1
20.066	1
20.101	1
20.109	1
20.111	1
20.118	2
20.128	2
20.135	2
20.143	2
20.158	2
20.19	2
20.232	2
20.25	2
20.273	2
20.278	2
20.298	2
20.404	2
20.421	2
20.459	2
20.5	2
20.502	2
20.556	2
20.567	2
20.61	2
20.654	2
20.736	2
20.743	2
20.76	2
20.77	2
20.822	2
20.9	2
20.946	2
20.985	3
21.045	3
21.127	3
21.231	3
21.239	3
21.3	3
21.509	3
21.845	3
22.255	3
22.533	3
22.698	3
22.765	3
23.294	3
23.547	3
27.221	3
27.726	3
31.873	3
20.014	1
20.052	1
20.066	1
20.101	1
20.109	2
20.111	2
20.118	2
20.128	2
20.135	2
20.143	2
20.158	2
20.19	2
20.232	2
20.25	2
20.273	2
20.278	2
20.298	2
20.404	2
20.421	2
20.459	3
20.5	3
20.502	3
20.556	3
20.567	3
20.61	3
20.654	3
20.736	3
20.743	3
20.76	3
20.77	3
20.822	3
20.9	3
20.946	3
20.985	3
21.045	3
21.127	3
21.231	3
21.239	3
21.3	3
21.509	3
21.845	3
22.255	3
22.533	3
22.698	3
22.765	3
23.294	3
23.547	3
27.221	3
27.726	3
31.873	3
20.109	1
20.111	2
20.118	3
20.128	3
20.135	3
20.143	3
20.158	3
20.19	3
20.232	3
20.25	3
20.273	3
20.278	3
20.298	3
20.404	3
20.421	3
20.459	3
20.5	3
20.502	3
20.556	3
20.567	3
20.61	3
20.654	3
20.736	3
20.743	3
20.76	3
20.77	3
20.822	3
20.9	3
20.946	3
20.985	3
21.045	3
21.127	3
21.231	3
21.239	3
21.3	3
21.509	3
21.845	3
22.255	3
22.533	3
22.698	3
22.765	3
23.294	3
23.547	3
27.221	3
27.726	3
31.873	3
19.868	1
19.929	1
20.014	1
20.052	1
20.066	2
20.101	2
20.109	2
20.111	2
20.118	2
20.128	2
20.135	2
20.143	2
20.158	2
20.19	2
20.232	2
20.25	2
20.273	2
20.278	2
20.298	2
20.404	2
20.421	2
20.459	2
20.5	2
20.502	3
20.556	3
20.567	3
20.61	3
20.654	3
20.736	3
20.743	3
20.76	3
20.77	3
20.822	3
20.9	3
20.946	3
20.985	3
21.045	3
21.127	3
21.231	3
21.239	3
21.3	3
21.509	3
21.845	3
22.255	3
22.533	3
22.698	3
22.765	3
23.294	3
23.547	3
27.221	3
27.726	3
31.873	3
19.929	1
20.014	1
20.052	1
20.066	1
20.101	1
20.109	1
20.111	1
20.118	1
20.128	1
20.135	1
20.143	1
20.158	1
20.19	1
20.232	1
20.25	1
20.273	1
20.278	1
20.298	1
20.404	1
20.421	1
20.459	1
20.5	1
20.502	1
20.556	1
20.567	2
20.61	2
20.654	2
20.736	2
20.743	2
20.76	2
20.77	2
20.822	2
20.9	2
20.946	2
20.985	2
21.045	2
21.127	2
21.231	2
21.239	2
21.3	2
21.509	2
21.845	2
22.255	2
22.533	2
22.698	2
22.765	2
23.294	2
23.547	2
27.221	2
27.726	2
31.873	2
20.118	1
20.128	1
20.135	1
20.143	1
20.158	1
20.19	1
20.232	1
20.25	1
20.273	1
20.278	1
20.298	1
20.404	1
20.421	1
20.459	1
20.5	1
20.502	2
20.556	2
20.567	2
20.61	2
20.654	2
20.736	2
20.743	2
20.76	2
20.77	2
20.822	2
20.9	2
20.946	2
20.985	2
21.045	2
21.127	2
21.231	2
21.239	2
21.3	2
21.509	2
21.845	2
22.255	2
22.533	2
22.698	2
22.765	2
23.294	2
23.547	2
27.221	2
27.726	2
31.873	2
20.109	1
20.111	1
20.118	2
20.128	2
20.135	2
20.143	2
20.158	2
20.19	2
20.232	2
20.25	2
20.273	2
20.278	3
20.298	3
20.404	3
20.421	3
20.459	3
20.5	3
20.502	3
20.556	3
20.567	3
20.61	3
20.654	3
20.736	3
20.743	3
20.76	3
20.77	3
20.822	3
20.9	3
20.946	3
20.985	3
21.045	3
21.127	3
21.231	3
21.239	3
21.3	3
21.509	3
21.845	3
22.255	3
22.533	3
22.698	3
22.765	3
23.294	3
23.547	3
27.221	3
27.726	3
31.873	3
19.825	1
19.854	1
19.868	2
19.929	2
20.014	2
20.052	2
20.066	2
20.101	2
20.109	2
20.111	2
20.118	2
20.128	2
20.135	2
20.143	2
20.158	2
20.19	2
20.232	2
20.25	2
20.273	2
20.278	2
20.298	2
20.404	2
20.421	2
20.459	2
20.5	2
20.502	2
20.556	2
20.567	2
20.61	2
20.654	2
20.736	2
20.743	2
20.76	2
20.77	2
20.822	2
20.9	2
20.946	2
20.985	2
21.045	2
21.127	2
21.231	2
21.239	2
21.3	2
21.509	3
21.845	3
22.255	3
22.533	3
22.698	3
22.765	3
23.294	3
23.547	3
27.221	3
27.726	3
31.873	3
19.825	1
19.854	1
19.868	1
19.929	1
20.014	1
20.052	1
20.066	1
20.101	1
20.109	1
20.111	1
20.118	1
20.128	1
20.135	1
20.143	1
20.158	1
20.19	1
20.232	1
20.25	1
20.273	1
20.278	2
20.298	2
20.404	2
20.421	2
20.459	2
20.5	2
20.502	2
20.556	2
20.567	2
20.61	2
20.654	2
20.736	2
20.743	2
20.76	2
20.77	2
20.822	2
20.9	2
20.946	2
20.985	2
21.045	2
21.127	2
21.231	2
21.239	2
21.3	2
21.509	2
21.845	2
22.255	2
22.533	2
22.698	2
22.765	2
23.294	2
23.547	2
27.221	2
27.726	2
31.873	2
20.109	1
20.111	1
20.118	1
20.128	1
20.135	1
20.143	1
20.158	1
20.19	1
20.232	1
20.25	1
20.273	1
20.278	2
20.298	2
20.404	2
20.421	2
20.459	2
20.5	2
20.502	3
20.556	3
20.567	3
20.61	3
20.654	3
20.736	3
20.743	3
20.76	3
20.77	3
20.822	3
20.9	3
20.946	3
20.985	3
21.045	3
21.127	3
21.231	3
21.239	3
21.3	3
21.509	3
21.845	3
22.255	3
22.533	3
22.698	3
22.765	3
23.294	3
23.547	3
27.221	3
27.726	3
31.873	3
20.014	1
20.052	1
20.066	2
20.101	2
20.109	2
20.111	3
20.118	3
20.128	3
20.135	3
20.143	3
20.158	3
20.19	3
20.232	3
20.25	3
20.273	3
20.278	3
20.298	3
20.404	3
20.421	3
20.459	3
20.5	3
20.502	3
20.556	3
20.567	3
20.61	3
20.654	3
20.736	3
20.743	3
20.76	3
20.77	3
20.822	3
20.9	3
20.946	3
20.985	3
21.045	3
21.127	3
21.231	3
21.239	3
21.3	3
21.509	3
21.845	3
22.255	3
22.533	3
22.698	3
22.765	3
23.294	3
23.547	3
27.221	3
27.726	3
31.873	3
20.066	1
20.101	1
20.109	1
20.111	1
20.118	2
20.128	2
20.135	2
20.143	2
20.158	2
20.19	2
20.232	2
20.25	2
20.273	2
20.278	2
20.298	2
20.404	2
20.421	2
20.459	2
20.5	2
20.502	3
20.556	3
20.567	3
20.61	3
20.654	3
20.736	3
20.743	3
20.76	3
20.77	3
20.822	3
20.9	3
20.946	3
20.985	3
21.045	3
21.127	3
21.231	3
21.239	3
21.3	3
21.509	3
21.845	3
22.255	3
22.533	3
22.698	3
22.765	3
23.294	3
23.547	3
27.221	3
27.726	3
31.873	3
19.929	1
20.014	1
20.052	1
20.066	1
20.101	1
20.109	1
20.111	2
20.118	2
20.128	2
20.135	2
20.143	2
20.158	2
20.19	2
20.232	2
20.25	2
20.273	2
20.278	2
20.298	2
20.404	3
20.421	3
20.459	3
20.5	3
20.502	3
20.556	3
20.567	4
20.61	4
20.654	4
20.736	4
20.743	4
20.76	4
20.77	3
20.822	3
20.9	3
20.946	3
20.985	3
21.045	3
21.127	3
21.231	3
21.239	3
21.3	3
21.509	3
21.845	3
22.255	3
22.533	3
22.698	3
22.765	3
23.294	2
23.547	2
27.221	2
27.726	2
31.873	2
20.109	1
20.111	1
20.118	2
20.128	2
20.135	2
20.143	2
20.158	2
20.19	2
20.232	2
20.25	2
20.273	2
20.278	2
20.298	2
20.404	2
20.421	2
20.459	2
20.5	2
20.502	2
20.556	2
20.567	2
20.61	2
20.654	2
20.736	2
20.743	2
20.76	2
20.77	2
20.822	2
20.9	2
20.946	2
20.985	3
21.045	3
21.127	3
21.231	3
21.239	3
21.3	3
21.509	3
21.845	3
22.255	3
22.533	3
22.698	3
22.765	3
23.294	3
23.547	3
27.221	3
27.726	3
31.873	3
19.929	1
20.014	1
20.052	1
20.066	1
20.101	1
20.109	1
20.111	2
20.118	2
20.128	2
20.135	2
20.143	2
20.158	2
20.19	2
20.232	2
20.25	2
20.273	2
20.278	2
20.298	2
20.404	2
20.421	2
20.459	2
20.5	2
20.502	2
20.556	2
20.567	2
20.61	2
20.654	2
20.736	2
20.743	2
20.76	2
20.77	2
20.822	2
20.9	2
20.946	2
20.985	2
21.045	2
21.127	2
21.231	2
21.239	2
21.3	2
21.509	2
21.845	2
22.255	2
22.533	2
22.698	2
22.765	2
23.294	2
23.547	2
27.221	2
27.726	2
31.873	2
20.066	1
20.101	1
20.109	1
20.111	1
20.118	1
20.128	1
20.135	1
20.143	1
20.158	1
20.19	1
20.232	2
20.25	2
20.273	2
20.278	2
20.298	2
20.404	2
20.421	2
20.459	2
20.5	2
20.502	3
20.556	3
20.567	3
20.61	3
20.654	3
20.736	3
20.743	3
20.76	3
20.77	3
20.822	3
20.9	3
20.946	3
20.985	3
21.045	3
21.127	3
21.231	3
21.239	3
21.3	3
21.509	3
21.845	3
22.255	3
22.533	3
22.698	3
22.765	3
23.294	3
23.547	3
27.221	3
27.726	3
31.873	3
20.109	1
20.111	1
20.118	1
20.128	1
20.135	1
20.143	1
20.158	1
20.19	1
20.232	1
20.25	1
20.273	1
20.278	1
20.298	1
20.404	1
20.421	1
20.459	1
20.5	1
20.502	1
20.556	1
20.567	1
20.61	1
20.654	1
20.736	1
20.743	1
20.76	1
20.77	1
20.822	1
20.9	1
20.946	1
20.985	2
21.045	2
21.127	2
21.231	2
21.239	2
21.3	2
21.509	2
21.845	2
22.255	2
22.533	2
22.698	2
22.765	2
23.294	2
23.547	2
27.221	2
27.726	2
31.873	2
19.825	1
19.854	1
19.868	1
19.929	1
20.014	1
20.052	2
20.066	3
20.101	3
20.109	3
20.111	3
20.118	3
20.128	3
20.135	3
20.143	3
20.158	3
20.19	3
20.232	3
20.25	3
20.273	3
20.278	3
20.298	3
20.404	3
20.421	3
20.459	3
20.5	3
20.502	3
20.556	3
20.567	3
20.61	3
20.654	3
20.736	3
20.743	3
20.76	3
20.77	3
20.822	3
20.9	3
20.946	3
20.985	3
21.045	3
21.127	3
21.231	3
21.239	3
21.3	3
21.509	3
21.845	3
22.255	3
22.533	3
22.698	3
22.765	3
23.294	3
23.547	3
27.221	3
27.726	3
31.873	3
19.868	1
19.929	2
20.014	2
20.052	2
20.066	2
20.101	2
20.109	2
20.111	2
20.118	2
20.128	2
20.135	2
20.143	2
20.158	2
20.19	2
20.232	2
20.25	2
20.273	2
20.278	2
20.298	2
20.404	2
20.421	2
20.459	2
20.5	2
20.502	2
20.556	2
20.567	2
20.61	2
20.654	2
20.736	2
20.743	2
20.76	2
20.77	2
20.822	2
20.9	2
20.946	2
20.985	2
21.045	3
21.127	3
21.231	3
21.239	3
21.3	3
21.509	3
21.845	3
22.255	3
22.533	3
22.698	3
22.765	3
23.294	3
23.547	3
27.221	3
27.726	3
31.873	3
19.868	1
19.929	2
20.014	2
20.052	2
20.066	2
20.101	2
20.109	2
20.111	2
20.118	2
20.128	2
20.135	2
20.143	2
20.158	2
20.19	2
20.232	2
20.25	2
20.273	2
20.278	3
20.298	3
20.404	3
20.421	3
20.459	3
20.5	3
20.502	3
20.556	3
20.567	3
20.61	3
20.654	3
20.736	3
20.743	3
20.76	3
20.77	3
20.822	3
20.9	3
20.946	3
20.985	3
21.045	3
21.127	3
21.231	3
21.239	3
21.3	3
21.509	3
21.845	3
22.255	3
22.533	3
22.698	3
22.765	3
23.294	3
23.547	3
27.221	3
27.726	3
31.873	3
19.868	1
19.929	2
20.014	2
20.052	2
20.066	2
20.101	2
20.109	2
20.111	2
20.118	2
20.128	2
20.135	2
20.143	2
20.158	2
20.19	2
20.232	2
20.25	2
20.273	2
20.278	2
20.298	2
20.404	2
20.421	2
20.459	2
20.5	2
20.502	2
20.556	2
20.567	2
20.61	2
20.654	2
20.736	2
20.743	2
20.76	2
20.77	2
20.822	2
20.9	2
20.946	2
20.985	2
21.045	2
21.127	2
21.231	2
21.239	2
21.3	2
21.509	2
21.845	2
22.255	2
22.533	2
22.698	2
22.765	2
23.294	2
23.547	2
27.221	2
27.726	2
31.873	2
20.014	1
20.052	1
20.066	1
20.101	1
20.109	2
20.111	2
20.118	2
20.128	2
20.135	2
20.143	2
20.158	2
20.19	2
20.232	2
20.25	2
20.273	2
20.278	3
20.298	3
20.404	3
20.421	3
20.459	3
20.5	3
20.502	3
20.556	3
20.567	3
20.61	3
20.654	3
20.736	3
20.743	3
20.76	3
20.77	3
20.822	3
20.9	3
20.946	3
20.985	3
21.045	3
21.127	3
21.231	3
21.239	3
21.3	3
21.509	3
21.845	3
22.255	3
22.533	3
22.698	3
22.765	3
23.294	3
23.547	3
27.221	3
27.726	3
31.873	3
20.052	1
20.066	2
20.101	2
20.109	2
20.111	2
20.118	2
20.128	2
20.135	2
20.143	2
20.158	2
20.19	2
20.232	2
20.25	2
20.273	2
20.278	2
20.298	2
20.404	2
20.421	2
20.459	3
20.5	3
20.502	3
20.556	3
20.567	3
20.61	3
20.654	3
20.736	3
20.743	3
20.76	3
20.77	3
20.822	3
20.9	3
20.946	3
20.985	3
21.045	3
21.127	3
21.231	3
21.239	3
21.3	3
21.509	3
21.845	3
22.255	3
22.533	3
22.698	3
22.765	3
23.294	3
23.547	3
27.221	3
27.726	3
31.873	3
20.052	1
20.066	1
20.101	1
20.109	1
20.111	1
20.118	1
20.128	1
20.135	1
20.143	1
20.158	1
20.19	1
20.232	1
20.25	1
20.273	1
20.278	1
20.298	1
20.404	1
20.421	1
20.459	1
20.5	1
20.502	2
20.556	2
20.567	3
20.61	3
20.654	3
20.736	3
20.743	3
20.76	3
20.77	3
20.822	3
20.9	3
20.946	3
20.985	3
21.045	3
21.127	3
21.231	3
21.239	3
21.3	3
21.509	3
21.845	3
22.255	3
22.533	3
22.698	3
22.765	3
23.294	3
23.547	3
27.221	3
27.726	3
31.873	3
20.052	1
20.066	2
20.101	2
20.109	2
20.111	2
20.118	3
20.128	3
20.135	3
20.143	3
20.158	3
20.19	3
20.232	3
20.25	3
20.273	3
20.278	3
20.298	3
20.404	3
20.421	3
20.459	3
20.5	3
20.502	3
20.556	3
20.567	3
20.61	3
20.654	3
20.736	3
20.743	3
20.76	3
20.77	3
20.822	3
20.9	3
20.946	3
20.985	3
21.045	3
21.127	3
21.231	3
21.239	3
21.3	3
21.509	3
21.845	3
22.255	3
22.533	3
22.698	3
22.765	3
23.294	3
23.547	3
27.221	3
27.726	3
31.873	3
19.929	1
20.014	1
20.052	1
20.066	1
20.101	1
20.109	1
20.111	2
20.118	2
20.128	2
20.135	2
20.143	2
20.158	2
20.19	2
20.232	2
20.25	2
20.273	2
20.278	2
20.298	2
20.404	2
20.421	2
20.459	2
20.5	2
20.502	2
20.556	2
20.567	2
20.61	2
20.654	2
20.736	2
20.743	2
20.76	2
20.77	2
20.822	2
20.9	2
20.946	2
20.985	2
21.045	2
21.127	2
21.231	2
21.239	2
21.3	2
21.509	2
21.845	2
22.255	2
22.533	2
22.698	2
22.765	2
23.294	2
23.547	2
27.221	2
27.726	2
31.873	2
19.825	1
19.854	1
19.868	1
19.929	2
20.014	2
20.052	2
20.066	3
20.101	3
20.109	3
20.111	3
20.118	3
20.128	3
20.135	3
20.143	3
20.158	3
20.19	3
20.232	3
20.25	3
20.273	3
20.278	3
20.298	3
20.404	3
20.421	3
20.459	3
20.5	3
20.502	3
20.556	3
20.567	3
20.61	3
20.654	3
20.736	3
20.743	3
20.76	3
20.77	3
20.822	3
20.9	3
20.946	3
20.985	3
21.045	3
21.127	3
21.231	3
21.239	3
21.3	3
21.509	3
21.845	3
22.255	3
22.533	3
22.698	3
22.765	3
23.294	3
23.547	3
27.221	3
27.726	3
31.873	3
19.825	1
19.854	1
19.868	2
19.929	3
20.014	3
20.052	3
20.066	3
20.101	3
20.109	3
20.111	3
20.118	3
20.128	3
20.135	3
20.143	3
20.158	3
20.19	3
20.232	3
20.25	3
20.273	3
20.278	3
20.298	3
20.404	3
20.421	3
20.459	3
20.5	3
20.502	3
20.556	3
20.567	3
20.61	3
20.654	3
20.736	3
20.743	3
20.76	3
20.77	3
20.822	3
20.9	3
20.946	3
20.985	3
21.045	3
21.127	3
21.231	3
21.239	3
21.3	3
21.509	3
21.845	3
22.255	3
22.533	3
22.698	3
22.765	3
23.294	3
23.547	3
27.221	3
27.726	3
31.873	3
20.014	1
20.052	1
20.066	1
20.101	1
20.109	1
20.111	1
20.118	2
20.128	2
20.135	2
20.143	2
20.158	2
20.19	2
20.232	2
20.25	2
20.273	2
20.278	3
20.298	3
20.404	3
20.421	3
20.459	3
20.5	3
20.502	3
20.556	3
20.567	3
20.61	3
20.654	3
20.736	3
20.743	3
20.76	3
20.77	3
20.822	3
20.9	3
20.946	3
20.985	3
21.045	3
21.127	3
21.231	3
21.239	3
21.3	3
21.509	3
21.845	3
22.255	3
22.533	3
22.698	3
22.765	3
23.294	3
23.547	3
27.221	3
27.726	3
31.873	3
19.825	1
19.854	1
19.868	1
19.929	1
20.014	1
20.052	1
20.066	1
20.101	1
20.109	1
20.111	1
20.118	1
20.128	1
20.135	1
20.143	1
20.158	1
20.19	1
20.232	1
20.25	1
20.273	1
20.278	1
20.298	1
20.404	1
20.421	1
20.459	1
20.5	1
20.502	2
20.556	2
20.567	2
20.61	2
20.654	2
20.736	2
20.743	2
20.76	2
20.77	2
20.822	2
20.9	2
20.946	2
20.985	2
21.045	2
21.127	2
21.231	2
21.239	2
21.3	2
21.509	2
21.845	2
22.255	2
22.533	2
22.698	2
22.765	2
23.294	2
23.547	2
27.221	2
27.726	2
31.873	2
20.118	1
20.128	1
20.135	1
20.143	1
20.158	1
20.19	1
20.232	1
20.25	1
20.273	1
20.278	1
20.298	1
20.404	1
20.421	1
20.459	2
20.5	2
20.502	3
20.556	3
20.567	3
20.61	3
20.654	3
20.736	3
20.743	3
20.76	3
20.77	3
20.822	3
20.9	3
20.946	3
20.985	3
21.045	3
21.127	3
21.231	3
21.239	3
21.3	3
21.509	3
21.845	3
22.255	3
22.533	3
22.698	3
22.765	3
23.294	3
23.547	3
27.221	3
27.726	3
31.873	3
20.014	1
20.052	1
20.066	2
20.101	2
20.109	2
20.111	2
20.118	2
20.128	2
20.135	2
20.143	2
20.158	2
20.19	2
20.232	2
20.25	2
20.273	2
20.278	2
20.298	2
20.404	2
20.421	2
20.459	2
20.5	2
20.502	2
20.556	2
20.567	2
20.61	2
20.654	2
20.736	2
20.743	2
20.76	2
20.77	2
20.822	2
20.9	2
20.946	2
20.985	2
21.045	2
21.127	2
21.231	2
21.239	2
21.3	2
21.509	2
21.845	2
22.255	2
22.533	2
22.698	2
22.765	2
23.294	2
23.547	2
27.221	2
27.726	2
31.873	2
20.014	1
20.052	1
20.066	1
20.101	1
20.109	2
20.111	2
20.118	2
20.128	2
20.135	2
20.143	2
20.158	2
20.19	2
20.232	2
20.25	2
20.273	2
20.278	3
20.298	3
20.404	3
20.421	3
20.459	3
20.5	3
20.502	4
20.556	4
20.567	4
20.61	4
20.654	4
20.736	4
20.743	4
20.76	4
20.77	4
20.822	4
20.9	4
20.946	4
20.985	4
21.045	4
21.127	4
21.231	4
21.239	4
21.3	4
21.509	4
21.845	4
22.255	4
22.533	4
22.698	4
22.765	3
23.294	3
23.547	3
27.221	3
27.726	3
31.873	3
19.929	1
20.014	1
20.052	1
20.066	1
20.101	1
20.109	1
20.111	1
20.118	1
20.128	1
20.135	1
20.143	1
20.158	1
20.19	1
20.232	1
20.25	1
20.273	1
20.278	1
20.298	1
20.404	1
20.421	1
20.459	1
20.5	1
20.502	1
20.556	1
20.567	1
20.61	1
20.654	1
20.736	1
20.743	1
20.76	1
20.77	1
20.822	1
20.9	1
20.946	1
20.985	2
21.045	2
21.127	2
21.231	2
21.239	2
21.3	2
21.509	2
21.845	2
22.255	2
22.533	2
22.698	2
22.765	2
23.294	2
23.547	2
27.221	2
27.726	2
31.873	2
19.825	1
19.854	1
19.868	1
19.929	1
20.014	1
20.052	1
20.066	1
20.101	1
20.109	1
20.111	1
20.118	1
20.128	1
20.135	1
20.143	1
20.158	1
20.19	1
20.232	1
20.25	1
20.273	1
20.278	1
20.298	1
20.404	1
20.421	1
20.459	1
20.5	1
20.502	2
20.556	2
20.567	3
20.61	3
20.654	3
20.736	3
20.743	3
20.76	3
20.77	3
20.822	3
20.9	3
20.946	3
20.985	3
21.045	3
21.127	3
21.231	3
21.239	3
21.3	3
21.509	3
21.845	3
22.255	3
22.533	3
22.698	3
22.765	3
23.294	3
23.547	3
27.221	3
27.726	3
31.873	3
19.825	1
19.854	1
19.868	1
19.929	1
20.014	1
20.052	1
20.066	1
20.101	1
20.109	2
20.111	2
20.118	2
20.128	2
20.135	2
20.143	2
20.158	2
20.19	2
20.232	2
20.25	2
20.273	2
20.278	2
20.298	2
20.404	2
20.421	2
20.459	2
20.5	2
20.502	2
20.556	2
20.567	2
20.61	2
20.654	2
20.736	2
20.743	2
20.76	2
20.77	2
20.822	2
20.9	2
20.946	2
20.985	2
21.045	2
21.127	2
21.231	2
21.239	2
21.3	2
21.509	2
21.845	2
22.255	2
22.533	2
22.698	2
22.765	2
23.294	2
23.547	2
27.221	2
27.726	2
31.873	2
20.109	1
20.111	1
20.118	2
20.128	2
20.135	2
20.143	2
20.158	2
20.19	2
20.232	2
20.25	2
20.273	2
20.278	2
20.298	2
20.404	2
20.421	2
20.459	3
20.5	3
20.502	3
20.556	3
20.567	3
20.61	3
20.654	3
20.736	3
20.743	3
20.76	3
20.77	3
20.822	3
20.9	3
20.946	3
20.985	3
21.045	3
21.127	3
21.231	3
21.239	3
21.3	3
21.509	3
21.845	3
22.255	3
22.533	3
22.698	3
22.765	3
23.294	3
23.547	3
27.221	3
27.726	3
31.873	3
20.014	1
20.052	1
20.066	1
20.101	1
20.109	1
20.111	2
20.118	2
20.128	2
20.135	2
20.143	2
20.158	2
20.19	2
20.232	2
20.25	2
20.273	2
20.278	3
20.298	3
20.404	3
20.421	3
20.459	3
20.5	3
20.502	3
20.556	3
20.567	3
20.61	3
20.654	3
20.736	3
20.743	3
20.76	3
20.77	3
20.822	3
20.9	3
20.946	3
20.985	3
21.045	3
21.127	3
21.231	3
21.239	3
21.3	3
21.509	3
21.845	3
22.255	3
22.533	3
22.698	3
22.765	3
23.294	3
23.547	3
27.221	3
27.726	3
31.873	3
20.052	1
20.066	2
20.101	2
20.109	2
20.111	2
20.118	2
20.128	2
20.135	2
20.143	2
20.158	2
20.19	2
20.232	2
20.25	2
20.273	2
20.278	2
20.298	2
20.404	2
20.421	2
20.459	2
20.5	2
20.502	2
20.556	2
20.567	2
20.61	2
20.654	2
20.736	2
20.743	2
20.76	2
20.77	2
20.822	2
20.9	2
20.946	2
20.985	2
21.045	2
21.127	2
21.231	2
21.239	2
21.3	2
21.509	2
21.845	2
22.255	2
22.533	2
22.698	2
22.765	2
23.294	2
23.547	2
27.221	2
27.726	2
31.873	2
19.825	1
19.854	1
19.868	2
19.929	3
20.014	3
20.052	3
20.066	3
20.101	3
20.109	3
20.111	3
20.118	3
20.128	3
20.135	3
20.143	3
20.158	3
20.19	3
20.232	3
20.25	3
20.273	3
20.278	3
20.298	3
20.404	3
20.421	3
20.459	3
20.5	3
20.502	3
20.556	3
20.567	3
20.61	3
20.654	3
20.736	3
20.743	3
20.76	3
20.77	3
20.822	3
20.9	3
20.946	3
20.985	3
21.045	3
21.127	3
21.231	3
21.239	3
21.3	3
21.509	3
21.845	3
22.255	3
22.533	3
22.698	3
22.765	3
23.294	3
23.547	3
27.221	3
27.726	3
31.873	3
20.014	1
20.052	1
20.066	1
20.101	1
20.109	1
20.111	1
20.118	2
20.128	2
20.135	2
20.143	2
20.158	2
20.19	2
20.232	2
20.25	2
20.273	2
20.278	2
20.298	2
20.404	2
20.421	2
20.459	2
20.5	2
20.502	2
20.556	2
20.567	2
20.61	2
20.654	2
20.736	2
20.743	2
20.76	2
20.77	2
20.822	2
20.9	2
20.946	2
20.985	3
21.045	3
21.127	3
21.231	3
21.239	3
21.3	3
21.509	3
21.845	3
22.255	3
22.533	3
22.698	3
22.765	3
23.294	3
23.547	3
27.221	3
27.726	3
31.873	3
19.929	1
20.014	1
20.052	1
20.066	1
20.101	1
20.109	1
20.111	1
20.118	1
20.128	1
20.135	1
20.143	1
20.158	1
20.19	1
20.232	1
20.25	1
20.273	1
20.278	1
20.298	2
20.404	2
20.421	2
20.459	2
20.5	2
20.502	2
20.556	2
20.567	2
20.61	2
20.654	2
20.736	2
20.743	2
20.76	2
20.77	2
20.822	2
20.9	2
20.946	2
20.985	2
21.045	2
21.127	2
21.231	2
21.239	2
21.3	2
21.509	2
21.845	2
22.255	2
22.533	2
22.698	2
22.765	2
23.294	2
23.547	2
27.221	2
27.726	2
31.873	2
20.066	1
20.101	1
20.109	1
20.111	1
20.118	1
20.128	1
20.135	1
20.143	1
20.158	1
20.19	1
20.232	1
20.25	1
20.273	1
20.278	2
20.298	2
20.404	2
20.421	2
20.459	2
20.5	2
20.502	3
20.556	3
20.567	3
20.61	3
20.654	3
20.736	3
20.743	3
20.76	3
20.77	3
20.822	3
20.9	3
20.946	3
20.985	3
21.045	3
21.127	3
21.231	3
21.239	3
21.3	3
21.509	3
21.845	3
22.255	3
22.533	3
22.698	3
22.765	3
23.294	3
23.547	3
27.221	3
27.726	3
31.873	3
19.825	1
19.854	1
19.868	1
19.929	1
20.014	1
20.052	1
20.066	1
20.101	1
20.109	1
20.111	1
20.118	1
20.128	1
20.135	1
20.143	1
20.158	1
20.19	1
20.232	1
20.25	1
20.273	1
20.278	2
20.298	2
20.404	2
20.421	2
20.459	2
20.5	2
20.502	2
20.556	2
20.567	2
20.61	2
20.654	2
20.736	2
20.743	2
20.76	2
20.77	2
20.822	2
20.9	2
20.946	2
20.985	2
21.045	2
21.127	2
21.231	2
21.239	2
21.3	2
21.509	2
21.845	2
22.255	2
22.533	2
22.698	2
22.765	2
23.294	2
23.547	2
27.221	2
27.726	2
31.873	2
20.109	1
20.111	2
20.118	3
20.128	3
20.135	3
20.143	3
20.158	3
20.19	3
20.232	3
20.25	3
20.273	3
20.278	3
20.298	3
20.404	3
20.421	3
20.459	3
20.5	3
20.502	3
20.556	3
20.567	3
20.61	3
20.654	3
20.736	3
20.743	3
20.76	3
20.77	3
20.822	3
20.9	3
20.946	3
20.985	3
21.045	3
21.127	3
21.231	3
21.239	3
21.3	3
21.509	3
21.845	3
22.255	3
22.533	3
22.698	3
22.765	3
23.294	3
23.547	3
27.221	3
27.726	3
31.873	3
19.825	1
19.854	1
19.868	2
19.929	2
20.014	2
20.052	2
20.066	3
20.101	3
20.109	3
20.111	3
20.118	3
20.128	3
20.135	3
20.143	3
20.158	3
20.19	3
20.232	3
20.25	3
20.273	3
20.278	3
20.298	3
20.404	3
20.421	3
20.459	3
20.5	3
20.502	3
20.556	3
20.567	3
20.61	3
20.654	3
20.736	3
20.743	3
20.76	3
20.77	3
20.822	3
20.9	3
20.946	3
20.985	3
21.045	3
21.127	3
21.231	3
21.239	3
21.3	3
21.509	3
21.845	3
22.255	3
22.533	3
22.698	3
22.765	3
23.294	3
23.547	3
27.221	3
27.726	3
31.873	3
20.109	1
20.111	1
20.118	1
20.128	1
20.135	1
20.143	1
20.158	1
20.19	1
20.232	1
20.25	1
20.273	1
20.278	2
20.298	2
20.404	2
20.421	2
20.459	3
20.5	3
20.502	3
20.556	3
20.567	3
20.61	3
20.654	3
20.736	3
20.743	3
20.76	3
20.77	3
20.822	3
20.9	3
20.946	3
20.985	3
21.045	3
21.127	3
21.231	3
21.239	3
21.3	3
21.509	3
21.845	3
22.255	3
22.533	3
22.698	3
22.765	3
23.294	3
23.547	3
27.221	3
27.726	3
31.873	3
19.868	1
19.929	1
20.014	1
20.052	2
20.066	2
20.101	2
20.109	2
20.111	2
20.118	2
20.128	2
20.135	2
20.143	2
20.158	2
20.19	2
20.232	2
20.25	2
20.273	2
20.278	2
20.298	2
20.404	2
20.421	2
20.459	2
20.5	2
20.502	2
20.556	2
20.567	2
20.61	2
20.654	2
20.736	2
20.743	2
20.76	2
20.77	2
20.822	2
20.9	2
20.946	2
20.985	2
21.045	2
21.127	2
21.231	2
21.239	2
21.3	2
21.509	2
21.845	2
22.255	2
22.533	2
22.698	2
22.765	2
23.294	2
23.547	2
27.221	2
27.726	2
31.873	2
20.014	1
20.052	1
20.066	2
20.101	2
20.109	2
20.111	2
20.118	2
20.128	2
20.135	2
20.143	2
20.158	2
20.19	2
20.232	2
20.25	2
20.273	2
20.278	2
20.298	2
20.404	2
20.421	2
20.459	2
20.5	2
20.502	3
20.556	3
20.567	3
20.61	3
20.654	3
20.736	3
20.743	3
20.76	3
20.77	3
20.822	3
20.9	3
20.946	3
20.985	3
21.045	3
21.127	3
21.231	3
21.239	3
21.3	3
21.509	3
21.845	3
22.255	3
22.533	3
22.698	3
22.765	3
23.294	3
23.547	3
27.221	3
27.726	3
31.873	3
20.118	1
20.128	1
20.135	1
20.143	1
20.158	1
20.19	1
20.232	1
20.25	1
20.273	1
20.278	2
20.298	2
20.404	2
20.421	2
20.459	2
20.5	2
20.502	2
20.556	2
20.567	2
20.61	2
20.654	2
20.736	2
20.743	2
20.76	2
20.77	2
20.822	2
20.9	2
20.946	2
20.985	3
21.045	3
21.127	3
21.231	3
21.239	3
21.3	3
21.509	3
21.845	3
22.255	3
22.533	3
22.698	3
22.765	3
23.294	3
23.547	3
27.221	3
27.726	3
31.873	3
20.052	1
20.066	2
20.101	2
20.109	2
20.111	2
20.118	2
20.128	2
20.135	2
20.143	2
20.158	2
20.19	2
20.232	2
20.25	2
20.273	2
20.278	2
20.298	2
20.404	2
20.421	2
20.459	2
20.5	2
20.502	2
20.556	3
20.567	3
20.61	3
20.654	3
20.736	3
20.743	3
20.76	3
20.77	3
20.822	4
20.9	4
20.946	4
20.985	4
21.045	4
21.127	4
21.231	4
21.239	4
21.3	4
21.509	4
21.845	4
22.255	4
22.533	4
22.698	4
22.765	4
23.294	4
23.547	4
27.221	3
27.726	3
31.873	3
19.825	1
19.854	1
19.868	1
19.929	1
20.014	1
20.052	1
20.066	1
20.101	1
20.109	1
20.111	1
20.118	1
20.128	1
20.135	1
20.143	1
20.158	1
20.19	1
20.232	1
20.25	1
20.273	1
20.278	1
20.298	1
20.404	1
20.421	1
20.459	1
20.5	1
20.502	1
20.556	1
20.567	1
20.61	1
20.654	1
20.736	1
20.743	1
20.76	1
20.77	1
20.822	1
20.9	1
20.946	1
20.985	2
21.045	2
21.127	2
21.231	2
21.239	2
21.3	2
21.509	2
21.845	2
22.255	2
22.533	2
22.698	2
22.765	2
23.294	2
23.547	2
27.221	2
27.726	2
31.873	2
20.111	1
20.118	2
20.128	2
20.135	2
20.143	2
20.158	2
20.19	2
20.232	2
20.25	2
20.273	2
20.278	3
20.298	3
20.404	3
20.421	3
20.459	3
20.5	3
20.502	3
20.556	3
20.567	3
20.61	3
20.654	3
20.736	3
20.743	3
20.76	3
20.77	3
20.822	3
20.9	3
20.946	3
20.985	3
21.045	3
21.127	3
21.231	3
21.239	3
21.3	3
21.509	3
21.845	3
22.255	3
22.533	3
22.698	3
22.765	3
23.294	3
23.547	3
27.221	3
27.726	3
31.873	3
19.868	1
19.929	1
20.014	1
20.052	1
20.066	1
20.101	1
20.109	1
20.111	2
20.118	2
20.128	2
20.135	2
20.143	2
20.158	2
20.19	2
20.232	2
20.25	2
20.273	2
20.278	2
20.298	2
20.404	2
20.421	2
20.459	2
20.5	2
20.502	3
20.556	3
20.567	3
20.61	3
20.654	3
20.736	3
20.743	3
20.76	3
20.77	3
20.822	3
20.9	3
20.946	3
20.985	3
21.045	3
21.127	3
21.231	3
21.239	3
21.3	3
21.509	3
21.845	3
22.255	3
22.533	3
22.698	3
22.765	3
23.294	3
23.547	3
27.221	3
27.726	3
31.873	3
19.868	1
19.929	1
20.014	1
20.052	1
20.066	1
20.101	1
20.109	2
20.111	2
20.118	2
20.128	2
20.135	2
20.143	2
20.158	2
20.19	2
20.232	2
20.25	2
20.273	2
20.278	2
20.298	2
20.404	2
20.421	2
20.459	2
20.5	2
20.502	2
20.556	2
20.567	2
20.61	2
20.654	2
20.736	2
20.743	2
20.76	2
20.77	2
20.822	2
20.9	2
20.946	2
20.985	3
21.045	3
21.127	3
21.231	3
21.239	3
21.3	3
21.509	3
21.845	3
22.255	3
22.533	3
22.698	3
22.765	3
23.294	3
23.547	3
27.221	3
27.726	3
31.873	3
19.825	1
19.854	1
19.868	2
19.929	2
20.014	2
20.052	2
20.066	2
20.101	2
20.109	2
20.111	2
20.118	2
20.128	2
20.135	2
20.143	2
20.158	2
20.19	2
20.232	2
20.25	2
20.273	3
20.278	3
20.298	3
20.404	3
20.421	3
20.459	3
20.5	3
20.502	3
20.556	3
20.567	3
20.61	4
20.654	4
20.736	4
20.743	4
20.76	4
20.77	4
20.822	4
20.9	4
20.946	4
20.985	4
21.045	4
21.127	4
21.231	4
21.239	4
21.3	4
21.509	4
21.845	4
22.255	4
22.533	4
22.698	4
22.765	4
23.294	4
23.547	3
27.221	3
27.726	3
31.873	3
19.502	1
19.502	1
19.515	1
19.518	1
19.527	1
19.536	1
19.537	1
19.556	1
19.558	1
19.561	1
19.562	1
19.571	1
19.572	1
19.589	1
19.592	1
19.594	1
19.632	1
19.71	1
19.712	1
19.752	1
19.91	1
19.937	1
19.943	1
19.945	1
19.982	1
20.022	1
20.074	1
20.098	1
20.099	1
20.12	1
20.127	1
20.165	1
20.213	1
20.245	2
20.245	2
20.401	2
20.455	2
20.515	2
20.546	2
20.636	2
20.638	2
20.652	2
20.677	2
20.81	2
20.935	2
21.051	2
21.221	3
21.239	3
21.308	3
21.364	3
21.395	3
21.516	3
21.684	3
21.698	3
22.016	3
22.487	3
22.683	3
23.07	3
23.204	3
23.523	3
23.654	3
23.666	3
23.688	3
24.178	3
24.593	3
25.065	3
25.613	3
25.744	3
25.779	3
25.86	3
25.97	2
25.972	2
26.084	3
26.332	3
26.489	3
26.505	3
26.858	3
27.047	3
27.449	3
27.58	3
27.611	3
27.649	3
27.736	3
28.012	3
28.63	3
28.717	3
28.969	3
29.116	3
29.142	3
29.606	3
29.641	3
29.732	3
29.815	3
31.817	3
32.527	3
32.893	3
33.68	3
35.769	3
36.929	3
39.563	3
48.645	3
19.556	1
19.558	1
19.561	1
19.562	1
19.571	1
19.572	1
19.589	1
19.592	1
19.594	1
19.632	1
19.71	1
19.712	1
19.752	1
19.91	1
19.937	1
19.943	1
19.945	1
19.982	1
20.022	1
20.074	1
20.098	1
20.099	1
20.12	1
20.127	1
20.165	1
20.213	1
20.245	2
20.245	2
20.401	2
20.455	2
20.515	2
20.546	2
20.636	2
20.638	2
20.652	2
20.677	2
20.81	3
20.935	3
21.051	3
21.221	3
21.239	3
21.308	3
21.364	3
21.395	3
21.516	3
21.684	3
21.698	3
22.016	3
22.487	3
22.683	3
23.07	3
23.204	3
23.523	3
23.654	3
23.666	3
23.688	3
24.178	3
24.593	3
25.065	3
25.613	3
25.744	3
25.779	3
25.86	3
25.97	3
25.972	3
26.084	4
26.332	4
26.489	4
26.505	4
26.858	4
27.047	4
27.449	4
27.58	4
27.611	3
27.649	3
27.736	3
28.012	3
28.63	3
28.717	3
28.969	3
29.116	3
29.142	3
29.606	3
29.641	3
29.732	3
29.815	3
31.817	3
32.527	3
32.893	3
33.68	3
35.769	3
36.929	3
39.563	3
48.645	3
19.449	1
19.449	1
19.451	1
19.458	1
19.462	1
19.466	1
19.476	1
19.481	1
19.486	1
19.492	1
19.502	1
19.502	1
19.515	1
19.518	1
19.527	1
19.536	1
19.537	1
19.556	1
19.558	1
19.561	1
19.562	1
19.571	1
19.572	1
19.589	1
19.592	1
19.594	1
19.632	1
19.71	1
19.712	1
19.752	2
19.91	2
19.937	2
19.943	2
19.945	2
19.982	2
20.022	2
20.074	2
20.098	2
20.099	2
20.12	2
20.127	2
20.165	2
20.213	2
20.245	3
20.245	3
20.401	3
20.455	3
20.515	3
20.546	3
20.636	3
20.638	3
20.652	3
20.677	3
20.81	3
20.935	3
21.051	3
21.221	3
21.239	3
21.308	3
21.364	3
21.395	3
21.516	3
21.684	3
21.698	3
22.016	2
22.487	2
22.683	2
23.07	2
23.204	2
23.523	2
23.654	2
23.666	2
23.688	2
24.178	2
24.593	2
25.065	2
25.613	2
25.744	2
25.779	2
25.86	2
25.97	2
25.972	2
26.084	3
26.332	3
26.489	3
26.505	3
26.858	3
27.047	3
27.449	3
27.58	3
27.611	3
27.649	3
27.736	3
28.012	3
28.63	3
28.717	3
28.969	3
29.116	3
29.142	3
29.606	3
29.641	3
29.732	3
29.815	3
31.817	3
32.527	3
32.893	3
33.68	3
35.769	3
36.929	3
39.563	3
48.645	3
19.449	1
19.451	1
19.458	1
19.462	1
19.466	1
19.476	1
19.481	1
19.486	1
19.492	1
19.502	1
19.502	1
19.515	1
19.518	1
19.527	1
19.536	1
19.537	1
19.556	1
19.558	1
19.561	1
19.562	1
19.571	1
19.572	1
19.589	1
19.592	1
19.594	1
19.632	1
19.71	1
19.712	1
19.752	1
19.91	1
19.937	1
19.943	1
19.945	1
19.982	1
20.022	1
20.074	1
20.098	1
20.099	1
20.12	1
20.127	1
20.165	1
20.213	2
20.245	3
20.245	3
20.401	3
20.455	3
20.515	3
20.546	3
20.636	3
20.638	3
20.652	3
20.677	3
20.81	3
20.935	3
21.051	3
21.221	3
21.239	3
21.308	3
21.364	3
21.395	3
21.516	3
21.684	3
21.698	3
22.016	3
22.487	3
22.683	3
23.07	3
23.204	3
23.523	3
23.654	3
23.666	3
23.688	3
24.178	3
24.593	3
25.065	3
25.613	3
25.744	3
25.779	3
25.86	3
25.97	3
25.972	3
26.084	4
26.332	4
26.489	4
26.505	4
26.858	4
27.047	4
27.449	4
27.58	4
27.611	4
27.649	4
27.736	4
28.012	4
28.63	4
28.717	4
28.969	4
29.116	4
29.142	4
29.606	4
29.641	4
29.732	4
29.815	4
31.817	4
32.527	4
32.893	4
33.68	4
35.769	4
36.929	3
39.563	3
48.645	3
19.592	1
19.594	1
19.632	1
19.71	2
19.712	2
19.752	2
19.91	2
19.937	2
19.943	2
19.945	2
19.982	3
20.022	3
20.074	3
20.098	3
20.099	3
20.12	3
20.127	3
20.165	3
20.213	3
20.245	3
20.245	3
20.401	3
20.455	3
20.515	3
20.546	3
20.636	3
20.638	3
20.652	3
20.677	3
20.81	3
20.935	3
21.051	3
21.221	3
21.239	3
21.308	3
21.364	3
21.395	3
21.516	3
21.684	3
21.698	3
22.016	3
22.487	3
22.683	3
23.07	3
23.204	3
23.523	3
23.654	3
23.666	3
23.688	3
24.178	3
24.593	3
25.065	3
25.613	3
25.744	3
25.779	3
25.86	3
25.97	3
25.972	3
26.084	3
26.332	3
26.489	3
26.505	3
26.858	3
27.047	3
27.449	3
27.58	3
27.611	3
27.649	3
27.736	3
28.012	3
28.63	3
28.717	3
28.969	3
29.116	3
29.142	3
29.606	3
29.641	3
29.732	3
29.815	3
31.817	3
32.527	3
32.893	3
33.68	3
35.769	3
36.929	3
39.563	3
48.645	3
19.632	1
19.71	1
19.712	1
19.752	1
19.91	2
19.937	2
19.943	2
19.945	2
19.982	2
20.022	2
20.074	2
20.098	2
20.099	2
20.12	2
20.127	2
20.165	2
20.213	2
20.245	3
20.245	3
20.401	3
20.455	3
20.515	3
20.546	3
20.636	3
20.638	3
20.652	3
20.677	3
20.81	3
20.935	3
21.051	3
21.221	3
21.239	3
21.308	3
21.364	3
21.395	3
21.516	3
21.684	3
21.698	3
22.016	3
22.487	3
22.683	3
23.07	3
23.204	3
23.523	3
23.654	3
23.666	3
23.688	3
24.178	3
24.593	3
25.065	3
25.613	3
25.744	3
25.779	3
25.86	3
25.97	3
25.972	3
26.084	3
26.332	3
26.489	3
26.505	3
26.858	3
27.047	3
27.449	3
27.58	3
27.611	3
27.649	3
27.736	3
28.012	3
28.63	3
28.717	3
28.969	3
29.116	3
29.142	3
29.606	3
29.641	3
29.732	3
29.815	3
31.817	3
32.527	3
32.893	3
33.68	3
35.769	3
36.929	3
39.563	3
48.645	3
19.632	1
19.71	1
19.712	2
19.752	2
19.91	2
19.937	2
19.943	2
19.945	2
19.982	2
20.022	2
20.074	2
20.098	2
20.099	2
20.12	2
20.127	2
20.165	2
20.213	2
20.245	2
20.245	2
20.401	2
20.455	2
20.515	2
20.546	2
20.636	2
20.638	2
20.652	2
20.677	2
20.81	3
20.935	3
21.051	3
21.221	3
21.239	3
21.308	3
21.364	3
21.395	3
21.516	3
21.684	3
21.698	3
22.016	3
22.487	3
22.683	3
23.07	3
23.204	3
23.523	3
23.654	3
23.666	3
23.688	3
24.178	3
24.593	3
25.065	3
25.613	3
25.744	3
25.779	3
25.86	3
25.97	3
25.972	3
26.084	3
26.332	3
26.489	3
26.505	3
26.858	3
27.047	3
27.449	3
27.58	3
27.611	3
27.649	3
27.736	3
28.012	3
28.63	3
28.717	3
28.969	3
29.116	3
29.142	3
29.606	3
29.641	3
29.732	3
29.815	3
31.817	3
32.527	3
32.893	3
33.68	3
35.769	3
36.929	3
39.563	3
48.645	3
19.91	1
19.937	1
19.943	1
19.945	1
19.982	1
20.022	1
20.074	1
20.098	1
20.099	1
20.12	1
20.127	2
20.165	2
20.213	2
20.245	2
20.245	2
20.401	2
20.455	2
20.515	2
20.546	2
20.636	2
20.638	2
20.652	2
20.677	2
20.81	2
20.935	2
21.051	2
21.221	2
21.239	2
21.308	2
21.364	2
21.395	2
21.516	2
21.684	2
21.698	2
22.016	2
22.487	2
22.683	2
23.07	2
23.204	2
23.523	2
23.654	2
23.666	2
23.688	2
24.178	2
24.593	2
25.065	2
25.613	2
25.744	2
25.779	2
25.86	2
25.97	2
25.972	2
26.084	3
26.332	3
26.489	3
26.505	3
26.858	3
27.047	3
27.449	3
27.58	3
27.611	3
27.649	3
27.736	3
28.012	3
28.63	3
28.717	3
28.969	3
29.116	3
29.142	3
29.606	3
29.641	3
29.732	3
29.815	3
31.817	3
32.527	3
32.893	3
33.68	3
35.769	3
36.929	3
39.563	3
48.645	3
19.71	1
19.712	2
19.752	2
19.91	2
19.937	2
19.943	2
19.945	2
19.982	2
20.022	2
20.074	2
20.098	2
20.099	2
20.12	2
20.127	2
20.165	2
20.213	2
20.245	3
20.245	3
20.401	3
20.455	3
20.515	3
20.546	3
20.636	3
20.638	3
20.652	3
20.677	3
20.81	3
20.935	3
21.051	3
21.221	3
21.239	3
21.308	3
21.364	3
21.395	3
21.516	3
21.684	3
21.698	3
22.016	3
22.487	3
22.683	3
23.07	3
23.204	3
23.523	3
23.654	3
23.666	3
23.688	3
24.178	3
24.593	3
25.065	3
25.613	3
25.744	3
25.779	3
25.86	3
25.97	3
25.972	3
26.084	3
26.332	3
26.489	3
26.505	3
26.858	3
27.047	3
27.449	3
27.58	3
27.611	3
27.649	3
27.736	3
28.012	3
28.63	3
28.717	3
28.969	3
29.116	3
29.142	3
29.606	3
29.641	3
29.732	3
29.815	3
31.817	3
32.527	3
32.893	3
33.68	3
35.769	3
36.929	3
39.563	3
48.645	3
19.943	1
19.945	1
19.982	2
20.022	2
20.074	2
20.098	2
20.099	2
20.12	2
20.127	2
20.165	2
20.213	2
20.245	2
20.245	2
20.401	2
20.455	2
20.515	2
20.546	3
20.636	3
20.638	3
20.652	3
20.677	3
20.81	3
20.935	3
21.051	3
21.221	3
21.239	3
21.308	3
21.364	3
21.395	3
21.516	3
21.684	3
21.698	3
22.016	3
22.487	3
22.683	3
23.07	3
23.204	3
23.523	3
23.654	3
23.666	3
23.688	3
24.178	3
24.593	3
25.065	3
25.613	3
25.744	3
25.779	3
25.86	3
25.97	3
25.972	3
26.084	3
26.332	3
26.489	3
26.505	3
26.858	3
27.047	3
27.449	3
27.58	3
27.611	3
27.649	3
27.736	3
28.012	3
28.63	3
28.717	3
28.969	3
29.116	3
29.142	3
29.606	3
29.641	3
29.732	3
29.815	3
31.817	3
32.527	3
32.893	3
33.68	3
35.769	3
36.929	3
39.563	3
48.645	3
19.712	1
19.752	1
19.91	1
19.937	2
19.943	2
19.945	2
19.982	2
20.022	2
20.074	2
20.098	2
20.099	2
20.12	2
20.127	2
20.165	2
20.213	2
20.245	3
20.245	3
20.401	3
20.455	3
20.515	3
20.546	3
20.636	3
20.638	3
20.652	3
20.677	3
20.81	3
20.935	3
21.051	3
21.221	3
21.239	3
21.308	3
21.364	3
21.395	3
21.516	3
21.684	3
21.698	3
22.016	3
22.487	3
22.683	3
23.07	3
23.204	3
23.523	3
23.654	3
23.666	3
23.688	3
24.178	3
24.593	3
25.065	3
25.613	3
25.744	3
25.779	3
25.86	3
25.97	3
25.972	3
26.084	3
26.332	3
26.489	3
26.505	3
26.858	3
27.047	3
27.449	3
27.58	3
27.611	3
27.649	3
27.736	3
28.012	3
28.63	3
28.717	3
28.969	3
29.116	3
29.142	3
29.606	3
29.641	3
29.732	3
29.815	3
31.817	3
32.527	3
32.893	3
33.68	3
35.769	3
36.929	3
39.563	3
48.645	3
19.592	1
19.594	1
19.632	2
19.71	2
19.712	3
19.752	3
19.91	3
19.937	3
19.943	3
19.945	3
19.982	3
20.022	3
20.074	3
20.098	3
20.099	3
20.12	3
20.127	3
20.165	3
20.213	3
20.245	3
20.245	3
20.401	3
20.455	3
20.515	3
20.546	3
20.636	3
20.638	3
20.652	3
20.677	3
20.81	3
20.935	3
21.051	3
21.221	3
21.239	3
21.308	3
21.364	3
21.395	3
21.516	3
21.684	3
21.698	3
22.016	3
22.487	3
22.683	3
23.07	3
23.204	3
23.523	3
23.654	3
23.666	3
23.688	3
24.178	3
24.593	3
25.065	3
25.613	3
25.744	3
25.779	3
25.86	3
25.97	3
25.972	3
26.084	3
26.332	3
26.489	3
26.505	3
26.858	3
27.047	3
27.449	3
27.58	3
27.611	3
27.649	3
27.736	3
28.012	3
28.63	3
28.717	3
28.969	3
29.116	3
29.142	3
29.606	3
29.641	3
29.732	3
29.815	3
31.817	3
32.527	3
32.893	3
33.68	3
35.769	3
36.929	3
39.563	3
48.645	3
19.589	1
19.592	1
19.594	1
19.632	1
19.71	1
19.712	1
19.752	1
19.91	1
19.937	1
19.943	1
19.945	1
19.982	1
20.022	2
20.074	2
20.098	2
20.099	2
20.12	2
20.127	2
20.165	2
20.213	2
20.245	3
20.245	3
20.401	3
20.455	3
20.515	3
20.546	3
20.636	3
20.638	3
20.652	3
20.677	3
20.81	3
20.935	3
21.051	3
21.221	3
21.239	3
21.308	3
21.364	3
21.395	3
21.516	2
21.684	2
21.698	2
22.016	2
22.487	2
22.683	2
23.07	2
23.204	2
23.523	2
23.654	2
23.666	2
23.688	2
24.178	2
24.593	2
25.065	2
25.613	2
25.744	2
25.779	2
25.86	2
25.97	2
25.972	2
26.084	3
26.332	3
26.489	3
26.505	3
26.858	3
27.047	3
27.449	3
27.58	3
27.611	3
27.649	3
27.736	3
28.012	3
28.63	3
28.717	3
28.969	3
29.116	3
29.142	3
29.606	3
29.641	3
29.732	3
29.815	3
31.817	3
32.527	3
32.893	3
33.68	3
35.769	3
36.929	3
39.563	3
48.645	3
19.71	1
19.712	1
19.752	2
19.91	2
19.937	2
19.943	2
19.945	2
19.982	2
20.022	2
20.074	2
20.098	2
20.099	2
20.12	2
20.127	2
20.165	2
20.213	2
20.245	2
20.245	2
20.401	2
20.455	2
20.515	2
20.546	2
20.636	2
20.638	2
20.652	2
20.677	2
20.81	2
20.935	2
21.051	2
21.221	2
21.239	2
21.308	2
21.364	2
21.395	2
21.516	2
21.684	2
21.698	2
22.016	2
22.487	2
22.683	2
23.07	2
23.204	2
23.523	2
23.654	2
23.666	2
23.688	2
24.178	2
24.593	2
25.065	2
25.613	2
25.744	2
25.779	2
25.86	2
25.97	2
25.972	2
26.084	3
26.332	3
26.489	3
26.505	3
26.858	3
27.047	3
27.449	3
27.58	3
27.611	3
27.649	3
27.736	3
28.012	3
28.63	3
28.717	3
28.969	3
29.116	3
29.142	3
29.606	3
29.641	3
29.732	3
29.815	3
31.817	3
32.527	3
32.893	3
33.68	3
35.769	3
36.929	3
39.563	3
48.645	3
19.527	1
19.536	1
19.537	1
19.556	1
19.558	1
19.561	1
19.562	1
19.571	1
19.572	1
19.589	1
19.592	1
19.594	1
19.632	1
19.71	2
19.712	2
19.752	3
19.91	3
19.937	3
19.943	3
19.945	3
19.982	3
20.022	3
20.074	3
20.098	4
20.099	4
20.12	4
20.127	4
20.165	4
20.213	4
20.245	5
20.245	5
20.401	5
20.455	5
20.515	5
20.546	5
20.636	5
20.638	5
20.652	5
20.677	5
20.81	5
20.935	5
21.051	5
21.221	5
21.239	5
21.308	5
21.364	5
21.395	5
21.516	5
21.684	5
21.698	5
22.016	5
22.487	5
22.683	5
23.07	5
23.204	5
23.523	5
23.654	5
23.666	5
23.688	5
24.178	5
24.593	4
25.065	4
25.613	4
25.744	4
25.779	4
25.86	3
25.97	3
25.972	3
26.084	3
26.332	2
26.489	2
26.505	2
26.858	2
27.047	2
27.449	3
27.58	4
27.611	4
27.649	4
27.736	4
28.012	4
28.63	4
28.717	4
28.969	4
29.116	4
29.142	4
29.606	3
29.641	3
29.732	3
29.815	3
31.817	3
32.527	3
32.893	3
33.68	3
35.769	3
36.929	3
39.563	3
48.645	3
19.632	1
19.71	1
19.712	1
19.752	1
19.91	1
19.937	1
19.943	1
19.945	1
19.982	1
20.022	1
20.074	1
20.098	1
20.099	1
20.12	1
20.127	2
20.165	2
20.213	2
20.245	2
20.245	2
20.401	2
20.455	2
20.515	2
20.546	2
20.636	2
20.638	2
20.652	2
20.677	2
20.81	3
20.935	3
21.051	3
21.221	3
21.239	3
21.308	3
21.364	3
21.395	3
21.516	3
21.684	3
21.698	3
22.016	3
22.487	3
22.683	3
23.07	3
23.204	3
23.523	3
23.654	3
23.666	3
23.688	3
24.178	3
24.593	3
25.065	3
25.613	3
25.744	3
25.779	3
25.86	3
25.97	3
25.972	3
26.084	3
26.332	3
26.489	3
26.505	3
26.858	3
27.047	3
27.449	3
27.58	3
27.611	3
27.649	3
27.736	3
28.012	3
28.63	3
28.717	3
28.969	3
29.116	3
29.142	3
29.606	3
29.641	3
29.732	3
29.815	3
31.817	3
32.527	3
32.893	3
33.68	3
35.769	3
36.929	3
39.563	3
48.645	3
19.518	1
19.527	1
19.536	1
19.537	1
19.556	1
19.558	1
19.561	1
19.562	1
19.571	1
19.572	1
19.589	1
19.592	1
19.594	1
19.632	1
19.71	2
19.712	2
19.752	2
19.91	2
19.937	2
19.943	2
19.945	2
19.982	2
20.022	2
20.074	2
20.098	2
20.099	2
20.12	2
20.127	2
20.165	2
20.213	2
20.245	3
20.245	3
20.401	3
20.455	3
20.515	3
20.546	3
20.636	3
20.638	3
20.652	3
20.677	3
20.81	3
20.935	3
21.051	3
21.221	3
21.239	3
21.308	3
21.364	3
21.395	3
21.516	3
21.684	3
21.698	3
22.016	3
22.487	3
22.683	4
23.07	4
23.204	4
23.523	4
23.654	4
23.666	4
23.688	4
24.178	4
24.593	4
25.065	4
25.613	4
25.744	4
25.779	4
25.86	4
25.97	4
25.972	4
26.084	4
26.332	4
26.489	4
26.505	4
26.858	4
27.047	4
27.449	4
27.58	4
27.611	4
27.649	4
27.736	4
28.012	4
28.63	4
28.717	4
28.969	4
29.116	4
29.142	4
29.606	4
29.641	3
29.732	3
29.815	3
31.817	3
32.527	3
32.893	3
33.68	3
35.769	3
36.929	3
39.563	3
48.645	3
19.592	1
19.594	1
19.632	1
19.71	1
19.712	1
19.752	1
19.91	2
19.937	2
19.943	2
19.945	2
19.982	2
20.022	2
20.074	2
20.098	2
20.099	2
20.12	2
20.127	3
20.165	3
20.213	3
20.245	3
20.245	3
20.401	3
20.455	3
20.515	3
20.546	3
20.636	3
20.638	3
20.652	3
20.677	3
20.81	3
20.935	3
21.051	3
21.221	3
21.239	3
21.308	3
21.364	3
21.395	3
21.516	3
21.684	3
21.698	3
22.016	3
22.487	3
22.683	3
23.07	3
23.204	3
23.523	3
23.654	3
23.666	3
23.688	3
24.178	3
24.593	3
25.065	3
25.613	3
25.744	3
25.779	3
25.86	3
25.97	3
25.972	3
26.084	3
26.332	3
26.489	3
26.505	3
26.858	3
27.047	3
27.449	3
27.58	3
27.611	3
27.649	3
27.736	3
28.012	3
28.63	3
28.717	3
28.969	3
29.116	3
29.142	3
29.606	3
29.641	3
29.732	3
29.815	3
31.817	3
32.527	3
32.893	3
33.68	3
35.769	3
36.929	3
39.563	3
48.645	3
19.592	1
19.594	1
19.632	1
19.71	1
19.712	2
19.752	2
19.91	2
19.937	2
19.943	2
19.945	2
19.982	2
20.022	2
20.074	2
20.098	2
20.099	2
20.12	2
20.127	3
20.165	3
20.213	3
20.245	3
20.245	3
20.401	3
20.455	3
20.515	3
20.546	3
20.636	3
20.638	3
20.652	3
20.677	3
20.81	3
20.935	3
21.051	3
21.221	3
21.239	3
21.308	3
21.364	3
21.395	3
21.516	3
21.684	3
21.698	3
22.016	3
22.487	3
22.683	3
23.07	3
23.204	3
23.523	3
23.654	3
23.666	3
23.688	3
24.178	3
24.593	3
25.065	3
25.613	3
25.744	3
25.779	3
25.86	3
25.97	3
25.972	3
26.084	3
26.332	3
26.489	3
26.505	3
26.858	3
27.047	3
27.449	3
27.58	3
27.611	3
27.649	3
27.736	3
28.012	3
28.63	3
28.717	3
28.969	3
29.116	3
29.142	3
29.606	3
29.641	3
29.732	3
29.815	3
31.817	3
32.527	3
32.893	3
33.68	3
35.769	3
36.929	3
39.563	3
48.645	3
19.71	1
19.712	1
19.752	2
19.91	2
19.937	2
19.943	2
19.945	2
19.982	2
20.022	2
20.074	2
20.098	2
20.099	2
20.12	2
20.127	2
20.165	2
20.213	2
20.245	2
20.245	2
20.401	2
20.455	2
20.515	2
20.546	3
20.636	3
20.638	3
20.652	3
20.677	3
20.81	3
20.935	3
21.051	3
21.221	3
21.239	3
21.308	3
21.364	3
21.395	3
21.516	3
21.684	3
21.698	3
22.016	3
22.487	3
22.683	3
23.07	3
23.204	3
23.523	3
23.654	3
23.666	3
23.688	3
24.178	3
24.593	3
25.065	3
25.613	3
25.744	3
25.779	3
25.86	3
25.97	3
25.972	3
26.084	3
26.332	3
26.489	3
26.505	3
26.858	3
27.047	3
27.449	3
27.58	3
27.611	3
27.649	3
27.736	3
28.012	3
28.63	3
28.717	3
28.969	3
29.116	3
29.142	3
29.606	3
29.641	3
29.732	3
29.815	3
31.817	3
32.527	3
32.893	3
33.68	3
35.769	3
36.929	3
39.563	3
48.645	3
19.712	1
19.752	2
19.91	2
19.937	2
19.943	2
19.945	2
19.982	2
20.022	2
20.074	2
20.098	2
20.099	2
20.12	2
20.127	2
20.165	2
20.213	2
20.245	2
20.245	2
20.401	2
20.455	2
20.515	2
20.546	2
20.636	2
20.638	2
20.652	2
20.677	2
20.81	2
20.935	2
21.051	2
21.221	2
21.239	2
21.308	2
21.364	2
21.395	2
21.516	2
21.684	2
21.698	2
22.016	2
22.487	2
22.683	2
23.07	2
23.204	2
23.523	2
23.654	2
23.666	2
23.688	2
24.178	2
24.593	2
25.065	2
25.613	2
25.744	2
25.779	2
25.86	2
25.97	2
25.972	2
26.084	3
26.332	3
26.489	3
26.505	3
26.858	3
27.047	3
27.449	3
27.58	3
27.611	3
27.649	3
27.736	3
28.012	3
28.63	3
28.717	3
28.969	3
29.116	3
29.142	3
29.606	3
29.641	3
29.732	3
29.815	3
31.817	3
32.527	3
32.893	3
33.68	3
35.769	3
36.929	3
39.563	3
48.645	3
19.712	1
19.752	1
19.91	2
19.937	2
19.943	2
19.945	2
19.982	2
20.022	2
20.074	2
20.098	2
20.099	2
20.12	2
20.127	3
20.165	3
20.213	3
20.245	3
20.245	3
20.401	3
20.455	3
20.515	3
20.546	3
20.636	3
20.638	3
20.652	3
20.677	3
20.81	3
20.935	3
21.051	3
21.221	3
21.239	3
21.308	3
21.364	3
21.395	3
21.516	3
21.684	3
21.698	3
22.016	3
22.487	3
22.683	3
23.07	3
23.204	3
23.523	3
23.654	3
23.666	3
23.688	3
24.178	3
24.593	3
25.065	3
25.613	3
25.744	3
25.779	3
25.86	3
25.97	3
25.972	3
26.084	3
26.332	3
26.489	3
26.505	3
26.858	3
27.047	3
27.449	3
27.58	3
27.611	3
27.649	3
27.736	3
28.012	3
28.63	3
28.717	3
28.969	3
29.116	3
29.142	3
29.606	3
29.641	3
29.732	3
29.815	3
31.817	3
32.527	3
32.893	3
33.68	3
35.769	3
36.929	3
39.563	3
48.645	3
19.71	1
19.712	1
19.752	1
19.91	1
19.937	1
19.943	1
19.945	1
19.982	2
20.022	2
20.074	2
20.098	2
20.099	2
20.12	2
20.127	2
20.165	2
20.213	2
20.245	2
20.245	2
20.401	2
20.455	2
20.515	2
20.546	2
20.636	2
20.638	2
20.652	2
20.677	2
20.81	3
20.935	3
21.051	3
21.221	3
21.239	3
21.308	3
21.364	3
21.395	3
21.516	3
21.684	3
21.698	3
22.016	3
22.487	3
22.683	3
23.07	3
23.204	3
23.523	3
23.654	3
23.666	3
23.688	3
24.178	3
24.593	3
25.065	3
25.613	3
25.744	3
25.779	3
25.86	3
25.97	3
25.972	3
26.084	3
26.332	3
26.489	3
26.505	3
26.858	3
27.047	3
27.449	3
27.58	3
27.611	3
27.649	3
27.736	3
28.012	3
28.63	3
28.717	3
28.969	3
29.116	3
29.142	3
29.606	3
29.641	3
29.732	3
29.815	3
31.817	3
32.527	3
32.893	3
33.68	3
35.769	3
36.929	3
39.563	3
48.645	3
19.592	1
19.594	1
19.632	1
19.71	1
19.712	1
19.752	1
19.91	1
19.937	1
19.943	1
19.945	1
19.982	1
20.022	1
20.074	1
20.098	1
20.099	1
20.12	1
20.127	1
20.165	1
20.213	1
20.245	1
20.245	1
20.401	1
20.455	1
20.515	1
20.546	2
20.636	2
20.638	2
20.652	2
20.677	2
20.81	3
20.935	3
21.051	3
21.221	3
21.239	3
21.308	3
21.364	3
21.395	3
21.516	3
21.684	3
21.698	3
22.016	3
22.487	3
22.683	3
23.07	3
23.204	3
23.523	3
23.654	3
23.666	3
23.688	3
24.178	3
24.593	3
25.065	3
25.613	3
25.744	3
25.779	3
25.86	3
25.97	3
25.972	3
26.084	3
26.332	3
26.489	3
26.505	3
26.858	3
27.047	3
27.449	3
27.58	3
27.611	3
27.649	3
27.736	3
28.012	3
28.63	3
28.717	3
28.969	3
29.116	3
29.142	3
29.606	3
29.641	3
29.732	3
29.815	3
31.817	3
32.527	3
32.893	3
33.68	3
35.769	3
36.929	3
39.563	3
48.645	3
19.71	1
19.712	2
19.752	2
19.91	2
19.937	2
19.943	3
19.945	3
19.982	3
20.022	3
20.074	3
20.098	3
20.099	3
20.12	3
20.127	3
20.165	3
20.213	3
20.245	3
20.245	3
20.401	3
20.455	3
20.515	3
20.546	3
20.636	3
20.638	3
20.652	3
20.677	3
20.81	3
20.935	3
21.051	3
21.221	3
21.239	3
21.308	3
21.364	3
21.395	3
21.516	3
21.684	3
21.698	3
22.016	3
22.487	3
22.683	3
23.07	3
23.204	3
23.523	3
23.654	3
23.666	3
23.688	3
24.178	3
24.593	3
25.065	3
25.613	3
25.744	3
25.779	3
25.86	3
25.97	3
25.972	3
26.084	3
26.332	3
26.489	3
26.505	3
26.858	3
27.047	3
27.449	3
27.58	3
27.611	3
27.649	3
27.736	3
28.012	3
28.63	3
28.717	3
28.969	3
29.116	3
29.142	3
29.606	3
29.641	3
29.732	3
29.815	3
31.817	3
32.527	3
32.893	3
33.68	3
35.769	3
36.929	3
39.563	3
48.645	3
19.71	1
19.712	1
19.752	1
19.91	1
19.937	1
19.943	2
19.945	2
19.982	2
20.022	2
20.074	2
20.098	2
20.099	2
20.12	2
20.127	2
20.165	2
20.213	2
20.245	3
20.245	3
20.401	3
20.455	3
20.515	3
20.546	3
20.636	3
20.638	3
20.652	3
20.677	3
20.81	3
20.935	3
21.051	3
21.221	3
21.239	3
21.308	3
21.364	3
21.395	3
21.516	3
21.684	3
21.698	3
22.016	3
22.487	3
22.683	3
23.07	3
23.204	3
23.523	3
23.654	3
23.666	3
23.688	3
24.178	3
24.593	3
25.065	3
25.613	3
25.744	3
25.779	3
25.86	3
25.97	3
25.972	3
26.084	3
26.332	3
26.489	3
26.505	3
26.858	3
27.047	3
27.449	3
27.58	3
27.611	3
27.649	3
27.736	3
28.012	3
28.63	3
28.717	3
28.969	3
29.116	3
29.142	3
29.606	3
29.641	3
29.732	3
29.815	3
31.817	3
32.527	3
32.893	3
33.68	3
35.769	3
36.929	3
39.563	3
48.645	3
19.592	1
19.594	1
19.632	1
19.71	1
19.712	2
19.752	2
19.91	2
19.937	2
19.943	2
19.945	2
19.982	2
20.022	2
20.074	2
20.098	2
20.099	2
20.12	2
20.127	3
20.165	3
20.213	3
20.245	3
20.245	3
20.401	3
20.455	3
20.515	3
20.546	3
20.636	3
20.638	3
20.652	3
20.677	3
20.81	3
20.935	3
21.051	3
21.221	3
21.239	3
21.308	3
21.364	3
21.395	3
21.516	3
21.684	3
21.698	3
22.016	3
22.487	3
22.683	3
23.07	3
23.204	3
23.523	3
23.654	3
23.666	3
23.688	3
24.178	3
24.593	3
25.065	3
25.613	3
25.744	3
25.779	3
25.86	3
25.97	3
25.972	3
26.084	3
26.332	3
26.489	3
26.505	3
26.858	3
27.047	3
27.449	3
27.58	3
27.611	3
27.649	3
27.736	3
28.012	3
28.63	3
28.717	3
28.969	3
29.116	3
29.142	3
29.606	3
29.641	3
29.732	3
29.815	3
31.817	3
32.527	3
32.893	3
33.68	3
35.769	3
36.929	3
39.563	3
48.645	3
19.562	1
19.571	1
19.572	1
19.589	1
19.592	1
19.594	1
19.632	1
19.71	2
19.712	3
19.752	3
19.91	3
19.937	4
19.943	5
19.945	5
19.982	5
20.022	5
20.074	5
20.098	5
20.099	5
20.12	5
20.127	5
20.165	5
20.213	5
20.245	5
20.245	5
20.401	4
20.455	4
20.515	4
20.546	4
20.636	4
20.638	4
20.652	4
20.677	4
20.81	4
20.935	4
21.051	4
21.221	4
21.239	4
21.308	4
21.364	4
21.395	4
21.516	4
21.684	4
21.698	4
22.016	4
22.487	4
22.683	4
23.07	3
23.204	3
23.523	2
23.654	2
23.666	2
23.688	2
24.178	2
24.593	2
25.065	2
25.613	2
25.744	2
25.779	2
25.86	2
25.97	2
25.972	2
26.084	2
26.332	2
26.489	3
26.505	4
26.858	4
27.047	4
27.449	4
27.58	4
27.611	4
27.649	3
27.736	3
28.012	2
28.63	2
28.717	2
28.969	2
29.116	3
29.142	4
29.606	4
29.641	4
29.732	3
29.815	3
31.817	3
32.527	3
32.893	3
33.68	3
35.769	3
36.929	3
39.563	3
48.645	3
19.937	1
19.943	2
19.945	2
19.982	2
20.022	2
20.074	2
20.098	2
20.099	2
20.12	2
20.127	2
20.165	2
20.213	2
20.245	2
20.245	2
20.401	2
20.455	2
20.515	2
20.546	2
20.636	2
20.638	2
20.652	2
20.677	2
20.81	2
20.935	2
21.051	2
21.221	2
21.239	2
21.308	2
21.364	2
21.395	2
21.516	2
21.684	2
21.698	2
22.016	2
22.487	2
22.683	2
23.07	2
23.204	2
23.523	2
23.654	2
23.666	2
23.688	2
24.178	2
24.593	2
25.065	2
25.613	2
25.744	2
25.779	2
25.86	2
25.97	2
25.972	2
26.084	3
26.332	3
26.489	3
26.505	3
26.858	3
27.047	3
27.449	3
27.58	3
27.611	3
27.649	3
27.736	3
28.012	3
28.63	3
28.717	3
28.969	3
29.116	3
29.142	3
29.606	3
29.641	3
29.732	3
29.815	3
31.817	3
32.527	3
32.893	3
33.68	3
35.769	3
36.929	3
39.563	3
48.645	3
19.536	1
19.537	1
19.556	1
19.558	1
19.561	1
19.562	1
19.571	1
19.572	1
19.589	1
19.592	1
19.594	1
19.632	1
19.71	1
19.712	1
19.752	2
19.91	2
19.937	2
19.943	2
19.945	2
19.982	2
20.022	2
20.074	3
20.098	3
20.099	4
20.12	4
20.127	4
20.165	4
20.213	4
20.245	5
20.245	5
20.401	5
20.455	5
20.515	5
20.546	5
20.636	5
20.638	5
20.652	5
20.677	5
20.81	5
20.935	5
21.051	5
21.221	5
21.239	5
21.308	5
21.364	5
21.395	5
21.516	5
21.684	5
21.698	4
22.016	4
22.487	4
22.683	4
23.07	4
23.204	4
23.523	4
23.654	4
23.666	4
23.688	4
24.178	4
24.593	4
25.065	4
25.613	4
25.744	4
25.779	4
25.86	4
25.97	4
25.972	4
26.084	4
26.332	4
26.489	4
26.505	4
26.858	4
27.047	4
27.449	4
27.58	4
27.611	4
27.649	4
27.736	4
28.012	4
28.63	4
28.717	4
28.969	3
29.116	3
29.142	3
29.606	3
29.641	3
29.732	3
29.815	3
31.817	3
32.527	3
32.893	3
33.68	3
35.769	3
36.929	3
39.563	3
48.645	3
19.486	1
19.492	1
19.502	1
19.502	1
19.515	1
19.518	1
19.527	1
19.536	1
19.537	1
19.556	1
19.558	1
19.561	1
19.562	1
19.571	1
19.572	1
19.589	1
19.592	1
19.594	1
19.632	1
19.71	1
19.712	1
19.752	1
19.91	2
19.937	2
19.943	2
19.945	2
19.982	2
20.022	2
20.074	2
20.098	2
20.099	2
20.12	2
20.127	3
20.165	3
20.213	3
20.245	3
20.245	4
20.401	4
20.455	4
20.515	4
20.546	4
20.636	4
20.638	4
20.652	4
20.677	4
20.81	5
20.935	5
21.051	5
21.221	5
21.239	5
21.308	5
21.364	5
21.395	5
21.516	5
21.684	5
21.698	5
22.016	5
22.487	5
22.683	5
23.07	5
23.204	5
23.523	5
23.654	5
23.666	5
23.688	5
24.178	5
24.593	5
25.065	4
25.613	4
25.744	4
25.779	3
25.86	3
25.97	3
25.972	3
26.084	3
26.332	3
26.489	3
26.505	3
26.858	3
27.047	3
27.449	3
27.58	3
27.611	3
27.649	3
27.736	3
28.012	3
28.63	3
28.717	3
28.969	3
29.116	3
29.142	3
29.606	3
29.641	3
29.732	3
29.815	3
31.817	3
32.527	3
32.893	3
33.68	3
35.769	3
36.929	3
39.563	3
48.645	3
19.712	1
19.752	1
19.91	1
19.937	1
19.943	1
19.945	1
19.982	1
20.022	1
20.074	1
20.098	1
20.099	1
20.12	1
20.127	2
20.165	2
20.213	2
20.245	2
20.245	2
20.401	2
20.455	2
20.515	2
20.546	2
20.636	2
20.638	2
20.652	2
20.677	2
20.81	3
20.935	3
21.051	3
21.221	3
21.239	3
21.308	3
21.364	3
21.395	3
21.516	3
21.684	3
21.698	3
22.016	3
22.487	3
22.683	3
23.07	3
23.204	3
23.523	3
23.654	3
23.666	3
23.688	3
24.178	3
24.593	3
25.065	3
25.613	3
25.744	3
25.779	3
25.86	3
25.97	3
25.972	3
26.084	3
26.332	3
26.489	3
26.505	3
26.858	3
27.047	3
27.449	3
27.58	3
27.611	3
27.649	3
27.736	3
28.012	3
28.63	3
28.717	3
28.969	3
29.116	3
29.142	3
29.606	3
29.641	3
29.732	3
29.815	3
31.817	3
32.527	3
32.893	3
33.68	3
35.769	3
36.929	3
39.563	3
48.645	3
19.937	1
19.943	1
19.945	1
19.982	2
20.022	2
20.074	2
20.098	2
20.099	2
20.12	2
20.127	2
20.165	2
20.213	2
20.245	2
20.245	2
20.401	2
20.455	2
20.515	2
20.546	3
20.636	3
20.638	3
20.652	3
20.677	3
20.81	3
20.935	3
21.051	3
21.221	3
21.239	3
21.308	3
21.364	3
21.395	3
21.516	3
21.684	3
21.698	3
22.016	3
22.487	3
22.683	3
23.07	3
23.204	3
23.523	3
23.654	3
23.666	3
23.688	3
24.178	3
24.593	3
25.065	3
25.613	3
25.744	3
25.779	3
25.86	3
25.97	3
25.972	3
26.084	3
26.332	3
26.489	3
26.505	3
26.858	3
27.047	3
27.449	3
27.58	3
27.611	3
27.649	3
27.736	3
28.012	3
28.63	3
28.717	3
28.969	3
29.116	3
29.142	3
29.606	3
29.641	3
29.732	3
29.815	3
31.817	3
32.527	3
32.893	3
33.68	3
35.769	3
36.929	3
39.563	3
48.645	3
19.71	1
19.712	2
19.752	2
19.91	2
19.937	2
19.943	3
19.945	3
19.982	3
20.022	3
20.074	3
20.098	3
20.099	3
20.12	3
20.127	3
20.165	3
20.213	3
20.245	3
20.245	3
20.401	3
20.455	3
20.515	3
20.546	3
20.636	3
20.638	3
20.652	3
20.677	3
20.81	3
20.935	3
21.051	3
21.221	3
21.239	3
21.308	3
21.364	3
21.395	3
21.516	3
21.684	3
21.698	3
22.016	3
22.487	3
22.683	3
23.07	3
23.204	3
23.523	3
23.654	3
23.666	3
23.688	3
24.178	3
24.593	3
25.065	3
25.613	3
25.744	3
25.779	3
25.86	3
25.97	3
25.972	3
26.084	3
26.332	3
26.489	3
26.505	3
26.858	3
27.047	3
27.449	3
27.58	3
27.611	3
27.649	3
27.736	3
28.012	3
28.63	3
28.717	3
28.969	3
29.116	3
29.142	3
29.606	3
29.641	3
29.732	3
29.815	3
31.817	3
32.527	3
32.893	3
33.68	3
35.769	3
36.929	3
39.563	3
48.645	3
19.71	1
19.712	1
19.752	1
19.91	1
19.937	1
19.943	1
19.945	1
19.982	2
20.022	2
20.074	2
20.098	2
20.099	2
20.12	2
20.127	2
20.165	2
20.213	2
20.245	3
20.245	3
20.401	3
20.455	3
20.515	3
20.546	3
20.636	3
20.638	3
20.652	3
20.677	3
20.81	3
20.935	3
21.051	3
21.221	3
21.239	3
21.308	3
21.364	3
21.395	3
21.516	3
21.684	3
21.698	3
22.016	3
22.487	3
22.683	3
23.07	3
23.204	3
23.523	3
23.654	3
23.666	3
23.688	3
24.178	3
24.593	3
25.065	3
25.613	3
25.744	3
25.779	3
25.86	3
25.97	3
25.972	3
26.084	3
26.332	3
26.489	3
26.505	3
26.858	3
27.047	3
27.449	3
27.58	3
27.611	3
27.649	3
27.736	3
28.012	3
28.63	3
28.717	3
28.969	3
29.116	3
29.142	3
29.606	3
29.641	3
29.732	3
29.815	3
31.817	3
32.527	3
32.893	3
33.68	3
35.769	3
36.929	3
39.563	3
48.645	3
19.592	1
19.594	1
19.632	2
19.71	2
19.712	2
19.752	2
19.91	2
19.937	2
19.943	2
19.945	2
19.982	2
20.022	2
20.074	2
20.098	2
20.099	2
20.12	2
20.127	2
20.165	2
20.213	2
20.245	2
20.245	2
20.401	2
20.455	2
20.515	2
20.546	3
20.636	3
20.638	3
20.652	3
20.677	3
20.81	3
20.935	3
21.051	3
21.221	3
21.239	3
21.308	3
21.364	3
21.395	3
21.516	3
21.684	3
21.698	3
22.016	3
22.487	3
22.683	3
23.07	3
23.204	3
23.523	3
23.654	3
23.666	3
23.688	3
24.178	3
24.593	3
25.065	3
25.613	3
25.744	3
25.779	3
25.86	3
25.97	3
25.972	3
26.084	3
26.332	3
26.489	3
26.505	3
26.858	3
27.047	3
27.449	3
27.58	3
27.611	3
27.649	3
27.736	3
28.012	3
28.63	3
28.717	3
28.969	3
29.116	3
29.142	3
29.606	3
29.641	3
29.732	3
29.815	3
31.817	3
32.527	3
32.893	3
33.68	3
35.769	3
36.929	3
39.563	3
48.645	3
19.592	1
19.594	1
19.632	1
19.71	1
19.712	1
19.752	1
19.91	1
19.937	2
19.943	2
19.945	2
19.982	2
20.022	2
20.074	2
20.098	2
20.099	2
20.12	2
20.127	2
20.165	2
20.213	2
20.245	2
20.245	2
20.401	2
20.455	2
20.515	2
20.546	3
20.636	3
20.638	3
20.652	3
20.677	3
20.81	3
20.935	3
21.051	3
21.221	3
21.239	3
21.308	3
21.364	3
21.395	3
21.516	3
21.684	3
21.698	3
22.016	3
22.487	3
22.683	3
23.07	3
23.204	3
23.523	3
23.654	3
23.666	3
23.688	3
24.178	3
24.593	3
25.065	3
25.613	3
25.744	3
25.779	3
25.86	3
25.97	3
25.972	3
26.084	3
26.332	3
26.489	3
26.505	3
26.858	3
27.047	3
27.449	3
27.58	3
27.611	3
27.649	3
27.736	3
28.012	3
28.63	3
28.717	3
28.969	3
29.116	3
29.142	3
29.606	3
29.641	3
29.732	3
29.815	3
31.817	3
32.527	3
32.893	3
33.68	3
35.769	3
36.929	3
39.563	3
48.645	3
19.632	1
19.71	1
19.712	1
19.752	1
19.91	1
19.937	2
19.943	2
19.945	2
19.982	3
20.022	3
20.074	3
20.098	3
20.099	3
20.12	3
20.127	3
20.165	3
20.213	3
20.245	3
20.245	3
20.401	3
20.455	3
20.515	3
20.546	3
20.636	3
20.638	3
20.652	3
20.677	3
20.81	3
20.935	3
21.051	3
21.221	3
21.239	3
21.308	3
21.364	3
21.395	3
21.516	3
21.684	3
21.698	3
22.016	3
22.487	3
22.683	3
23.07	3
23.204	3
23.523	3
23.654	3
23.666	3
23.688	3
24.178	3
24.593	3
25.065	3
25.613	3
25.744	3
25.779	3
25.86	3
25.97	3
25.972	3
26.084	3
26.332	3
26.489	3
26.505	3
26.858	3
27.047	3
27.449	3
27.58	3
27.611	3
27.649	3
27.736	3
28.012	3
28.63	3
28.717	3
28.969	3
29.116	3
29.142	3
29.606	3
29.641	3
29.732	3
29.815	3
31.817	3
32.527	3
32.893	3
33.68	3
35.769	3
36.929	3
39.563	3
48.645	3
20.245	1
20.245	1
20.401	1
20.455	1
20.515	1
20.546	2
20.636	2
20.638	2
20.652	2
20.677	2
20.81	3
20.935	3
21.051	3
21.221	3
21.239	3
21.308	3
21.364	3
21.395	3
21.516	3
21.684	3
21.698	3
22.016	3
22.487	3
22.683	3
23.07	3
23.204	3
23.523	3
23.654	3
23.666	3
23.688	3
24.178	3
24.593	3
25.065	3
25.613	3
25.744	3
25.779	3
25.86	3
25.97	3
25.972	3
26.084	3
26.332	3
26.489	3
26.505	3
26.858	3
27.047	3
27.449	3
27.58	3
27.611	3
27.649	3
27.736	3
28.012	3
28.63	3
28.717	3
28.969	3
29.116	3
29.142	3
29.606	3
29.641	3
29.732	3
29.815	3
31.817	3
32.527	3
32.893	3
33.68	3
35.769	3
36.929	3
39.563	3
48.645	3
19.71	1
19.712	1
19.752	1
19.91	2
19.937	2
19.943	3
19.945	3
19.982	3
20.022	3
20.074	3
20.098	3
20.099	3
20.12	3
20.127	3
20.165	3
20.213	3
20.245	3
20.245	3
20.401	3
20.455	3
20.515	3
20.546	3
20.636	3
20.638	3
20.652	3
20.677	3
20.81	3
20.935	3
21.051	3
21.221	3
21.239	3
21.308	3
21.364	3
21.395	3
21.516	3
21.684	3
21.698	3
22.016	3
22.487	3
22.683	3
23.07	3
23.204	3
23.523	3
23.654	3
23.666	3
23.688	3
24.178	3
24.593	3
25.065	3
25.613	3
25.744	3
25.779	3
25.86	3
25.97	3
25.972	3
26.084	3
26.332	3
26.489	3
26.505	3
26.858	3
27.047	3
27.449	3
27.58	3
27.611	3
27.649	3
27.736	3
28.012	3
28.63	3
28.717	3
28.969	3
29.116	3
29.142	3
29.606	3
29.641	3
29.732	3
29.815	3
31.817	3
32.527	3
32.893	3
33.68	3
35.769	3
36.929	3
39.563	3
48.645	3
19.71	1
19.712	1
19.752	1
19.91	1
19.937	2
19.943	2
19.945	2
19.982	2
20.022	2
20.074	2
20.098	2
20.099	2
20.12	2
20.127	2
20.165	2
20.213	2
20.245	2
20.245	2
20.401	2
20.455	2
20.515	2
20.546	3
20.636	3
20.638	3
20.652	3
20.677	3
20.81	3
20.935	3
21.051	3
21.221	3
21.239	3
21.308	3
21.364	3
21.395	3
21.516	3
21.684	3
21.698	3
22.016	3
22.487	3
22.683	3
23.07	3
23.204	3
23.523	3
23.654	3
23.666	3
23.688	3
24.178	3
24.593	3
25.065	3
25.613	3
25.744	3
25.779	3
25.86	3
25.97	3
25.972	3
26.084	3
26.332	3
26.489	3
26.505	3
26.858	3
27.047	3
27.449	3
27.58	3
27.611	3
27.649	3
27.736	3
28.012	3
28.63	3
28.717	3
28.969	3
29.116	3
29.142	3
29.606	3
29.641	3
29.732	3
29.815	3
31.817	3
32.527	3
32.893	3
33.68	3
35.769	3
36.929	3
39.563	3
48.645	3
19.71	1
19.712	1
19.752	2
19.91	2
19.937	2
19.943	2
19.945	2
19.982	3
20.022	3
20.074	3
20.098	3
20.099	3
20.12	3
20.127	3
20.165	3
20.213	3
20.245	3
20.245	3
20.401	3
20.455	3
20.515	3
20.546	3
20.636	3
20.638	3
20.652	3
20.677	3
20.81	3
20.935	3
21.051	3
21.221	3
21.239	3
21.308	3
21.364	3
21.395	3
21.516	3
21.684	3
21.698	3
22.016	3
22.487	3
22.683	3
23.07	3
23.204	3
23.523	3
23.654	3
23.666	3
23.688	3
24.178	3
24.593	3
25.065	3
25.613	3
25.744	3
25.779	3
25.86	3
25.97	3
25.972	3
26.084	3
26.332	3
26.489	3
26.505	3
26.858	3
27.047	3
27.449	3
27.58	3
27.611	3
27.649	3
27.736	3
28.012	3
28.63	3
28.717	3
28.969	3
29.116	3
29.142	3
29.606	3
29.641	3
29.732	3
29.815	3
31.817	3
32.527	3
32.893	3
33.68	3
35.769	3
36.929	3
39.563	3
48.645	3
19.712	1
19.752	2
19.91	2
19.937	2
19.943	2
19.945	2
19.982	2
20.022	2
20.074	2
20.098	2
20.099	2
20.12	2
20.127	2
20.165	2
20.213	2
20.245	3
20.245	3
20.401	3
20.455	3
20.515	3
20.546	3
20.636	3
20.638	3
20.652	3
20.677	3
20.81	3
20.935	3
21.051	3
21.221	3
21.239	3
21.308	3
21.364	3
21.395	3
21.516	3
21.684	3
21.698	3
22.016	3
22.487	3
22.683	3
23.07	3
23.204	3
23.523	3
23.654	3
23.666	3
23.688	3
24.178	3
24.593	3
25.065	3
25.613	3
25.744	3
25.779	3
25.86	3
25.97	3
25.972	3
26.084	3
26.332	3
26.489	3
26.505	3
26.858	3
27.047	3
27.449	3
27.58	3
27.611	3
27.649	3
27.736	3
28.012	3
28.63	3
28.717	3
28.969	3
29.116	3
29.142	3
29.606	3
29.641	3
29.732	3
29.815	3
31.817	3
32.527	3
32.893	3
33.68	3
35.769	3
36.929	3
39.563	3
48.645	3
19.937	1
19.943	1
19.945	1
19.982	1
20.022	1
20.074	1
20.098	1
20.099	1
20.12	1
20.127	2
20.165	2
20.213	2
20.245	2
20.245	2
20.401	2
20.455	2
20.515	2
20.546	3
20.636	3
20.638	3
20.652	3
20.677	3
20.81	3
20.935	3
21.051	3
21.221	3
21.239	3
21.308	3
21.364	3
21.395	3
21.516	3
21.684	3
21.698	3
22.016	3
22.487	3
22.683	3
23.07	3
23.204	3
23.523	3
23.654	3
23.666	3
23.688	3
24.178	3
24.593	3
25.065	3
25.613	3
25.744	3
25.779	3
25.86	3
25.97	3
25.972	3
26.084	3
26.332	3
26.489	3
26.505	3
26.858	3
27.047	3
27.449	3
27.58	3
27.611	3
27.649	3
27.736	3
28.012	3
28.63	3
28.717	3
28.969	3
29.116	3
29.142	3
29.606	3
29.641	3
29.732	3
29.815	3
31.817	3
32.527	3
32.893	3
33.68	3
35.769	3
36.929	3
39.563	3
48.645	3
19.632	1
19.71	1
19.712	1
19.752	1
19.91	1
19.937	1
19.943	1
19.945	1
19.982	2
20.022	2
20.074	2
20.098	2
20.099	2
20.12	2
20.127	2
20.165	2
20.213	2
20.245	3
20.245	3
20.401	3
20.455	3
20.515	3
20.546	3
20.636	3
20.638	3
20.652	3
20.677	3
20.81	3
20.935	3
21.051	3
21.221	3
21.239	3
21.308	3
21.364	3
21.395	3
21.516	3
21.684	3
21.698	3
22.016	3
22.487	3
22.683	3
23.07	3
23.204	3
23.523	3
23.654	3
23.666	3
23.688	3
24.178	3
24.593	3
25.065	3
25.613	3
25.744	3
25.779	3
25.86	3
25.97	3
25.972	3
26.084	3
26.332	3
26.489	3
26.505	3
26.858	3
27.047	3
27.449	3
27.58	3
27.611	3
27.649	3
27.736	3
28.012	3
28.63	3
28.717	3
28.969	3
29.116	3
29.142	3
29.606	3
29.641	3
29.732	3
29.815	3
31.817	3
32.527	3
32.893	3
33.68	3
35.769	3
36.929	3
39.563	3
48.645	3
19.982	1
20.022	1
20.074	1
20.098	1
20.099	1
20.12	1
20.127	2
20.165	2
20.213	2
20.245	2
20.245	2
20.401	2
20.455	2
20.515	2
20.546	2
20.636	2
20.638	2
20.652	2
20.677	2
20.81	3
20.935	3
21.051	3
21.221	3
21.239	3
21.308	3
21.364	3
21.395	3
21.516	3
21.684	3
21.698	3
22.016	3
22.487	3
22.683	3
23.07	3
23.204	3
23.523	3
23.654	3
23.666	3
23.688	3
24.178	3
24.593	3
25.065	3
25.613	3
25.744	3
25.779	3
25.86	3
25.97	3
25.972	3
26.084	3
26.332	3
26.489	3
26.505	3
26.858	3
27.047	3
27.449	3
27.58	3
27.611	3
27.649	3
27.736	3
28.012	3
28.63	3
28.717	3
28.969	3
29.116	3
29.142	3
29.606	3
29.641	3
29.732	3
29.815	3
31.817	3
32.527	3
32.893	3
33.68	3
35.769	3
36.929	3
39.563	3
48.645	3
19.572	1
19.589	1
19.592	1
19.594	1
19.632	1
19.71	1
19.712	1
19.752	1
19.91	1
19.937	2
19.943	2
19.945	2
19.982	2
20.022	2
20.074	2
20.098	2
20.099	2
20.12	2
20.127	2
20.165	2
20.213	2
20.245	2
20.245	2
20.401	2
20.455	2
20.515	2
20.546	2
20.636	2
20.638	2
20.652	2
20.677	2
20.81	2
20.935	2
21.051	2
21.221	2
21.239	3
21.308	4
21.364	4
21.395	4
21.516	4
21.684	4
21.698	4
22.016	4
22.487	4
22.683	4
23.07	4
23.204	4
23.523	4
23.654	4
23.666	4
23.688	4
24.178	4
24.593	4
25.065	4
25.613	4
25.744	4
25.779	4
25.86	4
25.97	4
25.972	4
26.084	4
26.332	4
26.489	4
26.505	4
26.858	4
27.047	4
27.449	4
27.58	4
27.611	4
27.649	4
27.736	4
28.012	4
28.63	4
28.717	4
28.969	4
29.116	4
29.142	4
29.606	4
29.641	4
29.732	4
29.815	4
31.817	3
32.527	3
32.893	3
33.68	3
35.769	3
36.929	3
39.563	3
48.645	3
19.937	1
19.943	1
19.945	1
19.982	2
20.022	2
20.074	2
20.098	2
20.099	2
20.12	2
20.127	2
20.165	2
20.213	2
20.245	2
20.245	2
20.401	2
20.455	2
20.515	2
20.546	3
20.636	3
20.638	3
20.652	3
20.677	3
20.81	3
20.935	3
21.051	3
21.221	3
21.239	3
21.308	3
21.364	3
21.395	3
21.516	3
21.684	3
21.698	3
22.016	3
22.487	3
22.683	3
23.07	3
23.204	3
23.523	3
23.654	3
23.666	3
23.688	3
24.178	3
24.593	3
25.065	3
25.613	3
25.744	3
25.779	3
25.86	3
25.97	3
25.972	3
26.084	3
26.332	3
26.489	3
26.505	3
26.858	3
27.047	3
27.449	3
27.58	3
27.611	3
27.649	3
27.736	3
28.012	3
28.63	3
28.717	3
28.969	3
29.116	3
29.142	3
29.606	3
29.641	3
29.732	3
29.815	3
31.817	3
32.527	3
32.893	3
33.68	3
35.769	3
36.929	3
39.563	3
48.645	3
19.592	1
19.594	1
19.632	1
19.71	1
19.712	1
19.752	1
19.91	1
19.937	1
19.943	2
19.945	2
19.982	2
20.022	2
20.074	2
20.098	2
20.099	2
20.12	2
20.127	3
20.165	3
20.213	3
20.245	3
20.245	3
20.401	3
20.455	3
20.515	3
20.546	3
20.636	3
20.638	3
20.652	3
20.677	3
20.81	3
20.935	3
21.051	3
21.221	3
21.239	3
21.308	3
21.364	3
21.395	3
21.516	3
21.684	3
21.698	3
22.016	3
22.487	3
22.683	3
23.07	3
23.204	3
23.523	3
23.654	3
23.666	3
23.688	3
24.178	3
24.593	3
25.065	3
25.613	3
25.744	3
25.779	3
25.86	3
25.97	3
25.972	3
26.084	3
26.332	3
26.489	3
26.505	3
26.858	3
27.047	3
27.449	3
27.58	3
27.611	3
27.649	3
27.736	3
28.012	3
28.63	3
28.717	3
28.969	3
29.116	3
29.142	3
29.606	3
29.641	3
29.732	3
29.815	3
31.817	3
32.527	3
32.893	3
33.68	3
35.769	3
36.929	3
39.563	3
48.645	3
19.632	1
19.71	2
19.712	2
19.752	2
19.91	2
19.937	3
19.943	3
19.945	3
19.982	3
20.022	3
20.074	3
20.098	3
20.099	3
20.12	3
20.127	3
20.165	3
20.213	3
20.245	3
20.245	3
20.401	3
20.455	3
20.515	3
20.546	3
20.636	3
20.638	3
20.652	3
20.677	3
20.81	3
20.935	3
21.051	3
21.221	3
21.239	3
21.308	3
21.364	3
21.395	3
21.516	3
21.684	3
21.698	3
22.016	3
22.487	3
22.683	3
23.07	3
23.204	3
23.523	3
23.654	3
23.666	3
23.688	3
24.178	3
24.593	3
25.065	3
25.613	3
25.744	3
25.779	3
25.86	3
25.97	3
25.972	3
26.084	3
26.332	3
26.489	3
26.505	3
26.858	3
27.047	3
27.449	3
27.58	3
27.611	3
27.649	3
27.736	3
28.012	3
28.63	3
28.717	3
28.969	3
29.116	3
29.142	3
29.606	3
29.641	3
29.732	3
29.815	3
31.817	3
32.527	3
32.893	3
33.68	3
35.769	3
36.929	3
39.563	3
48.645	3
19.632	1
19.71	1
19.712	1
19.752	2
19.91	3
19.937	3
19.943	3
19.945	3
19.982	3
20.022	3
20.074	3
20.098	3
20.099	3
20.12	3
20.127	3
20.165	3
20.213	3
20.245	3
20.245	3
20.401	3
20.455	3
20.515	3
20.546	3
20.636	3
20.638	3
20.652	3
20.677	3
20.81	3
20.935	3
21.051	3
21.221	3
21.239	3
21.308	3
21.364	3
21.395	3
21.516	3
21.684	3
21.698	3
22.016	3
22.487	3
22.683	3
23.07	3
23.204	3
23.523	3
23.654	3
23.666	3
23.688	3
24.178	3
24.593	3
25.065	3
25.613	3
25.744	3
25.779	3
25.86	3
25.97	3
25.972	3
26.084	3
26.332	3
26.489	3
26.505	3
26.858	3
27.047	3
27.449	3
27.58	3
27.611	3
27.649	3
27.736	3
28.012	3
28.63	3
28.717	3
28.969	3
29.116	3
29.142	3
29.606	3
29.641	3
29.732	3
29.815	3
31.817	3
32.527	3
32.893	3
33.68	3
35.769	3
36.929	3
39.563	3
48.645	3
19.592	1
19.594	1
19.632	1
19.71	1
19.712	1
19.752	1
19.91	1
19.937	1
19.943	2
19.945	2
19.982	2
20.022	2
20.074	2
20.098	2
20.099	2
20.12	2
20.127	3
20.165	3
20.213	3
20.245	3
20.245	3
20.401	3
20.455	3
20.515	3
20.546	3
20.636	3
20.638	3
20.652	3
20.677	3
20.81	3
20.935	3
21.051	3
21.221	3
21.239	3
21.308	3
21.364	3
21.395	3
21.516	3
21.684	3
21.698	3
22.016	3
22.487	3
22.683	3
23.07	3
23.204	3
23.523	3
23.654	3
23.666	3
23.688	3
24.178	3
24.593	3
25.065	3
25.613	3
25.744	3
25.779	3
25.86	3
25.97	3
25.972	3
26.084	3
26.332	3
26.489	3
26.505	3
26.858	3
27.047	3
27.449	3
27.58	3
27.611	3
27.649	3
27.736	3
28.012	3
28.63	3
28.717	3
28.969	3
29.116	3
29.142	3
29.606	3
29.641	3
29.732	3
29.815	3
31.817	3
32.527	3
32.893	3
33.68	3
35.769	3
36.929	3
39.563	3
48.645	3
19.481	1
19.486	1
19.492	1
19.502	1
19.502	1
19.515	1
19.518	1
19.527	1
19.536	1
19.537	1
19.556	1
19.558	1
19.561	1
19.562	1
19.571	1
19.572	1
19.589	1
19.592	1
19.594	1
19.632	1
19.71	1
19.712	1
19.752	1
19.91	2
19.937	2
19.943	2
19.945	2
19.982	2
20.022	2
20.074	2
20.098	2
20.099	2
20.12	2
20.127	2
20.165	2
20.213	2
20.245	2
20.245	2
20.401	2
20.455	2
20.515	2
20.546	2
20.636	2
20.638	2
20.652	2
20.677	2
20.81	2
20.935	2
21.051	2
21.221	2
21.239	2
21.308	2
21.364	2
21.395	2
21.516	2
21.684	2
21.698	2
22.016	2
22.487	2
22.683	2
23.07	2
23.204	3
23.523	3
23.654	3
23.666	3
23.688	3
24.178	3
24.593	3
25.065	3
25.613	3
25.744	3
25.779	3
25.86	3
25.97	3
25.972	3
26.084	4
26.332	4
26.489	4
26.505	4
26.858	4
27.047	3
27.449	3
27.58	3
27.611	3
27.649	3
27.736	3
28.012	3
28.63	3
28.717	3
28.969	3
29.116	3
29.142	3
29.606	3
29.641	3
29.732	3
29.815	3
31.817	3
32.527	3
32.893	3
33.68	3
35.769	3
36.929	3
39.563	3
48.645	3
19.982	1
20.022	1
20.074	1
20.098	1
20.099	1
20.12	1
20.127	1
20.165	1
20.213	1
20.245	1
20.245	1
20.401	1
20.455	1
20.515	1
20.546	2
20.636	2
20.638	2
20.652	2
20.677	2
20.81	2
20.935	2
21.051	2
21.221	2
21.239	2
21.308	2
21.364	2
21.395	2
21.516	2
21.684	2
21.698	2
22.016	2
22.487	2
22.683	2
23.07	2
23.204	2
23.523	2
23.654	2
23.666	2
23.688	2
24.178	2
24.593	2
25.065	2
25.613	2
25.744	2
25.779	2
25.86	2
25.97	2
25.972	2
26.084	3
26.332	3
26.489	3
26.505	3
26.858	3
27.047	3
27.449	3
27.58	3
27.611	3
27.649	3
27.736	3
28.012	3
28.63	3
28.717	3
28.969	3
29.116	3
29.142	3
29.606	3
29.641	3
29.732	3
29.815	3
31.817	3
32.527	3
32.893	3
33.68	3
35.769	3
36.929	3
39.563	3
48.645	3
19.592	1
19.594	1
19.632	2
19.71	2
19.712	2
19.752	2
19.91	2
19.937	2
19.943	2
19.945	2
19.982	2
20.022	2
20.074	2
20.098	2
20.099	2
20.12	2
20.127	3
20.165	3
20.213	3
20.245	3
20.245	3
20.401	3
20.455	3
20.515	3
20.546	3
20.636	3
20.638	3
20.652	3
20.677	3
20.81	3
20.935	3
21.051	3
21.221	3
21.239	3
21.308	3
21.364	3
21.395	3
21.516	3
21.684	3
21.698	3
22.016	3
22.487	3
22.683	3
23.07	3
23.204	3
23.523	3
23.654	3
23.666	3
23.688	3
24.178	3
24.593	3
25.065	3
25.613	3
25.744	3
25.779	3
25.86	3
25.97	3
25.972	3
26.084	3
26.332	3
26.489	3
26.505	3
26.858	3
27.047	3
27.449	3
27.58	3
27.611	3
27.649	3
27.736	3
28.012	3
28.63	3
28.717	3
28.969	3
29.116	3
29.142	3
29.606	3
29.641	3
29.732	3
29.815	3
31.817	3
32.527	3
32.893	3
33.68	3
35.769	3
36.929	3
39.563	3
48.645	3
19.982	1
20.022	1
20.074	1
20.098	1
20.099	1
20.12	1
20.127	1
20.165	1
20.213	1
20.245	2
20.245	2
20.401	2
20.455	2
20.515	2
20.546	2
20.636	2
20.638	2
20.652	2
20.677	2
20.81	2
20.935	2
21.051	2
21.221	2
21.239	2
21.308	2
21.364	2
21.395	2
21.516	2
21.684	2
21.698	2
22.016	2
22.487	2
22.683	2
23.07	2
23.204	2
23.523	2
23.654	2
23.666	2
23.688	2
24.178	2
24.593	2
25.065	2
25.613	2
25.744	2
25.779	2
25.86	2
25.97	2
25.972	2
26.084	3
26.332	3
26.489	3
26.505	3
26.858	3
27.047	3
27.449	3
27.58	3
27.611	3
27.649	3
27.736	3
28.012	3
28.63	3
28.717	3
28.969	3
29.116	3
29.142	3
29.606	3
29.641	3
29.732	3
29.815	3
31.817	3
32.527	3
32.893	3
33.68	3
35.769	3
36.929	3
39.563	3
48.645	3
19.502	1
19.515	1
19.518	1
19.527	1
19.536	1
19.537	1
19.556	1
19.558	1
19.561	1
19.562	1
19.571	1
19.572	1
19.589	1
19.592	2
19.594	2
19.632	2
19.71	2
19.712	2
19.752	2
19.91	3
19.937	3
19.943	3
19.945	3
19.982	3
20.022	3
20.074	3
20.098	3
20.099	3
20.12	3
20.127	3
20.165	3
20.213	3
20.245	4
20.245	4
20.401	4
20.455	4
20.515	4
20.546	4
20.636	4
20.638	4
20.652	4
20.677	4
20.81	4
20.935	4
21.051	4
21.221	4
21.239	4
21.308	4
21.364	4
21.395	4
21.516	4
21.684	4
21.698	4
22.016	4
22.487	4
22.683	4
23.07	4
23.204	4
23.523	4
23.654	4
23.666	4
23.688	4
24.178	4
24.593	4
25.065	4
25.613	4
25.744	4
25.779	4
25.86	4
25.97	4
25.972	4
26.084	4
26.332	4
26.489	4
26.505	4
26.858	4
27.047	4
27.449	4
27.58	4
27.611	4
27.649	4
27.736	4
28.012	4
28.63	4
28.717	3
28.969	3
29.116	3
29.142	3
29.606	3
29.641	3
29.732	3
29.815	3
31.817	3
32.527	3
32.893	3
33.68	3
35.769	3
36.929	3
39.563	3
48.645	3
20.127	1
20.165	1
20.213	1
20.245	2
20.245	2
20.401	2
20.455	2
20.515	2
20.546	2
20.636	2
20.638	2
20.652	2
20.677	2
20.81	3
20.935	3
21.051	3
21.221	3
21.239	3
21.308	3
21.364	3
21.395	3
21.516	3
21.684	3
21.698	3
22.016	3
22.487	3
22.683	3
23.07	3
23.204	3
23.523	3
23.654	3
23.666	3
23.688	3
24.178	3
24.593	3
25.065	3
25.613	3
25.744	3
25.779	3
25.86	3
25.97	3
25.972	3
26.084	3
26.332	3
26.489	3
26.505	3
26.858	3
27.047	3
27.449	3
27.58	3
27.611	3
27.649	3
27.736	3
28.012	3
28.63	3
28.717	3
28.969	3
29.116	3
29.142	3
29.606	3
29.641	3
29.732	3
29.815	3
31.817	3
32.527	3
32.893	3
33.68	3
35.769	3
36.929	3
39.563	3
48.645	3
19.592	1
19.594	1
19.632	1
19.71	1
19.712	1
19.752	1
19.91	1
19.937	1
19.943	1
19.945	1
19.982	2
20.022	2
20.074	2
20.098	2
20.099	2
20.12	2
20.127	2
20.165	2
20.213	2
20.245	2
20.245	2
20.401	2
20.455	2
20.515	2
20.546	3
20.636	3
20.638	3
20.652	3
20.677	3
20.81	3
20.935	3
21.051	3
21.221	3
21.239	3
21.308	3
21.364	3
21.395	3
21.516	3
21.684	3
21.698	3
22.016	3
22.487	3
22.683	3
23.07	3
23.204	3
23.523	3
23.654	3
23.666	3
23.688	3
24.178	3
24.593	3
25.065	3
25.613	3
25.744	3
25.779	3
25.86	3
25.97	3
25.972	3
26.084	3
26.332	3
26.489	3
26.505	3
26.858	3
27.047	3
27.449	3
27.58	3
27.611	3
27.649	3
27.736	3
28.012	3
28.63	3
28.717	3
28.969	3
29.116	3
29.142	3
29.606	3
29.641	3
29.732	3
29.815	3
31.817	3
32.527	3
32.893	3
33.68	3
35.769	3
36.929	3
39.563	3
48.645	3
19.752	1
19.91	2
19.937	2
19.943	2
19.945	2
19.982	2
20.022	2
20.074	2
20.098	2
20.099	2
20.12	2
20.127	2
20.165	2
20.213	2
20.245	3
20.245	3
20.401	3
20.455	3
20.515	3
20.546	3
20.636	3
20.638	3
20.652	3
20.677	3
20.81	3
20.935	3
21.051	3
21.221	3
21.239	3
21.308	3
21.364	3
21.395	3
21.516	3
21.684	3
21.698	3
22.016	3
22.487	3
22.683	3
23.07	3
23.204	3
23.523	3
23.654	3
23.666	3
23.688	3
24.178	3
24.593	3
25.065	3
25.613	3
25.744	3
25.779	3
25.86	3
25.97	3
25.972	3
26.084	3
26.332	3
26.489	3
26.505	3
26.858	3
27.047	3
27.449	3
27.58	3
27.611	3
27.649	3
27.736	3
28.012	3
28.63	3
28.717	3
28.969	3
29.116	3
29.142	3
29.606	3
29.641	3
29.732	3
29.815	3
31.817	3
32.527	3
32.893	3
33.68	3
35.769	3
36.929	3
39.563	3
48.645	3
19.712	1
19.752	2
19.91	2
19.937	2
19.943	3
19.945	3
19.982	3
20.022	3
20.074	3
20.098	3
20.099	3
20.12	3
20.127	3
20.165	3
20.213	3
20.245	3
20.245	3
20.401	3
20.455	3
20.515	3
20.546	3
20.636	3
20.638	3
20.652	3
20.677	3
20.81	3
20.935	3
21.051	3
21.221	3
21.239	3
21.308	3
21.364	3
21.395	3
21.516	3
21.684	3
21.698	3
22.016	3
22.487	3
22.683	3
23.07	3
23.204	3
23.523	3
23.654	3
23.666	3
23.688	3
24.178	3
24.593	3
25.065	3
25.613	3
25.744	3
25.779	3
25.86	3
25.97	3
25.972	3
26.084	3
26.332	3
26.489	3
26.505	3
26.858	3
27.047	3
27.449	3
27.58	3
27.611	3
27.649	3
27.736	3
28.012	3
28.63	3
28.717	3
28.969	3
29.116	3
29.142	3
29.606	3
29.641	3
29.732	3
29.815	3
31.817	3
32.527	3
32.893	3
33.68	3
35.769	3
36.929	3
39.563	3
48.645	3
19.91	1
19.937	1
19.943	2
19.945	2
19.982	2
20.022	2
20.074	2
20.098	2
20.099	2
20.12	2
20.127	2
20.165	2
20.213	2
20.245	2
20.245	2
20.401	2
20.455	2
20.515	2
20.546	2
20.636	2
20.638	2
20.652	2
20.677	2
20.81	3
20.935	3
21.051	3
21.221	3
21.239	3
21.308	3
21.364	3
21.395	3
21.516	3
21.684	3
21.698	3
22.016	3
22.487	3
22.683	3
23.07	3
23.204	3
23.523	3
23.654	3
23.666	3
23.688	3
24.178	3
24.593	3
25.065	3
25.613	3
25.744	3
25.779	3
25.86	3
25.97	3
25.972	3
26.084	3
26.332	3
26.489	3
26.505	3
26.858	3
27.047	3
27.449	3
27.58	3
27.611	3
27.649	3
27.736	3
28.012	3
28.63	3
28.717	3
28.969	3
29.116	3
29.142	3
29.606	3
29.641	3
29.732	3
29.815	3
31.817	3
32.527	3
32.893	3
33.68	3
35.769	3
36.929	3
39.563	3
48.645	3
19.712	1
19.752	2
19.91	2
19.937	2
19.943	2
19.945	2
19.982	2
20.022	2
20.074	2
20.098	2
20.099	2
20.12	2
20.127	2
20.165	2
20.213	2
20.245	2
20.245	2
20.401	2
20.455	2
20.515	2
20.546	2
20.636	2
20.638	2
20.652	2
20.677	2
20.81	3
20.935	3
21.051	3
21.221	3
21.239	3
21.308	3
21.364	3
21.395	3
21.516	3
21.684	3
21.698	3
22.016	3
22.487	3
22.683	3
23.07	3
23.204	3
23.523	3
23.654	3
23.666	3
23.688	3
24.178	3
24.593	3
25.065	3
25.613	3
25.744	3
25.779	3
25.86	3
25.97	3
25.972	3
26.084	3
26.332	3
26.489	3
26.505	3
26.858	3
27.047	3
27.449	3
27.58	3
27.611	3
27.649	3
27.736	3
28.012	3
28.63	3
28.717	3
28.969	3
29.116	3
29.142	3
29.606	3
29.641	3
29.732	3
29.815	3
31.817	3
32.527	3
32.893	3
33.68	3
35.769	3
36.929	3
39.563	3
48.645	3
19.632	1
19.71	1
19.712	1
19.752	1
19.91	1
19.937	2
19.943	2
19.945	2
19.982	2
20.022	2
20.074	2
20.098	2
20.099	2
20.12	2
20.127	2
20.165	2
20.213	2
20.245	2
20.245	2
20.401	2
20.455	2
20.515	2
20.546	2
20.636	2
20.638	2
20.652	2
20.677	2
20.81	3
20.935	3
21.051	3
21.221	3
21.239	3
21.308	3
21.364	3
21.395	3
21.516	3
21.684	3
21.698	3
22.016	3
22.487	3
22.683	3
23.07	3
23.204	3
23.523	3
23.654	3
23.666	3
23.688	3
24.178	3
24.593	3
25.065	3
25.613	3
25.744	3
25.779	3
25.86	3
25.97	3
25.972	3
26.084	3
26.332	3
26.489	3
26.505	3
26.858	3
27.047	3
27.449	3
27.58	3
27.611	3
27.649	3
27.736	3
28.012	3
28.63	3
28.717	3
28.969	3
29.116	3
29.142	3
29.606	3
29.641	3
29.732	3
29.815	3
31.817	3
32.527	3
32.893	3
33.68	3
35.769	3
36.929	3
39.563	3
48.645	3
19.937	1
19.943	1
19.945	1
19.982	2
20.022	2
20.074	2
20.098	2
20.099	2
20.12	2
20.127	2
20.165	2
20.213	2
20.245	2
20.245	2
20.401	2
20.455	2
20.515	2
20.546	3
20.636	3
20.638	3
20.652	3
20.677	3
20.81	3
20.935	3
21.051	3
21.221	3
21.239	3
21.308	3
21.364	3
21.395	3
21.516	3
21.684	3
21.698	3
22.016	3
22.487	3
22.683	3
23.07	3
23.204	3
23.523	3
23.654	3
23.666	3
23.688	3
24.178	3
24.593	3
25.065	3
25.613	3
25.744	3
25.779	3
25.86	3
25.97	3
25.972	3
26.084	3
26.332	3
26.489	3
26.505	3
26.858	3
27.047	3
27.449	3
27.58	3
27.611	3
27.649	3
27.736	3
28.012	3
28.63	3
28.717	3
28.969	3
29.116	3
29.142	3
29.606	3
29.641	3
29.732	3
29.815	3
31.817	3
32.527	3
32.893	3
33.68	3
35.769	3
36.929	3
39.563	3
48.645	3
19.592	1
19.594	1
19.632	1
19.71	1
19.712	1
19.752	1
19.91	1
19.937	2
19.943	3
19.945	3
19.982	3
20.022	3
20.074	3
20.098	3
20.099	3
20.12	3
20.127	3
20.165	3
20.213	3
20.245	3
20.245	3
20.401	3
20.455	3
20.515	3
20.546	3
20.636	3
20.638	3
20.652	3
20.677	3
20.81	3
20.935	3
21.051	3
21.221	3
21.239	3
21.308	3
21.364	3
21.395	3
21.516	3
21.684	3
21.698	3
22.016	3
22.487	3
22.683	3
23.07	3
23.204	3
23.523	3
23.654	3
23.666	3
23.688	3
24.178	3
24.593	3
25.065	3
25.613	3
25.744	3
25.779	3
25.86	3
25.97	3
25.972	3
26.084	3
26.332	3
26.489	3
26.505	3
26.858	3
27.047	3
27.449	3
27.58	3
27.611	3
27.649	3
27.736	3
28.012	3
28.63	3
28.717	3
28.969	3
29.116	3
29.142	3
29.606	3
29.641	3
29.732	3
29.815	3
31.817	3
32.527	3
32.893	3
33.68	3
35.769	3
36.929	3
39.563	3
48.645	3
20.245	1
20.245	1
20.401	1
20.455	1
20.515	1
20.546	2
20.636	2
20.638	2
20.652	2
20.677	2
20.81	3
20.935	3
21.051	3
21.221	3
21.239	3
21.308	3
21.364	3
21.395	3
21.516	3
21.684	3
21.698	3
22.016	3
22.487	3
22.683	3
23.07	3
23.204	3
23.523	3
23.654	3
23.666	3
23.688	3
24.178	3
24.593	3
25.065	3
25.613	3
25.744	3
25.779	3
25.86	3
25.97	3
25.972	3
26.084	3
26.332	3
26.489	3
26.505	3
26.858	3
27.047	3
27.449	3
27.58	3
27.611	3
27.649	3
27.736	3
28.012	3
28.63	3
28.717	3
28.969	3
29.116	3
29.142	3
29.606	3
29.641	3
29.732	3
29.815	3
31.817	3
32.527	3
32.893	3
33.68	3
35.769	3
36.929	3
39.563	3
48.645	3
19.71	1
19.712	2
19.752	2
19.91	2
19.937	3
19.943	3
19.945	3
19.982	3
20.022	3
20.074	3
20.098	3
20.099	3
20.12	3
20.127	3
20.165	3
20.213	3
20.245	3
20.245	3
20.401	3
20.455	3
20.515	3
20.546	3
20.636	3
20.638	3
20.652	3
20.677	3
20.81	3
20.935	3
21.051	3
21.221	3
21.239	3
21.308	3
21.364	3
21.395	3
21.516	3
21.684	3
21.698	3
22.016	3
22.487	3
22.683	3
23.07	3
23.204	3
23.523	3
23.654	3
23.666	3
23.688	3
24.178	3
24.593	3
25.065	3
25.613	3
25.744	3
25.779	3
25.86	3
25.97	3
25.972	3
26.084	3
26.332	3
26.489	3
26.505	3
26.858	3
27.047	3
27.449	3
27.58	3
27.611	3
27.649	3
27.736	3
28.012	3
28.63	3
28.717	3
28.969	3
29.116	3
29.142	3
29.606	3
29.641	3
29.732	3
29.815	3
31.817	3
32.527	3
32.893	3
33.68	3
35.769	3
36.929	3
39.563	3
48.645	3
19.632	1
19.71	1
19.712	2
19.752	2
19.91	2
19.937	2
19.943	3
19.945	3
19.982	3
20.022	3
20.074	3
20.098	3
20.099	3
20.12	3
20.127	3
20.165	3
20.213	3
20.245	3
20.245	3
20.401	3
20.455	3
20.515	3
20.546	3
20.636	3
20.638	3
20.652	3
20.677	3
20.81	3
20.935	3
21.051	3
21.221	3
21.239	3
21.308	3
21.364	3
21.395	3
21.516	3
21.684	3
21.698	3
22.016	3
22.487	3
22.683	3
23.07	3
23.204	3
23.523	3
23.654	3
23.666	3
23.688	3
24.178	3
24.593	3
25.065	3
25.613	3
25.744	3
25.779	3
25.86	3
25.97	3
25.972	3
26.084	3
26.332	3
26.489	3
26.505	3
26.858	3
27.047	3
27.449	3
27.58	3
27.611	3
27.649	3
27.736	3
28.012	3
28.63	3
28.717	3
28.969	3
29.116	3
29.142	3
29.606	3
29.641	3
29.732	3
29.815	3
31.817	3
32.527	3
32.893	3
33.68	3
35.769	3
36.929	3
39.563	3
48.645	3
19.752	1
19.91	2
19.937	2
19.943	2
19.945	2
19.982	2
20.022	2
20.074	2
20.098	2
20.099	2
20.12	2
20.127	2
20.165	2
20.213	2
20.245	2
20.245	2
20.401	2
20.455	2
20.515	2
20.546	2
20.636	2
20.638	2
20.652	2
20.677	2
20.81	2
20.935	2
21.051	2
21.221	2
21.239	2
21.308	2
21.364	2
21.395	2
21.516	2
21.684	2
21.698	2
22.016	2
22.487	2
22.683	2
23.07	2
23.204	2
23.523	2
23.654	2
23.666	2
23.688	2
24.178	2
24.593	2
25.065	2
25.613	2
25.744	2
25.779	2
25.86	2
25.97	2
25.972	2
26.084	3
26.332	3
26.489	3
26.505	3
26.858	3
27.047	3
27.449	3
27.58	3
27.611	3
27.649	3
27.736	3
28.012	3
28.63	3
28.717	3
28.969	3
29.116	3
29.142	3
29.606	3
29.641	3
29.732	3
29.815	3
31.817	3
32.527	3
32.893	3
33.68	3
35.769	3
36.929	3
39.563	3
48.645	3
19.71	1
19.712	1
19.752	2
19.91	2
19.937	2
19.943	2
19.945	2
19.982	2
20.022	2
20.074	2
20.098	2
20.099	2
20.12	2
20.127	2
20.165	2
20.213	2
20.245	3
20.245	3
20.401	3
20.455	3
20.515	3
20.546	3
20.636	3
20.638	3
20.652	3
20.677	3
20.81	3
20.935	3
21.051	3
21.221	3
21.239	3
21.308	3
21.364	3
21.395	3
21.516	3
21.684	3
21.698	3
22.016	3
22.487	3
22.683	3
23.07	3
23.204	3
23.523	3
23.654	3
23.666	3
23.688	3
24.178	3
24.593	3
25.065	3
25.613	3
25.744	3
25.779	3
25.86	3
25.97	3
25.972	3
26.084	3
26.332	3
26.489	3
26.505	3
26.858	3
27.047	3
27.449	3
27.58	3
27.611	3
27.649	3
27.736	3
28.012	3
28.63	3
28.717	3
28.969	3
29.116	3
29.142	3
29.606	3
29.641	3
29.732	3
29.815	3
31.817	3
32.527	3
32.893	3
33.68	3
35.769	3
36.929	3
39.563	3
48.645	3
19.712	1
19.752	1
19.91	1
19.937	1
19.943	1
19.945	1
19.982	1
20.022	1
20.074	1
20.098	1
20.099	1
20.12	1
20.127	2
20.165	2
20.213	2
20.245	2
20.245	2
20.401	2
20.455	2
20.515	2
20.546	3
20.636	3
20.638	3
20.652	3
20.677	3
20.81	3
20.935	3
21.051	3
21.221	3
21.239	3
21.308	3
21.364	3
21.395	3
21.516	3
21.684	3
21.698	3
22.016	3
22.487	3
22.683	3
23.07	3
23.204	3
23.523	3
23.654	3
23.666	3
23.688	3
24.178	3
24.593	3
25.065	3
25.613	3
25.744	3
25.779	3
25.86	3
25.97	3
25.972	3
26.084	3
26.332	3
26.489	3
26.505	3
26.858	3
27.047	3
27.449	3
27.58	3
27.611	3
27.649	3
27.736	3
28.012	3
28.63	3
28.717	3
28.969	3
29.116	3
29.142	3
29.606	3
29.641	3
29.732	3
29.815	3
31.817	3
32.527	3
32.893	3
33.68	3
35.769	3
36.929	3
39.563	3
48.645	3
19.937	1
19.943	1
19.945	1
19.982	2
20.022	2
20.074	2
20.098	2
20.099	2
20.12	2
20.127	2
20.165	2
20.213	2
20.245	2
20.245	2
20.401	2
20.455	2
20.515	2
20.546	3
20.636	3
20.638	3
20.652	3
20.677	3
20.81	3
20.935	3
21.051	3
21.221	3
21.239	3
21.308	3
21.364	3
21.395	3
21.516	3
21.684	3
21.698	3
22.016	3
22.487	3
22.683	3
23.07	3
23.204	3
23.523	3
23.654	3
23.666	3
23.688	3
24.178	3
24.593	3
25.065	3
25.613	3
25.744	3
25.779	3
25.86	3
25.97	3
25.972	3
26.084	3
26.332	3
26.489	3
26.505	3
26.858	3
27.047	3
27.449	3
27.58	3
27.611	3
27.649	3
27.736	3
28.012	3
28.63	3
28.717	3
28.969	3
29.116	3
29.142	3
29.606	3
29.641	3
29.732	3
29.815	3
31.817	3
32.527	3
32.893	3
33.68	3
35.769	3
36.929	3
39.563	3
48.645	3
19.592	1
19.594	1
19.632	1
19.71	1
19.712	1
19.752	1
19.91	1
19.937	2
19.943	2
19.945	2
19.982	2
20.022	2
20.074	2
20.098	2
20.099	2
20.12	2
20.127	2
20.165	2
20.213	2
20.245	2
20.245	2
20.401	2
20.455	2
20.515	2
20.546	2
20.636	2
20.638	2
20.652	2
20.677	2
20.81	3
20.935	3
21.051	3
21.221	3
21.239	3
21.308	3
21.364	3
21.395	3
21.516	3
21.684	3
21.698	3
22.016	3
22.487	3
22.683	3
23.07	3
23.204	3
23.523	3
23.654	3
23.666	3
23.688	3
24.178	3
24.593	3
25.065	3
25.613	3
25.744	3
25.779	3
25.86	3
25.97	3
25.972	3
26.084	3
26.332	3
26.489	3
26.505	3
26.858	3
27.047	3
27.449	3
27.58	3
27.611	3
27.649	3
27.736	3
28.012	3
28.63	3
28.717	3
28.969	3
29.116	3
29.142	3
29.606	3
29.641	3
29.732	3
29.815	3
31.817	3
32.527	3
32.893	3
33.68	3
35.769	3
36.929	3
39.563	3
48.645	3
19.943	1
19.945	1
19.982	1
20.022	1
20.074	1
20.098	1
20.099	1
20.12	1
20.127	1
20.165	1
20.213	1
20.245	1
20.245	1
20.401	1
20.455	1
20.515	1
20.546	2
20.636	2
20.638	2
20.652	2
20.677	2
20.81	3
20.935	3
21.051	3
21.221	3
21.239	3
21.308	3
21.364	3
21.395	3
21.516	3
21.684	3
21.698	3
22.016	3
22.487	3
22.683	3
23.07	3
23.204	3
23.523	3
23.654	3
23.666	3
23.688	3
24.178	3
24.593	3
25.065	3
25.613	3
25.744	3
25.779	3
25.86	3
25.97	3
25.972	3
26.084	3
26.332	3
26.489	3
26.505	3
26.858	3
27.047	3
27.449	3
27.58	3
27.611	3
27.649	3
27.736	3
28.012	3
28.63	3
28.717	3
28.969	3
29.116	3
29.142	3
29.606	3
29.641	3
29.732	3
29.815	3
31.817	3
32.527	3
32.893	3
33.68	3
35.769	3
36.929	3
39.563	3
48.645	3
19.632	1
19.71	2
19.712	2
19.752	2
19.91	2
19.937	2
19.943	3
19.945	3
19.982	3
20.022	3
20.074	3
20.098	3
20.099	3
20.12	3
20.127	3
20.165	3
20.213	3
20.245	3
20.245	3
20.401	3
20.455	3
20.515	3
20.546	3
20.636	3
20.638	3
20.652	3
20.677	3
20.81	3
20.935	3
21.051	3
21.221	3
21.239	3
21.308	3
21.364	3
21.395	3
21.516	3
21.684	3
21.698	3
22.016	3
22.487	3
22.683	3
23.07	3
23.204	3
23.523	3
23.654	3
23.666	3
23.688	3
24.178	3
24.593	3
25.065	3
25.613	3
25.744	3
25.779	3
25.86	3
25.97	3
25.972	3
26.084	3
26.332	3
26.489	3
26.505	3
26.858	3
27.047	3
27.449	3
27.58	3
27.611	3
27.649	3
27.736	3
28.012	3
28.63	3
28.717	3
28.969	3
29.116	3
29.142	3
29.606	3
29.641	3
29.732	3
29.815	3
31.817	3
32.527	3
32.893	3
33.68	3
35.769	3
36.929	3
39.563	3
48.645	3
19.712	1
19.752	1
19.91	1
19.937	2
19.943	2
19.945	2
19.982	2
20.022	2
20.074	2
20.098	2
20.099	2
20.12	2
20.127	3
20.165	3
20.213	3
20.245	3
20.245	3
20.401	3
20.455	3
20.515	3
20.546	3
20.636	3
20.638	3
20.652	3
20.677	3
20.81	3
20.935	3
21.051	3
21.221	3
21.239	3
21.308	3
21.364	3
21.395	3
21.516	3
21.684	3
21.698	3
22.016	3
22.487	3
22.683	3
23.07	3
23.204	3
23.523	3
23.654	3
23.666	3
23.688	3
24.178	3
24.593	3
25.065	3
25.613	3
25.744	3
25.779	3
25.86	3
25.97	3
25.972	3
26.084	3
26.332	3
26.489	3
26.505	3
26.858	3
27.047	3
27.449	3
27.58	3
27.611	3
27.649	3
27.736	3
28.012	3
28.63	3
28.717	3
28.969	3
29.116	3
29.142	3
29.606	3
29.641	3
29.732	3
29.815	3
31.817	3
32.527	3
32.893	3
33.68	3
35.769	3
36.929	3
39.563	3
48.645	3
19.937	1
19.943	1
19.945	1
19.982	2
20.022	2
20.074	2
20.098	2
20.099	2
20.12	2
20.127	2
20.165	2
20.213	2
20.245	2
20.245	2
20.401	2
20.455	2
20.515	2
20.546	3
20.636	3
20.638	3
20.652	3
20.677	3
20.81	3
20.935	3
21.051	3
21.221	3
21.239	3
21.308	3
21.364	3
21.395	3
21.516	3
21.684	3
21.698	3
22.016	3
22.487	3
22.683	3
23.07	3
23.204	3
23.523	3
23.654	3
23.666	3
23.688	3
24.178	3
24.593	3
25.065	3
25.613	3
25.744	3
25.779	3
25.86	3
25.97	3
25.972	3
26.084	3
26.332	3
26.489	3
26.505	3
26.858	3
27.047	3
27.449	3
27.58	3
27.611	3
27.649	3
27.736	3
28.012	3
28.63	3
28.717	3
28.969	3
29.116	3
29.142	3
29.606	3
29.641	3
29.732	3
29.815	3
31.817	3
32.527	3
32.893	3
33.68	3
35.769	3
36.929	3
39.563	3
48.645	3
19.466	1
19.476	1
19.481	1
19.486	1
19.492	1
19.502	1
19.502	1
19.515	1
19.518	1
19.527	1
19.536	1
19.537	1
19.556	1
19.558	1
19.561	1
19.562	1
19.571	1
19.572	1
19.589	1
19.592	1
19.594	1
19.632	1
19.71	1
19.712	1
19.752	2
19.91	2
19.937	2
19.943	2
19.945	2
19.982	2
20.022	2
20.074	2
20.098	2
20.099	2
20.12	2
20.127	3
20.165	3
20.213	3
20.245	3
20.245	3
20.401	3
20.455	3
20.515	3
20.546	4
20.636	4
20.638	4
20.652	4
20.677	4
20.81	4
20.935	4
21.051	4
21.221	4
21.239	4
21.308	4
21.364	4
21.395	3
21.516	3
21.684	3
21.698	3
22.016	3
22.487	3
22.683	3
23.07	3
23.204	3
23.523	3
23.654	3
23.666	3
23.688	3
24.178	3
24.593	3
25.065	3
25.613	3
25.744	3
25.779	3
25.86	3
25.97	3
25.972	3
26.084	3
26.332	3
26.489	3
26.505	3
26.858	3
27.047	3
27.449	3
27.58	3
27.611	3
27.649	3
27.736	3
28.012	3
28.63	3
28.717	3
28.969	3
29.116	3
29.142	3
29.606	3
29.641	3
29.732	3
29.815	3
31.817	3
32.527	3
32.893	3
33.68	3
35.769	3
36.929	3
39.563	3
48.645	3
19.594	1
19.632	1
19.71	2
19.712	2
19.752	2
19.91	2
19.937	2
19.943	2
19.945	2
19.982	3
20.022	3
20.074	3
20.098	3
20.099	3
20.12	3
20.127	3
20.165	3
20.213	3
20.245	3
20.245	3
20.401	3
20.455	3
20.515	3
20.546	3
20.636	3
20.638	3
20.652	3
20.677	3
20.81	3
20.935	3
21.051	3
21.221	3
21.239	3
21.308	3
21.364	3
21.395	3
21.516	3
21.684	3
21.698	3
22.016	3
22.487	3
22.683	3
23.07	3
23.204	3
23.523	3
23.654	3
23.666	3
23.688	3
24.178	3
24.593	3
25.065	3
25.613	3
25.744	3
25.779	3
25.86	3
25.97	3
25.972	3
26.084	4
26.332	4
26.489	4
26.505	4
26.858	4
27.047	4
27.449	4
27.58	4
27.611	4
27.649	4
27.736	3
28.012	3
28.63	3
28.717	3
28.969	3
29.116	3
29.142	3
29.606	3
29.641	3
29.732	3
29.815	3
31.817	3
32.527	3
32.893	3
33.68	3
35.769	3
36.929	3
39.563	3
48.645	3
19.592	1
19.594	1
19.632	1
19.71	1
19.712	2
19.752	2
19.91	2
19.937	2
19.943	2
19.945	2
19.982	2
20.022	2
20.074	2
20.098	2
20.099	2
20.12	2
20.127	2
20.165	2
20.213	2
20.245	2
20.245	2
20.401	2
20.455	2
20.515	2
20.546	3
20.636	3
20.638	3
20.652	3
20.677	3
20.81	3
20.935	3
21.051	3
21.221	3
21.239	3
21.308	3
21.364	3
21.395	3
21.516	3
21.684	3
21.698	3
22.016	3
22.487	3
22.683	3
23.07	3
23.204	3
23.523	3
23.654	3
23.666	3
23.688	3
24.178	3
24.593	3
25.065	3
25.613	3
25.744	3
25.779	3
25.86	3
25.97	3
25.972	3
26.084	3
26.332	3
26.489	3
26.505	3
26.858	3
27.047	3
27.449	3
27.58	3
27.611	3
27.649	3
27.736	3
28.012	3
28.63	3
28.717	3
28.969	3
29.116	3
29.142	3
29.606	3
29.641	3
29.732	3
29.815	3
31.817	3
32.527	3
32.893	3
33.68	3
35.769	3
36.929	3
39.563	3
48.645	3
19.537	1
19.556	1
19.558	1
19.561	1
19.562	1
19.571	1
19.572	1
19.589	1
19.592	1
19.594	1
19.632	1
19.71	1
19.712	1
19.752	1
19.91	1
19.937	2
19.943	2
19.945	2
19.982	3
20.022	3
20.074	3
20.098	3
20.099	3
20.12	3
20.127	4
20.165	4
20.213	4
20.245	4
20.245	4
20.401	4
20.455	4
20.515	4
20.546	4
20.636	4
20.638	4
20.652	5
20.677	5
20.81	5
20.935	5
21.051	5
21.221	5
21.239	5
21.308	5
21.364	5
21.395	5
21.516	5
21.684	4
21.698	4
22.016	4
22.487	4
22.683	4
23.07	4
23.204	4
23.523	4
23.654	4
23.666	4
23.688	4
24.178	4
24.593	4
25.065	4
25.613	4
25.744	4
25.779	4
25.86	4
25.97	4
25.972	4
26.084	4
26.332	4
26.489	4
26.505	4
26.858	4
27.047	4
27.449	4
27.58	4
27.611	4
27.649	4
27.736	4
28.012	4
28.63	4
28.717	4
28.969	4
29.116	4
29.142	4
29.606	4
29.641	4
29.732	4
29.815	4
31.817	4
32.527	4
32.893	4
33.68	4
35.769	3
36.929	3
39.563	3
48.645	3
19.592	1
19.594	1
19.632	1
19.71	2
19.712	2
19.752	2
19.91	3
19.937	3
19.943	3
19.945	3
19.982	3
20.022	3
20.074	3
20.098	3
20.099	3
20.12	3
20.127	3
20.165	3
20.213	3
20.245	3
20.245	3
20.401	3
20.455	3
20.515	3
20.546	3
20.636	3
20.638	3
20.652	3
20.677	3
20.81	3
20.935	3
21.051	3
21.221	3
21.239	3
21.308	3
21.364	3
21.395	3
21.516	3
21.684	3
21.698	3
22.016	3
22.487	3
22.683	3
23.07	3
23.204	3
23.523	3
23.654	3
23.666	3
23.688	3
24.178	3
24.593	3
25.065	3
25.613	3
25.744	3
25.779	3
25.86	3
25.97	3
25.972	3
26.084	3
26.332	3
26.489	3
26.505	3
26.858	3
27.047	3
27.449	3
27.58	3
27.611	3
27.649	3
27.736	3
28.012	3
28.63	3
28.717	3
28.969	3
29.116	3
29.142	3
29.606	3
29.641	3
29.732	3
29.815	3
31.817	3
32.527	3
32.893	3
33.68	3
35.769	3
36.929	3
39.563	3
48.645	3
19.592	1
19.594	1
19.632	1
19.71	1
19.712	1
19.752	1
19.91	1
19.937	1
19.943	1
19.945	1
19.982	1
20.022	1
20.074	1
20.098	1
20.099	1
20.12	1
20.127	1
20.165	1
20.213	1
20.245	2
20.245	2
20.401	2
20.455	2
20.515	2
20.546	3
20.636	3
20.638	3
20.652	3
20.677	3
20.81	3
20.935	3
21.051	3
21.221	3
21.239	3
21.308	3
21.364	3
21.395	3
21.516	3
21.684	3
21.698	3
22.016	3
22.487	3
22.683	3
23.07	3
23.204	3
23.523	3
23.654	3
23.666	3
23.688	3
24.178	3
24.593	3
25.065	3
25.613	3
25.744	3
25.779	3
25.86	3
25.97	3
25.972	3
26.084	3
26.332	3
26.489	3
26.505	3
26.858	3
27.047	3
27.449	3
27.58	3
27.611	3
27.649	3
27.736	3
28.012	3
28.63	3
28.717	3
28.969	3
29.116	3
29.142	3
29.606	3
29.641	3
29.732	3
29.815	3
31.817	3
32.527	3
32.893	3
33.68	3
35.769	3
36.929	3
39.563	3
48.645	3
19.476	1
19.481	1
19.486	1
19.492	1
19.502	1
19.502	1
19.515	1
19.518	1
19.527	1
19.536	1
19.537	1
19.556	1
19.558	1
19.561	1
19.562	1
19.571	1
19.572	1
19.589	1
19.592	1
19.594	1
19.632	1
19.71	1
19.712	2
19.752	2
19.91	2
19.937	2
19.943	2
19.945	3
19.982	3
20.022	3
20.074	3
20.098	3
20.099	3
20.12	3
20.127	4
20.165	4
20.213	4
20.245	4
20.245	4
20.401	4
20.455	5
20.515	5
20.546	5
20.636	5
20.638	5
20.652	5
20.677	5
20.81	5
20.935	5
21.051	5
21.221	5
21.239	5
21.308	5
21.364	5
21.395	5
21.516	5
21.684	5
21.698	5
22.016	5
22.487	5
22.683	5
23.07	5
23.204	5
23.523	5
23.654	5
23.666	5
23.688	4
24.178	3
24.593	3
25.065	3
25.613	4
25.744	4
25.779	4
25.86	4
25.97	4
25.972	4
26.084	4
26.332	4
26.489	4
26.505	4
26.858	4
27.047	4
27.449	4
27.58	4
27.611	4
27.649	4
27.736	4
28.012	4
28.63	4
28.717	4
28.969	4
29.116	4
29.142	4
29.606	4
29.641	4
29.732	4
29.815	4
31.817	4
32.527	4
32.893	4
33.68	4
35.769	4
36.929	4
39.563	4
48.645	3
19.462	1
19.466	1
19.476	1
19.481	1
19.486	1
19.492	1
19.502	1
19.502	1
19.515	1
19.518	1
19.527	1
19.536	1
19.537	1
19.556	1
19.558	1
19.561	1
19.562	1
19.571	1
19.572	1
19.589	1
19.592	1
19.594	1
19.632	1
19.71	1
19.712	2
19.752	2
19.91	2
19.937	3
19.943	3
19.945	3
19.982	3
20.022	3
20.074	3
20.098	3
20.099	3
20.12	3
20.127	4
20.165	4
20.213	4
20.245	4
20.245	4
20.401	4
20.455	4
20.515	4
20.546	4
20.636	4
20.638	4
20.652	4
20.677	4
20.81	4
20.935	4
21.051	4
21.221	4
21.239	4
21.308	4
21.364	4
21.395	4
21.516	4
21.684	4
21.698	4
22.016	4
22.487	4
22.683	4
23.07	4
23.204	4
23.523	4
23.654	4
23.666	4
23.688	4
24.178	4
24.593	4
25.065	4
25.613	4
25.744	4
25.779	4
25.86	4
25.97	4
25.972	4
26.084	4
26.332	4
26.489	4
26.505	4
26.858	4
27.047	4
27.449	4
27.58	4
27.611	4
27.649	4
27.736	4
28.012	4
28.63	4
28.717	4
28.969	4
29.116	4
29.142	4
29.606	4
29.641	4
29.732	4
29.815	3
31.817	3
32.527	3
32.893	3
33.68	3
35.769	3
36.929	3
39.563	3
48.645	3
19.937	1
19.943	1
19.945	1
19.982	2
20.022	2
20.074	2
20.098	2
20.099	2
20.12	2
20.127	2
20.165	2
20.213	2
20.245	2
20.245	2
20.401	2
20.455	2
20.515	2
20.546	3
20.636	3
20.638	3
20.652	3
20.677	3
20.81	3
20.935	3
21.051	3
21.221	3
21.239	3
21.308	3
21.364	3
21.395	3
21.516	3
21.684	3
21.698	3
22.016	3
22.487	3
22.683	3
23.07	3
23.204	3
23.523	3
23.654	3
23.666	3
23.688	3
24.178	3
24.593	3
25.065	3
25.613	3
25.744	3
25.779	3
25.86	3
25.97	3
25.972	3
26.084	3
26.332	3
26.489	3
26.505	3
26.858	3
27.047	3
27.449	3
27.58	3
27.611	3
27.649	3
27.736	3
28.012	3
28.63	3
28.717	3
28.969	3
29.116	3
29.142	3
29.606	3
29.641	3
29.732	3
29.815	3
31.817	3
32.527	3
32.893	3
33.68	3
35.769	3
36.929	3
39.563	3
48.645	3
19.571	1
19.572	1
19.589	1
19.592	2
19.594	2
19.632	2
19.71	2
19.712	2
19.752	2
19.91	2
19.937	2
19.943	2
19.945	2
19.982	2
20.022	2
20.074	2
20.098	2
20.099	2
20.12	2
20.127	2
20.165	2
20.213	2
20.245	2
20.245	2
20.401	2
20.455	2
20.515	3
20.546	3
20.636	3
20.638	4
20.652	4
20.677	4
20.81	4
20.935	4
21.051	4
21.221	4
21.239	4
21.308	4
21.364	4
21.395	4
21.516	4
21.684	4
21.698	4
22.016	4
22.487	4
22.683	4
23.07	4
23.204	4
23.523	4
23.654	4
23.666	4
23.688	4
24.178	4
24.593	4
25.065	4
25.613	4
25.744	4
25.779	4
25.86	4
25.97	4
25.972	4
26.084	5
26.332	5
26.489	5
26.505	5
26.858	4
27.047	4
27.449	4
27.58	4
27.611	4
27.649	4
27.736	4
28.012	4
28.63	3
28.717	3
28.969	3
29.116	3
29.142	3
29.606	3
29.641	3
29.732	3
29.815	3
31.817	3
32.527	3
32.893	3
33.68	3
35.769	3
36.929	3
39.563	3
48.645	3
19.91	1
19.937	1
19.943	1
19.945	1
19.982	1
20.022	1
20.074	1
20.098	1
20.099	1
20.12	1
20.127	2
20.165	2
20.213	2
20.245	2
20.245	2
20.401	2
20.455	2
20.515	2
20.546	3
20.636	3
20.638	3
20.652	3
20.677	3
20.81	3
20.935	3
21.051	3
21.221	3
21.239	3
21.308	3
21.364	3
21.395	3
21.516	3
21.684	3
21.698	3
22.016	3
22.487	3
22.683	3
23.07	3
23.204	3
23.523	3
23.654	3
23.666	3
23.688	3
24.178	3
24.593	3
25.065	3
25.613	3
25.744	3
25.779	3
25.86	3
25.97	3
25.972	3
26.084	3
26.332	3
26.489	3
26.505	3
26.858	3
27.047	3
27.449	3
27.58	3
27.611	3
27.649	3
27.736	3
28.012	3
28.63	3
28.717	3
28.969	3
29.116	3
29.142	3
29.606	3
29.641	3
29.732	3
29.815	3
31.817	3
32.527	3
32.893	3
33.68	3
35.769	3
36.929	3
39.563	3
48.645	3
19.632	1
19.71	2
19.712	2
19.752	2
19.91	2
19.937	2
19.943	2
19.945	2
19.982	2
20.022	2
20.074	2
20.098	2
20.099	2
20.12	2
20.127	2
20.165	2
20.213	2
20.245	2
20.245	2
20.401	2
20.455	2
20.515	2
20.546	2
20.636	2
20.638	2
20.652	2
20.677	2
20.81	2
20.935	2
21.051	2
21.221	2
21.239	2
21.308	2
21.364	2
21.395	2
21.516	2
21.684	2
21.698	2
22.016	2
22.487	2
22.683	2
23.07	2
23.204	2
23.523	2
23.654	2
23.666	2
23.688	2
24.178	2
24.593	2
25.065	2
25.613	2
25.744	2
25.779	2
25.86	2
25.97	2
25.972	2
26.084	3
26.332	3
26.489	3
26.505	3
26.858	3
27.047	3
27.449	3
27.58	3
27.611	3
27.649	3
27.736	3
28.012	3
28.63	3
28.717	3
28.969	3
29.116	3
29.142	3
29.606	3
29.641	3
29.732	3
29.815	3
31.817	3
32.527	3
32.893	3
33.68	3
35.769	3
36.929	3
39.563	3
48.645	3
19.558	1
19.561	1
19.562	1
19.571	1
19.572	1
19.589	1
19.592	1
19.594	1
19.632	1
19.71	1
19.712	1
19.752	2
19.91	2
19.937	2
19.943	2
19.945	2
19.982	2
20.022	2
20.074	2
20.098	2
20.099	2
20.12	2
20.127	2
20.165	2
20.213	2
20.245	3
20.245	3
20.401	3
20.455	3
20.515	3
20.546	3
20.636	3
20.638	3
20.652	3
20.677	3
20.81	3
20.935	4
21.051	4
21.221	4
21.239	4
21.308	4
21.364	4
21.395	4
21.516	4
21.684	4
21.698	4
22.016	4
22.487	4
22.683	4
23.07	4
23.204	4
23.523	4
23.654	4
23.666	3
23.688	3
24.178	3
24.593	3
25.065	3
25.613	3
25.744	3
25.779	3
25.86	3
25.97	3
25.972	3
26.084	3
26.332	3
26.489	3
26.505	3
26.858	3
27.047	3
27.449	3
27.58	3
27.611	3
27.649	3
27.736	3
28.012	3
28.63	3
28.717	3
28.969	3
29.116	3
29.142	3
29.606	3
29.641	3
29.732	3
29.815	3
31.817	3
32.527	3
32.893	3
33.68	3
35.769	3
36.929	3
39.563	3
48.645	3
19.71	1
19.712	1
19.752	1
19.91	2
19.937	2
19.943	2
19.945	2
19.982	2
20.022	2
20.074	2
20.098	2
20.099	2
20.12	2
20.127	3
20.165	3
20.213	3
20.245	3
20.245	3
20.401	3
20.455	3
20.515	3
20.546	3
20.636	3
20.638	3
20.652	3
20.677	3
20.81	3
20.935	3
21.051	3
21.221	3
21.239	3
21.308	3
21.364	3
21.395	3
21.516	3
21.684	3
21.698	3
22.016	3
22.487	3
22.683	3
23.07	3
23.204	3
23.523	3
23.654	3
23.666	3
23.688	3
24.178	3
24.593	3
25.065	3
25.613	3
25.744	3
25.779	3
25.86	3
25.97	3
25.972	3
26.084	3
26.332	3
26.489	3
26.505	3
26.858	3
27.047	3
27.449	3
27.58	3
27.611	3
27.649	3
27.736	3
28.012	3
28.63	3
28.717	3
28.969	3
29.116	3
29.142	3
29.606	3
29.641	3
29.732	3
29.815	3
31.817	3
32.527	3
32.893	3
33.68	3
35.769	3
36.929	3
39.563	3
48.645	3
19.632	1
19.71	1
19.712	1
19.752	1
19.91	2
19.937	2
19.943	2
19.945	2
19.982	3
20.022	3
20.074	3
20.098	3
20.099	3
20.12	3
20.127	3
20.165	3
20.213	3
20.245	3
20.245	3
20.401	3
20.455	3
20.515	3
20.546	3
20.636	3
20.638	3
20.652	3
20.677	3
20.81	3
20.935	3
21.051	3
21.221	3
21.239	3
21.308	3
21.364	3
21.395	3
21.516	3
21.684	3
21.698	3
22.016	3
22.487	3
22.683	3
23.07	3
23.204	3
23.523	3
23.654	3
23.666	3
23.688	3
24.178	3
24.593	3
25.065	3
25.613	3
25.744	3
25.779	3
25.86	3
25.97	3
25.972	3
26.084	3
26.332	3
26.489	3
26.505	3
26.858	3
27.047	3
27.449	3
27.58	3
27.611	3
27.649	3
27.736	3
28.012	3
28.63	3
28.717	3
28.969	3
29.116	3
29.142	3
29.606	3
29.641	3
29.732	3
29.815	3
31.817	3
32.527	3
32.893	3
33.68	3
35.769	3
36.929	3
39.563	3
48.645	3
19.91	1
19.937	2
19.943	2
19.945	2
19.982	2
20.022	2
20.074	2
20.098	2
20.099	2
20.12	2
20.127	2
20.165	2
20.213	2
20.245	2
20.245	2
20.401	2
20.455	2
20.515	2
20.546	3
20.636	3
20.638	3
20.652	3
20.677	3
20.81	3
20.935	3
21.051	3
21.221	3
21.239	3
21.308	3
21.364	3
21.395	3
21.516	3
21.684	3
21.698	3
22.016	3
22.487	3
22.683	3
23.07	3
23.204	3
23.523	3
23.654	3
23.666	3
23.688	3
24.178	3
24.593	3
25.065	3
25.613	3
25.744	3
25.779	3
25.86	3
25.97	3
25.972	3
26.084	3
26.332	3
26.489	3
26.505	3
26.858	3
27.047	3
27.449	3
27.58	3
27.611	3
27.649	3
27.736	3
28.012	3
28.63	3
28.717	3
28.969	3
29.116	3
29.142	3
29.606	3
29.641	3
29.732	3
29.815	3
31.817	3
32.527	3
32.893	3
33.68	3
35.769	3
36.929	3
39.563	3
48.645	3
19.592	1
19.594	1
19.632	1
19.71	1
19.712	2
19.752	2
19.91	2
19.937	2
19.943	2
19.945	2
19.982	2
20.022	2
20.074	2
20.098	2
20.099	2
20.12	2
20.127	2
20.165	2
20.213	2
20.245	2
20.245	2
20.401	2
20.455	2
20.515	2
20.546	2
20.636	2
20.638	2
20.652	2
20.677	2
20.81	3
20.935	3
21.051	3
21.221	3
21.239	3
21.308	3
21.364	3
21.395	3
21.516	3
21.684	3
21.698	3
22.016	3
22.487	3
22.683	3
23.07	3
23.204	3
23.523	3
23.654	3
23.666	3
23.688	3
24.178	3
24.593	3
25.065	3
25.613	3
25.744	3
25.779	3
25.86	3
25.97	3
25.972	3
26.084	3
26.332	3
26.489	3
26.505	3
26.858	3
27.047	3
27.449	3
27.58	3
27.611	3
27.649	3
27.736	3
28.012	3
28.63	3
28.717	3
28.969	3
29.116	3
29.142	3
29.606	3
29.641	3
29.732	3
29.815	3
31.817	3
32.527	3
32.893	3
33.68	3
35.769	3
36.929	3
39.563	3
48.645	3
19.515	1
19.518	1
19.527	1
19.536	1
19.537	1
19.556	1
19.558	1
19.561	1
19.562	1
19.571	1
19.572	1
19.589	1
19.592	1
19.594	1
19.632	1
19.71	2
19.712	2
19.752	2
19.91	3
19.937	3
19.943	3
19.945	3
19.982	3
20.022	3
20.074	3
20.098	3
20.099	3
20.12	3
20.127	3
20.165	4
20.213	4
20.245	4
20.245	4
20.401	4
20.455	4
20.515	4
20.546	4
20.636	5
20.638	5
20.652	5
20.677	5
20.81	5
20.935	5
21.051	5
21.221	5
21.239	5
21.308	5
21.364	5
21.395	5
21.516	5
21.684	5
21.698	5
22.016	5
22.487	5
22.683	5
23.07	5
23.204	5
23.523	5
23.654	5
23.666	5
23.688	5
24.178	5
24.593	5
25.065	5
25.613	5
25.744	4
25.779	4
25.86	4
25.97	4
25.972	4
26.084	4
26.332	4
26.489	4
26.505	4
26.858	4
27.047	4
27.449	4
27.58	4
27.611	4
27.649	4
27.736	4
28.012	4
28.63	4
28.717	4
28.969	4
29.116	4
29.142	4
29.606	4
29.641	4
29.732	4
29.815	4
31.817	4
32.527	4
32.893	4
33.68	3
35.769	3
36.929	3
39.563	3
48.645	3
19.561	1
19.562	1
19.571	1
19.572	1
19.589	1
19.592	1
19.594	1
19.632	1
19.71	1
19.712	2
19.752	3
19.91	4
19.937	4
19.943	4
19.945	4
19.982	4
20.022	4
20.074	4
20.098	4
20.099	4
20.12	4
20.127	4
20.165	4
20.213	4
20.245	4
20.245	4
20.401	4
20.455	4
20.515	4
20.546	4
20.636	4
20.638	4
20.652	4
20.677	4
20.81	4
20.935	4
21.051	4
21.221	4
21.239	4
21.308	4
21.364	4
21.395	4
21.516	4
21.684	4
21.698	4
22.016	4
22.487	3
22.683	3
23.07	3
23.204	3
23.523	3
23.654	3
23.666	3
23.688	3
24.178	3
24.593	3
25.065	3
25.613	3
25.744	3
25.779	3
25.86	3
25.97	3
25.972	3
26.084	3
26.332	3
26.489	3
26.505	3
26.858	3
27.047	3
27.449	3
27.58	3
27.611	3
27.649	3
27.736	3
28.012	3
28.63	3
28.717	3
28.969	3
29.116	3
29.142	3
29.606	3
29.641	3
29.732	3
29.815	3
31.817	3
32.527	3
32.893	3
33.68	3
35.769	3
36.929	3
39.563	3
48.645	3
19.632	1
19.71	1
19.712	1
19.752	1
19.91	1
19.937	1
19.943	1
19.945	1
19.982	1
20.022	1
20.074	1
20.098	1
20.099	1
20.12	1
20.127	2
20.165	2
20.213	2
20.245	2
20.245	2
20.401	2
20.455	2
20.515	2
20.546	2
20.636	2
20.638	2
20.652	2
20.677	2
20.81	3
20.935	3
21.051	3
21.221	3
21.239	3
21.308	3
21.364	3
21.395	3
21.516	3
21.684	3
21.698	3
22.016	3
22.487	3
22.683	3
23.07	3
23.204	3
23.523	3
23.654	3
23.666	3
23.688	3
24.178	3
24.593	3
25.065	3
25.613	3
25.744	3
25.779	3
25.86	3
25.97	3
25.972	3
26.084	3
26.332	3
26.489	3
26.505	3
26.858	3
27.047	3
27.449	3
27.58	3
27.611	3
27.649	3
27.736	3
28.012	3
28.63	3
28.717	3
28.969	3
29.116	3
29.142	3
29.606	3
29.641	3
29.732	3
29.815	3
31.817	3
32.527	3
32.893	3
33.68	3
35.769	3
36.929	3
39.563	3
48.645	3
19.632	1
19.71	1
19.712	1
19.752	2
19.91	3
19.937	3
19.943	3
19.945	3
19.982	3
20.022	3
20.074	3
20.098	3
20.099	3
20.12	3
20.127	3
20.165	3
20.213	3
20.245	3
20.245	3
20.401	3
20.455	3
20.515	3
20.546	3
20.636	3
20.638	3
20.652	3
20.677	3
20.81	3
20.935	3
21.051	3
21.221	3
21.239	3
21.308	3
21.364	3
21.395	3
21.516	3
21.684	3
21.698	3
22.016	3
22.487	3
22.683	3
23.07	3
23.204	3
23.523	3
23.654	3
23.666	3
23.688	3
24.178	3
24.593	3
25.065	3
25.613	3
25.744	3
25.779	3
25.86	3
25.97	3
25.972	3
26.084	3
26.332	3
26.489	3
26.505	3
26.858	3
27.047	3
27.449	3
27.58	3
27.611	3
27.649	3
27.736	3
28.012	3
28.63	3
28.717	3
28.969	3
29.116	3
29.142	3
29.606	3
29.641	3
29.732	3
29.815	3
31.817	3
32.527	3
32.893	3
33.68	3
35.769	3
36.929	3
39.563	3
48.645	3
19.632	1
19.71	1
19.712	1
19.752	2
19.91	3
19.937	3
19.943	3
19.945	3
19.982	3
20.022	3
20.074	3
20.098	3
20.099	3
20.12	3
20.127	3
20.165	3
20.213	3
20.245	3
20.245	3
20.401	3
20.455	3
20.515	3
20.546	3
20.636	3
20.638	3
20.652	3
20.677	3
20.81	3
20.935	3
21.051	3
21.221	3
21.239	3
21.308	3
21.364	3
21.395	3
21.516	3
21.684	3
21.698	3
22.016	3
22.487	3
22.683	3
23.07	3
23.204	3
23.523	3
23.654	3
23.666	3
23.688	3
24.178	3
24.593	3
25.065	3
25.613	3
25.744	3
25.779	3
25.86	3
25.97	3
25.972	3
26.084	3
26.332	3
26.489	3
26.505	3
26.858	3
27.047	3
27.449	3
27.58	3
27.611	3
27.649	3
27.736	3
28.012	3
28.63	3
28.717	3
28.969	3
29.116	3
29.142	3
29.606	3
29.641	3
29.732	3
29.815	3
31.817	3
32.527	3
32.893	3
33.68	3
35.769	3
36.929	3
39.563	3
48.645	3
19.449	1
19.449	1
19.449	1
19.451	1
19.458	1
19.462	1
19.466	1
19.476	1
19.481	1
19.486	1
19.492	1
19.502	1
19.502	1
19.515	1
19.518	1
19.527	1
19.536	1
19.537	1
19.556	1
19.558	1
19.561	1
19.562	1
19.571	1
19.572	1
19.589	1
19.592	2
19.594	2
19.632	2
19.71	2
19.712	2
19.752	2
19.91	2
19.937	2
19.943	2
19.945	2
19.982	2
20.022	2
20.074	2
20.098	2
20.099	2
20.12	2
20.127	2
20.165	2
20.213	2
20.245	2
20.245	2
20.401	2
20.455	2
20.515	2
20.546	2
20.636	2
20.638	2
20.652	2
20.677	3
20.81	4
20.935	4
21.051	4
21.221	4
21.239	4
21.308	4
21.364	4
21.395	4
21.516	4
21.684	4
21.698	4
22.016	4
22.487	4
22.683	4
23.07	4
23.204	4
23.523	4
23.654	4
23.666	4
23.688	4
24.178	4
24.593	4
25.065	4
25.613	4
25.744	4
25.779	4
25.86	4
25.97	4
25.972	4
26.084	4
26.332	4
26.489	4
26.505	4
26.858	4
27.047	4
27.449	4
27.58	4
27.611	4
27.649	4
27.736	4
28.012	4
28.63	4
28.717	4
28.969	4
29.116	4
29.142	4
29.606	4
29.641	4
29.732	4
29.815	4
31.817	4
32.527	3
32.893	3
33.68	3
35.769	3
36.929	3
39.563	3
48.645	3
19.937	1
19.943	1
19.945	1
19.982	2
20.022	2
20.074	2
20.098	2
20.099	2
20.12	2
20.127	2
20.165	2
20.213	2
20.245	2
20.245	2
20.401	2
20.455	2
20.515	2
20.546	3
20.636	3
20.638	3
20.652	3
20.677	3
20.81	3
20.935	3
21.051	3
21.221	3
21.239	3
21.308	3
21.364	3
21.395	3
21.516	3
21.684	3
21.698	3
22.016	3
22.487	3
22.683	3
23.07	3
23.204	3
23.523	3
23.654	3
23.666	3
23.688	3
24.178	3
24.593	3
25.065	3
25.613	3
25.744	3
25.779	3
25.86	3
25.97	3
25.972	3
26.084	3
26.332	3
26.489	3
26.505	3
26.858	3
27.047	3
27.449	3
27.58	3
27.611	3
27.649	3
27.736	3
28.012	3
28.63	3
28.717	3
28.969	3
29.116	3
29.142	3
29.606	3
29.641	3
29.732	3
29.815	3
31.817	3
32.527	3
32.893	3
33.68	3
35.769	3
36.929	3
39.563	3
48.645	3
19.71	1
19.712	1
19.752	2
19.91	2
19.937	2
19.943	2
19.945	2
19.982	2
20.022	2
20.074	2
20.098	2
20.099	2
20.12	2
20.127	2
20.165	2
20.213	2
20.245	3
20.245	3
20.401	3
20.455	3
20.515	3
20.546	3
20.636	3
20.638	3
20.652	3
20.677	3
20.81	3
20.935	3
21.051	3
21.221	3
21.239	3
21.308	3
21.364	3
21.395	3
21.516	3
21.684	3
21.698	3
22.016	3
22.487	3
22.683	3
23.07	3
23.204	3
23.523	3
23.654	3
23.666	3
23.688	3
24.178	3
24.593	3
25.065	3
25.613	3
25.744	3
25.779	3
25.86	3
25.97	3
25.972	3
26.084	3
26.332	3
26.489	3
26.505	3
26.858	3
27.047	3
27.449	3
27.58	3
27.611	3
27.649	3
27.736	3
28.012	3
28.63	3
28.717	3
28.969	3
29.116	3
29.142	3
29.606	3
29.641	3
29.732	3
29.815	3
31.817	3
32.527	3
32.893	3
33.68	3
35.769	3
36.929	3
39.563	3
48.645	3
19.592	1
19.594	1
19.632	2
19.71	2
19.712	2
19.752	2
19.91	2
19.937	2
19.943	2
19.945	2
19.982	2
20.022	2
20.074	2
20.098	2
20.099	2
20.12	2
20.127	2
20.165	2
20.213	2
20.245	2
20.245	2
20.401	2
20.455	2
20.515	2
20.546	2
20.636	2
20.638	2
20.652	2
20.677	2
20.81	3
20.935	3
21.051	3
21.221	3
21.239	3
21.308	3
21.364	3
21.395	3
21.516	3
21.684	3
21.698	3
22.016	3
22.487	3
22.683	3
23.07	3
23.204	3
23.523	3
23.654	3
23.666	3
23.688	3
24.178	3
24.593	3
25.065	3
25.613	3
25.744	3
25.779	3
25.86	3
25.97	3
25.972	3
26.084	3
26.332	3
26.489	3
26.505	3
26.858	3
27.047	3
27.449	3
27.58	3
27.611	3
27.649	3
27.736	3
28.012	3
28.63	3
28.717	3
28.969	3
29.116	3
29.142	3
29.606	3
29.641	3
29.732	3
29.815	3
31.817	3
32.527	3
32.893	3
33.68	3
35.769	3
36.929	3
39.563	3
48.645	3
19.592	1
19.594	1
19.632	1
19.71	2
19.712	2
19.752	2
19.91	2
19.937	2
19.943	2
19.945	2
19.982	3
20.022	3
20.074	3
20.098	3
20.099	3
20.12	3
20.127	3
20.165	3
20.213	3
20.245	3
20.245	3
20.401	3
20.455	3
20.515	3
20.546	3
20.636	3
20.638	3
20.652	3
20.677	3
20.81	3
20.935	3
21.051	3
21.221	3
21.239	3
21.308	3
21.364	3
21.395	3
21.516	3
21.684	3
21.698	3
22.016	3
22.487	3
22.683	3
23.07	3
23.204	3
23.523	3
23.654	3
23.666	3
23.688	3
24.178	3
24.593	3
25.065	3
25.613	3
25.744	3
25.779	3
25.86	3
25.97	3
25.972	3
26.084	3
26.332	3
26.489	3
26.505	3
26.858	3
27.047	3
27.449	3
27.58	3
27.611	3
27.649	3
27.736	3
28.012	3
28.63	3
28.717	3
28.969	3
29.116	3
29.142	3
29.606	3
29.641	3
29.732	3
29.815	3
31.817	3
32.527	3
32.893	3
33.68	3
35.769	3
36.929	3
39.563	3
48.645	3
19.71	1
19.712	1
19.752	1
19.91	1
19.937	1
19.943	2
19.945	2
19.982	2
20.022	2
20.074	2
20.098	2
20.099	2
20.12	2
20.127	3
20.165	3
20.213	3
20.245	3
20.245	3
20.401	3
20.455	3
20.515	3
20.546	3
20.636	3
20.638	3
20.652	3
20.677	3
20.81	3
20.935	3
21.051	3
21.221	3
21.239	3
21.308	3
21.364	3
21.395	3
21.516	3
21.684	3
21.698	3
22.016	3
22.487	3
22.683	3
23.07	3
23.204	3
23.523	3
23.654	3
23.666	3
23.688	3
24.178	3
24.593	3
25.065	3
25.613	3
25.744	3
25.779	3
25.86	3
25.97	3
25.972	3
26.084	3
26.332	3
26.489	3
26.505	3
26.858	3
27.047	3
27.449	3
27.58	3
27.611	3
27.649	3
27.736	3
28.012	3
28.63	3
28.717	3
28.969	3
29.116	3
29.142	3
29.606	3
29.641	3
29.732	3
29.815	3
31.817	3
32.527	3
32.893	3
33.68	3
35.769	3
36.929	3
39.563	3
48.645	3
19.937	1
19.943	1
19.945	1
19.982	1
20.022	1
20.074	1
20.098	1
20.099	1
20.12	1
20.127	1
20.165	1
20.213	1
20.245	2
20.245	2
20.401	2
20.455	2
20.515	2
20.546	3
20.636	3
20.638	3
20.652	3
20.677	3
20.81	3
20.935	3
21.051	3
21.221	3
21.239	3
21.308	3
21.364	3
21.395	3
21.516	3
21.684	3
21.698	3
22.016	3
22.487	3
22.683	3
23.07	3
23.204	3
23.523	3
23.654	3
23.666	3
23.688	3
24.178	3
24.593	3
25.065	3
25.613	3
25.744	3
25.779	3
25.86	3
25.97	3
25.972	3
26.084	3
26.332	3
26.489	3
26.505	3
26.858	3
27.047	3
27.449	3
27.58	3
27.611	3
27.649	3
27.736	3
28.012	3
28.63	3
28.717	3
28.969	3
29.116	3
29.142	3
29.606	3
29.641	3
29.732	3
29.815	3
31.817	3
32.527	3
32.893	3
33.68	3
35.769	3
36.929	3
39.563	3
48.645	3
19.458	1
19.462	1
19.466	1
19.476	1
19.481	1
19.486	1
19.492	1
19.502	1
19.502	1
19.515	1
19.518	1
19.527	1
19.536	1
19.537	1
19.556	1
19.558	1
19.561	1
19.562	1
19.571	1
19.572	1
19.589	1
19.592	1
19.594	1
19.632	2
19.71	2
19.712	2
19.752	3
19.91	4
19.937	4
19.943	4
19.945	4
19.982	4
20.022	4
20.074	4
20.098	4
20.099	4
20.12	4
20.127	4
20.165	4
20.213	4
20.245	4
20.245	4
20.401	4
20.455	4
20.515	4
20.546	4
20.636	4
20.638	4
20.652	4
20.677	4
20.81	4
20.935	4
21.051	4
21.221	4
21.239	4
21.308	4
21.364	4
21.395	4
21.516	4
21.684	4
21.698	4
22.016	4
22.487	4
22.683	4
23.07	4
23.204	4
23.523	4
23.654	4
23.666	4
23.688	4
24.178	4
24.593	4
25.065	4
25.613	4
25.744	4
25.779	4
25.86	4
25.97	4
25.972	3
26.084	3
26.332	3
26.489	3
26.505	3
26.858	3
27.047	3
27.449	3
27.58	3
27.611	3
27.649	3
27.736	3
28.012	3
28.63	3
28.717	3
28.969	3
29.116	3
29.142	3
29.606	3
29.641	3
29.732	3
29.815	3
31.817	3
32.527	3
32.893	3
33.68	3
35.769	3
36.929	3
39.563	3
48.645	3
19.712	1
19.752	1
19.91	1
19.937	1
19.943	1
19.945	1
19.982	1
20.022	1
20.074	1
20.098	1
20.099	1
20.12	1
20.127	2
20.165	2
20.213	2
20.245	2
20.245	2
20.401	2
20.455	2
20.515	2
20.546	2
20.636	2
20.638	2
20.652	2
20.677	2
20.81	3
20.935	3
21.051	3
21.221	3
21.239	3
21.308	3
21.364	3
21.395	3
21.516	3
21.684	3
21.698	3
22.016	3
22.487	3
22.683	3
23.07	3
23.204	3
23.523	3
23.654	3
23.666	3
23.688	3
24.178	3
24.593	3
25.065	3
25.613	3
25.744	3
25.779	3
25.86	3
25.97	3
25.972	3
26.084	3
26.332	3
26.489	3
26.505	3
26.858	3
27.047	3
27.449	3
27.58	3
27.611	3
27.649	3
27.736	3
28.012	3
28.63	3
28.717	3
28.969	3
29.116	3
29.142	3
29.606	3
29.641	3
29.732	3
29.815	3
31.817	3
32.527	3
32.893	3
33.68	3
35.769	3
36.929	3
39.563	3
48.645	3
19.632	1
19.71	1
19.712	1
19.752	1
19.91	1
19.937	1
19.943	1
19.945	1
19.982	1
20.022	1
20.074	1
20.098	1
20.099	1
20.12	1
20.127	2
20.165	2
20.213	2
20.245	2
20.245	2
20.401	2
20.455	2
20.515	2
20.546	2
20.636	2
20.638	2
20.652	2
20.677	2
20.81	3
20.935	3
21.051	3
21.221	3
21.239	3
21.308	3
21.364	3
21.395	3
21.516	3
21.684	3
21.698	3
22.016	3
22.487	3
22.683	3
23.07	3
23.204	3
23.523	3
23.654	3
23.666	3
23.688	3
24.178	3
24.593	3
25.065	3
25.613	3
25.744	3
25.779	3
25.86	3
25.97	3
25.972	3
26.084	3
26.332	3
26.489	3
26.505	3
26.858	3
27.047	3
27.449	3
27.58	3
27.611	3
27.649	3
27.736	3
28.012	3
28.63	3
28.717	3
28.969	3
29.116	3
29.142	3
29.606	3
29.641	3
29.732	3
29.815	3
31.817	3
32.527	3
32.893	3
33.68	3
35.769	3
36.929	3
39.563	3
48.645	3
19.943	1
19.945	1
19.982	1
20.022	1
20.074	1
20.098	1
20.099	1
20.12	1
20.127	1
20.165	1
20.213	1
20.245	1
20.245	1
20.401	1
20.455	1
20.515	1
20.546	1
20.636	1
20.638	1
20.652	1
20.677	1
20.81	2
20.935	2
21.051	2
21.221	2
21.239	2
21.308	2
21.364	2
21.395	2
21.516	2
21.684	2
21.698	2
22.016	2
22.487	2
22.683	2
23.07	2
23.204	2
23.523	2
23.654	2
23.666	2
23.688	2
24.178	2
24.593	2
25.065	2
25.613	2
25.744	2
25.779	2
25.86	2
25.97	2
25.972	2
26.084	3
26.332	3
26.489	3
26.505	3
26.858	3
27.047	3
27.449	3
27.58	3
27.611	3
27.649	3
27.736	3
28.012	3
28.63	3
28.717	3
28.969	3
29.116	3
29.142	3
29.606	3
29.641	3
29.732	3
29.815	3
31.817	3
32.527	3
32.893	3
33.68	3
35.769	3
36.929	3
39.563	3
48.645	3
19.937	1
19.943	2
19.945	2
19.982	2
20.022	2
20.074	2
20.098	2
20.099	2
20.12	2
20.127	2
20.165	2
20.213	2
20.245	2
20.245	2
20.401	2
20.455	2
20.515	2
20.546	3
20.636	3
20.638	3
20.652	3
20.677	3
20.81	3
20.935	3
21.051	3
21.221	3
21.239	3
21.308	3
21.364	3
21.395	3
21.516	3
21.684	3
21.698	3
22.016	3
22.487	3
22.683	3
23.07	3
23.204	3
23.523	3
23.654	3
23.666	3
23.688	3
24.178	3
24.593	3
25.065	3
25.613	3
25.744	3
25.779	3
25.86	3
25.97	3
25.972	3
26.084	3
26.332	3
26.489	3
26.505	3
26.858	3
27.047	3
27.449	3
27.58	3
27.611	3
27.649	3
27.736	3
28.012	3
28.63	3
28.717	3
28.969	3
29.116	3
29.142	3
29.606	3
29.641	3
29.732	3
29.815	3
31.817	3
32.527	3
32.893	3
33.68	3
35.769	3
36.929	3
39.563	3
48.645	3
19.712	1
19.752	2
19.91	3
19.937	3
19.943	3
19.945	3
19.982	3
20.022	3
20.074	3
20.098	3
20.099	3
20.12	3
20.127	3
20.165	3
20.213	3
20.245	3
20.245	3
20.401	3
20.455	3
20.515	3
20.546	3
20.636	3
20.638	3
20.652	3
20.677	3
20.81	3
20.935	3
21.051	3
21.221	3
21.239	3
21.308	3
21.364	3
21.395	3
21.516	3
21.684	3
21.698	3
22.016	3
22.487	3
22.683	3
23.07	3
23.204	3
23.523	3
23.654	3
23.666	3
23.688	3
24.178	3
24.593	3
25.065	3
25.613	3
25.744	3
25.779	3
25.86	3
25.97	3
25.972	3
26.084	3
26.332	3
26.489	3
26.505	3
26.858	3
27.047	3
27.449	3
27.58	3
27.611	3
27.649	3
27.736	3
28.012	3
28.63	3
28.717	3
28.969	3
29.116	3
29.142	3
29.606	3
29.641	3
29.732	3
29.815	3
31.817	3
32.527	3
32.893	3
33.68	3
35.769	3
36.929	3
39.563	3
48.645	3
19.752	1
19.91	1
19.937	2
19.943	2
19.945	2
19.982	2
20.022	2
20.074	2
20.098	2
20.099	2
20.12	2
20.127	2
20.165	2
20.213	2
20.245	2
20.245	2
20.401	2
20.455	2
20.515	2
20.546	2
20.636	2
20.638	2
20.652	2
20.677	2
20.81	2
20.935	2
21.051	2
21.221	2
21.239	2
21.308	2
21.364	2
21.395	2
21.516	2
21.684	2
21.698	2
22.016	2
22.487	2
22.683	2
23.07	2
23.204	2
23.523	2
23.654	2
23.666	2
23.688	2
24.178	2
24.593	2
25.065	2
25.613	2
25.744	2
25.779	2
25.86	2
25.97	2
25.972	2
26.084	3
26.332	3
26.489	3
26.505	3
26.858	3
27.047	3
27.449	3
27.58	3
27.611	3
27.649	3
27.736	3
28.012	3
28.63	3
28.717	3
28.969	3
29.116	3
29.142	3
29.606	3
29.641	3
29.732	3
29.815	3
31.817	3
32.527	3
32.893	3
33.68	3
35.769	3
36.929	3
39.563	3
48.645	3
19.752	1
19.91	1
19.937	1
19.943	1
19.945	1
19.982	1
20.022	1
20.074	1
20.098	1
20.099	1
20.12	1
20.127	1
20.165	1
20.213	1
20.245	1
20.245	1
20.401	1
20.455	1
20.515	1
20.546	1
20.636	1
20.638	1
20.652	1
20.677	1
20.81	2
20.935	2
21.051	2
21.221	2
21.239	2
21.308	2
21.364	2
21.395	2
21.516	2
21.684	2
21.698	2
22.016	2
22.487	2
22.683	2
23.07	2
23.204	2
23.523	2
23.654	2
23.666	2
23.688	2
24.178	2
24.593	2
25.065	2
25.613	2
25.744	2
25.779	2
25.86	2
25.97	2
25.972	2
26.084	3
26.332	3
26.489	3
26.505	3
26.858	3
27.047	3
27.449	3
27.58	3
27.611	3
27.649	3
27.736	3
28.012	3
28.63	3
28.717	3
28.969	3
29.116	3
29.142	3
29.606	3
29.641	3
29.732	3
29.815	3
31.817	3
32.527	3
32.893	3
33.68	3
35.769	3
36.929	3
39.563	3
48.645	3
19.91	1
19.937	1
19.943	1
19.945	1
19.982	2
20.022	2
20.074	2
20.098	2
20.099	2
20.12	2
20.127	2
20.165	2
20.213	2
20.245	2
20.245	2
20.401	2
20.455	2
20.515	2
20.546	2
20.636	2
20.638	2
20.652	2
20.677	2
20.81	2
20.935	2
21.051	2
21.221	2
21.239	2
21.308	2
21.364	2
21.395	2
21.516	2
21.684	2
21.698	2
22.016	2
22.487	2
22.683	2
23.07	2
23.204	2
23.523	2
23.654	2
23.666	2
23.688	2
24.178	2
24.593	2
25.065	2
25.613	2
25.744	2
25.779	2
25.86	2
25.97	2
25.972	2
26.084	3
26.332	3
26.489	3
26.505	3
26.858	3
27.047	3
27.449	3
27.58	3
27.611	3
27.649	3
27.736	3
28.012	3
28.63	3
28.717	3
28.969	3
29.116	3
29.142	3
29.606	3
29.641	3
29.732	3
29.815	3
31.817	3
32.527	3
32.893	3
33.68	3
35.769	3
36.929	3
39.563	3
48.645	3
19.91	1
19.937	1
19.943	1
19.945	1
19.982	1
20.022	1
20.074	1
20.098	1
20.099	1
20.12	1
20.127	1
20.165	1
20.213	1
20.245	2
20.245	2
20.401	2
20.455	2
20.515	2
20.546	2
20.636	2
20.638	2
20.652	2
20.677	2
20.81	2
20.935	2
21.051	2
21.221	2
21.239	2
21.308	2
21.364	2
21.395	2
21.516	2
21.684	2
21.698	2
22.016	2
22.487	2
22.683	2
23.07	2
23.204	2
23.523	2
23.654	2
23.666	2
23.688	2
24.178	2
24.593	2
25.065	2
25.613	2
25.744	2
25.779	2
25.86	2
25.97	2
25.972	2
26.084	3
26.332	3
26.489	3
26.505	3
26.858	3
27.047	3
27.449	3
27.58	3
27.611	3
27.649	3
27.736	3
28.012	3
28.63	3
28.717	3
28.969	3
29.116	3
29.142	3
29.606	3
29.641	3
29.732	3
29.815	3
31.817	3
32.527	3
32.893	3
33.68	3
35.769	3
36.929	3
39.563	3
48.645	3
19.712	1
19.752	1
19.91	1
19.937	1
19.943	1
19.945	1
19.982	1
20.022	1
20.074	1
20.098	1
20.099	1
20.12	1
20.127	2
20.165	2
20.213	2
20.245	2
20.245	2
20.401	2
20.455	2
20.515	2
20.546	2
20.636	2
20.638	2
20.652	2
20.677	2
20.81	3
20.935	3
21.051	3
21.221	3
21.239	3
21.308	3
21.364	3
21.395	3
21.516	3
21.684	3
21.698	3
22.016	3
22.487	3
22.683	3
23.07	3
23.204	3
23.523	3
23.654	3
23.666	3
23.688	3
24.178	3
24.593	3
25.065	3
25.613	3
25.744	3
25.779	3
25.86	3
25.97	3
25.972	3
26.084	3
26.332	3
26.489	3
26.505	3
26.858	3
27.047	3
27.449	3
27.58	3
27.611	3
27.649	3
27.736	3
28.012	3
28.63	3
28.717	3
28.969	3
29.116	3
29.142	3
29.606	3
29.641	3
29.732	3
29.815	3
31.817	3
32.527	3
32.893	3
33.68	3
35.769	3
36.929	3
39.563	3
48.645	3
19.592	1
19.594	1
19.632	1
19.71	1
19.712	1
19.752	1
19.91	1
19.937	1
19.943	1
19.945	1
19.982	2
20.022	2
20.074	2
20.098	2
20.099	2
20.12	2
20.127	2
20.165	2
20.213	2
20.245	2
20.245	2
20.401	2
20.455	2
20.515	2
20.546	2
20.636	2
20.638	2
20.652	2
20.677	2
20.81	3
20.935	3
21.051	3
21.221	3
21.239	3
21.308	3
21.364	3
21.395	3
21.516	3
21.684	3
21.698	3
22.016	3
22.487	3
22.683	3
23.07	3
23.204	3
23.523	3
23.654	3
23.666	3
23.688	3
24.178	3
24.593	3
25.065	3
25.613	3
25.744	3
25.779	3
25.86	3
25.97	3
25.972	3
26.084	3
26.332	3
26.489	3
26.505	3
26.858	3
27.047	3
27.449	3
27.58	3
27.611	3
27.649	3
27.736	3
28.012	3
28.63	3
28.717	3
28.969	3
29.116	3
29.142	3
29.606	3
29.641	3
29.732	3
29.815	3
31.817	3
32.527	3
32.893	3
33.68	3
35.769	3
36.929	3
39.563	3
48.645	3
19.592	1
19.594	1
19.632	1
19.71	1
19.712	2
19.752	2
19.91	2
19.937	2
19.943	2
19.945	2
19.982	2
20.022	2
20.074	2
20.098	2
20.099	2
20.12	2
20.127	2
20.165	2
20.213	2
20.245	2
20.245	2
20.401	2
20.455	2
20.515	2
20.546	2
20.636	2
20.638	2
20.652	2
20.677	2
20.81	2
20.935	2
21.051	2
21.221	2
21.239	2
21.308	2
21.364	2
21.395	2
21.516	2
21.684	2
21.698	2
22.016	2
22.487	2
22.683	2
23.07	2
23.204	2
23.523	2
23.654	2
23.666	2
23.688	2
24.178	2
24.593	2
25.065	2
25.613	2
25.744	2
25.779	2
25.86	2
25.97	2
25.972	2
26.084	3
26.332	3
26.489	3
26.505	3
26.858	3
27.047	3
27.449	3
27.58	3
27.611	3
27.649	3
27.736	3
28.012	3
28.63	3
28.717	3
28.969	3
29.116	3
29.142	3
29.606	3
29.641	3
29.732	3
29.815	3
31.817	3
32.527	3
32.893	3
33.68	3
35.769	3
36.929	3
39.563	3
48.645	3
19.451	1
19.458	1
19.462	1
19.466	1
19.476	1
19.481	1
19.486	1
19.492	1
19.502	1
19.502	1
19.515	1
19.518	1
19.527	1
19.536	1
19.537	1
19.556	1
19.558	1
19.561	1
19.562	1
19.571	1
19.572	1
19.589	1
19.592	2
19.594	2
19.632	2
19.71	2
19.712	2
19.752	2
19.91	2
19.937	2
19.943	2
19.945	2
19.982	2
20.022	2
20.074	2
20.098	2
20.099	2
20.12	3
20.127	3
20.165	3
20.213	3
20.245	3
20.245	3
20.401	3
20.455	3
20.515	3
20.546	3
20.636	3
20.638	3
20.652	3
20.677	3
20.81	3
20.935	3
21.051	3
21.221	3
21.239	3
21.308	3
21.364	3
21.395	3
21.516	3
21.684	3
21.698	3
22.016	3
22.487	3
22.683	3
23.07	3
23.204	3
23.523	3
23.654	3
23.666	3
23.688	3
24.178	3
24.593	3
25.065	3
25.613	3
25.744	3
25.779	3
25.86	3
25.97	3
25.972	3
26.084	4
26.332	4
26.489	4
26.505	4
26.858	4
27.047	4
27.449	4
27.58	4
27.611	4
27.649	4
27.736	4
28.012	4
28.63	4
28.717	4
28.969	4
29.116	4
29.142	4
29.606	4
29.641	4
29.732	4
29.815	4
31.817	4
32.527	4
32.893	3
33.68	3
35.769	3
36.929	3
39.563	3
48.645	3
20.127	1
20.165	1
20.213	1
20.245	2
20.245	2
20.401	2
20.455	2
20.515	2
20.546	2
20.636	2
20.638	2
20.652	2
20.677	2
20.81	2
20.935	2
21.051	2
21.221	2
21.239	2
21.308	2
21.364	2
21.395	2
21.516	2
21.684	2
21.698	2
22.016	2
22.487	2
22.683	2
23.07	2
23.204	2
23.523	2
23.654	2
23.666	2
23.688	2
24.178	2
24.593	2
25.065	2
25.613	2
25.744	2
25.779	2
25.86	2
25.97	2
25.972	2
26.084	3
26.332	3
26.489	3
26.505	3
26.858	3
27.047	3
27.449	3
27.58	3
27.611	3
27.649	3
27.736	3
28.012	3
28.63	3
28.717	3
28.969	3
29.116	3
29.142	3
29.606	3
29.641	3
29.732	3
29.815	3
31.817	3
32.527	3
32.893	3
33.68	3
35.769	3
36.929	3
39.563	3
48.645	3
19.492	1
19.502	1
19.502	1
19.515	1
19.518	1
19.527	1
19.536	1
19.537	1
19.556	1
19.558	1
19.561	1
19.562	1
19.571	1
19.572	1
19.589	1
19.592	1
19.594	1
19.632	2
19.71	2
19.712	2
19.752	2
19.91	2
19.937	2
19.943	2
19.945	2
19.982	3
20.022	3
20.074	3
20.098	3
20.099	3
20.12	3
20.127	3
20.165	3
20.213	3
20.245	3
20.245	3
20.401	3
20.455	3
20.515	3
20.546	3
20.636	3
20.638	3
20.652	3
20.677	3
20.81	3
20.935	3
21.051	4
21.221	4
21.239	4
21.308	4
21.364	5
21.395	5
21.516	5
21.684	5
21.698	5
22.016	5
22.487	5
22.683	5
23.07	5
23.204	5
23.523	5
23.654	4
23.666	4
23.688	4
24.178	4
24.593	4
25.065	4
25.613	4
25.744	4
25.779	4
25.86	4
25.97	4
25.972	4
26.084	4
26.332	4
26.489	4
26.505	4
26.858	4
27.047	4
27.449	4
27.58	4
27.611	4
27.649	4
27.736	4
28.012	4
28.63	4
28.717	4
28.969	4
29.116	4
29.142	4
29.606	4
29.641	4
29.732	4
29.815	4
31.817	4
32.527	4
32.893	4
33.68	4
35.769	4
36.929	4
39.563	3
48.645	3
19.71	1
19.712	1
19.752	1
19.91	2
19.937	2
19.943	2
19.945	2
19.982	2
20.022	2
20.074	2
20.098	2
20.099	2
20.12	2
20.127	2
20.165	2
20.213	2
20.245	2
20.245	2
20.401	2
20.455	2
20.515	2
20.546	2
20.636	2
20.638	2
20.652	2
20.677	2
20.81	3
20.935	3
21.051	3
21.221	3
21.239	3
21.308	3
21.364	3
21.395	3
21.516	3
21.684	3
21.698	3
22.016	3
22.487	3
22.683	3
23.07	3
23.204	3
23.523	3
23.654	3
23.666	3
23.688	3
24.178	3
24.593	3
25.065	3
25.613	3
25.744	3
25.779	3
25.86	3
25.97	3
25.972	3
26.084	3
26.332	3
26.489	3
26.505	3
26.858	3
27.047	3
27.449	3
27.58	3
27.611	3
27.649	3
27.736	3
28.012	3
28.63	3
28.717	3
28.969	3
29.116	3
29.142	3
29.606	3
29.641	3
29.732	3
29.815	3
31.817	3
32.527	3
32.893	3
33.68	3
35.769	3
36.929	3
39.563	3
48.645	3
19.752	1
19.91	1
19.937	1
19.943	2
19.945	2
19.982	2
20.022	2
20.074	2
20.098	2
20.099	2
20.12	2
20.127	2
20.165	2
20.213	2
20.245	2
20.245	2
20.401	2
20.455	2
20.515	2
20.546	2
20.636	2
20.638	2
20.652	2
20.677	2
20.81	3
20.935	3
21.051	3
21.221	3
21.239	3
21.308	3
21.364	3
21.395	3
21.516	3
21.684	3
21.698	3
22.016	3
22.487	3
22.683	3
23.07	3
23.204	3
23.523	3
23.654	3
23.666	3
23.688	3
24.178	3
24.593	3
25.065	3
25.613	3
25.744	3
25.779	3
25.86	3
25.97	3
25.972	3
26.084	3
26.332	3
26.489	3
26.505	3
26.858	3
27.047	3
27.449	3
27.58	3
27.611	3
27.649	3
27.736	3
28.012	3
28.63	3
28.717	3
28.969	3
29.116	3
29.142	3
29.606	3
29.641	3
29.732	3
29.815	3
31.817	3
32.527	3
32.893	3
33.68	3
35.769	3
36.929	3
39.563	3
48.645	3
19.632	1
19.71	1
19.712	1
19.752	1
19.91	1
19.937	2
19.943	3
19.945	3
19.982	3
20.022	3
20.074	3
20.098	3
20.099	3
20.12	3
20.127	3
20.165	3
20.213	3
20.245	3
20.245	3
20.401	3
20.455	3
20.515	3
20.546	3
20.636	3
20.638	3
20.652	3
20.677	3
20.81	3
20.935	3
21.051	3
21.221	3
21.239	3
21.308	3
21.364	3
21.395	3
21.516	3
21.684	3
21.698	3
22.016	3
22.487	3
22.683	3
23.07	3
23.204	3
23.523	3
23.654	3
23.666	3
23.688	3
24.178	3
24.593	3
25.065	3
25.613	3
25.744	3
25.779	3
25.86	3
25.97	3
25.972	3
26.084	3
26.332	3
26.489	3
26.505	3
26.858	3
27.047	3
27.449	3
27.58	3
27.611	3
27.649	3
27.736	3
28.012	3
28.63	3
28.717	3
28.969	3
29.116	3
29.142	3
29.606	3
29.641	3
29.732	3
29.815	3
31.817	3
32.527	3
32.893	3
33.68	3
35.769	3
36.929	3
39.563	3
48.645	3
19.71	1
19.712	1
19.752	2
19.91	2
19.937	2
19.943	3
19.945	3
19.982	3
20.022	3
20.074	3
20.098	3
20.099	3
20.12	3
20.127	3
20.165	3
20.213	3
20.245	3
20.245	3
20.401	3
20.455	3
20.515	3
20.546	3
20.636	3
20.638	3
20.652	3
20.677	3
20.81	3
20.935	3
21.051	3
21.221	3
21.239	3
21.308	3
21.364	3
21.395	3
21.516	3
21.684	3
21.698	3
22.016	3
22.487	3
22.683	3
23.07	3
23.204	3
23.523	3
23.654	3
23.666	3
23.688	3
24.178	3
24.593	3
25.065	3
25.613	3
25.744	3
25.779	3
25.86	3
25.97	3
25.972	3
26.084	3
26.332	3
26.489	3
26.505	3
26.858	3
27.047	3
27.449	3
27.58	3
27.611	3
27.649	3
27.736	3
28.012	3
28.63	3
28.717	3
28.969	3
29.116	3
29.142	3
29.606	3
29.641	3
29.732	3
29.815	3
31.817	3
32.527	3
32.893	3
33.68	3
35.769	3
36.929	3
39.563	3
48.645	3
19.592	1
19.594	1
19.632	1
19.71	2
19.712	2
19.752	2
19.91	2
19.937	2
19.943	3
19.945	3
19.982	3
20.022	3
20.074	3
20.098	3
20.099	3
20.12	3
20.127	3
20.165	3
20.213	3
20.245	3
20.245	3
20.401	3
20.455	3
20.515	3
20.546	3
20.636	3
20.638	3
20.652	3
20.677	3
20.81	3
20.935	3
21.051	3
21.221	3
21.239	3
21.308	3
21.364	3
21.395	3
21.516	3
21.684	3
21.698	3
22.016	3
22.487	3
22.683	3
23.07	3
23.204	3
23.523	3
23.654	3
23.666	3
23.688	3
24.178	3
24.593	3
25.065	3
25.613	3
25.744	3
25.779	3
25.86	3
25.97	3
25.972	3
26.084	3
26.332	3
26.489	3
26.505	3
26.858	3
27.047	3
27.449	3
27.58	3
27.611	3
27.649	3
27.736	3
28.012	3
28.63	3
28.717	3
28.969	3
29.116	3
29.142	3
29.606	3
29.641	3
29.732	3
29.815	3
31.817	3
32.527	3
32.893	3
33.68	3
35.769	3
36.929	3
39.563	3
48.645	3
20.087	1
20.112	1
20.258	1
20.265	1
20.306	1
20.312	1
20.342	2
20.381	2
20.472	2
20.498	2
20.503	2
20.513	2
20.524	2
20.544	2
20.549	2
20.9	2
20.974	2
20.999	2
21.013	2
21.066	2
21.492	2
22.252	2
22.256	2
23.309	2
27.844	2
27.906	2
29.512	2
19.964	1
19.967	1
20.034	1
20.056	1
20.06	2
20.067	2
20.074	2
20.087	2
20.112	2
20.258	2
20.265	2
20.306	2
20.312	2
20.342	2
20.381	2
20.472	2
20.498	2
20.503	2
20.513	2
20.524	2
20.544	2
20.549	2
20.9	2
20.974	2
20.999	2
21.013	2
21.066	2
21.492	2
22.252	2
22.256	2
23.309	2
27.844	2
27.906	2
29.512	2
19.964	1
19.967	1
20.034	1
20.056	1
20.06	1
20.067	1
20.074	1
20.087	1
20.112	1
20.258	1
20.265	1
20.306	1
20.312	1
20.342	2
20.381	2
20.472	2
20.498	3
20.503	3
20.513	3
20.524	3
20.544	3
20.549	3
20.9	3
20.974	3
20.999	3
21.013	3
21.066	3
21.492	3
22.252	3
22.256	3
23.309	3
27.844	3
27.906	3
29.512	3
20.056	1
20.06	1
20.067	1
20.074	1
20.087	1
20.112	2
20.258	2
20.265	2
20.306	2
20.312	2
20.342	2
20.381	2
20.472	2
20.498	2
20.503	2
20.513	2
20.524	2
20.544	2
20.549	2
20.9	3
20.974	3
20.999	3
21.013	3
21.066	3
21.492	3
22.252	3
22.256	3
23.309	3
27.844	3
27.906	3
29.512	3
19.964	1
19.967	1
20.034	1
20.056	1
20.06	1
20.067	1
20.074	1
20.087	1
20.112	1
20.258	1
20.265	1
20.306	1
20.312	1
20.342	2
20.381	2
20.472	2
20.498	3
20.503	3
20.513	3
20.524	3
20.544	3
20.549	3
20.9	3
20.974	3
20.999	3
21.013	3
21.066	3
21.492	3
22.252	3
22.256	3
23.309	3
27.844	3
27.906	3
29.512	3
19.967	1
20.034	1
20.056	2
20.06	2
20.067	2
20.074	2
20.087	2
20.112	3
20.258	3
20.265	3
20.306	3
20.312	3
20.342	3
20.381	3
20.472	3
20.498	3
20.503	3
20.513	4
20.524	4
20.544	4
20.549	4
20.9	4
20.974	4
20.999	4
21.013	4
21.066	4
21.492	4
22.252	4
22.256	3
23.309	3
27.844	3
27.906	3
29.512	3
19.964	1
19.967	1
20.034	2
20.056	2
20.06	2
20.067	2
20.074	2
20.087	2
20.112	2
20.258	2
20.265	2
20.306	2
20.312	2
20.342	3
20.381	3
20.472	3
20.498	3
20.503	3
20.513	3
20.524	3
20.544	3
20.549	3
20.9	3
20.974	3
20.999	3
21.013	3
21.066	3
21.492	3
22.252	3
22.256	3
23.309	3
27.844	3
27.906	3
29.512	3
20.087	1
20.112	1
20.258	1
20.265	1
20.306	1
20.312	1
20.342	1
20.381	1
20.472	1
20.498	2
20.503	2
20.513	2
20.524	2
20.544	2
20.549	2
20.9	2
20.974	3
20.999	3
21.013	3
21.066	3
21.492	3
22.252	3
22.256	3
23.309	3
27.844	3
27.906	3
29.512	3
20.056	1
20.06	1
20.067	1
20.074	1
20.087	1
20.112	2
20.258	3
20.265	3
20.306	3
20.312	3
20.342	3
20.381	3
20.472	3
20.498	3
20.503	3
20.513	3
20.524	3
20.544	3
20.549	3
20.9	3
20.974	3
20.999	3
21.013	3
21.066	3
21.492	3
22.252	3
22.256	3
23.309	3
27.844	3
27.906	3
29.512	3
19.941	1
19.964	1
19.967	1
20.034	1
20.056	2
20.06	2
20.067	2
20.074	2
20.087	2
20.112	2
20.258	2
20.265	2
20.306	2
20.312	2
20.342	2
20.381	2
20.472	2
20.498	2
20.503	2
20.513	2
20.524	2
20.544	2
20.549	2
20.9	2
20.974	2
20.999	2
21.013	2
21.066	2
21.492	2
22.252	2
22.256	2
23.309	2
27.844	3
27.906	3
29.512	3
19.964	1
19.967	1
20.034	2
20.056	2
20.06	2
20.067	2
20.074	2
20.087	2
20.112	2
20.258	2
20.265	2
20.306	2
20.312	2
20.342	2
20.381	2
20.472	2
20.498	2
20.503	2
20.513	2
20.524	2
20.544	2
20.549	2
20.9	2
20.974	2
20.999	2
21.013	2
21.066	2
21.492	2
22.252	2
22.256	2
23.309	2
27.844	2
27.906	2
29.512	2
20.06	1
20.067	1
20.074	1
20.087	1
20.112	2
20.258	2
20.265	2
20.306	2
20.312	2
20.342	3
20.381	3
20.472	3
20.498	3
20.503	3
20.513	3
20.524	3
20.544	3
20.549	3
20.9	3
20.974	3
20.999	3
21.013	3
21.066	3
21.492	3
22.252	3
22.256	3
23.309	3
27.844	3
27.906	3
29.512	3
19.941	1
19.964	1
19.967	2
20.034	2
20.056	2
20.06	2
20.067	2
20.074	2
20.087	2
20.112	2
20.258	2
20.265	3
20.306	3
20.312	3
20.342	3
20.381	3
20.472	3
20.498	3
20.503	3
20.513	3
20.524	3
20.544	3
20.549	3
20.9	3
20.974	3
20.999	3
21.013	3
21.066	3
21.492	3
22.252	3
22.256	3
23.309	3
27.844	3
27.906	3
29.512	3
20.06	1
20.067	1
20.074	1
20.087	2
20.112	2
20.258	2
20.265	2
20.306	2
20.312	2
20.342	2
20.381	2
20.472	2
20.498	2
20.503	2
20.513	2
20.524	2
20.544	2
20.549	2
20.9	2
20.974	2
20.999	2
21.013	2
21.066	2
21.492	2
22.252	2
22.256	2
23.309	2
27.844	2
27.906	2
29.512	2
20.056	1
20.06	1
20.067	1
20.074	1
20.087	1
20.112	2
20.258	2
20.265	2
20.306	2
20.312	2
20.342	2
20.381	2
20.472	2
20.498	2
20.503	2
20.513	2
20.524	2
20.544	3
20.549	3
20.9	3
20.974	3
20.999	3
21.013	3
21.066	3
21.492	3
22.252	3
22.256	3
23.309	3
27.844	3
27.906	3
29.512	3
19.964	1
19.967	1
20.034	1
20.056	1
20.06	1
20.067	1
20.074	1
20.087	1
20.112	2
20.258	2
20.265	2
20.306	2
20.312	2
20.342	3
20.381	3
20.472	3
20.498	3
20.503	3
20.513	3
20.524	3
20.544	3
20.549	3
20.9	3
20.974	3
20.999	3
21.013	3
21.066	3
21.492	3
22.252	3
22.256	3
23.309	3
27.844	3
27.906	3
29.512	3
20.258	1
20.265	1
20.306	1
20.312	1
20.342	1
20.381	1
20.472	1
20.498	2
20.503	2
20.513	2
20.524	2
20.544	2
20.549	2
20.9	2
20.974	2
20.999	3
21.013	3
21.066	3
21.492	3
22.252	3
22.256	3
23.309	3
27.844	3
27.906	3
29.512	3
20.258	1
20.265	1
20.306	1
20.312	1
20.342	1
20.381	1
20.472	1
20.498	1
20.503	1
20.513	1
20.524	1
20.544	1
20.549	1
20.9	1
20.974	1
20.999	2
21.013	2
21.066	2
21.492	2
22.252	2
22.256	2
23.309	2
27.844	3
27.906	3
29.512	3
19.941	1
19.964	1
19.967	2
20.034	2
20.056	2
20.06	3
20.067	3
20.074	3
20.087	3
20.112	3
20.258	3
20.265	3
20.306	3
20.312	3
20.342	3
20.381	3
20.472	3
20.498	3
20.503	3
20.513	3
20.524	3
20.544	3
20.549	3
20.9	3
20.974	3
20.999	3
21.013	3
21.066	3
21.492	3
22.252	3
22.256	3
23.309	3
27.844	3
27.906	3
29.512	3
20.087	1
20.112	2
20.258	2
20.265	2
20.306	2
20.312	2
20.342	2
20.381	2
20.472	2
20.498	2
20.503	2
20.513	2
20.524	2
20.544	2
20.549	2
20.9	2
20.974	2
20.999	2
21.013	2
21.066	2
21.492	2
22.252	2
22.256	2
23.309	2
27.844	2
27.906	2
29.512	2
20.034	1
20.056	1
20.06	1
20.067	1
20.074	1
20.087	1
20.112	1
20.258	1
20.265	1
20.306	1
20.312	1
20.342	2
20.381	2
20.472	2
20.498	2
20.503	2
20.513	2
20.524	2
20.544	2
20.549	2
20.9	2
20.974	2
20.999	2
21.013	2
21.066	2
21.492	2
22.252	2
22.256	2
23.309	2
27.844	2
27.906	2
29.512	2
20.112	1
20.258	1
20.265	1
20.306	1
20.312	1
20.342	2
20.381	2
20.472	2
20.498	2
20.503	2
20.513	2
20.524	2
20.544	2
20.549	2
20.9	2
20.974	2
20.999	2
21.013	2
21.066	2
21.492	2
22.252	2
22.256	2
23.309	2
27.844	2
27.906	2
29.512	2
20.056	1
20.06	1
20.067	1
20.074	1
20.087	1
20.112	1
20.258	1
20.265	1
20.306	1
20.312	1
20.342	2
20.381	2
20.472	2
20.498	3
20.503	3
20.513	3
20.524	3
20.544	3
20.549	3
20.9	3
20.974	3
20.999	3
21.013	3
21.066	3
21.492	3
22.252	3
22.256	3
23.309	3
27.844	3
27.906	3
29.512	3
19.964	1
19.967	1
20.034	2
20.056	2
20.06	2
20.067	2
20.074	2
20.087	2
20.112	2
20.258	2
20.265	2
20.306	2
20.312	2
20.342	3
20.381	3
20.472	3
20.498	3
20.503	3
20.513	3
20.524	3
20.544	3
20.549	3
20.9	3
20.974	3
20.999	3
21.013	3
21.066	3
21.492	3
22.252	3
22.256	3
23.309	3
27.844	3
27.906	3
29.512	3
19.964	1
19.967	1
20.034	2
20.056	2
20.06	3
20.067	3
20.074	3
20.087	3
20.112	3
20.258	3
20.265	3
20.306	3
20.312	3
20.342	3
20.381	3
20.472	3
20.498	3
20.503	3
20.513	3
20.524	3
20.544	3
20.549	3
20.9	3
20.974	3
20.999	3
21.013	3
21.066	3
21.492	3
22.252	3
22.256	3
23.309	3
27.844	3
27.906	3
29.512	3
20.056	1
20.06	1
20.067	1
20.074	1
20.087	1
20.112	1
20.258	2
20.265	2
20.306	2
20.312	2
20.342	2
20.381	2
20.472	2
20.498	2
20.503	2
20.513	2
20.524	2
20.544	2
20.549	2
20.9	2
20.974	2
20.999	2
21.013	2
21.066	2
21.492	2
22.252	2
22.256	2
23.309	2
27.844	3
27.906	3
29.512	3
20.056	1
20.06	1
20.067	1
20.074	1
20.087	1
20.112	2
20.258	3
20.265	3
20.306	3
20.312	3
20.342	3
20.381	3
20.472	3
20.498	3
20.503	3
20.513	3
20.524	3
20.544	3
20.549	3
20.9	3
20.974	3
20.999	3
21.013	3
21.066	3
21.492	3
22.252	3
22.256	3
23.309	3
27.844	3
27.906	3
29.512	3
19.964	1
19.967	1
20.034	1
20.056	1
20.06	1
20.067	1
20.074	1
20.087	2
20.112	2
20.258	2
20.265	2
20.306	2
20.312	2
20.342	2
20.381	2
20.472	2
20.498	2
20.503	2
20.513	2
20.524	2
20.544	2
20.549	2
20.9	2
20.974	2
20.999	2
21.013	2
21.066	2
21.492	2
22.252	2
22.256	2
23.309	2
27.844	3
27.906	3
29.512	3
20.056	1
20.06	1
20.067	1
20.074	1
20.087	2
20.112	2
20.258	2
20.265	2
20.306	2
20.312	2
20.342	2
20.381	2
20.472	2
20.498	2
20.503	2
20.513	2
20.524	2
20.544	2
20.549	2
20.9	2
20.974	2
20.999	3
21.013	3
21.066	3
21.492	3
22.252	3
22.256	3
23.309	3
27.844	3
27.906	3
29.512	3
20.056	1
20.06	1
20.067	1
20.074	1
20.087	1
20.112	1
20.258	1
20.265	1
20.306	1
20.312	1
20.342	2
20.381	2
20.472	2
20.498	3
20.503	3
20.513	3
20.524	3
20.544	3
20.549	3
20.9	3
20.974	3
20.999	3
21.013	3
21.066	3
21.492	3
22.252	3
22.256	3
23.309	2
27.844	2
27.906	2
29.512	2
20.06	1
20.067	1
20.074	1
20.087	1
20.112	1
20.258	1
20.265	1
20.306	1
20.312	1
20.342	2
20.381	2
20.472	2
20.498	2
20.503	2
20.513	2
20.524	2
20.544	2
20.549	2
20.9	2
20.974	2
20.999	2
21.013	2
21.066	2
21.492	2
22.252	2
22.256	2
23.309	2
27.844	2
27.906	2
29.512	2
20.034	1
20.056	1
20.06	1
20.067	1
20.074	1
20.087	1
20.112	2
20.258	2
20.265	2
20.306	2
20.312	2
20.342	2
20.381	2
20.472	2
20.498	2
20.503	2
20.513	2
20.524	2
20.544	2
20.549	2
20.9	2
20.974	2
20.999	3
21.013	3
21.066	3
21.492	3
22.252	3
22.256	3
23.309	3
27.844	3
27.906	3
29.512	3
19.964	1
19.967	1
20.034	1
20.056	2
20.06	2
20.067	2
20.074	2
20.087	2
20.112	2
20.258	2
20.265	2
20.306	2
20.312	2
20.342	2
20.381	2
20.472	2
20.498	2
20.503	2
20.513	2
20.524	3
20.544	3
20.549	3
20.9	3
20.974	3
20.999	3
21.013	3
21.066	3
21.492	3
22.252	3
22.256	3
23.309	3
27.844	3
27.906	3
29.512	3
20.087	1
20.112	1
20.258	1
20.265	1
20.306	1
20.312	1
20.342	1
20.381	1
20.472	1
20.498	2
20.503	2
20.513	2
20.524	2
20.544	2
20.549	2
20.9	2
20.974	2
20.999	3
21.013	3
21.066	3
21.492	3
22.252	3
22.256	3
23.309	3
27.844	3
27.906	3
29.512	3
19.964	1
19.967	1
20.034	2
20.056	2
20.06	2
20.067	2
20.074	2
20.087	2
20.112	2
20.258	2
20.265	2
20.306	2
20.312	2
20.342	2
20.381	2
20.472	2
20.498	2
20.503	2
20.513	2
20.524	2
20.544	2
20.549	2
20.9	2
20.974	2
20.999	3
21.013	3
21.066	3
21.492	3
22.252	3
22.256	3
23.309	3
27.844	3
27.906	3
29.512	3
20.498	1
20.503	1
20.513	1
20.524	1
20.544	1
20.549	1
20.9	1
20.974	1
20.999	2
21.013	2
21.066	2
21.492	2
22.252	2
22.256	2
23.309	2
27.844	3
27.906	3
29.512	3
20.067	1
20.074	1
20.087	1
20.112	1
20.258	2
20.265	2
20.306	2
20.312	2
20.342	2
20.381	2
20.472	2
20.498	2
20.503	3
20.513	3
20.524	3
20.544	3
20.549	3
20.9	3
20.974	3
20.999	4
21.013	4
21.066	4
21.492	3
22.252	3
22.256	3
23.309	3
27.844	3
27.906	3
29.512	3
19.967	1
20.034	1
20.056	1
20.06	1
20.067	1
20.074	1
20.087	1
20.112	2
20.258	2
20.265	2
20.306	2
20.312	2
20.342	2
20.381	2
20.472	2
20.498	2
20.503	2
20.513	2
20.524	2
20.544	2
20.549	2
20.9	2
20.974	2
20.999	2
21.013	2
21.066	2
21.492	2
22.252	2
22.256	2
23.309	2
27.844	2
27.906	2
29.512	2
19.964	1
19.967	1
20.034	2
20.056	3
20.06	3
20.067	3
20.074	3
20.087	3
20.112	3
20.258	3
20.265	3
20.306	3
20.312	3
20.342	3
20.381	3
20.472	3
20.498	3
20.503	3
20.513	3
20.524	3
20.544	3
20.549	3
20.9	3
20.974	3
20.999	3
21.013	3
21.066	3
21.492	3
22.252	3
22.256	3
23.309	3
27.844	3
27.906	3
29.512	3
19.941	1
19.964	1
19.967	2
20.034	3
20.056	3
20.06	3
20.067	3
20.074	3
20.087	3
20.112	3
20.258	3
20.265	3
20.306	3
20.312	3
20.342	3
20.381	3
20.472	3
20.498	3
20.503	3
20.513	3
20.524	3
20.544	3
20.549	3
20.9	3
20.974	3
20.999	3
21.013	3
21.066	3
21.492	3
22.252	3
22.256	3
23.309	3
27.844	3
27.906	3
29.512	3
20.087	1
20.112	1
20.258	1
20.265	1
20.306	1
20.312	1
20.342	1
20.381	1
20.472	1
20.498	2
20.503	2
20.513	2
20.524	2
20.544	2
20.549	2
20.9	2
20.974	2
20.999	2
21.013	2
21.066	2
21.492	2
22.252	2
22.256	2
23.309	2
27.844	3
27.906	3
29.512	3
20.265	1
20.306	1
20.312	1
20.342	2
20.381	2
20.472	2
20.498	2
20.503	2
20.513	2
20.524	2
20.544	2
20.549	2
20.9	2
20.974	2
20.999	2
21.013	2
21.066	2
21.492	2
22.252	2
22.256	2
23.309	2
27.844	2
27.906	2
29.512	2
20.034	1
20.056	1
20.06	2
20.067	2
20.074	2
20.087	2
20.112	2
20.258	2
20.265	2
20.306	2
20.312	2
20.342	3
20.381	3
20.472	3
20.498	3
20.503	3
20.513	3
20.524	3
20.544	3
20.549	3
20.9	3
20.974	3
20.999	3
21.013	3
21.066	3
21.492	3
22.252	3
22.256	3
23.309	3
27.844	3
27.906	3
29.512	3
19.964	1
19.967	1
20.034	1
20.056	1
20.06	1
20.067	1
20.074	1
20.087	1
20.112	1
20.258	1
20.265	1
20.306	1
20.312	1
20.342	1
20.381	1
20.472	1
20.498	1
20.503	1
20.513	1
20.524	1
20.544	1
20.549	1
20.9	1
20.974	1
20.999	2
21.013	2
21.066	2
21.492	2
22.252	2
22.256	2
23.309	2
27.844	3
27.906	3
29.512	3
20.342	1
20.381	1
20.472	1
20.498	1
20.503	1
20.513	1
20.524	1
20.544	1
20.549	1
20.9	1
20.974	1
20.999	2
21.013	2
21.066	2
21.492	2
22.252	2
22.256	2
23.309	2
27.844	3
27.906	3
29.512	3
20.112	1
20.258	2
20.265	2
20.306	2
20.312	2
20.342	2
20.381	2
20.472	2
20.498	2
20.503	2
20.513	2
20.524	2
20.544	2
20.549	2
20.9	2
20.974	2
20.999	3
21.013	3
21.066	3
21.492	3
22.252	3
22.256	3
23.309	3
27.844	3
27.906	3
29.512	3
19.964	1
19.967	1
20.034	2
20.056	2
20.06	2
20.067	2
20.074	2
20.087	2
20.112	2
20.258	2
20.265	2
20.306	2
20.312	2
20.342	3
20.381	3
20.472	3
20.498	3
20.503	3
20.513	3
20.524	3
20.544	3
20.549	3
20.9	3
20.974	3
20.999	3
21.013	3
21.066	3
21.492	3
22.252	3
22.256	3
23.309	3
27.844	3
27.906	3
29.512	3
20.056	1
20.06	1
20.067	1
20.074	1
20.087	2
20.112	2
20.258	2
20.265	2
20.306	2
20.312	2
20.342	2
20.381	2
20.472	2
20.498	2
20.503	2
20.513	2
20.524	2
20.544	2
20.549	2
20.9	2
20.974	2
20.999	3
21.013	3
21.066	3
21.492	3
22.252	3
22.256	3
23.309	3
27.844	3
27.906	3
29.512	3
19.967	1
20.034	1
20.056	1
20.06	1
20.067	1
20.074	1
20.087	1
20.112	1
20.258	1
20.265	1
20.306	1
20.312	1
20.342	1
20.381	2
20.472	2
20.498	2
20.503	2
20.513	2
20.524	2
20.544	2
20.549	2
20.9	2
20.974	2
20.999	3
21.013	3
21.066	3
21.492	3
22.252	3
22.256	3
23.309	3
27.844	3
27.906	3
29.512	3
20.056	1
20.06	1
20.067	1
20.074	1
20.087	1
20.112	1
20.258	2
20.265	2
20.306	2
20.312	2
20.342	2
20.381	2
20.472	2
20.498	2
20.503	2
20.513	2
20.524	2
20.544	2
20.549	2
20.9	2
20.974	2
20.999	3
21.013	3
21.066	3
21.492	3
22.252	3
22.256	3
23.309	3
27.844	3
27.906	3
29.512	3
20.258	1
20.265	1
20.306	1
20.312	1
20.342	1
20.381	1
20.472	1
20.498	2
20.503	2
20.513	2
20.524	2
20.544	2
20.549	2
20.9	2
20.974	2
20.999	2
21.013	2
21.066	2
21.492	2
22.252	2
22.256	2
23.309	2
27.844	3
27.906	3
29.512	3
19.941	1
19.964	1
19.967	1
20.034	1
20.056	2
20.06	2
20.067	2
20.074	2
20.087	2
20.112	2
20.258	3
20.265	3
20.306	3
20.312	3
20.342	3
20.381	3
20.472	3
20.498	3
20.503	3
20.513	3
20.524	3
20.544	3
20.549	3
20.9	3
20.974	3
20.999	3
21.013	3
21.066	3
21.492	3
22.252	3
22.256	3
23.309	3
27.844	3
27.906	3
29.512	3
20.034	1
20.056	1
20.06	2
20.067	2
20.074	2
20.087	2
20.112	2
20.258	3
20.265	3
20.306	3
20.312	3
20.342	3
20.381	3
20.472	3
20.498	3
20.503	3
20.513	3
20.524	3
20.544	3
20.549	3
20.9	3
20.974	3
20.999	3
21.013	3
21.066	3
21.492	3
22.252	3
22.256	3
23.309	3
27.844	3
27.906	3
29.512	3
19.964	1
19.967	1
20.034	1
20.056	1
20.06	2
20.067	2
20.074	2
20.087	3
20.112	3
20.258	3
20.265	3
20.306	3
20.312	3
20.342	3
20.381	3
20.472	3
20.498	3
20.503	3
20.513	3
20.524	3
20.544	3
20.549	3
20.9	3
20.974	3
20.999	3
21.013	3
21.066	3
21.492	3
22.252	3
22.256	3
23.309	3
27.844	3
27.906	3
29.512	3
20.112	1
20.258	1
20.265	1
20.306	1
20.312	1
20.342	1
20.381	1
20.472	1
20.498	1
20.503	1
20.513	1
20.524	1
20.544	1
20.549	2
20.9	2
20.974	2
20.999	2
21.013	3
21.066	3
21.492	3
22.252	3
22.256	3
23.309	3
27.844	3
27.906	2
29.512	3
19.964	1
19.967	1
20.034	1
20.056	1
20.06	1
20.067	1
20.074	1
20.087	1
20.112	2
20.258	2
20.265	2
20.306	2
20.312	2
20.342	2
20.381	2
20.472	2
20.498	2
20.503	2
20.513	2
20.524	2
20.544	2
20.549	2
20.9	2
20.974	2
20.999	2
21.013	2
21.066	2
21.492	2
22.252	2
22.256	2
23.309	2
27.844	2
27.906	2
29.512	2
20.056	1
20.06	1
20.067	1
20.074	1
20.087	1
20.112	1
20.258	2
20.265	2
20.306	2
20.312	2
20.342	2
20.381	2
20.472	2
20.498	2
20.503	2
20.513	2
20.524	2
20.544	2
20.549	2
20.9	2
20.974	2
20.999	2
21.013	2
21.066	2
21.492	2
22.252	2
22.256	2
23.309	2
27.844	3
27.906	3
29.512	3
20.06	1
20.067	1
20.074	1
20.087	1
20.112	2
20.258	2
20.265	2
20.306	2
20.312	2
20.342	3
20.381	3
20.472	3
20.498	3
20.503	3
20.513	3
20.524	3
20.544	3
20.549	3
20.9	3
20.974	3
20.999	3
21.013	3
21.066	3
21.492	3
22.252	3
22.256	3
23.309	3
27.844	3
27.906	3
29.512	3
20.034	1
20.056	2
20.06	2
20.067	2
20.074	2
20.087	2
20.112	2
20.258	2
20.265	2
20.306	2
20.312	2
20.342	3
20.381	3
20.472	3
20.498	3
20.503	3
20.513	3
20.524	3
20.544	3
20.549	3
20.9	3
20.974	3
20.999	3
21.013	3
21.066	3
21.492	3
22.252	3
22.256	3
23.309	3
27.844	3
27.906	3
29.512	3
20.087	1
20.112	2
20.258	2
20.265	2
20.306	2
20.312	2
20.342	2
20.381	2
20.472	2
20.498	2
20.503	2
20.513	2
20.524	2
20.544	2
20.549	2
20.9	2
20.974	2
20.999	2
21.013	2
21.066	2
21.492	2
22.252	2
22.256	2
23.309	2
27.844	3
27.906	3
29.512	3
19.964	1
19.967	1
20.034	1
20.056	1
20.06	1
20.067	1
20.074	1
20.087	1
20.112	1
20.258	1
20.265	1
20.306	1
20.312	1
20.342	1
20.381	1
20.472	1
20.498	1
20.503	1
20.513	1
20.524	1
20.544	1
20.549	1
20.9	1
20.974	1
20.999	2
21.013	2
21.066	2
21.492	2
22.252	2
22.256	2
23.309	2
27.844	2
27.906	2
29.512	2
19.967	1
20.034	1
20.056	1
20.06	1
20.067	1
20.074	1
20.087	2
20.112	2
20.258	2
20.265	3
20.306	3
20.312	3
20.342	3
20.381	3
20.472	3
20.498	3
20.503	3
20.513	3
20.524	3
20.544	3
20.549	3
20.9	3
20.974	3
20.999	3
21.013	3
21.066	3
21.492	3
22.252	3
22.256	3
23.309	3
27.844	3
27.906	3
29.512	3
20.06	1
20.067	1
20.074	1
20.087	1
20.112	1
20.258	1
20.265	1
20.306	1
20.312	1
20.342	1
20.381	1
20.472	2
20.498	2
20.503	2
20.513	2
20.524	2
20.544	2
20.549	2
20.9	2
20.974	2
20.999	2
21.013	2
21.066	2
21.492	2
22.252	2
22.256	2
23.309	2
27.844	3
27.906	3
29.512	3
19.941	1
19.964	1
19.967	2
20.034	3
20.056	3
20.06	3
20.067	3
20.074	3
20.087	3
20.112	3
20.258	3
20.265	3
20.306	3
20.312	3
20.342	3
20.381	3
20.472	3
20.498	3
20.503	3
20.513	3
20.524	3
20.544	3
20.549	3
20.9	3
20.974	3
20.999	3
21.013	3
21.066	3
21.492	3
22.252	3
22.256	3
23.309	3
27.844	3
27.906	3
29.512	3
19.967	1
20.034	1
20.056	1
20.06	1
20.067	1
20.074	1
20.087	1
20.112	1
20.258	1
20.265	1
20.306	1
20.312	1
20.342	1
20.381	1
20.472	1
20.498	1
20.503	1
20.513	1
20.524	1
20.544	1
20.549	1
20.9	1
20.974	1
20.999	1
21.013	1
21.066	1
21.492	1
22.252	1
22.256	1
23.309	1
27.844	2
27.906	2
29.512	2
20.056	1
20.06	1
20.067	1
20.074	1
20.087	2
20.112	2
20.258	2
20.265	2
20.306	3
20.312	3
20.342	3
20.381	3
20.472	3
20.498	3
20.503	3
20.513	3
20.524	3
20.544	3
20.549	3
20.9	3
20.974	3
20.999	3
21.013	3
21.066	3
21.492	3
22.252	3
22.256	3
23.309	3
27.844	3
27.906	3
29.512	3
19.967	1
20.034	1
20.056	1
20.06	1
20.067	1
20.074	1
20.087	2
20.112	2
20.258	2
20.265	3
20.306	3
20.312	3
20.342	3
20.381	3
20.472	3
20.498	3
20.503	3
20.513	3
20.524	3
20.544	3
20.549	3
20.9	3
20.974	3
20.999	3
21.013	3
21.066	3
21.492	3
22.252	3
22.256	3
23.309	3
27.844	3
27.906	3
29.512	3
20.087	1
20.112	1
20.258	1
20.265	2
20.306	2
20.312	2
20.342	2
20.381	2
20.472	2
20.498	2
20.503	2
20.513	2
20.524	2
20.544	2
20.549	2
20.9	2
20.974	2
20.999	2
21.013	2
21.066	2
21.492	2
22.252	2
22.256	2
23.309	2
27.844	2
27.906	2
29.512	2
20.498	1
20.503	1
20.513	1
20.524	1
20.544	1
20.549	1
20.9	1
20.974	1
20.999	1
21.013	1
21.066	2
21.492	2
22.252	2
22.256	2
23.309	2
27.844	3
27.906	3
29.512	3
20.258	1
20.265	1
20.306	1
20.312	1
20.342	2
20.381	2
20.472	2
20.498	3
20.503	3
20.513	3
20.524	3
20.544	3
20.549	3
20.9	3
20.974	3
20.999	3
21.013	3
21.066	3
21.492	3
22.252	3
22.256	3
23.309	3
27.844	3
27.906	3
29.512	3
19.967	1
20.034	2
20.056	2
20.06	2
20.067	2
20.074	2
20.087	2
20.112	2
20.258	2
20.265	2
20.306	2
20.312	2
20.342	2
20.381	2
20.472	2
20.498	2
20.503	2
20.513	2
20.524	2
20.544	2
20.549	2
20.9	2
20.974	2
20.999	3
21.013	3
21.066	3
21.492	3
22.252	3
22.256	3
23.309	3
27.844	3
27.906	3
29.512	3
20.112	1
20.258	1
20.265	2
20.306	2
20.312	2
20.342	2
20.381	2
20.472	2
20.498	2
20.503	2
20.513	2
20.524	2
20.544	2
20.549	2
20.9	2
20.974	2
20.999	2
21.013	2
21.066	2
21.492	2
22.252	2
22.256	2
23.309	2
27.844	2
27.906	2
29.512	2
19.967	1
20.034	1
20.056	2
20.06	2
20.067	2
20.074	2
20.087	2
20.112	2
20.258	2
20.265	2
20.306	2
20.312	2
20.342	2
20.381	2
20.472	2
20.498	3
20.503	3
20.513	3
20.524	3
20.544	3
20.549	3
20.9	3
20.974	3
20.999	3
21.013	3
21.066	3
21.492	3
22.252	3
22.256	3
23.309	3
27.844	3
27.906	3
29.512	3
20.034	1
20.056	2
20.06	2
20.067	2
20.074	2
20.087	2
20.112	2
20.258	2
20.265	2
20.306	2
20.312	2
20.342	2
20.381	2
20.472	2
20.498	2
20.503	2
20.513	2
20.524	2
20.544	2
20.549	2
20.9	2
20.974	2
20.999	2
21.013	2
21.066	2
21.492	2
22.252	2
22.256	2
23.309	2
27.844	3
27.906	3
29.512	3
19.941	1
19.964	1
19.967	2
20.034	2
20.056	2
20.06	2
20.067	2
20.074	2
20.087	2
20.112	2
20.258	2
20.265	2
20.306	2
20.312	2
20.342	2
20.381	2
20.472	2
20.498	3
20.503	3
20.513	3
20.524	3
20.544	3
20.549	3
20.9	3
20.974	3
20.999	3
21.013	3
21.066	3
21.492	3
22.252	3
22.256	3
23.309	3
27.844	3
27.906	3
29.512	3
19.941	1
19.964	1
19.967	1
20.034	2
20.056	2
20.06	2
20.067	2
20.074	2
20.087	3
20.112	3
20.258	3
20.265	3
20.306	3
20.312	3
20.342	3
20.381	3
20.472	3
20.498	3
20.503	3
20.513	3
20.524	3
20.544	3
20.549	3
20.9	3
20.974	3
20.999	3
21.013	3
21.066	3
21.492	3
22.252	3
22.256	3
23.309	3
27.844	3
27.906	3
29.512	3
20.056	1
20.06	1
20.067	1
20.074	1
20.087	2
20.112	3
20.258	3
20.265	3
20.306	3
20.312	3
20.342	3
20.381	3
20.472	3
20.498	3
20.503	3
20.513	3
20.524	3
20.544	3
20.549	3
20.9	3
20.974	3
20.999	3
21.013	3
21.066	3
21.492	3
22.252	3
22.256	3
23.309	3
27.844	3
27.906	3
29.512	3
20.06	1
20.067	1
20.074	1
20.087	1
20.112	2
20.258	2
20.265	2
20.306	2
20.312	2
20.342	2
20.381	2
20.472	2
20.498	2
20.503	2
20.513	2
20.524	2
20.544	2
20.549	2
20.9	2
20.974	2
20.999	2
21.013	2
21.066	2
21.492	2
22.252	2
22.256	2
23.309	2
27.844	3
27.906	3
29.512	3
19.941	1
19.964	2
19.967	2
20.034	2
20.056	2
20.06	3
20.067	3
20.074	3
20.087	3
20.112	3
20.258	3
20.265	3
20.306	3
20.312	3
20.342	3
20.381	3
20.472	3
20.498	3
20.503	3
20.513	3
20.524	3
20.544	3
20.549	3
20.9	3
20.974	3
20.999	3
21.013	3
21.066	3
21.492	3
22.252	3
22.256	3
23.309	3
27.844	3
27.906	3
29.512	3
20.06	1
20.067	1
20.074	1
20.087	2
20.112	2
20.258	2
20.265	2
20.306	2
20.312	2
20.342	2
20.381	2
20.472	2
20.498	2
20.503	2
20.513	2
20.524	2
20.544	2
20.549	2
20.9	2
20.974	2
20.999	2
21.013	2
21.066	2
21.492	2
22.252	2
22.256	2
23.309	2
27.844	3
27.906	3
29.512	3
19.941	1
19.964	1
19.967	1
20.034	1
20.056	1
20.06	1
20.067	1
20.074	1
20.087	1
20.112	1
20.258	2
20.265	2
20.306	2
20.312	2
20.342	2
20.381	2
20.472	2
20.498	3
20.503	3
20.513	3
20.524	3
20.544	3
20.549	3
20.9	3
20.974	3
20.999	3
21.013	3
21.066	3
21.492	3
22.252	3
22.256	3
23.309	3
27.844	3
27.906	3
29.512	3
20.034	1
20.056	1
20.06	2
20.067	2
20.074	2
20.087	2
20.112	2
20.258	2
20.265	2
20.306	2
20.312	2
20.342	3
20.381	3
20.472	3
20.498	3
20.503	3
20.513	3
20.524	3
20.544	3
20.549	3
20.9	3
20.974	3
20.999	3
21.013	3
21.066	3
21.492	3
22.252	3
22.256	3
23.309	3
27.844	3
27.906	3
29.512	3
19.964	1
19.967	1
20.034	1
20.056	1
20.06	1
20.067	1
20.074	1
20.087	1
20.112	1
20.258	2
20.265	2
20.306	2
20.312	2
20.342	2
20.381	2
20.472	2
20.498	2
20.503	2
20.513	2
20.524	2
20.544	2
20.549	2
20.9	2
20.974	2
20.999	3
21.013	3
21.066	3
21.492	3
22.252	3
22.256	3
23.309	3
27.844	3
27.906	3
29.512	3
19.941	1
19.964	1
19.967	2
20.034	2
20.056	2
20.06	3
20.067	3
20.074	3
20.087	3
20.112	3
20.258	3
20.265	3
20.306	3
20.312	3
20.342	3
20.381	3
20.472	3
20.498	3
20.503	3
20.513	3
20.524	3
20.544	3
20.549	3
20.9	3
20.974	3
20.999	3
21.013	3
21.066	3
21.492	3
22.252	3
22.256	3
23.309	3
27.844	3
27.906	3
29.512	3
19.967	1
20.034	2
20.056	2
20.06	2
20.067	2
20.074	2
20.087	2
20.112	2
20.258	2
20.265	3
20.306	3
20.312	3
20.342	3
20.381	3
20.472	3
20.498	3
20.503	3
20.513	3
20.524	3
20.544	3
20.549	3
20.9	3
20.974	3
20.999	3
21.013	3
21.066	3
21.492	3
22.252	3
22.256	3
23.309	3
27.844	3
27.906	3
29.512	3
19.941	1
19.964	1
19.967	2
20.034	2
20.056	2
20.06	2
20.067	2
20.074	2
20.087	2
20.112	2
20.258	2
20.265	3
20.306	3
20.312	3
20.342	3
20.381	3
20.472	3
20.498	3
20.503	3
20.513	3
20.524	3
20.544	3
20.549	3
20.9	3
20.974	3
20.999	3
21.013	3
21.066	3
21.492	3
22.252	3
22.256	3
23.309	3
27.844	3
27.906	3
29.512	3
19.964	1
19.967	1
20.034	1
20.056	1
20.06	1
20.067	1
20.074	1
20.087	1
20.112	1
20.258	1
20.265	2
20.306	2
20.312	2
20.342	2
20.381	2
20.472	2
20.498	3
20.503	3
20.513	3
20.524	3
20.544	3
20.549	3
20.9	3
20.974	3
20.999	3
21.013	3
21.066	3
21.492	3
22.252	3
22.256	3
23.309	3
27.844	3
27.906	3
29.512	3
20.06	1
20.067	1
20.074	1
20.087	1
20.112	1
20.258	1
20.265	2
20.306	2
20.312	2
20.342	3
20.381	3
20.472	3
20.498	3
20.503	3
20.513	3
20.524	3
20.544	3
20.549	3
20.9	3
20.974	3
20.999	3
21.013	3
21.066	3
21.492	3
22.252	3
22.256	3
23.309	3
27.844	3
27.906	3
29.512	3
20.342	1
20.381	1
20.472	1
20.498	2
20.503	2
20.513	2
20.524	2
20.544	2
20.549	2
20.9	2
20.974	2
20.999	2
21.013	2
21.066	2
21.492	2
22.252	2
22.256	2
23.309	2
27.844	3
27.906	3
29.512	3
20.056	1
20.06	1
20.067	1
20.074	1
20.087	1
20.112	2
20.258	2
20.265	2
20.306	2
20.312	2
20.342	2
20.381	2
20.472	2
20.498	2
20.503	2
20.513	2
20.524	2
20.544	2
20.549	2
20.9	2
20.974	2
20.999	2
21.013	2
21.066	2
21.492	2
22.252	2
22.256	2
23.309	2
27.844	3
27.906	3
29.512	3
20.112	1
20.258	1
20.265	1
20.306	1
20.312	1
20.342	1
20.381	1
20.472	1
20.498	2
20.503	2
20.513	2
20.524	2
20.544	2
20.549	2
20.9	2
20.974	2
20.999	2
21.013	2
21.066	2
21.492	2
22.252	2
22.256	2
23.309	2
27.844	3
27.906	3
29.512	3
19.941	1
19.964	1
19.967	2
20.034	2
20.056	2
20.06	3
20.067	3
20.074	3
20.087	3
20.112	3
20.258	3
20.265	3
20.306	3
20.312	3
20.342	3
20.381	3
20.472	3
20.498	3
20.503	3
20.513	3
20.524	3
20.544	3
20.549	3
20.9	3
20.974	3
20.999	3
21.013	3
21.066	3
21.492	3
22.252	3
22.256	3
23.309	3
27.844	3
27.906	3
29.512	3
19.964	1
19.967	1
20.034	1
20.056	1
20.06	1
20.067	1
20.074	1
20.087	1
20.112	1
20.258	1
20.265	1
20.306	1
20.312	1
20.342	1
20.381	1
20.472	1
20.498	1
20.503	1
20.513	1
20.524	1
20.544	1
20.549	1
20.9	1
20.974	1
20.999	2
21.013	2
21.066	2
21.492	2
22.252	2
22.256	2
23.309	2
27.844	2
27.906	2
29.512	2
20.034	1
20.056	1
20.06	1
20.067	1
20.074	1
20.087	2
20.112	2
20.258	2
20.265	2
20.306	2
20.312	2
20.342	2
20.381	2
20.472	2
20.498	2
20.503	2
20.513	2
20.524	2
20.544	2
20.549	2
20.9	2
20.974	2
20.999	2
21.013	2
21.066	2
21.492	2
22.252	2
22.256	2
23.309	2
27.844	2
27.906	2
29.512	2
20.112	1
20.258	1
20.265	1
20.306	1
20.312	1
20.342	1
20.381	1
20.472	1
20.498	1
20.503	1
20.513	1
20.524	1
20.544	1
20.549	1
20.9	1
20.974	1
20.999	1
21.013	1
21.066	1
21.492	1
22.252	1
22.256	1
23.309	1
27.844	2
27.906	2
29.512	2
19.964	1
19.967	1
20.034	1
20.056	2
20.06	2
20.067	2
20.074	2
20.087	2
20.112	3
20.258	3
20.265	3
20.306	3
20.312	3
20.342	3
20.381	3
20.472	3
20.498	3
20.503	3
20.513	3
20.524	3
20.544	3
20.549	3
20.9	3
20.974	3
20.999	3
21.013	3
21.066	3
21.492	3
22.252	3
22.256	3
23.309	3
27.844	3
27.906	3
29.512	3
20.112	1
20.258	2
20.265	2
20.306	2
20.312	2
20.342	2
20.381	2
20.472	2
20.498	2
20.503	2
20.513	2
20.524	2
20.544	2
20.549	2
20.9	2
20.974	2
20.999	2
21.013	2
21.066	2
21.492	2
22.252	2
22.256	2
23.309	2
27.844	3
27.906	3
29.512	3
20.056	1
20.06	1
20.067	1
20.074	1
20.087	2
20.112	2
20.258	2
20.265	2
20.306	2
20.312	2
20.342	2
20.381	2
20.472	2
20.498	2
20.503	2
20.513	2
20.524	2
20.544	2
20.549	2
20.9	2
20.974	2
20.999	3
21.013	3
21.066	3
21.492	3
22.252	3
22.256	3
23.309	3
27.844	3
27.906	3
29.512	3
19.964	1
19.967	1
20.034	2
20.056	2
20.06	2
20.067	2
20.074	2
20.087	2
20.112	2
20.258	2
20.265	2
20.306	2
20.312	2
20.342	3
20.381	3
20.472	3
20.498	3
20.503	3
20.513	3
20.524	3
20.544	3
20.549	3
20.9	3
20.974	3
20.999	3
21.013	3
21.066	3
21.492	3
22.252	3
22.256	3
23.309	3
27.844	3
27.906	3
29.512	3
19.941	1
19.964	1
19.967	2
20.034	2
20.056	2
20.06	3
20.067	3
20.074	3
20.087	3
20.112	3
20.258	3
20.265	3
20.306	3
20.312	3
20.342	3
20.381	3
20.472	3
20.498	3
20.503	3
20.513	3
20.524	3
20.544	3
20.549	3
20.9	3
20.974	3
20.999	3
21.013	3
21.066	3
21.492	3
22.252	3
22.256	3
23.309	3
27.844	3
27.906	3
29.512	3
20.087	1
20.112	1
20.258	1
20.265	1
20.306	1
20.312	1
20.342	2
20.381	2
20.472	2
20.498	2
20.503	2
20.513	2
20.524	2
20.544	2
20.549	2
20.9	2
20.974	2
20.999	3
21.013	3
21.066	3
21.492	3
22.252	3
22.256	3
23.309	3
27.844	3
27.906	3
29.512	3
20.112	1
20.258	1
20.265	1
20.306	1
20.312	1
20.342	1
20.381	1
20.472	1
20.498	2
20.503	2
20.513	2
20.524	2
20.544	2
20.549	2
20.9	2
20.974	2
20.999	2
21.013	2
21.066	2
21.492	2
22.252	2
22.256	2
23.309	2
27.844	3
27.906	3
29.512	3
19.941	1
19.964	1
19.967	2
20.034	2
20.056	2
20.06	2
20.067	2
20.074	2
20.087	2
20.112	2
20.258	2
20.265	3
20.306	3
20.312	3
20.342	3
20.381	3
20.472	3
20.498	3
20.503	3
20.513	3
20.524	3
20.544	3
20.549	3
20.9	3
20.974	3
20.999	3
21.013	3
21.066	3
21.492	3
22.252	3
22.256	3
23.309	3
27.844	3
27.906	3
29.512	3
20.056	1
20.06	1
20.067	1
20.074	1
20.087	2
20.112	2
20.258	2
20.265	2
20.306	2
20.312	2
20.342	2
20.381	2
20.472	2
20.498	2
20.503	2
20.513	2
20.524	2
20.544	2
20.549	2
20.9	2
20.974	2
20.999	2
21.013	2
21.066	2
21.492	2
22.252	2
22.256	2
23.309	2
27.844	2
27.906	2
29.512	2
20.074	1
20.087	2
20.112	2
20.258	3
20.265	3
20.306	3
20.312	3
20.342	3
20.381	3
20.472	3
20.498	3
20.503	3
20.513	3
20.524	3
20.544	3
20.549	3
20.9	3
20.974	3
20.999	3
21.013	3
21.066	3
21.492	3
22.252	3
22.256	3
23.309	3
27.844	3
27.906	3
29.512	3
19.964	1
19.967	1
20.034	1
20.056	1
20.06	1
20.067	1
20.074	1
20.087	1
20.112	1
20.258	2
20.265	3
20.306	3
20.312	3
20.342	3
20.381	3
20.472	3
20.498	3
20.503	3
20.513	3
20.524	3
20.544	3
20.549	3
20.9	3
20.974	3
20.999	3
21.013	3
21.066	3
21.492	3
22.252	3
22.256	3
23.309	3
27.844	3
27.906	3
29.512	3
20.312	1
20.342	2
20.381	2
20.472	2
20.498	2
20.503	2
20.513	2
20.524	2
20.544	2
20.549	2
20.9	2
20.974	2
20.999	2
21.013	2
21.066	2
21.492	2
22.252	2
22.256	2
23.309	2
27.844	2
27.906	2
29.512	2
19.967	1
20.034	1
20.056	1
20.06	1
20.067	1
20.074	1
20.087	1
20.112	2
20.258	2
20.265	2
20.306	2
20.312	2
20.342	2
20.381	2
20.472	2
20.498	3
20.503	3
20.513	3
20.524	3
20.544	3
20.549	3
20.9	3
20.974	3
20.999	3
21.013	3
21.066	3
21.492	3
22.252	3
22.256	3
23.309	3
27.844	3
27.906	3
29.512	3
19.941	1
19.964	1
19.967	2
20.034	2
20.056	2
20.06	2
20.067	2
20.074	2
20.087	2
20.112	2
20.258	2
20.265	3
20.306	3
20.312	3
20.342	3
20.381	3
20.472	3
20.498	3
20.503	3
20.513	3
20.524	3
20.544	3
20.549	3
20.9	3
20.974	3
20.999	3
21.013	3
21.066	3
21.492	3
22.252	3
22.256	3
23.309	3
27.844	3
27.906	3
29.512	3
20.034	1
20.056	2
20.06	2
20.067	2
20.074	2
20.087	2
20.112	2
20.258	2
20.265	2
20.306	2
20.312	2
20.342	2
20.381	2
20.472	2
20.498	3
20.503	3
20.513	3
20.524	3
20.544	3
20.549	3
20.9	3
20.974	3
20.999	3
21.013	3
21.066	3
21.492	3
22.252	3
22.256	3
23.309	3
27.844	3
27.906	3
29.512	3
20.087	1
20.112	1
20.258	1
20.265	1
20.306	1
20.312	1
20.342	1
20.381	1
20.472	1
20.498	1
20.503	1
20.513	1
20.524	1
20.544	1
20.549	1
20.9	1
20.974	1
20.999	2
21.013	2
21.066	2
21.492	2
22.252	2
22.256	2
23.309	2
27.844	2
27.906	2
29.512	2
19.941	1
19.964	1
19.967	2
20.034	3
20.056	3
20.06	3
20.067	3
20.074	3
20.087	3
20.112	3
20.258	3
20.265	3
20.306	3
20.312	3
20.342	3
20.381	3
20.472	3
20.498	3
20.503	3
20.513	3
20.524	3
20.544	3
20.549	3
20.9	3
20.974	3
20.999	3
21.013	3
21.066	3
21.492	3
22.252	3
22.256	3
23.309	3
27.844	3
27.906	3
29.512	3
20.112	1
20.258	1
20.265	2
20.306	2
20.312	2
20.342	2
20.381	2
20.472	2
20.498	2
20.503	2
20.513	2
20.524	2
20.544	2
20.549	2
20.9	2
20.974	2
20.999	2
21.013	2
21.066	2
21.492	2
22.252	2
22.256	2
23.309	2
27.844	3
27.906	3
29.512	3
19.941	1
19.964	1
19.967	2
20.034	2
20.056	2
20.06	2
20.067	2
20.074	2
20.087	2
20.112	2
20.258	2
20.265	3
20.306	3
20.312	3
20.342	3
20.381	3
20.472	3
20.498	3
20.503	3
20.513	3
20.524	3
20.544	3
20.549	3
20.9	3
20.974	3
20.999	3
21.013	3
21.066	3
21.492	3
22.252	3
22.256	3
23.309	3
27.844	3
27.906	3
29.512	3
19.964	1
19.967	1
20.034	1
20.056	1
20.06	2
20.067	2
20.074	2
20.087	2
20.112	2
20.258	2
20.265	2
20.306	2
20.312	2
20.342	2
20.381	2
20.472	2
20.498	2
20.503	2
20.513	2
20.524	2
20.544	2
20.549	2
20.9	2
20.974	2
20.999	2
21.013	2
21.066	2
21.492	2
22.252	3
22.256	3
23.309	3
27.844	3
27.906	3
29.512	3
20.258	1
20.265	1
20.306	1
20.312	1
20.342	1
20.381	1
20.472	1
20.498	2
20.503	2
20.513	2
20.524	2
20.544	2
20.549	2
20.9	2
20.974	2
20.999	3
21.013	3
21.066	3
21.492	3
22.252	3
22.256	3
23.309	3
27.844	3
27.906	3
29.512	3
19.964	1
19.967	1
20.034	1
20.056	1
20.06	1
20.067	1
20.074	1
20.087	1
20.112	1
20.258	1
20.265	1
20.306	1
20.312	1
20.342	1
20.381	1
20.472	1
20.498	1
20.503	1
20.513	1
20.524	1
20.544	1
20.549	1
20.9	1
20.974	1
20.999	2
21.013	2
21.066	2
21.492	2
22.252	2
22.256	2
23.309	2
27.844	2
27.906	2
29.512	2
19.967	1
20.034	1
20.056	1
20.06	1
20.067	1
20.074	1
20.087	1
20.112	1
20.258	1
20.265	2
20.306	2
20.312	2
20.342	2
20.381	2
20.472	2
20.498	2
20.503	2
20.513	2
20.524	2
20.544	2
20.549	2
20.9	2
20.974	2
20.999	2
21.013	2
21.066	2
21.492	2
22.252	2
22.256	2
23.309	2
27.844	2
27.906	2
29.512	2
19.941	1
19.964	1
19.967	2
20.034	2
20.056	2
20.06	2
20.067	2
20.074	2
20.087	2
20.112	2
20.258	2
20.265	3
20.306	3
20.312	3
20.342	3
20.381	3
20.472	3
20.498	3
20.503	3
20.513	3
20.524	3
20.544	3
20.549	3
20.9	3
20.974	3
20.999	3
21.013	3
21.066	3
21.492	3
22.252	3
22.256	3
23.309	3
27.844	3
27.906	3
29.512	3
20.056	1
20.06	1
20.067	1
20.074	1
20.087	2
20.112	2
20.258	2
20.265	2
20.306	2
20.312	2
20.342	2
20.381	2
20.472	2
20.498	2
20.503	2
20.513	2
20.524	2
20.544	2
20.549	2
20.9	2
20.974	2
20.999	3
21.013	3
21.066	3
21.492	3
22.252	3
22.256	3
23.309	3
27.844	3
27.906	3
29.512	3
20.034	1
20.056	1
20.06	2
20.067	2
20.074	2
20.087	2
20.112	2
20.258	2
20.265	3
20.306	3
20.312	3
20.342	3
20.381	3
20.472	3
20.498	3
20.503	3
20.513	3
20.524	3
20.544	3
20.549	3
20.9	3
20.974	3
20.999	3
21.013	3
21.066	3
21.492	3
22.252	3
22.256	3
23.309	3
27.844	3
27.906	3
29.512	3
20.342	1
20.381	1
20.472	1
20.498	2
20.503	2
20.513	2
20.524	2
20.544	2
20.549	2
20.9	2
20.974	2
20.999	3
21.013	3
21.066	3
21.492	3
22.252	3
22.256	3
23.309	3
27.844	3
27.906	3
29.512	3
19.941	1
19.964	1
19.967	2
20.034	2
20.056	2
20.06	2
20.067	2
20.074	2
20.087	2
20.112	2
20.258	2
20.265	3
20.306	3
20.312	3
20.342	3
20.381	3
20.472	3
20.498	3
20.503	3
20.513	3
20.524	3
20.544	3
20.549	3
20.9	3
20.974	3
20.999	3
21.013	3
21.066	3
21.492	3
22.252	3
22.256	3
23.309	3
27.844	3
27.906	3
29.512	3
20.087	1
20.112	1
20.258	1
20.265	1
20.306	1
20.312	1
20.342	1
20.381	1
20.472	1
20.498	1
20.503	1
20.513	1
20.524	1
20.544	1
20.549	1
20.9	1
20.974	1
20.999	2
21.013	2
21.066	2
21.492	2
22.252	2
22.256	2
23.309	2
27.844	2
27.906	2
29.512	2
19.967	1
20.034	1
20.056	1
20.06	1
20.067	1
20.074	1
20.087	1
20.112	1
20.258	1
20.265	1
20.306	1
20.312	1
20.342	1
20.381	1
20.472	1
20.498	1
20.503	1
20.513	1
20.524	1
20.544	1
20.549	1
20.9	1
20.974	1
20.999	1
21.013	1
21.066	1
21.492	1
22.252	1
22.256	1
23.309	1
27.844	2
27.906	2
29.512	2
20.06	1
20.067	1
20.074	1
20.087	1
20.112	1
20.258	2
20.265	2
20.306	2
20.312	2
20.342	3
20.381	3
20.472	3
20.498	3
20.503	3
20.513	3
20.524	3
20.544	3
20.549	3
20.9	3
20.974	3
20.999	3
21.013	3
21.066	3
21.492	3
22.252	3
22.256	3
23.309	3
27.844	3
27.906	3
29.512	3
19.941	1
19.964	1
19.967	2
20.034	2
20.056	2
20.06	2
20.067	2
20.074	2
20.087	2
20.112	2
20.258	2
20.265	3
20.306	3
20.312	3
20.342	3
20.381	3
20.472	3
20.498	3
20.503	3
20.513	3
20.524	3
20.544	3
20.549	3
20.9	3
20.974	3
20.999	3
21.013	3
21.066	3
21.492	3
22.252	3
22.256	3
23.309	3
27.844	3
27.906	3
29.512	3
19.964	1
19.967	1
20.034	2
20.056	2
20.06	3
20.067	3
20.074	3
20.087	3
20.112	3
20.258	3
20.265	3
20.306	3
20.312	3
20.342	3
20.381	3
20.472	3
20.498	3
20.503	3
20.513	3
20.524	3
20.544	3
20.549	3
20.9	3
20.974	3
20.999	3
21.013	3
21.066	3
21.492	3
22.252	3
22.256	3
23.309	3
27.844	3
27.906	3
29.512	3
20.506	1
20.527	1
20.528	1
20.541	1
20.604	1
20.604	1
20.629	1
20.64	1
20.671	1
20.733	1
20.741	1
20.961	1
21.083	1
21.114	1
21.118	1
21.195	1
21.209	1
21.21	1
21.235	1
21.237	1
21.241	1
21.25	2
21.29	2
21.322	2
21.327	2
21.36	3
21.368	3
21.472	3
21.479	3
21.694	3
21.741	3
21.752	3
21.759	3
21.783	3
21.845	3
21.874	3
21.901	3
21.959	3
22.006	3
22.016	3
22.038	3
22.04	3
22.101	3
22.108	3
22.111	3
22.164	3
22.166	3
22.185	3
22.201	3
22.225	3
22.277	3
22.281	3
22.296	3
22.416	3
22.427	3
22.508	3
22.533	3
22.544	3
22.719	3
22.823	3
22.922	3
23.068	3
23.194	3
23.432	3
23.713	3
23.978	3
24.095	3
24.313	3
24.352	3
24.91	3
26.167	3
26.81	3
27.966	3
31.08	3
31.145	3
32.152	3
34.582	3
34.675	3
42.907	3
19.109	1
19.642	1
19.812	1
19.848	1
19.903	1
19.948	1
19.968	1
19.983	1
19.998	1
20.033	1
20.034	1
20.045	1
20.061	1
20.093	1
20.11	1
20.146	1
20.161	1
20.184	1
20.196	1
20.205	1
20.222	1
20.23	1
20.328	1
20.345	1
20.364	1
20.398	1
20.404	1
20.417	1
20.454	1
20.463	1
20.47	1
20.473	2
20.487	2
20.495	2
20.506	2
20.527	2
20.528	2
20.541	2
20.604	2
20.604	3
20.629	3
20.64	3
20.671	3
20.733	3
20.741	3
20.961	3
21.083	3
21.114	3
21.118	3
21.195	3
21.209	3
21.21	3
21.235	3
21.237	3
21.241	3
21.25	3
21.29	3
21.322	3
21.327	3
21.36	3
21.368	3
21.472	3
21.479	3
21.694	3
21.741	3
21.752	3
21.759	3
21.783	3
21.845	3
21.874	3
21.901	3
21.959	3
22.006	3
22.016	3
22.038	3
22.04	3
22.101	3
22.108	3
22.111	3
22.164	3
22.166	3
22.185	3
22.201	3
22.225	3
22.277	3
22.281	4
22.296	4
22.416	5
22.427	6
22.508	6
22.533	6
22.544	6
22.719	6
22.823	6
22.922	6
23.068	6
23.194	6
23.432	5
23.713	5
23.978	5
24.095	5
24.313	5
24.352	5
24.91	5
26.167	5
26.81	5
27.966	4
31.08	4
31.145	4
32.152	4
34.582	4
34.675	4
42.907	4
20.146	1
20.161	1
20.184	1
20.196	2
20.205	2
20.222	2
20.23	2
20.328	2
20.345	2
20.364	2
20.398	2
20.404	2
20.417	2
20.454	2
20.463	2
20.47	2
20.473	2
20.487	2
20.495	2
20.506	3
20.527	3
20.528	3
20.541	3
20.604	3
20.604	3
20.629	3
20.64	3
20.671	3
20.733	3
20.741	3
20.961	3
21.083	3
21.114	3
21.118	3
21.195	3
21.209	3
21.21	3
21.235	3
21.237	3
21.241	3
21.25	3
21.29	3
21.322	3
21.327	3
21.36	3
21.368	3
21.472	3
21.479	3
21.694	3
21.741	3
21.752	3
21.759	3
21.783	3
21.845	3
21.874	3
21.901	3
21.959	3
22.006	3
22.016	3
22.038	3
22.04	3
22.101	3
22.108	3
22.111	3
22.164	3
22.166	3
22.185	3
22.201	3
22.225	3
22.277	3
22.281	3
22.296	3
22.416	3
22.427	3
22.508	3
22.533	3
22.544	3
22.719	3
22.823	3
22.922	3
23.068	3
23.194	3
23.432	3
23.713	3
23.978	3
24.095	3
24.313	3
24.352	3
24.91	3
26.167	3
26.81	3
27.966	3
31.08	3
31.145	3
32.152	3
34.582	3
34.675	3
42.907	3
19.642	1
19.812	1
19.848	1
19.903	1
19.948	1
19.968	1
19.983	1
19.998	1
20.033	1
20.034	1
20.045	1
20.061	1
20.093	1
20.11	2
20.146	3
20.161	3
20.184	3
20.196	4
20.205	4
20.222	4
20.23	4
20.328	4
20.345	4
20.364	4
20.398	4
20.404	4
20.417	4
20.454	4
20.463	4
20.47	4
20.473	4
20.487	4
20.495	4
20.506	4
20.527	4
20.528	4
20.541	4
20.604	4
20.604	4
20.629	4
20.64	4
20.671	4
20.733	4
20.741	4
20.961	4
21.083	4
21.114	4
21.118	4
21.195	4
21.209	4
21.21	4
21.235	4
21.237	4
21.241	4
21.25	4
21.29	4
21.322	4
21.327	4
21.36	4
21.368	4
21.472	4
21.479	4
21.694	4
21.741	4
21.752	4
21.759	4
21.783	4
21.845	4
21.874	4
21.901	4
21.959	4
22.006	4
22.016	4
22.038	4
22.04	4
22.101	4
22.108	4
22.111	4
22.164	4
22.166	4
22.185	4
22.201	4
22.225	4
22.277	4
22.281	4
22.296	4
22.416	4
22.427	4
22.508	4
22.533	4
22.544	4
22.719	4
22.823	4
22.922	4
23.068	4
23.194	4
23.432	4
23.713	4
23.978	4
24.095	4
24.313	4
24.352	4
24.91	4
26.167	4
26.81	4
27.966	4
31.08	4
31.145	4
32.152	4
34.582	4
34.675	4
42.907	4
19.109	1
19.642	1
19.812	2
19.848	2
19.903	2
19.948	2
19.968	2
19.983	2
19.998	2
20.033	2
20.034	2
20.045	2
20.061	2
20.093	2
20.11	2
20.146	2
20.161	2
20.184	2
20.196	3
20.205	3
20.222	3
20.23	3
20.328	3
20.345	3
20.364	3
20.398	3
20.404	3
20.417	3
20.454	3
20.463	3
20.47	3
20.473	3
20.487	3
20.495	3
20.506	3
20.527	3
20.528	3
20.541	3
20.604	3
20.604	3
20.629	3
20.64	3
20.671	3
20.733	3
20.741	3
20.961	3
21.083	3
21.114	3
21.118	3
21.195	3
21.209	3
21.21	3
21.235	3
21.237	3
21.241	3
21.25	3
21.29	3
21.322	3
21.327	3
21.36	3
21.368	3
21.472	3
21.479	3
21.694	3
21.741	3
21.752	3
21.759	3
21.783	3
21.845	3
21.874	4
21.901	4
21.959	4
22.006	4
22.016	4
22.038	4
22.04	4
22.101	4
22.108	4
22.111	4
22.164	4
22.166	4
22.185	4
22.201	4
22.225	4
22.277	4
22.281	4
22.296	4
22.416	4
22.427	4
22.508	4
22.533	4
22.544	4
22.719	4
22.823	4
22.922	4
23.068	4
23.194	4
23.432	4
23.713	4
23.978	4
24.095	4
24.313	4
24.352	4
24.91	4
26.167	4
26.81	4
27.966	4
31.08	4
31.145	4
32.152	4
34.582	4
34.675	4
42.907	4
20.146	1
20.161	1
20.184	1
20.196	1
20.205	1
20.222	1
20.23	1
20.328	1
20.345	1
20.364	1
20.398	1
20.404	1
20.417	1
20.454	1
20.463	1
20.47	1
20.473	1
20.487	1
20.495	1
20.506	2
20.527	3
20.528	3
20.541	3
20.604	3
20.604	3
20.629	3
20.64	3
20.671	3
20.733	3
20.741	3
20.961	3
21.083	3
21.114	3
21.118	3
21.195	3
21.209	3
21.21	3
21.235	3
21.237	3
21.241	3
21.25	3
21.29	3
21.322	3
21.327	3
21.36	3
21.368	3
21.472	3
21.479	3
21.694	3
21.741	3
21.752	3
21.759	3
21.783	3
21.845	3
21.874	3
21.901	3
21.959	3
22.006	3
22.016	3
22.038	3
22.04	3
22.101	3
22.108	3
22.111	3
22.164	3
22.166	3
22.185	3
22.201	3
22.225	3
22.277	3
22.281	3
22.296	3
22.416	3
22.427	3
22.508	3
22.533	3
22.544	3
22.719	3
22.823	3
22.922	3
23.068	3
23.194	3
23.432	3
23.713	3
23.978	3
24.095	3
24.313	3
24.352	3
24.91	3
26.167	3
26.81	3
27.966	3
31.08	3
31.145	3
32.152	3
34.582	3
34.675	3
42.907	3
20.23	1
20.328	1
20.345	1
20.364	2
20.398	2
20.404	2
20.417	3
20.454	3
20.463	3
20.47	3
20.473	3
20.487	3
20.495	3
20.506	3
20.527	3
20.528	3
20.541	3
20.604	3
20.604	4
20.629	4
20.64	4
20.671	4
20.733	4
20.741	4
20.961	4
21.083	4
21.114	4
21.118	4
21.195	4
21.209	4
21.21	4
21.235	4
21.237	4
21.241	4
21.25	4
21.29	4
21.322	4
21.327	4
21.36	4
21.368	4
21.472	4
21.479	4
21.694	4
21.741	4
21.752	4
21.759	4
21.783	4
21.845	4
21.874	4
21.901	4
21.959	4
22.006	4
22.016	4
22.038	4
22.04	4
22.101	4
22.108	4
22.111	4
22.164	4
22.166	4
22.185	4
22.201	4
22.225	4
22.277	4
22.281	4
22.296	4
22.416	4
22.427	4
22.508	4
22.533	4
22.544	4
22.719	4
22.823	4
22.922	4
23.068	4
23.194	4
23.432	4
23.713	4
23.978	4
24.095	4
24.313	4
24.352	4
24.91	4
26.167	4
26.81	4
27.966	4
31.08	4
31.145	4
32.152	4
34.582	4
34.675	4
42.907	4
19.903	1
19.948	1
19.968	2
19.983	2
19.998	2
20.033	2
20.034	2
20.045	2
20.061	2
20.093	2
20.11	2
20.146	2
20.161	2
20.184	2
20.196	3
20.205	3
20.222	3
20.23	3
20.328	3
20.345	3
20.364	3
20.398	3
20.404	3
20.417	3
20.454	3
20.463	3
20.47	3
20.473	3
20.487	3
20.495	3
20.506	3
20.527	3
20.528	3
20.541	3
20.604	3
20.604	3
20.629	3
20.64	3
20.671	3
20.733	3
20.741	3
20.961	3
21.083	3
21.114	3
21.118	3
21.195	3
21.209	3
21.21	3
21.235	3
21.237	3
21.241	3
21.25	3
21.29	3
21.322	3
21.327	3
21.36	3
21.368	3
21.472	3
21.479	3
21.694	3
21.741	3
21.752	3
21.759	3
21.783	3
21.845	3
21.874	3
21.901	3
21.959	3
22.006	3
22.016	3
22.038	3
22.04	3
22.101	3
22.108	3
22.111	3
22.164	3
22.166	3
22.185	3
22.201	3
22.225	3
22.277	3
22.281	3
22.296	3
22.416	3
22.427	3
22.508	3
22.533	3
22.544	3
22.719	3
22.823	3
22.922	3
23.068	3
23.194	3
23.432	3
23.713	3
23.978	3
24.095	3
24.313	3
24.352	3
24.91	3
26.167	3
26.81	3
27.966	3
31.08	3
31.145	3
32.152	3
34.582	3
34.675	3
42.907	3
19.968	1
19.983	1
19.998	1
20.033	1
20.034	1
20.045	1
20.061	1
20.093	1
20.11	1
20.146	2
20.161	2
20.184	2
20.196	2
20.205	2
20.222	2
20.23	2
20.328	2
20.345	2
20.364	2
20.398	2
20.404	2
20.417	2
20.454	2
20.463	2
20.47	2
20.473	2
20.487	2
20.495	2
20.506	3
20.527	3
20.528	3
20.541	3
20.604	3
20.604	3
20.629	3
20.64	3
20.671	3
20.733	3
20.741	3
20.961	3
21.083	3
21.114	3
21.118	3
21.195	3
21.209	3
21.21	3
21.235	3
21.237	3
21.241	3
21.25	3
21.29	3
21.322	3
21.327	3
21.36	3
21.368	3
21.472	3
21.479	3
21.694	3
21.741	3
21.752	3
21.759	3
21.783	3
21.845	3
21.874	3
21.901	3
21.959	3
22.006	3
22.016	3
22.038	3
22.04	3
22.101	3
22.108	3
22.111	3
22.164	3
22.166	3
22.185	3
22.201	3
22.225	3
22.277	3
22.281	3
22.296	3
22.416	3
22.427	3
22.508	3
22.533	3
22.544	3
22.719	3
22.823	3
22.922	3
23.068	3
23.194	3
23.432	3
23.713	3
23.978	3
24.095	3
24.313	3
24.352	3
24.91	3
26.167	3
26.81	3
27.966	3
31.08	3
31.145	3
32.152	3
34.582	3
34.675	3
42.907	3
19.903	1
19.948	1
19.968	1
19.983	1
19.998	1
20.033	1
20.034	1
20.045	1
20.061	1
20.093	1
20.11	1
20.146	1
20.161	1
20.184	1
20.196	1
20.205	1
20.222	1
20.23	1
20.328	1
20.345	1
20.364	1
20.398	1
20.404	1
20.417	1
20.454	1
20.463	1
20.47	1
20.473	1
20.487	1
20.495	1
20.506	1
20.527	2
20.528	2
20.541	2
20.604	2
20.604	2
20.629	2
20.64	2
20.671	2
20.733	2
20.741	2
20.961	2
21.083	2
21.114	2
21.118	2
21.195	2
21.209	2
21.21	2
21.235	2
21.237	2
21.241	2
21.25	3
21.29	3
21.322	3
21.327	3
21.36	3
21.368	3
21.472	3
21.479	3
21.694	3
21.741	3
21.752	3
21.759	3
21.783	3
21.845	3
21.874	3
21.901	3
21.959	3
22.006	3
22.016	3
22.038	3
22.04	3
22.101	3
22.108	3
22.111	3
22.164	3
22.166	3
22.185	3
22.201	3
22.225	3
22.277	3
22.281	3
22.296	3
22.416	3
22.427	3
22.508	3
22.533	3
22.544	3
22.719	3
22.823	3
22.922	3
23.068	3
23.194	3
23.432	3
23.713	3
23.978	3
24.095	3
24.313	3
24.352	3
24.91	3
26.167	3
26.81	3
27.966	3
31.08	3
31.145	3
32.152	3
34.582	3
34.675	3
42.907	3
19.968	1
19.983	1
19.998	1
20.033	1
20.034	1
20.045	1
20.061	1
20.093	1
20.11	1
20.146	1
20.161	1
20.184	1
20.196	1
20.205	1
20.222	1
20.23	2
20.328	2
20.345	2
20.364	2
20.398	2
20.404	2
20.417	2
20.454	2
20.463	2
20.47	2
20.473	2
20.487	2
20.495	2
20.506	2
20.527	2
20.528	2
20.541	2
20.604	2
20.604	3
20.629	3
20.64	3
20.671	3
20.733	3
20.741	3
20.961	3
21.083	3
21.114	3
21.118	3
21.195	3
21.209	3
21.21	3
21.235	3
21.237	3
21.241	3
21.25	3
21.29	3
21.322	3
21.327	3
21.36	3
21.368	3
21.472	3
21.479	3
21.694	3
21.741	3
21.752	3
21.759	3
21.783	3
21.845	3
21.874	3
21.901	3
21.959	3
22.006	3
22.016	3
22.038	3
22.04	3
22.101	3
22.108	3
22.111	3
22.164	3
22.166	3
22.185	3
22.201	3
22.225	3
22.277	3
22.281	3
22.296	3
22.416	3
22.427	3
22.508	3
22.533	3
22.544	3
22.719	3
22.823	3
22.922	3
23.068	3
23.194	3
23.432	3
23.713	3
23.978	3
24.095	3
24.313	3
24.352	3
24.91	3
26.167	3
26.81	3
27.966	3
31.08	3
31.145	3
32.152	3
34.582	3
34.675	3
42.907	3
19.903	1
19.948	2
19.968	2
19.983	2
19.998	2
20.033	2
20.034	2
20.045	2
20.061	2
20.093	2
20.11	2
20.146	2
20.161	2
20.184	2
20.196	2
20.205	2
20.222	2
20.23	2
20.328	2
20.345	2
20.364	2
20.398	2
20.404	2
20.417	2
20.454	2
20.463	2
20.47	2
20.473	2
20.487	2
20.495	2
20.506	3
20.527	3
20.528	3
20.541	3
20.604	3
20.604	3
20.629	3
20.64	3
20.671	3
20.733	3
20.741	3
20.961	3
21.083	3
21.114	3
21.118	3
21.195	3
21.209	3
21.21	3
21.235	3
21.237	3
21.241	3
21.25	4
21.29	4
21.322	4
21.327	4
21.36	4
21.368	4
21.472	4
21.479	4
21.694	4
21.741	4
21.752	4
21.759	4
21.783	4
21.845	4
21.874	4
21.901	4
21.959	4
22.006	4
22.016	4
22.038	4
22.04	4
22.101	4
22.108	4
22.111	4
22.164	4
22.166	4
22.185	4
22.201	4
22.225	4
22.277	4
22.281	4
22.296	4
22.416	4
22.427	4
22.508	4
22.533	4
22.544	4
22.719	4
22.823	4
22.922	4
23.068	4
23.194	4
23.432	4
23.713	4
23.978	4
24.095	4
24.313	4
24.352	4
24.91	4
26.167	4
26.81	4
27.966	4
31.08	4
31.145	4
32.152	4
34.582	4
34.675	4
42.907	4
19.968	1
19.983	1
19.998	1
20.033	1
20.034	1
20.045	1
20.061	1
20.093	1
20.11	1
20.146	1
20.161	1
20.184	1
20.196	1
20.205	1
20.222	1
20.23	1
20.328	1
20.345	1
20.364	1
20.398	1
20.404	1
20.417	1
20.454	1
20.463	1
20.47	1
20.473	1
20.487	1
20.495	1
20.506	2
20.527	3
20.528	3
20.541	3
20.604	3
20.604	3
20.629	3
20.64	3
20.671	3
20.733	3
20.741	3
20.961	3
21.083	3
21.114	3
21.118	3
21.195	3
21.209	3
21.21	3
21.235	3
21.237	3
21.241	3
21.25	3
21.29	3
21.322	3
21.327	3
21.36	3
21.368	3
21.472	3
21.479	3
21.694	3
21.741	3
21.752	3
21.759	3
21.783	3
21.845	3
21.874	3
21.901	3
21.959	3
22.006	3
22.016	3
22.038	3
22.04	3
22.101	3
22.108	3
22.111	3
22.164	3
22.166	3
22.185	3
22.201	3
22.225	3
22.277	3
22.281	3
22.296	3
22.416	3
22.427	3
22.508	3
22.533	3
22.544	3
22.719	3
22.823	3
22.922	3
23.068	3
23.194	3
23.432	3
23.713	3
23.978	3
24.095	3
24.313	3
24.352	3
24.91	3
26.167	3
26.81	3
27.966	3
31.08	3
31.145	3
32.152	3
34.582	3
34.675	3
42.907	3
19.903	1
19.948	1
19.968	2
19.983	2
19.998	2
20.033	2
20.034	2
20.045	2
20.061	2
20.093	2
20.11	2
20.146	2
20.161	3
20.184	3
20.196	3
20.205	3
20.222	3
20.23	3
20.328	3
20.345	3
20.364	3
20.398	3
20.404	3
20.417	3
20.454	3
20.463	3
20.47	3
20.473	3
20.487	3
20.495	3
20.506	3
20.527	3
20.528	3
20.541	3
20.604	3
20.604	3
20.629	3
20.64	3
20.671	3
20.733	3
20.741	3
20.961	3
21.083	3
21.114	3
21.118	3
21.195	3
21.209	3
21.21	3
21.235	3
21.237	3
21.241	3
21.25	3
21.29	3
21.322	3
21.327	3
21.36	3
21.368	3
21.472	3
21.479	3
21.694	3
21.741	3
21.752	3
21.759	3
21.783	3
21.845	3
21.874	3
21.901	3
21.959	3
22.006	3
22.016	3
22.038	3
22.04	3
22.101	3
22.108	3
22.111	3
22.164	3
22.166	3
22.185	3
22.201	3
22.225	3
22.277	3
22.281	3
22.296	3
22.416	3
22.427	3
22.508	3
22.533	3
22.544	3
22.719	3
22.823	3
22.922	3
23.068	3
23.194	3
23.432	3
23.713	3
23.978	3
24.095	3
24.313	3
24.352	3
24.91	3
26.167	3
26.81	3
27.966	3
31.08	3
31.145	3
32.152	3
34.582	3
34.675	3
42.907	3
19.109	1
19.642	1
19.812	1
19.848	1
19.903	1
19.948	1
19.968	1
19.983	1
19.998	1
20.033	1
20.034	1
20.045	1
20.061	1
20.093	1
20.11	1
20.146	1
20.161	1
20.184	1
20.196	2
20.205	2
20.222	2
20.23	2
20.328	2
20.345	2
20.364	2
20.398	2
20.404	2
20.417	2
20.454	2
20.463	3
20.47	3
20.473	3
20.487	4
20.495	4
20.506	4
20.527	4
20.528	4
20.541	4
20.604	4
20.604	4
20.629	4
20.64	4
20.671	4
20.733	4
20.741	4
20.961	4
21.083	4
21.114	4
21.118	4
21.195	4
21.209	4
21.21	4
21.235	4
21.237	4
21.241	4
21.25	4
21.29	4
21.322	4
21.327	4
21.36	4
21.368	4
21.472	4
21.479	4
21.694	4
21.741	4
21.752	4
21.759	4
21.783	4
21.845	4
21.874	4
21.901	4
21.959	4
22.006	4
22.016	4
22.038	4
22.04	4
22.101	4
22.108	4
22.111	4
22.164	4
22.166	4
22.185	4
22.201	4
22.225	4
22.277	4
22.281	4
22.296	4
22.416	4
22.427	4
22.508	4
22.533	4
22.544	4
22.719	4
22.823	4
22.922	4
23.068	4
23.194	4
23.432	4
23.713	4
23.978	4
24.095	4
24.313	4
24.352	4
24.91	4
26.167	4
26.81	4
27.966	4
31.08	4
31.145	4
32.152	4
34.582	4
34.675	4
42.907	4
19.109	1
19.642	1
19.812	1
19.848	1
19.903	2
19.948	2
19.968	2
19.983	2
19.998	2
20.033	2
20.034	2
20.045	2
20.061	2
20.093	2
20.11	2
20.146	2
20.161	2
20.184	2
20.196	2
20.205	2
20.222	2
20.23	3
20.328	3
20.345	3
20.364	4
20.398	4
20.404	4
20.417	4
20.454	4
20.463	4
20.47	4
20.473	4
20.487	4
20.495	4
20.506	4
20.527	4
20.528	4
20.541	4
20.604	4
20.604	4
20.629	4
20.64	4
20.671	4
20.733	4
20.741	4
20.961	4
21.083	4
21.114	4
21.118	4
21.195	4
21.209	4
21.21	4
21.235	4
21.237	4
21.241	4
21.25	4
21.29	4
21.322	4
21.327	4
21.36	4
21.368	4
21.472	4
21.479	4
21.694	4
21.741	4
21.752	4
21.759	4
21.783	4
21.845	4
21.874	4
21.901	4
21.959	4
22.006	4
22.016	4
22.038	4
22.04	4
22.101	4
22.108	4
22.111	4
22.164	4
22.166	4
22.185	4
22.201	4
22.225	4
22.277	4
22.281	4
22.296	4
22.416	4
22.427	4
22.508	4
22.533	4
22.544	4
22.719	4
22.823	4
22.922	4
23.068	4
23.194	4
23.432	4
23.713	4
23.978	4
24.095	4
24.313	4
24.352	4
24.91	4
26.167	4
26.81	4
27.966	4
31.08	4
31.145	4
32.152	4
34.582	4
34.675	4
42.907	4
20.196	1
20.205	1
20.222	1
20.23	1
20.328	1
20.345	1
20.364	1
20.398	1
20.404	1
20.417	1
20.454	1
20.463	1
20.47	1
20.473	2
20.487	2
20.495	2
20.506	2
20.527	2
20.528	2
20.541	2
20.604	2
20.604	2
20.629	2
20.64	2
20.671	2
20.733	2
20.741	2
20.961	2
21.083	2
21.114	2
21.118	2
21.195	2
21.209	2
21.21	2
21.235	2
21.237	2
21.241	2
21.25	3
21.29	3
21.322	3
21.327	3
21.36	3
21.368	3
21.472	3
21.479	3
21.694	3
21.741	3
21.752	3
21.759	3
21.783	3
21.845	3
21.874	3
21.901	3
21.959	3
22.006	3
22.016	3
22.038	3
22.04	3
22.101	3
22.108	3
22.111	3
22.164	3
22.166	3
22.185	3
22.201	3
22.225	3
22.277	3
22.281	3
22.296	3
22.416	3
22.427	3
22.508	3
22.533	3
22.544	3
22.719	3
22.823	3
22.922	3
23.068	3
23.194	3
23.432	3
23.713	3
23.978	3
24.095	3
24.313	3
24.352	3
24.91	3
26.167	3
26.81	3
27.966	3
31.08	3
31.145	3
32.152	3
34.582	3
34.675	3
42.907	3
19.903	1
19.948	1
19.968	1
19.983	1
19.998	1
20.033	1
20.034	1
20.045	1
20.061	1
20.093	1
20.11	1
20.146	1
20.161	1
20.184	1
20.196	2
20.205	2
20.222	2
20.23	2
20.328	2
20.345	2
20.364	2
20.398	2
20.404	2
20.417	2
20.454	2
20.463	2
20.47	2
20.473	2
20.487	2
20.495	2
20.506	2
20.527	2
20.528	2
20.541	2
20.604	2
20.604	3
20.629	3
20.64	3
20.671	3
20.733	3
20.741	3
20.961	3
21.083	3
21.114	3
21.118	3
21.195	3
21.209	3
21.21	3
21.235	3
21.237	3
21.241	3
21.25	3
21.29	3
21.322	3
21.327	3
21.36	3
21.368	3
21.472	3
21.479	3
21.694	3
21.741	3
21.752	3
21.759	3
21.783	3
21.845	3
21.874	3
21.901	3
21.959	3
22.006	3
22.016	3
22.038	3
22.04	3
22.101	3
22.108	3
22.111	3
22.164	3
22.166	3
22.185	3
22.201	3
22.225	3
22.277	3
22.281	3
22.296	3
22.416	3
22.427	3
22.508	3
22.533	3
22.544	3
22.719	3
22.823	3
22.922	3
23.068	3
23.194	3
23.432	3
23.713	3
23.978	3
24.095	3
24.313	3
24.352	3
24.91	3
26.167	3
26.81	3
27.966	3
31.08	3
31.145	3
32.152	3
34.582	3
34.675	3
42.907	3
20.161	1
20.184	1
20.196	2
20.205	2
20.222	2
20.23	3
20.328	3
20.345	3
20.364	3
20.398	3
20.404	3
20.417	3
20.454	3
20.463	3
20.47	3
20.473	3
20.487	3
20.495	3
20.506	3
20.527	3
20.528	3
20.541	3
20.604	3
20.604	3
20.629	3
20.64	3
20.671	3
20.733	3
20.741	3
20.961	3
21.083	3
21.114	3
21.118	3
21.195	3
21.209	3
21.21	3
21.235	3
21.237	3
21.241	3
21.25	3
21.29	3
21.322	3
21.327	3
21.36	3
21.368	3
21.472	3
21.479	3
21.694	3
21.741	3
21.752	3
21.759	3
21.783	3
21.845	3
21.874	3
21.901	3
21.959	3
22.006	3
22.016	3
22.038	3
22.04	3
22.101	3
22.108	3
22.111	3
22.164	3
22.166	3
22.185	3
22.201	3
22.225	3
22.277	3
22.281	3
22.296	3
22.416	3
22.427	3
22.508	3
22.533	3
22.544	3
22.719	3
22.823	3
22.922	3
23.068	3
23.194	3
23.432	3
23.713	3
23.978	3
24.095	3
24.313	3
24.352	3
24.91	3
26.167	3
26.81	3
27.966	3
31.08	3
31.145	3
32.152	3
34.582	3
34.675	3
42.907	3
19.903	1
19.948	1
19.968	2
19.983	2
19.998	2
20.033	2
20.034	2
20.045	2
20.061	2
20.093	2
20.11	2
20.146	2
20.161	2
20.184	2
20.196	2
20.205	2
20.222	2
20.23	2
20.328	2
20.345	2
20.364	2
20.398	2
20.404	2
20.417	2
20.454	2
20.463	2
20.47	2
20.473	2
20.487	2
20.495	2
20.506	3
20.527	3
20.528	3
20.541	3
20.604	3
20.604	3
20.629	3
20.64	3
20.671	3
20.733	3
20.741	3
20.961	3
21.083	3
21.114	3
21.118	3
21.195	3
21.209	3
21.21	3
21.235	3
21.237	3
21.241	3
21.25	3
21.29	3
21.322	3
21.327	3
21.36	3
21.368	3
21.472	3
21.479	3
21.694	3
21.741	3
21.752	3
21.759	3
21.783	3
21.845	3
21.874	3
21.901	3
21.959	3
22.006	3
22.016	3
22.038	3
22.04	3
22.101	3
22.108	3
22.111	3
22.164	3
22.166	3
22.185	3
22.201	3
22.225	3
22.277	3
22.281	3
22.296	3
22.416	3
22.427	3
22.508	3
22.533	3
22.544	3
22.719	3
22.823	3
22.922	3
23.068	3
23.194	3
23.432	3
23.713	3
23.978	3
24.095	3
24.313	3
24.352	3
24.91	3
26.167	3
26.81	3
27.966	3
31.08	3
31.145	3
32.152	3
34.582	3
34.675	3
42.907	3
19.109	1
19.642	1
19.812	1
19.848	1
19.903	1
19.948	1
19.968	2
19.983	2
19.998	2
20.033	2
20.034	2
20.045	2
20.061	2
20.093	2
20.11	2
20.146	2
20.161	3
20.184	3
20.196	3
20.205	3
20.222	3
20.23	3
20.328	3
20.345	3
20.364	3
20.398	3
20.404	3
20.417	3
20.454	3
20.463	3
20.47	3
20.473	3
20.487	3
20.495	3
20.506	3
20.527	3
20.528	3
20.541	3
20.604	3
20.604	3
20.629	3
20.64	3
20.671	3
20.733	3
20.741	3
20.961	3
21.083	3
21.114	3
21.118	3
21.195	3
21.209	4
21.21	4
21.235	4
21.237	4
21.241	4
21.25	4
21.29	4
21.322	4
21.327	4
21.36	4
21.368	4
21.472	5
21.479	5
21.694	5
21.741	5
21.752	5
21.759	5
21.783	5
21.845	5
21.874	5
21.901	5
21.959	5
22.006	5
22.016	5
22.038	5
22.04	5
22.101	5
22.108	5
22.111	5
22.164	5
22.166	5
22.185	5
22.201	5
22.225	5
22.277	5
22.281	5
22.296	5
22.416	5
22.427	5
22.508	5
22.533	5
22.544	5
22.719	5
22.823	5
22.922	5
23.068	5
23.194	4
23.432	4
23.713	4
23.978	4
24.095	4
24.313	4
24.352	4
24.91	4
26.167	4
26.81	4
27.966	4
31.08	4
31.145	4
32.152	4
34.582	4
34.675	4
42.907	4
19.812	1
19.848	1
19.903	1
19.948	1
19.968	1
19.983	1
19.998	1
20.033	1
20.034	1
20.045	1
20.061	1
20.093	1
20.11	1
20.146	1
20.161	1
20.184	1
20.196	1
20.205	1
20.222	1
20.23	1
20.328	1
20.345	1
20.364	1
20.398	1
20.404	1
20.417	1
20.454	1
20.463	1
20.47	1
20.473	2
20.487	2
20.495	2
20.506	2
20.527	2
20.528	2
20.541	2
20.604	2
20.604	3
20.629	3
20.64	3
20.671	3
20.733	3
20.741	3
20.961	3
21.083	3
21.114	3
21.118	3
21.195	3
21.209	3
21.21	3
21.235	3
21.237	3
21.241	3
21.25	3
21.29	3
21.322	3
21.327	3
21.36	3
21.368	3
21.472	3
21.479	3
21.694	3
21.741	3
21.752	3
21.759	3
21.783	3
21.845	3
21.874	3
21.901	3
21.959	3
22.006	3
22.016	3
22.038	3
22.04	3
22.101	3
22.108	3
22.111	3
22.164	3
22.166	3
22.185	3
22.201	3
22.225	3
22.277	3
22.281	3
22.296	3
22.416	3
22.427	3
22.508	3
22.533	3
22.544	3
22.719	3
22.823	3
22.922	3
23.068	3
23.194	3
23.432	3
23.713	3
23.978	3
24.095	3
24.313	3
24.352	3
24.91	3
26.167	3
26.81	3
27.966	3
31.08	3
31.145	3
32.152	3
34.582	3
34.675	3
42.907	3
20.146	1
20.161	1
20.184	1
20.196	2
20.205	2
20.222	2
20.23	2
20.328	2
20.345	2
20.364	2
20.398	2
20.404	2
20.417	2
20.454	2
20.463	2
20.47	2
20.473	2
20.487	2
20.495	2
20.506	3
20.527	3
20.528	3
20.541	3
20.604	3
20.604	3
20.629	3
20.64	3
20.671	3
20.733	3
20.741	3
20.961	3
21.083	3
21.114	3
21.118	3
21.195	3
21.209	3
21.21	3
21.235	3
21.237	3
21.241	3
21.25	3
21.29	3
21.322	3
21.327	3
21.36	3
21.368	3
21.472	3
21.479	3
21.694	3
21.741	3
21.752	3
21.759	3
21.783	3
21.845	3
21.874	3
21.901	3
21.959	3
22.006	3
22.016	3
22.038	3
22.04	3
22.101	3
22.108	3
22.111	3
22.164	3
22.166	3
22.185	3
22.201	3
22.225	3
22.277	3
22.281	3
22.296	3
22.416	3
22.427	3
22.508	3
22.533	3
22.544	3
22.719	3
22.823	3
22.922	3
23.068	3
23.194	3
23.432	3
23.713	3
23.978	3
24.095	3
24.313	3
24.352	3
24.91	3
26.167	3
26.81	3
27.966	3
31.08	3
31.145	3
32.152	3
34.582	3
34.675	3
42.907	3
19.903	1
19.948	1
19.968	2
19.983	2
19.998	2
20.033	2
20.034	2
20.045	2
20.061	2
20.093	2
20.11	2
20.146	2
20.161	2
20.184	2
20.196	2
20.205	2
20.222	2
20.23	2
20.328	2
20.345	2
20.364	2
20.398	2
20.404	2
20.417	2
20.454	2
20.463	2
20.47	2
20.473	2
20.487	2
20.495	2
20.506	2
20.527	3
20.528	3
20.541	3
20.604	3
20.604	3
20.629	3
20.64	3
20.671	3
20.733	3
20.741	3
20.961	3
21.083	3
21.114	3
21.118	3
21.195	3
21.209	3
21.21	3
21.235	3
21.237	3
21.241	3
21.25	3
21.29	3
21.322	3
21.327	3
21.36	3
21.368	3
21.472	3
21.479	3
21.694	3
21.741	3
21.752	3
21.759	3
21.783	3
21.845	3
21.874	3
21.901	3
21.959	3
22.006	3
22.016	3
22.038	3
22.04	3
22.101	3
22.108	3
22.111	3
22.164	3
22.166	3
22.185	3
22.201	3
22.225	3
22.277	3
22.281	3
22.296	3
22.416	3
22.427	3
22.508	3
22.533	3
22.544	3
22.719	3
22.823	3
22.922	3
23.068	3
23.194	3
23.432	3
23.713	3
23.978	3
24.095	3
24.313	3
24.352	3
24.91	3
26.167	3
26.81	3
27.966	3
31.08	3
31.145	3
32.152	3
34.582	3
34.675	3
42.907	3
20.196	1
20.205	1
20.222	1
20.23	1
20.328	1
20.345	1
20.364	1
20.398	1
20.404	1
20.417	1
20.454	1
20.463	1
20.47	1
20.473	1
20.487	1
20.495	1
20.506	1
20.527	2
20.528	2
20.541	2
20.604	2
20.604	2
20.629	2
20.64	2
20.671	2
20.733	2
20.741	2
20.961	2
21.083	2
21.114	2
21.118	2
21.195	2
21.209	2
21.21	2
21.235	2
21.237	2
21.241	2
21.25	3
21.29	3
21.322	3
21.327	3
21.36	3
21.368	3
21.472	3
21.479	3
21.694	3
21.741	3
21.752	3
21.759	3
21.783	3
21.845	3
21.874	3
21.901	3
21.959	3
22.006	3
22.016	3
22.038	3
22.04	3
22.101	3
22.108	3
22.111	3
22.164	3
22.166	3
22.185	3
22.201	3
22.225	3
22.277	3
22.281	3
22.296	3
22.416	3
22.427	3
22.508	3
22.533	3
22.544	3
22.719	3
22.823	3
22.922	3
23.068	3
23.194	3
23.432	3
23.713	3
23.978	3
24.095	3
24.313	3
24.352	3
24.91	3
26.167	3
26.81	3
27.966	3
31.08	3
31.145	3
32.152	3
34.582	3
34.675	3
42.907	3
20.23	1
20.328	1
20.345	1
20.364	1
20.398	1
20.404	2
20.417	2
20.454	2
20.463	2
20.47	2
20.473	2
20.487	2
20.495	2
20.506	2
20.527	2
20.528	2
20.541	2
20.604	2
20.604	3
20.629	3
20.64	3
20.671	3
20.733	3
20.741	3
20.961	3
21.083	3
21.114	3
21.118	3
21.195	3
21.209	3
21.21	3
21.235	3
21.237	3
21.241	3
21.25	3
21.29	3
21.322	3
21.327	3
21.36	3
21.368	3
21.472	3
21.479	3
21.694	3
21.741	3
21.752	3
21.759	3
21.783	3
21.845	3
21.874	3
21.901	3
21.959	3
22.006	3
22.016	3
22.038	3
22.04	3
22.101	3
22.108	3
22.111	3
22.164	3
22.166	3
22.185	3
22.201	3
22.225	3
22.277	3
22.281	3
22.296	3
22.416	3
22.427	3
22.508	3
22.533	3
22.544	3
22.719	3
22.823	3
22.922	3
23.068	3
23.194	3
23.432	3
23.713	3
23.978	3
24.095	3
24.313	3
24.352	3
24.91	3
26.167	3
26.81	3
27.966	3
31.08	3
31.145	3
32.152	3
34.582	3
34.675	3
42.907	3
20.506	1
20.527	2
20.528	2
20.541	2
20.604	2
20.604	2
20.629	2
20.64	2
20.671	2
20.733	2
20.741	2
20.961	2
21.083	2
21.114	2
21.118	2
21.195	2
21.209	2
21.21	2
21.235	2
21.237	2
21.241	2
21.25	3
21.29	3
21.322	3
21.327	3
21.36	3
21.368	3
21.472	3
21.479	3
21.694	3
21.741	3
21.752	3
21.759	3
21.783	3
21.845	3
21.874	3
21.901	3
21.959	3
22.006	3
22.016	3
22.038	3
22.04	3
22.101	3
22.108	3
22.111	3
22.164	3
22.166	3
22.185	3
22.201	3
22.225	3
22.277	3
22.281	3
22.296	3
22.416	3
22.427	3
22.508	3
22.533	3
22.544	3
22.719	3
22.823	3
22.922	3
23.068	3
23.194	3
23.432	3
23.713	3
23.978	3
24.095	3
24.313	3
24.352	3
24.91	3
26.167	3
26.81	3
27.966	3
31.08	3
31.145	3
32.152	3
34.582	3
34.675	3
42.907	3
19.968	1
19.983	1
19.998	1
20.033	1
20.034	1
20.045	1
20.061	1
20.093	1
20.11	1
20.146	1
20.161	1
20.184	1
20.196	1
20.205	1
20.222	1
20.23	2
20.328	2
20.345	2
20.364	2
20.398	2
20.404	2
20.417	2
20.454	2
20.463	2
20.47	2
20.473	2
20.487	2
20.495	2
20.506	3
20.527	3
20.528	3
20.541	3
20.604	3
20.604	3
20.629	3
20.64	3
20.671	3
20.733	3
20.741	3
20.961	3
21.083	3
21.114	3
21.118	3
21.195	3
21.209	3
21.21	3
21.235	3
21.237	3
21.241	3
21.25	3
21.29	3
21.322	3
21.327	3
21.36	3
21.368	3
21.472	3
21.479	3
21.694	3
21.741	3
21.752	3
21.759	3
21.783	3
21.845	3
21.874	3
21.901	3
21.959	3
22.006	3
22.016	3
22.038	3
22.04	3
22.101	3
22.108	3
22.111	3
22.164	3
22.166	3
22.185	3
22.201	3
22.225	3
22.277	3
22.281	3
22.296	3
22.416	3
22.427	3
22.508	3
22.533	3
22.544	3
22.719	3
22.823	3
22.922	3
23.068	3
23.194	3
23.432	3
23.713	3
23.978	3
24.095	3
24.313	3
24.352	3
24.91	3
26.167	3
26.81	3
27.966	3
31.08	3
31.145	3
32.152	3
34.582	3
34.675	3
42.907	3
19.812	1
19.848	1
19.903	1
19.948	1
19.968	1
19.983	1
19.998	1
20.033	1
20.034	1
20.045	1
20.061	1
20.093	1
20.11	1
20.146	1
20.161	1
20.184	1
20.196	1
20.205	1
20.222	1
20.23	1
20.328	1
20.345	1
20.364	2
20.398	2
20.404	2
20.417	2
20.454	2
20.463	2
20.47	2
20.473	3
20.487	3
20.495	3
20.506	3
20.527	3
20.528	3
20.541	3
20.604	3
20.604	3
20.629	3
20.64	3
20.671	3
20.733	3
20.741	3
20.961	3
21.083	4
21.114	4
21.118	4
21.195	4
21.209	4
21.21	4
21.235	4
21.237	4
21.241	4
21.25	4
21.29	4
21.322	4
21.327	4
21.36	4
21.368	4
21.472	4
21.479	4
21.694	4
21.741	4
21.752	4
21.759	4
21.783	4
21.845	4
21.874	4
21.901	4
21.959	4
22.006	4
22.016	4
22.038	4
22.04	4
22.101	4
22.108	4
22.111	4
22.164	4
22.166	4
22.185	4
22.201	4
22.225	4
22.277	4
22.281	4
22.296	4
22.416	4
22.427	4
22.508	4
22.533	4
22.544	4
22.719	4
22.823	4
22.922	4
23.068	4
23.194	4
23.432	4
23.713	4
23.978	4
24.095	4
24.313	4
24.352	4
24.91	4
26.167	4
26.81	4
27.966	4
31.08	4
31.145	4
32.152	4
34.582	4
34.675	4
42.907	4
19.903	1
19.948	1
19.968	1
19.983	1
19.998	1
20.033	1
20.034	1
20.045	1
20.061	1
20.093	1
20.11	1
20.146	1
20.161	1
20.184	1
20.196	2
20.205	2
20.222	2
20.23	2
20.328	2
20.345	2
20.364	2
20.398	2
20.404	2
20.417	2
20.454	2
20.463	2
20.47	2
20.473	2
20.487	2
20.495	2
20.506	3
20.527	3
20.528	3
20.541	3
20.604	3
20.604	3
20.629	3
20.64	3
20.671	3
20.733	3
20.741	3
20.961	3
21.083	3
21.114	3
21.118	3
21.195	3
21.209	3
21.21	3
21.235	3
21.237	3
21.241	3
21.25	3
21.29	3
21.322	3
21.327	3
21.36	3
21.368	3
21.472	3
21.479	3
21.694	3
21.741	3
21.752	3
21.759	3
21.783	3
21.845	3
21.874	3
21.901	3
21.959	3
22.006	3
22.016	3
22.038	3
22.04	3
22.101	3
22.108	3
22.111	3
22.164	3
22.166	3
22.185	3
22.201	3
22.225	3
22.277	3
22.281	3
22.296	3
22.416	3
22.427	3
22.508	3
22.533	3
22.544	3
22.719	3
22.823	3
22.922	3
23.068	3
23.194	3
23.432	3
23.713	3
23.978	3
24.095	3
24.313	3
24.352	3
24.91	3
26.167	3
26.81	3
27.966	3
31.08	3
31.145	3
32.152	3
34.582	3
34.675	3
42.907	3
19.109	1
19.642	1
19.812	1
19.848	1
19.903	1
19.948	1
19.968	1
19.983	1
19.998	1
20.033	1
20.034	1
20.045	1
20.061	1
20.093	1
20.11	1
20.146	1
20.161	1
20.184	1
20.196	1
20.205	1
20.222	1
20.23	1
20.328	1
20.345	1
20.364	2
20.398	2
20.404	2
20.417	2
20.454	2
20.463	2
20.47	2
20.473	2
20.487	2
20.495	2
20.506	2
20.527	2
20.528	2
20.541	2
20.604	2
20.604	3
20.629	3
20.64	3
20.671	3
20.733	3
20.741	3
20.961	3
21.083	3
21.114	3
21.118	3
21.195	3
21.209	3
21.21	3
21.235	3
21.237	3
21.241	3
21.25	3
21.29	3
21.322	3
21.327	3
21.36	3
21.368	3
21.472	3
21.479	3
21.694	3
21.741	3
21.752	3
21.759	3
21.783	4
21.845	4
21.874	4
21.901	4
21.959	5
22.006	5
22.016	5
22.038	5
22.04	5
22.101	5
22.108	5
22.111	5
22.164	5
22.166	5
22.185	5
22.201	5
22.225	5
22.277	5
22.281	5
22.296	5
22.416	5
22.427	5
22.508	5
22.533	5
22.544	5
22.719	5
22.823	5
22.922	5
23.068	5
23.194	5
23.432	5
23.713	5
23.978	5
24.095	5
24.313	5
24.352	5
24.91	5
26.167	4
26.81	4
27.966	4
31.08	4
31.145	4
32.152	4
34.582	4
34.675	4
42.907	4
20.146	1
20.161	1
20.184	1
20.196	1
20.205	1
20.222	1
20.23	1
20.328	1
20.345	1
20.364	2
20.398	2
20.404	2
20.417	2
20.454	2
20.463	2
20.47	2
20.473	3
20.487	3
20.495	3
20.506	3
20.527	3
20.528	3
20.541	3
20.604	3
20.604	3
20.629	3
20.64	3
20.671	3
20.733	3
20.741	3
20.961	3
21.083	3
21.114	3
21.118	3
21.195	3
21.209	3
21.21	3
21.235	3
21.237	3
21.241	3
21.25	3
21.29	3
21.322	3
21.327	3
21.36	3
21.368	3
21.472	3
21.479	3
21.694	3
21.741	3
21.752	3
21.759	3
21.783	3
21.845	3
21.874	3
21.901	3
21.959	3
22.006	3
22.016	3
22.038	3
22.04	3
22.101	3
22.108	3
22.111	3
22.164	3
22.166	3
22.185	3
22.201	3
22.225	3
22.277	3
22.281	3
22.296	3
22.416	3
22.427	3
22.508	3
22.533	3
22.544	3
22.719	3
22.823	3
22.922	3
23.068	3
23.194	3
23.432	3
23.713	3
23.978	3
24.095	3
24.313	3
24.352	3
24.91	3
26.167	3
26.81	3
27.966	3
31.08	3
31.145	3
32.152	3
34.582	3
34.675	3
42.907	3
19.109	1
19.642	1
19.812	1
19.848	1
19.903	1
19.948	1
19.968	1
19.983	1
19.998	1
20.033	1
20.034	1
20.045	1
20.061	1
20.093	1
20.11	1
20.146	1
20.161	1
20.184	1
20.196	1
20.205	1
20.222	1
20.23	1
20.328	1
20.345	1
20.364	2
20.398	2
20.404	2
20.417	2
20.454	2
20.463	2
20.47	2
20.473	2
20.487	2
20.495	2
20.506	2
20.527	2
20.528	2
20.541	2
20.604	2
20.604	3
20.629	3
20.64	3
20.671	3
20.733	3
20.741	3
20.961	3
21.083	3
21.114	3
21.118	3
21.195	3
21.209	3
21.21	3
21.235	3
21.237	3
21.241	3
21.25	3
21.29	3
21.322	4
21.327	4
21.36	4
21.368	4
21.472	4
21.479	4
21.694	4
21.741	4
21.752	4
21.759	4
21.783	4
21.845	4
21.874	4
21.901	4
21.959	4
22.006	4
22.016	4
22.038	4
22.04	4
22.101	4
22.108	4
22.111	4
22.164	4
22.166	4
22.185	4
22.201	4
22.225	4
22.277	4
22.281	4
22.296	4
22.416	4
22.427	4
22.508	4
22.533	4
22.544	4
22.719	4
22.823	4
22.922	4
23.068	4
23.194	4
23.432	4
23.713	4
23.978	4
24.095	4
24.313	4
24.352	4
24.91	4
26.167	4
26.81	4
27.966	4
31.08	4
31.145	4
32.152	4
34.582	4
34.675	4
42.907	4
19.968	1
19.983	1
19.998	1
20.033	1
20.034	1
20.045	1
20.061	1
20.093	1
20.11	2
20.146	2
20.161	2
20.184	2
20.196	2
20.205	2
20.222	2
20.23	3
20.328	3
20.345	3
20.364	3
20.398	3
20.404	3
20.417	3
20.454	3
20.463	3
20.47	3
20.473	3
20.487	3
20.495	3
20.506	3
20.527	3
20.528	3
20.541	3
20.604	3
20.604	3
20.629	3
20.64	3
20.671	3
20.733	3
20.741	3
20.961	3
21.083	3
21.114	3
21.118	3
21.195	3
21.209	3
21.21	3
21.235	3
21.237	3
21.241	3
21.25	3
21.29	3
21.322	3
21.327	3
21.36	3
21.368	3
21.472	3
21.479	3
21.694	3
21.741	3
21.752	3
21.759	3
21.783	3
21.845	3
21.874	3
21.901	3
21.959	3
22.006	3
22.016	3
22.038	3
22.04	3
22.101	3
22.108	3
22.111	3
22.164	3
22.166	3
22.185	3
22.201	3
22.225	3
22.277	3
22.281	3
22.296	3
22.416	3
22.427	3
22.508	3
22.533	3
22.544	3
22.719	3
22.823	3
22.922	3
23.068	3
23.194	3
23.432	3
23.713	3
23.978	3
24.095	3
24.313	3
24.352	3
24.91	3
26.167	3
26.81	3
27.966	3
31.08	3
31.145	3
32.152	3
34.582	3
34.675	3
42.907	3
19.903	1
19.948	1
19.968	1
19.983	1
19.998	1
20.033	1
20.034	1
20.045	1
20.061	1
20.093	1
20.11	1
20.146	1
20.161	2
20.184	2
20.196	3
20.205	3
20.222	3
20.23	3
20.328	3
20.345	3
20.364	3
20.398	3
20.404	3
20.417	3
20.454	3
20.463	3
20.47	3
20.473	3
20.487	3
20.495	3
20.506	3
20.527	3
20.528	3
20.541	3
20.604	3
20.604	3
20.629	3
20.64	3
20.671	3
20.733	3
20.741	3
20.961	3
21.083	3
21.114	3
21.118	3
21.195	3
21.209	3
21.21	3
21.235	3
21.237	3
21.241	3
21.25	3
21.29	3
21.322	3
21.327	3
21.36	3
21.368	3
21.472	3
21.479	3
21.694	3
21.741	3
21.752	3
21.759	3
21.783	3
21.845	3
21.874	3
21.901	3
21.959	3
22.006	3
22.016	3
22.038	3
22.04	3
22.101	3
22.108	3
22.111	3
22.164	3
22.166	3
22.185	3
22.201	3
22.225	3
22.277	3
22.281	3
22.296	3
22.416	3
22.427	3
22.508	3
22.533	3
22.544	3
22.719	3
22.823	3
22.922	3
23.068	3
23.194	3
23.432	3
23.713	3
23.978	3
24.095	3
24.313	3
24.352	3
24.91	3
26.167	3
26.81	3
27.966	3
31.08	3
31.145	3
32.152	3
34.582	3
34.675	3
42.907	3
19.968	1
19.983	1
19.998	1
20.033	1
20.034	1
20.045	1
20.061	1
20.093	1
20.11	1
20.146	1
20.161	2
20.184	2
20.196	2
20.205	2
20.222	2
20.23	3
20.328	3
20.345	3
20.364	3
20.398	3
20.404	3
20.417	3
20.454	3
20.463	3
20.47	3
20.473	3
20.487	3
20.495	3
20.506	3
20.527	3
20.528	3
20.541	3
20.604	3
20.604	3
20.629	3
20.64	3
20.671	3
20.733	3
20.741	3
20.961	3
21.083	3
21.114	3
21.118	3
21.195	3
21.209	3
21.21	3
21.235	3
21.237	3
21.241	3
21.25	3
21.29	3
21.322	3
21.327	3
21.36	3
21.368	3
21.472	3
21.479	3
21.694	3
21.741	3
21.752	3
21.759	3
21.783	3
21.845	3
21.874	3
21.901	3
21.959	3
22.006	3
22.016	3
22.038	3
22.04	3
22.101	3
22.108	3
22.111	3
22.164	3
22.166	3
22.185	3
22.201	3
22.225	3
22.277	3
22.281	3
22.296	3
22.416	3
22.427	3
22.508	3
22.533	3
22.544	3
22.719	3
22.823	3
22.922	3
23.068	3
23.194	3
23.432	3
23.713	3
23.978	3
24.095	3
24.313	3
24.352	3
24.91	3
26.167	3
26.81	3
27.966	3
31.08	3
31.145	3
32.152	3
34.582	3
34.675	3
42.907	3
20.364	1
20.398	1
20.404	1
20.417	1
20.454	1
20.463	1
20.47	1
20.473	1
20.487	1
20.495	1
20.506	1
20.527	2
20.528	2
20.541	2
20.604	2
20.604	2
20.629	2
20.64	2
20.671	2
20.733	2
20.741	2
20.961	2
21.083	2
21.114	2
21.118	2
21.195	2
21.209	2
21.21	2
21.235	2
21.237	2
21.241	2
21.25	3
21.29	3
21.322	3
21.327	3
21.36	3
21.368	3
21.472	3
21.479	3
21.694	3
21.741	3
21.752	3
21.759	3
21.783	3
21.845	3
21.874	3
21.901	3
21.959	3
22.006	3
22.016	3
22.038	3
22.04	3
22.101	3
22.108	3
22.111	3
22.164	3
22.166	3
22.185	3
22.201	3
22.225	3
22.277	3
22.281	3
22.296	3
22.416	3
22.427	3
22.508	3
22.533	3
22.544	3
22.719	3
22.823	3
22.922	3
23.068	3
23.194	3
23.432	3
23.713	3
23.978	3
24.095	3
24.313	3
24.352	3
24.91	3
26.167	3
26.81	3
27.966	3
31.08	3
31.145	3
32.152	3
34.582	3
34.675	3
42.907	3
19.109	1
19.642	1
19.812	1
19.848	1
19.903	1
19.948	1
19.968	1
19.983	1
19.998	1
20.033	1
20.034	1
20.045	1
20.061	1
20.093	1
20.11	1
20.146	1
20.161	1
20.184	1
20.196	1
20.205	2
20.222	2
20.23	2
20.328	2
20.345	2
20.364	2
20.398	2
20.404	2
20.417	2
20.454	2
20.463	2
20.47	2
20.473	2
20.487	2
20.495	3
20.506	4
20.527	4
20.528	4
20.541	4
20.604	4
20.604	4
20.629	4
20.64	4
20.671	4
20.733	4
20.741	4
20.961	4
21.083	4
21.114	4
21.118	4
21.195	4
21.209	4
21.21	4
21.235	4
21.237	4
21.241	4
21.25	4
21.29	4
21.322	4
21.327	4
21.36	4
21.368	4
21.472	4
21.479	4
21.694	4
21.741	4
21.752	4
21.759	4
21.783	4
21.845	4
21.874	4
21.901	4
21.959	4
22.006	4
22.016	4
22.038	4
22.04	4
22.101	4
22.108	4
22.111	4
22.164	4
22.166	4
22.185	4
22.201	4
22.225	4
22.277	4
22.281	4
22.296	4
22.416	4
22.427	4
22.508	4
22.533	4
22.544	4
22.719	4
22.823	4
22.922	4
23.068	4
23.194	4
23.432	4
23.713	4
23.978	4
24.095	4
24.313	4
24.352	4
24.91	4
26.167	4
26.81	4
27.966	4
31.08	4
31.145	4
32.152	4
34.582	4
34.675	4
42.907	4
20.146	1
20.161	1
20.184	1
20.196	1
20.205	1
20.222	1
20.23	1
20.328	1
20.345	1
20.364	1
20.398	1
20.404	1
20.417	1
20.454	1
20.463	1
20.47	1
20.473	1
20.487	1
20.495	1
20.506	2
20.527	2
20.528	2
20.541	2
20.604	2
20.604	2
20.629	2
20.64	2
20.671	2
20.733	2
20.741	2
20.961	2
21.083	2
21.114	2
21.118	2
21.195	2
21.209	2
21.21	2
21.235	2
21.237	2
21.241	2
21.25	3
21.29	3
21.322	3
21.327	3
21.36	3
21.368	3
21.472	3
21.479	3
21.694	3
21.741	3
21.752	3
21.759	3
21.783	3
21.845	3
21.874	3
21.901	3
21.959	3
22.006	3
22.016	3
22.038	3
22.04	3
22.101	3
22.108	3
22.111	3
22.164	3
22.166	3
22.185	3
22.201	3
22.225	3
22.277	3
22.281	3
22.296	3
22.416	3
22.427	3
22.508	3
22.533	3
22.544	3
22.719	3
22.823	3
22.922	3
23.068	3
23.194	3
23.432	3
23.713	3
23.978	3
24.095	3
24.313	3
24.352	3
24.91	3
26.167	3
26.81	3
27.966	3
31.08	3
31.145	3
32.152	3
34.582	3
34.675	3
42.907	3
19.109	1
19.642	1
19.812	1
19.848	1
19.903	1
19.948	1
19.968	1
19.983	1
19.998	1
20.033	1
20.034	1
20.045	1
20.061	1
20.093	1
20.11	1
20.146	1
20.161	1
20.184	1
20.196	1
20.205	1
20.222	1
20.23	2
20.328	2
20.345	2
20.364	2
20.398	2
20.404	2
20.417	2
20.454	2
20.463	2
20.47	2
20.473	2
20.487	2
20.495	2
20.506	3
20.527	3
20.528	3
20.541	3
20.604	3
20.604	3
20.629	3
20.64	3
20.671	3
20.733	3
20.741	3
20.961	3
21.083	3
21.114	3
21.118	3
21.195	3
21.209	3
21.21	3
21.235	4
21.237	4
21.241	4
21.25	4
21.29	4
21.322	4
21.327	4
21.36	4
21.368	4
21.472	4
21.479	4
21.694	4
21.741	4
21.752	4
21.759	4
21.783	4
21.845	4
21.874	4
21.901	4
21.959	4
22.006	4
22.016	4
22.038	4
22.04	4
22.101	4
22.108	4
22.111	4
22.164	4
22.166	4
22.185	4
22.201	4
22.225	4
22.277	4
22.281	4
22.296	4
22.416	4
22.427	4
22.508	4
22.533	4
22.544	4
22.719	4
22.823	4
22.922	4
23.068	4
23.194	4
23.432	4
23.713	4
23.978	4
24.095	4
24.313	4
24.352	4
24.91	4
26.167	4
26.81	4
27.966	4
31.08	4
31.145	4
32.152	4
34.582	4
34.675	4
42.907	4
20.364	1
20.398	1
20.404	1
20.417	1
20.454	1
20.463	1
20.47	1
20.473	1
20.487	1
20.495	1
20.506	2
20.527	2
20.528	2
20.541	2
20.604	2
20.604	2
20.629	2
20.64	2
20.671	2
20.733	2
20.741	2
20.961	2
21.083	2
21.114	2
21.118	2
21.195	2
21.209	2
21.21	2
21.235	2
21.237	2
21.241	2
21.25	3
21.29	3
21.322	3
21.327	3
21.36	3
21.368	3
21.472	3
21.479	3
21.694	3
21.741	3
21.752	3
21.759	3
21.783	3
21.845	3
21.874	3
21.901	3
21.959	3
22.006	3
22.016	3
22.038	3
22.04	3
22.101	3
22.108	3
22.111	3
22.164	3
22.166	3
22.185	3
22.201	3
22.225	3
22.277	3
22.281	3
22.296	3
22.416	3
22.427	3
22.508	3
22.533	3
22.544	3
22.719	3
22.823	3
22.922	3
23.068	3
23.194	3
23.432	3
23.713	3
23.978	3
24.095	3
24.313	3
24.352	3
24.91	3
26.167	3
26.81	3
27.966	3
31.08	3
31.145	3
32.152	3
34.582	3
34.675	3
42.907	3
19.968	1
19.983	1
19.998	1
20.033	1
20.034	1
20.045	1
20.061	1
20.093	1
20.11	2
20.146	2
20.161	3
20.184	3
20.196	3
20.205	3
20.222	3
20.23	3
20.328	3
20.345	3
20.364	3
20.398	3
20.404	3
20.417	3
20.454	3
20.463	3
20.47	3
20.473	3
20.487	3
20.495	3
20.506	3
20.527	3
20.528	3
20.541	3
20.604	3
20.604	3
20.629	3
20.64	3
20.671	3
20.733	3
20.741	3
20.961	3
21.083	3
21.114	3
21.118	3
21.195	3
21.209	3
21.21	3
21.235	3
21.237	3
21.241	3
21.25	3
21.29	3
21.322	3
21.327	3
21.36	3
21.368	3
21.472	3
21.479	3
21.694	3
21.741	3
21.752	3
21.759	3
21.783	3
21.845	3
21.874	3
21.901	3
21.959	3
22.006	3
22.016	3
22.038	3
22.04	3
22.101	3
22.108	3
22.111	3
22.164	3
22.166	3
22.185	3
22.201	3
22.225	3
22.277	3
22.281	3
22.296	3
22.416	3
22.427	3
22.508	3
22.533	4
22.544	4
22.719	4
22.823	4
22.922	4
23.068	4
23.194	4
23.432	4
23.713	4
23.978	4
24.095	4
24.313	4
24.352	4
24.91	4
26.167	4
26.81	4
27.966	4
31.08	4
31.145	4
32.152	4
34.582	4
34.675	4
42.907	4
19.109	1
19.642	1
19.812	1
19.848	1
19.903	1
19.948	1
19.968	1
19.983	1
19.998	1
20.033	1
20.034	1
20.045	1
20.061	1
20.093	1
20.11	1
20.146	1
20.161	1
20.184	1
20.196	1
20.205	1
20.222	1
20.23	2
20.328	2
20.345	2
20.364	3
20.398	3
20.404	3
20.417	3
20.454	3
20.463	3
20.47	3
20.473	3
20.487	3
20.495	3
20.506	3
20.527	3
20.528	3
20.541	3
20.604	3
20.604	3
20.629	3
20.64	3
20.671	3
20.733	3
20.741	3
20.961	3
21.083	3
21.114	3
21.118	3
21.195	3
21.209	3
21.21	3
21.235	3
21.237	3
21.241	3
21.25	3
21.29	3
21.322	3
21.327	3
21.36	3
21.368	3
21.472	3
21.479	3
21.694	3
21.741	3
21.752	3
21.759	3
21.783	3
21.845	4
21.874	4
21.901	4
21.959	4
22.006	4
22.016	4
22.038	4
22.04	4
22.101	4
22.108	4
22.111	4
22.164	4
22.166	4
22.185	4
22.201	4
22.225	4
22.277	4
22.281	4
22.296	4
22.416	4
22.427	4
22.508	4
22.533	4
22.544	4
22.719	4
22.823	4
22.922	4
23.068	4
23.194	4
23.432	4
23.713	4
23.978	4
24.095	4
24.313	4
24.352	4
24.91	4
26.167	4
26.81	4
27.966	4
31.08	4
31.145	4
32.152	4
34.582	4
34.675	4
42.907	4
19.109	1
19.642	1
19.812	2
19.848	2
19.903	2
19.948	2
19.968	2
19.983	2
19.998	2
20.033	2
20.034	2
20.045	2
20.061	2
20.093	2
20.11	2
20.146	2
20.161	2
20.184	2
20.196	2
20.205	2
20.222	2
20.23	2
20.328	2
20.345	2
20.364	2
20.398	2
20.404	2
20.417	2
20.454	2
20.463	2
20.47	2
20.473	2
20.487	2
20.495	2
20.506	3
20.527	3
20.528	3
20.541	3
20.604	3
20.604	3
20.629	3
20.64	3
20.671	3
20.733	3
20.741	3
20.961	3
21.083	3
21.114	3
21.118	3
21.195	3
21.209	3
21.21	3
21.235	3
21.237	3
21.241	4
21.25	4
21.29	4
21.322	4
21.327	4
21.36	4
21.368	4
21.472	4
21.479	4
21.694	4
21.741	4
21.752	4
21.759	4
21.783	4
21.845	4
21.874	4
21.901	4
21.959	4
22.006	4
22.016	4
22.038	4
22.04	4
22.101	4
22.108	4
22.111	4
22.164	4
22.166	4
22.185	4
22.201	4
22.225	4
22.277	4
22.281	4
22.296	4
22.416	4
22.427	4
22.508	4
22.533	4
22.544	4
22.719	4
22.823	4
22.922	4
23.068	4
23.194	4
23.432	4
23.713	4
23.978	4
24.095	4
24.313	4
24.352	4
24.91	4
26.167	4
26.81	4
27.966	4
31.08	4
31.145	4
32.152	4
34.582	4
34.675	4
42.907	4
19.903	1
19.948	1
19.968	1
19.983	1
19.998	1
20.033	1
20.034	1
20.045	1
20.061	1
20.093	1
20.11	1
20.146	1
20.161	1
20.184	1
20.196	1
20.205	1
20.222	1
20.23	1
20.328	1
20.345	1
20.364	1
20.398	1
20.404	1
20.417	1
20.454	1
20.463	1
20.47	1
20.473	1
20.487	1
20.495	1
20.506	2
20.527	2
20.528	2
20.541	2
20.604	2
20.604	2
20.629	2
20.64	2
20.671	2
20.733	2
20.741	2
20.961	2
21.083	2
21.114	2
21.118	2
21.195	2
21.209	2
21.21	2
21.235	2
21.237	2
21.241	2
21.25	3
21.29	3
21.322	3
21.327	3
21.36	3
21.368	3
21.472	3
21.479	3
21.694	3
21.741	3
21.752	3
21.759	3
21.783	3
21.845	3
21.874	3
21.901	3
21.959	3
22.006	3
22.016	3
22.038	3
22.04	3
22.101	3
22.108	3
22.111	3
22.164	3
22.166	3
22.185	3
22.201	3
22.225	3
22.277	3
22.281	3
22.296	3
22.416	3
22.427	3
22.508	3
22.533	3
22.544	3
22.719	3
22.823	3
22.922	3
23.068	3
23.194	3
23.432	3
23.713	3
23.978	3
24.095	3
24.313	3
24.352	3
24.91	3
26.167	3
26.81	3
27.966	3
31.08	3
31.145	3
32.152	3
34.582	3
34.675	3
42.907	3
20.146	1
20.161	1
20.184	1
20.196	1
20.205	1
20.222	1
20.23	1
20.328	1
20.345	1
20.364	1
20.398	1
20.404	1
20.417	1
20.454	1
20.463	1
20.47	1
20.473	1
20.487	1
20.495	1
20.506	1
20.527	2
20.528	2
20.541	2
20.604	2
20.604	2
20.629	2
20.64	2
20.671	2
20.733	2
20.741	2
20.961	2
21.083	2
21.114	2
21.118	2
21.195	2
21.209	2
21.21	2
21.235	2
21.237	2
21.241	2
21.25	3
21.29	3
21.322	3
21.327	3
21.36	3
21.368	3
21.472	3
21.479	3
21.694	3
21.741	3
21.752	3
21.759	3
21.783	3
21.845	3
21.874	3
21.901	3
21.959	3
22.006	3
22.016	3
22.038	3
22.04	3
22.101	3
22.108	3
22.111	3
22.164	3
22.166	3
22.185	3
22.201	3
22.225	3
22.277	3
22.281	3
22.296	3
22.416	3
22.427	3
22.508	3
22.533	3
22.544	3
22.719	3
22.823	3
22.922	3
23.068	3
23.194	3
23.432	3
23.713	3
23.978	3
24.095	3
24.313	3
24.352	3
24.91	3
26.167	3
26.81	3
27.966	3
31.08	3
31.145	3
32.152	3
34.582	3
34.675	3
42.907	3
19.812	1
19.848	1
19.903	1
19.948	1
19.968	1
19.983	1
19.998	1
20.033	1
20.034	1
20.045	1
20.061	1
20.093	1
20.11	1
20.146	1
20.161	1
20.184	1
20.196	1
20.205	1
20.222	1
20.23	1
20.328	1
20.345	1
20.364	2
20.398	2
20.404	2
20.417	2
20.454	2
20.463	2
20.47	2
20.473	2
20.487	2
20.495	2
20.506	2
20.527	2
20.528	2
20.541	2
20.604	2
20.604	2
20.629	2
20.64	2
20.671	2
20.733	2
20.741	2
20.961	2
21.083	2
21.114	2
21.118	2
21.195	2
21.209	2
21.21	2
21.235	2
21.237	2
21.241	2
21.25	2
21.29	2
21.322	2
21.327	2
21.36	2
21.368	2
21.472	2
21.479	2
21.694	2
21.741	2
21.752	2
21.759	3
21.783	3
21.845	3
21.874	3
21.901	3
21.959	3
22.006	3
22.016	3
22.038	3
22.04	3
22.101	3
22.108	3
22.111	3
22.164	3
22.166	3
22.185	3
22.201	4
22.225	4
22.277	4
22.281	4
22.296	4
22.416	4
22.427	4
22.508	4
22.533	4
22.544	4
22.719	4
22.823	4
22.922	4
23.068	4
23.194	4
23.432	4
23.713	4
23.978	4
24.095	4
24.313	4
24.352	4
24.91	4
26.167	4
26.81	4
27.966	4
31.08	4
31.145	4
32.152	4
34.582	4
34.675	4
42.907	4
19.109	1
19.642	1
19.812	1
19.848	1
19.903	1
19.948	1
19.968	1
19.983	1
19.998	1
20.033	1
20.034	1
20.045	1
20.061	1
20.093	1
20.11	2
20.146	2
20.161	3
20.184	3
20.196	3
20.205	3
20.222	3
20.23	3
20.328	3
20.345	3
20.364	3
20.398	3
20.404	3
20.417	3
20.454	3
20.463	3
20.47	3
20.473	3
20.487	3
20.495	3
20.506	3
20.527	3
20.528	3
20.541	3
20.604	3
20.604	3
20.629	3
20.64	3
20.671	3
20.733	3
20.741	3
20.961	3
21.083	3
21.114	3
21.118	3
21.195	3
21.209	3
21.21	3
21.235	3
21.237	3
21.241	3
21.25	3
21.29	3
21.322	3
21.327	3
21.36	3
21.368	3
21.472	3
21.479	3
21.694	3
21.741	3
21.752	3
21.759	3
21.783	3
21.845	3
21.874	3
21.901	3
21.959	3
22.006	3
22.016	3
22.038	3
22.04	3
22.101	3
22.108	3
22.111	3
22.164	4
22.166	4
22.185	4
22.201	4
22.225	4
22.277	4
22.281	4
22.296	4
22.416	4
22.427	4
22.508	4
22.533	4
22.544	5
22.719	5
22.823	5
22.922	5
23.068	5
23.194	5
23.432	5
23.713	5
23.978	5
24.095	5
24.313	4
24.352	4
24.91	4
26.167	4
26.81	4
27.966	4
31.08	4
31.145	4
32.152	4
34.582	4
34.675	4
42.907	4
19.109	1
19.642	1
19.812	1
19.848	1
19.903	1
19.948	1
19.968	2
19.983	2
19.998	2
20.033	2
20.034	2
20.045	2
20.061	2
20.093	2
20.11	2
20.146	2
20.161	3
20.184	3
20.196	3
20.205	3
20.222	3
20.23	3
20.328	3
20.345	3
20.364	4
20.398	4
20.404	4
20.417	4
20.454	4
20.463	4
20.47	4
20.473	4
20.487	4
20.495	4
20.506	4
20.527	4
20.528	4
20.541	5
20.604	5
20.604	5
20.629	5
20.64	5
20.671	5
20.733	5
20.741	5
20.961	5
21.083	5
21.114	5
21.118	5
21.195	4
21.209	4
21.21	4
21.235	4
21.237	4
21.241	4
21.25	4
21.29	4
21.322	4
21.327	4
21.36	4
21.368	4
21.472	4
21.479	4
21.694	4
21.741	4
21.752	4
21.759	4
21.783	4
21.845	4
21.874	4
21.901	4
21.959	4
22.006	4
22.016	4
22.038	4
22.04	4
22.101	4
22.108	4
22.111	4
22.164	4
22.166	4
22.185	4
22.201	4
22.225	4
22.277	4
22.281	4
22.296	4
22.416	4
22.427	4
22.508	4
22.533	4
22.544	4
22.719	4
22.823	4
22.922	4
23.068	4
23.194	4
23.432	4
23.713	4
23.978	4
24.095	4
24.313	4
24.352	4
24.91	4
26.167	4
26.81	4
27.966	4
31.08	4
31.145	4
32.152	4
34.582	4
34.675	4
42.907	4
20.146	1
20.161	1
20.184	1
20.196	2
20.205	2
20.222	2
20.23	2
20.328	2
20.345	2
20.364	2
20.398	2
20.404	2
20.417	2
20.454	2
20.463	2
20.47	2
20.473	2
20.487	2
20.495	2
20.506	2
20.527	2
20.528	2
20.541	2
20.604	2
20.604	2
20.629	2
20.64	2
20.671	2
20.733	2
20.741	2
20.961	2
21.083	2
21.114	3
21.118	3
21.195	3
21.209	3
21.21	3
21.235	3
21.237	3
21.241	3
21.25	3
21.29	3
21.322	3
21.327	3
21.36	3
21.368	3
21.472	3
21.479	3
21.694	3
21.741	3
21.752	3
21.759	3
21.783	3
21.845	3
21.874	3
21.901	3
21.959	3
22.006	3
22.016	3
22.038	3
22.04	3
22.101	3
22.108	3
22.111	3
22.164	3
22.166	3
22.185	3
22.201	3
22.225	3
22.277	3
22.281	3
22.296	3
22.416	3
22.427	3
22.508	3
22.533	3
22.544	3
22.719	3
22.823	3
22.922	3
23.068	3
23.194	3
23.432	3
23.713	3
23.978	3
24.095	3
24.313	3
24.352	3
24.91	3
26.167	3
26.81	3
27.966	3
31.08	3
31.145	3
32.152	3
34.582	3
34.675	3
42.907	3
19.109	1
19.642	1
19.812	1
19.848	1
19.903	1
19.948	1
19.968	1
19.983	1
19.998	1
20.033	1
20.034	1
20.045	1
20.061	1
20.093	1
20.11	1
20.146	1
20.161	1
20.184	1
20.196	2
20.205	2
20.222	2
20.23	2
20.328	2
20.345	2
20.364	2
20.398	2
20.404	2
20.417	2
20.454	2
20.463	2
20.47	2
20.473	2
20.487	2
20.495	2
20.506	2
20.527	3
20.528	3
20.541	3
20.604	3
20.604	4
20.629	4
20.64	4
20.671	5
20.733	5
20.741	5
20.961	5
21.083	5
21.114	5
21.118	5
21.195	5
21.209	5
21.21	5
21.235	5
21.237	5
21.241	5
21.25	5
21.29	5
21.322	5
21.327	5
21.36	5
21.368	5
21.472	5
21.479	5
21.694	5
21.741	5
21.752	5
21.759	5
21.783	5
21.845	5
21.874	5
21.901	5
21.959	5
22.006	5
22.016	5
22.038	5
22.04	5
22.101	5
22.108	5
22.111	5
22.164	5
22.166	5
22.185	5
22.201	5
22.225	5
22.277	5
22.281	5
22.296	5
22.416	5
22.427	5
22.508	5
22.533	5
22.544	5
22.719	5
22.823	5
22.922	5
23.068	5
23.194	5
23.432	5
23.713	5
23.978	5
24.095	5
24.313	5
24.352	4
24.91	4
26.167	4
26.81	4
27.966	4
31.08	4
31.145	4
32.152	4
34.582	4
34.675	4
42.907	4
19.903	1
19.948	1
19.968	1
19.983	1
19.998	1
20.033	1
20.034	1
20.045	1
20.061	1
20.093	1
20.11	1
20.146	1
20.161	2
20.184	2
20.196	2
20.205	2
20.222	2
20.23	2
20.328	2
20.345	2
20.364	2
20.398	2
20.404	2
20.417	2
20.454	2
20.463	2
20.47	2
20.473	2
20.487	2
20.495	2
20.506	2
20.527	2
20.528	2
20.541	2
20.604	2
20.604	2
20.629	2
20.64	2
20.671	2
20.733	2
20.741	2
20.961	2
21.083	2
21.114	2
21.118	2
21.195	2
21.209	2
21.21	2
21.235	2
21.237	2
21.241	2
21.25	3
21.29	3
21.322	3
21.327	3
21.36	3
21.368	3
21.472	3
21.479	3
21.694	3
21.741	3
21.752	3
21.759	3
21.783	3
21.845	3
21.874	3
21.901	3
21.959	3
22.006	3
22.016	3
22.038	3
22.04	3
22.101	3
22.108	3
22.111	3
22.164	3
22.166	3
22.185	3
22.201	3
22.225	3
22.277	3
22.281	3
22.296	3
22.416	3
22.427	3
22.508	3
22.533	3
22.544	3
22.719	3
22.823	3
22.922	3
23.068	3
23.194	3
23.432	3
23.713	3
23.978	3
24.095	3
24.313	3
24.352	3
24.91	3
26.167	3
26.81	3
27.966	3
31.08	3
31.145	3
32.152	3
34.582	3
34.675	3
42.907	3
19.812	1
19.848	1
19.903	1
19.948	1
19.968	1
19.983	1
19.998	1
20.033	1
20.034	1
20.045	1
20.061	1
20.093	1
20.11	1
20.146	2
20.161	2
20.184	2
20.196	2
20.205	2
20.222	2
20.23	2
20.328	2
20.345	2
20.364	3
20.398	3
20.404	3
20.417	3
20.454	3
20.463	3
20.47	3
20.473	4
20.487	4
20.495	4
20.506	4
20.527	4
20.528	4
20.541	4
20.604	4
20.604	4
20.629	4
20.64	5
20.671	5
20.733	5
20.741	5
20.961	5
21.083	5
21.114	5
21.118	5
21.195	5
21.209	5
21.21	5
21.235	5
21.237	5
21.241	5
21.25	5
21.29	5
21.322	5
21.327	5
21.36	5
21.368	4
21.472	4
21.479	4
21.694	4
21.741	4
21.752	4
21.759	4
21.783	4
21.845	4
21.874	4
21.901	4
21.959	4
22.006	4
22.016	4
22.038	4
22.04	4
22.101	4
22.108	4
22.111	4
22.164	4
22.166	4
22.185	4
22.201	4
22.225	4
22.277	4
22.281	4
22.296	4
22.416	4
22.427	4
22.508	4
22.533	4
22.544	4
22.719	4
22.823	4
22.922	4
23.068	4
23.194	4
23.432	4
23.713	4
23.978	4
24.095	4
24.313	4
24.352	4
24.91	4
26.167	4
26.81	4
27.966	4
31.08	4
31.145	4
32.152	4
34.582	4
34.675	4
42.907	4
20.11	1
20.146	1
20.161	2
20.184	2
20.196	2
20.205	2
20.222	2
20.23	2
20.328	2
20.345	2
20.364	3
20.398	3
20.404	3
20.417	3
20.454	3
20.463	3
20.47	3
20.473	3
20.487	3
20.495	3
20.506	3
20.527	3
20.528	3
20.541	3
20.604	3
20.604	3
20.629	3
20.64	3
20.671	3
20.733	3
20.741	3
20.961	3
21.083	3
21.114	3
21.118	3
21.195	3
21.209	3
21.21	3
21.235	3
21.237	3
21.241	3
21.25	3
21.29	3
21.322	3
21.327	3
21.36	3
21.368	3
21.472	3
21.479	3
21.694	3
21.741	3
21.752	3
21.759	3
21.783	3
21.845	3
21.874	3
21.901	3
21.959	3
22.006	3
22.016	3
22.038	3
22.04	3
22.101	3
22.108	3
22.111	3
22.164	3
22.166	3
22.185	3
22.201	3
22.225	3
22.277	3
22.281	3
22.296	3
22.416	3
22.427	3
22.508	3
22.533	3
22.544	3
22.719	3
22.823	3
22.922	3
23.068	3
23.194	3
23.432	3
23.713	3
23.978	3
24.095	3
24.313	3
24.352	3
24.91	3
26.167	3
26.81	3
27.966	3
31.08	3
31.145	3
32.152	3
34.582	3
34.675	3
42.907	3
20.11	1
20.146	1
20.161	1
20.184	1
20.196	1
20.205	1
20.222	1
20.23	1
20.328	1
20.345	1
20.364	1
20.398	1
20.404	1
20.417	1
20.454	1
20.463	1
20.47	1
20.473	1
20.487	1
20.495	1
20.506	2
20.527	2
20.528	2
20.541	2
20.604	2
20.604	2
20.629	2
20.64	2
20.671	2
20.733	2
20.741	2
20.961	2
21.083	2
21.114	2
21.118	2
21.195	2
21.209	2
21.21	2
21.235	2
21.237	2
21.241	2
21.25	3
21.29	3
21.322	3
21.327	3
21.36	3
21.368	3
21.472	3
21.479	3
21.694	3
21.741	3
21.752	3
21.759	3
21.783	3
21.845	3
21.874	3
21.901	3
21.959	3
22.006	3
22.016	3
22.038	3
22.04	3
22.101	3
22.108	3
22.111	3
22.164	3
22.166	3
22.185	3
22.201	3
22.225	3
22.277	3
22.281	3
22.296	3
22.416	3
22.427	3
22.508	3
22.533	3
22.544	3
22.719	3
22.823	3
22.922	3
23.068	3
23.194	3
23.432	3
23.713	3
23.978	3
24.095	3
24.313	3
24.352	3
24.91	3
26.167	3
26.81	3
27.966	3
31.08	3
31.145	3
32.152	3
34.582	3
34.675	3
42.907	3
20.23	1
20.328	1
20.345	1
20.364	1
20.398	1
20.404	1
20.417	1
20.454	1
20.463	1
20.47	1
20.473	1
20.487	1
20.495	1
20.506	2
20.527	2
20.528	2
20.541	2
20.604	2
20.604	2
20.629	2
20.64	2
20.671	2
20.733	2
20.741	2
20.961	2
21.083	2
21.114	2
21.118	2
21.195	2
21.209	2
21.21	2
21.235	2
21.237	2
21.241	2
21.25	3
21.29	3
21.322	3
21.327	3
21.36	3
21.368	3
21.472	3
21.479	3
21.694	3
21.741	3
21.752	3
21.759	3
21.783	3
21.845	3
21.874	3
21.901	3
21.959	3
22.006	3
22.016	3
22.038	3
22.04	3
22.101	3
22.108	3
22.111	3
22.164	3
22.166	3
22.185	3
22.201	3
22.225	3
22.277	3
22.281	3
22.296	3
22.416	3
22.427	3
22.508	3
22.533	3
22.544	3
22.719	3
22.823	3
22.922	3
23.068	3
23.194	3
23.432	3
23.713	3
23.978	3
24.095	3
24.313	3
24.352	3
24.91	3
26.167	3
26.81	3
27.966	3
31.08	3
31.145	3
32.152	3
34.582	3
34.675	3
42.907	3
19.968	1
19.983	2
19.998	2
20.033	2
20.034	2
20.045	2
20.061	2
20.093	2
20.11	2
20.146	2
20.161	2
20.184	2
20.196	3
20.205	3
20.222	3
20.23	3
20.328	3
20.345	3
20.364	3
20.398	3
20.404	3
20.417	3
20.454	3
20.463	3
20.47	3
20.473	3
20.487	3
20.495	3
20.506	3
20.527	3
20.528	3
20.541	3
20.604	3
20.604	3
20.629	3
20.64	3
20.671	3
20.733	3
20.741	3
20.961	3
21.083	3
21.114	3
21.118	3
21.195	3
21.209	3
21.21	3
21.235	3
21.237	3
21.241	3
21.25	3
21.29	3
21.322	3
21.327	3
21.36	3
21.368	3
21.472	3
21.479	3
21.694	3
21.741	3
21.752	3
21.759	3
21.783	3
21.845	3
21.874	3
21.901	3
21.959	3
22.006	3
22.016	3
22.038	3
22.04	3
22.101	3
22.108	3
22.111	3
22.164	3
22.166	3
22.185	3
22.201	3
22.225	3
22.277	3
22.281	3
22.296	3
22.416	3
22.427	3
22.508	3
22.533	3
22.544	3
22.719	3
22.823	3
22.922	3
23.068	3
23.194	3
23.432	3
23.713	3
23.978	3
24.095	3
24.313	3
24.352	3
24.91	3
26.167	3
26.81	3
27.966	3
31.08	3
31.145	3
32.152	3
34.582	3
34.675	3
42.907	3
19.109	1
19.642	1
19.812	2
19.848	2
19.903	2
19.948	2
19.968	2
19.983	2
19.998	2
20.033	2
20.034	2
20.045	2
20.061	2
20.093	2
20.11	2
20.146	2
20.161	2
20.184	2
20.196	2
20.205	2
20.222	2
20.23	2
20.328	2
20.345	2
20.364	2
20.398	2
20.404	2
20.417	2
20.454	2
20.463	2
20.47	2
20.473	2
20.487	2
20.495	2
20.506	2
20.527	2
20.528	2
20.541	2
20.604	2
20.604	2
20.629	2
20.64	2
20.671	2
20.733	2
20.741	2
20.961	3
21.083	3
21.114	3
21.118	3
21.195	3
21.209	3
21.21	3
21.235	3
21.237	3
21.241	3
21.25	3
21.29	3
21.322	3
21.327	3
21.36	3
21.368	3
21.472	3
21.479	4
21.694	4
21.741	4
21.752	4
21.759	4
21.783	4
21.845	4
21.874	4
21.901	4
21.959	4
22.006	4
22.016	4
22.038	4
22.04	4
22.101	4
22.108	4
22.111	4
22.164	4
22.166	4
22.185	4
22.201	4
22.225	4
22.277	4
22.281	4
22.296	4
22.416	4
22.427	4
22.508	4
22.533	4
22.544	4
22.719	4
22.823	4
22.922	4
23.068	4
23.194	4
23.432	4
23.713	4
23.978	4
24.095	4
24.313	4
24.352	4
24.91	4
26.167	4
26.81	4
27.966	4
31.08	4
31.145	4
32.152	4
34.582	4
34.675	4
42.907	4
20.11	1
20.146	1
20.161	2
20.184	2
20.196	2
20.205	2
20.222	2
20.23	2
20.328	2
20.345	2
20.364	2
20.398	2
20.404	2
20.417	2
20.454	2
20.463	2
20.47	2
20.473	2
20.487	2
20.495	2
20.506	2
20.527	2
20.528	2
20.541	2
20.604	2
20.604	3
20.629	3
20.64	3
20.671	3
20.733	3
20.741	3
20.961	3
21.083	3
21.114	3
21.118	3
21.195	3
21.209	3
21.21	3
21.235	3
21.237	3
21.241	3
21.25	3
21.29	3
21.322	3
21.327	3
21.36	3
21.368	3
21.472	3
21.479	3
21.694	3
21.741	3
21.752	3
21.759	3
21.783	3
21.845	3
21.874	3
21.901	3
21.959	3
22.006	3
22.016	3
22.038	3
22.04	3
22.101	3
22.108	3
22.111	3
22.164	3
22.166	3
22.185	3
22.201	3
22.225	3
22.277	3
22.281	3
22.296	3
22.416	3
22.427	3
22.508	3
22.533	3
22.544	3
22.719	3
22.823	3
22.922	3
23.068	3
23.194	3
23.432	3
23.713	3
23.978	3
24.095	3
24.313	3
24.352	3
24.91	3
26.167	3
26.81	3
27.966	3
31.08	3
31.145	3
32.152	3
34.582	3
34.675	3
42.907	3
20.23	1
20.328	1
20.345	1
20.364	1
20.398	1
20.404	1
20.417	1
20.454	1
20.463	1
20.47	1
20.473	2
20.487	2
20.495	2
20.506	2
20.527	2
20.528	2
20.541	2
20.604	2
20.604	3
20.629	3
20.64	3
20.671	3
20.733	3
20.741	3
20.961	3
21.083	3
21.114	3
21.118	3
21.195	3
21.209	3
21.21	3
21.235	3
21.237	3
21.241	3
21.25	3
21.29	3
21.322	3
21.327	3
21.36	3
21.368	3
21.472	3
21.479	3
21.694	3
21.741	3
21.752	3
21.759	3
21.783	3
21.845	3
21.874	3
21.901	3
21.959	3
22.006	3
22.016	3
22.038	3
22.04	3
22.101	3
22.108	3
22.111	3
22.164	3
22.166	3
22.185	3
22.201	3
22.225	3
22.277	3
22.281	3
22.296	3
22.416	3
22.427	3
22.508	3
22.533	3
22.544	3
22.719	3
22.823	3
22.922	3
23.068	3
23.194	3
23.432	3
23.713	3
23.978	3
24.095	3
24.313	3
24.352	3
24.91	3
26.167	3
26.81	3
27.966	3
31.08	3
31.145	3
32.152	3
34.582	3
34.675	3
42.907	3
19.812	1
19.848	1
19.903	1
19.948	1
19.968	1
19.983	1
19.998	1
20.033	1
20.034	1
20.045	1
20.061	1
20.093	1
20.11	1
20.146	1
20.161	1
20.184	1
20.196	1
20.205	1
20.222	1
20.23	1
20.328	1
20.345	1
20.364	2
20.398	2
20.404	2
20.417	2
20.454	2
20.463	2
20.47	2
20.473	2
20.487	2
20.495	2
20.506	2
20.527	2
20.528	2
20.541	2
20.604	2
20.604	3
20.629	3
20.64	3
20.671	3
20.733	3
20.741	3
20.961	3
21.083	3
21.114	3
21.118	3
21.195	3
21.209	3
21.21	3
21.235	3
21.237	3
21.241	3
21.25	3
21.29	3
21.322	3
21.327	3
21.36	3
21.368	3
21.472	3
21.479	3
21.694	3
21.741	3
21.752	3
21.759	3
21.783	3
21.845	3
21.874	3
21.901	3
21.959	3
22.006	3
22.016	3
22.038	3
22.04	3
22.101	3
22.108	3
22.111	3
22.164	3
22.166	3
22.185	3
22.201	3
22.225	3
22.277	3
22.281	3
22.296	3
22.416	3
22.427	3
22.508	3
22.533	3
22.544	3
22.719	3
22.823	3
22.922	3
23.068	3
23.194	3
23.432	3
23.713	3
23.978	3
24.095	3
24.313	3
24.352	3
24.91	3
26.167	3
26.81	3
27.966	3
31.08	3
31.145	3
32.152	3
34.582	3
34.675	3
42.907	3
19.109	1
19.642	1
19.812	1
19.848	1
19.903	1
19.948	1
19.968	1
19.983	1
19.998	1
20.033	1
20.034	1
20.045	1
20.061	1
20.093	1
20.11	1
20.146	1
20.161	1
20.184	1
20.196	1
20.205	1
20.222	1
20.23	2
20.328	2
20.345	2
20.364	2
20.398	2
20.404	2
20.417	2
20.454	2
20.463	2
20.47	2
20.473	2
20.487	2
20.495	2
20.506	2
20.527	2
20.528	2
20.541	2
20.604	2
20.604	2
20.629	2
20.64	2
20.671	2
20.733	2
20.741	2
20.961	2
21.083	2
21.114	2
21.118	2
21.195	2
21.209	2
21.21	2
21.235	2
21.237	3
21.241	3
21.25	3
21.29	3
21.322	3
21.327	3
21.36	3
21.368	3
21.472	3
21.479	3
21.694	3
21.741	3
21.752	3
21.759	3
21.783	3
21.845	3
21.874	3
21.901	3
21.959	3
22.006	3
22.016	3
22.038	4
22.04	4
22.101	5
22.108	5
22.111	5
22.164	5
22.166	5
22.185	5
22.201	5
22.225	5
22.277	5
22.281	5
22.296	5
22.416	5
22.427	5
22.508	5
22.533	5
22.544	5
22.719	4
22.823	4
22.922	4
23.068	4
23.194	4
23.432	4
23.713	4
23.978	4
24.095	4
24.313	4
24.352	4
24.91	4
26.167	4
26.81	4
27.966	4
31.08	4
31.145	4
32.152	4
34.582	4
34.675	4
42.907	4
19.812	1
19.848	1
19.903	1
19.948	1
19.968	1
19.983	1
19.998	1
20.033	1
20.034	1
20.045	1
20.061	1
20.093	1
20.11	1
20.146	2
20.161	2
20.184	2
20.196	2
20.205	2
20.222	2
20.23	3
20.328	3
20.345	3
20.364	3
20.398	3
20.404	3
20.417	3
20.454	3
20.463	3
20.47	3
20.473	3
20.487	3
20.495	3
20.506	3
20.527	3
20.528	4
20.541	4
20.604	4
20.604	4
20.629	4
20.64	4
20.671	4
20.733	4
20.741	4
20.961	4
21.083	4
21.114	4
21.118	4
21.195	4
21.209	4
21.21	4
21.235	4
21.237	4
21.241	4
21.25	4
21.29	4
21.322	4
21.327	4
21.36	4
21.368	4
21.472	4
21.479	4
21.694	4
21.741	4
21.752	4
21.759	4
21.783	4
21.845	4
21.874	4
21.901	4
21.959	4
22.006	4
22.016	4
22.038	4
22.04	4
22.101	4
22.108	4
22.111	4
22.164	4
22.166	4
22.185	4
22.201	4
22.225	4
22.277	4
22.281	4
22.296	4
22.416	4
22.427	4
22.508	4
22.533	4
22.544	4
22.719	4
22.823	4
22.922	4
23.068	4
23.194	4
23.432	4
23.713	4
23.978	4
24.095	4
24.313	4
24.352	4
24.91	4
26.167	4
26.81	4
27.966	4
31.08	4
31.145	4
32.152	4
34.582	4
34.675	4
42.907	4
20.161	1
20.184	1
20.196	1
20.205	1
20.222	1
20.23	2
20.328	2
20.345	2
20.364	2
20.398	2
20.404	2
20.417	2
20.454	2
20.463	2
20.47	2
20.473	2
20.487	2
20.495	2
20.506	2
20.527	2
20.528	2
20.541	2
20.604	2
20.604	3
20.629	3
20.64	3
20.671	3
20.733	3
20.741	3
20.961	3
21.083	3
21.114	3
21.118	3
21.195	3
21.209	3
21.21	3
21.235	3
21.237	3
21.241	3
21.25	3
21.29	3
21.322	3
21.327	3
21.36	3
21.368	3
21.472	3
21.479	3
21.694	3
21.741	3
21.752	3
21.759	3
21.783	3
21.845	3
21.874	3
21.901	3
21.959	3
22.006	3
22.016	3
22.038	3
22.04	3
22.101	3
22.108	3
22.111	3
22.164	3
22.166	3
22.185	3
22.201	3
22.225	3
22.277	3
22.281	3
22.296	3
22.416	3
22.427	3
22.508	3
22.533	3
22.544	3
22.719	3
22.823	3
22.922	3
23.068	3
23.194	3
23.432	3
23.713	3
23.978	3
24.095	3
24.313	3
24.352	3
24.91	3
26.167	3
26.81	3
27.966	3
31.08	3
31.145	3
32.152	3
34.582	3
34.675	3
42.907	3
19.109	1
19.642	1
19.812	1
19.848	2
19.903	2
19.948	2
19.968	2
19.983	2
19.998	2
20.033	2
20.034	2
20.045	2
20.061	2
20.093	2
20.11	2
20.146	2
20.161	2
20.184	2
20.196	2
20.205	2
20.222	2
20.23	2
20.328	2
20.345	2
20.364	3
20.398	3
20.404	3
20.417	3
20.454	3
20.463	3
20.47	3
20.473	3
20.487	3
20.495	3
20.506	3
20.527	3
20.528	3
20.541	3
20.604	3
20.604	4
20.629	4
20.64	4
20.671	4
20.733	4
20.741	4
20.961	4
21.083	4
21.114	4
21.118	4
21.195	4
21.209	4
21.21	4
21.235	4
21.237	4
21.241	4
21.25	4
21.29	4
21.322	4
21.327	4
21.36	4
21.368	4
21.472	4
21.479	4
21.694	4
21.741	4
21.752	4
21.759	4
21.783	4
21.845	4
21.874	4
21.901	4
21.959	4
22.006	4
22.016	4
22.038	4
22.04	4
22.101	4
22.108	4
22.111	4
22.164	4
22.166	4
22.185	4
22.201	4
22.225	4
22.277	4
22.281	4
22.296	4
22.416	4
22.427	4
22.508	4
22.533	4
22.544	4
22.719	4
22.823	4
22.922	4
23.068	4
23.194	4
23.432	4
23.713	4
23.978	4
24.095	4
24.313	4
24.352	4
24.91	4
26.167	4
26.81	4
27.966	4
31.08	4
31.145	4
32.152	4
34.582	4
34.675	4
42.907	4
19.903	1
19.948	1
19.968	1
19.983	1
19.998	1
20.033	1
20.034	1
20.045	1
20.061	1
20.093	1
20.11	1
20.146	1
20.161	2
20.184	2
20.196	2
20.205	2
20.222	2
20.23	2
20.328	2
20.345	2
20.364	2
20.398	2
20.404	2
20.417	2
20.454	2
20.463	2
20.47	2
20.473	2
20.487	2
20.495	2
20.506	2
20.527	2
20.528	2
20.541	2
20.604	2
20.604	2
20.629	2
20.64	2
20.671	2
20.733	2
20.741	2
20.961	2
21.083	2
21.114	2
21.118	2
21.195	2
21.209	2
21.21	2
21.235	2
21.237	2
21.241	2
21.25	3
21.29	3
21.322	3
21.327	3
21.36	3
21.368	3
21.472	3
21.479	3
21.694	3
21.741	3
21.752	3
21.759	3
21.783	3
21.845	3
21.874	3
21.901	3
21.959	3
22.006	3
22.016	3
22.038	3
22.04	3
22.101	3
22.108	3
22.111	3
22.164	3
22.166	3
22.185	3
22.201	3
22.225	3
22.277	3
22.281	3
22.296	3
22.416	3
22.427	3
22.508	3
22.533	3
22.544	3
22.719	3
22.823	3
22.922	3
23.068	3
23.194	3
23.432	3
23.713	3
23.978	3
24.095	3
24.313	3
24.352	3
24.91	3
26.167	3
26.81	3
27.966	3
31.08	3
31.145	3
32.152	3
34.582	3
34.675	3
42.907	3
20.11	1
20.146	1
20.161	1
20.184	1
20.196	1
20.205	1
20.222	1
20.23	1
20.328	1
20.345	1
20.364	2
20.398	2
20.404	2
20.417	2
20.454	2
20.463	2
20.47	2
20.473	3
20.487	3
20.495	3
20.506	3
20.527	3
20.528	3
20.541	3
20.604	3
20.604	3
20.629	3
20.64	3
20.671	3
20.733	3
20.741	3
20.961	3
21.083	3
21.114	3
21.118	3
21.195	3
21.209	3
21.21	3
21.235	3
21.237	3
21.241	3
21.25	3
21.29	3
21.322	3
21.327	3
21.36	3
21.368	3
21.472	3
21.479	3
21.694	3
21.741	3
21.752	3
21.759	3
21.783	3
21.845	3
21.874	3
21.901	3
21.959	3
22.006	3
22.016	3
22.038	3
22.04	3
22.101	3
22.108	3
22.111	3
22.164	3
22.166	3
22.185	3
22.201	3
22.225	3
22.277	3
22.281	3
22.296	3
22.416	3
22.427	3
22.508	3
22.533	3
22.544	3
22.719	3
22.823	3
22.922	3
23.068	3
23.194	3
23.432	3
23.713	3
23.978	3
24.095	3
24.313	3
24.352	3
24.91	3
26.167	3
26.81	3
27.966	3
31.08	3
31.145	3
32.152	3
34.582	3
34.675	3
42.907	3
19.968	1
19.983	1
19.998	1
20.033	1
20.034	1
20.045	1
20.061	1
20.093	2
20.11	2
20.146	3
20.161	3
20.184	3
20.196	3
20.205	3
20.222	3
20.23	3
20.328	3
20.345	3
20.364	3
20.398	3
20.404	3
20.417	3
20.454	3
20.463	3
20.47	3
20.473	3
20.487	3
20.495	3
20.506	3
20.527	3
20.528	3
20.541	3
20.604	3
20.604	3
20.629	3
20.64	3
20.671	3
20.733	3
20.741	3
20.961	3
21.083	3
21.114	3
21.118	3
21.195	3
21.209	3
21.21	3
21.235	3
21.237	3
21.241	3
21.25	4
21.29	4
21.322	4
21.327	4
21.36	4
21.368	4
21.472	4
21.479	4
21.694	4
21.741	4
21.752	4
21.759	4
21.783	4
21.845	4
21.874	4
21.901	4
21.959	4
22.006	4
22.016	4
22.038	4
22.04	4
22.101	4
22.108	4
22.111	4
22.164	4
22.166	4
22.185	4
22.201	4
22.225	4
22.277	4
22.281	4
22.296	4
22.416	4
22.427	4
22.508	4
22.533	4
22.544	4
22.719	4
22.823	4
22.922	4
23.068	4
23.194	4
23.432	4
23.713	4
23.978	4
24.095	4
24.313	4
24.352	4
24.91	4
26.167	4
26.81	4
27.966	4
31.08	4
31.145	4
32.152	4
34.582	4
34.675	4
42.907	4
20.11	1
20.146	1
20.161	2
20.184	2
20.196	2
20.205	2
20.222	2
20.23	2
20.328	2
20.345	2
20.364	2
20.398	2
20.404	2
20.417	2
20.454	2
20.463	2
20.47	2
20.473	3
20.487	3
20.495	3
20.506	3
20.527	3
20.528	3
20.541	3
20.604	3
20.604	3
20.629	3
20.64	3
20.671	3
20.733	3
20.741	3
20.961	3
21.083	3
21.114	3
21.118	3
21.195	3
21.209	3
21.21	3
21.235	3
21.237	3
21.241	3
21.25	3
21.29	3
21.322	3
21.327	3
21.36	3
21.368	3
21.472	3
21.479	3
21.694	3
21.741	3
21.752	3
21.759	3
21.783	3
21.845	3
21.874	3
21.901	3
21.959	3
22.006	3
22.016	3
22.038	3
22.04	3
22.101	3
22.108	3
22.111	3
22.164	3
22.166	3
22.185	3
22.201	3
22.225	3
22.277	3
22.281	3
22.296	4
22.416	4
22.427	4
22.508	4
22.533	4
22.544	4
22.719	4
22.823	4
22.922	4
23.068	4
23.194	4
23.432	4
23.713	4
23.978	4
24.095	4
24.313	4
24.352	4
24.91	4
26.167	4
26.81	4
27.966	4
31.08	4
31.145	4
32.152	4
34.582	4
34.675	4
42.907	4
19.109	1
19.642	1
19.812	2
19.848	2
19.903	2
19.948	2
19.968	2
19.983	2
19.998	2
20.033	3
20.034	3
20.045	3
20.061	3
20.093	3
20.11	3
20.146	3
20.161	3
20.184	3
20.196	3
20.205	3
20.222	3
20.23	3
20.328	3
20.345	3
20.364	3
20.398	3
20.404	3
20.417	3
20.454	3
20.463	3
20.47	3
20.473	3
20.487	3
20.495	3
20.506	4
20.527	4
20.528	4
20.541	4
20.604	4
20.604	4
20.629	4
20.64	4
20.671	4
20.733	4
20.741	4
20.961	4
21.083	4
21.114	4
21.118	4
21.195	4
21.209	4
21.21	4
21.235	4
21.237	4
21.241	4
21.25	4
21.29	4
21.322	4
21.327	4
21.36	4
21.368	4
21.472	4
21.479	4
21.694	4
21.741	4
21.752	4
21.759	4
21.783	4
21.845	4
21.874	4
21.901	4
21.959	4
22.006	4
22.016	4
22.038	4
22.04	4
22.101	4
22.108	4
22.111	4
22.164	4
22.166	4
22.185	4
22.201	4
22.225	4
22.277	4
22.281	4
22.296	4
22.416	4
22.427	4
22.508	4
22.533	4
22.544	4
22.719	4
22.823	4
22.922	4
23.068	4
23.194	4
23.432	4
23.713	4
23.978	4
24.095	4
24.313	4
24.352	4
24.91	4
26.167	4
26.81	4
27.966	4
31.08	4
31.145	4
32.152	4
34.582	4
34.675	4
42.907	4
19.109	1
19.642	1
19.812	1
19.848	1
19.903	1
19.948	1
19.968	1
19.983	1
19.998	1
20.033	1
20.034	1
20.045	1
20.061	1
20.093	1
20.11	2
20.146	2
20.161	2
20.184	2
20.196	2
20.205	2
20.222	2
20.23	2
20.328	2
20.345	2
20.364	3
20.398	3
20.404	3
20.417	3
20.454	3
20.463	3
20.47	4
20.473	4
20.487	4
20.495	4
20.506	4
20.527	4
20.528	4
20.541	4
20.604	4
20.604	4
20.629	5
20.64	5
20.671	5
20.733	5
20.741	5
20.961	5
21.083	5
21.114	5
21.118	5
21.195	5
21.209	5
21.21	5
21.235	5
21.237	5
21.241	5
21.25	5
21.29	5
21.322	5
21.327	5
21.36	5
21.368	5
21.472	5
21.479	5
21.694	5
21.741	5
21.752	5
21.759	5
21.783	5
21.845	5
21.874	5
21.901	5
21.959	5
22.006	5
22.016	5
22.038	5
22.04	5
22.101	5
22.108	5
22.111	5
22.164	5
22.166	5
22.185	5
22.201	5
22.225	5
22.277	5
22.281	5
22.296	5
22.416	5
22.427	5
22.508	5
22.533	5
22.544	5
22.719	5
22.823	5
22.922	5
23.068	5
23.194	5
23.432	5
23.713	5
23.978	5
24.095	5
24.313	5
24.352	5
24.91	5
26.167	5
26.81	4
27.966	4
31.08	4
31.145	4
32.152	4
34.582	4
34.675	4
42.907	4
20.146	1
20.161	1
20.184	1
20.196	1
20.205	1
20.222	1
20.23	1
20.328	1
20.345	1
20.364	1
20.398	1
20.404	1
20.417	1
20.454	1
20.463	1
20.47	1
20.473	1
20.487	1
20.495	1
20.506	1
20.527	2
20.528	2
20.541	2
20.604	2
20.604	3
20.629	3
20.64	3
20.671	3
20.733	3
20.741	3
20.961	3
21.083	3
21.114	3
21.118	3
21.195	3
21.209	3
21.21	3
21.235	3
21.237	3
21.241	3
21.25	3
21.29	3
21.322	3
21.327	3
21.36	3
21.368	3
21.472	3
21.479	3
21.694	3
21.741	3
21.752	3
21.759	3
21.783	3
21.845	3
21.874	3
21.901	3
21.959	3
22.006	3
22.016	3
22.038	3
22.04	3
22.101	3
22.108	3
22.111	3
22.164	3
22.166	3
22.185	3
22.201	3
22.225	3
22.277	3
22.281	3
22.296	3
22.416	3
22.427	3
22.508	3
22.533	3
22.544	3
22.719	3
22.823	3
22.922	3
23.068	3
23.194	3
23.432	3
23.713	3
23.978	3
24.095	3
24.313	3
24.352	3
24.91	3
26.167	3
26.81	3
27.966	3
31.08	3
31.145	3
32.152	3
34.582	3
34.675	3
42.907	3
19.109	1
19.642	1
19.812	1
19.848	1
19.903	1
19.948	1
19.968	2
19.983	2
19.998	2
20.033	2
20.034	2
20.045	2
20.061	2
20.093	2
20.11	2
20.146	2
20.161	3
20.184	3
20.196	3
20.205	3
20.222	4
20.23	4
20.328	4
20.345	4
20.364	4
20.398	4
20.404	4
20.417	4
20.454	4
20.463	4
20.47	4
20.473	4
20.487	4
20.495	4
20.506	4
20.527	5
20.528	5
20.541	5
20.604	5
20.604	5
20.629	5
20.64	5
20.671	5
20.733	4
20.741	4
20.961	4
21.083	4
21.114	4
21.118	4
21.195	4
21.209	4
21.21	4
21.235	4
21.237	4
21.241	4
21.25	4
21.29	4
21.322	4
21.327	4
21.36	4
21.368	4
21.472	4
21.479	4
21.694	4
21.741	4
21.752	4
21.759	4
21.783	4
21.845	4
21.874	4
21.901	4
21.959	4
22.006	4
22.016	4
22.038	4
22.04	4
22.101	4
22.108	4
22.111	4
22.164	4
22.166	4
22.185	4
22.201	4
22.225	4
22.277	4
22.281	4
22.296	4
22.416	4
22.427	4
22.508	4
22.533	4
22.544	4
22.719	4
22.823	4
22.922	4
23.068	4
23.194	4
23.432	4
23.713	4
23.978	4
24.095	4
24.313	4
24.352	4
24.91	4
26.167	4
26.81	4
27.966	4
31.08	4
31.145	4
32.152	4
34.582	4
34.675	4
42.907	4
20.11	1
20.146	1
20.161	2
20.184	2
20.196	2
20.205	2
20.222	2
20.23	2
20.328	2
20.345	2
20.364	2
20.398	2
20.404	2
20.417	2
20.454	2
20.463	2
20.47	2
20.473	3
20.487	3
20.495	3
20.506	3
20.527	3
20.528	3
20.541	3
20.604	3
20.604	3
20.629	3
20.64	3
20.671	3
20.733	3
20.741	3
20.961	3
21.083	3
21.114	3
21.118	3
21.195	3
21.209	3
21.21	3
21.235	3
21.237	3
21.241	3
21.25	3
21.29	3
21.322	3
21.327	3
21.36	3
21.368	3
21.472	3
21.479	3
21.694	4
21.741	4
21.752	4
21.759	4
21.783	4
21.845	4
21.874	4
21.901	4
21.959	4
22.006	4
22.016	4
22.038	4
22.04	4
22.101	4
22.108	4
22.111	4
22.164	4
22.166	4
22.185	4
22.201	4
22.225	4
22.277	4
22.281	4
22.296	4
22.416	4
22.427	4
22.508	4
22.533	4
22.544	4
22.719	4
22.823	4
22.922	4
23.068	4
23.194	4
23.432	4
23.713	4
23.978	4
24.095	4
24.313	4
24.352	4
24.91	4
26.167	4
26.81	4
27.966	4
31.08	4
31.145	4
32.152	4
34.582	4
34.675	4
42.907	4
19.903	1
19.948	1
19.968	1
19.983	1
19.998	1
20.033	1
20.034	1
20.045	1
20.061	1
20.093	1
20.11	1
20.146	1
20.161	1
20.184	1
20.196	1
20.205	1
20.222	1
20.23	1
20.328	1
20.345	1
20.364	1
20.398	1
20.404	1
20.417	1
20.454	2
20.463	2
20.47	2
20.473	2
20.487	2
20.495	2
20.506	2
20.527	2
20.528	2
20.541	2
20.604	2
20.604	3
20.629	3
20.64	3
20.671	3
20.733	3
20.741	3
20.961	3
21.083	3
21.114	3
21.118	3
21.195	3
21.209	3
21.21	3
21.235	3
21.237	3
21.241	3
21.25	3
21.29	3
21.322	3
21.327	3
21.36	3
21.368	3
21.472	3
21.479	3
21.694	3
21.741	3
21.752	3
21.759	3
21.783	3
21.845	3
21.874	3
21.901	3
21.959	3
22.006	3
22.016	3
22.038	3
22.04	3
22.101	3
22.108	3
22.111	3
22.164	3
22.166	3
22.185	3
22.201	3
22.225	3
22.277	3
22.281	3
22.296	3
22.416	3
22.427	3
22.508	3
22.533	3
22.544	3
22.719	3
22.823	3
22.922	3
23.068	3
23.194	3
23.432	3
23.713	3
23.978	3
24.095	3
24.313	3
24.352	3
24.91	3
26.167	3
26.81	3
27.966	3
31.08	3
31.145	3
32.152	3
34.582	3
34.675	3
42.907	3
19.109	1
19.642	1
19.812	1
19.848	1
19.903	1
19.948	1
19.968	1
19.983	1
19.998	1
20.033	1
20.034	1
20.045	1
20.061	1
20.093	1
20.11	2
20.146	2
20.161	2
20.184	2
20.196	2
20.205	2
20.222	2
20.23	2
20.328	2
20.345	2
20.364	2
20.398	2
20.404	2
20.417	2
20.454	2
20.463	2
20.47	2
20.473	2
20.487	2
20.495	2
20.506	2
20.527	2
20.528	2
20.541	2
20.604	2
20.604	3
20.629	3
20.64	3
20.671	3
20.733	3
20.741	3
20.961	3
21.083	3
21.114	3
21.118	3
21.195	3
21.209	3
21.21	3
21.235	3
21.237	3
21.241	3
21.25	3
21.29	3
21.322	3
21.327	3
21.36	3
21.368	3
21.472	3
21.479	3
21.694	3
21.741	3
21.752	3
21.759	3
21.783	3
21.845	3
21.874	3
21.901	3
21.959	3
22.006	3
22.016	3
22.038	3
22.04	4
22.101	4
22.108	4
22.111	5
22.164	5
22.166	5
22.185	5
22.201	5
22.225	5
22.277	5
22.281	5
22.296	5
22.416	5
22.427	5
22.508	5
22.533	5
22.544	5
22.719	5
22.823	5
22.922	5
23.068	5
23.194	5
23.432	5
23.713	5
23.978	5
24.095	5
24.313	5
24.352	5
24.91	5
26.167	5
26.81	5
27.966	5
31.08	4
31.145	3
32.152	3
34.582	4
34.675	5
42.907	4
19.903	1
19.948	1
19.968	1
19.983	1
19.998	1
20.033	1
20.034	1
20.045	1
20.061	1
20.093	1
20.11	1
20.146	2
20.161	2
20.184	2
20.196	2
20.205	2
20.222	2
20.23	2
20.328	2
20.345	2
20.364	2
20.398	2
20.404	2
20.417	2
20.454	2
20.463	2
20.47	2
20.473	3
20.487	3
20.495	3
20.506	3
20.527	3
20.528	3
20.541	3
20.604	3
20.604	3
20.629	3
20.64	3
20.671	3
20.733	3
20.741	3
20.961	3
21.083	3
21.114	3
21.118	3
21.195	3
21.209	3
21.21	3
21.235	3
21.237	3
21.241	3
21.25	3
21.29	3
21.322	3
21.327	3
21.36	3
21.368	3
21.472	3
21.479	3
21.694	3
21.741	3
21.752	3
21.759	3
21.783	3
21.845	3
21.874	3
21.901	3
21.959	3
22.006	3
22.016	3
22.038	3
22.04	3
22.101	3
22.108	3
22.111	3
22.164	3
22.166	3
22.185	3
22.201	3
22.225	3
22.277	3
22.281	3
22.296	3
22.416	3
22.427	3
22.508	3
22.533	3
22.544	3
22.719	3
22.823	3
22.922	3
23.068	3
23.194	3
23.432	3
23.713	3
23.978	3
24.095	3
24.313	3
24.352	3
24.91	3
26.167	3
26.81	3
27.966	3
31.08	3
31.145	3
32.152	3
34.582	3
34.675	3
42.907	3
19.903	1
19.948	1
19.968	1
19.983	1
19.998	1
20.033	1
20.034	1
20.045	1
20.061	1
20.093	1
20.11	2
20.146	2
20.161	2
20.184	2
20.196	2
20.205	2
20.222	2
20.23	2
20.328	2
20.345	2
20.364	3
20.398	3
20.404	3
20.417	3
20.454	3
20.463	3
20.47	3
20.473	3
20.487	3
20.495	3
20.506	3
20.527	3
20.528	3
20.541	3
20.604	3
20.604	3
20.629	3
20.64	3
20.671	3
20.733	3
20.741	3
20.961	3
21.083	3
21.114	3
21.118	3
21.195	3
21.209	3
21.21	3
21.235	3
21.237	3
21.241	3
21.25	3
21.29	3
21.322	3
21.327	3
21.36	3
21.368	3
21.472	3
21.479	3
21.694	3
21.741	3
21.752	3
21.759	3
21.783	3
21.845	3
21.874	3
21.901	3
21.959	3
22.006	3
22.016	3
22.038	3
22.04	3
22.101	3
22.108	3
22.111	3
22.164	3
22.166	3
22.185	3
22.201	3
22.225	3
22.277	3
22.281	3
22.296	3
22.416	3
22.427	3
22.508	3
22.533	3
22.544	3
22.719	3
22.823	3
22.922	3
23.068	3
23.194	3
23.432	3
23.713	3
23.978	3
24.095	3
24.313	3
24.352	3
24.91	3
26.167	3
26.81	3
27.966	3
31.08	3
31.145	3
32.152	3
34.582	3
34.675	3
42.907	3
20.364	1
20.398	1
20.404	1
20.417	1
20.454	1
20.463	1
20.47	1
20.473	1
20.487	1
20.495	1
20.506	1
20.527	1
20.528	1
20.541	1
20.604	1
20.604	2
20.629	2
20.64	2
20.671	2
20.733	2
20.741	2
20.961	2
21.083	2
21.114	2
21.118	2
21.195	2
21.209	2
21.21	2
21.235	2
21.237	2
21.241	2
21.25	2
21.29	2
21.322	2
21.327	2
21.36	2
21.368	2
21.472	2
21.479	2
21.694	2
21.741	2
21.752	2
21.759	2
21.783	2
21.845	2
21.874	2
21.901	2
21.959	2
22.006	2
22.016	2
22.038	2
22.04	2
22.101	2
22.108	2
22.111	2
22.164	2
22.166	2
22.185	2
22.201	2
22.225	2
22.277	2
22.281	2
22.296	2
22.416	2
22.427	2
22.508	2
22.533	2
22.544	2
22.719	2
22.823	3
22.922	3
23.068	3
23.194	3
23.432	3
23.713	3
23.978	3
24.095	3
24.313	3
24.352	3
24.91	3
26.167	3
26.81	3
27.966	3
31.08	3
31.145	3
32.152	3
34.582	3
34.675	3
42.907	3
19.109	1
19.642	1
19.812	1
19.848	1
19.903	1
19.948	1
19.968	1
19.983	1
19.998	1
20.033	1
20.034	1
20.045	1
20.061	1
20.093	1
20.11	1
20.146	1
20.161	1
20.184	1
20.196	1
20.205	1
20.222	1
20.23	2
20.328	2
20.345	2
20.364	3
20.398	3
20.404	3
20.417	3
20.454	3
20.463	3
20.47	3
20.473	4
20.487	4
20.495	4
20.506	4
20.527	4
20.528	4
20.541	4
20.604	4
20.604	4
20.629	4
20.64	4
20.671	4
20.733	4
20.741	4
20.961	4
21.083	4
21.114	4
21.118	4
21.195	4
21.209	4
21.21	4
21.235	4
21.237	4
21.241	4
21.25	4
21.29	4
21.322	4
21.327	4
21.36	4
21.368	4
21.472	4
21.479	4
21.694	4
21.741	4
21.752	4
21.759	4
21.783	4
21.845	4
21.874	4
21.901	4
21.959	4
22.006	4
22.016	4
22.038	4
22.04	4
22.101	4
22.108	4
22.111	4
22.164	4
22.166	4
22.185	4
22.201	4
22.225	4
22.277	4
22.281	4
22.296	4
22.416	4
22.427	4
22.508	4
22.533	4
22.544	4
22.719	4
22.823	4
22.922	4
23.068	4
23.194	4
23.432	4
23.713	4
23.978	4
24.095	4
24.313	4
24.352	4
24.91	4
26.167	4
26.81	4
27.966	4
31.08	4
31.145	4
32.152	4
34.582	4
34.675	4
42.907	4
20.146	1
20.161	1
20.184	1
20.196	1
20.205	1
20.222	1
20.23	1
20.328	1
20.345	1
20.364	1
20.398	1
20.404	1
20.417	1
20.454	1
20.463	1
20.47	1
20.473	1
20.487	1
20.495	1
20.506	2
20.527	3
20.528	3
20.541	3
20.604	3
20.604	3
20.629	3
20.64	3
20.671	3
20.733	3
20.741	3
20.961	3
21.083	3
21.114	3
21.118	3
21.195	3
21.209	3
21.21	3
21.235	3
21.237	3
21.241	3
21.25	3
21.29	3
21.322	3
21.327	3
21.36	3
21.368	3
21.472	3
21.479	3
21.694	3
21.741	3
21.752	3
21.759	3
21.783	3
21.845	3
21.874	3
21.901	3
21.959	3
22.006	3
22.016	3
22.038	3
22.04	3
22.101	3
22.108	3
22.111	3
22.164	3
22.166	3
22.185	3
22.201	3
22.225	3
22.277	3
22.281	3
22.296	3
22.416	3
22.427	3
22.508	3
22.533	3
22.544	3
22.719	3
22.823	3
22.922	3
23.068	3
23.194	3
23.432	3
23.713	3
23.978	3
24.095	3
24.313	3
24.352	3
24.91	3
26.167	3
26.81	3
27.966	3
31.08	3
31.145	3
32.152	3
34.582	3
34.675	3
42.907	3
20.506	1
20.527	1
20.528	1
20.541	1
20.604	1
20.604	2
20.629	2
20.64	2
20.671	2
20.733	2
20.741	2
20.961	2
21.083	2
21.114	2
21.118	2
21.195	2
21.209	2
21.21	2
21.235	2
21.237	2
21.241	2
21.25	3
21.29	3
21.322	3
21.327	4
21.36	4
21.368	4
21.472	4
21.479	4
21.694	4
21.741	4
21.752	4
21.759	4
21.783	4
21.845	4
21.874	4
21.901	4
21.959	4
22.006	4
22.016	4
22.038	4
22.04	4
22.101	4
22.108	4
22.111	4
22.164	4
22.166	4
22.185	4
22.201	4
22.225	4
22.277	4
22.281	4
22.296	4
22.416	4
22.427	4
22.508	4
22.533	4
22.544	4
22.719	4
22.823	4
22.922	4
23.068	4
23.194	4
23.432	4
23.713	4
23.978	4
24.095	4
24.313	4
24.352	4
24.91	4
26.167	4
26.81	4
27.966	4
31.08	4
31.145	4
32.152	4
34.582	4
34.675	4
42.907	4
20.11	1
20.146	1
20.161	2
20.184	2
20.196	2
20.205	2
20.222	2
20.23	3
20.328	3
20.345	3
20.364	3
20.398	3
20.404	3
20.417	3
20.454	3
20.463	3
20.47	3
20.473	3
20.487	3
20.495	3
20.506	3
20.527	3
20.528	3
20.541	3
20.604	3
20.604	3
20.629	3
20.64	3
20.671	3
20.733	3
20.741	3
20.961	3
21.083	3
21.114	3
21.118	3
21.195	3
21.209	3
21.21	3
21.235	3
21.237	3
21.241	3
21.25	3
21.29	3
21.322	3
21.327	3
21.36	3
21.368	3
21.472	3
21.479	3
21.694	3
21.741	3
21.752	3
21.759	3
21.783	3
21.845	3
21.874	3
21.901	3
21.959	3
22.006	3
22.016	3
22.038	3
22.04	3
22.101	3
22.108	3
22.111	3
22.164	3
22.166	3
22.185	4
22.201	4
22.225	4
22.277	4
22.281	4
22.296	4
22.416	4
22.427	4
22.508	4
22.533	4
22.544	4
22.719	4
22.823	4
22.922	4
23.068	4
23.194	4
23.432	4
23.713	4
23.978	4
24.095	4
24.313	4
24.352	4
24.91	4
26.167	4
26.81	4
27.966	4
31.08	4
31.145	4
32.152	4
34.582	4
34.675	4
42.907	4
19.968	1
19.983	1
19.998	1
20.033	1
20.034	1
20.045	1
20.061	1
20.093	1
20.11	1
20.146	1
20.161	1
20.184	1
20.196	1
20.205	1
20.222	1
20.23	1
20.328	1
20.345	1
20.364	2
20.398	2
20.404	2
20.417	2
20.454	2
20.463	2
20.47	2
20.473	2
20.487	2
20.495	2
20.506	3
20.527	3
20.528	3
20.541	3
20.604	3
20.604	3
20.629	3
20.64	3
20.671	3
20.733	3
20.741	3
20.961	3
21.083	3
21.114	3
21.118	3
21.195	3
21.209	3
21.21	3
21.235	3
21.237	3
21.241	3
21.25	3
21.29	3
21.322	3
21.327	3
21.36	3
21.368	3
21.472	3
21.479	3
21.694	3
21.741	3
21.752	3
21.759	3
21.783	3
21.845	3
21.874	3
21.901	3
21.959	3
22.006	3
22.016	3
22.038	3
22.04	3
22.101	3
22.108	3
22.111	3
22.164	3
22.166	3
22.185	3
22.201	3
22.225	3
22.277	3
22.281	3
22.296	3
22.416	3
22.427	3
22.508	3
22.533	3
22.544	3
22.719	3
22.823	3
22.922	3
23.068	3
23.194	3
23.432	3
23.713	3
23.978	3
24.095	3
24.313	3
24.352	3
24.91	3
26.167	3
26.81	3
27.966	3
31.08	3
31.145	3
32.152	3
34.582	3
34.675	3
42.907	3
20.161	1
20.184	1
20.196	1
20.205	1
20.222	1
20.23	1
20.328	1
20.345	1
20.364	1
20.398	1
20.404	1
20.417	1
20.454	1
20.463	1
20.47	1
20.473	2
20.487	2
20.495	2
20.506	2
20.527	2
20.528	2
20.541	2
20.604	2
20.604	2
20.629	2
20.64	2
20.671	2
20.733	2
20.741	2
20.961	2
21.083	2
21.114	2
21.118	2
21.195	2
21.209	2
21.21	2
21.235	2
21.237	2
21.241	2
21.25	2
21.29	2
21.322	2
21.327	2
21.36	2
21.368	2
21.472	2
21.479	2
21.694	2
21.741	2
21.752	2
21.759	2
21.783	2
21.845	2
21.874	2
21.901	2
21.959	2
22.006	2
22.016	2
22.038	2
22.04	2
22.101	2
22.108	3
22.111	3
22.164	3
22.166	3
22.185	3
22.201	3
22.225	3
22.277	3
22.281	3
22.296	3
22.416	3
22.427	3
22.508	3
22.533	3
22.544	3
22.719	3
22.823	3
22.922	3
23.068	3
23.194	3
23.432	3
23.713	3
23.978	3
24.095	3
24.313	3
24.352	3
24.91	3
26.167	3
26.81	3
27.966	3
31.08	3
31.145	3
32.152	3
34.582	3
34.675	3
42.907	3
19.812	1
19.848	1
19.903	1
19.948	1
19.968	1
19.983	1
19.998	1
20.033	1
20.034	1
20.045	1
20.061	1
20.093	1
20.11	1
20.146	1
20.161	1
20.184	1
20.196	2
20.205	2
20.222	2
20.23	3
20.328	3
20.345	3
20.364	3
20.398	3
20.404	3
20.417	3
20.454	3
20.463	3
20.47	3
20.473	3
20.487	3
20.495	3
20.506	3
20.527	3
20.528	3
20.541	3
20.604	3
20.604	3
20.629	3
20.64	3
20.671	3
20.733	3
20.741	3
20.961	3
21.083	3
21.114	3
21.118	3
21.195	3
21.209	3
21.21	3
21.235	3
21.237	3
21.241	3
21.25	3
21.29	3
21.322	3
21.327	3
21.36	3
21.368	3
21.472	3
21.479	3
21.694	3
21.741	3
21.752	3
21.759	3
21.783	3
21.845	3
21.874	3
21.901	3
21.959	3
22.006	3
22.016	3
22.038	3
22.04	3
22.101	3
22.108	3
22.111	3
22.164	3
22.166	3
22.185	3
22.201	3
22.225	3
22.277	3
22.281	3
22.296	3
22.416	3
22.427	3
22.508	3
22.533	3
22.544	3
22.719	3
22.823	3
22.922	3
23.068	3
23.194	3
23.432	3
23.713	3
23.978	3
24.095	3
24.313	3
24.352	3
24.91	3
26.167	3
26.81	3
27.966	3
31.08	3
31.145	3
32.152	3
34.582	3
34.675	3
42.907	3
20.11	1
20.146	1
20.161	2
20.184	2
20.196	2
20.205	2
20.222	2
20.23	2
20.328	2
20.345	2
20.364	2
20.398	2
20.404	2
20.417	2
20.454	2
20.463	2
20.47	2
20.473	3
20.487	3
20.495	3
20.506	3
20.527	3
20.528	3
20.541	3
20.604	3
20.604	3
20.629	3
20.64	3
20.671	3
20.733	3
20.741	3
20.961	3
21.083	3
21.114	3
21.118	3
21.195	3
21.209	3
21.21	3
21.235	3
21.237	3
21.241	3
21.25	3
21.29	3
21.322	3
21.327	3
21.36	3
21.368	3
21.472	3
21.479	3
21.694	3
21.741	3
21.752	3
21.759	3
21.783	3
21.845	3
21.874	3
21.901	3
21.959	3
22.006	3
22.016	3
22.038	3
22.04	3
22.101	3
22.108	3
22.111	3
22.164	3
22.166	3
22.185	3
22.201	3
22.225	3
22.277	3
22.281	3
22.296	3
22.416	3
22.427	3
22.508	3
22.533	3
22.544	3
22.719	3
22.823	3
22.922	3
23.068	3
23.194	3
23.432	3
23.713	3
23.978	3
24.095	3
24.313	3
24.352	3
24.91	3
26.167	3
26.81	3
27.966	3
31.08	3
31.145	3
32.152	3
34.582	3
34.675	3
42.907	3
19.812	1
19.848	1
19.903	1
19.948	1
19.968	1
19.983	1
19.998	1
20.033	1
20.034	1
20.045	1
20.061	1
20.093	1
20.11	1
20.146	1
20.161	1
20.184	1
20.196	1
20.205	1
20.222	1
20.23	1
20.328	1
20.345	1
20.364	2
20.398	2
20.404	2
20.417	2
20.454	2
20.463	2
20.47	2
20.473	2
20.487	2
20.495	2
20.506	3
20.527	3
20.528	3
20.541	3
20.604	3
20.604	3
20.629	3
20.64	3
20.671	3
20.733	3
20.741	3
20.961	3
21.083	3
21.114	3
21.118	3
21.195	3
21.209	3
21.21	3
21.235	3
21.237	3
21.241	3
21.25	3
21.29	3
21.322	3
21.327	3
21.36	3
21.368	3
21.472	3
21.479	3
21.694	3
21.741	3
21.752	3
21.759	3
21.783	3
21.845	3
21.874	3
21.901	3
21.959	3
22.006	3
22.016	3
22.038	3
22.04	3
22.101	3
22.108	3
22.111	3
22.164	3
22.166	3
22.185	3
22.201	3
22.225	3
22.277	3
22.281	3
22.296	3
22.416	3
22.427	3
22.508	3
22.533	3
22.544	3
22.719	3
22.823	3
22.922	3
23.068	3
23.194	3
23.432	3
23.713	3
23.978	3
24.095	3
24.313	3
24.352	3
24.91	3
26.167	3
26.81	3
27.966	3
31.08	3
31.145	3
32.152	3
34.582	3
34.675	3
42.907	3
19.109	1
19.642	1
19.812	1
19.848	1
19.903	1
19.948	1
19.968	1
19.983	1
19.998	1
20.033	1
20.034	1
20.045	1
20.061	1
20.093	1
20.11	1
20.146	2
20.161	3
20.184	3
20.196	3
20.205	3
20.222	3
20.23	3
20.328	3
20.345	3
20.364	3
20.398	3
20.404	3
20.417	3
20.454	3
20.463	3
20.47	3
20.473	3
20.487	3
20.495	3
20.506	3
20.527	3
20.528	3
20.541	3
20.604	3
20.604	3
20.629	3
20.64	3
20.671	3
20.733	3
20.741	3
20.961	3
21.083	3
21.114	3
21.118	3
21.195	3
21.209	3
21.21	3
21.235	3
21.237	3
21.241	3
21.25	4
21.29	4
21.322	4
21.327	4
21.36	4
21.368	4
21.472	4
21.479	4
21.694	4
21.741	4
21.752	4
21.759	4
21.783	4
21.845	4
21.874	4
21.901	4
21.959	4
22.006	4
22.016	4
22.038	4
22.04	4
22.101	4
22.108	4
22.111	4
22.164	4
22.166	4
22.185	4
22.201	4
22.225	4
22.277	4
22.281	4
22.296	4
22.416	4
22.427	4
22.508	4
22.533	4
22.544	4
22.719	4
22.823	4
22.922	4
23.068	4
23.194	4
23.432	4
23.713	4
23.978	4
24.095	4
24.313	4
24.352	4
24.91	4
26.167	4
26.81	4
27.966	4
31.08	4
31.145	4
32.152	4
34.582	4
34.675	4
42.907	4
19.968	1
19.983	1
19.998	1
20.033	1
20.034	1
20.045	1
20.061	1
20.093	1
20.11	1
20.146	1
20.161	1
20.184	1
20.196	2
20.205	2
20.222	2
20.23	2
20.328	2
20.345	2
20.364	2
20.398	2
20.404	2
20.417	2
20.454	2
20.463	2
20.47	2
20.473	2
20.487	2
20.495	2
20.506	2
20.527	2
20.528	2
20.541	2
20.604	2
20.604	3
20.629	3
20.64	3
20.671	3
20.733	3
20.741	3
20.961	3
21.083	3
21.114	3
21.118	3
21.195	3
21.209	3
21.21	3
21.235	3
21.237	3
21.241	3
21.25	3
21.29	3
21.322	3
21.327	3
21.36	3
21.368	3
21.472	3
21.479	3
21.694	3
21.741	3
21.752	3
21.759	3
21.783	3
21.845	3
21.874	3
21.901	3
21.959	3
22.006	3
22.016	3
22.038	3
22.04	3
22.101	3
22.108	3
22.111	3
22.164	3
22.166	3
22.185	3
22.201	3
22.225	3
22.277	3
22.281	3
22.296	3
22.416	3
22.427	3
22.508	3
22.533	3
22.544	3
22.719	3
22.823	3
22.922	3
23.068	3
23.194	3
23.432	3
23.713	3
23.978	3
24.095	3
24.313	3
24.352	3
24.91	3
26.167	3
26.81	3
27.966	3
31.08	3
31.145	3
32.152	3
34.582	3
34.675	3
42.907	3
20.146	1
20.161	1
20.184	1
20.196	1
20.205	1
20.222	1
20.23	1
20.328	1
20.345	1
20.364	1
20.398	1
20.404	1
20.417	1
20.454	1
20.463	1
20.47	1
20.473	1
20.487	1
20.495	1
20.506	1
20.527	2
20.528	2
20.541	2
20.604	2
20.604	2
20.629	2
20.64	2
20.671	2
20.733	2
20.741	2
20.961	2
21.083	2
21.114	2
21.118	2
21.195	2
21.209	2
21.21	2
21.235	2
21.237	2
21.241	2
21.25	3
21.29	3
21.322	3
21.327	3
21.36	3
21.368	3
21.472	3
21.479	3
21.694	3
21.741	3
21.752	3
21.759	3
21.783	3
21.845	3
21.874	3
21.901	3
21.959	3
22.006	3
22.016	3
22.038	3
22.04	3
22.101	3
22.108	3
22.111	3
22.164	3
22.166	3
22.185	3
22.201	3
22.225	3
22.277	3
22.281	3
22.296	3
22.416	3
22.427	3
22.508	3
22.533	3
22.544	3
22.719	3
22.823	3
22.922	3
23.068	3
23.194	3
23.432	3
23.713	3
23.978	3
24.095	3
24.313	3
24.352	3
24.91	3
26.167	3
26.81	3
27.966	3
31.08	3
31.145	3
32.152	3
34.582	3
34.675	3
42.907	3
19.968	1
19.983	1
19.998	1
20.033	1
20.034	1
20.045	1
20.061	1
20.093	1
20.11	1
20.146	1
20.161	1
20.184	1
20.196	2
20.205	2
20.222	2
20.23	2
20.328	2
20.345	2
20.364	3
20.398	3
20.404	3
20.417	3
20.454	3
20.463	3
20.47	3
20.473	3
20.487	3
20.495	3
20.506	3
20.527	3
20.528	3
20.541	3
20.604	3
20.604	3
20.629	3
20.64	3
20.671	3
20.733	3
20.741	3
20.961	3
21.083	3
21.114	3
21.118	3
21.195	3
21.209	3
21.21	3
21.235	3
21.237	3
21.241	3
21.25	3
21.29	3
21.322	3
21.327	3
21.36	3
21.368	3
21.472	3
21.479	3
21.694	3
21.741	3
21.752	3
21.759	3
21.783	3
21.845	3
21.874	3
21.901	3
21.959	3
22.006	3
22.016	3
22.038	3
22.04	3
22.101	3
22.108	3
22.111	3
22.164	3
22.166	3
22.185	3
22.201	3
22.225	3
22.277	3
22.281	3
22.296	3
22.416	3
22.427	3
22.508	3
22.533	3
22.544	3
22.719	3
22.823	3
22.922	3
23.068	3
23.194	3
23.432	3
23.713	3
23.978	3
24.095	3
24.313	3
24.352	3
24.91	3
26.167	3
26.81	3
27.966	3
31.08	3
31.145	3
32.152	3
34.582	3
34.675	3
42.907	3
19.109	1
19.642	1
19.812	1
19.848	1
19.903	2
19.948	2
19.968	2
19.983	2
19.998	2
20.033	2
20.034	2
20.045	2
20.061	2
20.093	2
20.11	2
20.146	2
20.161	3
20.184	3
20.196	3
20.205	3
20.222	3
20.23	3
20.328	3
20.345	3
20.364	3
20.398	3
20.404	3
20.417	3
20.454	3
20.463	3
20.47	3
20.473	3
20.487	3
20.495	3
20.506	3
20.527	3
20.528	3
20.541	3
20.604	3
20.604	3
20.629	3
20.64	3
20.671	3
20.733	3
20.741	3
20.961	3
21.083	3
21.114	3
21.118	3
21.195	3
21.209	3
21.21	3
21.235	3
21.237	3
21.241	3
21.25	3
21.29	4
21.322	4
21.327	4
21.36	4
21.368	4
21.472	4
21.479	4
21.694	4
21.741	4
21.752	5
21.759	5
21.783	5
21.845	5
21.874	5
21.901	5
21.959	5
22.006	5
22.016	5
22.038	5
22.04	5
22.101	5
22.108	5
22.111	5
22.164	5
22.166	5
22.185	5
22.201	5
22.225	5
22.277	5
22.281	5
22.296	5
22.416	5
22.427	5
22.508	5
22.533	5
22.544	5
22.719	5
22.823	5
22.922	4
23.068	3
23.194	3
23.432	3
23.713	3
23.978	4
24.095	5
24.313	5
24.352	5
24.91	5
26.167	5
26.81	5
27.966	5
31.08	5
31.145	5
32.152	4
34.582	4
34.675	4
42.907	4
20.11	1
20.146	1
20.161	1
20.184	1
20.196	1
20.205	1
20.222	1
20.23	2
20.328	2
20.345	2
20.364	2
20.398	2
20.404	2
20.417	2
20.454	2
20.463	2
20.47	2
20.473	2
20.487	2
20.495	2
20.506	2
20.527	3
20.528	3
20.541	3
20.604	3
20.604	3
20.629	3
20.64	3
20.671	3
20.733	3
20.741	3
20.961	3
21.083	3
21.114	3
21.118	3
21.195	3
21.209	3
21.21	3
21.235	3
21.237	3
21.241	3
21.25	3
21.29	3
21.322	3
21.327	3
21.36	3
21.368	3
21.472	3
21.479	3
21.694	3
21.741	3
21.752	3
21.759	3
21.783	3
21.845	3
21.874	3
21.901	3
21.959	3
22.006	3
22.016	4
22.038	4
22.04	4
22.101	4
22.108	4
22.111	4
22.164	4
22.166	4
22.185	4
22.201	4
22.225	4
22.277	4
22.281	4
22.296	4
22.416	4
22.427	4
22.508	4
22.533	4
22.544	4
22.719	4
22.823	4
22.922	4
23.068	4
23.194	4
23.432	4
23.713	4
23.978	4
24.095	4
24.313	4
24.352	4
24.91	4
26.167	4
26.81	4
27.966	4
31.08	4
31.145	4
32.152	4
34.582	4
34.675	4
42.907	4
20.11	1
20.146	1
20.161	2
20.184	2
20.196	2
20.205	2
20.222	2
20.23	2
20.328	2
20.345	2
20.364	2
20.398	2
20.404	2
20.417	2
20.454	2
20.463	2
20.47	2
20.473	3
20.487	3
20.495	3
20.506	3
20.527	3
20.528	3
20.541	3
20.604	3
20.604	3
20.629	3
20.64	3
20.671	3
20.733	3
20.741	3
20.961	3
21.083	3
21.114	3
21.118	3
21.195	3
21.209	3
21.21	3
21.235	3
21.237	3
21.241	3
21.25	3
21.29	3
21.322	3
21.327	3
21.36	3
21.368	3
21.472	3
21.479	3
21.694	3
21.741	3
21.752	3
21.759	3
21.783	3
21.845	3
21.874	3
21.901	3
21.959	3
22.006	3
22.016	3
22.038	3
22.04	3
22.101	3
22.108	3
22.111	3
22.164	3
22.166	3
22.185	3
22.201	3
22.225	3
22.277	3
22.281	3
22.296	3
22.416	3
22.427	3
22.508	3
22.533	3
22.544	3
22.719	3
22.823	3
22.922	3
23.068	3
23.194	3
23.432	3
23.713	3
23.978	3
24.095	3
24.313	3
24.352	3
24.91	3
26.167	3
26.81	3
27.966	3
31.08	3
31.145	3
32.152	3
34.582	3
34.675	3
42.907	3
19.968	1
19.983	1
19.998	1
20.033	1
20.034	1
20.045	1
20.061	1
20.093	1
20.11	2
20.146	2
20.161	3
20.184	3
20.196	3
20.205	3
20.222	3
20.23	3
20.328	3
20.345	3
20.364	3
20.398	3
20.404	3
20.417	3
20.454	3
20.463	3
20.47	3
20.473	3
20.487	3
20.495	3
20.506	3
20.527	3
20.528	3
20.541	3
20.604	3
20.604	3
20.629	3
20.64	3
20.671	3
20.733	3
20.741	3
20.961	3
21.083	3
21.114	3
21.118	3
21.195	3
21.209	3
21.21	3
21.235	3
21.237	3
21.241	3
21.25	3
21.29	3
21.322	3
21.327	3
21.36	3
21.368	3
21.472	3
21.479	3
21.694	3
21.741	3
21.752	3
21.759	3
21.783	3
21.845	3
21.874	3
21.901	3
21.959	3
22.006	3
22.016	3
22.038	3
22.04	3
22.101	3
22.108	3
22.111	3
22.164	3
22.166	3
22.185	3
22.201	3
22.225	3
22.277	3
22.281	3
22.296	3
22.416	3
22.427	3
22.508	3
22.533	3
22.544	3
22.719	3
22.823	3
22.922	3
23.068	3
23.194	3
23.432	3
23.713	3
23.978	3
24.095	3
24.313	3
24.352	3
24.91	3
26.167	3
26.81	3
27.966	3
31.08	3
31.145	3
32.152	3
34.582	3
34.675	3
42.907	3
20.034	1
20.045	1
20.061	2
20.093	2
20.11	2
20.146	2
20.161	2
20.184	2
20.196	2
20.205	2
20.222	2
20.23	3
20.328	3
20.345	3
20.364	4
20.398	4
20.404	4
20.417	4
20.454	4
20.463	4
20.47	4
20.473	4
20.487	4
20.495	4
20.506	4
20.527	4
20.528	4
20.541	4
20.604	4
20.604	4
20.629	4
20.64	4
20.671	4
20.733	4
20.741	4
20.961	4
21.083	4
21.114	4
21.118	4
21.195	4
21.209	4
21.21	4
21.235	4
21.237	4
21.241	4
21.25	4
21.29	4
21.322	4
21.327	4
21.36	4
21.368	4
21.472	4
21.479	4
21.694	4
21.741	4
21.752	4
21.759	4
21.783	4
21.845	4
21.874	4
21.901	4
21.959	4
22.006	4
22.016	4
22.038	4
22.04	4
22.101	4
22.108	4
22.111	4
22.164	4
22.166	4
22.185	4
22.201	4
22.225	4
22.277	4
22.281	4
22.296	4
22.416	4
22.427	4
22.508	4
22.533	4
22.544	4
22.719	4
22.823	4
22.922	4
23.068	4
23.194	4
23.432	4
23.713	3
23.978	3
24.095	3
24.313	3
24.352	3
24.91	3
26.167	3
26.81	3
27.966	3
31.08	3
31.145	3
32.152	3
34.582	3
34.675	3
42.907	3
19.968	1
19.983	1
19.998	1
20.033	1
20.034	1
20.045	1
20.061	1
20.093	1
20.11	1
20.146	1
20.161	1
20.184	1
20.196	2
20.205	2
20.222	2
20.23	2
20.328	2
20.345	2
20.364	3
20.398	3
20.404	3
20.417	3
20.454	3
20.463	3
20.47	3
20.473	3
20.487	3
20.495	3
20.506	3
20.527	3
20.528	3
20.541	3
20.604	3
20.604	3
20.629	3
20.64	3
20.671	3
20.733	3
20.741	3
20.961	3
21.083	3
21.114	3
21.118	3
21.195	3
21.209	3
21.21	3
21.235	3
21.237	3
21.241	3
21.25	3
21.29	3
21.322	3
21.327	3
21.36	3
21.368	3
21.472	3
21.479	3
21.694	3
21.741	3
21.752	3
21.759	3
21.783	3
21.845	3
21.874	3
21.901	3
21.959	3
22.006	3
22.016	3
22.038	3
22.04	3
22.101	3
22.108	3
22.111	3
22.164	3
22.166	3
22.185	3
22.201	3
22.225	3
22.277	3
22.281	3
22.296	3
22.416	3
22.427	3
22.508	3
22.533	3
22.544	3
22.719	3
22.823	3
22.922	3
23.068	3
23.194	3
23.432	3
23.713	3
23.978	3
24.095	3
24.313	3
24.352	3
24.91	3
26.167	3
26.81	3
27.966	3
31.08	3
31.145	3
32.152	3
34.582	3
34.675	3
42.907	3
20.23	1
20.328	2
20.345	2
20.364	2
20.398	2
20.404	2
20.417	2
20.454	2
20.463	2
20.47	2
20.473	2
20.487	2
20.495	2
20.506	2
20.527	3
20.528	3
20.541	3
20.604	3
20.604	3
20.629	3
20.64	3
20.671	3
20.733	3
20.741	3
20.961	3
21.083	3
21.114	3
21.118	3
21.195	3
21.209	3
21.21	3
21.235	3
21.237	3
21.241	3
21.25	3
21.29	3
21.322	3
21.327	3
21.36	3
21.368	3
21.472	3
21.479	3
21.694	3
21.741	3
21.752	3
21.759	3
21.783	3
21.845	3
21.874	3
21.901	3
21.959	3
22.006	3
22.016	3
22.038	3
22.04	3
22.101	3
22.108	3
22.111	3
22.164	3
22.166	3
22.185	3
22.201	3
22.225	3
22.277	3
22.281	3
22.296	3
22.416	3
22.427	3
22.508	3
22.533	3
22.544	3
22.719	3
22.823	3
22.922	3
23.068	3
23.194	3
23.432	3
23.713	3
23.978	3
24.095	3
24.313	3
24.352	3
24.91	3
26.167	3
26.81	3
27.966	3
31.08	3
31.145	3
32.152	3
34.582	3
34.675	3
42.907	3
19.109	1
19.642	1
19.812	1
19.848	1
19.903	1
19.948	1
19.968	1
19.983	1
19.998	1
20.033	1
20.034	1
20.045	1
20.061	1
20.093	1
20.11	1
20.146	1
20.161	1
20.184	1
20.196	2
20.205	2
20.222	2
20.23	2
20.328	2
20.345	2
20.364	2
20.398	2
20.404	2
20.417	2
20.454	2
20.463	2
20.47	2
20.473	3
20.487	3
20.495	3
20.506	3
20.527	3
20.528	3
20.541	3
20.604	3
20.604	4
20.629	4
20.64	4
20.671	4
20.733	4
20.741	4
20.961	4
21.083	4
21.114	4
21.118	4
21.195	4
21.209	4
21.21	4
21.235	4
21.237	4
21.241	4
21.25	4
21.29	4
21.322	4
21.327	4
21.36	4
21.368	4
21.472	4
21.479	4
21.694	4
21.741	4
21.752	4
21.759	4
21.783	4
21.845	4
21.874	4
21.901	4
21.959	4
22.006	4
22.016	4
22.038	4
22.04	4
22.101	4
22.108	4
22.111	4
22.164	4
22.166	4
22.185	4
22.201	4
22.225	4
22.277	4
22.281	4
22.296	4
22.416	4
22.427	4
22.508	4
22.533	4
22.544	4
22.719	4
22.823	4
22.922	4
23.068	4
23.194	4
23.432	4
23.713	4
23.978	4
24.095	4
24.313	4
24.352	4
24.91	4
26.167	4
26.81	4
27.966	4
31.08	4
31.145	4
32.152	4
34.582	4
34.675	4
42.907	4
20.11	1
20.146	1
20.161	1
20.184	1
20.196	1
20.205	1
20.222	1
20.23	1
20.328	1
20.345	1
20.364	1
20.398	1
20.404	1
20.417	1
20.454	1
20.463	1
20.47	1
20.473	1
20.487	1
20.495	1
20.506	1
20.527	1
20.528	1
20.541	1
20.604	2
20.604	3
20.629	3
20.64	3
20.671	3
20.733	3
20.741	3
20.961	3
21.083	3
21.114	3
21.118	3
21.195	3
21.209	3
21.21	3
21.235	3
21.237	3
21.241	3
21.25	3
21.29	3
21.322	3
21.327	3
21.36	3
21.368	3
21.472	3
21.479	3
21.694	3
21.741	3
21.752	3
21.759	3
21.783	3
21.845	3
21.874	3
21.901	3
21.959	3
22.006	3
22.016	3
22.038	3
22.04	3
22.101	3
22.108	3
22.111	3
22.164	3
22.166	3
22.185	3
22.201	3
22.225	3
22.277	3
22.281	3
22.296	3
22.416	3
22.427	3
22.508	3
22.533	3
22.544	3
22.719	3
22.823	3
22.922	3
23.068	3
23.194	3
23.432	3
23.713	3
23.978	3
24.095	3
24.313	3
24.352	3
24.91	3
26.167	3
26.81	3
27.966	3
31.08	3
31.145	3
32.152	3
34.582	3
34.675	3
42.907	3
20.11	1
20.146	1
20.161	2
20.184	2
20.196	2
20.205	2
20.222	2
20.23	2
20.328	2
20.345	2
20.364	2
20.398	2
20.404	2
20.417	2
20.454	2
20.463	2
20.47	2
20.473	3
20.487	3
20.495	3
20.506	3
20.527	3
20.528	3
20.541	3
20.604	3
20.604	3
20.629	3
20.64	3
20.671	3
20.733	3
20.741	3
20.961	3
21.083	3
21.114	3
21.118	3
21.195	3
21.209	3
21.21	3
21.235	3
21.237	3
21.241	3
21.25	3
21.29	3
21.322	3
21.327	3
21.36	3
21.368	3
21.472	3
21.479	3
21.694	3
21.741	3
21.752	3
21.759	3
21.783	3
21.845	3
21.874	3
21.901	3
21.959	3
22.006	3
22.016	3
22.038	3
22.04	3
22.101	3
22.108	3
22.111	3
22.164	3
22.166	3
22.185	3
22.201	3
22.225	3
22.277	4
22.281	4
22.296	4
22.416	4
22.427	4
22.508	4
22.533	4
22.544	4
22.719	4
22.823	4
22.922	4
23.068	4
23.194	4
23.432	4
23.713	4
23.978	4
24.095	4
24.313	4
24.352	4
24.91	4
26.167	4
26.81	4
27.966	4
31.08	4
31.145	4
32.152	4
34.582	4
34.675	4
42.907	4
19.903	1
19.948	1
19.968	1
19.983	1
19.998	1
20.033	1
20.034	1
20.045	1
20.061	1
20.093	1
20.11	1
20.146	1
20.161	1
20.184	1
20.196	2
20.205	2
20.222	2
20.23	2
20.328	2
20.345	2
20.364	2
20.398	2
20.404	2
20.417	2
20.454	2
20.463	2
20.47	2
20.473	2
20.487	2
20.495	2
20.506	3
20.527	3
20.528	3
20.541	3
20.604	3
20.604	3
20.629	3
20.64	3
20.671	3
20.733	3
20.741	3
20.961	3
21.083	3
21.114	3
21.118	3
21.195	3
21.209	3
21.21	3
21.235	3
21.237	3
21.241	3
21.25	3
21.29	3
21.322	3
21.327	3
21.36	3
21.368	3
21.472	3
21.479	3
21.694	3
21.741	3
21.752	3
21.759	3
21.783	3
21.845	3
21.874	3
21.901	3
21.959	3
22.006	3
22.016	3
22.038	3
22.04	3
22.101	3
22.108	3
22.111	3
22.164	3
22.166	3
22.185	3
22.201	3
22.225	3
22.277	3
22.281	3
22.296	3
22.416	3
22.427	3
22.508	4
22.533	4
22.544	4
22.719	4
22.823	4
22.922	4
23.068	4
23.194	4
23.432	4
23.713	4
23.978	4
24.095	4
24.313	4
24.352	4
24.91	4
26.167	4
26.81	4
27.966	4
31.08	4
31.145	4
32.152	4
34.582	4
34.675	4
42.907	4
20.23	1
20.328	1
20.345	2
20.364	3
20.398	3
20.404	3
20.417	3
20.454	3
20.463	3
20.47	3
20.473	3
20.487	3
20.495	3
20.506	3
20.527	3
20.528	3
20.541	3
20.604	3
20.604	3
20.629	3
20.64	3
20.671	3
20.733	3
20.741	3
20.961	3
21.083	3
21.114	3
21.118	3
21.195	3
21.209	3
21.21	3
21.235	3
21.237	3
21.241	3
21.25	3
21.29	3
21.322	3
21.327	3
21.36	3
21.368	3
21.472	3
21.479	3
21.694	3
21.741	3
21.752	3
21.759	3
21.783	3
21.845	3
21.874	3
21.901	3
21.959	3
22.006	3
22.016	3
22.038	3
22.04	3
22.101	3
22.108	3
22.111	3
22.164	3
22.166	3
22.185	3
22.201	3
22.225	3
22.277	3
22.281	3
22.296	3
22.416	3
22.427	3
22.508	3
22.533	3
22.544	3
22.719	3
22.823	3
22.922	3
23.068	3
23.194	3
23.432	3
23.713	3
23.978	3
24.095	3
24.313	3
24.352	3
24.91	3
26.167	3
26.81	3
27.966	3
31.08	3
31.145	3
32.152	3
34.582	3
34.675	3
42.907	3
19.109	1
19.642	1
19.812	1
19.848	1
19.903	1
19.948	1
19.968	2
19.983	2
19.998	2
20.033	2
20.034	2
20.045	2
20.061	2
20.093	2
20.11	3
20.146	3
20.161	3
20.184	3
20.196	3
20.205	3
20.222	3
20.23	4
20.328	4
20.345	4
20.364	4
20.398	4
20.404	4
20.417	4
20.454	4
20.463	4
20.47	4
20.473	4
20.487	4
20.495	4
20.506	4
20.527	4
20.528	4
20.541	4
20.604	4
20.604	4
20.629	4
20.64	4
20.671	4
20.733	4
20.741	4
20.961	4
21.083	4
21.114	4
21.118	4
21.195	4
21.209	4
21.21	4
21.235	4
21.237	4
21.241	4
21.25	4
21.29	4
21.322	4
21.327	4
21.36	4
21.368	4
21.472	4
21.479	4
21.694	4
21.741	4
21.752	4
21.759	4
21.783	4
21.845	4
21.874	4
21.901	4
21.959	4
22.006	4
22.016	4
22.038	4
22.04	4
22.101	4
22.108	4
22.111	4
22.164	4
22.166	4
22.185	4
22.201	4
22.225	4
22.277	4
22.281	4
22.296	4
22.416	4
22.427	4
22.508	4
22.533	4
22.544	4
22.719	4
22.823	4
22.922	4
23.068	4
23.194	4
23.432	4
23.713	4
23.978	4
24.095	4
24.313	4
24.352	4
24.91	4
26.167	4
26.81	4
27.966	4
31.08	4
31.145	4
32.152	4
34.582	4
34.675	4
42.907	4
19.812	1
19.848	1
19.903	1
19.948	1
19.968	2
19.983	2
19.998	2
20.033	2
20.034	2
20.045	2
20.061	2
20.093	2
20.11	2
20.146	2
20.161	2
20.184	2
20.196	2
20.205	2
20.222	2
20.23	2
20.328	2
20.345	2
20.364	2
20.398	2
20.404	2
20.417	2
20.454	2
20.463	2
20.47	2
20.473	2
20.487	2
20.495	2
20.506	2
20.527	3
20.528	3
20.541	3
20.604	3
20.604	3
20.629	3
20.64	3
20.671	3
20.733	3
20.741	3
20.961	3
21.083	3
21.114	3
21.118	3
21.195	3
21.209	3
21.21	3
21.235	3
21.237	3
21.241	3
21.25	3
21.29	3
21.322	3
21.327	3
21.36	3
21.368	3
21.472	3
21.479	3
21.694	3
21.741	3
21.752	3
21.759	3
21.783	3
21.845	3
21.874	3
21.901	3
21.959	3
22.006	3
22.016	3
22.038	3
22.04	3
22.101	3
22.108	3
22.111	3
22.164	3
22.166	3
22.185	3
22.201	3
22.225	3
22.277	3
22.281	3
22.296	3
22.416	3
22.427	3
22.508	3
22.533	3
22.544	3
22.719	3
22.823	3
22.922	3
23.068	3
23.194	3
23.432	3
23.713	3
23.978	3
24.095	3
24.313	3
24.352	3
24.91	3
26.167	3
26.81	3
27.966	3
31.08	3
31.145	3
32.152	3
34.582	3
34.675	3
42.907	3
19.968	1
19.983	1
19.998	1
20.033	1
20.034	1
20.045	1
20.061	1
20.093	1
20.11	1
20.146	1
20.161	1
20.184	1
20.196	1
20.205	1
20.222	1
20.23	1
20.328	1
20.345	1
20.364	1
20.398	1
20.404	1
20.417	1
20.454	1
20.463	1
20.47	1
20.473	1
20.487	1
20.495	1
20.506	1
20.527	2
20.528	2
20.541	2
20.604	2
20.604	2
20.629	2
20.64	2
20.671	2
20.733	2
20.741	2
20.961	2
21.083	2
21.114	2
21.118	2
21.195	2
21.209	2
21.21	2
21.235	2
21.237	2
21.241	2
21.25	3
21.29	3
21.322	3
21.327	3
21.36	3
21.368	3
21.472	3
21.479	3
21.694	3
21.741	3
21.752	3
21.759	3
21.783	3
21.845	3
21.874	3
21.901	3
21.959	3
22.006	3
22.016	3
22.038	3
22.04	3
22.101	3
22.108	3
22.111	3
22.164	3
22.166	3
22.185	3
22.201	3
22.225	3
22.277	3
22.281	3
22.296	3
22.416	3
22.427	3
22.508	3
22.533	3
22.544	3
22.719	3
22.823	3
22.922	3
23.068	3
23.194	3
23.432	3
23.713	3
23.978	3
24.095	3
24.313	3
24.352	3
24.91	3
26.167	3
26.81	3
27.966	3
31.08	3
31.145	3
32.152	3
34.582	3
34.675	3
42.907	3
19.998	1
20.033	1
20.034	1
20.045	2
20.061	2
20.093	2
20.11	3
20.146	3
20.161	4
20.184	4
20.196	4
20.205	4
20.222	4
20.23	4
20.328	4
20.345	4
20.364	4
20.398	4
20.404	4
20.417	4
20.454	4
20.463	4
20.47	4
20.473	4
20.487	4
20.495	4
20.506	4
20.527	4
20.528	4
20.541	4
20.604	4
20.604	4
20.629	4
20.64	4
20.671	4
20.733	4
20.741	4
20.961	4
21.083	4
21.114	4
21.118	4
21.195	4
21.209	4
21.21	4
21.235	4
21.237	4
21.241	4
21.25	4
21.29	4
21.322	4
21.327	4
21.36	4
21.368	4
21.472	4
21.479	4
21.694	4
21.741	4
21.752	4
21.759	4
21.783	4
21.845	4
21.874	4
21.901	4
21.959	4
22.006	4
22.016	4
22.038	4
22.04	4
22.101	4
22.108	4
22.111	4
22.164	4
22.166	4
22.185	4
22.201	4
22.225	4
22.277	4
22.281	4
22.296	4
22.416	4
22.427	4
22.508	4
22.533	4
22.544	4
22.719	4
22.823	4
22.922	4
23.068	4
23.194	4
23.432	4
23.713	4
23.978	4
24.095	4
24.313	4
24.352	4
24.91	4
26.167	4
26.81	4
27.966	4
31.08	4
31.145	4
32.152	4
34.582	4
34.675	4
42.907	4
19.109	1
19.642	1
19.812	2
19.848	2
19.903	2
19.948	2
19.968	2
19.983	2
19.998	2
20.033	2
20.034	2
20.045	2
20.061	2
20.093	2
20.11	2
20.146	2
20.161	2
20.184	2
20.196	2
20.205	2
20.222	2
20.23	2
20.328	2
20.345	2
20.364	3
20.398	3
20.404	3
20.417	3
20.454	3
20.463	3
20.47	3
20.473	3
20.487	3
20.495	3
20.506	3
20.527	3
20.528	3
20.541	3
20.604	3
20.604	3
20.629	3
20.64	3
20.671	3
20.733	3
20.741	3
20.961	3
21.083	3
21.114	3
21.118	3
21.195	3
21.209	3
21.21	4
21.235	4
21.237	4
21.241	4
21.25	4
21.29	4
21.322	4
21.327	4
21.36	4
21.368	4
21.472	4
21.479	4
21.694	4
21.741	4
21.752	4
21.759	4
21.783	4
21.845	4
21.874	4
21.901	4
21.959	4
22.006	4
22.016	4
22.038	4
22.04	4
22.101	4
22.108	4
22.111	4
22.164	4
22.166	4
22.185	4
22.201	4
22.225	4
22.277	4
22.281	4
22.296	4
22.416	4
22.427	4
22.508	4
22.533	4
22.544	4
22.719	4
22.823	4
22.922	4
23.068	4
23.194	4
23.432	4
23.713	4
23.978	4
24.095	4
24.313	4
24.352	4
24.91	4
26.167	4
26.81	4
27.966	4
31.08	4
31.145	4
32.152	4
34.582	4
34.675	4
42.907	4
19.968	1
19.983	1
19.998	1
20.033	1
20.034	1
20.045	1
20.061	1
20.093	1
20.11	2
20.146	2
20.161	3
20.184	3
20.196	3
20.205	3
20.222	3
20.23	3
20.328	3
20.345	3
20.364	3
20.398	3
20.404	3
20.417	3
20.454	3
20.463	3
20.47	3
20.473	3
20.487	3
20.495	3
20.506	3
20.527	3
20.528	3
20.541	3
20.604	3
20.604	3
20.629	3
20.64	3
20.671	3
20.733	3
20.741	3
20.961	3
21.083	3
21.114	3
21.118	3
21.195	3
21.209	3
21.21	3
21.235	3
21.237	3
21.241	3
21.25	3
21.29	3
21.322	3
21.327	3
21.36	3
21.368	3
21.472	3
21.479	3
21.694	3
21.741	3
21.752	3
21.759	3
21.783	3
21.845	3
21.874	3
21.901	3
21.959	3
22.006	3
22.016	3
22.038	3
22.04	3
22.101	3
22.108	3
22.111	3
22.164	3
22.166	3
22.185	3
22.201	3
22.225	3
22.277	3
22.281	3
22.296	3
22.416	3
22.427	3
22.508	3
22.533	3
22.544	3
22.719	3
22.823	3
22.922	3
23.068	3
23.194	3
23.432	3
23.713	3
23.978	3
24.095	3
24.313	3
24.352	3
24.91	3
26.167	3
26.81	3
27.966	3
31.08	3
31.145	3
32.152	3
34.582	3
34.675	3
42.907	3
19.903	1
19.948	1
19.968	1
19.983	1
19.998	1
20.033	1
20.034	1
20.045	1
20.061	1
20.093	1
20.11	1
20.146	1
20.161	1
20.184	1
20.196	2
20.205	2
20.222	2
20.23	2
20.328	2
20.345	2
20.364	2
20.398	2
20.404	2
20.417	2
20.454	2
20.463	2
20.47	2
20.473	2
20.487	2
20.495	2
20.506	2
20.527	2
20.528	2
20.541	2
20.604	2
20.604	2
20.629	2
20.64	2
20.671	2
20.733	2
20.741	2
20.961	2
21.083	2
21.114	2
21.118	2
21.195	2
21.209	2
21.21	2
21.235	2
21.237	2
21.241	2
21.25	3
21.29	3
21.322	3
21.327	3
21.36	3
21.368	3
21.472	3
21.479	3
21.694	3
21.741	3
21.752	3
21.759	3
21.783	3
21.845	3
21.874	3
21.901	3
21.959	3
22.006	3
22.016	3
22.038	3
22.04	3
22.101	3
22.108	3
22.111	3
22.164	3
22.166	3
22.185	3
22.201	3
22.225	3
22.277	3
22.281	3
22.296	3
22.416	3
22.427	3
22.508	3
22.533	3
22.544	3
22.719	3
22.823	3
22.922	3
23.068	3
23.194	3
23.432	3
23.713	3
23.978	3
24.095	3
24.313	3
24.352	3
24.91	3
26.167	3
26.81	3
27.966	3
31.08	3
31.145	3
32.152	3
34.582	3
34.675	3
42.907	3
19.109	1
19.642	1
19.812	2
19.848	2
19.903	2
19.948	2
19.968	3
19.983	3
19.998	3
20.033	3
20.034	3
20.045	3
20.061	3
20.093	3
20.11	3
20.146	3
20.161	3
20.184	3
20.196	3
20.205	3
20.222	3
20.23	3
20.328	3
20.345	3
20.364	3
20.398	3
20.404	3
20.417	3
20.454	3
20.463	3
20.47	3
20.473	3
20.487	3
20.495	3
20.506	3
20.527	3
20.528	3
20.541	3
20.604	3
20.604	4
20.629	4
20.64	4
20.671	4
20.733	4
20.741	4
20.961	4
21.083	4
21.114	4
21.118	4
21.195	4
21.209	4
21.21	4
21.235	4
21.237	4
21.241	4
21.25	4
21.29	4
21.322	4
21.327	4
21.36	4
21.368	4
21.472	4
21.479	4
21.694	4
21.741	4
21.752	4
21.759	4
21.783	4
21.845	4
21.874	4
21.901	4
21.959	4
22.006	4
22.016	4
22.038	4
22.04	4
22.101	4
22.108	4
22.111	4
22.164	4
22.166	4
22.185	4
22.201	4
22.225	4
22.277	4
22.281	4
22.296	4
22.416	4
22.427	4
22.508	4
22.533	4
22.544	4
22.719	4
22.823	4
22.922	4
23.068	4
23.194	4
23.432	4
23.713	4
23.978	4
24.095	4
24.313	4
24.352	4
24.91	4
26.167	4
26.81	4
27.966	4
31.08	4
31.145	4
32.152	4
34.582	4
34.675	4
42.907	4
20.146	1
20.161	2
20.184	2
20.196	2
20.205	2
20.222	2
20.23	3
20.328	3
20.345	3
20.364	3
20.398	3
20.404	3
20.417	3
20.454	3
20.463	3
20.47	3
20.473	3
20.487	3
20.495	3
20.506	3
20.527	3
20.528	3
20.541	3
20.604	3
20.604	3
20.629	3
20.64	3
20.671	3
20.733	3
20.741	3
20.961	3
21.083	3
21.114	3
21.118	3
21.195	3
21.209	3
21.21	3
21.235	3
21.237	3
21.241	3
21.25	3
21.29	3
21.322	3
21.327	3
21.36	3
21.368	3
21.472	3
21.479	3
21.694	3
21.741	3
21.752	3
21.759	3
21.783	3
21.845	3
21.874	3
21.901	3
21.959	3
22.006	3
22.016	3
22.038	3
22.04	3
22.101	3
22.108	3
22.111	3
22.164	3
22.166	3
22.185	3
22.201	3
22.225	3
22.277	3
22.281	3
22.296	3
22.416	3
22.427	3
22.508	3
22.533	3
22.544	3
22.719	3
22.823	3
22.922	3
23.068	3
23.194	3
23.432	3
23.713	3
23.978	3
24.095	3
24.313	3
24.352	3
24.91	3
26.167	3
26.81	3
27.966	3
31.08	3
31.145	3
32.152	3
34.582	3
34.675	3
42.907	3
20.146	1
20.161	1
20.184	1
20.196	1
20.205	1
20.222	1
20.23	1
20.328	1
20.345	1
20.364	1
20.398	1
20.404	1
20.417	1
20.454	1
20.463	1
20.47	1
20.473	1
20.487	1
20.495	1
20.506	2
20.527	3
20.528	3
20.541	3
20.604	3
20.604	3
20.629	3
20.64	3
20.671	3
20.733	3
20.741	3
20.961	3
21.083	3
21.114	3
21.118	3
21.195	3
21.209	3
21.21	3
21.235	3
21.237	3
21.241	3
21.25	3
21.29	3
21.322	3
21.327	3
21.36	3
21.368	3
21.472	3
21.479	3
21.694	3
21.741	3
21.752	3
21.759	3
21.783	3
21.845	3
21.874	3
21.901	3
21.959	3
22.006	3
22.016	3
22.038	3
22.04	3
22.101	3
22.108	3
22.111	3
22.164	3
22.166	3
22.185	3
22.201	3
22.225	3
22.277	3
22.281	3
22.296	3
22.416	3
22.427	3
22.508	3
22.533	3
22.544	3
22.719	3
22.823	3
22.922	3
23.068	3
23.194	3
23.432	3
23.713	3
23.978	3
24.095	3
24.313	3
24.352	3
24.91	3
26.167	3
26.81	3
27.966	3
31.08	3
31.145	3
32.152	3
34.582	3
34.675	3
42.907	3
20.146	1
20.161	1
20.184	1
20.196	1
20.205	1
20.222	1
20.23	1
20.328	1
20.345	1
20.364	1
20.398	1
20.404	1
20.417	1
20.454	1
20.463	1
20.47	1
20.473	1
20.487	1
20.495	1
20.506	2
20.527	3
20.528	3
20.541	3
20.604	3
20.604	3
20.629	3
20.64	3
20.671	3
20.733	3
20.741	3
20.961	3
21.083	3
21.114	3
21.118	3
21.195	3
21.209	3
21.21	3
21.235	3
21.237	3
21.241	3
21.25	3
21.29	3
21.322	3
21.327	3
21.36	3
21.368	3
21.472	3
21.479	3
21.694	3
21.741	3
21.752	3
21.759	3
21.783	3
21.845	3
21.874	3
21.901	3
21.959	3
22.006	3
22.016	3
22.038	3
22.04	3
22.101	3
22.108	3
22.111	3
22.164	3
22.166	3
22.185	3
22.201	3
22.225	3
22.277	3
22.281	3
22.296	3
22.416	3
22.427	3
22.508	3
22.533	3
22.544	3
22.719	3
22.823	3
22.922	3
23.068	3
23.194	3
23.432	3
23.713	3
23.978	3
24.095	3
24.313	3
24.352	3
24.91	3
26.167	3
26.81	3
27.966	3
31.08	3
31.145	3
32.152	3
34.582	3
34.675	3
42.907	3
20.11	1
20.146	1
20.161	1
20.184	1
20.196	1
20.205	1
20.222	1
20.23	2
20.328	2
20.345	2
20.364	2
20.398	2
20.404	2
20.417	2
20.454	2
20.463	2
20.47	2
20.473	2
20.487	2
20.495	2
20.506	2
20.527	2
20.528	2
20.541	2
20.604	2
20.604	2
20.629	2
20.64	2
20.671	2
20.733	2
20.741	2
20.961	2
21.083	2
21.114	2
21.118	2
21.195	2
21.209	2
21.21	2
21.235	2
21.237	2
21.241	2
21.25	3
21.29	3
21.322	3
21.327	3
21.36	3
21.368	3
21.472	3
21.479	3
21.694	3
21.741	3
21.752	3
21.759	3
21.783	3
21.845	3
21.874	3
21.901	3
21.959	3
22.006	3
22.016	3
22.038	3
22.04	3
22.101	3
22.108	3
22.111	3
22.164	3
22.166	3
22.185	3
22.201	3
22.225	3
22.277	3
22.281	3
22.296	3
22.416	3
22.427	3
22.508	3
22.533	3
22.544	3
22.719	3
22.823	3
22.922	3
23.068	3
23.194	3
23.432	3
23.713	3
23.978	3
24.095	3
24.313	3
24.352	3
24.91	3
26.167	3
26.81	3
27.966	3
31.08	3
31.145	3
32.152	3
34.582	3
34.675	3
42.907	3
19.903	1
19.948	1
19.968	1
19.983	1
19.998	1
20.033	1
20.034	1
20.045	1
20.061	1
20.093	1
20.11	1
20.146	2
20.161	2
20.184	2
20.196	2
20.205	2
20.222	2
20.23	2
20.328	2
20.345	2
20.364	2
20.398	2
20.404	2
20.417	2
20.454	2
20.463	2
20.47	2
20.473	2
20.487	2
20.495	2
20.506	2
20.527	2
20.528	2
20.541	2
20.604	2
20.604	2
20.629	2
20.64	2
20.671	2
20.733	2
20.741	2
20.961	2
21.083	2
21.114	2
21.118	2
21.195	2
21.209	2
21.21	2
21.235	2
21.237	2
21.241	2
21.25	2
21.29	2
21.322	2
21.327	2
21.36	2
21.368	2
21.472	2
21.479	2
21.694	2
21.741	2
21.752	2
21.759	2
21.783	2
21.845	2
21.874	2
21.901	3
21.959	3
22.006	3
22.016	3
22.038	3
22.04	3
22.101	3
22.108	3
22.111	3
22.164	3
22.166	3
22.185	3
22.201	3
22.225	4
22.277	4
22.281	4
22.296	4
22.416	4
22.427	4
22.508	4
22.533	4
22.544	4
22.719	4
22.823	4
22.922	4
23.068	4
23.194	4
23.432	4
23.713	4
23.978	4
24.095	4
24.313	4
24.352	4
24.91	3
26.167	3
26.81	3
27.966	3
31.08	3
31.145	3
32.152	3
34.582	3
34.675	3
42.907	3
20.146	1
20.161	1
20.184	2
20.196	3
20.205	3
20.222	3
20.23	3
20.328	3
20.345	3
20.364	3
20.398	3
20.404	3
20.417	3
20.454	3
20.463	3
20.47	3
20.473	3
20.487	3
20.495	3
20.506	3
20.527	3
20.528	3
20.541	3
20.604	3
20.604	3
20.629	3
20.64	3
20.671	3
20.733	3
20.741	3
20.961	3
21.083	3
21.114	3
21.118	3
21.195	3
21.209	3
21.21	3
21.235	3
21.237	3
21.241	3
21.25	4
21.29	4
21.322	4
21.327	4
21.36	4
21.368	4
21.472	4
21.479	4
21.694	4
21.741	4
21.752	4
21.759	4
21.783	4
21.845	4
21.874	4
21.901	4
21.959	4
22.006	4
22.016	4
22.038	4
22.04	4
22.101	4
22.108	4
22.111	4
22.164	4
22.166	4
22.185	4
22.201	4
22.225	4
22.277	4
22.281	4
22.296	4
22.416	4
22.427	4
22.508	4
22.533	4
22.544	4
22.719	4
22.823	4
22.922	4
23.068	4
23.194	4
23.432	4
23.713	4
23.978	4
24.095	4
24.313	4
24.352	4
24.91	4
26.167	4
26.81	4
27.966	4
31.08	4
31.145	4
32.152	4
34.582	4
34.675	4
42.907	4
19.968	1
19.983	1
19.998	1
20.033	1
20.034	1
20.045	1
20.061	1
20.093	1
20.11	2
20.146	2
20.161	2
20.184	2
20.196	2
20.205	2
20.222	2
20.23	2
20.328	2
20.345	2
20.364	2
20.398	2
20.404	2
20.417	2
20.454	2
20.463	2
20.47	2
20.473	3
20.487	3
20.495	3
20.506	3
20.527	3
20.528	3
20.541	3
20.604	3
20.604	3
20.629	3
20.64	3
20.671	3
20.733	3
20.741	3
20.961	3
21.083	3
21.114	3
21.118	3
21.195	3
21.209	3
21.21	3
21.235	3
21.237	3
21.241	3
21.25	3
21.29	3
21.322	3
21.327	3
21.36	3
21.368	3
21.472	3
21.479	3
21.694	3
21.741	3
21.752	3
21.759	3
21.783	3
21.845	3
21.874	3
21.901	3
21.959	3
22.006	3
22.016	3
22.038	3
22.04	3
22.101	3
22.108	3
22.111	3
22.164	3
22.166	3
22.185	3
22.201	3
22.225	3
22.277	3
22.281	3
22.296	3
22.416	3
22.427	3
22.508	3
22.533	3
22.544	3
22.719	3
22.823	3
22.922	3
23.068	3
23.194	3
23.432	3
23.713	3
23.978	3
24.095	3
24.313	3
24.352	3
24.91	3
26.167	3
26.81	3
27.966	3
31.08	3
31.145	3
32.152	3
34.582	3
34.675	3
42.907	3
20.11	1
20.146	1
20.161	2
20.184	2
20.196	2
20.205	2
20.222	2
20.23	2
20.328	2
20.345	2
20.364	2
20.398	2
20.404	2
20.417	2
20.454	2
20.463	2
20.47	2
20.473	3
20.487	3
20.495	3
20.506	3
20.527	3
20.528	3
20.541	3
20.604	3
20.604	3
20.629	3
20.64	3
20.671	3
20.733	3
20.741	3
20.961	3
21.083	3
21.114	3
21.118	3
21.195	3
21.209	3
21.21	3
21.235	3
21.237	3
21.241	3
21.25	3
21.29	3
21.322	3
21.327	3
21.36	3
21.368	3
21.472	3
21.479	3
21.694	3
21.741	4
21.752	4
21.759	4
21.783	4
21.845	4
21.874	4
21.901	4
21.959	4
22.006	4
22.016	4
22.038	4
22.04	4
22.101	4
22.108	4
22.111	4
22.164	4
22.166	4
22.185	4
22.201	4
22.225	4
22.277	4
22.281	4
22.296	4
22.416	4
22.427	4
22.508	4
22.533	4
22.544	4
22.719	4
22.823	4
22.922	4
23.068	4
23.194	4
23.432	4
23.713	4
23.978	4
24.095	4
24.313	4
24.352	4
24.91	4
26.167	4
26.81	4
27.966	4
31.08	4
31.145	4
32.152	4
34.582	4
34.675	4
42.907	4
19.109	1
19.642	1
19.812	1
19.848	1
19.903	1
19.948	1
19.968	1
19.983	1
19.998	1
20.033	1
20.034	1
20.045	1
20.061	1
20.093	1
20.11	1
20.146	1
20.161	1
20.184	1
20.196	1
20.205	1
20.222	1
20.23	1
20.328	1
20.345	1
20.364	2
20.398	2
20.404	2
20.417	2
20.454	2
20.463	2
20.47	2
20.473	2
20.487	2
20.495	2
20.506	3
20.527	3
20.528	3
20.541	3
20.604	3
20.604	3
20.629	3
20.64	3
20.671	3
20.733	3
20.741	4
20.961	4
21.083	4
21.114	4
21.118	4
21.195	4
21.209	4
21.21	4
21.235	4
21.237	4
21.241	4
21.25	4
21.29	4
21.322	4
21.327	4
21.36	4
21.368	4
21.472	4
21.479	4
21.694	4
21.741	4
21.752	4
21.759	4
21.783	4
21.845	4
21.874	4
21.901	4
21.959	4
22.006	4
22.016	4
22.038	4
22.04	4
22.101	4
22.108	4
22.111	4
22.164	4
22.166	4
22.185	4
22.201	4
22.225	4
22.277	4
22.281	4
22.296	4
22.416	4
22.427	4
22.508	4
22.533	4
22.544	4
22.719	4
22.823	4
22.922	4
23.068	4
23.194	4
23.432	4
23.713	4
23.978	4
24.095	4
24.313	4
24.352	4
24.91	4
26.167	4
26.81	4
27.966	4
31.08	4
31.145	4
32.152	4
34.582	4
34.675	4
42.907	4
19.812	1
19.848	1
19.903	1
19.948	1
19.968	1
19.983	1
19.998	1
20.033	1
20.034	1
20.045	1
20.061	1
20.093	1
20.11	1
20.146	1
20.161	2
20.184	2
20.196	2
20.205	2
20.222	2
20.23	2
20.328	2
20.345	2
20.364	2
20.398	2
20.404	2
20.417	2
20.454	2
20.463	2
20.47	2
20.473	3
20.487	3
20.495	3
20.506	3
20.527	3
20.528	3
20.541	3
20.604	3
20.604	3
20.629	3
20.64	3
20.671	3
20.733	3
20.741	3
20.961	3
21.083	3
21.114	3
21.118	3
21.195	3
21.209	3
21.21	3
21.235	3
21.237	3
21.241	3
21.25	3
21.29	3
21.322	3
21.327	3
21.36	3
21.368	3
21.472	3
21.479	3
21.694	3
21.741	3
21.752	3
21.759	3
21.783	3
21.845	3
21.874	3
21.901	3
21.959	3
22.006	3
22.016	3
22.038	3
22.04	3
22.101	3
22.108	3
22.111	3
22.164	3
22.166	3
22.185	3
22.201	3
22.225	3
22.277	3
22.281	3
22.296	3
22.416	3
22.427	3
22.508	3
22.533	3
22.544	3
22.719	3
22.823	3
22.922	3
23.068	3
23.194	3
23.432	3
23.713	3
23.978	3
24.095	3
24.313	3
24.352	3
24.91	3
26.167	3
26.81	3
27.966	3
31.08	3
31.145	3
32.152	3
34.582	3
34.675	3
42.907	3
20.23	1
20.328	1
20.345	1
20.364	1
20.398	1
20.404	1
20.417	1
20.454	1
20.463	1
20.47	1
20.473	1
20.487	1
20.495	1
20.506	2
20.527	2
20.528	2
20.541	2
20.604	2
20.604	2
20.629	2
20.64	2
20.671	2
20.733	2
20.741	2
20.961	2
21.083	2
21.114	2
21.118	2
21.195	2
21.209	2
21.21	2
21.235	2
21.237	2
21.241	2
21.25	3
21.29	3
21.322	3
21.327	3
21.36	3
21.368	3
21.472	3
21.479	3
21.694	3
21.741	3
21.752	3
21.759	3
21.783	3
21.845	3
21.874	3
21.901	3
21.959	3
22.006	3
22.016	3
22.038	3
22.04	3
22.101	3
22.108	3
22.111	3
22.164	3
22.166	3
22.185	3
22.201	3
22.225	3
22.277	3
22.281	3
22.296	3
22.416	3
22.427	3
22.508	3
22.533	3
22.544	3
22.719	3
22.823	3
22.922	3
23.068	3
23.194	3
23.432	3
23.713	3
23.978	3
24.095	3
24.313	3
24.352	3
24.91	3
26.167	3
26.81	3
27.966	3
31.08	3
31.145	3
32.152	3
34.582	3
34.675	3
42.907	3
20.11	1
20.146	1
20.161	1
20.184	1
20.196	1
20.205	1
20.222	1
20.23	1
20.328	1
20.345	1
20.364	1
20.398	1
20.404	1
20.417	1
20.454	1
20.463	1
20.47	1
20.473	2
20.487	2
20.495	2
20.506	3
20.527	3
20.528	3
20.541	3
20.604	3
20.604	3
20.629	3
20.64	3
20.671	3
20.733	3
20.741	3
20.961	3
21.083	3
21.114	3
21.118	3
21.195	3
21.209	3
21.21	3
21.235	3
21.237	3
21.241	3
21.25	3
21.29	3
21.322	3
21.327	3
21.36	3
21.368	3
21.472	3
21.479	3
21.694	3
21.741	3
21.752	3
21.759	3
21.783	3
21.845	3
21.874	3
21.901	3
21.959	3
22.006	4
22.016	4
22.038	4
22.04	4
22.101	4
22.108	4
22.111	4
22.164	4
22.166	4
22.185	4
22.201	4
22.225	4
22.277	4
22.281	4
22.296	4
22.416	4
22.427	4
22.508	4
22.533	4
22.544	4
22.719	4
22.823	4
22.922	4
23.068	4
23.194	4
23.432	4
23.713	4
23.978	4
24.095	4
24.313	4
24.352	4
24.91	4
26.167	4
26.81	4
27.966	4
31.08	4
31.145	4
32.152	4
34.582	4
34.675	4
42.907	4
20.146	1
20.161	1
20.184	1
20.196	1
20.205	1
20.222	1
20.23	1
20.328	1
20.345	1
20.364	1
20.398	1
20.404	1
20.417	1
20.454	1
20.463	1
20.47	1
20.473	1
20.487	1
20.495	1
20.506	1
20.527	2
20.528	2
20.541	2
20.604	2
20.604	2
20.629	2
20.64	2
20.671	2
20.733	2
20.741	2
20.961	2
21.083	2
21.114	2
21.118	2
21.195	2
21.209	2
21.21	2
21.235	2
21.237	2
21.241	2
21.25	3
21.29	3
21.322	3
21.327	3
21.36	3
21.368	3
21.472	3
21.479	3
21.694	3
21.741	3
21.752	3
21.759	3
21.783	3
21.845	3
21.874	3
21.901	3
21.959	3
22.006	3
22.016	3
22.038	3
22.04	3
22.101	3
22.108	3
22.111	3
22.164	3
22.166	3
22.185	3
22.201	3
22.225	3
22.277	3
22.281	3
22.296	3
22.416	3
22.427	3
22.508	3
22.533	3
22.544	3
22.719	3
22.823	3
22.922	3
23.068	3
23.194	3
23.432	3
23.713	3
23.978	3
24.095	3
24.313	3
24.352	3
24.91	3
26.167	3
26.81	3
27.966	3
31.08	3
31.145	3
32.152	3
34.582	3
34.675	3
42.907	3
20.23	1
20.328	1
20.345	1
20.364	2
20.398	2
20.404	2
20.417	2
20.454	2
20.463	2
20.47	2
20.473	2
20.487	2
20.495	2
20.506	2
20.527	2
20.528	2
20.541	2
20.604	2
20.604	3
20.629	3
20.64	3
20.671	3
20.733	3
20.741	3
20.961	3
21.083	3
21.114	3
21.118	3
21.195	3
21.209	3
21.21	3
21.235	3
21.237	3
21.241	3
21.25	3
21.29	3
21.322	3
21.327	3
21.36	3
21.368	3
21.472	3
21.479	3
21.694	3
21.741	3
21.752	3
21.759	3
21.783	3
21.845	3
21.874	3
21.901	3
21.959	3
22.006	3
22.016	3
22.038	3
22.04	3
22.101	3
22.108	3
22.111	3
22.164	3
22.166	3
22.185	3
22.201	3
22.225	3
22.277	3
22.281	3
22.296	3
22.416	3
22.427	3
22.508	3
22.533	3
22.544	3
22.719	3
22.823	3
22.922	3
23.068	3
23.194	3
23.432	3
23.713	3
23.978	3
24.095	3
24.313	3
24.352	3
24.91	3
26.167	3
26.81	3
27.966	3
31.08	3
31.145	3
32.152	3
34.582	3
34.675	3
42.907	3
20.23	1
20.328	1
20.345	1
20.364	1
20.398	2
20.404	2
20.417	2
20.454	2
20.463	2
20.47	2
20.473	3
20.487	3
20.495	3
20.506	3
20.527	4
20.528	4
20.541	4
20.604	4
20.604	4
20.629	4
20.64	4
20.671	4
20.733	4
20.741	4
20.961	4
21.083	4
21.114	4
21.118	5
21.195	5
21.209	5
21.21	5
21.235	5
21.237	5
21.241	5
21.25	5
21.29	5
21.322	5
21.327	5
21.36	5
21.368	5
21.472	5
21.479	5
21.694	5
21.741	5
21.752	5
21.759	5
21.783	5
21.845	5
21.874	5
21.901	5
21.959	5
22.006	5
22.016	5
22.038	5
22.04	5
22.101	5
22.108	5
22.111	5
22.164	5
22.166	4
22.185	4
22.201	4
22.225	4
22.277	4
22.281	4
22.296	4
22.416	4
22.427	4
22.508	4
22.533	4
22.544	4
22.719	4
22.823	4
22.922	4
23.068	4
23.194	4
23.432	4
23.713	4
23.978	4
24.095	4
24.313	4
24.352	4
24.91	4
26.167	4
26.81	4
27.966	4
31.08	4
31.145	4
32.152	4
34.582	4
34.675	4
42.907	4
20.161	1
20.184	1
20.196	1
20.205	1
20.222	1
20.23	1
20.328	1
20.345	1
20.364	1
20.398	1
20.404	1
20.417	1
20.454	1
20.463	1
20.47	1
20.473	2
20.487	2
20.495	2
20.506	2
20.527	2
20.528	2
20.541	2
20.604	2
20.604	2
20.629	2
20.64	2
20.671	2
20.733	2
20.741	2
20.961	2
21.083	2
21.114	2
21.118	2
21.195	2
21.209	2
21.21	2
21.235	2
21.237	2
21.241	2
21.25	3
21.29	3
21.322	3
21.327	3
21.36	3
21.368	3
21.472	3
21.479	3
21.694	3
21.741	3
21.752	3
21.759	3
21.783	3
21.845	3
21.874	3
21.901	3
21.959	3
22.006	3
22.016	3
22.038	3
22.04	3
22.101	3
22.108	3
22.111	3
22.164	3
22.166	3
22.185	3
22.201	3
22.225	3
22.277	3
22.281	3
22.296	3
22.416	3
22.427	3
22.508	3
22.533	3
22.544	3
22.719	3
22.823	3
22.922	3
23.068	3
23.194	3
23.432	3
23.713	3
23.978	3
24.095	3
24.313	3
24.352	3
24.91	3
26.167	3
26.81	3
27.966	3
31.08	3
31.145	3
32.152	3
34.582	3
34.675	3
42.907	3
20.162	1
20.178	1
20.207	1
20.25	1
20.271	1
20.293	1
20.302	1
20.341	1
20.481	1
20.488	1
20.575	1
20.612	1
20.614	1
20.633	1
20.638	2
20.664	2
20.7	2
20.703	2
20.731	2
20.863	2
20.932	2
20.943	2
20.958	2
21.033	2
21.276	2
21.735	2
22.477	2
22.651	2
22.677	2
22.829	2
22.903	2
23.026	2
23.072	2
23.562	2
23.663	2
23.793	2
24.56	2
24.732	2
25.05	2
25.333	3
25.504	3
25.536	3
25.543	3
26.41	3
26.461	3
28.335	3
29.604	3
31.112	3
20.178	1
20.207	1
20.25	1
20.271	1
20.293	1
20.302	1
20.341	1
20.481	1
20.488	1
20.575	1
20.612	1
20.614	1
20.633	1
20.638	2
20.664	2
20.7	2
20.703	2
20.731	2
20.863	2
20.932	3
20.943	3
20.958	3
21.033	3
21.276	3
21.735	3
22.477	3
22.651	3
22.677	3
22.829	3
22.903	3
23.026	3
23.072	3
23.562	3
23.663	3
23.793	3
24.56	3
24.732	3
25.05	3
25.333	3
25.504	3
25.536	3
25.543	3
26.41	3
26.461	3
28.335	3
29.604	3
31.112	3
20.293	1
20.302	1
20.341	1
20.481	1
20.488	1
20.575	1
20.612	1
20.614	2
20.633	2
20.638	2
20.664	2
20.7	2
20.703	2
20.731	2
20.863	2
20.932	2
20.943	2
20.958	2
21.033	2
21.276	2
21.735	2
22.477	2
22.651	2
22.677	2
22.829	2
22.903	2
23.026	2
23.072	2
23.562	2
23.663	2
23.793	2
24.56	2
24.732	2
25.05	2
25.333	2
25.504	2
25.536	2
25.543	2
26.41	2
26.461	2
28.335	2
29.604	2
31.112	2
22.829	1
22.903	2
23.026	2
23.072	2
23.562	2
23.663	2
23.793	2
24.56	2
24.732	2
25.05	2
25.333	3
25.504	3
25.536	3
25.543	3
26.41	3
26.461	3
28.335	3
29.604	3
31.112	3
20.207	1
20.25	1
20.271	1
20.293	1
20.302	2
20.341	2
20.481	2
20.488	2
20.575	2
20.612	2
20.614	3
20.633	3
20.638	3
20.664	3
20.7	3
20.703	3
20.731	3
20.863	3
20.932	3
20.943	3
20.958	3
21.033	3
21.276	3
21.735	3
22.477	3
22.651	3
22.677	3
22.829	3
22.903	3
23.026	3
23.072	3
23.562	3
23.663	3
23.793	3
24.56	3
24.732	3
25.05	3
25.333	3
25.504	3
25.536	3
25.543	3
26.41	3
26.461	3
28.335	3
29.604	3
31.112	3
20.25	1
20.271	1
20.293	1
20.302	1
20.341	1
20.481	1
20.488	1
20.575	1
20.612	1
20.614	2
20.633	2
20.638	2
20.664	2
20.7	2
20.703	2
20.731	2
20.863	2
20.932	3
20.943	3
20.958	3
21.033	3
21.276	3
21.735	3
22.477	3
22.651	3
22.677	3
22.829	3
22.903	3
23.026	3
23.072	3
23.562	3
23.663	3
23.793	3
24.56	3
24.732	3
25.05	3
25.333	3
25.504	3
25.536	3
25.543	3
26.41	3
26.461	3
28.335	3
29.604	3
31.112	3
20.731	1
20.863	1
20.932	1
20.943	1
20.958	1
21.033	1
21.276	1
21.735	1
22.477	1
22.651	1
22.677	1
22.829	2
22.903	2
23.026	2
23.072	2
23.562	2
23.663	2
23.793	2
24.56	2
24.732	2
25.05	2
25.333	3
25.504	3
25.536	3
25.543	3
26.41	3
26.461	3
28.335	3
29.604	3
31.112	3
20.178	1
20.207	1
20.25	1
20.271	1
20.293	1
20.302	1
20.341	1
20.481	1
20.488	1
20.575	1
20.612	1
20.614	1
20.633	1
20.638	2
20.664	2
20.7	2
20.703	2
20.731	2
20.863	2
20.932	3
20.943	3
20.958	3
21.033	3
21.276	3
21.735	3
22.477	3
22.651	3
22.677	3
22.829	3
22.903	3
23.026	3
23.072	3
23.562	3
23.663	3
23.793	3
24.56	3
24.732	3
25.05	3
25.333	3
25.504	3
25.536	3
25.543	3
26.41	3
26.461	3
28.335	3
29.604	3
31.112	3
20.932	1
20.943	1
20.958	1
21.033	1
21.276	1
21.735	1
22.477	1
22.651	1
22.677	1
22.829	2
22.903	2
23.026	2
23.072	2
23.562	2
23.663	2
23.793	2
24.56	2
24.732	2
25.05	2
25.333	3
25.504	3
25.536	3
25.543	3
26.41	3
26.461	3
28.335	3
29.604	3
31.112	3
20.614	1
20.633	1
20.638	1
20.664	1
20.7	1
20.703	1
20.731	1
20.863	1
20.932	1
20.943	1
20.958	1
21.033	1
21.276	1
21.735	1
22.477	1
22.651	1
22.677	1
22.829	2
22.903	2
23.026	2
23.072	2
23.562	2
23.663	2
23.793	2
24.56	2
24.732	2
25.05	2
25.333	3
25.504	3
25.536	3
25.543	3
26.41	3
26.461	3
28.335	3
29.604	3
31.112	3
20.207	1
20.25	1
20.271	1
20.293	1
20.302	1
20.341	1
20.481	1
20.488	1
20.575	1
20.612	1
20.614	1
20.633	1
20.638	1
20.664	1
20.7	1
20.703	1
20.731	1
20.863	1
20.932	1
20.943	1
20.958	1
21.033	1
21.276	1
21.735	1
22.477	1
22.651	1
22.677	1
22.829	2
22.903	2
23.026	2
23.072	2
23.562	2
23.663	2
23.793	2
24.56	2
24.732	2
25.05	2
25.333	3
25.504	3
25.536	3
25.543	3
26.41	3
26.461	3
28.335	3
29.604	3
31.112	3
20.302	1
20.341	1
20.481	1
20.488	1
20.575	1
20.612	1
20.614	2
20.633	2
20.638	3
20.664	3
20.7	3
20.703	3
20.731	3
20.863	3
20.932	3
20.943	3
20.958	3
21.033	3
21.276	3
21.735	3
22.477	3
22.651	3
22.677	3
22.829	3
22.903	3
23.026	3
23.072	3
23.562	3
23.663	3
23.793	3
24.56	3
24.732	3
25.05	3
25.333	3
25.504	3
25.536	3
25.543	3
26.41	3
26.461	3
28.335	3
29.604	3
31.112	3
20.614	1
20.633	1
20.638	1
20.664	1
20.7	1
20.703	1
20.731	1
20.863	1
20.932	1
20.943	1
20.958	1
21.033	1
21.276	1
21.735	1
22.477	1
22.651	1
22.677	1
22.829	1
22.903	1
23.026	1
23.072	1
23.562	1
23.663	1
23.793	1
24.56	1
24.732	1
25.05	1
25.333	2
25.504	2
25.536	2
25.543	2
26.41	2
26.461	2
28.335	2
29.604	2
31.112	2
20.731	1
20.863	1
20.932	1
20.943	1
20.958	1
21.033	1
21.276	1
21.735	1
22.477	1
22.651	1
22.677	1
22.829	2
22.903	2
23.026	2
23.072	2
23.562	2
23.663	2
23.793	2
24.56	2
24.732	2
25.05	2
25.333	2
25.504	2
25.536	2
25.543	2
26.41	2
26.461	2
28.335	2
29.604	2
31.112	2
20.162	1
20.178	1
20.207	1
20.25	1
20.271	1
20.293	1
20.302	1
20.341	1
20.481	1
20.488	1
20.575	1
20.612	1
20.614	1
20.633	1
20.638	1
20.664	1
20.7	1
20.703	1
20.731	2
20.863	2
20.932	3
20.943	3
20.958	3
21.033	3
21.276	3
21.735	3
22.477	3
22.651	3
22.677	3
22.829	3
22.903	3
23.026	3
23.072	3
23.562	3
23.663	3
23.793	3
24.56	3
24.732	3
25.05	3
25.333	3
25.504	3
25.536	3
25.543	3
26.41	3
26.461	3
28.335	3
29.604	3
31.112	3
20.481	1
20.488	1
20.575	1
20.612	1
20.614	1
20.633	1
20.638	1
20.664	1
20.7	1
20.703	1
20.731	1
20.863	1
20.932	1
20.943	1
20.958	1
21.033	1
21.276	1
21.735	1
22.477	1
22.651	1
22.677	1
22.829	1
22.903	1
23.026	1
23.072	1
23.562	1
23.663	1
23.793	1
24.56	1
24.732	1
25.05	1
25.333	2
25.504	2
25.536	2
25.543	2
26.41	2
26.461	2
28.335	2
29.604	2
31.112	2
22.829	1
22.903	2
23.026	2
23.072	2
23.562	2
23.663	2
23.793	2
24.56	2
24.732	2
25.05	2
25.333	3
25.504	3
25.536	3
25.543	3
26.41	3
26.461	3
28.335	3
29.604	3
31.112	3
20.731	1
20.863	1
20.932	1
20.943	1
20.958	1
21.033	1
21.276	1
21.735	1
22.477	1
22.651	1
22.677	1
22.829	2
22.903	2
23.026	2
23.072	2
23.562	2
23.663	2
23.793	2
24.56	2
24.732	2
25.05	2
25.333	3
25.504	3
25.536	3
25.543	3
26.41	3
26.461	3
28.335	3
29.604	3
31.112	3
20.178	1
20.207	1
20.25	1
20.271	1
20.293	1
20.302	1
20.341	1
20.481	1
20.488	1
20.575	1
20.612	1
20.614	2
20.633	2
20.638	2
20.664	2
20.7	2
20.703	2
20.731	2
20.863	2
20.932	3
20.943	3
20.958	3
21.033	3
21.276	3
21.735	3
22.477	3
22.651	3
22.677	3
22.829	3
22.903	3
23.026	3
23.072	3
23.562	3
23.663	3
23.793	3
24.56	3
24.732	3
25.05	3
25.333	3
25.504	3
25.536	3
25.543	3
26.41	3
26.461	3
28.335	3
29.604	3
31.112	3
20.302	1
20.341	1
20.481	1
20.488	1
20.575	1
20.612	1
20.614	1
20.633	1
20.638	2
20.664	2
20.7	2
20.703	2
20.731	2
20.863	2
20.932	2
20.943	2
20.958	2
21.033	2
21.276	2
21.735	2
22.477	2
22.651	2
22.677	2
22.829	2
22.903	2
23.026	2
23.072	2
23.562	2
23.663	2
23.793	2
24.56	2
24.732	2
25.05	2
25.333	3
25.504	3
25.536	3
25.543	3
26.41	3
26.461	3
28.335	3
29.604	3
31.112	3
20.293	1
20.302	1
20.341	1
20.481	1
20.488	1
20.575	1
20.612	1
20.614	1
20.633	1
20.638	1
20.664	1
20.7	1
20.703	1
20.731	1
20.863	1
20.932	1
20.943	1
20.958	1
21.033	1
21.276	1
21.735	1
22.477	1
22.651	1
22.677	1
22.829	2
22.903	3
23.026	3
23.072	3
23.562	3
23.663	3
23.793	3
24.56	3
24.732	3
25.05	3
25.333	3
25.504	3
25.536	3
25.543	3
26.41	3
26.461	3
28.335	3
29.604	3
31.112	3
20.481	1
20.488	1
20.575	1
20.612	1
20.614	1
20.633	2
20.638	2
20.664	2
20.7	2
20.703	2
20.731	2
20.863	2
20.932	2
20.943	2
20.958	2
21.033	2
21.276	2
21.735	2
22.477	2
22.651	2
22.677	2
22.829	2
22.903	3
23.026	3
23.072	3
23.562	3
23.663	3
23.793	3
24.56	3
24.732	3
25.05	2
25.333	3
25.504	3
25.536	3
25.543	3
26.41	3
26.461	3
28.335	3
29.604	3
31.112	3
20.178	1
20.207	1
20.25	1
20.271	1
20.293	1
20.302	1
20.341	1
20.481	1
20.488	1
20.575	1
20.612	1
20.614	1
20.633	1
20.638	1
20.664	1
20.7	1
20.703	1
20.731	1
20.863	1
20.932	1
20.943	1
20.958	1
21.033	1
21.276	1
21.735	1
22.477	1
22.651	1
22.677	1
22.829	2
22.903	2
23.026	2
23.072	2
23.562	2
23.663	2
23.793	2
24.56	2
24.732	2
25.05	2
25.333	2
25.504	2
25.536	2
25.543	2
26.41	2
26.461	2
28.335	2
29.604	2
31.112	2
20.293	1
20.302	1
20.341	1
20.481	1
20.488	1
20.575	1
20.612	1
20.614	2
20.633	2
20.638	2
20.664	2
20.7	2
20.703	2
20.731	2
20.863	2
20.932	2
20.943	2
20.958	2
21.033	2
21.276	2
21.735	2
22.477	2
22.651	2
22.677	2
22.829	2
22.903	2
23.026	2
23.072	2
23.562	2
23.663	2
23.793	2
24.56	2
24.732	2
25.05	2
25.333	2
25.504	2
25.536	2
25.543	2
26.41	2
26.461	2
28.335	2
29.604	2
31.112	2
20.614	1
20.633	1
20.638	2
20.664	2
20.7	2
20.703	2
20.731	2
20.863	2
20.932	3
20.943	3
20.958	3
21.033	3
21.276	3
21.735	3
22.477	3
22.651	3
22.677	3
22.829	3
22.903	3
23.026	3
23.072	3
23.562	3
23.663	3
23.793	3
24.56	3
24.732	3
25.05	3
25.333	3
25.504	3
25.536	3
25.543	3
26.41	3
26.461	3
28.335	3
29.604	3
31.112	3
20.162	1
20.178	1
20.207	1
20.25	1
20.271	1
20.293	2
20.302	2
20.341	2
20.481	2
20.488	2
20.575	2
20.612	2
20.614	2
20.633	2
20.638	2
20.664	2
20.7	2
20.703	2
20.731	2
20.863	2
20.932	2
20.943	2
20.958	2
21.033	2
21.276	2
21.735	2
22.477	2
22.651	2
22.677	2
22.829	2
22.903	2
23.026	2
23.072	2
23.562	2
23.663	2
23.793	2
24.56	2
24.732	2
25.05	2
25.333	2
25.504	2
25.536	2
25.543	2
26.41	2
26.461	2
28.335	2
29.604	2
31.112	2
20.25	1
20.271	1
20.293	2
20.302	2
20.341	2
20.481	2
20.488	2
20.575	2
20.612	2
20.614	2
20.633	2
20.638	2
20.664	2
20.7	2
20.703	2
20.731	2
20.863	2
20.932	3
20.943	3
20.958	3
21.033	3
21.276	3
21.735	3
22.477	3
22.651	3
22.677	3
22.829	3
22.903	3
23.026	3
23.072	3
23.562	3
23.663	3
23.793	3
24.56	3
24.732	3
25.05	3
25.333	3
25.504	3
25.536	3
25.543	3
26.41	3
26.461	3
28.335	3
29.604	3
31.112	3
20.162	1
20.178	1
20.207	1
20.25	1
20.271	1
20.293	1
20.302	1
20.341	1
20.481	1
20.488	1
20.575	1
20.612	1
20.614	1
20.633	1
20.638	1
20.664	1
20.7	1
20.703	1
20.731	1
20.863	1
20.932	2
20.943	2
20.958	2
21.033	2
21.276	2
21.735	2
22.477	2
22.651	2
22.677	2
22.829	2
22.903	2
23.026	2
23.072	2
23.562	2
23.663	2
23.793	2
24.56	2
24.732	2
25.05	2
25.333	2
25.504	2
25.536	2
25.543	2
26.41	2
26.461	2
28.335	2
29.604	2
31.112	2
20.162	1
20.178	1
20.207	1
20.25	1
20.271	1
20.293	1
20.302	1
20.341	1
20.481	1
20.488	1
20.575	1
20.612	1
20.614	1
20.633	1
20.638	1
20.664	1
20.7	1
20.703	1
20.731	1
20.863	1
20.932	1
20.943	1
20.958	1
21.033	1
21.276	1
21.735	1
22.477	1
22.651	1
22.677	1
22.829	2
22.903	2
23.026	2
23.072	2
23.562	2
23.663	2
23.793	2
24.56	2
24.732	2
25.05	2
25.333	3
25.504	3
25.536	3
25.543	3
26.41	3
26.461	3
28.335	3
29.604	3
31.112	3
20.25	1
20.271	1
20.293	1
20.302	1
20.341	1
20.481	1
20.488	1
20.575	1
20.612	1
20.614	1
20.633	1
20.638	1
20.664	1
20.7	1
20.703	1
20.731	1
20.863	1
20.932	1
20.943	1
20.958	1
21.033	1
21.276	1
21.735	1
22.477	1
22.651	1
22.677	1
22.829	1
22.903	1
23.026	1
23.072	1
23.562	1
23.663	1
23.793	1
24.56	1
24.732	1
25.05	1
25.333	2
25.504	2
25.536	2
25.543	2
26.41	2
26.461	2
28.335	2
29.604	2
31.112	2
20.25	1
20.271	1
20.293	2
20.302	2
20.341	2
20.481	2
20.488	2
20.575	2
20.612	2
20.614	2
20.633	2
20.638	2
20.664	2
20.7	2
20.703	2
20.731	2
20.863	2
20.932	3
20.943	3
20.958	3
21.033	3
21.276	3
21.735	3
22.477	3
22.651	3
22.677	3
22.829	3
22.903	3
23.026	3
23.072	3
23.562	3
23.663	3
23.793	3
24.56	3
24.732	3
25.05	3
25.333	3
25.504	3
25.536	3
25.543	3
26.41	3
26.461	3
28.335	3
29.604	3
31.112	3
20.481	1
20.488	1
20.575	1
20.612	1
20.614	1
20.633	1
20.638	1
20.664	1
20.7	1
20.703	2
20.731	3
20.863	3
20.932	3
20.943	3
20.958	3
21.033	3
21.276	3
21.735	3
22.477	3
22.651	3
22.677	3
22.829	3
22.903	3
23.026	3
23.072	3
23.562	3
23.663	3
23.793	3
24.56	3
24.732	3
25.05	3
25.333	3
25.504	3
25.536	2
25.543	2
26.41	2
26.461	2
28.335	2
29.604	2
31.112	2
20.207	1
20.25	1
20.271	1
20.293	1
20.302	2
20.341	2
20.481	2
20.488	2
20.575	2
20.612	2
20.614	2
20.633	2
20.638	3
20.664	3
20.7	3
20.703	3
20.731	3
20.863	3
20.932	3
20.943	3
20.958	3
21.033	3
21.276	3
21.735	3
22.477	3
22.651	3
22.677	3
22.829	3
22.903	3
23.026	3
23.072	3
23.562	3
23.663	3
23.793	3
24.56	3
24.732	3
25.05	3
25.333	3
25.504	3
25.536	3
25.543	3
26.41	3
26.461	3
28.335	3
29.604	3
31.112	3
20.178	1
20.207	2
20.25	2
20.271	2
20.293	2
20.302	2
20.341	2
20.481	2
20.488	2
20.575	2
20.612	2
20.614	2
20.633	2
20.638	2
20.664	2
20.7	2
20.703	2
20.731	3
20.863	3
20.932	3
20.943	3
20.958	3
21.033	3
21.276	3
21.735	3
22.477	3
22.651	3
22.677	3
22.829	3
22.903	3
23.026	3
23.072	3
23.562	3
23.663	3
23.793	3
24.56	3
24.732	3
25.05	3
25.333	3
25.504	3
25.536	3
25.543	3
26.41	3
26.461	3
28.335	3
29.604	3
31.112	3
20.481	1
20.488	1
20.575	1
20.612	1
20.614	2
20.633	2
20.638	2
20.664	3
20.7	3
20.703	3
20.731	3
20.863	3
20.932	3
20.943	3
20.958	3
21.033	3
21.276	3
21.735	3
22.477	3
22.651	3
22.677	3
22.829	3
22.903	3
23.026	3
23.072	3
23.562	3
23.663	3
23.793	3
24.56	3
24.732	3
25.05	3
25.333	3
25.504	3
25.536	3
25.543	3
26.41	3
26.461	3
28.335	3
29.604	3
31.112	3
20.207	1
20.25	1
20.271	1
20.293	1
20.302	2
20.341	2
20.481	2
20.488	2
20.575	2
20.612	2
20.614	2
20.633	2
20.638	2
20.664	2
20.7	2
20.703	2
20.731	2
20.863	2
20.932	2
20.943	2
20.958	2
21.033	2
21.276	2
21.735	2
22.477	2
22.651	2
22.677	2
22.829	2
22.903	2
23.026	2
23.072	2
23.562	2
23.663	2
23.793	2
24.56	2
24.732	2
25.05	2
25.333	2
25.504	2
25.536	2
25.543	2
26.41	2
26.461	2
28.335	2
29.604	2
31.112	2
21.033	1
21.276	1
21.735	1
22.477	1
22.651	1
22.677	1
22.829	1
22.903	2
23.026	2
23.072	2
23.562	2
23.663	2
23.793	2
24.56	2
24.732	2
25.05	2
25.333	2
25.504	2
25.536	2
25.543	2
26.41	2
26.461	2
28.335	2
29.604	2
31.112	2
20.178	1
20.207	1
20.25	1
20.271	1
20.293	1
20.302	2
20.341	2
20.481	2
20.488	2
20.575	2
20.612	2
20.614	2
20.633	2
20.638	2
20.664	2
20.7	2
20.703	2
20.731	2
20.863	2
20.932	2
20.943	2
20.958	2
21.033	2
21.276	2
21.735	2
22.477	2
22.651	2
22.677	2
22.829	3
22.903	3
23.026	3
23.072	3
23.562	3
23.663	3
23.793	3
24.56	3
24.732	3
25.05	3
25.333	3
25.504	3
25.536	3
25.543	3
26.41	3
26.461	3
28.335	3
29.604	3
31.112	3
20.207	1
20.25	2
20.271	2
20.293	2
20.302	3
20.341	3
20.481	3
20.488	3
20.575	3
20.612	3
20.614	3
20.633	3
20.638	3
20.664	3
20.7	3
20.703	3
20.731	3
20.863	3
20.932	3
20.943	3
20.958	3
21.033	3
21.276	3
21.735	3
22.477	3
22.651	3
22.677	3
22.829	3
22.903	3
23.026	3
23.072	3
23.562	3
23.663	3
23.793	3
24.56	3
24.732	3
25.05	3
25.333	3
25.504	3
25.536	3
25.543	3
26.41	3
26.461	3
28.335	3
29.604	3
31.112	3
20.293	1
20.302	2
20.341	2
20.481	2
20.488	2
20.575	2
20.612	2
20.614	2
20.633	2
20.638	2
20.664	2
20.7	2
20.703	2
20.731	3
20.863	3
20.932	3
20.943	3
20.958	3
21.033	3
21.276	3
21.735	3
22.477	3
22.651	3
22.677	3
22.829	3
22.903	3
23.026	3
23.072	3
23.562	3
23.663	3
23.793	3
24.56	3
24.732	3
25.05	3
25.333	3
25.504	3
25.536	3
25.543	3
26.41	3
26.461	3
28.335	3
29.604	3
31.112	3
20.25	1
20.271	1
20.293	2
20.302	2
20.341	2
20.481	3
20.488	3
20.575	3
20.612	3
20.614	3
20.633	3
20.638	3
20.664	3
20.7	3
20.703	3
20.731	3
20.863	3
20.932	3
20.943	3
20.958	3
21.033	3
21.276	3
21.735	3
22.477	3
22.651	3
22.677	3
22.829	3
22.903	3
23.026	3
23.072	3
23.562	3
23.663	3
23.793	3
24.56	3
24.732	3
25.05	3
25.333	3
25.504	3
25.536	3
25.543	3
26.41	3
26.461	3
28.335	3
29.604	3
31.112	3
20.178	1
20.207	1
20.25	2
20.271	2
20.293	2
20.302	2
20.341	2
20.481	2
20.488	2
20.575	2
20.612	2
20.614	3
20.633	3
20.638	3
20.664	3
20.7	3
20.703	3
20.731	3
20.863	3
20.932	3
20.943	3
20.958	3
21.033	3
21.276	3
21.735	3
22.477	3
22.651	3
22.677	3
22.829	3
22.903	3
23.026	3
23.072	3
23.562	3
23.663	3
23.793	3
24.56	3
24.732	3
25.05	3
25.333	3
25.504	3
25.536	3
25.543	3
26.41	3
26.461	3
28.335	3
29.604	3
31.112	3
20.207	1
20.25	2
20.271	2
20.293	2
20.302	2
20.341	2
20.481	2
20.488	2
20.575	2
20.612	2
20.614	2
20.633	2
20.638	3
20.664	3
20.7	3
20.703	3
20.731	3
20.863	3
20.932	3
20.943	3
20.958	3
21.033	3
21.276	3
21.735	3
22.477	3
22.651	3
22.677	3
22.829	3
22.903	3
23.026	3
23.072	3
23.562	3
23.663	3
23.793	3
24.56	3
24.732	3
25.05	3
25.333	3
25.504	3
25.536	3
25.543	3
26.41	3
26.461	3
28.335	3
29.604	3
31.112	3
20.162	1
20.178	1
20.207	1
20.25	2
20.271	2
20.293	2
20.302	2
20.341	2
20.481	2
20.488	2
20.575	2
20.612	2
20.614	2
20.633	2
20.638	2
20.664	2
20.7	2
20.703	2
20.731	2
20.863	2
20.932	2
20.943	2
20.958	2
21.033	2
21.276	2
21.735	2
22.477	2
22.651	2
22.677	2
22.829	3
22.903	3
23.026	3
23.072	3
23.562	3
23.663	3
23.793	3
24.56	3
24.732	3
25.05	3
25.333	3
25.504	3
25.536	3
25.543	3
26.41	3
26.461	3
28.335	3
29.604	3
31.112	3
20.481	1
20.488	1
20.575	1
20.612	1
20.614	1
20.633	1
20.638	1
20.664	1
20.7	1
20.703	1
20.731	1
20.863	1
20.932	1
20.943	1
20.958	1
21.033	1
21.276	1
21.735	1
22.477	1
22.651	1
22.677	1
22.829	2
22.903	2
23.026	2
23.072	2
23.562	2
23.663	2
23.793	2
24.56	2
24.732	2
25.05	2
25.333	2
25.504	2
25.536	2
25.543	2
26.41	2
26.461	2
28.335	2
29.604	2
31.112	2
20.481	1
20.488	1
20.575	1
20.612	1
20.614	1
20.633	1
20.638	1
20.664	1
20.7	1
20.703	1
20.731	1
20.863	1
20.932	1
20.943	1
20.958	1
21.033	1
21.276	1
21.735	2
22.477	2
22.651	2
22.677	2
22.829	2
22.903	2
23.026	2
23.072	2
23.562	2
23.663	2
23.793	2
24.56	2
24.732	2
25.05	2
25.333	3
25.504	3
25.536	3
25.543	3
26.41	3
26.461	3
28.335	3
29.604	3
31.112	3
20.481	1
20.488	1
20.575	1
20.612	1
20.614	1
20.633	1
20.638	1
20.664	1
20.7	1
20.703	1
20.731	1
20.863	1
20.932	1
20.943	1
20.958	1
21.033	1
21.276	1
21.735	1
22.477	1
22.651	1
22.677	1
22.829	1
22.903	2
23.026	2
23.072	2
23.562	2
23.663	2
23.793	2
24.56	2
24.732	2
25.05	2
25.333	2
25.504	2
25.536	2
25.543	2
26.41	2
26.461	2
28.335	2
29.604	2
31.112	2
20.638	1
20.664	1
20.7	1
20.703	1
20.731	2
20.863	2
20.932	2
20.943	2
20.958	2
21.033	2
21.276	2
21.735	2
22.477	2
22.651	2
22.677	2
22.829	3
22.903	3
23.026	3
23.072	3
23.562	3
23.663	3
23.793	3
24.56	3
24.732	3
25.05	3
25.333	3
25.504	3
25.536	3
25.543	3
26.41	3
26.461	3
28.335	3
29.604	3
31.112	3
20.207	1
20.25	1
20.271	1
20.293	1
20.302	1
20.341	1
20.481	1
20.488	1
20.575	1
20.612	1
20.614	1
20.633	1
20.638	2
20.664	2
20.7	2
20.703	2
20.731	3
20.863	3
20.932	3
20.943	3
20.958	3
21.033	3
21.276	3
21.735	3
22.477	3
22.651	3
22.677	3
22.829	3
22.903	3
23.026	3
23.072	3
23.562	3
23.663	3
23.793	3
24.56	3
24.732	3
25.05	3
25.333	3
25.504	3
25.536	3
25.543	3
26.41	3
26.461	3
28.335	3
29.604	3
31.112	3
20.25	1
20.271	1
20.293	2
20.302	3
20.341	3
20.481	3
20.488	3
20.575	3
20.612	3
20.614	3
20.633	3
20.638	3
20.664	3
20.7	3
20.703	3
20.731	3
20.863	3
20.932	3
20.943	3
20.958	3
21.033	3
21.276	3
21.735	3
22.477	3
22.651	3
22.677	3
22.829	3
22.903	3
23.026	3
23.072	3
23.562	3
23.663	3
23.793	3
24.56	3
24.732	3
25.05	3
25.333	3
25.504	3
25.536	3
25.543	3
26.41	3
26.461	3
28.335	3
29.604	3
31.112	3
20.302	1
20.341	1
20.481	1
20.488	2
20.575	2
20.612	2
20.614	2
20.633	2
20.638	2
20.664	2
20.7	2
20.703	2
20.731	2
20.863	3
20.932	3
20.943	3
20.958	4
21.033	4
21.276	4
21.735	4
22.477	4
22.651	4
22.677	4
22.829	4
22.903	4
23.026	4
23.072	4
23.562	4
23.663	4
23.793	4
24.56	4
24.732	4
25.05	4
25.333	4
25.504	4
25.536	4
25.543	4
26.41	3
26.461	3
28.335	3
29.604	3
31.112	3
20.178	1
20.207	2
20.25	2
20.271	2
20.293	2
20.302	2
20.341	2
20.481	2
20.488	2
20.575	2
20.612	2
20.614	2
20.633	2
20.638	2
20.664	2
20.7	2
20.703	2
20.731	2
20.863	2
20.932	3
20.943	3
20.958	3
21.033	3
21.276	3
21.735	3
22.477	3
22.651	3
22.677	3
22.829	3
22.903	3
23.026	3
23.072	3
23.562	3
23.663	3
23.793	3
24.56	3
24.732	3
25.05	3
25.333	3
25.504	3
25.536	3
25.543	3
26.41	3
26.461	3
28.335	3
29.604	3
31.112	3
20.178	1
20.207	1
20.25	1
20.271	1
20.293	1
20.302	2
20.341	2
20.481	2
20.488	2
20.575	2
20.612	2
20.614	2
20.633	2
20.638	3
20.664	3
20.7	3
20.703	3
20.731	3
20.863	3
20.932	3
20.943	3
20.958	3
21.033	3
21.276	3
21.735	3
22.477	3
22.651	3
22.677	3
22.829	3
22.903	3
23.026	3
23.072	3
23.562	3
23.663	3
23.793	3
24.56	3
24.732	3
25.05	3
25.333	3
25.504	3
25.536	3
25.543	3
26.41	3
26.461	3
28.335	3
29.604	3
31.112	3
20.302	1
20.341	1
20.481	1
20.488	1
20.575	1
20.612	1
20.614	2
20.633	2
20.638	2
20.664	2
20.7	2
20.703	2
20.731	2
20.863	2
20.932	2
20.943	2
20.958	2
21.033	2
21.276	2
21.735	2
22.477	2
22.651	2
22.677	2
22.829	2
22.903	2
23.026	2
23.072	2
23.562	2
23.663	2
23.793	2
24.56	2
24.732	2
25.05	2
25.333	2
25.504	2
25.536	2
25.543	2
26.41	2
26.461	2
28.335	2
29.604	2
31.112	2
20.25	1
20.271	1
20.293	2
20.302	2
20.341	2
20.481	3
20.488	3
20.575	3
20.612	3
20.614	3
20.633	3
20.638	3
20.664	3
20.7	3
20.703	3
20.731	3
20.863	3
20.932	3
20.943	3
20.958	3
21.033	3
21.276	3
21.735	3
22.477	3
22.651	3
22.677	3
22.829	3
22.903	3
23.026	3
23.072	3
23.562	3
23.663	3
23.793	3
24.56	3
24.732	3
25.05	3
25.333	3
25.504	3
25.536	3
25.543	3
26.41	3
26.461	3
28.335	3
29.604	3
31.112	3
20.302	1
20.341	1
20.481	1
20.488	1
20.575	1
20.612	1
20.614	1
20.633	1
20.638	1
20.664	1
20.7	1
20.703	1
20.731	1
20.863	1
20.932	1
20.943	1
20.958	1
21.033	1
21.276	1
21.735	1
22.477	1
22.651	2
22.677	2
22.829	3
22.903	4
23.026	5
23.072	6
23.562	6
23.663	6
23.793	5
24.56	5
24.732	5
25.05	5
25.333	5
25.504	5
25.536	5
25.543	5
26.41	5
26.461	4
28.335	4
29.604	4
31.112	3
20.481	1
20.488	1
20.575	1
20.612	1
20.614	1
20.633	1
20.638	1
20.664	1
20.7	1
20.703	1
20.731	1
20.863	1
20.932	1
20.943	1
20.958	1
21.033	1
21.276	1
21.735	1
22.477	1
22.651	1
22.677	1
22.829	1
22.903	2
23.026	2
23.072	2
23.562	2
23.663	2
23.793	2
24.56	2
24.732	2
25.05	2
25.333	2
25.504	2
25.536	2
25.543	2
26.41	2
26.461	2
28.335	2
29.604	2
31.112	2
20.614	1
20.633	1
20.638	2
20.664	2
20.7	2
20.703	2
20.731	2
20.863	2
20.932	3
20.943	3
20.958	3
21.033	3
21.276	3
21.735	3
22.477	3
22.651	3
22.677	3
22.829	3
22.903	3
23.026	3
23.072	3
23.562	3
23.663	3
23.793	3
24.56	3
24.732	3
25.05	3
25.333	3
25.504	3
25.536	3
25.543	3
26.41	3
26.461	3
28.335	3
29.604	3
31.112	3
20.481	1
20.488	1
20.575	1
20.612	1
20.614	1
20.633	1
20.638	1
20.664	1
20.7	1
20.703	1
20.731	1
20.863	1
20.932	1
20.943	1
20.958	1
21.033	1
21.276	1
21.735	1
22.477	1
22.651	1
22.677	1
22.829	1
22.903	2
23.026	2
23.072	2
23.562	2
23.663	2
23.793	2
24.56	2
24.732	2
25.05	2
25.333	3
25.504	3
25.536	3
25.543	3
26.41	3
26.461	3
28.335	3
29.604	3
31.112	3
20.302	1
20.341	1
20.481	1
20.488	1
20.575	1
20.612	1
20.614	1
20.633	1
20.638	2
20.664	2
20.7	2
20.703	2
20.731	2
20.863	2
20.932	3
20.943	3
20.958	3
21.033	3
21.276	3
21.735	3
22.477	3
22.651	3
22.677	3
22.829	3
22.903	3
23.026	3
23.072	3
23.562	3
23.663	3
23.793	3
24.56	3
24.732	3
25.05	3
25.333	3
25.504	3
25.536	3
25.543	3
26.41	3
26.461	3
28.335	3
29.604	3
31.112	3
20.162	1
20.178	2
20.207	2
20.25	2
20.271	2
20.293	2
20.302	2
20.341	2
20.481	2
20.488	2
20.575	2
20.612	2
20.614	3
20.633	3
20.638	3
20.664	3
20.7	3
20.703	3
20.731	3
20.863	3
20.932	3
20.943	3
20.958	3
21.033	3
21.276	3
21.735	3
22.477	3
22.651	3
22.677	3
22.829	3
22.903	3
23.026	3
23.072	3
23.562	3
23.663	3
23.793	3
24.56	3
24.732	3
25.05	3
25.333	3
25.504	3
25.536	3
25.543	3
26.41	3
26.461	3
28.335	3
29.604	3
31.112	3
20.207	1
20.25	1
20.271	1
20.293	2
20.302	3
20.341	3
20.481	3
20.488	3
20.575	3
20.612	3
20.614	3
20.633	3
20.638	3
20.664	3
20.7	3
20.703	3
20.731	3
20.863	3
20.932	3
20.943	3
20.958	3
21.033	3
21.276	3
21.735	3
22.477	3
22.651	3
22.677	3
22.829	3
22.903	3
23.026	3
23.072	3
23.562	3
23.663	3
23.793	3
24.56	3
24.732	3
25.05	3
25.333	3
25.504	3
25.536	3
25.543	3
26.41	3
26.461	3
28.335	3
29.604	3
31.112	3
20.162	1
20.178	1
20.207	1
20.25	1
20.271	1
20.293	1
20.302	1
20.341	1
20.481	1
20.488	1
20.575	1
20.612	1
20.614	2
20.633	2
20.638	2
20.664	2
20.7	2
20.703	2
20.731	2
20.863	2
20.932	2
20.943	2
20.958	2
21.033	2
21.276	2
21.735	2
22.477	2
22.651	2
22.677	2
22.829	2
22.903	2
23.026	2
23.072	2
23.562	2
23.663	2
23.793	2
24.56	2
24.732	2
25.05	2
25.333	3
25.504	3
25.536	3
25.543	3
26.41	3
26.461	3
28.335	3
29.604	3
31.112	3
20.207	1
20.25	2
20.271	2
20.293	3
20.302	3
20.341	3
20.481	3
20.488	3
20.575	3
20.612	3
20.614	3
20.633	3
20.638	3
20.664	3
20.7	3
20.703	3
20.731	3
20.863	3
20.932	3
20.943	3
20.958	3
21.033	3
21.276	3
21.735	3
22.477	3
22.651	3
22.677	3
22.829	3
22.903	3
23.026	3
23.072	3
23.562	3
23.663	3
23.793	3
24.56	3
24.732	3
25.05	3
25.333	3
25.504	3
25.536	3
25.543	3
26.41	3
26.461	3
28.335	3
29.604	3
31.112	3
20.293	1
20.302	1
20.341	1
20.481	1
20.488	1
20.575	1
20.612	1
20.614	1
20.633	1
20.638	1
20.664	1
20.7	1
20.703	1
20.731	1
20.863	1
20.932	1
20.943	1
20.958	1
21.033	1
21.276	1
21.735	1
22.477	1
22.651	1
22.677	1
22.829	1
22.903	1
23.026	1
23.072	1
23.562	1
23.663	1
23.793	1
24.56	1
24.732	1
25.05	1
25.333	2
25.504	2
25.536	2
25.543	2
26.41	2
26.461	2
28.335	2
29.604	2
31.112	2
20.293	1
20.302	2
20.341	2
20.481	2
20.488	2
20.575	2
20.612	2
20.614	2
20.633	2
20.638	2
20.664	2
20.7	2
20.703	2
20.731	3
20.863	3
20.932	3
20.943	3
20.958	3
21.033	3
21.276	3
21.735	3
22.477	3
22.651	3
22.677	3
22.829	3
22.903	3
23.026	3
23.072	3
23.562	3
23.663	3
23.793	3
24.56	3
24.732	3
25.05	3
25.333	3
25.504	3
25.536	3
25.543	3
26.41	3
26.461	3
28.335	3
29.604	3
31.112	3
20.162	1
20.178	1
20.207	1
20.25	1
20.271	1
20.293	1
20.302	2
20.341	2
20.481	2
20.488	2
20.575	2
20.612	2
20.614	2
20.633	2
20.638	3
20.664	3
20.7	3
20.703	3
20.731	3
20.863	3
20.932	3
20.943	3
20.958	3
21.033	3
21.276	3
21.735	3
22.477	3
22.651	3
22.677	3
22.829	3
22.903	3
23.026	3
23.072	3
23.562	3
23.663	3
23.793	3
24.56	3
24.732	3
25.05	3
25.333	3
25.504	3
25.536	3
25.543	3
26.41	3
26.461	3
28.335	3
29.604	3
31.112	3
20.25	1
20.271	1
20.293	1
20.302	1
20.341	1
20.481	1
20.488	1
20.575	1
20.612	1
20.614	1
20.633	1
20.638	1
20.664	1
20.7	1
20.703	1
20.731	1
20.863	1
20.932	1
20.943	1
20.958	1
21.033	1
21.276	1
21.735	1
22.477	1
22.651	1
22.677	1
22.829	1
22.903	1
23.026	1
23.072	1
23.562	1
23.663	1
23.793	1
24.56	1
24.732	1
25.05	1
25.333	2
25.504	2
25.536	2
25.543	2
26.41	2
26.461	2
28.335	2
29.604	2
31.112	2
20.207	1
20.25	2
20.271	2
20.293	3
20.302	3
20.341	3
20.481	3
20.488	3
20.575	3
20.612	3
20.614	3
20.633	3
20.638	3
20.664	3
20.7	3
20.703	3
20.731	3
20.863	3
20.932	3
20.943	3
20.958	3
21.033	3
21.276	3
21.735	3
22.477	3
22.651	3
22.677	3
22.829	3
22.903	3
23.026	3
23.072	3
23.562	3
23.663	3
23.793	3
24.56	3
24.732	3
25.05	3
25.333	3
25.504	3
25.536	3
25.543	3
26.41	3
26.461	3
28.335	3
29.604	3
31.112	3
20.162	1
20.178	1
20.207	1
20.25	1
20.271	1
20.293	1
20.302	1
20.341	1
20.481	1
20.488	1
20.575	1
20.612	1
20.614	1
20.633	1
20.638	1
20.664	1
20.7	1
20.703	1
20.731	1
20.863	1
20.932	1
20.943	1
20.958	1
21.033	1
21.276	1
21.735	1
22.477	1
22.651	1
22.677	1
22.829	2
22.903	3
23.026	3
23.072	3
23.562	3
23.663	3
23.793	3
24.56	3
24.732	3
25.05	3
25.333	3
25.504	3
25.536	3
25.543	3
26.41	3
26.461	3
28.335	3
29.604	3
31.112	3
20.25	1
20.271	1
20.293	1
20.302	1
20.341	1
20.481	1
20.488	1
20.575	1
20.612	1
20.614	1
20.633	1
20.638	2
20.664	2
20.7	2
20.703	2
20.731	2
20.863	2
20.932	2
20.943	2
20.958	2
21.033	2
21.276	2
21.735	2
22.477	2
22.651	2
22.677	2
22.829	2
22.903	3
23.026	3
23.072	3
23.562	3
23.663	3
23.793	3
24.56	3
24.732	3
25.05	3
25.333	3
25.504	3
25.536	3
25.543	3
26.41	3
26.461	3
28.335	3
29.604	3
31.112	3
20.614	1
20.633	1
20.638	2
20.664	2
20.7	2
20.703	2
20.731	2
20.863	2
20.932	2
20.943	2
20.958	2
21.033	2
21.276	2
21.735	2
22.477	2
22.651	2
22.677	2
22.829	2
22.903	2
23.026	2
23.072	2
23.562	2
23.663	2
23.793	2
24.56	2
24.732	2
25.05	2
25.333	2
25.504	2
25.536	2
25.543	2
26.41	2
26.461	2
28.335	2
29.604	2
31.112	2
20.302	1
20.341	1
20.481	1
20.488	1
20.575	1
20.612	1
20.614	1
20.633	1
20.638	1
20.664	1
20.7	1
20.703	1
20.731	1
20.863	1
20.932	2
20.943	2
20.958	2
21.033	2
21.276	2
21.735	2
22.477	2
22.651	2
22.677	2
22.829	2
22.903	2
23.026	2
23.072	2
23.562	2
23.663	2
23.793	2
24.56	2
24.732	2
25.05	2
25.333	3
25.504	3
25.536	3
25.543	3
26.41	3
26.461	3
28.335	3
29.604	3
31.112	3
20.178	1
20.207	2
20.25	2
20.271	2
20.293	2
20.302	2
20.341	2
20.481	2
20.488	2
20.575	2
20.612	2
20.614	2
20.633	2
20.638	2
20.664	2
20.7	2
20.703	2
20.731	2
20.863	2
20.932	3
20.943	3
20.958	3
21.033	3
21.276	3
21.735	3
22.477	3
22.651	3
22.677	3
22.829	3
22.903	3
23.026	3
23.072	3
23.562	3
23.663	3
23.793	3
24.56	3
24.732	3
25.05	3
25.333	3
25.504	3
25.536	3
25.543	3
26.41	3
26.461	3
28.335	3
29.604	3
31.112	3
20.614	1
20.633	1
20.638	1
20.664	1
20.7	2
20.703	2
20.731	2
20.863	2
20.932	2
20.943	2
20.958	2
21.033	2
21.276	2
21.735	2
22.477	2
22.651	2
22.677	2
22.829	3
22.903	4
23.026	4
23.072	4
23.562	4
23.663	4
23.793	4
24.56	4
24.732	4
25.05	4
25.333	4
25.504	4
25.536	4
25.543	4
26.41	4
26.461	4
28.335	4
29.604	3
31.112	3
20.162	1
20.178	2
20.207	3
20.25	3
20.271	3
20.293	3
20.302	3
20.341	3
20.481	3
20.488	3
20.575	3
20.612	3
20.614	3
20.633	3
20.638	3
20.664	3
20.7	3
20.703	3
20.731	3
20.863	3
20.932	3
20.943	3
20.958	3
21.033	3
21.276	3
21.735	3
22.477	3
22.651	3
22.677	3
22.829	3
22.903	3
23.026	3
23.072	3
23.562	3
23.663	3
23.793	3
24.56	3
24.732	3
25.05	3
25.333	3
25.504	3
25.536	3
25.543	3
26.41	3
26.461	3
28.335	3
29.604	3
31.112	3
20.25	1
20.271	1
20.293	1
20.302	1
20.341	1
20.481	1
20.488	1
20.575	1
20.612	1
20.614	1
20.633	1
20.638	1
20.664	1
20.7	1
20.703	1
20.731	1
20.863	1
20.932	1
20.943	1
20.958	1
21.033	1
21.276	1
21.735	1
22.477	1
22.651	1
22.677	1
22.829	2
22.903	2
23.026	2
23.072	2
23.562	2
23.663	2
23.793	2
24.56	2
24.732	2
25.05	2
25.333	2
25.504	2
25.536	2
25.543	2
26.41	2
26.461	2
28.335	2
29.604	2
31.112	2
20.293	1
20.302	2
20.341	2
20.481	3
20.488	3
20.575	3
20.612	3
20.614	3
20.633	3
20.638	3
20.664	3
20.7	3
20.703	3
20.731	3
20.863	3
20.932	3
20.943	3
20.958	3
21.033	3
21.276	3
21.735	3
22.477	3
22.651	3
22.677	3
22.829	3
22.903	3
23.026	3
23.072	3
23.562	3
23.663	3
23.793	3
24.56	3
24.732	3
25.05	3
25.333	3
25.504	3
25.536	3
25.543	3
26.41	3
26.461	3
28.335	3
29.604	3
31.112	3
20.178	1
20.207	2
20.25	2
20.271	2
20.293	2
20.302	2
20.341	2
20.481	2
20.488	2
20.575	2
20.612	2
20.614	2
20.633	2
20.638	3
20.664	3
20.7	3
20.703	3
20.731	3
20.863	3
20.932	3
20.943	3
20.958	3
21.033	3
21.276	3
21.735	3
22.477	3
22.651	3
22.677	3
22.829	3
22.903	3
23.026	3
23.072	3
23.562	3
23.663	3
23.793	3
24.56	3
24.732	3
25.05	3
25.333	3
25.504	3
25.536	3
25.543	3
26.41	3
26.461	3
28.335	3
29.604	3
31.112	3
20.178	1
20.207	2
20.25	2
20.271	2
20.293	2
20.302	2
20.341	2
20.481	2
20.488	2
20.575	2
20.612	2
20.614	2
20.633	2
20.638	3
20.664	3
20.7	3
20.703	3
20.731	3
20.863	3
20.932	3
20.943	3
20.958	3
21.033	3
21.276	3
21.735	3
22.477	3
22.651	3
22.677	3
22.829	3
22.903	3
23.026	3
23.072	3
23.562	3
23.663	3
23.793	3
24.56	3
24.732	3
25.05	3
25.333	3
25.504	3
25.536	3
25.543	3
26.41	3
26.461	3
28.335	3
29.604	3
31.112	3
20.178	1
20.207	2
20.25	2
20.271	2
20.293	2
20.302	2
20.341	2
20.481	2
20.488	2
20.575	2
20.612	2
20.614	2
20.633	2
20.638	2
20.664	2
20.7	2
20.703	2
20.731	2
20.863	2
20.932	3
20.943	3
20.958	3
21.033	3
21.276	3
21.735	3
22.477	3
22.651	3
22.677	3
22.829	3
22.903	3
23.026	3
23.072	3
23.562	3
23.663	3
23.793	3
24.56	3
24.732	3
25.05	3
25.333	3
25.504	3
25.536	3
25.543	3
26.41	3
26.461	3
28.335	3
29.604	3
31.112	3
20.207	1
20.25	2
20.271	2
20.293	2
20.302	2
20.341	2
20.481	2
20.488	2
20.575	2
20.612	2
20.614	2
20.633	2
20.638	2
20.664	2
20.7	2
20.703	2
20.731	2
20.863	2
20.932	3
20.943	3
20.958	3
21.033	3
21.276	3
21.735	3
22.477	3
22.651	3
22.677	3
22.829	3
22.903	3
23.026	3
23.072	3
23.562	3
23.663	3
23.793	3
24.56	3
24.732	3
25.05	3
25.333	3
25.504	3
25.536	3
25.543	3
26.41	3
26.461	3
28.335	3
29.604	3
31.112	3
20.25	1
20.271	1
20.293	2
20.302	2
20.341	2
20.481	2
20.488	2
20.575	2
20.612	2
20.614	2
20.633	2
20.638	2
20.664	2
20.7	2
20.703	2
20.731	3
20.863	3
20.932	3
20.943	3
20.958	3
21.033	3
21.276	3
21.735	3
22.477	3
22.651	3
22.677	3
22.829	3
22.903	3
23.026	3
23.072	3
23.562	3
23.663	3
23.793	3
24.56	3
24.732	3
25.05	3
25.333	3
25.504	3
25.536	3
25.543	3
26.41	3
26.461	3
28.335	3
29.604	3
31.112	3
20.25	1
20.271	1
20.293	1
20.302	1
20.341	1
20.481	1
20.488	1
20.575	1
20.612	1
20.614	1
20.633	1
20.638	1
20.664	1
20.7	1
20.703	1
20.731	2
20.863	2
20.932	2
20.943	2
20.958	2
21.033	2
21.276	2
21.735	2
22.477	2
22.651	2
22.677	2
22.829	2
22.903	3
23.026	3
23.072	3
23.562	3
23.663	3
23.793	3
24.56	3
24.732	3
25.05	3
25.333	3
25.504	3
25.536	3
25.543	3
26.41	3
26.461	3
28.335	3
29.604	3
31.112	3
20.25	1
20.271	1
20.293	2
20.302	2
20.341	2
20.481	2
20.488	2
20.575	2
20.612	2
20.614	2
20.633	2
20.638	2
20.664	2
20.7	2
20.703	2
20.731	2
20.863	2
20.932	2
20.943	2
20.958	2
21.033	2
21.276	2
21.735	2
22.477	2
22.651	2
22.677	2
22.829	2
22.903	3
23.026	3
23.072	3
23.562	3
23.663	3
23.793	3
24.56	3
24.732	3
25.05	3
25.333	3
25.504	3
25.536	3
25.543	3
26.41	3
26.461	3
28.335	3
29.604	3
31.112	3
20.25	1
20.271	1
20.293	2
20.302	2
20.341	2
20.481	2
20.488	2
20.575	2
20.612	2
20.614	2
20.633	2
20.638	2
20.664	2
20.7	2
20.703	2
20.731	3
20.863	3
20.932	3
20.943	3
20.958	3
21.033	3
21.276	3
21.735	3
22.477	3
22.651	3
22.677	3
22.829	3
22.903	3
23.026	3
23.072	3
23.562	3
23.663	3
23.793	3
24.56	3
24.732	3
25.05	3
25.333	3
25.504	3
25.536	3
25.543	3
26.41	3
26.461	3
28.335	3
29.604	3
31.112	3
20.207	1
20.25	1
20.271	1
20.293	1
20.302	1
20.341	1
20.481	1
20.488	1
20.575	1
20.612	1
20.614	1
20.633	1
20.638	2
20.664	2
20.7	2
20.703	2
20.731	2
20.863	2
20.932	3
20.943	3
20.958	3
21.033	3
21.276	3
21.735	3
22.477	3
22.651	3
22.677	3
22.829	3
22.903	3
23.026	3
23.072	3
23.562	3
23.663	3
23.793	3
24.56	3
24.732	3
25.05	3
25.333	3
25.504	3
25.536	3
25.543	3
26.41	3
26.461	3
28.335	3
29.604	3
31.112	3
20.178	1
20.207	1
20.25	1
20.271	2
20.293	2
20.302	2
20.341	2
20.481	3
20.488	3
20.575	3
20.612	3
20.614	3
20.633	3
20.638	3
20.664	3
20.7	3
20.703	3
20.731	3
20.863	3
20.932	3
20.943	3
20.958	3
21.033	3
21.276	3
21.735	3
22.477	3
22.651	3
22.677	3
22.829	3
22.903	3
23.026	3
23.072	3
23.562	3
23.663	3
23.793	3
24.56	2
24.732	1
25.05	1
25.333	1
25.504	2
25.536	2
25.543	2
26.41	2
26.461	2
28.335	2
29.604	2
31.112	2
20.178	1
20.207	1
20.25	1
20.271	1
20.293	1
20.302	1
20.341	1
20.481	1
20.488	1
20.575	1
20.612	1
20.614	2
20.633	2
20.638	2
20.664	2
20.7	2
20.703	2
20.731	2
20.863	2
20.932	2
20.943	2
20.958	2
21.033	2
21.276	2
21.735	2
22.477	2
22.651	2
22.677	2
22.829	2
22.903	3
23.026	3
23.072	3
23.562	3
23.663	3
23.793	3
24.56	3
24.732	3
25.05	3
25.333	3
25.504	3
25.536	3
25.543	3
26.41	3
26.461	3
28.335	3
29.604	3
31.112	3
20.302	1
20.341	1
20.481	1
20.488	1
20.575	1
20.612	1
20.614	1
20.633	1
20.638	2
20.664	2
20.7	2
20.703	2
20.731	2
20.863	2
20.932	2
20.943	2
20.958	2
21.033	2
21.276	2
21.735	2
22.477	2
22.651	2
22.677	2
22.829	2
22.903	3
23.026	3
23.072	3
23.562	3
23.663	3
23.793	3
24.56	3
24.732	3
25.05	3
25.333	3
25.504	3
25.536	3
25.543	3
26.41	3
26.461	3
28.335	3
29.604	3
31.112	3
20.178	1
20.207	2
20.25	2
20.271	2
20.293	2
20.302	2
20.341	2
20.481	2
20.488	2
20.575	2
20.612	2
20.614	2
20.633	2
20.638	2
20.664	2
20.7	2
20.703	2
20.731	2
20.863	2
20.932	3
20.943	3
20.958	3
21.033	3
21.276	3
21.735	3
22.477	3
22.651	3
22.677	3
22.829	3
22.903	3
23.026	3
23.072	3
23.562	3
23.663	3
23.793	3
24.56	3
24.732	3
25.05	3
25.333	3
25.504	3
25.536	3
25.543	3
26.41	3
26.461	3
28.335	3
29.604	3
31.112	3
20.162	1
20.178	1
20.207	1
20.25	2
20.271	2
20.293	3
20.302	3
20.341	3
20.481	3
20.488	3
20.575	3
20.612	3
20.614	3
20.633	3
20.638	3
20.664	3
20.7	3
20.703	3
20.731	3
20.863	3
20.932	3
20.943	3
20.958	3
21.033	3
21.276	3
21.735	3
22.477	3
22.651	3
22.677	3
22.829	3
22.903	3
23.026	3
23.072	3
23.562	3
23.663	3
23.793	3
24.56	3
24.732	3
25.05	3
25.333	3
25.504	3
25.536	3
25.543	3
26.41	3
26.461	3
28.335	3
29.604	3
31.112	3
20.638	1
20.664	1
20.7	1
20.703	1
20.731	1
20.863	1
20.932	2
20.943	2
20.958	2
21.033	2
21.276	2
21.735	2
22.477	2
22.651	2
22.677	2
22.829	2
22.903	2
23.026	2
23.072	2
23.562	2
23.663	2
23.793	2
24.56	2
24.732	2
25.05	2
25.333	3
25.504	3
25.536	3
25.543	3
26.41	3
26.461	3
28.335	3
29.604	3
31.112	3
20.178	1
20.207	1
20.25	1
20.271	1
20.293	1
20.302	1
20.341	1
20.481	1
20.488	1
20.575	1
20.612	1
20.614	2
20.633	2
20.638	2
20.664	2
20.7	2
20.703	2
20.731	2
20.863	2
20.932	3
20.943	3
20.958	3
21.033	3
21.276	3
21.735	3
22.477	3
22.651	3
22.677	3
22.829	3
22.903	3
23.026	3
23.072	3
23.562	3
23.663	3
23.793	3
24.56	3
24.732	3
25.05	3
25.333	3
25.504	3
25.536	3
25.543	3
26.41	3
26.461	3
28.335	3
29.604	3
31.112	3
20.207	1
20.25	1
20.271	1
20.293	1
20.302	1
20.341	1
20.481	1
20.488	1
20.575	1
20.612	1
20.614	2
20.633	2
20.638	2
20.664	2
20.7	2
20.703	2
20.731	3
20.863	3
20.932	3
20.943	3
20.958	3
21.033	3
21.276	3
21.735	3
22.477	3
22.651	3
22.677	3
22.829	3
22.903	3
23.026	3
23.072	3
23.562	3
23.663	3
23.793	3
24.56	3
24.732	3
25.05	3
25.333	3
25.504	3
25.536	3
25.543	3
26.41	3
26.461	3
28.335	3
29.604	3
31.112	3
20.178	1
20.207	2
20.25	2
20.271	2
20.293	2
20.302	2
20.341	2
20.481	2
20.488	2
20.575	2
20.612	2
20.614	2
20.633	2
20.638	3
20.664	3
20.7	3
20.703	3
20.731	3
20.863	3
20.932	3
20.943	3
20.958	3
21.033	3
21.276	3
21.735	3
22.477	3
22.651	3
22.677	3
22.829	3
22.903	3
23.026	3
23.072	3
23.562	3
23.663	3
23.793	3
24.56	3
24.732	3
25.05	3
25.333	3
25.504	3
25.536	3
25.543	3
26.41	3
26.461	3
28.335	3
29.604	3
31.112	3
20.162	1
20.178	1
20.207	1
20.25	1
20.271	1
20.293	1
20.302	1
20.341	1
20.481	1
20.488	1
20.575	1
20.612	1
20.614	1
20.633	1
20.638	1
20.664	1
20.7	1
20.703	1
20.731	1
20.863	1
20.932	1
20.943	1
20.958	1
21.033	1
21.276	1
21.735	1
22.477	1
22.651	1
22.677	1
22.829	1
22.903	2
23.026	2
23.072	2
23.562	2
23.663	2
23.793	2
24.56	2
24.732	2
25.05	2
25.333	2
25.504	2
25.536	2
25.543	2
26.41	2
26.461	2
28.335	2
29.604	2
31.112	2
20.638	1
20.664	1
20.7	1
20.703	1
20.731	1
20.863	1
20.932	1
20.943	1
20.958	1
21.033	1
21.276	1
21.735	1
22.477	1
22.651	1
22.677	1
22.829	1
22.903	1
23.026	1
23.072	1
23.562	1
23.663	1
23.793	1
24.56	1
24.732	1
25.05	1
25.333	2
25.504	2
25.536	2
25.543	2
26.41	2
26.461	2
28.335	2
29.604	2
31.112	2
20.25	1
20.271	1
20.293	2
20.302	2
20.341	2
20.481	2
20.488	2
20.575	2
20.612	2
20.614	2
20.633	2
20.638	2
20.664	2
20.7	2
20.703	2
20.731	2
20.863	2
20.932	2
20.943	2
20.958	2
21.033	2
21.276	3
21.735	3
22.477	3
22.651	3
22.677	3
22.829	3
22.903	3
23.026	3
23.072	3
23.562	3
23.663	3
23.793	3
24.56	3
24.732	3
25.05	3
25.333	3
25.504	3
25.536	3
25.543	3
26.41	3
26.461	3
28.335	3
29.604	3
31.112	3
20.178	1
20.207	1
20.25	1
20.271	1
20.293	1
20.302	1
20.341	1
20.481	1
20.488	1
20.575	1
20.612	1
20.614	1
20.633	1
20.638	2
20.664	2
20.7	2
20.703	2
20.731	2
20.863	2
20.932	2
20.943	2
20.958	2
21.033	2
21.276	2
21.735	2
22.477	2
22.651	2
22.677	2
22.829	2
22.903	3
23.026	3
23.072	3
23.562	3
23.663	3
23.793	3
24.56	3
24.732	3
25.05	3
25.333	3
25.504	3
25.536	3
25.543	3
26.41	3
26.461	3
28.335	3
29.604	3
31.112	3
20.25	1
20.271	1
20.293	1
20.302	1
20.341	1
20.481	1
20.488	1
20.575	1
20.612	1
20.614	2
20.633	2
20.638	2
20.664	2
20.7	2
20.703	2
20.731	3
20.863	3
20.932	3
20.943	3
20.958	3
21.033	3
21.276	3
21.735	3
22.477	3
22.651	3
22.677	3
22.829	3
22.903	3
23.026	3
23.072	3
23.562	3
23.663	3
23.793	3
24.56	3
24.732	3
25.05	3
25.333	3
25.504	3
25.536	3
25.543	3
26.41	3
26.461	3
28.335	3
29.604	3
31.112	3
20.481	1
20.488	1
20.575	1
20.612	1
20.614	2
20.633	2
20.638	2
20.664	2
20.7	2
20.703	2
20.731	2
20.863	2
20.932	2
20.943	2
20.958	2
21.033	2
21.276	2
21.735	2
22.477	2
22.651	2
22.677	2
22.829	2
22.903	2
23.026	2
23.072	2
23.562	2
23.663	2
23.793	2
24.56	2
24.732	2
25.05	2
25.333	3
25.504	3
25.536	3
25.543	3
26.41	3
26.461	3
28.335	3
29.604	3
31.112	3
20.302	1
20.341	1
20.481	2
20.488	2
20.575	2
20.612	2
20.614	2
20.633	2
20.638	2
20.664	2
20.7	2
20.703	2
20.731	2
20.863	2
20.932	2
20.943	2
20.958	2
21.033	2
21.276	2
21.735	2
22.477	2
22.651	2
22.677	2
22.829	2
22.903	2
23.026	2
23.072	2
23.562	2
23.663	2
23.793	2
24.56	2
24.732	2
25.05	2
25.333	2
25.504	2
25.536	2
25.543	2
26.41	2
26.461	2
28.335	2
29.604	2
31.112	2
20.162	1
20.178	1
20.207	1
20.25	1
20.271	1
20.293	1
20.302	1
20.341	1
20.481	2
20.488	2
20.575	2
20.612	2
20.614	2
20.633	2
20.638	2
20.664	2
20.7	2
20.703	2
20.731	2
20.863	2
20.932	2
20.943	2
20.958	2
21.033	2
21.276	2
21.735	2
22.477	2
22.651	2
22.677	2
22.829	2
22.903	2
23.026	2
23.072	2
23.562	3
23.663	3
23.793	3
24.56	3
24.732	3
25.05	3
25.333	3
25.504	3
25.536	3
25.543	3
26.41	3
26.461	3
28.335	3
29.604	3
31.112	3
20.162	1
20.178	1
20.207	1
20.25	1
20.271	1
20.293	1
20.302	1
20.341	1
20.481	2
20.488	2
20.575	2
20.612	2
20.614	2
20.633	2
20.638	2
20.664	2
20.7	2
20.703	2
20.731	2
20.863	2
20.932	2
20.943	2
20.958	2
21.033	2
21.276	2
21.735	2
22.477	2
22.651	2
22.677	2
22.829	3
22.903	3
23.026	3
23.072	3
23.562	3
23.663	3
23.793	3
24.56	3
24.732	3
25.05	3
25.333	3
25.504	3
25.536	3
25.543	3
26.41	3
26.461	3
28.335	3
29.604	3
31.112	3
20.293	1
20.302	1
20.341	1
20.481	1
20.488	1
20.575	1
20.612	1
20.614	1
20.633	1
20.638	1
20.664	1
20.7	1
20.703	1
20.731	2
20.863	2
20.932	2
20.943	2
20.958	2
21.033	2
21.276	2
21.735	2
22.477	2
22.651	2
22.677	2
22.829	2
22.903	2
23.026	2
23.072	2
23.562	2
23.663	2
23.793	2
24.56	2
24.732	2
25.05	2
25.333	3
25.504	3
25.536	3
25.543	3
26.41	3
26.461	3
28.335	3
29.604	3
31.112	3
20.162	1
20.178	1
20.207	1
20.25	1
20.271	1
20.293	1
20.302	1
20.341	1
20.481	1
20.488	1
20.575	1
20.612	1
20.614	1
20.633	1
20.638	1
20.664	1
20.7	1
20.703	1
20.731	1
20.863	1
20.932	1
20.943	1
20.958	1
21.033	1
21.276	1
21.735	1
22.477	2
22.651	2
22.677	3
22.829	3
22.903	4
23.026	4
23.072	4
23.562	4
23.663	4
23.793	4
24.56	4
24.732	4
25.05	4
25.333	4
25.504	4
25.536	4
25.543	4
26.41	4
26.461	4
28.335	3
29.604	3
31.112	3
20.162	1
20.178	1
20.207	1
20.25	1
20.271	1
20.293	1
20.302	1
20.341	1
20.481	1
20.488	1
20.575	1
20.612	1
20.614	1
20.633	1
20.638	2
20.664	2
20.7	2
20.703	2
20.731	2
20.863	2
20.932	3
20.943	3
20.958	3
21.033	3
21.276	3
21.735	3
22.477	3
22.651	3
22.677	3
22.829	3
22.903	3
23.026	3
23.072	3
23.562	3
23.663	3
23.793	3
24.56	3
24.732	3
25.05	3
25.333	3
25.504	3
25.536	3
25.543	3
26.41	3
26.461	3
28.335	3
29.604	3
31.112	3
20.25	1
20.271	1
20.293	1
20.302	1
20.341	1
20.481	2
20.488	2
20.575	2
20.612	2
20.614	2
20.633	2
20.638	2
20.664	2
20.7	2
20.703	2
20.731	3
20.863	3
20.932	3
20.943	3
20.958	3
21.033	3
21.276	3
21.735	3
22.477	3
22.651	3
22.677	3
22.829	3
22.903	3
23.026	3
23.072	3
23.562	3
23.663	3
23.793	3
24.56	3
24.732	3
25.05	3
25.333	3
25.504	3
25.536	3
25.543	3
26.41	3
26.461	3
28.335	3
29.604	3
31.112	3
20.207	1
20.25	1
20.271	1
20.293	2
20.302	2
20.341	2
20.481	2
20.488	2
20.575	2
20.612	2
20.614	2
20.633	2
20.638	2
20.664	2
20.7	2
20.703	2
20.731	2
20.863	2
20.932	2
20.943	2
20.958	2
21.033	2
21.276	2
21.735	2
22.477	2
22.651	2
22.677	2
22.829	2
22.903	2
23.026	2
23.072	2
23.562	2
23.663	2
23.793	2
24.56	2
24.732	2
25.05	2
25.333	3
25.504	3
25.536	3
25.543	3
26.41	3
26.461	3
28.335	3
29.604	3
31.112	3
20.25	1
20.271	1
20.293	1
20.302	1
20.341	1
20.481	1
20.488	1
20.575	1
20.612	1
20.614	1
20.633	1
20.638	1
20.664	1
20.7	1
20.703	1
20.731	2
20.863	2
20.932	2
20.943	2
20.958	2
21.033	2
21.276	2
21.735	2
22.477	2
22.651	2
22.677	2
22.829	2
22.903	3
23.026	3
23.072	3
23.562	3
23.663	3
23.793	3
24.56	3
24.732	3
25.05	3
25.333	3
25.504	3
25.536	3
25.543	3
26.41	3
26.461	3
28.335	3
29.604	3
31.112	3
20.25	1
20.271	1
20.293	1
20.302	1
20.341	1
20.481	2
20.488	2
20.575	2
20.612	2
20.614	2
20.633	2
20.638	2
20.664	2
20.7	2
20.703	2
20.731	2
20.863	2
20.932	2
20.943	2
20.958	2
21.033	2
21.276	2
21.735	2
22.477	2
22.651	2
22.677	2
22.829	3
22.903	3
23.026	3
23.072	3
23.562	3
23.663	3
23.793	3
24.56	3
24.732	3
25.05	3
25.333	3
25.504	3
25.536	3
25.543	3
26.41	3
26.461	3
28.335	3
29.604	3
31.112	3
20.162	1
20.178	1
20.207	1
20.25	1
20.271	1
20.293	1
20.302	1
20.341	1
20.481	1
20.488	1
20.575	1
20.612	1
20.614	2
20.633	2
20.638	2
20.664	2
20.7	2
20.703	2
20.731	2
20.863	2
20.932	2
20.943	2
20.958	2
21.033	2
21.276	2
21.735	2
22.477	2
22.651	2
22.677	2
22.829	2
22.903	3
23.026	3
23.072	3
23.562	3
23.663	3
23.793	3
24.56	3
24.732	3
25.05	3
25.333	3
25.504	3
25.536	3
25.543	3
26.41	3
26.461	3
28.335	3
29.604	3
31.112	3
20.162	1
20.178	1
20.207	2
20.25	2
20.271	2
20.293	2
20.302	2
20.341	2
20.481	2
20.488	2
20.575	2
20.612	2
20.614	2
20.633	2
20.638	2
20.664	2
20.7	2
20.703	2
20.731	2
20.863	2
20.932	2
20.943	2
20.958	2
21.033	2
21.276	2
21.735	2
22.477	2
22.651	2
22.677	2
22.829	3
22.903	3
23.026	3
23.072	3
23.562	3
23.663	3
23.793	3
24.56	3
24.732	3
25.05	3
25.333	3
25.504	3
25.536	3
25.543	3
26.41	3
26.461	3
28.335	3
29.604	3
31.112	3
20.481	1
20.488	1
20.575	1
20.612	1
20.614	1
20.633	1
20.638	1
20.664	1
20.7	1
20.703	1
20.731	1
20.863	1
20.932	1
20.943	1
20.958	1
21.033	1
21.276	1
21.735	1
22.477	1
22.651	1
22.677	1
22.829	1
22.903	1
23.026	1
23.072	1
23.562	1
23.663	1
23.793	1
24.56	1
24.732	1
25.05	1
25.333	2
25.504	2
25.536	2
25.543	2
26.41	2
26.461	2
28.335	2
29.604	2
31.112	2
20.481	1
20.488	1
20.575	1
20.612	1
20.614	1
20.633	1
20.638	1
20.664	1
20.7	1
20.703	1
20.731	1
20.863	1
20.932	1
20.943	1
20.958	1
21.033	1
21.276	1
21.735	1
22.477	1
22.651	1
22.677	1
22.829	2
22.903	2
23.026	2
23.072	2
23.562	2
23.663	2
23.793	2
24.56	2
24.732	2
25.05	2
25.333	3
25.504	3
25.536	3
25.543	3
26.41	3
26.461	3
28.335	3
29.604	3
31.112	3
20.302	1
20.341	1
20.481	2
20.488	2
20.575	2
20.612	2
20.614	2
20.633	2
20.638	2
20.664	2
20.7	2
20.703	2
20.731	2
20.863	2
20.932	2
20.943	2
20.958	2
21.033	2
21.276	2
21.735	2
22.477	2
22.651	2
22.677	2
22.829	2
22.903	3
23.026	3
23.072	3
23.562	3
23.663	3
23.793	3
24.56	3
24.732	3
25.05	3
25.333	3
25.504	3
25.536	3
25.543	3
26.41	3
26.461	3
28.335	3
29.604	3
31.112	3
20.178	1
20.207	1
20.25	1
20.271	1
20.293	2
20.302	2
20.341	2
20.481	2
20.488	2
20.575	2
20.612	2
20.614	2
20.633	2
20.638	2
20.664	2
20.7	2
20.703	2
20.731	2
20.863	2
20.932	3
20.943	3
20.958	3
21.033	3
21.276	3
21.735	3
22.477	3
22.651	3
22.677	3
22.829	3
22.903	3
23.026	3
23.072	3
23.562	3
23.663	3
23.793	3
24.56	3
24.732	3
25.05	3
25.333	3
25.504	3
25.536	3
25.543	3
26.41	3
26.461	3
28.335	3
29.604	3
31.112	3
20.25	1
20.271	1
20.293	2
20.302	2
20.341	2
20.481	2
20.488	2
20.575	2
20.612	2
20.614	2
20.633	2
20.638	2
20.664	2
20.7	2
20.703	2
20.731	3
20.863	3
20.932	3
20.943	3
20.958	3
21.033	3
21.276	3
21.735	3
22.477	3
22.651	3
22.677	3
22.829	3
22.903	3
23.026	3
23.072	3
23.562	3
23.663	3
23.793	3
24.56	3
24.732	3
25.05	3
25.333	3
25.504	3
25.536	3
25.543	3
26.41	3
26.461	3
28.335	3
29.604	3
31.112	3
20.207	1
20.25	1
20.271	1
20.293	2
20.302	2
20.341	2
20.481	2
20.488	2
20.575	2
20.612	2
20.614	3
20.633	3
20.638	3
20.664	3
20.7	3
20.703	3
20.731	3
20.863	3
20.932	3
20.943	3
20.958	3
21.033	3
21.276	3
21.735	3
22.477	3
22.651	3
22.677	3
22.829	3
22.903	3
23.026	3
23.072	3
23.562	3
23.663	3
23.793	3
24.56	3
24.732	3
25.05	3
25.333	3
25.504	3
25.536	3
25.543	3
26.41	3
26.461	3
28.335	3
29.604	3
31.112	3
20.293	1
20.302	1
20.341	1
20.481	2
20.488	2
20.575	3
20.612	3
20.614	3
20.633	3
20.638	4
20.664	4
20.7	4
20.703	4
20.731	4
20.863	4
20.932	4
20.943	4
20.958	4
21.033	4
21.276	4
21.735	4
22.477	4
22.651	4
22.677	4
22.829	4
22.903	4
23.026	4
23.072	4
23.562	4
23.663	3
23.793	3
24.56	3
24.732	3
25.05	3
25.333	3
25.504	3
25.536	3
25.543	3
26.41	3
26.461	3
28.335	3
29.604	3
31.112	3
20.481	1
20.488	1
20.575	1
20.612	1
20.614	1
20.633	1
20.638	2
20.664	2
20.7	2
20.703	2
20.731	3
20.863	3
20.932	3
20.943	3
20.958	3
21.033	3
21.276	3
21.735	3
22.477	3
22.651	3
22.677	3
22.829	3
22.903	3
23.026	3
23.072	3
23.562	3
23.663	3
23.793	3
24.56	3
24.732	3
25.05	3
25.333	3
25.504	3
25.536	3
25.543	3
26.41	3
26.461	3
28.335	3
29.604	3
31.112	3
20.25	1
20.271	1
20.293	2
20.302	2
20.341	2
20.481	2
20.488	2
20.575	2
20.612	2
20.614	2
20.633	2
20.638	2
20.664	2
20.7	2
20.703	2
20.731	2
20.863	2
20.932	3
20.943	3
20.958	3
21.033	3
21.276	3
21.735	3
22.477	3
22.651	3
22.677	3
22.829	3
22.903	3
23.026	3
23.072	3
23.562	3
23.663	3
23.793	3
24.56	3
24.732	3
25.05	3
25.333	3
25.504	3
25.536	3
25.543	3
26.41	3
26.461	3
28.335	3
29.604	3
31.112	3
20.25	1
20.271	1
20.293	1
20.302	2
20.341	2
20.481	2
20.488	2
20.575	2
20.612	2
20.614	2
20.633	2
20.638	2
20.664	2
20.7	2
20.703	2
20.731	2
20.863	2
20.932	2
20.943	2
20.958	2
21.033	2
21.276	2
21.735	2
22.477	2
22.651	2
22.677	2
22.829	3
22.903	3
23.026	3
23.072	3
23.562	3
23.663	3
23.793	3
24.56	3
24.732	3
25.05	3
25.333	3
25.504	3
25.536	3
25.543	3
26.41	3
26.461	3
28.335	3
29.604	3
31.112	3
20.178	1
20.207	1
20.25	1
20.271	1
20.293	1
20.302	1
20.341	1
20.481	2
20.488	2
20.575	2
20.612	2
20.614	2
20.633	2
20.638	2
20.664	2
20.7	2
20.703	2
20.731	2
20.863	2
20.932	3
20.943	3
20.958	3
21.033	3
21.276	3
21.735	3
22.477	3
22.651	3
22.677	3
22.829	3
22.903	3
23.026	3
23.072	3
23.562	3
23.663	3
23.793	3
24.56	3
24.732	3
25.05	3
25.333	3
25.504	3
25.536	3
25.543	3
26.41	3
26.461	3
28.335	3
29.604	3
31.112	3
20.207	1
20.25	1
20.271	1
20.293	1
20.302	1
20.341	2
20.481	2
20.488	2
20.575	2
20.612	3
20.614	4
20.633	4
20.638	4
20.664	4
20.7	4
20.703	4
20.731	4
20.863	4
20.932	4
20.943	3
20.958	3
21.033	3
21.276	3
21.735	3
22.477	3
22.651	3
22.677	3
22.829	3
22.903	4
23.026	4
23.072	4
23.562	4
23.663	4
23.793	4
24.56	4
24.732	4
25.05	4
25.333	4
25.504	4
25.536	4
25.543	3
26.41	3
26.461	3
28.335	3
29.604	3
31.112	3
20.302	1
20.341	1
20.481	2
20.488	2
20.575	2
20.612	2
20.614	3
20.633	3
20.638	3
20.664	3
20.7	3
20.703	3
20.731	3
20.863	3
20.932	3
20.943	3
20.958	3
21.033	3
21.276	3
21.735	3
22.477	3
22.651	3
22.677	3
22.829	3
22.903	3
23.026	3
23.072	3
23.562	3
23.663	3
23.793	3
24.56	3
24.732	3
25.05	3
25.333	3
25.504	3
25.536	3
25.543	3
26.41	3
26.461	3
28.335	3
29.604	3
31.112	3
20.25	1
20.271	1
20.293	1
20.302	1
20.341	1
20.481	1
20.488	1
20.575	1
20.612	1
20.614	2
20.633	2
20.638	2
20.664	2
20.7	2
20.703	2
20.731	3
20.863	3
20.932	3
20.943	3
20.958	3
21.033	3
21.276	3
21.735	3
22.477	3
22.651	3
22.677	3
22.829	3
22.903	3
23.026	3
23.072	3
23.562	3
23.663	3
23.793	3
24.56	3
24.732	3
25.05	3
25.333	3
25.504	3
25.536	3
25.543	3
26.41	3
26.461	3
28.335	3
29.604	3
31.112	3
