19.746	1
19.753	1
19.815	1
19.827	1
19.827	1
19.834	1
19.898	1
19.9	1
19.922	1
19.962	1
19.979	1
20.009	1
20.037	1
20.044	1
20.047	2
20.086	2
20.093	2
20.1	2
20.104	2
20.2	2
20.225	2
20.248	2
20.269	2
20.28	2
20.318	2
20.361	2
20.416	2
20.428	2
20.5	3
21.174	3
23.18	3
24.058	3
24.407	3
25.61	3
25.728	3
25.831	3
26.021	3
27.297	3
29.073	3
37.101	3
37.62	3
37.821	3
38.578	3
39.268	3
42.357	3
42.898	3
43.408	3
43.639	3
46.48	3
48.064	3
19.746	1
19.753	1
19.815	1
19.827	1
19.827	1
19.834	1
19.898	1
19.9	1
19.922	1
19.962	2
19.979	2
20.009	2
20.037	2
20.044	2
20.047	2
20.086	2
20.093	2
20.1	2
20.104	2
20.2	2
20.225	2
20.248	2
20.269	2
20.28	2
20.318	2
20.361	2
20.416	2
20.428	2
20.5	3
21.174	3
23.18	3
24.058	3
24.407	3
25.61	3
25.728	3
25.831	3
26.021	3
27.297	3
29.073	3
37.101	3
37.62	3
37.821	3
38.578	3
39.268	3
42.357	3
42.898	3
43.408	3
43.639	3
46.48	3
48.064	3
19.657	1
19.717	2
19.73	2
19.746	2
19.753	2
19.815	2
19.827	2
19.827	2
19.834	2
19.898	2
19.9	2
19.922	2
19.962	2
19.979	2
20.009	2
20.037	2
20.044	2
20.047	2
20.086	2
20.093	2
20.1	2
20.104	2
20.2	2
20.225	2
20.248	2
20.269	2
20.28	2
20.318	2
20.361	2
20.416	2
20.428	2
20.5	2
21.174	2
23.18	2
24.058	2
24.407	3
25.61	3
25.728	3
25.831	3
26.021	3
27.297	3
29.073	3
37.101	3
37.62	3
37.821	3
38.578	3
39.268	3
42.357	3
42.898	3
43.408	3
43.639	3
46.48	3
48.064	3
19.827	1
19.827	1
19.834	2
19.898	2
19.9	2
19.922	2
19.962	3
19.979	3
20.009	3
20.037	3
20.044	3
20.047	3
20.086	3
20.093	3
20.1	3
20.104	3
20.2	3
20.225	3
20.248	3
20.269	3
20.28	3
20.318	3
20.361	3
20.416	3
20.428	3
20.5	3
21.174	3
23.18	3
24.058	3
24.407	3
25.61	3
25.728	3
25.831	3
26.021	3
27.297	3
29.073	3
37.101	3
37.62	3
37.821	3
38.578	3
39.268	3
42.357	3
42.898	3
43.408	3
43.639	3
46.48	3
48.064	3
19.746	1
19.753	1
19.815	1
19.827	1
19.827	1
19.834	1
19.898	1
19.9	1
19.922	1
19.962	1
19.979	1
20.009	1
20.037	2
20.044	2
20.047	2
20.086	2
20.093	2
20.1	2
20.104	2
20.2	2
20.225	2
20.248	2
20.269	2
20.28	2
20.318	2
20.361	2
20.416	2
20.428	2
20.5	3
21.174	3
23.18	3
24.058	3
24.407	3
25.61	3
25.728	3
25.831	3
26.021	3
27.297	3
29.073	3
37.101	3
37.62	3
37.821	3
38.578	3
39.268	3
42.357	3
42.898	3
43.408	3
43.639	3
46.48	3
48.064	3
19.657	1
19.717	2
19.73	2
19.746	2
19.753	2
19.815	2
19.827	2
19.827	2
19.834	2
19.898	2
19.9	2
19.922	2
19.962	2
19.979	2
20.009	2
20.037	2
20.044	2
20.047	2
20.086	2
20.093	2
20.1	2
20.104	2
20.2	2
20.225	2
20.248	2
20.269	2
20.28	2
20.318	2
20.361	2
20.416	2
20.428	2
20.5	2
21.174	2
23.18	2
24.058	2
24.407	3
25.61	3
25.728	3
25.831	3
26.021	3
27.297	3
29.073	3
37.101	3
37.62	3
37.821	3
38.578	3
39.268	3
42.357	3
42.898	3
43.408	3
43.639	3
46.48	3
48.064	3
19.657	1
19.717	1
19.73	1
19.746	1
19.753	1
19.815	1
19.827	1
19.827	1
19.834	1
19.898	1
19.9	1
19.922	1
19.962	2
19.979	2
20.009	2
20.037	2
20.044	2
20.047	2
20.086	2
20.093	2
20.1	2
20.104	2
20.2	2
20.225	2
20.248	2
20.269	3
20.28	3
20.318	3
20.361	3
20.416	3
20.428	3
20.5	3
21.174	3
23.18	3
24.058	3
24.407	3
25.61	3
25.728	3
25.831	3
26.021	3
27.297	3
29.073	3
37.101	3
37.62	3
37.821	3
38.578	3
39.268	3
42.357	3
42.898	3
43.408	3
43.639	3
46.48	3
48.064	3
19.746	1
19.753	1
19.815	1
19.827	1
19.827	1
19.834	1
19.898	1
19.9	1
19.922	1
19.962	2
19.979	2
20.009	2
20.037	2
20.044	2
20.047	3
20.086	3
20.093	3
20.1	3
20.104	3
20.2	3
20.225	3
20.248	3
20.269	3
20.28	3
20.318	3
20.361	3
20.416	3
20.428	3
20.5	3
21.174	3
23.18	3
24.058	3
24.407	3
25.61	3
25.728	3
25.831	3
26.021	3
27.297	3
29.073	3
37.101	3
37.62	3
37.821	3
38.578	3
39.268	3
42.357	3
42.898	3
43.408	3
43.639	3
46.48	3
48.064	3
19.834	1
19.898	1
19.9	1
19.922	1
19.962	2
19.979	2
20.009	2
20.037	2
20.044	2
20.047	2
20.086	2
20.093	2
20.1	2
20.104	2
20.2	2
20.225	2
20.248	2
20.269	3
20.28	3
20.318	3
20.361	3
20.416	3
20.428	3
20.5	3
21.174	3
23.18	3
24.058	3
24.407	3
25.61	3
25.728	3
25.831	3
26.021	3
27.297	3
29.073	3
37.101	3
37.62	3
37.821	3
38.578	3
39.268	3
42.357	3
42.898	3
43.408	3
43.639	3
46.48	3
48.064	3
19.827	1
19.827	1
19.834	1
19.898	1
19.9	1
19.922	1
19.962	2
19.979	2
20.009	2
20.037	3
20.044	3
20.047	3
20.086	3
20.093	3
20.1	3
20.104	3
20.2	3
20.225	3
20.248	3
20.269	3
20.28	3
20.318	3
20.361	3
20.416	3
20.428	3
20.5	3
21.174	3
23.18	3
24.058	3
24.407	3
25.61	3
25.728	3
25.831	3
26.021	3
27.297	3
29.073	3
37.101	3
37.62	3
37.821	3
38.578	3
39.268	3
42.357	3
42.898	3
43.408	3
43.639	3
46.48	3
48.064	3
19.746	1
19.753	1
19.815	1
19.827	1
19.827	1
19.834	1
19.898	1
19.9	1
19.922	2
19.962	2
19.979	2
20.009	2
20.037	2
20.044	2
20.047	3
20.086	3
20.093	3
20.1	3
20.104	3
20.2	3
20.225	3
20.248	3
20.269	4
20.28	4
20.318	4
20.361	4
20.416	4
20.428	4
20.5	4
21.174	4
23.18	4
24.058	4
24.407	5
25.61	5
25.728	5
25.831	5
26.021	5
27.297	5
29.073	5
37.101	5
37.62	5
37.821	5
38.578	4
39.268	4
42.357	4
42.898	4
43.408	4
43.639	4
46.48	4
48.064	3
19.827	1
19.827	1
19.834	1
19.898	1
19.9	1
19.922	1
19.962	2
19.979	2
20.009	2
20.037	2
20.044	2
20.047	2
20.086	2
20.093	2
20.1	2
20.104	2
20.2	2
20.225	2
20.248	2
20.269	2
20.28	2
20.318	2
20.361	2
20.416	2
20.428	2
20.5	3
21.174	3
23.18	3
24.058	3
24.407	3
25.61	3
25.728	3
25.831	3
26.021	3
27.297	3
29.073	3
37.101	3
37.62	3
37.821	3
38.578	3
39.268	3
42.357	3
42.898	3
43.408	3
43.639	3
46.48	3
48.064	3
19.657	1
19.717	1
19.73	1
19.746	1
19.753	1
19.815	1
19.827	2
19.827	2
19.834	2
19.898	2
19.9	2
19.922	2
19.962	2
19.979	2
20.009	2
20.037	2
20.044	2
20.047	3
20.086	3
20.093	3
20.1	4
20.104	4
20.2	4
20.225	4
20.248	5
20.269	5
20.28	5
20.318	5
20.361	5
20.416	5
20.428	5
20.5	5
21.174	4
23.18	4
24.058	4
24.407	4
25.61	4
25.728	4
25.831	3
26.021	3
27.297	3
29.073	3
37.101	3
37.62	3
37.821	3
38.578	3
39.268	3
42.357	3
42.898	3
43.408	3
43.639	3
46.48	3
48.064	3
19.746	1
19.753	1
19.815	1
19.827	1
19.827	1
19.834	1
19.898	1
19.9	1
19.922	1
19.962	1
19.979	1
20.009	1
20.037	1
20.044	1
20.047	1
20.086	1
20.093	1
20.1	1
20.104	1
20.2	1
20.225	1
20.248	2
20.269	2
20.28	2
20.318	2
20.361	2
20.416	2
20.428	2
20.5	2
21.174	2
23.18	2
24.058	2
24.407	3
25.61	3
25.728	3
25.831	3
26.021	3
27.297	3
29.073	3
37.101	3
37.62	3
37.821	3
38.578	3
39.268	3
42.357	3
42.898	3
43.408	3
43.639	3
46.48	3
48.064	3
19.746	1
19.753	1
19.815	1
19.827	1
19.827	1
19.834	2
19.898	2
19.9	2
19.922	2
19.962	2
19.979	2
20.009	2
20.037	3
20.044	3
20.047	3
20.086	3
20.093	3
20.1	3
20.104	3
20.2	3
20.225	3
20.248	3
20.269	3
20.28	3
20.318	3
20.361	3
20.416	3
20.428	3
20.5	3
21.174	3
23.18	3
24.058	3
24.407	3
25.61	3
25.728	3
25.831	3
26.021	3
27.297	3
29.073	3
37.101	3
37.62	3
37.821	3
38.578	3
39.268	3
42.357	3
42.898	3
43.408	3
43.639	3
46.48	3
48.064	3
19.962	1
19.979	1
20.009	1
20.037	1
20.044	1
20.047	2
20.086	2
20.093	2
20.1	2
20.104	2
20.2	2
20.225	2
20.248	2
20.269	3
20.28	3
20.318	3
20.361	3
20.416	3
20.428	3
20.5	3
21.174	3
23.18	3
24.058	3
24.407	3
25.61	3
25.728	3
25.831	3
26.021	3
27.297	3
29.073	3
37.101	3
37.62	3
37.821	3
38.578	3
39.268	3
42.357	3
42.898	3
43.408	3
43.639	3
46.48	3
48.064	3
20.037	1
20.044	1
20.047	1
20.086	1
20.093	1
20.1	1
20.104	1
20.2	1
20.225	1
20.248	1
20.269	2
20.28	2
20.318	2
20.361	2
20.416	2
20.428	2
20.5	3
21.174	3
23.18	3
24.058	3
24.407	3
25.61	3
25.728	3
25.831	3
26.021	3
27.297	3
29.073	3
37.101	3
37.62	3
37.821	3
38.578	3
39.268	3
42.357	3
42.898	3
43.408	3
43.639	3
46.48	3
48.064	3
19.717	1
19.73	1
19.746	1
19.753	1
19.815	1
19.827	1
19.827	1
19.834	1
19.898	1
19.9	1
19.922	1
19.962	1
19.979	2
20.009	2
20.037	2
20.044	2
20.047	2
20.086	2
20.093	2
20.1	2
20.104	3
20.2	3
20.225	4
20.248	5
20.269	5
20.28	5
20.318	5
20.361	5
20.416	5
20.428	5
20.5	5
21.174	5
23.18	5
24.058	5
24.407	6
25.61	6
25.728	5
25.831	5
26.021	5
27.297	5
29.073	5
37.101	5
37.62	5
37.821	5
38.578	5
39.268	4
42.357	4
42.898	4
43.408	3
43.639	3
46.48	3
48.064	3
19.834	1
19.898	1
19.9	1
19.922	1
19.962	1
19.979	1
20.009	1
20.037	2
20.044	2
20.047	2
20.086	2
20.093	2
20.1	2
20.104	2
20.2	2
20.225	2
20.248	2
20.269	3
20.28	3
20.318	3
20.361	3
20.416	3
20.428	3
20.5	3
21.174	3
23.18	3
24.058	3
24.407	3
25.61	3
25.728	3
25.831	3
26.021	3
27.297	3
29.073	3
37.101	3
37.62	3
37.821	3
38.578	3
39.268	3
42.357	3
42.898	3
43.408	3
43.639	3
46.48	3
48.064	3
19.717	1
19.73	1
19.746	1
19.753	1
19.815	1
19.827	1
19.827	1
19.834	1
19.898	1
19.9	1
19.922	1
19.962	1
19.979	1
20.009	1
20.037	1
20.044	1
20.047	2
20.086	2
20.093	3
20.1	3
20.104	3
20.2	3
20.225	3
20.248	3
20.269	3
20.28	3
20.318	3
20.361	3
20.416	3
20.428	3
20.5	3
21.174	3
23.18	3
24.058	3
24.407	3
25.61	3
25.728	3
25.831	3
26.021	3
27.297	3
29.073	3
37.101	3
37.62	3
37.821	3
38.578	3
39.268	3
42.357	3
42.898	3
43.408	3
43.639	3
46.48	3
48.064	3
19.746	1
19.753	1
19.815	1
19.827	1
19.827	1
19.834	2
19.898	2
19.9	2
19.922	2
19.962	2
19.979	2
20.009	2
20.037	2
20.044	2
20.047	2
20.086	2
20.093	2
20.1	2
20.104	2
20.2	2
20.225	2
20.248	2
20.269	2
20.28	2
20.318	2
20.361	2
20.416	2
20.428	2
20.5	3
21.174	3
23.18	3
24.058	3
24.407	3
25.61	3
25.728	3
25.831	3
26.021	3
27.297	3
29.073	3
37.101	3
37.62	3
37.821	3
38.578	3
39.268	3
42.357	3
42.898	3
43.408	3
43.639	3
46.48	3
48.064	3
19.834	1
19.898	1
19.9	1
19.922	1
19.962	1
19.979	1
20.009	1
20.037	1
20.044	1
20.047	1
20.086	1
20.093	1
20.1	1
20.104	1
20.2	1
20.225	1
20.248	1
20.269	2
20.28	2
20.318	2
20.361	2
20.416	3
20.428	3
20.5	4
21.174	4
23.18	4
24.058	4
24.407	4
25.61	4
25.728	4
25.831	4
26.021	4
27.297	4
29.073	4
37.101	4
37.62	3
37.821	3
38.578	3
39.268	3
42.357	3
42.898	3
43.408	3
43.639	3
46.48	3
48.064	3
20.047	1
20.086	1
20.093	2
20.1	2
20.104	2
20.2	2
20.225	2
20.248	2
20.269	2
20.28	2
20.318	2
20.361	2
20.416	2
20.428	2
20.5	2
21.174	2
23.18	2
24.058	2
24.407	3
25.61	3
25.728	3
25.831	3
26.021	3
27.297	3
29.073	3
37.101	3
37.62	3
37.821	3
38.578	3
39.268	3
42.357	3
42.898	3
43.408	3
43.639	3
46.48	3
48.064	3
19.717	1
19.73	1
19.746	1
19.753	1
19.815	1
19.827	1
19.827	1
19.834	1
19.898	1
19.9	1
19.922	1
19.962	2
19.979	2
20.009	2
20.037	2
20.044	2
20.047	3
20.086	3
20.093	3
20.1	3
20.104	3
20.2	3
20.225	3
20.248	3
20.269	3
20.28	3
20.318	3
20.361	3
20.416	3
20.428	3
20.5	3
21.174	3
23.18	3
24.058	3
24.407	3
25.61	3
25.728	3
25.831	3
26.021	3
27.297	3
29.073	3
37.101	3
37.62	3
37.821	3
38.578	3
39.268	3
42.357	3
42.898	3
43.408	3
43.639	3
46.48	3
48.064	3
19.834	1
19.898	1
19.9	1
19.922	1
19.962	1
19.979	1
20.009	1
20.037	2
20.044	2
20.047	2
20.086	2
20.093	2
20.1	2
20.104	2
20.2	3
20.225	3
20.248	3
20.269	3
20.28	3
20.318	3
20.361	3
20.416	3
20.428	4
20.5	4
21.174	4
23.18	4
24.058	4
24.407	4
25.61	4
25.728	4
25.831	4
26.021	4
27.297	4
29.073	3
37.101	3
37.62	3
37.821	3
38.578	3
39.268	3
42.357	3
42.898	3
43.408	3
43.639	3
46.48	3
48.064	3
19.717	1
19.73	2
19.746	2
19.753	2
19.815	2
19.827	2
19.827	2
19.834	2
19.898	2
19.9	2
19.922	2
19.962	2
19.979	2
20.009	2
20.037	2
20.044	2
20.047	2
20.086	2
20.093	2
20.1	2
20.104	2
20.2	2
20.225	2
20.248	3
20.269	3
20.28	3
20.318	3
20.361	3
20.416	3
20.428	3
20.5	3
21.174	3
23.18	3
24.058	3
24.407	3
25.61	3
25.728	3
25.831	3
26.021	3
27.297	3
29.073	3
37.101	3
37.62	3
37.821	3
38.578	3
39.268	3
42.357	3
42.898	3
43.408	3
43.639	3
46.48	3
48.064	3
19.746	1
19.753	1
19.815	1
19.827	2
19.827	2
19.834	3
19.898	3
19.9	3
19.922	3
19.962	3
19.979	3
20.009	3
20.037	3
20.044	3
20.047	3
20.086	3
20.093	3
20.1	3
20.104	3
20.2	3
20.225	3
20.248	3
20.269	3
20.28	3
20.318	3
20.361	3
20.416	3
20.428	3
20.5	3
21.174	3
23.18	3
24.058	3
24.407	3
25.61	3
25.728	3
25.831	3
26.021	3
27.297	3
29.073	3
37.101	3
37.62	3
37.821	3
38.578	3
39.268	3
42.357	3
42.898	3
43.408	3
43.639	3
46.48	3
48.064	3
19.717	1
19.73	2
19.746	2
19.753	2
19.815	2
19.827	2
19.827	2
19.834	2
19.898	2
19.9	2
19.922	2
19.962	2
19.979	2
20.009	2
20.037	2
20.044	2
20.047	2
20.086	2
20.093	2
20.1	2
20.104	2
20.2	2
20.225	2
20.248	3
20.269	3
20.28	3
20.318	3
20.361	3
20.416	3
20.428	3
20.5	3
21.174	3
23.18	3
24.058	3
24.407	3
25.61	3
25.728	3
25.831	3
26.021	3
27.297	3
29.073	3
37.101	3
37.62	3
37.821	3
38.578	3
39.268	3
42.357	3
42.898	3
43.408	3
43.639	3
46.48	3
48.064	3
19.827	1
19.827	1
19.834	1
19.898	1
19.9	1
19.922	1
19.962	2
19.979	2
20.009	2
20.037	2
20.044	2
20.047	2
20.086	2
20.093	2
20.1	2
20.104	2
20.2	2
20.225	2
20.248	2
20.269	3
20.28	3
20.318	3
20.361	3
20.416	3
20.428	3
20.5	3
21.174	3
23.18	3
24.058	3
24.407	3
25.61	3
25.728	3
25.831	3
26.021	3
27.297	3
29.073	3
37.101	3
37.62	3
37.821	3
38.578	3
39.268	3
42.357	3
42.898	3
43.408	3
43.639	3
46.48	3
48.064	3
19.827	1
20.037	1
20.044	2
20.047	2
20.086	2
20.093	2
20.1	2
20.104	2
20.2	2
20.225	2
20.248	2
20.269	2
20.28	3
20.318	3
20.361	3
20.416	3
20.428	3
20.5	3
21.174	3
23.18	3
24.058	3
24.407	4
25.61	4
25.728	4
25.831	4
26.021	4
27.297	3
29.073	3
37.101	3
37.62	3
37.821	3
38.578	3
39.268	3
42.357	3
42.898	3
43.408	3
43.639	3
46.48	3
48.064	3
19.746	1
19.753	1
19.815	1
19.827	2
19.827	2
19.834	2
19.898	2
19.9	2
19.922	2
19.962	3
19.979	3
20.009	3
20.037	3
20.044	3
20.047	3
20.086	3
20.093	3
20.1	3
20.104	3
20.2	3
20.225	3
20.248	3
20.269	3
20.28	3
20.318	3
20.361	3
20.416	3
20.428	3
20.5	3
21.174	3
23.18	3
24.058	3
24.407	3
25.61	3
25.728	3
25.831	3
26.021	3
27.297	3
29.073	3
37.101	3
37.62	3
37.821	3
38.578	3
39.268	3
42.357	3
42.898	3
43.408	3
43.639	3
46.48	3
48.064	3
19.827	1
19.827	1
19.834	2
19.898	2
19.9	2
19.922	2
19.962	2
19.979	2
20.009	2
20.037	2
20.044	2
20.047	2
20.086	2
20.093	2
20.1	2
20.104	2
20.2	2
20.225	2
20.248	2
20.269	3
20.28	3
20.318	3
20.361	3
20.416	3
20.428	3
20.5	3
21.174	3
23.18	3
24.058	3
24.407	3
25.61	3
25.728	3
25.831	3
26.021	3
27.297	3
29.073	3
37.101	3
37.62	3
37.821	3
38.578	3
39.268	3
42.357	3
42.898	3
43.408	3
43.639	3
46.48	3
48.064	3
19.827	1
19.827	1
19.834	2
19.898	2
19.9	2
19.922	2
19.962	2
19.979	2
20.009	2
20.037	2
20.044	2
20.047	2
20.086	2
20.093	2
20.1	2
20.104	2
20.2	2
20.225	2
20.248	2
20.269	3
20.28	3
20.318	3
20.361	3
20.416	3
20.428	3
20.5	3
21.174	3
23.18	3
24.058	3
24.407	3
25.61	3
25.728	3
25.831	3
26.021	3
27.297	3
29.073	3
37.101	3
37.62	3
37.821	3
38.578	3
39.268	3
42.357	3
42.898	3
43.408	3
43.639	3
46.48	3
48.064	3
19.73	1
19.746	1
19.753	1
19.815	1
19.827	1
19.827	1
19.834	2
19.898	2
19.9	2
19.922	2
19.962	2
19.979	2
20.009	2
20.037	2
20.044	2
20.047	2
20.086	2
20.093	2
20.1	2
20.104	2
20.2	2
20.225	2
20.248	2
20.269	3
20.28	3
20.318	3
20.361	3
20.416	3
20.428	3
20.5	3
21.174	3
23.18	3
24.058	3
24.407	3
25.61	3
25.728	3
25.831	3
26.021	3
27.297	3
29.073	3
37.101	3
37.62	3
37.821	3
38.578	3
39.268	3
42.357	3
42.898	3
43.408	3
43.639	3
46.48	3
48.064	3
19.73	1
19.746	1
19.753	1
19.815	1
19.827	1
19.827	1
19.834	1
19.898	1
19.9	1
19.922	1
19.962	1
19.979	1
20.009	1
20.037	1
20.044	1
20.047	2
20.086	2
20.093	3
20.1	3
20.104	3
20.2	3
20.225	3
20.248	3
20.269	3
20.28	3
20.318	4
20.361	4
20.416	4
20.428	4
20.5	4
21.174	4
23.18	4
24.058	3
24.407	3
25.61	3
25.728	3
25.831	3
26.021	3
27.297	3
29.073	3
37.101	3
37.62	3
37.821	3
38.578	3
39.268	3
42.357	3
42.898	3
43.408	3
43.639	3
46.48	3
48.064	3
20.093	1
20.1	1
20.104	1
20.2	1
20.225	1
20.248	2
20.269	2
20.28	2
20.318	2
20.361	2
20.416	2
20.428	2
20.5	2
21.174	2
23.18	2
24.058	2
24.407	3
25.61	3
25.728	3
25.831	3
26.021	3
27.297	3
29.073	3
37.101	3
37.62	3
37.821	3
38.578	3
39.268	3
42.357	3
42.898	3
43.408	3
43.639	3
46.48	3
48.064	3
19.657	1
19.717	2
19.73	2
19.746	2
19.753	2
19.815	2
19.827	2
19.827	2
19.834	2
19.898	2
19.9	2
19.922	2
19.962	2
19.979	2
20.009	2
20.037	2
20.044	2
20.047	2
20.086	2
20.093	3
20.1	3
20.104	3
20.2	3
20.225	3
20.248	3
20.269	3
20.28	3
20.318	3
20.361	3
20.416	3
20.428	3
20.5	3
21.174	3
23.18	3
24.058	3
24.407	3
25.61	3
25.728	3
25.831	3
26.021	3
27.297	3
29.073	3
37.101	3
37.62	3
37.821	3
38.578	3
39.268	3
42.357	3
42.898	3
43.408	3
43.639	3
46.48	3
48.064	3
20.047	1
20.086	1
20.093	2
20.1	2
20.104	2
20.2	2
20.225	2
20.248	3
20.269	3
20.28	3
20.318	3
20.361	3
20.416	3
20.428	3
20.5	3
21.174	3
23.18	3
24.058	3
24.407	3
25.61	3
25.728	3
25.831	3
26.021	3
27.297	3
29.073	3
37.101	3
37.62	3
37.821	3
38.578	3
39.268	3
42.357	3
42.898	3
43.408	3
43.639	3
46.48	3
48.064	3
19.657	1
19.717	1
19.73	1
19.746	1
19.753	1
19.815	1
19.827	1
19.827	1
19.834	1
19.898	1
19.9	1
19.922	1
19.962	2
19.979	2
20.009	2
20.037	3
20.044	3
20.047	3
20.086	3
20.093	4
20.1	4
20.104	4
20.2	4
20.225	4
20.248	5
20.269	5
20.28	5
20.318	5
20.361	5
20.416	5
20.428	5
20.5	5
21.174	5
23.18	5
24.058	5
24.407	5
25.61	4
25.728	4
25.831	4
26.021	3
27.297	3
29.073	3
37.101	3
37.62	3
37.821	3
38.578	3
39.268	3
42.357	3
42.898	3
43.408	3
43.639	3
46.48	3
48.064	3
19.717	1
19.73	1
19.746	1
19.753	1
19.815	1
19.827	1
19.827	1
19.834	1
19.898	1
19.9	1
19.922	1
19.962	1
19.979	1
20.009	1
20.037	1
20.044	1
20.047	1
20.086	1
20.093	1
20.1	1
20.104	1
20.2	1
20.225	1
20.248	2
20.269	2
20.28	2
20.318	2
20.361	2
20.416	2
20.428	2
20.5	3
21.174	3
23.18	3
24.058	3
24.407	3
25.61	3
25.728	3
25.831	3
26.021	3
27.297	3
29.073	3
37.101	3
37.62	3
37.821	3
38.578	3
39.268	3
42.357	3
42.898	3
43.408	3
43.639	3
46.48	3
48.064	3
19.834	1
19.898	1
19.9	1
19.922	1
19.962	1
19.979	1
20.009	1
20.037	2
20.044	2
20.047	2
20.086	2
20.093	2
20.1	2
20.104	2
20.2	2
20.225	2
20.248	2
20.269	3
20.28	3
20.318	3
20.361	3
20.416	3
20.428	3
20.5	3
21.174	3
23.18	3
24.058	3
24.407	3
25.61	3
25.728	3
25.831	3
26.021	3
27.297	3
29.073	3
37.101	3
37.62	3
37.821	3
38.578	3
39.268	3
42.357	3
42.898	3
43.408	3
43.639	3
46.48	3
48.064	3
19.962	1
19.979	1
20.009	1
20.037	1
20.044	1
20.047	1
20.086	1
20.093	2
20.1	2
20.104	2
20.2	2
20.225	2
20.248	2
20.269	3
20.28	3
20.318	3
20.361	3
20.416	3
20.428	3
20.5	3
21.174	3
23.18	3
24.058	3
24.407	3
25.61	3
25.728	3
25.831	3
26.021	3
27.297	3
29.073	3
37.101	3
37.62	3
37.821	3
38.578	3
39.268	3
42.357	3
42.898	3
43.408	3
43.639	3
46.48	3
48.064	3
19.746	1
19.753	1
19.815	1
19.827	1
19.827	1
19.834	1
19.898	1
19.9	1
19.922	1
19.962	2
19.979	2
20.009	2
20.037	3
20.044	3
20.047	3
20.086	3
20.093	3
20.1	3
20.104	3
20.2	3
20.225	3
20.248	3
20.269	3
20.28	3
20.318	3
20.361	3
20.416	3
20.428	3
20.5	3
21.174	3
23.18	3
24.058	3
24.407	3
25.61	3
25.728	3
25.831	3
26.021	3
27.297	3
29.073	3
37.101	3
37.62	3
37.821	3
38.578	3
39.268	3
42.357	3
42.898	3
43.408	3
43.639	3
46.48	3
48.064	3
19.717	1
19.73	1
19.746	1
19.753	1
19.815	1
19.827	2
19.827	2
19.834	2
19.898	2
19.9	2
19.922	2
19.962	2
19.979	2
20.009	2
20.037	2
20.044	2
20.047	2
20.086	2
20.093	2
20.1	2
20.104	2
20.2	2
20.225	2
20.248	2
20.269	3
20.28	3
20.318	3
20.361	3
20.416	3
20.428	3
20.5	3
21.174	3
23.18	3
24.058	3
24.407	3
25.61	3
25.728	3
25.831	3
26.021	3
27.297	3
29.073	3
37.101	3
37.62	3
37.821	3
38.578	3
39.268	3
42.357	3
42.898	3
43.408	3
43.639	3
46.48	3
48.064	3
19.73	1
19.746	2
19.753	2
19.815	2
19.827	3
19.827	3
19.834	3
19.898	3
19.9	3
19.922	3
19.962	3
19.979	3
20.009	3
20.037	3
20.044	3
20.047	3
20.086	3
20.093	3
20.1	3
20.104	3
20.2	3
20.225	3
20.248	3
20.269	3
20.28	3
20.318	3
20.361	3
20.416	3
20.428	3
20.5	3
21.174	3
23.18	3
24.058	3
24.407	3
25.61	3
25.728	3
25.831	3
26.021	3
27.297	3
29.073	3
37.101	3
37.62	3
37.821	3
38.578	3
39.268	3
42.357	3
42.898	3
43.408	3
43.639	3
46.48	3
48.064	3
19.753	1
19.815	1
19.827	1
19.827	1
19.834	2
19.898	3
19.9	3
19.922	3
19.962	3
19.979	3
20.009	3
20.037	3
20.044	3
20.047	3
20.086	3
20.093	4
20.1	4
20.104	4
20.2	4
20.225	4
20.248	4
20.269	5
20.28	5
20.318	5
20.361	5
20.416	5
20.428	5
20.5	5
21.174	5
23.18	5
24.058	5
24.407	5
25.61	5
25.728	5
25.831	5
26.021	5
27.297	5
29.073	5
37.101	4
37.62	4
37.821	4
38.578	4
39.268	4
42.357	4
42.898	4
43.408	4
43.639	4
46.48	3
48.064	3
19.717	1
19.73	1
19.746	1
19.753	1
19.815	1
19.827	1
19.827	1
19.834	1
19.898	1
19.9	1
19.922	1
19.962	1
19.979	1
20.009	1
20.037	1
20.044	1
20.047	1
20.086	1
20.093	2
20.1	2
20.104	2
20.2	2
20.225	2
20.248	2
20.269	2
20.28	2
20.318	2
20.361	2
20.416	2
20.428	2
20.5	2
21.174	2
23.18	2
24.058	2
24.407	3
25.61	3
25.728	3
25.831	3
26.021	3
27.297	3
29.073	3
37.101	3
37.62	3
37.821	3
38.578	3
39.268	3
42.357	3
42.898	3
43.408	3
43.639	3
46.48	3
48.064	3
19.657	1
19.717	2
19.73	2
19.746	2
19.753	2
19.815	2
19.827	2
19.827	2
19.834	2
19.898	2
19.9	2
19.922	2
19.962	2
19.979	2
20.009	2
20.037	3
20.044	3
20.047	3
20.086	3
20.093	3
20.1	3
20.104	3
20.2	3
20.225	3
20.248	3
20.269	3
20.28	3
20.318	3
20.361	3
20.416	3
20.428	3
20.5	3
21.174	3
23.18	3
24.058	3
24.407	3
25.61	3
25.728	3
25.831	3
26.021	3
27.297	3
29.073	3
37.101	3
37.62	3
37.821	3
38.578	3
39.268	3
42.357	3
42.898	3
43.408	3
43.639	3
46.48	3
48.064	3
20.047	1
20.086	1
20.093	2
20.1	2
20.104	2
20.2	2
20.225	2
20.248	3
20.269	3
20.28	3
20.318	3
20.361	3
20.416	3
20.428	3
20.5	3
21.174	3
23.18	3
24.058	3
24.407	3
25.61	3
25.728	3
25.831	3
26.021	3
27.297	3
29.073	3
37.101	3
37.62	3
37.821	3
38.578	3
39.268	3
42.357	3
42.898	3
43.408	3
43.639	3
46.48	3
48.064	3
19.73	1
19.746	2
19.753	2
19.815	2
19.827	2
19.827	2
19.834	2
19.898	2
19.9	2
19.922	2
19.962	2
19.979	2
20.009	2
20.037	2
20.044	2
20.047	2
20.086	2
20.093	2
20.1	2
20.104	2
20.2	2
20.225	2
20.248	2
20.269	2
20.28	2
20.318	2
20.361	2
20.416	2
20.428	2
20.5	3
21.174	3
23.18	3
24.058	3
24.407	3
25.61	3
25.728	3
25.831	3
26.021	3
27.297	3
29.073	3
37.101	3
37.62	3
37.821	3
38.578	3
39.268	3
42.357	3
42.898	3
43.408	3
43.639	3
46.48	3
48.064	3
19.657	1
19.717	1
19.73	2
19.746	2
19.753	2
19.815	2
19.827	2
19.827	2
19.834	2
19.898	2
19.9	2
19.922	2
19.962	2
19.979	2
20.009	2
20.037	2
20.044	2
20.047	2
20.086	2
20.093	2
20.1	2
20.104	2
20.2	2
20.225	2
20.248	2
20.269	2
20.28	2
20.318	2
20.361	2
20.416	2
20.428	2
20.5	3
21.174	3
23.18	3
24.058	3
24.407	3
25.61	3
25.728	3
25.831	3
26.021	3
27.297	3
29.073	3
37.101	3
37.62	3
37.821	3
38.578	3
39.268	3
42.357	3
42.898	3
43.408	3
43.639	3
46.48	3
48.064	3
19.73	1
19.746	1
19.753	1
19.815	1
19.827	1
19.827	1
19.834	1
19.898	1
19.9	1
19.922	1
19.962	1
19.979	1
20.009	1
20.037	2
20.044	2
20.047	2
20.086	2
20.093	3
20.1	3
20.104	3
20.2	3
20.225	3
20.248	3
20.269	3
20.28	3
20.318	3
20.361	3
20.416	3
20.428	3
20.5	3
21.174	3
23.18	3
24.058	3
24.407	3
25.61	3
25.728	3
25.831	3
26.021	3
27.297	3
29.073	3
37.101	3
37.62	3
37.821	3
38.578	3
39.268	3
42.357	3
42.898	3
43.408	3
43.639	3
46.48	3
48.064	3
19.657	1
19.717	2
19.73	2
19.746	2
19.753	2
19.815	2
19.827	2
19.827	2
19.834	2
19.898	2
19.9	2
19.922	2
19.962	2
19.979	2
20.009	2
20.037	2
20.044	2
20.047	2
20.086	2
20.093	2
20.1	2
20.104	2
20.2	2
20.225	2
20.248	3
20.269	3
20.28	3
20.318	3
20.361	3
20.416	3
20.428	3
20.5	3
21.174	3
23.18	3
24.058	3
24.407	3
25.61	3
25.728	3
25.831	3
26.021	3
27.297	3
29.073	3
37.101	3
37.62	3
37.821	3
38.578	3
39.268	3
42.357	3
42.898	3
43.408	3
43.639	3
46.48	3
48.064	3
19.657	1
19.717	1
19.73	1
19.746	1
19.753	1
19.815	1
19.827	1
19.827	1
19.834	1
19.898	1
19.9	2
19.922	2
19.962	2
19.979	2
20.009	2
20.037	2
20.044	2
20.047	2
20.086	2
20.093	2
20.1	2
20.104	2
20.2	2
20.225	2
20.248	2
20.269	2
20.28	3
20.318	3
20.361	4
20.416	4
20.428	4
20.5	4
21.174	4
23.18	4
24.058	4
24.407	5
25.61	5
25.728	5
25.831	5
26.021	5
27.297	5
29.073	5
37.101	5
37.62	5
37.821	4
38.578	4
39.268	4
42.357	3
42.898	2
43.408	2
43.639	3
46.48	3
48.064	3
19.657	1
19.717	2
19.73	2
19.746	2
19.753	2
19.815	2
19.827	2
19.827	2
19.834	2
19.898	2
19.9	2
19.922	2
19.962	2
19.979	2
20.009	2
20.037	2
20.044	2
20.047	2
20.086	2
20.093	3
20.1	3
20.104	3
20.2	3
20.225	3
20.248	3
20.269	3
20.28	3
20.318	3
20.361	3
20.416	3
20.428	3
20.5	3
21.174	3
23.18	3
24.058	3
24.407	3
25.61	3
25.728	3
25.831	3
26.021	3
27.297	3
29.073	3
37.101	3
37.62	3
37.821	3
38.578	3
39.268	3
42.357	3
42.898	3
43.408	3
43.639	3
46.48	3
48.064	3
19.746	1
19.753	1
19.815	1
19.827	1
19.827	1
19.834	1
19.898	1
19.9	1
19.922	1
19.962	1
19.979	1
20.009	1
20.037	1
20.044	1
20.047	2
20.086	2
20.093	2
20.1	2
20.104	2
20.2	2
20.225	2
20.248	2
20.269	2
20.28	2
20.318	2
20.361	2
20.416	2
20.428	2
20.5	2
21.174	2
23.18	2
24.058	2
24.407	3
25.61	3
25.728	3
25.831	3
26.021	3
27.297	3
29.073	3
37.101	3
37.62	3
37.821	3
38.578	3
39.268	3
42.357	3
42.898	3
43.408	3
43.639	3
46.48	3
48.064	3
20.047	1
20.086	1
20.093	2
20.1	2
20.104	2
20.2	2
20.225	2
20.248	2
20.269	2
20.28	2
20.318	2
20.361	2
20.416	2
20.428	2
20.5	2
21.174	2
23.18	2
24.058	2
24.407	3
25.61	3
25.728	3
25.831	3
26.021	3
27.297	3
29.073	3
37.101	3
37.62	3
37.821	3
38.578	3
39.268	3
42.357	3
42.898	3
43.408	3
43.639	3
46.48	3
48.064	3
19.815	1
19.827	1
19.827	1
19.834	1
19.898	1
19.9	1
19.922	1
19.962	1
19.979	1
20.009	2
20.037	3
20.044	3
20.047	3
20.086	4
20.093	4
20.1	4
20.104	4
20.2	4
20.225	4
20.248	4
20.269	4
20.28	4
20.318	4
20.361	4
20.416	4
20.428	4
20.5	4
21.174	4
23.18	3
24.058	3
24.407	3
25.61	3
25.728	3
25.831	3
26.021	3
27.297	3
29.073	3
37.101	3
37.62	3
37.821	3
38.578	3
39.268	3
42.357	3
42.898	3
43.408	3
43.639	3
46.48	3
48.064	3
19.962	1
19.979	1
20.009	1
20.037	2
20.044	2
20.047	2
20.086	2
20.093	2
20.1	2
20.104	2
20.2	2
20.225	2
20.248	2
20.269	3
20.28	3
20.318	3
20.361	3
20.416	3
20.428	3
20.5	3
21.174	3
23.18	3
24.058	3
24.407	3
25.61	3
25.728	3
25.831	3
26.021	3
27.297	3
29.073	3
37.101	3
37.62	3
37.821	3
38.578	3
39.268	3
42.357	3
42.898	3
43.408	3
43.639	3
46.48	3
48.064	3
19.827	1
19.827	1
19.834	1
19.898	1
19.9	1
19.922	1
19.962	1
19.979	1
20.009	1
20.037	2
20.044	2
20.047	3
20.086	3
20.093	3
20.1	3
20.104	3
20.2	3
20.225	3
20.248	3
20.269	3
20.28	3
20.318	3
20.361	3
20.416	3
20.428	3
20.5	3
21.174	3
23.18	3
24.058	3
24.407	3
25.61	3
25.728	3
25.831	3
26.021	3
27.297	3
29.073	3
37.101	3
37.62	3
37.821	3
38.578	3
39.268	3
42.357	3
42.898	3
43.408	3
43.639	3
46.48	3
48.064	3
19.717	1
19.73	1
19.746	1
19.753	1
19.815	1
19.827	1
19.827	1
19.834	1
19.898	1
19.9	1
19.922	1
19.962	1
19.979	1
20.009	1
20.037	1
20.044	1
20.047	2
20.086	2
20.093	3
20.1	3
20.104	3
20.2	3
20.225	3
20.248	3
20.269	3
20.28	3
20.318	3
20.361	3
20.416	3
20.428	3
20.5	3
21.174	3
23.18	3
24.058	3
24.407	3
25.61	3
25.728	3
25.831	3
26.021	3
27.297	3
29.073	3
37.101	3
37.62	3
37.821	3
38.578	3
39.268	3
42.357	3
42.898	3
43.408	3
43.639	3
46.48	3
48.064	3
19.657	1
19.717	1
19.73	2
19.746	2
19.753	2
19.815	2
19.827	3
19.827	3
19.834	3
19.898	3
19.9	3
19.922	3
19.962	3
19.979	3
20.009	3
20.037	3
20.044	3
20.047	3
20.086	3
20.093	3
20.1	3
20.104	3
20.2	3
20.225	3
20.248	3
20.269	3
20.28	3
20.318	3
20.361	3
20.416	3
20.428	3
20.5	3
21.174	3
23.18	3
24.058	3
24.407	3
25.61	3
25.728	3
25.831	3
26.021	3
27.297	3
29.073	3
37.101	3
37.62	3
37.821	3
38.578	3
39.268	3
42.357	3
42.898	3
43.408	3
43.639	3
46.48	3
48.064	3
20.047	1
20.086	1
20.093	2
20.1	2
20.104	2
20.2	2
20.225	2
20.248	3
20.269	3
20.28	3
20.318	3
20.361	3
20.416	3
20.428	3
20.5	3
21.174	3
23.18	3
24.058	3
24.407	3
25.61	3
25.728	3
25.831	3
26.021	3
27.297	3
29.073	3
37.101	3
37.62	3
37.821	3
38.578	3
39.268	3
42.357	3
42.898	3
43.408	3
43.639	3
46.48	3
48.064	3
19.657	1
19.717	1
19.73	2
19.746	2
19.753	2
19.815	2
19.827	2
19.827	2
19.834	2
19.898	2
19.9	2
19.922	2
19.962	2
19.979	2
20.009	2
20.037	2
20.044	2
20.047	2
20.086	2
20.093	2
20.1	2
20.104	2
20.2	2
20.225	2
20.248	3
20.269	3
20.28	3
20.318	3
20.361	3
20.416	3
20.428	3
20.5	3
21.174	3
23.18	3
24.058	3
24.407	3
25.61	3
25.728	3
25.831	3
26.021	3
27.297	3
29.073	3
37.101	3
37.62	3
37.821	3
38.578	3
39.268	3
42.357	3
42.898	3
43.408	3
43.639	3
46.48	3
48.064	3
19.964	1
19.983	2
19.987	2
20.003	2
20.014	2
20.016	2
20.022	2
20.028	2
20.038	2
20.04	2
20.04	2
20.116	2
20.12	2
20.133	2
20.135	2
20.157	2
20.157	2
20.17	2
20.189	2
20.193	2
20.207	2
20.208	2
20.227	2
20.256	2
20.257	2
20.267	2
20.268	2
20.273	2
20.278	2
20.301	2
20.31	2
20.315	2
20.358	2
20.376	2
20.417	2
20.606	2
20.719	2
20.752	2
21.835	2
22.63	2
24.364	2
27.687	2
28.0	2
30.791	2
31.033	2
31.241	2
31.625	2
32.411	2
32.511	2
32.735	2
33.537	2
34.317	2
34.546	2
34.826	2
35.426	2
36.166	2
36.509	2
37.775	2
37.978	2
38.169	2
40.522	2
40.669	2
40.864	2
43.614	2
46.525	2
46.899	2
53.029	2
56.886	2
57.394	2
58.167	2
58.278	2
58.308	2
76.403	2
96.231	2
20.116	1
20.12	1
20.133	1
20.135	1
20.157	1
20.157	1
20.17	1
20.189	1
20.193	1
20.207	1
20.208	1
20.227	1
20.256	2
20.257	2
20.267	2
20.268	2
20.273	2
20.278	2
20.301	2
20.31	2
20.315	2
20.358	2
20.376	2
20.417	2
20.606	2
20.719	2
20.752	2
21.835	2
22.63	2
24.364	2
27.687	2
28.0	2
30.791	2
31.033	2
31.241	2
31.625	2
32.411	2
32.511	2
32.735	2
33.537	2
34.317	2
34.546	2
34.826	2
35.426	2
36.166	2
36.509	2
37.775	2
37.978	2
38.169	2
40.522	2
40.669	2
40.864	2
43.614	2
46.525	2
46.899	2
53.029	2
56.886	2
57.394	2
58.167	2
58.278	2
58.308	2
76.403	2
96.231	2
20.022	1
20.028	1
20.038	1
20.04	1
20.04	1
20.116	1
20.12	2
20.133	2
20.135	2
20.157	3
20.157	3
20.17	3
20.189	3
20.193	3
20.207	3
20.208	4
20.227	4
20.256	4
20.257	5
20.267	5
20.268	5
20.273	5
20.278	5
20.301	5
20.31	5
20.315	6
20.358	6
20.376	6
20.417	6
20.606	6
20.719	6
20.752	6
21.835	6
22.63	6
24.364	6
27.687	6
28.0	6
30.791	5
31.033	5
31.241	5
31.625	5
32.411	5
32.511	5
32.735	5
33.537	5
34.317	5
34.546	5
34.826	5
35.426	5
36.166	5
36.509	5
37.775	5
37.978	5
38.169	5
40.522	5
40.669	5
40.864	5
43.614	4
46.525	3
46.899	3
53.029	2
56.886	2
57.394	2
58.167	2
58.278	2
58.308	2
76.403	2
96.231	2
19.962	1
19.964	1
19.983	2
19.987	2
20.003	2
20.014	2
20.016	2
20.022	2
20.028	2
20.038	2
20.04	2
20.04	2
20.116	2
20.12	2
20.133	2
20.135	2
20.157	2
20.157	2
20.17	2
20.189	2
20.193	2
20.207	2
20.208	2
20.227	2
20.256	2
20.257	2
20.267	2
20.268	2
20.273	2
20.278	2
20.301	2
20.31	2
20.315	2
20.358	2
20.376	2
20.417	2
20.606	2
20.719	2
20.752	2
21.835	2
22.63	2
24.364	2
27.687	2
28.0	2
30.791	2
31.033	2
31.241	2
31.625	2
32.411	2
32.511	2
32.735	2
33.537	2
34.317	2
34.546	2
34.826	2
35.426	2
36.166	2
36.509	2
37.775	2
37.978	2
38.169	2
40.522	2
40.669	2
40.864	2
43.614	2
46.525	2
46.899	2
53.029	2
56.886	2
57.394	2
58.167	2
58.278	2
58.308	2
76.403	2
96.231	2
19.987	1
20.003	1
20.014	1
20.016	1
20.022	1
20.028	1
20.038	1
20.04	1
20.04	1
20.116	1
20.12	1
20.133	1
20.135	1
20.157	1
20.157	1
20.17	1
20.189	1
20.193	1
20.207	1
20.208	1
20.227	1
20.256	1
20.257	1
20.267	1
20.268	1
20.273	1
20.278	1
20.301	1
20.31	1
20.315	1
20.358	1
20.376	1
20.417	1
20.606	1
20.719	1
20.752	1
21.835	1
22.63	1
24.364	1
27.687	1
28.0	1
30.791	1
31.033	1
31.241	1
31.625	1
32.411	1
32.511	1
32.735	1
33.537	1
34.317	1
34.546	1
34.826	1
35.426	1
36.166	1
36.509	1
37.775	1
37.978	1
38.169	1
40.522	1
40.669	1
40.864	1
43.614	1
46.525	1
46.899	1
53.029	1
56.886	1
57.394	1
58.167	1
58.278	1
58.308	1
76.403	1
96.231	1
19.962	1
19.964	1
19.983	1
19.987	1
20.003	1
20.014	1
20.016	1
20.022	2
20.028	2
20.038	2
20.04	2
20.04	2
20.116	2
20.12	2
20.133	2
20.135	2
20.157	2
20.157	2
20.17	2
20.189	2
20.193	2
20.207	2
20.208	2
20.227	2
20.256	2
20.257	2
20.267	2
20.268	2
20.273	2
20.278	2
20.301	2
20.31	2
20.315	2
20.358	2
20.376	2
20.417	2
20.606	2
20.719	2
20.752	2
21.835	2
22.63	2
24.364	2
27.687	2
28.0	2
30.791	2
31.033	2
31.241	2
31.625	2
32.411	2
32.511	2
32.735	2
33.537	2
34.317	2
34.546	2
34.826	2
35.426	2
36.166	2
36.509	2
37.775	2
37.978	2
38.169	2
40.522	2
40.669	2
40.864	2
43.614	2
46.525	2
46.899	2
53.029	2
56.886	2
57.394	2
58.167	2
58.278	2
58.308	2
76.403	2
96.231	2
19.962	1
19.964	1
19.983	1
19.987	1
20.003	2
20.014	2
20.016	2
20.022	2
20.028	2
20.038	2
20.04	2
20.04	2
20.116	2
20.12	2
20.133	2
20.135	2
20.157	2
20.157	2
20.17	2
20.189	2
20.193	2
20.207	2
20.208	2
20.227	2
20.256	2
20.257	2
20.267	2
20.268	2
20.273	2
20.278	3
20.301	3
20.31	3
20.315	3
20.358	3
20.376	3
20.417	3
20.606	3
20.719	3
20.752	3
21.835	3
22.63	3
24.364	3
27.687	3
28.0	3
30.791	3
31.033	3
31.241	3
31.625	3
32.411	3
32.511	3
32.735	3
33.537	2
34.317	2
34.546	2
34.826	2
35.426	2
36.166	2
36.509	2
37.775	2
37.978	2
38.169	2
40.522	2
40.669	2
40.864	2
43.614	2
46.525	2
46.899	2
53.029	2
56.886	2
57.394	2
58.167	2
58.278	2
58.308	2
76.403	2
96.231	2
20.116	1
20.12	1
20.133	1
20.135	1
20.157	1
20.157	1
20.17	1
20.189	1
20.193	1
20.207	1
20.208	1
20.227	1
20.256	1
20.257	1
20.267	1
20.268	1
20.273	1
20.278	1
20.301	1
20.31	1
20.315	1
20.358	1
20.376	1
20.417	1
20.606	1
20.719	1
20.752	1
21.835	1
22.63	1
24.364	1
27.687	1
28.0	1
30.791	1
31.033	1
31.241	1
31.625	1
32.411	1
32.511	1
32.735	1
33.537	1
34.317	1
34.546	1
34.826	1
35.426	1
36.166	1
36.509	1
37.775	1
37.978	1
38.169	1
40.522	1
40.669	1
40.864	1
43.614	1
46.525	1
46.899	1
53.029	1
56.886	1
57.394	1
58.167	1
58.278	1
58.308	1
76.403	1
96.231	1
19.836	1
19.85	1
19.962	1
19.964	2
19.983	2
19.987	2
20.003	2
20.014	2
20.016	2
20.022	2
20.028	2
20.038	2
20.04	2
20.04	2
20.116	2
20.12	2
20.133	2
20.135	2
20.157	2
20.157	2
20.17	2
20.189	2
20.193	2
20.207	2
20.208	2
20.227	2
20.256	2
20.257	2
20.267	2
20.268	2
20.273	2
20.278	2
20.301	2
20.31	2
20.315	2
20.358	2
20.376	2
20.417	2
20.606	2
20.719	2
20.752	2
21.835	2
22.63	2
24.364	2
27.687	2
28.0	2
30.791	2
31.033	2
31.241	2
31.625	2
32.411	2
32.511	2
32.735	2
33.537	2
34.317	2
34.546	2
34.826	2
35.426	2
36.166	2
36.509	2
37.775	2
37.978	2
38.169	2
40.522	2
40.669	2
40.864	2
43.614	2
46.525	2
46.899	2
53.029	2
56.886	2
57.394	2
58.167	2
58.278	2
58.308	2
76.403	2
96.231	2
19.983	1
19.987	1
20.003	2
20.014	2
20.016	2
20.022	2
20.028	2
20.038	2
20.04	2
20.04	2
20.116	2
20.12	2
20.133	2
20.135	2
20.157	2
20.157	2
20.17	2
20.189	2
20.193	2
20.207	2
20.208	2
20.227	2
20.256	2
20.257	2
20.267	2
20.268	2
20.273	2
20.278	2
20.301	2
20.31	2
20.315	2
20.358	2
20.376	2
20.417	2
20.606	2
20.719	2
20.752	2
21.835	2
22.63	2
24.364	2
27.687	2
28.0	2
30.791	2
31.033	2
31.241	2
31.625	2
32.411	2
32.511	2
32.735	2
33.537	2
34.317	2
34.546	2
34.826	2
35.426	2
36.166	2
36.509	2
37.775	2
37.978	2
38.169	2
40.522	2
40.669	2
40.864	2
43.614	2
46.525	2
46.899	2
53.029	2
56.886	2
57.394	2
58.167	2
58.278	2
58.308	2
76.403	2
96.231	2
19.836	1
19.85	1
19.962	1
19.964	1
19.983	1
19.987	1
20.003	1
20.014	1
20.016	1
20.022	2
20.028	2
20.038	2
20.04	2
20.04	2
20.116	2
20.12	2
20.133	2
20.135	2
20.157	2
20.157	2
20.17	2
20.189	2
20.193	2
20.207	2
20.208	2
20.227	2
20.256	2
20.257	2
20.267	2
20.268	2
20.273	2
20.278	2
20.301	2
20.31	2
20.315	2
20.358	2
20.376	2
20.417	2
20.606	2
20.719	2
20.752	2
21.835	2
22.63	2
24.364	2
27.687	2
28.0	2
30.791	2
31.033	2
31.241	2
31.625	2
32.411	2
32.511	2
32.735	2
33.537	2
34.317	2
34.546	2
34.826	2
35.426	2
36.166	2
36.509	2
37.775	2
37.978	2
38.169	2
40.522	2
40.669	2
40.864	2
43.614	2
46.525	2
46.899	2
53.029	2
56.886	2
57.394	2
58.167	2
58.278	2
58.308	2
76.403	2
96.231	2
19.962	1
19.964	1
19.983	1
19.987	1
20.003	1
20.014	1
20.016	1
20.022	1
20.028	1
20.038	1
20.04	1
20.04	1
20.116	1
20.12	1
20.133	1
20.135	1
20.157	1
20.157	1
20.17	1
20.189	1
20.193	1
20.207	1
20.208	1
20.227	1
20.256	1
20.257	1
20.267	1
20.268	1
20.273	1
20.278	1
20.301	1
20.31	1
20.315	1
20.358	1
20.376	1
20.417	1
20.606	1
20.719	1
20.752	1
21.835	1
22.63	1
24.364	1
27.687	1
28.0	1
30.791	1
31.033	1
31.241	1
31.625	1
32.411	1
32.511	1
32.735	1
33.537	1
34.317	1
34.546	1
34.826	1
35.426	1
36.166	1
36.509	1
37.775	1
37.978	1
38.169	1
40.522	1
40.669	1
40.864	1
43.614	1
46.525	1
46.899	1
53.029	1
56.886	1
57.394	1
58.167	1
58.278	1
58.308	1
76.403	1
96.231	1
20.003	1
20.014	1
20.016	1
20.022	1
20.028	1
20.038	1
20.04	1
20.04	1
20.116	1
20.12	1
20.133	1
20.135	1
20.157	1
20.157	1
20.17	1
20.189	1
20.193	2
20.207	2
20.208	2
20.227	2
20.256	2
20.257	2
20.267	2
20.268	2
20.273	2
20.278	2
20.301	2
20.31	2
20.315	2
20.358	2
20.376	2
20.417	2
20.606	2
20.719	3
20.752	4
21.835	3
22.63	3
24.364	2
27.687	2
28.0	2
30.791	2
31.033	2
31.241	2
31.625	2
32.411	2
32.511	2
32.735	2
33.537	2
34.317	2
34.546	2
34.826	2
35.426	2
36.166	2
36.509	2
37.775	2
37.978	2
38.169	2
40.522	2
40.669	2
40.864	2
43.614	2
46.525	2
46.899	2
53.029	2
56.886	2
57.394	2
58.167	2
58.278	2
58.308	2
76.403	2
96.231	2
19.836	1
19.85	1
19.962	1
19.964	1
19.983	1
19.987	1
20.003	1
20.014	2
20.016	2
20.022	2
20.028	2
20.038	2
20.04	2
20.04	2
20.116	2
20.12	2
20.133	2
20.135	2
20.157	2
20.157	2
20.17	2
20.189	2
20.193	2
20.207	2
20.208	2
20.227	2
20.256	2
20.257	2
20.267	2
20.268	2
20.273	2
20.278	2
20.301	2
20.31	2
20.315	2
20.358	2
20.376	2
20.417	2
20.606	2
20.719	2
20.752	2
21.835	2
22.63	2
24.364	2
27.687	2
28.0	2
30.791	2
31.033	2
31.241	2
31.625	2
32.411	2
32.511	2
32.735	2
33.537	2
34.317	2
34.546	2
34.826	2
35.426	2
36.166	2
36.509	2
37.775	2
37.978	2
38.169	2
40.522	2
40.669	2
40.864	2
43.614	2
46.525	2
46.899	2
53.029	2
56.886	2
57.394	2
58.167	2
58.278	2
58.308	2
76.403	2
96.231	2
19.964	1
19.983	1
19.987	1
20.003	1
20.014	1
20.016	1
20.022	1
20.028	1
20.038	1
20.04	1
20.04	1
20.116	2
20.12	2
20.133	2
20.135	2
20.157	2
20.157	2
20.17	2
20.189	2
20.193	2
20.207	2
20.208	2
20.227	2
20.256	2
20.257	2
20.267	2
20.268	2
20.273	2
20.278	2
20.301	2
20.31	2
20.315	2
20.358	2
20.376	2
20.417	2
20.606	2
20.719	2
20.752	2
21.835	2
22.63	2
24.364	2
27.687	2
28.0	2
30.791	2
31.033	2
31.241	2
31.625	2
32.411	2
32.511	2
32.735	2
33.537	2
34.317	2
34.546	2
34.826	2
35.426	2
36.166	2
36.509	2
37.775	2
37.978	2
38.169	2
40.522	2
40.669	2
40.864	2
43.614	2
46.525	2
46.899	2
53.029	2
56.886	2
57.394	2
58.167	2
58.278	2
58.308	2
76.403	2
96.231	2
19.983	1
19.987	1
20.003	1
20.014	1
20.016	1
20.022	1
20.028	1
20.038	1
20.04	1
20.04	1
20.116	1
20.12	1
20.133	1
20.135	1
20.157	1
20.157	1
20.17	1
20.189	1
20.193	1
20.207	1
20.208	1
20.227	1
20.256	2
20.257	2
20.267	2
20.268	2
20.273	2
20.278	2
20.301	2
20.31	2
20.315	2
20.358	2
20.376	2
20.417	2
20.606	2
20.719	2
20.752	2
21.835	2
22.63	2
24.364	2
27.687	2
28.0	2
30.791	2
31.033	2
31.241	2
31.625	2
32.411	2
32.511	2
32.735	2
33.537	2
34.317	2
34.546	2
34.826	2
35.426	2
36.166	2
36.509	2
37.775	2
37.978	2
38.169	2
40.522	2
40.669	2
40.864	2
43.614	2
46.525	2
46.899	2
53.029	2
56.886	2
57.394	2
58.167	2
58.278	2
58.308	2
76.403	2
96.231	2
20.003	1
20.014	1
20.016	1
20.022	2
20.028	2
20.038	3
20.04	3
20.04	3
20.116	3
20.12	3
20.133	3
20.135	3
20.157	3
20.157	3
20.17	3
20.189	3
20.193	3
20.207	4
20.208	4
20.227	4
20.256	4
20.257	4
20.267	5
20.268	5
20.273	5
20.278	5
20.301	5
20.31	5
20.315	5
20.358	5
20.376	5
20.417	5
20.606	5
20.719	5
20.752	5
21.835	5
22.63	5
24.364	5
27.687	5
28.0	5
30.791	5
31.033	5
31.241	5
31.625	5
32.411	5
32.511	5
32.735	5
33.537	5
34.317	5
34.546	4
34.826	4
35.426	4
36.166	4
36.509	3
37.775	3
37.978	3
38.169	3
40.522	3
40.669	3
40.864	3
43.614	3
46.525	3
46.899	2
53.029	2
56.886	2
57.394	2
58.167	2
58.278	2
58.308	2
76.403	2
96.231	2
19.964	1
19.983	1
19.987	1
20.003	1
20.014	2
20.016	2
20.022	2
20.028	2
20.038	2
20.04	2
20.04	2
20.116	2
20.12	2
20.133	2
20.135	2
20.157	2
20.157	2
20.17	2
20.189	2
20.193	2
20.207	2
20.208	2
20.227	2
20.256	2
20.257	2
20.267	2
20.268	2
20.273	2
20.278	2
20.301	2
20.31	2
20.315	2
20.358	2
20.376	2
20.417	2
20.606	2
20.719	2
20.752	2
21.835	2
22.63	2
24.364	2
27.687	2
28.0	2
30.791	2
31.033	2
31.241	2
31.625	2
32.411	2
32.511	2
32.735	2
33.537	2
34.317	2
34.546	2
34.826	2
35.426	2
36.166	2
36.509	2
37.775	2
37.978	2
38.169	2
40.522	2
40.669	2
40.864	2
43.614	2
46.525	2
46.899	2
53.029	2
56.886	2
57.394	2
58.167	2
58.278	2
58.308	2
76.403	2
96.231	2
19.962	1
19.964	1
19.983	1
19.987	1
20.003	1
20.014	1
20.016	1
20.022	1
20.028	1
20.038	1
20.04	1
20.04	1
20.116	1
20.12	1
20.133	1
20.135	2
20.157	2
20.157	2
20.17	2
20.189	2
20.193	2
20.207	2
20.208	2
20.227	2
20.256	2
20.257	2
20.267	2
20.268	2
20.273	2
20.278	2
20.301	2
20.31	2
20.315	2
20.358	2
20.376	2
20.417	2
20.606	2
20.719	2
20.752	2
21.835	2
22.63	2
24.364	2
27.687	2
28.0	2
30.791	2
31.033	2
31.241	2
31.625	2
32.411	2
32.511	2
32.735	2
33.537	2
34.317	2
34.546	2
34.826	2
35.426	2
36.166	2
36.509	2
37.775	2
37.978	2
38.169	2
40.522	2
40.669	2
40.864	2
43.614	2
46.525	2
46.899	2
53.029	2
56.886	2
57.394	2
58.167	2
58.278	2
58.308	2
76.403	2
96.231	2
19.836	1
19.85	1
19.962	1
19.964	1
19.983	1
19.987	1
20.003	1
20.014	1
20.016	1
20.022	1
20.028	1
20.038	1
20.04	1
20.04	1
20.116	2
20.12	2
20.133	2
20.135	2
20.157	2
20.157	3
20.17	3
20.189	4
20.193	4
20.207	4
20.208	4
20.227	4
20.256	4
20.257	4
20.267	4
20.268	4
20.273	4
20.278	4
20.301	4
20.31	4
20.315	4
20.358	4
20.376	4
20.417	4
20.606	4
20.719	4
20.752	4
21.835	4
22.63	4
24.364	4
27.687	4
28.0	4
30.791	4
31.033	4
31.241	4
31.625	4
32.411	4
32.511	4
32.735	4
33.537	4
34.317	4
34.546	4
34.826	4
35.426	4
36.166	4
36.509	4
37.775	3
37.978	3
38.169	3
40.522	2
40.669	2
40.864	2
43.614	2
46.525	2
46.899	2
53.029	2
56.886	2
57.394	2
58.167	2
58.278	2
58.308	2
76.403	2
96.231	2
19.983	1
19.987	1
20.003	1
20.014	1
20.016	1
20.022	1
20.028	1
20.038	1
20.04	1
20.04	1
20.116	1
20.12	1
20.133	1
20.135	1
20.157	1
20.157	1
20.17	1
20.189	1
20.193	1
20.207	1
20.208	1
20.227	1
20.256	2
20.257	2
20.267	2
20.268	2
20.273	2
20.278	2
20.301	2
20.31	2
20.315	2
20.358	2
20.376	2
20.417	2
20.606	2
20.719	2
20.752	2
21.835	2
22.63	2
24.364	2
27.687	2
28.0	2
30.791	2
31.033	2
31.241	2
31.625	2
32.411	2
32.511	2
32.735	2
33.537	2
34.317	2
34.546	2
34.826	2
35.426	2
36.166	2
36.509	2
37.775	2
37.978	2
38.169	2
40.522	2
40.669	2
40.864	2
43.614	2
46.525	2
46.899	2
53.029	2
56.886	2
57.394	2
58.167	2
58.278	2
58.308	2
76.403	2
96.231	2
19.964	1
19.983	1
19.987	1
20.003	1
20.014	1
20.016	1
20.022	1
20.028	2
20.038	2
20.04	2
20.04	2
20.116	2
20.12	2
20.133	2
20.135	2
20.157	2
20.157	2
20.17	2
20.189	2
20.193	2
20.207	2
20.208	2
20.227	2
20.256	2
20.257	2
20.267	2
20.268	2
20.273	2
20.278	2
20.301	2
20.31	2
20.315	2
20.358	2
20.376	2
20.417	2
20.606	2
20.719	2
20.752	2
21.835	2
22.63	2
24.364	2
27.687	2
28.0	2
30.791	2
31.033	2
31.241	2
31.625	2
32.411	2
32.511	2
32.735	2
33.537	2
34.317	2
34.546	2
34.826	2
35.426	2
36.166	2
36.509	2
37.775	2
37.978	2
38.169	2
40.522	2
40.669	2
40.864	2
43.614	2
46.525	2
46.899	2
53.029	2
56.886	2
57.394	2
58.167	2
58.278	2
58.308	2
76.403	2
96.231	2
19.983	1
19.987	1
20.003	1
20.014	1
20.016	1
20.022	1
20.028	1
20.038	1
20.04	1
20.04	1
20.116	1
20.12	1
20.133	1
20.135	1
20.157	1
20.157	1
20.17	1
20.189	1
20.193	1
20.207	1
20.208	1
20.227	1
20.256	1
20.257	1
20.267	1
20.268	1
20.273	1
20.278	1
20.301	1
20.31	1
20.315	1
20.358	1
20.376	1
20.417	1
20.606	1
20.719	1
20.752	1
21.835	1
22.63	1
24.364	1
27.687	1
28.0	1
30.791	1
31.033	1
31.241	1
31.625	1
32.411	1
32.511	1
32.735	1
33.537	1
34.317	1
34.546	1
34.826	1
35.426	1
36.166	1
36.509	1
37.775	1
37.978	1
38.169	1
40.522	1
40.669	1
40.864	1
43.614	1
46.525	1
46.899	1
53.029	1
56.886	1
57.394	1
58.167	1
58.278	1
58.308	1
76.403	1
96.231	1
19.962	1
19.964	1
19.983	1
19.987	2
20.003	2
20.014	3
20.016	3
20.022	3
20.028	3
20.038	3
20.04	3
20.04	3
20.116	3
20.12	3
20.133	3
20.135	3
20.157	3
20.157	3
20.17	3
20.189	3
20.193	3
20.207	3
20.208	3
20.227	3
20.256	3
20.257	3
20.267	3
20.268	3
20.273	3
20.278	3
20.301	3
20.31	3
20.315	3
20.358	3
20.376	3
20.417	3
20.606	3
20.719	3
20.752	3
21.835	3
22.63	3
24.364	3
27.687	3
28.0	3
30.791	3
31.033	3
31.241	3
31.625	3
32.411	3
32.511	3
32.735	3
33.537	3
34.317	3
34.546	3
34.826	3
35.426	3
36.166	3
36.509	3
37.775	3
37.978	3
38.169	3
40.522	3
40.669	3
40.864	3
43.614	3
46.525	3
46.899	3
53.029	3
56.886	3
57.394	3
58.167	3
58.278	3
58.308	3
76.403	3
96.231	3
19.983	1
19.987	2
20.003	2
20.014	2
20.016	2
20.022	2
20.028	2
20.038	2
20.04	2
20.04	2
20.116	2
20.12	2
20.133	2
20.135	3
20.157	3
20.157	3
20.17	3
20.189	3
20.193	3
20.207	3
20.208	3
20.227	3
20.256	3
20.257	3
20.267	3
20.268	3
20.273	3
20.278	3
20.301	3
20.31	3
20.315	3
20.358	3
20.376	3
20.417	3
20.606	3
20.719	3
20.752	3
21.835	3
22.63	3
24.364	3
27.687	3
28.0	3
30.791	3
31.033	3
31.241	3
31.625	3
32.411	3
32.511	3
32.735	3
33.537	3
34.317	3
34.546	3
34.826	3
35.426	3
36.166	3
36.509	3
37.775	3
37.978	3
38.169	3
40.522	3
40.669	3
40.864	3
43.614	3
46.525	3
46.899	3
53.029	3
56.886	3
57.394	3
58.167	3
58.278	3
58.308	3
76.403	3
96.231	3
19.987	1
20.003	1
20.014	1
20.016	1
20.022	1
20.028	2
20.038	2
20.04	2
20.04	2
20.116	2
20.12	2
20.133	2
20.135	3
20.157	3
20.157	3
20.17	3
20.189	3
20.193	3
20.207	3
20.208	3
20.227	3
20.256	3
20.257	3
20.267	3
20.268	3
20.273	3
20.278	3
20.301	3
20.31	3
20.315	3
20.358	3
20.376	3
20.417	3
20.606	3
20.719	3
20.752	3
21.835	3
22.63	3
24.364	3
27.687	3
28.0	3
30.791	3
31.033	3
31.241	3
31.625	3
32.411	3
32.511	3
32.735	3
33.537	3
34.317	3
34.546	3
34.826	3
35.426	3
36.166	3
36.509	3
37.775	3
37.978	3
38.169	3
40.522	3
40.669	3
40.864	3
43.614	3
46.525	3
46.899	3
53.029	3
56.886	3
57.394	3
58.167	3
58.278	3
58.308	3
76.403	3
96.231	3
19.85	1
19.962	1
19.964	2
19.983	2
19.987	3
20.003	3
20.014	3
20.016	4
20.022	4
20.028	4
20.038	4
20.04	4
20.04	4
20.116	4
20.12	4
20.133	4
20.135	4
20.157	4
20.157	4
20.17	4
20.189	4
20.193	4
20.207	4
20.208	4
20.227	4
20.256	5
20.257	5
20.267	5
20.268	5
20.273	5
20.278	5
20.301	5
20.31	5
20.315	5
20.358	5
20.376	5
20.417	5
20.606	5
20.719	5
20.752	5
21.835	5
22.63	4
24.364	4
27.687	4
28.0	4
30.791	4
31.033	4
31.241	4
31.625	4
32.411	4
32.511	4
32.735	4
33.537	4
34.317	3
34.546	3
34.826	3
35.426	3
36.166	3
36.509	3
37.775	3
37.978	3
38.169	2
40.522	2
40.669	2
40.864	2
43.614	2
46.525	2
46.899	2
53.029	2
56.886	2
57.394	2
58.167	2
58.278	2
58.308	2
76.403	2
96.231	2
19.836	1
19.85	1
19.962	1
19.964	1
19.983	2
19.987	2
20.003	2
20.014	2
20.016	2
20.022	3
20.028	4
20.038	4
20.04	4
20.04	4
20.116	4
20.12	4
20.133	4
20.135	5
20.157	5
20.157	5
20.17	5
20.189	5
20.193	5
20.207	5
20.208	5
20.227	5
20.256	5
20.257	5
20.267	5
20.268	5
20.273	6
20.278	6
20.301	6
20.31	6
20.315	6
20.358	6
20.376	6
20.417	6
20.606	6
20.719	6
20.752	6
21.835	6
22.63	6
24.364	6
27.687	6
28.0	5
30.791	5
31.033	4
31.241	4
31.625	4
32.411	3
32.511	2
32.735	2
33.537	2
34.317	2
34.546	2
34.826	2
35.426	2
36.166	2
36.509	2
37.775	2
37.978	2
38.169	2
40.522	2
40.669	2
40.864	2
43.614	2
46.525	2
46.899	2
53.029	2
56.886	2
57.394	2
58.167	2
58.278	2
58.308	2
76.403	2
96.231	2
20.014	1
20.016	1
20.022	2
20.028	2
20.038	2
20.04	2
20.04	2
20.116	2
20.12	2
20.133	2
20.135	2
20.157	2
20.157	2
20.17	2
20.189	2
20.193	2
20.207	2
20.208	2
20.227	2
20.256	2
20.257	2
20.267	2
20.268	2
20.273	2
20.278	2
20.301	2
20.31	2
20.315	2
20.358	2
20.376	2
20.417	2
20.606	2
20.719	2
20.752	2
21.835	2
22.63	2
24.364	2
27.687	2
28.0	2
30.791	2
31.033	2
31.241	2
31.625	2
32.411	2
32.511	2
32.735	2
33.537	2
34.317	2
34.546	2
34.826	2
35.426	2
36.166	2
36.509	2
37.775	2
37.978	2
38.169	2
40.522	2
40.669	2
40.864	2
43.614	2
46.525	2
46.899	2
53.029	2
56.886	2
57.394	2
58.167	2
58.278	2
58.308	2
76.403	2
96.231	2
19.964	1
19.983	1
19.987	2
20.003	2
20.014	2
20.016	2
20.022	2
20.028	2
20.038	2
20.04	2
20.04	2
20.116	2
20.12	2
20.133	2
20.135	2
20.157	2
20.157	2
20.17	2
20.189	2
20.193	2
20.207	2
20.208	2
20.227	2
20.256	2
20.257	2
20.267	2
20.268	2
20.273	2
20.278	2
20.301	2
20.31	2
20.315	2
20.358	2
20.376	2
20.417	2
20.606	2
20.719	2
20.752	2
21.835	2
22.63	2
24.364	2
27.687	2
28.0	2
30.791	2
31.033	2
31.241	2
31.625	2
32.411	2
32.511	2
32.735	2
33.537	2
34.317	2
34.546	2
34.826	2
35.426	2
36.166	2
36.509	2
37.775	2
37.978	2
38.169	2
40.522	2
40.669	2
40.864	2
43.614	2
46.525	2
46.899	2
53.029	2
56.886	2
57.394	2
58.167	2
58.278	2
58.308	2
76.403	2
96.231	2
19.836	1
19.85	1
19.962	1
19.964	1
19.983	1
19.987	1
20.003	1
20.014	1
20.016	1
20.022	1
20.028	1
20.038	1
20.04	1
20.04	1
20.116	1
20.12	1
20.133	1
20.135	1
20.157	1
20.157	1
20.17	1
20.189	1
20.193	1
20.207	1
20.208	1
20.227	1
20.256	1
20.257	1
20.267	1
20.268	1
20.273	1
20.278	1
20.301	1
20.31	1
20.315	1
20.358	1
20.376	1
20.417	1
20.606	1
20.719	1
20.752	1
21.835	1
22.63	1
24.364	1
27.687	1
28.0	1
30.791	1
31.033	1
31.241	1
31.625	1
32.411	1
32.511	1
32.735	1
33.537	1
34.317	1
34.546	1
34.826	1
35.426	1
36.166	1
36.509	1
37.775	1
37.978	1
38.169	1
40.522	1
40.669	1
40.864	1
43.614	1
46.525	1
46.899	1
53.029	1
56.886	1
57.394	1
58.167	1
58.278	1
58.308	1
76.403	1
96.231	1
19.836	1
19.85	1
19.962	1
19.964	1
19.983	1
19.987	1
20.003	1
20.014	1
20.016	1
20.022	2
20.028	2
20.038	2
20.04	2
20.04	2
20.116	2
20.12	2
20.133	2
20.135	2
20.157	2
20.157	2
20.17	2
20.189	2
20.193	2
20.207	2
20.208	2
20.227	2
20.256	2
20.257	2
20.267	2
20.268	2
20.273	2
20.278	2
20.301	2
20.31	2
20.315	2
20.358	2
20.376	2
20.417	2
20.606	2
20.719	2
20.752	2
21.835	2
22.63	2
24.364	2
27.687	2
28.0	2
30.791	2
31.033	2
31.241	2
31.625	2
32.411	2
32.511	2
32.735	2
33.537	2
34.317	2
34.546	2
34.826	2
35.426	2
36.166	2
36.509	2
37.775	2
37.978	2
38.169	2
40.522	2
40.669	2
40.864	2
43.614	2
46.525	2
46.899	2
53.029	2
56.886	2
57.394	2
58.167	2
58.278	2
58.308	2
76.403	2
96.231	2
19.983	1
19.987	1
20.003	1
20.014	1
20.016	1
20.022	1
20.028	1
20.038	1
20.04	2
20.04	2
20.116	2
20.12	2
20.133	2
20.135	2
20.157	2
20.157	2
20.17	3
20.189	3
20.193	3
20.207	3
20.208	3
20.227	4
20.256	4
20.257	4
20.267	4
20.268	4
20.273	4
20.278	4
20.301	4
20.31	4
20.315	4
20.358	4
20.376	4
20.417	4
20.606	5
20.719	5
20.752	5
21.835	5
22.63	5
24.364	5
27.687	5
28.0	5
30.791	5
31.033	5
31.241	5
31.625	5
32.411	5
32.511	5
32.735	5
33.537	5
34.317	5
34.546	5
34.826	5
35.426	5
36.166	5
36.509	5
37.775	5
37.978	4
38.169	4
40.522	4
40.669	4
40.864	3
43.614	3
46.525	3
46.899	3
53.029	3
56.886	2
57.394	1
58.167	2
58.278	3
58.308	4
76.403	3
96.231	2
19.836	1
19.85	1
19.962	1
19.964	1
19.983	1
19.987	1
20.003	2
20.014	2
20.016	2
20.022	2
20.028	2
20.038	2
20.04	2
20.04	2
20.116	2
20.12	2
20.133	2
20.135	2
20.157	2
20.157	2
20.17	2
20.189	2
20.193	2
20.207	2
20.208	2
20.227	2
20.256	2
20.257	2
20.267	2
20.268	2
20.273	2
20.278	2
20.301	2
20.31	2
20.315	2
20.358	2
20.376	2
20.417	2
20.606	2
20.719	2
20.752	2
21.835	2
22.63	2
24.364	2
27.687	2
28.0	2
30.791	2
31.033	2
31.241	2
31.625	2
32.411	2
32.511	2
32.735	2
33.537	2
34.317	2
34.546	2
34.826	2
35.426	2
36.166	2
36.509	2
37.775	2
37.978	2
38.169	2
40.522	2
40.669	2
40.864	2
43.614	2
46.525	2
46.899	2
53.029	2
56.886	2
57.394	2
58.167	2
58.278	2
58.308	2
76.403	2
96.231	2
19.987	1
20.003	1
20.014	1
20.016	1
20.022	2
20.028	2
20.038	2
20.04	2
20.04	2
20.116	2
20.12	2
20.133	2
20.135	2
20.157	2
20.157	2
20.17	2
20.189	2
20.193	2
20.207	2
20.208	2
20.227	2
20.256	3
20.257	3
20.267	3
20.268	3
20.273	3
20.278	3
20.301	3
20.31	3
20.315	3
20.358	3
20.376	3
20.417	3
20.606	3
20.719	3
20.752	3
21.835	3
22.63	3
24.364	3
27.687	3
28.0	3
30.791	3
31.033	3
31.241	3
31.625	3
32.411	3
32.511	3
32.735	3
33.537	3
34.317	3
34.546	3
34.826	3
35.426	3
36.166	3
36.509	3
37.775	3
37.978	3
38.169	3
40.522	3
40.669	3
40.864	3
43.614	3
46.525	3
46.899	3
53.029	3
56.886	3
57.394	3
58.167	3
58.278	3
58.308	3
76.403	3
96.231	3
20.256	1
20.257	1
20.267	1
20.268	1
20.273	1
20.278	1
20.301	1
20.31	1
20.315	1
20.358	1
20.376	1
20.417	1
20.606	1
20.719	1
20.752	1
21.835	1
22.63	1
24.364	1
27.687	1
28.0	1
30.791	1
31.033	1
31.241	1
31.625	1
32.411	1
32.511	1
32.735	1
33.537	1
34.317	1
34.546	1
34.826	1
35.426	1
36.166	1
36.509	1
37.775	1
37.978	1
38.169	1
40.522	1
40.669	1
40.864	1
43.614	1
46.525	1
46.899	1
53.029	1
56.886	1
57.394	1
58.167	1
58.278	1
58.308	1
76.403	1
96.231	1
20.028	1
20.038	1
20.04	1
20.04	1
20.116	1
20.12	1
20.133	1
20.135	1
20.157	1
20.157	1
20.17	1
20.189	1
20.193	1
20.207	1
20.208	1
20.227	1
20.256	1
20.257	1
20.267	1
20.268	1
20.273	1
20.278	1
20.301	1
20.31	1
20.315	1
20.358	1
20.376	1
20.417	1
20.606	1
20.719	1
20.752	1
21.835	1
22.63	1
24.364	1
27.687	1
28.0	1
30.791	1
31.033	1
31.241	1
31.625	1
32.411	1
32.511	1
32.735	1
33.537	1
34.317	1
34.546	1
34.826	1
35.426	1
36.166	1
36.509	1
37.775	1
37.978	1
38.169	1
40.522	1
40.669	1
40.864	1
43.614	1
46.525	1
46.899	1
53.029	1
56.886	1
57.394	1
58.167	1
58.278	1
58.308	1
76.403	1
96.231	1
20.135	1
20.157	1
20.157	1
20.17	1
20.189	1
20.193	1
20.207	1
20.208	1
20.227	1
20.256	1
20.257	1
20.267	1
20.268	1
20.273	1
20.278	1
20.301	1
20.31	1
20.315	1
20.358	1
20.376	1
20.417	1
20.606	1
20.719	1
20.752	1
21.835	1
22.63	1
24.364	1
27.687	1
28.0	1
30.791	1
31.033	1
31.241	1
31.625	1
32.411	1
32.511	1
32.735	1
33.537	1
34.317	1
34.546	1
34.826	1
35.426	1
36.166	1
36.509	1
37.775	1
37.978	1
38.169	1
40.522	1
40.669	1
40.864	1
43.614	1
46.525	1
46.899	1
53.029	1
56.886	1
57.394	1
58.167	1
58.278	1
58.308	1
76.403	1
96.231	1
19.987	1
20.003	1
20.014	1
20.016	1
20.022	1
20.028	1
20.038	1
20.04	1
20.04	1
20.116	1
20.12	1
20.133	1
20.135	1
20.157	1
20.157	1
20.17	1
20.189	1
20.193	1
20.207	1
20.208	1
20.227	1
20.256	1
20.257	1
20.267	1
20.268	1
20.273	1
20.278	1
20.301	1
20.31	1
20.315	1
20.358	1
20.376	1
20.417	1
20.606	1
20.719	1
20.752	1
21.835	1
22.63	1
24.364	1
27.687	1
28.0	1
30.791	1
31.033	1
31.241	1
31.625	1
32.411	1
32.511	1
32.735	1
33.537	1
34.317	1
34.546	1
34.826	1
35.426	1
36.166	1
36.509	1
37.775	1
37.978	1
38.169	1
40.522	1
40.669	1
40.864	1
43.614	1
46.525	1
46.899	1
53.029	1
56.886	1
57.394	1
58.167	1
58.278	1
58.308	1
76.403	1
96.231	1
19.962	1
19.964	1
19.983	1
19.987	1
20.003	1
20.014	1
20.016	1
20.022	1
20.028	1
20.038	1
20.04	1
20.04	1
20.116	1
20.12	1
20.133	1
20.135	1
20.157	1
20.157	1
20.17	1
20.189	1
20.193	1
20.207	1
20.208	1
20.227	1
20.256	1
20.257	1
20.267	1
20.268	1
20.273	1
20.278	1
20.301	1
20.31	1
20.315	1
20.358	1
20.376	1
20.417	1
20.606	1
20.719	1
20.752	1
21.835	1
22.63	1
24.364	1
27.687	1
28.0	1
30.791	1
31.033	1
31.241	1
31.625	1
32.411	1
32.511	1
32.735	1
33.537	1
34.317	1
34.546	1
34.826	1
35.426	1
36.166	1
36.509	1
37.775	1
37.978	1
38.169	1
40.522	1
40.669	1
40.864	1
43.614	1
46.525	1
46.899	1
53.029	1
56.886	1
57.394	1
58.167	1
58.278	1
58.308	1
76.403	1
96.231	1
19.962	1
19.964	1
19.983	1
19.987	1
20.003	1
20.014	1
20.016	1
20.022	1
20.028	1
20.038	1
20.04	1
20.04	1
20.116	1
20.12	1
20.133	1
20.135	1
20.157	1
20.157	1
20.17	1
20.189	1
20.193	1
20.207	1
20.208	1
20.227	1
20.256	1
20.257	1
20.267	1
20.268	1
20.273	1
20.278	1
20.301	1
20.31	1
20.315	1
20.358	1
20.376	1
20.417	1
20.606	1
20.719	1
20.752	1
21.835	1
22.63	1
24.364	1
27.687	1
28.0	1
30.791	1
31.033	1
31.241	1
31.625	1
32.411	1
32.511	1
32.735	1
33.537	1
34.317	1
34.546	1
34.826	1
35.426	1
36.166	1
36.509	1
37.775	1
37.978	1
38.169	1
40.522	1
40.669	1
40.864	1
43.614	1
46.525	1
46.899	1
53.029	1
56.886	1
57.394	1
58.167	1
58.278	1
58.308	1
76.403	1
96.231	1
20.003	1
20.014	1
20.016	1
20.022	1
20.028	1
20.038	1
20.04	1
20.04	1
20.116	2
20.12	2
20.133	2
20.135	2
20.157	2
20.157	2
20.17	2
20.189	2
20.193	2
20.207	2
20.208	2
20.227	2
20.256	2
20.257	2
20.267	2
20.268	2
20.273	2
20.278	2
20.301	2
20.31	2
20.315	2
20.358	2
20.376	2
20.417	2
20.606	2
20.719	2
20.752	2
21.835	2
22.63	2
24.364	2
27.687	2
28.0	2
30.791	2
31.033	2
31.241	2
31.625	2
32.411	2
32.511	2
32.735	2
33.537	2
34.317	2
34.546	2
34.826	2
35.426	2
36.166	2
36.509	2
37.775	2
37.978	2
38.169	2
40.522	2
40.669	2
40.864	2
43.614	2
46.525	2
46.899	2
53.029	2
56.886	2
57.394	2
58.167	2
58.278	2
58.308	2
76.403	2
96.231	2
19.983	1
19.987	1
20.003	2
20.014	2
20.016	2
20.022	2
20.028	2
20.038	2
20.04	2
20.04	2
20.116	2
20.12	2
20.133	2
20.135	2
20.157	2
20.157	2
20.17	2
20.189	2
20.193	2
20.207	2
20.208	2
20.227	2
20.256	3
20.257	3
20.267	3
20.268	3
20.273	3
20.278	3
20.301	3
20.31	3
20.315	3
20.358	3
20.376	3
20.417	3
20.606	3
20.719	3
20.752	3
21.835	3
22.63	3
24.364	3
27.687	3
28.0	3
30.791	3
31.033	3
31.241	3
31.625	3
32.411	3
32.511	3
32.735	3
33.537	3
34.317	3
34.546	3
34.826	3
35.426	3
36.166	3
36.509	3
37.775	3
37.978	3
38.169	3
40.522	3
40.669	3
40.864	3
43.614	3
46.525	3
46.899	3
53.029	3
56.886	3
57.394	3
58.167	3
58.278	3
58.308	3
76.403	3
96.231	3
20.028	1
20.038	1
20.04	1
20.04	1
20.116	1
20.12	1
20.133	1
20.135	2
20.157	2
20.157	2
20.17	2
20.189	2
20.193	2
20.207	2
20.208	2
20.227	2
20.256	2
20.257	2
20.267	2
20.268	2
20.273	2
20.278	2
20.301	2
20.31	2
20.315	2
20.358	2
20.376	2
20.417	2
20.606	2
20.719	2
20.752	2
21.835	2
22.63	2
24.364	2
27.687	2
28.0	2
30.791	2
31.033	2
31.241	2
31.625	2
32.411	2
32.511	2
32.735	2
33.537	2
34.317	2
34.546	2
34.826	2
35.426	2
36.166	2
36.509	2
37.775	2
37.978	2
38.169	2
40.522	2
40.669	2
40.864	2
43.614	2
46.525	2
46.899	2
53.029	2
56.886	2
57.394	2
58.167	2
58.278	2
58.308	2
76.403	2
96.231	2
19.964	1
19.983	1
19.987	1
20.003	2
20.014	2
20.016	2
20.022	2
20.028	2
20.038	2
20.04	2
20.04	2
20.116	2
20.12	2
20.133	2
20.135	2
20.157	2
20.157	2
20.17	2
20.189	2
20.193	2
20.207	2
20.208	2
20.227	2
20.256	2
20.257	2
20.267	2
20.268	2
20.273	2
20.278	2
20.301	2
20.31	2
20.315	2
20.358	2
20.376	2
20.417	2
20.606	2
20.719	2
20.752	2
21.835	2
22.63	2
24.364	2
27.687	2
28.0	2
30.791	2
31.033	2
31.241	2
31.625	2
32.411	2
32.511	2
32.735	2
33.537	2
34.317	2
34.546	2
34.826	2
35.426	2
36.166	2
36.509	2
37.775	2
37.978	2
38.169	2
40.522	2
40.669	2
40.864	2
43.614	2
46.525	2
46.899	2
53.029	2
56.886	2
57.394	2
58.167	2
58.278	2
58.308	2
76.403	2
96.231	2
20.135	1
20.157	1
20.157	1
20.17	1
20.189	1
20.193	1
20.207	1
20.208	1
20.227	1
20.256	1
20.257	1
20.267	1
20.268	1
20.273	1
20.278	1
20.301	1
20.31	1
20.315	1
20.358	1
20.376	1
20.417	1
20.606	1
20.719	1
20.752	1
21.835	1
22.63	1
24.364	1
27.687	1
28.0	1
30.791	1
31.033	1
31.241	1
31.625	1
32.411	1
32.511	1
32.735	1
33.537	1
34.317	1
34.546	1
34.826	1
35.426	1
36.166	1
36.509	1
37.775	1
37.978	1
38.169	1
40.522	1
40.669	1
40.864	1
43.614	1
46.525	1
46.899	1
53.029	1
56.886	1
57.394	1
58.167	1
58.278	1
58.308	1
76.403	1
96.231	1
20.003	1
20.014	1
20.016	1
20.022	2
20.028	2
20.038	2
20.04	2
20.04	2
20.116	2
20.12	2
20.133	2
20.135	2
20.157	2
20.157	2
20.17	2
20.189	2
20.193	2
20.207	2
20.208	2
20.227	2
20.256	2
20.257	2
20.267	2
20.268	2
20.273	2
20.278	2
20.301	2
20.31	2
20.315	2
20.358	2
20.376	2
20.417	2
20.606	2
20.719	2
20.752	2
21.835	2
22.63	2
24.364	2
27.687	2
28.0	2
30.791	2
31.033	2
31.241	2
31.625	2
32.411	2
32.511	2
32.735	2
33.537	2
34.317	2
34.546	2
34.826	2
35.426	2
36.166	2
36.509	2
37.775	2
37.978	2
38.169	2
40.522	2
40.669	2
40.864	2
43.614	2
46.525	2
46.899	2
53.029	2
56.886	2
57.394	2
58.167	2
58.278	2
58.308	2
76.403	2
96.231	2
19.987	1
20.003	1
20.014	1
20.016	1
20.022	1
20.028	1
20.038	1
20.04	1
20.04	1
20.116	1
20.12	1
20.133	1
20.135	1
20.157	1
20.157	1
20.17	1
20.189	1
20.193	1
20.207	1
20.208	1
20.227	1
20.256	1
20.257	1
20.267	1
20.268	1
20.273	1
20.278	1
20.301	1
20.31	1
20.315	1
20.358	1
20.376	1
20.417	1
20.606	1
20.719	1
20.752	1
21.835	1
22.63	1
24.364	1
27.687	1
28.0	1
30.791	1
31.033	1
31.241	1
31.625	1
32.411	1
32.511	1
32.735	1
33.537	1
34.317	1
34.546	1
34.826	1
35.426	1
36.166	1
36.509	1
37.775	1
37.978	1
38.169	1
40.522	1
40.669	1
40.864	1
43.614	1
46.525	1
46.899	1
53.029	1
56.886	1
57.394	1
58.167	1
58.278	1
58.308	1
76.403	1
96.231	1
20.028	1
20.038	1
20.04	1
20.04	1
20.116	2
20.12	2
20.133	2
20.135	3
20.157	3
20.157	3
20.17	3
20.189	3
20.193	3
20.207	3
20.208	3
20.227	3
20.256	3
20.257	3
20.267	3
20.268	3
20.273	3
20.278	3
20.301	3
20.31	3
20.315	3
20.358	3
20.376	3
20.417	3
20.606	3
20.719	3
20.752	3
21.835	3
22.63	3
24.364	3
27.687	3
28.0	3
30.791	3
31.033	3
31.241	3
31.625	3
32.411	3
32.511	3
32.735	3
33.537	3
34.317	3
34.546	3
34.826	3
35.426	3
36.166	3
36.509	3
37.775	3
37.978	3
38.169	3
40.522	3
40.669	3
40.864	3
43.614	3
46.525	3
46.899	3
53.029	3
56.886	3
57.394	3
58.167	3
58.278	3
58.308	3
76.403	3
96.231	3
19.836	1
19.85	1
19.962	2
19.964	2
19.983	2
19.987	2
20.003	2
20.014	2
20.016	2
20.022	2
20.028	2
20.038	2
20.04	2
20.04	2
20.116	2
20.12	2
20.133	2
20.135	2
20.157	2
20.157	2
20.17	2
20.189	2
20.193	2
20.207	2
20.208	2
20.227	2
20.256	2
20.257	2
20.267	2
20.268	2
20.273	2
20.278	2
20.301	2
20.31	2
20.315	2
20.358	2
20.376	2
20.417	2
20.606	2
20.719	2
20.752	2
21.835	2
22.63	2
24.364	2
27.687	2
28.0	2
30.791	2
31.033	2
31.241	2
31.625	2
32.411	2
32.511	2
32.735	2
33.537	2
34.317	2
34.546	2
34.826	2
35.426	2
36.166	2
36.509	2
37.775	2
37.978	2
38.169	2
40.522	2
40.669	2
40.864	2
43.614	2
46.525	2
46.899	2
53.029	2
56.886	2
57.394	2
58.167	2
58.278	2
58.308	2
76.403	2
96.231	2
19.983	1
19.987	1
20.003	1
20.014	1
20.016	1
20.022	1
20.028	1
20.038	1
20.04	1
20.04	1
20.116	1
20.12	1
20.133	1
20.135	1
20.157	1
20.157	1
20.17	1
20.189	1
20.193	1
20.207	1
20.208	1
20.227	1
20.256	2
20.257	2
20.267	2
20.268	2
20.273	2
20.278	2
20.301	2
20.31	2
20.315	2
20.358	2
20.376	2
20.417	2
20.606	2
20.719	2
20.752	2
21.835	2
22.63	2
24.364	2
27.687	2
28.0	2
30.791	2
31.033	2
31.241	2
31.625	2
32.411	2
32.511	2
32.735	2
33.537	2
34.317	2
34.546	2
34.826	2
35.426	2
36.166	2
36.509	2
37.775	2
37.978	2
38.169	2
40.522	2
40.669	2
40.864	2
43.614	2
46.525	2
46.899	2
53.029	2
56.886	2
57.394	2
58.167	2
58.278	2
58.308	2
76.403	2
96.231	2
20.014	1
20.016	1
20.022	1
20.028	1
20.038	1
20.04	1
20.04	1
20.116	1
20.12	1
20.133	1
20.135	1
20.157	1
20.157	1
20.17	1
20.189	1
20.193	1
20.207	1
20.208	1
20.227	1
20.256	1
20.257	1
20.267	1
20.268	1
20.273	1
20.278	1
20.301	1
20.31	1
20.315	1
20.358	1
20.376	1
20.417	1
20.606	1
20.719	1
20.752	1
21.835	1
22.63	1
24.364	1
27.687	1
28.0	1
30.791	1
31.033	1
31.241	1
31.625	1
32.411	1
32.511	1
32.735	1
33.537	1
34.317	1
34.546	1
34.826	1
35.426	1
36.166	1
36.509	1
37.775	1
37.978	1
38.169	1
40.522	1
40.669	1
40.864	1
43.614	1
46.525	1
46.899	1
53.029	1
56.886	1
57.394	1
58.167	1
58.278	1
58.308	1
76.403	1
96.231	1
19.964	1
19.983	2
19.987	2
20.003	2
20.014	2
20.016	2
20.022	3
20.028	3
20.038	3
20.04	3
20.04	3
20.116	3
20.12	3
20.133	3
20.135	3
20.157	3
20.157	3
20.17	3
20.189	3
20.193	3
20.207	3
20.208	3
20.227	3
20.256	3
20.257	3
20.267	3
20.268	3
20.273	3
20.278	3
20.301	4
20.31	4
20.315	4
20.358	5
20.376	5
20.417	5
20.606	5
20.719	5
20.752	5
21.835	5
22.63	5
24.364	5
27.687	5
28.0	5
30.791	5
31.033	5
31.241	5
31.625	4
32.411	4
32.511	4
32.735	4
33.537	4
34.317	4
34.546	4
34.826	3
35.426	2
36.166	2
36.509	2
37.775	2
37.978	2
38.169	2
40.522	2
40.669	2
40.864	2
43.614	2
46.525	2
46.899	2
53.029	2
56.886	2
57.394	2
58.167	2
58.278	2
58.308	2
76.403	2
96.231	2
19.836	1
19.85	1
19.962	1
19.964	2
19.983	2
19.987	2
20.003	2
20.014	2
20.016	2
20.022	2
20.028	2
20.038	2
20.04	2
20.04	2
20.116	2
20.12	2
20.133	2
20.135	2
20.157	2
20.157	2
20.17	2
20.189	2
20.193	2
20.207	2
20.208	2
20.227	2
20.256	2
20.257	2
20.267	2
20.268	2
20.273	2
20.278	2
20.301	2
20.31	2
20.315	2
20.358	2
20.376	2
20.417	2
20.606	2
20.719	2
20.752	2
21.835	2
22.63	2
24.364	2
27.687	2
28.0	2
30.791	2
31.033	2
31.241	2
31.625	2
32.411	2
32.511	2
32.735	2
33.537	2
34.317	2
34.546	2
34.826	2
35.426	2
36.166	2
36.509	2
37.775	2
37.978	2
38.169	2
40.522	2
40.669	2
40.864	2
43.614	2
46.525	2
46.899	2
53.029	2
56.886	2
57.394	2
58.167	2
58.278	2
58.308	2
76.403	2
96.231	2
20.014	1
20.016	1
20.022	1
20.028	2
20.038	2
20.04	2
20.04	2
20.116	2
20.12	2
20.133	2
20.135	2
20.157	2
20.157	2
20.17	2
20.189	2
20.193	2
20.207	2
20.208	2
20.227	2
20.256	3
20.257	3
20.267	3
20.268	3
20.273	3
20.278	3
20.301	3
20.31	3
20.315	3
20.358	3
20.376	3
20.417	3
20.606	3
20.719	3
20.752	3
21.835	3
22.63	3
24.364	3
27.687	3
28.0	3
30.791	3
31.033	3
31.241	3
31.625	3
32.411	3
32.511	3
32.735	3
33.537	3
34.317	3
34.546	3
34.826	3
35.426	3
36.166	3
36.509	3
37.775	3
37.978	3
38.169	3
40.522	3
40.669	3
40.864	3
43.614	3
46.525	3
46.899	3
53.029	3
56.886	3
57.394	3
58.167	3
58.278	3
58.308	3
76.403	3
96.231	3
19.983	1
19.987	1
20.003	1
20.014	1
20.016	1
20.022	1
20.028	2
20.038	2
20.04	2
20.04	2
20.116	2
20.12	2
20.133	2
20.135	3
20.157	3
20.157	3
20.17	3
20.189	3
20.193	3
20.207	3
20.208	3
20.227	3
20.256	3
20.257	3
20.267	3
20.268	3
20.273	3
20.278	3
20.301	3
20.31	3
20.315	3
20.358	3
20.376	3
20.417	3
20.606	3
20.719	3
20.752	3
21.835	3
22.63	3
24.364	3
27.687	3
28.0	3
30.791	3
31.033	3
31.241	3
31.625	3
32.411	3
32.511	3
32.735	3
33.537	3
34.317	3
34.546	3
34.826	3
35.426	3
36.166	3
36.509	3
37.775	3
37.978	3
38.169	3
40.522	3
40.669	3
40.864	3
43.614	3
46.525	3
46.899	3
53.029	3
56.886	3
57.394	3
58.167	3
58.278	3
58.308	3
76.403	3
96.231	3
19.983	1
19.987	1
20.003	1
20.014	1
20.016	1
20.022	1
20.028	2
20.038	2
20.04	2
20.04	2
20.116	2
20.12	2
20.133	2
20.135	3
20.157	3
20.157	3
20.17	3
20.189	3
20.193	3
20.207	3
20.208	3
20.227	3
20.256	3
20.257	3
20.267	3
20.268	3
20.273	3
20.278	3
20.301	3
20.31	3
20.315	3
20.358	3
20.376	3
20.417	3
20.606	3
20.719	3
20.752	3
21.835	3
22.63	3
24.364	3
27.687	3
28.0	3
30.791	3
31.033	3
31.241	3
31.625	3
32.411	3
32.511	3
32.735	3
33.537	3
34.317	3
34.546	3
34.826	3
35.426	3
36.166	3
36.509	3
37.775	3
37.978	3
38.169	3
40.522	3
40.669	3
40.864	3
43.614	3
46.525	3
46.899	3
53.029	3
56.886	3
57.394	3
58.167	3
58.278	3
58.308	3
76.403	3
96.231	3
19.964	1
19.983	1
19.987	1
20.003	1
20.014	2
20.016	2
20.022	2
20.028	2
20.038	2
20.04	2
20.04	2
20.116	2
20.12	2
20.133	2
20.135	2
20.157	2
20.157	2
20.17	2
20.189	2
20.193	2
20.207	2
20.208	2
20.227	2
20.256	2
20.257	2
20.267	2
20.268	2
20.273	2
20.278	2
20.301	2
20.31	2
20.315	2
20.358	2
20.376	2
20.417	2
20.606	2
20.719	2
20.752	2
21.835	2
22.63	2
24.364	2
27.687	2
28.0	2
30.791	2
31.033	2
31.241	2
31.625	2
32.411	2
32.511	2
32.735	2
33.537	2
34.317	2
34.546	2
34.826	2
35.426	2
36.166	2
36.509	2
37.775	2
37.978	2
38.169	2
40.522	2
40.669	2
40.864	2
43.614	2
46.525	2
46.899	2
53.029	2
56.886	2
57.394	2
58.167	2
58.278	2
58.308	2
76.403	2
96.231	2
19.962	1
19.964	1
19.983	1
19.987	1
20.003	1
20.014	1
20.016	1
20.022	1
20.028	1
20.038	1
20.04	1
20.04	1
20.116	1
20.12	1
20.133	1
20.135	1
20.157	1
20.157	1
20.17	1
20.189	1
20.193	1
20.207	1
20.208	1
20.227	1
20.256	1
20.257	1
20.267	1
20.268	1
20.273	1
20.278	1
20.301	1
20.31	1
20.315	1
20.358	1
20.376	1
20.417	1
20.606	1
20.719	1
20.752	1
21.835	1
22.63	1
24.364	1
27.687	1
28.0	1
30.791	1
31.033	1
31.241	1
31.625	1
32.411	1
32.511	1
32.735	1
33.537	1
34.317	1
34.546	1
34.826	1
35.426	1
36.166	1
36.509	1
37.775	1
37.978	1
38.169	1
40.522	1
40.669	1
40.864	1
43.614	1
46.525	1
46.899	1
53.029	1
56.886	1
57.394	1
58.167	1
58.278	1
58.308	1
76.403	1
96.231	1
20.116	1
20.12	1
20.133	1
20.135	2
20.157	2
20.157	2
20.17	2
20.189	2
20.193	2
20.207	2
20.208	2
20.227	2
20.256	2
20.257	2
20.267	2
20.268	2
20.273	2
20.278	2
20.301	2
20.31	2
20.315	2
20.358	2
20.376	2
20.417	2
20.606	2
20.719	2
20.752	2
21.835	2
22.63	2
24.364	2
27.687	2
28.0	2
30.791	2
31.033	2
31.241	2
31.625	2
32.411	2
32.511	2
32.735	2
33.537	2
34.317	2
34.546	2
34.826	2
35.426	2
36.166	2
36.509	2
37.775	2
37.978	2
38.169	2
40.522	2
40.669	2
40.864	2
43.614	2
46.525	2
46.899	2
53.029	2
56.886	2
57.394	2
58.167	2
58.278	2
58.308	2
76.403	2
96.231	2
20.003	1
20.014	1
20.016	1
20.022	1
20.028	1
20.038	1
20.04	1
20.04	2
20.116	2
20.12	2
20.133	2
20.135	2
20.157	2
20.157	2
20.17	2
20.189	2
20.193	2
20.207	2
20.208	2
20.227	2
20.256	2
20.257	2
20.267	2
20.268	3
20.273	3
20.278	3
20.301	3
20.31	3
20.315	3
20.358	3
20.376	4
20.417	5
20.606	5
20.719	5
20.752	5
21.835	5
22.63	5
24.364	5
27.687	4
28.0	4
30.791	4
31.033	4
31.241	3
31.625	3
32.411	3
32.511	3
32.735	2
33.537	2
34.317	2
34.546	2
34.826	2
35.426	2
36.166	2
36.509	2
37.775	2
37.978	2
38.169	2
40.522	2
40.669	2
40.864	2
43.614	2
46.525	2
46.899	2
53.029	2
56.886	2
57.394	2
58.167	2
58.278	2
58.308	2
76.403	2
96.231	2
20.028	1
20.038	1
20.04	1
20.04	1
20.116	1
20.12	1
20.133	1
20.135	2
20.157	2
20.157	2
20.17	2
20.189	2
20.193	2
20.207	2
20.208	2
20.227	2
20.256	2
20.257	2
20.267	2
20.268	2
20.273	2
20.278	2
20.301	2
20.31	2
20.315	2
20.358	2
20.376	2
20.417	2
20.606	2
20.719	2
20.752	2
21.835	2
22.63	2
24.364	2
27.687	2
28.0	2
30.791	2
31.033	2
31.241	2
31.625	2
32.411	2
32.511	2
32.735	2
33.537	2
34.317	2
34.546	2
34.826	2
35.426	2
36.166	2
36.509	2
37.775	2
37.978	2
38.169	2
40.522	2
40.669	2
40.864	2
43.614	2
46.525	2
46.899	2
53.029	2
56.886	2
57.394	2
58.167	2
58.278	2
58.308	2
76.403	2
96.231	2
19.987	1
20.003	1
20.014	1
20.016	1
20.022	1
20.028	1
20.038	1
20.04	1
20.04	1
20.116	1
20.12	1
20.133	1
20.135	1
20.157	1
20.157	1
20.17	1
20.189	1
20.193	1
20.207	1
20.208	1
20.227	1
20.256	1
20.257	1
20.267	1
20.268	1
20.273	1
20.278	1
20.301	1
20.31	1
20.315	1
20.358	1
20.376	1
20.417	1
20.606	1
20.719	1
20.752	1
21.835	1
22.63	1
24.364	1
27.687	1
28.0	1
30.791	1
31.033	1
31.241	1
31.625	1
32.411	1
32.511	1
32.735	1
33.537	1
34.317	1
34.546	1
34.826	1
35.426	1
36.166	1
36.509	1
37.775	1
37.978	1
38.169	1
40.522	1
40.669	1
40.864	1
43.614	1
46.525	1
46.899	1
53.029	1
56.886	1
57.394	1
58.167	1
58.278	1
58.308	1
76.403	1
96.231	1
20.014	1
20.016	1
20.022	1
20.028	2
20.038	2
20.04	2
20.04	2
20.116	2
20.12	2
20.133	3
20.135	3
20.157	3
20.157	3
20.17	3
20.189	3
20.193	3
20.207	3
20.208	3
20.227	3
20.256	3
20.257	3
20.267	3
20.268	3
20.273	3
20.278	3
20.301	3
20.31	4
20.315	4
20.358	4
20.376	4
20.417	4
20.606	4
20.719	4
20.752	4
21.835	4
22.63	4
24.364	4
27.687	4
28.0	4
30.791	4
31.033	4
31.241	4
31.625	4
32.411	4
32.511	4
32.735	4
33.537	4
34.317	4
34.546	4
34.826	4
35.426	4
36.166	3
36.509	3
37.775	3
37.978	3
38.169	3
40.522	3
40.669	2
40.864	2
43.614	2
46.525	2
46.899	2
53.029	2
56.886	2
57.394	2
58.167	2
58.278	2
58.308	2
76.403	2
96.231	2
19.371	1
19.376	1
19.421	1
19.431	1
19.457	1
19.47	1
19.53	2
19.58	2
19.598	2
19.655	2
19.677	2
19.681	2
19.699	2
19.743	2
19.772	2
19.821	2
19.846	2
19.852	2
19.864	2
19.894	2
19.963	2
19.988	2
20.065	2
20.108	2
20.179	2
20.292	2
20.309	2
20.538	2
20.615	2
22.485	2
22.522	2
22.604	2
23.642	2
23.788	2
23.905	2
24.661	2
26.857	2
26.879	2
30.407	2
31.813	2
31.882	2
32.76	2
35.989	2
36.636	2
41.52	2
46.274	2
47.824	2
19.219	1
19.29	2
19.32	2
19.335	2
19.371	3
19.376	3
19.421	3
19.431	3
19.457	3
19.47	3
19.53	3
19.58	3
19.598	3
19.655	3
19.677	4
19.681	4
19.699	4
19.743	4
19.772	4
19.821	4
19.846	4
19.852	4
19.864	4
19.894	4
19.963	4
19.988	4
20.065	4
20.108	4
20.179	4
20.292	4
20.309	4
20.538	4
20.615	4
22.485	4
22.522	4
22.604	4
23.642	4
23.788	4
23.905	3
24.661	3
26.857	3
26.879	3
30.407	3
31.813	3
31.882	3
32.76	3
35.989	3
36.636	3
41.52	3
46.274	3
47.824	3
19.53	1
19.58	1
19.598	1
19.655	1
19.677	2
19.681	2
19.699	2
19.743	3
19.772	3
19.821	3
19.846	3
19.852	3
19.864	3
19.894	3
19.963	3
19.988	3
20.065	3
20.108	3
20.179	3
20.292	3
20.309	3
20.538	3
20.615	3
22.485	3
22.522	3
22.604	3
23.642	3
23.788	3
23.905	3
24.661	3
26.857	3
26.879	3
30.407	3
31.813	3
31.882	3
32.76	3
35.989	3
36.636	3
41.52	3
46.274	3
47.824	3
19.421	1
19.431	1
19.457	1
19.47	1
19.53	1
19.58	1
19.598	1
19.655	1
19.677	2
19.681	2
19.699	2
19.743	3
19.772	3
19.821	3
19.846	3
19.852	3
19.864	3
19.894	3
19.963	3
19.988	3
20.065	3
20.108	3
20.179	4
20.292	4
20.309	4
20.538	4
20.615	4
22.485	4
22.522	4
22.604	4
23.642	4
23.788	4
23.905	4
24.661	4
26.857	3
26.879	3
30.407	3
31.813	3
31.882	3
32.76	3
35.989	3
36.636	3
41.52	3
46.274	3
47.824	2
19.29	1
19.32	1
19.335	1
19.371	1
19.376	1
19.421	1
19.431	1
19.457	1
19.47	1
19.53	1
19.58	1
19.598	1
19.655	1
19.677	2
19.681	2
19.699	2
19.743	2
19.772	2
19.821	2
19.846	2
19.852	2
19.864	2
19.894	2
19.963	2
19.988	2
20.065	2
20.108	2
20.179	2
20.292	2
20.309	2
20.538	2
20.615	2
22.485	2
22.522	2
22.604	2
23.642	2
23.788	2
23.905	2
24.661	2
26.857	2
26.879	2
30.407	2
31.813	2
31.882	2
32.76	2
35.989	2
36.636	2
41.52	2
46.274	2
47.824	2
19.32	1
19.335	1
19.371	1
19.376	1
19.421	1
19.431	1
19.457	2
19.47	2
19.53	2
19.58	2
19.598	2
19.655	2
19.677	2
19.681	2
19.699	2
19.743	2
19.772	2
19.821	2
19.846	2
19.852	2
19.864	2
19.894	2
19.963	2
19.988	2
20.065	2
20.108	2
20.179	3
20.292	3
20.309	3
20.538	3
20.615	3
22.485	3
22.522	3
22.604	3
23.642	3
23.788	3
23.905	3
24.661	3
26.857	3
26.879	3
30.407	3
31.813	3
31.882	3
32.76	3
35.989	3
36.636	3
41.52	3
46.274	3
47.824	3
19.29	1
19.32	1
19.335	1
19.371	1
19.376	1
19.421	1
19.431	2
19.457	2
19.47	2
19.53	2
19.58	2
19.598	2
19.655	2
19.677	2
19.681	2
19.699	2
19.743	2
19.772	2
19.821	2
19.846	2
19.852	2
19.864	2
19.894	2
19.963	2
19.988	2
20.065	2
20.108	2
20.179	2
20.292	2
20.309	2
20.538	2
20.615	2
22.485	2
22.522	2
22.604	2
23.642	2
23.788	2
23.905	2
24.661	2
26.857	2
26.879	2
30.407	2
31.813	2
31.882	2
32.76	2
35.989	2
36.636	2
41.52	2
46.274	2
47.824	2
19.53	1
19.58	1
19.598	1
19.655	2
19.677	2
19.681	2
19.699	2
19.743	2
19.772	2
19.821	2
19.846	2
19.852	2
19.864	2
19.894	2
19.963	2
19.988	2
20.065	2
20.108	2
20.179	3
20.292	3
20.309	3
20.538	3
20.615	3
22.485	3
22.522	3
22.604	3
23.642	3
23.788	3
23.905	3
24.661	3
26.857	3
26.879	3
30.407	3
31.813	3
31.882	3
32.76	3
35.989	3
36.636	3
41.52	3
46.274	3
47.824	3
19.53	1
19.58	1
19.598	1
19.655	1
19.677	2
19.681	2
19.699	2
19.743	2
19.772	2
19.821	2
19.846	2
19.852	2
19.864	2
19.894	2
19.963	2
19.988	2
20.065	2
20.108	2
20.179	3
20.292	3
20.309	3
20.538	3
20.615	3
22.485	3
22.522	3
22.604	3
23.642	3
23.788	3
23.905	3
24.661	3
26.857	3
26.879	3
30.407	3
31.813	3
31.882	3
32.76	3
35.989	3
36.636	3
41.52	3
46.274	3
47.824	3
19.371	1
19.376	1
19.421	1
19.431	1
19.457	1
19.47	1
19.53	2
19.58	2
19.598	2
19.655	2
19.677	2
19.681	2
19.699	2
19.743	2
19.772	2
19.821	2
19.846	2
19.852	2
19.864	2
19.894	2
19.963	2
19.988	2
20.065	2
20.108	2
20.179	2
20.292	2
20.309	2
20.538	2
20.615	2
22.485	2
22.522	2
22.604	2
23.642	2
23.788	2
23.905	2
24.661	2
26.857	2
26.879	2
30.407	2
31.813	2
31.882	2
32.76	2
35.989	2
36.636	2
41.52	2
46.274	2
47.824	2
19.457	1
19.47	1
19.53	1
19.58	1
19.598	1
19.655	1
19.677	1
19.681	1
19.699	1
19.743	1
19.772	1
19.821	2
19.846	2
19.852	2
19.864	3
19.894	3
19.963	3
19.988	3
20.065	3
20.108	3
20.179	4
20.292	5
20.309	5
20.538	5
20.615	5
22.485	5
22.522	5
22.604	4
23.642	4
23.788	4
23.905	4
24.661	4
26.857	4
26.879	4
30.407	4
31.813	4
31.882	4
32.76	4
35.989	3
36.636	3
41.52	3
46.274	3
47.824	3
19.169	1
19.219	1
19.29	1
19.32	2
19.335	2
19.371	2
19.376	2
19.421	2
19.431	2
19.457	2
19.47	2
19.53	2
19.58	2
19.598	2
19.655	2
19.677	2
19.681	2
19.699	2
19.743	2
19.772	2
19.821	2
19.846	2
19.852	2
19.864	2
19.894	2
19.963	2
19.988	2
20.065	2
20.108	2
20.179	3
20.292	3
20.309	3
20.538	3
20.615	3
22.485	3
22.522	3
22.604	3
23.642	3
23.788	3
23.905	3
24.661	3
26.857	3
26.879	3
30.407	3
31.813	3
31.882	3
32.76	3
35.989	3
36.636	3
41.52	3
46.274	3
47.824	3
19.169	1
19.219	1
19.29	1
19.32	1
19.335	1
19.371	1
19.376	1
19.421	1
19.431	1
19.457	2
19.47	2
19.53	2
19.58	2
19.598	2
19.655	2
19.677	2
19.681	2
19.699	2
19.743	2
19.772	2
19.821	2
19.846	2
19.852	2
19.864	2
19.894	2
19.963	2
19.988	2
20.065	2
20.108	2
20.179	2
20.292	2
20.309	2
20.538	2
20.615	2
22.485	2
22.522	2
22.604	2
23.642	2
23.788	2
23.905	2
24.661	2
26.857	2
26.879	2
30.407	2
31.813	2
31.882	2
32.76	2
35.989	2
36.636	2
41.52	2
46.274	2
47.824	2
19.431	1
19.457	2
19.47	2
19.53	2
19.58	2
19.598	2
19.655	2
19.677	2
19.681	2
19.699	2
19.743	2
19.772	2
19.821	2
19.846	2
19.852	2
19.864	2
19.894	2
19.963	2
19.988	2
20.065	2
20.108	2
20.179	3
20.292	3
20.309	3
20.538	3
20.615	3
22.485	3
22.522	3
22.604	3
23.642	3
23.788	3
23.905	3
24.661	3
26.857	3
26.879	3
30.407	3
31.813	3
31.882	3
32.76	3
35.989	3
36.636	3
41.52	3
46.274	3
47.824	3
19.219	1
19.29	1
19.32	2
19.335	2
19.371	2
19.376	2
19.421	2
19.431	3
19.457	3
19.47	3
19.53	3
19.58	3
19.598	3
19.655	3
19.677	3
19.681	3
19.699	3
19.743	3
19.772	3
19.821	3
19.846	3
19.852	3
19.864	3
19.894	3
19.963	3
19.988	3
20.065	3
20.108	3
20.179	3
20.292	3
20.309	3
20.538	3
20.615	3
22.485	3
22.522	3
22.604	3
23.642	3
23.788	3
23.905	3
24.661	3
26.857	3
26.879	3
30.407	3
31.813	3
31.882	3
32.76	3
35.989	3
36.636	3
41.52	3
46.274	3
47.824	3
19.431	1
19.457	1
19.47	1
19.53	2
19.58	2
19.598	2
19.655	2
19.677	2
19.681	2
19.699	2
19.743	2
19.772	2
19.821	2
19.846	2
19.852	2
19.864	2
19.894	2
19.963	2
19.988	2
20.065	2
20.108	2
20.179	3
20.292	3
20.309	3
20.538	3
20.615	3
22.485	2
22.522	2
22.604	2
23.642	2
23.788	2
23.905	2
24.661	2
26.857	2
26.879	2
30.407	2
31.813	2
31.882	2
32.76	2
35.989	2
36.636	2
41.52	2
46.274	2
47.824	2
19.29	1
19.32	1
19.335	1
19.371	1
19.376	1
19.421	1
19.431	1
19.457	2
19.47	2
19.53	2
19.58	2
19.598	2
19.655	2
19.677	2
19.681	2
19.699	2
19.743	2
19.772	2
19.821	2
19.846	2
19.852	2
19.864	2
19.894	2
19.963	2
19.988	2
20.065	2
20.108	2
20.179	2
20.292	2
20.309	2
20.538	2
20.615	2
22.485	2
22.522	2
22.604	2
23.642	2
23.788	2
23.905	2
24.661	2
26.857	2
26.879	2
30.407	2
31.813	2
31.882	2
32.76	2
35.989	2
36.636	2
41.52	2
46.274	2
47.824	2
19.29	1
19.32	1
19.335	1
19.371	1
19.376	1
19.421	1
19.431	1
19.457	1
19.47	1
19.53	1
19.58	1
19.598	1
19.655	1
19.677	1
19.681	1
19.699	1
19.743	2
19.772	2
19.821	2
19.846	2
19.852	2
19.864	2
19.894	2
19.963	2
19.988	2
20.065	2
20.108	2
20.179	2
20.292	2
20.309	2
20.538	2
20.615	2
22.485	2
22.522	2
22.604	2
23.642	2
23.788	2
23.905	2
24.661	2
26.857	2
26.879	2
30.407	2
31.813	2
31.882	2
32.76	2
35.989	2
36.636	2
41.52	2
46.274	2
47.824	2
19.169	1
19.219	1
19.29	1
19.32	1
19.335	1
19.371	1
19.376	1
19.421	1
19.431	1
19.457	1
19.47	1
19.53	1
19.58	1
19.598	1
19.655	1
19.677	1
19.681	1
19.699	1
19.743	1
19.772	1
19.821	1
19.846	1
19.852	1
19.864	1
19.894	1
19.963	1
19.988	1
20.065	1
20.108	1
20.179	2
20.292	2
20.309	2
20.538	2
20.615	2
22.485	2
22.522	2
22.604	2
23.642	2
23.788	2
23.905	2
24.661	2
26.857	2
26.879	2
30.407	2
31.813	2
31.882	2
32.76	2
35.989	2
36.636	2
41.52	2
46.274	2
47.824	2
19.29	1
19.32	1
19.335	1
19.371	1
19.376	1
19.421	1
19.431	1
19.457	1
19.47	1
19.53	1
19.58	1
19.598	1
19.655	2
19.677	2
19.681	2
19.699	2
19.743	2
19.772	2
19.821	2
19.846	2
19.852	2
19.864	2
19.894	2
19.963	2
19.988	2
20.065	2
20.108	2
20.179	2
20.292	2
20.309	2
20.538	2
20.615	2
22.485	2
22.522	2
22.604	2
23.642	2
23.788	2
23.905	2
24.661	2
26.857	2
26.879	2
30.407	2
31.813	2
31.882	2
32.76	2
35.989	2
36.636	2
41.52	2
46.274	2
47.824	2
19.29	1
19.32	1
19.335	1
19.371	1
19.376	1
19.421	1
19.431	2
19.457	2
19.47	2
19.53	2
19.58	2
19.598	2
19.655	2
19.677	2
19.681	2
19.699	2
19.743	2
19.772	2
19.821	2
19.846	2
19.852	2
19.864	2
19.894	2
19.963	2
19.988	2
20.065	2
20.108	2
20.179	2
20.292	2
20.309	2
20.538	2
20.615	2
22.485	2
22.522	2
22.604	2
23.642	2
23.788	2
23.905	2
24.661	2
26.857	2
26.879	2
30.407	2
31.813	2
31.882	2
32.76	2
35.989	2
36.636	2
41.52	2
46.274	2
47.824	2
19.431	1
19.457	1
19.47	1
19.53	2
19.58	2
19.598	2
19.655	3
19.677	3
19.681	3
19.699	3
19.743	3
19.772	3
19.821	3
19.846	3
19.852	3
19.864	3
19.894	3
19.963	3
19.988	3
20.065	3
20.108	3
20.179	3
20.292	3
20.309	3
20.538	3
20.615	3
22.485	3
22.522	3
22.604	3
23.642	3
23.788	3
23.905	3
24.661	3
26.857	3
26.879	3
30.407	3
31.813	3
31.882	3
32.76	3
35.989	3
36.636	3
41.52	3
46.274	3
47.824	3
19.29	1
19.32	1
19.335	1
19.371	1
19.376	1
19.421	1
19.431	1
19.457	1
19.47	1
19.53	1
19.58	1
19.598	1
19.655	2
19.677	2
19.681	2
19.699	2
19.743	2
19.772	2
19.821	2
19.846	2
19.852	2
19.864	2
19.894	2
19.963	2
19.988	2
20.065	2
20.108	2
20.179	2
20.292	2
20.309	2
20.538	2
20.615	2
22.485	2
22.522	2
22.604	2
23.642	2
23.788	2
23.905	2
24.661	2
26.857	2
26.879	2
30.407	2
31.813	2
31.882	2
32.76	2
35.989	2
36.636	2
41.52	2
46.274	2
47.824	2
19.169	1
19.219	1
19.29	1
19.32	1
19.335	1
19.371	1
19.376	1
19.421	1
19.431	1
19.457	2
19.47	2
19.53	2
19.58	2
19.598	2
19.655	2
19.677	2
19.681	2
19.699	2
19.743	2
19.772	2
19.821	2
19.846	2
19.852	2
19.864	2
19.894	2
19.963	2
19.988	2
20.065	2
20.108	2
20.179	2
20.292	2
20.309	2
20.538	2
20.615	2
22.485	2
22.522	2
22.604	2
23.642	2
23.788	2
23.905	2
24.661	2
26.857	2
26.879	2
30.407	2
31.813	2
31.882	2
32.76	2
35.989	2
36.636	2
41.52	2
46.274	2
47.824	2
19.169	1
19.219	1
19.29	1
19.32	1
19.335	1
19.371	1
19.376	1
19.421	1
19.431	1
19.457	1
19.47	1
19.53	1
19.58	1
19.598	1
19.655	1
19.677	2
19.681	2
19.699	2
19.743	2
19.772	2
19.821	2
19.846	2
19.852	2
19.864	2
19.894	2
19.963	2
19.988	2
20.065	2
20.108	2
20.179	2
20.292	2
20.309	2
20.538	2
20.615	2
22.485	2
22.522	2
22.604	2
23.642	2
23.788	2
23.905	2
24.661	2
26.857	2
26.879	2
30.407	2
31.813	2
31.882	2
32.76	2
35.989	2
36.636	2
41.52	2
46.274	2
47.824	2
19.219	1
19.29	1
19.32	2
19.335	2
19.371	2
19.376	2
19.421	2
19.431	2
19.457	2
19.47	2
19.53	3
19.58	3
19.598	3
19.655	3
19.677	3
19.681	3
19.699	3
19.743	3
19.772	3
19.821	3
19.846	3
19.852	3
19.864	3
19.894	3
19.963	3
19.988	3
20.065	3
20.108	3
20.179	3
20.292	3
20.309	3
20.538	3
20.615	3
22.485	3
22.522	3
22.604	3
23.642	3
23.788	3
23.905	3
24.661	3
26.857	3
26.879	3
30.407	3
31.813	3
31.882	3
32.76	3
35.989	3
36.636	3
41.52	3
46.274	3
47.824	3
19.32	1
19.335	1
19.371	1
19.376	1
19.421	1
19.431	2
19.457	2
19.47	2
19.53	2
19.58	2
19.598	2
19.655	3
19.677	3
19.681	3
19.699	3
19.743	3
19.772	3
19.821	3
19.846	3
19.852	3
19.864	3
19.894	3
19.963	3
19.988	3
20.065	3
20.108	3
20.179	3
20.292	3
20.309	3
20.538	3
20.615	3
22.485	3
22.522	3
22.604	3
23.642	3
23.788	3
23.905	3
24.661	3
26.857	3
26.879	3
30.407	3
31.813	3
31.882	3
32.76	3
35.989	3
36.636	3
41.52	3
46.274	3
47.824	3
19.53	1
19.58	1
19.598	1
19.655	1
19.677	1
19.681	1
19.699	1
19.743	1
19.772	1
19.821	1
19.846	1
19.852	1
19.864	1
19.894	1
19.963	1
19.988	1
20.065	1
20.108	1
20.179	1
20.292	1
20.309	1
20.538	1
20.615	1
22.485	1
22.522	1
22.604	1
23.642	1
23.788	1
23.905	1
24.661	1
26.857	1
26.879	1
30.407	1
31.813	1
31.882	1
32.76	1
35.989	1
36.636	1
41.52	1
46.274	1
47.824	1
19.32	1
19.335	1
19.371	1
19.376	1
19.421	1
19.431	1
19.457	2
19.47	2
19.53	2
19.58	2
19.598	2
19.655	2
19.677	2
19.681	2
19.699	2
19.743	3
19.772	3
19.821	3
19.846	3
19.852	3
19.864	3
19.894	3
19.963	3
19.988	3
20.065	3
20.108	3
20.179	3
20.292	3
20.309	3
20.538	3
20.615	3
22.485	3
22.522	3
22.604	3
23.642	3
23.788	3
23.905	3
24.661	3
26.857	3
26.879	3
30.407	3
31.813	3
31.882	3
32.76	3
35.989	3
36.636	3
41.52	3
46.274	3
47.824	3
19.371	1
19.376	1
19.421	1
19.431	1
19.457	1
19.47	1
19.53	2
19.58	2
19.598	2
19.655	2
19.677	2
19.681	2
19.699	2
19.743	2
19.772	2
19.821	2
19.846	2
19.852	2
19.864	2
19.894	2
19.963	2
19.988	2
20.065	2
20.108	2
20.179	2
20.292	2
20.309	2
20.538	2
20.615	2
22.485	2
22.522	2
22.604	2
23.642	2
23.788	2
23.905	2
24.661	2
26.857	2
26.879	2
30.407	2
31.813	2
31.882	2
32.76	2
35.989	2
36.636	2
41.52	2
46.274	2
47.824	2
19.32	1
19.335	1
19.371	1
19.376	1
19.421	1
19.431	1
19.457	1
19.47	1
19.53	1
19.58	1
19.598	1
19.655	1
19.677	2
19.681	2
19.699	2
19.743	2
19.772	2
19.821	2
19.846	2
19.852	2
19.864	2
19.894	2
19.963	2
19.988	2
20.065	2
20.108	2
20.179	2
20.292	2
20.309	2
20.538	2
20.615	2
22.485	2
22.522	2
22.604	2
23.642	2
23.788	2
23.905	2
24.661	2
26.857	2
26.879	2
30.407	2
31.813	2
31.882	2
32.76	2
35.989	2
36.636	2
41.52	2
46.274	2
47.824	2
19.32	1
19.335	1
19.371	1
19.376	1
19.421	1
19.431	1
19.457	1
19.47	1
19.53	1
19.58	1
19.598	1
19.655	1
19.677	1
19.681	1
19.699	1
19.743	2
19.772	2
19.821	2
19.846	2
19.852	2
19.864	2
19.894	2
19.963	3
19.988	3
20.065	3
20.108	3
20.179	3
20.292	3
20.309	3
20.538	4
20.615	5
22.485	5
22.522	5
22.604	5
23.642	4
23.788	4
23.905	4
24.661	4
26.857	4
26.879	4
30.407	3
31.813	3
31.882	3
32.76	3
35.989	3
36.636	3
41.52	3
46.274	3
47.824	3
19.371	1
19.376	1
19.421	1
19.431	1
19.457	1
19.47	1
19.53	1
19.58	1
19.598	1
19.655	2
19.677	2
19.681	2
19.699	2
19.743	2
19.772	2
19.821	2
19.846	2
19.852	2
19.864	2
19.894	2
19.963	2
19.988	2
20.065	2
20.108	2
20.179	2
20.292	2
20.309	2
20.538	2
20.615	2
22.485	2
22.522	2
22.604	2
23.642	2
23.788	2
23.905	2
24.661	2
26.857	2
26.879	2
30.407	2
31.813	2
31.882	2
32.76	2
35.989	2
36.636	2
41.52	2
46.274	2
47.824	2
19.29	1
19.32	1
19.335	1
19.371	2
19.376	2
19.421	2
19.431	2
19.457	2
19.47	2
19.53	2
19.58	2
19.598	2
19.655	3
19.677	3
19.681	3
19.699	3
19.743	3
19.772	3
19.821	3
19.846	3
19.852	3
19.864	3
19.894	3
19.963	3
19.988	3
20.065	3
20.108	3
20.179	3
20.292	3
20.309	3
20.538	3
20.615	3
22.485	3
22.522	3
22.604	3
23.642	3
23.788	3
23.905	3
24.661	3
26.857	3
26.879	3
30.407	3
31.813	3
31.882	3
32.76	3
35.989	3
36.636	3
41.52	3
46.274	3
47.824	3
19.431	1
19.457	1
19.47	1
19.53	1
19.58	1
19.598	1
19.655	1
19.677	1
19.681	1
19.699	1
19.743	2
19.772	2
19.821	2
19.846	2
19.852	2
19.864	2
19.894	2
19.963	2
19.988	2
20.065	2
20.108	2
20.179	3
20.292	3
20.309	3
20.538	3
20.615	3
22.485	3
22.522	3
22.604	3
23.642	3
23.788	3
23.905	3
24.661	3
26.857	3
26.879	3
30.407	3
31.813	3
31.882	3
32.76	3
35.989	3
36.636	3
41.52	3
46.274	3
47.824	3
19.219	1
19.29	1
19.32	1
19.335	1
19.371	1
19.376	1
19.421	1
19.431	1
19.457	2
19.47	2
19.53	2
19.58	2
19.598	2
19.655	2
19.677	2
19.681	2
19.699	2
19.743	2
19.772	2
19.821	2
19.846	2
19.852	2
19.864	2
19.894	2
19.963	2
19.988	2
20.065	2
20.108	2
20.179	2
20.292	2
20.309	2
20.538	2
20.615	2
22.485	2
22.522	2
22.604	2
23.642	2
23.788	2
23.905	2
24.661	2
26.857	2
26.879	2
30.407	2
31.813	2
31.882	2
32.76	2
35.989	2
36.636	2
41.52	2
46.274	2
47.824	2
19.169	1
19.219	1
19.29	1
19.32	2
19.335	2
19.371	3
19.376	3
19.421	3
19.431	3
19.457	3
19.47	3
19.53	3
19.58	3
19.598	3
19.655	3
19.677	3
19.681	3
19.699	4
19.743	4
19.772	4
19.821	4
19.846	4
19.852	4
19.864	4
19.894	4
19.963	4
19.988	4
20.065	4
20.108	4
20.179	4
20.292	4
20.309	4
20.538	4
20.615	4
22.485	4
22.522	3
22.604	3
23.642	3
23.788	3
23.905	3
24.661	3
26.857	3
26.879	3
30.407	3
31.813	3
31.882	3
32.76	3
35.989	3
36.636	3
41.52	3
46.274	3
47.824	3
19.53	1
19.58	1
19.598	1
19.655	2
19.677	3
19.681	3
19.699	3
19.743	3
19.772	3
19.821	3
19.846	3
19.852	3
19.864	3
19.894	3
19.963	3
19.988	3
20.065	3
20.108	3
20.179	3
20.292	3
20.309	3
20.538	3
20.615	3
22.485	3
22.522	3
22.604	3
23.642	3
23.788	3
23.905	3
24.661	3
26.857	3
26.879	3
30.407	3
31.813	3
31.882	3
32.76	3
35.989	3
36.636	3
41.52	3
46.274	3
47.824	3
19.169	1
19.219	1
19.29	1
19.32	1
19.335	1
19.371	1
19.376	1
19.421	1
19.431	1
19.457	1
19.47	1
19.53	1
19.58	1
19.598	1
19.655	1
19.677	2
19.681	2
19.699	2
19.743	2
19.772	2
19.821	2
19.846	2
19.852	2
19.864	2
19.894	2
19.963	2
19.988	2
20.065	2
20.108	2
20.179	2
20.292	2
20.309	2
20.538	2
20.615	2
22.485	2
22.522	2
22.604	2
23.642	2
23.788	2
23.905	2
24.661	2
26.857	2
26.879	2
30.407	2
31.813	2
31.882	2
32.76	2
35.989	2
36.636	2
41.52	2
46.274	2
47.824	2
19.169	1
19.219	2
19.29	2
19.32	2
19.335	2
19.371	2
19.376	2
19.421	2
19.431	2
19.457	2
19.47	2
19.53	2
19.58	2
19.598	2
19.655	2
19.677	2
19.681	2
19.699	2
19.743	2
19.772	2
19.821	2
19.846	2
19.852	2
19.864	2
19.894	2
19.963	2
19.988	2
20.065	2
20.108	2
20.179	2
20.292	2
20.309	2
20.538	2
20.615	2
22.485	2
22.522	2
22.604	2
23.642	2
23.788	2
23.905	2
24.661	2
26.857	2
26.879	2
30.407	2
31.813	2
31.882	2
32.76	2
35.989	2
36.636	2
41.52	2
46.274	2
47.824	2
19.169	1
19.219	2
19.29	3
19.32	3
19.335	3
19.371	3
19.376	3
19.421	3
19.431	3
19.457	3
19.47	3
19.53	3
19.58	3
19.598	3
19.655	3
19.677	3
19.681	3
19.699	3
19.743	3
19.772	3
19.821	3
19.846	3
19.852	3
19.864	3
19.894	3
19.963	3
19.988	3
20.065	3
20.108	3
20.179	3
20.292	3
20.309	3
20.538	3
20.615	3
22.485	3
22.522	3
22.604	3
23.642	3
23.788	3
23.905	3
24.661	3
26.857	3
26.879	3
30.407	3
31.813	3
31.882	3
32.76	3
35.989	3
36.636	3
41.52	3
46.274	3
47.824	3
19.32	1
19.335	1
19.371	1
19.376	1
19.421	1
19.431	2
19.457	2
19.47	2
19.53	2
19.58	2
19.598	2
19.655	2
19.677	2
19.681	2
19.699	2
19.743	2
19.772	2
19.821	2
19.846	2
19.852	2
19.864	2
19.894	2
19.963	2
19.988	2
20.065	2
20.108	2
20.179	2
20.292	2
20.309	2
20.538	2
20.615	2
22.485	2
22.522	2
22.604	2
23.642	2
23.788	2
23.905	2
24.661	2
26.857	2
26.879	2
30.407	2
31.813	2
31.882	2
32.76	2
35.989	2
36.636	2
41.52	2
46.274	2
47.824	2
19.431	1
19.457	1
19.47	1
19.53	1
19.58	1
19.598	1
19.655	1
19.677	2
19.681	2
19.699	2
19.743	3
19.772	3
19.821	3
19.846	3
19.852	3
19.864	3
19.894	3
19.963	3
19.988	3
20.065	3
20.108	3
20.179	3
20.292	3
20.309	3
20.538	3
20.615	3
22.485	3
22.522	3
22.604	3
23.642	3
23.788	3
23.905	3
24.661	3
26.857	3
26.879	3
30.407	3
31.813	3
31.882	3
32.76	3
35.989	3
36.636	3
41.52	3
46.274	3
47.824	3
19.219	1
19.29	1
19.32	1
19.335	1
19.371	1
19.376	1
19.421	1
19.431	1
19.457	1
19.47	1
19.53	2
19.58	2
19.598	2
19.655	2
19.677	2
19.681	2
19.699	2
19.743	2
19.772	2
19.821	2
19.846	2
19.852	2
19.864	2
19.894	2
19.963	2
19.988	2
20.065	2
20.108	2
20.179	2
20.292	2
20.309	2
20.538	2
20.615	2
22.485	2
22.522	2
22.604	2
23.642	2
23.788	2
23.905	2
24.661	2
26.857	2
26.879	2
30.407	2
31.813	2
31.882	2
32.76	2
35.989	2
36.636	2
41.52	2
46.274	2
47.824	2
19.457	1
19.47	1
19.53	2
19.58	2
19.598	2
19.655	2
19.677	2
19.681	2
19.699	2
19.743	2
19.772	2
19.821	2
19.846	2
19.852	2
19.864	2
19.894	2
19.963	2
19.988	2
20.065	2
20.108	2
20.179	2
20.292	2
20.309	2
20.538	2
20.615	2
22.485	2
22.522	2
22.604	2
23.642	2
23.788	2
23.905	2
24.661	2
26.857	2
26.879	2
30.407	2
31.813	2
31.882	2
32.76	2
35.989	2
36.636	2
41.52	2
46.274	2
47.824	2
19.29	1
19.32	1
19.335	1
19.371	2
19.376	2
19.421	2
19.431	2
19.457	3
19.47	3
19.53	3
19.58	3
19.598	3
19.655	3
19.677	3
19.681	3
19.699	3
19.743	3
19.772	3
19.821	3
19.846	3
19.852	3
19.864	3
19.894	3
19.963	3
19.988	3
20.065	3
20.108	3
20.179	3
20.292	3
20.309	3
20.538	3
20.615	3
22.485	3
22.522	3
22.604	3
23.642	3
23.788	3
23.905	3
24.661	3
26.857	3
26.879	3
30.407	3
31.813	3
31.882	3
32.76	3
35.989	3
36.636	3
41.52	3
46.274	3
47.824	3
19.371	1
19.376	1
19.421	1
19.431	1
19.457	1
19.47	1
19.53	1
19.58	1
19.598	1
19.655	2
19.677	2
19.681	2
19.699	2
19.743	2
19.772	2
19.821	2
19.846	2
19.852	2
19.864	2
19.894	2
19.963	2
19.988	2
20.065	2
20.108	2
20.179	2
20.292	2
20.309	2
20.538	2
20.615	2
22.485	2
22.522	2
22.604	2
23.642	2
23.788	2
23.905	2
24.661	2
26.857	2
26.879	2
30.407	2
31.813	2
31.882	2
32.76	2
35.989	2
36.636	2
41.52	2
46.274	2
47.824	2
19.32	1
19.335	1
19.371	1
19.376	1
19.421	1
19.431	2
19.457	2
19.47	2
19.53	2
19.58	2
19.598	2
19.655	2
19.677	2
19.681	2
19.699	2
19.743	2
19.772	2
19.821	2
19.846	2
19.852	2
19.864	2
19.894	2
19.963	2
19.988	2
20.065	2
20.108	2
20.179	3
20.292	3
20.309	3
20.538	3
20.615	3
22.485	3
22.522	3
22.604	3
23.642	3
23.788	3
23.905	3
24.661	3
26.857	3
26.879	3
30.407	3
31.813	3
31.882	3
32.76	3
35.989	3
36.636	3
41.52	3
46.274	3
47.824	3
19.457	1
19.47	1
19.53	1
19.58	1
19.598	1
19.655	2
19.677	2
19.681	2
19.699	2
19.743	2
19.772	2
19.821	2
19.846	2
19.852	2
19.864	2
19.894	2
19.963	2
19.988	2
20.065	2
20.108	3
20.179	3
20.292	3
20.309	3
20.538	3
20.615	3
22.485	3
22.522	3
22.604	3
23.642	3
23.788	2
23.905	2
24.661	2
26.857	2
26.879	2
30.407	2
31.813	2
31.882	2
32.76	2
35.989	2
36.636	2
41.52	2
46.274	2
47.824	2
19.169	1
19.219	1
19.29	1
19.32	2
19.335	2
19.371	2
19.376	2
19.421	2
19.431	3
19.457	3
19.47	3
19.53	3
19.58	3
19.598	3
19.655	3
19.677	3
19.681	3
19.699	3
19.743	3
19.772	3
19.821	3
19.846	3
19.852	3
19.864	3
19.894	3
19.963	3
19.988	3
20.065	3
20.108	3
20.179	3
20.292	3
20.309	3
20.538	3
20.615	3
22.485	3
22.522	3
22.604	3
23.642	3
23.788	3
23.905	3
24.661	3
26.857	3
26.879	3
30.407	3
31.813	3
31.882	3
32.76	3
35.989	3
36.636	3
41.52	3
46.274	3
47.824	3
19.169	1
19.219	1
19.29	1
19.32	1
19.335	1
19.371	1
19.376	1
19.421	1
19.431	1
19.457	1
19.47	1
19.53	1
19.58	1
19.598	1
19.655	1
19.677	2
19.681	2
19.699	2
19.743	2
19.772	2
19.821	2
19.846	2
19.852	2
19.864	2
19.894	2
19.963	2
19.988	2
20.065	2
20.108	2
20.179	2
20.292	2
20.309	2
20.538	2
20.615	2
22.485	2
22.522	2
22.604	2
23.642	2
23.788	2
23.905	2
24.661	2
26.857	2
26.879	2
30.407	2
31.813	2
31.882	2
32.76	2
35.989	2
36.636	2
41.52	2
46.274	2
47.824	2
19.219	1
19.29	1
19.32	2
19.335	2
19.371	2
19.376	2
19.421	2
19.431	3
19.457	3
19.47	3
19.53	3
19.58	3
19.598	3
19.655	3
19.677	3
19.681	3
19.699	3
19.743	3
19.772	3
19.821	3
19.846	3
19.852	3
19.864	3
19.894	3
19.963	3
19.988	3
20.065	3
20.108	3
20.179	3
20.292	3
20.309	3
20.538	3
20.615	3
22.485	3
22.522	3
22.604	3
23.642	3
23.788	3
23.905	3
24.661	3
26.857	3
26.879	3
30.407	3
31.813	3
31.882	3
32.76	3
35.989	3
36.636	3
41.52	3
46.274	3
47.824	3
19.169	1
19.219	1
19.29	1
19.32	1
19.335	1
19.371	1
19.376	1
19.421	1
19.431	1
19.457	1
19.47	1
19.53	1
19.58	1
19.598	1
19.655	1
19.677	1
19.681	1
19.699	1
19.743	1
19.772	1
19.821	1
19.846	1
19.852	1
19.864	1
19.894	2
19.963	2
19.988	2
20.065	3
20.108	3
20.179	4
20.292	4
20.309	5
20.538	5
20.615	5
22.485	5
22.522	5
22.604	5
23.642	5
23.788	5
23.905	5
24.661	5
26.857	5
26.879	5
30.407	5
31.813	4
31.882	4
32.76	4
35.989	4
36.636	4
41.52	3
46.274	2
47.824	2
19.219	1
19.29	1
19.32	1
19.335	2
19.371	2
19.376	2
19.421	2
19.431	2
19.457	2
19.47	2
19.53	2
19.58	2
19.598	2
19.655	2
19.677	2
19.681	2
19.699	2
19.743	2
19.772	2
19.821	2
19.846	3
19.852	3
19.864	3
19.894	3
19.963	3
19.988	3
20.065	3
20.108	3
20.179	4
20.292	4
20.309	4
20.538	4
20.615	4
22.485	4
22.522	4
22.604	4
23.642	4
23.788	4
23.905	4
24.661	3
26.857	3
26.879	3
30.407	3
31.813	3
31.882	3
32.76	3
35.989	3
36.636	3
41.52	3
46.274	3
47.824	3
19.371	1
19.376	1
19.421	1
19.431	1
19.457	1
19.47	1
19.53	1
19.58	1
19.598	1
19.655	1
19.677	1
19.681	1
19.699	1
19.743	2
19.772	2
19.821	2
19.846	2
19.852	2
19.864	2
19.894	2
19.963	2
19.988	2
20.065	2
20.108	2
20.179	2
20.292	2
20.309	2
20.538	2
20.615	2
22.485	2
22.522	2
22.604	2
23.642	2
23.788	2
23.905	2
24.661	2
26.857	2
26.879	2
30.407	2
31.813	2
31.882	2
32.76	2
35.989	2
36.636	2
41.52	2
46.274	2
47.824	2
19.371	1
19.376	2
19.421	2
19.431	2
19.457	3
19.47	3
19.53	3
19.58	4
19.598	4
19.655	4
19.677	4
19.681	4
19.699	4
19.743	4
19.772	5
19.821	5
19.846	5
19.852	5
19.864	5
19.894	5
19.963	5
19.988	4
20.065	4
20.108	4
20.179	4
20.292	4
20.309	4
20.538	4
20.615	4
22.485	4
22.522	4
22.604	4
23.642	4
23.788	4
23.905	4
24.661	4
26.857	4
26.879	4
30.407	4
31.813	4
31.882	3
32.76	3
35.989	3
36.636	3
41.52	3
46.274	3
47.824	3
19.677	1
19.681	1
19.699	1
19.743	2
19.772	2
19.821	2
19.846	2
19.852	2
19.864	2
19.894	2
19.963	2
19.988	2
20.065	2
20.108	2
20.179	2
20.292	2
20.309	2
20.538	2
20.615	2
22.485	2
22.522	2
22.604	2
23.642	2
23.788	2
23.905	2
24.661	2
26.857	2
26.879	2
30.407	2
31.813	2
31.882	2
32.76	2
35.989	2
36.636	2
41.52	2
46.274	2
47.824	2
19.47	1
19.53	1
19.58	1
19.598	2
19.655	2
19.677	3
19.681	3
19.699	3
19.743	4
19.772	4
19.821	4
19.846	4
19.852	4
19.864	4
19.894	4
19.963	4
19.988	4
20.065	4
20.108	4
20.179	4
20.292	4
20.309	4
20.538	4
20.615	4
22.485	4
22.522	4
22.604	4
23.642	4
23.788	4
23.905	4
24.661	4
26.857	4
26.879	3
30.407	3
31.813	3
31.882	3
32.76	3
35.989	3
36.636	3
41.52	3
46.274	3
47.824	3
19.371	1
19.376	1
19.421	1
19.431	1
19.457	2
19.47	2
19.53	2
19.58	2
19.598	2
19.655	2
19.677	3
19.681	3
19.699	3
19.743	3
19.772	3
19.821	3
19.846	3
19.852	3
19.864	3
19.894	3
19.963	3
19.988	3
20.065	3
20.108	3
20.179	3
20.292	3
20.309	3
20.538	3
20.615	3
22.485	3
22.522	3
22.604	3
23.642	3
23.788	3
23.905	3
24.661	3
26.857	3
26.879	3
30.407	3
31.813	3
31.882	3
32.76	3
35.989	3
36.636	3
41.52	3
46.274	3
47.824	3
19.169	1
19.219	2
19.29	2
19.32	2
19.335	2
19.371	2
19.376	2
19.421	2
19.431	2
19.457	2
19.47	2
19.53	2
19.58	2
19.598	2
19.655	2
19.677	2
19.681	2
19.699	2
19.743	2
19.772	2
19.821	2
19.846	2
19.852	2
19.864	2
19.894	2
19.963	2
19.988	2
20.065	2
20.108	2
20.179	2
20.292	2
20.309	2
20.538	2
20.615	2
22.485	2
22.522	2
22.604	2
23.642	2
23.788	2
23.905	2
24.661	2
26.857	2
26.879	2
30.407	2
31.813	2
31.882	2
32.76	2
35.989	2
36.636	2
41.52	2
46.274	2
47.824	2
19.431	1
19.457	1
19.47	1
19.53	1
19.58	1
19.598	1
19.655	1
19.677	1
19.681	1
19.699	1
19.743	2
19.772	2
19.821	2
19.846	2
19.852	2
19.864	2
19.894	2
19.963	2
19.988	2
20.065	2
20.108	2
20.179	3
20.292	3
20.309	3
20.538	3
20.615	3
22.485	3
22.522	3
22.604	3
23.642	3
23.788	3
23.905	3
24.661	3
26.857	3
26.879	3
30.407	3
31.813	3
31.882	3
32.76	3
35.989	3
36.636	3
41.52	3
46.274	3
47.824	3
19.371	1
19.376	1
19.421	1
19.431	1
19.457	1
19.47	1
19.53	1
19.58	1
19.598	1
19.655	2
19.677	2
19.681	2
19.699	2
19.743	2
19.772	2
19.821	2
19.846	2
19.852	2
19.864	2
19.894	2
19.963	2
19.988	2
20.065	2
20.108	2
20.179	2
20.292	2
20.309	2
20.538	2
20.615	2
22.485	2
22.522	2
22.604	2
23.642	2
23.788	2
23.905	2
24.661	2
26.857	2
26.879	2
30.407	2
31.813	2
31.882	2
32.76	2
35.989	2
36.636	2
41.52	2
46.274	2
47.824	2
19.169	1
19.219	1
19.29	1
19.32	1
19.335	1
19.371	1
19.376	1
19.421	1
19.431	1
19.457	1
19.47	1
19.53	1
19.58	1
19.598	1
19.655	1
19.677	2
19.681	2
19.699	2
19.743	2
19.772	2
19.821	2
19.846	2
19.852	2
19.864	2
19.894	2
19.963	2
19.988	2
20.065	2
20.108	2
20.179	2
20.292	2
20.309	2
20.538	2
20.615	2
22.485	2
22.522	2
22.604	2
23.642	2
23.788	2
23.905	2
24.661	2
26.857	2
26.879	2
30.407	2
31.813	2
31.882	2
32.76	2
35.989	2
36.636	2
41.52	2
46.274	2
47.824	2
19.219	1
19.29	2
19.32	2
19.335	2
19.371	2
19.376	2
19.421	2
19.431	2
19.457	2
19.47	2
19.53	2
19.58	2
19.598	2
19.655	2
19.677	2
19.681	3
19.699	3
19.743	3
19.772	3
19.821	3
19.846	3
19.852	4
19.864	4
19.894	4
19.963	4
19.988	4
20.065	4
20.108	4
20.179	4
20.292	4
20.309	4
20.538	4
20.615	4
22.485	4
22.522	4
22.604	4
23.642	4
23.788	4
23.905	4
24.661	4
26.857	4
26.879	4
30.407	4
31.813	4
31.882	4
32.76	3
35.989	3
36.636	2
41.52	2
46.274	2
47.824	2
19.981	1
19.993	2
20.0	2
20.029	2
20.033	2
20.035	2
20.038	2
20.044	2
20.06	2
20.092	2
20.097	2
20.102	2
20.108	2
20.11	3
20.114	3
20.122	3
20.128	3
20.136	3
20.136	3
20.147	3
20.15	3
20.16	3
20.162	3
20.162	3
20.165	3
20.166	3
20.167	3
20.17	3
20.172	3
20.178	3
20.178	3
20.179	3
20.18	3
20.187	3
20.187	3
20.187	3
20.19	3
20.208	3
20.217	3
20.23	3
20.232	3
20.242	3
20.243	3
20.251	3
20.266	3
20.278	3
20.285	3
20.328	3
20.329	3
20.33	3
20.331	3
20.335	3
20.337	3
20.36	3
20.367	3
20.369	3
20.378	3
20.399	3
20.42	3
20.423	3
20.489	3
20.496	3
20.514	3
20.521	3
20.528	3
20.54	3
20.549	3
20.597	3
20.661	3
20.662	3
20.663	3
20.673	3
20.715	3
20.73	3
20.789	3
20.789	3
20.827	3
20.871	3
20.871	3
20.927	3
20.942	3
21.018	3
21.08	3
21.231	3
21.273	3
21.287	3
21.292	3
21.325	3
21.571	3
21.671	3
21.841	3
21.843	3
21.87	3
22.243	3
22.716	3
22.989	3
23.128	3
23.188	3
23.296	3
23.815	3
23.954	3
24.14	3
25.0	3
26.598	3
26.636	3
26.909	3
27.068	3
27.347	3
27.868	3
27.998	3
28.061	3
28.27	3
28.985	3
29.003	3
29.322	3
29.449	3
29.449	3
29.478	3
29.483	3
29.57	3
29.734	3
30.697	3
30.878	3
31.598	3
31.761	3
31.787	3
32.669	3
32.715	3
33.007	3
33.015	3
33.574	3
33.644	3
34.063	3
34.458	3
36.106	3
36.116	3
36.198	3
37.485	3
37.681	3
37.868	3
38.137	3
38.618	3
39.311	3
39.63	3
40.773	3
41.428	3
41.634	3
42.021	3
43.151	3
44.786	3
45.556	3
48.116	3
19.839	1
19.875	1
19.879	1
19.883	1
19.888	2
19.892	2
19.904	2
19.909	2
19.909	2
19.915	2
19.915	2
19.917	2
19.919	2
19.928	2
19.937	2
19.94	2
19.942	2
19.943	2
19.945	2
19.946	2
19.953	2
19.955	2
19.965	2
19.977	2
19.981	3
19.993	3
20.0	3
20.029	3
20.033	3
20.035	3
20.038	3
20.044	3
20.06	3
20.092	3
20.097	3
20.102	3
20.108	3
20.11	3
20.114	3
20.122	3
20.128	3
20.136	3
20.136	3
20.147	3
20.15	3
20.16	3
20.162	3
20.162	3
20.165	3
20.166	3
20.167	3
20.17	3
20.172	3
20.178	3
20.178	3
20.179	3
20.18	3
20.187	3
20.187	3
20.187	3
20.19	3
20.208	3
20.217	3
20.23	3
20.232	3
20.242	3
20.243	3
20.251	3
20.266	3
20.278	3
20.285	3
20.328	3
20.329	3
20.33	3
20.331	3
20.335	3
20.337	3
20.36	3
20.367	3
20.369	3
20.378	3
20.399	3
20.42	3
20.423	3
20.489	3
20.496	3
20.514	3
20.521	3
20.528	3
20.54	3
20.549	3
20.597	3
20.661	3
20.662	3
20.663	3
20.673	3
20.715	3
20.73	3
20.789	3
20.789	3
20.827	3
20.871	3
20.871	3
20.927	3
20.942	3
21.018	3
21.08	3
21.231	3
21.273	3
21.287	3
21.292	3
21.325	3
21.571	3
21.671	4
21.841	4
21.843	4
21.87	4
22.243	4
22.716	4
22.989	4
23.128	4
23.188	4
23.296	4
23.815	4
23.954	4
24.14	4
25.0	4
26.598	4
26.636	4
26.909	4
27.068	4
27.347	4
27.868	4
27.998	4
28.061	4
28.27	4
28.985	4
29.003	4
29.322	4
29.449	4
29.449	4
29.478	4
29.483	4
29.57	4
29.734	4
30.697	4
30.878	4
31.598	4
31.761	4
31.787	4
32.669	4
32.715	4
33.007	4
33.015	4
33.574	4
33.644	4
34.063	4
34.458	4
36.106	4
36.116	4
36.198	4
37.485	4
37.681	4
37.868	4
38.137	4
38.618	4
39.311	4
39.63	4
40.773	4
41.428	4
41.634	4
42.021	4
43.151	4
44.786	4
45.556	4
48.116	4
19.622	1
19.736	1
19.756	1
19.756	1
19.839	1
19.875	1
19.879	1
19.883	1
19.888	1
19.892	1
19.904	1
19.909	1
19.909	1
19.915	1
19.915	1
19.917	2
19.919	2
19.928	2
19.937	2
19.94	2
19.942	2
19.943	2
19.945	2
19.946	2
19.953	2
19.955	2
19.965	2
19.977	2
19.981	2
19.993	2
20.0	2
20.029	2
20.033	2
20.035	2
20.038	2
20.044	2
20.06	2
20.092	2
20.097	2
20.102	2
20.108	2
20.11	2
20.114	2
20.122	2
20.128	2
20.136	2
20.136	2
20.147	2
20.15	2
20.16	2
20.162	2
20.162	2
20.165	2
20.166	2
20.167	3
20.17	3
20.172	3
20.178	3
20.178	3
20.179	3
20.18	3
20.187	3
20.187	3
20.187	3
20.19	3
20.208	3
20.217	3
20.23	3
20.232	3
20.242	3
20.243	4
20.251	4
20.266	4
20.278	4
20.285	4
20.328	4
20.329	5
20.33	5
20.331	5
20.335	5
20.337	5
20.36	5
20.367	6
20.369	6
20.378	6
20.399	6
20.42	6
20.423	6
20.489	6
20.496	6
20.514	6
20.521	6
20.528	6
20.54	6
20.549	6
20.597	6
20.661	6
20.662	6
20.663	6
20.673	6
20.715	6
20.73	6
20.789	6
20.789	6
20.827	6
20.871	6
20.871	6
20.927	6
20.942	6
21.018	6
21.08	6
21.231	6
21.273	6
21.287	6
21.292	6
21.325	6
21.571	6
21.671	6
21.841	6
21.843	6
21.87	6
22.243	6
22.716	6
22.989	6
23.128	6
23.188	6
23.296	6
23.815	6
23.954	6
24.14	6
25.0	6
26.598	6
26.636	6
26.909	6
27.068	6
27.347	6
27.868	6
27.998	6
28.061	6
28.27	6
28.985	6
29.003	6
29.322	6
29.449	6
29.449	6
29.478	6
29.483	6
29.57	6
29.734	6
30.697	6
30.878	5
31.598	5
31.761	5
31.787	5
32.669	5
32.715	5
33.007	4
33.015	4
33.574	4
33.644	4
34.063	4
34.458	4
36.106	4
36.116	4
36.198	4
37.485	4
37.681	4
37.868	4
38.137	4
38.618	4
39.311	4
39.63	4
40.773	4
41.428	4
41.634	4
42.021	4
43.151	4
44.786	4
45.556	4
48.116	4
19.888	1
19.892	1
19.904	1
19.909	1
19.909	1
19.915	1
19.915	1
19.917	1
19.919	2
19.928	2
19.937	2
19.94	2
19.942	2
19.943	2
19.945	2
19.946	2
19.953	2
19.955	2
19.965	2
19.977	2
19.981	2
19.993	2
20.0	2
20.029	2
20.033	2
20.035	2
20.038	2
20.044	2
20.06	2
20.092	2
20.097	2
20.102	2
20.108	2
20.11	3
20.114	3
20.122	3
20.128	3
20.136	3
20.136	3
20.147	3
20.15	3
20.16	3
20.162	3
20.162	3
20.165	3
20.166	3
20.167	3
20.17	3
20.172	3
20.178	3
20.178	3
20.179	3
20.18	3
20.187	3
20.187	3
20.187	3
20.19	3
20.208	3
20.217	3
20.23	3
20.232	3
20.242	3
20.243	3
20.251	3
20.266	3
20.278	3
20.285	3
20.328	3
20.329	3
20.33	3
20.331	3
20.335	3
20.337	3
20.36	3
20.367	3
20.369	3
20.378	3
20.399	3
20.42	3
20.423	3
20.489	3
20.496	3
20.514	3
20.521	3
20.528	3
20.54	3
20.549	3
20.597	3
20.661	3
20.662	3
20.663	3
20.673	3
20.715	3
20.73	3
20.789	3
20.789	3
20.827	3
20.871	3
20.871	3
20.927	3
20.942	3
21.018	3
21.08	3
21.231	3
21.273	3
21.287	3
21.292	3
21.325	3
21.571	3
21.671	3
21.841	3
21.843	3
21.87	3
22.243	3
22.716	3
22.989	3
23.128	3
23.188	3
23.296	3
23.815	3
23.954	3
24.14	3
25.0	3
26.598	3
26.636	3
26.909	3
27.068	3
27.347	3
27.868	3
27.998	3
28.061	3
28.27	3
28.985	3
29.003	3
29.322	3
29.449	3
29.449	3
29.478	3
29.483	3
29.57	3
29.734	3
30.697	3
30.878	3
31.598	3
31.761	3
31.787	3
32.669	3
32.715	3
33.007	3
33.015	3
33.574	3
33.644	3
34.063	3
34.458	3
36.106	3
36.116	3
36.198	3
37.485	3
37.681	3
37.868	3
38.137	3
38.618	3
39.311	3
39.63	3
40.773	3
41.428	3
41.634	3
42.021	3
43.151	3
44.786	3
45.556	3
48.116	3
19.839	1
19.875	1
19.879	1
19.883	1
19.888	1
19.892	1
19.904	2
19.909	2
19.909	2
19.915	2
19.915	2
19.917	2
19.919	2
19.928	2
19.937	2
19.94	2
19.942	2
19.943	2
19.945	2
19.946	2
19.953	2
19.955	2
19.965	2
19.977	2
19.981	2
19.993	3
20.0	3
20.029	3
20.033	3
20.035	3
20.038	3
20.044	3
20.06	3
20.092	3
20.097	3
20.102	3
20.108	3
20.11	3
20.114	3
20.122	3
20.128	3
20.136	3
20.136	3
20.147	3
20.15	3
20.16	3
20.162	3
20.162	3
20.165	3
20.166	3
20.167	3
20.17	3
20.172	3
20.178	3
20.178	3
20.179	3
20.18	3
20.187	3
20.187	3
20.187	3
20.19	3
20.208	3
20.217	3
20.23	3
20.232	3
20.242	3
20.243	3
20.251	3
20.266	3
20.278	3
20.285	3
20.328	3
20.329	3
20.33	3
20.331	3
20.335	3
20.337	3
20.36	3
20.367	3
20.369	3
20.378	3
20.399	3
20.42	3
20.423	4
20.489	4
20.496	4
20.514	4
20.521	4
20.528	4
20.54	4
20.549	4
20.597	4
20.661	4
20.662	4
20.663	4
20.673	4
20.715	4
20.73	4
20.789	4
20.789	4
20.827	4
20.871	4
20.871	4
20.927	4
20.942	4
21.018	4
21.08	4
21.231	4
21.273	4
21.287	4
21.292	4
21.325	4
21.571	4
21.671	4
21.841	4
21.843	4
21.87	4
22.243	4
22.716	4
22.989	4
23.128	4
23.188	4
23.296	4
23.815	4
23.954	4
24.14	4
25.0	4
26.598	4
26.636	4
26.909	4
27.068	4
27.347	4
27.868	4
27.998	4
28.061	4
28.27	4
28.985	4
29.003	4
29.322	4
29.449	4
29.449	4
29.478	4
29.483	4
29.57	4
29.734	4
30.697	4
30.878	4
31.598	4
31.761	4
31.787	4
32.669	4
32.715	4
33.007	4
33.015	4
33.574	4
33.644	4
34.063	4
34.458	4
36.106	4
36.116	4
36.198	4
37.485	4
37.681	4
37.868	4
38.137	4
38.618	4
39.311	4
39.63	4
40.773	4
41.428	4
41.634	4
42.021	4
43.151	4
44.786	4
45.556	4
48.116	4
19.904	1
19.909	1
19.909	1
19.915	1
19.915	1
19.917	1
19.919	2
19.928	2
19.937	2
19.94	2
19.942	2
19.943	2
19.945	2
19.946	2
19.953	2
19.955	2
19.965	2
19.977	2
19.981	2
19.993	3
20.0	3
20.029	3
20.033	3
20.035	3
20.038	3
20.044	3
20.06	3
20.092	3
20.097	3
20.102	3
20.108	3
20.11	3
20.114	3
20.122	3
20.128	3
20.136	3
20.136	3
20.147	3
20.15	3
20.16	3
20.162	3
20.162	3
20.165	3
20.166	3
20.167	3
20.17	3
20.172	3
20.178	3
20.178	3
20.179	3
20.18	3
20.187	3
20.187	3
20.187	3
20.19	3
20.208	3
20.217	3
20.23	3
20.232	3
20.242	3
20.243	3
20.251	3
20.266	3
20.278	3
20.285	3
20.328	3
20.329	3
20.33	3
20.331	3
20.335	3
20.337	3
20.36	3
20.367	3
20.369	3
20.378	3
20.399	3
20.42	3
20.423	3
20.489	3
20.496	3
20.514	3
20.521	3
20.528	3
20.54	3
20.549	3
20.597	3
20.661	3
20.662	3
20.663	3
20.673	3
20.715	3
20.73	3
20.789	3
20.789	3
20.827	3
20.871	3
20.871	3
20.927	3
20.942	3
21.018	3
21.08	3
21.231	3
21.273	3
21.287	3
21.292	3
21.325	3
21.571	3
21.671	3
21.841	3
21.843	3
21.87	3
22.243	3
22.716	3
22.989	3
23.128	3
23.188	3
23.296	3
23.815	3
23.954	3
24.14	3
25.0	3
26.598	3
26.636	3
26.909	3
27.068	3
27.347	3
27.868	3
27.998	3
28.061	3
28.27	3
28.985	3
29.003	3
29.322	3
29.449	3
29.449	3
29.478	3
29.483	3
29.57	3
29.734	3
30.697	3
30.878	3
31.598	3
31.761	3
31.787	3
32.669	3
32.715	3
33.007	3
33.015	3
33.574	3
33.644	3
34.063	3
34.458	3
36.106	3
36.116	3
36.198	3
37.485	3
37.681	3
37.868	3
38.137	3
38.618	3
39.311	3
39.63	3
40.773	3
41.428	3
41.634	3
42.021	3
43.151	3
44.786	3
45.556	3
48.116	3
19.904	1
19.909	1
19.909	1
19.915	1
19.915	1
19.917	1
19.919	1
19.928	1
19.937	1
19.94	1
19.942	1
19.943	1
19.945	1
19.946	1
19.953	1
19.955	1
19.965	1
19.977	1
19.981	2
19.993	3
20.0	3
20.029	3
20.033	3
20.035	3
20.038	3
20.044	3
20.06	3
20.092	3
20.097	3
20.102	3
20.108	3
20.11	3
20.114	3
20.122	3
20.128	3
20.136	3
20.136	3
20.147	3
20.15	3
20.16	3
20.162	3
20.162	3
20.165	3
20.166	3
20.167	3
20.17	3
20.172	3
20.178	3
20.178	3
20.179	3
20.18	3
20.187	3
20.187	3
20.187	3
20.19	3
20.208	3
20.217	3
20.23	3
20.232	3
20.242	3
20.243	3
20.251	3
20.266	3
20.278	3
20.285	3
20.328	3
20.329	3
20.33	3
20.331	3
20.335	3
20.337	3
20.36	3
20.367	3
20.369	3
20.378	3
20.399	3
20.42	3
20.423	3
20.489	3
20.496	3
20.514	3
20.521	3
20.528	3
20.54	3
20.549	3
20.597	3
20.661	3
20.662	3
20.663	3
20.673	3
20.715	3
20.73	3
20.789	3
20.789	3
20.827	3
20.871	3
20.871	3
20.927	3
20.942	3
21.018	3
21.08	3
21.231	3
21.273	3
21.287	3
21.292	3
21.325	3
21.571	3
21.671	3
21.841	3
21.843	3
21.87	3
22.243	3
22.716	3
22.989	3
23.128	3
23.188	3
23.296	3
23.815	3
23.954	3
24.14	3
25.0	3
26.598	3
26.636	3
26.909	3
27.068	3
27.347	3
27.868	3
27.998	3
28.061	3
28.27	3
28.985	3
29.003	3
29.322	3
29.449	3
29.449	3
29.478	3
29.483	3
29.57	3
29.734	3
30.697	3
30.878	3
31.598	3
31.761	3
31.787	3
32.669	3
32.715	3
33.007	3
33.015	3
33.574	3
33.644	3
34.063	3
34.458	3
36.106	3
36.116	3
36.198	3
37.485	3
37.681	3
37.868	3
38.137	3
38.618	3
39.311	3
39.63	3
40.773	3
41.428	3
41.634	3
42.021	3
43.151	3
44.786	3
45.556	3
48.116	3
19.919	1
19.928	1
19.937	1
19.94	1
19.942	1
19.943	1
19.945	1
19.946	1
19.953	1
19.955	1
19.965	1
19.977	1
19.981	2
19.993	2
20.0	2
20.029	2
20.033	2
20.035	2
20.038	2
20.044	2
20.06	2
20.092	2
20.097	2
20.102	2
20.108	2
20.11	3
20.114	3
20.122	3
20.128	3
20.136	3
20.136	3
20.147	3
20.15	3
20.16	3
20.162	3
20.162	3
20.165	3
20.166	3
20.167	3
20.17	3
20.172	3
20.178	3
20.178	3
20.179	3
20.18	3
20.187	3
20.187	3
20.187	3
20.19	3
20.208	3
20.217	3
20.23	3
20.232	3
20.242	3
20.243	3
20.251	3
20.266	3
20.278	3
20.285	3
20.328	3
20.329	3
20.33	3
20.331	3
20.335	3
20.337	3
20.36	3
20.367	3
20.369	3
20.378	3
20.399	3
20.42	3
20.423	3
20.489	3
20.496	3
20.514	3
20.521	3
20.528	3
20.54	3
20.549	3
20.597	3
20.661	3
20.662	3
20.663	3
20.673	3
20.715	3
20.73	3
20.789	3
20.789	3
20.827	3
20.871	3
20.871	3
20.927	3
20.942	3
21.018	3
21.08	3
21.231	3
21.273	3
21.287	3
21.292	3
21.325	3
21.571	3
21.671	3
21.841	3
21.843	3
21.87	3
22.243	3
22.716	3
22.989	3
23.128	3
23.188	3
23.296	3
23.815	3
23.954	3
24.14	3
25.0	3
26.598	3
26.636	3
26.909	3
27.068	3
27.347	3
27.868	3
27.998	3
28.061	3
28.27	3
28.985	3
29.003	3
29.322	3
29.449	3
29.449	3
29.478	3
29.483	3
29.57	3
29.734	3
30.697	3
30.878	3
31.598	3
31.761	3
31.787	3
32.669	3
32.715	3
33.007	3
33.015	3
33.574	3
33.644	3
34.063	3
34.458	3
36.106	3
36.116	3
36.198	3
37.485	3
37.681	3
37.868	3
38.137	3
38.618	3
39.311	3
39.63	3
40.773	3
41.428	3
41.634	3
42.021	3
43.151	3
44.786	3
45.556	3
48.116	3
20.029	1
20.033	1
20.035	1
20.038	1
20.044	1
20.06	1
20.092	1
20.097	1
20.102	1
20.108	1
20.11	1
20.114	1
20.122	1
20.128	1
20.136	1
20.136	1
20.147	2
20.15	2
20.16	2
20.162	2
20.162	3
20.165	3
20.166	3
20.167	4
20.17	4
20.172	4
20.178	4
20.178	4
20.179	4
20.18	4
20.187	4
20.187	4
20.187	4
20.19	5
20.208	5
20.217	5
20.23	5
20.232	6
20.242	6
20.243	6
20.251	6
20.266	6
20.278	6
20.285	6
20.328	6
20.329	6
20.33	7
20.331	7
20.335	7
20.337	7
20.36	7
20.367	7
20.369	7
20.378	7
20.399	7
20.42	7
20.423	7
20.489	8
20.496	8
20.514	8
20.521	8
20.528	8
20.54	8
20.549	8
20.597	8
20.661	8
20.662	8
20.663	8
20.673	8
20.715	9
20.73	9
20.789	9
20.789	9
20.827	9
20.871	8
20.871	8
20.927	8
20.942	8
21.018	8
21.08	8
21.231	8
21.273	8
21.287	8
21.292	8
21.325	8
21.571	8
21.671	8
21.841	8
21.843	8
21.87	8
22.243	8
22.716	8
22.989	8
23.128	8
23.188	8
23.296	8
23.815	8
23.954	8
24.14	8
25.0	8
26.598	8
26.636	8
26.909	7
27.068	7
27.347	7
27.868	7
27.998	7
28.061	7
28.27	7
28.985	7
29.003	7
29.322	7
29.449	7
29.449	7
29.478	7
29.483	6
29.57	6
29.734	6
30.697	6
30.878	6
31.598	6
31.761	6
31.787	6
32.669	6
32.715	6
33.007	6
33.015	6
33.574	6
33.644	6
34.063	6
34.458	6
36.106	6
36.116	6
36.198	6
37.485	6
37.681	6
37.868	6
38.137	6
38.618	6
39.311	6
39.63	6
40.773	6
41.428	6
41.634	6
42.021	6
43.151	5
44.786	5
45.556	5
48.116	4
19.888	1
19.892	1
19.904	1
19.909	1
19.909	1
19.915	1
19.915	1
19.917	1
19.919	1
19.928	1
19.937	1
19.94	1
19.942	1
19.943	1
19.945	1
19.946	1
19.953	1
19.955	1
19.965	1
19.977	1
19.981	2
19.993	3
20.0	3
20.029	3
20.033	3
20.035	3
20.038	3
20.044	3
20.06	3
20.092	3
20.097	3
20.102	3
20.108	3
20.11	3
20.114	3
20.122	3
20.128	3
20.136	3
20.136	3
20.147	3
20.15	3
20.16	3
20.162	3
20.162	3
20.165	3
20.166	3
20.167	3
20.17	3
20.172	3
20.178	3
20.178	3
20.179	3
20.18	3
20.187	3
20.187	3
20.187	3
20.19	3
20.208	3
20.217	3
20.23	3
20.232	3
20.242	3
20.243	3
20.251	3
20.266	3
20.278	3
20.285	3
20.328	3
20.329	3
20.33	3
20.331	3
20.335	3
20.337	3
20.36	3
20.367	3
20.369	3
20.378	3
20.399	3
20.42	3
20.423	3
20.489	3
20.496	3
20.514	3
20.521	3
20.528	3
20.54	3
20.549	3
20.597	3
20.661	3
20.662	3
20.663	3
20.673	3
20.715	3
20.73	3
20.789	3
20.789	3
20.827	3
20.871	3
20.871	3
20.927	3
20.942	3
21.018	3
21.08	3
21.231	3
21.273	3
21.287	3
21.292	3
21.325	3
21.571	3
21.671	3
21.841	3
21.843	3
21.87	3
22.243	3
22.716	3
22.989	3
23.128	3
23.188	3
23.296	3
23.815	3
23.954	3
24.14	3
25.0	3
26.598	3
26.636	3
26.909	3
27.068	3
27.347	3
27.868	3
27.998	3
28.061	3
28.27	3
28.985	3
29.003	3
29.322	3
29.449	3
29.449	3
29.478	3
29.483	3
29.57	3
29.734	3
30.697	3
30.878	3
31.598	3
31.761	3
31.787	3
32.669	3
32.715	3
33.007	3
33.015	3
33.574	3
33.644	3
34.063	3
34.458	3
36.106	3
36.116	3
36.198	3
37.485	3
37.681	3
37.868	3
38.137	3
38.618	3
39.311	3
39.63	3
40.773	3
41.428	3
41.634	3
42.021	3
43.151	3
44.786	3
45.556	3
48.116	3
19.622	1
19.736	1
19.756	2
19.756	2
19.839	2
19.875	2
19.879	2
19.883	2
19.888	2
19.892	2
19.904	2
19.909	2
19.909	2
19.915	2
19.915	2
19.917	3
19.919	3
19.928	3
19.937	3
19.94	3
19.942	3
19.943	3
19.945	3
19.946	3
19.953	3
19.955	3
19.965	3
19.977	3
19.981	3
19.993	3
20.0	3
20.029	3
20.033	3
20.035	3
20.038	3
20.044	3
20.06	3
20.092	3
20.097	3
20.102	3
20.108	3
20.11	3
20.114	3
20.122	3
20.128	3
20.136	3
20.136	3
20.147	3
20.15	3
20.16	3
20.162	3
20.162	3
20.165	4
20.166	4
20.167	4
20.17	4
20.172	4
20.178	5
20.178	5
20.179	5
20.18	5
20.187	5
20.187	5
20.187	5
20.19	5
20.208	5
20.217	5
20.23	5
20.232	5
20.242	5
20.243	5
20.251	5
20.266	6
20.278	6
20.285	6
20.328	6
20.329	6
20.33	6
20.331	6
20.335	6
20.337	6
20.36	6
20.367	6
20.369	6
20.378	6
20.399	6
20.42	6
20.423	6
20.489	6
20.496	6
20.514	6
20.521	6
20.528	6
20.54	6
20.549	6
20.597	6
20.661	6
20.662	6
20.663	6
20.673	6
20.715	6
20.73	6
20.789	6
20.789	6
20.827	6
20.871	6
20.871	6
20.927	6
20.942	6
21.018	6
21.08	6
21.231	6
21.273	6
21.287	6
21.292	6
21.325	6
21.571	6
21.671	6
21.841	6
21.843	6
21.87	6
22.243	6
22.716	6
22.989	6
23.128	6
23.188	6
23.296	6
23.815	6
23.954	6
24.14	6
25.0	6
26.598	5
26.636	5
26.909	5
27.068	5
27.347	4
27.868	4
27.998	4
28.061	4
28.27	4
28.985	4
29.003	4
29.322	4
29.449	4
29.449	4
29.478	4
29.483	4
29.57	4
29.734	4
30.697	4
30.878	4
31.598	4
31.761	4
31.787	4
32.669	4
32.715	4
33.007	4
33.015	4
33.574	4
33.644	4
34.063	4
34.458	4
36.106	4
36.116	4
36.198	4
37.485	4
37.681	4
37.868	4
38.137	4
38.618	4
39.311	4
39.63	4
40.773	4
41.428	4
41.634	4
42.021	4
43.151	4
44.786	4
45.556	4
48.116	4
19.883	1
19.888	1
19.892	1
19.904	1
19.909	1
19.909	1
19.915	1
19.915	1
19.917	1
19.919	1
19.928	1
19.937	1
19.94	1
19.942	1
19.943	1
19.945	1
19.946	1
19.953	1
19.955	1
19.965	1
19.977	1
19.981	1
19.993	1
20.0	2
20.029	2
20.033	3
20.035	3
20.038	3
20.044	3
20.06	3
20.092	3
20.097	3
20.102	3
20.108	3
20.11	3
20.114	3
20.122	3
20.128	3
20.136	3
20.136	3
20.147	3
20.15	3
20.16	3
20.162	3
20.162	4
20.165	4
20.166	4
20.167	4
20.17	4
20.172	4
20.178	4
20.178	4
20.179	4
20.18	4
20.187	4
20.187	4
20.187	4
20.19	4
20.208	4
20.217	4
20.23	4
20.232	4
20.242	5
20.243	5
20.251	5
20.266	5
20.278	5
20.285	5
20.328	5
20.329	5
20.33	5
20.331	5
20.335	5
20.337	5
20.36	5
20.367	5
20.369	5
20.378	5
20.399	5
20.42	5
20.423	5
20.489	5
20.496	5
20.514	5
20.521	5
20.528	5
20.54	5
20.549	5
20.597	5
20.661	5
20.662	5
20.663	5
20.673	6
20.715	6
20.73	6
20.789	6
20.789	6
20.827	6
20.871	6
20.871	6
20.927	6
20.942	6
21.018	6
21.08	6
21.231	6
21.273	6
21.287	6
21.292	6
21.325	6
21.571	6
21.671	6
21.841	6
21.843	6
21.87	6
22.243	6
22.716	6
22.989	6
23.128	6
23.188	6
23.296	6
23.815	6
23.954	6
24.14	6
25.0	6
26.598	6
26.636	6
26.909	6
27.068	6
27.347	6
27.868	6
27.998	6
28.061	6
28.27	6
28.985	6
29.003	6
29.322	6
29.449	6
29.449	6
29.478	6
29.483	6
29.57	6
29.734	6
30.697	6
30.878	6
31.598	6
31.761	6
31.787	6
32.669	6
32.715	6
33.007	6
33.015	6
33.574	6
33.644	6
34.063	6
34.458	5
36.106	5
36.116	5
36.198	5
37.485	5
37.681	5
37.868	5
38.137	5
38.618	5
39.311	5
39.63	4
40.773	4
41.428	4
41.634	4
42.021	4
43.151	4
44.786	4
45.556	4
48.116	4
19.904	1
19.909	1
19.909	1
19.915	1
19.915	1
19.917	1
19.919	1
19.928	1
19.937	1
19.94	1
19.942	1
19.943	1
19.945	1
19.946	1
19.953	1
19.955	1
19.965	1
19.977	1
19.981	1
19.993	1
20.0	1
20.029	1
20.033	1
20.035	1
20.038	1
20.044	1
20.06	1
20.092	1
20.097	1
20.102	1
20.108	1
20.11	2
20.114	2
20.122	2
20.128	2
20.136	2
20.136	2
20.147	2
20.15	2
20.16	2
20.162	2
20.162	3
20.165	3
20.166	3
20.167	3
20.17	3
20.172	3
20.178	3
20.178	3
20.179	3
20.18	3
20.187	3
20.187	3
20.187	3
20.19	3
20.208	3
20.217	3
20.23	3
20.232	3
20.242	3
20.243	3
20.251	3
20.266	3
20.278	3
20.285	3
20.328	3
20.329	3
20.33	3
20.331	3
20.335	3
20.337	3
20.36	3
20.367	3
20.369	3
20.378	3
20.399	3
20.42	3
20.423	3
20.489	3
20.496	3
20.514	3
20.521	3
20.528	3
20.54	3
20.549	3
20.597	3
20.661	3
20.662	3
20.663	3
20.673	3
20.715	3
20.73	3
20.789	3
20.789	3
20.827	3
20.871	3
20.871	3
20.927	3
20.942	3
21.018	3
21.08	3
21.231	3
21.273	3
21.287	3
21.292	3
21.325	3
21.571	3
21.671	3
21.841	3
21.843	3
21.87	3
22.243	3
22.716	3
22.989	3
23.128	3
23.188	3
23.296	3
23.815	3
23.954	3
24.14	3
25.0	3
26.598	3
26.636	3
26.909	3
27.068	3
27.347	3
27.868	3
27.998	3
28.061	3
28.27	3
28.985	3
29.003	3
29.322	3
29.449	3
29.449	3
29.478	3
29.483	3
29.57	3
29.734	3
30.697	3
30.878	3
31.598	3
31.761	3
31.787	3
32.669	3
32.715	3
33.007	3
33.015	3
33.574	3
33.644	3
34.063	3
34.458	3
36.106	3
36.116	3
36.198	3
37.485	3
37.681	3
37.868	3
38.137	3
38.618	3
39.311	3
39.63	3
40.773	3
41.428	3
41.634	3
42.021	3
43.151	3
44.786	3
45.556	3
48.116	3
19.917	1
19.919	1
19.928	2
19.937	2
19.94	2
19.942	2
19.943	2
19.945	2
19.946	2
19.953	2
19.955	2
19.965	2
19.977	2
19.981	2
19.993	2
20.0	2
20.029	2
20.033	2
20.035	3
20.038	3
20.044	3
20.06	3
20.092	3
20.097	3
20.102	3
20.108	3
20.11	3
20.114	3
20.122	3
20.128	3
20.136	3
20.136	3
20.147	3
20.15	3
20.16	3
20.162	3
20.162	4
20.165	4
20.166	4
20.167	4
20.17	4
20.172	4
20.178	4
20.178	4
20.179	4
20.18	5
20.187	5
20.187	5
20.187	5
20.19	5
20.208	5
20.217	5
20.23	5
20.232	5
20.242	5
20.243	5
20.251	5
20.266	5
20.278	5
20.285	5
20.328	5
20.329	5
20.33	5
20.331	5
20.335	5
20.337	5
20.36	5
20.367	5
20.369	5
20.378	5
20.399	5
20.42	5
20.423	5
20.489	5
20.496	5
20.514	5
20.521	5
20.528	5
20.54	5
20.549	5
20.597	5
20.661	5
20.662	5
20.663	5
20.673	5
20.715	5
20.73	5
20.789	5
20.789	5
20.827	5
20.871	5
20.871	5
20.927	5
20.942	5
21.018	5
21.08	5
21.231	4
21.273	4
21.287	4
21.292	5
21.325	5
21.571	5
21.671	5
21.841	5
21.843	5
21.87	5
22.243	5
22.716	5
22.989	5
23.128	5
23.188	4
23.296	4
23.815	4
23.954	4
24.14	4
25.0	4
26.598	4
26.636	4
26.909	4
27.068	4
27.347	4
27.868	4
27.998	4
28.061	4
28.27	4
28.985	4
29.003	4
29.322	4
29.449	4
29.449	4
29.478	4
29.483	4
29.57	4
29.734	4
30.697	4
30.878	4
31.598	4
31.761	4
31.787	4
32.669	4
32.715	4
33.007	4
33.015	4
33.574	4
33.644	4
34.063	4
34.458	4
36.106	4
36.116	4
36.198	4
37.485	4
37.681	4
37.868	4
38.137	4
38.618	4
39.311	4
39.63	4
40.773	4
41.428	4
41.634	4
42.021	4
43.151	4
44.786	4
45.556	4
48.116	4
19.904	1
19.909	1
19.909	1
19.915	1
19.915	1
19.917	1
19.919	1
19.928	1
19.937	1
19.94	1
19.942	1
19.943	1
19.945	1
19.946	1
19.953	1
19.955	1
19.965	1
19.977	1
19.981	1
19.993	2
20.0	2
20.029	2
20.033	2
20.035	2
20.038	2
20.044	2
20.06	2
20.092	2
20.097	2
20.102	2
20.108	2
20.11	3
20.114	3
20.122	3
20.128	3
20.136	3
20.136	3
20.147	3
20.15	3
20.16	3
20.162	3
20.162	3
20.165	3
20.166	3
20.167	3
20.17	3
20.172	3
20.178	3
20.178	3
20.179	3
20.18	3
20.187	3
20.187	3
20.187	3
20.19	3
20.208	3
20.217	3
20.23	3
20.232	3
20.242	3
20.243	3
20.251	3
20.266	3
20.278	3
20.285	3
20.328	3
20.329	3
20.33	3
20.331	3
20.335	3
20.337	3
20.36	3
20.367	3
20.369	3
20.378	3
20.399	3
20.42	3
20.423	3
20.489	3
20.496	3
20.514	3
20.521	3
20.528	3
20.54	3
20.549	3
20.597	3
20.661	3
20.662	3
20.663	3
20.673	3
20.715	3
20.73	4
20.789	4
20.789	4
20.827	4
20.871	4
20.871	4
20.927	4
20.942	4
21.018	4
21.08	4
21.231	4
21.273	4
21.287	4
21.292	4
21.325	4
21.571	4
21.671	4
21.841	4
21.843	4
21.87	4
22.243	4
22.716	4
22.989	4
23.128	4
23.188	4
23.296	4
23.815	4
23.954	4
24.14	4
25.0	4
26.598	4
26.636	4
26.909	4
27.068	4
27.347	4
27.868	4
27.998	4
28.061	4
28.27	4
28.985	4
29.003	4
29.322	4
29.449	4
29.449	4
29.478	4
29.483	4
29.57	4
29.734	4
30.697	4
30.878	4
31.598	4
31.761	4
31.787	4
32.669	4
32.715	4
33.007	4
33.015	4
33.574	4
33.644	4
34.063	4
34.458	4
36.106	4
36.116	4
36.198	4
37.485	4
37.681	4
37.868	4
38.137	4
38.618	4
39.311	4
39.63	4
40.773	4
41.428	4
41.634	4
42.021	4
43.151	4
44.786	4
45.556	4
48.116	4
19.839	1
19.875	1
19.879	1
19.883	1
19.888	1
19.892	1
19.904	2
19.909	2
19.909	2
19.915	2
19.915	2
19.917	2
19.919	2
19.928	2
19.937	2
19.94	2
19.942	2
19.943	2
19.945	2
19.946	2
19.953	2
19.955	2
19.965	2
19.977	2
19.981	2
19.993	3
20.0	3
20.029	3
20.033	3
20.035	3
20.038	3
20.044	3
20.06	3
20.092	3
20.097	3
20.102	3
20.108	3
20.11	3
20.114	3
20.122	3
20.128	3
20.136	3
20.136	3
20.147	3
20.15	3
20.16	3
20.162	3
20.162	3
20.165	3
20.166	3
20.167	3
20.17	3
20.172	3
20.178	3
20.178	3
20.179	3
20.18	3
20.187	3
20.187	3
20.187	3
20.19	3
20.208	3
20.217	3
20.23	3
20.232	3
20.242	3
20.243	3
20.251	3
20.266	3
20.278	3
20.285	3
20.328	3
20.329	3
20.33	3
20.331	3
20.335	3
20.337	3
20.36	3
20.367	3
20.369	3
20.378	3
20.399	3
20.42	3
20.423	3
20.489	3
20.496	3
20.514	3
20.521	3
20.528	3
20.54	3
20.549	3
20.597	3
20.661	3
20.662	3
20.663	3
20.673	3
20.715	3
20.73	3
20.789	3
20.789	3
20.827	3
20.871	3
20.871	3
20.927	3
20.942	3
21.018	3
21.08	3
21.231	3
21.273	3
21.287	3
21.292	3
21.325	3
21.571	4
21.671	4
21.841	4
21.843	4
21.87	4
22.243	4
22.716	4
22.989	4
23.128	4
23.188	4
23.296	4
23.815	4
23.954	4
24.14	4
25.0	4
26.598	4
26.636	4
26.909	4
27.068	4
27.347	4
27.868	4
27.998	4
28.061	4
28.27	4
28.985	4
29.003	4
29.322	4
29.449	4
29.449	4
29.478	4
29.483	4
29.57	4
29.734	4
30.697	4
30.878	4
31.598	4
31.761	4
31.787	4
32.669	4
32.715	4
33.007	4
33.015	4
33.574	4
33.644	4
34.063	4
34.458	4
36.106	4
36.116	4
36.198	4
37.485	4
37.681	4
37.868	4
38.137	4
38.618	4
39.311	4
39.63	4
40.773	4
41.428	4
41.634	4
42.021	4
43.151	4
44.786	4
45.556	4
48.116	4
19.622	1
19.736	1
19.756	1
19.756	1
19.839	1
19.875	1
19.879	1
19.883	1
19.888	2
19.892	2
19.904	2
19.909	2
19.909	2
19.915	2
19.915	2
19.917	3
19.919	3
19.928	3
19.937	3
19.94	3
19.942	3
19.943	3
19.945	3
19.946	3
19.953	3
19.955	3
19.965	3
19.977	3
19.981	3
19.993	3
20.0	3
20.029	3
20.033	4
20.035	4
20.038	4
20.044	4
20.06	5
20.092	5
20.097	5
20.102	5
20.108	5
20.11	5
20.114	5
20.122	6
20.128	6
20.136	6
20.136	6
20.147	6
20.15	6
20.16	6
20.162	6
20.162	6
20.165	6
20.166	6
20.167	6
20.17	6
20.172	6
20.178	6
20.178	6
20.179	6
20.18	6
20.187	6
20.187	6
20.187	6
20.19	6
20.208	7
20.217	7
20.23	7
20.232	7
20.242	7
20.243	7
20.251	8
20.266	8
20.278	8
20.285	8
20.328	8
20.329	8
20.33	8
20.331	8
20.335	8
20.337	8
20.36	8
20.367	8
20.369	8
20.378	8
20.399	8
20.42	8
20.423	8
20.489	8
20.496	8
20.514	8
20.521	8
20.528	8
20.54	8
20.549	8
20.597	8
20.661	8
20.662	8
20.663	8
20.673	8
20.715	8
20.73	8
20.789	8
20.789	8
20.827	8
20.871	8
20.871	8
20.927	8
20.942	8
21.018	8
21.08	8
21.231	8
21.273	8
21.287	8
21.292	8
21.325	8
21.571	8
21.671	8
21.841	8
21.843	8
21.87	8
22.243	7
22.716	7
22.989	7
23.128	6
23.188	6
23.296	6
23.815	5
23.954	5
24.14	5
25.0	5
26.598	5
26.636	5
26.909	5
27.068	5
27.347	5
27.868	5
27.998	5
28.061	5
28.27	5
28.985	5
29.003	5
29.322	5
29.449	5
29.449	5
29.478	5
29.483	5
29.57	4
29.734	4
30.697	4
30.878	4
31.598	4
31.761	4
31.787	4
32.669	4
32.715	4
33.007	4
33.015	4
33.574	4
33.644	4
34.063	4
34.458	4
36.106	4
36.116	4
36.198	4
37.485	4
37.681	4
37.868	4
38.137	4
38.618	4
39.311	4
39.63	4
40.773	4
41.428	3
41.634	4
42.021	5
43.151	5
44.786	4
45.556	4
48.116	4
19.917	1
19.919	1
19.928	1
19.937	1
19.94	1
19.942	1
19.943	1
19.945	1
19.946	1
19.953	1
19.955	1
19.965	1
19.977	1
19.981	1
19.993	2
20.0	2
20.029	2
20.033	3
20.035	3
20.038	3
20.044	3
20.06	3
20.092	3
20.097	3
20.102	3
20.108	3
20.11	3
20.114	3
20.122	3
20.128	3
20.136	3
20.136	3
20.147	3
20.15	3
20.16	3
20.162	3
20.162	3
20.165	3
20.166	3
20.167	3
20.17	3
20.172	3
20.178	3
20.178	3
20.179	3
20.18	3
20.187	3
20.187	3
20.187	3
20.19	3
20.208	3
20.217	3
20.23	3
20.232	3
20.242	3
20.243	3
20.251	3
20.266	3
20.278	3
20.285	3
20.328	3
20.329	3
20.33	3
20.331	3
20.335	3
20.337	3
20.36	3
20.367	3
20.369	3
20.378	3
20.399	3
20.42	3
20.423	3
20.489	3
20.496	3
20.514	3
20.521	3
20.528	3
20.54	3
20.549	3
20.597	3
20.661	3
20.662	3
20.663	3
20.673	3
20.715	3
20.73	3
20.789	4
20.789	4
20.827	4
20.871	4
20.871	4
20.927	4
20.942	4
21.018	4
21.08	4
21.231	4
21.273	4
21.287	4
21.292	4
21.325	4
21.571	4
21.671	4
21.841	4
21.843	4
21.87	4
22.243	4
22.716	4
22.989	4
23.128	4
23.188	4
23.296	4
23.815	4
23.954	4
24.14	4
25.0	4
26.598	4
26.636	4
26.909	4
27.068	4
27.347	4
27.868	4
27.998	4
28.061	4
28.27	4
28.985	4
29.003	4
29.322	4
29.449	4
29.449	4
29.478	4
29.483	4
29.57	4
29.734	4
30.697	4
30.878	4
31.598	4
31.761	4
31.787	4
32.669	4
32.715	4
33.007	4
33.015	4
33.574	4
33.644	4
34.063	4
34.458	4
36.106	4
36.116	4
36.198	4
37.485	4
37.681	4
37.868	4
38.137	4
38.618	4
39.311	4
39.63	4
40.773	4
41.428	4
41.634	4
42.021	4
43.151	4
44.786	4
45.556	4
48.116	4
19.622	1
19.736	1
19.756	1
19.756	1
19.839	1
19.875	1
19.879	2
19.883	2
19.888	2
19.892	2
19.904	2
19.909	2
19.909	2
19.915	2
19.915	2
19.917	2
19.919	2
19.928	2
19.937	2
19.94	2
19.942	2
19.943	2
19.945	2
19.946	2
19.953	2
19.955	2
19.965	2
19.977	2
19.981	3
19.993	3
20.0	3
20.029	3
20.033	3
20.035	3
20.038	3
20.044	3
20.06	3
20.092	3
20.097	3
20.102	3
20.108	3
20.11	4
20.114	4
20.122	4
20.128	4
20.136	4
20.136	4
20.147	4
20.15	4
20.16	4
20.162	4
20.162	4
20.165	4
20.166	5
20.167	5
20.17	5
20.172	5
20.178	5
20.178	5
20.179	5
20.18	5
20.187	5
20.187	5
20.187	5
20.19	5
20.208	5
20.217	5
20.23	5
20.232	5
20.242	5
20.243	5
20.251	5
20.266	5
20.278	5
20.285	5
20.328	5
20.329	5
20.33	5
20.331	5
20.335	5
20.337	5
20.36	5
20.367	5
20.369	5
20.378	6
20.399	6
20.42	7
20.423	7
20.489	7
20.496	7
20.514	7
20.521	7
20.528	7
20.54	7
20.549	7
20.597	7
20.661	7
20.662	7
20.663	7
20.673	7
20.715	7
20.73	7
20.789	7
20.789	7
20.827	7
20.871	7
20.871	7
20.927	7
20.942	7
21.018	7
21.08	7
21.231	7
21.273	7
21.287	7
21.292	7
21.325	7
21.571	7
21.671	7
21.841	7
21.843	7
21.87	7
22.243	7
22.716	7
22.989	7
23.128	7
23.188	7
23.296	7
23.815	7
23.954	7
24.14	6
25.0	6
26.598	6
26.636	6
26.909	6
27.068	6
27.347	6
27.868	6
27.998	6
28.061	6
28.27	6
28.985	6
29.003	5
29.322	5
29.449	5
29.449	5
29.478	5
29.483	5
29.57	5
29.734	4
30.697	4
30.878	4
31.598	4
31.761	4
31.787	4
32.669	4
32.715	4
33.007	4
33.015	4
33.574	4
33.644	4
34.063	4
34.458	4
36.106	4
36.116	4
36.198	4
37.485	4
37.681	4
37.868	4
38.137	4
38.618	4
39.311	4
39.63	4
40.773	4
41.428	4
41.634	4
42.021	4
43.151	4
44.786	4
45.556	4
48.116	4
20.044	1
20.06	1
20.092	1
20.097	1
20.102	1
20.108	1
20.11	1
20.114	1
20.122	1
20.128	1
20.136	1
20.136	1
20.147	1
20.15	1
20.16	1
20.162	1
20.162	2
20.165	2
20.166	2
20.167	3
20.17	3
20.172	3
20.178	3
20.178	3
20.179	3
20.18	3
20.187	3
20.187	3
20.187	3
20.19	3
20.208	3
20.217	3
20.23	3
20.232	3
20.242	3
20.243	3
20.251	3
20.266	3
20.278	3
20.285	3
20.328	3
20.329	3
20.33	3
20.331	3
20.335	3
20.337	3
20.36	3
20.367	3
20.369	3
20.378	3
20.399	3
20.42	3
20.423	3
20.489	4
20.496	4
20.514	4
20.521	4
20.528	4
20.54	4
20.549	4
20.597	4
20.661	4
20.662	4
20.663	4
20.673	4
20.715	4
20.73	4
20.789	4
20.789	4
20.827	4
20.871	4
20.871	4
20.927	4
20.942	4
21.018	4
21.08	4
21.231	4
21.273	4
21.287	4
21.292	4
21.325	4
21.571	4
21.671	4
21.841	4
21.843	4
21.87	4
22.243	4
22.716	4
22.989	4
23.128	4
23.188	4
23.296	4
23.815	4
23.954	4
24.14	4
25.0	4
26.598	4
26.636	4
26.909	4
27.068	4
27.347	4
27.868	4
27.998	4
28.061	4
28.27	4
28.985	4
29.003	4
29.322	4
29.449	4
29.449	4
29.478	4
29.483	4
29.57	4
29.734	4
30.697	4
30.878	4
31.598	4
31.761	4
31.787	4
32.669	4
32.715	4
33.007	4
33.015	4
33.574	4
33.644	4
34.063	4
34.458	4
36.106	4
36.116	4
36.198	4
37.485	4
37.681	4
37.868	4
38.137	4
38.618	4
39.311	4
39.63	4
40.773	4
41.428	4
41.634	4
42.021	4
43.151	4
44.786	4
45.556	4
48.116	4
19.622	1
19.736	1
19.756	2
19.756	2
19.839	2
19.875	2
19.879	2
19.883	2
19.888	2
19.892	2
19.904	2
19.909	2
19.909	2
19.915	2
19.915	2
19.917	2
19.919	2
19.928	2
19.937	2
19.94	2
19.942	2
19.943	2
19.945	2
19.946	2
19.953	2
19.955	2
19.965	3
19.977	3
19.981	3
19.993	3
20.0	3
20.029	3
20.033	3
20.035	3
20.038	3
20.044	3
20.06	3
20.092	3
20.097	3
20.102	3
20.108	3
20.11	3
20.114	3
20.122	3
20.128	3
20.136	3
20.136	3
20.147	3
20.15	3
20.16	3
20.162	3
20.162	3
20.165	3
20.166	3
20.167	3
20.17	3
20.172	3
20.178	3
20.178	3
20.179	3
20.18	3
20.187	3
20.187	3
20.187	3
20.19	3
20.208	3
20.217	3
20.23	3
20.232	3
20.242	3
20.243	3
20.251	3
20.266	3
20.278	3
20.285	3
20.328	4
20.329	4
20.33	4
20.331	4
20.335	4
20.337	5
20.36	5
20.367	5
20.369	5
20.378	5
20.399	5
20.42	5
20.423	5
20.489	5
20.496	5
20.514	5
20.521	5
20.528	5
20.54	5
20.549	5
20.597	5
20.661	5
20.662	5
20.663	5
20.673	5
20.715	5
20.73	5
20.789	5
20.789	5
20.827	5
20.871	5
20.871	5
20.927	5
20.942	5
21.018	4
21.08	4
21.231	4
21.273	4
21.287	4
21.292	4
21.325	4
21.571	4
21.671	4
21.841	4
21.843	4
21.87	4
22.243	4
22.716	4
22.989	4
23.128	4
23.188	4
23.296	4
23.815	4
23.954	4
24.14	4
25.0	4
26.598	4
26.636	4
26.909	4
27.068	4
27.347	4
27.868	4
27.998	4
28.061	4
28.27	4
28.985	4
29.003	4
29.322	4
29.449	4
29.449	4
29.478	4
29.483	4
29.57	4
29.734	4
30.697	4
30.878	4
31.598	4
31.761	4
31.787	4
32.669	4
32.715	4
33.007	4
33.015	4
33.574	4
33.644	4
34.063	4
34.458	4
36.106	4
36.116	4
36.198	4
37.485	4
37.681	4
37.868	4
38.137	4
38.618	4
39.311	4
39.63	4
40.773	4
41.428	4
41.634	4
42.021	4
43.151	4
44.786	4
45.556	4
48.116	4
19.915	1
19.915	1
19.917	2
19.919	2
19.928	2
19.937	2
19.94	2
19.942	2
19.943	2
19.945	2
19.946	2
19.953	2
19.955	2
19.965	2
19.977	2
19.981	2
19.993	2
20.0	2
20.029	2
20.033	3
20.035	3
20.038	3
20.044	3
20.06	3
20.092	3
20.097	3
20.102	3
20.108	3
20.11	3
20.114	3
20.122	3
20.128	3
20.136	3
20.136	4
20.147	4
20.15	5
20.16	5
20.162	5
20.162	5
20.165	5
20.166	5
20.167	5
20.17	5
20.172	6
20.178	6
20.178	6
20.179	6
20.18	6
20.187	6
20.187	6
20.187	6
20.19	6
20.208	6
20.217	6
20.23	6
20.232	6
20.242	6
20.243	6
20.251	6
20.266	6
20.278	6
20.285	6
20.328	6
20.329	6
20.33	6
20.331	6
20.335	6
20.337	6
20.36	6
20.367	6
20.369	6
20.378	6
20.399	6
20.42	6
20.423	6
20.489	6
20.496	6
20.514	6
20.521	6
20.528	6
20.54	6
20.549	6
20.597	6
20.661	6
20.662	6
20.663	5
20.673	5
20.715	5
20.73	5
20.789	5
20.789	5
20.827	5
20.871	5
20.871	5
20.927	5
20.942	5
21.018	5
21.08	5
21.231	5
21.273	5
21.287	5
21.292	5
21.325	5
21.571	5
21.671	5
21.841	5
21.843	5
21.87	5
22.243	5
22.716	5
22.989	5
23.128	5
23.188	5
23.296	5
23.815	5
23.954	5
24.14	5
25.0	5
26.598	5
26.636	5
26.909	5
27.068	5
27.347	5
27.868	5
27.998	5
28.061	5
28.27	5
28.985	5
29.003	5
29.322	5
29.449	5
29.449	5
29.478	5
29.483	5
29.57	5
29.734	5
30.697	5
30.878	5
31.598	5
31.761	4
31.787	3
32.669	4
32.715	4
33.007	4
33.015	4
33.574	4
33.644	4
34.063	4
34.458	4
36.106	4
36.116	4
36.198	4
37.485	4
37.681	4
37.868	4
38.137	4
38.618	4
39.311	4
39.63	4
40.773	4
41.428	4
41.634	4
42.021	4
43.151	4
44.786	4
45.556	4
48.116	4
19.904	1
19.909	2
19.909	2
19.915	2
19.915	2
19.917	2
19.919	2
19.928	2
19.937	2
19.94	2
19.942	2
19.943	2
19.945	2
19.946	2
19.953	2
19.955	2
19.965	2
19.977	2
19.981	2
19.993	3
20.0	3
20.029	3
20.033	3
20.035	3
20.038	3
20.044	3
20.06	3
20.092	3
20.097	3
20.102	3
20.108	3
20.11	3
20.114	3
20.122	3
20.128	3
20.136	3
20.136	3
20.147	3
20.15	3
20.16	3
20.162	3
20.162	4
20.165	4
20.166	4
20.167	4
20.17	4
20.172	4
20.178	4
20.178	4
20.179	4
20.18	4
20.187	4
20.187	4
20.187	5
20.19	5
20.208	5
20.217	5
20.23	5
20.232	5
20.242	5
20.243	5
20.251	5
20.266	5
20.278	5
20.285	5
20.328	5
20.329	5
20.33	5
20.331	6
20.335	6
20.337	6
20.36	6
20.367	6
20.369	6
20.378	6
20.399	6
20.42	6
20.423	6
20.489	6
20.496	6
20.514	6
20.521	6
20.528	6
20.54	6
20.549	6
20.597	6
20.661	6
20.662	6
20.663	6
20.673	6
20.715	6
20.73	6
20.789	6
20.789	6
20.827	6
20.871	6
20.871	6
20.927	6
20.942	6
21.018	6
21.08	6
21.231	6
21.273	6
21.287	6
21.292	6
21.325	6
21.571	6
21.671	6
21.841	6
21.843	6
21.87	6
22.243	6
22.716	6
22.989	6
23.128	6
23.188	6
23.296	5
23.815	5
23.954	5
24.14	5
25.0	5
26.598	5
26.636	4
26.909	4
27.068	4
27.347	4
27.868	4
27.998	4
28.061	4
28.27	4
28.985	4
29.003	4
29.322	4
29.449	4
29.449	4
29.478	4
29.483	4
29.57	4
29.734	4
30.697	4
30.878	4
31.598	4
31.761	4
31.787	4
32.669	4
32.715	4
33.007	4
33.015	4
33.574	4
33.644	4
34.063	4
34.458	4
36.106	4
36.116	4
36.198	4
37.485	4
37.681	4
37.868	4
38.137	4
38.618	4
39.311	4
39.63	4
40.773	4
41.428	4
41.634	4
42.021	4
43.151	4
44.786	4
45.556	4
48.116	4
19.756	1
19.756	1
19.839	1
19.875	1
19.879	1
19.883	1
19.888	2
19.892	2
19.904	2
19.909	2
19.909	2
19.915	2
19.915	2
19.917	2
19.919	2
19.928	2
19.937	2
19.94	2
19.942	2
19.943	2
19.945	2
19.946	2
19.953	2
19.955	3
19.965	3
19.977	3
19.981	3
19.993	4
20.0	4
20.029	4
20.033	4
20.035	4
20.038	4
20.044	4
20.06	4
20.092	4
20.097	4
20.102	4
20.108	4
20.11	4
20.114	4
20.122	4
20.128	4
20.136	4
20.136	4
20.147	4
20.15	4
20.16	4
20.162	4
20.162	4
20.165	4
20.166	4
20.167	4
20.17	4
20.172	4
20.178	4
20.178	4
20.179	4
20.18	4
20.187	4
20.187	4
20.187	4
20.19	4
20.208	4
20.217	4
20.23	4
20.232	4
20.242	4
20.243	4
20.251	4
20.266	4
20.278	4
20.285	4
20.328	4
20.329	4
20.33	4
20.331	4
20.335	4
20.337	4
20.36	4
20.367	4
20.369	4
20.378	4
20.399	4
20.42	4
20.423	4
20.489	4
20.496	4
20.514	4
20.521	4
20.528	4
20.54	4
20.549	4
20.597	4
20.661	4
20.662	4
20.663	4
20.673	4
20.715	4
20.73	4
20.789	4
20.789	4
20.827	4
20.871	4
20.871	4
20.927	4
20.942	4
21.018	4
21.08	4
21.231	4
21.273	4
21.287	4
21.292	4
21.325	4
21.571	4
21.671	4
21.841	4
21.843	4
21.87	4
22.243	4
22.716	4
22.989	4
23.128	4
23.188	4
23.296	4
23.815	4
23.954	4
24.14	4
25.0	4
26.598	4
26.636	4
26.909	4
27.068	4
27.347	4
27.868	4
27.998	4
28.061	4
28.27	4
28.985	4
29.003	4
29.322	4
29.449	4
29.449	4
29.478	4
29.483	4
29.57	4
29.734	4
30.697	4
30.878	4
31.598	4
31.761	4
31.787	4
32.669	4
32.715	4
33.007	4
33.015	4
33.574	4
33.644	4
34.063	4
34.458	4
36.106	4
36.116	4
36.198	4
37.485	4
37.681	4
37.868	4
38.137	4
38.618	4
39.311	4
39.63	4
40.773	4
41.428	4
41.634	4
42.021	4
43.151	4
44.786	4
45.556	4
48.116	4
19.839	1
19.875	1
19.879	1
19.883	1
19.888	1
19.892	1
19.904	2
19.909	2
19.909	2
19.915	2
19.915	2
19.917	2
19.919	2
19.928	2
19.937	2
19.94	2
19.942	2
19.943	2
19.945	2
19.946	2
19.953	2
19.955	2
19.965	2
19.977	2
19.981	3
19.993	3
20.0	3
20.029	3
20.033	3
20.035	3
20.038	3
20.044	3
20.06	3
20.092	3
20.097	3
20.102	3
20.108	3
20.11	3
20.114	3
20.122	3
20.128	3
20.136	3
20.136	3
20.147	3
20.15	3
20.16	3
20.162	3
20.162	3
20.165	3
20.166	3
20.167	3
20.17	3
20.172	3
20.178	3
20.178	3
20.179	3
20.18	3
20.187	3
20.187	3
20.187	3
20.19	3
20.208	3
20.217	3
20.23	3
20.232	3
20.242	3
20.243	3
20.251	3
20.266	3
20.278	3
20.285	3
20.328	3
20.329	3
20.33	3
20.331	3
20.335	3
20.337	3
20.36	3
20.367	3
20.369	3
20.378	3
20.399	3
20.42	3
20.423	3
20.489	3
20.496	3
20.514	3
20.521	3
20.528	3
20.54	3
20.549	3
20.597	3
20.661	3
20.662	3
20.663	3
20.673	3
20.715	3
20.73	3
20.789	3
20.789	3
20.827	3
20.871	3
20.871	3
20.927	3
20.942	3
21.018	3
21.08	3
21.231	3
21.273	3
21.287	3
21.292	3
21.325	3
21.571	3
21.671	3
21.841	3
21.843	3
21.87	4
22.243	4
22.716	4
22.989	4
23.128	4
23.188	4
23.296	4
23.815	4
23.954	4
24.14	4
25.0	4
26.598	4
26.636	4
26.909	4
27.068	4
27.347	4
27.868	4
27.998	4
28.061	4
28.27	4
28.985	4
29.003	4
29.322	4
29.449	4
29.449	4
29.478	4
29.483	4
29.57	4
29.734	4
30.697	4
30.878	4
31.598	4
31.761	4
31.787	4
32.669	4
32.715	4
33.007	4
33.015	4
33.574	4
33.644	4
34.063	4
34.458	4
36.106	4
36.116	4
36.198	4
37.485	4
37.681	4
37.868	4
38.137	4
38.618	4
39.311	4
39.63	4
40.773	4
41.428	4
41.634	4
42.021	4
43.151	4
44.786	4
45.556	4
48.116	4
19.622	1
19.736	1
19.756	1
19.756	1
19.839	1
19.875	2
19.879	2
19.883	2
19.888	2
19.892	2
19.904	2
19.909	2
19.909	2
19.915	2
19.915	2
19.917	2
19.919	2
19.928	2
19.937	2
19.94	2
19.942	2
19.943	2
19.945	2
19.946	2
19.953	2
19.955	2
19.965	2
19.977	2
19.981	2
19.993	3
20.0	3
20.029	3
20.033	3
20.035	3
20.038	3
20.044	3
20.06	3
20.092	3
20.097	3
20.102	4
20.108	4
20.11	4
20.114	4
20.122	4
20.128	4
20.136	4
20.136	4
20.147	4
20.15	4
20.16	4
20.162	4
20.162	5
20.165	5
20.166	5
20.167	5
20.17	5
20.172	5
20.178	5
20.178	5
20.179	5
20.18	5
20.187	5
20.187	5
20.187	5
20.19	5
20.208	5
20.217	6
20.23	6
20.232	6
20.242	6
20.243	6
20.251	6
20.266	6
20.278	6
20.285	7
20.328	7
20.329	7
20.33	7
20.331	7
20.335	7
20.337	7
20.36	7
20.367	7
20.369	7
20.378	7
20.399	7
20.42	7
20.423	7
20.489	7
20.496	7
20.514	7
20.521	7
20.528	7
20.54	7
20.549	7
20.597	7
20.661	7
20.662	7
20.663	7
20.673	7
20.715	7
20.73	7
20.789	7
20.789	7
20.827	7
20.871	7
20.871	7
20.927	7
20.942	7
21.018	7
21.08	7
21.231	7
21.273	7
21.287	7
21.292	7
21.325	7
21.571	7
21.671	7
21.841	7
21.843	7
21.87	7
22.243	7
22.716	7
22.989	6
23.128	6
23.188	6
23.296	6
23.815	6
23.954	5
24.14	5
25.0	5
26.598	5
26.636	5
26.909	5
27.068	5
27.347	5
27.868	5
27.998	5
28.061	5
28.27	5
28.985	5
29.003	5
29.322	5
29.449	5
29.449	5
29.478	5
29.483	5
29.57	5
29.734	5
30.697	5
30.878	5
31.598	5
31.761	5
31.787	5
32.669	5
32.715	4
33.007	4
33.015	3
33.574	3
33.644	3
34.063	4
34.458	4
36.106	4
36.116	4
36.198	4
37.485	4
37.681	4
37.868	4
38.137	4
38.618	4
39.311	4
39.63	4
40.773	4
41.428	4
41.634	4
42.021	4
43.151	4
44.786	4
45.556	4
48.116	4
19.622	1
19.736	1
19.756	1
19.756	1
19.839	1
19.875	1
19.879	1
19.883	1
19.888	1
19.892	1
19.904	1
19.909	1
19.909	1
19.915	1
19.915	1
19.917	1
19.919	1
19.928	1
19.937	1
19.94	1
19.942	1
19.943	1
19.945	2
19.946	2
19.953	2
19.955	2
19.965	2
19.977	2
19.981	2
19.993	2
20.0	2
20.029	2
20.033	3
20.035	3
20.038	3
20.044	3
20.06	3
20.092	3
20.097	3
20.102	3
20.108	4
20.11	4
20.114	4
20.122	4
20.128	4
20.136	4
20.136	4
20.147	4
20.15	4
20.16	4
20.162	5
20.162	5
20.165	5
20.166	5
20.167	5
20.17	5
20.172	5
20.178	5
20.178	5
20.179	5
20.18	5
20.187	5
20.187	5
20.187	5
20.19	5
20.208	5
20.217	5
20.23	5
20.232	5
20.242	5
20.243	5
20.251	5
20.266	5
20.278	5
20.285	5
20.328	5
20.329	5
20.33	5
20.331	5
20.335	5
20.337	5
20.36	5
20.367	5
20.369	5
20.378	5
20.399	5
20.42	5
20.423	5
20.489	6
20.496	6
20.514	6
20.521	6
20.528	6
20.54	6
20.549	6
20.597	6
20.661	6
20.662	6
20.663	6
20.673	6
20.715	6
20.73	6
20.789	6
20.789	6
20.827	6
20.871	6
20.871	6
20.927	6
20.942	6
21.018	6
21.08	6
21.231	6
21.273	6
21.287	6
21.292	6
21.325	6
21.571	6
21.671	6
21.841	6
21.843	6
21.87	6
22.243	6
22.716	6
22.989	6
23.128	6
23.188	6
23.296	6
23.815	6
23.954	6
24.14	6
25.0	6
26.598	6
26.636	6
26.909	6
27.068	6
27.347	6
27.868	6
27.998	6
28.061	6
28.27	6
28.985	6
29.003	6
29.322	6
29.449	6
29.449	6
29.478	6
29.483	6
29.57	6
29.734	6
30.697	5
30.878	5
31.598	5
31.761	5
31.787	5
32.669	5
32.715	5
33.007	5
33.015	5
33.574	5
33.644	5
34.063	5
34.458	5
36.106	5
36.116	5
36.198	5
37.485	5
37.681	5
37.868	4
38.137	4
38.618	4
39.311	4
39.63	4
40.773	4
41.428	4
41.634	4
42.021	4
43.151	4
44.786	4
45.556	4
48.116	4
19.839	1
19.875	1
19.879	1
19.883	1
19.888	2
19.892	2
19.904	2
19.909	2
19.909	2
19.915	2
19.915	2
19.917	2
19.919	2
19.928	2
19.937	2
19.94	2
19.942	2
19.943	2
19.945	2
19.946	2
19.953	2
19.955	2
19.965	2
19.977	2
19.981	2
19.993	3
20.0	3
20.029	3
20.033	3
20.035	3
20.038	3
20.044	3
20.06	3
20.092	3
20.097	3
20.102	3
20.108	3
20.11	3
20.114	3
20.122	3
20.128	3
20.136	3
20.136	3
20.147	3
20.15	3
20.16	3
20.162	3
20.162	3
20.165	3
20.166	3
20.167	3
20.17	3
20.172	3
20.178	3
20.178	3
20.179	3
20.18	3
20.187	3
20.187	3
20.187	3
20.19	3
20.208	3
20.217	3
20.23	3
20.232	3
20.242	3
20.243	3
20.251	3
20.266	3
20.278	3
20.285	3
20.328	3
20.329	3
20.33	3
20.331	3
20.335	3
20.337	3
20.36	3
20.367	3
20.369	3
20.378	3
20.399	3
20.42	3
20.423	3
20.489	3
20.496	3
20.514	3
20.521	3
20.528	3
20.54	3
20.549	3
20.597	3
20.661	3
20.662	3
20.663	3
20.673	3
20.715	3
20.73	3
20.789	3
20.789	3
20.827	3
20.871	3
20.871	3
20.927	3
20.942	3
21.018	3
21.08	3
21.231	3
21.273	3
21.287	3
21.292	3
21.325	3
21.571	3
21.671	3
21.841	3
21.843	3
21.87	3
22.243	3
22.716	3
22.989	3
23.128	3
23.188	3
23.296	3
23.815	3
23.954	3
24.14	3
25.0	3
26.598	3
26.636	3
26.909	3
27.068	3
27.347	3
27.868	3
27.998	3
28.061	3
28.27	3
28.985	3
29.003	3
29.322	3
29.449	3
29.449	3
29.478	3
29.483	3
29.57	3
29.734	3
30.697	3
30.878	3
31.598	3
31.761	3
31.787	3
32.669	3
32.715	3
33.007	3
33.015	3
33.574	3
33.644	3
34.063	3
34.458	3
36.106	3
36.116	3
36.198	3
37.485	3
37.681	3
37.868	3
38.137	3
38.618	3
39.311	3
39.63	3
40.773	3
41.428	3
41.634	3
42.021	3
43.151	3
44.786	3
45.556	3
48.116	3
19.839	1
19.875	1
19.879	1
19.883	1
19.888	1
19.892	1
19.904	1
19.909	1
19.909	1
19.915	1
19.915	1
19.917	1
19.919	1
19.928	1
19.937	1
19.94	1
19.942	1
19.943	1
19.945	1
19.946	1
19.953	1
19.955	1
19.965	1
19.977	1
19.981	2
19.993	2
20.0	2
20.029	2
20.033	2
20.035	2
20.038	3
20.044	3
20.06	3
20.092	3
20.097	3
20.102	3
20.108	3
20.11	4
20.114	4
20.122	4
20.128	4
20.136	4
20.136	4
20.147	4
20.15	4
20.16	4
20.162	4
20.162	4
20.165	4
20.166	4
20.167	4
20.17	4
20.172	4
20.178	4
20.178	4
20.179	4
20.18	4
20.187	4
20.187	4
20.187	4
20.19	4
20.208	4
20.217	4
20.23	4
20.232	4
20.242	4
20.243	4
20.251	4
20.266	4
20.278	4
20.285	4
20.328	4
20.329	4
20.33	4
20.331	4
20.335	4
20.337	4
20.36	4
20.367	4
20.369	4
20.378	4
20.399	4
20.42	4
20.423	4
20.489	4
20.496	4
20.514	4
20.521	4
20.528	4
20.54	4
20.549	4
20.597	4
20.661	4
20.662	4
20.663	4
20.673	4
20.715	4
20.73	4
20.789	4
20.789	4
20.827	4
20.871	4
20.871	4
20.927	4
20.942	4
21.018	4
21.08	4
21.231	4
21.273	4
21.287	4
21.292	4
21.325	4
21.571	4
21.671	4
21.841	4
21.843	4
21.87	4
22.243	4
22.716	4
22.989	4
23.128	4
23.188	4
23.296	4
23.815	4
23.954	4
24.14	4
25.0	4
26.598	4
26.636	4
26.909	4
27.068	4
27.347	4
27.868	4
27.998	4
28.061	4
28.27	4
28.985	4
29.003	4
29.322	4
29.449	4
29.449	4
29.478	4
29.483	4
29.57	4
29.734	4
30.697	4
30.878	4
31.598	4
31.761	4
31.787	4
32.669	4
32.715	4
33.007	4
33.015	4
33.574	4
33.644	4
34.063	4
34.458	4
36.106	4
36.116	4
36.198	4
37.485	4
37.681	4
37.868	4
38.137	4
38.618	4
39.311	4
39.63	4
40.773	4
41.428	4
41.634	4
42.021	4
43.151	4
44.786	4
45.556	4
48.116	4
19.937	1
19.94	1
19.942	1
19.943	1
19.945	1
19.946	1
19.953	1
19.955	1
19.965	1
19.977	1
19.981	1
19.993	1
20.0	1
20.029	1
20.033	1
20.035	1
20.038	1
20.044	1
20.06	1
20.092	1
20.097	1
20.102	1
20.108	1
20.11	1
20.114	1
20.122	1
20.128	1
20.136	1
20.136	1
20.147	1
20.15	1
20.16	1
20.162	1
20.162	2
20.165	2
20.166	2
20.167	3
20.17	3
20.172	3
20.178	3
20.178	3
20.179	3
20.18	3
20.187	3
20.187	3
20.187	3
20.19	3
20.208	3
20.217	3
20.23	3
20.232	3
20.242	3
20.243	3
20.251	3
20.266	3
20.278	3
20.285	3
20.328	3
20.329	3
20.33	3
20.331	3
20.335	3
20.337	3
20.36	3
20.367	3
20.369	3
20.378	3
20.399	3
20.42	3
20.423	3
20.489	4
20.496	4
20.514	4
20.521	4
20.528	4
20.54	4
20.549	4
20.597	4
20.661	4
20.662	4
20.663	4
20.673	4
20.715	4
20.73	4
20.789	4
20.789	4
20.827	4
20.871	4
20.871	4
20.927	4
20.942	4
21.018	4
21.08	4
21.231	4
21.273	4
21.287	4
21.292	4
21.325	4
21.571	4
21.671	4
21.841	4
21.843	4
21.87	4
22.243	4
22.716	4
22.989	4
23.128	4
23.188	4
23.296	4
23.815	4
23.954	4
24.14	4
25.0	4
26.598	4
26.636	4
26.909	4
27.068	4
27.347	4
27.868	4
27.998	4
28.061	4
28.27	4
28.985	4
29.003	4
29.322	4
29.449	4
29.449	4
29.478	4
29.483	4
29.57	4
29.734	4
30.697	4
30.878	4
31.598	4
31.761	4
31.787	4
32.669	4
32.715	4
33.007	4
33.015	4
33.574	4
33.644	4
34.063	4
34.458	4
36.106	4
36.116	4
36.198	4
37.485	4
37.681	4
37.868	4
38.137	4
38.618	4
39.311	4
39.63	4
40.773	4
41.428	4
41.634	4
42.021	4
43.151	4
44.786	4
45.556	4
48.116	4
19.839	1
19.875	1
19.879	1
19.883	1
19.888	1
19.892	1
19.904	1
19.909	1
19.909	1
19.915	1
19.915	1
19.917	1
19.919	2
19.928	2
19.937	2
19.94	2
19.942	2
19.943	2
19.945	2
19.946	2
19.953	2
19.955	2
19.965	2
19.977	2
19.981	2
19.993	2
20.0	2
20.029	2
20.033	2
20.035	2
20.038	2
20.044	2
20.06	2
20.092	2
20.097	2
20.102	2
20.108	2
20.11	2
20.114	2
20.122	2
20.128	2
20.136	2
20.136	2
20.147	2
20.15	2
20.16	2
20.162	2
20.162	2
20.165	2
20.166	2
20.167	2
20.17	2
20.172	2
20.178	2
20.178	3
20.179	3
20.18	3
20.187	3
20.187	3
20.187	3
20.19	3
20.208	3
20.217	3
20.23	3
20.232	3
20.242	3
20.243	3
20.251	3
20.266	3
20.278	3
20.285	3
20.328	3
20.329	3
20.33	3
20.331	3
20.335	3
20.337	3
20.36	3
20.367	3
20.369	3
20.378	3
20.399	3
20.42	3
20.423	3
20.489	4
20.496	4
20.514	4
20.521	4
20.528	4
20.54	4
20.549	4
20.597	4
20.661	4
20.662	4
20.663	4
20.673	4
20.715	4
20.73	4
20.789	4
20.789	4
20.827	4
20.871	4
20.871	4
20.927	4
20.942	4
21.018	4
21.08	4
21.231	4
21.273	4
21.287	4
21.292	4
21.325	4
21.571	4
21.671	4
21.841	4
21.843	4
21.87	4
22.243	4
22.716	4
22.989	4
23.128	4
23.188	4
23.296	4
23.815	4
23.954	4
24.14	4
25.0	4
26.598	4
26.636	4
26.909	4
27.068	4
27.347	4
27.868	4
27.998	4
28.061	4
28.27	4
28.985	4
29.003	4
29.322	4
29.449	4
29.449	4
29.478	4
29.483	4
29.57	4
29.734	4
30.697	4
30.878	4
31.598	4
31.761	4
31.787	4
32.669	4
32.715	4
33.007	4
33.015	4
33.574	4
33.644	4
34.063	4
34.458	4
36.106	4
36.116	4
36.198	4
37.485	4
37.681	4
37.868	4
38.137	4
38.618	4
39.311	4
39.63	4
40.773	4
41.428	4
41.634	4
42.021	4
43.151	4
44.786	4
45.556	4
48.116	4
19.756	1
19.756	1
19.839	1
19.875	1
19.879	1
19.883	1
19.888	1
19.892	1
19.904	1
19.909	1
19.909	1
19.915	1
19.915	1
19.917	1
19.919	1
19.928	1
19.937	1
19.94	1
19.942	1
19.943	1
19.945	1
19.946	1
19.953	1
19.955	1
19.965	1
19.977	1
19.981	1
19.993	1
20.0	1
20.029	1
20.033	2
20.035	2
20.038	2
20.044	2
20.06	2
20.092	2
20.097	2
20.102	2
20.108	2
20.11	2
20.114	2
20.122	2
20.128	2
20.136	2
20.136	2
20.147	2
20.15	2
20.16	2
20.162	2
20.162	3
20.165	3
20.166	3
20.167	3
20.17	3
20.172	3
20.178	3
20.178	3
20.179	3
20.18	3
20.187	3
20.187	3
20.187	3
20.19	3
20.208	3
20.217	3
20.23	3
20.232	3
20.242	3
20.243	3
20.251	3
20.266	3
20.278	3
20.285	3
20.328	3
20.329	3
20.33	3
20.331	3
20.335	3
20.337	3
20.36	3
20.367	3
20.369	3
20.378	3
20.399	3
20.42	3
20.423	3
20.489	3
20.496	3
20.514	3
20.521	3
20.528	3
20.54	3
20.549	3
20.597	3
20.661	3
20.662	3
20.663	3
20.673	3
20.715	3
20.73	3
20.789	3
20.789	3
20.827	3
20.871	3
20.871	3
20.927	3
20.942	3
21.018	3
21.08	3
21.231	3
21.273	3
21.287	3
21.292	3
21.325	4
21.571	4
21.671	4
21.841	4
21.843	4
21.87	4
22.243	4
22.716	4
22.989	4
23.128	4
23.188	4
23.296	4
23.815	4
23.954	4
24.14	4
25.0	4
26.598	4
26.636	4
26.909	4
27.068	4
27.347	4
27.868	4
27.998	4
28.061	4
28.27	4
28.985	4
29.003	4
29.322	4
29.449	4
29.449	4
29.478	4
29.483	4
29.57	4
29.734	4
30.697	4
30.878	4
31.598	4
31.761	4
31.787	4
32.669	4
32.715	4
33.007	4
33.015	4
33.574	4
33.644	4
34.063	4
34.458	4
36.106	4
36.116	4
36.198	4
37.485	4
37.681	4
37.868	4
38.137	4
38.618	4
39.311	4
39.63	4
40.773	4
41.428	4
41.634	4
42.021	4
43.151	4
44.786	4
45.556	4
48.116	4
19.756	1
19.756	1
19.839	1
19.875	2
19.879	2
19.883	2
19.888	2
19.892	2
19.904	2
19.909	2
19.909	2
19.915	2
19.915	2
19.917	2
19.919	2
19.928	2
19.937	2
19.94	2
19.942	2
19.943	2
19.945	2
19.946	2
19.953	2
19.955	2
19.965	2
19.977	2
19.981	2
19.993	2
20.0	2
20.029	2
20.033	3
20.035	3
20.038	3
20.044	3
20.06	3
20.092	3
20.097	3
20.102	3
20.108	3
20.11	3
20.114	3
20.122	3
20.128	3
20.136	3
20.136	3
20.147	3
20.15	3
20.16	3
20.162	3
20.162	3
20.165	3
20.166	3
20.167	3
20.17	3
20.172	3
20.178	3
20.178	3
20.179	3
20.18	3
20.187	3
20.187	3
20.187	3
20.19	3
20.208	3
20.217	3
20.23	3
20.232	3
20.242	3
20.243	3
20.251	3
20.266	3
20.278	3
20.285	3
20.328	3
20.329	3
20.33	3
20.331	3
20.335	3
20.337	3
20.36	3
20.367	3
20.369	3
20.378	3
20.399	3
20.42	3
20.423	3
20.489	3
20.496	3
20.514	3
20.521	3
20.528	3
20.54	3
20.549	3
20.597	3
20.661	3
20.662	3
20.663	3
20.673	3
20.715	3
20.73	3
20.789	3
20.789	3
20.827	3
20.871	3
20.871	3
20.927	3
20.942	3
21.018	3
21.08	3
21.231	3
21.273	3
21.287	3
21.292	3
21.325	3
21.571	3
21.671	3
21.841	3
21.843	3
21.87	3
22.243	3
22.716	3
22.989	3
23.128	3
23.188	3
23.296	3
23.815	3
23.954	3
24.14	3
25.0	3
26.598	3
26.636	3
26.909	3
27.068	3
27.347	3
27.868	3
27.998	3
28.061	3
28.27	3
28.985	3
29.003	3
29.322	3
29.449	3
29.449	3
29.478	3
29.483	3
29.57	3
29.734	3
30.697	3
30.878	3
31.598	3
31.761	3
31.787	3
32.669	3
32.715	3
33.007	3
33.015	3
33.574	3
33.644	3
34.063	3
34.458	3
36.106	3
36.116	3
36.198	3
37.485	3
37.681	3
37.868	3
38.137	3
38.618	3
39.311	3
39.63	3
40.773	3
41.428	3
41.634	3
42.021	3
43.151	3
44.786	3
45.556	3
48.116	3
19.919	1
19.928	1
19.937	1
19.94	1
19.942	1
19.943	1
19.945	1
19.946	1
19.953	1
19.955	1
19.965	1
19.977	1
19.981	2
19.993	2
20.0	2
20.029	2
20.033	2
20.035	2
20.038	2
20.044	2
20.06	2
20.092	2
20.097	2
20.102	2
20.108	2
20.11	3
20.114	3
20.122	3
20.128	3
20.136	3
20.136	3
20.147	3
20.15	3
20.16	3
20.162	3
20.162	3
20.165	3
20.166	3
20.167	3
20.17	3
20.172	3
20.178	3
20.178	3
20.179	3
20.18	3
20.187	3
20.187	3
20.187	3
20.19	3
20.208	3
20.217	3
20.23	3
20.232	3
20.242	3
20.243	3
20.251	3
20.266	3
20.278	3
20.285	3
20.328	3
20.329	3
20.33	3
20.331	3
20.335	3
20.337	3
20.36	3
20.367	3
20.369	3
20.378	3
20.399	3
20.42	3
20.423	3
20.489	3
20.496	3
20.514	3
20.521	3
20.528	3
20.54	3
20.549	3
20.597	3
20.661	3
20.662	3
20.663	3
20.673	3
20.715	3
20.73	3
20.789	3
20.789	3
20.827	3
20.871	3
20.871	3
20.927	3
20.942	3
21.018	3
21.08	3
21.231	3
21.273	3
21.287	3
21.292	3
21.325	3
21.571	3
21.671	3
21.841	3
21.843	3
21.87	3
22.243	3
22.716	3
22.989	3
23.128	3
23.188	3
23.296	3
23.815	3
23.954	3
24.14	3
25.0	3
26.598	3
26.636	3
26.909	3
27.068	3
27.347	3
27.868	3
27.998	3
28.061	3
28.27	3
28.985	3
29.003	3
29.322	3
29.449	3
29.449	3
29.478	3
29.483	3
29.57	3
29.734	3
30.697	3
30.878	3
31.598	3
31.761	3
31.787	3
32.669	3
32.715	3
33.007	3
33.015	3
33.574	3
33.644	3
34.063	3
34.458	3
36.106	3
36.116	3
36.198	3
37.485	3
37.681	3
37.868	3
38.137	3
38.618	3
39.311	3
39.63	3
40.773	3
41.428	3
41.634	3
42.021	3
43.151	3
44.786	3
45.556	3
48.116	3
19.888	1
19.892	1
19.904	1
19.909	1
19.909	1
19.915	1
19.915	1
19.917	1
19.919	1
19.928	1
19.937	1
19.94	1
19.942	1
19.943	1
19.945	1
19.946	1
19.953	1
19.955	1
19.965	1
19.977	1
19.981	1
19.993	1
20.0	1
20.029	1
20.033	2
20.035	2
20.038	2
20.044	2
20.06	2
20.092	2
20.097	2
20.102	2
20.108	2
20.11	3
20.114	3
20.122	3
20.128	3
20.136	3
20.136	3
20.147	3
20.15	3
20.16	3
20.162	3
20.162	3
20.165	3
20.166	3
20.167	3
20.17	3
20.172	3
20.178	3
20.178	3
20.179	3
20.18	3
20.187	3
20.187	3
20.187	3
20.19	3
20.208	3
20.217	3
20.23	3
20.232	3
20.242	3
20.243	3
20.251	3
20.266	3
20.278	3
20.285	3
20.328	3
20.329	3
20.33	3
20.331	3
20.335	3
20.337	3
20.36	3
20.367	3
20.369	3
20.378	3
20.399	3
20.42	3
20.423	3
20.489	3
20.496	3
20.514	3
20.521	3
20.528	3
20.54	3
20.549	3
20.597	3
20.661	3
20.662	3
20.663	3
20.673	3
20.715	3
20.73	3
20.789	3
20.789	3
20.827	3
20.871	3
20.871	3
20.927	3
20.942	3
21.018	3
21.08	3
21.231	3
21.273	3
21.287	3
21.292	3
21.325	3
21.571	3
21.671	3
21.841	3
21.843	3
21.87	3
22.243	3
22.716	3
22.989	3
23.128	3
23.188	3
23.296	3
23.815	3
23.954	3
24.14	3
25.0	3
26.598	3
26.636	3
26.909	3
27.068	3
27.347	3
27.868	3
27.998	3
28.061	3
28.27	3
28.985	3
29.003	3
29.322	3
29.449	3
29.449	3
29.478	3
29.483	3
29.57	3
29.734	3
30.697	3
30.878	3
31.598	3
31.761	3
31.787	3
32.669	3
32.715	3
33.007	3
33.015	3
33.574	3
33.644	3
34.063	3
34.458	3
36.106	3
36.116	3
36.198	3
37.485	3
37.681	3
37.868	3
38.137	3
38.618	3
39.311	3
39.63	3
40.773	3
41.428	3
41.634	3
42.021	3
43.151	3
44.786	3
45.556	3
48.116	3
19.917	1
19.919	1
19.928	1
19.937	1
19.94	1
19.942	1
19.943	1
19.945	1
19.946	1
19.953	1
19.955	1
19.965	1
19.977	1
19.981	1
19.993	1
20.0	1
20.029	1
20.033	2
20.035	2
20.038	2
20.044	2
20.06	2
20.092	2
20.097	2
20.102	2
20.108	2
20.11	2
20.114	2
20.122	2
20.128	2
20.136	2
20.136	2
20.147	2
20.15	2
20.16	2
20.162	2
20.162	3
20.165	3
20.166	3
20.167	3
20.17	3
20.172	3
20.178	3
20.178	3
20.179	3
20.18	3
20.187	3
20.187	3
20.187	3
20.19	3
20.208	3
20.217	3
20.23	3
20.232	3
20.242	3
20.243	3
20.251	3
20.266	3
20.278	3
20.285	3
20.328	3
20.329	3
20.33	3
20.331	3
20.335	3
20.337	3
20.36	3
20.367	3
20.369	3
20.378	3
20.399	3
20.42	3
20.423	3
20.489	3
20.496	3
20.514	3
20.521	3
20.528	3
20.54	3
20.549	3
20.597	3
20.661	3
20.662	3
20.663	3
20.673	3
20.715	3
20.73	3
20.789	3
20.789	3
20.827	3
20.871	3
20.871	3
20.927	3
20.942	3
21.018	3
21.08	3
21.231	3
21.273	3
21.287	3
21.292	3
21.325	3
21.571	3
21.671	3
21.841	3
21.843	3
21.87	3
22.243	3
22.716	3
22.989	3
23.128	3
23.188	3
23.296	3
23.815	3
23.954	3
24.14	3
25.0	3
26.598	3
26.636	3
26.909	3
27.068	3
27.347	3
27.868	3
27.998	3
28.061	3
28.27	3
28.985	3
29.003	3
29.322	3
29.449	3
29.449	3
29.478	3
29.483	3
29.57	3
29.734	3
30.697	3
30.878	3
31.598	3
31.761	3
31.787	3
32.669	3
32.715	3
33.007	3
33.015	3
33.574	3
33.644	3
34.063	3
34.458	3
36.106	3
36.116	3
36.198	3
37.485	3
37.681	3
37.868	3
38.137	3
38.618	3
39.311	3
39.63	3
40.773	3
41.428	3
41.634	3
42.021	3
43.151	3
44.786	3
45.556	3
48.116	3
19.904	1
19.909	1
19.909	1
19.915	1
19.915	1
19.917	1
19.919	1
19.928	1
19.937	1
19.94	1
19.942	1
19.943	1
19.945	1
19.946	1
19.953	1
19.955	1
19.965	1
19.977	1
19.981	1
19.993	1
20.0	1
20.029	1
20.033	2
20.035	2
20.038	2
20.044	2
20.06	2
20.092	2
20.097	2
20.102	2
20.108	2
20.11	2
20.114	2
20.122	2
20.128	2
20.136	2
20.136	2
20.147	2
20.15	2
20.16	2
20.162	2
20.162	2
20.165	2
20.166	2
20.167	2
20.17	2
20.172	2
20.178	2
20.178	2
20.179	2
20.18	2
20.187	2
20.187	2
20.187	2
20.19	2
20.208	2
20.217	2
20.23	2
20.232	2
20.242	2
20.243	2
20.251	2
20.266	2
20.278	2
20.285	2
20.328	2
20.329	2
20.33	2
20.331	2
20.335	2
20.337	2
20.36	2
20.367	2
20.369	2
20.378	2
20.399	2
20.42	2
20.423	2
20.489	3
20.496	3
20.514	3
20.521	3
20.528	3
20.54	3
20.549	4
20.597	4
20.661	4
20.662	4
20.663	4
20.673	4
20.715	4
20.73	4
20.789	4
20.789	4
20.827	4
20.871	4
20.871	4
20.927	4
20.942	4
21.018	4
21.08	4
21.231	4
21.273	4
21.287	4
21.292	4
21.325	4
21.571	4
21.671	4
21.841	4
21.843	4
21.87	4
22.243	4
22.716	4
22.989	4
23.128	4
23.188	4
23.296	4
23.815	4
23.954	4
24.14	4
25.0	4
26.598	4
26.636	4
26.909	4
27.068	4
27.347	4
27.868	4
27.998	4
28.061	4
28.27	4
28.985	4
29.003	4
29.322	4
29.449	4
29.449	4
29.478	4
29.483	4
29.57	4
29.734	4
30.697	4
30.878	4
31.598	4
31.761	4
31.787	4
32.669	4
32.715	4
33.007	4
33.015	4
33.574	4
33.644	4
34.063	4
34.458	4
36.106	4
36.116	4
36.198	4
37.485	4
37.681	4
37.868	4
38.137	4
38.618	4
39.311	4
39.63	4
40.773	4
41.428	4
41.634	4
42.021	4
43.151	4
44.786	4
45.556	4
48.116	4
19.622	1
19.736	1
19.756	1
19.756	1
19.839	1
19.875	1
19.879	1
19.883	1
19.888	1
19.892	1
19.904	1
19.909	1
19.909	1
19.915	1
19.915	1
19.917	1
19.919	1
19.928	1
19.937	1
19.94	1
19.942	1
19.943	2
19.945	2
19.946	2
19.953	2
19.955	2
19.965	2
19.977	2
19.981	2
19.993	2
20.0	2
20.029	2
20.033	3
20.035	3
20.038	3
20.044	3
20.06	3
20.092	3
20.097	3
20.102	3
20.108	3
20.11	3
20.114	3
20.122	3
20.128	3
20.136	3
20.136	3
20.147	3
20.15	3
20.16	3
20.162	3
20.162	3
20.165	3
20.166	3
20.167	3
20.17	3
20.172	3
20.178	3
20.178	3
20.179	3
20.18	3
20.187	4
20.187	4
20.187	4
20.19	4
20.208	4
20.217	4
20.23	4
20.232	4
20.242	4
20.243	4
20.251	4
20.266	4
20.278	4
20.285	4
20.328	4
20.329	4
20.33	4
20.331	4
20.335	4
20.337	4
20.36	4
20.367	4
20.369	4
20.378	4
20.399	5
20.42	5
20.423	5
20.489	5
20.496	5
20.514	5
20.521	5
20.528	6
20.54	7
20.549	7
20.597	7
20.661	7
20.662	7
20.663	7
20.673	7
20.715	7
20.73	7
20.789	7
20.789	7
20.827	7
20.871	7
20.871	7
20.927	7
20.942	7
21.018	7
21.08	7
21.231	7
21.273	7
21.287	7
21.292	7
21.325	7
21.571	7
21.671	7
21.841	7
21.843	7
21.87	7
22.243	7
22.716	7
22.989	7
23.128	7
23.188	7
23.296	7
23.815	7
23.954	7
24.14	7
25.0	7
26.598	7
26.636	7
26.909	7
27.068	7
27.347	7
27.868	7
27.998	7
28.061	7
28.27	7
28.985	7
29.003	7
29.322	7
29.449	7
29.449	7
29.478	7
29.483	7
29.57	7
29.734	7
30.697	7
30.878	7
31.598	7
31.761	7
31.787	7
32.669	7
32.715	7
33.007	7
33.015	7
33.574	7
33.644	7
34.063	7
34.458	7
36.106	6
36.116	6
36.198	6
37.485	5
37.681	5
37.868	5
38.137	5
38.618	5
39.311	5
39.63	5
40.773	4
41.428	4
41.634	4
42.021	4
43.151	4
44.786	4
45.556	4
48.116	4
19.917	1
19.919	2
19.928	2
19.937	2
19.94	2
19.942	2
19.943	2
19.945	2
19.946	2
19.953	2
19.955	2
19.965	2
19.977	2
19.981	2
19.993	2
20.0	2
20.029	2
20.033	2
20.035	2
20.038	2
20.044	2
20.06	2
20.092	2
20.097	2
20.102	2
20.108	2
20.11	3
20.114	3
20.122	3
20.128	3
20.136	3
20.136	3
20.147	3
20.15	3
20.16	3
20.162	3
20.162	3
20.165	3
20.166	3
20.167	3
20.17	3
20.172	3
20.178	3
20.178	3
20.179	3
20.18	3
20.187	3
20.187	3
20.187	3
20.19	3
20.208	3
20.217	3
20.23	3
20.232	3
20.242	3
20.243	3
20.251	3
20.266	3
20.278	3
20.285	3
20.328	3
20.329	3
20.33	3
20.331	3
20.335	3
20.337	3
20.36	3
20.367	3
20.369	3
20.378	3
20.399	3
20.42	3
20.423	3
20.489	3
20.496	3
20.514	3
20.521	3
20.528	3
20.54	3
20.549	3
20.597	3
20.661	3
20.662	3
20.663	3
20.673	3
20.715	3
20.73	3
20.789	3
20.789	3
20.827	3
20.871	3
20.871	4
20.927	4
20.942	4
21.018	4
21.08	4
21.231	4
21.273	4
21.287	4
21.292	4
21.325	4
21.571	4
21.671	4
21.841	4
21.843	4
21.87	4
22.243	4
22.716	4
22.989	4
23.128	4
23.188	4
23.296	4
23.815	4
23.954	4
24.14	4
25.0	4
26.598	4
26.636	4
26.909	4
27.068	4
27.347	4
27.868	4
27.998	4
28.061	4
28.27	4
28.985	4
29.003	4
29.322	4
29.449	4
29.449	4
29.478	4
29.483	4
29.57	4
29.734	4
30.697	4
30.878	4
31.598	4
31.761	4
31.787	4
32.669	4
32.715	4
33.007	4
33.015	4
33.574	4
33.644	4
34.063	4
34.458	4
36.106	4
36.116	4
36.198	4
37.485	4
37.681	4
37.868	4
38.137	4
38.618	4
39.311	4
39.63	4
40.773	4
41.428	4
41.634	4
42.021	4
43.151	4
44.786	4
45.556	4
48.116	4
19.839	1
19.875	1
19.879	1
19.883	1
19.888	2
19.892	2
19.904	2
19.909	2
19.909	2
19.915	2
19.915	2
19.917	2
19.919	2
19.928	2
19.937	2
19.94	2
19.942	2
19.943	2
19.945	2
19.946	2
19.953	2
19.955	2
19.965	2
19.977	2
19.981	2
19.993	2
20.0	2
20.029	2
20.033	2
20.035	2
20.038	2
20.044	2
20.06	2
20.092	2
20.097	2
20.102	2
20.108	2
20.11	3
20.114	3
20.122	3
20.128	3
20.136	3
20.136	3
20.147	3
20.15	3
20.16	3
20.162	3
20.162	3
20.165	3
20.166	3
20.167	3
20.17	3
20.172	3
20.178	3
20.178	3
20.179	3
20.18	3
20.187	3
20.187	3
20.187	3
20.19	3
20.208	3
20.217	3
20.23	3
20.232	3
20.242	3
20.243	3
20.251	3
20.266	3
20.278	3
20.285	3
20.328	3
20.329	3
20.33	3
20.331	3
20.335	3
20.337	3
20.36	3
20.367	3
20.369	3
20.378	3
20.399	3
20.42	3
20.423	3
20.489	3
20.496	3
20.514	3
20.521	3
20.528	3
20.54	3
20.549	3
20.597	3
20.661	3
20.662	3
20.663	3
20.673	3
20.715	3
20.73	3
20.789	3
20.789	3
20.827	3
20.871	3
20.871	3
20.927	3
20.942	3
21.018	3
21.08	4
21.231	4
21.273	4
21.287	4
21.292	4
21.325	4
21.571	4
21.671	4
21.841	4
21.843	4
21.87	4
22.243	4
22.716	4
22.989	4
23.128	4
23.188	4
23.296	4
23.815	4
23.954	4
24.14	4
25.0	4
26.598	4
26.636	4
26.909	4
27.068	4
27.347	4
27.868	4
27.998	4
28.061	4
28.27	4
28.985	4
29.003	4
29.322	4
29.449	4
29.449	4
29.478	4
29.483	4
29.57	4
29.734	4
30.697	4
30.878	4
31.598	4
31.761	4
31.787	4
32.669	4
32.715	4
33.007	4
33.015	4
33.574	4
33.644	4
34.063	4
34.458	4
36.106	4
36.116	4
36.198	4
37.485	4
37.681	4
37.868	4
38.137	4
38.618	4
39.311	4
39.63	4
40.773	4
41.428	4
41.634	4
42.021	4
43.151	4
44.786	4
45.556	4
48.116	4
19.839	1
19.875	1
19.879	1
19.883	1
19.888	1
19.892	1
19.904	1
19.909	1
19.909	1
19.915	1
19.915	1
19.917	1
19.919	2
19.928	2
19.937	2
19.94	2
19.942	2
19.943	2
19.945	2
19.946	2
19.953	2
19.955	2
19.965	2
19.977	2
19.981	2
19.993	2
20.0	2
20.029	2
20.033	2
20.035	2
20.038	2
20.044	2
20.06	2
20.092	2
20.097	2
20.102	2
20.108	2
20.11	2
20.114	2
20.122	2
20.128	2
20.136	2
20.136	2
20.147	2
20.15	2
20.16	2
20.162	2
20.162	2
20.165	2
20.166	2
20.167	3
20.17	3
20.172	3
20.178	3
20.178	3
20.179	3
20.18	3
20.187	3
20.187	3
20.187	3
20.19	3
20.208	3
20.217	3
20.23	3
20.232	3
20.242	3
20.243	3
20.251	3
20.266	3
20.278	3
20.285	3
20.328	3
20.329	3
20.33	3
20.331	3
20.335	3
20.337	3
20.36	3
20.367	3
20.369	3
20.378	3
20.399	3
20.42	3
20.423	3
20.489	3
20.496	3
20.514	3
20.521	3
20.528	3
20.54	3
20.549	3
20.597	3
20.661	3
20.662	3
20.663	3
20.673	3
20.715	3
20.73	3
20.789	3
20.789	3
20.827	3
20.871	3
20.871	3
20.927	3
20.942	3
21.018	3
21.08	3
21.231	3
21.273	4
21.287	4
21.292	4
21.325	4
21.571	4
21.671	4
21.841	4
21.843	4
21.87	4
22.243	4
22.716	4
22.989	4
23.128	4
23.188	4
23.296	4
23.815	4
23.954	4
24.14	4
25.0	4
26.598	4
26.636	4
26.909	4
27.068	4
27.347	4
27.868	4
27.998	4
28.061	4
28.27	4
28.985	4
29.003	4
29.322	4
29.449	4
29.449	4
29.478	4
29.483	4
29.57	4
29.734	4
30.697	4
30.878	4
31.598	4
31.761	4
31.787	4
32.669	4
32.715	4
33.007	4
33.015	4
33.574	4
33.644	4
34.063	4
34.458	4
36.106	4
36.116	4
36.198	4
37.485	4
37.681	4
37.868	4
38.137	4
38.618	4
39.311	4
39.63	4
40.773	4
41.428	4
41.634	4
42.021	4
43.151	4
44.786	4
45.556	4
48.116	4
20.097	1
20.102	1
20.108	1
20.11	1
20.114	1
20.122	1
20.128	1
20.136	1
20.136	1
20.147	1
20.15	1
20.16	1
20.162	1
20.162	2
20.165	2
20.166	2
20.167	2
20.17	2
20.172	2
20.178	2
20.178	2
20.179	2
20.18	2
20.187	2
20.187	2
20.187	2
20.19	2
20.208	2
20.217	2
20.23	3
20.232	3
20.242	3
20.243	3
20.251	3
20.266	3
20.278	3
20.285	3
20.328	3
20.329	3
20.33	3
20.331	3
20.335	3
20.337	3
20.36	3
20.367	3
20.369	4
20.378	4
20.399	4
20.42	4
20.423	4
20.489	5
20.496	5
20.514	6
20.521	6
20.528	6
20.54	6
20.549	6
20.597	6
20.661	6
20.662	6
20.663	6
20.673	6
20.715	6
20.73	6
20.789	6
20.789	6
20.827	6
20.871	6
20.871	6
20.927	6
20.942	6
21.018	6
21.08	6
21.231	6
21.273	6
21.287	6
21.292	6
21.325	6
21.571	6
21.671	6
21.841	6
21.843	6
21.87	6
22.243	6
22.716	6
22.989	6
23.128	6
23.188	6
23.296	6
23.815	6
23.954	6
24.14	6
25.0	6
26.598	6
26.636	6
26.909	6
27.068	6
27.347	6
27.868	6
27.998	6
28.061	5
28.27	5
28.985	4
29.003	4
29.322	4
29.449	4
29.449	4
29.478	4
29.483	4
29.57	4
29.734	4
30.697	4
30.878	4
31.598	4
31.761	4
31.787	4
32.669	4
32.715	4
33.007	4
33.015	4
33.574	4
33.644	4
34.063	4
34.458	4
36.106	4
36.116	4
36.198	4
37.485	4
37.681	4
37.868	4
38.137	4
38.618	4
39.311	4
39.63	4
40.773	4
41.428	4
41.634	4
42.021	4
43.151	4
44.786	4
45.556	4
48.116	4
19.904	1
19.909	1
19.909	2
19.915	2
19.915	2
19.917	3
19.919	3
19.928	3
19.937	3
19.94	3
19.942	3
19.943	3
19.945	3
19.946	3
19.953	3
19.955	3
19.965	3
19.977	3
19.981	3
19.993	3
20.0	3
20.029	3
20.033	4
20.035	4
20.038	4
20.044	4
20.06	4
20.092	5
20.097	5
20.102	5
20.108	5
20.11	5
20.114	5
20.122	5
20.128	5
20.136	5
20.136	5
20.147	5
20.15	5
20.16	5
20.162	5
20.162	5
20.165	5
20.166	5
20.167	5
20.17	5
20.172	5
20.178	5
20.178	5
20.179	5
20.18	5
20.187	5
20.187	6
20.187	6
20.19	6
20.208	6
20.217	6
20.23	6
20.232	6
20.242	6
20.243	6
20.251	6
20.266	6
20.278	6
20.285	6
20.328	6
20.329	6
20.33	6
20.331	6
20.335	7
20.337	7
20.36	7
20.367	7
20.369	7
20.378	7
20.399	7
20.42	7
20.423	7
20.489	7
20.496	7
20.514	7
20.521	7
20.528	7
20.54	7
20.549	7
20.597	7
20.661	7
20.662	7
20.663	7
20.673	7
20.715	7
20.73	7
20.789	7
20.789	7
20.827	7
20.871	7
20.871	7
20.927	7
20.942	7
21.018	7
21.08	7
21.231	7
21.273	7
21.287	7
21.292	7
21.325	7
21.571	7
21.671	7
21.841	7
21.843	7
21.87	7
22.243	7
22.716	7
22.989	7
23.128	7
23.188	7
23.296	7
23.815	7
23.954	7
24.14	7
25.0	7
26.598	7
26.636	7
26.909	7
27.068	7
27.347	7
27.868	7
27.998	7
28.061	7
28.27	7
28.985	7
29.003	7
29.322	7
29.449	7
29.449	7
29.478	7
29.483	7
29.57	7
29.734	7
30.697	7
30.878	7
31.598	7
31.761	7
31.787	7
32.669	7
32.715	7
33.007	7
33.015	7
33.574	7
33.644	7
34.063	7
34.458	7
36.106	7
36.116	7
36.198	7
37.485	7
37.681	6
37.868	6
38.137	5
38.618	5
39.311	4
39.63	4
40.773	4
41.428	4
41.634	4
42.021	4
43.151	4
44.786	4
45.556	4
48.116	4
19.622	1
19.736	1
19.756	2
19.756	2
19.839	2
19.875	2
19.879	2
19.883	2
19.888	2
19.892	2
19.904	2
19.909	2
19.909	2
19.915	2
19.915	2
19.917	2
19.919	2
19.928	2
19.937	2
19.94	2
19.942	2
19.943	2
19.945	2
19.946	2
19.953	2
19.955	2
19.965	2
19.977	2
19.981	2
19.993	2
20.0	2
20.029	2
20.033	2
20.035	2
20.038	2
20.044	2
20.06	2
20.092	2
20.097	2
20.102	2
20.108	2
20.11	2
20.114	2
20.122	2
20.128	2
20.136	2
20.136	2
20.147	2
20.15	2
20.16	3
20.162	3
20.162	3
20.165	3
20.166	3
20.167	3
20.17	3
20.172	3
20.178	3
20.178	3
20.179	4
20.18	4
20.187	4
20.187	4
20.187	4
20.19	4
20.208	4
20.217	4
20.23	4
20.232	4
20.242	4
20.243	4
20.251	4
20.266	4
20.278	4
20.285	4
20.328	4
20.329	4
20.33	4
20.331	4
20.335	4
20.337	4
20.36	4
20.367	4
20.369	4
20.378	4
20.399	4
20.42	4
20.423	4
20.489	4
20.496	4
20.514	4
20.521	4
20.528	4
20.54	4
20.549	4
20.597	4
20.661	4
20.662	5
20.663	5
20.673	5
20.715	5
20.73	5
20.789	5
20.789	5
20.827	6
20.871	6
20.871	6
20.927	6
20.942	6
21.018	6
21.08	6
21.231	6
21.273	6
21.287	6
21.292	6
21.325	6
21.571	6
21.671	6
21.841	6
21.843	6
21.87	6
22.243	6
22.716	6
22.989	6
23.128	6
23.188	6
23.296	6
23.815	6
23.954	6
24.14	6
25.0	6
26.598	6
26.636	6
26.909	6
27.068	5
27.347	5
27.868	4
27.998	4
28.061	4
28.27	3
28.985	3
29.003	3
29.322	4
29.449	5
29.449	5
29.478	6
29.483	6
29.57	6
29.734	6
30.697	6
30.878	6
31.598	6
31.761	6
31.787	6
32.669	6
32.715	6
33.007	6
33.015	6
33.574	5
33.644	5
34.063	5
34.458	5
36.106	5
36.116	5
36.198	5
37.485	5
37.681	5
37.868	5
38.137	5
38.618	5
39.311	5
39.63	5
40.773	5
41.428	5
41.634	5
42.021	5
43.151	5
44.786	5
45.556	4
48.116	4
19.622	1
19.736	1
19.756	1
19.756	1
19.839	2
19.875	2
19.879	2
19.883	2
19.888	2
19.892	2
19.904	2
19.909	2
19.909	2
19.915	2
19.915	2
19.917	3
19.919	3
19.928	3
19.937	3
19.94	3
19.942	3
19.943	3
19.945	3
19.946	3
19.953	3
19.955	3
19.965	3
19.977	4
19.981	4
19.993	4
20.0	4
20.029	4
20.033	4
20.035	4
20.038	4
20.044	4
20.06	4
20.092	4
20.097	4
20.102	4
20.108	4
20.11	4
20.114	4
20.122	4
20.128	4
20.136	4
20.136	4
20.147	4
20.15	4
20.16	4
20.162	4
20.162	5
20.165	5
20.166	5
20.167	6
20.17	6
20.172	6
20.178	6
20.178	6
20.179	6
20.18	6
20.187	6
20.187	6
20.187	6
20.19	6
20.208	6
20.217	6
20.23	6
20.232	6
20.242	6
20.243	6
20.251	6
20.266	6
20.278	6
20.285	6
20.328	6
20.329	6
20.33	6
20.331	6
20.335	6
20.337	6
20.36	6
20.367	6
20.369	6
20.378	6
20.399	6
20.42	6
20.423	6
20.489	6
20.496	6
20.514	6
20.521	6
20.528	6
20.54	6
20.549	6
20.597	6
20.661	6
20.662	6
20.663	6
20.673	6
20.715	6
20.73	6
20.789	6
20.789	6
20.827	6
20.871	6
20.871	6
20.927	6
20.942	6
21.018	6
21.08	6
21.231	6
21.273	6
21.287	6
21.292	6
21.325	6
21.571	6
21.671	6
21.841	6
21.843	6
21.87	6
22.243	6
22.716	6
22.989	6
23.128	6
23.188	6
23.296	6
23.815	6
23.954	6
24.14	6
25.0	5
26.598	5
26.636	5
26.909	5
27.068	5
27.347	5
27.868	5
27.998	5
28.061	5
28.27	5
28.985	5
29.003	5
29.322	5
29.449	5
29.449	5
29.478	5
29.483	5
29.57	5
29.734	5
30.697	5
30.878	5
31.598	5
31.761	5
31.787	5
32.669	5
32.715	5
33.007	5
33.015	5
33.574	5
33.644	5
34.063	5
34.458	5
36.106	5
36.116	4
36.198	4
37.485	4
37.681	4
37.868	4
38.137	4
38.618	4
39.311	4
39.63	4
40.773	4
41.428	4
41.634	4
42.021	4
43.151	4
44.786	4
45.556	4
48.116	4
19.839	1
19.875	1
19.879	1
19.883	1
19.888	1
19.892	1
19.904	2
19.909	2
19.909	2
19.915	2
19.915	2
19.917	2
19.919	2
19.928	2
19.937	2
19.94	2
19.942	2
19.943	2
19.945	2
19.946	2
19.953	2
19.955	2
19.965	2
19.977	2
19.981	2
19.993	2
20.0	2
20.029	2
20.033	2
20.035	2
20.038	2
20.044	2
20.06	2
20.092	2
20.097	2
20.102	2
20.108	2
20.11	3
20.114	3
20.122	3
20.128	3
20.136	3
20.136	3
20.147	3
20.15	3
20.16	3
20.162	3
20.162	3
20.165	3
20.166	3
20.167	3
20.17	3
20.172	3
20.178	3
20.178	3
20.179	3
20.18	3
20.187	3
20.187	3
20.187	3
20.19	3
20.208	3
20.217	3
20.23	3
20.232	3
20.242	3
20.243	3
20.251	3
20.266	3
20.278	3
20.285	3
20.328	3
20.329	3
20.33	3
20.331	3
20.335	3
20.337	3
20.36	3
20.367	3
20.369	3
20.378	3
20.399	3
20.42	3
20.423	3
20.489	3
20.496	3
20.514	3
20.521	3
20.528	3
20.54	3
20.549	3
20.597	3
20.661	3
20.662	3
20.663	3
20.673	3
20.715	3
20.73	3
20.789	3
20.789	3
20.827	3
20.871	3
20.871	3
20.927	4
20.942	4
21.018	4
21.08	4
21.231	4
21.273	4
21.287	4
21.292	4
21.325	4
21.571	4
21.671	4
21.841	4
21.843	4
21.87	4
22.243	4
22.716	4
22.989	4
23.128	4
23.188	4
23.296	4
23.815	4
23.954	4
24.14	4
25.0	4
26.598	4
26.636	4
26.909	4
27.068	4
27.347	4
27.868	4
27.998	4
28.061	4
28.27	4
28.985	4
29.003	4
29.322	4
29.449	4
29.449	4
29.478	4
29.483	4
29.57	4
29.734	4
30.697	4
30.878	4
31.598	4
31.761	4
31.787	4
32.669	4
32.715	4
33.007	4
33.015	4
33.574	4
33.644	4
34.063	4
34.458	4
36.106	4
36.116	4
36.198	4
37.485	4
37.681	4
37.868	4
38.137	4
38.618	4
39.311	4
39.63	4
40.773	4
41.428	4
41.634	4
42.021	4
43.151	4
44.786	4
45.556	4
48.116	4
19.888	1
19.892	1
19.904	1
19.909	1
19.909	1
19.915	1
19.915	1
19.917	1
19.919	1
19.928	1
19.937	1
19.94	1
19.942	1
19.943	1
19.945	1
19.946	2
19.953	2
19.955	2
19.965	2
19.977	2
19.981	3
19.993	3
20.0	3
20.029	3
20.033	3
20.035	3
20.038	3
20.044	3
20.06	3
20.092	3
20.097	3
20.102	3
20.108	3
20.11	4
20.114	4
20.122	4
20.128	4
20.136	4
20.136	4
20.147	4
20.15	4
20.16	4
20.162	4
20.162	4
20.165	4
20.166	4
20.167	4
20.17	4
20.172	4
20.178	4
20.178	4
20.179	4
20.18	4
20.187	4
20.187	4
20.187	4
20.19	4
20.208	4
20.217	4
20.23	4
20.232	4
20.242	4
20.243	4
20.251	4
20.266	4
20.278	4
20.285	4
20.328	4
20.329	4
20.33	4
20.331	4
20.335	4
20.337	4
20.36	4
20.367	4
20.369	4
20.378	4
20.399	4
20.42	4
20.423	4
20.489	4
20.496	4
20.514	4
20.521	4
20.528	4
20.54	4
20.549	4
20.597	4
20.661	4
20.662	4
20.663	4
20.673	4
20.715	4
20.73	4
20.789	4
20.789	4
20.827	4
20.871	4
20.871	4
20.927	4
20.942	4
21.018	4
21.08	4
21.231	4
21.273	4
21.287	4
21.292	4
21.325	4
21.571	4
21.671	4
21.841	4
21.843	4
21.87	4
22.243	4
22.716	4
22.989	4
23.128	4
23.188	4
23.296	4
23.815	4
23.954	4
24.14	4
25.0	4
26.598	4
26.636	4
26.909	4
27.068	4
27.347	4
27.868	4
27.998	4
28.061	4
28.27	4
28.985	4
29.003	4
29.322	4
29.449	4
29.449	4
29.478	4
29.483	4
29.57	4
29.734	4
30.697	4
30.878	4
31.598	4
31.761	4
31.787	4
32.669	4
32.715	4
33.007	4
33.015	4
33.574	4
33.644	4
34.063	4
34.458	4
36.106	4
36.116	4
36.198	4
37.485	4
37.681	4
37.868	4
38.137	4
38.618	4
39.311	4
39.63	4
40.773	4
41.428	4
41.634	4
42.021	4
43.151	4
44.786	4
45.556	4
48.116	4
19.904	1
19.909	1
19.909	1
19.915	1
19.915	1
19.917	1
19.919	2
19.928	2
19.937	2
19.94	2
19.942	2
19.943	2
19.945	2
19.946	2
19.953	2
19.955	2
19.965	2
19.977	2
19.981	2
19.993	2
20.0	2
20.029	2
20.033	2
20.035	2
20.038	2
20.044	2
20.06	2
20.092	2
20.097	2
20.102	2
20.108	2
20.11	3
20.114	3
20.122	3
20.128	3
20.136	3
20.136	3
20.147	3
20.15	3
20.16	3
20.162	3
20.162	3
20.165	3
20.166	3
20.167	3
20.17	3
20.172	3
20.178	3
20.178	3
20.179	3
20.18	3
20.187	3
20.187	3
20.187	3
20.19	3
20.208	3
20.217	3
20.23	3
20.232	3
20.242	3
20.243	3
20.251	3
20.266	3
20.278	3
20.285	3
20.328	3
20.329	3
20.33	3
20.331	3
20.335	3
20.337	3
20.36	3
20.367	3
20.369	3
20.378	3
20.399	3
20.42	3
20.423	3
20.489	3
20.496	3
20.514	3
20.521	3
20.528	3
20.54	3
20.549	3
20.597	3
20.661	3
20.662	3
20.663	3
20.673	3
20.715	3
20.73	3
20.789	3
20.789	3
20.827	3
20.871	3
20.871	3
20.927	3
20.942	3
21.018	3
21.08	3
21.231	3
21.273	3
21.287	3
21.292	3
21.325	3
21.571	3
21.671	3
21.841	4
21.843	4
21.87	4
22.243	4
22.716	4
22.989	4
23.128	4
23.188	4
23.296	4
23.815	4
23.954	4
24.14	4
25.0	4
26.598	4
26.636	4
26.909	4
27.068	4
27.347	4
27.868	4
27.998	4
28.061	4
28.27	4
28.985	4
29.003	4
29.322	4
29.449	4
29.449	4
29.478	4
29.483	4
29.57	4
29.734	4
30.697	4
30.878	4
31.598	4
31.761	4
31.787	4
32.669	4
32.715	4
33.007	4
33.015	4
33.574	4
33.644	4
34.063	4
34.458	4
36.106	4
36.116	4
36.198	4
37.485	4
37.681	4
37.868	4
38.137	4
38.618	4
39.311	4
39.63	4
40.773	4
41.428	4
41.634	4
42.021	4
43.151	4
44.786	4
45.556	4
48.116	4
19.736	1
19.756	1
19.756	1
19.839	1
19.875	1
19.879	1
19.883	1
19.888	1
19.892	1
19.904	1
19.909	1
19.909	1
19.915	1
19.915	1
19.917	1
19.919	1
19.928	1
19.937	1
19.94	1
19.942	1
19.943	1
19.945	1
19.946	1
19.953	1
19.955	1
19.965	1
19.977	1
19.981	1
19.993	1
20.0	1
20.029	1
20.033	2
20.035	2
20.038	2
20.044	2
20.06	2
20.092	2
20.097	2
20.102	2
20.108	2
20.11	2
20.114	2
20.122	2
20.128	2
20.136	2
20.136	2
20.147	2
20.15	2
20.16	2
20.162	2
20.162	3
20.165	3
20.166	3
20.167	3
20.17	3
20.172	3
20.178	3
20.178	3
20.179	3
20.18	3
20.187	3
20.187	3
20.187	3
20.19	3
20.208	3
20.217	3
20.23	3
20.232	3
20.242	3
20.243	3
20.251	3
20.266	3
20.278	3
20.285	3
20.328	3
20.329	3
20.33	3
20.331	3
20.335	3
20.337	3
20.36	3
20.367	3
20.369	3
20.378	3
20.399	3
20.42	3
20.423	3
20.489	4
20.496	4
20.514	4
20.521	4
20.528	4
20.54	4
20.549	4
20.597	4
20.661	4
20.662	4
20.663	4
20.673	4
20.715	4
20.73	4
20.789	4
20.789	4
20.827	4
20.871	4
20.871	4
20.927	4
20.942	4
21.018	4
21.08	4
21.231	4
21.273	4
21.287	4
21.292	4
21.325	4
21.571	4
21.671	4
21.841	4
21.843	4
21.87	4
22.243	4
22.716	4
22.989	4
23.128	4
23.188	4
23.296	4
23.815	4
23.954	4
24.14	4
25.0	4
26.598	4
26.636	4
26.909	4
27.068	4
27.347	4
27.868	4
27.998	4
28.061	4
28.27	4
28.985	4
29.003	4
29.322	4
29.449	4
29.449	4
29.478	4
29.483	4
29.57	4
29.734	4
30.697	4
30.878	4
31.598	4
31.761	4
31.787	4
32.669	4
32.715	4
33.007	4
33.015	4
33.574	4
33.644	4
34.063	4
34.458	4
36.106	4
36.116	4
36.198	4
37.485	4
37.681	4
37.868	4
38.137	4
38.618	4
39.311	4
39.63	4
40.773	4
41.428	4
41.634	4
42.021	4
43.151	4
44.786	4
45.556	4
48.116	4
19.919	1
19.928	1
19.937	1
19.94	1
19.942	1
19.943	1
19.945	1
19.946	1
19.953	1
19.955	1
19.965	1
19.977	1
19.981	2
19.993	2
20.0	2
20.029	2
20.033	2
20.035	2
20.038	2
20.044	2
20.06	2
20.092	2
20.097	2
20.102	2
20.108	2
20.11	3
20.114	3
20.122	3
20.128	3
20.136	3
20.136	3
20.147	3
20.15	3
20.16	3
20.162	3
20.162	3
20.165	3
20.166	3
20.167	3
20.17	3
20.172	3
20.178	3
20.178	3
20.179	3
20.18	3
20.187	3
20.187	3
20.187	3
20.19	3
20.208	3
20.217	3
20.23	3
20.232	3
20.242	3
20.243	3
20.251	3
20.266	3
20.278	3
20.285	3
20.328	3
20.329	3
20.33	3
20.331	3
20.335	3
20.337	3
20.36	3
20.367	3
20.369	3
20.378	3
20.399	3
20.42	3
20.423	3
20.489	3
20.496	3
20.514	3
20.521	3
20.528	3
20.54	3
20.549	3
20.597	3
20.661	4
20.662	4
20.663	4
20.673	4
20.715	4
20.73	4
20.789	4
20.789	4
20.827	4
20.871	4
20.871	4
20.927	4
20.942	4
21.018	4
21.08	4
21.231	4
21.273	4
21.287	4
21.292	4
21.325	4
21.571	4
21.671	4
21.841	4
21.843	4
21.87	4
22.243	4
22.716	4
22.989	4
23.128	4
23.188	4
23.296	4
23.815	4
23.954	4
24.14	4
25.0	4
26.598	4
26.636	4
26.909	4
27.068	4
27.347	4
27.868	4
27.998	4
28.061	4
28.27	4
28.985	4
29.003	4
29.322	4
29.449	4
29.449	4
29.478	4
29.483	4
29.57	4
29.734	4
30.697	4
30.878	4
31.598	4
31.761	4
31.787	4
32.669	4
32.715	4
33.007	4
33.015	4
33.574	4
33.644	4
34.063	4
34.458	4
36.106	4
36.116	4
36.198	4
37.485	4
37.681	4
37.868	4
38.137	4
38.618	4
39.311	4
39.63	4
40.773	4
41.428	4
41.634	4
42.021	4
43.151	4
44.786	4
45.556	4
48.116	4
19.917	1
19.919	1
19.928	1
19.937	1
19.94	1
19.942	1
19.943	1
19.945	1
19.946	1
19.953	1
19.955	1
19.965	1
19.977	1
19.981	1
19.993	1
20.0	1
20.029	1
20.033	1
20.035	1
20.038	1
20.044	1
20.06	1
20.092	1
20.097	1
20.102	1
20.108	1
20.11	1
20.114	1
20.122	1
20.128	1
20.136	1
20.136	1
20.147	1
20.15	1
20.16	1
20.162	1
20.162	2
20.165	2
20.166	2
20.167	2
20.17	2
20.172	2
20.178	2
20.178	2
20.179	2
20.18	2
20.187	2
20.187	2
20.187	2
20.19	2
20.208	2
20.217	2
20.23	2
20.232	2
20.242	2
20.243	2
20.251	2
20.266	2
20.278	2
20.285	2
20.328	2
20.329	2
20.33	2
20.331	2
20.335	2
20.337	2
20.36	2
20.367	2
20.369	2
20.378	2
20.399	2
20.42	2
20.423	2
20.489	3
20.496	3
20.514	3
20.521	3
20.528	3
20.54	3
20.549	3
20.597	4
20.661	4
20.662	4
20.663	4
20.673	4
20.715	4
20.73	4
20.789	4
20.789	4
20.827	4
20.871	4
20.871	4
20.927	4
20.942	4
21.018	4
21.08	4
21.231	4
21.273	4
21.287	4
21.292	4
21.325	4
21.571	4
21.671	4
21.841	4
21.843	4
21.87	4
22.243	4
22.716	4
22.989	4
23.128	4
23.188	4
23.296	4
23.815	4
23.954	4
24.14	4
25.0	4
26.598	4
26.636	4
26.909	4
27.068	4
27.347	4
27.868	4
27.998	4
28.061	4
28.27	4
28.985	4
29.003	4
29.322	4
29.449	4
29.449	4
29.478	4
29.483	4
29.57	4
29.734	4
30.697	4
30.878	4
31.598	4
31.761	4
31.787	4
32.669	4
32.715	4
33.007	4
33.015	4
33.574	4
33.644	4
34.063	4
34.458	4
36.106	4
36.116	4
36.198	4
37.485	4
37.681	4
37.868	4
38.137	4
38.618	4
39.311	4
39.63	4
40.773	4
41.428	4
41.634	4
42.021	4
43.151	4
44.786	4
45.556	4
48.116	4
19.839	1
19.875	1
19.879	1
19.883	1
19.888	1
19.892	1
19.904	1
19.909	1
19.909	1
19.915	1
19.915	1
19.917	1
19.919	1
19.928	1
19.937	1
19.94	1
19.942	1
19.943	1
19.945	1
19.946	1
19.953	1
19.955	1
19.965	1
19.977	1
19.981	2
19.993	2
20.0	2
20.029	2
20.033	2
20.035	2
20.038	2
20.044	2
20.06	2
20.092	2
20.097	2
20.102	2
20.108	2
20.11	2
20.114	2
20.122	2
20.128	2
20.136	2
20.136	2
20.147	2
20.15	2
20.16	2
20.162	2
20.162	2
20.165	2
20.166	2
20.167	2
20.17	2
20.172	2
20.178	2
20.178	2
20.179	2
20.18	2
20.187	2
20.187	2
20.187	2
20.19	2
20.208	2
20.217	2
20.23	2
20.232	2
20.242	2
20.243	2
20.251	2
20.266	2
20.278	2
20.285	2
20.328	2
20.329	2
20.33	2
20.331	2
20.335	2
20.337	2
20.36	2
20.367	2
20.369	2
20.378	2
20.399	2
20.42	2
20.423	2
20.489	3
20.496	3
20.514	3
20.521	3
20.528	3
20.54	3
20.549	3
20.597	3
20.661	3
20.662	3
20.663	3
20.673	3
20.715	3
20.73	3
20.789	3
20.789	3
20.827	3
20.871	3
20.871	3
20.927	3
20.942	3
21.018	3
21.08	3
21.231	3
21.273	3
21.287	4
21.292	4
21.325	4
21.571	4
21.671	4
21.841	4
21.843	4
21.87	4
22.243	4
22.716	4
22.989	4
23.128	4
23.188	4
23.296	4
23.815	4
23.954	4
24.14	4
25.0	4
26.598	4
26.636	4
26.909	4
27.068	4
27.347	4
27.868	4
27.998	4
28.061	4
28.27	4
28.985	4
29.003	4
29.322	4
29.449	4
29.449	4
29.478	4
29.483	4
29.57	4
29.734	4
30.697	4
30.878	4
31.598	4
31.761	4
31.787	4
32.669	4
32.715	4
33.007	4
33.015	4
33.574	4
33.644	4
34.063	4
34.458	4
36.106	4
36.116	4
36.198	4
37.485	4
37.681	4
37.868	4
38.137	4
38.618	4
39.311	4
39.63	4
40.773	4
41.428	4
41.634	4
42.021	4
43.151	4
44.786	4
45.556	4
48.116	4
19.622	1
19.736	1
19.756	1
19.756	1
19.839	1
19.875	1
19.879	1
19.883	1
19.888	2
19.892	2
19.904	2
19.909	2
19.909	2
19.915	2
19.915	2
19.917	3
19.919	3
19.928	3
19.937	3
19.94	3
19.942	3
19.943	3
19.945	3
19.946	3
19.953	3
19.955	3
19.965	3
19.977	3
19.981	3
19.993	3
20.0	3
20.029	3
20.033	4
20.035	4
20.038	4
20.044	4
20.06	4
20.092	4
20.097	4
20.102	4
20.108	4
20.11	4
20.114	4
20.122	4
20.128	4
20.136	5
20.136	5
20.147	5
20.15	5
20.16	5
20.162	5
20.162	5
20.165	5
20.166	5
20.167	6
20.17	6
20.172	6
20.178	6
20.178	6
20.179	6
20.18	6
20.187	6
20.187	6
20.187	6
20.19	6
20.208	6
20.217	6
20.23	6
20.232	6
20.242	6
20.243	6
20.251	6
20.266	6
20.278	7
20.285	7
20.328	7
20.329	7
20.33	7
20.331	7
20.335	7
20.337	7
20.36	7
20.367	7
20.369	7
20.378	7
20.399	7
20.42	7
20.423	7
20.489	7
20.496	7
20.514	7
20.521	7
20.528	7
20.54	7
20.549	7
20.597	7
20.661	7
20.662	7
20.663	7
20.673	7
20.715	7
20.73	7
20.789	7
20.789	7
20.827	7
20.871	7
20.871	7
20.927	7
20.942	7
21.018	7
21.08	7
21.231	7
21.273	7
21.287	7
21.292	7
21.325	7
21.571	7
21.671	7
21.841	7
21.843	7
21.87	7
22.243	7
22.716	7
22.989	7
23.128	7
23.188	7
23.296	7
23.815	7
23.954	7
24.14	7
25.0	7
26.598	7
26.636	7
26.909	7
27.068	7
27.347	7
27.868	7
27.998	7
28.061	7
28.27	7
28.985	7
29.003	7
29.322	7
29.449	7
29.449	7
29.478	7
29.483	7
29.57	7
29.734	7
30.697	7
30.878	7
31.598	6
31.761	6
31.787	6
32.669	6
32.715	6
33.007	6
33.015	6
33.574	6
33.644	6
34.063	6
34.458	6
36.106	6
36.116	6
36.198	5
37.485	5
37.681	5
37.868	5
38.137	5
38.618	4
39.311	4
39.63	4
40.773	4
41.428	4
41.634	4
42.021	4
43.151	4
44.786	4
45.556	4
48.116	4
19.875	1
19.879	1
19.883	1
19.888	1
19.892	1
19.904	1
19.909	1
19.909	1
19.915	1
19.915	1
19.917	1
19.919	1
19.928	1
19.937	1
19.94	1
19.942	1
19.943	1
19.945	1
19.946	1
19.953	1
19.955	1
19.965	1
19.977	1
19.981	1
19.993	1
20.0	1
20.029	1
20.033	1
20.035	1
20.038	1
20.044	1
20.06	1
20.092	1
20.097	1
20.102	1
20.108	1
20.11	1
20.114	1
20.122	1
20.128	1
20.136	1
20.136	1
20.147	1
20.15	1
20.16	1
20.162	1
20.162	2
20.165	2
20.166	2
20.167	3
20.17	3
20.172	3
20.178	3
20.178	3
20.179	3
20.18	3
20.187	3
20.187	3
20.187	3
20.19	3
20.208	3
20.217	3
20.23	3
20.232	3
20.242	3
20.243	3
20.251	3
20.266	3
20.278	3
20.285	3
20.328	3
20.329	3
20.33	3
20.331	3
20.335	3
20.337	3
20.36	3
20.367	3
20.369	3
20.378	3
20.399	3
20.42	3
20.423	3
20.489	3
20.496	3
20.514	3
20.521	3
20.528	3
20.54	3
20.549	3
20.597	3
20.661	3
20.662	3
20.663	3
20.673	3
20.715	3
20.73	3
20.789	3
20.789	4
20.827	4
20.871	4
20.871	4
20.927	4
20.942	4
21.018	4
21.08	4
21.231	4
21.273	4
21.287	4
21.292	4
21.325	4
21.571	4
21.671	4
21.841	4
21.843	4
21.87	4
22.243	4
22.716	4
22.989	4
23.128	4
23.188	4
23.296	4
23.815	4
23.954	4
24.14	4
25.0	4
26.598	4
26.636	4
26.909	4
27.068	4
27.347	4
27.868	4
27.998	4
28.061	4
28.27	4
28.985	4
29.003	4
29.322	4
29.449	4
29.449	4
29.478	4
29.483	4
29.57	4
29.734	4
30.697	4
30.878	4
31.598	4
31.761	4
31.787	4
32.669	4
32.715	4
33.007	4
33.015	4
33.574	4
33.644	4
34.063	4
34.458	4
36.106	4
36.116	4
36.198	4
37.485	4
37.681	4
37.868	4
38.137	4
38.618	4
39.311	4
39.63	4
40.773	4
41.428	4
41.634	4
42.021	4
43.151	4
44.786	4
45.556	4
48.116	4
19.915	1
19.917	2
19.919	2
19.928	2
19.937	2
19.94	2
19.942	2
19.943	2
19.945	2
19.946	2
19.953	2
19.955	2
19.965	2
19.977	2
19.981	2
19.993	2
20.0	2
20.029	2
20.033	2
20.035	2
20.038	2
20.044	2
20.06	2
20.092	2
20.097	2
20.102	2
20.108	2
20.11	2
20.114	2
20.122	2
20.128	2
20.136	2
20.136	2
20.147	2
20.15	2
20.16	2
20.162	2
20.162	2
20.165	2
20.166	2
20.167	3
20.17	3
20.172	3
20.178	3
20.178	3
20.179	3
20.18	3
20.187	3
20.187	3
20.187	3
20.19	3
20.208	3
20.217	3
20.23	3
20.232	3
20.242	3
20.243	3
20.251	3
20.266	3
20.278	3
20.285	3
20.328	3
20.329	3
20.33	3
20.331	3
20.335	3
20.337	3
20.36	3
20.367	3
20.369	3
20.378	3
20.399	3
20.42	3
20.423	3
20.489	4
20.496	4
20.514	4
20.521	4
20.528	4
20.54	4
20.549	4
20.597	4
20.661	4
20.662	4
20.663	4
20.673	4
20.715	4
20.73	4
20.789	4
20.789	4
20.827	4
20.871	4
20.871	4
20.927	4
20.942	4
21.018	4
21.08	4
21.231	4
21.273	4
21.287	4
21.292	4
21.325	4
21.571	4
21.671	4
21.841	4
21.843	4
21.87	4
22.243	4
22.716	4
22.989	4
23.128	4
23.188	4
23.296	4
23.815	4
23.954	4
24.14	4
25.0	4
26.598	4
26.636	4
26.909	4
27.068	4
27.347	4
27.868	4
27.998	4
28.061	4
28.27	4
28.985	4
29.003	4
29.322	4
29.449	4
29.449	4
29.478	4
29.483	4
29.57	4
29.734	4
30.697	4
30.878	4
31.598	4
31.761	4
31.787	4
32.669	4
32.715	4
33.007	4
33.015	4
33.574	4
33.644	4
34.063	4
34.458	4
36.106	4
36.116	4
36.198	4
37.485	4
37.681	4
37.868	4
38.137	4
38.618	4
39.311	4
39.63	4
40.773	4
41.428	4
41.634	4
42.021	4
43.151	4
44.786	4
45.556	4
48.116	4
19.839	1
19.875	1
19.879	1
19.883	1
19.888	1
19.892	1
19.904	2
19.909	2
19.909	2
19.915	2
19.915	2
19.917	2
19.919	2
19.928	2
19.937	2
19.94	2
19.942	2
19.943	2
19.945	2
19.946	2
19.953	2
19.955	2
19.965	2
19.977	2
19.981	2
19.993	3
20.0	3
20.029	3
20.033	3
20.035	3
20.038	3
20.044	3
20.06	3
20.092	3
20.097	3
20.102	3
20.108	3
20.11	3
20.114	3
20.122	3
20.128	3
20.136	3
20.136	3
20.147	3
20.15	3
20.16	3
20.162	3
20.162	3
20.165	3
20.166	3
20.167	3
20.17	3
20.172	3
20.178	3
20.178	3
20.179	3
20.18	3
20.187	3
20.187	3
20.187	3
20.19	3
20.208	3
20.217	3
20.23	3
20.232	3
20.242	3
20.243	3
20.251	3
20.266	3
20.278	3
20.285	3
20.328	3
20.329	3
20.33	3
20.331	3
20.335	3
20.337	3
20.36	3
20.367	3
20.369	3
20.378	3
20.399	3
20.42	3
20.423	3
20.489	3
20.496	3
20.514	3
20.521	3
20.528	3
20.54	3
20.549	3
20.597	3
20.661	3
20.662	3
20.663	3
20.673	3
20.715	3
20.73	3
20.789	3
20.789	3
20.827	3
20.871	3
20.871	3
20.927	3
20.942	3
21.018	3
21.08	3
21.231	3
21.273	3
21.287	3
21.292	3
21.325	3
21.571	3
21.671	3
21.841	3
21.843	3
21.87	3
22.243	3
22.716	3
22.989	3
23.128	3
23.188	3
23.296	3
23.815	3
23.954	3
24.14	3
25.0	3
26.598	3
26.636	3
26.909	3
27.068	3
27.347	3
27.868	3
27.998	3
28.061	3
28.27	3
28.985	3
29.003	3
29.322	3
29.449	3
29.449	3
29.478	3
29.483	3
29.57	3
29.734	3
30.697	3
30.878	3
31.598	3
31.761	3
31.787	3
32.669	3
32.715	3
33.007	3
33.015	3
33.574	3
33.644	3
34.063	3
34.458	3
36.106	3
36.116	3
36.198	3
37.485	3
37.681	3
37.868	3
38.137	3
38.618	3
39.311	3
39.63	3
40.773	3
41.428	3
41.634	3
42.021	3
43.151	3
44.786	3
45.556	3
48.116	3
19.917	1
19.919	1
19.928	1
19.937	1
19.94	1
19.942	1
19.943	1
19.945	1
19.946	1
19.953	1
19.955	1
19.965	1
19.977	1
19.981	1
19.993	1
20.0	1
20.029	1
20.033	2
20.035	2
20.038	2
20.044	2
20.06	2
20.092	2
20.097	2
20.102	2
20.108	2
20.11	3
20.114	3
20.122	3
20.128	3
20.136	3
20.136	3
20.147	3
20.15	3
20.16	3
20.162	3
20.162	3
20.165	3
20.166	3
20.167	3
20.17	3
20.172	3
20.178	3
20.178	3
20.179	3
20.18	3
20.187	3
20.187	3
20.187	3
20.19	3
20.208	3
20.217	3
20.23	3
20.232	3
20.242	3
20.243	3
20.251	3
20.266	3
20.278	3
20.285	3
20.328	3
20.329	3
20.33	3
20.331	3
20.335	3
20.337	3
20.36	3
20.367	3
20.369	3
20.378	3
20.399	3
20.42	3
20.423	3
20.489	3
20.496	3
20.514	3
20.521	3
20.528	3
20.54	3
20.549	3
20.597	3
20.661	3
20.662	3
20.663	3
20.673	3
20.715	3
20.73	3
20.789	3
20.789	3
20.827	3
20.871	3
20.871	3
20.927	3
20.942	4
21.018	4
21.08	4
21.231	4
21.273	4
21.287	4
21.292	4
21.325	4
21.571	4
21.671	4
21.841	4
21.843	4
21.87	4
22.243	4
22.716	4
22.989	4
23.128	4
23.188	4
23.296	4
23.815	4
23.954	4
24.14	4
25.0	4
26.598	4
26.636	4
26.909	4
27.068	4
27.347	4
27.868	4
27.998	4
28.061	4
28.27	4
28.985	4
29.003	4
29.322	4
29.449	4
29.449	4
29.478	4
29.483	4
29.57	4
29.734	4
30.697	4
30.878	4
31.598	4
31.761	4
31.787	4
32.669	4
32.715	4
33.007	4
33.015	4
33.574	4
33.644	4
34.063	4
34.458	4
36.106	4
36.116	4
36.198	4
37.485	4
37.681	4
37.868	4
38.137	4
38.618	4
39.311	4
39.63	4
40.773	4
41.428	4
41.634	4
42.021	4
43.151	4
44.786	4
45.556	4
48.116	4
19.756	1
19.839	1
19.875	1
19.879	1
19.883	1
19.888	1
19.892	1
19.904	1
19.909	1
19.909	1
19.915	1
19.915	1
19.917	1
19.919	2
19.928	2
19.937	2
19.94	2
19.942	2
19.943	2
19.945	2
19.946	2
19.953	2
19.955	2
19.965	2
19.977	2
19.981	2
19.993	2
20.0	2
20.029	2
20.033	2
20.035	2
20.038	2
20.044	2
20.06	2
20.092	2
20.097	2
20.102	2
20.108	2
20.11	2
20.114	3
20.122	3
20.128	4
20.136	4
20.136	4
20.147	4
20.15	4
20.16	4
20.162	4
20.162	4
20.165	4
20.166	4
20.167	5
20.17	5
20.172	5
20.178	5
20.178	5
20.179	5
20.18	5
20.187	5
20.187	5
20.187	5
20.19	5
20.208	5
20.217	5
20.23	5
20.232	5
20.242	5
20.243	5
20.251	5
20.266	5
20.278	5
20.285	5
20.328	5
20.329	5
20.33	5
20.331	5
20.335	5
20.337	5
20.36	5
20.367	5
20.369	5
20.378	5
20.399	5
20.42	5
20.423	5
20.489	6
20.496	6
20.514	6
20.521	5
20.528	5
20.54	5
20.549	5
20.597	5
20.661	5
20.662	5
20.663	5
20.673	5
20.715	5
20.73	5
20.789	5
20.789	5
20.827	5
20.871	5
20.871	5
20.927	5
20.942	5
21.018	5
21.08	5
21.231	5
21.273	5
21.287	5
21.292	5
21.325	5
21.571	5
21.671	5
21.841	5
21.843	5
21.87	5
22.243	5
22.716	5
22.989	5
23.128	5
23.188	5
23.296	5
23.815	5
23.954	5
24.14	5
25.0	5
26.598	5
26.636	5
26.909	5
27.068	5
27.347	5
27.868	5
27.998	5
28.061	5
28.27	5
28.985	5
29.003	5
29.322	5
29.449	5
29.449	5
29.478	5
29.483	5
29.57	5
29.734	5
30.697	5
30.878	5
31.598	5
31.761	5
31.787	5
32.669	5
32.715	5
33.007	5
33.015	5
33.574	5
33.644	4
34.063	4
34.458	4
36.106	4
36.116	4
36.198	4
37.485	4
37.681	4
37.868	4
38.137	4
38.618	4
39.311	4
39.63	4
40.773	4
41.428	4
41.634	4
42.021	4
43.151	4
44.786	4
45.556	4
48.116	4
19.917	1
19.919	1
19.928	1
19.937	1
19.94	1
19.942	1
19.943	1
19.945	1
19.946	1
19.953	1
19.955	1
19.965	1
19.977	1
19.981	1
19.993	2
20.0	2
20.029	2
20.033	3
20.035	3
20.038	3
20.044	3
20.06	3
20.092	3
20.097	3
20.102	3
20.108	3
20.11	3
20.114	3
20.122	3
20.128	3
20.136	3
20.136	3
20.147	3
20.15	3
20.16	3
20.162	3
20.162	3
20.165	3
20.166	3
20.167	3
20.17	3
20.172	3
20.178	3
20.178	3
20.179	3
20.18	3
20.187	3
20.187	3
20.187	3
20.19	3
20.208	3
20.217	3
20.23	3
20.232	3
20.242	3
20.243	3
20.251	3
20.266	3
20.278	3
20.285	3
20.328	3
20.329	3
20.33	3
20.331	3
20.335	3
20.337	3
20.36	3
20.367	3
20.369	3
20.378	3
20.399	3
20.42	3
20.423	3
20.489	3
20.496	3
20.514	3
20.521	3
20.528	3
20.54	3
20.549	3
20.597	3
20.661	3
20.662	3
20.663	3
20.673	3
20.715	3
20.73	3
20.789	3
20.789	3
20.827	3
20.871	3
20.871	3
20.927	3
20.942	3
21.018	3
21.08	3
21.231	3
21.273	3
21.287	3
21.292	3
21.325	3
21.571	3
21.671	3
21.841	3
21.843	3
21.87	3
22.243	3
22.716	3
22.989	3
23.128	3
23.188	3
23.296	3
23.815	3
23.954	3
24.14	3
25.0	3
26.598	3
26.636	3
26.909	3
27.068	3
27.347	3
27.868	3
27.998	3
28.061	3
28.27	3
28.985	3
29.003	3
29.322	3
29.449	3
29.449	3
29.478	3
29.483	3
29.57	3
29.734	3
30.697	3
30.878	3
31.598	3
31.761	3
31.787	3
32.669	3
32.715	3
33.007	3
33.015	3
33.574	3
33.644	3
34.063	3
34.458	3
36.106	3
36.116	3
36.198	3
37.485	3
37.681	3
37.868	3
38.137	3
38.618	3
39.311	3
39.63	3
40.773	3
41.428	3
41.634	3
42.021	3
43.151	3
44.786	3
45.556	3
48.116	3
20.162	1
20.165	1
20.166	1
20.167	2
20.17	3
20.172	3
20.178	3
20.178	3
20.179	3
20.18	3
20.187	3
20.187	3
20.187	3
20.19	3
20.208	3
20.217	3
20.23	3
20.232	3
20.242	3
20.243	3
20.251	3
20.266	3
20.278	3
20.285	3
20.328	3
20.329	3
20.33	3
20.331	3
20.335	3
20.337	3
20.36	3
20.367	3
20.369	3
20.378	3
20.399	3
20.42	3
20.423	3
20.489	4
20.496	4
20.514	4
20.521	4
20.528	4
20.54	4
20.549	4
20.597	4
20.661	4
20.662	4
20.663	4
20.673	4
20.715	4
20.73	4
20.789	4
20.789	4
20.827	4
20.871	4
20.871	4
20.927	4
20.942	4
21.018	4
21.08	4
21.231	4
21.273	4
21.287	4
21.292	4
21.325	4
21.571	4
21.671	4
21.841	4
21.843	4
21.87	4
22.243	4
22.716	4
22.989	4
23.128	4
23.188	4
23.296	4
23.815	4
23.954	4
24.14	4
25.0	4
26.598	4
26.636	4
26.909	4
27.068	4
27.347	4
27.868	4
27.998	4
28.061	4
28.27	4
28.985	4
29.003	4
29.322	4
29.449	4
29.449	4
29.478	4
29.483	4
29.57	4
29.734	4
30.697	4
30.878	4
31.598	4
31.761	4
31.787	4
32.669	4
32.715	4
33.007	4
33.015	4
33.574	4
33.644	4
34.063	4
34.458	4
36.106	4
36.116	4
36.198	4
37.485	4
37.681	4
37.868	4
38.137	4
38.618	4
39.311	4
39.63	4
40.773	4
41.428	4
41.634	4
42.021	4
43.151	4
44.786	4
45.556	4
48.116	4
19.875	1
19.879	1
19.883	1
19.888	1
19.892	1
19.904	2
19.909	2
19.909	2
19.915	2
19.915	2
19.917	2
19.919	2
19.928	2
19.937	2
19.94	3
19.942	3
19.943	3
19.945	3
19.946	3
19.953	3
19.955	3
19.965	3
19.977	3
19.981	3
19.993	4
20.0	4
20.029	4
20.033	4
20.035	4
20.038	4
20.044	4
20.06	4
20.092	4
20.097	4
20.102	4
20.108	4
20.11	4
20.114	4
20.122	4
20.128	4
20.136	4
20.136	4
20.147	4
20.15	4
20.16	4
20.162	4
20.162	4
20.165	4
20.166	4
20.167	4
20.17	4
20.172	4
20.178	4
20.178	4
20.179	4
20.18	4
20.187	4
20.187	4
20.187	4
20.19	4
20.208	4
20.217	4
20.23	4
20.232	4
20.242	4
20.243	4
20.251	4
20.266	4
20.278	4
20.285	4
20.328	4
20.329	4
20.33	4
20.331	4
20.335	4
20.337	4
20.36	4
20.367	4
20.369	4
20.378	4
20.399	4
20.42	4
20.423	4
20.489	4
20.496	4
20.514	4
20.521	4
20.528	4
20.54	4
20.549	4
20.597	4
20.661	4
20.662	4
20.663	4
20.673	4
20.715	4
20.73	4
20.789	4
20.789	4
20.827	4
20.871	4
20.871	4
20.927	4
20.942	4
21.018	4
21.08	4
21.231	4
21.273	4
21.287	4
21.292	4
21.325	4
21.571	4
21.671	4
21.841	4
21.843	4
21.87	4
22.243	4
22.716	4
22.989	4
23.128	4
23.188	4
23.296	4
23.815	4
23.954	4
24.14	4
25.0	4
26.598	4
26.636	4
26.909	4
27.068	4
27.347	4
27.868	4
27.998	4
28.061	4
28.27	4
28.985	4
29.003	4
29.322	4
29.449	4
29.449	4
29.478	4
29.483	4
29.57	4
29.734	4
30.697	4
30.878	4
31.598	4
31.761	4
31.787	4
32.669	4
32.715	4
33.007	4
33.015	4
33.574	4
33.644	4
34.063	4
34.458	4
36.106	4
36.116	4
36.198	4
37.485	4
37.681	4
37.868	4
38.137	4
38.618	4
39.311	4
39.63	4
40.773	4
41.428	4
41.634	4
42.021	4
43.151	4
44.786	4
45.556	4
48.116	4
19.622	1
19.736	1
19.756	1
19.756	1
19.839	1
19.875	1
19.879	1
19.883	1
19.888	1
19.892	2
19.904	2
19.909	2
19.909	2
19.915	2
19.915	2
19.917	2
19.919	2
19.928	2
19.937	2
19.94	2
19.942	2
19.943	2
19.945	2
19.946	2
19.953	2
19.955	2
19.965	2
19.977	2
19.981	2
19.993	2
20.0	2
20.029	2
20.033	2
20.035	2
20.038	2
20.044	2
20.06	2
20.092	2
20.097	2
20.102	2
20.108	2
20.11	2
20.114	2
20.122	2
20.128	2
20.136	2
20.136	2
20.147	2
20.15	2
20.16	2
20.162	2
20.162	3
20.165	3
20.166	3
20.167	3
20.17	3
20.172	3
20.178	3
20.178	3
20.179	3
20.18	3
20.187	3
20.187	3
20.187	3
20.19	3
20.208	3
20.217	3
20.23	3
20.232	3
20.242	3
20.243	3
20.251	3
20.266	3
20.278	3
20.285	3
20.328	3
20.329	3
20.33	3
20.331	3
20.335	3
20.337	3
20.36	4
20.367	4
20.369	4
20.378	4
20.399	4
20.42	4
20.423	4
20.489	5
20.496	5
20.514	5
20.521	5
20.528	5
20.54	5
20.549	5
20.597	5
20.661	5
20.662	5
20.663	5
20.673	5
20.715	5
20.73	5
20.789	5
20.789	5
20.827	5
20.871	5
20.871	5
20.927	5
20.942	5
21.018	5
21.08	5
21.231	5
21.273	5
21.287	5
21.292	5
21.325	5
21.571	5
21.671	5
21.841	5
21.843	5
21.87	5
22.243	5
22.716	5
22.989	5
23.128	5
23.188	5
23.296	5
23.815	5
23.954	5
24.14	5
25.0	5
26.598	5
26.636	5
26.909	5
27.068	5
27.347	5
27.868	5
27.998	4
28.061	4
28.27	4
28.985	4
29.003	4
29.322	4
29.449	4
29.449	4
29.478	4
29.483	4
29.57	4
29.734	4
30.697	4
30.878	4
31.598	4
31.761	4
31.787	4
32.669	4
32.715	4
33.007	4
33.015	4
33.574	4
33.644	4
34.063	4
34.458	4
36.106	4
36.116	4
36.198	4
37.485	4
37.681	4
37.868	4
38.137	4
38.618	4
39.311	4
39.63	4
40.773	4
41.428	4
41.634	4
42.021	4
43.151	4
44.786	4
45.556	4
48.116	4
19.756	1
19.756	1
19.839	1
19.875	1
19.879	1
19.883	1
19.888	1
19.892	1
19.904	1
19.909	1
19.909	1
19.915	1
19.915	1
19.917	1
19.919	1
19.928	1
19.937	1
19.94	1
19.942	2
19.943	2
19.945	2
19.946	2
19.953	3
19.955	3
19.965	3
19.977	3
19.981	4
19.993	4
20.0	4
20.029	4
20.033	5
20.035	5
20.038	5
20.044	5
20.06	5
20.092	5
20.097	5
20.102	5
20.108	5
20.11	5
20.114	5
20.122	5
20.128	5
20.136	5
20.136	5
20.147	5
20.15	5
20.16	5
20.162	5
20.162	5
20.165	5
20.166	5
20.167	5
20.17	5
20.172	5
20.178	5
20.178	5
20.179	5
20.18	5
20.187	5
20.187	5
20.187	5
20.19	5
20.208	5
20.217	5
20.23	5
20.232	5
20.242	5
20.243	5
20.251	5
20.266	5
20.278	5
20.285	5
20.328	5
20.329	5
20.33	5
20.331	5
20.335	5
20.337	5
20.36	5
20.367	5
20.369	5
20.378	5
20.399	5
20.42	5
20.423	5
20.489	5
20.496	5
20.514	5
20.521	5
20.528	5
20.54	5
20.549	5
20.597	5
20.661	5
20.662	5
20.663	5
20.673	5
20.715	5
20.73	5
20.789	5
20.789	5
20.827	5
20.871	5
20.871	5
20.927	5
20.942	5
21.018	5
21.08	5
21.231	5
21.273	5
21.287	5
21.292	5
21.325	5
21.571	5
21.671	5
21.841	5
21.843	6
21.87	6
22.243	6
22.716	5
22.989	5
23.128	5
23.188	5
23.296	5
23.815	5
23.954	5
24.14	5
25.0	5
26.598	5
26.636	5
26.909	5
27.068	5
27.347	5
27.868	5
27.998	5
28.061	5
28.27	5
28.985	5
29.003	5
29.322	5
29.449	5
29.449	4
29.478	4
29.483	4
29.57	4
29.734	4
30.697	4
30.878	4
31.598	4
31.761	4
31.787	4
32.669	4
32.715	4
33.007	4
33.015	4
33.574	4
33.644	4
34.063	4
34.458	4
36.106	4
36.116	4
36.198	4
37.485	4
37.681	4
37.868	4
38.137	4
38.618	4
39.311	4
39.63	4
40.773	4
41.428	4
41.634	4
42.021	4
43.151	4
44.786	4
45.556	4
48.116	4
19.875	1
19.879	1
19.883	1
19.888	1
19.892	1
19.904	1
19.909	1
19.909	1
19.915	1
19.915	1
19.917	2
19.919	2
19.928	2
19.937	2
19.94	2
19.942	2
19.943	2
19.945	2
19.946	2
19.953	2
19.955	2
19.965	2
19.977	2
19.981	2
19.993	2
20.0	2
20.029	2
20.033	2
20.035	2
20.038	2
20.044	2
20.06	2
20.092	2
20.097	2
20.102	2
20.108	2
20.11	2
20.114	2
20.122	2
20.128	2
20.136	2
20.136	2
20.147	2
20.15	2
20.16	2
20.162	2
20.162	2
20.165	2
20.166	2
20.167	3
20.17	3
20.172	3
20.178	3
20.178	3
20.179	3
20.18	3
20.187	3
20.187	3
20.187	3
20.19	3
20.208	3
20.217	3
20.23	3
20.232	3
20.242	3
20.243	3
20.251	3
20.266	3
20.278	3
20.285	3
20.328	3
20.329	3
20.33	3
20.331	3
20.335	3
20.337	3
20.36	3
20.367	3
20.369	3
20.378	3
20.399	3
20.42	3
20.423	3
20.489	3
20.496	4
20.514	4
20.521	4
20.528	4
20.54	4
20.549	4
20.597	4
20.661	4
20.662	4
20.663	4
20.673	4
20.715	4
20.73	4
20.789	4
20.789	4
20.827	4
20.871	4
20.871	4
20.927	4
20.942	4
21.018	4
21.08	4
21.231	4
21.273	4
21.287	4
21.292	4
21.325	4
21.571	4
21.671	4
21.841	4
21.843	4
21.87	4
22.243	4
22.716	4
22.989	4
23.128	4
23.188	4
23.296	4
23.815	4
23.954	4
24.14	4
25.0	4
26.598	4
26.636	4
26.909	4
27.068	4
27.347	4
27.868	4
27.998	4
28.061	4
28.27	4
28.985	4
29.003	4
29.322	4
29.449	4
29.449	4
29.478	4
29.483	4
29.57	4
29.734	4
30.697	4
30.878	4
31.598	4
31.761	4
31.787	4
32.669	4
32.715	4
33.007	4
33.015	4
33.574	4
33.644	4
34.063	4
34.458	4
36.106	4
36.116	4
36.198	4
37.485	4
37.681	4
37.868	4
38.137	4
38.618	4
39.311	4
39.63	4
40.773	4
41.428	4
41.634	4
42.021	4
43.151	4
44.786	4
45.556	4
48.116	4
20.023	1
20.036	1
20.04	1
20.066	1
20.08	2
20.084	2
20.093	2
20.094	2
20.099	2
20.104	2
20.11	2
20.112	2
20.115	2
20.156	2
20.162	2
20.174	2
20.193	2
20.196	2
20.198	2
20.205	2
20.229	2
20.232	2
20.239	2
20.241	2
20.254	2
20.285	2
20.302	2
20.303	2
20.339	2
20.403	2
20.404	2
20.405	2
20.407	2
20.435	2
20.44	2
20.449	2
20.463	2
20.481	2
20.507	2
20.542	2
20.866	2
21.19	2
21.281	2
22.877	2
23.426	2
23.848	2
24.391	2
25.353	2
26.583	2
28.581	2
28.96	2
29.167	2
29.234	2
29.604	2
29.652	2
29.672	2
30.119	2
30.348	2
30.438	2
30.537	2
31.374	3
31.396	3
31.653	3
33.642	3
34.866	3
34.948	3
37.137	3
37.289	3
37.592	3
37.954	3
38.667	3
38.759	3
38.772	3
39.027	3
39.217	3
39.237	3
39.62	3
39.693	3
39.866	3
39.871	3
40.325	3
40.402	3
41.144	3
41.642	3
42.921	3
47.481	3
19.965	1
19.973	1
20.0	1
20.023	1
20.036	1
20.04	1
20.066	1
20.08	2
20.084	2
20.093	2
20.094	2
20.099	2
20.104	2
20.11	2
20.112	2
20.115	2
20.156	2
20.162	2
20.174	2
20.193	2
20.196	2
20.198	2
20.205	2
20.229	2
20.232	2
20.239	2
20.241	2
20.254	2
20.285	2
20.302	2
20.303	2
20.339	3
20.403	3
20.404	3
20.405	3
20.407	3
20.435	3
20.44	3
20.449	3
20.463	3
20.481	3
20.507	3
20.542	3
20.866	3
21.19	3
21.281	3
22.877	3
23.426	3
23.848	3
24.391	3
25.353	3
26.583	3
28.581	3
28.96	3
29.167	3
29.234	3
29.604	3
29.652	3
29.672	3
30.119	3
30.348	3
30.438	3
30.537	3
31.374	3
31.396	3
31.653	3
33.642	3
34.866	3
34.948	3
37.137	3
37.289	3
37.592	3
37.954	3
38.667	3
38.759	3
38.772	3
39.027	3
39.217	3
39.237	3
39.62	3
39.693	3
39.866	3
39.871	3
40.325	3
40.402	3
41.144	3
41.642	3
42.921	3
47.481	3
20.036	1
20.04	1
20.066	2
20.08	2
20.084	2
20.093	2
20.094	2
20.099	2
20.104	2
20.11	3
20.112	3
20.115	3
20.156	3
20.162	4
20.174	4
20.193	4
20.196	4
20.198	4
20.205	4
20.229	4
20.232	4
20.239	4
20.241	5
20.254	5
20.285	5
20.302	5
20.303	5
20.339	5
20.403	5
20.404	5
20.405	5
20.407	5
20.435	5
20.44	5
20.449	5
20.463	5
20.481	5
20.507	5
20.542	5
20.866	5
21.19	5
21.281	5
22.877	5
23.426	5
23.848	5
24.391	5
25.353	5
26.583	5
28.581	5
28.96	4
29.167	4
29.234	4
29.604	4
29.652	4
29.672	4
30.119	4
30.348	4
30.438	4
30.537	4
31.374	4
31.396	4
31.653	3
33.642	3
34.866	3
34.948	3
37.137	3
37.289	3
37.592	3
37.954	2
38.667	3
38.759	4
38.772	4
39.027	4
39.217	4
39.237	4
39.62	4
39.693	4
39.866	4
39.871	3
40.325	3
40.402	3
41.144	3
41.642	3
42.921	3
47.481	3
20.084	1
20.093	1
20.094	1
20.099	2
20.104	2
20.11	3
20.112	3
20.115	3
20.156	3
20.162	3
20.174	3
20.193	3
20.196	3
20.198	3
20.205	3
20.229	3
20.232	3
20.239	3
20.241	3
20.254	3
20.285	3
20.302	3
20.303	3
20.339	3
20.403	3
20.404	3
20.405	3
20.407	3
20.435	4
20.44	4
20.449	4
20.463	4
20.481	5
20.507	5
20.542	5
20.866	5
21.19	5
21.281	5
22.877	5
23.426	5
23.848	5
24.391	5
25.353	5
26.583	5
28.581	5
28.96	5
29.167	5
29.234	5
29.604	5
29.652	5
29.672	5
30.119	5
30.348	4
30.438	4
30.537	4
31.374	4
31.396	4
31.653	4
33.642	4
34.866	4
34.948	4
37.137	4
37.289	4
37.592	4
37.954	4
38.667	4
38.759	4
38.772	3
39.027	2
39.217	2
39.237	2
39.62	2
39.693	3
39.866	4
39.871	4
40.325	4
40.402	4
41.144	3
41.642	3
42.921	3
47.481	3
20.0	1
20.023	1
20.036	1
20.04	1
20.066	1
20.08	1
20.084	1
20.093	1
20.094	1
20.099	1
20.104	1
20.11	1
20.112	1
20.115	1
20.156	1
20.162	1
20.174	1
20.193	1
20.196	1
20.198	1
20.205	1
20.229	1
20.232	1
20.239	1
20.241	1
20.254	1
20.285	1
20.302	1
20.303	1
20.339	2
20.403	2
20.404	2
20.405	2
20.407	2
20.435	2
20.44	2
20.449	2
20.463	2
20.481	2
20.507	2
20.542	2
20.866	2
21.19	2
21.281	2
22.877	2
23.426	2
23.848	2
24.391	2
25.353	2
26.583	2
28.581	2
28.96	2
29.167	2
29.234	2
29.604	2
29.652	2
29.672	2
30.119	2
30.348	2
30.438	2
30.537	2
31.374	2
31.396	2
31.653	2
33.642	2
34.866	2
34.948	2
37.137	2
37.289	2
37.592	3
37.954	3
38.667	3
38.759	3
38.772	3
39.027	3
39.217	3
39.237	3
39.62	3
39.693	3
39.866	3
39.871	3
40.325	3
40.402	3
41.144	3
41.642	3
42.921	3
47.481	3
20.0	1
20.023	1
20.036	1
20.04	1
20.066	1
20.08	1
20.084	1
20.093	2
20.094	2
20.099	2
20.104	2
20.11	2
20.112	2
20.115	2
20.156	2
20.162	2
20.174	2
20.193	2
20.196	2
20.198	2
20.205	2
20.229	2
20.232	2
20.239	2
20.241	2
20.254	2
20.285	2
20.302	2
20.303	2
20.339	3
20.403	3
20.404	3
20.405	3
20.407	3
20.435	3
20.44	3
20.449	3
20.463	3
20.481	3
20.507	3
20.542	3
20.866	3
21.19	3
21.281	3
22.877	3
23.426	3
23.848	3
24.391	3
25.353	3
26.583	3
28.581	3
28.96	3
29.167	3
29.234	3
29.604	3
29.652	3
29.672	3
30.119	3
30.348	3
30.438	3
30.537	3
31.374	3
31.396	3
31.653	3
33.642	3
34.866	3
34.948	3
37.137	3
37.289	3
37.592	3
37.954	3
38.667	3
38.759	3
38.772	3
39.027	3
39.217	3
39.237	3
39.62	3
39.693	3
39.866	3
39.871	3
40.325	3
40.402	3
41.144	3
41.642	3
42.921	3
47.481	3
19.891	1
19.937	1
19.965	1
19.973	2
20.0	2
20.023	2
20.036	2
20.04	2
20.066	2
20.08	2
20.084	2
20.093	2
20.094	2
20.099	2
20.104	2
20.11	2
20.112	2
20.115	2
20.156	2
20.162	2
20.174	3
20.193	3
20.196	3
20.198	3
20.205	4
20.229	4
20.232	4
20.239	4
20.241	4
20.254	4
20.285	4
20.302	4
20.303	4
20.339	4
20.403	4
20.404	4
20.405	4
20.407	4
20.435	4
20.44	4
20.449	4
20.463	4
20.481	4
20.507	4
20.542	4
20.866	4
21.19	5
21.281	5
22.877	5
23.426	4
23.848	4
24.391	4
25.353	4
26.583	4
28.581	4
28.96	4
29.167	4
29.234	4
29.604	4
29.652	4
29.672	4
30.119	4
30.348	4
30.438	4
30.537	4
31.374	4
31.396	4
31.653	4
33.642	4
34.866	4
34.948	4
37.137	4
37.289	3
37.592	3
37.954	3
38.667	3
38.759	3
38.772	3
39.027	3
39.217	3
39.237	3
39.62	3
39.693	3
39.866	3
39.871	3
40.325	3
40.402	3
41.144	3
41.642	3
42.921	3
47.481	3
19.885	1
19.891	1
19.937	1
19.965	1
19.973	1
20.0	1
20.023	1
20.036	1
20.04	1
20.066	1
20.08	1
20.084	1
20.093	1
20.094	1
20.099	1
20.104	1
20.11	2
20.112	2
20.115	2
20.156	2
20.162	2
20.174	2
20.193	2
20.196	3
20.198	3
20.205	3
20.229	3
20.232	3
20.239	3
20.241	3
20.254	4
20.285	4
20.302	4
20.303	4
20.339	4
20.403	4
20.404	4
20.405	4
20.407	4
20.435	4
20.44	4
20.449	4
20.463	5
20.481	5
20.507	5
20.542	5
20.866	5
21.19	5
21.281	5
22.877	5
23.426	5
23.848	5
24.391	5
25.353	5
26.583	5
28.581	4
28.96	4
29.167	4
29.234	4
29.604	4
29.652	4
29.672	4
30.119	4
30.348	4
30.438	4
30.537	4
31.374	4
31.396	4
31.653	4
33.642	4
34.866	4
34.948	4
37.137	4
37.289	4
37.592	4
37.954	4
38.667	4
38.759	4
38.772	4
39.027	4
39.217	3
39.237	2
39.62	2
39.693	2
39.866	2
39.871	2
40.325	3
40.402	4
41.144	4
41.642	4
42.921	3
47.481	3
19.965	1
19.973	1
20.0	1
20.023	1
20.036	1
20.04	1
20.066	1
20.08	1
20.084	1
20.093	2
20.094	2
20.099	2
20.104	2
20.11	2
20.112	2
20.115	2
20.156	2
20.162	2
20.174	2
20.193	2
20.196	2
20.198	2
20.205	2
20.229	2
20.232	2
20.239	3
20.241	3
20.254	3
20.285	3
20.302	3
20.303	3
20.339	3
20.403	3
20.404	3
20.405	3
20.407	3
20.435	3
20.44	3
20.449	3
20.463	3
20.481	3
20.507	3
20.542	3
20.866	3
21.19	3
21.281	3
22.877	3
23.426	3
23.848	3
24.391	3
25.353	3
26.583	3
28.581	3
28.96	3
29.167	3
29.234	3
29.604	3
29.652	3
29.672	3
30.119	3
30.348	3
30.438	3
30.537	3
31.374	3
31.396	3
31.653	3
33.642	3
34.866	3
34.948	3
37.137	3
37.289	3
37.592	3
37.954	3
38.667	3
38.759	3
38.772	3
39.027	3
39.217	3
39.237	3
39.62	3
39.693	3
39.866	3
39.871	3
40.325	3
40.402	3
41.144	3
41.642	3
42.921	3
47.481	3
20.11	1
20.112	1
20.115	1
20.156	1
20.162	1
20.174	1
20.193	1
20.196	1
20.198	1
20.205	1
20.229	1
20.232	1
20.239	1
20.241	1
20.254	1
20.285	1
20.302	1
20.303	1
20.339	2
20.403	2
20.404	2
20.405	2
20.407	2
20.435	2
20.44	2
20.449	2
20.463	2
20.481	2
20.507	2
20.542	2
20.866	2
21.19	2
21.281	2
22.877	2
23.426	2
23.848	2
24.391	2
25.353	2
26.583	2
28.581	2
28.96	2
29.167	2
29.234	2
29.604	2
29.652	2
29.672	2
30.119	2
30.348	2
30.438	2
30.537	2
31.374	3
31.396	3
31.653	3
33.642	3
34.866	3
34.948	3
37.137	3
37.289	3
37.592	3
37.954	3
38.667	3
38.759	3
38.772	3
39.027	3
39.217	3
39.237	3
39.62	3
39.693	3
39.866	3
39.871	3
40.325	3
40.402	3
41.144	3
41.642	3
42.921	3
47.481	3
19.965	1
19.973	1
20.0	1
20.023	1
20.036	1
20.04	1
20.066	1
20.08	1
20.084	1
20.093	1
20.094	1
20.099	1
20.104	1
20.11	1
20.112	1
20.115	1
20.156	1
20.162	1
20.174	1
20.193	1
20.196	1
20.198	1
20.205	1
20.229	1
20.232	1
20.239	1
20.241	1
20.254	1
20.285	1
20.302	1
20.303	1
20.339	2
20.403	2
20.404	2
20.405	2
20.407	2
20.435	2
20.44	2
20.449	2
20.463	2
20.481	2
20.507	2
20.542	2
20.866	2
21.19	2
21.281	2
22.877	2
23.426	2
23.848	2
24.391	2
25.353	2
26.583	2
28.581	2
28.96	2
29.167	2
29.234	2
29.604	2
29.652	2
29.672	2
30.119	2
30.348	2
30.438	2
30.537	2
31.374	2
31.396	2
31.653	2
33.642	2
34.866	2
34.948	2
37.137	2
37.289	2
37.592	3
37.954	3
38.667	3
38.759	3
38.772	3
39.027	3
39.217	3
39.237	3
39.62	3
39.693	3
39.866	3
39.871	3
40.325	3
40.402	3
41.144	3
41.642	3
42.921	3
47.481	3
20.08	1
20.084	1
20.093	1
20.094	1
20.099	1
20.104	1
20.11	2
20.112	2
20.115	2
20.156	2
20.162	2
20.174	2
20.193	2
20.196	2
20.198	2
20.205	2
20.229	2
20.232	2
20.239	2
20.241	2
20.254	2
20.285	2
20.302	2
20.303	2
20.339	2
20.403	2
20.404	2
20.405	2
20.407	2
20.435	2
20.44	2
20.449	2
20.463	2
20.481	2
20.507	2
20.542	2
20.866	2
21.19	2
21.281	2
22.877	2
23.426	2
23.848	2
24.391	2
25.353	2
26.583	2
28.581	2
28.96	2
29.167	2
29.234	2
29.604	2
29.652	2
29.672	2
30.119	2
30.348	2
30.438	2
30.537	2
31.374	2
31.396	2
31.653	2
33.642	2
34.866	2
34.948	2
37.137	2
37.289	2
37.592	3
37.954	3
38.667	3
38.759	3
38.772	3
39.027	3
39.217	3
39.237	3
39.62	3
39.693	3
39.866	3
39.871	3
40.325	3
40.402	3
41.144	3
41.642	3
42.921	3
47.481	3
20.0	1
20.023	1
20.036	1
20.04	1
20.066	1
20.08	1
20.084	1
20.093	1
20.094	1
20.099	1
20.104	1
20.11	1
20.112	1
20.115	1
20.156	1
20.162	1
20.174	1
20.193	1
20.196	1
20.198	1
20.205	1
20.229	1
20.232	1
20.239	2
20.241	2
20.254	2
20.285	2
20.302	2
20.303	2
20.339	2
20.403	2
20.404	2
20.405	2
20.407	2
20.435	2
20.44	2
20.449	2
20.463	2
20.481	2
20.507	2
20.542	2
20.866	2
21.19	2
21.281	2
22.877	2
23.426	2
23.848	2
24.391	2
25.353	2
26.583	2
28.581	2
28.96	2
29.167	2
29.234	2
29.604	2
29.652	2
29.672	2
30.119	2
30.348	2
30.438	2
30.537	2
31.374	2
31.396	2
31.653	2
33.642	2
34.866	2
34.948	2
37.137	2
37.289	2
37.592	3
37.954	3
38.667	3
38.759	3
38.772	3
39.027	3
39.217	3
39.237	3
39.62	3
39.693	3
39.866	3
39.871	3
40.325	3
40.402	3
41.144	3
41.642	3
42.921	3
47.481	3
19.973	1
20.0	1
20.023	1
20.036	1
20.04	1
20.066	1
20.08	1
20.084	1
20.093	1
20.094	1
20.099	1
20.104	1
20.11	2
20.112	2
20.115	2
20.156	2
20.162	2
20.174	2
20.193	2
20.196	2
20.198	2
20.205	2
20.229	2
20.232	2
20.239	2
20.241	2
20.254	2
20.285	2
20.302	2
20.303	2
20.339	2
20.403	2
20.404	2
20.405	2
20.407	2
20.435	2
20.44	2
20.449	2
20.463	2
20.481	2
20.507	2
20.542	2
20.866	2
21.19	3
21.281	3
22.877	3
23.426	3
23.848	3
24.391	3
25.353	3
26.583	3
28.581	3
28.96	3
29.167	3
29.234	3
29.604	3
29.652	3
29.672	3
30.119	3
30.348	3
30.438	3
30.537	3
31.374	3
31.396	3
31.653	3
33.642	3
34.866	3
34.948	3
37.137	3
37.289	3
37.592	3
37.954	3
38.667	3
38.759	3
38.772	3
39.027	3
39.217	3
39.237	3
39.62	3
39.693	3
39.866	3
39.871	3
40.325	3
40.402	3
41.144	3
41.642	3
42.921	3
47.481	3
19.885	1
19.891	1
19.937	1
19.965	1
19.973	2
20.0	2
20.023	2
20.036	2
20.04	2
20.066	2
20.08	2
20.084	2
20.093	2
20.094	2
20.099	2
20.104	2
20.11	2
20.112	2
20.115	2
20.156	2
20.162	2
20.174	2
20.193	2
20.196	2
20.198	2
20.205	2
20.229	2
20.232	2
20.239	2
20.241	2
20.254	2
20.285	2
20.302	2
20.303	2
20.339	2
20.403	2
20.404	2
20.405	2
20.407	2
20.435	2
20.44	2
20.449	2
20.463	2
20.481	2
20.507	2
20.542	2
20.866	2
21.19	2
21.281	2
22.877	2
23.426	2
23.848	2
24.391	2
25.353	2
26.583	2
28.581	2
28.96	2
29.167	2
29.234	2
29.604	2
29.652	2
29.672	2
30.119	2
30.348	2
30.438	2
30.537	2
31.374	3
31.396	3
31.653	3
33.642	3
34.866	3
34.948	3
37.137	3
37.289	3
37.592	3
37.954	3
38.667	3
38.759	3
38.772	3
39.027	3
39.217	3
39.237	3
39.62	3
39.693	3
39.866	3
39.871	3
40.325	3
40.402	3
41.144	3
41.642	3
42.921	3
47.481	3
19.885	1
19.891	1
19.937	1
19.965	1
19.973	1
20.0	1
20.023	1
20.036	1
20.04	1
20.066	1
20.08	1
20.084	1
20.093	1
20.094	1
20.099	1
20.104	1
20.11	2
20.112	2
20.115	2
20.156	2
20.162	2
20.174	2
20.193	2
20.196	2
20.198	2
20.205	2
20.229	2
20.232	2
20.239	2
20.241	2
20.254	2
20.285	2
20.302	2
20.303	2
20.339	2
20.403	2
20.404	2
20.405	2
20.407	2
20.435	2
20.44	2
20.449	2
20.463	2
20.481	2
20.507	2
20.542	2
20.866	2
21.19	3
21.281	3
22.877	3
23.426	3
23.848	3
24.391	3
25.353	3
26.583	3
28.581	3
28.96	3
29.167	3
29.234	3
29.604	3
29.652	3
29.672	3
30.119	3
30.348	3
30.438	3
30.537	3
31.374	3
31.396	3
31.653	3
33.642	3
34.866	3
34.948	3
37.137	3
37.289	3
37.592	3
37.954	3
38.667	3
38.759	3
38.772	3
39.027	3
39.217	3
39.237	3
39.62	3
39.693	3
39.866	3
39.871	3
40.325	3
40.402	3
41.144	3
41.642	3
42.921	3
47.481	3
19.885	1
19.891	1
19.937	1
19.965	1
19.973	2
20.0	2
20.023	2
20.036	2
20.04	2
20.066	2
20.08	2
20.084	2
20.093	2
20.094	2
20.099	2
20.104	2
20.11	2
20.112	2
20.115	2
20.156	2
20.162	2
20.174	2
20.193	2
20.196	2
20.198	2
20.205	2
20.229	2
20.232	2
20.239	2
20.241	2
20.254	2
20.285	2
20.302	2
20.303	2
20.339	2
20.403	2
20.404	2
20.405	2
20.407	2
20.435	2
20.44	2
20.449	2
20.463	2
20.481	2
20.507	2
20.542	2
20.866	2
21.19	2
21.281	2
22.877	2
23.426	2
23.848	2
24.391	2
25.353	2
26.583	2
28.581	2
28.96	2
29.167	2
29.234	2
29.604	2
29.652	2
29.672	2
30.119	2
30.348	2
30.438	2
30.537	2
31.374	3
31.396	3
31.653	3
33.642	3
34.866	3
34.948	3
37.137	3
37.289	3
37.592	3
37.954	3
38.667	3
38.759	3
38.772	3
39.027	3
39.217	3
39.237	3
39.62	3
39.693	3
39.866	3
39.871	3
40.325	3
40.402	3
41.144	3
41.642	3
42.921	3
47.481	3
19.965	1
19.973	1
20.0	1
20.023	1
20.036	1
20.04	1
20.066	1
20.08	1
20.084	1
20.093	2
20.094	2
20.099	2
20.104	2
20.11	2
20.112	2
20.115	2
20.156	2
20.162	2
20.174	2
20.193	2
20.196	2
20.198	2
20.205	2
20.229	2
20.232	2
20.239	2
20.241	2
20.254	2
20.285	2
20.302	2
20.303	2
20.339	2
20.403	2
20.404	2
20.405	2
20.407	2
20.435	2
20.44	2
20.449	2
20.463	2
20.481	2
20.507	2
20.542	2
20.866	2
21.19	2
21.281	2
22.877	2
23.426	2
23.848	2
24.391	2
25.353	2
26.583	2
28.581	2
28.96	2
29.167	2
29.234	2
29.604	2
29.652	2
29.672	2
30.119	2
30.348	2
30.438	2
30.537	2
31.374	2
31.396	2
31.653	2
33.642	2
34.866	2
34.948	2
37.137	2
37.289	2
37.592	3
37.954	3
38.667	3
38.759	3
38.772	3
39.027	3
39.217	3
39.237	3
39.62	3
39.693	3
39.866	3
39.871	3
40.325	3
40.402	3
41.144	3
41.642	3
42.921	3
47.481	3
19.973	1
20.0	1
20.023	1
20.036	1
20.04	1
20.066	1
20.08	1
20.084	1
20.093	2
20.094	2
20.099	2
20.104	2
20.11	2
20.112	2
20.115	2
20.156	2
20.162	2
20.174	2
20.193	2
20.196	2
20.198	2
20.205	2
20.229	2
20.232	2
20.239	3
20.241	3
20.254	3
20.285	3
20.302	3
20.303	3
20.339	3
20.403	3
20.404	3
20.405	3
20.407	3
20.435	3
20.44	3
20.449	3
20.463	3
20.481	3
20.507	3
20.542	3
20.866	3
21.19	3
21.281	3
22.877	3
23.426	3
23.848	3
24.391	3
25.353	3
26.583	3
28.581	3
28.96	3
29.167	3
29.234	3
29.604	3
29.652	3
29.672	3
30.119	3
30.348	3
30.438	3
30.537	3
31.374	3
31.396	3
31.653	3
33.642	3
34.866	3
34.948	3
37.137	3
37.289	3
37.592	3
37.954	3
38.667	3
38.759	3
38.772	3
39.027	3
39.217	3
39.237	3
39.62	3
39.693	3
39.866	3
39.871	3
40.325	3
40.402	3
41.144	3
41.642	3
42.921	3
47.481	3
19.885	1
19.891	1
19.937	1
19.965	1
19.973	1
20.0	1
20.023	1
20.036	1
20.04	1
20.066	1
20.08	1
20.084	1
20.093	1
20.094	1
20.099	1
20.104	1
20.11	1
20.112	1
20.115	1
20.156	1
20.162	1
20.174	1
20.193	1
20.196	1
20.198	1
20.205	1
20.229	1
20.232	1
20.239	1
20.241	1
20.254	1
20.285	1
20.302	1
20.303	1
20.339	1
20.403	1
20.404	1
20.405	1
20.407	1
20.435	1
20.44	1
20.449	1
20.463	1
20.481	1
20.507	1
20.542	1
20.866	1
21.19	2
21.281	2
22.877	2
23.426	2
23.848	2
24.391	2
25.353	2
26.583	2
28.581	2
28.96	2
29.167	2
29.234	2
29.604	2
29.652	2
29.672	2
30.119	2
30.348	2
30.438	2
30.537	2
31.374	3
31.396	3
31.653	3
33.642	3
34.866	3
34.948	3
37.137	3
37.289	3
37.592	3
37.954	3
38.667	3
38.759	3
38.772	3
39.027	3
39.217	3
39.237	3
39.62	3
39.693	3
39.866	3
39.871	3
40.325	3
40.402	3
41.144	3
41.642	3
42.921	3
47.481	3
19.885	1
19.891	1
19.937	1
19.965	1
19.973	2
20.0	2
20.023	2
20.036	2
20.04	2
20.066	2
20.08	2
20.084	2
20.093	2
20.094	2
20.099	2
20.104	2
20.11	2
20.112	2
20.115	3
20.156	3
20.162	3
20.174	3
20.193	3
20.196	3
20.198	3
20.205	3
20.229	3
20.232	3
20.239	3
20.241	3
20.254	3
20.285	3
20.302	3
20.303	3
20.339	3
20.403	3
20.404	3
20.405	4
20.407	4
20.435	4
20.44	4
20.449	4
20.463	4
20.481	4
20.507	4
20.542	4
20.866	3
21.19	4
21.281	4
22.877	4
23.426	4
23.848	4
24.391	4
25.353	4
26.583	4
28.581	4
28.96	4
29.167	4
29.234	4
29.604	4
29.652	3
29.672	3
30.119	3
30.348	3
30.438	3
30.537	3
31.374	3
31.396	3
31.653	3
33.642	3
34.866	3
34.948	3
37.137	3
37.289	3
37.592	3
37.954	3
38.667	3
38.759	3
38.772	3
39.027	3
39.217	3
39.237	3
39.62	3
39.693	3
39.866	3
39.871	3
40.325	3
40.402	3
41.144	3
41.642	3
42.921	3
47.481	3
19.796	1
19.885	2
19.891	2
19.937	2
19.965	2
19.973	2
20.0	3
20.023	3
20.036	3
20.04	3
20.066	3
20.08	3
20.084	4
20.093	4
20.094	5
20.099	5
20.104	5
20.11	5
20.112	5
20.115	5
20.156	5
20.162	5
20.174	5
20.193	6
20.196	6
20.198	6
20.205	6
20.229	6
20.232	6
20.239	7
20.241	7
20.254	7
20.285	7
20.302	7
20.303	7
20.339	7
20.403	8
20.404	8
20.405	8
20.407	8
20.435	8
20.44	8
20.449	8
20.463	8
20.481	8
20.507	8
20.542	8
20.866	8
21.19	8
21.281	8
22.877	8
23.426	8
23.848	8
24.391	8
25.353	8
26.583	8
28.581	8
28.96	8
29.167	8
29.234	8
29.604	8
29.652	8
29.672	8
30.119	8
30.348	8
30.438	7
30.537	6
31.374	6
31.396	6
31.653	6
33.642	5
34.866	5
34.948	5
37.137	5
37.289	5
37.592	5
37.954	5
38.667	5
38.759	5
38.772	5
39.027	5
39.217	5
39.237	5
39.62	4
39.693	4
39.866	4
39.871	4
40.325	4
40.402	4
41.144	4
41.642	3
42.921	3
47.481	3
20.084	1
20.093	2
20.094	2
20.099	2
20.104	2
20.11	2
20.112	2
20.115	2
20.156	2
20.162	2
20.174	2
20.193	2
20.196	2
20.198	2
20.205	2
20.229	2
20.232	2
20.239	3
20.241	3
20.254	3
20.285	3
20.302	3
20.303	3
20.339	3
20.403	3
20.404	3
20.405	3
20.407	3
20.435	3
20.44	3
20.449	3
20.463	3
20.481	3
20.507	3
20.542	3
20.866	3
21.19	3
21.281	3
22.877	3
23.426	3
23.848	3
24.391	3
25.353	3
26.583	3
28.581	3
28.96	3
29.167	3
29.234	3
29.604	3
29.652	3
29.672	3
30.119	3
30.348	3
30.438	3
30.537	3
31.374	3
31.396	3
31.653	3
33.642	3
34.866	3
34.948	3
37.137	3
37.289	3
37.592	3
37.954	3
38.667	3
38.759	3
38.772	3
39.027	3
39.217	3
39.237	3
39.62	3
39.693	3
39.866	3
39.871	3
40.325	3
40.402	3
41.144	3
41.642	3
42.921	3
47.481	3
19.965	1
19.973	1
20.0	1
20.023	1
20.036	1
20.04	1
20.066	1
20.08	1
20.084	1
20.093	1
20.094	1
20.099	1
20.104	1
20.11	1
20.112	1
20.115	1
20.156	1
20.162	1
20.174	1
20.193	1
20.196	1
20.198	1
20.205	1
20.229	1
20.232	1
20.239	1
20.241	1
20.254	1
20.285	1
20.302	1
20.303	1
20.339	1
20.403	1
20.404	1
20.405	1
20.407	1
20.435	1
20.44	1
20.449	1
20.463	1
20.481	1
20.507	1
20.542	1
20.866	1
21.19	2
21.281	2
22.877	2
23.426	2
23.848	2
24.391	2
25.353	2
26.583	2
28.581	2
28.96	2
29.167	2
29.234	2
29.604	2
29.652	2
29.672	2
30.119	2
30.348	2
30.438	2
30.537	2
31.374	2
31.396	2
31.653	2
33.642	2
34.866	2
34.948	2
37.137	2
37.289	2
37.592	3
37.954	3
38.667	3
38.759	3
38.772	3
39.027	3
39.217	3
39.237	3
39.62	3
39.693	3
39.866	3
39.871	3
40.325	3
40.402	3
41.144	3
41.642	3
42.921	3
47.481	3
19.885	1
19.891	1
19.937	1
19.965	1
19.973	1
20.0	1
20.023	1
20.036	1
20.04	2
20.066	2
20.08	3
20.084	3
20.093	3
20.094	3
20.099	3
20.104	3
20.11	3
20.112	3
20.115	3
20.156	3
20.162	3
20.174	3
20.193	3
20.196	3
20.198	3
20.205	3
20.229	3
20.232	3
20.239	3
20.241	3
20.254	3
20.285	3
20.302	3
20.303	3
20.339	3
20.403	3
20.404	4
20.405	4
20.407	4
20.435	4
20.44	4
20.449	5
20.463	5
20.481	5
20.507	5
20.542	5
20.866	5
21.19	5
21.281	5
22.877	5
23.426	5
23.848	5
24.391	4
25.353	3
26.583	3
28.581	3
28.96	3
29.167	3
29.234	2
29.604	2
29.652	2
29.672	2
30.119	2
30.348	2
30.438	2
30.537	2
31.374	3
31.396	3
31.653	3
33.642	3
34.866	3
34.948	3
37.137	3
37.289	3
37.592	3
37.954	3
38.667	3
38.759	3
38.772	3
39.027	3
39.217	3
39.237	3
39.62	3
39.693	3
39.866	3
39.871	3
40.325	3
40.402	3
41.144	3
41.642	3
42.921	3
47.481	3
19.973	1
20.0	1
20.023	1
20.036	1
20.04	1
20.066	1
20.08	1
20.084	2
20.093	2
20.094	2
20.099	2
20.104	2
20.11	2
20.112	2
20.115	2
20.156	2
20.162	2
20.174	2
20.193	2
20.196	2
20.198	2
20.205	2
20.229	2
20.232	2
20.239	3
20.241	3
20.254	3
20.285	3
20.302	3
20.303	3
20.339	3
20.403	3
20.404	3
20.405	3
20.407	3
20.435	3
20.44	3
20.449	3
20.463	3
20.481	3
20.507	3
20.542	3
20.866	3
21.19	3
21.281	3
22.877	3
23.426	3
23.848	3
24.391	3
25.353	3
26.583	3
28.581	3
28.96	3
29.167	3
29.234	3
29.604	3
29.652	3
29.672	3
30.119	3
30.348	3
30.438	3
30.537	3
31.374	3
31.396	3
31.653	3
33.642	3
34.866	3
34.948	3
37.137	3
37.289	3
37.592	3
37.954	3
38.667	3
38.759	3
38.772	3
39.027	3
39.217	3
39.237	3
39.62	3
39.693	3
39.866	3
39.871	3
40.325	3
40.402	3
41.144	3
41.642	3
42.921	3
47.481	3
19.965	1
19.973	1
20.0	1
20.023	1
20.036	1
20.04	1
20.066	1
20.08	2
20.084	2
20.093	2
20.094	2
20.099	2
20.104	2
20.11	2
20.112	2
20.115	2
20.156	2
20.162	2
20.174	2
20.193	2
20.196	2
20.198	2
20.205	2
20.229	2
20.232	2
20.239	2
20.241	2
20.254	2
20.285	2
20.302	2
20.303	2
20.339	2
20.403	2
20.404	2
20.405	2
20.407	2
20.435	2
20.44	2
20.449	2
20.463	2
20.481	2
20.507	2
20.542	2
20.866	2
21.19	2
21.281	2
22.877	2
23.426	2
23.848	2
24.391	2
25.353	2
26.583	2
28.581	2
28.96	2
29.167	2
29.234	2
29.604	2
29.652	2
29.672	2
30.119	2
30.348	2
30.438	2
30.537	2
31.374	2
31.396	2
31.653	2
33.642	2
34.866	2
34.948	2
37.137	2
37.289	2
37.592	3
37.954	3
38.667	3
38.759	3
38.772	3
39.027	3
39.217	3
39.237	3
39.62	3
39.693	3
39.866	3
39.871	3
40.325	3
40.402	3
41.144	3
41.642	3
42.921	3
47.481	3
19.796	1
19.885	1
19.891	1
19.937	1
19.965	1
19.973	1
20.0	1
20.023	1
20.036	1
20.04	1
20.066	1
20.08	1
20.084	1
20.093	1
20.094	1
20.099	1
20.104	1
20.11	1
20.112	1
20.115	1
20.156	1
20.162	1
20.174	1
20.193	1
20.196	1
20.198	1
20.205	1
20.229	1
20.232	1
20.239	2
20.241	2
20.254	2
20.285	2
20.302	2
20.303	2
20.339	2
20.403	2
20.404	2
20.405	2
20.407	2
20.435	2
20.44	2
20.449	2
20.463	2
20.481	2
20.507	2
20.542	2
20.866	2
21.19	3
21.281	3
22.877	3
23.426	3
23.848	3
24.391	3
25.353	3
26.583	3
28.581	3
28.96	3
29.167	3
29.234	3
29.604	3
29.652	3
29.672	3
30.119	3
30.348	3
30.438	3
30.537	3
31.374	3
31.396	3
31.653	3
33.642	3
34.866	3
34.948	3
37.137	3
37.289	3
37.592	3
37.954	3
38.667	3
38.759	3
38.772	3
39.027	3
39.217	3
39.237	3
39.62	3
39.693	3
39.866	3
39.871	3
40.325	3
40.402	3
41.144	3
41.642	3
42.921	3
47.481	3
19.965	1
19.973	1
20.0	1
20.023	1
20.036	1
20.04	1
20.066	1
20.08	1
20.084	1
20.093	1
20.094	1
20.099	1
20.104	1
20.11	2
20.112	2
20.115	2
20.156	2
20.162	2
20.174	2
20.193	2
20.196	2
20.198	2
20.205	2
20.229	2
20.232	2
20.239	2
20.241	2
20.254	2
20.285	2
20.302	2
20.303	2
20.339	2
20.403	2
20.404	2
20.405	2
20.407	2
20.435	2
20.44	2
20.449	2
20.463	2
20.481	2
20.507	2
20.542	2
20.866	2
21.19	3
21.281	3
22.877	3
23.426	3
23.848	3
24.391	3
25.353	3
26.583	3
28.581	3
28.96	3
29.167	3
29.234	3
29.604	3
29.652	3
29.672	3
30.119	3
30.348	3
30.438	3
30.537	3
31.374	3
31.396	3
31.653	3
33.642	3
34.866	3
34.948	3
37.137	3
37.289	3
37.592	3
37.954	3
38.667	3
38.759	3
38.772	3
39.027	3
39.217	3
39.237	3
39.62	3
39.693	3
39.866	3
39.871	3
40.325	3
40.402	3
41.144	3
41.642	3
42.921	3
47.481	3
20.093	1
20.094	1
20.099	1
20.104	1
20.11	2
20.112	2
20.115	2
20.156	2
20.162	2
20.174	2
20.193	2
20.196	2
20.198	2
20.205	2
20.229	2
20.232	2
20.239	3
20.241	3
20.254	3
20.285	3
20.302	3
20.303	3
20.339	3
20.403	3
20.404	3
20.405	3
20.407	3
20.435	3
20.44	3
20.449	3
20.463	3
20.481	3
20.507	3
20.542	3
20.866	3
21.19	3
21.281	3
22.877	3
23.426	3
23.848	3
24.391	3
25.353	3
26.583	3
28.581	3
28.96	3
29.167	3
29.234	3
29.604	3
29.652	3
29.672	3
30.119	3
30.348	3
30.438	3
30.537	3
31.374	3
31.396	3
31.653	3
33.642	3
34.866	3
34.948	3
37.137	3
37.289	3
37.592	3
37.954	3
38.667	3
38.759	3
38.772	3
39.027	3
39.217	3
39.237	3
39.62	3
39.693	3
39.866	3
39.871	3
40.325	3
40.402	3
41.144	3
41.642	3
42.921	3
47.481	3
19.965	1
19.973	1
20.0	1
20.023	1
20.036	1
20.04	1
20.066	1
20.08	2
20.084	2
20.093	2
20.094	2
20.099	2
20.104	2
20.11	2
20.112	2
20.115	2
20.156	2
20.162	2
20.174	2
20.193	2
20.196	2
20.198	2
20.205	2
20.229	2
20.232	2
20.239	2
20.241	2
20.254	2
20.285	2
20.302	2
20.303	2
20.339	3
20.403	3
20.404	3
20.405	3
20.407	3
20.435	3
20.44	3
20.449	3
20.463	3
20.481	3
20.507	3
20.542	3
20.866	3
21.19	3
21.281	3
22.877	3
23.426	3
23.848	3
24.391	3
25.353	3
26.583	3
28.581	3
28.96	3
29.167	3
29.234	3
29.604	3
29.652	3
29.672	3
30.119	3
30.348	3
30.438	3
30.537	3
31.374	3
31.396	3
31.653	3
33.642	3
34.866	3
34.948	3
37.137	3
37.289	3
37.592	3
37.954	3
38.667	3
38.759	3
38.772	3
39.027	3
39.217	3
39.237	3
39.62	3
39.693	3
39.866	3
39.871	3
40.325	3
40.402	3
41.144	3
41.642	3
42.921	3
47.481	3
20.0	1
20.023	1
20.036	1
20.04	1
20.066	1
20.08	1
20.084	1
20.093	2
20.094	2
20.099	2
20.104	2
20.11	2
20.112	2
20.115	2
20.156	2
20.162	2
20.174	2
20.193	2
20.196	2
20.198	2
20.205	2
20.229	2
20.232	2
20.239	2
20.241	2
20.254	2
20.285	2
20.302	2
20.303	2
20.339	2
20.403	2
20.404	2
20.405	2
20.407	2
20.435	2
20.44	2
20.449	2
20.463	2
20.481	2
20.507	2
20.542	2
20.866	2
21.19	2
21.281	2
22.877	2
23.426	2
23.848	2
24.391	2
25.353	2
26.583	2
28.581	2
28.96	2
29.167	2
29.234	2
29.604	2
29.652	2
29.672	2
30.119	2
30.348	2
30.438	2
30.537	2
31.374	2
31.396	2
31.653	2
33.642	2
34.866	2
34.948	2
37.137	2
37.289	2
37.592	3
37.954	3
38.667	3
38.759	3
38.772	3
39.027	3
39.217	3
39.237	3
39.62	3
39.693	3
39.866	3
39.871	3
40.325	3
40.402	3
41.144	3
41.642	3
42.921	3
47.481	3
19.937	1
19.965	2
19.973	3
20.0	3
20.023	3
20.036	3
20.04	3
20.066	3
20.08	3
20.084	3
20.093	3
20.094	3
20.099	3
20.104	4
20.11	5
20.112	5
20.115	5
20.156	5
20.162	5
20.174	5
20.193	5
20.196	5
20.198	5
20.205	5
20.229	5
20.232	5
20.239	5
20.241	5
20.254	5
20.285	5
20.302	5
20.303	5
20.339	5
20.403	5
20.404	5
20.405	5
20.407	5
20.435	5
20.44	5
20.449	5
20.463	5
20.481	5
20.507	5
20.542	5
20.866	5
21.19	6
21.281	5
22.877	5
23.426	5
23.848	5
24.391	5
25.353	5
26.583	5
28.581	5
28.96	5
29.167	4
29.234	4
29.604	4
29.652	4
29.672	4
30.119	4
30.348	4
30.438	4
30.537	4
31.374	4
31.396	4
31.653	4
33.642	4
34.866	4
34.948	4
37.137	4
37.289	4
37.592	4
37.954	4
38.667	4
38.759	4
38.772	4
39.027	4
39.217	4
39.237	4
39.62	4
39.693	4
39.866	4
39.871	4
40.325	4
40.402	4
41.144	4
41.642	4
42.921	4
47.481	3
20.0	1
20.023	1
20.036	1
20.04	1
20.066	1
20.08	2
20.084	2
20.093	2
20.094	2
20.099	2
20.104	2
20.11	2
20.112	2
20.115	2
20.156	2
20.162	2
20.174	2
20.193	2
20.196	2
20.198	2
20.205	2
20.229	2
20.232	2
20.239	2
20.241	2
20.254	2
20.285	2
20.302	2
20.303	2
20.339	3
20.403	3
20.404	3
20.405	3
20.407	3
20.435	3
20.44	3
20.449	3
20.463	3
20.481	3
20.507	3
20.542	3
20.866	3
21.19	3
21.281	3
22.877	3
23.426	3
23.848	3
24.391	3
25.353	3
26.583	3
28.581	3
28.96	3
29.167	3
29.234	3
29.604	3
29.652	3
29.672	3
30.119	3
30.348	3
30.438	3
30.537	3
31.374	3
31.396	3
31.653	3
33.642	3
34.866	3
34.948	3
37.137	3
37.289	3
37.592	3
37.954	3
38.667	3
38.759	3
38.772	3
39.027	3
39.217	3
39.237	3
39.62	3
39.693	3
39.866	3
39.871	3
40.325	3
40.402	3
41.144	3
41.642	3
42.921	3
47.481	3
19.885	1
19.891	1
19.937	1
19.965	1
19.973	2
20.0	2
20.023	2
20.036	2
20.04	2
20.066	2
20.08	2
20.084	2
20.093	2
20.094	2
20.099	2
20.104	2
20.11	2
20.112	2
20.115	2
20.156	2
20.162	2
20.174	2
20.193	2
20.196	2
20.198	2
20.205	2
20.229	2
20.232	2
20.239	2
20.241	2
20.254	2
20.285	2
20.302	2
20.303	2
20.339	2
20.403	2
20.404	2
20.405	2
20.407	2
20.435	2
20.44	2
20.449	2
20.463	2
20.481	2
20.507	2
20.542	2
20.866	2
21.19	2
21.281	2
22.877	2
23.426	2
23.848	2
24.391	2
25.353	2
26.583	2
28.581	2
28.96	2
29.167	2
29.234	2
29.604	2
29.652	2
29.672	2
30.119	2
30.348	2
30.438	2
30.537	2
31.374	3
31.396	3
31.653	3
33.642	3
34.866	3
34.948	3
37.137	3
37.289	3
37.592	3
37.954	3
38.667	3
38.759	3
38.772	3
39.027	3
39.217	3
39.237	3
39.62	3
39.693	3
39.866	3
39.871	3
40.325	3
40.402	3
41.144	3
41.642	3
42.921	3
47.481	3
20.0	1
20.023	1
20.036	1
20.04	1
20.066	1
20.08	1
20.084	1
20.093	2
20.094	2
20.099	2
20.104	2
20.11	2
20.112	2
20.115	2
20.156	2
20.162	2
20.174	2
20.193	2
20.196	2
20.198	2
20.205	2
20.229	2
20.232	2
20.239	2
20.241	2
20.254	2
20.285	2
20.302	2
20.303	2
20.339	2
20.403	2
20.404	2
20.405	2
20.407	2
20.435	2
20.44	2
20.449	2
20.463	2
20.481	2
20.507	2
20.542	2
20.866	2
21.19	2
21.281	2
22.877	2
23.426	2
23.848	2
24.391	2
25.353	2
26.583	2
28.581	2
28.96	2
29.167	2
29.234	2
29.604	2
29.652	2
29.672	2
30.119	2
30.348	2
30.438	2
30.537	2
31.374	2
31.396	2
31.653	2
33.642	2
34.866	2
34.948	2
37.137	2
37.289	2
37.592	3
37.954	3
38.667	3
38.759	3
38.772	3
39.027	3
39.217	3
39.237	3
39.62	3
39.693	3
39.866	3
39.871	3
40.325	3
40.402	3
41.144	3
41.642	3
42.921	3
47.481	3
20.239	1
20.241	1
20.254	1
20.285	1
20.302	1
20.303	1
20.339	2
20.403	2
20.404	2
20.405	2
20.407	2
20.435	2
20.44	2
20.449	2
20.463	2
20.481	2
20.507	2
20.542	2
20.866	2
21.19	3
21.281	3
22.877	3
23.426	3
23.848	3
24.391	3
25.353	3
26.583	3
28.581	3
28.96	3
29.167	3
29.234	3
29.604	3
29.652	3
29.672	3
30.119	3
30.348	3
30.438	3
30.537	3
31.374	3
31.396	3
31.653	3
33.642	3
34.866	3
34.948	3
37.137	3
37.289	3
37.592	3
37.954	3
38.667	3
38.759	3
38.772	3
39.027	3
39.217	3
39.237	3
39.62	3
39.693	3
39.866	3
39.871	3
40.325	3
40.402	3
41.144	3
41.642	3
42.921	3
47.481	3
20.08	1
20.084	2
20.093	2
20.094	2
20.099	2
20.104	2
20.11	2
20.112	2
20.115	2
20.156	2
20.162	2
20.174	2
20.193	2
20.196	2
20.198	2
20.205	2
20.229	2
20.232	2
20.239	3
20.241	3
20.254	3
20.285	3
20.302	3
20.303	3
20.339	3
20.403	3
20.404	3
20.405	3
20.407	3
20.435	3
20.44	3
20.449	3
20.463	3
20.481	3
20.507	3
20.542	3
20.866	3
21.19	3
21.281	3
22.877	3
23.426	3
23.848	3
24.391	3
25.353	3
26.583	3
28.581	3
28.96	3
29.167	3
29.234	3
29.604	3
29.652	3
29.672	3
30.119	3
30.348	3
30.438	3
30.537	3
31.374	3
31.396	3
31.653	3
33.642	3
34.866	3
34.948	3
37.137	3
37.289	3
37.592	3
37.954	3
38.667	3
38.759	3
38.772	3
39.027	3
39.217	3
39.237	3
39.62	3
39.693	3
39.866	3
39.871	3
40.325	3
40.402	3
41.144	3
41.642	3
42.921	3
47.481	3
20.11	1
20.112	1
20.115	1
20.156	1
20.162	1
20.174	1
20.193	1
20.196	1
20.198	1
20.205	1
20.229	1
20.232	1
20.239	1
20.241	1
20.254	1
20.285	1
20.302	1
20.303	1
20.339	1
20.403	1
20.404	1
20.405	1
20.407	1
20.435	1
20.44	1
20.449	1
20.463	1
20.481	1
20.507	1
20.542	1
20.866	1
21.19	2
21.281	2
22.877	2
23.426	2
23.848	2
24.391	2
25.353	2
26.583	2
28.581	2
28.96	2
29.167	2
29.234	2
29.604	2
29.652	2
29.672	2
30.119	2
30.348	2
30.438	2
30.537	2
31.374	3
31.396	3
31.653	3
33.642	3
34.866	3
34.948	3
37.137	3
37.289	3
37.592	3
37.954	3
38.667	3
38.759	3
38.772	3
39.027	3
39.217	3
39.237	3
39.62	3
39.693	3
39.866	3
39.871	3
40.325	3
40.402	3
41.144	3
41.642	3
42.921	3
47.481	3
19.965	1
19.973	1
20.0	2
20.023	2
20.036	2
20.04	2
20.066	2
20.08	2
20.084	2
20.093	2
20.094	2
20.099	2
20.104	2
20.11	2
20.112	2
20.115	2
20.156	2
20.162	2
20.174	2
20.193	2
20.196	2
20.198	2
20.205	2
20.229	2
20.232	2
20.239	2
20.241	2
20.254	2
20.285	2
20.302	2
20.303	2
20.339	3
20.403	3
20.404	3
20.405	3
20.407	3
20.435	3
20.44	3
20.449	3
20.463	3
20.481	3
20.507	3
20.542	3
20.866	3
21.19	3
21.281	3
22.877	3
23.426	3
23.848	3
24.391	3
25.353	3
26.583	3
28.581	3
28.96	3
29.167	3
29.234	3
29.604	3
29.652	3
29.672	3
30.119	3
30.348	3
30.438	3
30.537	3
31.374	3
31.396	3
31.653	3
33.642	3
34.866	3
34.948	3
37.137	3
37.289	3
37.592	3
37.954	3
38.667	3
38.759	3
38.772	3
39.027	3
39.217	3
39.237	3
39.62	3
39.693	3
39.866	3
39.871	3
40.325	3
40.402	3
41.144	3
41.642	3
42.921	3
47.481	3
19.885	1
19.891	1
19.937	1
19.965	1
19.973	1
20.0	1
20.023	1
20.036	1
20.04	1
20.066	1
20.08	1
20.084	1
20.093	1
20.094	1
20.099	1
20.104	1
20.11	2
20.112	2
20.115	2
20.156	2
20.162	2
20.174	2
20.193	2
20.196	2
20.198	3
20.205	3
20.229	3
20.232	3
20.239	3
20.241	3
20.254	3
20.285	4
20.302	4
20.303	4
20.339	4
20.403	4
20.404	4
20.405	4
20.407	4
20.435	4
20.44	4
20.449	4
20.463	4
20.481	4
20.507	5
20.542	5
20.866	5
21.19	5
21.281	5
22.877	5
23.426	5
23.848	4
24.391	4
25.353	4
26.583	4
28.581	4
28.96	4
29.167	4
29.234	4
29.604	4
29.652	4
29.672	4
30.119	4
30.348	4
30.438	4
30.537	4
31.374	4
31.396	3
31.653	3
33.642	3
34.866	3
34.948	3
37.137	3
37.289	3
37.592	3
37.954	3
38.667	3
38.759	3
38.772	3
39.027	3
39.217	3
39.237	3
39.62	3
39.693	3
39.866	3
39.871	3
40.325	3
40.402	3
41.144	3
41.642	3
42.921	3
47.481	3
19.796	1
19.885	1
19.891	1
19.937	1
19.965	1
19.973	1
20.0	1
20.023	1
20.036	1
20.04	1
20.066	1
20.08	1
20.084	1
20.093	2
20.094	2
20.099	2
20.104	2
20.11	2
20.112	2
20.115	2
20.156	2
20.162	2
20.174	2
20.193	2
20.196	2
20.198	2
20.205	2
20.229	2
20.232	2
20.239	2
20.241	2
20.254	2
20.285	2
20.302	2
20.303	2
20.339	2
20.403	2
20.404	2
20.405	2
20.407	2
20.435	2
20.44	2
20.449	2
20.463	2
20.481	2
20.507	2
20.542	3
20.866	3
21.19	3
21.281	3
22.877	3
23.426	3
23.848	3
24.391	3
25.353	3
26.583	3
28.581	3
28.96	3
29.167	3
29.234	3
29.604	3
29.652	3
29.672	3
30.119	3
30.348	3
30.438	3
30.537	3
31.374	3
31.396	3
31.653	3
33.642	3
34.866	3
34.948	3
37.137	3
37.289	3
37.592	3
37.954	3
38.667	3
38.759	3
38.772	3
39.027	3
39.217	3
39.237	3
39.62	3
39.693	3
39.866	3
39.871	3
40.325	3
40.402	3
41.144	3
41.642	3
42.921	3
47.481	3
20.023	1
20.036	1
20.04	1
20.066	1
20.08	1
20.084	1
20.093	2
20.094	2
20.099	2
20.104	2
20.11	2
20.112	2
20.115	2
20.156	2
20.162	2
20.174	2
20.193	2
20.196	2
20.198	2
20.205	2
20.229	2
20.232	2
20.239	2
20.241	2
20.254	2
20.285	2
20.302	2
20.303	2
20.339	2
20.403	2
20.404	2
20.405	2
20.407	2
20.435	2
20.44	2
20.449	2
20.463	2
20.481	2
20.507	2
20.542	2
20.866	2
21.19	2
21.281	2
22.877	2
23.426	2
23.848	2
24.391	2
25.353	2
26.583	2
28.581	2
28.96	2
29.167	2
29.234	2
29.604	2
29.652	2
29.672	2
30.119	2
30.348	2
30.438	2
30.537	2
31.374	2
31.396	2
31.653	2
33.642	2
34.866	2
34.948	2
37.137	2
37.289	2
37.592	3
37.954	3
38.667	3
38.759	3
38.772	3
39.027	3
39.217	3
39.237	3
39.62	3
39.693	3
39.866	3
39.871	3
40.325	3
40.402	3
41.144	3
41.642	3
42.921	3
47.481	3
19.965	1
19.973	1
20.0	1
20.023	1
20.036	1
20.04	1
20.066	1
20.08	1
20.084	1
20.093	1
20.094	1
20.099	1
20.104	1
20.11	1
20.112	1
20.115	1
20.156	1
20.162	1
20.174	1
20.193	1
20.196	1
20.198	1
20.205	1
20.229	1
20.232	1
20.239	2
20.241	2
20.254	2
20.285	2
20.302	2
20.303	2
20.339	2
20.403	2
20.404	2
20.405	2
20.407	2
20.435	2
20.44	2
20.449	2
20.463	2
20.481	2
20.507	2
20.542	2
20.866	2
21.19	2
21.281	2
22.877	2
23.426	2
23.848	2
24.391	2
25.353	2
26.583	2
28.581	2
28.96	2
29.167	2
29.234	2
29.604	2
29.652	2
29.672	2
30.119	2
30.348	2
30.438	2
30.537	2
31.374	2
31.396	2
31.653	2
33.642	2
34.866	2
34.948	2
37.137	2
37.289	2
37.592	3
37.954	3
38.667	3
38.759	3
38.772	3
39.027	3
39.217	3
39.237	3
39.62	3
39.693	3
39.866	3
39.871	3
40.325	3
40.402	3
41.144	3
41.642	3
42.921	3
47.481	3
19.973	1
20.0	1
20.023	1
20.036	1
20.04	1
20.066	1
20.08	2
20.084	2
20.093	2
20.094	2
20.099	2
20.104	2
20.11	2
20.112	2
20.115	2
20.156	2
20.162	2
20.174	2
20.193	2
20.196	2
20.198	2
20.205	2
20.229	2
20.232	2
20.239	3
20.241	3
20.254	3
20.285	3
20.302	3
20.303	3
20.339	3
20.403	3
20.404	3
20.405	3
20.407	3
20.435	3
20.44	3
20.449	3
20.463	3
20.481	3
20.507	3
20.542	3
20.866	3
21.19	3
21.281	3
22.877	3
23.426	3
23.848	3
24.391	3
25.353	3
26.583	3
28.581	3
28.96	3
29.167	3
29.234	3
29.604	3
29.652	3
29.672	3
30.119	3
30.348	3
30.438	3
30.537	3
31.374	3
31.396	3
31.653	3
33.642	3
34.866	3
34.948	3
37.137	3
37.289	3
37.592	3
37.954	3
38.667	3
38.759	3
38.772	3
39.027	3
39.217	3
39.237	3
39.62	3
39.693	3
39.866	3
39.871	3
40.325	3
40.402	3
41.144	3
41.642	3
42.921	3
47.481	3
19.965	1
19.973	1
20.0	1
20.023	1
20.036	1
20.04	1
20.066	1
20.08	1
20.084	1
20.093	2
20.094	2
20.099	2
20.104	2
20.11	2
20.112	2
20.115	2
20.156	2
20.162	2
20.174	2
20.193	2
20.196	2
20.198	2
20.205	2
20.229	2
20.232	2
20.239	2
20.241	2
20.254	2
20.285	2
20.302	2
20.303	2
20.339	2
20.403	2
20.404	2
20.405	2
20.407	2
20.435	2
20.44	2
20.449	2
20.463	2
20.481	2
20.507	2
20.542	2
20.866	2
21.19	3
21.281	3
22.877	3
23.426	3
23.848	3
24.391	3
25.353	3
26.583	3
28.581	3
28.96	3
29.167	3
29.234	3
29.604	3
29.652	3
29.672	3
30.119	3
30.348	3
30.438	3
30.537	3
31.374	3
31.396	3
31.653	3
33.642	3
34.866	3
34.948	3
37.137	3
37.289	3
37.592	3
37.954	3
38.667	3
38.759	3
38.772	3
39.027	3
39.217	3
39.237	3
39.62	3
39.693	3
39.866	3
39.871	3
40.325	3
40.402	3
41.144	3
41.642	3
42.921	3
47.481	3
19.965	1
19.973	1
20.0	1
20.023	1
20.036	1
20.04	1
20.066	1
20.08	1
20.084	2
20.093	2
20.094	2
20.099	2
20.104	2
20.11	3
20.112	3
20.115	3
20.156	3
20.162	3
20.174	3
20.193	3
20.196	3
20.198	3
20.205	3
20.229	3
20.232	3
20.239	3
20.241	3
20.254	3
20.285	3
20.302	3
20.303	3
20.339	3
20.403	3
20.404	3
20.405	3
20.407	3
20.435	3
20.44	3
20.449	3
20.463	3
20.481	3
20.507	3
20.542	3
20.866	3
21.19	3
21.281	3
22.877	3
23.426	3
23.848	3
24.391	3
25.353	3
26.583	3
28.581	3
28.96	3
29.167	3
29.234	3
29.604	3
29.652	3
29.672	3
30.119	3
30.348	3
30.438	3
30.537	3
31.374	3
31.396	3
31.653	3
33.642	3
34.866	3
34.948	3
37.137	3
37.289	3
37.592	3
37.954	3
38.667	3
38.759	3
38.772	3
39.027	3
39.217	3
39.237	3
39.62	3
39.693	3
39.866	3
39.871	3
40.325	3
40.402	3
41.144	3
41.642	3
42.921	3
47.481	3
20.023	1
20.036	1
20.04	1
20.066	1
20.08	1
20.084	1
20.093	2
20.094	2
20.099	2
20.104	2
20.11	2
20.112	2
20.115	2
20.156	3
20.162	3
20.174	3
20.193	3
20.196	3
20.198	3
20.205	3
20.229	3
20.232	3
20.239	3
20.241	3
20.254	3
20.285	3
20.302	3
20.303	3
20.339	3
20.403	3
20.404	3
20.405	3
20.407	4
20.435	4
20.44	5
20.449	5
20.463	5
20.481	5
20.507	5
20.542	5
20.866	5
21.19	5
21.281	5
22.877	5
23.426	5
23.848	5
24.391	5
25.353	5
26.583	5
28.581	5
28.96	5
29.167	5
29.234	5
29.604	5
29.652	5
29.672	5
30.119	4
30.348	4
30.438	4
30.537	4
31.374	5
31.396	5
31.653	5
33.642	5
34.866	5
34.948	4
37.137	3
37.289	3
37.592	3
37.954	3
38.667	3
38.759	3
38.772	3
39.027	3
39.217	3
39.237	3
39.62	3
39.693	3
39.866	3
39.871	3
40.325	3
40.402	3
41.144	3
41.642	3
42.921	3
47.481	3
19.965	1
19.973	1
20.0	1
20.023	1
20.036	1
20.04	1
20.066	1
20.08	1
20.084	1
20.093	1
20.094	1
20.099	1
20.104	1
20.11	1
20.112	1
20.115	1
20.156	1
20.162	1
20.174	1
20.193	1
20.196	1
20.198	1
20.205	1
20.229	1
20.232	1
20.239	1
20.241	1
20.254	1
20.285	1
20.302	1
20.303	1
20.339	2
20.403	2
20.404	2
20.405	2
20.407	2
20.435	2
20.44	2
20.449	2
20.463	2
20.481	2
20.507	2
20.542	2
20.866	2
21.19	3
21.281	3
22.877	3
23.426	3
23.848	3
24.391	3
25.353	3
26.583	3
28.581	3
28.96	3
29.167	3
29.234	3
29.604	3
29.652	3
29.672	3
30.119	3
30.348	3
30.438	3
30.537	3
31.374	3
31.396	3
31.653	3
33.642	3
34.866	3
34.948	3
37.137	3
37.289	3
37.592	3
37.954	3
38.667	3
38.759	3
38.772	3
39.027	3
39.217	3
39.237	3
39.62	3
39.693	3
39.866	3
39.871	3
40.325	3
40.402	3
41.144	3
41.642	3
42.921	3
47.481	3
20.08	1
20.084	2
20.093	2
20.094	2
20.099	2
20.104	2
20.11	2
20.112	2
20.115	2
20.156	2
20.162	2
20.174	2
20.193	2
20.196	2
20.198	2
20.205	2
20.229	2
20.232	2
20.239	3
20.241	3
20.254	3
20.285	3
20.302	3
20.303	3
20.339	3
20.403	3
20.404	3
20.405	3
20.407	3
20.435	3
20.44	3
20.449	3
20.463	3
20.481	3
20.507	3
20.542	3
20.866	3
21.19	3
21.281	3
22.877	3
23.426	3
23.848	3
24.391	3
25.353	3
26.583	3
28.581	3
28.96	3
29.167	3
29.234	3
29.604	3
29.652	3
29.672	3
30.119	3
30.348	3
30.438	3
30.537	3
31.374	3
31.396	3
31.653	3
33.642	3
34.866	3
34.948	3
37.137	3
37.289	3
37.592	3
37.954	3
38.667	3
38.759	3
38.772	3
39.027	3
39.217	3
39.237	3
39.62	3
39.693	3
39.866	3
39.871	3
40.325	3
40.402	3
41.144	3
41.642	3
42.921	3
47.481	3
20.023	1
20.036	1
20.04	1
20.066	1
20.08	1
20.084	2
20.093	2
20.094	2
20.099	2
20.104	2
20.11	3
20.112	3
20.115	3
20.156	3
20.162	3
20.174	3
20.193	3
20.196	3
20.198	3
20.205	3
20.229	3
20.232	3
20.239	3
20.241	3
20.254	3
20.285	3
20.302	3
20.303	3
20.339	3
20.403	3
20.404	3
20.405	3
20.407	3
20.435	3
20.44	3
20.449	3
20.463	3
20.481	3
20.507	3
20.542	3
20.866	3
21.19	3
21.281	3
22.877	3
23.426	3
23.848	3
24.391	3
25.353	3
26.583	3
28.581	3
28.96	3
29.167	3
29.234	3
29.604	3
29.652	3
29.672	3
30.119	3
30.348	3
30.438	3
30.537	3
31.374	3
31.396	3
31.653	3
33.642	3
34.866	3
34.948	3
37.137	3
37.289	3
37.592	3
37.954	3
38.667	3
38.759	3
38.772	3
39.027	3
39.217	3
39.237	3
39.62	3
39.693	3
39.866	3
39.871	3
40.325	3
40.402	3
41.144	3
41.642	3
42.921	3
47.481	3
19.965	1
19.973	1
20.0	1
20.023	1
20.036	1
20.04	1
20.066	1
20.08	1
20.084	1
20.093	1
20.094	1
20.099	1
20.104	1
20.11	1
20.112	1
20.115	1
20.156	1
20.162	1
20.174	1
20.193	1
20.196	1
20.198	1
20.205	1
20.229	1
20.232	1
20.239	1
20.241	1
20.254	1
20.285	1
20.302	1
20.303	1
20.339	2
20.403	2
20.404	2
20.405	2
20.407	2
20.435	2
20.44	2
20.449	2
20.463	2
20.481	2
20.507	2
20.542	2
20.866	2
21.19	2
21.281	2
22.877	2
23.426	2
23.848	2
24.391	2
25.353	2
26.583	2
28.581	2
28.96	2
29.167	2
29.234	2
29.604	2
29.652	2
29.672	2
30.119	2
30.348	2
30.438	2
30.537	2
31.374	2
31.396	2
31.653	2
33.642	2
34.866	2
34.948	2
37.137	2
37.289	2
37.592	3
37.954	3
38.667	3
38.759	3
38.772	3
39.027	3
39.217	3
39.237	3
39.62	3
39.693	3
39.866	3
39.871	3
40.325	3
40.402	3
41.144	3
41.642	3
42.921	3
47.481	3
19.885	1
19.891	1
19.937	1
19.965	1
19.973	1
20.0	1
20.023	1
20.036	1
20.04	1
20.066	1
20.08	2
20.084	2
20.093	3
20.094	3
20.099	3
20.104	3
20.11	3
20.112	3
20.115	3
20.156	3
20.162	3
20.174	3
20.193	3
20.196	3
20.198	3
20.205	3
20.229	3
20.232	3
20.239	3
20.241	3
20.254	3
20.285	3
20.302	3
20.303	3
20.339	3
20.403	3
20.404	3
20.405	3
20.407	3
20.435	3
20.44	3
20.449	3
20.463	3
20.481	3
20.507	3
20.542	3
20.866	3
21.19	3
21.281	3
22.877	3
23.426	3
23.848	3
24.391	3
25.353	3
26.583	3
28.581	3
28.96	3
29.167	3
29.234	3
29.604	3
29.652	3
29.672	3
30.119	3
30.348	3
30.438	3
30.537	3
31.374	3
31.396	3
31.653	3
33.642	3
34.866	3
34.948	3
37.137	3
37.289	3
37.592	3
37.954	3
38.667	3
38.759	3
38.772	3
39.027	3
39.217	3
39.237	3
39.62	3
39.693	3
39.866	3
39.871	3
40.325	3
40.402	3
41.144	3
41.642	3
42.921	3
47.481	3
19.796	1
19.885	2
19.891	2
19.937	2
19.965	2
19.973	2
20.0	2
20.023	2
20.036	2
20.04	2
20.066	2
20.08	2
20.084	2
20.093	2
20.094	2
20.099	2
20.104	2
20.11	2
20.112	2
20.115	2
20.156	2
20.162	2
20.174	2
20.193	2
20.196	2
20.198	2
20.205	2
20.229	2
20.232	2
20.239	2
20.241	2
20.254	2
20.285	2
20.302	2
20.303	2
20.339	2
20.403	2
20.404	2
20.405	2
20.407	2
20.435	2
20.44	2
20.449	2
20.463	2
20.481	2
20.507	2
20.542	2
20.866	2
21.19	2
21.281	2
22.877	2
23.426	2
23.848	2
24.391	2
25.353	2
26.583	2
28.581	2
28.96	2
29.167	2
29.234	2
29.604	2
29.652	2
29.672	2
30.119	2
30.348	2
30.438	2
30.537	2
31.374	3
31.396	3
31.653	3
33.642	3
34.866	3
34.948	3
37.137	3
37.289	3
37.592	3
37.954	3
38.667	3
38.759	3
38.772	3
39.027	3
39.217	3
39.237	3
39.62	3
39.693	3
39.866	3
39.871	3
40.325	3
40.402	3
41.144	3
41.642	3
42.921	3
47.481	3
20.023	1
20.036	1
20.04	1
20.066	1
20.08	1
20.084	1
20.093	1
20.094	1
20.099	1
20.104	1
20.11	2
20.112	2
20.115	2
20.156	2
20.162	2
20.174	2
20.193	2
20.196	2
20.198	2
20.205	2
20.229	2
20.232	2
20.239	2
20.241	2
20.254	2
20.285	2
20.302	2
20.303	2
20.339	2
20.403	2
20.404	2
20.405	2
20.407	2
20.435	2
20.44	2
20.449	2
20.463	2
20.481	2
20.507	2
20.542	2
20.866	2
21.19	3
21.281	3
22.877	3
23.426	3
23.848	3
24.391	3
25.353	3
26.583	3
28.581	3
28.96	3
29.167	3
29.234	3
29.604	3
29.652	3
29.672	3
30.119	3
30.348	3
30.438	3
30.537	3
31.374	3
31.396	3
31.653	3
33.642	3
34.866	3
34.948	3
37.137	3
37.289	3
37.592	3
37.954	3
38.667	3
38.759	3
38.772	3
39.027	3
39.217	3
39.237	3
39.62	3
39.693	3
39.866	3
39.871	3
40.325	3
40.402	3
41.144	3
41.642	3
42.921	3
47.481	3
20.08	1
20.084	1
20.093	1
20.094	1
20.099	1
20.104	1
20.11	1
20.112	1
20.115	1
20.156	1
20.162	1
20.174	1
20.193	1
20.196	1
20.198	1
20.205	1
20.229	1
20.232	1
20.239	2
20.241	2
20.254	2
20.285	2
20.302	2
20.303	2
20.339	2
20.403	2
20.404	2
20.405	2
20.407	2
20.435	2
20.44	2
20.449	2
20.463	2
20.481	2
20.507	2
20.542	2
20.866	2
21.19	2
21.281	2
22.877	2
23.426	2
23.848	2
24.391	2
25.353	2
26.583	2
28.581	2
28.96	2
29.167	2
29.234	2
29.604	2
29.652	2
29.672	2
30.119	2
30.348	2
30.438	2
30.537	2
31.374	2
31.396	2
31.653	2
33.642	2
34.866	2
34.948	2
37.137	2
37.289	2
37.592	3
37.954	3
38.667	3
38.759	3
38.772	3
39.027	3
39.217	3
39.237	3
39.62	3
39.693	3
39.866	3
39.871	3
40.325	3
40.402	3
41.144	3
41.642	3
42.921	3
47.481	3
20.08	1
20.084	2
20.093	2
20.094	2
20.099	2
20.104	2
20.11	2
20.112	2
20.115	2
20.156	2
20.162	2
20.174	2
20.193	2
20.196	2
20.198	2
20.205	2
20.229	2
20.232	2
20.239	3
20.241	3
20.254	3
20.285	3
20.302	3
20.303	3
20.339	3
20.403	3
20.404	3
20.405	3
20.407	3
20.435	3
20.44	3
20.449	3
20.463	3
20.481	3
20.507	3
20.542	3
20.866	3
21.19	3
21.281	3
22.877	3
23.426	3
23.848	3
24.391	3
25.353	3
26.583	3
28.581	3
28.96	3
29.167	3
29.234	3
29.604	3
29.652	3
29.672	3
30.119	3
30.348	3
30.438	3
30.537	3
31.374	3
31.396	3
31.653	3
33.642	3
34.866	3
34.948	3
37.137	3
37.289	3
37.592	3
37.954	3
38.667	3
38.759	3
38.772	3
39.027	3
39.217	3
39.237	3
39.62	3
39.693	3
39.866	3
39.871	3
40.325	3
40.402	3
41.144	3
41.642	3
42.921	3
47.481	3
19.796	1
19.885	1
19.891	1
19.937	1
19.965	1
19.973	2
20.0	2
20.023	2
20.036	2
20.04	2
20.066	2
20.08	2
20.084	2
20.093	2
20.094	2
20.099	2
20.104	2
20.11	2
20.112	2
20.115	2
20.156	2
20.162	2
20.174	2
20.193	2
20.196	2
20.198	2
20.205	2
20.229	2
20.232	2
20.239	2
20.241	2
20.254	2
20.285	2
20.302	2
20.303	2
20.339	2
20.403	2
20.404	2
20.405	2
20.407	2
20.435	2
20.44	2
20.449	2
20.463	2
20.481	2
20.507	2
20.542	2
20.866	2
21.19	2
21.281	2
22.877	2
23.426	2
23.848	2
24.391	2
25.353	2
26.583	2
28.581	2
28.96	2
29.167	2
29.234	2
29.604	2
29.652	2
29.672	2
30.119	2
30.348	2
30.438	2
30.537	2
31.374	3
31.396	3
31.653	3
33.642	3
34.866	3
34.948	3
37.137	3
37.289	3
37.592	3
37.954	3
38.667	3
38.759	3
38.772	3
39.027	3
39.217	3
39.237	3
39.62	3
39.693	3
39.866	3
39.871	3
40.325	3
40.402	3
41.144	3
41.642	3
42.921	3
47.481	3
19.796	1
19.885	2
19.891	2
19.937	2
19.965	2
19.973	3
20.0	3
20.023	3
20.036	3
20.04	3
20.066	3
20.08	3
20.084	3
20.093	3
20.094	3
20.099	3
20.104	3
20.11	3
20.112	4
20.115	4
20.156	4
20.162	4
20.174	4
20.193	4
20.196	4
20.198	4
20.205	4
20.229	4
20.232	4
20.239	4
20.241	4
20.254	4
20.285	4
20.302	4
20.303	4
20.339	4
20.403	4
20.404	4
20.405	4
20.407	4
20.435	4
20.44	4
20.449	4
20.463	4
20.481	4
20.507	4
20.542	4
20.866	4
21.19	4
21.281	4
22.877	4
23.426	4
23.848	4
24.391	4
25.353	4
26.583	4
28.581	4
28.96	4
29.167	4
29.234	4
29.604	3
29.652	3
29.672	3
30.119	3
30.348	3
30.438	3
30.537	3
31.374	3
31.396	3
31.653	3
33.642	3
34.866	3
34.948	3
37.137	3
37.289	3
37.592	3
37.954	3
38.667	3
38.759	3
38.772	3
39.027	3
39.217	3
39.237	3
39.62	3
39.693	3
39.866	3
39.871	3
40.325	3
40.402	3
41.144	3
41.642	3
42.921	3
47.481	3
19.965	1
19.973	1
20.0	2
20.023	2
20.036	2
20.04	2
20.066	2
20.08	3
20.084	3
20.093	3
20.094	3
20.099	3
20.104	3
20.11	3
20.112	3
20.115	3
20.156	3
20.162	3
20.174	3
20.193	3
20.196	3
20.198	3
20.205	3
20.229	3
20.232	3
20.239	3
20.241	3
20.254	3
20.285	3
20.302	3
20.303	3
20.339	3
20.403	3
20.404	3
20.405	3
20.407	3
20.435	3
20.44	3
20.449	3
20.463	3
20.481	3
20.507	3
20.542	3
20.866	3
21.19	3
21.281	3
22.877	3
23.426	3
23.848	3
24.391	3
25.353	3
26.583	3
28.581	3
28.96	3
29.167	3
29.234	3
29.604	3
29.652	3
29.672	3
30.119	3
30.348	3
30.438	3
30.537	3
31.374	3
31.396	3
31.653	3
33.642	3
34.866	3
34.948	3
37.137	3
37.289	3
37.592	3
37.954	3
38.667	3
38.759	3
38.772	3
39.027	3
39.217	3
39.237	3
39.62	3
39.693	3
39.866	3
39.871	3
40.325	3
40.402	3
41.144	3
41.642	3
42.921	3
47.481	3
20.023	1
20.036	1
20.04	1
20.066	1
20.08	1
20.084	1
20.093	2
20.094	2
20.099	2
20.104	2
20.11	2
20.112	2
20.115	2
20.156	2
20.162	2
20.174	2
20.193	2
20.196	2
20.198	2
20.205	2
20.229	2
20.232	2
20.239	2
20.241	2
20.254	2
20.285	2
20.302	2
20.303	2
20.339	2
20.403	2
20.404	2
20.405	2
20.407	2
20.435	2
20.44	2
20.449	2
20.463	2
20.481	2
20.507	2
20.542	2
20.866	2
21.19	2
21.281	2
22.877	2
23.426	2
23.848	2
24.391	2
25.353	2
26.583	2
28.581	2
28.96	2
29.167	2
29.234	2
29.604	2
29.652	2
29.672	2
30.119	2
30.348	2
30.438	2
30.537	2
31.374	3
31.396	3
31.653	3
33.642	3
34.866	3
34.948	3
37.137	3
37.289	3
37.592	3
37.954	3
38.667	3
38.759	3
38.772	3
39.027	3
39.217	3
39.237	3
39.62	3
39.693	3
39.866	3
39.871	3
40.325	3
40.402	3
41.144	3
41.642	3
42.921	3
47.481	3
19.965	1
19.973	1
20.0	1
20.023	1
20.036	1
20.04	1
20.066	1
20.08	1
20.084	1
20.093	1
20.094	1
20.099	1
20.104	1
20.11	2
20.112	2
20.115	2
20.156	2
20.162	2
20.174	2
20.193	2
20.196	2
20.198	2
20.205	2
20.229	2
20.232	2
20.239	2
20.241	2
20.254	2
20.285	2
20.302	2
20.303	2
20.339	2
20.403	2
20.404	2
20.405	2
20.407	2
20.435	2
20.44	2
20.449	2
20.463	2
20.481	2
20.507	2
20.542	2
20.866	2
21.19	2
21.281	2
22.877	2
23.426	2
23.848	2
24.391	2
25.353	2
26.583	2
28.581	2
28.96	2
29.167	2
29.234	2
29.604	2
29.652	2
29.672	2
30.119	2
30.348	2
30.438	2
30.537	2
31.374	3
31.396	3
31.653	3
33.642	3
34.866	3
34.948	3
37.137	3
37.289	3
37.592	3
37.954	3
38.667	3
38.759	3
38.772	3
39.027	3
39.217	3
39.237	3
39.62	3
39.693	3
39.866	3
39.871	3
40.325	3
40.402	3
41.144	3
41.642	3
42.921	3
47.481	3
19.796	1
19.885	2
19.891	2
19.937	2
19.965	2
19.973	3
20.0	3
20.023	3
20.036	3
20.04	3
20.066	3
20.08	3
20.084	3
20.093	3
20.094	3
20.099	3
20.104	3
20.11	3
20.112	3
20.115	3
20.156	3
20.162	3
20.174	3
20.193	3
20.196	3
20.198	3
20.205	3
20.229	3
20.232	3
20.239	3
20.241	3
20.254	3
20.285	3
20.302	3
20.303	3
20.339	3
20.403	3
20.404	3
20.405	3
20.407	3
20.435	3
20.44	3
20.449	3
20.463	3
20.481	3
20.507	3
20.542	3
20.866	3
21.19	3
21.281	3
22.877	3
23.426	3
23.848	3
24.391	3
25.353	3
26.583	3
28.581	3
28.96	3
29.167	3
29.234	3
29.604	3
29.652	3
29.672	3
30.119	3
30.348	3
30.438	3
30.537	3
31.374	3
31.396	3
31.653	3
33.642	3
34.866	3
34.948	3
37.137	3
37.289	3
37.592	3
37.954	3
38.667	3
38.759	3
38.772	3
39.027	3
39.217	3
39.237	3
39.62	3
39.693	3
39.866	3
39.871	3
40.325	3
40.402	3
41.144	3
41.642	3
42.921	3
47.481	3
20.023	1
20.036	1
20.04	1
20.066	1
20.08	1
20.084	1
20.093	1
20.094	1
20.099	1
20.104	1
20.11	1
20.112	1
20.115	1
20.156	1
20.162	1
20.174	1
20.193	1
20.196	1
20.198	1
20.205	1
20.229	2
20.232	3
20.239	4
20.241	4
20.254	4
20.285	4
20.302	5
20.303	6
20.339	7
20.403	7
20.404	7
20.405	7
20.407	7
20.435	7
20.44	7
20.449	7
20.463	7
20.481	7
20.507	7
20.542	7
20.866	7
21.19	7
21.281	7
22.877	6
23.426	6
23.848	6
24.391	6
25.353	6
26.583	5
28.581	5
28.96	5
29.167	5
29.234	5
29.604	5
29.652	5
29.672	4
30.119	4
30.348	4
30.438	4
30.537	4
31.374	4
31.396	4
31.653	4
33.642	4
34.866	3
34.948	3
37.137	3
37.289	3
37.592	3
37.954	3
38.667	3
38.759	3
38.772	3
39.027	3
39.217	3
39.237	3
39.62	3
39.693	3
39.866	3
39.871	3
40.325	3
40.402	3
41.144	3
41.642	3
42.921	3
47.481	3
