0.0	1
0.0	1
0.0	1
0.0	1
0.0	1
0.0	1
0.0	1
0.0	1
0.0	1
0.0	1
0.0	1
0.0	1
0.0	1
0.0	1
0.0	1
0.0	1
0.0	1
0.0	1
0.0	1
0.0	1
0.0	1
0.0	1
0.0	1
0.0	1
0.0	1
0.0	1
0.0	1
0.0	1
0.0	1
0.0	1
0.0	1
0.0	1
0.0	1
0.0	1
0.0	1
0.0	1
0.0	1
0.0	1
0.0	1
0.0	1
0.0	1
0.0	1
0.0	1
0.0	1
0.0	1
0.0	1
0.0	1
0.0	1
0.0	1
0.0	1
0.0	1
0.0	1
0.0	1
0.0	1
0.0	1
0.0	1
0.0	1
0.0	1
0.0	1
0.0	1
0.0	1
0.0	1
0.0	1
0.0	1
0.0	1
0.0	1
0.0	1
0.0	1
0.0	1
0.0	1
0.0	1
0.0	1
0.0	1
0.0	1
0.0	1
0.0	1
0.0	1
0.001	1
0.001	1
0.001	1
0.001	1
0.001	1
0.001	1
0.001	1
0.001	1
0.001	1
0.001	1
0.001	1
0.001	1
0.001	1
0.001	1
0.001	1
0.001	1
0.001	1
0.001	1
0.001	1
0.001	1
0.001	1
0.001	1
0.001	1
0.001	1
0.001	1
0.001	1
0.001	1
0.001	1
0.001	1
0.001	1
0.001	1
0.001	1
0.001	1
0.001	1
0.001	1
0.001	1
0.001	1
0.001	1
0.001	1
0.001	1
0.001	1
0.001	1
0.001	1
0.001	1
0.001	1
0.001	1
0.001	1
0.001	1
0.001	1
0.001	1
0.001	1
0.001	1
0.001	1
0.001	1
0.001	1
0.001	1
0.001	1
0.001	1
0.001	1
0.001	1
0.001	1
0.001	1
0.001	1
0.001	1
0.001	1
0.001	1
0.001	1
0.001	1
0.001	1
0.001	1
0.001	1
0.001	1
0.001	1
0.002	1
0.002	1
0.002	1
0.002	1
0.002	1
0.002	1
0.002	1
0.002	1
0.002	1
0.002	1
0.002	1
0.002	1
0.002	1
0.002	1
0.002	1
0.002	1
0.002	1
0.002	1
0.002	1
0.002	1
0.002	1
0.002	1
0.002	1
0.002	1
0.002	1
0.002	1
0.002	1
0.002	1
0.002	1
0.002	1
0.002	1
0.002	1
0.002	1
0.002	1
0.002	1
0.002	1
0.002	1
0.002	1
0.002	1
0.002	1
0.002	1
0.002	1
0.002	1
0.002	1
0.002	1
0.002	1
0.002	1
0.002	1
0.002	1
0.002	1
0.002	1
0.002	1
0.002	1
0.002	1
0.002	1
0.002	1
0.002	1
0.002	1
0.002	1
0.002	1
0.002	1
0.002	1
0.002	1
0.002	1
0.002	1
0.002	1
0.002	1
0.003	1
0.003	1
0.003	1
0.003	1
0.003	1
0.003	1
0.003	1
0.003	1
0.003	1
0.003	1
0.003	1
0.003	1
0.003	1
0.003	1
0.003	1
0.003	1
0.003	1
0.003	1
0.003	1
0.003	1
0.003	1
0.003	1
0.003	1
0.003	1
0.003	1
0.003	1
0.003	1
0.003	1
0.003	1
0.003	1
0.003	1
0.003	1
0.003	1
0.003	1
0.003	1
0.003	1
0.003	1
0.003	1
0.003	1
0.003	1
0.003	1
0.003	1
0.003	1
0.003	1
0.003	1
0.003	1
0.003	1
0.003	1
0.003	1
0.003	1
0.003	1
0.003	1
0.003	1
0.003	1
0.003	1
0.003	1
0.003	1
0.003	1
0.003	1
0.003	1
0.003	1
0.003	1
0.004	1
0.004	1
0.004	1
0.004	1
0.004	1
0.004	1
0.004	1
0.004	1
0.004	1
0.004	1
0.004	1
0.004	1
0.004	1
0.004	1
0.004	1
0.004	1
0.004	1
0.004	1
0.004	1
0.004	1
0.004	1
0.004	1
0.004	1
0.004	1
0.004	1
0.004	1
0.004	1
0.004	1
0.004	1
0.004	1
0.004	1
0.004	1
0.004	1
0.004	1
0.004	1
0.004	1
0.004	1
0.004	1
0.004	1
0.004	1
0.004	1
0.004	1
0.004	1
0.004	1
0.004	1
0.004	1
0.004	1
0.004	1
0.004	1
0.004	1
0.004	1
0.004	1
0.004	1
0.004	1
0.004	1
0.004	1
0.004	1
0.004	1
0.004	1
0.004	1
0.004	1
0.004	1
0.004	1
0.004	1
0.004	1
0.004	1
0.004	1
0.004	1
0.004	1
0.004	1
0.004	1
0.005	1
0.005	1
0.005	1
0.005	1
0.005	1
0.005	1
0.005	1
0.005	1
0.005	1
0.005	1
0.005	1
0.005	1
0.005	1
0.005	1
0.005	1
0.005	1
0.005	1
0.005	1
0.005	1
0.005	1
0.005	1
0.005	1
0.005	1
0.005	1
0.005	1
0.005	1
0.005	1
0.005	1
0.005	1
0.005	1
0.005	1
0.005	1
0.005	1
0.005	1
0.005	1
0.005	1
0.005	1
0.005	1
0.005	1
0.005	1
0.005	1
0.005	1
0.005	1
0.005	1
0.005	1
0.005	1
0.005	1
0.005	1
0.005	1
0.005	1
0.005	1
0.005	1
0.005	1
0.005	1
0.005	1
0.005	1
0.005	1
0.005	1
0.005	1
0.005	1
0.005	1
0.005	1
0.005	1
0.005	1
0.005	1
0.005	1
0.005	1
0.006	1
0.006	1
0.006	1
0.006	1
0.006	1
0.006	1
0.006	1
0.006	1
0.006	1
0.006	1
0.006	1
0.006	1
0.006	1
0.006	1
0.006	1
0.006	1
0.006	1
0.006	1
0.006	1
0.006	1
0.006	1
0.006	1
0.006	1
0.006	1
0.006	1
0.006	1
0.006	1
0.006	1
0.006	1
0.006	1
0.006	1
0.006	1
0.006	1
0.006	1
0.006	1
0.006	1
0.006	1
0.006	1
0.006	1
0.006	1
0.006	1
0.006	1
0.006	1
0.006	1
0.006	1
0.006	1
0.006	1
0.006	1
0.006	1
0.006	1
0.006	1
0.006	1
0.006	1
0.006	1
0.006	1
0.007	1
0.007	1
0.007	1
0.007	1
0.007	1
0.007	1
0.007	1
0.007	1
0.007	1
0.007	1
0.007	1
0.007	1
0.007	1
0.007	1
0.007	1
0.007	1
0.007	1
0.007	1
0.007	1
0.007	1
0.007	1
0.007	1
0.007	1
0.007	1
0.007	1
0.007	1
0.007	1
0.007	1
0.007	1
0.007	1
0.007	1
0.007	1
0.007	1
0.007	1
0.007	1
0.007	1
0.007	1
0.007	1
0.007	1
0.007	1
0.007	1
0.007	1
0.007	1
0.007	1
0.007	1
0.007	1
0.007	1
0.007	1
0.007	1
0.007	1
0.007	1
0.007	1
0.007	1
0.007	1
0.007	1
0.007	1
0.007	1
0.007	1
0.007	1
0.007	1
0.008	1
0.008	1
0.008	1
0.008	1
0.008	1
0.008	1
0.008	1
0.008	1
0.008	1
0.008	1
0.008	1
0.008	1
0.008	1
0.008	1
0.008	1
0.008	1
0.008	1
0.008	1
0.008	1
0.008	1
0.008	1
0.008	1
0.008	1
0.008	1
0.008	1
0.008	1
0.008	1
0.008	1
0.008	1
0.008	1
0.008	1
0.008	1
0.008	1
0.008	1
0.008	1
0.008	1
0.008	1
0.008	1
0.008	1
0.008	1
0.008	1
0.008	1
0.008	1
0.008	1
0.008	1
0.008	1
0.008	1
0.008	1
0.008	1
0.008	1
0.009	1
0.009	1
0.009	1
0.009	1
0.009	1
0.009	1
0.009	1
0.009	1
0.009	1
0.009	1
0.009	1
0.009	1
0.009	1
0.009	1
0.009	1
0.009	1
0.009	1
0.009	1
0.009	1
0.009	1
0.009	1
0.009	1
0.009	1
0.009	1
0.009	1
0.009	1
0.009	1
0.009	1
0.009	1
0.009	1
0.009	1
0.009	1
0.009	1
0.009	1
0.009	1
0.009	1
0.009	1
0.009	1
0.009	1
0.009	1
0.009	1
0.009	1
0.009	1
0.009	1
0.009	1
0.009	1
0.009	1
0.009	1
0.009	1
0.009	1
0.009	1
0.009	1
0.009	1
0.009	1
0.009	1
0.009	1
0.009	1
0.009	1
0.009	1
0.009	1
0.01	1
0.01	1
0.01	1
0.01	1
0.01	1
0.01	1
0.01	1
0.01	1
0.01	1
0.01	1
0.01	1
0.01	1
0.01	1
0.01	1
0.01	1
0.01	1
0.01	1
0.01	1
0.01	1
0.01	1
0.01	1
0.01	1
0.01	1
0.01	1
0.01	1
0.01	1
0.01	1
0.01	1
0.01	1
0.01	1
0.01	1
0.01	1
0.01	1
0.01	1
0.01	1
0.01	1
0.01	1
0.01	1
0.01	1
0.01	1
0.01	1
0.01	1
0.01	1
0.01	1
0.01	1
0.01	1
0.01	1
0.01	1
0.01	1
0.01	1
0.011	1
0.011	1
0.011	1
0.011	1
0.011	1
0.011	1
0.011	1
0.011	1
0.011	1
0.011	1
0.011	1
0.011	1
0.011	1
0.011	1
0.011	1
0.011	1
0.011	1
0.011	1
0.011	1
0.011	1
0.011	1
0.011	1
0.011	1
0.011	1
0.011	1
0.011	1
0.011	1
0.011	1
0.011	1
0.011	1
0.011	1
0.011	1
0.011	1
0.011	1
0.011	1
0.011	1
0.011	1
0.011	1
0.011	1
0.011	1
0.011	1
0.011	1
0.011	1
0.011	1
0.011	1
0.011	1
0.011	1
0.011	1
0.011	1
0.011	1
0.011	1
0.012	1
0.012	1
0.012	1
0.012	1
0.012	1
0.012	1
0.012	1
0.012	1
0.012	1
0.012	1
0.012	1
0.012	1
0.012	1
0.012	1
0.012	1
0.012	1
0.012	1
0.012	1
0.012	1
0.012	1
0.012	1
0.012	1
0.012	1
0.012	1
0.012	1
0.012	1
0.012	1
0.012	1
0.012	1
0.012	1
0.012	1
0.012	1
0.012	1
0.012	1
0.012	1
0.012	1
0.012	1
0.012	1
0.012	1
0.012	1
0.012	1
0.012	1
0.012	1
0.012	1
0.012	1
0.012	1
0.012	1
0.013	1
0.013	1
0.013	1
0.013	1
0.013	1
0.013	1
0.013	1
0.013	1
0.013	1
0.013	1
0.013	1
0.013	1
0.013	1
0.013	1
0.013	1
0.013	1
0.013	1
0.013	1
0.013	1
0.013	1
0.013	1
0.013	1
0.013	1
0.013	1
0.013	1
0.013	1
0.013	1
0.013	1
0.013	1
0.013	1
0.013	1
0.013	1
0.013	1
0.013	1
0.013	1
0.013	1
0.013	1
0.013	1
0.013	1
0.013	1
0.013	1
0.014	1
0.014	1
0.014	1
0.014	1
0.014	1
0.014	1
0.014	1
0.014	1
0.014	1
0.014	1
0.014	1
0.014	1
0.014	1
0.014	1
0.014	1
0.014	1
0.014	1
0.014	1
0.014	1
0.014	1
0.014	1
0.014	1
0.014	1
0.014	1
0.014	1
0.014	1
0.014	1
0.014	1
0.014	1
0.014	1
0.014	1
0.014	1
0.014	1
0.014	1
0.014	1
0.014	1
0.014	1
0.014	1
0.014	1
0.014	1
0.014	1
0.014	1
0.014	1
0.014	1
0.014	1
0.014	1
0.014	1
0.014	1
0.014	1
0.014	1
0.014	1
0.015	1
0.015	1
0.015	1
0.015	1
0.015	1
0.015	1
0.015	1
0.015	1
0.015	1
0.015	1
0.015	1
0.015	1
0.015	1
0.015	1
0.015	1
0.015	1
0.015	1
0.015	1
0.015	1
0.015	1
0.015	1
0.015	1
0.015	1
0.015	1
0.015	1
0.015	1
0.015	1
0.015	1
0.015	1
0.015	1
0.015	1
0.015	1
0.015	1
0.015	1
0.015	1
0.015	1
0.015	1
0.015	1
0.015	1
0.015	1
0.015	1
0.015	1
0.015	1
0.015	1
0.015	1
0.015	1
0.015	1
0.015	1
0.015	1
0.015	1
0.015	1
0.015	1
0.015	1
0.016	1
0.016	1
0.016	1
0.016	1
0.016	1
0.016	1
0.016	1
0.016	1
0.016	1
0.016	1
0.016	1
0.016	1
0.016	1
0.016	1
0.016	1
0.016	1
0.016	1
0.016	1
0.016	1
0.016	1
0.016	1
0.016	1
0.016	1
0.016	1
0.016	1
0.016	1
0.016	1
0.016	1
0.016	1
0.016	1
0.016	1
0.016	1
0.016	1
0.016	1
0.016	1
0.016	1
0.016	1
0.016	1
0.016	1
0.016	1
0.017	1
0.017	1
0.017	1
0.017	1
0.017	1
0.017	1
0.017	1
0.017	1
0.017	1
0.017	1
0.017	1
0.017	1
0.017	1
0.017	1
0.017	1
0.017	1
0.017	1
0.017	1
0.017	1
0.017	1
0.017	1
0.017	1
0.017	1
0.017	1
0.017	1
0.017	1
0.017	1
0.017	1
0.017	1
0.017	1
0.017	1
0.017	1
0.017	1
0.017	1
0.017	1
0.017	1
0.017	1
0.017	1
0.017	1
0.017	1
0.017	1
0.017	1
0.017	1
0.017	1
0.017	1
0.018	1
0.018	1
0.018	1
0.018	1
0.018	1
0.018	2
0.018	1
0.018	1
0.018	1
0.018	1
0.018	1
0.018	1
0.018	1
0.018	1
0.018	1
0.018	1
0.018	1
0.018	1
0.018	1
0.018	1
0.018	1
0.018	1
0.018	1
0.018	1
0.018	1
0.018	1
0.018	1
0.018	1
0.018	1
0.018	1
0.018	1
0.018	1
0.018	1
0.018	1
0.018	1
0.018	1
0.018	1
0.018	1
0.018	1
0.018	1
0.018	1
0.018	1
0.018	1
0.018	1
0.018	1
0.018	1
0.018	1
0.018	1
0.019	1
0.019	1
0.019	1
0.019	1
0.019	1
0.019	1
0.019	2
0.019	1
0.019	1
0.019	1
0.019	1
0.019	1
0.019	1
0.019	1
0.019	1
0.019	1
0.019	1
0.019	1
0.019	1
0.019	1
0.019	1
0.019	1
0.019	1
0.019	1
0.019	1
0.019	1
0.019	1
0.019	1
0.019	1
0.019	1
0.019	1
0.019	1
0.019	1
0.019	1
0.019	1
0.019	1
0.019	1
0.019	1
0.019	1
0.019	1
0.019	1
0.019	1
0.019	1
0.019	1
0.019	1
0.02	1
0.02	1
0.02	1
0.02	1
0.02	1
0.02	1
0.02	2
0.02	1
0.02	1
0.02	1
0.02	1
0.02	1
0.02	1
0.02	1
0.02	1
0.02	1
0.02	1
0.02	1
0.02	1
0.02	1
0.02	1
0.02	1
0.02	1
0.02	1
0.02	1
0.02	1
0.02	1
0.02	1
0.02	1
0.02	1
0.02	1
0.02	1
0.02	1
0.02	1
0.02	1
0.02	1
0.02	1
0.02	1
0.02	1
0.02	1
0.02	1
0.021	2
0.021	1
0.021	2
0.021	1
0.021	1
0.021	1
0.021	1
0.021	1
0.021	1
0.021	1
0.021	1
0.021	1
0.021	1
0.021	1
0.021	1
0.021	1
0.021	1
0.021	1
0.021	1
0.021	1
0.021	1
0.021	1
0.021	1
0.021	1
0.021	1
0.021	1
0.021	1
0.021	1
0.021	1
0.021	1
0.021	1
0.021	1
0.021	1
0.021	1
0.021	1
0.021	1
0.021	1
0.021	1
0.022	1
0.022	1
0.022	1
0.022	1
0.022	1
0.022	1
0.022	1
0.022	1
0.022	2
0.022	2
0.022	1
0.022	1
0.022	1
0.022	1
0.022	1
0.022	1
0.022	1
0.022	1
0.022	1
0.022	1
0.022	1
0.022	1
0.022	1
0.022	1
0.022	1
0.022	1
0.022	1
0.022	1
0.022	1
0.022	1
0.022	1
0.022	1
0.022	1
0.022	1
0.022	1
0.022	1
0.022	1
0.022	1
0.023	1
0.023	2
0.023	2
0.023	1
0.023	1
0.023	1
0.023	1
0.023	1
0.023	1
0.023	2
0.023	2
0.023	1
0.023	1
0.023	1
0.023	1
0.023	1
0.023	1
0.023	1
0.023	1
0.023	1
0.023	1
0.023	1
0.023	1
0.023	1
0.023	1
0.023	1
0.023	1
0.023	1
0.023	1
0.023	1
0.023	1
0.023	1
0.023	1
0.023	1
0.023	1
0.023	1
0.023	1
0.023	1
0.023	1
0.023	1
0.023	1
0.023	1
0.023	1
0.023	1
0.023	1
0.023	1
0.023	1
0.024	2
0.024	1
0.024	1
0.024	1
0.024	1
0.024	1
0.024	1
0.024	1
0.024	1
0.024	1
0.024	1
0.024	1
0.024	1
0.024	1
0.024	1
0.024	1
0.024	1
0.024	1
0.024	1
0.024	1
0.024	1
0.024	1
0.024	1
0.024	1
0.024	1
0.024	1
0.024	1
0.024	1
0.024	1
0.024	1
0.024	1
0.024	1
0.024	1
0.024	1
0.024	1
0.024	1
0.024	1
0.024	1
0.024	1
0.024	1
0.024	1
0.024	1
0.024	1
0.024	1
0.024	1
0.024	1
0.024	1
0.024	1
0.025	1
0.025	1
0.025	2
0.025	1
0.025	1
0.025	1
0.025	1
0.025	1
0.025	1
0.025	1
0.025	1
0.025	1
0.025	1
0.025	1
0.025	1
0.025	1
0.025	1
0.025	1
0.025	1
0.025	1
0.025	1
0.025	1
0.025	1
0.025	1
0.025	1
0.025	1
0.025	1
0.025	1
0.025	1
0.025	1
0.025	1
0.025	1
0.025	1
0.025	1
0.025	1
0.025	1
0.026	1
0.026	1
0.026	1
0.026	1
0.026	1
0.026	1
0.026	1
0.026	1
0.026	1
0.026	2
0.026	2
0.026	2
0.026	1
0.026	1
0.026	1
0.026	1
0.026	1
0.026	1
0.026	1
0.026	1
0.026	1
0.026	1
0.026	1
0.026	1
0.026	1
0.026	1
0.026	1
0.026	1
0.026	1
0.026	1
0.026	1
0.026	1
0.026	1
0.026	1
0.027	1
0.027	1
0.027	1
0.027	1
0.027	1
0.027	1
0.027	1
0.027	1
0.027	1
0.027	1
0.027	2
0.027	1
0.027	1
0.027	1
0.027	1
0.027	1
0.027	1
0.027	1
0.027	1
0.027	1
0.027	1
0.027	1
0.027	1
0.027	1
0.027	1
0.027	1
0.027	1
0.027	1
0.027	1
0.027	1
0.027	1
0.027	1
0.027	1
0.027	1
0.027	1
0.027	1
0.027	1
0.027	1
0.027	1
0.027	1
0.028	1
0.028	2
0.028	2
0.028	2
0.028	1
0.028	1
0.028	1
0.028	1
0.028	1
0.028	2
0.028	2
0.028	1
0.028	1
0.028	1
0.028	1
0.028	1
0.028	1
0.028	1
0.028	1
0.028	1
0.028	1
0.028	1
0.028	1
0.028	1
0.028	1
0.028	1
0.028	1
0.028	1
0.028	1
0.028	1
0.028	1
0.028	1
0.028	1
0.028	1
0.028	1
0.028	1
0.028	1
0.028	1
0.028	1
0.028	1
0.029	1
0.029	1
0.029	1
0.029	1
0.029	1
0.029	1
0.029	1
0.029	1
0.029	1
0.029	1
0.029	2
0.029	1
0.029	1
0.029	1
0.029	1
0.029	1
0.029	1
0.029	1
0.029	1
0.029	1
0.029	1
0.029	1
0.029	1
0.029	1
0.029	1
0.029	1
0.029	1
0.029	1
0.029	1
0.029	1
0.029	1
0.029	1
0.029	1
0.029	1
0.029	1
0.029	1
0.029	1
0.029	1
0.029	1
0.03	1
0.03	1
0.03	1
0.03	1
0.03	1
0.03	1
0.03	1
0.03	1
0.03	1
0.03	1
0.03	1
0.03	1
0.03	1
0.03	1
0.03	1
0.03	1
0.03	1
0.03	1
0.03	1
0.03	1
0.03	1
0.03	1
0.03	1
0.03	1
0.03	1
0.03	1
0.03	1
0.03	1
0.03	1
0.031	1
0.031	1
0.031	1
0.031	2
0.031	1
0.031	1
0.031	1
0.031	1
0.031	1
0.031	1
0.031	1
0.031	2
0.031	2
0.031	1
0.031	1
0.031	1
0.031	1
0.031	1
0.031	1
0.031	1
0.031	1
0.031	1
0.031	1
0.031	1
0.031	1
0.031	1
0.031	1
0.031	1
0.031	1
0.031	1
0.031	1
0.031	1
0.031	1
0.031	1
0.031	1
0.031	1
0.031	1
0.032	1
0.032	1
0.032	2
0.032	1
0.032	1
0.032	1
0.032	1
0.032	1
0.032	1
0.032	1
0.032	1
0.032	1
0.032	1
0.032	1
0.032	1
0.032	1
0.032	1
0.032	1
0.032	1
0.032	1
0.032	1
0.032	1
0.032	1
0.032	1
0.032	1
0.032	1
0.032	1
0.032	1
0.032	1
0.032	1
0.032	1
0.032	1
0.033	1
0.033	1
0.033	1
0.033	1
0.033	1
0.033	1
0.033	1
0.033	1
0.033	1
0.033	1
0.033	2
0.033	2
0.033	2
0.033	1
0.033	1
0.033	1
0.033	1
0.033	1
0.033	1
0.033	1
0.033	1
0.033	1
0.033	1
0.033	1
0.033	1
0.033	1
0.033	1
0.033	1
0.033	1
0.033	1
0.033	1
0.033	1
0.033	1
0.033	1
0.033	1
0.033	1
0.033	1
0.033	1
0.033	1
0.034	1
0.034	1
0.034	1
0.034	1
0.034	1
0.034	1
0.034	1
0.034	2
0.034	1
0.034	1
0.034	1
0.034	1
0.034	1
0.034	1
0.034	1
0.034	1
0.034	1
0.034	1
0.034	1
0.034	1
0.034	1
0.034	1
0.034	1
0.034	1
0.034	1
0.034	1
0.034	1
0.034	1
0.034	1
0.034	1
0.034	1
0.034	1
0.034	1
0.034	1
0.034	1
0.035	1
0.035	2
0.035	2
0.035	1
0.035	1
0.035	1
0.035	1
0.035	1
0.035	1
0.035	2
0.035	2
0.035	1
0.035	1
0.035	1
0.035	1
0.035	1
0.035	1
0.035	1
0.035	1
0.035	1
0.035	1
0.035	1
0.035	1
0.035	1
0.035	1
0.035	1
0.035	1
0.035	1
0.035	1
0.035	1
0.035	1
0.035	1
0.035	1
0.035	1
0.035	1
0.036	1
0.036	1
0.036	1
0.036	1
0.036	1
0.036	1
0.036	2
0.036	1
0.036	1
0.036	1
0.036	1
0.036	1
0.036	1
0.036	1
0.036	1
0.036	1
0.036	1
0.036	1
0.036	1
0.036	1
0.036	1
0.036	1
0.036	1
0.036	1
0.036	1
0.036	1
0.036	1
0.037	1
0.037	1
0.037	1
0.037	1
0.037	1
0.037	1
0.037	1
0.037	1
0.037	1
0.037	1
0.037	1
0.037	1
0.037	1
0.037	1
0.037	1
0.037	1
0.037	1
0.037	1
0.037	1
0.037	1
0.037	1
0.037	1
0.037	1
0.037	1
0.037	1
0.037	1
0.037	1
0.038	1
0.038	1
0.038	1
0.038	1
0.038	1
0.038	1
0.038	1
0.038	1
0.038	1
0.038	1
0.038	1
0.038	1
0.038	1
0.038	1
0.038	1
0.038	1
0.038	1
0.038	1
0.038	1
0.038	1
0.038	1
0.038	1
0.038	1
0.038	1
0.038	1
0.038	1
0.038	1
0.038	1
0.038	1
0.038	1
0.039	1
0.039	2
0.039	2
0.039	2
0.039	1
0.039	1
0.039	1
0.039	1
0.039	1
0.039	1
0.039	1
0.039	1
0.039	2
0.039	1
0.039	1
0.039	1
0.039	1
0.039	1
0.039	1
0.039	1
0.039	1
0.039	1
0.039	1
0.039	1
0.039	1
0.039	1
0.039	1
0.039	1
0.039	1
0.039	1
0.039	1
0.039	1
0.039	1
0.039	1
0.039	1
0.039	1
0.039	1
0.039	1
0.039	1
0.039	1
0.039	1
0.04	1
0.04	1
0.04	1
0.04	2
0.04	1
0.04	1
0.04	1
0.04	2
0.04	2
0.04	1
0.04	1
0.04	1
0.04	1
0.04	1
0.04	1
0.04	1
0.04	1
0.04	1
0.04	1
0.04	1
0.04	1
0.041	1
0.041	1
0.041	1
0.041	1
0.041	1
0.041	1
0.041	2
0.041	1
0.041	1
0.041	1
0.041	1
0.041	1
0.041	1
0.041	1
0.041	1
0.041	2
0.041	2
0.041	1
0.041	1
0.041	1
0.041	1
0.041	1
0.041	1
0.041	1
0.041	1
0.041	1
0.041	1
0.041	1
0.041	1
0.041	1
0.041	1
0.041	1
0.041	1
0.041	1
0.041	1
0.042	1
0.042	2
0.042	1
0.042	2
0.042	2
0.042	1
0.042	1
0.042	1
0.042	1
0.042	1
0.042	1
0.042	1
0.042	1
0.042	1
0.042	1
0.042	1
0.042	1
0.042	1
0.042	1
0.042	1
0.042	1
0.042	1
0.043	2
0.043	2
0.043	2
0.043	2
0.043	2
0.043	1
0.043	1
0.043	1
0.043	1
0.043	1
0.043	2
0.043	2
0.043	1
0.043	1
0.043	1
0.043	1
0.043	1
0.043	1
0.043	1
0.043	1
0.043	1
0.043	1
0.043	1
0.043	2
0.043	1
0.043	1
0.043	1
0.043	1
0.044	1
0.044	1
0.044	2
0.044	2
0.044	2
0.044	2
0.044	2
0.044	2
0.044	1
0.044	1
0.044	1
0.044	1
0.044	2
0.044	1
0.044	1
0.044	1
0.044	1
0.044	1
0.044	1
0.044	1
0.044	1
0.044	1
0.044	1
0.044	1
0.044	1
0.044	1
0.045	1
0.045	1
0.045	1
0.045	1
0.045	2
0.045	2
0.045	2
0.045	2
0.045	1
0.045	1
0.045	1
0.045	1
0.045	1
0.045	2
0.045	2
0.045	1
0.045	1
0.045	1
0.045	1
0.045	1
0.045	1
0.045	1
0.045	1
0.045	1
0.045	1
0.045	1
0.045	1
0.045	1
0.045	1
0.045	1
0.045	1
0.046	2
0.046	2
0.046	2
0.046	2
0.046	2
0.046	1
0.046	1
0.046	1
0.046	1
0.046	1
0.046	2
0.046	2
0.046	2
0.046	1
0.046	1
0.046	1
0.046	1
0.046	1
0.046	1
0.046	1
0.046	1
0.046	1
0.046	1
0.046	1
0.046	1
0.047	2
0.047	1
0.047	1
0.047	2
0.047	1
0.047	1
0.047	1
0.047	1
0.047	1
0.047	1
0.047	1
0.047	1
0.047	2
0.047	2
0.047	2
0.047	1
0.047	1
0.047	1
0.047	1
0.047	1
0.047	1
0.047	1
0.047	1
0.047	2
0.047	1
0.047	1
0.047	1
0.047	2
0.047	1
0.047	1
0.047	1
0.047	1
0.047	1
0.047	1
0.048	1
0.048	1
0.048	1
0.048	2
0.048	2
0.048	2
0.048	1
0.048	1
0.048	1
0.048	1
0.048	2
0.048	1
0.048	1
0.048	1
0.048	1
0.048	1
0.048	1
0.048	1
0.048	1
0.048	1
0.049	2
0.049	1
0.049	1
0.049	2
0.049	2
0.049	2
0.049	2
0.049	1
0.049	1
0.049	1
0.049	1
0.049	1
0.049	1
0.049	1
0.049	1
0.049	1
0.049	2
0.049	2
0.049	2
0.049	1
0.049	1
0.049	1
0.049	1
0.049	1
0.049	2
0.049	1
0.049	1
0.05	2
0.05	2
0.05	1
0.05	2
0.05	2
0.05	2
0.05	2
0.05	1
0.05	1
0.05	1
0.05	1
0.05	1
0.05	1
0.05	1
0.05	2
0.05	2
0.05	2
0.05	1
0.05	1
0.05	1
0.05	1
0.05	1
0.05	2
0.05	1
0.05	1
0.05	1
0.05	1
0.051	1
0.051	1
0.051	1
0.051	2
0.051	2
0.051	2
0.051	2
0.051	2
0.051	1
0.051	1
0.051	1
0.051	1
0.051	1
0.051	1
0.051	1
0.051	1
0.051	2
0.051	1
0.051	1
0.051	1
0.051	1
0.051	1
0.052	1
0.052	1
0.052	1
0.052	1
0.052	2
0.052	2
0.052	2
0.052	1
0.052	1
0.052	1
0.052	1
0.052	1
0.052	1
0.052	2
0.052	1
0.052	1
0.052	1
0.052	1
0.052	1
0.052	1
0.052	1
0.052	1
0.053	2
0.053	2
0.053	2
0.053	1
0.053	1
0.053	1
0.053	1
0.053	1
0.053	1
0.053	1
0.053	1
0.053	1
0.053	1
0.053	1
0.053	1
0.053	1
0.054	2
0.054	1
0.054	2
0.054	2
0.054	2
0.054	2
0.054	2
0.054	1
0.054	1
0.054	1
0.054	1
0.054	1
0.054	1
0.054	1
0.054	1
0.054	1
0.054	1
0.054	1
0.054	1
0.054	1
0.054	1
0.054	1
0.054	1
0.054	1
0.054	1
0.054	1
0.055	1
0.055	2
0.055	2
0.055	1
0.055	1
0.055	1
0.055	2
0.055	2
0.055	2
0.055	2
0.055	1
0.055	1
0.055	1
0.055	1
0.055	1
0.055	1
0.055	1
0.055	1
0.055	2
0.055	1
0.055	1
0.055	1
0.055	1
0.055	1
0.056	2
0.056	1
0.056	2
0.056	2
0.056	2
0.056	2
0.056	2
0.056	2
0.056	2
0.056	2
0.056	1
0.056	1
0.056	1
0.056	1
0.056	1
0.056	1
0.056	2
0.056	1
0.056	1
0.056	1
0.056	1
0.056	1
0.057	2
0.057	1
0.057	2
0.057	2
0.057	2
0.057	2
0.057	2
0.057	2
0.057	2
0.057	1
0.057	1
0.057	1
0.057	1
0.057	2
0.057	1
0.057	1
0.057	1
0.057	1
0.057	1
0.057	1
0.057	1
0.058	2
0.058	1
0.058	1
0.058	2
0.058	2
0.058	2
0.058	2
0.058	2
0.058	2
0.058	2
0.058	1
0.058	1
0.058	1
0.058	1
0.058	1
0.058	2
0.058	2
0.058	2
0.058	1
0.058	1
0.058	1
0.058	1
0.058	1
0.058	1
0.059	2
0.059	1
0.059	1
0.059	2
0.059	2
0.059	2
0.059	2
0.059	2
0.059	1
0.059	1
0.059	1
0.059	1
0.059	1
0.06	2
0.06	2
0.06	2
0.06	2
0.06	2
0.06	2
0.06	2
0.06	2
0.06	1
0.06	1
0.06	1
0.061	2
0.061	2
0.061	2
0.061	2
0.061	2
0.061	2
0.061	2
0.061	2
0.061	1
0.061	1
0.061	1
0.061	1
0.061	1
0.061	1
0.062	1
0.062	1
0.062	1
0.062	2
0.062	2
0.062	2
0.062	2
0.062	2
0.062	2
0.062	2
0.062	2
0.062	1
0.062	1
0.062	1
0.062	1
0.063	1
0.063	2
0.063	2
0.063	2
0.063	2
0.063	2
0.063	1
0.063	1
0.063	1
0.063	1
0.063	1
0.064	2
0.064	2
0.064	2
0.064	1
0.064	1
0.064	2
0.064	2
0.064	2
0.064	2
0.064	2
0.064	2
0.064	1
0.064	1
0.064	1
0.064	1
0.064	1
0.064	1
0.064	1
0.065	2
0.065	2
0.065	2
0.065	2
0.065	2
0.065	1
0.065	2
0.065	2
0.065	1
0.065	1
0.065	1
0.065	1
0.065	1
0.066	2
0.066	2
0.066	2
0.066	2
0.066	2
0.066	2
0.066	2
0.066	2
0.066	2
0.066	1
0.066	1
0.066	2
0.066	1
0.066	2
0.066	1
0.066	1
0.067	2
0.067	2
0.067	2
0.067	2
0.067	2
0.067	2
0.067	1
0.067	1
0.067	1
0.067	1
0.068	2
0.068	2
0.068	2
0.068	2
0.068	2
0.068	2
0.068	2
0.068	2
0.068	1
0.068	1
0.068	1
0.068	1
0.068	1
0.068	1
0.069	2
0.069	2
0.069	2
0.069	2
0.069	2
0.069	2
0.069	2
0.069	2
0.069	2
0.069	2
0.069	2
0.069	2
0.069	2
0.069	2
0.069	2
0.069	1
0.069	1
0.069	1
0.069	1
0.069	1
0.069	1
0.069	1
0.069	1
0.069	1
0.069	1
0.069	1
0.069	1
0.07	2
0.07	2
0.07	2
0.07	2
0.07	2
0.07	2
0.07	2
0.07	1
0.07	1
0.07	1
0.07	2
0.07	1
0.07	1
0.07	1
0.071	2
0.071	2
0.071	2
0.071	2
0.071	2
0.071	2
0.071	2
0.071	2
0.071	2
0.071	1
0.071	1
0.071	1
0.071	1
0.071	1
0.071	1
0.071	1
0.071	1
0.071	1
0.071	1
0.071	1
0.071	1
0.072	2
0.072	2
0.072	2
0.072	2
0.072	2
0.072	2
0.072	2
0.072	2
0.072	2
0.072	2
0.072	2
0.072	1
0.072	1
0.072	1
0.072	1
0.072	1
0.072	1
0.072	1
0.072	2
0.072	1
0.072	1
0.072	1
0.073	2
0.073	2
0.073	2
0.073	2
0.073	2
0.073	2
0.073	2
0.073	2
0.073	2
0.073	1
0.073	1
0.073	2
0.073	1
0.073	1
0.073	1
0.073	1
0.073	1
0.073	1
0.074	2
0.074	2
0.074	2
0.074	2
0.074	2
0.074	2
0.074	2
0.074	1
0.074	1
0.074	1
0.074	1
0.074	1
0.074	1
0.074	1
0.074	1
0.074	1
0.074	1
0.074	1
0.074	1
0.075	2
0.075	2
0.075	2
0.075	2
0.075	2
0.075	1
0.075	2
0.075	1
0.075	1
0.075	1
0.075	1
0.075	1
0.075	1
0.075	1
0.075	1
0.075	2
0.075	1
0.075	1
0.076	2
0.076	2
0.076	2
0.076	2
0.076	2
0.076	2
0.076	2
0.076	2
0.076	1
0.076	1
0.076	1
0.076	1
0.076	1
0.076	1
0.076	1
0.076	1
0.077	2
0.077	2
0.077	2
0.077	2
0.077	2
0.077	2
0.077	2
0.077	1
0.077	1
0.077	1
0.078	2
0.078	2
0.078	2
0.078	2
0.078	2
0.078	2
0.078	2
0.078	2
0.078	1
0.078	2
0.078	2
0.078	1
0.078	1
0.078	1
0.078	1
0.078	1
0.078	1
0.078	1
0.078	1
0.078	1
0.078	1
0.078	1
0.078	1
0.078	1
0.079	2
0.079	2
0.079	2
0.079	2
0.079	2
0.079	2
0.079	2
0.079	2
0.079	2
0.079	2
0.079	1
0.079	1
0.079	1
0.079	1
0.079	1
0.08	2
0.08	2
0.08	2
0.08	2
0.08	2
0.08	2
0.08	1
0.08	2
0.08	2
0.08	1
0.08	1
0.08	1
0.08	1
0.08	1
0.08	2
0.081	2
0.081	2
0.081	2
0.081	2
0.081	2
0.081	2
0.081	2
0.081	1
0.081	1
0.081	1
0.081	1
0.081	1
0.081	1
0.082	2
0.082	2
0.082	2
0.082	2
0.082	2
0.082	2
0.082	2
0.082	1
0.082	2
0.082	1
0.082	1
0.082	1
0.082	1
0.082	1
0.083	2
0.083	2
0.083	2
0.083	2
0.083	2
0.083	2
0.083	2
0.083	2
0.083	1
0.083	1
0.083	1
0.083	1
0.084	2
0.084	2
0.084	2
0.084	2
0.084	2
0.084	2
0.084	1
0.084	1
0.084	2
0.084	1
0.084	1
0.084	1
0.084	1
0.084	1
0.085	2
0.085	2
0.085	2
0.085	2
0.085	2
0.085	2
0.085	2
0.085	1
0.085	1
0.085	1
0.085	1
0.086	2
0.086	2
0.086	2
0.086	2
0.086	1
0.086	1
0.086	1
0.086	1
0.086	1
0.086	1
0.086	1
0.086	1
0.087	2
0.087	2
0.087	2
0.087	2
0.087	2
0.087	2
0.087	1
0.088	2
0.088	2
0.088	2
0.088	2
0.088	2
0.088	2
0.088	1
0.088	1
0.088	2
0.088	1
0.088	1
0.088	1
0.088	1
0.088	1
0.089	2
0.089	2
0.089	2
0.089	1
0.089	1
0.089	1
0.089	1
0.089	1
0.089	1
0.089	1
0.089	1
0.089	1
0.09	2
0.09	2
0.09	1
0.09	1
0.09	1
0.09	1
0.091	2
0.091	2
0.091	3
0.091	1
0.091	1
0.091	2
0.091	1
0.091	1
0.092	1
0.092	1
0.092	1
0.092	1
0.092	1
0.093	2
0.093	1
0.093	1
0.093	1
0.093	2
0.093	1
0.093	1
0.093	1
0.093	1
0.093	1
0.093	1
0.093	2
0.093	1
0.093	1
0.093	1
0.093	1
0.093	1
0.094	2
0.094	2
0.094	1
0.094	1
0.094	1
0.094	1
0.094	1
0.095	1
0.095	1
0.095	1
0.095	1
0.095	1
0.095	1
0.095	1
0.095	1
0.095	1
0.095	1
0.095	1
0.096	2
0.096	2
0.096	1
0.096	1
0.096	1
0.096	2
0.096	2
0.096	1
0.096	1
0.096	1
0.096	1
0.096	1
0.097	2
0.097	2
0.097	2
0.097	2
0.097	1
0.097	1
0.097	1
0.097	1
0.097	1
0.097	2
0.097	1
0.097	1
0.098	2
0.098	1
0.098	1
0.098	1
0.098	1
0.098	1
0.098	1
0.098	1
0.098	1
0.098	1
0.098	1
0.099	1
0.099	1
0.099	2
0.099	1
0.099	1
0.099	1
0.099	1
0.099	1
0.099	1
0.099	1
0.099	1
0.099	1
0.099	1
0.099	1
0.1	2
0.1	1
0.1	1
0.1	1
0.1	1
0.1	1
0.1	1
0.1	1
0.1	1
0.1	1
0.1	1
0.1	1
0.1	1
0.101	2
0.101	2
0.101	1
0.101	1
0.101	1
0.101	2
0.101	1
0.101	1
0.101	2
0.101	1
0.101	1
0.102	2
0.102	1
0.102	1
0.102	2
0.102	1
0.102	1
0.102	1
0.102	1
0.102	2
0.102	1
0.103	2
0.103	2
0.103	1
0.103	1
0.103	1
0.103	1
0.103	1
0.103	1
0.103	1
0.103	1
0.104	3
0.104	2
0.104	2
0.104	1
0.104	1
0.104	1
0.104	1
0.104	1
0.104	1
0.104	1
0.104	1
0.104	1
0.105	1
0.105	1
0.105	1
0.105	1
0.105	1
0.105	1
0.105	1
0.105	1
0.105	1
0.105	1
0.105	1
0.105	1
0.106	1
0.106	1
0.106	1
0.106	2
0.106	1
0.106	1
0.106	1
0.107	2
0.107	2
0.107	1
0.107	1
0.107	1
0.107	1
0.107	1
0.107	1
0.107	1
0.107	2
0.107	1
0.107	1
0.108	3
0.108	1
0.108	1
0.108	1
0.108	1
0.108	1
0.108	1
0.108	1
0.109	2
0.109	1
0.109	2
0.109	1
0.109	1
0.109	1
0.109	1
0.109	1
0.109	1
0.109	1
0.109	1
0.11	1
0.11	1
0.11	1
0.11	1
0.11	1
0.11	1
0.11	1
0.11	2
0.11	1
0.11	1
0.11	1
0.11	1
0.11	1
0.11	1
0.11	1
0.111	2
0.111	1
0.111	2
0.111	1
0.111	1
0.111	1
0.111	1
0.111	1
0.111	1
0.111	2
0.111	1
0.111	1
0.112	1
0.112	1
0.112	1
0.112	1
0.112	2
0.112	1
0.113	2
0.113	1
0.113	2
0.113	1
0.113	1
0.113	1
0.113	1
0.113	1
0.113	1
0.113	1
0.113	1
0.113	1
0.113	1
0.113	1
0.114	2
0.114	1
0.114	1
0.114	1
0.114	1
0.114	1
0.114	2
0.114	1
0.114	1
0.114	1
0.114	1
0.114	1
0.114	1
0.115	3
0.115	3
0.115	2
0.115	2
0.115	1
0.115	2
0.115	1
0.115	1
0.115	1
0.115	1
0.115	1
0.115	2
0.115	1
0.116	2
0.116	2
0.116	1
0.116	2
0.116	1
0.116	2
0.116	1
0.116	2
0.116	1
0.117	1
0.117	1
0.117	1
0.117	1
0.117	1
0.117	1
0.117	1
0.117	1
0.117	1
0.118	2
0.118	2
0.118	1
0.118	1
0.118	1
0.118	1
0.118	1
0.118	1
0.119	2
0.119	1
0.119	3
0.119	2
0.119	2
0.119	1
0.119	1
0.119	1
0.119	1
0.119	1
0.119	1
0.119	2
0.119	1
0.119	1
0.119	1
0.119	2
0.119	1
0.119	1
0.12	2
0.12	1
0.12	1
0.12	1
0.12	1
0.12	1
0.12	1
0.12	2
0.12	1
0.12	1
0.121	1
0.121	3
0.121	2
0.121	2
0.121	1
0.121	1
0.121	1
0.121	1
0.121	1
0.121	1
0.121	1
0.122	1
0.122	1
0.122	1
0.122	1
0.122	1
0.123	1
0.123	1
0.123	2
0.123	1
0.123	1
0.123	1
0.123	1
0.123	2
0.123	2
0.123	1
0.124	3
0.124	2
0.124	2
0.124	1
0.124	2
0.124	1
0.124	1
0.124	1
0.124	1
0.124	1
0.124	1
0.124	1
0.124	1
0.124	2
0.124	1
0.125	1
0.125	1
0.125	2
0.125	1
0.125	1
0.125	1
0.125	1
0.125	1
0.125	1
0.125	1
0.126	2
0.126	2
0.126	3
0.126	1
0.126	1
0.126	1
0.126	1
0.126	1
0.127	2
0.127	1
0.127	1
0.127	1
0.127	1
0.127	1
0.127	2
0.127	1
0.127	1
0.127	2
0.127	1
0.127	1
0.127	1
0.127	1
0.127	1
0.128	1
0.128	1
0.128	2
0.128	1
0.128	1
0.128	1
0.128	2
0.128	1
0.128	1
0.128	2
0.128	1
0.128	1
0.128	1
0.129	1
0.129	1
0.129	1
0.129	1
0.129	2
0.129	1
0.129	1
0.129	1
0.129	2
0.129	1
0.129	1
0.129	1
0.13	2
0.13	3
0.13	2
0.13	1
0.13	1
0.13	1
0.13	1
0.13	1
0.13	1
0.13	1
0.13	1
0.13	1
0.13	2
0.13	1
0.13	1
0.13	1
0.13	1
0.13	1
0.131	1
0.131	2
0.131	1
0.131	1
0.131	1
0.131	1
0.131	2
0.131	1
0.131	1
0.131	1
0.131	1
0.131	1
0.132	3
0.132	1
0.132	2
0.132	1
0.132	1
0.132	2
0.132	2
0.132	1
0.132	1
0.132	1
0.132	1
0.132	1
0.132	1
0.132	1
0.133	2
0.133	2
0.133	1
0.133	1
0.133	1
0.133	1
0.133	1
0.133	1
0.133	2
0.133	1
0.133	2
0.133	1
0.133	2
0.133	1
0.133	1
0.133	1
0.133	1
0.133	1
0.133	1
0.133	1
0.133	1
0.134	2
0.134	1
0.134	1
0.134	1
0.134	2
0.134	1
0.134	1
0.134	1
0.134	1
0.134	1
0.134	1
0.134	1
0.134	1
0.134	1
0.134	1
0.134	1
0.134	1
0.134	2
0.134	2
0.134	1
0.134	1
0.134	1
0.134	1
0.134	1
0.135	2
0.135	3
0.135	1
0.135	2
0.135	1
0.135	1
0.135	2
0.135	1
0.135	1
0.135	2
0.135	1
0.135	1
0.135	2
0.135	1
0.135	1
0.135	1
0.135	1
0.136	1
0.136	1
0.136	2
0.136	1
0.136	1
0.136	1
0.136	2
0.136	1
0.136	1
0.136	1
0.136	1
0.136	1
0.136	2
0.136	2
0.136	1
0.136	1
0.136	1
0.136	1
0.136	1
0.137	2
0.137	2
0.137	2
0.137	1
0.137	1
0.137	1
0.137	2
0.137	1
0.137	1
0.137	2
0.137	1
0.137	1
0.137	1
0.137	2
0.137	1
0.137	1
0.137	1
0.137	1
0.137	1
0.137	1
0.137	1
0.137	2
0.137	1
0.137	1
0.138	2
0.138	1
0.138	2
0.138	1
0.138	1
0.138	2
0.138	1
0.138	1
0.138	1
0.138	2
0.138	2
0.138	2
0.138	1
0.138	1
0.138	1
0.139	2
0.139	1
0.139	1
0.139	1
0.139	1
0.139	1
0.139	2
0.139	2
0.139	1
0.139	2
0.139	1
0.14	2
0.14	3
0.14	2
0.14	2
0.14	1
0.14	1
0.14	1
0.14	2
0.14	1
0.14	1
0.14	1
0.14	1
0.14	1
0.14	1
0.14	1
0.14	1
0.141	2
0.141	1
0.141	1
0.141	1
0.141	1
0.141	1
0.141	1
0.141	1
0.141	1
0.141	1
0.141	2
0.141	1
0.142	2
0.142	2
0.142	1
0.142	2
0.142	1
0.142	1
0.142	1
0.142	1
0.142	1
0.142	1
0.142	1
0.142	2
0.142	1
0.142	1
0.142	1
0.142	1
0.142	1
0.142	2
0.143	2
0.143	1
0.143	1
0.143	2
0.143	1
0.143	2
0.143	2
0.143	1
0.143	1
0.143	1
0.143	1
0.143	1
0.144	2
0.144	2
0.144	1
0.144	1
0.144	1
0.144	1
0.144	1
0.144	1
0.144	2
0.144	1
0.144	1
0.144	1
0.144	1
0.144	1
0.144	1
0.144	1
0.145	3
0.145	2
0.145	2
0.145	1
0.145	2
0.145	1
0.145	1
0.145	2
0.145	1
0.145	1
0.145	1
0.145	1
0.145	1
0.145	1
0.145	1
0.145	1
0.145	1
0.145	1
0.145	1
0.145	1
0.146	2
0.146	2
0.146	4
0.146	2
0.146	2
0.146	1
0.146	2
0.146	1
0.146	1
0.146	2
0.146	1
0.146	1
0.146	2
0.146	1
0.146	2
0.146	1
0.146	1
0.146	1
0.146	1
0.146	1
0.146	1
0.146	1
0.146	1
0.146	1
0.146	1
0.146	1
0.146	1
0.146	1
0.147	2
0.147	1
0.147	2
0.147	1
0.147	1
0.147	1
0.147	1
0.147	1
0.147	1
0.147	2
0.147	2
0.147	2
0.147	1
0.147	1
0.147	1
0.147	1
0.147	1
0.147	1
0.147	1
0.147	1
0.147	1
0.148	2
0.148	2
0.148	1
0.148	1
0.148	2
0.148	1
0.148	1
0.148	1
0.148	1
0.148	1
0.148	1
0.148	1
0.148	1
0.148	2
0.148	1
0.148	1
0.148	1
0.148	1
0.148	1
0.148	1
0.148	1
0.148	1
0.148	1
0.148	1
0.148	1
0.148	1
0.149	1
0.149	2
0.149	1
0.149	1
0.149	2
0.149	1
0.149	1
0.149	2
0.149	1
0.149	1
0.149	1
0.149	1
0.149	1
0.149	1
0.149	2
0.149	2
0.149	2
0.149	1
0.149	1
0.149	1
0.149	2
0.149	2
0.149	1
0.149	1
0.149	1
0.149	1
0.149	1
0.149	1
0.149	1
0.149	1
0.15	2
0.15	1
0.15	4
0.15	2
0.15	2
0.15	1
0.15	1
0.15	1
0.15	1
0.15	1
0.15	1
0.15	1
0.15	2
0.15	2
0.15	1
0.15	2
0.15	1
0.15	1
0.15	1
0.15	1
0.15	1
0.15	1
0.15	1
0.15	1
0.15	1
0.15	1
0.15	1
0.15	1
0.15	2
0.15	1
0.15	1
0.15	1
0.15	1
0.15	1
0.15	1
0.151	2
0.151	3
0.151	2
0.151	1
0.151	1
0.151	1
0.151	1
0.151	1
0.151	2
0.151	1
0.151	1
0.151	1
0.151	1
0.151	1
0.151	2
0.151	2
0.151	2
0.151	2
0.151	1
0.151	1
0.151	1
0.151	1
0.151	1
0.151	2
0.151	2
0.151	1
0.151	1
0.151	1
0.151	2
0.151	1
0.151	1
0.151	1
0.152	2
0.152	2
0.152	1
0.152	2
0.152	1
0.152	1
0.152	2
0.152	2
0.152	1
0.152	1
0.152	1
0.152	1
0.152	2
0.152	2
0.152	2
0.152	1
0.152	1
0.152	1
0.152	1
0.152	1
0.152	1
0.152	1
0.152	2
0.152	1
0.152	1
0.152	1
0.152	1
0.152	1
0.152	1
0.153	2
0.153	2
0.153	1
0.153	1
0.153	1
0.153	2
0.153	1
0.153	1
0.153	1
0.153	1
0.153	1
0.153	1
0.153	2
0.153	2
0.153	1
0.153	1
0.153	1
0.153	1
0.153	1
0.153	1
0.153	2
0.153	1
0.153	2
0.153	1
0.153	1
0.153	1
0.153	1
0.154	2
0.154	1
0.154	1
0.154	1
0.154	2
0.154	1
0.154	1
0.154	1
0.154	1
0.154	1
0.154	1
0.154	1
0.154	1
0.154	1
0.154	1
0.154	2
0.154	2
0.154	2
0.154	1
0.154	1
0.154	1
0.154	1
0.154	1
0.154	1
0.154	1
0.154	1
0.154	1
0.155	3
0.155	1
0.155	2
0.155	1
0.155	1
0.155	2
0.155	1
0.155	2
0.155	1
0.155	1
0.155	1
0.155	2
0.155	1
0.155	1
0.155	1
0.155	1
0.155	1
0.155	1
0.155	1
0.155	2
0.155	2
0.155	1
0.155	1
0.155	2
0.155	1
0.155	2
0.155	1
0.155	1
0.155	1
0.155	1
0.155	1
0.155	1
0.156	3
0.156	2
0.156	4
0.156	2
0.156	2
0.156	1
0.156	1
0.156	1
0.156	1
0.156	1
0.156	1
0.156	1
0.156	2
0.156	2
0.156	2
0.156	1
0.156	1
0.156	1
0.156	1
0.156	1
0.156	2
0.156	1
0.156	1
0.156	1
0.156	1
0.156	2
0.156	1
0.156	1
0.156	1
0.157	2
0.157	3
0.157	2
0.157	3
0.157	2
0.157	1
0.157	1
0.157	1
0.157	1
0.157	1
0.157	1
0.157	1
0.157	1
0.157	1
0.157	1
0.157	1
0.157	1
0.157	1
0.157	1
0.157	2
0.157	2
0.157	1
0.157	1
0.157	1
0.157	1
0.157	2
0.157	1
0.157	1
0.157	2
0.157	1
0.157	1
0.157	1
0.157	1
0.157	1
0.157	1
0.158	1
0.158	1
0.158	1
0.158	2
0.158	1
0.158	1
0.158	2
0.158	2
0.158	1
0.158	1
0.158	2
0.158	1
0.158	2
0.158	1
0.158	1
0.158	1
0.158	1
0.158	2
0.158	1
0.158	2
0.158	1
0.158	1
0.158	1
0.158	1
0.159	2
0.159	1
0.159	1
0.159	1
0.159	1
0.159	2
0.159	1
0.159	2
0.159	1
0.159	1
0.159	1
0.159	2
0.159	1
0.159	1
0.159	1
0.159	1
0.159	1
0.159	1
0.159	1
0.159	1
0.159	1
0.16	3
0.16	1
0.16	4
0.16	2
0.16	2
0.16	2
0.16	1
0.16	1
0.16	2
0.16	1
0.16	1
0.16	1
0.16	1
0.16	1
0.16	1
0.16	1
0.16	1
0.16	1
0.16	1
0.16	1
0.16	1
0.16	1
0.16	1
0.16	2
0.16	1
0.16	2
0.16	2
0.16	1
0.16	1
0.16	2
0.16	1
0.16	2
0.16	1
0.16	1
0.16	1
0.16	1
0.16	1
0.161	3
0.161	1
0.161	1
0.161	2
0.161	2
0.161	1
0.161	1
0.161	1
0.161	1
0.161	1
0.161	1
0.161	1
0.161	1
0.161	1
0.161	1
0.161	1
0.161	2
0.161	1
0.161	1
0.161	1
0.161	2
0.161	1
0.161	1
0.161	1
0.161	1
0.161	2
0.161	1
0.161	1
0.162	2
0.162	2
0.162	2
0.162	1
0.162	2
0.162	1
0.162	1
0.162	2
0.162	1
0.162	1
0.162	1
0.162	2
0.162	1
0.162	1
0.162	2
0.162	1
0.162	1
0.163	2
0.163	1
0.163	2
0.163	1
0.163	1
0.163	1
0.163	1
0.163	1
0.163	2
0.163	2
0.163	2
0.163	1
0.163	1
0.163	1
0.163	1
0.163	1
0.163	1
0.163	2
0.163	1
0.163	2
0.163	1
0.163	1
0.163	1
0.163	1
0.163	2
0.163	1
0.164	1
0.164	1
0.164	1
0.164	1
0.164	1
0.164	2
0.164	2
0.164	2
0.164	1
0.164	1
0.164	2
0.164	1
0.164	1
0.164	1
0.164	1
0.164	1
0.164	1
0.164	1
0.164	2
0.164	1
0.164	2
0.164	1
0.164	1
0.164	1
0.164	2
0.164	1
0.164	1
0.164	1
0.164	1
0.165	2
0.165	1
0.165	1
0.165	2
0.165	2
0.165	2
0.165	1
0.165	1
0.165	1
0.165	1
0.165	1
0.165	2
0.165	2
0.165	1
0.165	1
0.165	1
0.165	3
0.165	1
0.165	3
0.165	2
0.165	1
0.166	2
0.166	1
0.166	2
0.166	1
0.166	1
0.166	1
0.166	1
0.166	1
0.166	2
0.166	1
0.166	1
0.166	2
0.166	1
0.166	1
0.166	1
0.166	3
0.167	2
0.167	3
0.167	1
0.167	1
0.167	2
0.167	2
0.167	2
0.167	1
0.167	1
0.167	1
0.167	1
0.167	3
0.167	1
0.167	1
0.167	3
0.167	1
0.167	2
0.167	1
0.168	2
0.168	2
0.168	1
0.168	4
0.168	3
0.168	2
0.168	2
0.168	1
0.168	1
0.168	2
0.168	1
0.168	1
0.168	1
0.168	1
0.168	2
0.168	1
0.168	1
0.169	3
0.169	2
0.169	2
0.169	1
0.169	2
0.169	1
0.169	2
0.169	1
0.169	1
0.169	1
0.169	2
0.169	1
0.169	1
0.169	3
0.169	1
0.169	1
0.169	1
0.169	3
0.169	1
0.169	2
0.169	1
0.169	1
0.17	1
0.17	2
0.17	2
0.17	2
0.17	2
0.17	1
0.17	1
0.17	1
0.17	1
0.17	1
0.17	1
0.17	1
0.17	1
0.17	1
0.17	1
0.17	1
0.17	1
0.17	1
0.17	3
0.17	1
0.17	1
0.17	1
0.17	1
0.17	1
0.171	3
0.171	1
0.171	2
0.171	1
0.171	1
0.171	1
0.171	2
0.171	2
0.171	1
0.171	3
0.171	1
0.171	1
0.171	2
0.171	1
0.171	1
0.171	1
0.172	2
0.172	1
0.172	1
0.172	1
0.172	3
0.172	1
0.172	2
0.172	2
0.172	1
0.172	1
0.172	1
0.172	2
0.172	2
0.172	1
0.172	1
0.172	1
0.172	1
0.172	1
0.172	1
0.172	1
0.172	1
0.172	3
0.172	1
0.172	1
0.172	1
0.172	1
0.172	1
0.172	1
0.173	2
0.173	2
0.173	1
0.173	2
0.173	1
0.173	1
0.173	1
0.173	1
0.173	1
0.173	2
0.173	1
0.173	1
0.173	1
0.173	2
0.173	2
0.173	1
0.173	1
0.173	1
0.173	2
0.173	1
0.173	2
0.173	1
0.173	1
0.174	3
0.174	2
0.174	1
0.174	3
0.174	1
0.174	1
0.174	2
0.174	2
0.174	2
0.174	1
0.174	1
0.174	1
0.174	1
0.174	1
0.174	1
0.174	2
0.174	1
0.174	1
0.174	1
0.174	2
0.174	2
0.174	1
0.174	3
0.174	1
0.174	1
0.174	1
0.174	1
0.174	1
0.174	1
0.174	1
0.175	3
0.175	1
0.175	1
0.175	3
0.175	3
0.175	1
0.175	2
0.175	2
0.175	1
0.175	1
0.175	1
0.175	1
0.175	1
0.175	1
0.175	2
0.175	1
0.175	1
0.175	2
0.175	1
0.176	3
0.176	1
0.176	4
0.176	3
0.176	2
0.176	1
0.176	2
0.176	2
0.176	2
0.176	1
0.176	1
0.176	1
0.176	1
0.176	1
0.176	2
0.176	1
0.176	1
0.176	1
0.176	2
0.176	2
0.176	1
0.176	3
0.176	3
0.176	1
0.176	1
0.176	1
0.176	1
0.177	4
0.177	3
0.177	2
0.177	1
0.177	2
0.177	2
0.177	2
0.177	2
0.177	1
0.177	1
0.177	1
0.177	1
0.177	1
0.177	3
0.177	2
0.177	1
0.177	2
0.177	1
0.177	1
0.177	1
0.178	2
0.178	2
0.178	2
0.178	1
0.178	1
0.178	1
0.178	1
0.178	3
0.178	2
0.178	2
0.178	1
0.178	1
0.178	2
0.178	1
0.178	1
0.178	1
0.178	2
0.178	2
0.178	1
0.178	3
0.178	1
0.178	1
0.178	1
0.178	1
0.178	1
0.178	1
0.179	2
0.179	3
0.179	2
0.179	3
0.179	1
0.179	1
0.179	2
0.179	2
0.179	2
0.179	1
0.179	2
0.179	1
0.179	1
0.179	1
0.179	2
0.179	2
0.179	2
0.179	1
0.179	2
0.179	1
0.179	2
0.179	1
0.179	1
0.179	1
0.179	1
0.179	1
0.179	1
0.179	1
0.179	1
0.18	1
0.18	4
0.18	3
0.18	2
0.18	1
0.18	2
0.18	2
0.18	2
0.18	2
0.18	2
0.18	1
0.18	1
0.18	3
0.18	1
0.18	1
0.18	2
0.18	1
0.18	1
0.18	1
0.18	1
0.18	1
0.18	1
0.18	1
0.18	1
0.18	1
0.18	1
0.181	3
0.181	1
0.181	1
0.181	1
0.181	1
0.181	2
0.181	1
0.181	2
0.181	1
0.181	1
0.181	1
0.181	1
0.181	2
0.181	1
0.181	1
0.181	2
0.181	1
0.181	1
0.181	3
0.181	3
0.181	1
0.181	1
0.181	1
0.181	1
0.181	1
0.181	1
0.181	1
0.181	1
0.182	3
0.182	2
0.182	2
0.182	4
0.182	3
0.182	2
0.182	1
0.182	3
0.182	3
0.182	2
0.182	1
0.182	1
0.182	1
0.182	3
0.182	1
0.182	1
0.182	1
0.182	1
0.182	1
0.182	2
0.182	1
0.182	1
0.182	1
0.182	3
0.182	1
0.182	1
0.182	1
0.182	1
0.182	1
0.183	2
0.183	2
0.183	2
0.183	2
0.183	4
0.183	4
0.183	3
0.183	3
0.183	2
0.183	2
0.183	1
0.183	3
0.183	2
0.183	2
0.183	1
0.183	1
0.183	2
0.183	1
0.183	1
0.183	1
0.183	1
0.183	2
0.183	1
0.183	1
0.183	1
0.183	1
0.183	1
0.183	1
0.183	2
0.183	2
0.183	1
0.183	1
0.183	1
0.183	3
0.183	1
0.183	1
0.184	2
0.184	1
0.184	1
0.184	1
0.184	2
0.184	1
0.184	1
0.184	1
0.184	1
0.184	3
0.184	1
0.184	2
0.184	1
0.184	1
0.184	1
0.184	1
0.184	3
0.184	2
0.184	1
0.184	1
0.184	1
0.184	1
0.184	1
0.184	1
0.184	1
0.184	1
0.184	2
0.184	1
0.184	1
0.185	3
0.185	1
0.185	2
0.185	2
0.185	2
0.185	1
0.185	1
0.185	1
0.185	2
0.185	3
0.185	1
0.185	1
0.185	1
0.185	1
0.185	2
0.185	1
0.185	3
0.185	2
0.185	2
0.185	1
0.185	1
0.185	1
0.185	1
0.185	1
0.185	1
0.185	2
0.185	1
0.186	3
0.186	2
0.186	1
0.186	4
0.186	3
0.186	2
0.186	1
0.186	1
0.186	3
0.186	2
0.186	1
0.186	1
0.186	2
0.186	1
0.186	3
0.186	3
0.186	2
0.186	1
0.186	1
0.186	1
0.186	1
0.187	3
0.187	1
0.187	1
0.187	3
0.187	2
0.187	2
0.187	2
0.187	1
0.187	1
0.187	2
0.187	3
0.187	1
0.187	1
0.187	1
0.187	1
0.187	3
0.187	1
0.187	1
0.187	2
0.187	1
0.187	2
0.187	2
0.187	1
0.187	1
0.187	3
0.187	2
0.187	1
0.188	2
0.188	3
0.188	1
0.188	2
0.188	3
0.188	3
0.188	3
0.188	2
0.188	2
0.188	2
0.188	2
0.188	1
0.188	2
0.188	3
0.188	2
0.188	3
0.188	1
0.188	1
0.188	1
0.188	3
0.188	1
0.188	2
0.188	1
0.188	2
0.188	1
0.188	3
0.189	2
0.189	3
0.189	2
0.189	2
0.189	2
0.189	1
0.189	3
0.189	2
0.189	2
0.189	1
0.189	3
0.189	1
0.189	3
0.189	1
0.189	2
0.189	2
0.189	1
0.189	1
0.189	2
0.189	1
0.19	2
0.19	1
0.19	1
0.19	1
0.19	3
0.19	4
0.19	2
0.19	2
0.19	2
0.19	2
0.19	1
0.19	1
0.19	3
0.19	3
0.19	1
0.19	1
0.19	2
0.19	1
0.191	2
0.191	3
0.191	1
0.191	1
0.191	1
0.191	1
0.191	1
0.191	1
0.191	4
0.191	2
0.191	2
0.191	1
0.191	3
0.191	2
0.191	2
0.191	2
0.191	1
0.191	1
0.191	3
0.191	1
0.191	2
0.191	1
0.191	1
0.192	3
0.192	2
0.192	1
0.192	1
0.192	1
0.192	4
0.192	2
0.192	2
0.192	1
0.192	1
0.192	3
0.192	1
0.192	1
0.193	2
0.193	3
0.193	1
0.193	1
0.193	1
0.193	2
0.193	1
0.193	2
0.193	3
0.193	1
0.193	1
0.193	1
0.193	1
0.193	1
0.193	1
0.193	1
0.194	2
0.194	3
0.194	3
0.194	1
0.194	1
0.194	1
0.194	1
0.194	1
0.194	1
0.194	1
0.194	4
0.194	2
0.194	2
0.194	1
0.194	3
0.194	2
0.194	1
0.194	1
0.194	1
0.194	1
0.194	1
0.194	1
0.194	1
0.194	3
0.194	1
0.194	1
0.194	1
0.195	4
0.195	3
0.195	2
0.195	1
0.195	1
0.195	2
0.195	1
0.195	3
0.195	1
0.195	1
0.195	1
0.195	1
0.195	1
0.195	1
0.195	1
0.195	1
0.196	3
0.196	4
0.196	4
0.196	4
0.196	3
0.196	3
0.196	3
0.196	3
0.196	3
0.196	3
0.196	1
0.196	1
0.196	1
0.196	4
0.196	2
0.196	2
0.196	1
0.196	2
0.196	1
0.196	1
0.196	1
0.196	1
0.196	1
0.196	3
0.196	1
0.196	1
0.196	1
0.196	1
0.196	2
0.196	1
0.196	1
0.196	1
0.196	1
0.196	1
0.197	3
0.197	3
0.197	1
0.197	1
0.197	4
0.197	2
0.197	2
0.197	1
0.197	3
0.197	2
0.197	1
0.197	1
0.197	1
0.197	3
0.197	3
0.197	1
0.197	1
0.197	1
0.197	1
0.197	1
0.197	3
0.197	1
0.197	1
0.197	1
0.197	1
0.197	1
0.198	2
0.198	2
0.198	4
0.198	4
0.198	3
0.198	3
0.198	3
0.198	3
0.198	1
0.198	1
0.198	2
0.198	1
0.198	2
0.198	3
0.198	1
0.198	1
0.198	3
0.198	2
0.198	1
0.198	1
0.198	1
0.198	3
0.198	2
0.198	1
0.198	1
0.198	3
0.198	1
0.198	1
0.199	2
0.199	3
0.199	1
0.199	4
0.199	3
0.199	3
0.199	1
0.199	4
0.199	2
0.199	2
0.199	1
0.199	1
0.199	3
0.199	3
0.199	2
0.199	2
0.199	1
0.199	1
0.199	3
0.199	3
0.199	1
0.199	2
0.199	1
0.199	1
0.2	2
0.2	1
0.2	1
0.2	1
0.2	4
0.2	3
0.2	3
0.2	1
0.2	1
0.2	1
0.2	3
0.2	1
0.2	1
0.2	3
0.2	2
0.2	1
0.2	2
0.2	1
0.2	1
0.2	1
0.2	1
0.2	1
0.2	2
0.2	1
0.2	1
0.2	1
0.201	2
0.201	2
0.201	1
0.201	4
0.201	2
0.201	2
0.201	3
0.201	2
0.201	2
0.201	1
0.201	1
0.201	1
0.201	1
0.201	1
0.201	1
0.202	3
0.202	2
0.202	2
0.202	2
0.202	1
0.202	1
0.202	4
0.202	3
0.202	3
0.202	1
0.202	1
0.202	4
0.202	2
0.202	2
0.202	1
0.202	1
0.202	1
0.202	2
0.202	1
0.202	3
0.202	2
0.202	1
0.202	1
0.202	1
0.202	1
0.202	1
0.202	1
0.202	1
0.202	1
0.203	2
0.203	1
0.203	1
0.203	1
0.203	1
0.203	2
0.203	2
0.203	1
0.203	1
0.203	1
0.203	3
0.203	1
0.203	2
0.203	1
0.203	3
0.203	3
0.203	3
0.203	1
0.203	1
0.203	1
0.203	1
0.203	1
0.204	3
0.204	3
0.204	1
0.204	1
0.204	1
0.204	2
0.204	2
0.204	1
0.204	4
0.204	3
0.204	3
0.204	1
0.204	3
0.204	2
0.204	2
0.204	1
0.204	1
0.204	1
0.204	1
0.204	1
0.204	1
0.204	1
0.204	3
0.204	1
0.204	1
0.204	1
0.204	1
0.204	1
0.204	1
0.205	3
0.205	2
0.205	3
0.205	3
0.205	2
0.205	4
0.205	3
0.205	3
0.205	1
0.205	1
0.205	1
0.205	1
0.205	2
0.205	1
0.205	1
0.205	1
0.205	2
0.205	1
0.205	1
0.205	1
0.205	2
0.205	2
0.205	1
0.205	1
0.205	3
0.205	1
0.205	1
0.205	1
0.206	2
0.206	3
0.206	3
0.206	3
0.206	3
0.206	1
0.206	1
0.206	2
0.206	1
0.206	1
0.206	3
0.206	3
0.206	1
0.206	1
0.206	1
0.206	2
0.206	1
0.206	1
0.206	1
0.206	3
0.206	1
0.206	2
0.206	1
0.206	1
0.206	1
0.206	1
0.206	1
0.206	1
0.206	1
0.206	1
0.206	1
0.206	1
0.207	3
0.207	3
0.207	3
0.207	1
0.207	4
0.207	3
0.207	3
0.207	1
0.207	3
0.207	1
0.207	1
0.207	1
0.207	1
0.207	1
0.207	1
0.207	3
0.207	1
0.207	2
0.207	2
0.207	1
0.207	1
0.207	1
0.207	2
0.207	1
0.207	1
0.207	1
0.207	1
0.207	1
0.208	3
0.208	1
0.208	2
0.208	1
0.208	1
0.208	2
0.208	3
0.208	3
0.208	1
0.208	1
0.208	1
0.208	1
0.208	1
0.208	1
0.208	1
0.208	1
0.208	3
0.208	3
0.208	1
0.208	1
0.208	1
0.208	3
0.208	1
0.208	1
0.208	1
0.208	1
0.208	1
0.208	1
0.208	1
0.209	2
0.209	3
0.209	3
0.209	3
0.209	3
0.209	1
0.209	4
0.209	3
0.209	3
0.209	2
0.209	1
0.209	2
0.209	3
0.209	1
0.209	1
0.209	1
0.209	3
0.209	3
0.209	1
0.209	1
0.209	2
0.209	1
0.209	1
0.209	3
0.209	1
0.209	1
0.209	1
0.209	1
0.21	2
0.21	3
0.21	1
0.21	2
0.21	4
0.21	3
0.21	3
0.21	2
0.21	2
0.21	3
0.21	1
0.21	1
0.21	1
0.21	3
0.21	1
0.21	3
0.21	1
0.21	2
0.21	1
0.21	1
0.21	1
0.21	1
0.21	1
0.21	1
0.21	1
0.21	1
0.21	1
0.211	3
0.211	3
0.211	2
0.211	1
0.211	2
0.211	1
0.211	2
0.211	2
0.211	1
0.211	1
0.211	1
0.211	1
0.211	2
0.211	2
0.211	1
0.211	1
0.211	3
0.211	1
0.211	1
0.211	1
0.211	1
0.211	1
0.211	2
0.211	1
0.211	3
0.211	3
0.211	1
0.211	1
0.211	1
0.211	1
0.211	1
0.212	3
0.212	3
0.212	3
0.212	1
0.212	4
0.212	2
0.212	3
0.212	2
0.212	3
0.212	2
0.212	1
0.212	1
0.212	3
0.212	3
0.212	1
0.212	1
0.212	2
0.212	1
0.212	1
0.212	1
0.212	1
0.212	1
0.212	1
0.212	1
0.212	1
0.212	1
0.213	3
0.213	2
0.213	3
0.213	1
0.213	2
0.213	1
0.213	3
0.213	2
0.213	1
0.213	3
0.213	1
0.213	1
0.213	2
0.213	1
0.213	3
0.213	2
0.213	1
0.213	1
0.213	1
0.213	2
0.213	2
0.213	1
0.213	1
0.213	3
0.213	1
0.213	1
0.213	1
0.214	2
0.214	1
0.214	4
0.214	2
0.214	3
0.214	3
0.214	1
0.214	1
0.214	3
0.214	3
0.214	1
0.214	3
0.214	1
0.214	3
0.214	1
0.214	1
0.214	1
0.214	1
0.214	1
0.214	1
0.214	1
0.214	1
0.214	1
0.214	1
0.215	2
0.215	2
0.215	3
0.215	3
0.215	1
0.215	2
0.215	2
0.215	3
0.215	3
0.215	2
0.215	1
0.215	1
0.215	3
0.215	1
0.215	2
0.215	2
0.215	1
0.215	1
0.215	1
0.215	2
0.215	1
0.215	1
0.215	1
0.215	1
0.215	1
0.215	1
0.216	3
0.216	2
0.216	2
0.216	3
0.216	2
0.216	1
0.216	2
0.216	3
0.216	3
0.216	2
0.216	1
0.216	1
0.216	2
0.216	1
0.216	3
0.216	3
0.216	1
0.216	1
0.216	1
0.216	3
0.216	1
0.216	1
0.216	1
0.216	1
0.216	1
0.216	1
0.216	1
0.216	1
0.217	3
0.217	1
0.217	2
0.217	2
0.217	1
0.217	2
0.217	2
0.217	1
0.217	1
0.217	1
0.217	1
0.217	1
0.217	1
0.217	1
0.217	3
0.217	1
0.217	2
0.217	1
0.217	3
0.217	3
0.217	1
0.217	1
0.217	2
0.217	1
0.217	1
0.217	3
0.217	3
0.217	1
0.217	1
0.217	1
0.217	1
0.217	1
0.218	2
0.218	3
0.218	3
0.218	3
0.218	3
0.218	3
0.218	3
0.218	1
0.218	1
0.218	1
0.218	2
0.218	1
0.218	2
0.218	3
0.218	1
0.218	1
0.218	3
0.218	1
0.218	3
0.218	1
0.218	2
0.218	1
0.218	1
0.218	1
0.218	1
0.219	3
0.219	3
0.219	2
0.219	3
0.219	3
0.219	3
0.219	2
0.219	2
0.219	1
0.219	1
0.219	3
0.219	1
0.219	1
0.219	3
0.219	3
0.219	1
0.219	1
0.219	1
0.219	2
0.219	2
0.219	1
0.219	1
0.219	3
0.219	1
0.219	1
0.219	1
0.219	1
0.219	1
0.219	1
0.219	2
0.219	2
0.219	1
0.219	1
0.219	1
0.219	1
0.219	1
0.22	2
0.22	3
0.22	3
0.22	3
0.22	4
0.22	3
0.22	3
0.22	1
0.22	4
0.22	2
0.22	2
0.22	2
0.22	3
0.22	1
0.22	2
0.22	1
0.22	1
0.22	1
0.22	1
0.22	1
0.22	3
0.22	4
0.22	1
0.22	1
0.22	2
0.22	1
0.22	1
0.22	1
0.22	1
0.22	1
0.22	1
0.22	1
0.22	3
0.22	1
0.22	1
0.221	2
0.221	2
0.221	3
0.221	3
0.221	3
0.221	3
0.221	4
0.221	2
0.221	2
0.221	2
0.221	3
0.221	1
0.221	1
0.221	2
0.221	1
0.221	1
0.221	1
0.221	3
0.221	3
0.221	2
0.221	2
0.221	1
0.221	3
0.221	1
0.221	1
0.221	1
0.221	2
0.221	1
0.221	3
0.221	2
0.221	2
0.221	1
0.221	1
0.221	1
0.222	3
0.222	3
0.222	3
0.222	4
0.222	3
0.222	3
0.222	4
0.222	4
0.222	2
0.222	2
0.222	1
0.222	1
0.222	1
0.222	1
0.222	4
0.222	1
0.222	3
0.222	1
0.222	3
0.222	3
0.222	1
0.222	2
0.222	1
0.223	3
0.223	2
0.223	4
0.223	2
0.223	1
0.223	3
0.223	2
0.223	1
0.223	1
0.223	1
0.223	3
0.223	3
0.223	1
0.223	1
0.223	1
0.223	1
0.223	1
0.223	1
0.224	2
0.224	3
0.224	3
0.224	1
0.224	1
0.224	2
0.224	4
0.224	2
0.224	2
0.224	3
0.224	1
0.224	1
0.224	1
0.224	1
0.224	3
0.224	1
0.224	1
0.224	2
0.224	1
0.224	2
0.224	1
0.224	1
0.225	3
0.225	3
0.225	3
0.225	3
0.225	1
0.225	2
0.225	2
0.225	3
0.225	1
0.225	1
0.225	1
0.225	1
0.225	3
0.225	1
0.225	1
0.225	1
0.225	1
0.225	4
0.225	1
0.225	2
0.225	2
0.225	1
0.225	1
0.225	3
0.225	1
0.225	1
0.225	1
0.226	3
0.226	2
0.226	1
0.226	1
0.226	1
0.226	1
0.226	2
0.226	2
0.226	2
0.226	1
0.226	1
0.226	1
0.226	1
0.226	1
0.226	1
0.226	3
0.226	2
0.226	1
0.226	1
0.226	1
0.226	4
0.226	4
0.226	1
0.226	1
0.226	3
0.226	1
0.226	3
0.226	1
0.226	1
0.226	1
0.227	3
0.227	3
0.227	3
0.227	3
0.227	1
0.227	1
0.227	2
0.227	3
0.227	2
0.227	3
0.227	2
0.227	1
0.227	1
0.227	3
0.227	3
0.227	1
0.227	1
0.227	1
0.227	1
0.227	1
0.227	1
0.227	1
0.228	2
0.228	3
0.228	3
0.228	1
0.228	2
0.228	4
0.228	3
0.228	3
0.228	1
0.228	1
0.228	1
0.228	2
0.228	2
0.228	1
0.228	1
0.228	1
0.228	1
0.228	1
0.228	2
0.228	1
0.228	1
0.228	2
0.228	1
0.228	1
0.228	1
0.228	1
0.228	1
0.229	2
0.229	3
0.229	3
0.229	3
0.229	3
0.229	4
0.229	3
0.229	3
0.229	1
0.229	1
0.229	2
0.229	3
0.229	3
0.229	2
0.229	2
0.229	1
0.229	3
0.229	1
0.229	4
0.229	1
0.229	1
0.229	1
0.229	1
0.229	3
0.229	1
0.229	1
0.229	1
0.229	1
0.229	1
0.229	1
0.23	3
0.23	1
0.23	4
0.23	4
0.23	3
0.23	3
0.23	3
0.23	3
0.23	1
0.23	3
0.23	3
0.23	3
0.23	1
0.23	1
0.23	1
0.23	1
0.23	2
0.23	1
0.23	1
0.23	1
0.23	1
0.23	1
0.23	2
0.23	1
0.23	1
0.23	3
0.23	1
0.23	1
0.23	1
0.231	3
0.231	3
0.231	3
0.231	3
0.231	3
0.231	3
0.231	4
0.231	3
0.231	3
0.231	3
0.231	3
0.231	2
0.231	2
0.231	1
0.231	1
0.231	1
0.231	3
0.231	2
0.231	1
0.231	1
0.231	1
0.231	1
0.231	3
0.231	1
0.231	2
0.231	1
0.231	1
0.231	1
0.231	1
0.231	1
0.232	3
0.232	3
0.232	3
0.232	3
0.232	3
0.232	3
0.232	1
0.232	4
0.232	3
0.232	3
0.232	2
0.232	2
0.232	3
0.232	1
0.232	1
0.232	2
0.232	1
0.232	1
0.232	1
0.232	1
0.232	3
0.232	3
0.232	1
0.232	1
0.232	1
0.232	1
0.232	1
0.232	2
0.232	1
0.232	3
0.232	1
0.232	1
0.232	1
0.233	2
0.233	3
0.233	3
0.233	3
0.233	3
0.233	1
0.233	2
0.233	2
0.233	2
0.233	1
0.233	1
0.233	3
0.233	3
0.233	1
0.233	2
0.233	1
0.233	1
0.233	1
0.233	1
0.233	1
0.233	1
0.234	2
0.234	2
0.234	2
0.234	3
0.234	3
0.234	3
0.234	2
0.234	1
0.234	1
0.234	3
0.234	2
0.234	2
0.234	2
0.234	1
0.234	1
0.234	1
0.234	1
0.234	2
0.234	2
0.234	3
0.234	2
0.234	2
0.234	2
0.234	1
0.234	1
0.234	2
0.234	1
0.234	3
0.234	2
0.234	1
0.234	1
0.234	2
0.234	1
0.234	1
0.234	1
0.234	1
0.235	3
0.235	3
0.235	2
0.235	1
0.235	4
0.235	2
0.235	3
0.235	2
0.235	3
0.235	2
0.235	3
0.235	1
0.235	1
0.235	2
0.235	3
0.235	4
0.235	2
0.235	2
0.235	4
0.235	1
0.235	3
0.235	1
0.235	3
0.235	1
0.235	1
0.235	1
0.235	3
0.235	1
0.235	1
0.235	1
0.236	2
0.236	2
0.236	3
0.236	3
0.236	1
0.236	2
0.236	2
0.236	2
0.236	3
0.236	2
0.236	3
0.236	3
0.236	3
0.236	1
0.236	1
0.236	2
0.236	1
0.236	1
0.236	2
0.236	1
0.236	3
0.236	1
0.236	3
0.236	1
0.236	2
0.236	1
0.236	1
0.236	1
0.236	1
0.237	2
0.237	3
0.237	1
0.237	2
0.237	2
0.237	2
0.237	2
0.237	2
0.237	1
0.237	3
0.237	1
0.237	2
0.237	1
0.237	1
0.237	1
0.237	1
0.237	1
0.238	2
0.238	3
0.238	3
0.238	3
0.238	1
0.238	1
0.238	2
0.238	2
0.238	4
0.238	2
0.238	3
0.238	2
0.238	3
0.238	3
0.238	1
0.238	1
0.238	1
0.238	1
0.238	5
0.238	2
0.238	4
0.238	1
0.238	2
0.238	1
0.238	3
0.238	1
0.238	1
0.238	1
0.238	1
0.238	3
0.238	1
0.238	1
0.238	1
0.238	1
0.238	1
0.238	1
0.239	3
0.239	3
0.239	1
0.239	1
0.239	4
0.239	2
0.239	2
0.239	2
0.239	2
0.239	1
0.239	1
0.239	2
0.239	1
0.239	1
0.239	4
0.239	1
0.239	2
0.239	1
0.239	1
0.239	3
0.239	1
0.239	1
0.239	1
0.24	2
0.24	3
0.24	3
0.24	3
0.24	1
0.24	3
0.24	3
0.24	3
0.24	1
0.24	1
0.24	2
0.24	2
0.24	1
0.24	1
0.24	2
0.24	2
0.24	2
0.24	2
0.24	1
0.24	1
0.24	1
0.24	2
0.24	2
0.24	3
0.24	1
0.24	2
0.24	1
0.24	1
0.24	1
0.24	1
0.24	1
0.241	3
0.241	3
0.241	3
0.241	1
0.241	2
0.241	3
0.241	3
0.241	2
0.241	2
0.241	3
0.241	2
0.241	2
0.241	4
0.241	1
0.241	3
0.241	1
0.241	1
0.241	1
0.241	1
0.241	1
0.241	2
0.241	1
0.241	3
0.241	1
0.241	1
0.242	3
0.242	3
0.242	3
0.242	3
0.242	1
0.242	2
0.242	3
0.242	3
0.242	2
0.242	1
0.242	3
0.242	1
0.242	1
0.242	3
0.242	1
0.242	1
0.242	1
0.242	1
0.242	1
0.243	3
0.243	3
0.243	3
0.243	3
0.243	3
0.243	4
0.243	3
0.243	3
0.243	1
0.243	3
0.243	2
0.243	2
0.243	3
0.243	2
0.243	1
0.243	2
0.243	2
0.243	2
0.243	1
0.243	2
0.243	2
0.243	2
0.243	1
0.243	1
0.243	1
0.243	2
0.243	2
0.243	3
0.243	3
0.243	1
0.243	1
0.243	2
0.243	1
0.244	3
0.244	1
0.244	4
0.244	4
0.244	2
0.244	2
0.244	3
0.244	3
0.244	3
0.244	3
0.244	2
0.244	2
0.244	1
0.244	1
0.244	5
0.244	2
0.244	1
0.244	1
0.244	4
0.244	1
0.244	3
0.244	1
0.244	3
0.244	1
0.244	1
0.244	1
0.245	3
0.245	3
0.245	3
0.245	1
0.245	3
0.245	1
0.245	3
0.245	1
0.245	2
0.245	3
0.245	1
0.245	3
0.245	1
0.246	3
0.246	4
0.246	3
0.246	3
0.246	4
0.246	2
0.246	3
0.246	2
0.246	3
0.246	3
0.246	2
0.246	2
0.246	2
0.246	1
0.246	3
0.246	1
0.246	1
0.246	2
0.246	2
0.246	3
0.247	3
0.247	2
0.247	4
0.247	3
0.247	3
0.247	2
0.247	2
0.247	3
0.247	2
0.247	2
0.247	2
0.247	3
0.247	2
0.247	1
0.247	5
0.247	2
0.247	2
0.247	4
0.247	1
0.247	2
0.247	2
0.247	3
0.247	1
0.248	3
0.248	1
0.248	1
0.248	3
0.248	3
0.248	5
0.248	2
0.248	1
0.248	3
0.248	1
0.248	2
0.248	4
0.248	1
0.249	3
0.249	3
0.249	2
0.249	4
0.249	2
0.249	3
0.249	3
0.249	2
0.249	2
0.249	3
0.249	2
0.249	1
0.249	2
0.249	2
0.249	2
0.249	1
0.249	1
0.249	2
0.249	2
0.249	2
0.25	3
0.25	2
0.25	1
0.25	1
0.25	1
0.25	4
0.25	2
0.25	3
0.25	3
0.25	3
0.25	2
0.25	5
0.25	2
0.25	4
0.25	1
0.251	3
0.251	3
0.251	3
0.251	1
0.251	2
0.251	3
0.251	2
0.251	1
0.251	3
0.251	1
0.251	2
0.251	1
0.252	3
0.252	3
0.252	3
0.252	3
0.252	4
0.252	4
0.252	3
0.252	3
0.252	3
0.252	3
0.252	1
0.252	3
0.252	4
0.252	4
0.252	2
0.252	2
0.252	2
0.252	2
0.252	1
0.252	2
0.252	2
0.252	2
0.252	1
0.252	1
0.252	1
0.252	1
0.252	1
0.253	3
0.253	3
0.253	3
0.253	3
0.253	3
0.253	1
0.253	3
0.253	3
0.253	3
0.253	3
0.253	2
0.253	1
0.253	2
0.253	1
0.253	2
0.253	2
0.253	5
0.253	2
0.253	1
0.253	1
0.253	1
0.253	1
0.253	1
0.253	1
0.254	3
0.254	3
0.254	3
0.254	1
0.254	4
0.254	3
0.254	3
0.254	1
0.254	4
0.254	2
0.254	3
0.254	2
0.254	3
0.254	3
0.254	1
0.254	3
0.254	1
0.254	3
0.254	1
0.254	1
0.254	1
0.254	1
0.254	1
0.255	3
0.255	3
0.255	1
0.255	1
0.255	3
0.255	3
0.255	3
0.255	3
0.255	2
0.255	2
0.255	2
0.255	2
0.255	1
0.255	2
0.255	2
0.255	2
0.255	1
0.255	3
0.255	1
0.255	1
0.255	1
0.255	3
0.255	1
0.255	1
0.256	3
0.256	2
0.256	2
0.256	1
0.256	1
0.256	1
0.256	2
0.256	3
0.256	2
0.256	1
0.256	2
0.256	5
0.256	2
0.256	2
0.256	1
0.256	2
0.256	1
0.256	1
0.257	3
0.257	3
0.257	4
0.257	3
0.257	3
0.257	3
0.257	4
0.257	2
0.257	3
0.257	3
0.257	2
0.257	1
0.257	5
0.257	2
0.257	2
0.257	3
0.257	1
0.257	1
0.257	1
0.257	1
0.257	2
0.257	1
0.258	3
0.258	3
0.258	4
0.258	3
0.258	4
0.258	4
0.258	2
0.258	4
0.258	3
0.258	3
0.258	1
0.258	1
0.258	1
0.258	4
0.258	4
0.258	2
0.258	2
0.258	3
0.258	2
0.258	2
0.258	2
0.258	1
0.258	2
0.258	2
0.258	2
0.258	3
0.258	1
0.258	1
0.258	1
0.258	1
0.259	4
0.259	4
0.259	3
0.259	2
0.259	3
0.259	2
0.259	1
0.259	5
0.259	2
0.259	3
0.259	3
0.259	1
0.26	4
0.26	4
0.26	1
0.26	1
0.26	4
0.26	4
0.26	4
0.26	3
0.26	3
0.26	3
0.26	3
0.26	1
0.26	3
0.26	2
0.26	3
0.26	1
0.26	3
0.261	3
0.261	4
0.261	2
0.261	1
0.261	3
0.261	3
0.261	4
0.261	2
0.261	2
0.261	2
0.261	1
0.261	2
0.261	2
0.261	3
0.261	1
0.262	3
0.262	1
0.262	2
0.262	4
0.262	3
0.262	3
0.262	1
0.262	1
0.262	3
0.262	2
0.262	3
0.262	2
0.262	1
0.262	2
0.262	1
0.262	2
0.262	2
0.262	2
0.262	2
0.263	3
0.263	3
0.263	3
0.263	3
0.263	4
0.263	1
0.263	4
0.263	3
0.263	4
0.263	1
0.263	2
0.263	2
0.264	3
0.264	3
0.264	4
0.264	2
0.264	2
0.264	1
0.264	1
0.264	3
0.264	3
0.264	2
0.264	2
0.264	2
0.264	1
0.264	2
0.264	2
0.264	2
0.264	4
0.264	1
0.264	1
0.264	1
0.265	3
0.265	3
0.265	3
0.265	3
0.265	1
0.265	4
0.265	3
0.265	3
0.265	1
0.265	3
0.265	2
0.265	3
0.265	2
0.265	1
0.265	2
0.265	2
0.265	1
0.265	1
0.266	4
0.266	3
0.266	3
0.266	3
0.266	1
0.266	4
0.266	4
0.266	2
0.266	4
0.266	4
0.266	3
0.266	3
0.266	3
0.266	3
0.266	4
0.266	3
0.266	2
0.266	1
0.266	1
0.266	1
0.266	1
0.266	1
0.266	1
0.266	1
0.266	1
0.267	4
0.267	3
0.267	1
0.267	4
0.267	2
0.267	3
0.267	2
0.267	4
0.267	2
0.267	1
0.267	3
0.267	3
0.267	1
0.267	1
0.267	1
0.267	1
0.267	1
0.267	1
0.268	4
0.268	4
0.268	3
0.268	3
0.268	3
0.268	1
0.268	1
0.268	4
0.268	3
0.268	2
0.268	3
0.268	2
0.268	3
0.268	2
0.268	1
0.268	1
0.268	1
0.268	1
0.268	1
0.268	1
0.268	1
0.268	1
0.268	1
0.268	1
0.268	1
0.269	4
0.269	3
0.269	3
0.269	3
0.269	2
0.269	4
0.269	3
0.269	3
0.269	4
0.269	2
0.269	1
0.269	1
0.269	1
0.269	1
0.269	2
0.269	2
0.269	1
0.269	1
0.269	3
0.269	1
0.269	1
0.269	1
0.269	1
0.269	1
0.269	1
0.27	4
0.27	3
0.27	1
0.27	2
0.27	2
0.27	3
0.27	4
0.27	2
0.27	3
0.27	2
0.27	2
0.27	3
0.27	1
0.27	1
0.27	1
0.27	1
0.27	1
0.27	1
0.27	1
0.27	3
0.27	1
0.27	1
0.27	1
0.27	1
0.27	1
0.271	3
0.271	3
0.271	4
0.271	1
0.271	4
0.271	2
0.271	3
0.271	2
0.271	2
0.271	2
0.271	3
0.271	3
0.271	3
0.271	1
0.271	1
0.271	2
0.271	2
0.271	1
0.271	1
0.271	3
0.271	1
0.271	1
0.271	1
0.272	4
0.272	4
0.272	4
0.272	4
0.272	3
0.272	5
0.272	2
0.272	2
0.272	3
0.272	3
0.272	1
0.272	1
0.272	1
0.272	2
0.272	2
0.272	1
0.272	1
0.272	1
0.273	3
0.273	1
0.273	2
0.273	1
0.273	3
0.273	4
0.273	2
0.273	3
0.273	2
0.273	5
0.273	2
0.273	3
0.273	3
0.273	1
0.273	1
0.273	3
0.273	1
0.273	1
0.273	1
0.273	1
0.273	2
0.273	2
0.273	1
0.273	1
0.273	1
0.273	1
0.274	3
0.274	3
0.274	1
0.274	1
0.274	1
0.274	3
0.274	3
0.274	3
0.274	3
0.274	1
0.274	1
0.274	1
0.274	1
0.274	3
0.274	1
0.274	1
0.274	1
0.274	1
0.274	1
0.275	4
0.275	3
0.275	3
0.275	4
0.275	4
0.275	3
0.275	3
0.275	1
0.275	4
0.275	2
0.275	2
0.275	2
0.275	2
0.275	3
0.275	1
0.275	3
0.275	3
0.275	1
0.275	1
0.275	1
0.275	1
0.275	1
0.276	3
0.276	4
0.276	3
0.276	3
0.276	1
0.276	3
0.276	4
0.276	2
0.276	3
0.276	2
0.276	4
0.276	4
0.276	4
0.276	1
0.276	1
0.276	3
0.276	1
0.276	3
0.276	2
0.276	2
0.276	1
0.276	1
0.276	1
0.276	1
0.276	1
0.276	1
0.276	1
0.276	1
0.276	1
0.276	1
0.276	1
0.277	3
0.277	3
0.277	3
0.277	1
0.277	1
0.277	1
0.277	3
0.277	2
0.277	3
0.277	1
0.277	2
0.277	2
0.277	2
0.277	2
0.277	2
0.277	2
0.277	3
0.277	1
0.277	1
0.277	1
0.277	1
0.277	3
0.277	3
0.277	3
0.277	1
0.277	1
0.277	1
0.277	1
0.277	1
0.277	1
0.277	1
0.278	4
0.278	3
0.278	3
0.278	4
0.278	3
0.278	1
0.278	2
0.278	2
0.278	4
0.278	1
0.278	2
0.278	2
0.278	3
0.278	1
0.278	1
0.278	1
0.278	1
0.278	1
0.278	1
0.278	1
0.279	3
0.279	3
0.279	3
0.279	2
0.279	4
0.279	3
0.279	3
0.279	1
0.279	3
0.279	4
0.279	2
0.279	3
0.279	2
0.279	2
0.279	4
0.279	1
0.279	2
0.279	2
0.279	3
0.279	2
0.279	2
0.279	2
0.279	2
0.279	2
0.279	2
0.279	1
0.279	1
0.279	1
0.279	3
0.279	1
0.279	1
0.28	3
0.28	3
0.28	3
0.28	3
0.28	1
0.28	4
0.28	2
0.28	2
0.28	1
0.28	1
0.28	2
0.28	4
0.28	1
0.28	3
0.28	1
0.28	1
0.28	2
0.28	2
0.28	1
0.28	1
0.28	1
0.28	1
0.28	1
0.28	1
0.28	2
0.281	4
0.281	4
0.281	4
0.281	3
0.281	4
0.281	4
0.281	3
0.281	3
0.281	3
0.281	2
0.281	1
0.281	2
0.281	1
0.281	1
0.281	1
0.281	1
0.281	2
0.281	3
0.281	3
0.281	3
0.281	1
0.281	1
0.281	1
0.281	2
0.281	2
0.281	1
0.282	3
0.282	3
0.282	3
0.282	2
0.282	1
0.282	3
0.282	4
0.282	2
0.282	3
0.282	2
0.282	1
0.282	1
0.282	2
0.282	2
0.282	3
0.282	3
0.282	3
0.282	2
0.282	1
0.282	1
0.283	3
0.283	5
0.283	3
0.283	3
0.283	1
0.283	2
0.283	1
0.283	3
0.283	2
0.283	2
0.283	3
0.283	3
0.283	1
0.283	1
0.283	1
0.283	4
0.283	1
0.283	3
0.283	3
0.283	3
0.283	1
0.283	1
0.283	1
0.283	3
0.283	1
0.283	1
0.284	4
0.284	3
0.284	4
0.284	4
0.284	3
0.284	3
0.284	1
0.284	2
0.284	2
0.284	2
0.284	1
0.284	1
0.284	2
0.284	2
0.284	3
0.284	1
0.284	1
0.284	1
0.285	4
0.285	3
0.285	3
0.285	3
0.285	4
0.285	2
0.285	1
0.285	3
0.285	2
0.285	5
0.285	5
0.285	2
0.285	2
0.285	2
0.285	3
0.285	1
0.285	1
0.285	2
0.285	2
0.285	2
0.285	2
0.285	2
0.285	2
0.285	3
0.285	1
0.285	1
0.285	1
0.285	1
0.285	1
0.285	1
0.286	5
0.286	3
0.286	2
0.286	1
0.286	1
0.286	2
0.286	2
0.286	3
0.286	4
0.286	4
0.286	4
0.286	1
0.286	1
0.286	1
0.286	3
0.286	1
0.286	1
0.286	1
0.286	1
0.286	1
0.286	1
0.286	1
0.286	1
0.287	3
0.287	5
0.287	3
0.287	2
0.287	4
0.287	4
0.287	3
0.287	3
0.287	3
0.287	5
0.287	2
0.287	2
0.287	2
0.287	3
0.287	2
0.287	2
0.287	2
0.287	2
0.287	2
0.287	2
0.287	2
0.287	3
0.287	3
0.287	1
0.287	1
0.287	1
0.287	1
0.287	1
0.288	3
0.288	3
0.288	3
0.288	3
0.288	3
0.288	2
0.288	4
0.288	3
0.288	3
0.288	1
0.288	3
0.288	5
0.288	2
0.288	2
0.288	1
0.288	1
0.288	4
0.288	1
0.288	2
0.288	2
0.288	1
0.288	2
0.288	2
0.288	1
0.289	5
0.289	5
0.289	3
0.289	3
0.289	3
0.289	2
0.289	5
0.289	2
0.289	2
0.289	2
0.289	1
0.289	1
0.289	2
0.289	2
0.289	2
0.289	2
0.289	1
0.289	1
0.289	1
0.289	1
0.289	1
0.29	4
0.29	4
0.29	3
0.29	3
0.29	3
0.29	4
0.29	4
0.29	3
0.29	3
0.29	3
0.29	3
0.29	1
0.29	1
0.29	2
0.29	2
0.29	2
0.29	2
0.29	2
0.29	3
0.29	2
0.29	2
0.29	2
0.29	3
0.29	1
0.29	2
0.29	2
0.29	1
0.29	1
0.29	1
0.29	1
0.29	3
0.29	1
0.29	1
0.291	3
0.291	5
0.291	3
0.291	2
0.291	4
0.291	2
0.291	1
0.291	1
0.291	1
0.291	1
0.291	1
0.291	1
0.291	3
0.291	3
0.291	3
0.291	1
0.291	1
0.291	2
0.292	4
0.292	3
0.292	3
0.292	2
0.292	2
0.292	3
0.292	2
0.292	5
0.292	3
0.292	1
0.292	2
0.292	2
0.292	5
0.292	2
0.292	2
0.292	3
0.292	1
0.292	3
0.292	3
0.292	2
0.292	2
0.292	1
0.293	3
0.293	3
0.293	3
0.293	4
0.293	3
0.293	2
0.293	2
0.293	2
0.293	3
0.293	1
0.293	3
0.293	2
0.293	2
0.293	2
0.293	2
0.293	3
0.293	3
0.293	3
0.293	1
0.293	1
0.293	3
0.293	3
0.293	1
0.293	1
0.293	2
0.293	1
0.293	1
0.293	1
0.294	3
0.294	5
0.294	5
0.294	2
0.294	3
0.294	3
0.294	2
0.294	2
0.294	1
0.294	1
0.294	3
0.294	1
0.294	3
0.294	2
0.294	2
0.294	2
0.294	2
0.294	2
0.294	2
0.294	3
0.294	1
0.294	1
0.295	4
0.295	3
0.295	5
0.295	5
0.295	3
0.295	2
0.295	4
0.295	2
0.295	2
0.295	5
0.295	5
0.295	5
0.295	2
0.295	2
0.295	2
0.295	2
0.295	3
0.295	4
0.295	1
0.295	2
0.295	2
0.295	2
0.295	2
0.295	3
0.295	1
0.295	1
0.295	1
0.295	1
0.296	5
0.296	3
0.296	3
0.296	2
0.296	5
0.296	4
0.296	2
0.296	3
0.296	2
0.296	1
0.296	2
0.296	2
0.296	2
0.296	4
0.296	4
0.296	1
0.296	1
0.296	3
0.296	1
0.296	3
0.296	1
0.296	2
0.296	1
0.297	3
0.297	3
0.297	3
0.297	3
0.297	2
0.297	1
0.297	2
0.297	3
0.297	1
0.297	3
0.297	2
0.297	5
0.297	2
0.297	2
0.297	2
0.297	2
0.297	1
0.297	1
0.297	1
0.298	5
0.298	5
0.298	3
0.298	3
0.298	5
0.298	3
0.298	3
0.298	2
0.298	3
0.298	3
0.298	2
0.298	1
0.298	2
0.298	2
0.298	2
0.298	2
0.298	1
0.298	3
0.298	1
0.298	2
0.299	3
0.299	3
0.299	3
0.299	1
0.299	3
0.299	3
0.299	2
0.299	4
0.299	1
0.299	2
0.299	1
0.299	1
0.299	2
0.3	5
0.3	3
0.3	1
0.3	3
0.3	3
0.3	3
0.3	2
0.3	3
0.3	3
0.3	3
0.3	1
0.3	1
0.3	1
0.3	3
0.3	3
0.3	3
0.3	2
0.3	2
0.3	2
0.3	1
0.3	1
0.3	2
0.3	2
0.3	2
0.3	3
0.3	1
0.3	2
0.3	2
0.3	1
0.3	1
0.301	3
0.301	3
0.301	3
0.301	3
0.301	1
0.301	3
0.301	3
0.301	2
0.301	1
0.301	1
0.301	1
0.301	1
0.301	1
0.301	3
0.301	2
0.301	1
0.301	1
0.301	1
0.302	3
0.302	3
0.302	3
0.302	4
0.302	1
0.302	3
0.302	3
0.302	1
0.302	3
0.302	2
0.302	2
0.302	3
0.302	3
0.302	1
0.302	3
0.302	1
0.302	1
0.302	1
0.302	1
0.303	5
0.303	3
0.303	4
0.303	3
0.303	3
0.303	3
0.303	2
0.303	2
0.303	2
0.303	2
0.303	2
0.303	2
0.303	3
0.303	3
0.303	2
0.303	3
0.303	3
0.303	1
0.303	2
0.303	1
0.303	1
0.304	5
0.304	5
0.304	5
0.304	4
0.304	4
0.304	3
0.304	3
0.304	5
0.304	5
0.304	3
0.304	3
0.304	3
0.304	3
0.304	3
0.304	2
0.304	2
0.304	2
0.304	1
0.304	1
0.304	1
0.304	6
0.304	2
0.304	2
0.304	2
0.304	1
0.304	1
0.304	2
0.304	2
0.304	3
0.304	1
0.304	2
0.304	1
0.304	1
0.304	1
0.305	3
0.305	3
0.305	3
0.305	2
0.305	2
0.305	2
0.305	6
0.305	6
0.305	2
0.305	2
0.305	4
0.305	1
0.305	2
0.305	2
0.305	1
0.305	1
0.305	1
0.305	1
0.305	1
0.305	1
0.305	1
0.305	1
0.306	3
0.306	5
0.306	3
0.306	2
0.306	1
0.306	2
0.306	3
0.306	2
0.306	2
0.306	2
0.306	2
0.306	1
0.306	1
0.306	3
0.306	3
0.306	1
0.306	1
0.306	2
0.306	2
0.306	1
0.306	1
0.306	1
0.307	5
0.307	5
0.307	4
0.307	2
0.307	3
0.307	2
0.307	5
0.307	3
0.307	3
0.307	3
0.307	3
0.307	2
0.307	4
0.307	1
0.307	3
0.307	1
0.307	2
0.307	2
0.307	3
0.307	1
0.307	2
0.308	3
0.308	5
0.308	2
0.308	4
0.308	4
0.308	2
0.308	2
0.308	3
0.308	2
0.308	5
0.308	6
0.308	2
0.308	2
0.308	3
0.308	2
0.308	2
0.308	2
0.308	2
0.308	1
0.308	1
0.308	2
0.309	3
0.309	5
0.309	3
0.309	2
0.309	3
0.309	3
0.309	1
0.309	3
0.309	2
0.309	2
0.309	3
0.309	1
0.309	2
0.309	2
0.309	1
0.309	1
0.309	1
0.309	1
0.309	2
0.309	2
0.309	1
0.31	5
0.31	4
0.31	3
0.31	5
0.31	4
0.31	2
0.31	3
0.31	3
0.31	3
0.31	3
0.31	3
0.31	1
0.31	1
0.31	3
0.31	3
0.31	2
0.31	2
0.31	1
0.31	1
0.31	3
0.31	3
0.31	1
0.31	1
0.31	2
0.31	1
0.31	1
0.31	1
0.311	3
0.311	3
0.311	4
0.311	2
0.311	3
0.311	3
0.311	4
0.311	2
0.311	5
0.311	2
0.311	2
0.311	2
0.311	3
0.311	3
0.311	3
0.311	1
0.311	1
0.312	3
0.312	3
0.312	2
0.312	1
0.312	1
0.312	4
0.312	2
0.312	3
0.312	2
0.312	3
0.312	2
0.312	2
0.312	3
0.312	1
0.312	1
0.312	4
0.312	1
0.312	3
0.312	3
0.312	1
0.312	1
0.312	3
0.312	1
0.312	1
0.312	1
0.313	5
0.313	5
0.313	4
0.313	3
0.313	3
0.313	2
0.313	1
0.313	2
0.313	2
0.313	3
0.313	1
0.313	3
0.313	2
0.313	2
0.313	2
0.313	4
0.313	1
0.313	3
0.313	1
0.313	2
0.314	3
0.314	3
0.314	3
0.314	1
0.314	1
0.314	1
0.314	3
0.314	5
0.314	5
0.314	5
0.314	3
0.314	3
0.314	2
0.314	2
0.314	1
0.314	1
0.314	6
0.314	2
0.314	2
0.314	3
0.314	2
0.314	2
0.314	2
0.314	2
0.314	2
0.314	1
0.315	3
0.315	3
0.315	1
0.315	3
0.315	4
0.315	2
0.315	3
0.315	3
0.315	3
0.315	2
0.315	2
0.315	2
0.315	2
0.315	4
0.315	4
0.315	1
0.315	1
0.315	2
0.315	2
0.315	2
0.315	2
0.315	1
0.315	1
0.316	5
0.316	5
0.316	4
0.316	4
0.316	3
0.316	3
0.316	3
0.316	3
0.316	1
0.316	1
0.316	5
0.316	3
0.316	2
0.316	6
0.316	2
0.316	2
0.316	2
0.316	2
0.316	4
0.316	1
0.316	2
0.316	1
0.316	1
0.316	1
0.316	2
0.316	1
0.317	5
0.317	3
0.317	3
0.317	5
0.317	1
0.317	3
0.317	2
0.317	3
0.317	3
0.317	3
0.317	2
0.317	1
0.317	1
0.317	1
0.317	2
0.317	3
0.317	1
0.317	3
0.317	1
0.317	2
0.318	4
0.318	3
0.318	3
0.318	1
0.318	3
0.318	4
0.318	4
0.318	4
0.318	2
0.318	2
0.318	2
0.318	3
0.318	2
0.319	5
0.319	5
0.319	4
0.319	3
0.319	3
0.319	1
0.319	3
0.319	3
0.319	1
0.319	3
0.319	2
0.319	2
0.319	3
0.319	2
0.319	2
0.319	4
0.319	1
0.319	2
0.319	2
0.319	1
0.319	1
0.32	3
0.32	3
0.32	2
0.32	2
0.32	4
0.32	3
0.32	3
0.32	4
0.32	2
0.32	3
0.32	3
0.32	3
0.32	2
0.32	1
0.32	1
0.32	1
0.32	1
0.32	2
0.32	2
0.32	1
0.32	1
0.32	1
0.321	3
0.321	1
0.321	3
0.321	3
0.321	3
0.321	3
0.321	1
0.321	3
0.321	2
0.321	6
0.321	2
0.321	1
0.321	1
0.321	2
0.321	2
0.321	3
0.321	1
0.321	1
0.321	2
0.321	1
0.322	5
0.322	5
0.322	5
0.322	2
0.322	1
0.322	1
0.322	1
0.322	2
0.322	2
0.322	2
0.322	3
0.322	3
0.322	4
0.322	1
0.322	3
0.322	3
0.322	1
0.322	2
0.322	1
0.323	3
0.323	3
0.323	2
0.323	4
0.323	3
0.323	3
0.323	3
0.323	5
0.323	3
0.323	3
0.323	2
0.323	1
0.323	2
0.323	2
0.323	2
0.323	3
0.323	2
0.323	4
0.323	1
0.323	2
0.323	1
0.324	3
0.324	2
0.324	2
0.324	5
0.324	2
0.324	1
0.324	1
0.324	1
0.324	1
0.324	3
0.324	2
0.324	5
0.324	5
0.324	2
0.324	6
0.324	6
0.324	2
0.324	2
0.324	2
0.324	2
0.324	2
0.324	1
0.324	1
0.324	2
0.324	1
0.324	1
0.325	5
0.325	3
0.325	5
0.325	3
0.325	3
0.325	2
0.325	2
0.325	3
0.325	2
0.325	1
0.325	6
0.325	2
0.325	2
0.325	2
0.325	3
0.325	1
0.325	1
0.325	3
0.325	1
0.325	2
0.325	1
0.326	5
0.326	3
0.326	4
0.326	3
0.326	2
0.326	5
0.326	4
0.326	4
0.326	4
0.326	3
0.326	3
0.326	3
0.326	3
0.326	3
0.326	3
0.326	1
0.326	3
0.326	3
0.326	1
0.326	3
0.326	2
0.326	2
0.326	4
0.326	1
0.326	3
0.326	1
0.326	2
0.326	1
0.326	2
0.326	1
0.327	4
0.327	3
0.327	3
0.327	2
0.327	2
0.327	4
0.327	2
0.327	5
0.327	1
0.327	1
0.327	2
0.327	3
0.327	2
0.327	2
0.327	1
0.327	3
0.327	1
0.327	2
0.328	5
0.328	2
0.328	4
0.328	3
0.328	3
0.328	4
0.328	4
0.328	3
0.328	3
0.328	4
0.328	2
0.328	3
0.328	4
0.328	1
0.328	3
0.328	1
0.328	1
0.328	2
0.329	3
0.329	6
0.329	3
0.329	2
0.329	3
0.329	3
0.329	1
0.329	1
0.329	3
0.329	4
0.329	2
0.329	2
0.329	2
0.329	3
0.329	3
0.329	1
0.329	2
0.329	2
0.329	1
0.329	1
0.33	3
0.33	2
0.33	2
0.33	2
0.33	3
0.33	3
0.33	3
0.33	1
0.33	3
0.33	1
0.33	4
0.33	2
0.33	2
0.33	2
0.33	2
0.33	2
0.33	3
0.33	3
0.33	1
0.33	1
0.33	1
0.33	1
0.33	1
0.331	3
0.331	2
0.331	1
0.331	3
0.331	4
0.331	4
0.331	3
0.331	3
0.331	6
0.331	2
0.331	1
0.331	1
0.331	4
0.331	1
0.331	4
0.331	1
0.331	3
0.331	1
0.331	1
0.331	2
0.331	1
0.331	1
0.331	1
0.332	5
0.332	6
0.332	6
0.332	6
0.332	2
0.332	1
0.332	1
0.332	2
0.332	2
0.332	2
0.332	3
0.332	3
0.332	1
0.332	2
0.332	1
0.332	1
0.332	2
0.332	2
0.332	1
0.332	1
0.332	1
0.333	5
0.333	1
0.333	5
0.333	3
0.333	3
0.333	3
0.333	3
0.333	3
0.333	1
0.333	1
0.333	2
0.333	2
0.333	3
0.333	2
0.333	2
0.333	4
0.333	1
0.333	2
0.333	3
0.333	3
0.333	1
0.333	1
0.333	2
0.333	2
0.333	1
0.333	1
0.333	1
0.334	3
0.334	2
0.334	2
0.334	2
0.334	6
0.334	1
0.334	1
0.334	4
0.334	4
0.334	2
0.334	3
0.334	3
0.334	1
0.334	2
0.334	4
0.334	1
0.334	2
0.334	2
0.334	2
0.334	2
0.334	2
0.334	1
0.334	2
0.334	1
0.334	1
0.334	1
0.335	4
0.335	3
0.335	3
0.335	1
0.335	5
0.335	6
0.335	2
0.335	2
0.335	2
0.335	2
0.335	2
0.335	3
0.335	1
0.335	1
0.335	2
0.335	2
0.335	2
0.335	2
0.335	2
0.335	2
0.335	3
0.335	1
0.335	2
0.335	1
0.335	1
0.335	3
0.335	3
0.335	1
0.335	1
0.336	3
0.336	2
0.336	4
0.336	4
0.336	3
0.336	3
0.336	3
0.336	3
0.336	4
0.336	2
0.336	3
0.336	3
0.336	3
0.336	3
0.336	1
0.336	4
0.336	2
0.336	1
0.336	1
0.336	4
0.336	1
0.336	3
0.336	1
0.336	3
0.336	3
0.336	1
0.336	1
0.336	2
0.336	2
0.336	2
0.336	3
0.336	3
0.336	1
0.336	1
0.336	2
0.336	2
0.337	3
0.337	3
0.337	3
0.337	3
0.337	1
0.337	4
0.337	3
0.337	3
0.337	2
0.337	3
0.337	3
0.337	3
0.337	1
0.337	1
0.337	2
0.337	2
0.337	2
0.337	2
0.337	2
0.338	3
0.338	4
0.338	2
0.338	3
0.338	2
0.338	4
0.338	1
0.338	3
0.338	3
0.338	3
0.338	1
0.338	2
0.338	2
0.338	2
0.338	2
0.338	2
0.338	2
0.338	2
0.339	3
0.339	4
0.339	4
0.339	3
0.339	2
0.339	4
0.339	3
0.339	3
0.339	4
0.339	3
0.339	3
0.339	3
0.339	2
0.339	2
0.339	1
0.339	1
0.339	4
0.339	4
0.339	1
0.339	2
0.339	3
0.339	1
0.339	3
0.339	3
0.339	1
0.339	1
0.339	2
0.339	2
0.34	3
0.34	4
0.34	2
0.34	2
0.34	4
0.34	5
0.34	3
0.34	3
0.34	3
0.34	1
0.34	3
0.34	1
0.34	4
0.34	2
0.34	6
0.34	2
0.34	2
0.34	2
0.34	2
0.34	3
0.34	3
0.34	3
0.34	1
0.34	1
0.34	1
0.341	5
0.341	4
0.341	4
0.341	6
0.341	1
0.341	4
0.341	2
0.341	2
0.341	3
0.341	1
0.341	1
0.341	4
0.341	1
0.341	2
0.341	2
0.341	2
0.341	2
0.341	4
0.341	2
0.341	3
0.341	3
0.341	1
0.341	1
0.342	5
0.342	4
0.342	4
0.342	6
0.342	6
0.342	4
0.342	2
0.342	2
0.342	4
0.342	4
0.342	1
0.342	1
0.342	4
0.342	4
0.342	2
0.342	2
0.342	1
0.342	3
0.342	1
0.342	1
0.343	4
0.343	2
0.343	2
0.343	1
0.343	2
0.343	5
0.343	5
0.343	3
0.343	2
0.343	6
0.343	2
0.343	2
0.343	3
0.343	2
0.343	2
0.343	2
0.343	2
0.343	3
0.343	1
0.343	2
0.343	1
0.343	3
0.343	1
0.344	2
0.344	2
0.344	4
0.344	3
0.344	4
0.344	4
0.344	2
0.344	2
0.344	5
0.344	3
0.344	3
0.344	1
0.344	2
0.344	4
0.344	1
0.344	2
0.344	2
0.344	2
0.344	2
0.344	2
0.344	3
0.344	1
0.344	2
0.345	5
0.345	5
0.345	4
0.345	6
0.345	4
0.345	3
0.345	3
0.345	1
0.345	4
0.345	2
0.345	3
0.345	1
0.345	4
0.345	2
0.345	6
0.345	2
0.345	2
0.345	2
0.345	4
0.345	4
0.345	1
0.345	1
0.345	2
0.345	2
0.345	2
0.345	2
0.346	4
0.346	3
0.346	3
0.346	1
0.346	1
0.346	2
0.346	2
0.346	2
0.346	2
0.346	3
0.346	1
0.346	2
0.346	2
0.346	2
0.346	2
0.347	5
0.347	3
0.347	3
0.347	2
0.347	4
0.347	3
0.347	3
0.347	4
0.347	4
0.347	4
0.347	3
0.347	3
0.347	3
0.347	1
0.347	1
0.347	1
0.347	1
0.347	3
0.347	1
0.347	3
0.347	1
0.347	2
0.347	1
0.348	5
0.348	4
0.348	4
0.348	4
0.348	2
0.348	4
0.348	3
0.348	2
0.348	3
0.348	1
0.348	4
0.348	2
0.348	2
0.348	3
0.348	2
0.348	3
0.348	3
0.348	1
0.348	1
0.349	3
0.349	3
0.349	5
0.349	4
0.349	4
0.349	4
0.349	2
0.349	3
0.349	3
0.349	1
0.349	2
0.349	2
0.349	2
0.349	3
0.349	3
0.349	1
0.349	1
0.349	2
0.349	2
0.349	4
0.349	2
0.349	3
0.349	1
0.349	3
0.349	1
0.35	4
0.35	3
0.35	1
0.35	4
0.35	4
0.35	5
0.35	3
0.35	3
0.35	1
0.35	4
0.35	3
0.35	6
0.35	2
0.35	2
0.35	2
0.35	1
0.35	1
0.35	1
0.35	1
0.35	4
0.35	2
0.35	3
0.35	1
0.35	2
0.351	3
0.351	4
0.351	6
0.351	2
0.351	2
0.351	2
0.351	4
0.351	4
0.351	2
0.351	2
0.351	6
0.351	6
0.351	2
0.351	2
0.351	2
0.351	3
0.351	2
0.351	2
0.351	2
0.352	3
0.352	3
0.352	3
0.352	5
0.352	4
0.352	3
0.352	3
0.352	2
0.352	3
0.352	3
0.352	3
0.352	2
0.352	3
0.352	2
0.352	2
0.352	3
0.352	3
0.352	4
0.352	1
0.352	2
0.352	2
0.352	2
0.352	2
0.352	2
0.352	1
0.353	3
0.353	2
0.353	6
0.353	1
0.353	1
0.353	2
0.353	6
0.353	2
0.353	3
0.353	3
0.353	2
0.353	4
0.353	1
0.353	3
0.353	1
0.353	2
0.353	1
0.354	5
0.354	5
0.354	3
0.354	1
0.354	4
0.354	3
0.354	5
0.354	3
0.354	3
0.354	2
0.354	6
0.354	6
0.354	2
0.354	3
0.354	2
0.354	3
0.354	1
0.354	2
0.354	3
0.354	1
0.355	3
0.355	5
0.355	5
0.355	5
0.355	2
0.355	4
0.355	4
0.355	3
0.355	3
0.355	3
0.355	3
0.355	4
0.355	2
0.355	3
0.355	3
0.355	3
0.355	1
0.355	4
0.355	3
0.355	3
0.355	3
0.355	1
0.355	2
0.356	5
0.356	3
0.356	3
0.356	3
0.356	2
0.356	4
0.356	3
0.356	3
0.356	3
0.356	3
0.356	1
0.356	1
0.356	4
0.356	4
0.356	3
0.356	3
0.356	2
0.356	4
0.356	2
0.356	2
0.357	5
0.357	5
0.357	4
0.357	4
0.357	3
0.357	1
0.357	1
0.357	2
0.357	2
0.357	2
0.357	2
0.358	5
0.358	4
0.358	4
0.358	4
0.358	3
0.358	6
0.358	2
0.358	4
0.358	3
0.358	3
0.358	2
0.358	3
0.358	1
0.358	4
0.358	3
0.358	1
0.358	1
0.358	2
0.358	2
0.358	3
0.358	1
0.358	2
0.358	1
0.359	3
0.359	4
0.359	4
0.359	4
0.359	4
0.359	4
0.359	2
0.359	2
0.359	5
0.359	3
0.359	3
0.359	2
0.359	2
0.359	2
0.359	3
0.359	3
0.359	1
0.359	1
0.359	4
0.359	4
0.359	3
0.359	3
0.359	2
0.359	3
0.359	4
0.359	1
0.359	3
0.359	1
0.359	1
0.359	1
0.36	2
0.36	2
0.36	2
0.36	4
0.36	2
0.36	3
0.36	3
0.36	3
0.36	3
0.36	3
0.36	2
0.36	2
0.36	3
0.36	2
0.36	3
0.36	2
0.36	3
0.36	2
0.36	3
0.36	1
0.36	1
0.361	5
0.361	4
0.361	4
0.361	6
0.361	6
0.361	4
0.361	2
0.361	6
0.361	3
0.361	3
0.361	4
0.361	2
0.361	3
0.361	1
0.361	2
0.361	2
0.361	3
0.361	1
0.361	1
0.362	3
0.362	3
0.362	4
0.362	4
0.362	6
0.362	4
0.362	3
0.362	3
0.362	2
0.362	5
0.362	3
0.362	3
0.362	3
0.362	2
0.362	2
0.362	2
0.362	6
0.362	3
0.362	2
0.362	3
0.362	1
0.362	2
0.362	1
0.363	3
0.363	2
0.363	2
0.363	4
0.363	3
0.363	4
0.363	2
0.363	3
0.363	3
0.363	3
0.363	3
0.363	3
0.363	3
0.363	2
0.363	2
0.363	2
0.363	2
0.363	2
0.363	2
0.363	2
0.363	2
0.363	2
0.363	2
0.363	3
0.363	1
0.364	5
0.364	5
0.364	5
0.364	4
0.364	5
0.364	2
0.364	2
0.364	5
0.364	1
0.364	1
0.364	4
0.364	1
0.364	3
0.364	1
0.364	2
0.364	2
0.364	2
0.364	2
0.364	3
0.364	1
0.364	2
0.365	5
0.365	5
0.365	4
0.365	2
0.365	3
0.365	3
0.365	2
0.365	3
0.365	1
0.365	3
0.365	1
0.365	2
0.365	2
0.366	5
0.366	3
0.366	3
0.366	2
0.366	4
0.366	3
0.366	3
0.366	4
0.366	4
0.366	3
0.366	3
0.366	3
0.366	3
0.366	3
0.366	3
0.366	1
0.366	4
0.366	3
0.366	2
0.366	3
0.366	3
0.366	3
0.366	1
0.366	2
0.366	3
0.366	2
0.367	4
0.367	3
0.367	2
0.367	3
0.367	1
0.367	4
0.367	3
0.367	3
0.367	4
0.367	2
0.367	3
0.367	3
0.367	1
0.367	2
0.368	4
0.368	5
0.368	4
0.368	6
0.368	4
0.368	3
0.368	3
0.368	6
0.368	3
0.368	2
0.368	4
0.368	3
0.368	3
0.368	1
0.369	4
0.369	4
0.369	4
0.369	2
0.369	4
0.369	5
0.369	3
0.369	3
0.369	2
0.369	1
0.369	1
0.369	2
0.369	2
0.369	3
0.37	4
0.37	2
0.37	2
0.37	2
0.37	4
0.37	2
0.37	5
0.37	5
0.37	3
0.37	3
0.37	2
0.37	2
0.37	4
0.37	1
0.37	2
0.37	2
0.37	4
0.37	3
0.371	4
0.371	4
0.371	3
0.371	3
0.371	4
0.371	4
0.371	4
0.371	2
0.371	2
0.371	3
0.371	3
0.371	2
0.371	2
0.371	3
0.371	2
0.371	4
0.371	1
0.372	4
0.372	4
0.372	4
0.372	6
0.372	2
0.372	2
0.372	5
0.372	3
0.372	2
0.372	2
0.372	2
0.373	5
0.373	3
0.373	4
0.373	3
0.373	4
0.373	2
0.373	5
0.373	5
0.373	3
0.373	3
0.373	1
0.373	4
0.373	3
0.373	6
0.373	3
0.373	4
0.373	1
0.374	5
0.374	5
0.374	5
0.374	4
0.374	2
0.374	4
0.374	3
0.374	3
0.374	2
0.374	4
0.374	4
0.374	3
0.374	3
0.374	4
0.374	4
0.374	2
0.374	2
0.374	3
0.374	2
0.374	2
0.375	4
0.375	4
0.375	2
0.375	1
0.375	1
0.375	2
0.376	5
0.376	4
0.376	3
0.376	3
0.376	4
0.376	4
0.376	3
0.376	3
0.376	3
0.376	1
0.376	1
0.377	5
0.377	4
0.377	4
0.377	3
0.377	6
0.377	2
0.377	4
0.377	4
0.377	4
0.377	4
0.377	3
0.377	3
0.377	3
0.377	3
0.377	3
0.377	2
0.377	2
0.377	3
0.377	2
0.378	4
0.378	4
0.378	4
0.378	4
0.378	2
0.378	2
0.378	2
0.378	3
0.378	1
0.378	4
0.378	3
0.378	3
0.378	2
0.378	3
0.378	1
0.378	1
0.378	1
0.379	4
0.379	2
0.379	2
0.379	4
0.379	6
0.379	3
0.379	3
0.379	1
0.379	1
0.38	4
0.38	6
0.38	2
0.38	2
0.38	2
0.38	2
0.38	4
0.38	4
0.38	6
0.38	3
0.38	6
0.38	3
0.38	2
0.38	3
0.38	2
0.38	3
0.38	1
0.38	1
0.381	4
0.381	5
0.381	4
0.381	3
0.381	3
0.381	2
0.381	2
0.381	4
0.381	2
0.381	6
0.381	3
0.381	3
0.381	3
0.381	1
0.381	2
0.381	2
0.381	3
0.381	1
0.382	3
0.382	2
0.382	6
0.382	4
0.382	4
0.382	3
0.382	3
0.382	3
0.382	3
0.382	2
0.382	4
0.382	2
0.382	3
0.382	3
0.382	2
0.382	6
0.382	3
0.382	2
0.382	3
0.382	1
0.382	2
0.382	1
0.383	5
0.383	4
0.383	2
0.383	2
0.383	3
0.383	2
0.383	3
0.383	2
0.383	2
0.383	1
0.384	5
0.384	5
0.384	4
0.384	2
0.384	4
0.384	3
0.384	3
0.384	4
0.384	3
0.384	3
0.384	1
0.384	4
0.384	3
0.384	3
0.384	1
0.384	2
0.384	2
0.384	3
0.384	2
0.384	2
0.384	3
0.384	1
0.385	5
0.385	4
0.385	5
0.385	4
0.385	3
0.385	2
0.385	4
0.385	4
0.385	3
0.385	3
0.385	3
0.385	3
0.385	4
0.385	3
0.385	3
0.385	3
0.385	1
0.385	4
0.385	3
0.385	3
0.385	1
0.385	3
0.385	1
0.385	2
0.385	3
0.385	1
0.385	2
0.386	2
0.386	2
0.386	3
0.386	3
0.386	1
0.386	2
0.387	3
0.387	6
0.387	4
0.387	6
0.387	3
0.387	3
0.387	1
0.387	4
0.387	3
0.387	4
0.387	3
0.387	3
0.387	2
0.387	3
0.387	2
0.388	4
0.388	5
0.388	5
0.388	4
0.388	6
0.388	6
0.388	2
0.388	2
0.388	4
0.388	4
0.388	2
0.388	3
0.388	3
0.388	3
0.388	2
0.388	3
0.388	4
0.388	3
0.388	3
0.388	1
0.388	2
0.389	5
0.389	4
0.389	2
0.389	2
0.389	2
0.389	2
0.389	3
0.389	3
0.389	2
0.389	2
0.389	2
0.389	3
0.389	1
0.39	5
0.39	2
0.39	2
0.39	6
0.39	2
0.39	3
0.39	4
0.39	1
0.39	2
0.39	2
0.39	3
0.391	4
0.391	4
0.391	5
0.391	6
0.391	6
0.391	2
0.391	4
0.391	3
0.391	3
0.391	3
0.391	3
0.391	2
0.391	2
0.391	4
0.391	1
0.391	4
0.391	3
0.392	4
0.392	3
0.392	2
0.392	4
0.392	3
0.392	3
0.392	6
0.392	3
0.392	2
0.392	1
0.393	5
0.393	5
0.393	4
0.393	3
0.393	3
0.393	2
0.393	2
0.393	4
0.393	3
0.393	3
0.393	4
0.393	2
0.393	2
0.393	2
0.393	1
0.393	1
0.394	5
0.394	4
0.394	4
0.394	3
0.394	3
0.394	2
0.394	4
0.394	1
0.394	2
0.394	3
0.394	1
0.394	1
0.395	5
0.395	5
0.395	3
0.395	2
0.395	3
0.395	1
0.395	1
0.395	2
0.395	2
0.395	3
0.395	1
0.395	2
0.395	2
0.395	3
0.395	1
0.396	4
0.396	3
0.396	3
0.396	2
0.396	4
0.396	3
0.396	1
0.396	1
0.396	2
0.396	3
0.396	1
0.396	2
0.397	4
0.397	2
0.397	2
0.397	3
0.397	2
0.397	3
0.397	2
0.397	3
0.397	2
0.397	2
0.398	4
0.398	4
0.398	6
0.398	6
0.398	3
0.398	2
0.398	3
0.398	2
0.398	3
0.398	1
0.398	2
0.398	2
0.398	3
0.398	2
0.399	5
0.399	4
0.399	6
0.399	4
0.399	3
0.399	3
0.399	4
0.399	4
0.399	2
0.399	6
0.399	6
0.399	4
0.399	3
0.399	1
0.399	1
0.399	3
0.399	1
0.399	3
0.399	1
0.399	2
0.4	5
0.4	5
0.4	2
0.4	2
0.4	4
0.4	2
0.4	6
0.4	4
0.4	3
0.4	3
0.4	1
0.401	3
0.401	6
0.401	2
0.401	3
0.401	4
0.401	3
0.401	3
0.402	4
0.402	2
0.402	4
0.402	3
0.402	4
0.402	2
0.402	3
0.402	4
0.402	3
0.403	5
0.403	4
0.403	3
0.403	2
0.403	4
0.403	3
0.403	6
0.403	4
0.403	2
0.403	2
0.404	5
0.404	5
0.404	4
0.404	4
0.404	4
0.404	3
0.404	4
0.404	3
0.404	3
0.404	3
0.404	1
0.404	4
0.404	3
0.404	4
0.404	1
0.404	2
0.404	2
0.405	5
0.405	4
0.405	4
0.405	6
0.405	4
0.405	4
0.405	3
0.405	3
0.405	1
0.405	4
0.405	3
0.405	2
0.405	4
0.405	1
0.406	4
0.406	2
0.406	4
0.406	2
0.407	4
0.407	5
0.407	4
0.407	4
0.407	4
0.407	3
0.407	2
0.407	3
0.408	4
0.408	4
0.408	2
0.408	3
0.408	4
0.408	3
0.408	3
0.408	2
0.408	3
0.408	3
0.408	1
0.408	4
0.408	3
0.408	2
0.409	5
0.409	5
0.409	3
0.409	2
0.409	3
0.409	3
0.409	2
0.409	1
0.409	1
0.409	2
0.41	4
0.41	5
0.41	3
0.41	6
0.41	4
0.41	3
0.41	3
0.41	1
0.41	1
0.41	1
0.411	5
0.411	5
0.411	4
0.411	3
0.411	3
0.411	3
0.411	3
0.411	3
0.411	2
0.411	3
0.411	1
0.411	1
0.412	5
0.412	4
0.412	3
0.412	3
0.412	3
0.412	3
0.412	2
0.412	3
0.412	2
0.412	3
0.412	2
0.412	3
0.412	1
0.412	1
0.413	5
0.413	4
0.413	3
0.413	3
0.413	6
0.413	4
0.413	3
0.413	3
0.413	1
0.413	2
0.413	2
0.413	3
0.413	1
0.414	5
0.414	5
0.414	5
0.414	5
0.414	4
0.414	2
0.414	3
0.414	6
0.414	4
0.414	2
0.414	3
0.414	1
0.414	2
0.415	5
0.415	5
0.415	4
0.415	4
0.415	3
0.415	2
0.415	3
0.415	3
0.415	2
0.415	3
0.415	2
0.415	2
0.416	4
0.416	6
0.416	3
0.416	1
0.416	3
0.416	2
0.416	3
0.416	2
0.417	4
0.417	5
0.417	6
0.417	2
0.417	3
0.417	1
0.417	3
0.417	1
0.417	3
0.418	4
0.418	4
0.418	5
0.418	5
0.418	3
0.418	6
0.418	3
0.418	3
0.418	1
0.418	4
0.418	3
0.418	3
0.418	3
0.418	1
0.419	5
0.419	3
0.419	6
0.419	4
0.419	2
0.419	6
0.419	3
0.419	1
0.419	5
0.419	3
0.419	4
0.419	3
0.419	3
0.42	5
0.42	5
0.42	4
0.42	4
0.42	2
0.42	4
0.42	3
0.421	4
0.421	4
0.421	5
0.421	4
0.421	3
0.421	3
0.421	3
0.421	2
0.421	2
0.422	5
0.422	5
0.422	4
0.422	3
0.422	4
0.422	3
0.422	6
0.422	3
0.422	3
0.422	2
0.422	3
0.422	4
0.422	1
0.422	2
0.422	2
0.423	5
0.423	5
0.423	4
0.423	3
0.423	5
0.423	2
0.423	3
0.423	3
0.423	2
0.423	2
0.423	4
0.423	1
0.424	3
0.424	2
0.425	5
0.425	4
0.425	3
0.426	5
0.426	4
0.426	2
0.426	4
0.426	4
0.426	3
0.426	3
0.426	2
0.427	4
0.427	3
0.427	1
0.427	1
0.427	3
0.428	4
0.428	5
0.428	3
0.428	3
0.428	1
0.428	1
0.429	4
0.429	3
0.429	4
0.429	3
0.429	2
0.429	3
0.43	5
0.43	4
0.43	3
0.43	3
0.43	3
0.43	3
0.43	2
0.43	3
0.431	5
0.431	4
0.431	3
0.431	3
0.431	6
0.431	4
0.431	3
0.432	5
0.432	4
0.432	3
0.432	6
0.432	6
0.432	4
0.433	5
0.433	4
0.433	4
0.433	5
0.433	2
0.433	6
0.433	1
0.434	4
0.434	2
0.434	4
0.434	3
0.434	3
0.434	5
0.434	2
0.434	1
0.435	4
0.435	4
0.435	2
0.435	2
0.435	3
0.435	1
0.436	4
0.436	6
0.436	4
0.436	3
0.436	3
0.436	1
0.436	5
0.436	3
0.436	3
0.436	1
0.436	2
0.437	5
0.437	5
0.437	6
0.437	4
0.437	3
0.437	3
0.437	1
0.437	5
0.437	3
0.437	2
0.438	3
0.438	2
0.438	2
0.438	3
0.438	2
0.439	5
0.439	3
0.439	4
0.439	3
0.439	3
0.439	1
0.439	3
0.44	4
0.44	5
0.44	6
0.44	3
0.44	4
0.44	3
0.44	3
0.44	2
0.44	3
0.44	3
0.44	1
0.441	3
0.441	3
0.441	3
0.441	3
0.441	2
0.441	3
0.442	5
0.442	5
0.442	3
0.442	3
0.442	3
0.442	4
0.442	3
0.443	5
0.443	3
0.443	3
0.444	5
0.444	4
0.444	3
0.444	3
0.444	3
0.444	2
0.444	2
0.445	3
0.445	4
0.445	3
0.445	3
0.445	4
0.445	1
0.446	4
0.446	5
0.446	3
0.446	2
0.446	1
0.447	4
0.447	3
0.447	1
0.448	5
0.448	2
0.448	2
0.448	3
0.448	1
0.448	1
0.448	1
0.449	5
0.449	4
0.449	2
0.449	3
0.449	3
0.449	1
0.449	2
0.449	1
0.449	1
0.45	6
0.45	6
0.45	1
0.45	1
0.45	2
0.45	2
0.45	2
0.45	3
0.45	3
0.45	1
0.45	1
0.451	5
0.451	6
0.451	5
0.451	2
0.451	6
0.451	2
0.451	3
0.451	2
0.451	3
0.451	3
0.451	1
0.451	1
0.451	2
0.451	2
0.452	4
0.452	4
0.452	5
0.452	2
0.452	2
0.452	3
0.452	3
0.452	1
0.452	3
0.452	2
0.452	2
0.452	1
0.453	4
0.453	4
0.453	4
0.453	3
0.453	3
0.453	1
0.453	2
0.453	2
0.453	3
0.453	3
0.453	2
0.453	2
0.453	1
0.454	4
0.454	4
0.454	3
0.454	6
0.454	4
0.454	3
0.454	3
0.454	3
0.454	1
0.454	1
0.454	3
0.454	3
0.454	2
0.454	3
0.454	1
0.454	1
0.455	3
0.455	4
0.455	3
0.455	4
0.455	3
0.455	3
0.455	3
0.455	1
0.455	1
0.455	3
0.455	1
0.455	2
0.455	1
0.456	4
0.456	3
0.456	3
0.456	3
0.456	2
0.456	2
0.456	3
0.456	1
0.457	4
0.457	4
0.457	2
0.457	2
0.457	4
0.457	4
0.457	3
0.457	3
0.457	2
0.457	3
0.457	2
0.457	3
0.457	1
0.457	2
0.458	3
0.458	4
0.458	4
0.458	1
0.458	3
0.458	1
0.458	3
0.458	2
0.459	5
0.459	3
0.459	3
0.459	1
0.459	5
0.459	3
0.459	2
0.459	2
0.459	3
0.459	2
0.459	2
0.459	3
0.459	1
0.459	2
0.459	3
0.459	2
0.459	1
0.459	1
0.46	5
0.46	3
0.46	4
0.46	4
0.46	1
0.46	1
0.46	3
0.46	3
0.46	1
0.46	3
0.46	1
0.46	1
0.461	3
0.461	2
0.461	2
0.461	4
0.461	3
0.461	3
0.461	1
0.461	2
0.461	2
0.461	3
0.461	3
0.461	1
0.461	1
0.461	1
0.462	4
0.462	3
0.462	3
0.462	3
0.462	3
0.462	3
0.462	3
0.462	3
0.462	1
0.462	1
0.462	2
0.462	2
0.462	1
0.463	5
0.463	5
0.463	4
0.463	3
0.463	3
0.463	3
0.463	3
0.463	2
0.463	1
0.463	1
0.463	3
0.463	2
0.463	4
0.463	3
0.463	2
0.463	2
0.463	2
0.463	3
0.463	1
0.464	5
0.464	4
0.464	4
0.464	4
0.464	1
0.464	2
0.464	2
0.464	3
0.464	3
0.464	2
0.464	2
0.464	3
0.464	1
0.464	2
0.464	1
0.465	2
0.465	3
0.465	1
0.465	1
0.465	1
0.465	1
0.465	2
0.465	3
0.465	2
0.465	3
0.465	3
0.465	1
0.465	1
0.465	3
0.465	3
0.465	2
0.465	1
0.466	4
0.466	4
0.466	2
0.466	3
0.466	3
0.466	4
0.466	1
0.466	3
0.466	3
0.466	1
0.466	1
0.466	2
0.466	3
0.466	2
0.466	2
0.466	3
0.466	1
0.466	1
0.467	4
0.467	5
0.467	4
0.467	4
0.467	2
0.467	6
0.467	4
0.467	2
0.467	2
0.467	3
0.467	3
0.467	2
0.467	3
0.467	3
0.467	3
0.467	1
0.467	3
0.467	3
0.467	1
0.467	2
0.467	1
0.468	5
0.468	4
0.468	6
0.468	3
0.468	3
0.468	4
0.468	4
0.468	4
0.468	3
0.468	3
0.468	3
0.468	1
0.468	2
0.468	2
0.468	3
0.468	1
0.468	1
0.469	5
0.469	6
0.469	3
0.469	6
0.469	6
0.469	4
0.469	4
0.469	1
0.469	1
0.469	3
0.469	2
0.469	4
0.469	2
0.469	3
0.469	1
0.469	2
0.469	1
0.47	4
0.47	4
0.47	4
0.47	3
0.47	3
0.47	2
0.47	2
0.47	4
0.47	3
0.47	3
0.47	1
0.47	3
0.47	3
0.47	2
0.47	3
0.47	1
0.471	4
0.471	2
0.471	3
0.471	1
0.471	1
0.471	4
0.471	4
0.471	1
0.471	1
0.471	3
0.471	1
0.471	2
0.471	4
0.471	2
0.471	3
0.471	1
0.471	2
0.472	5
0.472	3
0.472	1
0.472	5
0.472	3
0.472	3
0.472	2
0.472	2
0.472	3
0.472	2
0.472	3
0.472	3
0.472	1
0.472	3
0.472	3
0.472	1
0.472	1
0.473	5
0.473	3
0.473	5
0.473	6
0.473	4
0.473	2
0.473	3
0.473	4
0.473	1
0.473	4
0.473	3
0.473	3
0.473	1
0.473	2
0.473	4
0.473	2
0.473	1
0.473	1
0.474	5
0.474	3
0.474	5
0.474	2
0.474	3
0.474	3
0.474	1
0.474	1
0.474	5
0.474	5
0.474	3
0.474	3
0.474	3
0.474	2
0.474	3
0.474	3
0.474	1
0.474	3
0.474	2
0.474	2
0.474	3
0.474	3
0.474	1
0.474	1
0.474	1
0.475	3
0.475	6
0.475	4
0.475	4
0.475	4
0.475	3
0.475	2
0.475	4
0.475	3
0.475	3
0.475	1
0.475	3
0.475	3
0.475	1
0.475	1
0.475	2
0.475	2
0.475	1
0.476	3
0.476	3
0.476	2
0.476	1
0.476	1
0.476	1
0.476	1
0.476	4
0.476	1
0.476	3
0.476	3
0.476	3
0.476	2
0.476	3
0.476	1
0.477	5
0.477	4
0.477	3
0.477	3
0.477	3
0.477	4
0.477	2
0.477	3
0.477	2
0.477	3
0.477	3
0.477	2
0.477	2
0.477	4
0.477	4
0.477	2
0.477	2
0.477	3
0.477	1
0.477	2
0.478	5
0.478	3
0.478	3
0.478	3
0.478	3
0.478	2
0.478	2
0.478	3
0.478	1
0.478	5
0.478	3
0.478	2
0.478	3
0.478	4
0.478	4
0.478	1
0.478	1
0.478	4
0.478	1
0.478	3
0.478	3
0.478	1
0.478	1
0.478	3
0.478	3
0.478	3
0.479	3
0.479	3
0.479	3
0.479	2
0.479	3
0.479	2
0.479	3
0.479	3
0.479	1
0.479	1
0.479	2
0.479	4
0.479	2
0.48	4
0.48	4
0.48	3
0.48	1
0.48	5
0.48	3
0.48	6
0.48	6
0.48	4
0.48	4
0.48	3
0.48	4
0.48	4
0.48	4
0.48	1
0.48	3
0.48	3
0.48	3
0.48	1
0.48	3
0.481	4
0.481	3
0.481	3
0.481	3
0.481	3
0.481	3
0.481	1
0.481	1
0.481	2
0.481	3
0.481	3
0.481	3
0.481	3
0.481	3
0.481	1
0.482	5
0.482	3
0.482	3
0.482	3
0.482	2
0.482	6
0.482	4
0.482	4
0.482	3
0.482	1
0.483	5
0.483	3
0.483	3
0.483	3
0.483	4
0.483	1
0.483	1
0.483	3
0.483	3
0.483	2
0.483	2
0.483	3
0.483	3
0.483	1
0.484	4
0.484	3
0.484	3
0.484	3
0.484	3
0.484	2
0.484	3
0.484	4
0.484	4
0.484	4
0.484	1
0.484	1
0.484	2
0.484	3
0.484	1
0.485	4
0.485	4
0.485	4
0.485	3
0.485	3
0.485	3
0.485	3
0.485	3
0.485	1
0.485	1
0.485	5
0.485	5
0.485	3
0.485	3
0.485	6
0.485	4
0.485	3
0.485	4
0.485	1
0.485	1
0.485	2
0.485	2
0.485	3
0.485	2
0.485	3
0.485	1
0.485	2
0.485	1
0.486	4
0.486	5
0.486	3
0.486	4
0.486	1
0.486	3
0.486	1
0.486	1
0.486	1
0.486	1
0.487	5
0.487	2
0.487	3
0.487	3
0.487	1
0.487	5
0.487	3
0.487	6
0.487	4
0.487	3
0.487	4
0.487	2
0.487	2
0.487	4
0.487	2
0.487	2
0.487	3
0.487	1
0.487	1
0.487	1
0.487	1
0.487	1
0.488	5
0.488	5
0.488	3
0.488	3
0.488	3
0.488	3
0.488	4
0.488	4
0.488	3
0.488	1
0.488	3
0.488	3
0.488	1
0.488	2
0.488	2
0.488	3
0.488	3
0.488	3
0.488	3
0.488	3
0.488	1
0.488	1
0.488	1
0.488	1
0.488	1
0.489	2
0.489	5
0.489	5
0.489	2
0.489	2
0.489	3
0.489	3
0.489	3
0.489	3
0.489	2
0.489	2
0.489	6
0.489	4
0.489	1
0.489	1
0.489	1
0.489	1
0.489	3
0.489	1
0.489	3
0.489	3
0.489	3
0.489	3
0.489	1
0.489	1
0.489	1
0.489	2
0.489	2
0.489	2
0.489	3
0.489	3
0.489	1
0.489	1
0.49	4
0.49	3
0.49	3
0.49	3
0.49	3
0.49	1
0.49	5
0.49	3
0.49	4
0.49	3
0.49	2
0.49	4
0.49	2
0.49	3
0.49	3
0.49	3
0.49	3
0.49	1
0.49	2
0.49	3
0.49	3
0.49	1
0.491	5
0.491	6
0.491	3
0.491	3
0.491	2
0.491	3
0.491	3
0.491	4
0.491	4
0.491	1
0.491	1
0.491	3
0.491	3
0.491	3
0.491	1
0.491	3
0.491	2
0.491	2
0.491	2
0.491	4
0.491	4
0.491	4
0.491	2
0.491	2
0.491	2
0.491	3
0.491	3
0.491	1
0.491	2
0.492	5
0.492	4
0.492	4
0.492	3
0.492	3
0.492	5
0.492	3
0.492	3
0.492	3
0.492	1
0.492	5
0.492	3
0.492	3
0.492	3
0.492	3
0.492	1
0.492	3
0.492	3
0.492	3
0.492	1
0.492	1
0.492	1
0.492	3
0.492	3
0.492	3
0.492	2
0.492	4
0.492	2
0.492	3
0.493	4
0.493	4
0.493	5
0.493	3
0.493	3
0.493	6
0.493	6
0.493	4
0.493	4
0.493	3
0.493	4
0.493	3
0.493	2
0.493	3
0.493	3
0.493	3
0.493	3
0.493	1
0.493	1
0.493	1
0.493	3
0.493	1
0.493	3
0.493	2
0.493	4
0.493	2
0.493	1
0.493	1
0.494	3
0.494	5
0.494	3
0.494	3
0.494	3
0.494	2
0.494	3
0.494	1
0.494	5
0.494	3
0.494	3
0.494	4
0.494	1
0.494	3
0.494	3
0.494	3
0.494	3
0.494	3
0.494	3
0.494	1
0.494	3
0.494	1
0.494	3
0.494	1
0.494	1
0.495	5
0.495	4
0.495	4
0.495	5
0.495	4
0.495	3
0.495	3
0.495	3
0.495	6
0.495	4
0.495	2
0.495	3
0.495	3
0.495	3
0.495	3
0.495	3
0.495	3
0.495	3
0.495	3
0.495	1
0.495	3
0.495	3
0.495	3
0.495	3
0.495	1
0.495	1
0.496	5
0.496	3
0.496	3
0.496	3
0.496	3
0.496	4
0.496	3
0.496	3
0.496	3
0.496	2
0.496	3
0.496	2
0.496	3
0.496	3
0.496	3
0.496	3
0.496	3
0.496	1
0.496	1
0.496	2
0.496	2
0.497	3
0.497	3
0.497	3
0.497	4
0.497	1
0.497	3
0.497	3
0.497	3
0.497	2
0.497	2
0.497	2
0.497	3
0.497	3
0.497	3
0.497	3
0.497	1
0.498	4
0.498	4
0.498	3
0.498	3
0.498	3
0.498	3
0.498	4
0.498	3
0.498	3
0.498	3
0.498	2
0.498	3
0.498	3
0.498	1
0.498	1
0.498	5
0.498	5
0.498	3
0.498	3
0.498	4
0.498	2
0.498	4
0.498	4
0.498	4
0.498	1
0.498	1
0.498	1
0.498	3
0.498	2
0.498	2
0.498	2
0.498	4
0.498	4
0.498	2
0.498	2
0.498	1
0.499	4
0.499	4
0.499	5
0.499	5
0.499	3
0.499	1
0.499	1
0.499	2
0.499	2
0.499	2
0.499	4
0.499	1
0.499	3
0.499	2
0.499	3
0.499	3
0.499	1
0.499	1
0.499	3
0.499	3
0.499	3
0.499	3
0.499	1
0.5	5
0.5	4
0.5	4
0.5	3
0.5	3
0.5	3
0.5	3
0.5	3
0.5	5
0.5	5
0.5	4
0.5	4
0.5	3
0.5	3
0.5	1
0.5	5
0.5	3
0.5	2
0.5	4
0.5	1
0.5	3
0.5	3
0.5	1
0.5	1
0.5	3
0.5	1
0.5	2
0.501	5
0.501	4
0.501	5
0.501	3
0.501	3
0.501	3
0.501	3
0.501	4
0.501	4
0.501	2
0.501	4
0.501	4
0.501	3
0.502	2
0.502	3
0.502	3
0.502	5
0.502	4
0.502	3
0.502	3
0.502	3
0.502	3
0.502	3
0.502	2
0.502	2
0.502	3
0.502	1
0.502	1
0.502	4
0.502	4
0.502	4
0.502	3
0.502	3
0.502	3
0.502	3
0.502	2
0.502	4
0.502	2
0.503	4
0.503	4
0.503	3
0.503	3
0.503	3
0.503	6
0.503	4
0.503	1
0.503	1
0.503	1
0.503	1
0.503	1
0.503	1
0.503	4
0.503	3
0.503	1
0.503	3
0.504	6
0.504	2
0.504	2
0.504	4
0.504	3
0.504	3
0.504	3
0.504	5
0.504	3
0.504	3
0.504	3
0.504	2
0.504	4
0.504	4
0.504	1
0.504	1
0.504	4
0.504	3
0.504	3
0.504	2
0.504	2
0.504	3
0.504	1
0.504	1
0.505	4
0.505	3
0.505	5
0.505	4
0.505	3
0.505	4
0.505	3
0.505	4
0.505	4
0.505	4
0.505	4
0.505	4
0.505	4
0.505	1
0.505	1
0.505	4
0.505	4
0.505	1
0.505	2
0.505	4
0.505	1
0.505	1
0.506	4
0.506	6
0.506	6
0.506	4
0.506	3
0.506	3
0.506	4
0.506	4
0.506	5
0.506	6
0.506	4
0.506	3
0.506	3
0.506	3
0.506	4
0.506	4
0.506	2
0.506	2
0.506	3
0.506	3
0.506	3
0.506	3
0.506	1
0.506	1
0.507	4
0.507	3
0.507	3
0.507	5
0.507	4
0.507	4
0.507	6
0.507	6
0.507	6
0.507	4
0.507	4
0.507	4
0.507	3
0.507	4
0.507	4
0.507	3
0.507	1
0.507	2
0.507	3
0.507	3
0.507	1
0.508	4
0.508	4
0.508	4
0.508	2
0.508	4
0.508	4
0.508	3
0.508	5
0.508	4
0.508	4
0.508	3
0.508	1
0.508	5
0.508	3
0.508	6
0.508	4
0.508	3
0.508	3
0.508	2
0.508	3
0.508	3
0.508	1
0.508	2
0.509	3
0.509	3
0.509	3
0.509	3
0.509	5
0.509	4
0.509	7
0.509	4
0.509	4
0.509	4
0.509	4
0.509	2
0.509	2
0.509	4
0.509	2
0.509	3
0.51	6
0.51	2
0.51	4
0.51	3
0.51	4
0.51	1
0.51	1
0.51	1
0.51	1
0.51	2
0.51	3
0.51	1
0.51	3
0.51	2
0.51	4
0.51	2
0.51	1
0.511	3
0.511	3
0.511	4
0.511	4
0.511	3
0.511	3
0.511	3
0.511	3
0.511	3
0.511	4
0.511	3
0.511	3
0.511	1
0.511	5
0.511	3
0.511	3
0.511	1
0.511	3
0.511	1
0.511	3
0.511	1
0.512	4
0.512	6
0.512	3
0.512	4
0.512	3
0.512	5
0.512	5
0.512	3
0.512	3
0.512	2
0.512	3
0.512	3
0.512	3
0.512	1
0.512	1
0.512	1
0.512	5
0.512	5
0.512	5
0.512	3
0.512	3
0.512	3
0.512	4
0.512	4
0.512	4
0.512	4
0.512	4
0.512	3
0.512	1
0.512	3
0.512	3
0.512	1
0.513	4
0.513	3
0.513	3
0.513	4
0.513	5
0.513	5
0.513	4
0.513	4
0.513	3
0.513	2
0.513	5
0.513	3
0.513	3
0.513	3
0.513	4
0.513	3
0.513	3
0.513	4
0.513	3
0.513	1
0.513	2
0.514	5
0.514	4
0.514	3
0.514	3
0.514	5
0.514	3
0.514	3
0.514	2
0.514	5
0.514	3
0.514	7
0.514	7
0.514	4
0.514	4
0.514	1
0.514	1
0.514	3
0.514	3
0.514	3
0.514	1
0.515	3
0.515	2
0.515	2
0.515	4
0.515	5
0.515	4
0.515	4
0.515	3
0.515	3
0.515	2
0.515	3
0.515	3
0.515	4
0.515	3
0.515	2
0.515	2
0.515	4
0.515	2
0.515	1
0.516	4
0.516	3
0.516	3
0.516	3
0.516	3
0.516	4
0.516	4
0.516	3
0.516	3
0.516	3
0.516	3
0.516	3
0.516	3
0.516	3
0.516	3
0.516	2
0.516	2
0.516	2
0.516	4
0.516	4
0.516	4
0.516	4
0.516	2
0.516	3
0.516	2
0.516	3
0.516	1
0.516	3
0.516	3
0.516	3
0.516	1
0.517	3
0.517	6
0.517	6
0.517	3
0.517	3
0.517	3
0.517	2
0.517	4
0.517	3
0.517	2
0.517	4
0.517	2
0.517	3
0.517	1
0.517	3
0.517	1
0.517	2
0.518	5
0.518	4
0.518	3
0.518	3
0.518	3
0.518	4
0.518	3
0.518	4
0.518	4
0.518	3
0.518	3
0.518	2
0.518	7
0.518	4
0.518	2
0.518	4
0.518	3
0.519	4
0.519	4
0.519	6
0.519	4
0.519	4
0.519	4
0.519	4
0.519	4
0.519	3
0.519	3
0.519	2
0.519	2
0.519	5
0.519	5
0.519	3
0.519	3
0.519	3
0.519	3
0.519	2
0.519	4
0.519	2
0.52	4
0.52	3
0.52	4
0.52	3
0.52	3
0.52	3
0.52	3
0.52	4
0.52	4
0.52	3
0.52	1
0.52	3
0.52	1
0.521	4
0.521	4
0.521	4
0.521	4
0.521	4
0.521	4
0.521	1
0.521	1
0.521	4
0.521	3
0.521	2
0.521	3
0.521	1
0.521	1
0.521	1
0.522	4
0.522	4
0.522	3
0.522	3
0.522	6
0.522	3
0.522	3
0.522	3
0.522	3
0.522	5
0.522	4
0.522	4
0.522	4
0.522	4
0.522	4
0.522	1
0.522	1
0.522	4
0.522	2
0.522	4
0.522	3
0.522	3
0.522	1
0.522	1
0.523	5
0.523	4
0.523	4
0.523	5
0.523	4
0.523	4
0.523	3
0.523	3
0.523	3
0.523	3
0.523	2
0.523	2
0.523	3
0.523	2
0.523	5
0.523	3
0.523	4
0.523	4
0.523	2
0.523	3
0.523	3
0.523	3
0.523	1
0.523	2
0.523	3
0.523	3
0.523	1
0.523	1
0.524	3
0.524	4
0.524	6
0.524	3
0.524	4
0.524	4
0.524	3
0.524	3
0.524	3
0.524	3
0.524	3
0.524	4
0.524	3
0.524	5
0.524	4
0.524	3
0.524	3
0.524	1
0.524	2
0.524	1
0.525	5
0.525	7
0.525	4
0.525	3
0.525	3
0.525	2
0.525	2
0.525	4
0.525	2
0.525	3
0.525	3
0.525	3
0.525	1
0.525	1
0.525	1
0.526	4
0.526	4
0.526	6
0.526	4
0.526	3
0.526	3
0.526	5
0.526	3
0.526	5
0.526	4
0.526	5
0.526	5
0.526	5
0.526	4
0.526	4
0.526	4
0.526	7
0.526	4
0.526	4
0.526	4
0.526	2
0.526	3
0.526	1
0.526	3
0.526	2
0.526	4
0.526	2
0.526	3
0.526	1
0.526	2
0.526	1
0.526	1
0.527	5
0.527	4
0.527	3
0.527	5
0.527	5
0.527	5
0.527	4
0.527	4
0.527	4
0.527	5
0.527	3
0.527	3
0.527	2
0.527	1
0.527	1
0.527	2
0.527	3
0.527	1
0.527	3
0.527	1
0.527	3
0.527	3
0.527	3
0.527	3
0.527	3
0.527	3
0.527	1
0.527	1
0.527	1
0.528	4
0.528	4
0.528	3
0.528	3
0.528	5
0.528	4
0.528	5
0.528	4
0.528	3
0.528	1
0.528	2
0.528	4
0.528	2
0.528	3
0.528	3
0.528	1
0.528	1
0.528	3
0.528	3
0.528	1
0.528	1
0.529	5
0.529	5
0.529	4
0.529	3
0.529	4
0.529	5
0.529	3
0.529	5
0.529	4
0.529	4
0.529	4
0.529	5
0.529	4
0.529	3
0.529	3
0.529	4
0.529	3
0.529	1
0.529	3
0.529	3
0.529	3
0.529	3
0.529	3
0.529	1
0.529	1
0.53	6
0.53	6
0.53	3
0.53	3
0.53	5
0.53	5
0.53	5
0.53	3
0.53	3
0.53	3
0.53	4
0.53	3
0.53	3
0.53	5
0.53	3
0.53	3
0.53	4
0.53	3
0.53	3
0.53	3
0.53	1
0.53	2
0.53	2
0.53	4
0.53	4
0.53	2
0.53	2
0.53	3
0.53	1
0.53	3
0.53	3
0.53	3
0.53	1
0.531	5
0.531	3
0.531	5
0.531	3
0.531	3
0.531	3
0.531	5
0.531	3
0.531	7
0.531	4
0.531	1
0.531	1
0.531	3
0.531	3
0.531	4
0.531	3
0.531	3
0.531	1
0.531	1
0.531	3
0.531	3
0.531	3
0.531	3
0.531	1
0.531	3
0.531	1
0.532	4
0.532	4
0.532	6
0.532	3
0.532	4
0.532	5
0.532	3
0.532	4
0.532	2
0.532	3
0.532	3
0.532	3
0.532	3
0.532	3
0.532	3
0.532	1
0.532	1
0.532	2
0.532	4
0.532	2
0.532	3
0.532	1
0.532	1
0.533	5
0.533	5
0.533	5
0.533	4
0.533	4
0.533	3
0.533	4
0.533	4
0.533	4
0.533	5
0.533	5
0.533	4
0.533	4
0.533	5
0.533	4
0.533	2
0.533	4
0.533	2
0.533	4
0.533	4
0.533	3
0.533	1
0.533	3
0.533	2
0.533	4
0.533	2
0.533	3
0.533	3
0.533	1
0.533	1
0.533	1
0.534	4
0.534	4
0.534	4
0.534	4
0.534	4
0.534	3
0.534	3
0.534	3
0.534	3
0.534	3
0.534	4
0.534	5
0.534	5
0.534	4
0.534	4
0.534	3
0.534	3
0.534	2
0.534	4
0.534	3
0.534	2
0.534	3
0.534	3
0.534	3
0.534	3
0.534	3
0.534	3
0.534	3
0.534	1
0.534	3
0.534	1
0.534	3
0.534	3
0.534	1
0.534	3
0.534	3
0.534	3
0.534	1
0.534	1
0.535	5
0.535	4
0.535	3
0.535	3
0.535	3
0.535	3
0.535	4
0.535	3
0.535	3
0.535	2
0.535	7
0.535	4
0.535	4
0.535	3
0.535	4
0.535	3
0.535	1
0.535	3
0.535	3
0.535	1
0.535	3
0.535	3
0.535	3
0.535	1
0.536	6
0.536	4
0.536	4
0.536	4
0.536	3
0.536	3
0.536	3
0.536	3
0.536	3
0.536	3
0.536	5
0.536	3
0.536	4
0.536	2
0.536	3
0.536	3
0.536	3
0.536	3
0.536	3
0.536	3
0.536	4
0.536	2
0.536	4
0.536	2
0.536	3
0.536	3
0.536	1
0.536	3
0.536	1
0.537	5
0.537	3
0.537	4
0.537	3
0.537	3
0.537	3
0.537	5
0.537	5
0.537	3
0.537	3
0.537	5
0.537	4
0.537	1
0.537	1
0.537	4
0.537	4
0.537	4
0.537	3
0.537	3
0.537	3
0.537	3
0.537	3
0.537	1
0.537	3
0.537	2
0.537	4
0.537	2
0.537	3
0.537	1
0.537	1
0.538	6
0.538	6
0.538	4
0.538	3
0.538	4
0.538	4
0.538	4
0.538	3
0.538	3
0.538	3
0.538	3
0.538	3
0.538	3
0.538	3
0.538	5
0.538	4
0.538	4
0.538	1
0.538	1
0.538	2
0.538	2
0.538	3
0.538	4
0.538	3
0.538	1
0.538	3
0.538	1
0.538	3
0.538	2
0.538	4
0.538	2
0.538	3
0.538	3
0.538	1
0.538	1
0.539	5
0.539	4
0.539	4
0.539	3
0.539	3
0.539	4
0.539	5
0.539	4
0.539	4
0.539	4
0.539	3
0.539	3
0.539	4
0.539	4
0.539	3
0.539	1
0.539	3
0.539	1
0.539	3
0.539	3
0.539	1
0.539	3
0.539	3
0.539	3
0.539	1
0.54	4
0.54	5
0.54	5
0.54	4
0.54	6
0.54	4
0.54	3
0.54	3
0.54	4
0.54	4
0.54	4
0.54	3
0.54	3
0.54	3
0.54	3
0.54	3
0.54	5
0.54	3
0.54	3
0.54	5
0.54	4
0.54	1
0.54	1
0.54	2
0.54	4
0.54	3
0.54	3
0.54	3
0.54	4
0.54	3
0.54	1
0.54	3
0.54	3
0.54	1
0.54	3
0.541	4
0.541	3
0.541	3
0.541	3
0.541	5
0.541	3
0.541	4
0.541	7
0.541	4
0.541	3
0.541	4
0.541	4
0.541	2
0.541	3
0.541	3
0.541	4
0.541	2
0.541	4
0.541	2
0.541	3
0.542	6
0.542	4
0.542	5
0.542	4
0.542	4
0.542	3
0.542	3
0.542	3
0.542	7
0.542	4
0.542	5
0.542	4
0.542	1
0.542	1
0.542	1
0.542	1
0.542	3
0.542	4
0.542	3
0.542	3
0.542	3
0.542	1
0.542	3
0.542	2
0.542	4
0.542	2
0.543	4
0.543	6
0.543	3
0.543	3
0.543	3
0.543	4
0.543	4
0.543	3
0.543	4
0.543	4
0.543	3
0.543	3
0.543	4
0.543	3
0.543	2
0.543	3
0.543	1
0.543	3
0.544	6
0.544	5
0.544	5
0.544	6
0.544	6
0.544	6
0.544	3
0.544	4
0.544	5
0.544	3
0.544	3
0.544	3
0.544	7
0.544	4
0.544	5
0.544	6
0.544	4
0.544	4
0.544	1
0.544	1
0.544	4
0.544	2
0.544	4
0.544	3
0.544	3
0.544	4
0.544	4
0.544	3
0.544	2
0.545	5
0.545	3
0.545	4
0.545	6
0.545	4
0.545	4
0.545	3
0.545	3
0.545	3
0.545	3
0.545	3
0.545	5
0.545	4
0.545	5
0.545	3
0.545	3
0.545	1
0.545	1
0.545	2
0.545	4
0.545	3
0.545	3
0.545	3
0.545	4
0.546	5
0.546	4
0.546	4
0.546	4
0.546	4
0.546	4
0.546	6
0.546	5
0.546	4
0.546	4
0.546	3
0.546	3
0.546	5
0.546	3
0.546	7
0.546	7
0.546	4
0.546	4
0.546	6
0.546	4
0.546	2
0.546	3
0.546	3
0.546	1
0.547	4
0.547	4
0.547	5
0.547	4
0.547	4
0.547	4
0.547	3
0.547	4
0.547	3
0.547	3
0.547	5
0.547	3
0.547	3
0.547	6
0.547	4
0.547	4
0.547	3
0.547	4
0.547	1
0.548	4
0.548	3
0.548	4
0.548	5
0.548	3
0.548	7
0.548	4
0.548	3
0.548	1
0.548	1
0.548	4
0.548	4
0.548	3
0.548	3
0.548	4
0.548	3
0.548	3
0.548	1
0.549	6
0.549	6
0.549	4
0.549	5
0.549	5
0.549	4
0.549	3
0.549	3
0.549	3
0.549	3
0.549	3
0.549	4
0.549	3
0.549	3
0.549	5
0.549	3
0.549	4
0.549	3
0.549	3
0.549	5
0.549	3
0.549	7
0.549	4
0.549	1
0.549	1
0.549	4
0.549	2
0.549	4
0.549	3
0.549	3
0.549	1
0.549	3
0.55	3
0.55	5
0.55	4
0.55	3
0.55	3
0.55	3
0.55	4
0.55	6
0.55	4
0.55	1
0.55	1
0.55	2
0.55	3
0.551	6
0.551	5
0.551	3
0.551	6
0.551	6
0.551	4
0.551	5
0.551	4
0.551	3
0.551	3
0.551	3
0.551	3
0.551	3
0.551	3
0.551	3
0.551	5
0.551	5
0.551	3
0.551	3
0.551	3
0.551	6
0.551	4
0.551	2
0.551	4
0.551	2
0.552	4
0.552	3
0.552	4
0.552	4
0.552	7
0.552	4
0.552	3
0.552	6
0.552	4
0.552	4
0.552	3
0.552	1
0.552	3
0.553	5
0.553	5
0.553	5
0.553	4
0.553	4
0.553	3
0.553	3
0.553	4
0.553	3
0.553	3
0.553	3
0.553	3
0.553	3
0.553	5
0.553	3
0.553	7
0.553	4
0.553	3
0.553	1
0.553	1
0.553	4
0.553	3
0.553	2
0.553	1
0.554	6
0.554	4
0.554	3
0.554	5
0.554	3
0.554	5
0.554	4
0.554	4
0.554	4
0.554	3
0.554	3
0.554	5
0.554	3
0.554	7
0.554	4
0.554	1
0.554	1
0.554	4
0.554	1
0.554	1
0.555	6
0.555	6
0.555	3
0.555	5
0.555	4
0.555	3
0.555	3
0.555	3
0.555	3
0.555	3
0.555	3
0.555	6
0.555	4
0.555	3
0.555	4
0.555	3
0.555	3
0.555	1
0.555	1
0.556	6
0.556	4
0.556	4
0.556	3
0.556	3
0.556	4
0.556	3
0.556	3
0.556	4
0.556	4
0.556	4
0.556	3
0.556	6
0.556	4
0.556	3
0.556	1
0.556	3
0.556	3
0.556	3
0.556	1
0.557	5
0.557	5
0.557	4
0.557	5
0.557	4
0.557	3
0.557	3
0.557	4
0.557	4
0.557	3
0.557	3
0.557	3
0.557	4
0.557	3
0.557	3
0.557	5
0.557	3
0.557	7
0.557	4
0.557	3
0.557	3
0.557	4
0.557	3
0.557	3
0.557	1
0.557	3
0.558	6
0.558	3
0.558	5
0.558	3
0.558	4
0.558	4
0.558	3
0.558	3
0.558	3
0.558	3
0.558	3
0.558	6
0.558	3
0.558	7
0.558	4
0.558	4
0.558	3
0.558	2
0.558	4
0.558	2
0.558	3
0.558	1
0.559	5
0.559	4
0.559	4
0.559	3
0.559	3
0.559	6
0.559	3
0.559	2
0.559	3
0.559	1
0.559	3
0.559	2
0.559	4
0.559	2
0.559	1
0.56	4
0.56	4
0.56	4
0.56	5
0.56	5
0.56	5
0.56	3
0.56	3
0.56	3
0.56	5
0.56	4
0.56	4
0.56	3
0.56	2
0.56	3
0.56	1
0.56	3
0.56	3
0.56	3
0.56	1
0.561	4
0.561	4
0.561	4
0.561	5
0.561	3
0.561	4
0.561	5
0.561	4
0.561	5
0.561	4
0.561	4
0.561	4
0.561	3
0.561	3
0.561	3
0.561	4
0.561	4
0.561	3
0.561	2
0.561	3
0.561	1
0.561	3
0.562	6
0.562	6
0.562	4
0.562	4
0.562	5
0.562	6
0.562	4
0.562	3
0.562	3
0.562	3
0.562	5
0.562	4
0.562	3
0.562	3
0.562	3
0.562	4
0.562	3
0.562	3
0.562	6
0.562	3
0.562	4
0.562	3
0.562	4
0.562	4
0.562	3
0.563	6
0.563	4
0.563	6
0.563	5
0.563	4
0.563	3
0.563	3
0.563	3
0.563	3
0.563	3
0.563	6
0.563	3
0.563	1
0.563	1
0.563	3
0.563	4
0.563	2
0.563	4
0.563	2
0.563	1
0.564	6
0.564	5
0.564	4
0.564	5
0.564	3
0.564	5
0.564	4
0.564	4
0.564	4
0.564	3
0.564	4
0.564	3
0.564	1
0.564	3
0.564	1
0.565	5
0.565	5
0.565	3
0.565	5
0.565	5
0.565	4
0.565	4
0.565	6
0.565	4
0.565	4
0.565	3
0.565	3
0.565	4
0.565	3
0.565	2
0.565	3
0.565	3
0.565	2
0.566	6
0.566	3
0.566	4
0.566	3
0.566	3
0.566	5
0.566	5
0.566	4
0.566	4
0.566	4
0.566	3
0.566	3
0.566	3
0.566	4
0.566	3
0.566	2
0.566	4
0.566	3
0.566	4
0.566	3
0.566	1
0.566	3
0.567	5
0.567	6
0.567	6
0.567	6
0.567	5
0.567	5
0.567	3
0.567	4
0.567	5
0.567	3
0.567	5
0.567	4
0.567	3
0.567	3
0.567	3
0.567	7
0.567	4
0.567	2
0.567	3
0.567	4
0.567	3
0.568	6
0.568	4
0.568	4
0.568	3
0.568	6
0.568	3
0.568	4
0.568	5
0.568	4
0.568	5
0.568	4
0.568	2
0.568	4
0.568	2
0.569	6
0.569	3
0.569	5
0.569	5
0.569	3
0.569	3
0.569	5
0.569	4
0.569	4
0.569	4
0.569	4
0.569	3
0.569	4
0.569	3
0.569	1
0.569	3
0.57	4
0.57	5
0.57	5
0.57	3
0.57	4
0.57	4
0.57	4
0.57	1
0.57	1
0.57	4
0.57	4
0.57	3
0.57	3
0.57	2
0.571	5
0.571	5
0.571	5
0.571	5
0.571	4
0.571	3
0.571	5
0.571	3
0.571	5
0.571	1
0.571	1
0.571	2
0.571	4
0.572	6
0.572	5
0.572	4
0.572	6
0.572	4
0.572	3
0.572	3
0.572	4
0.572	4
0.572	5
0.572	3
0.572	5
0.572	4
0.572	5
0.572	4
0.572	3
0.572	3
0.572	6
0.572	3
0.572	6
0.572	4
0.572	3
0.572	4
0.572	1
0.573	4
0.573	5
0.573	3
0.573	4
0.573	3
0.573	3
0.573	4
0.573	3
0.573	3
0.573	5
0.573	4
0.573	6
0.573	4
0.573	3
0.573	6
0.573	4
0.573	1
0.573	2
0.574	4
0.574	4
0.574	4
0.574	6
0.574	6
0.574	5
0.574	4
0.574	5
0.574	4
0.574	7
0.574	4
0.574	3
0.574	4
0.574	3
0.574	4
0.574	3
0.574	3
0.574	2
0.574	1
0.575	6
0.575	4
0.575	4
0.575	3
0.575	3
0.575	4
0.575	4
0.575	3
0.575	4
0.575	5
0.575	3
0.575	4
0.575	7
0.575	4
0.575	1
0.575	1
0.575	4
0.575	3
0.575	3
0.575	1
0.575	3
0.575	3
0.575	3
0.575	2
0.575	2
0.576	6
0.576	6
0.576	6
0.576	4
0.576	3
0.576	3
0.576	5
0.576	3
0.576	6
0.576	3
0.576	3
0.576	3
0.576	2
0.576	3
0.576	3
0.576	1
0.576	3
0.576	1
0.577	6
0.577	3
0.577	3
0.577	4
0.577	4
0.577	3
0.577	3
0.577	3
0.577	3
0.577	4
0.577	5
0.577	3
0.577	5
0.577	4
0.577	6
0.577	6
0.577	4
0.577	2
0.577	4
0.577	2
0.577	3
0.577	3
0.577	3
0.577	2
0.577	3
0.578	6
0.578	5
0.578	5
0.578	6
0.578	5
0.578	6
0.578	4
0.578	4
0.578	5
0.578	4
0.578	3
0.578	3
0.578	1
0.578	3
0.578	2
0.578	4
0.578	2
0.578	3
0.578	1
0.578	3
0.578	1
0.579	4
0.579	5
0.579	6
0.579	3
0.579	4
0.579	3
0.579	3
0.579	3
0.579	4
0.579	4
0.579	3
0.579	3
0.579	6
0.579	3
0.579	7
0.579	4
0.579	4
0.579	4
0.579	2
0.579	3
0.579	1
0.579	3
0.579	3
0.579	3
0.579	3
0.579	2
0.58	4
0.58	5
0.58	4
0.58	3
0.58	3
0.58	3
0.58	4
0.58	5
0.58	3
0.58	3
0.58	3
0.58	6
0.58	3
0.58	1
0.58	1
0.58	4
0.58	4
0.58	2
0.58	2
0.58	4
0.58	2
0.58	3
0.58	1
0.58	3
0.581	4
0.581	4
0.581	5
0.581	6
0.581	3
0.581	3
0.581	4
0.581	3
0.581	5
0.581	3
0.581	3
0.581	4
0.581	4
0.581	3
0.581	1
0.581	3
0.581	3
0.582	5
0.582	4
0.582	4
0.582	4
0.582	6
0.582	4
0.582	3
0.582	4
0.582	4
0.582	2
0.582	2
0.582	4
0.582	2
0.583	6
0.583	6
0.583	3
0.583	5
0.583	6
0.583	6
0.583	3
0.583	4
0.583	3
0.583	3
0.583	4
0.583	4
0.583	3
0.583	3
0.583	3
0.583	4
0.583	3
0.583	3
0.583	4
0.583	4
0.583	3
0.583	1
0.583	3
0.584	5
0.584	3
0.584	3
0.584	4
0.584	3
0.584	3
0.584	3
0.584	4
0.584	3
0.584	3
0.584	3
0.584	3
0.584	3
0.584	6
0.584	3
0.584	7
0.584	4
0.584	4
0.584	3
0.584	3
0.584	4
0.584	3
0.584	4
0.584	4
0.584	2
0.585	4
0.585	6
0.585	4
0.585	5
0.585	5
0.585	6
0.585	4
0.585	3
0.585	3
0.585	3
0.585	2
0.585	4
0.585	3
0.585	4
0.586	6
0.586	3
0.586	6
0.586	4
0.586	6
0.586	4
0.586	2
0.586	3
0.586	4
0.586	3
0.586	4
0.587	6
0.587	5
0.587	3
0.587	4
0.587	5
0.587	4
0.587	4
0.587	4
0.587	4
0.587	3
0.588	5
0.588	3
0.588	3
0.588	6
0.588	3
0.588	4
0.588	3
0.588	3
0.588	3
0.588	3
0.588	3
0.588	4
0.588	2
0.588	3
0.588	4
0.589	5
0.589	4
0.589	6
0.589	3
0.589	3
0.589	3
0.589	3
0.589	4
0.589	3
0.589	3
0.589	6
0.589	3
0.589	1
0.589	1
0.589	4
0.589	4
0.589	3
0.589	3
0.59	5
0.59	3
0.59	6
0.59	5
0.59	3
0.59	4
0.59	1
0.59	1
0.59	2
0.59	1
0.59	3
0.591	6
0.591	3
0.591	6
0.591	6
0.591	4
0.591	6
0.591	4
0.591	4
0.591	3
0.591	3
0.591	2
0.591	1
0.592	4
0.592	6
0.592	3
0.592	4
0.592	3
0.592	6
0.592	4
0.592	1
0.592	1
0.592	3
0.592	1
0.592	3
0.592	3
0.592	3
0.592	2
0.593	4
0.593	6
0.593	3
0.593	4
0.593	6
0.593	3
0.593	3
0.593	3
0.593	7
0.593	4
0.593	3
0.593	4
0.593	3
0.593	3
0.593	1
0.593	3
0.594	6
0.594	5
0.594	3
0.594	6
0.594	3
0.594	5
0.594	4
0.594	6
0.594	4
0.594	7
0.594	4
0.594	6
0.594	4
0.594	1
0.594	1
0.594	2
0.594	4
0.594	2
0.594	3
0.594	3
0.595	6
0.595	5
0.595	6
0.595	4
0.595	5
0.595	3
0.595	6
0.595	5
0.595	4
0.595	3
0.595	3
0.595	1
0.595	3
0.595	2
0.595	4
0.595	2
0.595	1
0.596	4
0.596	3
0.596	6
0.596	4
0.596	4
0.596	7
0.596	4
0.596	6
0.596	4
0.596	4
0.596	2
0.596	3
0.596	1
0.596	3
0.596	3
0.596	3
0.596	2
0.596	3
0.597	5
0.597	6
0.597	5
0.597	3
0.597	3
0.597	4
0.597	4
0.597	2
0.597	3
0.597	1
0.597	3
0.597	1
0.598	4
0.598	4
0.598	3
0.598	3
0.598	3
0.598	5
0.598	3
0.598	6
0.598	3
0.598	3
0.598	6
0.598	3
0.598	7
0.598	4
0.598	3
0.598	4
0.598	4
0.598	3
0.598	3
0.598	3
0.598	2
0.599	5
0.599	5
0.599	5
0.599	3
0.599	5
0.599	5
0.599	4
0.599	3
0.599	3
0.599	6
0.599	3
0.599	3
0.599	4
0.599	2
0.599	4
0.599	3
0.599	3
0.599	1
0.599	3
0.6	6
0.6	4
0.6	4
0.6	3
0.6	4
0.6	3
0.6	4
0.6	3
0.6	1
0.6	3
0.6	3
0.601	6
0.601	5
0.601	3
0.601	4
0.601	4
0.601	3
0.601	4
0.601	6
0.601	3
0.601	4
0.601	3
0.601	3
0.601	5
0.601	4
0.601	2
0.601	3
0.601	4
0.601	3
0.602	4
0.602	6
0.602	4
0.602	5
0.602	3
0.602	3
0.602	5
0.602	3
0.602	3
0.602	3
0.602	3
0.602	4
0.602	3
0.602	4
0.602	3
0.602	4
0.602	3
0.602	1
0.602	3
0.603	4
0.603	4
0.603	6
0.603	3
0.603	3
0.603	3
0.603	3
0.603	4
0.603	6
0.603	3
0.603	3
0.603	3
0.603	4
0.603	4
0.603	2
0.604	6
0.604	6
0.604	6
0.604	4
0.604	5
0.604	5
0.604	4
0.604	4
0.605	5
0.605	5
0.605	3
0.605	3
0.605	3
0.605	4
0.605	4
0.605	3
0.605	3
0.605	3
0.605	4
0.605	3
0.605	5
0.605	3
0.605	4
0.605	3
0.606	6
0.606	6
0.606	6
0.606	4
0.606	5
0.606	6
0.606	3
0.606	3
0.606	3
0.606	3
0.606	4
0.606	4
0.606	1
0.606	1
0.606	4
0.606	4
0.606	3
0.606	1
0.607	4
0.607	5
0.607	5
0.607	3
0.607	3
0.607	3
0.607	3
0.607	1
0.607	1
0.607	3
0.607	3
0.607	5
0.607	3
0.607	3
0.607	3
0.607	3
0.607	3
0.608	4
0.608	6
0.608	6
0.608	4
0.608	4
0.608	4
0.608	4
0.608	6
0.608	4
0.608	4
0.608	3
0.608	3
0.608	1
0.608	3
0.608	1
0.608	1
0.608	3
0.609	4
0.609	6
0.609	3
0.609	4
0.609	4
0.609	3
0.609	6
0.609	4
0.609	3
0.609	3
0.609	3
0.609	3
0.609	3
0.609	3
0.609	3
0.609	3
0.609	1
0.61	6
0.61	6
0.61	6
0.61	5
0.61	4
0.61	3
0.61	3
0.61	3
0.61	4
0.61	4
0.61	7
0.61	4
0.61	3
0.61	4
0.61	3
0.61	4
0.61	3
0.61	3
0.61	3
0.61	1
0.61	1
0.61	3
0.61	3
0.61	3
0.61	3
0.61	3
0.61	3
0.611	6
0.611	4
0.611	4
0.611	5
0.611	6
0.611	3
0.611	4
0.611	7
0.611	4
0.611	1
0.611	1
0.611	3
0.611	1
0.611	3
0.611	3
0.611	3
0.611	3
0.611	1
0.611	3
0.611	1
0.612	6
0.612	6
0.612	4
0.612	6
0.612	6
0.612	4
0.612	4
0.612	2
0.612	3
0.612	3
0.612	4
0.612	4
0.612	3
0.612	3
0.612	3
0.612	3
0.612	3
0.612	3
0.613	6
0.613	4
0.613	4
0.613	6
0.613	6
0.613	6
0.613	4
0.613	5
0.613	5
0.613	6
0.613	4
0.613	6
0.613	4
0.613	1
0.613	1
0.613	4
0.613	3
0.613	3
0.613	1
0.613	1
0.613	3
0.613	3
0.613	3
0.613	4
0.613	3
0.613	3
0.613	1
0.613	3
0.613	3
0.614	6
0.614	6
0.614	4
0.614	5
0.614	5
0.614	3
0.614	3
0.614	4
0.614	4
0.614	4
0.614	2
0.614	3
0.614	3
0.614	1
0.614	3
0.614	3
0.614	1
0.615	6
0.615	6
0.615	4
0.615	3
0.615	3
0.615	3
0.615	6
0.615	3
0.615	4
0.615	6
0.615	3
0.615	7
0.615	4
0.615	6
0.615	4
0.615	4
0.615	4
0.615	4
0.615	3
0.615	3
0.615	4
0.615	3
0.615	3
0.615	3
0.615	3
0.616	4
0.616	6
0.616	3
0.616	6
0.616	5
0.616	3
0.616	5
0.616	5
0.616	3
0.616	4
0.616	6
0.616	3
0.616	3
0.616	3
0.616	5
0.616	3
0.616	3
0.616	4
0.616	4
0.616	4
0.616	3
0.616	1
0.616	3
0.616	3
0.616	1
0.616	3
0.616	3
0.617	6
0.617	6
0.617	6
0.617	3
0.617	5
0.617	3
0.617	6
0.617	7
0.617	4
0.617	4
0.617	3
0.617	3
0.617	4
0.617	4
0.617	3
0.617	3
0.617	1
0.617	3
0.618	6
0.618	6
0.618	6
0.618	6
0.618	5
0.618	5
0.618	4
0.618	3
0.618	3
0.618	3
0.618	5
0.618	5
0.618	4
0.618	3
0.618	4
0.618	3
0.618	3
0.618	3
0.618	3
0.618	1
0.619	4
0.619	4
0.619	4
0.619	5
0.619	3
0.619	3
0.619	3
0.619	3
0.619	4
0.619	4
0.619	4
0.619	3
0.619	3
0.619	3
0.619	5
0.619	3
0.619	4
0.619	3
0.619	1
0.619	3
0.619	3
0.619	1
0.619	3
0.619	3
0.619	3
0.619	3
0.62	4
0.62	5
0.62	3
0.62	4
0.62	3
0.62	3
0.62	3
0.62	3
0.62	4
0.62	6
0.62	3
0.62	4
0.62	4
0.62	4
0.62	3
0.62	4
0.62	3
0.62	3
0.62	3
0.62	1
0.62	3
0.621	7
0.621	4
0.621	6
0.621	4
0.621	3
0.621	6
0.621	3
0.621	5
0.621	3
0.621	4
0.621	4
0.621	3
0.621	5
0.621	4
0.621	3
0.621	4
0.621	3
0.621	3
0.621	3
0.622	7
0.622	6
0.622	4
0.622	4
0.622	4
0.622	3
0.622	4
0.622	6
0.622	3
0.622	1
0.622	1
0.622	4
0.622	3
0.622	3
0.622	4
0.622	3
0.622	1
0.622	3
0.622	3
0.622	4
0.622	3
0.622	1
0.623	7
0.623	6
0.623	4
0.623	3
0.623	4
0.623	4
0.623	4
0.623	4
0.623	4
0.623	4
0.623	3
0.623	3
0.623	1
0.623	3
0.623	3
0.623	3
0.623	3
0.624	4
0.624	3
0.624	3
0.624	3
0.624	4
0.624	3
0.624	3
0.624	3
0.624	6
0.624	4
0.624	1
0.624	1
0.624	1
0.624	1
0.624	4
0.624	3
0.624	5
0.624	4
0.624	4
0.624	3
0.624	3
0.624	1
0.624	3
0.625	4
0.625	3
0.625	3
0.625	3
0.625	4
0.625	3
0.625	4
0.625	4
0.625	3
0.625	1
0.625	1
0.625	4
0.625	3
0.625	3
0.625	4
0.625	4
0.625	3
0.626	7
0.626	3
0.626	4
0.626	3
0.626	3
0.626	3
0.626	7
0.626	4
0.626	6
0.626	6
0.626	4
0.626	4
0.626	4
0.626	4
0.626	3
0.626	4
0.626	3
0.626	4
0.626	3
0.626	3
0.627	7
0.627	6
0.627	5
0.627	3
0.627	3
0.627	3
0.627	4
0.627	4
0.627	3
0.627	3
0.627	6
0.627	4
0.627	1
0.627	1
0.627	3
0.627	5
0.627	3
0.627	1
0.627	3
0.627	1
0.627	3
0.628	4
0.628	5
0.628	4
0.628	7
0.628	7
0.628	4
0.628	4
0.628	3
0.628	4
0.628	4
0.628	3
0.628	5
0.628	4
0.628	3
0.628	3
0.628	3
0.628	3
0.628	1
0.629	5
0.629	4
0.629	3
0.629	3
0.629	3
0.629	6
0.629	4
0.629	7
0.629	4
0.629	6
0.629	4
0.629	4
0.629	4
0.629	4
0.629	4
0.629	4
0.629	3
0.629	1
0.629	3
0.629	3
0.629	3
0.629	3
0.629	3
0.629	3
0.63	6
0.63	5
0.63	5
0.63	6
0.63	4
0.63	3
0.63	1
0.63	1
0.63	4
0.63	3
0.63	4
0.63	3
0.63	3
0.63	1
0.63	3
0.63	1
0.63	1
0.63	3
0.631	6
0.631	6
0.631	4
0.631	5
0.631	5
0.631	3
0.631	4
0.631	6
0.631	3
0.631	7
0.631	5
0.631	3
0.631	4
0.631	3
0.631	3
0.631	3
0.631	3
0.631	3
0.631	3
0.631	3
0.631	3
0.631	1
0.632	5
0.632	6
0.632	4
0.632	6
0.632	4
0.632	4
0.632	3
0.632	5
0.632	3
0.632	1
0.632	3
0.632	3
0.632	4
0.632	3
0.632	3
0.632	3
0.632	1
0.632	1
0.632	3
0.632	3
0.632	3
0.632	3
0.632	3
0.633	5
0.633	6
0.633	6
0.633	4
0.633	5
0.633	3
0.633	3
0.633	3
0.633	4
0.633	4
0.633	6
0.633	6
0.633	3
0.633	3
0.633	3
0.633	1
0.633	1
0.633	4
0.633	4
0.633	4
0.633	4
0.633	4
0.633	3
0.633	1
0.633	3
0.633	3
0.633	3
0.633	3
0.633	1
0.633	3
0.634	4
0.634	6
0.634	5
0.634	3
0.634	6
0.634	4
0.634	3
0.634	4
0.634	6
0.634	3
0.634	7
0.634	5
0.634	1
0.634	1
0.634	4
0.634	4
0.634	4
0.634	4
0.634	3
0.634	3
0.634	4
0.634	4
0.634	3
0.634	3
0.634	3
0.635	6
0.635	3
0.635	6
0.635	6
0.635	5
0.635	5
0.635	3
0.635	3
0.635	3
0.635	6
0.635	4
0.635	3
0.635	4
0.635	4
0.635	3
0.635	3
0.635	1
0.635	1
0.635	3
0.635	3
0.635	3
0.635	4
0.635	3
0.636	7
0.636	3
0.636	4
0.636	6
0.636	4
0.636	4
0.636	3
0.636	4
0.636	6
0.636	3
0.636	3
0.636	6
0.636	4
0.636	3
0.636	4
0.636	4
0.636	4
0.636	5
0.636	5
0.636	3
0.636	1
0.636	3
0.637	5
0.637	6
0.637	3
0.637	4
0.637	5
0.637	5
0.637	3
0.637	3
0.637	3
0.637	3
0.637	3
0.637	3
0.637	4
0.637	7
0.637	5
0.637	3
0.637	4
0.637	3
0.637	5
0.637	4
0.637	4
0.637	4
0.637	5
0.637	3
0.638	6
0.638	5
0.638	3
0.638	3
0.638	5
0.638	3
0.638	4
0.638	3
0.638	4
0.638	3
0.638	7
0.638	5
0.638	1
0.638	1
0.638	4
0.638	4
0.638	3
0.638	5
0.638	3
0.638	3
0.638	4
0.638	4
0.638	4
0.638	1
0.639	6
0.639	6
0.639	4
0.639	4
0.639	3
0.639	4
0.639	6
0.639	3
0.639	4
0.639	4
0.639	4
0.639	3
0.639	4
0.639	3
0.639	3
0.639	3
0.64	3
0.64	4
0.64	5
0.64	3
0.64	4
0.64	4
0.64	3
0.64	4
0.64	3
0.64	6
0.64	5
0.64	4
0.64	3
0.64	3
0.64	5
0.64	5
0.64	3
0.64	1
0.64	3
0.64	3
0.641	4
0.641	3
0.641	3
0.641	3
0.641	4
0.641	4
0.641	4
0.641	3
0.641	4
0.641	4
0.641	4
0.641	5
0.641	3
0.641	5
0.641	3
0.641	1
0.641	3
0.642	4
0.642	3
0.642	3
0.642	3
0.642	3
0.642	4
0.642	3
0.642	4
0.642	6
0.642	3
0.642	7
0.642	5
0.642	4
0.642	4
0.642	4
0.642	4
0.642	5
0.642	3
0.642	4
0.642	3
0.642	3
0.642	3
0.642	3
0.642	1
0.643	7
0.643	6
0.643	4
0.643	4
0.643	4
0.643	4
0.643	3
0.643	4
0.643	3
0.643	3
0.643	4
0.643	6
0.643	3
0.643	1
0.643	1
0.643	4
0.643	5
0.643	3
0.643	1
0.643	3
0.643	3
0.643	1
0.643	3
0.643	3
0.643	3
0.643	3
0.643	3
0.644	7
0.644	6
0.644	4
0.644	3
0.644	4
0.644	1
0.644	1
0.644	4
0.644	5
0.644	3
0.644	3
0.644	1
0.644	3
0.644	1
0.645	4
0.645	6
0.645	4
0.645	6
0.645	5
0.645	4
0.645	4
0.645	4
0.645	3
0.645	4
0.645	3
0.645	3
0.645	3
0.645	3
0.645	3
0.646	4
0.646	5
0.646	4
0.646	3
0.646	3
0.646	3
0.646	4
0.646	5
0.646	5
0.646	4
0.646	4
0.646	3
0.646	4
0.646	3
0.646	4
0.646	3
0.646	6
0.646	5
0.646	1
0.646	1
0.646	1
0.646	1
0.646	4
0.646	3
0.646	4
0.646	3
0.646	1
0.646	3
0.646	3
0.646	4
0.646	3
0.646	3
0.646	1
0.646	3
0.646	3
0.646	3
0.647	5
0.647	5
0.647	6
0.647	6
0.647	6
0.647	3
0.647	4
0.647	3
0.647	3
0.647	4
0.647	6
0.647	3
0.647	7
0.647	5
0.647	3
0.647	1
0.647	1
0.647	5
0.647	5
0.647	3
0.647	1
0.647	3
0.647	3
0.647	1
0.647	1
0.648	7
0.648	6
0.648	5
0.648	6
0.648	3
0.648	3
0.648	3
0.648	5
0.648	5
0.648	5
0.648	5
0.648	6
0.648	7
0.648	5
0.648	6
0.648	6
0.648	5
0.648	5
0.648	3
0.648	5
0.648	4
0.648	5
0.648	6
0.648	3
0.648	4
0.648	3
0.648	3
0.648	3
0.648	3
0.648	3
0.648	3
0.648	3
0.649	5
0.649	6
0.649	5
0.649	3
0.649	5
0.649	5
0.649	4
0.649	4
0.649	3
0.649	3
0.649	6
0.649	5
0.649	4
0.649	5
0.649	3
0.649	4
0.649	4
0.649	3
0.649	1
0.649	3
0.649	3
0.649	3
0.649	1
0.649	1
0.649	3
0.649	3
0.649	3
0.65	5
0.65	6
0.65	4
0.65	6
0.65	4
0.65	4
0.65	7
0.65	7
0.65	5
0.65	5
0.65	3
0.65	5
0.65	3
0.65	4
0.65	5
0.65	6
0.65	3
0.65	3
0.65	1
0.65	3
0.65	3
0.651	4
0.651	5
0.651	5
0.651	5
0.651	3
0.651	3
0.651	5
0.651	5
0.651	3
0.651	4
0.651	3
0.651	7
0.651	5
0.651	3
0.651	5
0.651	4
0.651	3
0.651	3
0.651	4
0.651	4
0.651	3
0.651	3
0.651	3
0.651	3
0.651	3
0.651	1
0.651	1
0.651	3
0.651	3
0.652	5
0.652	3
0.652	6
0.652	4
0.652	4
0.652	5
0.652	3
0.652	4
0.652	3
0.652	4
0.652	6
0.652	3
0.652	4
0.652	5
0.652	3
0.652	5
0.652	3
0.652	4
0.652	3
0.652	3
0.652	1
0.652	1
0.652	3
0.652	3
0.652	3
0.652	1
0.652	3
0.652	3
0.652	3
0.652	3
0.652	3
0.652	3
0.652	3
0.652	1
0.652	1
0.653	7
0.653	6
0.653	3
0.653	3
0.653	6
0.653	4
0.653	3
0.653	4
0.653	6
0.653	3
0.653	4
0.653	5
0.653	4
0.653	5
0.653	5
0.653	5
0.653	6
0.653	6
0.653	3
0.653	3
0.653	3
0.653	1
0.653	1
0.653	3
0.653	3
0.653	3
0.653	3
0.653	3
0.653	3
0.653	3
0.653	3
0.654	6
0.654	6
0.654	6
0.654	4
0.654	4
0.654	5
0.654	3
0.654	5
0.654	5
0.654	4
0.654	1
0.654	1
0.654	5
0.654	3
0.654	5
0.654	4
0.654	4
0.654	3
0.654	4
0.654	3
0.654	3
0.654	3
0.654	3
0.654	3
0.654	1
0.654	1
0.654	3
0.654	3
0.655	4
0.655	3
0.655	3
0.655	4
0.655	4
0.655	3
0.655	3
0.655	4
0.655	4
0.655	6
0.655	6
0.655	3
0.655	3
0.655	4
0.655	5
0.655	3
0.655	3
0.655	4
0.655	4
0.655	3
0.655	1
0.655	3
0.655	3
0.655	3
0.655	5
0.655	5
0.655	3
0.655	3
0.655	3
0.655	3
0.655	3
0.656	6
0.656	6
0.656	3
0.656	6
0.656	3
0.656	4
0.656	3
0.656	4
0.656	3
0.656	4
0.656	6
0.656	3
0.656	7
0.656	5
0.656	4
0.656	5
0.656	5
0.656	6
0.656	3
0.656	3
0.656	1
0.656	1
0.656	3
0.656	3
0.656	3
0.656	3
0.656	5
0.656	5
0.656	3
0.656	3
0.656	1
0.657	6
0.657	3
0.657	3
0.657	3
0.657	3
0.657	4
0.657	4
0.657	4
0.657	5
0.657	3
0.657	5
0.657	5
0.657	6
0.657	4
0.657	3
0.657	4
0.657	3
0.657	3
0.657	1
0.657	1
0.657	4
0.657	3
0.657	3
0.657	5
0.657	5
0.657	4
0.657	5
0.657	5
0.657	6
0.657	6
0.657	3
0.657	3
0.657	1
0.657	1
0.657	3
0.657	3
0.657	3
0.657	3
0.657	3
0.658	6
0.658	6
0.658	4
0.658	3
0.658	5
0.658	5
0.658	4
0.658	4
0.658	7
0.658	5
0.658	1
0.658	1
0.658	4
0.658	4
0.658	5
0.658	5
0.658	3
0.658	4
0.658	4
0.658	4
0.658	5
0.658	5
0.658	6
0.658	6
0.658	3
0.658	1
0.658	3
0.659	3
0.659	3
0.659	3
0.659	3
0.659	3
0.659	3
0.659	3
0.659	4
0.659	3
0.659	3
0.659	4
0.659	4
0.659	3
0.659	3
0.659	4
0.659	7
0.659	5
0.659	5
0.659	5
0.659	5
0.659	3
0.659	3
0.659	4
0.659	4
0.659	4
0.659	4
0.659	3
0.66	4
0.66	6
0.66	3
0.66	3
0.66	3
0.66	4
0.66	4
0.66	5
0.66	3
0.66	4
0.66	3
0.66	4
0.66	3
0.66	3
0.66	7
0.66	5
0.66	1
0.66	1
0.66	3
0.66	5
0.66	3
0.66	3
0.66	4
0.66	4
0.66	3
0.66	5
0.66	3
0.66	3
0.661	4
0.661	4
0.661	4
0.661	5
0.661	3
0.661	6
0.661	7
0.661	5
0.661	3
0.661	4
0.661	5
0.661	3
0.661	3
0.661	5
0.661	5
0.661	3
0.661	1
0.661	3
0.661	1
0.662	7
0.662	6
0.662	3
0.662	3
0.662	3
0.662	5
0.662	5
0.662	4
0.662	4
0.662	4
0.662	7
0.662	5
0.662	7
0.662	5
0.662	5
0.662	5
0.662	5
0.662	4
0.662	4
0.662	5
0.662	5
0.662	3
0.662	3
0.662	5
0.662	5
0.662	5
0.662	6
0.662	3
0.662	3
0.662	3
0.662	3
0.663	7
0.663	4
0.663	5
0.663	6
0.663	4
0.663	4
0.663	4
0.663	4
0.663	4
0.663	4
0.663	3
0.663	4
0.663	6
0.663	3
0.663	3
0.663	1
0.663	1
0.663	2
0.663	2
0.663	5
0.663	5
0.663	4
0.663	4
0.663	5
0.663	5
0.663	4
0.663	3
0.663	1
0.663	3
0.663	1
0.664	5
0.664	5
0.664	4
0.664	4
0.664	4
0.664	7
0.664	5
0.664	5
0.664	5
0.664	3
0.664	4
0.664	3
0.664	3
0.664	3
0.664	3
0.664	3
0.665	7
0.665	4
0.665	5
0.665	6
0.665	6
0.665	6
0.665	3
0.665	3
0.665	3
0.665	4
0.665	5
0.665	3
0.665	4
0.665	4
0.665	7
0.665	7
0.665	5
0.665	5
0.665	5
0.665	3
0.665	5
0.665	3
0.665	3
0.665	1
0.665	3
0.665	1
0.666	6
0.666	4
0.666	4
0.666	6
0.666	4
0.666	4
0.666	3
0.666	4
0.666	6
0.666	3
0.666	3
0.666	3
0.666	1
0.666	2
0.666	5
0.666	5
0.666	3
0.666	5
0.666	3
0.666	1
0.666	3
0.666	3
0.666	3
0.666	3
0.666	3
0.667	7
0.667	6
0.667	6
0.667	4
0.667	5
0.667	5
0.667	6
0.667	3
0.667	4
0.667	3
0.667	3
0.667	4
0.667	6
0.667	3
0.667	7
0.667	7
0.667	5
0.667	5
0.667	1
0.667	1
0.667	2
0.667	2
0.667	5
0.667	5
0.667	4
0.667	5
0.667	5
0.667	6
0.667	3
0.667	5
0.667	3
0.667	3
0.667	1
0.667	3
0.668	5
0.668	3
0.668	6
0.668	6
0.668	3
0.668	3
0.668	3
0.668	4
0.668	5
0.668	5
0.668	7
0.668	5
0.668	1
0.668	1
0.668	2
0.668	2
0.668	6
0.668	4
0.668	3
0.668	1
0.668	3
0.668	3
0.669	5
0.669	4
0.669	3
0.669	3
0.669	3
0.669	4
0.669	6
0.669	6
0.669	4
0.669	3
0.669	4
0.669	6
0.669	3
0.669	3
0.669	7
0.669	7
0.669	5
0.669	6
0.669	3
0.669	4
0.669	5
0.669	6
0.669	3
0.669	5
0.669	3
0.67	6
0.67	5
0.67	3
0.67	3
0.67	6
0.67	5
0.67	3
0.67	5
0.67	5
0.67	5
0.67	5
0.67	6
0.67	4
0.67	3
0.67	4
0.67	3
0.67	4
0.67	7
0.67	5
0.67	3
0.67	3
0.67	7
0.67	7
0.67	6
0.67	6
0.67	4
0.67	3
0.67	1
0.67	3
0.671	6
0.671	5
0.671	3
0.671	6
0.671	4
0.671	5
0.671	3
0.671	5
0.671	5
0.671	3
0.671	4
0.671	3
0.671	7
0.671	7
0.671	5
0.671	5
0.671	3
0.671	3
0.671	5
0.671	3
0.671	5
0.671	3
0.671	4
0.671	5
0.671	6
0.672	4
0.672	4
0.672	3
0.672	3
0.672	4
0.672	4
0.672	6
0.672	6
0.672	3
0.672	3
0.672	7
0.672	7
0.672	5
0.672	5
0.672	1
0.672	2
0.672	4
0.672	5
0.672	4
0.672	3
0.673	3
0.673	6
0.673	5
0.673	3
0.673	3
0.673	3
0.673	4
0.673	5
0.673	5
0.673	3
0.673	3
0.673	4
0.673	4
0.673	3
0.673	4
0.673	3
0.673	6
0.673	3
0.673	5
0.673	4
0.673	4
0.673	1
0.673	3
0.674	6
0.674	6
0.674	4
0.674	4
0.674	5
0.674	3
0.674	4
0.674	7
0.674	6
0.674	4
0.674	5
0.674	3
0.674	3
0.674	3
0.674	1
0.674	3
0.675	6
0.675	6
0.675	6
0.675	4
0.675	4
0.675	4
0.675	3
0.675	4
0.675	6
0.675	3
0.675	3
0.675	6
0.675	3
0.675	5
0.675	3
0.675	1
0.675	3
0.675	3
0.675	3
0.675	3
0.675	1
0.676	3
0.676	6
0.676	4
0.676	4
0.676	4
0.676	4
0.676	4
0.676	3
0.676	3
0.676	4
0.676	4
0.676	3
0.676	3
0.676	3
0.676	3
0.676	4
0.676	4
0.676	6
0.676	6
0.676	3
0.676	3
0.676	7
0.676	5
0.676	5
0.676	4
0.676	5
0.676	3
0.676	3
0.676	1
0.676	3
0.676	3
0.676	3
0.676	3
0.677	4
0.677	6
0.677	6
0.677	5
0.677	4
0.677	4
0.677	4
0.677	4
0.677	6
0.677	4
0.677	3
0.677	3
0.677	4
0.677	4
0.677	6
0.677	6
0.677	3
0.677	3
0.677	1
0.677	2
0.677	6
0.677	3
0.677	5
0.677	3
0.677	3
0.677	3
0.677	1
0.677	3
0.677	3
0.678	4
0.678	3
0.678	3
0.678	3
0.678	4
0.678	5
0.678	5
0.678	4
0.678	5
0.678	3
0.678	1
0.678	3
0.678	3
0.678	5
0.678	3
0.678	3
0.678	1
0.679	7
0.679	6
0.679	5
0.679	3
0.679	6
0.679	3
0.679	3
0.679	4
0.679	4
0.679	4
0.679	4
0.679	4
0.679	4
0.679	3
0.679	4
0.679	3
0.679	4
0.679	4
0.679	7
0.679	6
0.679	1
0.679	2
0.679	5
0.679	6
0.679	3
0.679	1
0.679	3
0.679	3
0.679	5
0.679	3
0.679	3
0.679	3
0.679	3
0.68	7
0.68	5
0.68	3
0.68	4
0.68	6
0.68	3
0.68	3
0.68	4
0.68	4
0.68	3
0.68	3
0.68	4
0.68	4
0.68	3
0.68	5
0.68	4
0.68	5
0.68	6
0.68	3
0.68	1
0.68	3
0.68	3
0.68	1
0.68	3
0.681	6
0.681	5
0.681	5
0.681	6
0.681	3
0.681	3
0.681	3
0.681	3
0.681	4
0.681	4
0.681	5
0.681	3
0.681	5
0.681	5
0.681	6
0.681	3
0.681	3
0.681	4
0.681	4
0.681	3
0.681	3
0.681	3
0.681	4
0.681	6
0.681	3
0.681	7
0.681	5
0.681	7
0.681	6
0.681	1
0.681	2
0.681	4
0.681	4
0.681	4
0.681	5
0.681	6
0.681	3
0.682	4
0.682	5
0.682	5
0.682	5
0.682	5
0.682	3
0.682	3
0.682	4
0.682	5
0.682	5
0.682	4
0.682	4
0.682	4
0.682	3
0.682	4
0.682	4
0.682	4
0.682	3
0.682	5
0.682	3
0.683	5
0.683	5
0.683	6
0.683	4
0.683	4
0.683	7
0.683	5
0.683	7
0.683	6
0.683	3
0.683	6
0.683	4
0.683	4
0.683	3
0.683	1
0.683	3
0.684	7
0.684	4
0.684	5
0.684	3
0.684	6
0.684	4
0.684	5
0.684	3
0.684	5
0.684	5
0.684	4
0.684	4
0.684	4
0.684	3
0.684	4
0.684	5
0.684	3
0.684	6
0.684	5
0.684	6
0.685	5
0.685	6
0.685	5
0.685	5
0.685	4
0.685	5
0.685	3
0.685	4
0.685	3
0.685	4
0.685	3
0.685	7
0.685	5
0.685	6
0.685	4
0.685	5
0.685	3
0.685	6
0.685	4
0.686	7
0.686	6
0.686	6
0.686	5
0.686	6
0.686	6
0.686	4
0.686	4
0.686	3
0.686	4
0.686	6
0.686	3
0.686	6
0.686	4
0.686	5
0.686	5
0.686	4
0.687	5
0.687	6
0.687	6
0.687	6
0.687	4
0.687	4
0.687	5
0.687	3
0.687	5
0.687	5
0.687	5
0.687	5
0.687	4
0.687	4
0.687	6
0.688	6
0.688	6
0.688	5
0.688	6
0.688	4
0.688	4
0.688	4
0.688	3
0.688	4
0.688	6
0.688	3
0.688	5
0.688	3
0.688	6
0.689	6
0.689	3
0.689	6
0.689	6
0.689	3
0.689	3
0.689	4
0.689	4
0.689	6
0.689	4
0.689	1
0.689	2
0.689	5
0.689	4
0.689	5
0.689	3
0.69	6
0.69	5
0.69	3
0.69	6
0.69	4
0.69	4
0.69	5
0.69	5
0.69	3
0.69	3
0.69	5
0.69	5
0.69	6
0.69	6
0.69	3
0.69	4
0.69	4
0.69	3
0.69	4
0.69	6
0.69	3
0.69	1
0.69	2
0.69	5
0.69	6
0.69	1
0.69	3
0.691	6
0.691	5
0.691	5
0.691	4
0.691	4
0.691	5
0.691	5
0.691	5
0.691	5
0.691	7
0.691	7
0.691	4
0.691	4
0.691	7
0.691	6
0.691	1
0.691	2
0.691	3
0.691	3
0.691	3
0.691	1
0.692	6
0.692	6
0.692	5
0.692	3
0.692	3
0.692	3
0.692	3
0.692	4
0.692	5
0.692	5
0.692	5
0.692	5
0.692	3
0.692	4
0.692	4
0.692	3
0.692	7
0.692	6
0.692	3
0.692	1
0.692	3
0.692	3
0.692	3
0.692	3
0.693	4
0.693	6
0.693	3
0.693	5
0.693	3
0.693	3
0.693	4
0.693	4
0.693	4
0.693	4
0.693	5
0.693	4
0.693	4
0.693	4
0.693	7
0.693	5
0.693	3
0.693	7
0.693	6
0.693	5
0.693	3
0.693	3
0.693	1
0.693	3
0.694	6
0.694	4
0.694	4
0.694	5
0.694	5
0.694	4
0.694	4
0.694	3
0.694	4
0.694	4
0.694	7
0.694	5
0.694	3
0.694	1
0.694	2
0.694	3
0.694	5
0.694	3
0.694	3
0.695	7
0.695	4
0.695	4
0.695	6
0.695	5
0.695	6
0.695	3
0.695	3
0.695	4
0.695	5
0.695	5
0.695	4
0.695	4
0.695	7
0.695	4
0.695	7
0.695	5
0.695	3
0.695	1
0.695	3
0.695	3
0.695	5
0.695	3
0.696	4
0.696	5
0.696	5
0.696	4
0.696	4
0.696	4
0.696	5
0.696	5
0.696	4
0.696	7
0.696	6
0.696	5
0.696	6
0.696	3
0.696	1
0.696	3
0.697	7
0.697	7
0.697	6
0.697	6
0.697	5
0.697	4
0.697	4
0.697	4
0.697	4
0.697	3
0.697	4
0.697	5
0.697	6
0.698	7
0.698	4
0.698	6
0.698	6
0.698	6
0.698	3
0.698	3
0.698	3
0.698	3
0.698	4
0.698	4
0.698	4
0.698	4
0.698	4
0.698	4
0.698	4
0.698	3
0.698	4
0.698	6
0.698	3
0.698	7
0.698	5
0.698	5
0.698	4
0.698	4
0.699	6
0.699	5
0.699	4
0.699	4
0.699	4
0.699	5
0.699	4
0.699	3
0.699	4
0.699	6
0.699	3
0.699	5
0.699	4
0.699	3
0.7	7
0.7	5
0.7	3
0.7	6
0.7	4
0.7	4
0.7	7
0.7	4
0.7	3
0.7	4
0.7	6
0.7	3
0.7	3
0.7	6
0.7	1
0.701	4
0.701	6
0.701	5
0.701	5
0.701	6
0.701	6
0.701	3
0.701	3
0.701	4
0.701	4
0.701	4
0.701	5
0.701	5
0.701	4
0.701	4
0.701	5
0.701	3
0.701	6
0.701	3
0.701	3
0.701	4
0.702	6
0.702	6
0.702	5
0.702	5
0.702	5
0.702	3
0.702	3
0.702	3
0.702	3
0.702	4
0.702	4
0.702	4
0.702	7
0.702	3
0.702	4
0.702	4
0.702	4
0.702	6
0.702	4
0.702	5
0.702	3
0.702	1
0.702	3
0.702	3
0.703	7
0.703	5
0.703	5
0.703	3
0.703	6
0.703	3
0.703	3
0.703	3
0.703	3
0.703	4
0.703	4
0.703	4
0.703	5
0.703	6
0.703	3
0.703	4
0.703	4
0.703	4
0.703	3
0.703	4
0.703	6
0.703	3
0.703	6
0.703	3
0.703	1
0.704	4
0.704	5
0.704	5
0.704	5
0.704	3
0.704	6
0.704	6
0.704	5
0.704	4
0.704	7
0.704	3
0.704	4
0.704	4
0.704	3
0.704	5
0.704	3
0.704	3
0.704	3
0.704	4
0.704	3
0.705	4
0.705	5
0.705	5
0.705	4
0.705	5
0.705	6
0.705	4
0.705	5
0.705	3
0.705	1
0.705	3
0.705	3
0.705	1
0.705	3
0.705	1
0.706	7
0.706	6
0.706	3
0.706	6
0.706	6
0.706	5
0.706	5
0.706	5
0.706	4
0.706	4
0.706	4
0.706	1
0.706	2
0.706	5
0.706	5
0.706	6
0.706	3
0.706	3
0.706	3
0.706	4
0.707	7
0.707	6
0.707	6
0.707	5
0.707	5
0.707	3
0.707	3
0.707	4
0.707	4
0.707	4
0.707	3
0.707	4
0.707	4
0.707	1
0.707	2
0.707	4
0.707	3
0.707	5
0.707	3
0.707	3
0.707	1
0.707	3
0.708	6
0.708	6
0.708	6
0.708	4
0.708	5
0.708	4
0.708	4
0.708	7
0.708	6
0.708	5
0.708	4
0.708	3
0.708	1
0.708	3
0.708	3
0.709	4
0.709	3
0.709	3
0.709	6
0.709	6
0.709	6
0.709	4
0.709	4
0.709	3
0.709	7
0.709	6
0.709	5
0.709	6
0.709	3
0.709	5
0.709	3
0.709	3
0.709	3
0.71	6
0.71	6
0.71	6
0.71	6
0.71	4
0.71	4
0.71	4
0.71	4
0.71	7
0.71	5
0.71	3
0.71	3
0.71	6
0.71	4
0.71	3
0.71	1
0.71	3
0.71	1
0.71	1
0.71	3
0.711	7
0.711	6
0.711	6
0.711	5
0.711	6
0.711	6
0.711	5
0.711	4
0.711	7
0.711	5
0.711	4
0.711	5
0.711	5
0.711	4
0.711	5
0.711	6
0.711	3
0.711	3
0.711	3
0.711	3
0.711	4
0.711	4
0.711	1
0.712	6
0.712	5
0.712	3
0.712	3
0.712	3
0.712	4
0.712	4
0.712	4
0.712	7
0.712	6
0.712	4
0.712	4
0.712	4
0.712	1
0.712	1
0.712	3
0.712	3
0.712	3
0.712	3
0.712	4
0.713	3
0.713	3
0.713	6
0.713	5
0.713	6
0.713	8
0.713	4
0.713	3
0.713	6
0.713	5
0.713	4
0.713	3
0.713	3
0.713	4
0.713	1
0.713	3
0.714	4
0.714	6
0.714	6
0.714	5
0.714	3
0.714	3
0.714	3
0.714	3
0.714	4
0.714	4
0.714	5
0.714	6
0.714	8
0.714	4
0.714	5
0.714	3
0.714	3
0.714	5
0.714	5
0.714	3
0.714	3
0.714	3
0.715	4
0.715	6
0.715	5
0.715	5
0.715	6
0.715	5
0.715	6
0.715	4
0.715	4
0.715	6
0.715	3
0.715	5
0.715	6
0.715	3
0.715	6
0.715	3
0.715	3
0.715	1
0.715	1
0.715	3
0.715	3
0.715	3
0.715	5
0.715	3
0.715	3
0.716	7
0.716	5
0.716	5
0.716	3
0.716	3
0.716	4
0.716	5
0.716	4
0.716	4
0.716	4
0.716	6
0.716	3
0.716	1
0.716	2
0.716	4
0.716	5
0.716	5
0.716	5
0.716	6
0.716	6
0.716	3
0.716	1
0.716	3
0.716	1
0.717	7
0.717	4
0.717	4
0.717	5
0.717	5
0.717	4
0.717	8
0.717	6
0.717	4
0.717	4
0.717	5
0.717	6
0.717	3
0.717	3
0.717	4
0.718	4
0.718	6
0.718	5
0.718	3
0.718	6
0.718	5
0.718	5
0.718	4
0.718	5
0.718	6
0.718	4
0.718	7
0.718	6
0.718	5
0.718	5
0.718	5
0.718	4
0.718	4
0.718	4
0.718	4
0.718	1
0.718	3
0.719	7
0.719	7
0.719	4
0.719	3
0.719	4
0.719	4
0.719	4
0.719	3
0.719	1
0.719	2
0.719	5
0.719	4
0.719	3
0.72	7
0.72	5
0.72	5
0.72	6
0.72	6
0.72	5
0.72	4
0.72	4
0.72	3
0.72	4
0.72	4
0.72	7
0.72	5
0.72	5
0.72	3
0.72	3
0.72	6
0.72	6
0.72	3
0.72	5
0.72	3
0.72	3
0.721	6
0.721	5
0.721	5
0.721	4
0.721	4
0.721	5
0.721	4
0.721	7
0.721	6
0.721	1
0.721	2
0.721	4
0.721	4
0.721	5
0.721	5
0.721	3
0.721	6
0.721	3
0.721	1
0.721	3
0.721	1
0.722	6
0.722	6
0.722	6
0.722	6
0.722	4
0.722	4
0.722	4
0.722	3
0.722	6
0.722	6
0.722	4
0.722	5
0.722	5
0.722	6
0.722	3
0.722	3
0.722	4
0.723	5
0.723	3
0.723	4
0.723	4
0.723	7
0.723	5
0.723	7
0.723	6
0.723	6
0.723	4
0.723	4
0.723	1
0.723	3
0.724	6
0.724	5
0.724	5
0.724	5
0.724	6
0.724	3
0.724	3
0.724	4
0.724	4
0.724	4
0.724	3
0.724	5
0.724	4
0.724	3
0.725	4
0.725	6
0.725	5
0.725	5
0.725	5
0.725	5
0.725	3
0.725	3
0.725	3
0.725	4
0.725	4
0.725	4
0.725	4
0.725	4
0.725	6
0.725	3
0.725	7
0.725	5
0.725	5
0.725	5
0.725	3
0.725	5
0.725	3
0.725	3
0.726	6
0.726	5
0.726	5
0.726	3
0.726	3
0.726	4
0.726	4
0.726	1
0.726	1
0.726	2
0.726	2
0.726	5
0.726	3
0.726	6
0.726	3
0.726	1
0.726	3
0.726	1
0.727	7
0.727	6
0.727	6
0.727	3
0.727	4
0.727	1
0.727	2
0.727	4
0.727	5
0.727	5
0.727	6
0.727	3
0.727	3
0.727	4
0.728	4
0.728	6
0.728	5
0.728	4
0.728	4
0.728	4
0.728	6
0.728	3
0.728	7
0.728	7
0.728	6
0.728	6
0.728	6
0.728	4
0.728	4
0.728	1
0.728	3
0.728	3
0.729	4
0.729	5
0.729	5
0.729	3
0.729	3
0.729	4
0.729	8
0.729	3
0.729	4
0.729	4
0.729	3
0.729	3
0.729	7
0.729	6
0.729	5
0.729	4
0.729	3
0.729	1
0.73	7
0.73	6
0.73	5
0.73	6
0.73	5
0.73	5
0.73	6
0.73	8
0.73	4
0.73	4
0.73	6
0.73	3
0.73	7
0.73	7
0.73	5
0.73	5
0.73	3
0.73	3
0.73	5
0.73	4
0.73	3
0.73	3
0.73	4
0.731	7
0.731	4
0.731	6
0.731	6
0.731	6
0.731	6
0.731	6
0.731	5
0.731	6
0.731	4
0.731	7
0.731	5
0.731	5
0.731	3
0.731	6
0.731	3
0.731	1
0.731	3
0.731	4
0.731	1
0.731	3
0.731	3
0.732	6
0.732	6
0.732	6
0.732	6
0.732	4
0.732	3
0.732	4
0.732	4
0.732	1
0.732	3
0.732	4
0.732	6
0.732	5
0.732	6
0.732	3
0.732	1
0.733	7
0.733	6
0.733	5
0.733	5
0.733	4
0.733	4
0.733	6
0.733	4
0.733	3
0.733	5
0.733	4
0.733	3
0.733	3
0.733	4
0.734	4
0.734	5
0.734	6
0.734	5
0.734	6
0.734	5
0.734	4
0.734	3
0.734	4
0.734	4
0.734	7
0.734	6
0.734	5
0.734	4
0.734	3
0.734	1
0.734	3
0.734	4
0.734	1
0.734	3
0.735	6
0.735	6
0.735	5
0.735	3
0.735	6
0.735	4
0.735	4
0.735	4
0.735	4
0.735	4
0.735	4
0.735	6
0.735	6
0.735	3
0.735	3
0.735	3
0.735	5
0.735	6
0.735	3
0.735	3
0.736	7
0.736	7
0.736	6
0.736	7
0.736	6
0.736	5
0.736	3
0.736	4
0.736	4
0.736	4
0.736	6
0.736	4
0.736	7
0.736	5
0.736	5
0.736	3
0.736	6
0.736	4
0.736	3
0.736	6
0.736	4
0.736	1
0.736	3
0.736	3
0.737	5
0.737	5
0.737	3
0.737	6
0.737	4
0.737	4
0.737	4
0.737	1
0.737	3
0.737	4
0.737	6
0.737	5
0.737	4
0.737	3
0.737	1
0.737	3
0.737	3
0.737	3
0.737	4
0.737	1
0.737	1
0.738	5
0.738	5
0.738	5
0.738	4
0.738	4
0.738	4
0.738	4
0.738	6
0.738	5
0.738	6
0.738	4
0.738	1
0.738	3
0.738	3
0.738	3
0.738	4
0.738	4
0.738	4
0.738	4
0.739	7
0.739	5
0.739	5
0.739	5
0.739	4
0.739	8
0.739	3
0.739	3
0.739	4
0.739	4
0.739	4
0.739	4
0.739	4
0.739	7
0.739	6
0.739	3
0.739	6
0.739	4
0.739	3
0.739	4
0.739	4
0.739	1
0.739	2
0.739	3
0.739	3
0.74	7
0.74	7
0.74	7
0.74	3
0.74	4
0.74	5
0.74	6
0.74	4
0.74	3
0.74	4
0.74	4
0.74	3
0.74	4
0.74	6
0.74	5
0.74	4
0.74	3
0.74	6
0.74	4
0.74	3
0.74	3
0.741	7
0.741	7
0.741	6
0.741	3
0.741	3
0.741	4
0.741	4
0.741	4
0.741	6
0.741	4
0.741	7
0.741	5
0.741	5
0.741	6
0.741	3
0.741	1
0.741	3
0.741	3
0.741	3
0.741	6
0.741	6
0.741	4
0.741	4
0.742	3
0.742	3
0.742	4
0.742	8
0.742	4
0.742	4
0.742	1
0.742	3
0.742	3
0.742	6
0.742	5
0.742	6
0.742	3
0.742	3
0.742	1
0.742	1
0.742	3
0.742	3
0.742	3
0.743	5
0.743	6
0.743	5
0.743	4
0.743	5
0.743	6
0.743	4
0.743	4
0.743	6
0.743	4
0.743	5
0.743	5
0.743	6
0.743	6
0.743	1
0.744	8
0.744	4
0.744	7
0.744	6
0.744	5
0.744	6
0.744	5
0.744	4
0.744	4
0.744	4
0.744	3
0.744	4
0.744	4
0.745	7
0.745	7
0.745	6
0.745	5
0.745	5
0.745	6
0.745	4
0.745	4
0.745	3
0.745	4
0.745	4
0.745	3
0.745	1
0.745	3
0.745	5
0.745	5
0.745	4
0.745	4
0.745	4
0.745	2
0.745	3
0.746	5
0.746	6
0.746	4
0.746	5
0.746	4
0.746	4
0.746	4
0.746	4
0.746	6
0.746	4
0.746	7
0.746	5
0.746	3
0.746	6
0.746	3
0.747	7
0.747	5
0.747	5
0.747	6
0.747	4
0.747	7
0.747	6
0.747	5
0.747	4
0.747	6
0.747	3
0.747	3
0.747	6
0.747	6
0.747	3
0.747	6
0.747	4
0.748	5
0.748	5
0.748	5
0.748	6
0.748	5
0.748	4
0.748	4
0.748	3
0.748	1
0.748	3
0.748	6
0.748	4
0.748	4
0.748	6
0.748	6
0.748	3
0.748	1
0.748	3
0.748	3
0.749	7
0.749	5
0.749	6
0.749	4
0.749	4
0.749	8
0.749	8
0.749	4
0.749	7
0.749	5
0.749	6
0.749	6
0.749	5
0.749	6
0.749	1
0.75	7
0.75	5
0.75	6
0.75	4
0.75	5
0.75	5
0.75	6
0.75	7
0.75	8
0.75	3
0.75	4
0.75	4
0.75	7
0.75	6
0.75	4
0.75	3
0.75	4
0.75	4
0.751	5
0.751	3
0.751	3
0.751	4
0.751	4
0.751	5
0.751	7
0.751	4
0.751	4
0.751	4
0.751	6
0.751	4
0.751	3
0.751	5
0.751	5
0.751	4
0.751	4
0.751	2
0.751	3
0.751	3
0.752	7
0.752	5
0.752	5
0.752	3
0.752	4
0.752	4
0.752	7
0.752	5
0.752	1
0.752	3
0.752	5
0.752	5
0.752	3
0.752	1
0.753	6
0.753	3
0.753	5
0.753	5
0.753	4
0.753	4
0.753	4
0.753	1
0.753	1
0.753	3
0.753	3
0.753	3
0.753	6
0.753	3
0.753	6
0.753	4
0.753	3
0.753	4
0.753	4
0.754	7
0.754	6
0.754	3
0.754	3
0.754	4
0.754	4
0.754	5
0.754	4
0.754	4
0.754	4
0.754	4
0.754	6
0.754	4
0.754	7
0.754	6
0.754	4
0.754	6
0.754	3
0.754	1
0.754	3
0.754	4
0.754	2
0.754	3
0.755	7
0.755	6
0.755	8
0.755	3
0.755	4
0.755	4
0.755	3
0.755	7
0.755	7
0.755	6
0.755	6
0.755	6
0.755	5
0.755	6
0.755	3
0.756	3
0.756	3
0.756	4
0.756	4
0.756	4
0.756	5
0.756	7
0.756	4
0.756	7
0.756	5
0.756	3
0.756	3
0.756	4
0.756	3
0.756	6
0.756	4
0.757	7
0.757	6
0.757	4
0.757	4
0.757	4
0.757	4
0.757	4
0.757	4
0.757	6
0.757	4
0.757	7
0.757	7
0.757	5
0.757	5
0.757	5
0.757	4
0.757	3
0.757	1
0.757	3
0.758	7
0.758	7
0.758	6
0.758	4
0.758	4
0.758	3
0.758	4
0.758	4
0.758	5
0.758	5
0.758	6
0.759	7
0.759	6
0.759	4
0.759	4
0.759	5
0.759	4
0.759	1
0.759	3
0.759	3
0.759	6
0.759	4
0.76	5
0.76	6
0.76	6
0.76	4
0.76	8
0.76	4
0.76	4
0.76	6
0.76	5
0.76	4
0.76	3
0.761	5
0.761	3
0.761	3
0.761	3
0.761	3
0.761	4
0.761	4
0.761	5
0.761	7
0.761	4
0.761	4
0.761	3
0.761	4
0.761	4
0.761	4
0.761	4
0.761	6
0.761	4
0.761	7
0.761	6
0.761	6
0.761	1
0.761	3
0.762	7
0.762	5
0.762	7
0.762	3
0.762	6
0.762	7
0.762	3
0.762	3
0.762	4
0.762	4
0.762	4
0.762	4
0.762	4
0.762	4
0.762	6
0.762	6
0.762	4
0.762	4
0.762	3
0.762	3
0.762	6
0.762	3
0.762	4
0.762	4
0.762	1
0.763	7
0.763	5
0.763	4
0.763	7
0.763	5
0.763	4
0.763	6
0.763	4
0.763	2
0.763	3
0.763	3
0.763	4
0.763	4
0.764	7
0.764	5
0.764	5
0.764	6
0.764	5
0.764	4
0.764	4
0.764	4
0.764	4
0.764	6
0.764	6
0.764	3
0.764	4
0.764	2
0.764	3
0.764	3
0.764	3
0.765	5
0.765	5
0.765	3
0.765	6
0.765	6
0.765	4
0.765	8
0.765	3
0.765	4
0.765	4
0.765	4
0.765	4
0.765	1
0.765	3
0.765	3
0.765	6
0.765	4
0.765	3
0.765	1
0.765	1
0.766	6
0.766	5
0.766	7
0.766	3
0.766	3
0.766	4
0.766	4
0.766	4
0.766	4
0.766	3
0.766	1
0.766	3
0.766	3
0.766	6
0.766	4
0.766	3
0.766	3
0.766	4
0.766	4
0.766	4
0.766	4
0.767	7
0.767	3
0.767	7
0.767	7
0.767	3
0.767	3
0.767	4
0.767	4
0.767	4
0.767	7
0.767	6
0.767	6
0.767	5
0.767	6
0.767	3
0.767	1
0.767	3
0.767	4
0.767	4
0.767	3
0.767	3
0.767	3
0.767	3
0.767	3
0.768	7
0.768	4
0.768	8
0.768	5
0.768	4
0.768	4
0.768	6
0.768	4
0.768	3
0.768	1
0.768	3
0.768	4
0.768	5
0.768	6
0.768	3
0.768	3
0.768	1
0.769	6
0.769	6
0.769	5
0.769	4
0.769	5
0.769	7
0.769	5
0.769	5
0.769	7
0.769	5
0.769	5
0.769	4
0.769	4
0.769	3
0.769	3
0.769	6
0.769	6
0.769	4
0.769	4
0.769	4
0.769	4
0.769	4
0.769	3
0.77	7
0.77	6
0.77	4
0.77	7
0.77	6
0.77	5
0.77	4
0.77	3
0.77	3
0.77	1
0.77	1
0.77	3
0.77	3
0.77	4
0.77	3
0.77	3
0.77	1
0.77	3
0.771	7
0.771	6
0.771	8
0.771	4
0.771	4
0.771	3
0.771	3
0.771	6
0.771	5
0.771	5
0.771	6
0.771	6
0.771	3
0.771	4
0.771	4
0.771	4
0.771	1
0.771	3
0.772	3
0.772	3
0.772	3
0.772	3
0.772	4
0.772	4
0.772	6
0.772	4
0.772	5
0.772	7
0.772	4
0.772	4
0.772	3
0.772	4
0.772	5
0.772	7
0.772	5
0.772	5
0.772	6
0.772	4
0.772	6
0.772	4
0.772	4
0.772	3
0.772	6
0.772	4
0.772	4
0.772	3
0.772	3
0.772	4
0.772	4
0.772	4
0.772	1
0.772	3
0.773	5
0.773	3
0.773	7
0.773	4
0.773	6
0.773	5
0.773	6
0.773	5
0.773	5
0.773	4
0.773	4
0.773	3
0.773	1
0.773	3
0.773	3
0.773	4
0.773	3
0.773	3
0.773	4
0.773	4
0.773	4
0.773	1
0.774	7
0.774	5
0.774	4
0.774	4
0.774	6
0.774	4
0.774	6
0.774	5
0.774	6
0.774	3
0.774	6
0.774	4
0.774	3
0.774	4
0.774	3
0.774	3
0.774	4
0.774	4
0.774	4
0.775	7
0.775	6
0.775	4
0.775	4
0.775	6
0.775	4
0.775	8
0.775	5
0.775	4
0.775	5
0.775	6
0.775	6
0.775	4
0.775	3
0.775	1
0.775	3
0.775	3
0.775	6
0.775	4
0.775	3
0.775	4
0.775	3
0.775	3
0.775	3
0.775	3
0.776	5
0.776	6
0.776	4
0.776	5
0.776	7
0.776	8
0.776	8
0.776	6
0.776	5
0.776	5
0.776	6
0.776	6
0.776	5
0.776	4
0.776	5
0.776	6
0.776	3
0.776	1
0.776	4
0.776	3
0.776	6
0.776	4
0.776	3
0.776	1
0.776	1
0.777	5
0.777	6
0.777	3
0.777	3
0.777	4
0.777	5
0.777	5
0.777	7
0.777	7
0.777	4
0.777	4
0.777	4
0.777	6
0.777	4
0.777	1
0.777	3
0.777	6
0.777	6
0.777	6
0.777	4
0.777	5
0.777	6
0.777	3
0.777	1
0.777	4
0.777	3
0.777	6
0.777	4
0.777	4
0.777	4
0.777	4
0.777	4
0.777	4
0.777	4
0.778	5
0.778	5
0.778	3
0.778	7
0.778	4
0.778	4
0.778	4
0.778	3
0.778	4
0.778	5
0.778	1
0.778	3
0.778	5
0.778	6
0.778	5
0.778	4
0.778	4
0.778	5
0.778	6
0.778	4
0.778	1
0.778	4
0.778	4
0.778	4
0.778	3
0.778	3
0.778	3
0.778	3
0.779	7
0.779	6
0.779	4
0.779	6
0.779	4
0.779	7
0.779	6
0.779	5
0.779	6
0.779	5
0.779	4
0.779	4
0.779	5
0.779	6
0.779	3
0.779	3
0.78	7
0.78	7
0.78	6
0.78	3
0.78	3
0.78	4
0.78	6
0.78	6
0.78	4
0.78	4
0.78	4
0.78	3
0.78	7
0.78	6
0.78	6
0.78	6
0.78	6
0.78	5
0.78	6
0.78	5
0.78	4
0.78	4
0.78	3
0.78	3
0.78	6
0.78	6
0.78	4
0.78	4
0.78	3
0.781	6
0.781	4
0.781	5
0.781	3
0.781	4
0.781	6
0.781	7
0.781	5
0.781	3
0.781	1
0.781	1
0.781	3
0.781	3
0.781	5
0.781	6
0.781	5
0.781	6
0.781	5
0.781	4
0.781	4
0.781	4
0.781	1
0.781	1
0.781	4
0.781	4
0.781	1
0.782	4
0.782	8
0.782	7
0.782	5
0.782	6
0.782	5
0.782	6
0.782	5
0.782	6
0.782	5
0.782	5
0.782	6
0.782	6
0.782	4
0.782	4
0.782	4
0.783	7
0.783	5
0.783	5
0.783	3
0.783	7
0.783	3
0.783	3
0.783	4
0.783	4
0.783	4
0.783	4
0.783	5
0.783	7
0.783	7
0.783	7
0.783	6
0.783	6
0.783	6
0.783	6
0.783	5
0.783	6
0.783	5
0.783	6
0.783	4
0.783	4
0.783	4
0.783	3
0.783	3
0.784	7
0.784	6
0.784	6
0.784	5
0.784	6
0.784	4
0.784	4
0.784	4
0.784	5
0.784	3
0.784	3
0.784	1
0.784	3
0.784	6
0.784	5
0.784	6
0.784	5
0.784	5
0.784	4
0.784	4
0.784	3
0.785	7
0.785	6
0.785	6
0.785	4
0.785	7
0.785	7
0.785	5
0.785	5
0.785	6
0.785	6
0.785	3
0.785	6
0.785	5
0.786	7
0.786	4
0.786	4
0.786	6
0.786	4
0.786	4
0.786	4
0.786	6
0.786	4
0.786	7
0.786	6
0.786	1
0.786	3
0.786	6
0.786	5
0.786	6
0.786	6
0.786	6
0.786	4
0.786	1
0.786	4
0.787	5
0.787	7
0.787	6
0.787	3
0.787	3
0.787	4
0.787	4
0.787	4
0.787	4
0.787	6
0.787	4
0.787	3
0.787	1
0.787	3
0.787	6
0.787	5
0.787	5
0.787	6
0.787	6
0.787	5
0.787	6
0.788	3
0.788	6
0.788	3
0.788	3
0.788	3
0.788	3
0.788	4
0.788	4
0.788	8
0.788	7
0.788	5
0.788	7
0.788	6
0.788	1
0.788	3
0.788	6
0.788	6
0.788	6
0.788	4
0.789	7
0.789	7
0.789	5
0.789	7
0.789	4
0.789	5
0.789	7
0.789	4
0.789	3
0.789	7
0.789	6
0.789	1
0.789	3
0.789	5
0.789	4
0.789	3
0.79	5
0.79	7
0.79	7
0.79	6
0.79	4
0.79	3
0.79	4
0.79	6
0.79	4
0.79	4
0.79	4
0.79	4
0.79	4
0.79	6
0.79	6
0.79	4
0.79	4
0.79	7
0.79	5
0.79	3
0.79	7
0.79	6
0.79	1
0.791	7
0.791	3
0.791	6
0.791	6
0.791	8
0.791	3
0.791	4
0.791	6
0.791	7
0.791	5
0.791	3
0.791	7
0.791	6
0.791	6
0.791	6
0.791	6
0.791	6
0.791	4
0.791	4
0.791	4
0.792	7
0.792	5
0.792	6
0.792	6
0.792	4
0.792	6
0.792	4
0.792	5
0.792	7
0.792	7
0.792	5
0.792	3
0.792	1
0.792	1
0.792	3
0.792	3
0.792	5
0.792	6
0.792	4
0.792	3
0.792	3
0.793	7
0.793	5
0.793	4
0.793	4
0.793	4
0.793	4
0.793	6
0.793	4
0.793	7
0.793	5
0.793	6
0.793	3
0.794	7
0.794	7
0.794	7
0.794	5
0.794	3
0.794	7
0.794	7
0.794	3
0.794	3
0.794	4
0.794	5
0.794	3
0.794	3
0.794	4
0.794	4
0.794	6
0.794	6
0.794	7
0.794	7
0.794	6
0.794	6
0.794	3
0.794	6
0.794	5
0.795	7
0.795	6
0.795	6
0.795	4
0.795	6
0.795	4
0.795	4
0.795	5
0.795	6
0.795	4
0.795	3
0.795	3
0.795	4
0.795	1
0.795	4
0.796	7
0.796	6
0.796	6
0.796	4
0.796	4
0.796	4
0.796	4
0.796	5
0.796	6
0.796	4
0.796	7
0.796	7
0.796	5
0.796	5
0.796	6
0.796	5
0.796	6
0.797	5
0.797	5
0.797	4
0.797	5
0.797	5
0.797	3
0.797	4
0.797	6
0.797	4
0.797	5
0.797	6
0.797	4
0.797	1
0.797	3
0.797	4
0.798	5
0.798	3
0.798	6
0.798	4
0.798	4
0.798	4
0.798	4
0.798	5
0.798	6
0.798	4
0.798	5
0.798	4
0.798	3
0.799	7
0.799	7
0.799	5
0.799	3
0.799	3
0.799	4
0.799	3
0.799	4
0.799	6
0.799	4
0.799	7
0.799	6
0.799	2
0.799	3
0.8	7
0.8	7
0.8	6
0.8	7
0.8	3
0.8	3
0.8	4
0.8	8
0.8	4
0.8	4
0.8	5
0.8	3
0.8	4
0.8	6
0.8	4
0.8	3
0.8	6
0.8	6
0.8	4
0.8	4
0.8	4
0.8	2
0.801	7
0.801	4
0.801	5
0.801	7
0.801	8
0.801	4
0.801	4
0.801	6
0.801	4
0.801	4
0.801	4
0.801	5
0.801	5
0.801	6
0.801	6
0.801	4
0.801	4
0.801	7
0.801	5
0.801	5
0.801	7
0.801	4
0.801	3
0.801	3
0.801	4
0.801	4
0.801	4
0.802	5
0.802	6
0.802	5
0.802	7
0.802	5
0.802	4
0.802	4
0.802	6
0.802	6
0.802	3
0.802	4
0.802	3
0.802	3
0.803	5
0.803	6
0.803	3
0.803	3
0.803	4
0.803	4
0.803	5
0.803	3
0.803	6
0.803	5
0.803	3
0.804	6
0.804	6
0.804	4
0.804	8
0.804	8
0.804	5
0.804	4
0.804	4
0.804	4
0.804	1
0.804	4
0.804	3
0.804	6
0.804	5
0.804	3
0.805	7
0.805	7
0.805	5
0.805	3
0.805	6
0.805	4
0.805	5
0.805	5
0.805	7
0.805	7
0.805	4
0.805	5
0.805	4
0.805	4
0.805	4
0.805	4
0.805	6
0.805	6
0.805	6
0.805	5
0.805	6
0.805	4
0.805	1
0.805	4
0.805	2
0.806	7
0.806	6
0.806	7
0.806	4
0.806	4
0.806	5
0.806	6
0.806	4
0.806	1
0.806	3
0.806	4
0.806	5
0.806	6
0.806	4
0.806	4
0.806	4
0.807	6
0.807	4
0.807	8
0.807	4
0.807	5
0.807	4
0.807	4
0.807	4
0.807	3
0.807	3
0.807	3
0.807	3
0.808	5
0.808	6
0.808	4
0.808	4
0.808	6
0.808	6
0.808	4
0.808	4
0.808	5
0.808	7
0.808	4
0.808	5
0.808	5
0.808	7
0.808	6
0.808	5
0.808	4
0.808	3
0.808	2
0.808	2
0.808	4
0.809	7
0.809	5
0.809	7
0.809	4
0.809	8
0.809	4
0.809	3
0.809	6
0.809	6
0.809	3
0.809	6
0.809	5
0.809	4
0.809	4
0.809	4
0.809	4
0.809	5
0.809	5
0.809	2
0.81	7
0.81	7
0.81	6
0.81	5
0.81	5
0.81	4
0.81	5
0.81	7
0.81	8
0.81	4
0.81	4
0.81	6
0.81	7
0.81	5
0.81	5
0.81	7
0.81	6
0.81	6
0.81	4
0.81	1
0.81	4
0.81	4
0.81	4
0.81	3
0.81	3
0.81	3
0.81	3
0.81	4
0.81	4
0.81	5
0.811	6
0.811	6
0.811	3
0.811	6
0.811	4
0.811	4
0.811	4
0.811	6
0.811	4
0.811	5
0.811	7
0.811	8
0.811	4
0.811	4
0.811	6
0.811	5
0.811	7
0.811	5
0.811	6
0.811	3
0.811	4
0.811	4
0.811	3
0.811	3
0.811	4
0.812	7
0.812	3
0.812	3
0.812	4
0.812	4
0.812	4
0.812	5
0.812	7
0.812	8
0.812	6
0.812	4
0.812	3
0.812	3
0.812	6
0.812	6
0.812	5
0.812	5
0.812	4
0.812	2
0.813	5
0.813	7
0.813	3
0.813	3
0.813	4
0.813	6
0.813	4
0.813	5
0.813	7
0.813	5
0.813	5
0.813	4
0.813	4
0.813	4
0.813	1
0.813	1
0.813	4
0.813	4
0.813	3
0.813	6
0.813	5
0.813	4
0.813	4
0.813	5
0.813	4
0.814	3
0.814	4
0.814	4
0.814	4
0.814	6
0.814	4
0.814	6
0.814	5
0.814	5
0.814	6
0.814	6
0.814	4
0.814	1
0.814	4
0.814	4
0.814	3
0.814	3
0.814	2
0.815	7
0.815	4
0.815	6
0.815	4
0.815	8
0.815	8
0.815	4
0.815	5
0.815	6
0.815	4
0.815	1
0.815	3
0.815	6
0.815	6
0.815	6
0.815	4
0.815	4
0.815	5
0.815	6
0.815	4
0.815	4
0.815	4
0.815	5
0.816	5
0.816	7
0.816	7
0.816	5
0.816	6
0.816	3
0.816	3
0.816	3
0.816	3
0.816	4
0.816	4
0.816	4
0.816	6
0.816	4
0.816	5
0.816	5
0.816	7
0.816	7
0.816	4
0.816	1
0.816	3
0.816	5
0.816	7
0.816	5
0.816	5
0.816	4
0.816	4
0.816	4
0.816	3
0.816	6
0.816	5
0.816	4
0.816	3
0.816	3
0.817	7
0.817	7
0.817	6
0.817	6
0.817	4
0.817	4
0.817	4
0.817	7
0.817	6
0.817	6
0.817	5
0.817	4
0.817	4
0.817	1
0.817	4
0.817	4
0.818	7
0.818	7
0.818	4
0.818	4
0.818	4
0.818	3
0.818	8
0.818	6
0.818	6
0.818	6
0.818	6
0.818	6
0.818	5
0.818	6
0.818	3
0.818	6
0.818	5
0.819	5
0.819	7
0.819	3
0.819	3
0.819	4
0.819	4
0.819	4
0.819	4
0.819	7
0.819	7
0.819	4
0.819	4
0.819	4
0.819	4
0.819	6
0.819	7
0.819	5
0.819	3
0.819	5
0.819	5
0.819	7
0.819	7
0.819	6
0.819	6
0.819	4
0.819	4
0.819	1
0.819	4
0.82	7
0.82	6
0.82	6
0.82	6
0.82	4
0.82	4
0.82	8
0.82	7
0.82	5
0.82	6
0.82	6
0.82	6
0.82	5
0.82	7
0.82	5
0.82	4
0.82	5
0.82	6
0.821	7
0.821	7
0.821	7
0.821	6
0.821	3
0.821	3
0.821	4
0.821	4
0.821	5
0.821	7
0.821	1
0.821	3
0.821	6
0.821	4
0.822	5
0.822	7
0.822	7
0.822	3
0.822	3
0.822	4
0.822	4
0.822	4
0.822	4
0.822	5
0.822	6
0.822	6
0.822	5
0.822	4
0.823	5
0.823	7
0.823	6
0.823	3
0.823	6
0.823	3
0.823	3
0.823	4
0.823	4
0.823	4
0.823	8
0.823	6
0.823	6
0.823	6
0.823	5
0.823	7
0.824	5
0.824	5
0.824	3
0.824	6
0.824	6
0.824	3
0.824	3
0.824	4
0.824	7
0.824	4
0.824	4
0.824	5
0.824	6
0.824	4
0.824	3
0.824	1
0.824	1
0.824	3
0.824	3
0.824	6
0.824	6
0.824	6
0.824	6
0.825	7
0.825	5
0.825	7
0.825	6
0.825	4
0.825	4
0.825	4
0.825	4
0.825	5
0.825	6
0.825	4
0.825	7
0.825	5
0.825	1
0.825	3
0.825	5
0.825	7
0.825	4
0.826	7
0.826	7
0.826	6
0.826	6
0.826	8
0.826	8
0.826	6
0.826	6
0.826	6
0.826	2
0.826	4
0.827	7
0.827	3
0.827	3
0.827	6
0.827	7
0.827	6
0.827	3
0.827	3
0.827	3
0.827	3
0.827	4
0.827	4
0.827	4
0.827	4
0.827	3
0.827	3
0.827	8
0.827	6
0.827	6
0.827	4
0.827	4
0.827	5
0.827	2
0.828	7
0.828	6
0.828	4
0.828	4
0.828	4
0.828	6
0.828	4
0.828	7
0.828	7
0.828	5
0.828	5
0.828	3
0.828	1
0.828	3
0.828	4
0.828	3
0.828	3
0.828	4
0.828	4
0.828	5
0.829	7
0.829	6
0.829	7
0.829	8
0.829	4
0.829	4
0.829	6
0.829	7
0.829	5
0.829	6
0.829	4
0.829	4
0.829	3
0.829	3
0.829	4
0.83	5
0.83	3
0.83	6
0.83	7
0.83	4
0.83	5
0.83	7
0.83	4
0.83	5
0.83	6
0.83	4
0.83	8
0.83	6
0.83	1
0.83	3
0.83	3
0.83	6
0.83	5
0.83	4
0.83	2
0.831	6
0.831	6
0.831	6
0.831	5
0.831	3
0.831	4
0.831	1
0.831	5
0.831	3
0.831	6
0.831	5
0.831	4
0.831	4
0.831	5
0.832	7
0.832	7
0.832	3
0.832	6
0.832	3
0.832	3
0.832	4
0.832	5
0.832	7
0.832	5
0.832	8
0.832	6
0.832	5
0.832	6
0.832	4
0.832	1
0.832	5
0.832	4
0.832	3
0.832	3
0.833	7
0.833	3
0.833	7
0.833	7
0.833	7
0.833	4
0.833	4
0.833	4
0.833	4
0.833	5
0.833	5
0.833	6
0.833	6
0.833	4
0.833	4
0.833	3
0.833	4
0.833	5
0.833	6
0.833	4
0.833	4
0.834	5
0.834	3
0.834	4
0.834	4
0.834	4
0.834	6
0.834	4
0.834	5
0.834	6
0.834	4
0.834	7
0.834	5
0.834	5
0.834	4
0.834	4
0.834	3
0.834	6
0.834	5
0.834	2
0.834	4
0.835	6
0.835	5
0.835	3
0.835	6
0.835	6
0.835	4
0.835	5
0.835	4
0.835	4
0.835	1
0.835	5
0.835	4
0.835	4
0.835	5
0.835	2
0.836	5
0.836	7
0.836	6
0.836	6
0.836	4
0.836	4
0.836	4
0.836	6
0.836	6
0.836	6
0.836	6
0.836	4
0.836	3
0.836	3
0.836	4
0.836	4
0.836	5
0.837	4
0.837	5
0.837	4
0.837	4
0.837	4
0.837	4
0.837	6
0.837	6
0.837	4
0.837	4
0.837	5
0.837	6
0.837	4
0.837	5
0.837	7
0.837	6
0.837	6
0.837	4
0.837	4
0.837	4
0.837	3
0.837	3
0.838	7
0.838	5
0.838	5
0.838	3
0.838	3
0.838	7
0.838	8
0.838	4
0.838	4
0.838	6
0.838	6
0.838	5
0.838	7
0.838	5
0.838	4
0.838	3
0.838	6
0.838	5
0.838	4
0.839	5
0.839	6
0.839	6
0.839	4
0.839	5
0.839	7
0.839	8
0.839	4
0.839	6
0.839	6
0.839	4
0.839	6
0.839	4
0.839	1
0.839	5
0.839	3
0.839	6
0.839	5
0.84	6
0.84	5
0.84	7
0.84	5
0.84	5
0.84	5
0.84	4
0.84	6
0.84	6
0.84	6
0.84	6
0.84	4
0.84	1
0.84	5
0.841	7
0.841	7
0.841	5
0.841	3
0.841	3
0.841	4
0.841	5
0.841	4
0.841	4
0.841	6
0.841	6
0.841	5
0.841	7
0.841	4
0.841	6
0.841	6
0.842	7
0.842	6
0.842	7
0.842	4
0.842	4
0.842	1
0.842	3
0.842	6
0.842	6
0.842	5
0.842	4
0.842	4
0.843	5
0.843	3
0.843	7
0.843	4
0.843	5
0.843	5
0.843	4
0.843	4
0.843	6
0.843	1
0.843	4
0.843	5
0.843	4
0.843	5
0.844	6
0.844	5
0.844	8
0.844	5
0.844	5
0.844	8
0.844	6
0.844	6
0.844	6
0.844	2
0.845	7
0.845	7
0.845	7
0.845	6
0.845	5
0.845	6
0.845	4
0.845	5
0.845	7
0.845	3
0.845	8
0.845	6
0.845	6
0.845	5
0.845	7
0.845	7
0.845	6
0.845	4
0.845	4
0.845	5
0.846	7
0.846	6
0.846	5
0.846	4
0.846	4
0.846	5
0.846	7
0.846	5
0.846	3
0.846	1
0.846	4
0.846	6
0.846	5
0.846	7
0.846	4
0.846	3
0.846	3
0.847	6
0.847	7
0.847	4
0.847	8
0.847	8
0.847	5
0.847	7
0.847	5
0.847	6
0.847	4
0.848	5
0.848	7
0.848	4
0.848	7
0.848	4
0.848	5
0.848	5
0.848	7
0.848	7
0.848	8
0.848	8
0.848	6
0.848	3
0.848	6
0.848	5
0.849	5
0.849	7
0.849	7
0.849	5
0.849	5
0.849	6
0.849	4
0.849	5
0.849	7
0.849	5
0.849	3
0.849	6
0.849	4
0.849	1
0.849	5
0.85	7
0.85	7
0.85	6
0.85	6
0.85	3
0.85	3
0.85	4
0.85	7
0.85	5
0.85	1
0.85	4
0.85	6
0.85	6
0.85	6
0.851	7
0.851	7
0.851	3
0.851	3
0.851	4
0.851	4
0.851	7
0.851	7
0.851	4
0.851	4
0.851	8
0.851	4
0.851	6
0.851	6
0.851	4
0.851	1
0.851	4
0.851	4
0.852	5
0.852	5
0.852	7
0.852	7
0.852	3
0.852	4
0.852	7
0.852	4
0.852	5
0.852	7
0.852	4
0.852	6
0.852	6
0.852	4
0.852	8
0.852	6
0.852	5
0.852	4
0.853	7
0.853	8
0.853	3
0.853	8
0.853	6
0.854	7
0.854	7
0.854	7
0.854	5
0.854	6
0.854	4
0.854	4
0.854	4
0.854	5
0.854	7
0.854	4
0.854	7
0.854	5
0.854	3
0.854	7
0.854	6
0.855	5
0.855	7
0.855	6
0.855	6
0.855	4
0.855	4
0.855	4
0.855	7
0.855	4
0.855	4
0.855	4
0.855	6
0.855	4
0.855	4
0.855	6
0.855	6
0.855	4
0.855	7
0.855	5
0.855	5
0.855	7
0.856	7
0.856	7
0.856	7
0.856	7
0.856	3
0.856	3
0.856	4
0.856	4
0.856	4
0.856	4
0.856	6
0.856	6
0.857	7
0.857	5
0.857	7
0.857	7
0.857	4
0.857	4
0.857	7
0.857	4
0.858	5
0.858	6
0.858	4
0.858	4
0.858	5
0.858	4
0.859	7
0.859	5
0.859	6
0.859	3
0.859	3
0.859	3
0.859	3
0.859	4
0.859	4
0.859	4
0.859	5
0.859	4
0.859	4
0.859	6
0.859	4
0.859	6
0.859	6
0.859	4
0.859	6
0.86	7
0.86	5
0.86	7
0.86	7
0.86	6
0.86	3
0.86	3
0.86	4
0.86	4
0.86	4
0.86	6
0.86	6
0.86	4
0.86	1
0.86	4
0.86	5
0.861	7
0.861	7
0.861	3
0.861	4
0.861	4
0.861	5
0.861	2
0.862	7
0.862	3
0.862	7
0.862	5
0.862	5
0.862	4
0.862	8
0.862	6
0.862	4
0.862	4
0.862	5
0.862	5
0.863	5
0.863	5
0.863	5
0.863	6
0.863	6
0.863	3
0.863	3
0.863	4
0.863	4
0.863	4
0.863	4
0.863	6
0.863	4
0.863	3
0.863	4
0.863	3
0.863	3
0.863	2
0.864	6
0.864	6
0.864	6
0.864	4
0.864	4
0.864	6
0.864	7
0.864	5
0.864	4
0.864	4
0.864	4
0.864	5
0.865	7
0.865	7
0.865	7
0.865	7
0.865	7
0.865	3
0.865	3
0.865	4
0.865	8
0.865	5
0.865	3
0.865	6
0.865	5
0.865	4
0.865	3
0.865	3
0.866	7
0.866	5
0.866	7
0.866	8
0.866	5
0.866	4
0.866	1
0.866	6
0.866	4
0.867	3
0.867	6
0.867	6
0.867	6
0.867	5
0.867	7
0.867	5
0.867	6
0.867	6
0.867	3
0.867	6
0.867	5
0.868	5
0.868	6
0.868	4
0.868	4
0.868	1
0.868	6
0.869	7
0.869	6
0.869	7
0.869	4
0.869	8
0.869	5
0.869	4
0.869	6
0.869	6
0.869	4
0.869	5
0.869	4
0.869	6
0.869	6
0.87	7
0.87	7
0.87	3
0.87	3
0.87	7
0.87	4
0.87	5
0.87	7
0.87	5
0.87	4
0.871	3
0.871	7
0.871	7
0.871	7
0.871	6
0.871	5
0.871	4
0.871	5
0.871	5
0.872	5
0.872	4
0.872	4
0.872	5
0.872	7
0.872	2
0.872	2
0.873	6
0.873	5
0.873	7
0.873	4
0.873	4
0.873	7
0.873	4
0.873	8
0.873	4
0.873	4
0.873	6
0.873	6
0.873	7
0.873	6
0.873	4
0.873	4
0.873	4
0.873	4
0.873	5
0.873	5
0.874	7
0.874	6
0.874	3
0.874	4
0.874	5
0.874	7
0.874	8
0.874	5
0.874	8
0.874	4
0.874	4
0.874	3
0.874	3
0.874	3
0.874	3
0.874	5
0.875	4
0.875	5
0.875	7
0.875	6
0.875	4
0.875	4
0.875	2
0.876	3
0.876	4
0.876	4
0.876	5
0.876	6
0.876	3
0.876	3
0.876	6
0.876	6
0.876	5
0.876	5
0.876	4
0.876	4
0.876	6
0.877	5
0.877	3
0.877	3
0.877	4
0.877	4
0.877	7
0.877	5
0.877	1
0.877	4
0.877	4
0.877	4
0.877	1
0.877	1
0.877	6
0.877	6
0.877	4
0.877	3
0.877	3
0.878	5
0.878	3
0.878	3
0.878	4
0.878	7
0.878	5
0.878	6
0.878	6
0.878	6
0.878	6
0.878	6
0.878	4
0.879	7
0.879	7
0.879	6
0.879	4
0.879	5
0.879	8
0.879	6
0.879	1
0.879	4
0.879	4
0.879	4
0.879	3
0.879	6
0.879	5
0.88	7
0.88	4
0.88	3
0.88	5
0.88	5
0.88	4
0.88	4
0.88	4
0.88	1
0.88	6
0.881	5
0.881	5
0.881	6
0.881	3
0.881	3
0.881	4
0.881	4
0.881	4
0.881	7
0.881	5
0.881	8
0.881	6
0.881	6
0.881	6
0.881	5
0.882	6
0.882	6
0.882	5
0.882	6
0.882	4
0.882	3
0.882	7
0.882	7
0.882	6
0.882	6
0.882	4
0.882	2
0.883	7
0.883	6
0.883	7
0.883	4
0.883	8
0.883	7
0.883	5
0.883	5
0.883	5
0.883	8
0.883	8
0.883	5
0.883	4
0.883	5
0.883	4
0.883	6
0.884	7
0.884	7
0.884	4
0.884	5
0.884	7
0.884	6
0.884	6
0.884	4
0.884	3
0.884	3
0.885	7
0.885	5
0.885	7
0.885	6
0.885	3
0.885	3
0.885	4
0.885	7
0.885	6
0.885	4
0.886	5
0.886	6
0.886	7
0.886	3
0.886	3
0.886	4
0.886	4
0.886	6
0.886	6
0.886	4
0.886	5
0.886	8
0.886	3
0.886	6
0.886	5
0.887	5
0.887	5
0.887	7
0.887	7
0.887	5
0.887	6
0.887	6
0.887	6
0.887	4
0.887	1
0.887	6
0.888	7
0.888	7
0.888	7
0.888	6
0.888	3
0.888	4
0.888	6
0.888	6
0.888	4
0.888	1
0.888	1
0.888	5
0.888	5
0.888	6
0.888	6
0.889	7
0.889	7
0.889	7
0.889	3
0.889	7
0.889	6
0.889	4
0.889	4
0.889	5
0.89	6
0.89	4
0.89	4
0.89	4
0.89	6
0.89	8
0.89	8
0.89	6
0.89	6
0.89	6
0.89	5
0.89	4
0.89	2
0.891	7
0.891	4
0.891	4
0.891	3
0.891	3
0.891	1
0.891	5
0.891	5
0.891	4
0.891	6
0.892	5
0.892	7
0.892	7
0.892	7
0.892	3
0.892	7
0.892	4
0.892	4
0.892	6
0.892	7
0.892	7
0.892	5
0.892	5
0.892	7
0.892	6
0.892	4
0.892	3
0.892	3
0.893	7
0.893	7
0.893	4
0.893	5
0.893	8
0.893	6
0.893	5
0.893	8
0.893	4
0.894	7
0.894	7
0.894	7
0.894	3
0.894	6
0.894	3
0.894	6
0.894	5
0.895	5
0.895	5
0.895	3
0.895	3
0.895	4
0.895	5
0.895	7
0.895	5
0.895	4
0.895	1
0.895	6
0.896	5
0.896	7
0.896	3
0.896	5
0.896	6
0.896	6
0.897	7
0.897	7
0.897	3
0.897	4
0.897	4
0.897	6
0.897	6
0.897	6
0.897	6
0.897	4
0.897	4
0.897	6
0.897	4
0.898	7
0.898	7
0.898	5
0.898	1
0.898	5
0.898	5
0.898	4
0.899	5
0.899	5
0.899	6
0.9	6
0.9	5
0.9	8
0.9	4
0.9	4
0.9	4
0.9	6
0.9	6
0.9	4
0.9	8
0.9	6
0.9	7
0.9	6
0.901	7
0.901	5
0.901	6
0.901	7
0.901	5
0.901	7
0.901	4
0.901	4
0.901	4
0.901	4
0.901	6
0.901	6
0.901	3
0.901	5
0.901	8
0.902	8
0.902	7
0.902	5
0.902	6
0.903	7
0.903	5
0.903	7
0.903	5
0.903	7
0.903	4
0.904	6
0.904	7
0.904	5
0.904	5
0.904	5
0.904	4
0.904	4
0.904	6
0.905	6
0.906	7
0.906	3
0.906	7
0.906	5
0.906	1
0.906	5
0.907	7
0.907	5
0.907	4
0.907	5
0.907	5
0.907	5
0.907	4
0.907	6
0.907	6
0.907	4
0.908	6
0.908	5
0.908	4
0.908	8
0.908	6
0.909	6
0.909	4
0.909	3
0.91	7
0.91	7
0.91	4
0.91	4
0.91	5
0.91	4
0.91	7
0.91	5
0.91	5
0.911	7
0.911	8
0.911	8
0.911	4
0.911	4
0.911	6
0.911	2
0.912	3
0.912	3
0.912	4
0.912	4
0.912	5
0.912	5
0.912	7
0.912	7
0.912	5
0.912	4
0.912	6
0.913	5
0.913	4
0.913	3
0.913	3
0.914	5
0.914	7
0.914	7
0.914	3
0.914	3
0.914	4
0.914	8
0.914	5
0.914	4
0.915	7
0.915	7
0.915	7
0.915	7
0.915	5
0.915	5
0.915	5
0.915	7
0.915	4
0.915	6
0.915	6
0.915	4
0.915	3
0.915	6
0.915	5
0.916	7
0.916	6
0.916	4
0.916	1
0.916	6
0.917	5
0.917	5
0.917	5
0.917	6
0.917	6
0.918	7
0.918	6
0.918	7
0.918	6
0.918	4
0.918	4
0.918	7
0.918	5
0.918	4
0.918	4
0.919	7
0.919	7
0.919	4
0.919	5
0.919	4
0.919	5
0.919	6
0.919	5
0.919	4
0.92	7
0.92	7
0.921	5
0.921	4
0.921	4
0.921	4
0.921	8
0.921	7
0.921	6
0.922	5
0.922	7
0.922	5
0.922	5
0.922	7
0.922	5
0.922	5
0.922	8
0.923	7
0.923	3
0.923	3
0.923	3
0.923	3
0.923	3
0.923	4
0.923	4
0.923	6
0.924	7
0.924	7
0.924	4
0.925	3
0.925	7
0.925	5
0.925	5
0.926	3
0.926	3
0.926	4
0.926	6
0.927	6
0.927	6
0.927	1
0.927	5
0.928	7
0.928	4
0.929	7
0.929	7
0.929	5
0.929	8
0.929	9
0.929	6
0.93	6
0.93	5
0.93	7
0.93	3
0.93	5
0.931	5
0.931	7
0.931	7
0.931	4
0.931	7
0.931	5
0.931	2
0.932	7
0.932	5
0.932	4
0.932	6
0.933	7
0.933	3
0.933	3
0.933	4
0.933	7
0.933	5
0.933	4
0.933	3
0.933	3
0.934	5
0.934	3
0.934	3
0.934	7
0.934	4
0.935	6
0.935	3
0.935	6
0.935	5
0.936	5
0.936	4
0.936	4
0.936	6
0.936	6
0.936	4
0.936	4
0.936	1
0.936	6
0.936	5
0.937	6
0.937	3
0.937	6
0.937	5
0.937	6
0.937	6
0.937	2
0.938	4
0.938	5
0.938	4
0.938	6
0.939	7
0.939	4
0.939	4
0.939	5
0.939	4
0.939	4
0.939	3
0.939	3
0.939	5
0.94	4
0.94	5
0.94	6
0.94	4
0.94	2
0.941	7
0.941	7
0.941	3
0.941	3
0.941	4
0.941	7
0.941	6
0.941	3
0.941	6
0.941	5
0.941	5
0.941	4
0.941	6
0.942	5
0.942	7
0.942	4
0.942	1
0.942	6
0.942	4
0.942	3
0.942	3
0.943	7
0.943	5
0.943	6
0.943	6
0.943	6
0.943	4
0.944	3
0.944	4
0.944	3
0.944	6
0.944	5
0.945	7
0.945	5
0.945	5
0.945	6
0.945	5
0.945	4
0.945	4
0.945	1
0.945	6
0.946	6
0.946	6
0.946	5
0.946	6
0.946	6
0.946	6
0.947	7
0.947	7
0.947	1
0.947	5
0.947	7
0.947	6
0.947	4
0.948	5
0.948	5
0.948	5
0.948	7
0.948	5
0.948	5
0.949	6
0.949	7
0.949	9
0.949	6
0.949	6
0.95	7
0.95	5
0.95	8
0.95	3
0.95	7
0.95	6
0.951	5
0.951	7
0.951	7
0.951	5
0.951	5
0.951	7
0.952	7
0.952	7
0.952	7
0.952	3
0.952	6
0.952	6
0.953	2
0.953	5
0.954	7
0.954	5
0.955	7
0.955	5
0.955	9
0.955	6
0.955	6
0.956	7
0.956	7
0.956	6
0.956	4
0.956	6
0.956	6
0.956	4
0.956	3
0.956	2
0.956	5
0.957	4
0.957	7
0.957	5
0.958	5
0.958	9
0.958	6
0.959	5
0.959	5
0.959	7
0.959	4
0.959	3
0.96	4
0.96	4
0.96	5
0.96	6
0.96	7
0.96	5
0.961	7
0.961	7
0.962	5
0.962	7
0.962	3
0.962	3
0.962	4
0.962	4
0.962	6
0.962	6
0.962	4
0.963	5
0.963	5
0.964	7
0.964	6
0.965	4
0.965	4
0.965	6
0.965	6
0.965	4
0.966	7
0.966	6
0.966	5
0.966	4
0.966	5
0.966	6
0.968	7
0.968	4
0.969	5
0.969	5
0.969	4
0.969	5
0.969	6
0.97	7
0.97	7
0.97	8
0.971	7
0.971	5
0.971	7
0.972	5
0.972	5
0.973	3
0.974	7
0.974	7
0.974	5
0.975	5
0.976	8
0.977	5
0.977	4
0.977	5
0.977	7
0.977	5
0.978	5
0.978	2
0.979	7
0.979	8
0.979	5
0.979	4
0.979	6
0.98	4
0.98	7
0.98	5
0.98	5
0.98	7
0.98	4
0.98	3
0.98	3
0.981	4
0.982	3
0.982	3
0.982	4
0.982	3
0.982	6
0.982	5
0.983	4
0.983	7
0.983	5
0.983	4
0.983	1
0.983	6
0.984	5
0.984	5
0.984	6
0.984	6
0.985	6
0.985	4
0.986	6
0.986	4
0.986	4
0.986	5
0.986	5
0.987	5
0.988	7
0.988	3
0.988	3
0.988	4
0.988	7
0.988	6
0.989	4
0.989	5
0.989	7
0.99	7
0.99	6
0.991	7
0.991	3
0.991	3
0.991	4
0.991	5
0.992	6
0.992	2
0.993	3
0.993	6
0.993	5
0.993	4
0.993	6
0.994	7
0.994	2
0.994	5
0.994	4
0.994	3
0.994	3
0.995	7
0.995	6
0.995	4
0.996	7
0.996	9
0.996	6
0.996	3
0.996	6
0.996	5
0.997	7
0.997	3
0.997	4
0.997	1
0.997	6
0.998	5
0.998	7
0.998	5
0.998	6
0.998	6
0.999	3
0.999	7
0.999	4
1.0	7
1.0	5
1.0	5
1.002	3
1.002	7
1.002	6
1.003	4
1.003	7
1.003	6
1.003	4
1.003	5
1.003	7
1.004	5
1.004	6
1.005	6
1.006	4
1.007	4
1.007	5
1.007	6
1.007	6
1.008	2
1.008	5
1.01	5
1.01	5
1.01	9
1.01	6
1.011	7
1.011	6
1.011	3
1.012	7
1.012	5
1.013	5
1.013	5
1.014	6
1.015	7
1.017	7
1.017	8
1.017	4
1.017	8
1.017	6
1.017	4
1.018	5
1.018	5
1.018	7
1.02	7
1.02	7
1.02	4
1.021	7
1.021	7
1.021	5
1.021	4
1.021	5
1.021	6
1.024	5
1.024	7
1.024	4
1.024	5
1.025	5
1.026	7
1.027	5
1.027	4
1.027	5
1.029	7
1.029	3
1.029	3
1.029	4
1.031	8
1.032	5
1.032	7
1.033	6
1.035	7
1.035	7
1.035	5
1.037	7
1.038	4
1.039	5
1.04	3
1.041	4
1.043	3
1.043	3
1.043	4
1.047	6
1.048	6
1.049	7
1.049	2
1.05	5
1.05	4
1.05	6
1.051	5
1.051	7
1.051	4
1.051	3
1.051	3
1.052	6
1.052	4
1.052	6
1.053	3
1.053	6
1.053	5
1.053	2
1.054	3
1.054	4
1.054	1
1.054	6
1.054	5
1.054	4
1.054	6
1.055	6
1.055	6
1.055	4
1.055	3
1.055	3
1.056	4
1.056	4
1.057	5
1.057	5
1.057	3
1.057	6
1.057	5
1.058	7
1.058	4
1.058	1
1.058	6
1.059	7
1.059	6
1.059	6
1.059	6
1.06	5
1.06	7
1.06	4
1.06	7
1.061	6
1.061	5
1.061	5
1.061	2
1.062	7
1.062	5
1.062	4
1.062	6
1.063	7
1.063	6
1.063	4
1.063	3
1.063	3
1.064	6
1.064	5
1.064	7
1.064	4
1.065	5
1.065	5
1.065	2
1.065	5
1.065	6
1.065	3
1.065	6
1.065	5
1.066	6
1.066	4
1.066	1
1.066	6
1.067	7
1.067	9
1.067	6
1.067	6
1.067	6
1.068	3
1.068	6
1.068	4
1.069	7
1.069	5
1.069	2
1.069	5
1.069	5
1.069	5
1.071	9
1.071	6
1.071	7
1.071	6
1.072	7
1.072	3
1.072	5
1.072	7
1.073	7
1.073	5
1.073	6
1.074	4
1.074	8
1.074	6
1.074	4
1.076	7
1.076	6
1.077	4
1.077	2
1.077	5
1.078	4
1.078	5
1.078	6
1.078	4
1.078	8
1.078	6
1.078	4
1.079	5
1.079	9
1.079	6
1.08	3
1.081	7
1.081	5
1.081	4
1.081	7
1.081	5
1.082	4
1.082	5
1.082	6
1.084	5
1.085	5
1.086	4
1.086	8
1.086	6
1.086	4
1.088	8
1.088	5
1.089	5
1.089	7
1.089	4
1.09	4
1.09	5
1.09	6
1.092	7
1.092	5
1.092	8
1.093	5
1.093	7
1.093	5
1.095	4
1.096	5
1.096	7
1.096	5
1.096	5
1.098	4
1.099	4
1.1	3
1.1	3
1.1	4
1.1	5
1.1	8
1.101	5
1.101	7
1.102	4
1.104	6
1.104	3
1.104	3
1.104	4
1.104	7
1.104	5
1.106	7
1.107	4
1.107	7
1.108	7
1.108	7
1.108	5
1.108	2
1.109	5
1.109	4
1.109	6
1.11	7
1.11	4
1.11	4
1.11	3
1.11	3
1.111	3
1.111	4
1.112	7
1.112	3
1.112	3
1.112	4
1.112	3
1.112	6
1.112	5
1.113	4
1.113	1
1.113	6
1.114	6
1.114	6
1.115	3
1.115	4
1.116	7
1.116	5
1.116	5
1.118	7
1.118	7
1.118	6
1.119	5
1.119	7
1.12	7
1.12	6
1.122	5
1.123	6
1.123	3
1.123	6
1.123	7
1.124	2
1.124	6
1.124	2
1.125	5
1.125	4
1.125	6
1.126	5
1.126	9
1.126	6
1.126	4
1.126	3
1.126	3
1.127	6
1.127	3
1.127	4
1.128	7
1.128	5
1.128	3
1.128	6
1.128	5
1.129	7
1.129	4
1.129	1
1.129	6
1.13	6
1.13	6
1.131	4
1.132	5
1.132	5
1.133	7
1.133	7
1.133	4
1.133	8
1.133	6
1.133	4
1.134	5
1.134	7
1.134	6
1.135	6
1.135	5
1.135	7
1.136	5
1.136	4
1.136	6
1.137	7
1.137	4
1.137	5
1.137	6
1.138	7
1.138	7
1.139	6
1.139	2
1.14	5
1.14	5
1.14	2
1.14	7
1.14	5
1.14	4
1.14	6
1.141	7
1.141	4
1.141	3
1.141	3
1.142	7
1.142	9
1.142	6
1.142	4
1.143	5
1.143	3
1.143	3
1.143	6
1.143	5
1.144	7
1.144	5
1.144	4
1.144	1
1.144	6
1.145	7
1.145	6
1.145	6
1.146	4
1.147	8
1.147	5
1.147	5
1.148	5
1.148	5
1.148	7
1.149	4
1.149	8
1.149	6
1.149	4
1.149	7
1.149	6
1.15	7
1.15	5
1.15	7
1.151	7
1.151	5
1.151	6
1.152	4
1.153	4
1.153	5
1.153	6
1.154	4
1.154	6
1.155	5
1.155	3
1.155	7
1.156	5
1.157	4
1.157	9
1.157	6
1.158	3
1.159	3
1.159	3
1.159	4
1.159	5
1.159	7
1.159	5
1.163	7
1.163	8
1.164	5
1.164	7
1.164	4
1.164	8
1.164	6
1.164	4
1.165	7
1.167	7
1.167	7
1.167	5
1.167	4
1.168	4
1.168	5
1.168	6
1.17	3
1.17	4
1.171	5
1.171	5
1.173	4
1.174	5
1.175	3
1.175	3
1.175	4
1.178	8
1.179	7
1.179	5
1.179	7
1.181	5
1.181	7
1.182	6
1.182	7
1.182	5
1.183	7
1.185	4
1.186	3
1.186	5
1.188	7
1.188	4
1.19	3
1.19	3
1.19	4
1.192	7
1.194	7
1.195	5
1.196	7
1.197	7
1.197	5
1.198	6
1.198	7
1.201	3
1.204	7
1.208	7
1.21	7
1.211	5
1.211	2
1.212	5
1.212	5
1.212	4
1.212	6
1.213	7
1.213	6
1.213	4
1.213	3
1.213	3
1.214	4
1.215	3
1.215	6
1.215	5
1.216	4
1.216	1
1.216	6
1.217	6
1.217	6
1.218	4
1.219	7
1.219	5
1.219	5
1.22	7
1.221	7
1.221	6
1.221	2
1.222	5
1.222	7
1.222	5
1.222	4
1.222	6
1.223	7
1.223	6
1.223	4
1.223	4
1.223	3
1.224	4
1.225	3
1.225	6
1.225	5
1.226	5
1.226	6
1.226	4
1.226	1
1.226	6
1.227	4
1.227	7
1.227	6
1.227	6
1.228	7
1.228	4
1.229	9
1.229	6
1.229	5
1.229	5
1.23	3
1.231	7
1.231	5
1.231	7
1.231	6
1.232	5
1.232	7
1.233	6
1.236	4
1.236	8
1.236	6
1.236	4
1.236	6
1.237	4
1.237	7
1.239	4
1.239	9
1.239	6
1.24	4
1.24	5
1.24	6
1.24	3
1.241	7
1.241	5
1.243	5
1.246	5
1.246	4
1.246	8
1.246	6
1.246	4
1.249	4
1.25	8
1.25	4
1.25	5
1.25	6
1.251	5
1.251	7
1.253	5
1.254	7
1.254	5
1.256	5
1.257	4
1.258	5
1.26	4
1.26	8
1.261	5
1.261	7
1.262	3
1.262	3
1.262	4
1.264	7
1.264	5
1.266	7
1.267	4
1.268	7
1.268	5
1.27	7
1.27	4
1.272	3
1.272	3
1.272	4
1.273	3
1.276	7
1.278	7
1.28	7
1.283	3
1.284	5
1.285	6
1.291	7
1.294	5
1.295	7
1.295	6
1.296	7
1.297	2
1.298	5
1.298	5
1.298	4
1.298	6
1.299	4
1.299	4
1.299	3
1.3	7
1.3	4
1.301	7
1.301	3
1.301	6
1.301	5
1.302	4
1.302	1
1.302	6
1.303	6
1.303	6
1.304	4
1.305	7
1.305	5
1.305	5
1.307	7
1.307	6
1.308	5
1.308	5
1.308	7
1.309	6
1.31	7
1.311	7
1.312	6
1.312	2
1.313	5
1.313	7
1.313	5
1.313	4
1.313	6
1.314	4
1.314	4
1.314	3
1.315	9
1.315	6
1.315	4
1.316	3
1.316	3
1.316	6
1.316	5
1.317	7
1.317	5
1.317	4
1.317	1
1.317	6
1.318	6
1.318	6
1.319	4
1.32	5
1.32	5
1.322	4
1.322	8
1.322	6
1.322	4
1.322	7
1.322	6
1.323	5
1.323	7
1.324	5
1.325	4
1.326	4
1.326	5
1.326	6
1.327	6
1.328	5
1.328	7
1.329	5
1.33	9
1.33	6
1.331	3
1.332	5
1.332	7
1.332	5
1.336	8
1.337	5
1.337	7
1.337	4
1.337	8
1.337	6
1.337	4
1.34	7
1.34	5
1.34	4
1.341	4
1.341	5
1.341	6
1.343	4
1.344	5
1.344	5
1.346	4
1.347	5
1.348	3
1.348	3
1.348	4
1.351	8
1.352	7
1.352	5
1.352	7
1.354	7
1.355	7
1.355	5
1.356	7
1.358	4
1.359	3
1.359	5
1.361	4
1.363	3
1.363	3
1.363	4
1.367	7
1.369	7
1.37	5
1.371	6
1.371	7
1.374	3
1.377	7
1.381	7
1.384	5
1.385	5
1.386	7
1.386	6
1.392	7
1.396	7
1.399	5
1.401	7
1.467	7
1.468	2
1.469	4
1.469	4
1.469	6
1.47	4
1.47	4
1.47	3
1.471	4
1.472	3
1.472	6
1.472	5
1.473	4
1.473	1
1.473	6
1.474	6
1.474	6
1.475	4
1.476	5
1.476	5
1.478	7
1.478	6
1.479	5
1.479	7
1.48	5
1.48	7
1.48	7
1.481	2
1.481	3
1.482	4
1.482	4
1.482	4
1.482	4
1.482	6
1.482	6
1.483	6
1.483	4
1.483	4
1.483	4
1.483	4
1.483	3
1.483	3
1.484	5
1.484	7
1.484	4
1.484	4
1.485	3
1.485	3
1.485	6
1.485	6
1.485	5
1.485	5
1.486	9
1.486	6
1.486	4
1.486	4
1.486	1
1.486	1
1.486	6
1.486	6
1.487	3
1.487	6
1.487	6
1.487	6
1.487	6
1.488	7
1.488	5
1.488	4
1.488	4
1.489	5
1.489	5
1.489	5
1.489	5
1.491	7
1.491	7
1.491	6
1.491	6
1.492	5
1.492	5
1.492	7
1.492	7
1.493	4
1.493	8
1.493	6
1.493	4
1.493	5
1.493	5
1.496	4
1.496	6
1.496	6
1.497	4
1.497	5
1.497	6
1.497	5
1.497	5
1.497	7
1.497	7
1.499	9
1.499	9
1.499	6
1.499	6
1.5	5
1.5	3
1.5	3
1.501	7
1.501	7
1.501	5
1.501	5
1.503	5
1.506	4
1.506	4
1.506	8
1.506	8
1.506	6
1.506	6
1.506	4
1.506	4
1.507	8
1.508	5
1.508	7
1.509	4
1.509	4
1.51	4
1.51	4
1.51	4
1.51	4
1.51	6
1.51	6
1.511	7
1.511	5
1.513	5
1.513	5
1.514	4
1.515	5
1.516	5
1.516	5
1.517	4
1.519	3
1.519	3
1.519	4
1.52	8
1.52	8
1.521	5
1.521	5
1.521	7
1.521	7
1.523	7
1.524	7
1.524	7
1.524	5
1.524	5
1.525	7
1.527	7
1.527	4
1.527	4
1.528	5
1.528	5
1.53	3
1.53	4
1.53	4
1.532	3
1.532	3
1.532	3
1.532	3
1.532	4
1.532	4
1.536	7
1.536	7
1.538	7
1.538	7
1.54	7
1.54	7
1.541	5
1.542	6
1.543	3
1.543	3
1.548	7
1.552	7
1.554	5
1.554	5
1.555	5
1.555	6
1.555	6
1.557	7
1.561	7
1.561	7
1.565	7
1.565	7
1.568	5
1.568	5
1.57	7
1.57	7
1.658	7
1.659	3
1.66	4
1.66	4
1.66	6
1.661	4
1.661	4
1.661	3
1.662	4
1.663	3
1.663	6
1.663	5
1.664	4
1.664	1
1.664	6
1.665	6
1.665	6
1.666	4
1.667	5
1.667	5
1.669	7
1.669	6
1.67	5
1.67	7
1.671	5
1.674	6
1.675	5
1.675	7
1.677	9
1.677	6
1.678	3
1.679	7
1.679	5
1.684	4
1.684	8
1.684	6
1.684	4
1.687	4
1.688	4
1.688	4
1.688	6
1.691	5
1.694	5
1.698	8
1.699	5
1.699	7
1.702	7
1.702	5
1.705	4
1.706	5
1.708	3
1.71	3
1.71	3
1.71	4
1.714	7
1.716	7
1.718	7
1.721	3
1.732	5
1.733	6
1.739	7
1.743	7
1.743	7
1.744	3
1.745	4
1.745	4
1.745	6
1.746	5
1.746	4
1.746	4
1.746	3
1.747	4
1.748	7
1.748	3
1.748	6
1.748	5
1.749	4
1.749	1
1.749	6
1.75	6
1.75	6
1.751	4
1.752	5
1.752	5
1.754	7
1.754	6
1.755	5
1.755	7
1.756	5
1.759	6
1.76	5
1.76	7
1.762	9
1.762	6
1.763	3
1.764	7
1.764	5
1.769	4
1.769	8
1.769	6
1.769	4
1.769	7
1.77	3
1.771	4
1.771	4
1.771	6
1.772	4
1.772	4
1.772	4
1.772	3
1.773	4
1.773	4
1.773	6
1.773	4
1.774	3
1.774	6
1.774	5
1.775	4
1.775	1
1.775	6
1.776	5
1.776	6
1.776	6
1.777	4
1.778	5
1.778	5
1.779	5
1.78	7
1.78	6
1.781	5
1.781	7
1.782	5
1.783	8
1.784	5
1.784	7
1.785	6
1.786	5
1.786	7
1.787	7
1.787	5
1.788	9
1.788	6
1.789	3
1.79	4
1.79	7
1.79	5
1.791	5
1.793	3
1.795	3
1.795	3
1.795	4
1.795	4
1.795	8
1.795	6
1.795	4
1.798	4
1.799	7
1.799	4
1.799	4
1.799	6
1.801	7
1.802	4
1.803	7
1.805	5
1.806	3
1.809	8
1.81	5
1.81	7
1.813	7
1.813	5
1.816	4
1.817	5
1.817	5
1.818	6
1.819	3
1.821	3
1.821	3
1.821	4
1.824	7
1.825	7
1.827	7
1.828	6
1.829	7
1.829	7
1.83	4
1.831	5
1.831	4
1.831	4
1.831	6
1.832	3
1.832	4
1.832	4
1.832	3
1.833	7
1.833	4
1.834	3
1.834	6
1.834	5
1.835	4
1.835	1
1.835	6
1.836	6
1.836	6
1.837	4
1.838	5
1.838	5
1.84	7
1.84	6
1.841	5
1.841	7
1.842	5
1.843	5
1.844	6
1.845	6
1.846	5
1.846	7
1.848	9
1.848	6
1.849	3
1.85	7
1.85	7
1.85	5
1.854	6
1.855	4
1.855	8
1.855	6
1.855	4
1.857	5
1.858	4
1.859	7
1.859	4
1.859	4
1.859	6
1.862	4
1.865	5
1.869	8
1.87	5
1.87	7
1.873	7
1.873	5
1.876	4
1.877	5
1.879	3
1.881	3
1.881	3
1.881	4
1.885	7
1.887	7
1.889	7
1.892	3
1.903	5
1.904	6
1.91	7
1.914	6
1.917	5
1.919	7
1.936	7
1.937	4
1.938	4
1.938	4
1.938	6
1.939	4
1.939	4
1.939	3
1.94	4
1.941	3
1.941	6
1.941	5
1.942	4
1.942	1
1.942	6
1.943	6
1.943	6
1.944	4
1.945	5
1.945	5
1.947	7
1.947	6
1.948	5
1.948	7
1.949	5
1.951	7
1.952	6
1.952	4
1.953	5
1.953	7
1.953	4
1.953	3
1.953	6
1.954	4
1.954	4
1.954	3
1.955	9
1.955	6
1.955	4
1.956	3
1.956	3
1.956	6
1.956	5
1.957	7
1.957	5
1.957	4
1.957	1
1.957	6
1.958	6
1.958	6
1.959	4
1.96	5
1.96	5
1.962	4
1.962	8
1.962	6
1.962	4
1.962	7
1.962	6
1.963	5
1.963	7
1.964	5
1.965	4
1.966	4
1.966	4
1.966	6
1.967	6
1.968	5
1.968	7
1.969	4
1.97	9
1.97	6
1.971	3
1.972	5
1.972	7
1.972	5
1.976	8
1.977	5
1.977	7
1.977	4
1.977	8
1.977	6
1.977	4
1.98	7
1.98	5
1.98	4
1.981	4
1.981	4
1.981	6
1.983	3
1.984	5
1.984	4
1.986	3
1.987	5
1.988	3
1.988	3
1.988	4
1.991	8
1.992	7
1.992	5
1.992	7
1.994	7
1.995	7
1.995	5
1.996	7
1.998	3
1.999	3
1.999	5
2.001	3
2.003	3
2.003	3
2.003	4
2.007	7
2.009	7
2.01	5
2.011	6
2.011	7
2.014	3
2.017	7
2.021	6
2.024	5
2.025	5
2.026	7
2.026	6
2.032	7
2.036	6
2.039	5
2.041	7
2.044	7
2.045	4
2.046	4
2.046	3
2.046	6
2.047	4
2.047	4
2.047	3
2.048	4
2.049	3
2.049	6
2.049	5
2.05	4
2.05	1
2.05	6
2.051	6
2.051	6
2.052	4
2.053	5
2.053	5
2.055	7
2.055	6
2.056	5
2.056	7
2.057	5
2.058	7
2.059	4
2.06	6
2.06	4
2.06	3
2.06	6
2.061	5
2.061	7
2.061	4
2.061	4
2.061	3
2.062	4
2.063	9
2.063	6
2.063	3
2.063	6
2.063	5
2.064	3
2.064	4
2.064	1
2.064	6
2.065	7
2.065	5
2.065	6
2.065	6
2.066	3
2.067	5
2.067	5
2.069	7
2.069	6
2.07	4
2.07	8
2.07	6
2.07	4
2.07	5
2.07	7
2.071	5
2.073	4
2.074	4
2.074	4
2.074	6
2.074	6
2.075	5
2.075	7
2.077	4
2.077	9
2.077	6
2.078	3
2.079	7
2.079	5
2.08	5
2.084	8
2.084	4
2.084	8
2.084	6
2.084	4
2.085	5
2.085	7
2.087	4
2.088	7
2.088	5
2.088	4
2.088	4
2.088	6
2.091	3
2.091	4
2.092	4
2.094	3
2.094	5
2.096	3
2.096	3
2.096	4
2.096	7
2.097	4
2.098	8
2.098	4
2.098	3
2.098	6
2.099	5
2.099	7
2.099	4
2.099	4
2.099	3
2.1	7
2.1	4
2.101	3
2.101	6
2.101	5
2.102	7
2.102	7
2.102	5
2.102	4
2.102	1
2.102	6
2.103	6
2.103	6
2.104	7
2.104	3
2.105	3
2.105	5
2.105	5
2.106	4
2.107	3
2.107	7
2.107	6
2.108	3
2.108	5
2.108	7
2.109	5
2.11	3
2.11	3
2.11	4
2.112	6
2.113	5
2.113	7
2.114	7
2.115	9
2.115	6
2.116	7
2.116	3
2.117	7
2.117	5
2.118	5
2.118	7
2.119	6
2.121	3
2.122	4
2.122	8
2.122	6
2.122	4
2.125	7
2.125	4
2.126	4
2.126	4
2.126	6
2.129	6
2.129	4
2.132	5
2.132	5
2.132	5
2.133	6
2.134	7
2.136	8
2.137	5
2.137	7
2.139	7
2.14	7
2.14	5
2.141	7
2.142	4
2.143	6
2.143	3
2.143	4
2.143	3
2.143	6
2.144	4
2.144	4
2.144	4
2.144	3
2.145	4
2.146	5
2.146	3
2.146	3
2.146	6
2.146	5
2.147	4
2.147	1
2.147	6
2.148	7
2.148	3
2.148	3
2.148	4
2.148	6
2.148	6
2.149	3
2.15	5
2.15	5
2.152	7
2.152	7
2.152	6
2.153	5
2.153	7
2.154	7
2.154	5
2.156	7
2.157	6
2.158	5
2.158	7
2.159	3
2.16	9
2.16	6
2.161	3
2.162	7
2.162	5
2.167	3
2.167	8
2.167	6
2.167	4
2.17	5
2.17	4
2.171	6
2.171	4
2.171	4
2.171	6
2.174	4
2.177	7
2.177	5
2.181	6
2.181	8
2.182	5
2.182	7
2.184	5
2.185	7
2.185	5
2.186	6
2.188	3
2.189	4
2.191	3
2.193	3
2.193	3
2.193	4
2.197	7
2.199	7
2.201	7
2.204	3
2.215	5
2.216	6
2.222	7
2.226	6
2.229	5
2.231	6
2.287	7
2.288	4
2.289	4
2.289	3
2.289	6
2.29	4
2.29	4
2.29	3
2.291	4
2.292	3
2.292	6
2.292	5
2.293	4
2.293	2
2.293	6
2.294	6
2.294	6
2.295	3
2.296	5
2.296	5
2.298	7
2.298	6
2.299	5
2.299	7
2.3	5
2.303	6
2.304	5
2.304	7
2.306	9
2.306	6
2.307	3
2.308	7
2.308	5
2.313	3
2.313	8
2.313	6
2.313	4
2.316	4
2.317	4
2.317	4
2.317	6
2.32	4
2.323	5
2.327	8
2.328	5
2.328	7
2.331	7
2.331	5
2.334	3
2.335	4
2.337	3
2.339	3
2.339	3
2.339	4
2.343	7
2.345	7
2.347	7
2.35	3
2.361	5
2.362	6
2.368	7
2.368	7
2.369	4
2.37	4
2.37	3
2.37	6
2.371	4
2.371	4
2.371	3
2.372	6
2.372	4
2.373	3
2.373	6
2.373	5
2.374	4
2.374	3
2.374	6
2.375	5
2.375	6
2.375	6
2.376	3
2.377	6
2.377	5
2.377	5
2.379	7
2.379	6
2.38	5
2.38	7
2.381	5
2.384	6
2.385	5
2.385	7
2.387	9
2.387	6
2.388	3
2.389	7
2.389	5
2.394	3
2.394	8
2.394	6
2.394	4
2.397	4
2.398	4
2.398	4
2.398	6
2.401	4
2.404	5
2.408	8
2.409	5
2.409	7
2.412	7
2.412	5
2.415	3
2.416	4
2.418	3
2.42	3
2.42	3
2.42	4
2.424	7
2.426	7
2.428	7
2.431	3
2.442	5
2.443	6
2.449	7
2.453	6
2.456	5
2.458	6
2.51	7
2.511	4
2.512	4
2.512	3
2.512	6
2.513	4
2.513	4
2.513	3
2.514	4
2.515	3
2.515	6
2.515	5
2.516	4
2.516	3
2.516	6
2.517	6
2.517	6
2.518	3
2.519	5
2.519	5
2.521	7
2.521	6
2.522	5
2.522	7
2.523	5
2.525	7
2.526	6
2.526	4
2.527	5
2.527	7
2.527	4
2.527	3
2.527	6
2.528	4
2.528	4
2.528	3
2.529	9
2.529	6
2.529	4
2.53	3
2.53	3
2.53	6
2.53	5
2.531	7
2.531	5
2.531	4
2.531	3
2.531	6
2.532	6
2.532	6
2.533	3
2.534	5
2.534	5
2.536	3
2.536	8
2.536	6
2.536	4
2.536	7
2.536	6
2.536	7
2.537	5
2.537	7
2.537	4
2.538	5
2.538	4
2.538	3
2.538	6
2.539	4
2.539	4
2.539	4
2.539	3
2.54	4
2.54	4
2.54	6
2.54	4
2.541	6
2.541	3
2.541	6
2.541	5
2.542	5
2.542	7
2.542	4
2.542	3
2.542	6
2.543	4
2.543	6
2.543	6
2.544	9
2.544	6
2.544	3
2.545	3
2.545	5
2.545	5
2.546	5
2.546	7
2.546	5
2.547	7
2.547	6
2.548	5
2.548	7
2.549	5
2.55	8
2.551	5
2.551	7
2.551	3
2.551	8
2.551	6
2.551	4
2.552	6
2.553	5
2.553	7
2.554	7
2.554	4
2.554	4
2.555	4
2.555	4
2.555	6
2.555	9
2.555	6
2.556	3
2.557	3
2.557	6
2.557	5
2.558	4
2.558	4
2.56	3
2.561	5
2.562	3
2.562	3
2.562	4
2.562	3
2.562	8
2.562	6
2.562	4
2.565	8
2.565	4
2.566	7
2.566	5
2.566	7
2.566	4
2.566	4
2.566	6
2.568	7
2.569	7
2.569	4
2.569	4
2.57	7
2.572	3
2.572	5
2.573	3
2.573	4
2.575	3
2.576	8
2.577	3
2.577	3
2.577	3
2.577	5
2.577	7
2.58	7
2.58	4
2.581	7
2.583	7
2.583	3
2.584	5
2.584	4
2.585	6
2.585	7
2.586	3
2.588	3
2.588	3
2.588	3
2.588	3
2.591	7
2.592	7
2.594	7
2.595	6
2.596	7
2.598	5
2.599	5
2.599	3
2.6	6
2.6	6
2.606	7
2.61	6
2.61	5
2.611	6
2.613	5
2.615	6
2.617	7
2.621	6
2.624	5
2.626	6
2.664	7
2.665	4
2.666	4
2.666	3
2.666	6
2.667	4
2.667	4
2.667	3
2.668	4
2.669	3
2.669	6
2.669	5
2.67	4
2.67	3
2.67	6
2.671	6
2.671	6
2.672	3
2.673	5
2.673	5
2.675	7
2.675	6
2.676	5
2.676	7
2.677	5
2.68	6
2.681	5
2.681	7
2.683	9
2.683	6
2.684	3
2.685	6
2.685	5
2.69	3
2.69	8
2.69	6
2.69	4
2.692	7
2.693	4
2.693	4
2.694	3
2.694	4
2.694	6
2.694	4
2.694	3
2.694	6
2.695	4
2.695	4
2.695	3
2.696	4
2.697	4
2.697	3
2.697	6
2.697	5
2.698	4
2.698	3
2.698	6
2.699	6
2.699	6
2.7	5
2.7	3
2.701	5
2.701	5
2.703	7
2.703	6
2.704	8
2.704	5
2.704	7
2.705	5
2.705	7
2.705	5
2.708	7
2.708	4
2.708	6
2.709	5
2.709	7
2.711	3
2.711	9
2.711	6
2.712	4
2.712	3
2.713	6
2.713	5
2.714	3
2.716	3
2.716	3
2.716	3
2.718	3
2.718	8
2.718	5
2.718	4
2.72	7
2.721	4
2.722	7
2.722	3
2.722	4
2.722	6
2.724	7
2.725	4
2.727	3
2.728	5
2.732	8
2.733	5
2.733	7
2.736	7
2.736	4
2.738	5
2.739	6
2.739	3
2.74	4
2.742	3
2.744	3
2.744	3
2.744	3
2.745	7
2.748	7
2.749	6
2.75	7
2.752	5
2.752	7
2.754	6
2.755	3
2.766	5
2.766	7
2.767	6
2.767	4
2.768	4
2.768	3
2.768	6
2.769	4
2.769	4
2.769	3
2.77	4
2.771	3
2.771	6
2.771	5
2.772	4
2.772	3
2.772	6
2.773	7
2.773	6
2.773	6
2.774	3
2.775	5
2.775	5
2.777	6
2.777	7
2.777	5
2.778	5
2.778	7
2.779	5
2.78	5
2.782	6
2.782	6
2.783	5
2.783	7
2.785	9
2.785	6
2.786	3
2.787	6
2.787	5
2.792	3
2.792	8
2.792	5
2.792	4
2.795	4
2.796	3
2.796	4
2.796	6
2.799	4
2.802	5
2.806	8
2.807	5
2.807	7
2.81	7
2.81	4
2.813	3
2.814	4
2.816	3
2.818	3
2.818	3
2.818	3
2.822	7
2.824	7
2.826	7
2.829	3
2.84	5
2.841	6
2.847	7
2.851	6
2.854	5
2.856	6
2.876	7
2.877	4
2.878	4
2.878	3
2.878	6
2.879	4
2.879	3
2.879	3
2.88	4
2.881	3
2.881	6
2.881	5
2.882	4
2.882	3
2.882	6
2.882	7
2.883	6
2.883	6
2.883	4
2.884	3
2.884	4
2.884	3
2.884	6
2.885	5
2.885	5
2.885	4
2.885	3
2.885	3
2.886	4
2.887	7
2.887	5
2.887	3
2.887	5
2.887	5
2.888	5
2.888	7
2.888	4
2.888	3
2.888	6
2.889	5
2.889	6
2.889	6
2.89	3
2.891	5
2.891	5
2.892	6
2.893	5
2.893	7
2.893	7
2.893	5
2.894	5
2.894	7
2.895	9
2.895	6
2.895	5
2.896	3
2.897	6
2.897	5
2.898	6
2.899	5
2.899	7
2.901	9
2.901	6
2.902	3
2.902	8
2.902	5
2.902	4
2.902	3
2.903	6
2.903	5
2.905	4
2.906	3
2.906	4
2.906	6
2.908	3
2.908	8
2.908	5
2.908	4
2.909	4
2.911	4
2.912	5
2.912	3
2.912	4
2.912	6
2.915	4
2.916	8
2.917	5
2.917	7
2.918	5
2.92	7
2.92	4
2.922	8
2.923	3
2.923	5
2.923	7
2.924	4
2.926	3
2.926	7
2.926	4
2.928	3
2.928	3
2.928	3
2.929	3
2.93	4
2.932	7
2.932	3
2.934	7
2.934	3
2.934	3
2.934	3
2.936	7
2.938	7
2.939	3
2.94	7
2.942	7
2.945	3
2.95	5
2.951	6
2.956	5
2.957	7
2.957	6
2.961	6
2.963	7
2.964	5
2.966	6
2.967	6
2.97	5
2.972	6
3.142	7
3.143	4
3.144	4
3.144	3
3.144	6
3.145	4
3.145	3
3.145	3
3.146	3
3.147	3
3.147	5
3.147	5
3.148	4
3.148	3
3.148	6
3.149	6
3.149	6
3.15	3
3.151	5
3.151	5
3.153	7
3.153	5
3.154	5
3.154	7
3.155	5
3.158	6
3.159	5
3.159	7
3.161	9
3.161	6
3.162	3
3.163	6
3.163	5
3.168	3
3.168	8
3.168	5
3.168	4
3.171	4
3.172	3
3.172	4
3.172	6
3.175	4
3.178	5
3.182	8
3.183	5
3.183	7
3.186	7
3.186	4
3.189	3
3.19	4
3.192	3
3.194	3
3.194	3
3.194	3
3.198	7
3.2	7
3.202	7
3.205	3
3.216	5
3.217	6
3.223	7
3.227	6
3.23	5
3.232	6
3.387	7
3.388	4
3.389	4
3.389	3
3.389	6
3.39	4
3.39	3
3.39	3
3.391	3
3.392	3
3.392	5
3.392	5
3.393	4
3.393	3
3.393	6
3.394	6
3.394	6
3.395	3
3.396	5
3.396	5
3.398	7
3.398	4
3.399	5
3.399	7
3.4	5
3.403	6
3.404	5
3.404	7
3.406	9
3.406	6
3.407	3
3.408	6
3.408	5
3.413	3
3.413	8
3.413	5
3.413	4
3.416	4
3.417	3
3.417	4
3.417	6
3.42	4
3.423	5
3.427	8
3.428	5
3.428	7
3.431	7
3.431	4
3.434	3
3.435	4
3.437	3
3.439	3
3.439	3
3.439	3
3.443	7
3.445	7
3.447	7
3.449	7
3.45	3
3.45	4
3.451	4
3.451	3
3.451	6
3.452	4
3.452	3
3.452	3
3.453	3
3.454	3
3.454	5
3.454	5
3.455	3
3.455	3
3.455	6
3.456	6
3.456	6
3.457	3
3.458	5
3.458	5
3.46	7
3.46	4
3.461	5
3.461	5
3.461	7
3.462	6
3.462	5
3.465	6
3.466	5
3.466	7
3.468	7
3.468	9
3.468	6
3.469	3
3.47	6
3.47	5
3.472	6
3.475	5
3.475	3
3.475	8
3.475	5
3.475	4
3.477	6
3.478	4
3.479	3
3.479	4
3.479	6
3.482	4
3.485	5
3.489	8
3.49	5
3.49	7
3.493	7
3.493	4
3.496	3
3.497	4
3.499	3
3.501	3
3.501	3
3.501	3
3.505	7
3.507	7
3.509	7
3.512	3
3.523	5
3.524	6
3.53	7
3.534	6
3.537	5
3.539	6
3.547	7
3.548	4
3.549	4
3.549	3
3.549	6
3.55	4
3.55	3
3.55	3
3.551	3
3.552	3
3.552	5
3.552	5
3.553	3
3.553	3
3.553	6
3.554	6
3.554	6
3.555	3
3.556	5
3.556	5
3.558	7
3.558	4
3.559	5
3.559	7
3.56	5
3.563	6
3.564	5
3.564	7
3.566	8
3.566	6
3.567	3
3.568	6
3.568	5
3.573	3
3.573	8
3.573	5
3.573	4
3.576	4
3.577	3
3.577	4
3.577	6
3.58	4
3.583	5
3.587	8
3.588	5
3.588	7
3.591	7
3.591	4
3.594	3
3.595	4
3.597	3
3.599	3
3.599	3
3.599	3
3.603	7
3.605	7
3.607	7
3.61	3
3.621	5
3.622	6
3.628	7
3.632	6
3.635	5
3.637	6
3.727	7
3.728	4
3.729	4
3.729	3
3.729	6
3.73	4
3.73	3
3.73	3
3.731	3
3.732	3
3.732	5
3.732	5
3.733	3
3.733	3
3.733	5
3.734	6
3.734	6
3.735	3
3.736	5
3.736	5
3.737	7
3.738	7
3.738	4
3.738	4
3.739	5
3.739	7
3.739	4
3.739	3
3.739	6
3.74	5
3.74	4
3.74	3
3.74	3
3.741	3
3.742	3
3.742	5
3.742	5
3.743	6
3.743	3
3.743	3
3.743	5
3.744	5
3.744	7
3.744	5
3.744	6
3.745	3
3.746	8
3.746	6
3.746	5
3.746	5
3.747	3
3.748	6
3.748	5
3.748	7
3.748	4
3.749	5
3.749	7
3.75	5
3.753	3
3.753	8
3.753	5
3.753	4
3.753	6
3.754	5
3.754	7
3.756	4
3.756	8
3.756	6
3.757	3
3.757	4
3.757	6
3.757	3
3.758	6
3.758	5
3.76	4
3.763	5
3.763	3
3.763	8
3.763	5
3.763	4
3.766	4
3.767	8
3.767	3
3.767	4
3.767	6
3.768	5
3.768	7
3.77	4
3.771	7
3.771	4
3.773	5
3.774	3
3.775	4
3.777	3
3.777	8
3.778	5
3.778	7
3.779	3
3.779	3
3.779	3
3.781	7
3.781	4
3.783	7
3.784	3
3.785	7
3.785	4
3.787	7
3.787	3
3.789	3
3.789	3
3.789	3
3.79	3
3.793	7
3.795	7
3.797	7
3.797	7
3.798	4
3.799	4
3.799	3
3.799	6
3.8	3
3.8	4
3.8	3
3.8	3
3.801	5
3.801	3
3.802	6
3.802	3
3.802	5
3.802	5
3.803	3
3.803	3
3.803	5
3.804	5
3.804	6
3.805	3
3.806	5
3.806	5
3.808	7
3.808	7
3.808	4
3.809	5
3.809	6
3.81	5
3.811	5
3.812	6
3.812	6
3.813	6
3.814	5
3.814	7
3.815	5
3.816	8
3.816	6
3.817	6
3.817	3
3.818	7
3.818	6
3.818	5
3.822	6
3.823	3
3.823	8
3.823	5
3.823	4
3.825	5
3.826	4
3.827	6
3.827	3
3.827	4
3.827	6
3.83	4
3.833	5
3.837	8
3.838	5
3.838	7
3.841	7
3.841	4
3.844	3
3.845	4
3.847	3
3.848	7
3.849	3
3.849	3
3.849	3
3.849	4
3.85	4
3.85	3
3.85	6
3.851	4
3.851	3
3.851	3
3.852	3
3.853	7
3.853	3
3.853	5
3.853	5
3.854	3
3.854	3
3.854	5
3.855	7
3.855	5
3.855	6
3.856	3
3.857	7
3.857	5
3.857	5
3.859	7
3.859	4
3.86	3
3.86	5
3.86	6
3.861	5
3.864	6
3.865	5
3.865	7
3.867	7
3.867	6
3.868	3
3.869	6
3.869	5
3.871	5
3.872	6
3.874	3
3.874	8
3.874	5
3.874	4
3.877	4
3.878	7
3.878	3
3.878	4
3.878	6
3.881	4
3.882	6
3.884	5
3.885	5
3.887	6
3.888	8
3.889	5
3.889	7
3.892	7
3.892	4
3.895	3
3.896	4
3.898	3
3.9	3
3.9	3
3.9	3
3.904	7
3.906	7
3.908	7
3.911	3
3.922	5
3.923	6
3.929	7
3.933	6
3.936	5
3.938	6
3.961	7
3.962	4
3.963	4
3.963	3
3.963	6
3.964	4
3.964	3
3.964	3
3.965	3
3.966	3
3.966	5
3.966	5
3.967	3
3.967	3
3.967	5
3.968	5
3.968	5
3.969	3
3.97	5
3.97	5
3.972	7
3.972	4
3.973	5
3.973	6
3.974	5
3.977	6
3.978	5
3.978	7
3.98	7
3.98	6
3.981	3
3.982	6
3.982	5
3.987	3
3.987	8
3.987	5
3.987	4
3.99	4
3.991	3
3.991	4
3.991	6
3.991	7
3.992	4
3.993	4
3.993	3
3.993	6
3.994	4
3.994	4
3.994	3
3.994	3
3.995	3
3.996	3
3.996	5
3.996	5
3.997	5
3.997	3
3.997	3
3.997	5
3.998	5
3.998	5
3.999	3
4.0	5
4.0	5
4.001	8
4.002	5
4.002	7
4.002	7
4.002	4
4.003	5
4.003	6
4.004	5
4.005	7
4.005	4
4.007	6
4.008	3
4.008	5
4.008	7
4.009	4
4.01	7
4.01	6
4.011	3
4.011	3
4.012	6
4.012	4
4.013	3
4.013	3
4.013	3
4.017	7
4.017	3
4.017	8
4.017	5
4.017	4
4.019	7
4.02	4
4.021	7
4.021	3
4.021	4
4.021	6
4.024	3
4.024	4
4.027	5
4.031	8
4.032	5
4.032	7
4.035	5
4.035	7
4.035	4
4.036	6
4.038	3
4.039	4
4.041	3
4.042	7
4.043	3
4.043	3
4.043	3
4.046	6
4.047	7
4.049	5
4.049	7
4.051	6
4.051	7
4.054	3
4.065	5
4.066	6
4.072	7
4.076	6
4.079	5
4.081	6
4.155	7
4.156	4
4.157	4
4.157	3
4.157	6
4.158	4
4.158	3
4.158	3
4.159	3
4.16	3
4.16	5
4.16	4
4.161	3
4.161	3
4.161	5
4.162	5
4.162	5
4.163	3
4.164	5
4.164	5
4.166	7
4.166	4
4.167	5
4.167	6
4.168	5
4.171	6
4.172	5
4.172	7
4.174	7
4.174	6
4.175	3
4.176	6
4.176	4
4.181	3
4.181	8
4.181	5
4.181	4
4.184	4
4.185	3
4.185	4
4.185	6
4.188	4
4.191	5
4.195	8
4.196	5
4.196	7
4.199	7
4.199	4
4.202	3
4.203	4
4.205	3
4.207	3
4.207	3
4.207	3
4.211	7
4.213	7
4.215	7
4.215	7
4.216	4
4.217	4
4.217	3
4.217	6
4.218	3
4.218	4
4.218	3
4.218	3
4.219	3
4.22	3
4.22	5
4.22	4
4.221	3
4.221	3
4.221	5
4.222	5
4.222	5
4.223	3
4.224	5
4.224	5
4.226	7
4.226	4
4.227	5
4.227	6
4.228	5
4.229	5
4.229	7
4.23	6
4.23	4
4.231	6
4.231	4
4.231	3
4.231	6
4.232	4
4.232	7
4.232	4
4.232	3
4.232	3
4.233	3
4.234	7
4.234	6
4.234	3
4.234	5
4.234	4
4.235	3
4.235	3
4.235	3
4.235	5
4.236	7
4.236	6
4.236	4
4.236	5
4.236	5
4.237	3
4.238	5
4.238	5
4.24	6
4.24	7
4.24	4
4.241	3
4.241	8
4.241	5
4.241	4
4.241	5
4.241	6
4.242	5
4.243	5
4.244	4
4.245	6
4.245	3
4.245	4
4.245	6
4.245	6
4.246	4
4.246	7
4.248	4
4.248	7
4.248	6
4.249	3
4.25	6
4.25	4
4.251	5
4.255	8
4.255	3
4.255	8
4.255	5
4.255	4
4.256	5
4.256	7
4.256	7
4.257	4
4.258	4
4.258	4
4.258	3
4.258	6
4.259	7
4.259	4
4.259	3
4.259	4
4.259	6
4.259	4
4.259	3
4.259	3
4.26	3
4.261	3
4.261	5
4.261	4
4.262	3
4.262	4
4.262	3
4.262	3
4.262	5
4.263	4
4.263	5
4.263	5
4.264	3
4.265	3
4.265	5
4.265	5
4.265	5
4.267	3
4.267	3
4.267	3
4.267	7
4.267	4
4.268	5
4.268	6
4.269	7
4.269	5
4.27	5
4.27	7
4.271	7
4.272	6
4.273	7
4.273	7
4.273	4
4.273	4
4.273	7
4.275	7
4.275	7
4.275	6
4.276	3
4.276	3
4.277	4
4.277	6
4.277	4
4.278	3
4.279	3
4.281	3
4.281	3
4.281	3
4.282	3
4.282	8
4.282	5
4.282	4
4.285	7
4.285	4
4.286	3
4.286	4
4.286	6
4.287	7
4.289	5
4.289	7
4.289	4
4.29	6
4.292	3
4.292	5
4.296	7
4.296	7
4.297	5
4.297	7
4.3	6
4.3	7
4.3	4
4.303	5
4.303	5
4.303	3
4.304	6
4.304	3
4.305	6
4.306	3
4.307	7
4.308	3
4.308	3
4.308	3
4.308	4
4.309	4
4.309	3
4.309	6
4.31	7
4.31	4
4.31	3
4.31	3
4.311	3
4.312	7
4.312	3
4.312	5
4.312	4
4.313	3
4.313	3
4.313	5
4.314	6
4.314	7
4.314	5
4.314	5
4.315	3
4.316	7
4.316	5
4.316	5
4.317	5
4.318	7
4.318	4
4.319	6
4.319	3
4.319	5
4.319	6
4.32	5
4.323	6
4.324	4
4.324	7
4.326	7
4.326	6
4.327	3
4.328	6
4.328	4
4.33	5
4.331	6
4.333	3
4.333	8
4.333	5
4.333	4
4.336	4
4.337	7
4.337	3
4.337	4
4.337	6
4.34	4
4.341	6
4.343	5
4.344	5
4.345	7
4.346	6
4.346	4
4.347	7
4.347	4
4.347	3
4.347	6
4.348	5
4.348	7
4.348	4
4.348	3
4.348	3
4.349	3
4.35	3
4.35	5
4.35	4
4.351	7
4.351	4
4.351	3
4.351	3
4.351	5
4.352	5
4.352	5
4.353	3
4.354	3
4.354	5
4.354	5
4.355	3
4.356	7
4.356	4
4.357	3
4.357	5
4.357	6
4.358	5
4.359	3
4.359	3
4.359	3
4.361	6
4.362	4
4.362	7
4.363	6
4.364	7
4.364	6
4.365	7
4.365	3
4.366	6
4.366	4
4.367	7
4.37	3
4.371	3
4.371	8
4.371	5
4.371	4
4.374	4
4.375	3
4.375	4
4.375	6
4.378	4
4.381	5
4.381	5
4.382	6
4.385	7
4.386	5
4.386	7
4.388	7
4.389	7
4.389	4
4.391	7
4.392	6
4.392	3
4.392	4
4.393	3
4.393	4
4.393	3
4.393	6
4.394	4
4.394	3
4.394	3
4.395	5
4.395	3
4.395	3
4.396	3
4.396	5
4.396	4
4.397	6
4.397	3
4.397	3
4.397	3
4.397	3
4.397	3
4.397	5
4.398	5
4.398	5
4.399	3
4.4	5
4.4	5
4.401	6
4.402	7
4.402	4
4.403	7
4.403	5
4.403	6
4.404	5
4.405	7
4.407	6
4.408	3
4.408	4
4.408	7
4.41	7
4.41	6
4.411	3
4.412	6
4.412	4
4.417	3
4.417	8
4.417	5
4.417	4
4.419	5
4.42	5
4.42	4
4.421	3
4.421	4
4.421	6
4.421	7
4.422	4
4.423	4
4.423	3
4.423	6
4.424	4
4.424	4
4.424	3
4.424	3
4.425	3
4.426	7
4.426	3
4.426	5
4.426	4
4.427	5
4.427	3
4.427	3
4.427	5
4.428	5
4.428	5
4.429	3
4.43	6
4.43	5
4.43	5
4.431	7
4.432	5
4.432	6
4.432	7
4.432	4
4.433	5
4.433	5
4.433	6
4.434	5
4.435	6
4.435	7
4.435	4
4.437	6
4.438	3
4.438	4
4.438	7
4.439	3
4.44	7
4.44	6
4.441	3
4.441	3
4.442	6
4.442	4
4.443	3
4.443	3
4.443	3
4.447	6
4.447	3
4.447	8
4.447	5
4.447	4
4.449	7
4.45	4
4.451	7
4.451	3
4.451	4
4.451	6
4.454	3
4.454	4
4.457	5
4.461	7
4.462	5
4.462	6
4.465	5
4.465	6
4.465	4
4.466	5
4.468	3
4.469	3
4.471	3
4.472	7
4.473	3
4.473	3
4.473	3
4.476	6
4.477	6
4.479	5
4.479	7
4.481	6
4.481	7
4.484	3
4.495	5
4.495	7
4.496	5
4.496	4
4.497	4
4.497	3
4.497	6
4.498	4
4.498	3
4.498	3
4.499	3
4.5	3
4.5	5
4.5	4
4.501	3
4.501	3
4.501	5
4.502	7
4.502	5
4.502	5
4.503	3
4.504	5
4.504	5
4.506	6
4.506	7
4.506	4
4.507	5
4.507	6
4.508	5
4.509	5
4.51	7
4.511	6
4.511	6
4.511	4
4.512	4
4.512	7
4.512	4
4.512	3
4.512	6
4.513	4
4.513	3
4.513	3
4.514	6
4.514	6
4.514	3
4.515	3
4.515	3
4.515	5
4.515	4
4.516	6
4.516	4
4.516	3
4.516	3
4.516	5
4.517	5
4.517	5
4.518	3
4.519	5
4.519	5
4.521	3
4.521	8
4.521	5
4.521	4
4.521	7
4.521	4
4.522	5
4.522	6
4.523	5
4.524	4
4.525	3
4.525	4
4.525	6
4.526	6
4.527	4
4.527	7
4.528	4
4.529	6
4.529	6
4.53	3
4.531	5
4.531	6
4.531	4
4.532	7
4.533	4
4.534	4
4.534	3
4.534	5
4.534	7
4.535	7
4.535	4
4.535	3
4.535	3
4.535	4
4.536	5
4.536	6
4.536	3
4.536	8
4.536	5
4.536	4
4.536	3
4.536	4
4.536	3
4.536	5
4.537	3
4.537	5
4.537	4
4.537	4
4.537	3
4.537	3
4.538	3
4.538	3
4.538	5
4.538	3
4.539	6
4.539	4
4.539	4
4.539	5
4.539	5
4.539	3
4.539	5
4.539	4
4.54	3
4.54	3
4.54	6
4.54	3
4.54	3
4.54	3
4.54	5
4.541	5
4.541	5
4.541	5
4.541	5
4.542	3
4.542	3
4.543	3
4.543	4
4.543	7
4.543	4
4.543	5
4.543	5
4.544	5
4.544	6
4.545	3
4.545	5
4.545	7
4.545	4
4.546	5
4.546	5
4.546	6
4.547	3
4.547	3
4.547	3
4.547	5
4.548	6
4.549	4
4.549	7
4.55	7
4.55	6
4.551	6
4.551	5
4.551	6
4.551	6
4.551	6
4.551	4
4.551	7
4.552	3
4.553	7
4.553	6
4.553	4
4.553	6
4.553	6
4.554	6
4.554	4
4.554	3
4.555	7
4.555	6
4.555	4
4.557	3
4.558	3
4.558	3
4.558	3
4.558	8
4.558	5
4.558	4
4.56	3
4.56	3
4.56	8
4.56	5
4.56	4
4.561	4
4.562	3
4.562	3
4.562	3
4.562	3
4.562	3
4.562	6
4.563	4
4.564	3
4.564	3
4.564	6
4.565	4
4.566	6
4.567	4
4.568	7
4.568	5
4.569	5
4.57	5
4.57	7
4.57	4
4.572	7
4.573	3
4.573	5
4.573	6
4.574	7
4.575	5
4.575	6
4.576	7
4.576	6
4.576	4
4.578	6
4.578	4
4.578	7
4.579	3
4.579	4
4.58	6
4.58	3
4.58	4
4.58	3
4.58	5
4.581	3
4.581	4
4.581	3
4.581	3
4.582	3
4.582	3
4.582	3
4.583	5
4.583	3
4.583	5
4.583	4
4.584	5
4.584	3
4.584	3
4.584	3
4.584	3
4.584	3
4.584	3
4.584	5
4.585	6
4.585	5
4.585	5
4.585	5
4.586	3
4.586	3
4.586	3
4.586	3
4.587	5
4.587	5
4.588	6
4.589	7
4.589	4
4.59	7
4.59	6
4.59	5
4.59	6
4.591	7
4.591	5
4.592	7
4.592	7
4.594	7
4.594	6
4.595	6
4.595	3
4.595	4
4.595	7
4.597	3
4.597	6
4.597	6
4.598	5
4.598	3
4.599	6
4.599	4
4.6	6
4.604	3
4.604	8
4.604	5
4.604	4
4.606	5
4.607	5
4.607	4
4.608	5
4.608	3
4.608	3
4.608	6
4.609	5
4.611	4
4.613	7
4.614	4
4.615	7
4.617	6
4.618	7
4.619	6
4.619	5
4.619	6
4.62	5
4.622	6
4.622	5
4.622	6
4.622	4
4.622	7
4.623	4
4.624	6
4.624	4
4.624	3
4.624	5
4.625	3
4.625	4
4.625	3
4.625	3
4.626	3
4.626	3
4.627	3
4.627	5
4.627	4
4.628	3
4.628	3
4.628	3
4.628	5
4.629	5
4.629	5
4.63	3
4.63	3
4.63	3
4.63	3
4.631	5
4.631	5
4.633	7
4.633	4
4.634	6
4.634	5
4.634	6
4.635	5
4.636	7
4.638	7
4.638	6
4.639	4
4.639	7
4.641	3
4.641	6
4.641	5
4.642	3
4.643	6
4.643	4
4.648	3
4.648	8
4.648	5
4.648	4
4.651	4
4.652	5
4.652	3
4.652	3
4.652	6
4.653	4
4.655	4
4.658	4
4.659	7
4.662	7
4.663	6
4.663	5
4.663	6
4.663	7
4.664	4
4.665	4
4.665	3
4.665	5
4.666	5
4.666	6
4.666	4
4.666	4
4.666	3
4.666	3
4.667	3
4.668	6
4.668	3
4.668	5
4.668	4
4.669	3
4.669	3
4.669	3
4.669	5
4.669	7
4.67	3
4.67	5
4.67	5
4.67	4
4.671	3
4.671	4
4.671	3
4.671	5
4.672	3
4.672	5
4.672	5
4.672	4
4.672	3
4.672	3
4.673	3
4.674	3
4.674	3
4.674	3
4.674	7
4.674	4
4.674	3
4.674	5
4.674	4
4.675	5
4.675	6
4.675	3
4.675	3
4.675	4
4.676	5
4.676	5
4.676	5
4.677	3
4.678	6
4.678	5
4.678	5
4.679	6
4.68	7
4.68	4
4.68	7
4.68	7
4.68	4
4.681	5
4.681	6
4.682	7
4.682	6
4.682	5
4.682	5
4.683	3
4.684	6
4.684	4
4.685	3
4.685	6
4.686	4
4.686	7
4.688	6
4.688	5
4.689	3
4.689	8
4.689	5
4.689	4
4.689	3
4.69	6
4.69	4
4.692	4
4.693	3
4.693	3
4.693	6
4.695	3
4.695	8
4.695	5
4.695	4
4.696	5
4.696	4
4.697	4
4.698	4
4.699	4
4.699	3
4.699	3
4.699	6
4.702	4
4.703	7
4.703	7
4.704	5
4.704	6
4.705	4
4.707	6
4.707	6
4.707	4
4.709	7
4.71	5
4.71	3
4.71	5
4.71	6
4.711	3
4.712	6
4.713	3
4.713	6
4.713	4
4.715	3
4.715	3
4.715	3
4.716	3
4.717	3
4.719	6
4.719	3
4.719	7
4.72	4
4.721	7
4.721	3
4.721	3
4.721	3
4.721	4
4.721	3
4.721	5
4.722	4
4.722	3
4.722	3
4.723	7
4.723	3
4.724	3
4.724	5
4.724	4
4.725	6
4.725	3
4.725	3
4.725	4
4.726	3
4.726	5
4.726	5
4.727	7
4.727	3
4.728	5
4.728	5
4.729	7
4.73	7
4.73	4
4.731	5
4.731	6
4.732	3
4.732	5
4.735	6
4.736	4
4.736	7
4.737	4
4.738	4
4.738	6
4.738	5
4.739	3
4.74	6
4.74	4
4.743	4
4.744	7
4.744	4
4.745	3
4.745	7
4.745	5
4.745	4
4.748	6
4.748	4
4.749	3
4.749	3
4.749	6
4.75	7
4.751	5
4.752	4
4.753	6
4.754	6
4.755	4
4.757	5
4.759	6
4.759	7
4.76	5
4.76	6
4.763	6
4.763	4
4.766	3
4.767	3
4.769	3
4.771	3
4.771	3
4.771	3
4.775	6
4.777	7
4.779	7
4.782	3
4.793	4
4.794	4
4.8	7
4.804	6
4.806	7
4.807	5
4.807	4
4.808	4
4.808	3
4.808	5
4.809	6
4.809	4
4.809	3
4.809	3
4.81	3
4.811	3
4.811	5
4.811	4
4.812	3
4.812	3
4.812	4
4.813	5
4.813	5
4.814	3
4.815	5
4.815	5
4.817	7
4.817	4
4.818	5
4.818	6
4.819	5
4.822	6
4.823	4
4.823	7
4.825	6
4.825	5
4.826	3
4.827	6
4.827	4
4.832	3
4.832	7
4.832	5
4.832	4
4.832	7
4.833	4
4.834	4
4.834	3
4.834	5
4.835	4
4.835	4
4.835	3
4.835	3
4.836	3
4.836	3
4.836	6
4.836	3
4.837	3
4.837	5
4.837	4
4.838	3
4.838	3
4.838	4
4.839	4
4.839	5
4.839	5
4.84	3
4.841	5
4.841	5
4.842	4
4.843	7
4.843	4
4.844	5
4.844	6
4.845	5
4.846	7
4.847	5
4.847	6
4.848	6
4.848	7
4.849	4
4.849	7
4.849	4
4.85	5
4.85	4
4.85	4
4.85	3
4.85	5
4.851	6
4.851	5
4.851	4
4.851	3
4.851	3
4.852	3
4.852	3
4.853	3
4.853	6
4.853	4
4.853	3
4.853	5
4.853	4
4.854	3
4.854	3
4.854	3
4.854	4
4.855	5
4.855	5
4.856	3
4.856	3
4.857	5
4.857	5
4.858	3
4.858	3
4.858	3
4.858	3
4.858	7
4.858	5
4.858	4
4.859	7
4.859	4
4.86	5
4.86	6
4.861	4
4.861	4
4.862	6
4.862	3
4.862	3
4.862	6
4.864	7
4.864	6
4.865	4
4.865	4
4.865	7
4.866	7
4.867	6
4.867	5
4.868	4
4.868	3
4.869	3
4.869	6
4.869	4
4.872	7
4.873	5
4.873	5
4.874	3
4.874	7
4.874	5
4.874	4
4.876	5
4.876	4
4.877	4
4.878	3
4.878	3
4.878	6
4.879	3
4.88	4
4.88	3
4.881	4
4.881	4
4.882	3
4.884	3
4.884	3
4.884	3
4.884	4
4.887	7
4.888	6
4.888	7
4.889	5
4.889	5
4.89	7
4.891	6
4.892	7
4.892	5
4.892	4
4.894	5
4.895	3
4.895	3
4.896	6
4.896	3
4.898	3
4.9	3
4.9	3
4.9	3
4.904	6
4.906	4
4.906	7
4.907	4
4.908	7
4.908	7
4.909	4
4.91	4
4.91	3
4.91	5
4.911	3
4.911	4
4.911	3
4.911	3
4.912	3
4.913	7
4.913	3
4.913	5
4.913	4
4.914	3
4.914	3
4.914	4
4.915	5
4.915	5
4.916	3
4.917	6
4.917	5
4.917	5
4.919	7
4.919	4
4.919	7
4.92	5
4.92	5
4.92	6
4.92	4
4.921	4
4.921	4
4.921	3
4.921	5
4.922	6
4.922	4
4.922	4
4.922	3
4.922	3
4.923	4
4.923	3
4.924	6
4.924	3
4.924	5
4.924	4
4.925	3
4.925	7
4.925	3
4.925	3
4.925	4
4.926	5
4.926	5
4.927	6
4.927	5
4.927	3
4.928	3
4.928	5
4.928	5
4.929	7
4.929	6
4.929	4
4.93	7
4.93	4
4.931	5
4.931	6
4.932	4
4.933	6
4.934	3
4.934	7
4.934	5
4.934	4
4.935	6
4.936	5
4.936	3
4.936	7
4.937	4
4.938	6
4.938	3
4.938	3
4.938	6
4.938	6
4.938	5
4.939	3
4.94	6
4.94	4
4.941	4
4.944	4
4.945	3
4.945	7
4.945	5
4.945	4
4.948	7
4.948	4
4.949	5
4.949	5
4.949	3
4.949	3
4.949	5
4.952	5
4.952	4
4.952	4
4.955	3
4.955	4
4.956	3
4.958	3
4.959	7
4.96	3
4.96	3
4.96	3
4.96	5
4.96	5
4.963	5
4.963	4
4.964	6
4.966	7
4.966	3
4.967	3
4.968	7
4.969	3
4.971	3
4.971	3
4.971	3
4.971	3
4.975	6
4.977	7
4.979	7
4.982	4
4.982	3
4.983	4
4.989	7
4.993	6
4.993	4
4.994	4
4.996	5
4.998	6
5.0	7
5.004	6
5.007	5
5.009	6
5.118	7
5.119	4
5.12	3
5.12	3
5.12	5
5.121	4
5.121	3
5.121	3
5.122	3
5.123	3
5.123	5
5.123	4
5.124	3
5.124	3
5.124	4
5.125	5
5.125	5
5.126	3
5.127	5
5.127	5
5.129	7
5.129	4
5.13	5
5.13	6
5.131	4
5.132	7
5.133	4
5.134	6
5.134	3
5.134	3
5.134	5
5.135	3
5.135	7
5.135	4
5.135	3
5.135	3
5.136	3
5.137	6
5.137	5
5.137	3
5.137	5
5.137	4
5.138	3
5.138	3
5.138	3
5.138	4
5.139	6
5.139	4
5.139	5
5.139	5
5.14	3
5.141	5
5.141	5
5.143	7
5.143	4
5.144	3
5.144	7
5.144	5
5.144	4
5.144	5
5.144	6
5.145	4
5.147	4
5.148	3
5.148	3
5.148	5
5.148	6
5.149	3
5.149	7
5.151	4
5.151	6
5.151	5
5.152	3
5.153	6
5.153	4
5.154	4
5.158	7
5.158	3
5.158	7
5.158	5
5.158	4
5.159	5
5.159	5
5.161	4
5.162	5
5.162	4
5.162	3
5.162	3
5.162	5
5.165	3
5.165	4
5.166	3
5.168	3
5.168	4
5.17	3
5.17	3
5.17	3
5.172	7
5.173	5
5.173	5
5.174	6
5.176	7
5.176	5
5.176	4
5.178	7
5.179	3
5.18	3
5.181	3
5.182	3
5.184	3
5.184	3
5.184	3
5.188	6
5.19	7
5.192	4
5.192	7
5.193	4
5.195	3
5.199	7
5.203	6
5.206	5
5.206	4
5.207	3
5.208	6
5.213	7
5.217	6
5.22	5
5.222	6
5.247	7
5.248	4
5.249	3
5.249	3
5.249	5
5.25	4
5.25	3
5.25	3
5.251	3
5.252	3
5.252	5
5.252	4
5.253	3
5.253	3
5.253	4
5.254	5
5.254	5
5.255	3
5.256	5
5.256	5
5.258	7
5.258	4
5.259	5
5.259	6
5.26	4
5.263	6
5.264	3
5.264	7
5.266	6
5.266	5
5.267	3
5.268	6
5.268	4
5.273	3
5.273	7
5.273	5
5.273	4
5.276	4
5.277	3
5.277	3
5.277	5
5.28	4
5.282	7
5.283	4
5.283	4
5.284	3
5.284	3
5.284	5
5.285	4
5.285	3
5.285	3
5.286	3
5.287	7
5.287	3
5.287	5
5.287	4
5.288	5
5.288	5
5.288	3
5.288	3
5.288	4
5.289	5
5.289	5
5.29	3
5.291	5
5.291	4
5.291	5
5.291	5
5.293	7
5.293	4
5.294	3
5.294	5
5.294	6
5.295	3
5.295	4
5.297	3
5.298	6
5.299	3
5.299	3
5.299	3
5.299	3
5.299	7
5.301	6
5.301	5
5.302	3
5.303	6
5.303	6
5.303	4
5.305	6
5.307	7
5.308	3
5.308	7
5.308	5
5.308	4
5.31	3
5.311	4
5.312	3
5.312	3
5.312	5
5.315	4
5.318	4
5.321	4
5.322	3
5.322	7
5.323	5
5.323	4
5.326	5
5.326	4
5.328	7
5.329	3
5.33	3
5.332	6
5.332	3
5.334	3
5.334	3
5.334	3
5.335	5
5.337	6
5.338	6
5.34	6
5.342	7
5.345	3
5.356	4
5.357	3
5.363	7
5.367	6
5.37	5
5.372	6
5.512	7
5.513	4
5.514	3
5.514	3
5.514	5
5.515	4
5.515	3
5.515	3
5.516	3
5.517	3
5.517	5
5.517	4
5.518	3
5.518	3
5.518	4
5.519	5
5.519	5
5.52	3
5.521	5
5.521	5
5.523	7
5.523	4
5.524	5
5.524	6
5.525	4
5.528	6
5.529	3
5.529	7
5.531	6
5.531	5
5.532	3
5.533	6
5.533	4
5.538	3
5.538	7
5.538	5
5.538	4
5.541	4
5.542	3
5.542	3
5.542	5
5.545	4
5.548	4
5.552	7
5.553	5
5.553	4
5.556	5
5.556	4
5.559	3
5.56	3
5.562	3
5.564	3
5.564	3
5.564	3
5.568	6
5.57	6
5.572	7
5.575	3
5.586	4
5.587	3
5.593	7
5.597	5
5.6	5
5.602	6
5.702	7
5.703	4
5.704	3
5.704	3
5.704	5
5.705	4
5.705	3
5.705	3
5.706	3
5.707	3
5.707	5
5.707	4
5.708	3
5.708	3
5.708	4
5.709	5
5.709	5
5.71	3
5.711	5
5.711	4
5.713	7
5.713	4
5.714	5
5.714	6
5.715	4
5.718	6
5.719	3
5.719	7
5.721	6
5.721	5
5.722	3
5.723	6
5.723	4
5.728	3
5.728	7
5.728	5
5.728	4
5.729	7
5.73	4
5.731	4
5.731	3
5.731	3
5.731	5
5.732	3
5.732	3
5.732	5
5.732	4
5.732	3
5.732	3
5.733	3
5.734	3
5.734	5
5.734	4
5.735	4
5.735	3
5.735	3
5.735	4
5.736	5
5.736	5
5.737	3
5.738	4
5.738	5
5.738	4
5.74	7
5.74	4
5.741	5
5.741	6
5.742	7
5.742	4
5.743	5
5.743	4
5.745	6
5.746	5
5.746	4
5.746	3
5.746	7
5.748	6
5.748	5
5.749	3
5.749	3
5.75	3
5.75	6
5.75	4
5.752	3
5.754	3
5.754	3
5.754	3
5.755	3
5.755	7
5.755	5
5.755	4
5.758	6
5.758	4
5.759	3
5.759	3
5.759	5
5.76	6
5.762	7
5.762	4
5.765	3
5.765	4
5.769	7
5.77	5
5.77	4
5.773	5
5.773	4
5.776	4
5.776	3
5.777	3
5.777	3
5.779	3
5.781	3
5.781	3
5.781	3
5.783	7
5.785	6
5.787	5
5.787	5
5.789	7
5.789	6
5.79	5
5.79	4
5.791	3
5.791	3
5.791	5
5.792	6
5.792	3
5.792	4
5.792	3
5.792	3
5.793	3
5.794	3
5.794	5
5.794	4
5.795	3
5.795	3
5.795	4
5.796	5
5.796	5
5.797	3
5.798	5
5.798	4
5.8	7
5.8	4
5.801	5
5.801	6
5.802	4
5.803	4
5.804	3
5.805	6
5.806	3
5.806	7
5.808	6
5.808	5
5.809	3
5.81	7
5.81	6
5.81	4
5.813	6
5.814	5
5.814	4
5.815	3
5.815	7
5.815	5
5.815	4
5.815	3
5.815	3
5.815	5
5.816	4
5.816	3
5.816	3
5.817	5
5.817	3
5.818	4
5.818	3
5.818	5
5.818	4
5.819	6
5.819	3
5.819	3
5.819	5
5.819	3
5.819	3
5.819	4
5.82	5
5.82	5
5.821	3
5.822	4
5.822	5
5.822	4
5.824	7
5.824	4
5.825	4
5.825	5
5.825	6
5.826	4
5.829	7
5.829	6
5.83	5
5.83	4
5.83	3
5.83	7
5.832	6
5.832	5
5.833	5
5.833	4
5.833	3
5.834	6
5.834	4
5.836	3
5.837	3
5.839	3
5.839	3
5.839	7
5.839	5
5.839	4
5.841	3
5.841	3
5.841	3
5.842	4
5.843	3
5.843	3
5.843	5
5.845	6
5.846	4
5.847	5
5.849	7
5.849	4
5.852	3
5.853	7
5.854	5
5.854	4
5.857	5
5.857	4
5.86	3
5.861	3
5.863	4
5.863	3
5.864	3
5.865	3
5.865	3
5.865	3
5.869	6
5.87	7
5.871	4
5.873	7
5.874	5
5.876	3
5.877	5
5.879	6
5.887	4
5.888	3
5.89	6
5.891	4
5.892	3
5.892	3
5.892	5
5.893	4
5.893	3
5.893	3
5.894	7
5.894	3
5.895	3
5.895	5
5.895	4
5.896	3
5.896	3
5.896	4
5.897	5
5.897	5
5.898	5
5.898	3
5.899	5
5.899	4
5.901	5
5.901	7
5.901	4
5.902	5
5.902	6
5.903	6
5.903	4
5.906	6
5.907	3
5.907	7
5.909	6
5.909	5
5.91	3
5.911	6
5.911	4
5.916	3
5.916	7
5.916	5
5.916	4
5.919	4
5.92	3
5.92	3
5.92	5
5.923	4
5.926	4
5.93	7
5.931	5
5.931	4
5.934	5
5.934	4
5.937	3
5.938	3
5.94	3
5.942	3
5.942	3
5.942	3
5.946	6
5.948	4
5.95	7
5.953	3
5.964	4
5.965	3
5.971	6
5.975	5
5.978	5
5.98	6
6.109	6
6.11	4
6.111	3
6.111	3
6.111	5
6.112	4
6.112	3
6.112	3
6.113	3
6.114	3
6.114	5
6.114	3
6.115	3
6.115	3
6.115	4
6.116	5
6.116	5
6.117	3
6.118	5
6.118	4
6.12	7
6.12	4
6.121	5
6.121	6
6.122	4
6.125	6
6.126	3
6.126	7
6.128	6
6.128	5
6.129	3
6.13	6
6.13	4
6.135	3
6.135	7
6.135	5
6.135	4
6.138	4
6.139	3
6.139	3
6.139	5
6.142	4
6.145	4
6.149	7
6.15	5
6.15	4
6.153	5
6.153	4
6.156	3
6.156	6
6.157	3
6.157	4
6.158	3
6.158	3
6.158	5
6.159	3
6.159	4
6.159	3
6.159	3
6.16	3
6.161	3
6.161	3
6.161	3
6.161	3
6.161	5
6.161	3
6.162	3
6.162	3
6.162	4
6.163	5
6.163	5
6.164	3
6.165	6
6.165	5
6.165	4
6.167	4
6.167	6
6.167	4
6.167	6
6.168	5
6.168	6
6.168	4
6.169	7
6.169	4
6.169	3
6.169	3
6.169	5
6.17	4
6.17	3
6.17	3
6.171	3
6.172	3
6.172	6
6.172	3
6.172	5
6.172	3
6.173	3
6.173	7
6.173	3
6.173	3
6.173	4
6.174	5
6.174	5
6.175	6
6.175	5
6.175	3
6.176	3
6.176	5
6.176	4
6.177	6
6.177	4
6.178	6
6.178	4
6.179	5
6.179	6
6.18	4
6.182	3
6.182	7
6.182	5
6.182	4
6.183	4
6.183	6
6.184	3
6.184	3
6.184	7
6.185	4
6.186	3
6.186	3
6.186	5
6.186	6
6.186	5
6.187	3
6.188	6
6.188	4
6.189	4
6.19	6
6.192	4
6.193	3
6.193	7
6.193	5
6.193	4
6.194	5
6.196	7
6.196	4
6.197	5
6.197	5
6.197	4
6.197	3
6.197	3
6.197	5
6.199	6
6.2	5
6.2	4
6.2	4
6.203	3
6.203	4
6.204	3
6.206	3
6.207	7
6.208	3
6.208	3
6.208	3
6.208	5
6.208	4
6.211	5
6.211	4
6.212	6
6.214	4
6.214	3
6.215	3
6.216	7
6.217	3
6.219	3
6.219	3
6.219	3
6.219	3
6.223	5
6.224	6
6.225	4
6.225	4
6.226	3
6.226	3
6.226	5
6.227	7
6.227	4
6.227	3
6.227	3
6.228	3
6.229	3
6.229	5
6.229	3
6.23	4
6.23	3
6.23	3
6.23	3
6.23	4
6.231	3
6.231	5
6.231	5
6.232	3
6.233	5
6.233	3
6.235	6
6.235	4
6.236	5
6.236	6
6.237	6
6.237	4
6.24	6
6.241	5
6.241	4
6.241	3
6.241	7
6.242	3
6.243	6
6.243	5
6.244	5
6.244	3
6.245	6
6.245	4
6.246	6
6.248	6
6.25	3
6.25	7
6.25	5
6.25	4
6.252	5
6.253	4
6.254	3
6.254	3
6.254	5
6.255	5
6.257	6
6.257	4
6.26	4
6.264	7
6.265	5
6.265	4
6.268	5
6.268	4
6.271	3
6.272	3
6.274	3
6.276	3
6.276	3
6.276	3
6.28	5
6.282	4
6.284	7
6.287	3
6.287	6
6.288	4
6.289	3
6.289	3
6.289	5
6.29	4
6.29	3
6.29	3
6.291	3
6.292	3
6.292	5
6.292	3
6.293	3
6.293	3
6.293	4
6.294	5
6.294	5
6.295	3
6.296	5
6.296	3
6.298	4
6.298	6
6.298	4
6.299	3
6.299	5
6.299	6
6.3	3
6.303	6
6.304	3
6.304	7
6.305	6
6.306	6
6.306	5
6.307	3
6.308	6
6.308	4
6.309	5
6.312	5
6.313	3
6.313	7
6.313	5
6.313	4
6.314	6
6.316	4
6.317	3
6.317	3
6.317	5
6.32	4
6.323	4
6.327	7
6.328	5
6.328	4
6.331	5
6.331	4
6.334	3
6.335	3
6.337	3
6.339	3
6.339	3
6.339	3
6.343	5
6.345	4
6.347	7
6.35	3
6.361	4
6.362	3
6.368	6
6.372	5
6.375	5
6.377	6
6.538	6
6.539	4
6.54	3
6.54	3
6.54	5
6.541	4
6.541	3
6.541	3
6.542	3
6.543	3
6.543	4
6.543	3
6.544	3
6.544	3
6.544	4
6.545	5
6.545	5
6.546	3
6.547	5
6.547	3
6.549	6
6.549	4
6.55	5
6.55	6
6.551	3
6.554	6
6.555	3
6.555	7
6.555	6
6.556	4
6.557	6
6.557	5
6.557	3
6.557	3
6.557	5
6.558	3
6.558	4
6.558	3
6.558	3
6.559	6
6.559	4
6.559	3
6.56	3
6.56	4
6.56	3
6.561	3
6.561	3
6.561	4
6.562	5
6.562	5
6.563	3
6.564	3
6.564	7
6.564	5
6.564	4
6.564	5
6.564	3
6.566	6
6.566	4
6.567	4
6.567	5
6.567	6
6.568	3
6.568	3
6.568	5
6.568	3
6.571	4
6.571	6
6.572	3
6.572	7
6.574	4
6.574	6
6.574	5
6.575	3
6.576	6
6.576	4
6.578	7
6.579	5
6.579	4
6.581	3
6.581	7
6.581	5
6.581	4
6.582	5
6.582	4
6.584	4
6.585	3
6.585	3
6.585	3
6.585	5
6.586	3
6.588	3
6.588	4
6.59	3
6.59	3
6.59	3
6.591	4
6.594	5
6.595	7
6.596	4
6.596	5
6.596	4
6.598	7
6.599	5
6.599	3
6.601	3
6.602	3
6.603	3
6.605	3
6.607	3
6.607	3
6.607	3
6.611	5
6.612	4
6.613	3
6.613	4
6.615	7
6.618	3
6.619	6
6.623	5
6.626	5
6.628	6
6.629	4
6.63	3
6.636	6
6.64	5
6.643	5
6.645	6
6.736	6
6.737	4
6.738	3
6.738	3
6.738	5
6.739	4
6.739	3
6.739	3
6.74	3
6.741	3
6.741	4
6.741	3
6.742	3
6.742	3
6.742	4
6.743	5
6.743	5
6.744	3
6.745	5
6.745	3
6.747	6
6.747	4
6.748	5
6.748	6
6.749	3
6.752	6
6.753	3
6.753	7
6.755	6
6.755	5
6.756	3
6.757	6
6.757	4
6.76	6
6.761	4
6.762	3
6.762	6
6.762	5
6.762	4
6.762	3
6.762	3
6.762	5
6.763	4
6.763	3
6.763	3
6.764	3
6.765	4
6.765	3
6.765	4
6.765	3
6.766	3
6.766	3
6.766	5
6.766	3
6.766	3
6.766	4
6.767	5
6.767	5
6.768	3
6.769	4
6.769	5
6.769	3
6.771	6
6.771	4
6.772	4
6.772	4
6.772	6
6.773	3
6.776	7
6.776	6
6.777	5
6.777	4
6.777	3
6.777	7
6.779	6
6.779	5
6.78	5
6.78	3
6.78	3
6.781	6
6.781	4
6.783	3
6.784	3
6.786	3
6.786	3
6.786	6
6.786	5
6.786	4
6.788	3
6.788	3
6.788	3
6.789	4
6.79	3
6.79	3
6.79	5
6.792	5
6.793	4
6.794	4
6.796	7
6.796	4
6.799	3
6.8	7
6.801	5
6.801	4
6.804	5
6.804	3
6.807	3
6.808	3
6.81	4
6.81	3
6.811	3
6.812	3
6.812	3
6.812	3
6.816	5
6.817	6
6.818	4
6.82	7
6.821	5
6.823	3
6.824	5
6.826	6
6.834	4
6.835	3
6.841	6
6.845	5
6.848	5
6.85	6
6.864	6
6.865	4
6.866	3
6.866	3
6.866	5
6.867	4
6.867	3
6.867	3
6.868	3
6.869	3
6.869	4
6.869	3
6.87	3
6.87	3
6.87	4
6.871	5
6.871	5
6.872	3
6.873	5
6.873	3
6.875	6
6.875	4
6.876	4
6.876	6
6.877	3
6.88	6
6.881	3
6.881	7
6.883	6
6.883	5
6.884	3
6.885	6
6.885	4
6.89	3
6.89	5
6.89	5
6.89	4
6.893	4
6.894	3
6.894	3
6.894	5
6.897	4
6.9	4
6.904	7
6.905	5
6.905	4
6.908	5
6.908	3
6.911	3
6.912	3
6.914	3
6.916	3
6.916	3
6.916	3
6.92	5
6.922	4
6.924	7
6.927	3
6.938	4
6.939	3
6.945	6
6.949	5
6.952	5
6.954	6
7.008	6
7.009	4
7.01	3
7.01	3
7.01	5
7.011	4
7.011	3
7.011	3
7.012	3
7.013	3
7.013	4
7.013	3
7.014	3
7.014	3
7.014	4
7.015	5
7.015	5
7.016	3
7.017	5
7.017	3
7.019	6
7.019	4
7.02	4
7.02	6
7.021	3
7.024	6
7.025	3
7.025	7
7.027	6
7.027	5
7.028	3
7.029	6
7.029	4
7.034	3
7.034	5
7.034	5
7.034	3
7.037	4
7.038	3
7.038	3
7.038	5
7.041	4
7.044	4
7.048	7
7.049	5
7.049	4
7.052	5
7.052	3
7.055	3
7.056	3
7.058	3
7.06	3
7.06	3
7.06	3
7.064	5
7.066	4
7.068	7
7.071	3
7.082	4
7.083	3
7.089	6
7.093	5
7.096	5
7.098	6
7.197	6
7.198	4
7.199	3
7.199	3
7.199	5
7.2	4
7.2	3
7.2	3
7.201	3
7.202	3
7.202	4
7.202	3
7.203	3
7.203	3
7.203	4
7.204	5
7.204	5
7.205	3
7.206	5
7.206	3
7.208	6
7.208	4
7.209	4
7.209	6
7.21	3
7.213	6
7.214	3
7.214	7
7.216	6
7.216	5
7.217	3
7.218	6
7.218	4
7.223	3
7.223	5
7.223	5
7.223	3
7.226	4
7.227	3
7.227	3
7.227	4
7.23	4
7.233	4
7.237	7
7.238	5
7.238	4
7.241	5
7.241	3
7.244	3
7.245	3
7.247	3
7.249	3
7.249	3
7.249	3
7.253	5
7.255	4
7.257	7
7.26	3
7.263	5
7.264	4
7.265	3
7.265	3
7.265	5
7.266	4
7.266	3
7.266	3
7.267	3
7.268	3
7.268	4
7.268	3
7.269	3
7.269	3
7.269	4
7.27	5
7.27	5
7.271	4
7.271	3
7.272	3
7.272	5
7.272	3
7.274	6
7.274	4
7.275	4
7.275	6
7.276	3
7.278	6
7.279	6
7.28	3
7.28	7
7.282	5
7.282	6
7.282	5
7.283	3
7.284	6
7.284	4
7.285	5
7.287	6
7.289	3
7.289	5
7.289	5
7.289	3
7.292	4
7.293	3
7.293	3
7.293	4
7.296	4
7.299	4
7.303	7
7.304	5
7.304	4
7.307	5
7.307	3
7.31	3
7.311	3
7.313	3
7.315	3
7.315	3
7.315	3
7.319	5
7.321	4
7.323	7
7.326	3
7.337	4
7.338	3
7.344	6
7.348	5
7.351	5
7.353	6
7.43	5
7.431	4
7.432	3
7.432	3
7.432	5
7.433	4
7.433	3
7.433	3
7.434	3
7.435	3
7.435	4
7.435	3
7.436	3
7.436	3
7.436	4
7.437	5
7.437	5
7.438	3
7.439	5
7.439	3
7.441	6
7.441	4
7.442	4
7.442	6
7.443	3
7.446	6
7.447	3
7.447	6
7.449	6
7.449	5
7.45	3
7.451	6
7.451	4
7.456	3
7.456	5
7.456	5
7.456	3
7.459	4
7.46	3
7.46	3
7.46	4
7.463	4
7.466	4
7.47	7
7.471	5
7.471	4
7.474	5
7.474	3
7.477	3
7.478	3
7.48	3
7.482	3
7.482	3
7.482	3
7.486	5
7.488	4
7.49	7
7.493	3
7.494	5
7.495	4
7.496	3
7.496	3
7.496	5
7.497	4
7.497	3
7.497	3
7.498	3
7.499	3
7.499	4
7.499	3
7.5	3
7.5	3
7.5	3
7.501	5
7.501	5
7.502	3
7.503	5
7.503	3
7.504	4
7.505	3
7.505	6
7.505	4
7.506	4
7.506	6
7.507	3
7.51	6
7.511	6
7.511	3
7.511	6
7.513	6
7.513	5
7.514	3
7.515	5
7.515	6
7.515	4
7.518	5
7.52	6
7.52	3
7.52	5
7.52	5
7.52	3
7.523	4
7.524	3
7.524	3
7.524	4
7.527	4
7.53	4
7.534	7
7.535	5
7.535	4
7.538	5
7.538	3
7.541	3
7.542	3
7.544	3
7.546	3
7.546	3
7.546	3
7.55	5
7.552	4
7.554	7
7.557	3
7.568	4
7.569	3
7.575	6
7.579	5
7.582	5
7.584	6
7.595	5
7.596	4
7.597	3
7.597	3
7.597	5
7.598	4
7.598	3
7.598	3
7.599	3
7.6	3
7.6	4
7.6	3
7.601	3
7.601	3
7.601	3
7.602	5
7.602	5
7.603	3
7.604	5
7.604	3
7.606	6
7.606	4
7.607	4
7.607	6
7.608	3
7.611	6
7.612	3
7.612	6
7.614	6
7.614	5
7.615	3
7.616	6
7.616	4
7.618	5
7.619	4
7.62	3
7.62	3
7.62	5
7.621	3
7.621	5
7.621	5
7.621	3
7.621	4
7.621	3
7.621	3
7.622	3
7.623	3
7.623	4
7.623	3
7.624	3
7.624	3
7.624	3
7.624	3
7.625	3
7.625	3
7.625	4
7.625	5
7.625	5
7.626	3
7.627	5
7.627	3
7.628	4
7.629	6
7.629	4
7.63	4
7.63	6
7.631	4
7.631	3
7.634	6
7.635	7
7.635	3
7.635	6
7.636	5
7.636	4
7.637	6
7.637	5
7.638	3
7.639	5
7.639	3
7.639	6
7.639	4
7.642	3
7.643	3
7.644	3
7.644	5
7.644	5
7.644	3
7.645	3
7.647	3
7.647	3
7.647	3
7.647	3
7.648	3
7.648	3
7.648	4
7.651	5
7.651	4
7.653	4
7.654	4
7.655	7
7.658	3
7.658	7
7.659	5
7.659	4
7.662	5
7.662	3
7.665	3
7.666	3
7.668	3
7.669	4
7.67	3
7.67	3
7.67	3
7.67	3
7.674	5
7.676	6
7.676	4
7.678	6
7.68	5
7.681	3
7.683	5
7.685	6
7.692	4
7.693	3
7.699	6
7.703	5
7.706	5
7.708	6
7.974	5
7.975	4
7.976	3
7.976	3
7.976	5
7.977	4
7.977	3
7.977	3
7.978	3
7.979	3
7.979	4
7.979	3
7.98	3
7.98	3
7.98	3
7.981	5
7.981	5
7.982	3
7.983	5
7.983	3
7.985	6
7.985	4
7.986	4
7.986	6
7.987	3
7.99	6
7.991	3
7.991	6
7.993	6
7.993	5
7.994	3
7.995	6
7.995	4
8.0	3
8.0	5
8.0	5
8.0	3
8.003	3
8.004	3
8.004	3
8.004	4
8.007	4
8.01	4
8.014	6
8.015	5
8.015	4
8.018	5
8.018	3
8.021	3
8.022	3
8.024	3
8.026	3
8.026	3
8.026	3
8.03	5
8.032	4
8.034	6
8.037	3
8.048	4
8.049	3
8.055	6
8.059	5
8.062	5
8.064	6
8.111	5
8.112	4
8.113	3
8.113	3
8.113	5
8.114	4
8.114	3
8.114	3
8.115	3
8.116	3
8.116	4
8.116	3
8.117	3
8.117	3
8.117	3
8.118	5
8.118	5
8.119	3
8.12	5
8.12	3
8.122	6
8.122	4
8.123	4
8.123	6
8.124	3
8.127	6
8.128	3
8.128	6
8.13	6
8.13	5
8.131	3
8.132	6
8.132	4
8.137	3
8.137	5
8.137	5
8.137	3
8.14	3
8.141	3
8.141	3
8.141	4
8.144	4
8.147	4
8.151	6
8.152	5
8.152	4
8.155	5
8.155	3
8.158	3
8.159	3
8.161	3
8.163	3
8.163	3
8.163	3
8.167	5
8.169	4
8.171	6
8.174	3
8.185	4
8.186	3
8.192	5
8.196	5
8.199	5
8.201	6
8.235	5
8.236	4
8.237	3
8.237	3
8.237	5
8.238	4
8.238	3
8.238	3
8.239	3
8.24	3
8.24	4
8.24	3
8.241	3
8.241	3
8.241	3
8.242	5
8.242	5
8.243	3
8.244	5
8.244	3
8.246	6
8.246	4
8.247	4
8.247	6
8.248	3
8.251	6
8.252	3
8.252	6
8.254	6
8.254	5
8.255	3
8.256	6
8.256	4
8.261	3
8.261	5
8.261	5
8.261	3
8.264	3
8.265	3
8.265	3
8.265	4
8.268	4
8.271	4
8.275	5
8.276	5
8.276	4
8.279	5
8.279	3
8.279	5
8.28	4
8.281	3
8.281	3
8.281	5
8.282	3
8.282	4
8.282	3
8.282	3
8.283	3
8.283	3
8.284	3
8.284	4
8.284	3
8.285	3
8.285	3
8.285	3
8.285	3
8.286	5
8.286	5
8.287	3
8.287	3
8.287	3
8.287	3
8.288	5
8.288	3
8.29	6
8.29	4
8.291	5
8.291	4
8.291	6
8.292	3
8.293	4
8.295	6
8.295	6
8.296	3
8.296	6
8.298	3
8.298	6
8.298	5
8.299	3
8.3	6
8.3	4
8.305	3
8.305	5
8.305	5
8.305	3
8.308	3
8.309	4
8.309	3
8.309	3
8.309	4
8.31	3
8.312	4
8.313	5
8.314	4
8.315	3
8.315	3
8.315	3
8.315	5
8.316	5
8.316	4
8.316	3
8.316	3
8.317	3
8.318	3
8.318	4
8.318	3
8.319	5
8.319	3
8.319	3
8.319	3
8.32	5
8.32	5
8.32	4
8.32	5
8.32	5
8.321	3
8.322	5
8.322	3
8.323	5
8.323	5
8.323	3
8.324	6
8.324	4
8.325	6
8.325	4
8.325	6
8.326	3
8.326	3
8.327	3
8.329	3
8.329	6
8.33	3
8.33	6
8.331	3
8.331	3
8.331	3
8.332	6
8.332	5
8.333	3
8.334	6
8.334	3
8.335	5
8.337	4
8.339	6
8.339	3
8.339	5
8.339	5
8.339	3
8.342	3
8.342	3
8.343	3
8.343	3
8.343	4
8.346	4
8.349	3
8.353	4
8.353	5
8.354	3
8.354	5
8.354	4
8.355	5
8.356	4
8.357	5
8.357	3
8.357	3
8.357	3
8.357	5
8.358	4
8.358	3
8.358	3
8.359	3
8.36	5
8.36	3
8.36	3
8.36	4
8.36	3
8.361	3
8.361	3
8.361	3
8.361	3
8.362	5
8.362	5
8.363	3
8.363	3
8.364	5
8.364	5
8.364	3
8.365	3
8.365	3
8.365	3
8.366	6
8.366	4
8.367	5
8.367	4
8.367	6
8.368	3
8.369	6
8.369	5
8.371	4
8.371	6
8.372	3
8.372	6
8.373	6
8.374	5
8.374	5
8.375	3
8.376	3
8.376	6
8.376	3
8.381	3
8.381	5
8.381	5
8.381	3
8.384	3
8.385	3
8.385	3
8.385	4
8.387	4
8.388	3
8.388	4
8.391	3
8.394	5
8.395	5
8.396	5
8.396	4
8.398	5
8.399	5
8.399	3
8.401	5
8.402	3
8.403	6
8.403	3
8.405	3
8.407	3
8.407	3
8.407	3
8.411	5
8.413	4
8.415	6
8.418	3
8.429	4
8.43	3
8.43	4
8.431	4
8.432	3
8.432	3
8.432	5
8.433	4
8.433	3
8.433	3
8.434	3
8.435	3
8.435	4
8.435	3
8.436	5
8.436	3
8.436	3
8.436	3
8.437	5
8.437	5
8.438	3
8.439	5
8.439	3
8.439	4
8.44	5
8.44	4
8.441	6
8.441	4
8.441	3
8.441	3
8.441	5
8.442	4
8.442	6
8.442	4
8.442	3
8.442	3
8.443	5
8.443	3
8.443	3
8.444	3
8.444	4
8.444	3
8.445	6
8.445	3
8.445	3
8.445	3
8.446	6
8.446	5
8.446	5
8.447	3
8.447	6
8.447	3
8.448	5
8.448	3
8.449	5
8.449	5
8.45	3
8.45	6
8.45	4
8.451	6
8.451	3
8.451	4
8.451	6
8.452	3
8.455	6
8.456	3
8.456	5
8.456	5
8.456	3
8.456	3
8.456	6
8.458	5
8.458	5
8.459	3
8.459	3
8.46	3
8.46	3
8.46	4
8.46	6
8.46	3
8.463	4
8.465	3
8.465	5
8.465	5
8.465	3
8.466	3
8.468	3
8.469	3
8.469	3
8.469	3
8.47	5
8.471	5
8.471	4
8.472	4
8.474	5
8.474	3
8.475	3
8.477	3
8.478	3
8.479	5
8.48	3
8.48	5
8.48	4
8.482	3
8.482	3
8.482	3
8.483	5
8.483	3
8.486	5
8.486	3
8.487	3
8.488	4
8.489	3
8.49	6
8.491	3
8.491	3
8.491	3
8.493	3
8.495	5
8.497	4
8.499	6
8.502	3
8.504	4
8.505	3
8.511	5
8.513	4
8.514	3
8.515	5
8.518	5
8.52	6
8.52	5
8.524	5
8.527	5
8.529	6
8.619	4
8.62	4
8.621	3
8.621	3
8.621	5
8.622	4
8.622	3
8.622	3
8.623	3
8.624	3
8.624	3
8.624	3
8.625	3
8.625	3
8.625	3
8.626	5
8.626	5
8.627	3
8.628	5
8.628	3
8.63	6
8.63	4
8.631	4
8.631	6
8.632	3
8.635	6
8.636	3
8.636	6
8.638	5
8.638	5
8.639	3
8.64	6
8.64	3
8.643	4
8.644	4
8.645	3
8.645	5
8.645	5
8.645	3
8.645	3
8.645	3
8.645	5
8.646	4
8.646	3
8.646	3
8.647	3
8.648	3
8.648	3
8.648	3
8.648	3
8.649	3
8.649	3
8.649	3
8.649	3
8.649	3
8.649	3
8.65	5
8.65	5
8.651	3
8.652	4
8.652	5
8.652	3
8.654	6
8.654	4
8.655	3
8.655	4
8.655	6
8.656	3
8.659	5
8.659	5
8.66	5
8.66	4
8.66	3
8.66	6
8.662	5
8.662	5
8.663	5
8.663	3
8.663	3
8.664	6
8.664	3
8.665	4
8.666	3
8.666	4
8.667	3
8.667	3
8.667	3
8.667	5
8.668	4
8.668	3
8.668	3
8.669	3
8.669	3
8.669	5
8.669	5
8.669	3
8.669	3
8.67	3
8.67	3
8.67	3
8.671	3
8.671	3
8.671	3
8.671	3
8.671	3
8.671	3
8.672	3
8.672	5
8.672	5
8.673	3
8.673	3
8.673	3
8.673	3
8.674	5
8.674	3
8.675	5
8.676	4
8.676	6
8.676	4
8.677	4
8.677	4
8.677	5
8.678	3
8.679	6
8.679	3
8.681	5
8.682	3
8.682	3
8.682	6
8.683	5
8.684	5
8.684	4
8.684	5
8.684	5
8.685	3
8.686	6
8.686	3
8.687	5
8.687	3
8.69	3
8.691	3
8.691	3
8.691	5
8.691	5
8.691	3
8.693	4
8.693	3
8.694	3
8.694	3
8.695	3
8.695	3
8.695	3
8.695	3
8.695	3
8.695	3
8.695	4
8.696	4
8.697	3
8.697	3
8.697	5
8.698	4
8.698	4
8.698	3
8.698	3
8.699	5
8.699	3
8.7	5
8.7	3
8.7	3
8.7	3
8.701	4
8.701	3
8.701	3
8.701	3
8.701	3
8.702	5
8.702	5
8.703	6
8.703	3
8.704	5
8.704	5
8.704	3
8.705	5
8.706	3
8.706	5
8.706	4
8.706	6
8.706	4
8.707	5
8.707	4
8.707	5
8.708	3
8.709	6
8.709	5
8.709	3
8.711	5
8.712	3
8.712	3
8.712	6
8.713	3
8.714	5
8.714	5
8.715	3
8.715	3
8.716	6
8.716	3
8.717	4
8.717	3
8.717	3
8.717	3
8.718	3
8.721	5
8.721	3
8.721	5
8.721	5
8.721	3
8.723	4
8.724	5
8.724	3
8.725	6
8.725	3
8.725	3
8.725	3
8.728	5
8.728	3
8.728	4
8.731	5
8.731	3
8.733	6
8.735	5
8.736	5
8.736	4
8.739	4
8.739	5
8.739	3
8.74	3
8.742	3
8.743	3
8.745	3
8.746	5
8.747	3
8.747	3
8.747	3
8.75	5
8.751	5
8.753	5
8.753	4
8.755	6
8.755	6
8.758	3
8.769	4
8.77	3
8.776	5
8.78	4
8.783	5
8.785	6
8.788	4
8.789	4
8.79	3
8.79	3
8.79	5
8.791	4
8.791	3
8.791	3
8.792	3
8.793	3
8.793	3
8.793	3
8.794	3
8.794	3
8.794	3
8.795	5
8.795	5
8.796	3
8.797	5
8.797	3
8.799	5
8.799	4
8.8	4
8.8	5
8.801	3
8.804	5
8.805	3
8.805	6
8.807	5
8.807	5
8.808	3
8.809	6
8.809	3
8.814	3
8.814	5
8.814	5
8.814	3
8.817	3
8.818	3
8.818	3
8.818	3
8.821	4
8.824	3
8.828	5
8.829	5
8.829	4
8.832	5
8.832	3
8.835	3
8.836	3
8.838	3
8.84	3
8.84	3
8.84	3
8.844	5
8.846	4
8.848	6
8.851	3
8.862	4
8.863	3
8.869	5
8.873	4
8.876	5
8.878	6
8.922	4
8.923	4
8.924	3
8.924	3
8.924	5
8.925	4
8.925	3
8.925	3
8.926	3
8.927	3
8.927	3
8.927	3
8.928	3
8.928	3
8.928	3
8.929	5
8.929	5
8.93	3
8.931	5
8.931	3
8.933	5
8.933	4
8.934	4
8.934	5
8.935	3
8.938	5
8.939	3
8.939	5
8.941	5
8.941	5
8.942	3
8.943	6
8.943	3
8.948	3
8.948	5
8.948	5
8.948	3
8.951	3
8.952	3
8.952	3
8.952	3
8.952	4
8.953	4
8.954	3
8.954	3
8.954	5
8.955	4
8.955	4
8.955	3
8.955	3
8.956	3
8.957	3
8.957	3
8.957	3
8.958	3
8.958	3
8.958	3
8.958	3
8.959	5
8.959	5
8.96	3
8.961	5
8.961	3
8.962	5
8.963	5
8.963	4
8.963	5
8.963	4
8.964	4
8.964	5
8.965	3
8.966	5
8.966	3
8.968	5
8.969	3
8.969	3
8.969	5
8.97	3
8.971	5
8.971	5
8.972	3
8.972	3
8.973	6
8.973	3
8.974	3
8.974	3
8.974	3
8.978	5
8.978	3
8.978	5
8.978	5
8.978	3
8.98	4
8.981	3
8.982	6
8.982	3
8.982	3
8.982	3
8.985	3
8.985	4
8.988	3
8.992	5
8.993	5
8.993	4
8.996	4
8.996	4
8.996	3
8.997	3
8.999	3
9.0	3
9.002	3
9.003	5
9.004	3
9.004	3
9.004	3
9.007	4
9.008	5
9.01	5
9.01	4
9.012	6
9.012	6
9.015	3
9.026	4
9.027	3
9.033	5
9.037	4
9.04	5
9.042	6
9.045	4
9.046	4
9.047	3
9.047	3
9.047	5
9.048	4
9.048	3
9.048	3
9.049	3
9.05	3
9.05	3
9.05	3
9.051	3
9.051	3
9.051	3
9.052	5
9.052	5
9.053	3
9.054	5
9.054	3
9.056	5
9.056	4
9.057	4
9.057	5
9.058	3
9.061	5
9.062	3
9.062	5
9.064	5
9.064	5
9.065	3
9.066	6
9.066	3
9.071	3
9.071	5
9.071	5
9.071	3
9.074	3
9.075	3
9.075	3
9.075	3
9.078	4
9.081	3
9.085	5
9.086	5
9.086	4
9.089	4
9.089	3
9.092	3
9.093	3
9.095	3
9.097	3
9.097	3
9.097	3
9.101	5
9.101	3
9.102	4
9.103	4
9.103	3
9.103	3
9.103	5
9.104	4
9.104	3
9.104	3
9.105	5
9.105	3
9.106	3
9.106	3
9.106	3
9.107	3
9.107	3
9.107	3
9.108	3
9.108	5
9.108	5
9.109	3
9.11	5
9.11	3
9.112	5
9.112	4
9.113	4
9.113	5
9.114	3
9.117	5
9.118	3
9.118	5
9.119	4
9.12	3
9.12	5
9.12	5
9.121	3
9.122	6
9.122	3
9.126	5
9.127	3
9.127	5
9.127	5
9.127	3
9.13	4
9.13	3
9.131	3
9.131	3
9.131	3
9.133	5
9.134	4
9.135	6
9.137	3
9.141	5
9.142	5
9.142	4
9.145	4
9.145	3
9.148	3
9.149	3
9.151	3
9.153	3
9.153	3
9.153	3
9.157	5
9.159	4
9.161	5
9.164	3
9.175	4
9.176	3
9.182	5
9.186	4
9.189	5
9.191	6
9.279	3
9.28	4
9.281	3
9.281	3
9.281	5
9.282	3
9.282	3
9.282	3
9.283	3
9.284	3
9.284	3
9.284	3
9.285	3
9.285	3
9.285	3
9.286	5
9.286	5
9.287	3
9.288	5
9.288	3
9.29	5
9.29	4
9.291	4
9.291	5
9.292	3
9.295	5
9.296	3
9.296	5
9.298	5
9.298	5
9.299	3
9.3	6
9.3	3
9.305	3
9.305	5
9.305	5
9.305	3
9.308	3
9.309	3
9.309	3
9.309	3
9.312	4
9.315	3
9.319	5
9.32	5
9.32	4
9.323	4
9.323	3
9.326	3
9.327	3
9.329	3
9.331	3
9.331	3
9.331	3
9.335	5
9.337	4
9.339	5
9.342	3
9.353	4
9.354	3
9.36	5
9.364	4
9.367	5
9.369	6
9.456	3
9.457	4
9.458	3
9.458	3
9.458	5
9.459	3
9.459	3
9.459	3
9.46	3
9.461	3
9.461	3
9.461	3
9.462	3
9.462	3
9.462	3
9.463	5
9.463	5
9.464	3
9.465	5
9.465	3
9.467	5
9.467	4
9.468	3
9.468	5
9.469	3
9.472	5
9.473	3
9.473	5
9.475	5
9.475	5
9.476	3
9.477	6
9.477	3
9.482	3
9.482	5
9.482	5
9.482	3
9.485	3
9.486	3
9.486	3
9.486	3
9.489	4
9.492	3
9.496	5
9.497	5
9.497	4
9.5	4
9.5	3
9.503	3
9.504	3
9.506	3
9.508	3
9.508	3
9.508	3
9.512	5
9.514	4
9.516	5
9.519	3
9.53	4
9.531	3
9.537	5
9.541	4
9.544	5
9.546	6
9.554	3
9.555	4
9.556	3
9.556	3
9.556	5
9.557	3
9.557	3
9.557	3
9.558	3
9.559	3
9.559	3
9.559	3
9.56	3
9.56	3
9.56	3
9.561	5
9.561	5
9.562	3
9.563	5
9.563	3
9.565	5
9.565	4
9.566	3
9.566	5
9.567	3
9.57	4
9.571	3
9.571	5
9.573	5
9.573	5
9.574	3
9.575	6
9.575	3
9.58	3
9.58	5
9.58	5
9.58	3
9.583	3
9.584	3
9.584	3
9.584	3
9.587	4
9.59	3
9.594	5
9.595	5
9.595	4
9.598	4
9.598	3
9.601	3
9.602	3
9.604	3
9.606	3
9.606	3
9.606	3
9.61	5
9.611	3
9.612	4
9.612	4
9.613	3
9.613	3
9.613	5
9.614	5
9.614	3
9.614	3
9.614	3
9.615	3
9.616	3
9.616	3
9.616	3
9.617	3
9.617	3
9.617	3
9.617	3
9.618	5
9.618	5
9.619	3
9.62	5
9.62	3
9.622	5
9.622	4
9.623	3
9.623	5
9.624	3
9.627	4
9.628	4
9.628	3
9.628	5
9.629	3
9.63	4
9.63	5
9.631	3
9.632	6
9.632	3
9.635	5
9.637	3
9.637	5
9.637	5
9.637	3
9.639	4
9.64	3
9.641	3
9.641	3
9.641	3
9.642	5
9.644	6
9.644	4
9.647	3
9.651	5
9.652	5
9.652	4
9.655	4
9.655	3
9.658	3
9.659	3
9.661	3
9.663	3
9.663	3
9.663	3
9.667	5
9.669	4
9.671	5
9.674	3
9.685	4
9.686	3
9.692	5
9.696	4
9.699	5
9.701	6
9.856	3
9.857	4
9.858	3
9.858	3
9.858	5
9.859	3
9.859	3
9.859	3
9.86	3
9.861	3
9.861	3
9.861	3
9.862	3
9.862	3
9.862	3
9.863	5
9.863	5
9.864	3
9.865	5
9.865	3
9.867	5
9.867	4
9.868	3
9.868	5
9.869	3
9.872	4
9.873	3
9.873	5
9.875	4
9.875	5
9.876	3
9.877	6
9.877	3
9.882	3
9.882	5
9.882	5
9.882	3
9.885	3
9.886	3
9.886	3
9.886	3
9.889	4
9.892	3
9.896	5
9.897	5
9.897	4
9.9	4
9.9	3
9.903	3
9.904	3
9.906	3
9.908	3
9.908	3
9.908	3
9.912	5
9.914	3
9.916	5
9.919	3
9.93	4
9.931	3
9.937	5
9.941	4
9.944	5
9.946	6
10.199	3
10.2	4
10.201	3
10.201	3
10.201	5
10.202	3
10.202	3
10.202	3
10.203	3
10.204	3
10.204	3
10.204	3
10.205	3
10.205	3
10.205	3
10.206	5
10.206	5
10.207	3
10.208	5
10.208	3
10.21	5
10.21	4
10.211	3
10.211	5
10.212	3
10.215	4
10.216	3
10.216	5
10.218	4
10.218	5
10.219	3
10.22	5
10.22	3
10.225	3
10.225	5
10.225	5
10.225	3
10.228	3
10.229	3
10.229	3
10.229	3
10.232	4
10.235	3
10.239	5
10.24	5
10.24	4
10.243	4
10.243	3
10.246	3
10.247	3
10.249	3
10.251	3
10.251	3
10.251	3
10.255	5
10.257	3
10.259	5
10.262	3
10.273	4
10.274	3
10.28	5
10.284	4
10.287	5
10.289	6
10.298	3
10.299	4
10.3	3
10.3	3
10.3	5
10.301	3
10.301	3
10.301	3
10.301	3
10.302	3
10.302	3
10.303	3
10.303	3
10.303	3
10.303	3
10.303	3
10.303	5
10.304	3
10.304	3
10.304	3
10.304	3
10.304	3
10.304	3
10.305	5
10.305	5
10.305	3
10.306	3
10.306	3
10.306	3
10.306	3
10.307	5
10.307	3
10.307	3
10.307	3
10.307	3
10.308	5
10.308	5
10.309	4
10.309	4
10.309	3
10.31	3
10.31	5
10.31	5
10.31	3
10.311	3
10.312	4
10.312	4
10.313	3
10.313	5
10.314	4
10.314	3
10.315	3
10.315	5
10.317	4
10.317	5
10.317	4
10.318	3
10.318	3
10.318	5
10.319	5
10.319	3
10.32	4
10.32	5
10.321	3
10.322	5
10.322	3
10.324	3
10.324	5
10.324	5
10.324	3
10.327	3
10.327	3
10.327	5
10.327	5
10.327	3
10.328	3
10.328	3
10.328	3
10.33	3
10.331	4
10.331	3
10.331	3
10.331	3
10.334	3
10.334	4
10.337	3
10.338	5
10.339	5
10.339	4
10.341	5
10.342	4
10.342	3
10.342	5
10.342	4
10.345	3
10.345	4
10.345	3
10.346	3
10.348	3
10.348	3
10.349	3
10.35	3
10.35	3
10.35	3
10.351	3
10.352	3
10.353	3
10.353	3
10.353	3
10.353	3
10.354	5
10.354	3
10.354	3
10.354	5
10.355	3
10.355	3
10.355	3
10.356	3
10.356	3
10.357	5
10.357	3
10.357	3
10.357	3
10.358	5
10.358	3
10.358	3
10.358	3
10.359	3
10.359	5
10.359	5
10.36	3
10.361	3
10.361	5
10.361	5
10.361	3
10.363	4
10.363	4
10.364	3
10.364	3
10.364	5
10.365	3
10.368	4
10.369	3
10.369	5
10.371	4
10.371	5
10.372	4
10.372	3
10.373	3
10.373	5
10.373	3
10.375	4
10.376	3
10.378	3
10.378	5
10.378	5
10.378	3
10.379	5
10.381	3
10.382	5
10.382	3
10.382	3
10.382	3
10.383	4
10.385	4
10.386	5
10.386	4
10.388	6
10.388	3
10.389	5
10.391	6
10.392	5
10.393	5
10.393	4
10.396	3
10.396	3
10.399	3
10.4	3
10.402	3
10.404	3
10.404	3
10.404	3
10.408	5
10.41	3
10.412	5
10.415	3
10.426	4
10.427	3
10.433	5
10.437	4
10.44	5
10.442	6
10.554	3
10.555	3
10.556	3
10.556	3
10.556	5
10.557	3
10.557	3
10.557	3
10.558	3
10.559	3
10.559	3
10.559	3
10.56	3
10.56	3
10.56	3
10.561	5
10.561	4
10.562	3
10.563	5
10.563	3
10.565	4
10.565	4
10.566	3
10.566	5
10.567	3
10.57	4
10.571	3
10.571	5
10.573	4
10.573	5
10.574	3
10.575	5
10.575	3
10.58	3
10.58	5
10.58	5
10.58	3
10.58	3
10.581	3
10.582	3
10.582	3
10.582	5
10.583	3
10.583	3
10.583	3
10.583	3
10.584	3
10.584	3
10.584	3
10.584	3
10.585	3
10.585	3
10.585	3
10.586	3
10.586	3
10.586	3
10.587	4
10.587	5
10.587	4
10.588	3
10.589	5
10.589	3
10.59	3
10.591	4
10.591	4
10.592	3
10.592	5
10.593	3
10.594	5
10.595	5
10.595	4
10.596	4
10.597	3
10.597	5
10.598	3
10.598	3
10.599	4
10.599	5
10.6	3
10.601	3
10.601	5
10.601	3
10.602	3
10.604	3
10.606	3
10.606	3
10.606	3
10.606	3
10.606	5
10.606	5
10.606	3
10.609	3
10.61	5
10.61	3
10.61	3
10.61	3
10.612	3
10.613	4
10.614	5
10.616	3
10.617	3
10.62	4
10.621	5
10.621	4
10.624	3
10.624	3
10.627	3
10.628	4
10.628	3
10.629	3
10.63	3
10.632	3
10.632	3
10.632	3
10.635	5
10.636	5
10.638	3
10.639	4
10.64	5
10.642	5
10.643	3
10.644	6
10.654	4
10.655	3
10.661	5
10.665	4
10.668	5
10.67	6
10.898	3
10.899	3
10.9	3
10.9	3
10.9	5
10.901	3
10.901	3
10.901	3
10.902	3
10.903	3
10.903	3
10.903	3
10.904	3
10.904	3
10.904	3
10.905	5
10.905	4
10.906	3
10.907	5
10.907	3
10.909	4
10.909	4
10.91	3
10.91	5
10.911	3
10.914	3
10.915	3
10.915	5
10.917	4
10.917	5
10.918	3
10.919	5
10.919	3
10.924	3
10.924	5
10.924	5
10.924	3
10.927	3
10.928	3
10.928	3
10.928	3
10.931	4
10.934	3
10.938	4
10.939	5
10.939	4
10.942	3
10.942	3
10.945	3
10.946	3
10.948	3
10.95	3
10.95	3
10.95	3
10.954	5
10.956	3
10.958	5
10.961	3
10.963	3
10.964	3
10.965	3
10.965	3
10.965	5
10.966	3
10.966	3
10.966	3
10.967	3
10.968	3
10.968	3
10.968	3
10.969	3
10.969	3
10.969	3
10.97	5
10.97	3
10.971	3
10.972	4
10.972	5
10.972	3
10.973	3
10.974	4
10.974	4
10.975	3
10.975	5
10.976	3
10.979	5
10.979	3
10.98	3
10.98	5
10.982	4
10.982	5
10.983	4
10.983	3
10.984	5
10.984	3
10.986	5
10.988	6
10.989	3
10.989	5
10.989	5
10.989	3
10.992	3
10.993	3
10.993	3
10.993	3
10.996	4
10.999	3
11.003	4
11.004	5
11.004	4
11.007	3
11.007	3
11.01	3
11.011	3
11.013	3
11.015	3
11.015	3
11.015	3
11.019	5
11.021	3
11.023	5
11.026	3
11.037	4
11.038	3
11.044	5
11.048	4
11.051	5
11.053	6
11.222	3
11.223	3
11.224	3
11.224	3
11.224	5
11.225	3
11.225	3
11.225	3
11.226	3
11.227	3
11.227	3
11.227	3
11.228	3
11.228	3
11.228	3
11.229	5
11.229	3
11.23	3
11.231	5
11.231	3
11.233	4
11.233	4
11.234	3
11.234	5
11.235	3
11.238	3
11.239	3
11.239	5
11.241	4
11.241	5
11.242	3
11.243	5
11.243	3
11.248	3
11.248	4
11.248	5
11.248	3
11.251	3
11.252	3
11.252	3
11.252	3
11.255	4
11.258	3
11.262	4
11.263	5
11.263	4
11.266	3
11.266	3
11.269	3
11.27	3
11.272	3
11.274	3
11.274	3
11.274	3
11.278	5
11.28	3
11.282	5
11.285	3
11.296	4
11.297	3
11.303	5
11.307	4
11.31	5
11.312	6
11.432	3
11.433	3
11.434	3
11.434	3
11.434	4
11.435	3
11.435	3
11.435	3
11.436	3
11.437	3
11.437	3
11.437	3
11.438	3
11.438	3
11.438	3
11.439	5
11.439	3
11.44	3
11.441	5
11.441	3
11.443	4
11.443	4
11.444	3
11.444	5
11.445	3
11.448	3
11.449	3
11.449	5
11.451	4
11.451	5
11.452	3
11.453	5
11.453	3
11.458	3
11.458	4
11.458	5
11.458	3
11.461	3
11.462	3
11.462	3
11.462	3
11.465	4
11.468	3
11.472	4
11.473	5
11.473	4
11.476	3
11.476	3
11.479	3
11.48	3
11.482	3
11.484	3
11.484	3
11.484	3
11.488	5
11.49	3
11.492	5
11.495	3
11.506	4
11.507	3
11.513	5
11.517	4
11.52	5
11.522	6
11.687	3
11.688	3
11.689	3
11.689	3
11.689	4
11.69	3
11.69	3
11.69	3
11.691	3
11.692	3
11.692	3
11.692	3
11.693	3
11.693	3
11.693	3
11.694	5
11.694	3
11.695	3
11.696	5
11.696	3
11.698	4
11.698	4
11.699	3
11.699	5
11.7	3
11.703	3
11.704	3
11.704	5
11.706	4
11.706	5
11.707	3
11.708	5
11.708	3
11.713	3
11.713	4
11.713	5
11.713	3
11.716	3
11.717	3
11.717	3
11.717	3
11.72	4
11.723	3
11.727	4
11.728	5
11.728	4
11.731	3
11.731	3
11.734	3
11.735	3
11.737	3
11.739	3
11.739	3
11.739	3
11.743	5
11.745	3
11.747	5
11.75	3
11.761	3
11.762	3
11.768	5
11.772	4
11.775	5
11.777	6
11.8	3
11.801	3
11.802	3
11.802	3
11.802	4
11.803	3
11.803	3
11.803	3
11.804	3
11.805	3
11.805	3
11.805	3
11.806	3
11.806	3
11.806	3
11.807	5
11.807	3
11.808	3
11.809	5
11.809	3
11.811	4
11.811	4
11.812	3
11.812	5
11.813	3
11.816	3
11.817	3
11.817	5
11.819	4
11.819	5
11.82	3
11.821	5
11.821	3
11.826	3
11.826	4
11.826	5
11.826	3
11.829	3
11.83	3
11.83	3
11.83	3
11.833	4
11.836	3
11.84	4
11.841	5
11.841	3
11.844	3
11.844	3
11.847	3
11.848	3
11.85	3
11.852	3
11.852	3
11.852	3
11.856	5
11.858	3
11.86	5
11.863	3
11.874	3
11.875	3
11.881	5
11.885	4
11.888	5
11.89	6
11.984	3
11.985	3
11.986	3
11.986	3
11.986	4
11.987	3
11.987	3
11.987	3
11.988	3
11.989	3
11.989	3
11.989	3
11.99	3
11.99	3
11.99	3
11.991	5
11.991	3
11.992	3
11.993	5
11.993	3
11.995	4
11.995	4
11.996	3
11.996	5
11.997	3
12.0	3
12.001	3
12.001	5
12.003	4
12.003	4
12.004	3
12.005	5
12.005	3
12.01	3
12.01	4
12.01	5
12.01	3
12.013	3
12.014	3
12.014	3
12.014	3
12.017	4
12.02	3
12.024	4
12.025	5
12.025	3
12.028	3
12.028	3
12.031	3
12.032	3
12.034	3
12.036	3
12.036	3
12.036	3
12.04	5
12.042	3
12.044	5
12.047	3
12.058	3
12.059	3
12.065	5
12.069	4
12.072	5
12.074	6
12.184	3
12.185	3
12.186	3
12.186	3
12.186	4
12.187	3
12.187	3
12.187	3
12.188	3
12.189	3
12.189	3
12.189	3
12.19	3
12.19	3
12.19	3
12.191	5
12.191	3
12.192	3
12.193	5
12.193	3
12.195	4
12.195	4
12.196	3
12.196	5
12.197	3
12.2	3
12.201	3
12.201	5
12.203	4
12.203	3
12.204	3
12.205	5
12.205	3
12.21	3
12.21	4
12.21	5
12.21	3
12.213	3
12.214	3
12.214	3
12.214	3
12.217	4
12.22	3
12.224	4
12.225	5
12.225	3
12.228	3
12.228	3
12.231	3
12.232	3
12.234	3
12.236	3
12.236	3
12.236	3
12.24	5
12.242	3
12.244	5
12.247	3
12.258	3
12.259	3
12.265	5
12.269	4
12.272	5
12.274	6
12.586	3
12.587	3
12.588	3
12.588	3
12.588	4
12.589	3
12.589	3
12.589	3
12.59	3
12.591	3
12.591	3
12.591	3
12.592	3
12.592	3
12.592	3
12.593	5
12.593	3
12.594	3
12.595	5
12.595	3
12.597	4
12.597	4
12.598	3
12.598	5
12.599	3
12.602	3
12.603	3
12.603	5
12.605	4
12.605	3
12.606	3
12.607	5
12.607	3
12.612	3
12.612	4
12.612	5
12.612	3
12.615	3
12.616	3
12.616	3
12.616	3
12.619	4
12.622	3
12.626	4
12.627	5
12.627	3
12.63	3
12.63	3
12.633	3
12.634	3
12.636	3
12.638	3
12.638	3
12.638	3
12.642	5
12.644	3
12.646	5
12.649	3
12.66	3
12.661	3
12.667	5
12.671	4
12.674	4
12.676	6
12.754	3
12.755	3
12.756	3
12.756	3
12.756	4
12.757	3
12.757	3
12.757	3
12.758	3
12.759	3
12.759	3
12.759	3
12.76	3
12.76	3
12.76	3
12.761	5
12.761	3
12.762	3
12.763	5
12.763	3
12.765	4
12.765	4
12.766	3
12.766	5
12.767	3
12.77	3
12.771	3
12.771	5
12.773	4
12.773	3
12.774	3
12.775	5
12.775	3
12.78	3
12.78	4
12.78	5
12.78	3
12.783	3
12.784	3
12.784	3
12.784	3
12.787	4
12.79	3
12.794	4
12.795	5
12.795	3
12.798	3
12.798	3
12.801	3
12.802	3
12.804	3
12.806	3
12.806	3
12.806	3
12.81	5
12.812	3
12.814	4
12.817	3
12.828	3
12.829	3
12.835	5
12.839	4
12.842	4
12.844	6
12.957	3
12.958	3
12.959	3
12.959	3
12.959	4
12.96	3
12.96	3
12.96	3
12.961	3
12.962	3
12.962	3
12.962	3
12.963	3
12.963	3
12.963	3
12.964	5
12.964	3
12.965	3
12.966	5
12.966	3
12.968	4
12.968	4
12.969	3
12.969	5
12.97	3
12.973	3
12.974	3
12.974	5
12.976	4
12.976	3
12.977	3
12.978	5
12.978	3
12.983	3
12.983	4
12.983	5
12.983	3
12.986	3
12.987	3
12.987	3
12.987	3
12.99	4
12.993	3
12.997	4
12.998	5
12.998	3
13.001	3
13.001	3
13.004	3
13.005	3
13.007	3
13.009	3
13.009	3
13.009	3
13.013	5
13.015	3
13.017	4
13.02	3
13.029	3
13.03	3
13.031	3
13.031	3
13.031	3
13.031	3
13.032	3
13.032	3
13.032	3
13.032	3
13.033	3
13.034	3
13.034	3
13.034	3
13.035	3
13.035	3
13.035	3
13.036	5
13.036	3
13.037	3
13.038	5
13.038	5
13.038	3
13.04	4
13.04	4
13.041	3
13.041	5
13.042	4
13.042	3
13.045	4
13.045	3
13.046	3
13.046	5
13.047	5
13.048	4
13.048	3
13.049	3
13.05	5
13.05	3
13.055	3
13.055	4
13.055	5
13.055	3
13.058	3
13.059	3
13.059	3
13.059	3
13.062	4
13.065	3
13.069	4
13.07	5
13.07	3
13.073	3
13.073	3
13.076	3
13.077	3
13.079	3
13.081	3
13.081	3
13.081	3
13.085	5
13.087	3
13.089	4
13.092	3
13.103	3
13.104	3
13.11	5
13.114	4
13.117	4
13.119	5
13.426	3
13.427	3
13.428	3
13.428	3
13.428	3
13.429	3
13.429	3
13.429	3
13.43	3
13.431	3
13.431	3
13.431	3
13.432	3
13.432	3
13.432	3
13.433	5
13.433	3
13.434	3
13.435	5
13.435	3
13.437	4
13.437	4
13.438	3
13.438	5
13.439	3
13.442	3
13.443	3
13.443	4
13.445	4
13.445	3
13.446	3
13.447	5
13.447	3
13.452	3
13.452	4
13.452	5
13.452	3
13.455	3
13.456	3
13.456	3
13.456	3
13.459	4
13.462	3
13.466	4
13.467	5
13.467	3
13.47	3
13.47	3
13.473	3
13.474	3
13.476	3
13.478	3
13.478	3
13.478	3
13.482	5
13.484	3
13.486	4
13.489	3
13.5	3
13.501	3
13.507	5
13.511	4
13.514	4
13.516	5
13.517	3
13.518	3
13.519	3
13.519	3
13.519	3
13.52	3
13.52	3
13.52	3
13.521	3
13.522	3
13.522	3
13.522	3
13.523	3
13.523	3
13.523	3
13.524	5
13.524	3
13.525	3
13.526	5
13.526	3
13.528	4
13.528	4
13.529	3
13.529	5
13.53	3
13.533	3
13.534	3
13.534	4
13.536	4
13.536	3
13.537	3
13.538	5
13.538	3
13.543	3
13.543	4
13.543	5
13.543	3
13.546	3
13.547	3
13.547	3
13.547	3
13.55	4
13.553	3
13.557	4
13.558	4
13.558	3
13.561	3
13.561	3
13.564	3
13.565	3
13.565	3
13.566	3
13.567	3
13.567	3
13.567	3
13.567	3
13.568	3
13.568	3
13.568	3
13.569	3
13.569	3
13.569	3
13.569	3
13.57	3
13.57	3
13.57	3
13.571	3
13.571	3
13.571	3
13.572	5
13.572	3
13.573	5
13.573	3
13.574	5
13.574	3
13.575	3
13.576	4
13.576	4
13.577	4
13.577	3
13.577	5
13.578	3
13.58	3
13.581	3
13.582	3
13.582	4
13.584	4
13.584	3
13.585	3
13.586	4
13.586	3
13.591	3
13.591	3
13.591	4
13.591	5
13.591	3
13.592	3
13.594	3
13.595	3
13.595	3
13.595	3
13.598	5
13.598	4
13.601	3
13.602	4
13.605	4
13.605	4
13.606	4
13.606	3
13.607	5
13.609	3
13.609	3
13.612	3
13.613	3
13.615	3
13.617	3
13.617	3
13.617	3
13.621	5
13.623	3
13.625	4
13.628	3
13.639	3
13.64	3
13.646	5
13.65	4
13.653	4
13.655	5
13.707	3
13.708	3
13.709	3
13.709	3
13.709	3
13.71	3
13.71	3
13.71	3
13.711	3
13.712	3
13.712	3
13.712	3
13.713	3
13.713	3
13.713	3
13.714	5
13.714	3
13.715	3
13.716	5
13.716	3
13.718	4
13.718	4
13.719	3
13.719	5
13.72	3
13.723	3
13.724	3
13.724	4
13.726	4
13.726	3
13.727	3
13.728	3
13.728	3
13.733	3
13.733	4
13.733	5
13.733	3
13.736	3
13.737	3
13.737	3
13.737	3
13.74	4
13.743	3
13.747	4
13.748	4
13.748	3
13.751	3
13.751	3
13.754	3
13.755	3
13.757	3
13.759	3
13.759	3
13.759	3
13.763	5
13.765	3
13.767	4
13.77	3
13.781	3
13.782	3
13.788	5
13.792	4
13.795	4
13.797	5
14.251	3
14.252	3
14.253	3
14.253	3
14.253	3
14.254	3
14.254	3
14.254	3
14.255	3
14.256	3
14.256	3
14.256	3
14.257	3
14.257	3
14.257	3
14.258	5
14.258	3
14.259	3
14.26	5
14.26	3
14.262	4
14.262	3
14.263	3
14.263	5
14.264	3
14.267	3
14.268	3
14.268	4
14.27	4
14.27	3
14.271	3
14.272	3
14.272	3
14.277	3
14.277	4
14.277	5
14.277	3
14.28	3
14.281	3
14.281	3
14.281	3
14.283	3
14.284	4
14.284	3
14.285	3
14.285	3
14.285	3
14.286	3
14.286	3
14.286	3
14.287	3
14.287	3
14.288	3
14.288	3
14.288	3
14.289	3
14.289	3
14.289	3
14.29	5
14.29	3
14.291	4
14.291	3
14.292	4
14.292	3
14.292	5
14.292	3
14.294	4
14.294	3
14.295	3
14.295	3
14.295	3
14.295	5
14.296	3
14.298	3
14.299	3
14.299	3
14.3	3
14.3	4
14.301	3
14.302	4
14.302	3
14.303	3
14.303	3
14.303	3
14.303	3
14.304	3
14.304	3
14.307	5
14.309	3
14.309	3
14.309	4
14.309	5
14.309	3
14.311	4
14.312	3
14.313	3
14.313	3
14.313	3
14.314	3
14.316	4
14.319	3
14.323	4
14.324	4
14.324	3
14.325	3
14.326	3
14.327	3
14.327	3
14.33	3
14.331	3
14.332	5
14.333	3
14.335	3
14.335	3
14.335	3
14.336	4
14.339	4
14.339	5
14.341	5
14.341	3
14.343	4
14.346	3
14.357	3
14.358	3
14.364	5
14.368	3
14.371	4
14.373	5
14.657	3
14.658	3
14.659	3
14.659	3
14.659	3
14.66	3
14.66	3
14.66	3
14.661	3
14.662	3
14.662	3
14.662	3
14.663	3
14.663	3
14.663	3
14.664	5
14.664	3
14.665	3
14.666	5
14.666	3
14.668	4
14.668	3
14.669	3
14.669	5
14.67	3
14.673	3
14.674	3
14.674	4
14.676	4
14.676	3
14.677	3
14.678	3
14.678	3
14.683	3
14.683	4
14.683	5
14.683	3
14.686	3
14.687	3
14.687	3
14.687	3
14.69	4
14.693	3
14.697	4
14.698	4
14.698	3
14.701	3
14.701	3
14.704	3
14.705	3
14.707	3
14.709	3
14.709	3
14.709	3
14.713	5
14.715	3
14.717	3
14.72	3
14.731	3
14.732	3
14.738	5
14.742	3
14.745	4
14.747	5
15.111	3
15.112	3
15.113	3
15.113	3
15.113	3
15.114	3
15.114	3
15.114	3
15.115	3
15.116	3
15.116	3
15.116	3
15.117	3
15.117	3
15.117	3
15.118	5
15.118	3
15.119	3
15.12	5
15.12	3
15.122	4
15.122	3
15.123	3
15.123	5
15.124	3
15.127	3
15.128	3
15.128	4
15.13	4
15.13	3
15.131	3
15.132	3
15.132	3
15.137	3
15.137	4
15.137	5
15.137	3
15.14	3
15.141	3
15.141	3
15.141	3
15.144	3
15.147	3
15.151	4
15.152	4
15.152	3
15.155	3
15.155	3
15.158	3
15.159	3
15.161	3
15.163	3
15.163	3
15.163	3
15.167	5
15.169	3
15.171	3
15.174	3
15.185	3
15.186	3
15.192	5
15.196	3
15.199	4
15.201	5
15.663	3
15.664	3
15.665	3
15.665	3
15.665	3
15.666	3
15.666	3
15.666	3
15.667	3
15.668	3
15.668	3
15.668	3
15.669	3
15.669	3
15.669	3
15.67	5
15.67	3
15.671	3
15.672	5
15.672	3
15.674	4
15.674	3
15.675	3
15.675	5
15.676	3
15.679	3
15.68	3
15.68	3
15.682	4
15.682	3
15.683	3
15.684	3
15.684	3
15.689	3
15.689	4
15.689	5
15.689	3
15.692	3
15.693	3
15.693	3
15.693	3
15.696	3
15.699	3
15.703	4
15.704	4
15.704	3
15.705	3
15.706	3
15.707	3
15.707	3
15.707	3
15.707	3
15.707	3
15.708	3
15.708	3
15.708	3
15.709	3
15.71	3
15.71	3
15.71	3
15.71	3
15.711	3
15.711	3
15.711	3
15.711	3
15.712	5
15.712	3
15.713	3
15.713	3
15.714	5
15.714	3
15.715	3
15.715	3
15.715	3
15.716	4
15.716	3
15.717	3
15.717	5
15.718	3
15.719	5
15.721	3
15.721	3
15.722	3
15.722	2
15.723	3
15.724	4
15.724	3
15.725	3
15.726	3
15.726	3
15.726	3
15.731	3
15.731	4
15.731	5
15.731	3
15.734	3
15.735	3
15.735	3
15.735	3
15.737	3
15.738	3
15.738	3
15.741	3
15.744	5
15.745	4
15.746	4
15.746	3
15.748	3
15.749	3
15.749	3
15.751	4
15.752	3
15.753	5
15.753	3
15.755	3
15.757	3
15.757	3
15.757	3
15.761	5
15.763	3
15.765	3
15.768	3
15.777	3
15.778	3
15.779	3
15.779	3
15.779	3
15.779	3
15.78	3
15.78	3
15.78	3
15.78	3
15.781	3
15.782	3
15.782	3
15.782	3
15.783	3
15.783	3
15.783	3
15.784	4
15.784	3
15.785	3
15.786	5
15.786	5
15.786	3
15.788	4
15.788	3
15.789	3
15.789	5
15.79	3
15.79	3
15.793	4
15.793	3
15.794	3
15.794	2
15.795	5
15.796	4
15.796	3
15.797	3
15.798	3
15.798	3
15.803	3
15.803	4
15.803	5
15.803	3
15.806	3
15.807	3
15.807	3
15.807	3
15.81	3
15.813	3
15.817	4
15.818	4
15.818	3
15.821	3
15.821	3
15.824	3
15.825	3
15.827	3
15.829	3
15.829	3
15.829	3
15.833	5
15.835	3
15.837	3
15.84	3
15.851	3
15.852	3
15.858	5
15.862	3
15.865	4
15.867	5
16.325	3
16.326	3
16.327	3
16.327	3
16.327	3
16.328	3
16.328	3
16.328	3
16.329	3
16.33	3
16.33	3
16.33	3
16.331	3
16.331	3
16.331	3
16.332	3
16.332	3
16.333	3
16.334	5
16.334	3
16.336	4
16.336	3
16.337	3
16.337	5
16.338	3
16.341	3
16.342	3
16.342	2
16.344	4
16.344	3
16.345	3
16.346	3
16.346	3
16.351	3
16.351	4
16.351	5
16.351	3
16.354	3
16.355	3
16.355	3
16.355	3
16.358	3
16.361	3
16.365	4
16.366	4
16.366	3
16.369	3
16.369	3
16.372	3
16.373	3
16.375	3
16.377	3
16.377	3
16.377	3
16.381	5
16.383	3
16.385	3
16.388	3
16.399	3
16.4	3
16.406	5
16.41	3
16.413	4
16.415	5
16.451	3
16.452	3
16.453	3
16.453	3
16.453	3
16.454	3
16.454	3
16.454	3
16.455	3
16.456	3
16.456	3
16.456	3
16.457	3
16.457	3
16.457	3
16.458	3
16.458	3
16.459	3
16.46	5
16.46	3
16.462	4
16.462	3
16.463	3
16.463	5
16.464	3
16.467	3
16.468	3
16.468	3
16.47	4
16.47	3
16.471	3
16.472	3
16.472	3
16.475	3
16.476	3
16.477	3
16.477	4
16.477	5
16.477	3
16.477	3
16.477	3
16.477	3
16.478	3
16.478	3
16.478	3
16.479	3
16.48	3
16.48	3
16.48	3
16.48	3
16.481	3
16.481	3
16.481	3
16.481	3
16.481	3
16.481	3
16.482	3
16.482	3
16.483	3
16.484	3
16.484	5
16.484	3
16.486	4
16.486	3
16.487	3
16.487	3
16.487	5
16.488	3
16.491	4
16.491	3
16.492	4
16.492	3
16.492	3
16.492	4
16.494	4
16.494	3
16.495	3
16.495	3
16.495	3
16.496	3
16.496	3
16.498	3
16.499	3
16.499	3
16.5	3
16.501	3
16.501	3
16.501	4
16.501	5
16.501	3
16.501	3
16.501	3
16.501	3
16.502	3
16.502	3
16.502	3
16.503	3
16.503	3
16.503	3
16.503	3
16.504	3
16.504	3
16.504	3
16.504	3
16.505	3
16.505	3
16.505	3
16.505	3
16.505	3
16.505	3
16.506	3
16.506	3
16.507	5
16.507	3
16.508	3
16.508	5
16.508	3
16.509	3
16.51	4
16.51	3
16.511	3
16.511	3
16.511	3
16.511	5
16.512	3
16.514	3
16.515	4
16.515	3
16.516	4
16.516	3
16.516	3
16.516	4
16.518	3
16.518	3
16.519	3
16.519	3
16.519	3
16.52	3
16.52	3
16.522	3
16.523	3
16.525	3
16.525	3
16.525	3
16.525	4
16.525	5
16.525	3
16.526	3
16.527	3
16.527	3
16.527	3
16.528	3
16.529	3
16.529	3
16.529	3
16.531	5
16.532	5
16.532	3
16.533	3
16.535	3
16.535	3
16.536	3
16.538	3
16.539	4
16.539	4
16.54	4
16.54	3
16.541	5
16.543	3
16.543	3
16.546	3
16.547	3
16.549	3
16.549	3
16.55	3
16.551	3
16.551	3
16.551	3
16.555	5
16.556	5
16.557	3
16.559	3
16.56	3
16.562	3
16.563	4
16.565	5
16.573	3
16.574	3
16.58	5
16.584	3
16.587	4
16.589	5
16.608	3
16.609	3
16.61	3
16.61	3
16.61	3
16.611	3
16.611	3
16.611	3
16.612	3
16.613	3
16.613	3
16.613	3
16.614	3
16.614	3
16.614	3
16.615	3
16.615	3
16.616	3
16.617	5
16.617	3
16.619	4
16.619	3
16.62	3
16.62	5
16.621	3
16.624	3
16.625	3
16.625	5
16.627	3
16.627	3
16.628	3
16.629	3
16.629	3
16.634	3
16.634	4
16.634	5
16.634	3
16.637	3
16.638	3
16.638	3
16.638	3
16.641	3
16.644	3
16.648	4
16.649	4
16.649	3
16.652	3
16.652	3
16.655	3
16.656	3
16.658	3
16.66	3
16.66	3
16.66	3
16.664	5
16.666	3
16.668	3
16.671	3
16.682	3
16.683	3
16.689	5
16.693	3
16.696	4
16.698	5
16.717	3
16.718	3
16.719	3
16.719	3
16.719	3
16.72	3
16.72	3
16.72	3
16.721	3
16.722	3
16.722	3
16.722	3
16.723	3
16.723	3
16.723	3
16.724	3
16.724	3
16.725	3
16.726	5
16.726	3
16.728	4
16.728	3
16.729	3
16.729	5
16.73	3
16.733	3
16.734	3
16.734	6
16.736	3
16.736	3
16.737	3
16.738	3
16.738	3
16.743	3
16.743	4
16.743	5
16.743	3
16.746	3
16.747	3
16.747	3
16.747	3
16.75	3
16.753	3
16.757	4
16.758	4
16.758	3
16.761	3
16.761	3
16.764	3
16.765	3
16.767	3
16.769	3
16.769	3
16.769	3
16.773	5
16.775	3
16.777	3
16.78	3
16.791	3
16.792	3
16.798	5
16.802	3
16.805	4
16.807	5
16.979	3
16.98	3
16.981	3
16.981	3
16.981	3
16.982	3
16.982	3
16.982	3
16.983	3
16.984	3
16.984	3
16.984	3
16.985	3
16.985	3
16.985	3
16.986	3
16.986	3
16.987	3
16.988	5
16.988	3
16.99	4
16.99	3
16.991	3
16.991	5
16.992	3
16.995	3
16.996	3
16.996	7
16.996	3
16.997	3
16.998	3
16.998	3
16.998	3
16.998	3
16.998	3
16.999	3
16.999	3
16.999	3
16.999	3
17.0	3
17.0	3
17.0	3
17.001	3
17.001	3
17.001	3
17.002	3
17.002	3
17.002	3
17.003	3
17.003	3
17.004	3
17.005	3
17.005	4
17.005	5
17.005	3
17.005	5
17.005	3
17.007	4
17.007	3
17.008	3
17.008	3
17.008	5
17.009	3
17.009	3
17.009	3
17.009	3
17.012	3
17.012	3
17.013	3
17.013	8
17.015	3
17.015	3
17.015	3
17.016	3
17.017	3
17.017	3
17.019	4
17.02	4
17.02	3
17.022	3
17.022	4
17.022	5
17.022	3
17.023	3
17.023	3
17.025	3
17.026	3
17.026	3
17.026	3
17.026	3
17.027	3
17.029	3
17.029	3
17.031	3
17.031	3
17.031	3
17.032	3
17.035	5
17.036	4
17.037	3
17.037	4
17.037	3
17.039	3
17.04	3
17.04	3
17.042	3
17.043	3
17.044	3
17.046	3
17.048	3
17.048	3
17.048	3
17.052	5
17.053	3
17.054	3
17.054	3
17.056	3
17.059	3
17.06	5
17.064	3
17.067	4
17.069	5
17.07	3
17.071	3
17.077	5
17.081	3
17.084	4
17.086	5
18.382	3
18.383	3
18.384	3
18.384	3
18.384	3
18.385	3
18.385	3
18.385	3
18.386	3
18.387	3
18.387	3
18.387	3
18.388	3
18.388	3
18.388	3
18.389	3
18.389	3
18.39	3
18.391	4
18.391	3
18.393	4
18.393	3
18.394	3
18.394	5
18.395	3
18.398	3
18.399	3
18.399	8
18.401	3
18.401	3
18.402	3
18.403	3
18.403	3
18.408	3
18.408	4
18.408	5
18.408	3
18.411	3
18.412	3
18.412	3
18.412	3
18.415	3
18.418	3
18.422	4
18.423	4
18.423	3
18.426	3
18.426	3
18.429	3
18.43	3
18.432	3
18.434	3
18.434	3
18.434	3
18.438	5
18.44	3
18.442	3
18.445	3
18.456	3
18.457	3
18.463	5
18.467	3
18.47	4
18.472	5
18.638	3
18.639	3
18.64	3
18.64	3
18.64	3
18.641	3
18.641	3
18.641	3
18.642	3
18.643	3
18.643	3
18.643	3
18.644	3
18.644	3
18.644	3
18.645	3
18.645	3
18.646	3
18.647	4
18.647	3
18.649	4
18.649	3
18.65	3
18.65	5
18.651	3
18.654	3
18.655	3
18.655	8
18.657	3
18.657	3
18.658	3
18.659	3
18.659	3
18.664	3
18.664	4
18.664	5
18.664	3
18.665	3
18.666	3
18.667	3
18.667	3
18.667	3
18.667	3
18.668	3
18.668	3
18.668	3
18.668	3
18.668	3
18.668	3
18.669	3
18.67	3
18.67	3
18.67	3
18.671	3
18.671	3
18.671	3
18.671	3
18.672	3
18.672	3
18.673	3
18.674	3
18.674	4
18.674	3
18.676	4
18.676	3
18.677	3
18.677	5
18.678	4
18.678	3
18.679	4
18.679	3
18.681	3
18.682	3
18.682	3
18.682	3
18.682	8
18.684	3
18.684	3
18.685	3
18.685	3
18.686	3
18.686	3
18.686	3
18.688	3
18.69	3
18.69	3
18.69	3
18.691	3
18.691	4
18.691	5
18.691	3
18.694	4
18.694	3
18.695	3
18.695	3
18.695	3
18.696	3
18.698	3
18.698	3
18.701	3
18.701	3
18.705	3
18.706	4
18.706	3
18.709	3
18.709	3
18.712	3
18.712	3
18.713	3
18.713	3
18.715	3
18.717	3
18.717	3
18.717	3
18.719	5
18.719	3
18.72	3
18.721	4
18.721	3
18.721	3
18.721	3
18.722	3
18.722	3
18.722	3
18.723	3
18.723	3
18.723	3
18.724	3
18.724	3
18.724	3
18.725	3
18.725	3
18.725	3
18.725	3
18.726	4
18.726	3
18.726	3
18.727	3
18.728	5
18.728	3
18.728	4
18.728	3
18.73	4
18.73	3
18.731	3
18.731	5
18.732	3
18.735	3
18.736	3
18.736	8
18.738	3
18.738	3
18.739	3
18.739	3
18.74	3
18.74	3
18.74	3
18.745	3
18.745	3
18.745	5
18.745	3
18.746	5
18.748	3
18.749	3
18.749	3
18.749	3
18.75	3
18.752	3
18.753	4
18.755	5
18.755	3
18.759	3
18.76	4
18.76	3
18.763	3
18.763	3
18.766	3
18.767	3
18.769	3
18.77	3
18.771	3
18.771	3
18.771	3
18.771	3
18.772	3
18.772	3
18.772	3
18.773	3
18.773	3
18.773	3
18.774	3
18.775	4
18.775	3
18.775	3
18.775	3
18.776	3
18.776	3
18.776	3
18.777	3
18.777	3
18.777	3
18.778	3
18.779	3
18.779	4
18.779	3
18.781	4
18.781	3
18.782	3
18.782	3
18.782	5
18.783	3
18.786	3
18.787	3
18.787	8
18.789	3
18.789	3
18.79	3
18.791	3
18.791	3
18.793	3
18.794	3
18.796	3
18.796	3
18.796	5
18.796	3
18.799	3
18.8	5
18.8	3
18.8	3
18.8	3
18.803	3
18.804	3
18.806	3
18.807	4
18.809	5
18.81	3
18.811	4
18.811	3
18.814	3
18.814	3
18.817	3
18.818	3
18.82	3
18.822	3
18.822	3
18.822	3
18.826	3
18.828	3
18.83	3
18.833	3
18.844	3
18.845	3
18.851	5
18.855	3
18.858	4
18.86	5
19.012	3
19.013	3
19.014	3
19.014	3
19.014	3
19.015	3
19.015	3
19.015	3
19.016	3
19.017	3
19.017	3
19.017	3
19.018	3
19.018	3
19.018	3
19.019	3
19.019	3
19.02	3
19.021	4
19.021	3
19.023	3
19.023	3
19.024	3
19.024	5
19.025	3
19.028	3
19.029	3
19.029	8
19.031	3
19.031	3
19.032	3
19.033	3
19.033	3
19.038	3
19.038	3
19.038	5
19.038	3
19.041	3
19.042	3
19.042	3
19.042	3
19.045	3
19.048	3
19.052	3
19.053	4
19.053	3
19.056	3
19.056	3
19.059	3
19.06	3
19.062	3
19.064	3
19.064	3
19.064	3
19.068	3
19.07	3
19.072	3
19.075	3
19.086	3
19.087	3
19.093	5
19.097	3
19.1	4
19.102	5
19.243	3
19.244	3
19.245	3
19.245	3
19.245	3
19.246	3
19.246	3
19.246	3
19.247	3
19.248	3
19.248	3
19.248	3
19.249	3
19.249	3
19.249	3
19.25	3
19.25	3
19.251	3
19.252	4
19.252	3
19.254	3
19.254	3
19.255	3
19.255	5
19.256	3
19.259	3
19.26	3
19.26	8
19.262	3
19.262	3
19.263	3
19.264	3
19.264	3
19.269	3
19.269	3
19.269	5
19.269	3
19.272	3
19.273	3
19.273	3
19.273	3
19.276	3
19.279	3
19.283	3
19.284	4
19.284	3
19.287	3
19.287	3
19.29	3
19.291	3
19.293	3
19.295	3
19.295	3
19.295	3
19.299	3
19.301	3
19.303	3
19.306	3
19.317	3
19.318	3
19.324	5
19.328	3
19.331	4
19.333	4
19.628	3
19.629	3
19.63	3
19.63	3
19.63	3
19.631	3
19.631	3
19.631	3
19.632	3
19.633	3
19.633	3
19.633	3
19.634	3
19.634	3
19.634	3
19.635	3
19.635	3
19.636	3
19.637	4
19.637	3
19.639	3
19.639	3
19.64	3
19.64	4
19.641	3
19.644	3
19.645	3
19.645	8
19.647	3
19.647	3
19.648	3
19.649	3
19.649	3
19.654	3
19.654	3
19.654	5
19.654	3
19.657	3
19.658	3
19.658	3
19.658	3
19.661	3
19.664	3
19.668	3
19.669	4
19.669	3
19.672	3
19.672	3
19.675	3
19.676	3
19.678	3
19.68	3
19.68	3
19.68	3
19.684	3
19.686	3
19.688	3
19.691	3
19.702	3
19.703	3
19.709	5
19.713	3
19.716	4
19.718	4
20.127	3
20.128	3
20.129	3
20.129	3
20.129	3
20.13	3
20.13	3
20.13	3
20.131	3
20.132	3
20.132	3
20.132	3
20.133	3
20.133	3
20.133	3
20.134	3
20.134	3
20.135	3
20.136	4
20.136	3
20.138	3
20.138	3
20.139	3
20.139	4
20.14	3
20.143	3
20.144	3
20.144	8
20.146	3
20.146	3
20.147	3
20.148	3
20.148	3
20.153	3
20.153	3
20.153	5
20.153	3
20.156	3
20.157	3
20.157	3
20.157	3
20.16	3
20.163	3
20.167	3
20.168	3
20.168	3
20.171	3
20.171	3
20.174	3
20.175	3
20.177	3
20.179	3
20.179	3
20.179	3
20.183	3
20.185	3
20.187	3
20.19	3
20.201	3
20.202	3
20.208	5
20.212	3
20.215	4
20.217	4
20.722	3
20.723	3
20.724	3
20.724	3
20.724	3
20.725	3
20.725	3
20.725	3
20.726	3
20.727	3
20.727	3
20.727	3
20.728	3
20.728	3
20.728	3
20.729	3
20.729	3
20.73	3
20.731	4
20.731	3
20.733	3
20.733	3
20.734	3
20.734	4
20.735	3
20.738	3
20.739	3
20.739	8
20.741	3
20.741	3
20.742	3
20.743	3
20.743	3
20.748	3
20.748	3
20.748	5
20.748	3
20.751	3
20.752	3
20.752	3
20.752	3
20.755	3
20.758	3
20.762	3
20.763	3
20.763	3
20.766	3
20.766	3
20.769	3
20.77	3
20.772	3
20.774	3
20.774	3
20.774	3
20.778	3
20.78	3
20.782	3
20.785	3
20.796	3
20.797	3
20.803	4
20.807	3
20.81	4
20.812	4
21.818	3
21.819	3
21.82	3
21.82	3
21.82	3
21.821	3
21.821	3
21.821	3
21.822	3
21.823	3
21.823	3
21.823	3
21.824	3
21.824	3
21.824	3
21.825	3
21.825	3
21.826	3
21.827	4
21.827	3
21.829	3
21.829	3
21.83	3
21.83	4
21.831	3
21.834	3
21.835	3
21.835	8
21.837	3
21.837	3
21.838	3
21.839	3
21.839	3
21.844	3
21.844	3
21.844	5
21.844	3
21.846	3
21.847	3
21.847	3
21.848	3
21.848	3
21.848	3
21.848	3
21.848	3
21.848	3
21.849	3
21.849	3
21.849	3
21.85	3
21.851	3
21.851	3
21.851	3
21.851	3
21.852	3
21.852	3
21.852	3
21.853	3
21.853	3
21.854	3
21.854	3
21.855	4
21.855	3
21.857	3
21.857	3
21.858	3
21.858	3
21.858	3
21.859	3
21.859	3
21.859	3
21.862	3
21.862	3
21.862	3
21.863	3
21.863	8
21.865	3
21.865	3
21.865	3
21.866	3
21.866	3
21.867	3
21.867	3
21.868	3
21.87	3
21.87	3
21.87	3
21.872	3
21.872	3
21.872	5
21.872	3
21.874	3
21.875	3
21.876	3
21.876	3
21.876	3
21.876	3
21.878	3
21.879	3
21.881	3
21.882	3
21.886	3
21.887	3
21.887	3
21.89	3
21.89	3
21.892	3
21.893	3
21.893	3
21.894	3
21.896	3
21.898	3
21.898	3
21.898	3
21.899	4
21.902	3
21.903	3
21.904	3
21.906	4
21.906	3
21.908	3
21.909	3
21.92	3
21.921	3
21.927	4
21.931	3
21.934	4
21.936	3
22.068	3
22.069	3
22.07	3
22.07	3
22.07	3
22.071	3
22.071	3
22.071	3
22.072	3
22.073	3
22.073	3
22.073	3
22.074	3
22.074	3
22.074	3
22.075	3
22.075	3
22.076	3
22.077	3
22.077	3
22.079	3
22.079	3
22.08	3
22.08	3
22.081	3
22.084	3
22.085	3
22.085	8
22.087	3
22.087	3
22.088	3
22.089	3
22.089	3
22.094	3
22.094	3
22.094	5
22.094	3
22.097	3
22.098	3
22.098	3
22.098	3
22.101	3
22.104	3
22.108	3
22.109	3
22.109	3
22.112	3
22.112	3
22.115	3
22.116	3
22.118	3
22.12	3
22.12	3
22.12	3
22.124	3
22.126	3
22.128	3
22.131	3
22.142	3
22.143	3
22.149	4
22.153	3
22.156	4
22.158	3
24.681	3
24.682	3
24.683	3
24.683	3
24.683	3
24.684	3
24.684	3
24.684	3
24.685	3
24.686	3
24.686	3
24.686	3
24.687	3
24.687	3
24.687	3
24.688	3
24.688	3
24.689	3
24.69	3
24.69	3
24.692	3
24.692	3
24.693	3
24.693	3
24.694	3
24.697	3
24.698	3
24.698	8
24.7	3
24.7	3
24.701	3
24.702	3
24.702	3
24.707	3
24.707	3
24.707	5
24.707	3
24.71	3
24.711	3
24.711	3
24.711	3
24.714	3
24.717	3
24.721	3
24.722	3
24.722	3
24.725	3
24.725	3
24.728	3
24.729	3
24.731	3
24.733	3
24.733	3
24.733	3
24.737	3
24.739	3
24.741	3
24.744	3
24.755	3
24.756	3
24.762	4
24.766	3
24.769	3
24.771	3
27.466	3
27.467	3
27.468	3
27.468	3
27.468	3
27.469	3
27.469	3
27.469	3
27.47	3
27.471	3
27.471	3
27.471	3
27.472	3
27.472	3
27.472	3
27.473	3
27.473	3
27.474	3
27.475	3
27.475	3
27.477	3
27.477	3
27.478	3
27.478	3
27.479	3
27.482	3
27.483	3
27.483	8
27.485	3
27.485	3
27.486	3
27.487	3
27.487	3
27.492	3
27.492	3
27.492	4
27.492	3
27.495	3
27.496	3
27.496	3
27.496	3
27.499	3
27.502	3
27.506	3
27.507	3
27.507	3
27.51	3
27.51	3
27.513	3
27.514	3
27.516	3
27.518	3
27.518	3
27.518	3
27.522	3
27.524	3
27.526	3
27.529	3
27.54	3
27.541	3
27.547	4
27.551	3
27.554	3
27.556	3
28.27	3
28.271	3
28.272	3
28.272	3
28.272	3
28.273	3
28.273	3
28.273	3
28.274	3
28.275	3
28.275	3
28.275	3
28.276	3
28.276	3
28.276	3
28.277	3
28.277	3
28.278	3
28.279	3
28.279	3
28.281	3
28.281	3
28.282	3
28.282	3
28.283	3
28.286	3
28.287	3
28.287	7
28.289	3
28.289	3
28.29	3
28.291	3
28.291	3
28.296	3
28.296	3
28.296	4
28.296	3
28.299	3
28.3	3
28.3	3
28.3	3
28.303	3
28.306	3
28.31	3
28.311	3
28.311	3
28.314	3
28.314	3
28.317	3
28.318	3
28.32	3
28.322	3
28.322	3
28.322	3
28.326	3
28.328	3
28.33	3
28.333	3
28.344	3
28.345	3
28.351	4
28.355	3
28.358	3
28.36	3
28.701	3
28.702	3
28.703	3
28.703	3
28.703	3
28.704	3
28.704	3
28.704	3
28.705	3
28.706	3
28.706	3
28.706	3
28.707	3
28.707	3
28.707	3
28.708	3
28.708	3
28.709	3
28.71	3
28.71	3
28.712	3
28.712	3
28.713	3
28.713	3
28.714	3
28.717	3
28.718	3
28.718	7
28.72	3
28.72	3
28.721	3
28.722	3
28.722	3
28.727	3
28.727	3
28.727	3
28.727	3
28.73	3
28.731	3
28.731	3
28.731	3
28.734	3
28.737	3
28.741	3
28.742	3
28.742	3
28.745	3
28.745	3
28.748	3
28.749	3
28.751	3
28.753	3
28.753	3
28.753	3
28.757	3
28.759	3
28.761	3
28.764	3
28.775	3
28.776	3
28.782	4
28.786	3
28.789	3
28.791	3
31.267	3
31.268	3
31.269	3
31.269	3
31.269	3
31.27	3
31.27	3
31.27	3
31.271	3
31.272	3
31.272	3
31.272	3
31.273	3
31.273	3
31.273	3
31.274	3
31.274	3
31.275	3
31.276	3
31.276	3
31.278	3
31.278	3
31.279	3
31.279	3
31.28	3
31.283	3
31.284	3
31.284	6
31.286	3
31.286	3
31.287	3
31.288	3
31.288	3
31.293	3
31.293	3
31.293	3
31.293	3
31.296	3
31.297	3
31.297	3
31.297	3
31.3	3
31.303	3
31.307	3
31.308	3
31.308	3
31.311	3
31.311	3
31.314	3
31.315	3
31.317	3
31.319	3
31.319	3
31.319	3
31.323	3
31.325	3
31.327	3
31.33	3
31.341	3
31.342	3
31.348	4
31.352	3
31.355	3
31.357	3
33.417	3
33.418	3
33.419	3
33.419	3
33.419	3
33.42	3
33.42	3
33.42	3
33.421	3
33.422	3
33.422	3
33.422	3
33.423	3
33.423	3
33.423	3
33.424	3
33.424	3
33.425	3
33.426	3
33.426	3
33.428	3
33.428	3
33.429	3
33.429	3
33.43	3
33.433	3
33.434	3
33.434	5
33.436	3
33.436	3
33.437	3
33.438	3
33.438	3
33.443	3
33.443	3
33.443	3
33.443	3
33.446	3
33.447	3
33.447	3
33.447	3
33.45	3
33.453	3
33.457	3
33.458	3
33.458	3
33.461	3
33.461	3
33.464	3
33.465	3
33.467	3
33.469	3
33.469	3
33.469	3
33.473	3
33.475	3
33.477	3
33.48	3
33.491	3
33.492	3
33.498	4
33.502	3
33.505	3
33.507	3
36.814	3
36.815	3
36.816	3
36.816	3
36.816	3
36.817	3
36.817	3
36.817	3
36.818	3
36.819	3
36.819	3
36.819	3
36.82	3
36.82	3
36.82	3
36.821	3
36.821	3
36.822	3
36.823	3
36.823	3
36.825	3
36.825	3
36.826	3
36.826	3
36.827	3
36.83	3
36.831	3
36.831	4
36.833	3
36.833	3
36.834	3
36.835	3
36.835	3
36.84	3
36.84	3
36.84	3
36.84	3
36.843	3
36.844	3
36.844	3
36.844	3
36.847	3
36.85	3
36.854	3
36.855	3
36.855	3
36.858	3
36.858	3
36.861	3
36.862	3
36.864	3
36.866	3
36.866	3
36.866	3
36.87	3
36.872	3
36.874	3
36.877	3
36.888	3
36.889	3
36.895	4
36.899	3
36.902	3
36.904	3
37.348	3
37.349	3
37.35	3
37.35	3
37.35	3
37.351	3
37.351	3
37.351	3
37.352	3
37.353	3
37.353	3
37.353	3
37.354	3
37.354	3
37.354	3
37.355	3
37.355	3
37.356	3
37.357	3
37.357	3
37.359	3
37.359	3
37.36	3
37.36	3
37.361	3
37.364	3
37.365	3
37.365	4
37.367	3
37.367	3
37.368	3
37.369	3
37.369	3
37.374	3
37.374	3
37.374	3
37.374	3
37.377	3
37.378	3
37.378	3
37.378	3
37.381	3
37.384	3
37.388	3
37.389	3
37.389	3
37.392	3
37.392	3
37.395	3
37.396	3
37.398	3
37.4	3
37.4	3
37.4	3
37.404	3
37.406	3
37.408	3
37.411	3
37.422	3
37.423	3
37.429	3
37.433	3
37.436	3
37.438	3
37.69	3
37.691	3
37.692	3
37.692	3
37.692	3
37.693	3
37.693	3
37.693	3
37.694	3
37.695	3
37.695	3
37.695	3
37.696	3
37.696	3
37.696	3
37.697	3
37.697	3
37.698	3
37.699	3
37.699	3
37.701	3
37.701	3
37.702	3
37.702	3
37.703	3
37.706	3
37.707	3
37.707	4
37.709	3
37.709	3
37.71	3
37.711	3
37.711	3
37.716	3
37.716	3
37.716	3
37.716	3
37.719	3
37.72	3
37.72	3
37.72	3
37.723	3
37.726	3
37.73	3
37.731	3
37.731	3
37.734	3
37.734	3
37.737	3
37.738	3
37.74	3
37.742	3
37.742	3
37.742	3
37.746	3
37.748	3
37.75	3
37.753	3
37.764	3
37.765	3
37.771	2
37.775	3
37.778	3
37.78	3
38.18	3
38.181	3
38.182	3
38.182	3
38.182	3
38.183	3
38.183	3
38.183	3
38.184	3
38.185	3
38.185	3
38.185	3
38.186	3
38.186	3
38.186	3
38.187	3
38.187	3
38.188	3
38.189	3
38.189	3
38.19	3
38.191	3
38.191	3
38.191	3
38.192	3
38.192	3
38.192	3
38.192	3
38.192	3
38.193	3
38.193	3
38.193	3
38.193	3
38.194	3
38.195	3
38.195	3
38.195	3
38.196	3
38.196	3
38.196	3
38.196	3
38.197	3
38.197	4
38.197	3
38.197	3
38.198	3
38.199	3
38.199	3
38.199	3
38.199	3
38.2	3
38.201	3
38.201	3
38.201	3
38.201	3
38.202	3
38.202	3
38.203	3
38.206	3
38.206	3
38.206	3
38.206	3
38.206	3
38.207	3
38.207	4
38.209	3
38.209	3
38.209	3
38.209	3
38.21	3
38.21	3
38.21	3
38.21	3
38.21	3
38.211	3
38.211	3
38.211	3
38.211	3
38.211	3
38.212	3
38.212	3
38.212	3
38.213	3
38.213	3
38.214	3
38.214	3
38.214	3
38.215	3
38.215	3
38.215	3
38.216	3
38.216	3
38.216	3
38.216	3
38.216	3
38.216	3
38.216	3
38.217	3
38.218	3
38.218	3
38.219	3
38.22	3
38.22	3
38.22	3
38.22	3
38.22	3
38.22	3
38.221	3
38.221	3
38.221	3
38.221	3
38.222	3
38.223	3
38.224	3
38.224	3
38.225	3
38.226	3
38.226	3
38.226	4
38.227	3
38.228	3
38.228	3
38.228	3
38.229	3
38.23	3
38.23	3
38.23	3
38.23	3
38.231	3
38.231	3
38.232	3
38.232	3
38.232	3
38.234	3
38.234	3
38.235	3
38.235	3
38.235	3
38.235	3
38.236	3
38.237	3
38.238	3
38.238	3
38.238	3
38.239	3
38.239	3
38.239	3
38.24	3
38.24	3
38.242	3
38.242	3
38.242	3
38.242	3
38.243	3
38.245	3
38.246	3
38.248	3
38.249	3
38.25	3
38.25	3
38.25	3
38.253	3
38.253	3
38.253	3
38.254	3
38.255	3
38.256	3
38.257	3
38.259	3
38.261	3
38.261	3
38.261	3
38.261	3
38.264	3
38.265	3
38.265	3
38.265	3
38.267	3
38.268	3
38.269	3
38.27	3
38.271	4
38.272	3
38.275	3
38.278	3
38.28	3
38.283	3
38.284	3
38.29	5
38.294	3
38.297	3
38.299	3
41.06	3
41.061	3
41.062	3
41.062	3
41.062	3
41.063	3
41.063	3
41.063	3
41.064	3
41.065	3
41.065	3
41.065	3
41.066	3
41.066	3
41.066	3
41.067	3
41.067	3
41.068	3
41.069	3
41.069	3
41.071	3
41.071	3
41.072	3
41.072	3
41.073	3
41.076	3
41.077	3
41.077	4
41.079	3
41.079	3
41.08	3
41.081	3
41.081	3
41.086	3
41.086	3
41.086	3
41.086	3
41.089	3
41.09	3
41.09	3
41.09	3
41.093	3
41.096	3
41.1	3
41.101	3
41.101	3
41.104	3
41.104	3
41.107	3
41.108	3
41.11	3
41.112	3
41.112	3
41.112	3
41.116	3
41.118	3
41.12	3
41.123	3
41.134	3
41.135	3
41.141	4
41.145	3
41.148	3
41.15	3
41.184	3
41.185	3
41.186	3
41.186	3
41.186	3
41.187	3
41.187	3
41.187	3
41.188	3
41.189	3
41.189	3
41.189	3
41.19	3
41.19	3
41.19	3
41.191	3
41.191	3
41.192	3
41.193	3
41.193	3
41.195	3
41.195	3
41.196	3
41.196	3
41.197	3
41.2	3
41.201	3
41.201	4
41.203	3
41.203	3
41.204	3
41.205	3
41.205	3
41.21	3
41.21	3
41.21	3
41.21	3
41.213	3
41.214	3
41.214	3
41.214	3
41.217	3
41.22	3
41.224	3
41.225	3
41.225	3
41.228	3
41.228	3
41.231	3
41.232	3
41.234	3
41.236	3
41.236	3
41.236	3
41.24	3
41.242	3
41.244	3
41.247	3
41.258	3
41.259	3
41.265	3
41.269	3
41.272	3
41.274	3
41.678	3
41.679	3
41.68	3
41.68	3
41.68	3
41.681	3
41.681	3
41.681	3
41.682	3
41.683	3
41.683	3
41.683	3
41.684	3
41.684	3
41.684	3
41.685	3
41.685	3
41.686	3
41.687	3
41.687	3
41.689	3
41.689	3
41.69	3
41.69	3
41.691	3
41.694	3
41.695	3
41.695	3
41.697	3
41.697	3
41.698	3
41.699	3
41.699	3
41.704	3
41.704	3
41.704	3
41.704	3
41.707	3
41.708	3
41.708	3
41.708	3
41.711	3
41.714	3
41.718	3
41.719	3
41.719	3
41.722	3
41.722	3
41.725	3
41.726	3
41.728	3
41.73	3
41.73	3
41.73	3
41.734	3
41.736	3
41.738	3
41.741	3
41.752	3
41.753	3
41.759	3
41.763	3
41.766	3
41.768	3
