0.0	1
0.0	1
0.0	1
0.0	1
0.0	1
0.0	1
0.0	1
0.0	1
0.0	1
0.0	1
0.0	1
0.0	1
0.0	1
0.0	1
0.0	1
0.0	1
0.0	1
0.0	1
0.0	1
0.0	1
0.0	1
0.0	1
0.0	1
0.0	1
0.0	1
0.0	1
0.0	1
0.0	1
0.0	1
0.0	1
0.0	1
0.0	1
0.0	1
0.0	1
0.0	1
0.0	1
0.0	1
0.0	1
0.0	1
0.0	1
0.0	1
0.0	1
0.0	1
0.0	1
0.0	1
0.0	1
0.0	1
0.0	1
0.0	1
0.0	1
0.0	1
0.0	1
0.0	1
0.0	1
0.0	1
0.0	1
0.0	1
0.0	1
0.0	1
0.0	1
0.0	1
0.0	1
0.0	1
0.0	1
0.0	1
0.0	1
0.0	1
0.0	1
0.0	1
0.0	1
0.0	1
0.0	1
0.0	1
0.0	1
0.0	1
0.0	1
0.0	1
0.0	1
0.0	1
0.0	1
0.0	1
0.0	1
0.0	1
0.0	1
0.0	1
0.0	1
0.0	1
0.0	1
0.0	1
0.0	1
0.0	1
0.0	1
0.0	1
0.0	1
0.0	1
0.0	1
0.0	1
0.0	1
0.0	1
0.0	1
0.0	1
0.0	1
0.0	1
0.0	1
0.0	1
0.0	1
0.0	1
0.0	1
0.0	1
0.0	1
0.0	1
0.0	1
0.0	1
0.0	1
0.0	1
0.0	1
0.0	1
0.0	1
0.0	1
0.0	1
0.0	1
0.0	1
0.0	1
0.0	1
0.0	1
0.0	1
0.0	1
0.0	1
0.0	1
0.0	1
0.0	1
0.0	1
0.0	1
0.0	1
0.0	1
0.0	1
0.0	1
0.0	1
0.0	1
0.0	1
0.0	1
0.0	1
0.0	1
0.0	1
0.0	1
0.0	1
0.0	1
0.0	1
0.0	1
0.0	1
0.0	1
0.0	1
0.0	1
0.0	1
0.0	1
0.0	1
0.0	1
0.0	1
0.0	1
0.001	1
0.001	1
0.001	1
0.001	1
0.001	1
0.001	1
0.001	1
0.001	1
0.001	1
0.001	1
0.001	1
0.001	1
0.001	1
0.001	1
0.001	1
0.001	1
0.001	1
0.001	1
0.001	1
0.001	1
0.001	1
0.001	1
0.001	1
0.001	1
0.001	1
0.001	1
0.001	1
0.001	1
0.001	1
0.001	1
0.001	1
0.001	1
0.001	1
0.001	1
0.001	1
0.001	1
0.001	1
0.001	1
0.001	1
0.001	1
0.001	1
0.001	1
0.001	1
0.001	1
0.001	1
0.001	1
0.001	1
0.001	1
0.001	1
0.001	1
0.001	1
0.001	1
0.001	1
0.001	1
0.001	1
0.001	1
0.001	1
0.001	1
0.001	1
0.001	1
0.001	1
0.001	1
0.001	1
0.001	1
0.001	1
0.001	1
0.001	1
0.001	1
0.001	1
0.001	1
0.001	1
0.001	1
0.001	1
0.001	1
0.001	1
0.001	1
0.001	1
0.001	1
0.001	1
0.001	1
0.001	1
0.001	1
0.001	1
0.001	1
0.001	1
0.001	1
0.001	1
0.001	1
0.001	1
0.001	1
0.001	1
0.001	1
0.001	1
0.001	1
0.001	1
0.001	1
0.001	1
0.001	1
0.001	1
0.001	1
0.001	1
0.001	1
0.001	1
0.001	1
0.001	1
0.001	1
0.001	1
0.001	1
0.001	1
0.001	1
0.001	1
0.001	1
0.001	1
0.001	1
0.001	1
0.001	1
0.001	1
0.001	1
0.001	1
0.001	1
0.001	1
0.001	1
0.001	1
0.001	1
0.001	1
0.001	1
0.001	1
0.001	1
0.001	1
0.001	1
0.002	1
0.002	1
0.002	1
0.002	1
0.002	1
0.002	1
0.002	1
0.002	1
0.002	1
0.002	1
0.002	1
0.002	1
0.002	1
0.002	1
0.002	1
0.002	1
0.002	1
0.002	1
0.002	1
0.002	1
0.002	1
0.002	1
0.002	1
0.002	1
0.002	1
0.002	1
0.002	1
0.002	1
0.002	1
0.002	1
0.002	1
0.002	1
0.002	1
0.002	1
0.002	1
0.002	1
0.002	1
0.002	1
0.002	1
0.002	1
0.002	1
0.002	1
0.002	1
0.002	1
0.002	1
0.002	1
0.002	1
0.002	1
0.002	1
0.002	1
0.002	1
0.002	1
0.002	1
0.002	1
0.002	1
0.002	1
0.002	1
0.002	1
0.002	1
0.002	1
0.002	1
0.002	1
0.002	1
0.002	1
0.002	1
0.002	1
0.002	1
0.002	1
0.002	1
0.002	1
0.002	1
0.002	1
0.002	1
0.002	1
0.002	1
0.002	1
0.002	1
0.002	1
0.002	1
0.002	1
0.002	1
0.002	1
0.002	1
0.002	1
0.002	1
0.002	1
0.002	1
0.002	1
0.002	1
0.002	1
0.002	1
0.002	1
0.002	1
0.002	1
0.002	1
0.002	1
0.002	1
0.002	1
0.002	1
0.002	1
0.002	1
0.002	1
0.002	1
0.002	1
0.002	1
0.002	1
0.002	1
0.002	1
0.002	1
0.002	1
0.002	1
0.002	1
0.002	1
0.002	1
0.002	1
0.002	1
0.002	1
0.002	1
0.002	1
0.002	1
0.002	1
0.002	1
0.002	1
0.002	1
0.002	1
0.002	1
0.002	1
0.002	1
0.002	1
0.002	1
0.002	1
0.002	1
0.003	1
0.003	1
0.003	1
0.003	1
0.003	1
0.003	1
0.003	1
0.003	1
0.003	1
0.003	1
0.003	1
0.003	1
0.003	1
0.003	1
0.003	1
0.003	1
0.003	1
0.003	1
0.003	1
0.003	1
0.003	1
0.003	1
0.003	1
0.003	1
0.003	1
0.003	1
0.003	1
0.003	1
0.003	1
0.003	1
0.003	1
0.003	1
0.003	1
0.003	1
0.003	1
0.003	1
0.003	1
0.003	1
0.003	1
0.003	1
0.003	1
0.003	1
0.003	1
0.003	1
0.003	1
0.003	1
0.003	1
0.003	1
0.003	1
0.003	1
0.003	1
0.003	1
0.003	1
0.003	1
0.003	1
0.003	1
0.003	1
0.003	1
0.003	1
0.003	1
0.003	1
0.003	1
0.003	1
0.003	1
0.003	1
0.003	1
0.003	1
0.003	1
0.003	1
0.003	1
0.003	1
0.003	1
0.003	1
0.003	1
0.003	1
0.003	1
0.003	1
0.003	1
0.003	1
0.003	1
0.003	1
0.003	1
0.003	1
0.003	1
0.003	1
0.003	1
0.003	1
0.003	1
0.003	1
0.003	1
0.003	1
0.003	1
0.003	1
0.003	1
0.003	1
0.003	1
0.003	1
0.003	1
0.003	1
0.003	1
0.003	1
0.003	1
0.003	1
0.003	1
0.004	1
0.004	1
0.004	1
0.004	1
0.004	1
0.004	1
0.004	1
0.004	1
0.004	1
0.004	1
0.004	1
0.004	1
0.004	1
0.004	1
0.004	1
0.004	1
0.004	1
0.004	1
0.004	1
0.004	1
0.004	1
0.004	1
0.004	1
0.004	1
0.004	1
0.004	1
0.004	1
0.004	1
0.004	1
0.004	1
0.004	1
0.004	1
0.004	1
0.004	1
0.004	1
0.004	1
0.004	1
0.004	1
0.004	1
0.004	1
0.004	1
0.004	1
0.004	1
0.004	1
0.004	1
0.004	1
0.004	1
0.004	1
0.004	1
0.004	1
0.004	1
0.004	1
0.004	1
0.004	1
0.004	1
0.004	1
0.004	1
0.004	1
0.004	1
0.004	1
0.004	1
0.004	1
0.004	1
0.004	1
0.004	1
0.004	1
0.004	1
0.004	1
0.004	1
0.004	1
0.004	1
0.004	1
0.004	1
0.004	1
0.004	1
0.004	1
0.004	1
0.004	1
0.004	1
0.004	1
0.004	1
0.004	1
0.004	1
0.004	1
0.004	1
0.004	1
0.004	1
0.004	1
0.004	1
0.004	1
0.004	1
0.004	1
0.004	1
0.004	1
0.004	1
0.004	1
0.004	1
0.004	1
0.004	1
0.004	1
0.004	1
0.004	1
0.004	1
0.004	1
0.004	1
0.004	1
0.004	1
0.004	1
0.004	1
0.004	1
0.004	1
0.004	1
0.004	1
0.004	1
0.004	1
0.004	1
0.004	1
0.004	1
0.004	1
0.004	1
0.004	1
0.004	1
0.004	1
0.004	1
0.005	1
0.005	1
0.005	1
0.005	1
0.005	1
0.005	1
0.005	1
0.005	1
0.005	1
0.005	1
0.005	1
0.005	1
0.005	1
0.005	1
0.005	1
0.005	1
0.005	1
0.005	1
0.005	1
0.005	1
0.005	1
0.005	1
0.005	1
0.005	1
0.005	1
0.005	1
0.005	1
0.005	1
0.005	1
0.005	1
0.005	1
0.005	1
0.005	1
0.005	1
0.005	1
0.005	1
0.005	1
0.005	1
0.005	1
0.005	1
0.005	1
0.005	1
0.005	1
0.005	1
0.005	1
0.005	1
0.005	1
0.005	1
0.005	1
0.005	1
0.005	1
0.005	1
0.005	1
0.005	1
0.005	1
0.005	1
0.005	1
0.005	1
0.005	1
0.005	1
0.005	1
0.005	1
0.005	1
0.005	1
0.005	1
0.005	1
0.005	1
0.005	1
0.005	1
0.005	1
0.005	1
0.005	1
0.005	1
0.005	1
0.005	1
0.005	1
0.005	1
0.005	1
0.005	1
0.005	1
0.005	1
0.005	1
0.005	1
0.005	1
0.005	1
0.005	1
0.005	1
0.005	1
0.005	1
0.005	1
0.005	1
0.005	1
0.005	1
0.005	1
0.005	1
0.005	1
0.005	1
0.005	1
0.005	1
0.005	1
0.005	1
0.005	1
0.005	1
0.005	1
0.005	1
0.005	1
0.005	1
0.005	1
0.005	1
0.005	1
0.005	1
0.005	1
0.005	1
0.005	1
0.005	1
0.005	1
0.005	1
0.005	1
0.005	1
0.005	1
0.005	1
0.006	1
0.006	1
0.006	1
0.006	1
0.006	1
0.006	1
0.006	1
0.006	1
0.006	1
0.006	1
0.006	1
0.006	1
0.006	1
0.006	1
0.006	1
0.006	1
0.006	1
0.006	1
0.006	1
0.006	1
0.006	1
0.006	1
0.006	1
0.006	1
0.006	1
0.006	1
0.006	1
0.006	1
0.006	1
0.006	1
0.006	1
0.006	1
0.006	1
0.006	1
0.006	1
0.006	1
0.006	1
0.006	1
0.006	1
0.006	1
0.006	1
0.006	1
0.006	1
0.006	1
0.006	1
0.006	1
0.006	1
0.006	1
0.006	1
0.006	1
0.006	1
0.006	1
0.006	1
0.006	1
0.006	1
0.006	1
0.006	1
0.006	1
0.006	1
0.006	1
0.006	1
0.006	1
0.006	1
0.006	1
0.006	1
0.006	1
0.006	1
0.006	1
0.006	1
0.006	1
0.006	1
0.006	1
0.006	1
0.006	1
0.006	1
0.006	1
0.006	1
0.006	1
0.006	1
0.006	1
0.006	1
0.006	1
0.006	1
0.006	1
0.006	1
0.006	1
0.006	1
0.006	1
0.006	1
0.006	1
0.006	1
0.006	1
0.006	1
0.006	1
0.006	1
0.006	1
0.006	1
0.006	1
0.006	1
0.006	1
0.006	1
0.006	1
0.006	1
0.006	1
0.006	1
0.006	1
0.006	1
0.006	1
0.006	1
0.006	1
0.006	1
0.006	1
0.006	1
0.006	1
0.006	1
0.006	1
0.006	1
0.006	1
0.006	1
0.006	1
0.006	1
0.006	1
0.006	1
0.006	1
0.006	1
0.006	1
0.006	1
0.006	1
0.006	1
0.006	1
0.006	1
0.006	1
0.006	1
0.006	1
0.007	1
0.007	1
0.007	1
0.007	1
0.007	1
0.007	1
0.007	1
0.007	1
0.007	1
0.007	1
0.007	1
0.007	1
0.007	1
0.007	1
0.007	1
0.007	1
0.007	1
0.007	1
0.007	1
0.007	1
0.007	1
0.007	1
0.007	1
0.007	1
0.007	1
0.007	1
0.007	1
0.007	1
0.007	1
0.007	1
0.007	1
0.007	1
0.007	1
0.007	1
0.007	1
0.007	1
0.007	1
0.007	1
0.007	1
0.007	1
0.007	1
0.007	1
0.007	1
0.007	1
0.007	1
0.007	1
0.007	1
0.007	1
0.007	1
0.007	1
0.007	1
0.007	1
0.007	1
0.007	1
0.007	1
0.007	1
0.007	1
0.007	1
0.007	1
0.007	1
0.007	1
0.007	1
0.007	1
0.007	1
0.007	1
0.007	1
0.007	1
0.007	1
0.007	1
0.007	1
0.007	1
0.007	1
0.007	1
0.007	1
0.007	1
0.007	1
0.007	1
0.007	1
0.007	1
0.007	1
0.007	1
0.007	1
0.007	1
0.007	1
0.007	1
0.007	1
0.007	1
0.007	1
0.007	1
0.007	1
0.007	1
0.007	1
0.007	1
0.007	1
0.007	1
0.007	1
0.007	1
0.007	1
0.007	1
0.007	1
0.007	1
0.007	1
0.007	1
0.007	1
0.007	1
0.007	1
0.007	1
0.007	1
0.007	1
0.007	1
0.007	1
0.007	1
0.007	1
0.008	1
0.008	1
0.008	1
0.008	1
0.008	1
0.008	1
0.008	1
0.008	1
0.008	1
0.008	1
0.008	1
0.008	1
0.008	1
0.008	1
0.008	1
0.008	1
0.008	1
0.008	1
0.008	1
0.008	1
0.008	1
0.008	1
0.008	1
0.008	1
0.008	1
0.008	1
0.008	1
0.008	1
0.008	1
0.008	1
0.008	1
0.008	1
0.008	1
0.008	1
0.008	1
0.008	1
0.008	1
0.008	1
0.008	1
0.008	1
0.008	1
0.008	1
0.008	1
0.008	1
0.008	1
0.008	1
0.008	1
0.008	1
0.008	1
0.008	1
0.008	1
0.008	1
0.008	1
0.008	1
0.008	1
0.008	1
0.008	1
0.008	1
0.008	1
0.008	1
0.008	1
0.008	1
0.008	1
0.008	1
0.008	1
0.008	1
0.008	1
0.008	1
0.008	1
0.008	1
0.008	1
0.008	1
0.008	1
0.008	1
0.008	1
0.008	1
0.008	1
0.008	1
0.008	1
0.008	1
0.008	1
0.008	1
0.008	1
0.008	1
0.008	1
0.008	1
0.008	1
0.008	1
0.008	1
0.008	1
0.008	1
0.008	1
0.008	1
0.008	1
0.008	1
0.008	1
0.008	1
0.008	1
0.008	1
0.008	1
0.008	1
0.008	1
0.008	1
0.008	1
0.008	1
0.008	1
0.008	1
0.008	1
0.008	1
0.008	1
0.008	1
0.008	1
0.008	1
0.008	1
0.008	1
0.008	1
0.008	1
0.008	1
0.008	1
0.008	1
0.008	1
0.008	1
0.008	1
0.008	1
0.008	1
0.008	1
0.008	1
0.008	1
0.008	1
0.008	1
0.008	1
0.008	1
0.009	1
0.009	1
0.009	1
0.009	1
0.009	1
0.009	1
0.009	1
0.009	1
0.009	1
0.009	1
0.009	1
0.009	1
0.009	1
0.009	1
0.009	1
0.009	1
0.009	1
0.009	1
0.009	1
0.009	1
0.009	1
0.009	1
0.009	1
0.009	1
0.009	1
0.009	1
0.009	1
0.009	1
0.009	1
0.009	1
0.009	1
0.009	1
0.009	1
0.009	1
0.009	1
0.009	1
0.009	1
0.009	1
0.009	1
0.009	1
0.009	1
0.009	1
0.009	1
0.009	1
0.009	1
0.009	1
0.009	1
0.009	1
0.009	1
0.009	1
0.009	1
0.009	1
0.009	1
0.009	1
0.009	1
0.009	1
0.009	1
0.009	1
0.009	1
0.009	1
0.009	1
0.009	1
0.009	1
0.009	1
0.009	1
0.009	1
0.009	1
0.009	1
0.009	1
0.009	1
0.009	1
0.009	1
0.009	1
0.009	1
0.009	1
0.009	1
0.009	1
0.009	1
0.009	1
0.009	1
0.009	1
0.009	1
0.009	1
0.009	1
0.009	1
0.009	1
0.009	1
0.009	1
0.009	1
0.009	1
0.009	1
0.009	1
0.009	1
0.009	1
0.009	1
0.009	1
0.009	1
0.009	1
0.009	1
0.009	1
0.009	1
0.009	1
0.009	1
0.009	1
0.009	1
0.009	1
0.009	1
0.009	1
0.009	1
0.009	1
0.009	1
0.009	1
0.009	1
0.009	1
0.009	1
0.009	1
0.009	1
0.009	1
0.009	1
0.009	1
0.009	1
0.009	1
0.009	1
0.009	1
0.009	1
0.009	1
0.009	1
0.009	1
0.009	1
0.009	1
0.009	1
0.009	1
0.009	1
0.009	1
0.009	1
0.009	1
0.01	1
0.01	1
0.01	1
0.01	1
0.01	1
0.01	1
0.01	1
0.01	1
0.01	1
0.01	1
0.01	1
0.01	1
0.01	1
0.01	1
0.01	1
0.01	1
0.01	1
0.01	1
0.01	1
0.01	1
0.01	1
0.01	1
0.01	1
0.01	1
0.01	1
0.01	1
0.01	1
0.01	1
0.01	1
0.01	1
0.01	1
0.01	1
0.01	1
0.01	1
0.01	1
0.01	1
0.01	1
0.01	1
0.01	1
0.01	1
0.01	1
0.01	1
0.01	1
0.01	1
0.01	1
0.01	1
0.01	1
0.01	1
0.01	1
0.01	1
0.01	1
0.01	1
0.01	1
0.01	1
0.01	1
0.01	1
0.01	1
0.01	1
0.01	1
0.01	1
0.01	1
0.01	1
0.01	1
0.01	1
0.01	1
0.01	1
0.01	1
0.01	1
0.01	1
0.01	1
0.01	1
0.01	1
0.01	1
0.01	1
0.01	1
0.01	1
0.01	1
0.01	1
0.01	1
0.01	1
0.01	1
0.01	1
0.01	1
0.01	1
0.01	1
0.01	1
0.01	1
0.01	1
0.01	1
0.01	1
0.01	1
0.01	1
0.01	1
0.01	1
0.01	1
0.01	1
0.01	1
0.01	1
0.01	1
0.01	1
0.01	1
0.01	1
0.01	1
0.01	1
0.01	1
0.01	1
0.01	1
0.01	1
0.01	1
0.01	1
0.01	1
0.01	1
0.01	1
0.01	1
0.01	1
0.01	1
0.011	2
0.011	2
0.011	2
0.011	1
0.011	1
0.011	1
0.011	1
0.011	1
0.011	1
0.011	1
0.011	1
0.011	1
0.011	1
0.011	1
0.011	1
0.011	1
0.011	1
0.011	1
0.011	1
0.011	1
0.011	1
0.011	1
0.011	1
0.011	1
0.011	1
0.011	1
0.011	1
0.011	1
0.011	1
0.011	1
0.011	1
0.011	1
0.011	1
0.011	1
0.011	1
0.011	1
0.011	1
0.011	1
0.011	1
0.011	1
0.011	1
0.011	1
0.011	1
0.011	1
0.011	1
0.011	1
0.011	1
0.011	1
0.011	1
0.011	1
0.011	1
0.011	1
0.011	1
0.011	1
0.011	1
0.011	1
0.011	1
0.011	1
0.011	1
0.011	1
0.011	1
0.011	1
0.011	1
0.011	1
0.011	1
0.011	1
0.011	1
0.011	1
0.011	1
0.011	1
0.011	1
0.011	1
0.011	1
0.011	1
0.011	1
0.011	1
0.011	1
0.011	1
0.011	1
0.011	1
0.011	1
0.011	1
0.011	1
0.011	1
0.011	1
0.011	1
0.011	1
0.011	1
0.011	1
0.011	1
0.011	1
0.011	1
0.011	1
0.011	1
0.011	1
0.011	1
0.011	1
0.011	1
0.011	1
0.011	1
0.011	1
0.011	1
0.011	1
0.011	1
0.011	1
0.011	1
0.011	1
0.011	1
0.011	1
0.011	1
0.011	1
0.011	1
0.011	1
0.011	1
0.011	1
0.011	1
0.011	1
0.011	1
0.011	1
0.011	1
0.011	1
0.011	1
0.011	1
0.011	1
0.011	1
0.011	1
0.011	1
0.011	1
0.011	1
0.011	1
0.011	1
0.011	1
0.011	1
0.011	1
0.011	1
0.011	1
0.011	1
0.011	1
0.011	1
0.011	1
0.011	1
0.011	1
0.011	1
0.011	1
0.012	1
0.012	1
0.012	1
0.012	1
0.012	1
0.012	1
0.012	1
0.012	1
0.012	1
0.012	1
0.012	1
0.012	1
0.012	1
0.012	1
0.012	1
0.012	1
0.012	1
0.012	1
0.012	1
0.012	1
0.012	1
0.012	1
0.012	1
0.012	1
0.012	1
0.012	1
0.012	1
0.012	1
0.012	1
0.012	1
0.012	1
0.012	1
0.012	1
0.012	1
0.012	1
0.012	1
0.012	1
0.012	1
0.012	1
0.012	1
0.012	1
0.012	1
0.012	1
0.012	1
0.012	1
0.012	1
0.012	1
0.012	1
0.012	1
0.012	1
0.012	1
0.012	1
0.012	1
0.012	1
0.012	1
0.012	1
0.012	1
0.012	1
0.012	1
0.012	1
0.012	1
0.012	1
0.012	1
0.012	1
0.012	1
0.012	1
0.012	1
0.012	1
0.012	1
0.012	1
0.012	1
0.012	1
0.012	1
0.012	1
0.012	1
0.012	1
0.012	1
0.012	1
0.012	1
0.012	1
0.012	1
0.012	1
0.012	1
0.012	1
0.012	1
0.012	1
0.012	1
0.012	1
0.012	1
0.012	1
0.012	1
0.012	1
0.012	1
0.012	1
0.012	1
0.012	1
0.012	1
0.012	1
0.012	1
0.012	1
0.012	1
0.012	1
0.012	1
0.012	1
0.012	1
0.012	1
0.012	1
0.012	1
0.012	1
0.012	1
0.012	1
0.012	1
0.013	1
0.013	1
0.013	1
0.013	1
0.013	1
0.013	1
0.013	1
0.013	1
0.013	1
0.013	1
0.013	1
0.013	1
0.013	1
0.013	1
0.013	1
0.013	1
0.013	1
0.013	1
0.013	1
0.013	1
0.013	1
0.013	1
0.013	1
0.013	1
0.013	1
0.013	1
0.013	1
0.013	1
0.013	1
0.013	1
0.013	1
0.013	1
0.013	1
0.013	1
0.013	1
0.013	1
0.013	1
0.013	1
0.013	1
0.013	1
0.013	1
0.013	1
0.013	1
0.013	1
0.013	1
0.013	1
0.013	1
0.013	1
0.013	1
0.013	1
0.013	1
0.013	1
0.013	1
0.013	1
0.013	1
0.013	1
0.013	1
0.013	1
0.013	1
0.013	1
0.013	1
0.013	1
0.013	1
0.013	1
0.013	1
0.013	1
0.013	1
0.013	1
0.013	1
0.013	1
0.013	1
0.013	1
0.013	1
0.013	1
0.013	1
0.013	1
0.013	1
0.013	1
0.013	1
0.013	1
0.013	1
0.013	1
0.013	1
0.013	1
0.013	1
0.013	1
0.013	1
0.013	1
0.013	1
0.013	1
0.013	1
0.013	1
0.013	1
0.013	1
0.013	1
0.013	1
0.013	1
0.013	1
0.013	1
0.013	1
0.013	1
0.013	1
0.013	1
0.013	1
0.013	1
0.013	1
0.013	1
0.013	1
0.013	1
0.013	1
0.013	1
0.013	1
0.013	1
0.013	1
0.013	1
0.013	1
0.013	1
0.013	1
0.013	1
0.013	1
0.013	1
0.013	1
0.013	1
0.013	1
0.013	1
0.013	1
0.013	1
0.013	1
0.014	1
0.014	1
0.014	1
0.014	1
0.014	1
0.014	1
0.014	1
0.014	1
0.014	1
0.014	1
0.014	1
0.014	1
0.014	1
0.014	1
0.014	1
0.014	1
0.014	1
0.014	1
0.014	1
0.014	1
0.014	1
0.014	1
0.014	1
0.014	1
0.014	1
0.014	1
0.014	1
0.014	1
0.014	1
0.014	1
0.014	1
0.014	1
0.014	1
0.014	1
0.014	1
0.014	1
0.014	1
0.014	1
0.014	1
0.014	1
0.014	1
0.014	1
0.014	1
0.014	1
0.014	1
0.014	1
0.014	1
0.014	1
0.014	1
0.014	1
0.014	1
0.014	1
0.014	1
0.014	1
0.014	1
0.014	1
0.014	1
0.014	1
0.014	1
0.014	1
0.014	1
0.014	1
0.014	1
0.014	1
0.014	1
0.014	1
0.014	1
0.014	1
0.014	1
0.014	1
0.014	1
0.014	1
0.014	1
0.014	1
0.014	1
0.014	1
0.014	1
0.014	1
0.014	1
0.014	1
0.014	1
0.014	1
0.014	1
0.014	1
0.014	1
0.014	1
0.014	1
0.014	1
0.014	1
0.014	1
0.014	1
0.014	1
0.014	1
0.014	1
0.014	1
0.014	1
0.014	1
0.014	1
0.014	1
0.014	1
0.014	1
0.014	1
0.014	1
0.014	1
0.014	1
0.014	1
0.014	1
0.014	1
0.014	1
0.014	1
0.014	1
0.014	1
0.014	1
0.014	1
0.014	1
0.014	1
0.014	1
0.015	2
0.015	1
0.015	1
0.015	1
0.015	1
0.015	1
0.015	1
0.015	1
0.015	1
0.015	1
0.015	1
0.015	1
0.015	1
0.015	1
0.015	1
0.015	1
0.015	1
0.015	1
0.015	1
0.015	1
0.015	1
0.015	1
0.015	1
0.015	1
0.015	1
0.015	1
0.015	1
0.015	1
0.015	1
0.015	1
0.015	1
0.015	1
0.015	1
0.015	1
0.015	1
0.015	1
0.015	1
0.015	1
0.015	1
0.015	1
0.015	1
0.015	1
0.015	1
0.015	1
0.015	1
0.015	1
0.015	1
0.015	1
0.015	1
0.015	1
0.015	1
0.015	1
0.015	1
0.015	1
0.015	1
0.015	1
0.015	1
0.015	1
0.015	1
0.015	1
0.015	1
0.015	1
0.015	1
0.015	1
0.015	1
0.015	1
0.015	1
0.015	1
0.015	1
0.015	1
0.015	1
0.015	1
0.015	1
0.015	1
0.015	1
0.015	1
0.015	1
0.015	1
0.015	1
0.015	1
0.015	1
0.015	1
0.015	1
0.015	1
0.015	1
0.015	1
0.015	1
0.015	1
0.015	1
0.015	1
0.015	1
0.015	1
0.015	1
0.015	1
0.015	1
0.015	1
0.015	1
0.015	1
0.015	1
0.015	1
0.015	1
0.015	1
0.015	1
0.015	1
0.015	1
0.015	1
0.015	1
0.015	1
0.015	1
0.015	1
0.015	1
0.015	1
0.015	1
0.015	1
0.015	1
0.015	1
0.015	1
0.015	1
0.015	1
0.015	1
0.015	1
0.015	1
0.015	1
0.015	1
0.015	1
0.015	1
0.015	1
0.015	1
0.015	1
0.015	1
0.015	1
0.015	1
0.015	1
0.015	1
0.015	1
0.015	1
0.015	1
0.015	1
0.015	1
0.015	1
0.015	1
0.015	1
0.015	1
0.015	1
0.015	1
0.015	1
0.015	1
0.015	1
0.015	1
0.015	1
0.015	1
0.015	1
0.015	1
0.015	1
0.015	1
0.016	1
0.016	1
0.016	1
0.016	1
0.016	1
0.016	1
0.016	1
0.016	1
0.016	1
0.016	1
0.016	1
0.016	1
0.016	1
0.016	1
0.016	1
0.016	1
0.016	1
0.016	1
0.016	1
0.016	1
0.016	1
0.016	1
0.016	1
0.016	1
0.016	1
0.016	1
0.016	1
0.016	1
0.016	1
0.016	1
0.016	1
0.016	1
0.016	1
0.016	1
0.016	1
0.016	1
0.016	1
0.016	1
0.016	1
0.016	1
0.016	1
0.016	1
0.016	1
0.016	1
0.016	1
0.016	1
0.016	1
0.016	1
0.016	1
0.016	1
0.016	1
0.016	1
0.016	1
0.016	1
0.016	1
0.016	1
0.016	1
0.016	1
0.016	1
0.016	1
0.016	1
0.016	1
0.016	1
0.016	1
0.016	1
0.016	1
0.016	1
0.016	1
0.016	1
0.016	1
0.016	1
0.016	1
0.016	1
0.016	1
0.016	1
0.016	1
0.016	1
0.016	1
0.016	1
0.016	1
0.016	1
0.016	1
0.016	1
0.016	1
0.016	1
0.016	1
0.016	1
0.016	1
0.016	1
0.016	1
0.016	1
0.016	1
0.016	1
0.016	1
0.016	1
0.016	1
0.016	1
0.016	1
0.016	1
0.016	1
0.016	1
0.016	1
0.016	1
0.016	1
0.016	1
0.016	1
0.016	1
0.016	1
0.016	1
0.016	1
0.016	1
0.016	1
0.016	1
0.016	1
0.016	1
0.016	1
0.016	1
0.016	1
0.016	1
0.016	1
0.016	1
0.016	1
0.016	1
0.016	1
0.016	1
0.016	1
0.016	1
0.016	1
0.016	1
0.016	1
0.016	1
0.016	1
0.016	1
0.016	1
0.016	1
0.017	1
0.017	1
0.017	1
0.017	1
0.017	1
0.017	2
0.017	1
0.017	1
0.017	1
0.017	1
0.017	1
0.017	1
0.017	1
0.017	1
0.017	1
0.017	1
0.017	1
0.017	1
0.017	1
0.017	1
0.017	1
0.017	1
0.017	1
0.017	1
0.017	1
0.017	1
0.017	1
0.017	1
0.017	1
0.017	1
0.017	1
0.017	1
0.017	1
0.017	1
0.017	1
0.017	1
0.017	1
0.017	1
0.017	1
0.017	1
0.017	1
0.017	1
0.017	1
0.017	1
0.017	1
0.017	1
0.017	1
0.017	1
0.017	1
0.017	1
0.017	1
0.017	1
0.017	1
0.017	1
0.017	1
0.017	1
0.017	1
0.017	1
0.017	1
0.017	1
0.017	1
0.017	1
0.017	1
0.017	1
0.017	1
0.017	1
0.017	1
0.017	1
0.017	1
0.017	1
0.017	1
0.017	1
0.017	1
0.017	1
0.017	1
0.017	1
0.017	1
0.017	1
0.017	1
0.017	1
0.017	1
0.017	1
0.017	1
0.017	1
0.017	1
0.017	1
0.017	1
0.017	1
0.017	1
0.017	1
0.017	1
0.017	1
0.017	1
0.017	1
0.017	1
0.017	1
0.017	1
0.017	1
0.017	1
0.017	1
0.017	1
0.017	1
0.017	1
0.017	1
0.017	1
0.017	1
0.017	1
0.017	1
0.017	1
0.017	1
0.017	1
0.017	1
0.017	1
0.017	1
0.017	1
0.017	1
0.017	1
0.017	1
0.017	1
0.017	1
0.018	1
0.018	1
0.018	1
0.018	1
0.018	1
0.018	1
0.018	1
0.018	1
0.018	1
0.018	1
0.018	1
0.018	1
0.018	1
0.018	1
0.018	1
0.018	1
0.018	1
0.018	1
0.018	1
0.018	1
0.018	1
0.018	1
0.018	1
0.018	1
0.018	1
0.018	1
0.018	1
0.018	1
0.018	1
0.018	1
0.018	1
0.018	1
0.018	1
0.018	1
0.018	1
0.018	1
0.018	1
0.018	1
0.018	1
0.018	1
0.018	1
0.018	1
0.018	1
0.018	1
0.018	1
0.018	1
0.018	1
0.018	1
0.018	1
0.018	1
0.018	1
0.018	1
0.018	1
0.018	1
0.018	1
0.018	1
0.018	1
0.018	1
0.018	1
0.018	1
0.018	1
0.018	1
0.018	1
0.018	1
0.018	1
0.018	1
0.018	1
0.018	1
0.018	1
0.018	1
0.018	1
0.018	1
0.018	1
0.018	1
0.018	1
0.018	1
0.018	1
0.018	1
0.018	1
0.018	1
0.018	1
0.018	1
0.018	1
0.018	1
0.018	1
0.018	1
0.018	1
0.018	1
0.018	1
0.018	1
0.018	1
0.018	1
0.018	1
0.018	1
0.018	1
0.018	1
0.018	1
0.018	1
0.018	1
0.018	1
0.018	1
0.018	1
0.018	1
0.018	1
0.018	1
0.018	1
0.018	1
0.018	1
0.018	1
0.018	1
0.018	1
0.018	1
0.018	1
0.018	1
0.018	1
0.018	1
0.018	1
0.018	1
0.019	1
0.019	1
0.019	1
0.019	1
0.019	1
0.019	1
0.019	1
0.019	1
0.019	1
0.019	1
0.019	1
0.019	1
0.019	1
0.019	1
0.019	1
0.019	1
0.019	1
0.019	1
0.019	1
0.019	1
0.019	1
0.019	1
0.019	1
0.019	1
0.019	1
0.019	1
0.019	1
0.019	1
0.019	1
0.019	1
0.019	1
0.019	1
0.019	1
0.019	1
0.019	1
0.019	1
0.019	1
0.019	1
0.019	1
0.019	1
0.019	1
0.019	1
0.019	1
0.019	1
0.019	1
0.019	1
0.019	1
0.019	1
0.019	1
0.019	1
0.019	1
0.019	1
0.019	1
0.019	1
0.019	1
0.019	1
0.019	1
0.019	1
0.019	1
0.019	1
0.019	1
0.019	1
0.019	1
0.019	1
0.019	1
0.019	1
0.019	1
0.019	1
0.019	1
0.019	1
0.019	1
0.019	1
0.019	1
0.019	1
0.019	1
0.019	1
0.019	1
0.019	1
0.019	1
0.019	1
0.019	1
0.019	1
0.019	1
0.019	1
0.019	1
0.019	1
0.019	1
0.019	1
0.019	1
0.019	1
0.019	1
0.019	1
0.019	1
0.019	1
0.019	1
0.019	1
0.019	1
0.019	1
0.019	1
0.019	1
0.019	1
0.019	1
0.019	1
0.019	1
0.019	1
0.019	1
0.019	1
0.019	1
0.019	1
0.019	1
0.019	1
0.019	1
0.019	1
0.019	1
0.019	1
0.019	1
0.019	1
0.02	1
0.02	1
0.02	1
0.02	1
0.02	2
0.02	2
0.02	1
0.02	1
0.02	1
0.02	1
0.02	1
0.02	1
0.02	1
0.02	1
0.02	1
0.02	1
0.02	1
0.02	1
0.02	1
0.02	1
0.02	1
0.02	1
0.02	1
0.02	1
0.02	1
0.02	1
0.02	1
0.02	1
0.02	1
0.02	1
0.02	1
0.02	1
0.02	1
0.02	1
0.02	1
0.02	1
0.02	1
0.02	1
0.02	1
0.02	1
0.02	1
0.02	1
0.02	1
0.02	1
0.02	1
0.02	1
0.02	1
0.02	1
0.02	1
0.02	1
0.02	1
0.02	1
0.02	1
0.02	1
0.02	1
0.02	1
0.02	1
0.02	1
0.02	1
0.02	1
0.02	1
0.02	1
0.02	1
0.02	1
0.02	1
0.02	1
0.02	1
0.02	1
0.02	1
0.02	1
0.02	1
0.02	1
0.02	1
0.02	1
0.02	1
0.02	1
0.02	1
0.02	1
0.02	1
0.02	1
0.02	1
0.02	1
0.02	1
0.02	1
0.02	1
0.02	1
0.02	1
0.02	1
0.02	1
0.02	1
0.02	1
0.02	1
0.02	1
0.02	1
0.02	1
0.02	1
0.02	1
0.02	1
0.02	1
0.02	1
0.02	1
0.02	1
0.02	1
0.02	1
0.02	1
0.02	1
0.02	1
0.02	1
0.02	1
0.02	1
0.02	1
0.02	1
0.02	1
0.02	1
0.02	1
0.02	1
0.02	1
0.02	1
0.02	1
0.02	1
0.02	1
0.02	1
0.02	1
0.02	1
0.02	1
0.02	1
0.02	1
0.02	1
0.02	1
0.021	1
0.021	1
0.021	1
0.021	1
0.021	1
0.021	1
0.021	1
0.021	1
0.021	1
0.021	1
0.021	1
0.021	1
0.021	1
0.021	1
0.021	1
0.021	1
0.021	1
0.021	1
0.021	1
0.021	1
0.021	1
0.021	1
0.021	1
0.021	1
0.021	1
0.021	1
0.021	1
0.021	1
0.021	1
0.021	1
0.021	1
0.021	1
0.021	1
0.021	1
0.021	1
0.021	1
0.021	1
0.021	1
0.021	1
0.021	1
0.021	1
0.021	1
0.021	1
0.021	1
0.021	1
0.021	1
0.021	1
0.021	1
0.021	1
0.021	1
0.021	1
0.021	1
0.021	1
0.021	1
0.021	1
0.021	1
0.021	1
0.021	1
0.021	1
0.021	1
0.021	1
0.021	1
0.021	1
0.021	1
0.021	1
0.021	1
0.021	1
0.021	1
0.021	1
0.021	1
0.021	1
0.021	1
0.021	1
0.021	1
0.021	1
0.021	1
0.021	1
0.021	1
0.021	1
0.021	1
0.021	1
0.021	1
0.021	1
0.021	1
0.021	1
0.021	1
0.021	1
0.021	1
0.021	1
0.021	1
0.021	1
0.021	1
0.021	1
0.021	1
0.021	1
0.021	1
0.021	1
0.021	1
0.021	1
0.021	1
0.021	1
0.021	1
0.021	1
0.022	2
0.022	1
0.022	1
0.022	1
0.022	1
0.022	1
0.022	1
0.022	1
0.022	1
0.022	1
0.022	1
0.022	1
0.022	1
0.022	1
0.022	1
0.022	1
0.022	1
0.022	1
0.022	1
0.022	1
0.022	1
0.022	1
0.022	1
0.022	1
0.022	1
0.022	1
0.022	1
0.022	1
0.022	1
0.022	1
0.022	1
0.022	1
0.022	1
0.022	1
0.022	1
0.022	1
0.022	1
0.022	1
0.022	1
0.022	1
0.022	1
0.022	1
0.022	1
0.022	1
0.022	1
0.022	1
0.022	1
0.022	1
0.022	1
0.022	1
0.022	1
0.022	1
0.022	1
0.022	1
0.022	1
0.022	1
0.022	1
0.022	1
0.022	1
0.022	1
0.022	1
0.022	1
0.022	1
0.022	1
0.022	1
0.022	1
0.022	1
0.022	1
0.022	1
0.022	1
0.022	1
0.022	1
0.022	1
0.022	1
0.022	1
0.022	1
0.022	1
0.022	1
0.022	1
0.022	1
0.022	1
0.022	1
0.022	1
0.022	1
0.022	1
0.022	1
0.022	1
0.022	1
0.022	1
0.022	1
0.022	1
0.022	1
0.022	1
0.022	1
0.022	1
0.022	1
0.022	1
0.022	1
0.022	1
0.022	1
0.022	1
0.022	1
0.022	1
0.022	1
0.022	1
0.022	1
0.022	1
0.022	1
0.022	1
0.022	1
0.022	1
0.022	1
0.022	1
0.022	1
0.022	1
0.022	1
0.022	1
0.022	1
0.022	1
0.022	1
0.022	1
0.022	1
0.022	1
0.022	1
0.022	1
0.022	1
0.022	1
0.022	1
0.022	1
0.022	1
0.022	1
0.023	1
0.023	2
0.023	1
0.023	1
0.023	1
0.023	1
0.023	1
0.023	1
0.023	1
0.023	1
0.023	1
0.023	1
0.023	1
0.023	1
0.023	1
0.023	1
0.023	1
0.023	1
0.023	1
0.023	1
0.023	1
0.023	1
0.023	1
0.023	1
0.023	1
0.023	1
0.023	1
0.023	1
0.023	1
0.023	1
0.023	1
0.023	1
0.023	1
0.023	1
0.023	1
0.023	1
0.023	1
0.023	1
0.023	1
0.023	1
0.023	1
0.023	1
0.023	1
0.023	1
0.023	1
0.023	1
0.023	1
0.023	1
0.023	1
0.023	1
0.023	1
0.023	1
0.023	1
0.023	1
0.023	1
0.023	1
0.023	1
0.023	1
0.023	1
0.023	1
0.023	1
0.023	1
0.023	1
0.023	1
0.023	1
0.023	1
0.023	1
0.023	1
0.023	1
0.023	1
0.023	1
0.023	1
0.023	1
0.023	1
0.023	1
0.023	1
0.023	1
0.023	1
0.023	1
0.023	1
0.023	1
0.023	1
0.023	1
0.023	1
0.023	1
0.023	1
0.023	1
0.023	1
0.023	1
0.023	1
0.023	1
0.023	1
0.023	1
0.023	1
0.023	1
0.023	1
0.023	1
0.023	1
0.023	1
0.023	1
0.023	1
0.023	1
0.023	1
0.023	1
0.023	1
0.023	1
0.023	1
0.023	1
0.023	1
0.023	1
0.023	1
0.023	1
0.023	1
0.023	1
0.023	1
0.023	1
0.024	2
0.024	1
0.024	1
0.024	2
0.024	1
0.024	1
0.024	1
0.024	1
0.024	1
0.024	1
0.024	1
0.024	1
0.024	1
0.024	1
0.024	1
0.024	1
0.024	1
0.024	1
0.024	1
0.024	1
0.024	1
0.024	1
0.024	1
0.024	1
0.024	1
0.024	1
0.024	1
0.024	1
0.024	1
0.024	1
0.024	1
0.024	1
0.024	1
0.024	1
0.024	1
0.024	1
0.024	1
0.024	1
0.024	1
0.024	1
0.024	1
0.024	1
0.024	1
0.024	1
0.024	1
0.024	1
0.024	1
0.024	1
0.024	1
0.024	1
0.024	1
0.024	1
0.024	1
0.024	1
0.024	1
0.024	1
0.024	1
0.024	1
0.024	1
0.024	1
0.024	1
0.024	1
0.024	1
0.024	1
0.024	1
0.024	1
0.024	1
0.024	1
0.024	1
0.024	1
0.024	1
0.024	1
0.024	1
0.024	1
0.024	1
0.024	1
0.024	1
0.024	1
0.024	1
0.024	1
0.024	1
0.024	1
0.024	1
0.024	1
0.024	1
0.024	1
0.024	1
0.024	1
0.024	1
0.024	1
0.024	1
0.024	1
0.024	1
0.024	1
0.024	1
0.024	1
0.024	1
0.024	1
0.024	1
0.024	1
0.024	1
0.024	1
0.024	1
0.024	1
0.024	1
0.024	1
0.024	1
0.024	1
0.024	1
0.024	1
0.024	1
0.024	1
0.024	1
0.024	1
0.024	1
0.024	1
0.024	1
0.024	1
0.024	1
0.024	1
0.024	1
0.024	1
0.024	1
0.024	1
0.024	1
0.024	1
0.024	1
0.024	1
0.024	1
0.024	1
0.024	1
0.024	1
0.024	1
0.024	1
0.024	1
0.024	1
0.024	1
0.025	1
0.025	1
0.025	1
0.025	1
0.025	1
0.025	2
0.025	1
0.025	1
0.025	1
0.025	1
0.025	1
0.025	1
0.025	1
0.025	1
0.025	1
0.025	1
0.025	1
0.025	1
0.025	1
0.025	1
0.025	1
0.025	1
0.025	1
0.025	1
0.025	1
0.025	1
0.025	1
0.025	1
0.025	1
0.025	1
0.025	1
0.025	1
0.025	1
0.025	1
0.025	1
0.025	1
0.025	1
0.025	1
0.025	1
0.025	1
0.025	1
0.025	1
0.025	1
0.025	1
0.025	1
0.025	1
0.025	1
0.025	1
0.025	1
0.025	1
0.025	1
0.025	1
0.025	1
0.025	1
0.025	1
0.025	1
0.025	1
0.025	1
0.025	1
0.025	1
0.025	1
0.025	1
0.025	1
0.025	1
0.025	1
0.025	1
0.025	1
0.025	1
0.025	1
0.025	1
0.025	1
0.025	1
0.025	1
0.025	1
0.025	1
0.025	1
0.025	1
0.025	1
0.025	1
0.025	1
0.025	1
0.025	1
0.025	1
0.025	1
0.025	1
0.025	1
0.025	1
0.025	1
0.025	1
0.025	1
0.025	1
0.025	1
0.026	1
0.026	1
0.026	1
0.026	1
0.026	1
0.026	1
0.026	1
0.026	1
0.026	1
0.026	1
0.026	1
0.026	1
0.026	1
0.026	1
0.026	1
0.026	1
0.026	1
0.026	1
0.026	1
0.026	1
0.026	1
0.026	1
0.026	1
0.026	1
0.026	1
0.026	1
0.026	1
0.026	1
0.026	1
0.026	1
0.026	1
0.026	1
0.026	1
0.026	1
0.026	1
0.026	1
0.026	1
0.026	1
0.026	1
0.026	1
0.026	1
0.026	1
0.026	1
0.026	1
0.026	1
0.026	1
0.026	1
0.026	1
0.026	1
0.026	1
0.026	1
0.026	1
0.026	1
0.026	1
0.026	1
0.026	1
0.026	1
0.026	1
0.026	1
0.026	1
0.026	1
0.026	1
0.026	1
0.026	1
0.026	1
0.026	1
0.026	1
0.026	1
0.026	1
0.026	1
0.026	1
0.026	1
0.026	1
0.026	1
0.026	1
0.026	1
0.026	1
0.026	1
0.026	1
0.026	1
0.026	1
0.026	1
0.026	1
0.026	1
0.026	1
0.026	1
0.026	1
0.026	1
0.026	1
0.026	1
0.026	1
0.026	1
0.026	1
0.026	1
0.026	1
0.026	1
0.026	1
0.026	1
0.026	1
0.026	1
0.026	1
0.026	1
0.026	1
0.026	1
0.026	1
0.026	1
0.026	1
0.026	1
0.026	1
0.026	1
0.026	1
0.026	1
0.026	1
0.026	1
0.026	1
0.026	1
0.026	1
0.026	1
0.026	1
0.026	1
0.026	1
0.026	1
0.026	1
0.026	1
0.026	1
0.026	1
0.026	1
0.026	1
0.026	1
0.026	1
0.026	1
0.026	1
0.027	2
0.027	1
0.027	1
0.027	1
0.027	1
0.027	1
0.027	1
0.027	1
0.027	1
0.027	1
0.027	1
0.027	1
0.027	1
0.027	1
0.027	1
0.027	1
0.027	1
0.027	1
0.027	1
0.027	1
0.027	1
0.027	1
0.027	1
0.027	1
0.027	1
0.027	1
0.027	1
0.027	1
0.027	1
0.027	1
0.027	1
0.027	1
0.027	1
0.027	1
0.027	1
0.027	1
0.027	1
0.027	1
0.027	1
0.027	1
0.027	1
0.027	1
0.027	1
0.027	1
0.027	1
0.027	1
0.027	1
0.027	1
0.027	1
0.027	1
0.027	1
0.027	1
0.027	1
0.027	1
0.027	1
0.027	1
0.027	1
0.027	1
0.027	1
0.027	1
0.027	1
0.027	1
0.027	1
0.027	1
0.027	1
0.027	1
0.027	1
0.027	1
0.027	1
0.027	1
0.027	1
0.027	1
0.027	1
0.027	1
0.027	1
0.027	1
0.027	1
0.027	1
0.027	1
0.027	1
0.027	1
0.027	1
0.027	1
0.027	1
0.027	1
0.027	1
0.027	1
0.027	1
0.027	1
0.027	1
0.027	1
0.027	1
0.027	1
0.027	1
0.027	1
0.027	1
0.027	1
0.027	1
0.028	2
0.028	1
0.028	1
0.028	1
0.028	1
0.028	1
0.028	1
0.028	1
0.028	1
0.028	1
0.028	1
0.028	1
0.028	1
0.028	1
0.028	1
0.028	1
0.028	1
0.028	1
0.028	1
0.028	1
0.028	1
0.028	1
0.028	1
0.028	1
0.028	1
0.028	1
0.028	1
0.028	1
0.028	1
0.028	1
0.028	1
0.028	1
0.028	1
0.028	1
0.028	1
0.028	1
0.028	1
0.028	1
0.028	1
0.028	1
0.028	1
0.028	1
0.028	1
0.028	1
0.028	1
0.028	1
0.028	1
0.028	1
0.028	1
0.028	1
0.028	1
0.028	1
0.028	1
0.028	1
0.028	1
0.028	1
0.028	1
0.028	1
0.028	1
0.028	1
0.028	1
0.028	1
0.028	1
0.028	1
0.028	1
0.028	1
0.028	1
0.028	1
0.028	1
0.028	1
0.028	1
0.028	1
0.028	1
0.028	1
0.028	1
0.028	1
0.028	1
0.028	1
0.028	1
0.028	1
0.028	1
0.028	1
0.028	1
0.028	1
0.028	1
0.028	1
0.028	1
0.028	1
0.028	1
0.028	1
0.028	1
0.028	1
0.028	1
0.028	1
0.028	1
0.028	1
0.028	1
0.028	1
0.028	1
0.028	1
0.028	1
0.028	1
0.028	1
0.028	1
0.028	1
0.028	1
0.028	1
0.028	1
0.028	1
0.028	1
0.028	1
0.028	1
0.029	2
0.029	1
0.029	2
0.029	2
0.029	1
0.029	1
0.029	2
0.029	1
0.029	1
0.029	1
0.029	1
0.029	1
0.029	1
0.029	1
0.029	1
0.029	1
0.029	1
0.029	1
0.029	1
0.029	1
0.029	1
0.029	1
0.029	1
0.029	1
0.029	1
0.029	1
0.029	1
0.029	1
0.029	1
0.029	1
0.029	1
0.029	1
0.029	1
0.029	1
0.029	1
0.029	1
0.029	1
0.029	1
0.029	1
0.029	1
0.029	1
0.029	1
0.029	1
0.029	1
0.029	1
0.029	1
0.029	1
0.029	1
0.029	1
0.029	1
0.029	1
0.029	1
0.029	1
0.029	1
0.029	1
0.029	1
0.029	1
0.029	1
0.029	1
0.029	1
0.029	1
0.029	1
0.029	1
0.029	1
0.029	1
0.029	1
0.029	1
0.029	1
0.029	1
0.029	1
0.029	1
0.029	1
0.029	1
0.029	1
0.029	1
0.029	1
0.029	1
0.029	1
0.029	1
0.029	1
0.029	1
0.029	1
0.029	1
0.029	1
0.029	1
0.029	1
0.029	1
0.029	1
0.029	1
0.029	1
0.029	1
0.029	1
0.029	1
0.029	1
0.029	1
0.029	1
0.029	1
0.029	1
0.029	1
0.029	1
0.03	2
0.03	1
0.03	2
0.03	1
0.03	2
0.03	1
0.03	1
0.03	1
0.03	1
0.03	1
0.03	1
0.03	1
0.03	1
0.03	1
0.03	1
0.03	1
0.03	1
0.03	1
0.03	1
0.03	1
0.03	1
0.03	1
0.03	1
0.03	1
0.03	1
0.03	1
0.03	1
0.03	1
0.03	1
0.03	1
0.03	1
0.03	1
0.03	1
0.03	1
0.03	1
0.03	1
0.03	1
0.03	1
0.03	1
0.03	1
0.03	1
0.03	1
0.03	1
0.03	1
0.03	1
0.03	1
0.03	1
0.03	1
0.03	1
0.03	1
0.03	1
0.03	1
0.03	1
0.03	1
0.03	1
0.03	1
0.03	1
0.03	1
0.03	1
0.03	1
0.03	1
0.03	1
0.03	1
0.03	1
0.03	1
0.03	1
0.03	1
0.03	1
0.03	1
0.03	1
0.03	1
0.03	1
0.03	1
0.03	1
0.03	1
0.03	1
0.03	1
0.03	1
0.03	1
0.03	1
0.03	1
0.03	1
0.03	1
0.03	1
0.03	1
0.03	1
0.03	1
0.03	1
0.03	1
0.03	1
0.03	1
0.03	1
0.03	1
0.03	1
0.03	1
0.03	1
0.03	1
0.03	1
0.03	1
0.03	1
0.03	1
0.03	1
0.03	1
0.03	1
0.03	1
0.03	1
0.03	1
0.03	1
0.03	1
0.03	1
0.03	1
0.03	1
0.03	1
0.03	1
0.03	1
0.03	1
0.031	1
0.031	2
0.031	1
0.031	1
0.031	2
0.031	1
0.031	1
0.031	1
0.031	1
0.031	1
0.031	1
0.031	1
0.031	1
0.031	1
0.031	1
0.031	1
0.031	1
0.031	1
0.031	1
0.031	1
0.031	1
0.031	1
0.031	1
0.031	1
0.031	1
0.031	1
0.031	1
0.031	1
0.031	1
0.031	1
0.031	1
0.031	1
0.031	1
0.031	1
0.031	1
0.031	1
0.031	1
0.031	1
0.031	1
0.031	1
0.031	1
0.031	1
0.031	1
0.031	1
0.031	1
0.031	1
0.031	1
0.031	1
0.031	1
0.031	1
0.031	1
0.031	1
0.031	1
0.031	1
0.031	1
0.031	1
0.031	1
0.031	1
0.031	1
0.031	1
0.031	1
0.031	1
0.031	1
0.031	1
0.031	1
0.031	1
0.031	1
0.031	1
0.031	1
0.031	1
0.031	1
0.031	1
0.031	1
0.031	1
0.031	1
0.031	1
0.031	1
0.031	1
0.031	1
0.031	1
0.031	1
0.031	1
0.031	1
0.031	1
0.031	1
0.031	1
0.031	1
0.031	1
0.031	1
0.031	1
0.031	1
0.031	1
0.031	1
0.031	1
0.031	1
0.031	1
0.031	1
0.031	1
0.032	1
0.032	1
0.032	1
0.032	2
0.032	1
0.032	1
0.032	1
0.032	1
0.032	1
0.032	1
0.032	1
0.032	1
0.032	1
0.032	1
0.032	1
0.032	1
0.032	1
0.032	1
0.032	1
0.032	1
0.032	1
0.032	1
0.032	1
0.032	1
0.032	1
0.032	1
0.032	1
0.032	1
0.032	1
0.032	1
0.032	1
0.032	1
0.032	1
0.032	1
0.032	1
0.032	1
0.032	1
0.032	1
0.032	1
0.032	1
0.032	1
0.032	1
0.032	1
0.032	1
0.032	1
0.032	1
0.032	1
0.032	1
0.032	1
0.032	1
0.032	1
0.032	1
0.032	1
0.032	1
0.032	1
0.032	1
0.032	1
0.032	1
0.032	1
0.032	1
0.032	1
0.032	1
0.032	1
0.032	1
0.032	1
0.032	1
0.032	1
0.032	1
0.032	1
0.032	1
0.032	1
0.032	1
0.032	1
0.032	1
0.032	1
0.032	1
0.032	1
0.032	1
0.032	1
0.032	1
0.032	1
0.032	1
0.032	1
0.032	1
0.032	1
0.032	1
0.032	1
0.032	1
0.032	1
0.032	1
0.032	1
0.032	1
0.032	1
0.032	1
0.032	1
0.032	1
0.032	1
0.032	1
0.032	1
0.032	1
0.032	1
0.032	1
0.032	1
0.032	1
0.032	1
0.032	1
0.032	1
0.032	1
0.032	1
0.032	1
0.032	1
0.032	1
0.032	1
0.032	1
0.033	2
0.033	1
0.033	2
0.033	2
0.033	1
0.033	1
0.033	1
0.033	1
0.033	1
0.033	1
0.033	1
0.033	1
0.033	1
0.033	1
0.033	1
0.033	1
0.033	1
0.033	1
0.033	1
0.033	1
0.033	1
0.033	1
0.033	1
0.033	1
0.033	1
0.033	1
0.033	1
0.033	1
0.033	1
0.033	1
0.033	1
0.033	1
0.033	1
0.033	1
0.033	1
0.033	1
0.033	1
0.033	1
0.033	1
0.033	1
0.033	1
0.033	1
0.033	1
0.033	1
0.033	1
0.033	1
0.033	1
0.033	1
0.033	1
0.033	1
0.033	1
0.033	1
0.033	1
0.033	1
0.033	1
0.033	1
0.033	1
0.033	1
0.033	1
0.033	1
0.033	1
0.033	1
0.033	1
0.033	1
0.033	1
0.033	1
0.033	1
0.033	1
0.033	1
0.033	1
0.033	1
0.033	1
0.033	1
0.033	1
0.033	1
0.033	1
0.033	1
0.033	1
0.033	1
0.033	1
0.033	1
0.033	1
0.033	1
0.033	1
0.033	1
0.033	1
0.033	1
0.033	1
0.033	1
0.033	1
0.033	1
0.033	1
0.033	1
0.034	1
0.034	1
0.034	2
0.034	1
0.034	1
0.034	1
0.034	1
0.034	1
0.034	1
0.034	1
0.034	1
0.034	1
0.034	1
0.034	1
0.034	1
0.034	1
0.034	1
0.034	1
0.034	1
0.034	1
0.034	1
0.034	1
0.034	1
0.034	1
0.034	1
0.034	1
0.034	1
0.034	1
0.034	1
0.034	1
0.034	1
0.034	1
0.034	1
0.034	1
0.034	1
0.034	1
0.034	1
0.034	1
0.034	1
0.034	1
0.034	1
0.034	1
0.034	1
0.034	1
0.034	1
0.034	1
0.034	1
0.034	1
0.034	1
0.034	1
0.034	1
0.034	1
0.034	1
0.034	1
0.034	1
0.034	1
0.034	1
0.034	1
0.034	1
0.034	1
0.034	1
0.034	1
0.034	1
0.034	1
0.034	1
0.034	1
0.034	1
0.034	1
0.034	1
0.034	1
0.034	1
0.034	1
0.034	1
0.034	1
0.034	1
0.034	1
0.034	1
0.034	1
0.034	1
0.034	1
0.034	1
0.034	1
0.034	1
0.034	1
0.034	1
0.035	2
0.035	1
0.035	1
0.035	1
0.035	1
0.035	1
0.035	1
0.035	1
0.035	1
0.035	1
0.035	1
0.035	1
0.035	1
0.035	1
0.035	1
0.035	1
0.035	1
0.035	1
0.035	1
0.035	1
0.035	1
0.035	1
0.035	1
0.035	1
0.035	1
0.035	1
0.035	1
0.035	1
0.035	1
0.035	1
0.035	1
0.035	1
0.035	1
0.035	1
0.035	1
0.035	1
0.035	1
0.035	1
0.035	1
0.035	1
0.035	1
0.035	1
0.035	1
0.035	1
0.035	1
0.035	1
0.035	1
0.035	1
0.035	1
0.035	1
0.035	1
0.035	1
0.035	1
0.035	1
0.035	1
0.035	1
0.035	1
0.035	1
0.035	1
0.035	1
0.035	1
0.035	1
0.035	1
0.035	1
0.035	1
0.035	1
0.035	1
0.035	1
0.035	1
0.035	1
0.035	1
0.035	1
0.035	1
0.035	1
0.035	1
0.035	1
0.035	1
0.035	1
0.035	1
0.035	1
0.035	1
0.035	1
0.035	1
0.035	1
0.035	1
0.035	1
0.035	1
0.035	1
0.035	1
0.035	1
0.035	1
0.035	1
0.035	1
0.035	1
0.035	1
0.035	1
0.035	1
0.035	1
0.035	1
0.035	1
0.035	1
0.035	1
0.035	1
0.035	1
0.035	1
0.035	1
0.035	1
0.035	1
0.035	1
0.035	1
0.035	1
0.035	1
0.035	1
0.036	2
0.036	1
0.036	1
0.036	1
0.036	2
0.036	1
0.036	1
0.036	1
0.036	1
0.036	1
0.036	1
0.036	1
0.036	1
0.036	1
0.036	1
0.036	1
0.036	1
0.036	1
0.036	1
0.036	1
0.036	1
0.036	1
0.036	1
0.036	1
0.036	1
0.036	1
0.036	1
0.036	1
0.036	1
0.036	1
0.036	1
0.036	1
0.036	1
0.036	1
0.036	1
0.036	1
0.036	1
0.036	1
0.036	1
0.036	1
0.036	1
0.036	1
0.036	1
0.036	1
0.036	1
0.036	1
0.036	1
0.036	1
0.036	1
0.036	1
0.036	1
0.036	1
0.036	1
0.036	1
0.036	1
0.036	1
0.036	1
0.036	1
0.036	1
0.036	1
0.036	1
0.036	1
0.036	1
0.036	1
0.036	1
0.036	1
0.036	1
0.036	1
0.036	1
0.036	1
0.036	1
0.036	1
0.036	1
0.036	1
0.036	1
0.036	1
0.036	1
0.036	1
0.036	1
0.036	1
0.036	1
0.036	1
0.036	1
0.036	1
0.036	1
0.036	1
0.036	1
0.036	1
0.036	1
0.036	1
0.036	1
0.036	1
0.036	1
0.036	1
0.036	1
0.036	1
0.036	1
0.036	1
0.036	1
0.036	1
0.036	1
0.036	1
0.036	1
0.036	1
0.036	1
0.036	1
0.036	1
0.036	1
0.037	1
0.037	1
0.037	1
0.037	1
0.037	1
0.037	1
0.037	1
0.037	1
0.037	1
0.037	1
0.037	1
0.037	1
0.037	1
0.037	1
0.037	1
0.037	1
0.037	1
0.037	1
0.037	1
0.037	1
0.037	1
0.037	1
0.037	1
0.037	1
0.037	1
0.037	1
0.037	1
0.037	1
0.037	1
0.037	1
0.037	1
0.037	1
0.037	1
0.037	1
0.037	1
0.037	1
0.037	1
0.037	1
0.037	1
0.037	1
0.037	1
0.037	1
0.037	1
0.037	1
0.037	1
0.037	1
0.037	1
0.037	1
0.037	1
0.037	1
0.037	1
0.037	1
0.037	1
0.037	1
0.037	1
0.037	1
0.037	1
0.037	1
0.037	1
0.037	1
0.037	1
0.037	1
0.037	1
0.037	1
0.037	1
0.037	1
0.037	1
0.037	1
0.037	1
0.037	1
0.037	1
0.037	1
0.037	1
0.037	1
0.037	1
0.037	1
0.037	1
0.037	1
0.037	1
0.037	1
0.037	1
0.037	1
0.037	1
0.037	1
0.037	1
0.037	1
0.037	1
0.037	1
0.037	1
0.037	1
0.037	1
0.037	1
0.037	1
0.037	1
0.037	1
0.037	1
0.037	1
0.037	1
0.037	1
0.037	1
0.037	1
0.037	1
0.037	1
0.037	1
0.037	1
0.037	1
0.037	1
0.037	1
0.037	1
0.037	1
0.038	2
0.038	2
0.038	1
0.038	1
0.038	1
0.038	1
0.038	1
0.038	1
0.038	1
0.038	1
0.038	1
0.038	1
0.038	1
0.038	1
0.038	1
0.038	1
0.038	1
0.038	1
0.038	1
0.038	1
0.038	1
0.038	1
0.038	1
0.038	1
0.038	1
0.038	1
0.038	1
0.038	1
0.038	1
0.038	1
0.038	1
0.038	1
0.038	1
0.038	1
0.038	1
0.038	1
0.038	1
0.038	1
0.038	1
0.038	1
0.038	1
0.038	1
0.038	1
0.038	1
0.038	1
0.038	1
0.038	1
0.038	1
0.038	1
0.038	1
0.038	1
0.038	1
0.038	1
0.038	1
0.038	1
0.038	1
0.038	1
0.038	1
0.038	1
0.038	1
0.038	1
0.038	1
0.038	1
0.038	1
0.038	1
0.038	1
0.038	1
0.038	1
0.038	1
0.038	1
0.038	1
0.038	1
0.038	1
0.038	1
0.038	1
0.038	1
0.038	1
0.038	1
0.038	1
0.038	1
0.038	1
0.038	1
0.038	1
0.038	1
0.038	1
0.039	2
0.039	2
0.039	1
0.039	2
0.039	1
0.039	2
0.039	2
0.039	1
0.039	1
0.039	1
0.039	2
0.039	1
0.039	1
0.039	1
0.039	1
0.039	1
0.039	1
0.039	1
0.039	1
0.039	1
0.039	1
0.039	1
0.039	1
0.039	1
0.039	1
0.039	1
0.039	1
0.039	1
0.039	1
0.039	1
0.039	1
0.039	1
0.039	1
0.039	1
0.039	1
0.039	1
0.039	1
0.039	1
0.039	1
0.039	1
0.039	1
0.039	1
0.039	1
0.039	1
0.039	1
0.039	1
0.039	1
0.039	1
0.039	1
0.039	1
0.039	1
0.039	1
0.039	1
0.039	1
0.039	1
0.039	1
0.039	1
0.039	1
0.039	1
0.039	1
0.039	1
0.039	1
0.039	1
0.039	1
0.039	1
0.039	1
0.039	1
0.039	1
0.039	1
0.039	1
0.039	1
0.039	1
0.039	1
0.039	1
0.039	1
0.039	1
0.039	1
0.039	1
0.039	1
0.039	1
0.039	1
0.039	1
0.039	1
0.039	1
0.039	1
0.039	1
0.039	1
0.039	1
0.039	1
0.039	1
0.039	1
0.039	1
0.039	1
0.039	1
0.039	1
0.039	1
0.039	1
0.039	1
0.039	1
0.039	1
0.039	1
0.039	1
0.039	1
0.039	1
0.039	1
0.039	1
0.039	1
0.039	1
0.039	1
0.039	1
0.039	1
0.039	1
0.04	1
0.04	2
0.04	2
0.04	1
0.04	1
0.04	1
0.04	1
0.04	1
0.04	1
0.04	1
0.04	1
0.04	1
0.04	1
0.04	1
0.04	1
0.04	1
0.04	1
0.04	1
0.04	1
0.04	1
0.04	1
0.04	1
0.04	1
0.04	1
0.04	1
0.04	1
0.04	1
0.04	1
0.04	1
0.04	1
0.04	1
0.04	1
0.04	1
0.04	1
0.04	1
0.04	1
0.04	1
0.04	1
0.04	1
0.04	1
0.04	1
0.04	1
0.04	1
0.04	1
0.04	1
0.04	1
0.04	1
0.04	1
0.04	1
0.04	1
0.04	1
0.04	1
0.04	1
0.04	1
0.04	1
0.04	1
0.04	1
0.04	1
0.04	1
0.04	1
0.04	1
0.04	1
0.04	1
0.04	1
0.04	1
0.04	1
0.04	1
0.04	1
0.04	1
0.04	1
0.04	1
0.04	1
0.04	1
0.04	1
0.04	1
0.04	1
0.04	1
0.04	1
0.04	1
0.04	1
0.04	1
0.04	1
0.04	1
0.04	1
0.04	1
0.04	1
0.04	1
0.04	1
0.04	1
0.04	1
0.041	2
0.041	2
0.041	1
0.041	1
0.041	1
0.041	1
0.041	1
0.041	1
0.041	1
0.041	1
0.041	1
0.041	1
0.041	1
0.041	1
0.041	1
0.041	1
0.041	1
0.041	1
0.041	1
0.041	1
0.041	1
0.041	1
0.041	1
0.041	1
0.041	1
0.041	1
0.041	1
0.041	1
0.041	1
0.041	1
0.041	1
0.041	1
0.041	1
0.041	1
0.041	1
0.041	1
0.041	1
0.041	1
0.041	1
0.041	1
0.041	1
0.041	1
0.041	1
0.041	1
0.041	1
0.041	1
0.041	1
0.041	1
0.041	1
0.041	1
0.041	1
0.041	1
0.041	1
0.041	1
0.041	1
0.041	1
0.041	1
0.041	1
0.041	1
0.041	1
0.041	1
0.041	1
0.041	1
0.041	1
0.041	1
0.041	1
0.041	1
0.041	1
0.041	1
0.041	1
0.041	1
0.041	1
0.041	1
0.041	1
0.041	1
0.041	1
0.041	1
0.041	1
0.041	1
0.041	1
0.041	1
0.041	1
0.041	1
0.041	1
0.041	1
0.041	1
0.041	1
0.041	1
0.041	1
0.041	1
0.041	1
0.041	1
0.041	1
0.041	1
0.041	1
0.041	1
0.041	1
0.041	1
0.041	1
0.041	1
0.042	2
0.042	1
0.042	1
0.042	1
0.042	1
0.042	2
0.042	1
0.042	1
0.042	1
0.042	1
0.042	1
0.042	1
0.042	1
0.042	1
0.042	1
0.042	1
0.042	1
0.042	1
0.042	1
0.042	1
0.042	1
0.042	1
0.042	1
0.042	1
0.042	1
0.042	1
0.042	1
0.042	1
0.042	1
0.042	1
0.042	1
0.042	1
0.042	1
0.042	1
0.042	1
0.042	1
0.042	1
0.042	1
0.042	1
0.042	1
0.042	1
0.042	1
0.042	1
0.042	1
0.042	1
0.042	1
0.042	1
0.042	1
0.042	1
0.042	1
0.042	1
0.042	1
0.042	1
0.042	1
0.042	1
0.042	1
0.042	1
0.042	1
0.042	1
0.042	1
0.042	1
0.042	1
0.042	1
0.042	1
0.042	1
0.042	1
0.042	1
0.042	1
0.042	1
0.042	1
0.042	1
0.042	1
0.042	1
0.042	1
0.042	1
0.042	1
0.042	1
0.042	1
0.042	1
0.042	1
0.042	1
0.042	1
0.043	1
0.043	2
0.043	2
0.043	2
0.043	1
0.043	1
0.043	1
0.043	1
0.043	1
0.043	1
0.043	1
0.043	1
0.043	1
0.043	1
0.043	1
0.043	1
0.043	1
0.043	1
0.043	1
0.043	1
0.043	1
0.043	1
0.043	1
0.043	1
0.043	1
0.043	1
0.043	1
0.043	1
0.043	1
0.043	1
0.043	1
0.043	1
0.043	1
0.043	1
0.043	1
0.043	1
0.043	1
0.043	1
0.043	1
0.043	1
0.043	1
0.043	1
0.043	1
0.043	1
0.043	1
0.043	1
0.043	1
0.043	1
0.043	1
0.043	1
0.043	1
0.043	1
0.043	1
0.043	1
0.043	1
0.043	1
0.043	1
0.043	1
0.043	1
0.043	1
0.043	1
0.043	1
0.043	1
0.043	1
0.043	1
0.043	1
0.043	1
0.043	1
0.043	1
0.043	1
0.043	1
0.043	1
0.043	1
0.043	1
0.043	1
0.043	1
0.043	1
0.043	1
0.043	1
0.043	1
0.043	1
0.043	1
0.043	1
0.043	1
0.043	1
0.043	1
0.043	1
0.043	1
0.043	1
0.043	1
0.043	1
0.043	1
0.043	1
0.043	1
0.043	1
0.043	1
0.043	1
0.043	1
0.043	1
0.043	1
0.043	1
0.043	1
0.043	1
0.043	1
0.043	1
0.043	1
0.043	1
0.043	1
0.043	1
0.043	1
0.043	1
0.043	1
0.044	2
0.044	2
0.044	1
0.044	1
0.044	1
0.044	1
0.044	1
0.044	1
0.044	1
0.044	1
0.044	1
0.044	1
0.044	1
0.044	1
0.044	1
0.044	1
0.044	1
0.044	1
0.044	1
0.044	1
0.044	1
0.044	1
0.044	1
0.044	1
0.044	1
0.044	1
0.044	1
0.044	1
0.044	1
0.044	1
0.044	1
0.044	1
0.044	1
0.044	1
0.044	1
0.044	1
0.044	1
0.044	1
0.044	1
0.044	1
0.044	1
0.044	1
0.044	1
0.044	1
0.044	1
0.044	1
0.044	1
0.044	1
0.044	1
0.044	1
0.044	1
0.044	1
0.044	1
0.044	1
0.044	1
0.044	1
0.044	1
0.044	1
0.044	1
0.044	1
0.044	1
0.044	1
0.044	1
0.044	1
0.044	1
0.044	1
0.044	1
0.044	1
0.044	1
0.044	1
0.044	1
0.044	1
0.044	1
0.044	1
0.044	1
0.044	1
0.044	1
0.044	1
0.044	1
0.044	1
0.044	1
0.044	1
0.044	1
0.044	1
0.044	1
0.044	1
0.044	1
0.044	1
0.044	1
0.044	1
0.044	1
0.044	1
0.044	1
0.044	1
0.044	1
0.044	1
0.044	1
0.044	1
0.044	1
0.044	1
0.044	1
0.044	1
0.045	1
0.045	1
0.045	1
0.045	1
0.045	1
0.045	1
0.045	1
0.045	1
0.045	1
0.045	1
0.045	1
0.045	1
0.045	1
0.045	1
0.045	1
0.045	1
0.045	1
0.045	1
0.045	1
0.045	1
0.045	1
0.045	1
0.045	1
0.045	1
0.045	1
0.045	1
0.045	1
0.045	1
0.045	1
0.045	1
0.045	1
0.045	1
0.045	1
0.045	1
0.045	1
0.045	1
0.045	1
0.045	1
0.045	1
0.045	1
0.045	1
0.045	1
0.045	1
0.045	1
0.045	1
0.045	1
0.045	1
0.045	1
0.045	1
0.045	1
0.045	1
0.045	1
0.045	1
0.045	1
0.045	1
0.045	1
0.045	1
0.045	1
0.045	1
0.045	1
0.045	1
0.045	1
0.045	1
0.045	1
0.045	1
0.045	1
0.045	1
0.045	1
0.045	1
0.045	1
0.045	1
0.045	1
0.045	1
0.045	1
0.045	1
0.045	1
0.045	1
0.045	1
0.045	1
0.045	1
0.045	1
0.045	1
0.045	1
0.045	1
0.045	1
0.045	1
0.045	1
0.046	2
0.046	2
0.046	1
0.046	1
0.046	1
0.046	1
0.046	2
0.046	1
0.046	1
0.046	1
0.046	1
0.046	1
0.046	1
0.046	1
0.046	1
0.046	1
0.046	1
0.046	1
0.046	1
0.046	1
0.046	1
0.046	1
0.046	1
0.046	1
0.046	1
0.046	1
0.046	1
0.046	1
0.046	1
0.046	1
0.046	1
0.046	1
0.046	1
0.046	1
0.046	1
0.046	1
0.046	1
0.046	1
0.046	1
0.046	1
0.046	1
0.046	1
0.046	1
0.046	1
0.046	1
0.046	1
0.046	1
0.046	1
0.046	1
0.046	1
0.046	1
0.046	1
0.046	1
0.046	1
0.046	1
0.046	1
0.046	1
0.046	1
0.046	1
0.046	1
0.046	1
0.046	1
0.046	1
0.046	1
0.046	1
0.046	1
0.046	1
0.046	1
0.046	1
0.046	1
0.046	1
0.046	1
0.046	1
0.046	1
0.046	1
0.046	1
0.046	1
0.046	2
0.046	1
0.046	1
0.046	1
0.046	1
0.046	1
0.046	1
0.046	1
0.046	1
0.046	1
0.046	1
0.046	1
0.046	1
0.046	1
0.046	1
0.046	1
0.047	2
0.047	2
0.047	2
0.047	1
0.047	1
0.047	1
0.047	1
0.047	1
0.047	1
0.047	1
0.047	1
0.047	1
0.047	1
0.047	1
0.047	1
0.047	1
0.047	1
0.047	1
0.047	1
0.047	1
0.047	1
0.047	1
0.047	1
0.047	1
0.047	1
0.047	1
0.047	1
0.047	1
0.047	1
0.047	1
0.047	1
0.047	1
0.047	1
0.047	1
0.047	1
0.047	1
0.047	1
0.047	1
0.047	1
0.047	1
0.047	1
0.047	1
0.047	1
0.047	1
0.047	1
0.047	1
0.047	1
0.047	1
0.047	1
0.047	1
0.047	1
0.047	1
0.047	1
0.047	1
0.047	1
0.047	1
0.047	1
0.047	1
0.047	1
0.047	1
0.047	1
0.047	1
0.047	2
0.047	1
0.047	1
0.047	1
0.047	1
0.047	1
0.047	1
0.047	1
0.047	1
0.047	1
0.047	1
0.047	1
0.047	1
0.047	1
0.047	1
0.048	2
0.048	2
0.048	1
0.048	1
0.048	2
0.048	2
0.048	1
0.048	2
0.048	2
0.048	1
0.048	1
0.048	1
0.048	1
0.048	1
0.048	1
0.048	1
0.048	1
0.048	1
0.048	1
0.048	1
0.048	1
0.048	1
0.048	1
0.048	1
0.048	1
0.048	1
0.048	1
0.048	1
0.048	1
0.048	1
0.048	1
0.048	1
0.048	1
0.048	1
0.048	1
0.048	1
0.048	1
0.048	1
0.048	1
0.048	1
0.048	1
0.048	1
0.048	1
0.048	1
0.048	1
0.048	1
0.048	1
0.048	1
0.048	1
0.048	1
0.048	1
0.048	1
0.048	1
0.048	1
0.048	1
0.048	1
0.048	1
0.048	1
0.048	1
0.048	1
0.048	1
0.048	1
0.048	1
0.048	1
0.048	1
0.048	1
0.048	1
0.048	1
0.048	1
0.048	1
0.048	1
0.048	1
0.048	1
0.048	1
0.048	1
0.048	1
0.048	1
0.048	1
0.048	1
0.048	1
0.048	1
0.048	1
0.048	1
0.048	1
0.048	1
0.048	1
0.048	1
0.048	1
0.048	1
0.048	1
0.049	2
0.049	2
0.049	2
0.049	2
0.049	1
0.049	1
0.049	1
0.049	1
0.049	1
0.049	1
0.049	1
0.049	1
0.049	1
0.049	1
0.049	1
0.049	1
0.049	1
0.049	1
0.049	1
0.049	1
0.049	1
0.049	1
0.049	1
0.049	1
0.049	1
0.049	1
0.049	1
0.049	1
0.049	1
0.049	1
0.049	1
0.049	1
0.049	1
0.049	1
0.049	1
0.049	1
0.049	1
0.049	1
0.049	1
0.049	1
0.049	1
0.049	1
0.049	1
0.049	1
0.049	1
0.049	1
0.049	1
0.049	1
0.049	1
0.049	1
0.049	1
0.049	1
0.049	1
0.049	1
0.049	1
0.049	1
0.049	1
0.049	1
0.049	1
0.049	1
0.049	1
0.049	1
0.049	1
0.049	1
0.049	1
0.049	1
0.049	1
0.049	2
0.049	1
0.049	1
0.049	1
0.049	1
0.049	1
0.049	1
0.049	1
0.049	1
0.049	1
0.049	1
0.049	1
0.05	2
0.05	2
0.05	1
0.05	1
0.05	1
0.05	2
0.05	1
0.05	2
0.05	1
0.05	1
0.05	1
0.05	1
0.05	1
0.05	1
0.05	1
0.05	1
0.05	1
0.05	1
0.05	1
0.05	1
0.05	1
0.05	1
0.05	1
0.05	1
0.05	1
0.05	1
0.05	1
0.05	1
0.05	1
0.05	1
0.05	1
0.05	1
0.05	1
0.05	1
0.05	1
0.05	1
0.05	1
0.05	1
0.05	1
0.05	1
0.05	1
0.05	1
0.05	1
0.05	1
0.05	1
0.05	1
0.05	1
0.05	1
0.05	1
0.05	1
0.05	1
0.05	1
0.05	1
0.05	1
0.05	1
0.05	1
0.05	1
0.05	1
0.05	1
0.05	1
0.05	1
0.05	1
0.05	1
0.05	1
0.05	1
0.05	1
0.05	1
0.05	1
0.05	1
0.05	1
0.05	1
0.05	1
0.05	1
0.05	1
0.05	1
0.05	1
0.05	1
0.05	1
0.05	1
0.05	1
0.05	2
0.05	1
0.05	1
0.05	1
0.05	1
0.05	1
0.05	1
0.05	1
0.05	1
0.05	1
0.05	1
0.05	1
0.05	1
0.05	1
0.05	1
0.05	1
0.05	1
0.05	1
0.05	1
0.05	1
0.05	1
0.051	1
0.051	1
0.051	2
0.051	1
0.051	1
0.051	1
0.051	1
0.051	1
0.051	1
0.051	1
0.051	1
0.051	1
0.051	1
0.051	1
0.051	1
0.051	1
0.051	1
0.051	1
0.051	1
0.051	1
0.051	1
0.051	1
0.051	1
0.051	1
0.051	1
0.051	1
0.051	1
0.051	1
0.051	1
0.051	1
0.051	1
0.051	1
0.051	1
0.051	1
0.051	1
0.051	1
0.051	1
0.051	1
0.051	1
0.051	1
0.051	1
0.051	1
0.051	1
0.051	1
0.051	1
0.051	1
0.051	1
0.051	1
0.051	1
0.051	1
0.051	1
0.051	1
0.051	1
0.051	1
0.051	1
0.051	1
0.051	1
0.051	1
0.051	1
0.051	1
0.051	1
0.051	1
0.051	1
0.051	1
0.051	1
0.051	1
0.051	1
0.051	1
0.051	1
0.051	1
0.051	1
0.051	1
0.051	1
0.051	1
0.051	1
0.051	1
0.051	1
0.051	1
0.051	1
0.051	1
0.051	1
0.051	1
0.051	1
0.051	1
0.051	1
0.052	1
0.052	1
0.052	1
0.052	1
0.052	1
0.052	1
0.052	1
0.052	1
0.052	1
0.052	1
0.052	1
0.052	1
0.052	1
0.052	1
0.052	1
0.052	1
0.052	1
0.052	1
0.052	1
0.052	1
0.052	1
0.052	1
0.052	1
0.052	1
0.052	1
0.052	1
0.052	1
0.052	1
0.052	1
0.052	1
0.052	1
0.052	1
0.052	1
0.052	1
0.052	1
0.052	1
0.052	1
0.052	1
0.052	1
0.052	1
0.052	1
0.052	1
0.052	1
0.052	1
0.052	1
0.052	1
0.052	1
0.052	1
0.052	1
0.052	1
0.052	1
0.052	1
0.052	1
0.052	1
0.052	1
0.052	1
0.052	1
0.052	1
0.052	1
0.052	1
0.052	1
0.052	1
0.052	1
0.052	1
0.052	1
0.052	1
0.052	1
0.052	1
0.052	1
0.052	1
0.052	1
0.052	1
0.052	1
0.052	1
0.052	1
0.052	2
0.052	2
0.052	1
0.052	1
0.052	1
0.052	1
0.052	1
0.052	1
0.052	1
0.052	1
0.052	1
0.052	1
0.052	1
0.053	2
0.053	2
0.053	1
0.053	1
0.053	1
0.053	1
0.053	1
0.053	1
0.053	1
0.053	1
0.053	1
0.053	1
0.053	1
0.053	1
0.053	1
0.053	1
0.053	1
0.053	1
0.053	1
0.053	1
0.053	1
0.053	1
0.053	1
0.053	1
0.053	1
0.053	1
0.053	1
0.053	1
0.053	1
0.053	1
0.053	1
0.053	1
0.053	1
0.053	1
0.053	1
0.053	1
0.053	1
0.053	1
0.053	1
0.053	1
0.053	1
0.053	1
0.053	1
0.053	1
0.053	1
0.053	1
0.053	1
0.053	1
0.053	1
0.053	1
0.053	1
0.053	1
0.053	1
0.053	1
0.053	1
0.053	1
0.053	1
0.053	1
0.053	1
0.053	1
0.053	1
0.053	1
0.053	1
0.053	1
0.053	1
0.053	1
0.053	1
0.053	1
0.053	1
0.053	1
0.053	1
0.053	1
0.053	1
0.053	1
0.053	1
0.053	1
0.053	1
0.053	1
0.053	1
0.054	1
0.054	1
0.054	1
0.054	1
0.054	2
0.054	1
0.054	1
0.054	2
0.054	1
0.054	1
0.054	1
0.054	1
0.054	1
0.054	1
0.054	1
0.054	1
0.054	1
0.054	1
0.054	1
0.054	1
0.054	1
0.054	1
0.054	1
0.054	1
0.054	1
0.054	1
0.054	1
0.054	1
0.054	1
0.054	1
0.054	1
0.054	1
0.054	1
0.054	1
0.054	1
0.054	1
0.054	1
0.054	1
0.054	1
0.054	1
0.054	1
0.054	1
0.054	1
0.054	1
0.054	1
0.054	1
0.054	1
0.054	1
0.054	1
0.054	1
0.054	1
0.054	1
0.054	1
0.054	1
0.054	1
0.054	1
0.054	1
0.054	1
0.054	1
0.054	1
0.054	2
0.054	1
0.054	1
0.054	1
0.054	1
0.054	1
0.054	1
0.054	1
0.054	1
0.054	2
0.054	1
0.055	2
0.055	2
0.055	1
0.055	2
0.055	1
0.055	1
0.055	1
0.055	1
0.055	1
0.055	1
0.055	1
0.055	1
0.055	1
0.055	1
0.055	1
0.055	1
0.055	1
0.055	1
0.055	1
0.055	1
0.055	1
0.055	1
0.055	1
0.055	1
0.055	1
0.055	1
0.055	1
0.055	1
0.055	1
0.055	1
0.055	1
0.055	1
0.055	1
0.055	1
0.055	1
0.055	1
0.055	1
0.055	1
0.055	1
0.055	1
0.055	1
0.055	1
0.055	1
0.055	1
0.055	1
0.055	1
0.055	1
0.055	1
0.055	1
0.055	1
0.055	1
0.055	1
0.055	1
0.055	1
0.055	1
0.055	1
0.055	1
0.055	1
0.055	1
0.055	1
0.055	1
0.055	1
0.055	1
0.055	1
0.055	1
0.055	1
0.055	1
0.055	1
0.055	1
0.055	1
0.055	1
0.055	1
0.056	2
0.056	2
0.056	2
0.056	2
0.056	1
0.056	2
0.056	1
0.056	1
0.056	2
0.056	2
0.056	1
0.056	2
0.056	2
0.056	2
0.056	1
0.056	1
0.056	1
0.056	1
0.056	1
0.056	1
0.056	1
0.056	1
0.056	1
0.056	1
0.056	1
0.056	1
0.056	1
0.056	1
0.056	1
0.056	1
0.056	1
0.056	1
0.056	1
0.056	1
0.056	1
0.056	1
0.056	1
0.056	1
0.056	1
0.056	1
0.056	1
0.056	1
0.056	1
0.056	1
0.056	1
0.056	1
0.056	1
0.056	1
0.056	1
0.056	1
0.056	1
0.056	1
0.056	1
0.056	1
0.056	1
0.056	1
0.056	1
0.056	1
0.056	1
0.056	1
0.056	1
0.056	1
0.056	1
0.056	1
0.056	1
0.056	1
0.056	1
0.056	1
0.056	1
0.056	1
0.056	1
0.056	1
0.056	1
0.056	1
0.056	1
0.056	1
0.056	1
0.056	1
0.056	1
0.056	1
0.056	1
0.056	1
0.056	2
0.056	1
0.056	1
0.056	1
0.056	1
0.056	1
0.056	1
0.056	1
0.056	1
0.057	2
0.057	1
0.057	1
0.057	1
0.057	1
0.057	1
0.057	1
0.057	1
0.057	1
0.057	1
0.057	1
0.057	1
0.057	1
0.057	1
0.057	1
0.057	1
0.057	1
0.057	1
0.057	1
0.057	1
0.057	1
0.057	1
0.057	1
0.057	1
0.057	1
0.057	1
0.057	1
0.057	1
0.057	1
0.057	1
0.057	1
0.057	1
0.057	1
0.057	1
0.057	1
0.057	1
0.057	1
0.057	1
0.057	1
0.057	1
0.057	1
0.057	1
0.057	1
0.057	1
0.057	1
0.057	1
0.057	1
0.057	1
0.057	1
0.057	1
0.057	1
0.057	1
0.057	1
0.057	1
0.057	1
0.057	1
0.057	1
0.057	1
0.057	1
0.057	1
0.057	1
0.057	1
0.057	1
0.057	1
0.057	1
0.057	1
0.057	1
0.057	1
0.057	1
0.058	2
0.058	1
0.058	2
0.058	2
0.058	1
0.058	1
0.058	1
0.058	1
0.058	1
0.058	1
0.058	1
0.058	1
0.058	1
0.058	1
0.058	1
0.058	1
0.058	1
0.058	1
0.058	1
0.058	1
0.058	1
0.058	1
0.058	1
0.058	1
0.058	1
0.058	1
0.058	1
0.058	1
0.058	1
0.058	1
0.058	1
0.058	1
0.058	1
0.058	1
0.058	1
0.058	1
0.058	1
0.058	1
0.058	1
0.058	1
0.058	1
0.058	1
0.058	1
0.058	1
0.058	1
0.058	1
0.058	1
0.058	1
0.058	1
0.058	1
0.058	1
0.058	1
0.058	1
0.058	1
0.058	1
0.058	1
0.058	1
0.058	1
0.058	1
0.058	1
0.058	1
0.058	1
0.058	1
0.058	1
0.058	1
0.058	1
0.058	1
0.058	1
0.058	1
0.058	1
0.058	1
0.058	1
0.058	1
0.058	1
0.058	1
0.058	1
0.058	1
0.058	1
0.058	1
0.058	2
0.058	1
0.058	1
0.058	1
0.058	1
0.058	1
0.058	2
0.058	1
0.059	2
0.059	1
0.059	1
0.059	1
0.059	1
0.059	1
0.059	1
0.059	1
0.059	1
0.059	1
0.059	1
0.059	1
0.059	1
0.059	1
0.059	1
0.059	1
0.059	1
0.059	1
0.059	1
0.059	1
0.059	1
0.059	1
0.059	1
0.059	1
0.059	1
0.059	1
0.059	1
0.059	1
0.059	1
0.059	1
0.059	1
0.059	1
0.059	1
0.059	1
0.059	1
0.059	1
0.059	1
0.059	1
0.059	1
0.059	1
0.059	1
0.059	1
0.059	1
0.059	1
0.059	1
0.059	1
0.059	1
0.059	1
0.059	1
0.059	1
0.059	1
0.059	1
0.059	1
0.059	1
0.059	1
0.059	1
0.059	1
0.059	1
0.059	1
0.059	1
0.059	1
0.059	1
0.059	1
0.059	1
0.059	1
0.059	1
0.059	1
0.059	1
0.059	1
0.059	1
0.059	1
0.059	1
0.059	1
0.059	1
0.059	1
0.059	1
0.059	1
0.059	1
0.059	1
0.059	1
0.059	1
0.059	1
0.059	1
0.059	2
0.059	1
0.06	1
0.06	2
0.06	1
0.06	1
0.06	1
0.06	1
0.06	1
0.06	1
0.06	1
0.06	1
0.06	1
0.06	1
0.06	1
0.06	1
0.06	1
0.06	1
0.06	1
0.06	1
0.06	1
0.06	1
0.06	1
0.06	1
0.06	1
0.06	1
0.06	1
0.06	1
0.06	1
0.06	1
0.06	1
0.06	1
0.06	1
0.06	1
0.06	1
0.06	1
0.06	1
0.06	1
0.06	1
0.06	1
0.06	1
0.06	1
0.06	1
0.06	1
0.06	1
0.06	1
0.06	1
0.06	1
0.06	1
0.06	1
0.06	1
0.06	1
0.06	1
0.06	1
0.06	1
0.06	1
0.06	1
0.06	1
0.06	1
0.06	1
0.06	1
0.06	1
0.06	1
0.06	1
0.06	1
0.061	2
0.061	2
0.061	1
0.061	2
0.061	1
0.061	1
0.061	1
0.061	1
0.061	1
0.061	2
0.061	1
0.061	1
0.061	1
0.061	1
0.061	1
0.061	1
0.061	1
0.061	1
0.061	1
0.061	1
0.061	1
0.061	1
0.061	1
0.061	1
0.061	1
0.061	1
0.061	1
0.061	1
0.061	1
0.061	1
0.061	1
0.061	1
0.061	1
0.061	1
0.061	1
0.061	1
0.061	1
0.061	1
0.061	1
0.061	1
0.061	1
0.061	1
0.061	1
0.061	1
0.061	1
0.061	1
0.061	1
0.061	1
0.061	1
0.061	1
0.061	1
0.061	1
0.061	1
0.061	1
0.061	1
0.061	1
0.061	1
0.061	1
0.061	1
0.061	1
0.061	1
0.061	1
0.061	1
0.061	1
0.061	1
0.061	1
0.061	1
0.061	1
0.061	1
0.061	1
0.061	1
0.061	1
0.061	1
0.061	1
0.061	1
0.061	1
0.061	1
0.062	1
0.062	2
0.062	2
0.062	1
0.062	1
0.062	1
0.062	2
0.062	1
0.062	1
0.062	1
0.062	2
0.062	1
0.062	1
0.062	1
0.062	1
0.062	1
0.062	1
0.062	1
0.062	1
0.062	1
0.062	1
0.062	1
0.062	1
0.062	1
0.062	1
0.062	1
0.062	1
0.062	1
0.062	1
0.062	1
0.062	1
0.062	1
0.062	1
0.062	1
0.062	1
0.062	1
0.062	1
0.062	1
0.062	1
0.062	1
0.062	1
0.062	1
0.062	1
0.062	1
0.062	1
0.062	1
0.062	1
0.062	1
0.062	1
0.062	1
0.062	1
0.062	1
0.062	1
0.062	1
0.062	1
0.062	1
0.062	1
0.062	1
0.062	1
0.062	1
0.062	1
0.062	1
0.062	1
0.062	1
0.062	1
0.062	1
0.062	1
0.062	1
0.062	1
0.062	2
0.063	1
0.063	1
0.063	2
0.063	2
0.063	2
0.063	1
0.063	1
0.063	1
0.063	1
0.063	1
0.063	1
0.063	1
0.063	1
0.063	1
0.063	1
0.063	1
0.063	1
0.063	1
0.063	1
0.063	1
0.063	1
0.063	1
0.063	1
0.063	1
0.063	1
0.063	1
0.063	1
0.063	1
0.063	1
0.063	1
0.063	1
0.063	1
0.063	1
0.063	1
0.063	1
0.063	1
0.063	1
0.063	1
0.063	1
0.063	1
0.063	1
0.063	1
0.063	1
0.063	1
0.063	1
0.063	1
0.063	1
0.063	1
0.063	1
0.063	1
0.063	1
0.063	1
0.063	1
0.063	1
0.063	1
0.063	1
0.063	1
0.063	1
0.063	1
0.063	1
0.063	1
0.063	1
0.063	1
0.063	1
0.063	1
0.063	1
0.063	1
0.063	1
0.063	1
0.063	1
0.063	1
0.063	1
0.063	1
0.063	1
0.063	1
0.063	2
0.064	1
0.064	1
0.064	2
0.064	2
0.064	2
0.064	1
0.064	1
0.064	2
0.064	1
0.064	1
0.064	1
0.064	1
0.064	1
0.064	1
0.064	1
0.064	1
0.064	1
0.064	1
0.064	1
0.064	1
0.064	1
0.064	1
0.064	1
0.064	1
0.064	1
0.064	1
0.064	1
0.064	1
0.064	1
0.064	1
0.064	1
0.064	1
0.064	1
0.064	1
0.064	1
0.064	1
0.064	1
0.064	1
0.064	1
0.064	1
0.064	1
0.064	1
0.064	1
0.064	1
0.064	1
0.064	1
0.064	1
0.064	1
0.064	1
0.064	1
0.064	1
0.064	1
0.064	1
0.064	1
0.064	1
0.064	1
0.064	1
0.064	1
0.064	1
0.064	1
0.064	1
0.064	1
0.064	1
0.064	1
0.064	1
0.064	1
0.064	1
0.064	1
0.064	1
0.064	1
0.064	1
0.064	1
0.064	1
0.064	1
0.064	1
0.064	1
0.064	1
0.064	1
0.064	1
0.064	1
0.064	1
0.065	2
0.065	2
0.065	2
0.065	1
0.065	1
0.065	1
0.065	2
0.065	1
0.065	1
0.065	1
0.065	1
0.065	1
0.065	1
0.065	1
0.065	1
0.065	1
0.065	1
0.065	1
0.065	1
0.065	1
0.065	1
0.065	1
0.065	1
0.065	1
0.065	1
0.065	1
0.065	1
0.065	1
0.065	1
0.065	1
0.065	1
0.065	1
0.065	1
0.065	1
0.065	1
0.065	1
0.065	1
0.065	1
0.065	1
0.065	1
0.065	1
0.065	1
0.065	1
0.065	1
0.065	1
0.065	1
0.065	1
0.065	1
0.065	1
0.065	1
0.065	1
0.065	1
0.065	1
0.065	1
0.065	1
0.065	1
0.065	1
0.065	1
0.065	1
0.065	1
0.065	1
0.065	1
0.065	1
0.065	1
0.065	1
0.065	1
0.065	1
0.065	1
0.065	1
0.065	1
0.065	1
0.065	1
0.065	1
0.065	1
0.065	1
0.065	1
0.065	1
0.065	1
0.065	1
0.065	1
0.065	1
0.066	2
0.066	2
0.066	2
0.066	2
0.066	2
0.066	1
0.066	2
0.066	1
0.066	1
0.066	1
0.066	2
0.066	1
0.066	1
0.066	1
0.066	2
0.066	1
0.066	1
0.066	1
0.066	1
0.066	1
0.066	1
0.066	1
0.066	1
0.066	1
0.066	1
0.066	1
0.066	1
0.066	1
0.066	1
0.066	1
0.066	1
0.066	1
0.066	1
0.066	1
0.066	1
0.066	1
0.066	1
0.066	1
0.066	1
0.066	1
0.066	1
0.066	1
0.066	1
0.066	1
0.066	1
0.066	1
0.066	1
0.066	1
0.066	1
0.066	1
0.066	1
0.066	1
0.066	1
0.066	1
0.066	1
0.066	1
0.066	1
0.066	1
0.066	1
0.066	1
0.066	1
0.066	1
0.066	1
0.066	1
0.066	1
0.066	2
0.066	2
0.066	1
0.066	1
0.066	1
0.066	1
0.066	1
0.066	1
0.066	1
0.066	1
0.066	1
0.066	1
0.066	1
0.066	1
0.066	1
0.066	1
0.066	1
0.066	1
0.066	1
0.066	1
0.066	1
0.066	1
0.066	1
0.067	2
0.067	2
0.067	1
0.067	1
0.067	1
0.067	1
0.067	1
0.067	2
0.067	1
0.067	1
0.067	1
0.067	1
0.067	2
0.067	2
0.067	2
0.067	1
0.067	1
0.067	1
0.067	1
0.067	1
0.067	1
0.067	1
0.067	1
0.067	1
0.067	1
0.067	1
0.067	1
0.067	1
0.067	1
0.067	1
0.067	1
0.067	1
0.067	1
0.067	1
0.067	1
0.067	1
0.067	1
0.067	1
0.067	1
0.067	1
0.067	1
0.067	1
0.067	1
0.067	1
0.067	1
0.067	1
0.067	1
0.067	1
0.067	1
0.067	1
0.067	1
0.067	1
0.067	1
0.067	2
0.067	2
0.067	1
0.067	1
0.067	1
0.067	1
0.067	1
0.067	1
0.067	1
0.067	1
0.067	1
0.067	1
0.067	1
0.067	1
0.067	1
0.067	1
0.067	1
0.067	1
0.067	1
0.067	1
0.067	1
0.067	1
0.067	1
0.067	1
0.067	1
0.068	2
0.068	2
0.068	2
0.068	1
0.068	1
0.068	1
0.068	1
0.068	1
0.068	1
0.068	1
0.068	1
0.068	1
0.068	1
0.068	1
0.068	1
0.068	1
0.068	1
0.068	1
0.068	1
0.068	1
0.068	1
0.068	1
0.068	1
0.068	1
0.068	1
0.068	1
0.068	1
0.068	1
0.068	1
0.068	1
0.068	1
0.068	1
0.068	1
0.068	1
0.068	1
0.068	1
0.068	1
0.068	1
0.068	1
0.068	1
0.068	1
0.068	1
0.068	1
0.068	1
0.068	1
0.068	1
0.068	1
0.068	1
0.068	1
0.068	1
0.068	1
0.068	2
0.068	1
0.068	1
0.068	1
0.068	1
0.068	1
0.068	1
0.068	1
0.068	1
0.068	1
0.068	1
0.068	1
0.068	1
0.068	1
0.068	1
0.068	1
0.068	1
0.068	1
0.068	1
0.068	1
0.068	1
0.068	1
0.068	1
0.068	2
0.068	2
0.069	2
0.069	1
0.069	1
0.069	2
0.069	1
0.069	1
0.069	1
0.069	1
0.069	2
0.069	1
0.069	2
0.069	1
0.069	1
0.069	1
0.069	1
0.069	1
0.069	1
0.069	1
0.069	1
0.069	1
0.069	1
0.069	1
0.069	1
0.069	1
0.069	1
0.069	1
0.069	1
0.069	1
0.069	1
0.069	1
0.069	1
0.069	1
0.069	1
0.069	1
0.069	1
0.069	1
0.069	1
0.069	1
0.069	1
0.069	1
0.069	1
0.069	1
0.069	1
0.069	1
0.069	1
0.069	2
0.069	1
0.069	1
0.069	1
0.069	1
0.069	1
0.069	1
0.069	1
0.069	1
0.069	1
0.069	1
0.07	1
0.07	2
0.07	2
0.07	1
0.07	1
0.07	1
0.07	1
0.07	2
0.07	1
0.07	1
0.07	2
0.07	1
0.07	1
0.07	1
0.07	2
0.07	2
0.07	1
0.07	1
0.07	1
0.07	1
0.07	1
0.07	1
0.07	1
0.07	1
0.07	1
0.07	1
0.07	1
0.07	1
0.07	1
0.07	1
0.07	1
0.07	1
0.07	1
0.07	1
0.07	1
0.07	1
0.07	1
0.07	1
0.07	1
0.07	1
0.07	1
0.07	1
0.07	1
0.07	1
0.07	1
0.07	1
0.07	1
0.07	1
0.07	2
0.07	1
0.07	1
0.07	1
0.07	1
0.07	1
0.07	1
0.07	1
0.07	1
0.07	1
0.07	1
0.07	1
0.07	1
0.07	1
0.07	1
0.07	1
0.07	1
0.07	1
0.071	1
0.071	1
0.071	1
0.071	1
0.071	2
0.071	2
0.071	2
0.071	2
0.071	2
0.071	2
0.071	1
0.071	1
0.071	1
0.071	2
0.071	2
0.071	2
0.071	1
0.071	1
0.071	1
0.071	1
0.071	1
0.071	1
0.071	1
0.071	1
0.071	1
0.071	1
0.071	1
0.071	1
0.071	1
0.071	1
0.071	1
0.071	1
0.071	1
0.071	1
0.071	1
0.071	1
0.071	1
0.071	1
0.071	1
0.071	1
0.071	1
0.071	1
0.071	1
0.071	1
0.071	1
0.071	1
0.071	1
0.071	2
0.071	1
0.071	1
0.071	1
0.071	1
0.071	1
0.071	1
0.071	1
0.071	1
0.071	1
0.071	1
0.071	1
0.071	1
0.071	1
0.071	1
0.071	2
0.072	2
0.072	2
0.072	2
0.072	2
0.072	1
0.072	1
0.072	2
0.072	2
0.072	1
0.072	2
0.072	2
0.072	1
0.072	1
0.072	1
0.072	1
0.072	2
0.072	2
0.072	2
0.072	1
0.072	1
0.072	1
0.072	1
0.072	1
0.072	1
0.072	1
0.072	1
0.072	1
0.072	1
0.072	1
0.072	1
0.072	1
0.072	1
0.072	1
0.072	1
0.072	1
0.072	1
0.072	1
0.072	1
0.072	1
0.072	1
0.072	1
0.072	1
0.072	1
0.072	1
0.072	1
0.072	1
0.072	1
0.072	1
0.072	1
0.072	1
0.072	1
0.072	1
0.072	1
0.072	1
0.072	1
0.072	1
0.072	1
0.072	1
0.072	1
0.072	1
0.072	1
0.072	1
0.072	1
0.072	1
0.072	1
0.072	1
0.072	1
0.072	1
0.072	1
0.072	1
0.072	1
0.072	1
0.072	1
0.072	1
0.072	1
0.072	1
0.072	1
0.072	2
0.072	1
0.072	1
0.072	1
0.072	1
0.072	1
0.072	1
0.072	1
0.072	1
0.072	1
0.072	1
0.072	1
0.072	1
0.072	1
0.072	1
0.072	1
0.072	1
0.073	1
0.073	2
0.073	1
0.073	1
0.073	1
0.073	2
0.073	2
0.073	1
0.073	1
0.073	2
0.073	2
0.073	1
0.073	1
0.073	1
0.073	1
0.073	1
0.073	1
0.073	1
0.073	1
0.073	1
0.073	1
0.073	1
0.073	1
0.073	1
0.073	1
0.073	1
0.073	1
0.073	1
0.073	1
0.073	1
0.073	1
0.073	1
0.073	1
0.073	1
0.073	1
0.073	1
0.073	1
0.073	1
0.073	1
0.073	1
0.073	1
0.073	1
0.073	1
0.073	1
0.073	1
0.073	1
0.073	1
0.073	1
0.073	1
0.073	1
0.073	1
0.073	1
0.073	1
0.073	1
0.073	1
0.073	1
0.073	2
0.073	2
0.073	1
0.073	1
0.073	2
0.073	1
0.073	1
0.073	1
0.073	1
0.073	1
0.073	1
0.073	1
0.073	1
0.073	1
0.073	1
0.073	1
0.073	1
0.074	2
0.074	2
0.074	1
0.074	2
0.074	1
0.074	1
0.074	1
0.074	1
0.074	1
0.074	1
0.074	1
0.074	1
0.074	1
0.074	1
0.074	1
0.074	1
0.074	1
0.074	1
0.074	1
0.074	1
0.074	1
0.074	1
0.074	1
0.074	1
0.074	1
0.074	1
0.074	1
0.074	1
0.074	1
0.074	1
0.074	1
0.074	1
0.074	1
0.074	1
0.074	1
0.074	1
0.074	1
0.074	1
0.074	1
0.074	1
0.074	1
0.074	1
0.074	1
0.074	2
0.074	1
0.074	1
0.074	1
0.074	1
0.074	1
0.074	1
0.074	1
0.074	1
0.074	1
0.074	1
0.075	2
0.075	2
0.075	1
0.075	1
0.075	1
0.075	1
0.075	1
0.075	1
0.075	2
0.075	2
0.075	1
0.075	1
0.075	2
0.075	1
0.075	1
0.075	1
0.075	1
0.075	1
0.075	2
0.075	2
0.075	2
0.075	1
0.075	1
0.075	1
0.075	1
0.075	1
0.075	1
0.075	1
0.075	1
0.075	1
0.075	1
0.075	1
0.075	1
0.075	1
0.075	1
0.075	1
0.075	1
0.075	1
0.075	1
0.075	1
0.075	1
0.075	1
0.075	1
0.075	1
0.075	1
0.075	1
0.075	1
0.075	1
0.075	1
0.075	1
0.075	1
0.075	2
0.075	1
0.075	1
0.075	1
0.075	1
0.075	1
0.075	1
0.075	1
0.075	1
0.076	2
0.076	2
0.076	2
0.076	2
0.076	2
0.076	2
0.076	1
0.076	1
0.076	2
0.076	2
0.076	2
0.076	1
0.076	2
0.076	2
0.076	2
0.076	2
0.076	1
0.076	1
0.076	1
0.076	1
0.076	1
0.076	1
0.076	1
0.076	1
0.076	1
0.076	1
0.076	1
0.076	1
0.076	1
0.076	1
0.076	1
0.076	1
0.076	1
0.076	1
0.076	1
0.076	1
0.076	1
0.076	1
0.076	1
0.076	1
0.076	1
0.076	1
0.076	1
0.076	1
0.076	1
0.076	1
0.076	1
0.076	1
0.076	1
0.076	1
0.076	1
0.076	1
0.076	1
0.076	1
0.076	1
0.076	1
0.076	1
0.076	1
0.076	1
0.076	1
0.076	1
0.076	1
0.076	1
0.076	1
0.077	1
0.077	2
0.077	1
0.077	1
0.077	1
0.077	1
0.077	1
0.077	1
0.077	1
0.077	2
0.077	2
0.077	2
0.077	2
0.077	1
0.077	1
0.077	1
0.077	2
0.077	1
0.077	1
0.077	1
0.077	1
0.077	1
0.077	1
0.077	1
0.077	1
0.077	1
0.077	1
0.077	1
0.077	1
0.077	1
0.077	1
0.077	1
0.077	1
0.077	1
0.077	1
0.077	1
0.077	1
0.077	1
0.077	1
0.077	1
0.077	1
0.077	1
0.077	1
0.077	1
0.077	1
0.077	1
0.077	1
0.077	1
0.077	2
0.077	1
0.077	1
0.077	1
0.077	2
0.077	1
0.077	1
0.077	1
0.077	1
0.077	1
0.077	1
0.077	1
0.077	1
0.077	1
0.077	1
0.077	1
0.077	1
0.077	1
0.077	1
0.077	1
0.077	1
0.077	1
0.078	2
0.078	2
0.078	1
0.078	2
0.078	2
0.078	1
0.078	1
0.078	2
0.078	2
0.078	2
0.078	1
0.078	2
0.078	1
0.078	1
0.078	2
0.078	1
0.078	1
0.078	1
0.078	1
0.078	1
0.078	1
0.078	1
0.078	1
0.078	1
0.078	1
0.078	1
0.078	1
0.078	1
0.078	1
0.078	1
0.078	1
0.078	1
0.078	1
0.078	1
0.078	1
0.078	1
0.078	1
0.078	1
0.078	1
0.078	1
0.078	1
0.078	1
0.078	1
0.078	1
0.078	1
0.078	1
0.078	1
0.078	1
0.078	1
0.078	1
0.078	1
0.078	1
0.078	1
0.078	1
0.078	1
0.078	1
0.078	1
0.078	1
0.078	1
0.078	1
0.078	1
0.078	1
0.078	1
0.078	1
0.078	1
0.078	1
0.078	1
0.078	1
0.078	1
0.078	1
0.078	1
0.079	1
0.079	1
0.079	1
0.079	1
0.079	1
0.079	1
0.079	2
0.079	2
0.079	1
0.079	1
0.079	2
0.079	1
0.079	2
0.079	2
0.079	1
0.079	1
0.079	1
0.079	1
0.079	1
0.079	1
0.079	1
0.079	1
0.079	1
0.079	1
0.079	1
0.079	1
0.079	1
0.079	1
0.079	1
0.079	1
0.079	1
0.079	1
0.079	1
0.079	1
0.079	1
0.079	1
0.079	1
0.079	1
0.079	1
0.079	1
0.079	1
0.079	1
0.079	1
0.079	1
0.079	2
0.079	1
0.079	1
0.079	1
0.079	1
0.079	1
0.079	1
0.079	1
0.079	1
0.079	1
0.079	1
0.08	2
0.08	2
0.08	1
0.08	2
0.08	2
0.08	1
0.08	2
0.08	2
0.08	2
0.08	1
0.08	1
0.08	1
0.08	1
0.08	1
0.08	2
0.08	2
0.08	2
0.08	2
0.08	1
0.08	1
0.08	1
0.08	1
0.08	1
0.08	1
0.08	1
0.08	1
0.08	1
0.08	1
0.08	1
0.08	1
0.08	1
0.08	1
0.08	1
0.08	1
0.08	1
0.08	1
0.08	1
0.08	1
0.08	1
0.08	1
0.08	1
0.08	1
0.08	1
0.08	1
0.08	1
0.08	1
0.08	1
0.08	1
0.08	1
0.08	1
0.08	1
0.08	1
0.08	1
0.08	1
0.08	1
0.08	1
0.08	1
0.08	1
0.08	1
0.08	1
0.08	1
0.08	1
0.08	1
0.08	1
0.08	1
0.08	1
0.08	1
0.08	1
0.08	1
0.08	1
0.08	1
0.08	1
0.08	1
0.081	1
0.081	1
0.081	1
0.081	1
0.081	1
0.081	1
0.081	2
0.081	1
0.081	1
0.081	2
0.081	2
0.081	2
0.081	2
0.081	2
0.081	2
0.081	1
0.081	1
0.081	1
0.081	1
0.081	1
0.081	1
0.081	1
0.081	1
0.081	1
0.081	1
0.081	1
0.081	1
0.081	1
0.081	1
0.081	1
0.081	1
0.081	1
0.081	1
0.081	1
0.081	1
0.081	1
0.081	1
0.081	1
0.081	1
0.081	1
0.081	1
0.081	1
0.081	1
0.081	1
0.081	1
0.081	1
0.081	1
0.081	1
0.081	1
0.081	1
0.081	1
0.081	1
0.081	1
0.081	1
0.081	1
0.081	1
0.081	1
0.081	1
0.081	1
0.081	1
0.081	1
0.081	1
0.081	1
0.081	1
0.081	1
0.081	1
0.082	2
0.082	2
0.082	2
0.082	2
0.082	2
0.082	1
0.082	1
0.082	2
0.082	2
0.082	1
0.082	2
0.082	2
0.082	2
0.082	2
0.082	1
0.082	1
0.082	1
0.082	1
0.082	1
0.082	1
0.082	1
0.082	1
0.082	1
0.082	1
0.082	1
0.082	1
0.082	1
0.082	1
0.082	1
0.082	1
0.082	1
0.082	1
0.082	1
0.082	1
0.082	1
0.082	1
0.082	1
0.082	1
0.082	1
0.082	1
0.082	1
0.082	1
0.082	1
0.082	1
0.082	1
0.082	1
0.082	1
0.082	1
0.082	1
0.082	2
0.082	1
0.082	1
0.082	1
0.082	1
0.082	1
0.082	1
0.082	1
0.082	1
0.082	1
0.082	1
0.082	1
0.082	1
0.083	2
0.083	2
0.083	1
0.083	1
0.083	1
0.083	1
0.083	1
0.083	2
0.083	2
0.083	1
0.083	1
0.083	1
0.083	2
0.083	2
0.083	1
0.083	1
0.083	1
0.083	1
0.083	2
0.083	1
0.083	1
0.083	1
0.083	1
0.083	1
0.083	1
0.083	1
0.083	1
0.083	1
0.083	1
0.083	1
0.083	1
0.083	1
0.083	1
0.083	1
0.083	1
0.083	1
0.083	1
0.083	1
0.083	1
0.083	1
0.083	1
0.083	1
0.083	1
0.083	1
0.083	1
0.083	1
0.083	1
0.083	1
0.083	1
0.083	1
0.083	1
0.083	1
0.083	1
0.083	1
0.083	1
0.083	1
0.083	1
0.083	1
0.083	1
0.083	1
0.083	1
0.083	1
0.084	2
0.084	2
0.084	2
0.084	2
0.084	2
0.084	2
0.084	1
0.084	1
0.084	1
0.084	1
0.084	1
0.084	1
0.084	2
0.084	2
0.084	2
0.084	2
0.084	1
0.084	1
0.084	2
0.084	2
0.084	2
0.084	1
0.084	1
0.084	1
0.084	1
0.084	1
0.084	1
0.084	1
0.084	1
0.084	1
0.084	1
0.084	1
0.084	1
0.084	1
0.084	1
0.084	1
0.084	1
0.084	1
0.084	1
0.084	1
0.084	1
0.084	1
0.084	2
0.084	1
0.084	1
0.084	1
0.084	1
0.084	1
0.084	1
0.084	1
0.084	1
0.084	2
0.084	1
0.084	1
0.084	1
0.084	1
0.084	1
0.084	1
0.084	1
0.084	1
0.084	1
0.084	2
0.085	1
0.085	1
0.085	1
0.085	1
0.085	2
0.085	2
0.085	1
0.085	2
0.085	2
0.085	1
0.085	1
0.085	1
0.085	2
0.085	2
0.085	2
0.085	1
0.085	1
0.085	1
0.085	1
0.085	1
0.085	1
0.085	1
0.085	1
0.085	1
0.085	1
0.085	1
0.085	1
0.085	1
0.085	1
0.085	1
0.085	1
0.085	1
0.085	2
0.085	2
0.085	1
0.085	1
0.085	1
0.085	1
0.085	1
0.085	1
0.085	1
0.085	1
0.085	1
0.085	1
0.085	1
0.085	1
0.085	1
0.085	1
0.085	1
0.085	1
0.085	1
0.085	1
0.085	1
0.085	1
0.086	2
0.086	2
0.086	2
0.086	2
0.086	2
0.086	1
0.086	1
0.086	1
0.086	1
0.086	2
0.086	2
0.086	2
0.086	2
0.086	1
0.086	1
0.086	1
0.086	1
0.086	1
0.086	1
0.086	2
0.086	2
0.086	1
0.086	1
0.086	1
0.086	1
0.086	1
0.086	1
0.086	1
0.086	1
0.086	1
0.086	1
0.086	1
0.086	1
0.086	1
0.086	1
0.086	1
0.086	2
0.086	1
0.086	1
0.086	1
0.086	1
0.086	1
0.086	1
0.086	1
0.086	1
0.086	1
0.086	1
0.086	1
0.086	1
0.086	1
0.086	1
0.086	1
0.086	1
0.086	1
0.086	1
0.086	1
0.086	1
0.086	1
0.086	1
0.086	1
0.086	1
0.086	1
0.086	1
0.086	1
0.086	1
0.087	1
0.087	1
0.087	1
0.087	2
0.087	1
0.087	1
0.087	1
0.087	2
0.087	1
0.087	1
0.087	2
0.087	2
0.087	1
0.087	1
0.087	1
0.087	1
0.087	1
0.087	1
0.087	1
0.087	1
0.087	1
0.087	1
0.087	1
0.087	1
0.087	1
0.087	1
0.087	1
0.087	1
0.087	1
0.087	1
0.087	1
0.087	1
0.087	1
0.087	1
0.087	1
0.087	1
0.087	1
0.087	1
0.087	1
0.087	1
0.087	1
0.087	1
0.087	1
0.087	1
0.087	1
0.087	1
0.087	1
0.087	1
0.087	1
0.087	1
0.087	1
0.087	1
0.087	1
0.087	1
0.087	1
0.088	2
0.088	2
0.088	1
0.088	1
0.088	1
0.088	1
0.088	1
0.088	1
0.088	2
0.088	2
0.088	2
0.088	2
0.088	1
0.088	1
0.088	2
0.088	2
0.088	2
0.088	1
0.088	1
0.088	1
0.088	1
0.088	2
0.088	1
0.088	1
0.088	1
0.088	1
0.088	1
0.088	1
0.088	1
0.088	1
0.088	1
0.088	1
0.088	1
0.088	1
0.088	1
0.088	1
0.088	1
0.088	1
0.088	1
0.088	1
0.088	1
0.088	1
0.088	1
0.088	1
0.088	1
0.088	1
0.088	1
0.088	1
0.088	1
0.088	1
0.088	1
0.088	1
0.088	1
0.088	1
0.088	1
0.088	1
0.088	2
0.088	1
0.088	1
0.088	1
0.088	1
0.088	1
0.088	1
0.088	1
0.088	1
0.088	1
0.088	1
0.088	2
0.088	1
0.088	1
0.088	1
0.088	1
0.088	1
0.088	1
0.088	1
0.088	1
0.088	1
0.088	1
0.088	1
0.088	1
0.088	1
0.088	1
0.088	1
0.089	1
0.089	2
0.089	2
0.089	2
0.089	1
0.089	1
0.089	1
0.089	2
0.089	2
0.089	2
0.089	1
0.089	1
0.089	1
0.089	1
0.089	1
0.089	2
0.089	2
0.089	2
0.089	1
0.089	1
0.089	1
0.089	1
0.089	1
0.089	1
0.089	1
0.089	1
0.089	1
0.089	1
0.089	1
0.089	1
0.089	1
0.089	1
0.089	1
0.089	1
0.089	1
0.089	1
0.089	1
0.089	1
0.089	1
0.089	1
0.089	1
0.089	1
0.089	1
0.089	1
0.089	2
0.089	1
0.089	1
0.089	1
0.089	1
0.089	1
0.089	1
0.089	1
0.089	1
0.089	1
0.089	1
0.089	1
0.089	2
0.089	1
0.089	1
0.089	1
0.089	1
0.089	1
0.089	1
0.089	1
0.09	2
0.09	2
0.09	2
0.09	1
0.09	1
0.09	1
0.09	1
0.09	1
0.09	2
0.09	2
0.09	1
0.09	2
0.09	2
0.09	2
0.09	1
0.09	1
0.09	1
0.09	1
0.09	1
0.09	1
0.09	1
0.09	1
0.09	1
0.09	1
0.09	1
0.09	1
0.09	1
0.09	2
0.09	1
0.09	1
0.09	1
0.09	1
0.09	1
0.09	1
0.09	1
0.09	1
0.09	1
0.09	1
0.09	1
0.09	1
0.09	1
0.09	1
0.09	1
0.09	1
0.09	2
0.09	2
0.091	2
0.091	2
0.091	1
0.091	1
0.091	1
0.091	1
0.091	2
0.091	2
0.091	2
0.091	2
0.091	1
0.091	1
0.091	1
0.091	2
0.091	1
0.091	1
0.091	2
0.091	1
0.091	1
0.091	1
0.091	1
0.091	1
0.091	1
0.091	1
0.091	1
0.091	1
0.091	1
0.091	1
0.091	1
0.091	1
0.091	1
0.091	2
0.091	2
0.091	1
0.091	1
0.091	1
0.091	1
0.091	1
0.091	1
0.091	1
0.091	1
0.091	1
0.091	1
0.091	1
0.091	1
0.091	1
0.091	1
0.091	1
0.091	1
0.091	1
0.091	1
0.091	2
0.091	1
0.092	2
0.092	2
0.092	2
0.092	2
0.092	2
0.092	2
0.092	1
0.092	2
0.092	2
0.092	1
0.092	1
0.092	1
0.092	1
0.092	1
0.092	1
0.092	1
0.092	2
0.092	1
0.092	2
0.092	1
0.092	1
0.092	1
0.092	2
0.092	1
0.092	1
0.092	1
0.092	1
0.092	1
0.092	1
0.092	1
0.092	1
0.092	1
0.092	1
0.092	1
0.092	1
0.092	1
0.092	1
0.092	1
0.092	1
0.092	1
0.092	1
0.092	1
0.092	1
0.092	1
0.092	1
0.092	1
0.092	1
0.092	1
0.092	1
0.092	2
0.092	1
0.092	1
0.092	1
0.092	1
0.092	1
0.092	1
0.092	1
0.092	1
0.092	1
0.092	1
0.092	1
0.092	1
0.092	1
0.092	1
0.093	1
0.093	2
0.093	2
0.093	2
0.093	2
0.093	1
0.093	1
0.093	1
0.093	2
0.093	2
0.093	2
0.093	2
0.093	2
0.093	1
0.093	2
0.093	2
0.093	2
0.093	1
0.093	1
0.093	1
0.093	1
0.093	1
0.093	1
0.093	1
0.093	1
0.093	1
0.093	1
0.093	1
0.093	2
0.093	2
0.093	1
0.093	1
0.093	1
0.093	1
0.093	1
0.093	1
0.093	2
0.093	1
0.093	1
0.093	1
0.093	1
0.093	1
0.093	1
0.093	1
0.093	1
0.093	1
0.093	1
0.093	1
0.093	1
0.093	1
0.093	1
0.093	2
0.093	1
0.093	1
0.093	1
0.093	1
0.093	1
0.093	1
0.093	1
0.093	1
0.093	1
0.093	1
0.093	1
0.093	1
0.093	1
0.093	1
0.094	2
0.094	2
0.094	1
0.094	1
0.094	1
0.094	2
0.094	1
0.094	1
0.094	1
0.094	1
0.094	1
0.094	2
0.094	2
0.094	2
0.094	1
0.094	2
0.094	2
0.094	2
0.094	1
0.094	1
0.094	1
0.094	1
0.094	2
0.094	2
0.094	2
0.094	1
0.094	1
0.094	2
0.094	1
0.094	1
0.094	1
0.094	1
0.094	1
0.094	1
0.094	2
0.094	1
0.094	1
0.094	1
0.094	1
0.094	1
0.094	1
0.094	1
0.094	1
0.094	1
0.094	1
0.094	1
0.094	1
0.094	1
0.094	1
0.094	1
0.094	1
0.094	1
0.094	1
0.095	1
0.095	2
0.095	2
0.095	1
0.095	1
0.095	1
0.095	2
0.095	1
0.095	1
0.095	2
0.095	2
0.095	2
0.095	1
0.095	1
0.095	1
0.095	1
0.095	1
0.095	1
0.095	1
0.095	1
0.095	1
0.095	1
0.095	1
0.095	2
0.095	1
0.095	1
0.095	1
0.095	1
0.095	1
0.095	1
0.095	1
0.095	2
0.095	1
0.095	1
0.095	1
0.095	1
0.095	2
0.095	2
0.095	1
0.095	1
0.095	1
0.095	1
0.095	1
0.095	1
0.095	1
0.095	1
0.095	1
0.095	1
0.095	1
0.095	1
0.095	1
0.095	2
0.095	1
0.096	1
0.096	2
0.096	2
0.096	1
0.096	1
0.096	1
0.096	1
0.096	1
0.096	2
0.096	2
0.096	2
0.096	1
0.096	1
0.096	1
0.096	2
0.096	1
0.096	2
0.096	2
0.096	2
0.096	2
0.096	2
0.096	1
0.096	1
0.096	1
0.096	1
0.096	2
0.096	1
0.096	1
0.096	1
0.096	1
0.096	1
0.096	2
0.096	2
0.096	2
0.096	1
0.096	1
0.096	1
0.096	1
0.096	1
0.096	1
0.096	1
0.096	2
0.096	1
0.096	1
0.096	1
0.096	1
0.096	1
0.096	1
0.096	1
0.096	1
0.096	1
0.096	1
0.096	1
0.096	1
0.097	2
0.097	2
0.097	1
0.097	2
0.097	2
0.097	2
0.097	1
0.097	1
0.097	2
0.097	2
0.097	1
0.097	1
0.097	1
0.097	1
0.097	2
0.097	2
0.097	1
0.097	1
0.097	1
0.097	2
0.097	2
0.097	1
0.097	1
0.097	1
0.097	2
0.097	2
0.097	1
0.097	1
0.097	1
0.097	1
0.097	1
0.097	1
0.097	1
0.097	1
0.097	2
0.097	1
0.097	1
0.097	1
0.097	1
0.097	1
0.097	1
0.097	2
0.097	2
0.097	1
0.097	1
0.097	1
0.097	2
0.097	1
0.097	1
0.097	1
0.097	1
0.097	1
0.097	1
0.097	1
0.097	1
0.097	1
0.097	1
0.097	1
0.097	1
0.097	1
0.097	1
0.097	1
0.097	1
0.097	1
0.098	2
0.098	2
0.098	1
0.098	2
0.098	2
0.098	2
0.098	1
0.098	2
0.098	2
0.098	1
0.098	1
0.098	1
0.098	2
0.098	1
0.098	1
0.098	1
0.098	2
0.098	1
0.098	1
0.098	1
0.098	1
0.098	1
0.098	1
0.098	1
0.098	1
0.098	1
0.098	1
0.098	1
0.098	1
0.098	1
0.098	1
0.098	1
0.098	1
0.098	1
0.098	1
0.098	1
0.098	2
0.098	1
0.098	1
0.098	2
0.098	1
0.098	1
0.098	1
0.098	1
0.098	1
0.098	1
0.098	1
0.098	1
0.098	1
0.098	1
0.098	2
0.098	2
0.098	1
0.098	1
0.099	2
0.099	2
0.099	2
0.099	2
0.099	2
0.099	2
0.099	2
0.099	2
0.099	1
0.099	1
0.099	2
0.099	2
0.099	2
0.099	2
0.099	1
0.099	2
0.099	1
0.099	2
0.099	2
0.099	2
0.099	1
0.099	1
0.099	1
0.099	1
0.099	1
0.099	1
0.099	1
0.099	1
0.099	1
0.099	1
0.099	1
0.099	1
0.099	1
0.099	1
0.099	1
0.099	1
0.099	1
0.099	1
0.099	1
0.099	1
0.099	1
0.099	1
0.099	1
0.099	1
0.099	2
0.099	1
0.099	1
0.099	1
0.099	1
0.099	1
0.099	1
0.099	1
0.099	1
0.099	1
0.099	1
0.099	1
0.099	1
0.099	1
0.099	1
0.099	1
0.099	1
0.099	1
0.099	1
0.099	1
0.099	1
0.099	1
0.099	1
0.099	1
0.099	1
0.099	2
0.1	2
0.1	2
0.1	1
0.1	2
0.1	1
0.1	2
0.1	1
0.1	1
0.1	1
0.1	2
0.1	2
0.1	2
0.1	2
0.1	1
0.1	1
0.1	2
0.1	1
0.1	1
0.1	1
0.1	2
0.1	2
0.1	2
0.1	2
0.1	2
0.1	1
0.1	1
0.1	1
0.1	1
0.1	1
0.1	1
0.1	1
0.1	1
0.1	1
0.1	2
0.1	1
0.1	1
0.1	1
0.1	1
0.1	1
0.1	1
0.1	1
0.1	1
0.1	1
0.1	1
0.1	1
0.1	1
0.1	1
0.1	1
0.1	1
0.1	1
0.1	1
0.1	1
0.1	1
0.1	1
0.1	1
0.1	1
0.1	1
0.1	1
0.1	1
0.1	1
0.1	1
0.1	1
0.1	2
0.101	2
0.101	2
0.101	1
0.101	2
0.101	2
0.101	2
0.101	1
0.101	1
0.101	2
0.101	2
0.101	2
0.101	1
0.101	2
0.101	2
0.101	2
0.101	1
0.101	1
0.101	1
0.101	1
0.101	1
0.101	1
0.101	2
0.101	2
0.101	2
0.101	2
0.101	1
0.101	1
0.101	1
0.101	1
0.101	2
0.101	1
0.101	1
0.101	1
0.101	1
0.101	1
0.101	1
0.101	1
0.101	1
0.101	1
0.101	1
0.101	1
0.101	1
0.101	2
0.101	1
0.101	1
0.101	1
0.101	1
0.102	2
0.102	2
0.102	1
0.102	1
0.102	2
0.102	2
0.102	2
0.102	2
0.102	1
0.102	1
0.102	1
0.102	1
0.102	2
0.102	2
0.102	2
0.102	2
0.102	1
0.102	2
0.102	2
0.102	2
0.102	2
0.102	2
0.102	2
0.102	2
0.102	2
0.102	1
0.102	1
0.102	1
0.102	1
0.102	1
0.102	1
0.102	1
0.102	1
0.102	1
0.102	1
0.102	1
0.102	1
0.102	1
0.102	1
0.102	1
0.102	1
0.102	1
0.102	1
0.102	1
0.102	1
0.102	1
0.102	1
0.102	1
0.102	1
0.102	1
0.102	1
0.102	1
0.102	1
0.102	1
0.102	1
0.103	2
0.103	2
0.103	1
0.103	1
0.103	2
0.103	1
0.103	2
0.103	1
0.103	1
0.103	2
0.103	2
0.103	1
0.103	2
0.103	2
0.103	2
0.103	1
0.103	2
0.103	2
0.103	2
0.103	2
0.103	2
0.103	1
0.103	2
0.103	2
0.103	2
0.103	1
0.103	1
0.103	1
0.103	2
0.103	2
0.103	1
0.103	1
0.103	1
0.103	1
0.103	1
0.103	1
0.103	1
0.103	1
0.103	1
0.103	1
0.103	1
0.103	1
0.103	1
0.103	1
0.103	1
0.103	1
0.103	1
0.103	1
0.103	1
0.103	1
0.104	2
0.104	1
0.104	2
0.104	2
0.104	1
0.104	2
0.104	2
0.104	2
0.104	2
0.104	2
0.104	1
0.104	1
0.104	2
0.104	2
0.104	2
0.104	2
0.104	2
0.104	1
0.104	1
0.104	1
0.104	1
0.104	2
0.104	2
0.104	2
0.104	2
0.104	2
0.104	2
0.104	2
0.104	2
0.104	1
0.104	1
0.104	1
0.104	1
0.104	1
0.104	1
0.104	1
0.104	1
0.104	1
0.104	1
0.104	1
0.104	1
0.104	1
0.104	1
0.104	1
0.104	1
0.104	1
0.104	1
0.104	1
0.104	1
0.104	1
0.104	1
0.104	1
0.105	2
0.105	2
0.105	2
0.105	2
0.105	1
0.105	1
0.105	1
0.105	2
0.105	1
0.105	1
0.105	1
0.105	1
0.105	2
0.105	2
0.105	2
0.105	2
0.105	2
0.105	2
0.105	1
0.105	1
0.105	1
0.105	2
0.105	2
0.105	2
0.105	2
0.105	2
0.105	1
0.105	2
0.105	2
0.105	1
0.105	1
0.105	1
0.105	1
0.105	2
0.105	1
0.105	1
0.105	1
0.105	1
0.105	1
0.105	1
0.105	1
0.105	1
0.105	1
0.105	1
0.105	1
0.105	1
0.105	1
0.105	1
0.105	1
0.105	1
0.105	1
0.105	1
0.105	1
0.106	2
0.106	2
0.106	1
0.106	2
0.106	2
0.106	2
0.106	2
0.106	2
0.106	2
0.106	2
0.106	1
0.106	1
0.106	1
0.106	1
0.106	2
0.106	2
0.106	2
0.106	2
0.106	2
0.106	2
0.106	1
0.106	2
0.106	2
0.106	1
0.106	2
0.106	1
0.106	1
0.106	1
0.106	1
0.106	1
0.106	2
0.106	1
0.106	1
0.106	1
0.106	1
0.106	1
0.106	1
0.106	1
0.106	1
0.106	1
0.106	1
0.106	1
0.106	1
0.106	1
0.106	1
0.106	1
0.106	1
0.106	1
0.107	2
0.107	2
0.107	2
0.107	2
0.107	1
0.107	1
0.107	2
0.107	1
0.107	1
0.107	1
0.107	1
0.107	2
0.107	2
0.107	2
0.107	2
0.107	1
0.107	1
0.107	1
0.107	1
0.107	2
0.107	2
0.107	1
0.107	1
0.107	1
0.107	1
0.107	1
0.107	1
0.107	1
0.107	1
0.107	1
0.107	2
0.107	1
0.107	1
0.107	1
0.107	1
0.107	1
0.107	1
0.107	1
0.107	1
0.107	1
0.107	1
0.107	1
0.107	1
0.107	1
0.107	1
0.107	1
0.107	1
0.107	1
0.107	1
0.107	1
0.107	1
0.107	1
0.108	2
0.108	2
0.108	2
0.108	2
0.108	1
0.108	2
0.108	2
0.108	1
0.108	1
0.108	1
0.108	1
0.108	1
0.108	1
0.108	2
0.108	2
0.108	2
0.108	2
0.108	2
0.108	2
0.108	2
0.108	2
0.108	2
0.108	2
0.108	1
0.108	2
0.108	2
0.108	1
0.108	1
0.108	1
0.108	1
0.108	1
0.108	1
0.108	1
0.108	1
0.108	1
0.108	1
0.108	1
0.108	1
0.108	1
0.108	1
0.108	1
0.108	1
0.108	1
0.108	2
0.108	1
0.108	2
0.108	1
0.108	1
0.108	1
0.108	1
0.108	2
0.108	1
0.108	1
0.108	1
0.108	1
0.108	1
0.108	1
0.108	1
0.108	1
0.108	1
0.108	1
0.108	1
0.108	1
0.108	1
0.108	1
0.108	1
0.108	1
0.108	1
0.108	1
0.108	1
0.108	1
0.108	1
0.108	1
0.108	1
0.108	1
0.108	1
0.108	2
0.109	1
0.109	2
0.109	2
0.109	2
0.109	1
0.109	2
0.109	2
0.109	2
0.109	1
0.109	1
0.109	2
0.109	2
0.109	2
0.109	2
0.109	2
0.109	2
0.109	1
0.109	1
0.109	1
0.109	1
0.109	2
0.109	2
0.109	1
0.109	1
0.109	1
0.109	1
0.109	1
0.109	2
0.109	1
0.109	1
0.109	2
0.109	1
0.109	1
0.109	1
0.109	1
0.109	1
0.109	1
0.109	1
0.109	2
0.109	1
0.109	1
0.109	1
0.109	1
0.109	1
0.109	1
0.109	1
0.109	1
0.109	1
0.109	1
0.109	1
0.109	1
0.109	1
0.109	1
0.109	1
0.109	1
0.109	1
0.109	1
0.109	1
0.11	1
0.11	2
0.11	2
0.11	2
0.11	2
0.11	1
0.11	1
0.11	2
0.11	1
0.11	1
0.11	2
0.11	2
0.11	2
0.11	2
0.11	2
0.11	2
0.11	2
0.11	2
0.11	1
0.11	2
0.11	1
0.11	1
0.11	1
0.11	1
0.11	1
0.11	1
0.11	1
0.11	1
0.11	1
0.11	1
0.11	1
0.11	1
0.11	1
0.11	1
0.11	1
0.11	1
0.11	1
0.11	1
0.11	1
0.11	1
0.11	1
0.11	1
0.11	1
0.11	1
0.11	1
0.11	1
0.11	1
0.11	1
0.111	2
0.111	2
0.111	1
0.111	1
0.111	1
0.111	2
0.111	2
0.111	1
0.111	1
0.111	1
0.111	2
0.111	2
0.111	2
0.111	2
0.111	2
0.111	1
0.111	2
0.111	2
0.111	1
0.111	1
0.111	1
0.111	1
0.111	1
0.111	2
0.111	1
0.111	1
0.111	1
0.111	1
0.111	1
0.111	1
0.111	1
0.111	1
0.111	1
0.111	1
0.111	1
0.111	1
0.111	1
0.111	1
0.111	1
0.111	1
0.111	1
0.111	1
0.111	2
0.111	1
0.112	2
0.112	2
0.112	2
0.112	2
0.112	2
0.112	2
0.112	1
0.112	1
0.112	2
0.112	2
0.112	2
0.112	2
0.112	2
0.112	2
0.112	2
0.112	2
0.112	2
0.112	2
0.112	2
0.112	2
0.112	1
0.112	1
0.112	1
0.112	1
0.112	1
0.112	1
0.112	2
0.112	1
0.112	1
0.112	2
0.112	1
0.112	1
0.112	1
0.112	1
0.112	1
0.112	1
0.112	1
0.112	1
0.112	1
0.112	1
0.112	1
0.112	1
0.112	1
0.112	1
0.112	1
0.112	1
0.112	1
0.112	1
0.112	1
0.113	2
0.113	2
0.113	1
0.113	2
0.113	2
0.113	1
0.113	1
0.113	1
0.113	2
0.113	1
0.113	2
0.113	2
0.113	2
0.113	2
0.113	1
0.113	1
0.113	1
0.113	2
0.113	1
0.113	2
0.113	1
0.113	1
0.113	1
0.113	1
0.113	1
0.113	2
0.113	1
0.113	1
0.113	1
0.113	1
0.113	1
0.113	1
0.113	1
0.113	1
0.113	1
0.113	1
0.113	1
0.113	1
0.113	1
0.113	1
0.114	2
0.114	2
0.114	1
0.114	1
0.114	2
0.114	2
0.114	2
0.114	2
0.114	1
0.114	2
0.114	2
0.114	2
0.114	1
0.114	1
0.114	1
0.114	1
0.114	2
0.114	2
0.114	2
0.114	2
0.114	2
0.114	2
0.114	2
0.114	2
0.114	2
0.114	1
0.114	2
0.114	2
0.114	2
0.114	1
0.114	1
0.114	1
0.114	1
0.114	1
0.114	1
0.114	1
0.114	1
0.114	1
0.114	1
0.114	1
0.114	1
0.114	1
0.114	1
0.114	2
0.114	1
0.114	1
0.114	1
0.114	1
0.114	1
0.114	1
0.114	1
0.114	1
0.114	1
0.114	1
0.114	1
0.114	1
0.115	2
0.115	2
0.115	1
0.115	2
0.115	2
0.115	2
0.115	2
0.115	2
0.115	2
0.115	2
0.115	2
0.115	2
0.115	2
0.115	2
0.115	2
0.115	2
0.115	2
0.115	2
0.115	2
0.115	2
0.115	2
0.115	2
0.115	2
0.115	2
0.115	2
0.115	2
0.115	2
0.115	2
0.115	2
0.115	1
0.115	1
0.115	1
0.115	1
0.115	1
0.115	1
0.115	1
0.115	1
0.115	1
0.115	1
0.115	1
0.115	1
0.115	2
0.115	1
0.115	1
0.115	1
0.115	1
0.115	1
0.115	1
0.115	2
0.115	1
0.115	1
0.115	1
0.115	1
0.115	1
0.115	1
0.115	1
0.115	1
0.115	1
0.115	1
0.115	1
0.115	1
0.115	1
0.115	1
0.115	1
0.115	1
0.115	1
0.115	1
0.115	1
0.115	1
0.115	1
0.115	1
0.115	1
0.115	1
0.115	2
0.116	2
0.116	2
0.116	2
0.116	2
0.116	2
0.116	2
0.116	1
0.116	1
0.116	1
0.116	1
0.116	1
0.116	1
0.116	1
0.116	2
0.116	2
0.116	2
0.116	2
0.116	2
0.116	2
0.116	2
0.116	2
0.116	2
0.116	2
0.116	2
0.116	2
0.116	2
0.116	2
0.116	2
0.116	2
0.116	2
0.116	2
0.116	1
0.116	1
0.116	1
0.116	1
0.116	1
0.116	1
0.116	1
0.116	2
0.116	1
0.116	2
0.116	1
0.116	2
0.116	2
0.116	1
0.116	1
0.116	1
0.116	1
0.116	1
0.116	1
0.116	1
0.116	1
0.116	1
0.116	1
0.116	1
0.116	1
0.116	1
0.116	1
0.116	1
0.116	2
0.117	2
0.117	1
0.117	2
0.117	2
0.117	2
0.117	2
0.117	2
0.117	2
0.117	2
0.117	2
0.117	2
0.117	2
0.117	2
0.117	2
0.117	2
0.117	1
0.117	1
0.117	1
0.117	2
0.117	1
0.117	1
0.117	1
0.117	1
0.117	1
0.117	1
0.117	2
0.117	1
0.117	1
0.117	1
0.117	1
0.117	2
0.117	1
0.117	2
0.117	1
0.117	1
0.117	1
0.117	1
0.117	1
0.117	1
0.117	1
0.117	1
0.117	1
0.117	1
0.117	1
0.117	1
0.117	1
0.117	1
0.117	1
0.117	1
0.117	1
0.117	1
0.117	1
0.118	2
0.118	2
0.118	2
0.118	2
0.118	2
0.118	2
0.118	1
0.118	1
0.118	1
0.118	2
0.118	2
0.118	1
0.118	1
0.118	1
0.118	1
0.118	2
0.118	2
0.118	2
0.118	2
0.118	2
0.118	2
0.118	2
0.118	2
0.118	1
0.118	1
0.118	1
0.118	1
0.118	1
0.118	1
0.118	1
0.118	1
0.118	1
0.118	1
0.118	1
0.118	1
0.118	1
0.118	1
0.118	1
0.118	1
0.118	1
0.119	2
0.119	2
0.119	2
0.119	2
0.119	1
0.119	1
0.119	1
0.119	2
0.119	2
0.119	2
0.119	2
0.119	1
0.119	1
0.119	1
0.119	2
0.119	2
0.119	2
0.119	2
0.119	2
0.119	2
0.119	2
0.119	1
0.119	1
0.119	1
0.119	2
0.119	1
0.119	1
0.119	1
0.119	1
0.119	1
0.119	1
0.119	1
0.119	1
0.119	1
0.119	1
0.119	2
0.119	1
0.119	1
0.119	1
0.119	1
0.119	1
0.119	1
0.119	1
0.119	1
0.119	1
0.119	1
0.119	1
0.119	1
0.119	1
0.119	1
0.119	1
0.119	1
0.119	1
0.119	1
0.119	1
0.119	1
0.119	1
0.12	2
0.12	2
0.12	1
0.12	2
0.12	2
0.12	2
0.12	2
0.12	1
0.12	1
0.12	1
0.12	1
0.12	1
0.12	1
0.12	2
0.12	2
0.12	2
0.12	2
0.12	2
0.12	2
0.12	2
0.12	2
0.12	1
0.12	1
0.12	1
0.12	1
0.12	1
0.12	1
0.12	1
0.12	1
0.12	2
0.12	2
0.12	1
0.12	2
0.12	1
0.12	1
0.12	1
0.12	1
0.12	1
0.12	2
0.12	1
0.12	2
0.12	1
0.12	1
0.12	1
0.12	1
0.12	1
0.12	1
0.12	2
0.12	2
0.12	1
0.12	1
0.12	1
0.12	1
0.12	1
0.12	1
0.12	1
0.12	1
0.12	1
0.12	1
0.12	1
0.12	1
0.12	1
0.12	1
0.12	1
0.121	2
0.121	2
0.121	2
0.121	2
0.121	2
0.121	1
0.121	2
0.121	1
0.121	1
0.121	2
0.121	2
0.121	2
0.121	2
0.121	2
0.121	2
0.121	2
0.121	2
0.121	2
0.121	1
0.121	1
0.121	2
0.121	1
0.121	1
0.121	1
0.121	1
0.121	1
0.121	1
0.121	1
0.121	1
0.121	2
0.121	1
0.121	1
0.121	1
0.121	1
0.121	1
0.121	1
0.121	1
0.121	2
0.121	1
0.121	1
0.121	1
0.121	1
0.121	1
0.121	1
0.121	1
0.121	1
0.121	1
0.121	2
0.122	1
0.122	2
0.122	2
0.122	1
0.122	1
0.122	1
0.122	1
0.122	1
0.122	2
0.122	2
0.122	2
0.122	2
0.122	2
0.122	2
0.122	2
0.122	1
0.122	2
0.122	2
0.122	1
0.122	1
0.122	1
0.122	1
0.122	1
0.122	1
0.122	1
0.122	1
0.122	1
0.122	1
0.122	1
0.122	2
0.122	2
0.122	1
0.122	1
0.122	1
0.122	1
0.122	1
0.122	1
0.122	1
0.122	1
0.122	1
0.123	1
0.123	2
0.123	2
0.123	2
0.123	2
0.123	2
0.123	1
0.123	2
0.123	2
0.123	2
0.123	1
0.123	1
0.123	1
0.123	2
0.123	2
0.123	2
0.123	2
0.123	2
0.123	2
0.123	2
0.123	2
0.123	2
0.123	2
0.123	2
0.123	2
0.123	2
0.123	2
0.123	2
0.123	2
0.123	2
0.123	2
0.123	2
0.123	1
0.123	1
0.123	1
0.123	1
0.123	1
0.123	1
0.123	1
0.123	1
0.123	1
0.123	1
0.123	1
0.123	1
0.123	1
0.123	1
0.123	1
0.123	1
0.123	1
0.123	1
0.123	1
0.123	1
0.123	1
0.123	1
0.123	1
0.123	1
0.123	1
0.123	1
0.123	1
0.124	2
0.124	2
0.124	2
0.124	2
0.124	2
0.124	2
0.124	1
0.124	1
0.124	1
0.124	2
0.124	2
0.124	2
0.124	2
0.124	1
0.124	1
0.124	1
0.124	2
0.124	2
0.124	2
0.124	2
0.124	2
0.124	1
0.124	2
0.124	1
0.124	2
0.124	1
0.124	1
0.124	1
0.124	1
0.124	1
0.124	1
0.124	1
0.124	1
0.124	1
0.124	1
0.124	1
0.124	1
0.124	1
0.124	1
0.124	1
0.124	1
0.124	1
0.124	1
0.124	1
0.124	1
0.124	1
0.124	1
0.124	1
0.124	1
0.124	1
0.124	1
0.124	1
0.125	2
0.125	2
0.125	1
0.125	1
0.125	1
0.125	2
0.125	1
0.125	2
0.125	1
0.125	1
0.125	1
0.125	1
0.125	2
0.125	2
0.125	2
0.125	2
0.125	2
0.125	2
0.125	2
0.125	1
0.125	2
0.125	2
0.125	1
0.125	1
0.125	1
0.125	1
0.125	1
0.125	1
0.125	1
0.125	1
0.125	2
0.125	2
0.125	2
0.125	1
0.125	1
0.125	1
0.125	1
0.125	2
0.125	1
0.125	2
0.125	1
0.125	1
0.125	1
0.125	1
0.125	1
0.125	1
0.125	1
0.125	1
0.125	1
0.125	1
0.125	1
0.125	1
0.125	1
0.125	1
0.125	1
0.125	1
0.126	2
0.126	2
0.126	1
0.126	1
0.126	1
0.126	2
0.126	2
0.126	2
0.126	1
0.126	1
0.126	1
0.126	1
0.126	1
0.126	1
0.126	1
0.126	1
0.126	1
0.126	1
0.126	2
0.126	2
0.126	1
0.126	1
0.126	2
0.126	1
0.126	1
0.126	1
0.126	1
0.126	1
0.126	1
0.126	1
0.126	1
0.126	1
0.126	1
0.126	1
0.127	2
0.127	2
0.127	1
0.127	2
0.127	2
0.127	1
0.127	1
0.127	1
0.127	2
0.127	2
0.127	2
0.127	1
0.127	1
0.127	1
0.127	1
0.127	1
0.127	1
0.127	1
0.127	2
0.127	2
0.127	2
0.127	2
0.127	2
0.127	2
0.127	1
0.127	1
0.127	2
0.127	1
0.127	1
0.127	1
0.127	1
0.127	1
0.127	2
0.127	1
0.127	1
0.127	1
0.127	1
0.127	1
0.127	1
0.127	1
0.127	1
0.127	1
0.127	1
0.127	1
0.127	1
0.127	1
0.127	2
0.127	2
0.127	1
0.127	1
0.128	2
0.128	2
0.128	1
0.128	1
0.128	2
0.128	2
0.128	2
0.128	2
0.128	1
0.128	1
0.128	2
0.128	2
0.128	2
0.128	2
0.128	2
0.128	2
0.128	2
0.128	2
0.128	2
0.128	2
0.128	2
0.128	2
0.128	1
0.128	2
0.128	1
0.128	1
0.128	1
0.128	1
0.128	1
0.128	1
0.128	1
0.128	1
0.128	1
0.128	2
0.128	1
0.128	1
0.128	1
0.128	1
0.128	1
0.128	1
0.128	1
0.128	1
0.128	1
0.128	1
0.128	1
0.128	1
0.129	2
0.129	2
0.129	2
0.129	2
0.129	2
0.129	2
0.129	1
0.129	2
0.129	1
0.129	2
0.129	2
0.129	2
0.129	1
0.129	1
0.129	1
0.129	1
0.129	1
0.129	1
0.129	1
0.129	1
0.129	2
0.129	2
0.129	2
0.129	1
0.129	2
0.129	1
0.129	1
0.129	1
0.129	2
0.129	1
0.129	1
0.129	1
0.129	1
0.129	1
0.129	1
0.129	1
0.129	1
0.129	2
0.129	1
0.129	1
0.129	1
0.129	1
0.129	1
0.129	1
0.129	1
0.129	2
0.129	1
0.129	1
0.129	1
0.129	1
0.129	1
0.129	1
0.129	2
0.129	2
0.13	2
0.13	2
0.13	2
0.13	2
0.13	2
0.13	2
0.13	1
0.13	2
0.13	2
0.13	2
0.13	2
0.13	1
0.13	1
0.13	2
0.13	2
0.13	2
0.13	2
0.13	2
0.13	2
0.13	2
0.13	1
0.13	1
0.13	1
0.13	1
0.13	1
0.13	1
0.13	1
0.13	1
0.13	1
0.13	1
0.13	1
0.13	1
0.13	1
0.13	1
0.13	1
0.13	1
0.13	2
0.13	1
0.13	1
0.13	2
0.13	1
0.13	1
0.13	1
0.13	1
0.13	1
0.13	1
0.13	1
0.13	1
0.13	1
0.13	2
0.131	1
0.131	1
0.131	1
0.131	1
0.131	1
0.131	1
0.131	1
0.131	1
0.131	1
0.131	2
0.131	2
0.131	2
0.131	2
0.131	2
0.131	2
0.131	2
0.131	2
0.131	1
0.131	1
0.131	1
0.131	1
0.131	1
0.131	1
0.131	1
0.131	1
0.131	1
0.131	1
0.131	1
0.131	1
0.131	1
0.131	1
0.131	1
0.131	1
0.131	1
0.131	1
0.131	1
0.131	1
0.131	1
0.131	1
0.131	1
0.131	1
0.131	1
0.131	1
0.131	1
0.131	1
0.131	1
0.132	2
0.132	2
0.132	2
0.132	2
0.132	2
0.132	2
0.132	2
0.132	2
0.132	2
0.132	1
0.132	1
0.132	2
0.132	2
0.132	2
0.132	2
0.132	1
0.132	1
0.132	2
0.132	1
0.132	1
0.132	1
0.132	1
0.132	1
0.132	1
0.132	1
0.132	1
0.132	1
0.132	1
0.132	1
0.132	1
0.132	1
0.132	1
0.132	1
0.132	1
0.132	1
0.132	1
0.132	1
0.132	1
0.132	1
0.132	1
0.132	1
0.133	2
0.133	2
0.133	2
0.133	2
0.133	1
0.133	1
0.133	1
0.133	1
0.133	1
0.133	1
0.133	2
0.133	2
0.133	1
0.133	1
0.133	2
0.133	2
0.133	2
0.133	2
0.133	2
0.133	1
0.133	2
0.133	1
0.133	1
0.133	1
0.133	1
0.133	2
0.133	1
0.133	1
0.133	1
0.133	1
0.133	1
0.133	1
0.133	1
0.133	1
0.133	1
0.133	1
0.133	1
0.133	1
0.133	1
0.133	1
0.133	1
0.133	1
0.133	1
0.133	1
0.133	1
0.133	1
0.133	1
0.134	2
0.134	2
0.134	2
0.134	2
0.134	2
0.134	2
0.134	1
0.134	1
0.134	2
0.134	2
0.134	2
0.134	1
0.134	1
0.134	2
0.134	2
0.134	2
0.134	2
0.134	2
0.134	2
0.134	2
0.134	2
0.134	2
0.134	2
0.134	1
0.134	1
0.134	1
0.134	1
0.134	1
0.134	2
0.134	1
0.134	1
0.134	1
0.134	1
0.134	1
0.134	1
0.134	1
0.134	1
0.134	1
0.134	1
0.134	1
0.134	1
0.134	2
0.134	1
0.134	1
0.134	1
0.134	1
0.134	1
0.134	1
0.134	1
0.134	1
0.134	1
0.135	2
0.135	2
0.135	1
0.135	2
0.135	2
0.135	2
0.135	1
0.135	2
0.135	2
0.135	2
0.135	2
0.135	2
0.135	2
0.135	2
0.135	2
0.135	2
0.135	1
0.135	1
0.135	1
0.135	1
0.135	1
0.135	1
0.135	1
0.135	1
0.135	1
0.135	1
0.135	1
0.135	1
0.135	1
0.135	1
0.135	1
0.135	1
0.135	1
0.135	1
0.135	1
0.135	2
0.135	1
0.135	1
0.135	1
0.135	1
0.135	1
0.135	1
0.135	1
0.135	1
0.135	1
0.135	1
0.135	1
0.136	2
0.136	2
0.136	2
0.136	2
0.136	2
0.136	1
0.136	2
0.136	2
0.136	2
0.136	2
0.136	1
0.136	2
0.136	2
0.136	2
0.136	2
0.136	2
0.136	2
0.136	2
0.136	2
0.136	2
0.136	2
0.136	2
0.136	1
0.136	1
0.136	1
0.136	1
0.136	1
0.136	1
0.136	1
0.136	1
0.136	1
0.136	1
0.136	1
0.136	1
0.136	1
0.136	1
0.136	1
0.136	1
0.136	1
0.136	1
0.136	1
0.136	1
0.136	1
0.136	1
0.136	1
0.136	1
0.136	1
0.136	1
0.136	1
0.136	1
0.136	1
0.136	1
0.136	1
0.136	1
0.136	1
0.136	1
0.136	1
0.136	1
0.136	1
0.136	1
0.136	1
0.136	1
0.136	1
0.136	1
0.137	1
0.137	1
0.137	1
0.137	2
0.137	1
0.137	1
0.137	2
0.137	2
0.137	2
0.137	2
0.137	1
0.137	1
0.137	1
0.137	1
0.137	2
0.137	1
0.137	1
0.137	1
0.137	1
0.137	1
0.137	1
0.137	1
0.137	1
0.137	1
0.137	1
0.137	1
0.137	1
0.137	1
0.137	1
0.137	1
0.137	1
0.137	1
0.137	1
0.137	1
0.137	1
0.137	2
0.138	2
0.138	2
0.138	2
0.138	2
0.138	2
0.138	2
0.138	2
0.138	2
0.138	2
0.138	2
0.138	2
0.138	1
0.138	1
0.138	1
0.138	2
0.138	2
0.138	2
0.138	2
0.138	2
0.138	2
0.138	2
0.138	2
0.138	1
0.138	1
0.138	1
0.138	1
0.138	1
0.138	1
0.138	1
0.138	2
0.138	1
0.138	1
0.138	1
0.138	1
0.138	2
0.138	1
0.138	1
0.138	1
0.138	1
0.138	1
0.138	1
0.138	1
0.138	2
0.138	1
0.138	1
0.138	1
0.138	1
0.138	1
0.138	1
0.138	1
0.138	1
0.138	1
0.138	1
0.138	1
0.138	1
0.138	1
0.139	1
0.139	1
0.139	1
0.139	2
0.139	2
0.139	2
0.139	2
0.139	2
0.139	1
0.139	2
0.139	1
0.139	1
0.139	1
0.139	2
0.139	2
0.139	2
0.139	1
0.139	1
0.139	1
0.139	1
0.139	1
0.139	1
0.139	1
0.139	1
0.139	1
0.139	1
0.139	1
0.139	1
0.139	1
0.139	1
0.139	1
0.139	1
0.139	1
0.139	1
0.139	1
0.139	1
0.139	1
0.139	1
0.139	1
0.139	1
0.139	1
0.139	1
0.139	1
0.139	1
0.139	1
0.139	1
0.139	1
0.139	1
0.139	1
0.139	1
0.139	1
0.139	1
0.139	1
0.139	1
0.139	1
0.139	1
0.139	1
0.139	1
0.139	1
0.139	1
0.139	1
0.139	1
0.14	2
0.14	2
0.14	1
0.14	1
0.14	2
0.14	1
0.14	1
0.14	1
0.14	1
0.14	2
0.14	1
0.14	1
0.14	1
0.14	1
0.14	1
0.14	1
0.14	1
0.14	1
0.14	2
0.14	2
0.14	2
0.14	1
0.14	1
0.14	1
0.14	1
0.14	1
0.14	1
0.14	1
0.14	1
0.14	1
0.14	1
0.14	1
0.14	1
0.14	1
0.14	1
0.14	1
0.14	1
0.14	1
0.14	1
0.14	1
0.14	1
0.14	1
0.14	1
0.14	1
0.14	1
0.14	1
0.141	2
0.141	2
0.141	2
0.141	2
0.141	2
0.141	1
0.141	2
0.141	1
0.141	1
0.141	1
0.141	1
0.141	1
0.141	2
0.141	2
0.141	2
0.141	2
0.141	1
0.141	1
0.141	1
0.141	1
0.141	1
0.141	1
0.141	1
0.141	2
0.141	1
0.141	1
0.141	1
0.141	1
0.141	1
0.141	2
0.141	1
0.141	1
0.141	1
0.141	1
0.141	1
0.141	1
0.141	1
0.141	1
0.142	2
0.142	2
0.142	2
0.142	2
0.142	2
0.142	2
0.142	1
0.142	2
0.142	2
0.142	2
0.142	1
0.142	1
0.142	1
0.142	1
0.142	2
0.142	1
0.142	1
0.142	1
0.142	1
0.142	1
0.142	1
0.142	1
0.142	1
0.142	1
0.142	2
0.142	1
0.142	1
0.142	1
0.142	1
0.142	1
0.142	1
0.142	1
0.142	2
0.142	1
0.142	1
0.142	1
0.142	1
0.142	2
0.142	1
0.142	1
0.142	1
0.142	1
0.142	1
0.142	1
0.142	1
0.142	1
0.142	1
0.143	1
0.143	1
0.143	2
0.143	2
0.143	2
0.143	2
0.143	2
0.143	2
0.143	2
0.143	1
0.143	2
0.143	1
0.143	1
0.143	2
0.143	2
0.143	2
0.143	2
0.143	1
0.143	1
0.143	1
0.143	1
0.143	1
0.143	1
0.143	1
0.143	1
0.143	1
0.143	1
0.143	1
0.143	2
0.143	2
0.143	1
0.143	1
0.143	1
0.143	1
0.143	1
0.143	1
0.143	1
0.143	1
0.143	1
0.143	1
0.143	1
0.143	1
0.143	2
0.143	1
0.143	1
0.143	1
0.143	1
0.143	1
0.143	1
0.143	1
0.143	1
0.143	1
0.144	2
0.144	2
0.144	2
0.144	2
0.144	2
0.144	2
0.144	1
0.144	1
0.144	1
0.144	2
0.144	2
0.144	1
0.144	1
0.144	1
0.144	2
0.144	1
0.144	2
0.144	2
0.144	1
0.144	1
0.144	1
0.144	1
0.144	1
0.144	1
0.144	1
0.144	1
0.144	1
0.144	2
0.144	2
0.144	1
0.144	1
0.144	1
0.144	1
0.144	1
0.144	1
0.144	1
0.144	1
0.144	1
0.144	1
0.144	1
0.144	1
0.144	1
0.145	2
0.145	2
0.145	2
0.145	2
0.145	1
0.145	2
0.145	2
0.145	2
0.145	2
0.145	2
0.145	1
0.145	1
0.145	2
0.145	2
0.145	2
0.145	2
0.145	1
0.145	1
0.145	1
0.145	1
0.145	1
0.145	1
0.145	1
0.145	2
0.145	1
0.145	1
0.145	1
0.145	1
0.145	1
0.145	1
0.145	2
0.145	1
0.145	1
0.145	1
0.145	1
0.145	1
0.145	1
0.145	1
0.145	1
0.145	1
0.145	1
0.145	1
0.145	1
0.145	1
0.145	1
0.146	1
0.146	1
0.146	1
0.146	1
0.146	2
0.146	2
0.146	1
0.146	1
0.146	2
0.146	1
0.146	1
0.146	1
0.146	1
0.146	2
0.146	1
0.146	2
0.146	1
0.146	1
0.146	1
0.146	2
0.146	1
0.146	1
0.146	2
0.146	1
0.146	1
0.146	1
0.146	1
0.146	1
0.146	1
0.146	1
0.146	1
0.147	2
0.147	2
0.147	1
0.147	2
0.147	2
0.147	2
0.147	2
0.147	2
0.147	1
0.147	1
0.147	1
0.147	2
0.147	2
0.147	2
0.147	2
0.147	2
0.147	2
0.147	1
0.147	1
0.147	1
0.147	1
0.147	1
0.147	1
0.147	2
0.147	2
0.147	1
0.147	1
0.147	1
0.147	1
0.147	1
0.147	1
0.147	1
0.147	1
0.147	1
0.147	1
0.147	1
0.147	1
0.147	1
0.147	1
0.147	1
0.147	1
0.147	1
0.147	1
0.147	1
0.147	1
0.147	1
0.147	1
0.147	1
0.147	1
0.147	1
0.147	2
0.148	2
0.148	2
0.148	2
0.148	2
0.148	1
0.148	1
0.148	1
0.148	1
0.148	2
0.148	2
0.148	2
0.148	2
0.148	2
0.148	1
0.148	1
0.148	1
0.148	1
0.148	1
0.148	1
0.148	1
0.148	1
0.148	2
0.148	2
0.148	1
0.148	2
0.148	1
0.148	1
0.148	1
0.148	1
0.148	1
0.148	1
0.148	1
0.148	1
0.148	1
0.148	1
0.148	1
0.148	1
0.148	1
0.149	2
0.149	2
0.149	2
0.149	2
0.149	2
0.149	2
0.149	1
0.149	2
0.149	2
0.149	2
0.149	2
0.149	2
0.149	2
0.149	2
0.149	2
0.149	2
0.149	1
0.149	1
0.149	2
0.149	2
0.149	1
0.149	1
0.149	1
0.149	1
0.149	1
0.149	1
0.149	1
0.149	1
0.149	1
0.149	1
0.149	1
0.149	1
0.149	1
0.149	1
0.149	1
0.149	1
0.149	1
0.149	2
0.149	2
0.149	1
0.149	1
0.149	1
0.149	1
0.149	1
0.149	1
0.149	1
0.149	1
0.149	1
0.149	1
0.149	1
0.149	1
0.149	1
0.149	1
0.149	1
0.149	1
0.149	1
0.149	1
0.149	1
0.149	1
0.149	1
0.15	2
0.15	2
0.15	1
0.15	2
0.15	2
0.15	2
0.15	1
0.15	1
0.15	1
0.15	1
0.15	1
0.15	1
0.15	1
0.15	1
0.15	2
0.15	1
0.15	1
0.15	1
0.15	2
0.15	1
0.15	1
0.15	1
0.15	1
0.15	1
0.15	1
0.15	1
0.15	1
0.151	2
0.151	2
0.151	2
0.151	2
0.151	2
0.151	2
0.151	2
0.151	2
0.151	1
0.151	2
0.151	2
0.151	1
0.151	2
0.151	2
0.151	1
0.151	1
0.151	2
0.151	1
0.151	1
0.151	1
0.151	1
0.151	1
0.151	1
0.151	1
0.151	1
0.151	1
0.151	1
0.151	2
0.151	1
0.151	1
0.151	1
0.151	1
0.151	2
0.151	2
0.151	1
0.151	1
0.151	1
0.151	1
0.151	1
0.151	1
0.151	1
0.151	1
0.151	1
0.151	1
0.151	1
0.151	1
0.151	1
0.151	1
0.151	1
0.151	1
0.151	1
0.151	1
0.152	2
0.152	2
0.152	1
0.152	2
0.152	1
0.152	1
0.152	1
0.152	2
0.152	2
0.152	1
0.152	2
0.152	1
0.152	1
0.152	1
0.152	1
0.152	1
0.152	1
0.152	1
0.152	1
0.152	1
0.152	1
0.152	1
0.152	2
0.152	1
0.152	1
0.152	1
0.152	1
0.152	1
0.152	1
0.152	1
0.152	1
0.152	1
0.152	1
0.152	1
0.152	1
0.152	1
0.152	1
0.152	1
0.152	1
0.152	1
0.152	1
0.152	1
0.153	2
0.153	2
0.153	2
0.153	2
0.153	2
0.153	2
0.153	2
0.153	2
0.153	1
0.153	2
0.153	2
0.153	2
0.153	1
0.153	1
0.153	1
0.153	1
0.153	1
0.153	1
0.153	1
0.153	1
0.153	2
0.153	1
0.153	2
0.153	1
0.153	1
0.153	1
0.153	1
0.153	1
0.153	1
0.153	2
0.153	2
0.153	1
0.153	1
0.153	1
0.153	1
0.153	1
0.153	1
0.153	1
0.153	1
0.153	1
0.153	1
0.153	1
0.153	1
0.153	1
0.153	1
0.153	1
0.153	1
0.153	1
0.153	1
0.154	2
0.154	2
0.154	2
0.154	2
0.154	2
0.154	2
0.154	3
0.154	3
0.154	3
0.154	3
0.154	1
0.154	1
0.154	2
0.154	2
0.154	1
0.154	1
0.154	1
0.154	1
0.154	2
0.154	1
0.154	1
0.154	1
0.154	1
0.154	1
0.154	1
0.154	1
0.154	1
0.154	1
0.154	1
0.154	2
0.154	1
0.154	1
0.154	1
0.154	1
0.154	1
0.155	2
0.155	2
0.155	3
0.155	3
0.155	1
0.155	1
0.155	2
0.155	2
0.155	1
0.155	1
0.155	1
0.155	2
0.155	1
0.155	1
0.155	1
0.155	1
0.155	1
0.155	1
0.155	1
0.155	1
0.155	1
0.155	1
0.155	1
0.155	1
0.155	1
0.155	1
0.155	1
0.155	1
0.155	1
0.155	1
0.155	1
0.155	1
0.155	1
0.155	1
0.155	1
0.155	1
0.155	1
0.156	2
0.156	2
0.156	3
0.156	2
0.156	2
0.156	2
0.156	1
0.156	1
0.156	1
0.156	2
0.156	1
0.156	1
0.156	1
0.156	1
0.156	1
0.156	1
0.156	1
0.156	1
0.156	2
0.156	1
0.156	1
0.156	1
0.156	1
0.156	1
0.156	1
0.156	1
0.156	1
0.156	2
0.156	1
0.156	1
0.156	1
0.156	1
0.156	1
0.156	1
0.156	1
0.156	1
0.156	2
0.156	1
0.157	2
0.157	2
0.157	2
0.157	2
0.157	2
0.157	1
0.157	2
0.157	2
0.157	1
0.157	1
0.157	1
0.157	1
0.157	1
0.157	1
0.157	1
0.157	1
0.157	1
0.157	2
0.157	1
0.157	2
0.157	1
0.157	1
0.157	1
0.157	1
0.157	1
0.157	2
0.157	2
0.157	1
0.157	1
0.157	1
0.157	1
0.157	1
0.157	1
0.157	1
0.157	1
0.157	1
0.157	1
0.157	1
0.158	2
0.158	2
0.158	1
0.158	1
0.158	1
0.158	2
0.158	2
0.158	2
0.158	2
0.158	2
0.158	2
0.158	2
0.158	2
0.158	3
0.158	1
0.158	2
0.158	2
0.158	1
0.158	1
0.158	1
0.158	1
0.158	1
0.158	1
0.158	1
0.158	1
0.158	1
0.158	1
0.158	1
0.158	1
0.158	1
0.158	1
0.158	2
0.158	1
0.158	1
0.158	1
0.158	1
0.158	1
0.158	1
0.158	1
0.158	1
0.158	1
0.158	1
0.158	1
0.158	1
0.158	1
0.159	1
0.159	1
0.159	1
0.159	1
0.159	1
0.159	1
0.159	1
0.159	1
0.159	2
0.159	2
0.159	3
0.159	2
0.159	1
0.159	1
0.159	1
0.159	1
0.159	2
0.159	1
0.159	1
0.159	1
0.159	1
0.159	1
0.159	2
0.159	1
0.159	1
0.159	2
0.159	1
0.159	1
0.159	1
0.159	1
0.159	1
0.159	1
0.159	1
0.159	2
0.159	2
0.159	1
0.159	1
0.159	1
0.159	1
0.159	1
0.16	1
0.16	1
0.16	2
0.16	1
0.16	1
0.16	2
0.16	2
0.16	2
0.16	1
0.16	1
0.16	1
0.16	1
0.16	1
0.16	1
0.16	1
0.16	1
0.16	1
0.16	1
0.16	1
0.16	1
0.16	1
0.16	1
0.16	1
0.16	1
0.16	1
0.16	1
0.16	1
0.16	1
0.16	1
0.16	1
0.16	1
0.16	1
0.16	1
0.16	1
0.16	1
0.16	2
0.16	1
0.16	2
0.161	1
0.161	3
0.161	3
0.161	1
0.161	1
0.161	1
0.161	2
0.161	2
0.161	1
0.161	1
0.161	1
0.161	1
0.161	1
0.161	1
0.161	1
0.161	1
0.161	1
0.161	1
0.161	1
0.161	1
0.161	1
0.161	1
0.161	1
0.161	1
0.161	1
0.161	1
0.161	1
0.161	1
0.161	2
0.161	1
0.161	1
0.161	1
0.161	1
0.161	1
0.161	1
0.162	2
0.162	1
0.162	2
0.162	2
0.162	1
0.162	1
0.162	1
0.162	1
0.162	1
0.162	1
0.162	2
0.162	2
0.162	1
0.162	1
0.162	1
0.162	1
0.162	1
0.162	2
0.162	2
0.162	1
0.162	1
0.162	1
0.162	1
0.162	1
0.162	1
0.163	2
0.163	2
0.163	2
0.163	2
0.163	2
0.163	2
0.163	1
0.163	2
0.163	3
0.163	2
0.163	2
0.163	1
0.163	1
0.163	1
0.163	1
0.163	1
0.163	1
0.163	1
0.163	1
0.163	1
0.163	1
0.163	1
0.163	1
0.163	1
0.163	1
0.163	1
0.163	1
0.163	2
0.163	1
0.164	2
0.164	2
0.164	2
0.164	2
0.164	2
0.164	2
0.164	2
0.164	2
0.164	2
0.164	2
0.164	2
0.164	2
0.164	2
0.164	2
0.164	2
0.164	2
0.164	1
0.164	1
0.164	2
0.164	2
0.164	2
0.164	1
0.164	2
0.164	1
0.164	1
0.164	1
0.164	1
0.164	1
0.164	1
0.164	1
0.164	1
0.164	1
0.164	1
0.164	1
0.164	1
0.164	1
0.164	1
0.164	1
0.164	1
0.164	2
0.164	2
0.164	1
0.164	1
0.164	1
0.165	2
0.165	2
0.165	2
0.165	2
0.165	2
0.165	2
0.165	3
0.165	2
0.165	2
0.165	1
0.165	2
0.165	1
0.165	1
0.165	1
0.165	1
0.165	1
0.165	1
0.165	2
0.165	1
0.165	1
0.165	1
0.165	1
0.165	1
0.165	2
0.165	2
0.165	1
0.165	1
0.165	1
0.165	1
0.165	1
0.165	1
0.165	2
0.165	2
0.165	1
0.165	1
0.165	1
0.165	1
0.165	1
0.165	2
0.165	1
0.165	1
0.165	1
0.165	1
0.165	1
0.165	1
0.165	1
0.165	1
0.165	1
0.165	1
0.165	1
0.165	3
0.166	2
0.166	2
0.166	1
0.166	1
0.166	1
0.166	1
0.166	2
0.166	2
0.166	1
0.166	1
0.166	1
0.166	1
0.166	1
0.166	1
0.166	1
0.166	1
0.166	1
0.166	1
0.166	1
0.166	2
0.166	1
0.166	1
0.166	1
0.166	2
0.166	1
0.166	2
0.166	1
0.166	1
0.166	1
0.166	1
0.166	1
0.166	1
0.166	1
0.166	1
0.166	1
0.166	1
0.166	1
0.166	1
0.166	3
0.167	2
0.167	3
0.167	2
0.167	2
0.167	1
0.167	2
0.167	1
0.167	1
0.167	1
0.167	1
0.167	1
0.167	1
0.167	1
0.167	1
0.167	2
0.167	1
0.167	1
0.167	1
0.167	1
0.167	1
0.167	1
0.167	1
0.167	2
0.167	1
0.167	1
0.167	1
0.167	1
0.167	1
0.167	1
0.167	1
0.168	2
0.168	2
0.168	1
0.168	2
0.168	2
0.168	1
0.168	1
0.168	1
0.168	1
0.168	1
0.168	1
0.168	2
0.168	1
0.168	1
0.168	1
0.168	1
0.168	1
0.168	1
0.168	1
0.168	1
0.168	1
0.168	1
0.168	1
0.168	1
0.168	1
0.168	1
0.168	1
0.168	1
0.169	2
0.169	2
0.169	2
0.169	2
0.169	1
0.169	1
0.169	1
0.169	1
0.169	1
0.169	1
0.169	1
0.169	1
0.169	1
0.169	1
0.169	1
0.169	2
0.169	2
0.169	1
0.169	1
0.169	1
0.169	1
0.169	1
0.169	1
0.169	1
0.169	1
0.169	1
0.169	1
0.169	1
0.169	1
0.169	1
0.169	1
0.169	1
0.169	1
0.169	1
0.169	1
0.169	1
0.17	1
0.17	1
0.17	1
0.17	1
0.17	1
0.17	1
0.17	1
0.17	1
0.17	1
0.17	1
0.17	2
0.17	1
0.17	1
0.17	1
0.17	2
0.17	1
0.17	1
0.17	1
0.17	1
0.17	1
0.17	1
0.17	1
0.17	1
0.17	1
0.17	1
0.17	1
0.17	1
0.17	1
0.17	1
0.17	1
0.17	1
0.171	2
0.171	2
0.171	2
0.171	2
0.171	2
0.171	1
0.171	1
0.171	1
0.171	1
0.171	2
0.171	1
0.171	1
0.171	2
0.171	2
0.171	1
0.171	1
0.171	1
0.171	1
0.171	1
0.171	1
0.171	1
0.171	1
0.171	1
0.171	1
0.171	1
0.171	1
0.171	1
0.171	1
0.171	2
0.171	1
0.171	1
0.171	1
0.171	1
0.171	1
0.172	1
0.172	2
0.172	1
0.172	1
0.172	1
0.172	2
0.172	1
0.172	1
0.172	1
0.172	1
0.172	1
0.172	1
0.172	2
0.172	2
0.172	1
0.172	1
0.172	1
0.172	1
0.172	1
0.172	1
0.172	1
0.172	2
0.172	1
0.172	1
0.172	1
0.172	1
0.172	1
0.172	1
0.172	1
0.172	1
0.172	1
0.172	3
0.172	3
0.173	2
0.173	2
0.173	2
0.173	2
0.173	2
0.173	2
0.173	1
0.173	1
0.173	1
0.173	1
0.173	1
0.173	1
0.173	2
0.173	1
0.173	2
0.173	1
0.173	1
0.173	1
0.173	1
0.173	1
0.173	1
0.173	1
0.173	1
0.173	1
0.173	1
0.173	1
0.173	1
0.173	1
0.173	1
0.173	1
0.173	1
0.174	2
0.174	1
0.174	1
0.174	1
0.174	1
0.174	1
0.174	1
0.174	2
0.174	1
0.174	1
0.174	1
0.174	1
0.174	2
0.174	1
0.174	1
0.174	1
0.174	1
0.174	1
0.174	1
0.174	1
0.174	1
0.174	1
0.174	1
0.174	1
0.174	1
0.174	1
0.174	1
0.174	1
0.174	1
0.174	1
0.175	2
0.175	2
0.175	1
0.175	1
0.175	2
0.175	1
0.175	1
0.175	1
0.175	1
0.175	1
0.175	1
0.175	1
0.175	1
0.175	1
0.175	2
0.175	1
0.175	1
0.175	1
0.175	2
0.175	1
0.175	1
0.175	1
0.175	1
0.175	1
0.175	1
0.175	1
0.175	1
0.175	1
0.175	1
0.175	1
0.175	1
0.175	1
0.175	1
0.175	1
0.175	1
0.175	1
0.175	1
0.175	1
0.175	1
0.175	1
0.175	1
0.176	2
0.176	1
0.176	1
0.176	2
0.176	2
0.176	1
0.176	1
0.176	2
0.176	2
0.176	1
0.176	1
0.176	1
0.176	1
0.176	1
0.176	1
0.176	1
0.176	1
0.176	1
0.176	1
0.176	1
0.176	1
0.176	1
0.176	1
0.176	1
0.176	1
0.176	1
0.176	1
0.176	1
0.176	1
0.176	1
0.176	1
0.176	1
0.176	1
0.176	1
0.176	1
0.176	1
0.177	2
0.177	2
0.177	1
0.177	2
0.177	2
0.177	2
0.177	1
0.177	1
0.177	1
0.177	1
0.177	1
0.177	1
0.177	1
0.177	1
0.177	1
0.177	1
0.177	1
0.177	1
0.177	2
0.177	1
0.177	1
0.177	1
0.177	1
0.177	1
0.178	3
0.178	2
0.178	2
0.178	2
0.178	1
0.178	1
0.178	1
0.178	1
0.178	1
0.178	1
0.178	1
0.178	1
0.178	1
0.178	2
0.178	2
0.178	2
0.178	1
0.178	1
0.178	1
0.178	1
0.178	1
0.178	1
0.178	1
0.178	1
0.178	1
0.178	1
0.178	1
0.178	1
0.178	1
0.178	1
0.178	1
0.179	2
0.179	2
0.179	1
0.179	2
0.179	1
0.179	1
0.179	1
0.179	1
0.179	1
0.179	1
0.179	1
0.179	2
0.179	1
0.179	1
0.179	1
0.179	1
0.179	1
0.179	1
0.179	1
0.179	1
0.179	1
0.179	1
0.179	3
0.179	1
0.18	1
0.18	2
0.18	1
0.18	1
0.18	1
0.18	1
0.18	1
0.18	2
0.18	1
0.18	1
0.18	1
0.18	1
0.18	1
0.18	1
0.18	1
0.18	1
0.18	2
0.18	2
0.18	1
0.18	1
0.18	2
0.18	1
0.18	1
0.18	1
0.18	1
0.18	1
0.18	1
0.18	1
0.18	1
0.181	1
0.181	2
0.181	1
0.181	2
0.181	2
0.181	1
0.181	1
0.181	1
0.181	1
0.181	1
0.181	2
0.181	1
0.181	1
0.181	1
0.181	1
0.181	1
0.181	1
0.181	2
0.181	2
0.181	1
0.181	1
0.181	1
0.181	1
0.181	2
0.181	1
0.181	1
0.181	1
0.181	1
0.181	1
0.181	1
0.181	1
0.181	1
0.181	1
0.181	1
0.181	1
0.181	1
0.181	1
0.181	1
0.181	1
0.181	1
0.181	1
0.181	1
0.181	1
0.181	1
0.181	1
0.181	3
0.182	2
0.182	3
0.182	1
0.182	2
0.182	2
0.182	1
0.182	1
0.182	1
0.182	1
0.182	1
0.182	1
0.182	1
0.182	1
0.182	1
0.182	1
0.182	1
0.182	1
0.182	1
0.182	1
0.182	1
0.182	1
0.182	1
0.182	1
0.182	1
0.182	2
0.182	1
0.182	1
0.182	1
0.182	1
0.182	1
0.182	1
0.182	1
0.182	1
0.182	1
0.182	1
0.182	1
0.183	2
0.183	3
0.183	1
0.183	2
0.183	2
0.183	1
0.183	2
0.183	2
0.183	1
0.183	1
0.183	1
0.183	2
0.183	1
0.183	1
0.183	1
0.183	1
0.183	2
0.183	2
0.183	1
0.183	1
0.183	1
0.183	1
0.183	1
0.183	1
0.183	1
0.183	1
0.183	1
0.183	1
0.183	1
0.183	1
0.184	2
0.184	2
0.184	2
0.184	2
0.184	2
0.184	1
0.184	1
0.184	1
0.184	1
0.184	1
0.184	1
0.184	1
0.184	1
0.184	2
0.184	2
0.184	1
0.184	1
0.184	2
0.184	1
0.184	1
0.184	1
0.184	1
0.184	2
0.184	1
0.184	1
0.184	1
0.184	1
0.184	1
0.184	1
0.184	1
0.185	2
0.185	1
0.185	1
0.185	2
0.185	2
0.185	1
0.185	1
0.185	1
0.185	1
0.185	1
0.185	2
0.185	2
0.185	1
0.185	1
0.185	1
0.185	1
0.185	1
0.185	1
0.185	1
0.185	1
0.185	1
0.185	1
0.185	1
0.185	1
0.185	1
0.185	1
0.185	1
0.185	1
0.186	2
0.186	2
0.186	2
0.186	2
0.186	2
0.186	1
0.186	1
0.186	1
0.186	2
0.186	1
0.186	1
0.186	1
0.186	1
0.186	1
0.186	1
0.186	1
0.186	2
0.186	2
0.186	1
0.186	1
0.186	1
0.186	1
0.186	2
0.186	1
0.186	1
0.186	1
0.186	1
0.186	1
0.186	1
0.186	1
0.186	1
0.187	3
0.187	2
0.187	2
0.187	1
0.187	2
0.187	2
0.187	2
0.187	1
0.187	1
0.187	1
0.187	1
0.187	1
0.187	1
0.187	1
0.187	1
0.187	2
0.187	2
0.187	1
0.187	2
0.187	1
0.187	1
0.187	1
0.187	1
0.187	1
0.187	2
0.187	1
0.187	1
0.187	1
0.187	1
0.187	1
0.187	1
0.187	1
0.187	1
0.187	1
0.187	3
0.187	1
0.188	2
0.188	2
0.188	3
0.188	1
0.188	2
0.188	1
0.188	2
0.188	1
0.188	1
0.188	1
0.188	1
0.188	2
0.188	1
0.188	1
0.188	1
0.188	1
0.188	1
0.188	1
0.188	1
0.188	1
0.188	1
0.188	1
0.188	1
0.188	1
0.188	2
0.188	2
0.188	1
0.188	1
0.188	1
0.188	1
0.188	1
0.188	1
0.188	1
0.188	1
0.188	1
0.188	1
0.188	1
0.188	1
0.188	1
0.188	1
0.188	1
0.188	1
0.188	1
0.189	2
0.189	2
0.189	1
0.189	1
0.189	1
0.189	1
0.189	2
0.189	1
0.189	1
0.189	1
0.189	1
0.189	1
0.189	1
0.189	1
0.189	1
0.189	1
0.189	1
0.189	2
0.189	1
0.189	1
0.189	1
0.189	1
0.189	1
0.189	1
0.189	1
0.189	3
0.19	2
0.19	2
0.19	1
0.19	1
0.19	1
0.19	1
0.19	1
0.19	2
0.19	1
0.19	1
0.19	1
0.19	1
0.19	1
0.19	1
0.19	1
0.19	1
0.19	1
0.19	1
0.19	2
0.19	1
0.19	1
0.19	1
0.19	2
0.19	1
0.19	2
0.19	1
0.19	1
0.19	1
0.19	1
0.19	1
0.19	1
0.19	1
0.19	1
0.19	1
0.19	1
0.191	2
0.191	2
0.191	2
0.191	1
0.191	1
0.191	1
0.191	1
0.191	1
0.191	1
0.191	1
0.191	1
0.191	1
0.191	2
0.191	1
0.191	1
0.191	1
0.191	2
0.191	1
0.191	1
0.191	1
0.191	2
0.191	1
0.191	1
0.191	1
0.191	1
0.191	1
0.191	1
0.191	1
0.191	1
0.191	1
0.191	1
0.191	1
0.191	1
0.191	1
0.191	1
0.191	1
0.192	2
0.192	2
0.192	1
0.192	2
0.192	2
0.192	2
0.192	2
0.192	2
0.192	2
0.192	1
0.192	1
0.192	1
0.192	1
0.192	2
0.192	1
0.192	3
0.192	1
0.192	1
0.192	1
0.192	1
0.192	1
0.192	1
0.192	1
0.192	1
0.192	1
0.192	1
0.192	1
0.192	1
0.192	1
0.192	1
0.192	1
0.192	1
0.192	1
0.192	1
0.192	1
0.192	1
0.192	1
0.192	1
0.192	1
0.193	2
0.193	2
0.193	1
0.193	2
0.193	2
0.193	1
0.193	2
0.193	1
0.193	1
0.193	1
0.193	1
0.193	1
0.193	1
0.193	1
0.193	1
0.193	2
0.193	1
0.193	1
0.193	1
0.193	1
0.193	1
0.193	1
0.193	1
0.193	1
0.193	1
0.194	2
0.194	2
0.194	1
0.194	1
0.194	1
0.194	1
0.194	1
0.194	1
0.194	1
0.194	1
0.194	1
0.194	1
0.194	2
0.194	1
0.194	2
0.194	1
0.194	1
0.194	1
0.194	1
0.194	1
0.194	1
0.194	1
0.194	1
0.194	1
0.194	1
0.194	1
0.194	1
0.194	1
0.195	2
0.195	2
0.195	2
0.195	2
0.195	2
0.195	2
0.195	2
0.195	1
0.195	1
0.195	1
0.195	1
0.195	1
0.195	1
0.195	1
0.195	1
0.195	1
0.195	1
0.195	2
0.195	1
0.195	1
0.195	1
0.195	1
0.195	1
0.195	2
0.195	1
0.195	2
0.195	1
0.195	1
0.195	3
0.195	3
0.195	3
0.195	1
0.196	2
0.196	2
0.196	2
0.196	1
0.196	1
0.196	1
0.196	3
0.196	1
0.196	1
0.196	1
0.196	1
0.196	2
0.196	1
0.196	1
0.196	1
0.196	1
0.196	1
0.196	1
0.196	1
0.196	1
0.196	1
0.196	1
0.196	2
0.196	1
0.196	2
0.196	1
0.196	1
0.196	2
0.196	2
0.196	1
0.196	1
0.196	2
0.196	2
0.196	1
0.196	1
0.196	1
0.196	1
0.196	1
0.196	1
0.196	1
0.196	1
0.196	2
0.197	2
0.197	2
0.197	2
0.197	2
0.197	2
0.197	1
0.197	1
0.197	1
0.197	1
0.197	1
0.197	1
0.197	1
0.197	1
0.197	1
0.197	3
0.197	1
0.197	1
0.197	1
0.197	1
0.197	1
0.197	1
0.197	1
0.197	1
0.197	1
0.197	1
0.197	1
0.197	1
0.197	2
0.197	1
0.197	1
0.197	1
0.197	1
0.197	1
0.197	1
0.197	1
0.197	1
0.197	1
0.197	1
0.197	1
0.197	1
0.197	1
0.197	1
0.197	3
0.198	2
0.198	1
0.198	1
0.198	1
0.198	1
0.198	1
0.198	1
0.198	1
0.198	1
0.198	1
0.198	1
0.198	1
0.198	1
0.198	2
0.198	1
0.198	2
0.198	1
0.198	1
0.198	1
0.198	1
0.198	1
0.198	1
0.198	1
0.198	1
0.198	1
0.199	2
0.199	2
0.199	2
0.199	2
0.199	1
0.199	1
0.199	1
0.199	1
0.199	1
0.199	1
0.199	1
0.199	1
0.199	1
0.199	1
0.199	1
0.199	1
0.199	1
0.199	1
0.199	1
0.199	1
0.199	1
0.199	1
0.199	1
0.199	1
0.199	1
0.199	1
0.199	1
0.199	1
0.199	1
0.2	2
0.2	2
0.2	2
0.2	2
0.2	2
0.2	2
0.2	1
0.2	1
0.2	1
0.2	1
0.2	1
0.2	1
0.2	1
0.2	1
0.2	1
0.2	1
0.2	1
0.2	1
0.2	1
0.2	1
0.2	2
0.2	1
0.2	1
0.2	1
0.2	1
0.2	1
0.2	1
0.2	1
0.2	1
0.2	1
0.2	1
0.201	2
0.201	2
0.201	1
0.201	2
0.201	1
0.201	2
0.201	1
0.201	1
0.201	1
0.201	1
0.201	1
0.201	1
0.201	1
0.201	2
0.201	1
0.201	1
0.201	1
0.201	1
0.201	2
0.201	1
0.201	1
0.201	1
0.201	1
0.201	1
0.201	1
0.201	1
0.201	1
0.201	1
0.201	1
0.201	1
0.202	2
0.202	2
0.202	1
0.202	1
0.202	1
0.202	3
0.202	1
0.202	1
0.202	1
0.202	1
0.202	1
0.202	2
0.202	2
0.202	1
0.202	1
0.202	1
0.202	1
0.202	1
0.202	1
0.202	1
0.202	1
0.202	1
0.202	1
0.202	1
0.202	2
0.202	2
0.202	1
0.202	1
0.202	2
0.202	2
0.202	2
0.202	1
0.202	3
0.203	1
0.203	1
0.203	2
0.203	2
0.203	2
0.203	2
0.203	2
0.203	2
0.203	1
0.203	1
0.203	1
0.203	1
0.203	1
0.203	1
0.203	1
0.203	1
0.203	1
0.203	1
0.203	1
0.203	1
0.203	1
0.203	2
0.203	2
0.203	1
0.203	1
0.203	1
0.203	2
0.203	1
0.203	2
0.203	1
0.203	1
0.203	1
0.203	1
0.203	1
0.203	1
0.204	3
0.204	1
0.204	2
0.204	2
0.204	2
0.204	2
0.204	1
0.204	1
0.204	1
0.204	1
0.204	1
0.204	2
0.204	2
0.204	1
0.204	1
0.204	1
0.204	1
0.204	2
0.204	1
0.204	1
0.204	1
0.204	1
0.204	1
0.204	1
0.204	1
0.204	1
0.204	1
0.204	1
0.204	1
0.204	1
0.204	1
0.204	1
0.204	1
0.204	1
0.204	1
0.204	1
0.204	1
0.204	1
0.204	1
0.204	1
0.204	1
0.204	1
0.204	1
0.204	1
0.204	1
0.204	2
0.204	1
0.205	3
0.205	1
0.205	2
0.205	2
0.205	2
0.205	2
0.205	1
0.205	1
0.205	1
0.205	1
0.205	1
0.205	1
0.205	1
0.205	1
0.205	1
0.205	1
0.205	2
0.205	1
0.205	2
0.205	1
0.205	1
0.205	1
0.205	1
0.205	1
0.205	1
0.205	1
0.205	1
0.205	1
0.205	1
0.205	2
0.205	1
0.205	2
0.205	1
0.205	1
0.205	1
0.205	1
0.205	1
0.205	1
0.205	1
0.205	1
0.205	1
0.205	1
0.205	1
0.205	1
0.205	1
0.205	3
0.206	2
0.206	1
0.206	1
0.206	1
0.206	1
0.206	1
0.206	1
0.206	1
0.206	1
0.206	1
0.206	1
0.206	1
0.206	1
0.206	1
0.206	1
0.206	1
0.206	1
0.206	2
0.206	1
0.206	1
0.206	1
0.206	1
0.206	1
0.206	1
0.207	2
0.207	2
0.207	1
0.207	1
0.207	2
0.207	2
0.207	1
0.207	1
0.207	1
0.207	1
0.207	1
0.207	1
0.207	2
0.207	1
0.207	1
0.207	1
0.207	1
0.207	1
0.207	2
0.207	2
0.207	1
0.207	1
0.207	1
0.207	1
0.207	1
0.207	1
0.207	2
0.207	1
0.207	1
0.207	1
0.207	1
0.207	1
0.207	1
0.207	1
0.208	2
0.208	2
0.208	2
0.208	2
0.208	2
0.208	2
0.208	2
0.208	2
0.208	1
0.208	2
0.208	2
0.208	1
0.208	1
0.208	1
0.208	2
0.208	1
0.208	3
0.208	3
0.208	1
0.208	1
0.208	1
0.208	1
0.208	1
0.208	1
0.208	1
0.208	1
0.208	1
0.208	1
0.208	1
0.208	1
0.208	1
0.208	1
0.209	3
0.209	2
0.209	1
0.209	2
0.209	1
0.209	1
0.209	2
0.209	1
0.209	1
0.209	1
0.209	1
0.209	1
0.209	1
0.209	1
0.209	1
0.209	1
0.209	1
0.209	1
0.209	1
0.209	1
0.209	1
0.209	1
0.209	2
0.209	1
0.209	1
0.209	1
0.209	1
0.209	1
0.209	1
0.209	1
0.209	1
0.209	2
0.209	2
0.209	1
0.21	3
0.21	3
0.21	1
0.21	1
0.21	3
0.21	3
0.21	1
0.21	1
0.21	1
0.21	1
0.21	1
0.21	2
0.21	1
0.21	1
0.21	1
0.21	1
0.21	2
0.21	1
0.21	1
0.21	1
0.21	1
0.21	1
0.21	1
0.21	1
0.21	1
0.211	2
0.211	2
0.211	2
0.211	2
0.211	1
0.211	1
0.211	1
0.211	1
0.211	1
0.211	1
0.211	3
0.211	1
0.211	1
0.211	1
0.211	2
0.211	1
0.211	1
0.211	1
0.211	1
0.211	1
0.211	1
0.211	1
0.211	1
0.211	1
0.211	1
0.211	1
0.211	2
0.211	1
0.211	2
0.211	1
0.211	2
0.211	1
0.211	1
0.211	1
0.211	1
0.211	1
0.211	1
0.211	1
0.211	1
0.211	1
0.211	1
0.211	1
0.211	1
0.212	3
0.212	2
0.212	1
0.212	2
0.212	2
0.212	1
0.212	1
0.212	1
0.212	1
0.212	1
0.212	1
0.212	2
0.212	1
0.212	1
0.212	1
0.212	1
0.212	1
0.212	1
0.212	1
0.212	1
0.212	1
0.212	1
0.212	1
0.212	1
0.212	2
0.212	1
0.212	1
0.212	2
0.212	1
0.212	1
0.212	1
0.212	1
0.212	2
0.212	3
0.213	1
0.213	2
0.213	2
0.213	2
0.213	2
0.213	2
0.213	1
0.213	1
0.213	1
0.213	1
0.213	1
0.213	1
0.213	1
0.213	1
0.213	2
0.213	1
0.213	1
0.213	1
0.213	1
0.213	1
0.213	1
0.213	1
0.213	1
0.213	1
0.213	2
0.213	1
0.213	2
0.213	1
0.213	1
0.213	1
0.213	1
0.213	1
0.213	1
0.213	1
0.213	1
0.214	2
0.214	3
0.214	1
0.214	1
0.214	3
0.214	2
0.214	2
0.214	2
0.214	2
0.214	1
0.214	2
0.214	1
0.214	1
0.214	1
0.214	1
0.214	1
0.214	2
0.214	2
0.214	2
0.214	1
0.214	1
0.214	1
0.214	1
0.214	1
0.214	2
0.214	1
0.214	2
0.214	1
0.214	1
0.214	1
0.214	1
0.214	1
0.214	1
0.214	1
0.215	2
0.215	3
0.215	3
0.215	2
0.215	2
0.215	2
0.215	2
0.215	1
0.215	1
0.215	1
0.215	1
0.215	1
0.215	1
0.215	1
0.215	1
0.215	1
0.215	1
0.215	1
0.215	1
0.215	1
0.215	1
0.215	1
0.215	1
0.215	1
0.215	1
0.215	1
0.215	1
0.215	1
0.215	1
0.215	1
0.215	1
0.215	2
0.215	2
0.215	2
0.215	1
0.215	1
0.215	1
0.215	1
0.215	1
0.216	1
0.216	3
0.216	2
0.216	2
0.216	2
0.216	1
0.216	2
0.216	1
0.216	2
0.216	1
0.216	1
0.216	1
0.216	1
0.216	1
0.216	1
0.216	2
0.216	1
0.216	1
0.216	1
0.216	1
0.216	1
0.216	1
0.216	2
0.216	1
0.216	1
0.216	1
0.216	1
0.216	1
0.216	1
0.217	3
0.217	3
0.217	2
0.217	2
0.217	1
0.217	2
0.217	1
0.217	1
0.217	1
0.217	1
0.217	1
0.217	1
0.217	1
0.217	1
0.217	1
0.217	1
0.217	1
0.217	2
0.217	2
0.217	1
0.217	1
0.217	2
0.217	1
0.217	1
0.217	1
0.217	1
0.217	2
0.217	1
0.217	1
0.217	1
0.217	1
0.217	1
0.217	1
0.217	1
0.217	1
0.217	1
0.217	1
0.217	1
0.217	1
0.217	1
0.217	1
0.217	2
0.217	1
0.217	1
0.218	1
0.218	1
0.218	1
0.218	1
0.218	1
0.218	1
0.218	3
0.218	1
0.218	2
0.218	1
0.218	1
0.218	1
0.218	1
0.218	1
0.218	1
0.218	1
0.218	1
0.218	1
0.218	1
0.218	1
0.218	2
0.218	1
0.218	1
0.218	1
0.218	1
0.218	3
0.218	1
0.218	1
0.219	2
0.219	1
0.219	1
0.219	3
0.219	3
0.219	2
0.219	2
0.219	1
0.219	1
0.219	1
0.219	1
0.219	1
0.219	1
0.219	1
0.219	1
0.219	1
0.219	1
0.219	1
0.219	2
0.219	1
0.219	1
0.219	1
0.219	1
0.219	2
0.219	1
0.219	1
0.219	1
0.219	2
0.219	2
0.219	2
0.219	1
0.219	1
0.219	1
0.219	2
0.219	2
0.219	2
0.219	1
0.219	1
0.219	1
0.219	1
0.219	1
0.219	1
0.219	2
0.22	3
0.22	1
0.22	3
0.22	2
0.22	3
0.22	2
0.22	2
0.22	2
0.22	2
0.22	1
0.22	1
0.22	1
0.22	1
0.22	2
0.22	1
0.22	2
0.22	1
0.22	1
0.22	1
0.22	1
0.22	1
0.22	1
0.22	1
0.22	2
0.22	1
0.22	1
0.22	1
0.22	1
0.22	2
0.22	2
0.22	2
0.22	1
0.22	1
0.22	1
0.22	1
0.22	1
0.22	1
0.22	1
0.221	2
0.221	3
0.221	1
0.221	3
0.221	2
0.221	2
0.221	2
0.221	1
0.221	1
0.221	1
0.221	1
0.221	1
0.221	1
0.221	2
0.221	1
0.221	1
0.221	1
0.221	1
0.221	1
0.221	1
0.221	1
0.221	1
0.221	1
0.221	1
0.221	1
0.221	1
0.221	1
0.221	2
0.221	1
0.221	2
0.221	1
0.221	1
0.221	1
0.221	1
0.221	1
0.221	1
0.221	1
0.222	3
0.222	3
0.222	1
0.222	2
0.222	2
0.222	1
0.222	1
0.222	1
0.222	2
0.222	2
0.222	1
0.222	1
0.222	2
0.222	1
0.222	1
0.222	1
0.222	2
0.222	1
0.222	1
0.222	1
0.222	2
0.222	1
0.222	2
0.222	1
0.222	1
0.222	1
0.222	2
0.222	1
0.222	1
0.222	1
0.222	1
0.222	3
0.222	3
0.222	1
0.223	2
0.223	2
0.223	2
0.223	1
0.223	1
0.223	1
0.223	2
0.223	1
0.223	1
0.223	1
0.223	1
0.223	2
0.223	1
0.223	2
0.223	2
0.223	2
0.223	1
0.223	1
0.223	1
0.223	1
0.223	1
0.223	1
0.223	1
0.223	1
0.223	1
0.223	1
0.223	1
0.223	1
0.223	1
0.223	1
0.224	1
0.224	2
0.224	3
0.224	2
0.224	2
0.224	2
0.224	2
0.224	1
0.224	1
0.224	1
0.224	1
0.224	1
0.224	1
0.224	1
0.224	1
0.224	1
0.224	1
0.224	2
0.224	1
0.224	1
0.224	1
0.224	1
0.224	1
0.224	1
0.224	1
0.224	1
0.224	1
0.224	2
0.224	1
0.224	1
0.224	1
0.224	1
0.224	1
0.224	1
0.224	1
0.224	1
0.224	3
0.224	1
0.225	2
0.225	3
0.225	2
0.225	3
0.225	1
0.225	2
0.225	1
0.225	2
0.225	1
0.225	1
0.225	1
0.225	1
0.225	1
0.225	1
0.225	1
0.225	1
0.225	1
0.225	1
0.225	1
0.225	2
0.225	2
0.225	2
0.225	1
0.225	1
0.225	1
0.225	1
0.225	1
0.225	2
0.225	2
0.226	3
0.226	2
0.226	3
0.226	3
0.226	3
0.226	2
0.226	1
0.226	1
0.226	1
0.226	1
0.226	1
0.226	1
0.226	1
0.226	1
0.226	1
0.226	1
0.226	2
0.226	2
0.226	1
0.226	1
0.226	1
0.226	1
0.226	1
0.226	3
0.226	3
0.226	3
0.226	1
0.226	1
0.226	1
0.226	1
0.226	1
0.226	2
0.226	1
0.226	2
0.226	1
0.226	1
0.226	1
0.226	1
0.226	1
0.226	1
0.227	2
0.227	3
0.227	3
0.227	3
0.227	2
0.227	2
0.227	2
0.227	1
0.227	1
0.227	1
0.227	1
0.227	1
0.227	1
0.227	1
0.227	1
0.227	1
0.227	1
0.227	1
0.227	1
0.227	2
0.227	1
0.227	1
0.227	1
0.227	1
0.227	1
0.227	1
0.227	1
0.227	1
0.227	1
0.227	2
0.227	1
0.227	2
0.227	1
0.227	1
0.227	1
0.227	1
0.227	1
0.227	1
0.227	1
0.227	1
0.227	1
0.227	1
0.227	1
0.228	2
0.228	3
0.228	1
0.228	2
0.228	2
0.228	1
0.228	1
0.228	1
0.228	1
0.228	1
0.228	3
0.228	1
0.228	1
0.228	1
0.228	1
0.228	1
0.228	1
0.228	1
0.228	1
0.228	1
0.228	1
0.228	1
0.228	3
0.228	1
0.228	1
0.228	1
0.228	1
0.228	1
0.228	1
0.228	1
0.228	3
0.228	1
0.229	2
0.229	3
0.229	2
0.229	4
0.229	2
0.229	1
0.229	1
0.229	1
0.229	1
0.229	1
0.229	1
0.229	1
0.229	2
0.229	2
0.229	1
0.229	1
0.229	1
0.229	1
0.229	1
0.229	1
0.229	1
0.229	1
0.229	1
0.229	2
0.229	1
0.229	2
0.229	1
0.229	2
0.229	2
0.229	1
0.23	3
0.23	2
0.23	2
0.23	2
0.23	2
0.23	2
0.23	1
0.23	1
0.23	2
0.23	1
0.23	1
0.23	1
0.23	1
0.23	1
0.23	1
0.23	2
0.23	2
0.23	3
0.23	1
0.23	1
0.23	1
0.23	1
0.23	1
0.23	1
0.23	1
0.23	2
0.23	2
0.23	2
0.23	1
0.23	1
0.23	1
0.23	2
0.23	1
0.23	1
0.23	1
0.23	1
0.231	2
0.231	3
0.231	3
0.231	3
0.231	3
0.231	2
0.231	2
0.231	1
0.231	1
0.231	1
0.231	1
0.231	2
0.231	1
0.231	1
0.231	1
0.231	1
0.231	1
0.231	1
0.231	1
0.231	1
0.231	1
0.231	1
0.231	1
0.231	1
0.231	1
0.231	1
0.231	1
0.231	1
0.231	1
0.231	1
0.231	1
0.231	1
0.231	1
0.231	1
0.231	1
0.231	2
0.232	2
0.232	3
0.232	2
0.232	2
0.232	2
0.232	2
0.232	1
0.232	2
0.232	2
0.232	2
0.232	1
0.232	1
0.232	1
0.232	1
0.232	1
0.232	1
0.232	3
0.232	1
0.232	1
0.232	1
0.232	1
0.232	1
0.232	1
0.232	1
0.232	2
0.232	2
0.232	1
0.232	1
0.232	1
0.232	2
0.232	1
0.232	1
0.232	1
0.232	1
0.232	1
0.232	1
0.232	1
0.232	3
0.233	2
0.233	2
0.233	3
0.233	3
0.233	2
0.233	1
0.233	2
0.233	1
0.233	1
0.233	1
0.233	1
0.233	1
0.233	1
0.233	1
0.233	1
0.233	1
0.233	2
0.233	1
0.233	1
0.233	1
0.233	1
0.233	1
0.233	1
0.233	3
0.233	1
0.233	1
0.233	1
0.233	1
0.233	1
0.233	1
0.233	1
0.233	1
0.233	1
0.233	1
0.233	1
0.234	3
0.234	3
0.234	2
0.234	1
0.234	1
0.234	1
0.234	1
0.234	2
0.234	2
0.234	1
0.234	1
0.234	1
0.234	1
0.234	1
0.234	2
0.234	1
0.234	1
0.234	1
0.234	1
0.234	1
0.234	1
0.234	1
0.234	1
0.234	1
0.234	1
0.234	1
0.234	1
0.234	1
0.234	1
0.234	1
0.234	1
0.234	1
0.234	1
0.234	1
0.234	1
0.234	1
0.235	2
0.235	3
0.235	2
0.235	3
0.235	1
0.235	2
0.235	2
0.235	2
0.235	2
0.235	2
0.235	1
0.235	1
0.235	2
0.235	1
0.235	1
0.235	1
0.235	2
0.235	1
0.235	1
0.235	1
0.235	1
0.235	2
0.235	1
0.235	1
0.235	1
0.235	1
0.235	1
0.235	1
0.235	1
0.235	1
0.235	1
0.235	1
0.235	2
0.235	2
0.236	2
0.236	3
0.236	3
0.236	3
0.236	2
0.236	2
0.236	2
0.236	1
0.236	1
0.236	1
0.236	1
0.236	1
0.236	1
0.236	1
0.236	1
0.236	1
0.236	1
0.236	2
0.236	2
0.236	1
0.236	1
0.236	1
0.236	1
0.236	1
0.236	1
0.236	1
0.236	1
0.236	3
0.236	1
0.236	1
0.236	2
0.236	1
0.236	2
0.236	1
0.236	1
0.236	1
0.236	1
0.236	1
0.237	2
0.237	4
0.237	1
0.237	1
0.237	1
0.237	1
0.237	1
0.237	1
0.237	3
0.237	1
0.237	1
0.237	1
0.237	1
0.237	1
0.237	1
0.237	1
0.237	2
0.237	1
0.237	1
0.237	1
0.237	1
0.237	1
0.237	2
0.237	1
0.237	1
0.237	2
0.237	1
0.237	1
0.237	1
0.237	1
0.237	1
0.237	1
0.237	1
0.237	1
0.238	3
0.238	3
0.238	1
0.238	2
0.238	1
0.238	1
0.238	1
0.238	1
0.238	1
0.238	2
0.238	1
0.238	1
0.238	1
0.238	1
0.238	1
0.238	1
0.238	2
0.238	3
0.238	1
0.238	1
0.238	1
0.238	1
0.238	1
0.238	1
0.238	1
0.238	1
0.238	1
0.238	1
0.238	2
0.238	1
0.238	1
0.238	1
0.238	1
0.238	1
0.238	3
0.239	3
0.239	2
0.239	2
0.239	2
0.239	2
0.239	2
0.239	1
0.239	1
0.239	1
0.239	1
0.239	1
0.239	1
0.239	1
0.239	2
0.239	1
0.239	1
0.239	1
0.239	1
0.239	1
0.239	1
0.239	1
0.239	1
0.239	1
0.239	1
0.239	1
0.239	1
0.239	2
0.24	2
0.24	2
0.24	2
0.24	2
0.24	4
0.24	2
0.24	2
0.24	2
0.24	2
0.24	2
0.24	2
0.24	1
0.24	1
0.24	1
0.24	1
0.24	2
0.24	1
0.24	1
0.24	1
0.24	1
0.24	1
0.24	1
0.24	1
0.24	3
0.24	1
0.24	1
0.24	1
0.24	1
0.24	1
0.24	1
0.24	1
0.24	1
0.24	2
0.24	1
0.24	1
0.24	1
0.24	1
0.24	1
0.24	1
0.24	1
0.24	1
0.24	1
0.24	1
0.24	1
0.241	2
0.241	2
0.241	3
0.241	3
0.241	1
0.241	1
0.241	2
0.241	3
0.241	1
0.241	1
0.241	1
0.241	1
0.241	2
0.241	2
0.241	1
0.241	1
0.241	1
0.241	1
0.241	1
0.241	1
0.241	1
0.241	1
0.241	2
0.241	1
0.241	1
0.241	1
0.241	1
0.241	1
0.241	1
0.241	1
0.241	1
0.241	1
0.241	1
0.242	3
0.242	1
0.242	3
0.242	2
0.242	2
0.242	2
0.242	1
0.242	1
0.242	1
0.242	1
0.242	1
0.242	1
0.242	1
0.242	2
0.242	1
0.242	1
0.242	1
0.242	1
0.242	1
0.242	1
0.242	2
0.242	1
0.242	2
0.242	1
0.242	2
0.242	1
0.242	1
0.242	1
0.242	1
0.242	1
0.242	1
0.242	1
0.242	2
0.242	2
0.242	1
0.242	1
0.242	1
0.242	1
0.242	1
0.242	1
0.243	3
0.243	2
0.243	2
0.243	1
0.243	1
0.243	2
0.243	1
0.243	1
0.243	1
0.243	1
0.243	1
0.243	1
0.243	1
0.243	1
0.243	1
0.243	3
0.243	1
0.243	1
0.243	2
0.243	1
0.243	1
0.243	1
0.243	1
0.243	1
0.244	2
0.244	3
0.244	2
0.244	2
0.244	4
0.244	1
0.244	1
0.244	2
0.244	2
0.244	2
0.244	1
0.244	1
0.244	1
0.244	1
0.244	3
0.244	1
0.244	1
0.244	1
0.244	1
0.244	1
0.244	1
0.244	1
0.244	2
0.244	2
0.244	1
0.244	1
0.244	1
0.244	1
0.244	1
0.244	1
0.244	1
0.244	1
0.244	1
0.244	1
0.244	1
0.244	1
0.244	1
0.244	1
0.244	1
0.244	1
0.244	1
0.244	1
0.244	1
0.244	2
0.244	1
0.245	2
0.245	2
0.245	4
0.245	2
0.245	2
0.245	1
0.245	1
0.245	1
0.245	1
0.245	1
0.245	1
0.245	1
0.245	1
0.245	2
0.245	1
0.245	1
0.245	1
0.245	1
0.245	1
0.245	1
0.245	2
0.245	3
0.246	2
0.246	1
0.246	2
0.246	1
0.246	2
0.246	2
0.246	2
0.246	1
0.246	1
0.246	3
0.246	1
0.246	1
0.246	1
0.246	1
0.246	1
0.246	1
0.246	1
0.246	1
0.246	1
0.246	1
0.246	2
0.246	3
0.246	3
0.246	3
0.246	1
0.246	1
0.246	2
0.246	1
0.246	1
0.246	1
0.246	1
0.246	1
0.246	1
0.246	1
0.246	2
0.246	2
0.246	1
0.246	1
0.246	2
0.246	2
0.246	1
0.246	1
0.246	1
0.246	1
0.246	1
0.246	1
0.246	1
0.247	3
0.247	2
0.247	2
0.247	2
0.247	1
0.247	1
0.247	1
0.247	3
0.247	1
0.247	1
0.247	1
0.247	1
0.247	1
0.247	2
0.247	2
0.247	1
0.247	1
0.247	2
0.247	1
0.247	1
0.247	1
0.247	1
0.247	1
0.247	1
0.247	1
0.247	1
0.247	1
0.247	2
0.247	1
0.247	1
0.247	1
0.247	2
0.247	2
0.247	1
0.247	1
0.247	1
0.247	1
0.247	1
0.247	1
0.247	1
0.248	3
0.248	3
0.248	2
0.248	2
0.248	2
0.248	2
0.248	1
0.248	1
0.248	1
0.248	1
0.248	1
0.248	1
0.248	1
0.248	1
0.248	1
0.248	1
0.248	1
0.248	1
0.248	3
0.248	1
0.248	1
0.248	1
0.248	2
0.248	1
0.248	1
0.248	1
0.248	2
0.248	1
0.248	2
0.248	1
0.248	1
0.248	1
0.248	1
0.248	2
0.248	1
0.248	1
0.248	1
0.248	1
0.249	3
0.249	2
0.249	2
0.249	1
0.249	1
0.249	1
0.249	1
0.249	2
0.249	2
0.249	2
0.249	1
0.249	1
0.249	2
0.249	1
0.249	1
0.249	3
0.249	1
0.249	1
0.249	2
0.249	1
0.249	1
0.25	1
0.25	4
0.25	2
0.25	1
0.25	1
0.25	1
0.25	1
0.25	1
0.25	1
0.25	1
0.25	2
0.25	2
0.25	2
0.25	1
0.25	1
0.25	1
0.25	1
0.25	1
0.25	1
0.25	1
0.25	1
0.25	1
0.25	1
0.25	1
0.25	1
0.25	1
0.25	1
0.25	1
0.25	1
0.25	1
0.251	3
0.251	1
0.251	3
0.251	2
0.251	2
0.251	2
0.251	2
0.251	2
0.251	1
0.251	1
0.251	2
0.251	1
0.251	1
0.251	1
0.251	1
0.251	1
0.251	1
0.251	1
0.251	1
0.252	3
0.252	2
0.252	2
0.252	2
0.252	2
0.252	2
0.252	2
0.252	1
0.252	1
0.252	1
0.252	1
0.252	1
0.252	1
0.252	1
0.252	1
0.252	1
0.252	1
0.252	2
0.252	2
0.252	2
0.252	2
0.252	2
0.252	2
0.252	1
0.252	1
0.252	2
0.252	2
0.252	1
0.252	1
0.252	1
0.252	2
0.252	1
0.252	2
0.252	1
0.252	1
0.252	1
0.252	1
0.252	2
0.252	2
0.253	3
0.253	3
0.253	2
0.253	3
0.253	2
0.253	2
0.253	2
0.253	2
0.253	2
0.253	3
0.253	3
0.253	1
0.253	1
0.253	2
0.253	1
0.253	1
0.253	1
0.253	3
0.253	3
0.253	1
0.253	1
0.253	1
0.253	1
0.253	1
0.253	2
0.253	2
0.253	2
0.253	3
0.253	1
0.253	1
0.253	1
0.253	1
0.253	2
0.253	3
0.253	3
0.253	1
0.253	1
0.253	1
0.253	1
0.253	2
0.253	1
0.253	1
0.254	3
0.254	3
0.254	2
0.254	2
0.254	2
0.254	3
0.254	2
0.254	2
0.254	2
0.254	1
0.254	1
0.254	1
0.254	1
0.254	1
0.254	1
0.254	1
0.254	2
0.254	1
0.254	1
0.254	1
0.254	1
0.254	1
0.254	1
0.254	1
0.254	1
0.254	2
0.254	2
0.254	1
0.254	1
0.254	1
0.254	1
0.254	1
0.254	1
0.254	2
0.254	1
0.254	1
0.254	1
0.254	1
0.254	1
0.254	1
0.254	1
0.254	1
0.254	1
0.254	1
0.255	2
0.255	2
0.255	1
0.255	1
0.255	1
0.255	1
0.255	1
0.255	1
0.255	1
0.255	1
0.255	2
0.255	1
0.255	1
0.255	1
0.255	3
0.255	1
0.255	1
0.255	1
0.255	1
0.255	1
0.256	2
0.256	2
0.256	4
0.256	4
0.256	2
0.256	1
0.256	1
0.256	1
0.256	1
0.256	1
0.256	1
0.256	2
0.256	1
0.256	1
0.256	1
0.256	1
0.256	1
0.256	1
0.256	1
0.256	1
0.256	1
0.256	2
0.256	3
0.256	2
0.256	1
0.256	1
0.256	1
0.256	1
0.256	1
0.256	1
0.256	1
0.256	2
0.256	1
0.256	2
0.256	1
0.256	1
0.256	1
0.256	1
0.257	2
0.257	3
0.257	3
0.257	3
0.257	2
0.257	3
0.257	2
0.257	1
0.257	1
0.257	1
0.257	1
0.257	1
0.257	1
0.257	2
0.257	1
0.257	1
0.257	1
0.257	1
0.257	1
0.257	1
0.257	1
0.257	1
0.257	2
0.257	2
0.257	1
0.257	1
0.257	2
0.257	1
0.258	3
0.258	3
0.258	3
0.258	4
0.258	3
0.258	3
0.258	2
0.258	4
0.258	4
0.258	1
0.258	2
0.258	1
0.258	1
0.258	1
0.258	1
0.258	1
0.258	1
0.258	1
0.258	1
0.258	2
0.258	1
0.258	1
0.258	2
0.258	1
0.258	1
0.258	1
0.258	2
0.258	2
0.258	1
0.258	1
0.258	1
0.259	3
0.259	1
0.259	3
0.259	2
0.259	3
0.259	4
0.259	2
0.259	1
0.259	1
0.259	1
0.259	1
0.259	1
0.259	2
0.259	2
0.259	2
0.259	2
0.259	1
0.259	1
0.259	1
0.259	2
0.259	3
0.259	1
0.259	1
0.259	3
0.259	1
0.26	2
0.26	2
0.26	2
0.26	1
0.26	1
0.26	3
0.26	1
0.26	1
0.26	1
0.26	1
0.26	1
0.26	1
0.26	1
0.26	1
0.26	1
0.26	2
0.26	2
0.26	1
0.26	1
0.26	1
0.26	1
0.26	1
0.26	1
0.26	1
0.26	1
0.26	1
0.26	3
0.26	1
0.26	1
0.261	2
0.261	2
0.261	2
0.261	3
0.261	3
0.261	2
0.261	3
0.261	2
0.261	1
0.261	1
0.261	1
0.261	1
0.261	1
0.261	1
0.261	1
0.261	1
0.261	1
0.261	1
0.261	1
0.261	1
0.261	1
0.261	1
0.261	1
0.261	1
0.261	1
0.261	1
0.261	1
0.261	1
0.261	1
0.261	1
0.261	1
0.261	1
0.262	3
0.262	4
0.262	2
0.262	1
0.262	3
0.262	2
0.262	1
0.262	1
0.262	1
0.262	1
0.262	1
0.262	1
0.262	3
0.262	1
0.262	1
0.262	1
0.262	2
0.262	1
0.262	1
0.262	1
0.262	1
0.262	1
0.262	1
0.262	1
0.262	1
0.262	1
0.262	2
0.262	2
0.262	2
0.262	1
0.262	2
0.262	2
0.262	1
0.262	1
0.262	1
0.262	2
0.262	1
0.262	2
0.262	1
0.262	2
0.262	1
0.262	1
0.262	3
0.262	3
0.263	2
0.263	2
0.263	3
0.263	3
0.263	3
0.263	4
0.263	2
0.263	1
0.263	1
0.263	1
0.263	1
0.263	1
0.263	1
0.263	1
0.263	1
0.263	1
0.263	1
0.263	1
0.263	1
0.263	1
0.263	1
0.263	2
0.263	3
0.263	1
0.263	1
0.263	2
0.263	2
0.263	1
0.263	1
0.263	1
0.263	2
0.263	3
0.263	1
0.263	1
0.263	2
0.263	1
0.263	1
0.263	1
0.263	3
0.264	2
0.264	3
0.264	2
0.264	3
0.264	2
0.264	2
0.264	2
0.264	2
0.264	1
0.264	1
0.264	1
0.264	1
0.264	1
0.264	2
0.264	1
0.264	1
0.264	1
0.264	1
0.264	1
0.264	1
0.264	1
0.264	2
0.264	1
0.264	1
0.264	1
0.264	1
0.264	1
0.264	1
0.264	1
0.265	2
0.265	2
0.265	2
0.265	2
0.265	1
0.265	1
0.265	1
0.265	1
0.265	1
0.265	1
0.265	1
0.265	1
0.265	1
0.265	1
0.265	3
0.265	1
0.265	1
0.265	1
0.265	2
0.265	2
0.265	1
0.265	1
0.265	1
0.266	3
0.266	3
0.266	1
0.266	2
0.266	2
0.266	2
0.266	4
0.266	1
0.266	1
0.266	1
0.266	1
0.266	2
0.266	1
0.266	1
0.266	2
0.266	2
0.266	1
0.266	1
0.266	1
0.266	1
0.266	1
0.266	1
0.266	2
0.266	1
0.266	1
0.266	1
0.267	3
0.267	3
0.267	1
0.267	2
0.267	2
0.267	2
0.267	2
0.267	2
0.267	1
0.267	1
0.267	1
0.267	1
0.267	1
0.267	1
0.267	1
0.267	1
0.267	2
0.267	1
0.267	1
0.267	1
0.267	1
0.267	1
0.267	1
0.267	1
0.267	1
0.267	1
0.267	1
0.267	2
0.267	1
0.267	1
0.267	1
0.267	1
0.267	2
0.267	1
0.267	1
0.267	1
0.267	1
0.268	2
0.268	3
0.268	3
0.268	1
0.268	2
0.268	1
0.268	1
0.268	3
0.268	1
0.268	1
0.268	1
0.268	1
0.268	1
0.268	1
0.268	1
0.268	1
0.268	1
0.268	1
0.268	2
0.268	1
0.268	2
0.268	1
0.268	2
0.268	1
0.268	1
0.268	1
0.268	1
0.268	1
0.268	1
0.268	1
0.269	3
0.269	2
0.269	2
0.269	3
0.269	2
0.269	1
0.269	1
0.269	1
0.269	1
0.269	1
0.269	1
0.269	1
0.269	1
0.269	1
0.269	1
0.269	1
0.269	1
0.269	1
0.269	1
0.269	2
0.269	2
0.269	3
0.269	1
0.269	1
0.269	3
0.269	1
0.269	3
0.269	1
0.269	1
0.269	2
0.269	1
0.269	2
0.269	2
0.269	1
0.269	1
0.269	1
0.269	1
0.269	1
0.269	1
0.269	1
0.269	1
0.269	2
0.269	2
0.269	3
0.27	2
0.27	2
0.27	3
0.27	3
0.27	2
0.27	2
0.27	2
0.27	2
0.27	1
0.27	1
0.27	1
0.27	3
0.27	1
0.27	1
0.27	2
0.27	2
0.27	1
0.27	1
0.27	1
0.27	2
0.27	2
0.27	2
0.27	1
0.27	1
0.27	1
0.27	1
0.27	2
0.27	1
0.27	1
0.27	1
0.27	1
0.27	1
0.27	1
0.27	1
0.27	1
0.27	1
0.27	1
0.27	2
0.27	1
0.27	2
0.27	1
0.27	3
0.27	3
0.271	4
0.271	2
0.271	3
0.271	1
0.271	2
0.271	1
0.271	1
0.271	1
0.271	1
0.271	1
0.271	1
0.271	1
0.271	1
0.271	1
0.271	1
0.271	1
0.271	1
0.271	1
0.271	1
0.271	1
0.271	2
0.271	1
0.271	1
0.271	1
0.271	1
0.271	1
0.271	1
0.271	1
0.271	1
0.271	1
0.271	1
0.271	1
0.271	1
0.271	1
0.271	1
0.271	1
0.272	2
0.272	4
0.272	2
0.272	2
0.272	2
0.272	3
0.272	3
0.272	2
0.272	2
0.272	2
0.272	2
0.272	2
0.272	1
0.272	2
0.272	1
0.272	1
0.272	1
0.272	2
0.272	1
0.272	1
0.272	2
0.272	1
0.272	2
0.272	1
0.272	1
0.272	1
0.272	1
0.272	2
0.272	2
0.272	1
0.272	1
0.272	1
0.272	1
0.272	1
0.272	1
0.272	1
0.272	1
0.272	2
0.273	2
0.273	4
0.273	2
0.273	3
0.273	3
0.273	2
0.273	2
0.273	2
0.273	1
0.273	2
0.273	2
0.273	1
0.273	1
0.273	1
0.273	1
0.273	1
0.273	1
0.273	1
0.273	2
0.273	3
0.273	4
0.273	1
0.273	1
0.273	1
0.273	1
0.273	3
0.273	1
0.273	2
0.273	1
0.273	1
0.273	1
0.273	2
0.273	1
0.273	1
0.273	1
0.274	4
0.274	3
0.274	2
0.274	2
0.274	2
0.274	1
0.274	2
0.274	1
0.274	1
0.274	1
0.274	1
0.274	1
0.274	1
0.274	1
0.274	1
0.274	1
0.274	1
0.274	1
0.274	1
0.274	1
0.274	2
0.275	3
0.275	2
0.275	1
0.275	1
0.275	1
0.275	1
0.275	1
0.275	1
0.275	2
0.275	2
0.275	1
0.275	1
0.275	4
0.275	2
0.275	1
0.275	2
0.275	1
0.275	1
0.275	1
0.275	3
0.276	3
0.276	2
0.276	2
0.276	4
0.276	2
0.276	1
0.276	1
0.276	1
0.276	1
0.276	3
0.276	3
0.276	3
0.276	1
0.276	1
0.276	1
0.276	1
0.276	2
0.276	3
0.276	3
0.276	1
0.276	1
0.276	1
0.276	1
0.276	3
0.276	1
0.276	3
0.276	1
0.276	1
0.276	3
0.276	3
0.276	1
0.277	2
0.277	2
0.277	2
0.277	2
0.277	2
0.277	2
0.277	1
0.277	1
0.277	1
0.277	1
0.277	1
0.277	1
0.277	1
0.277	2
0.277	1
0.277	2
0.277	1
0.277	1
0.277	1
0.277	1
0.277	2
0.277	2
0.277	1
0.277	1
0.277	1
0.277	1
0.277	1
0.277	1
0.277	1
0.277	1
0.277	2
0.277	1
0.277	1
0.277	1
0.277	3
0.277	1
0.278	3
0.278	4
0.278	2
0.278	2
0.278	2
0.278	2
0.278	2
0.278	2
0.278	1
0.278	1
0.278	1
0.278	3
0.278	1
0.278	1
0.278	1
0.278	1
0.278	3
0.278	1
0.278	1
0.278	2
0.278	1
0.278	2
0.278	1
0.278	1
0.278	1
0.278	1
0.278	1
0.278	1
0.278	1
0.278	1
0.278	1
0.278	1
0.278	3
0.279	3
0.279	4
0.279	3
0.279	2
0.279	3
0.279	2
0.279	2
0.279	2
0.279	2
0.279	2
0.279	1
0.279	1
0.279	1
0.279	1
0.279	1
0.279	1
0.279	1
0.279	1
0.279	1
0.279	1
0.279	1
0.279	1
0.279	2
0.279	2
0.279	2
0.279	2
0.279	2
0.279	4
0.279	3
0.279	1
0.279	1
0.279	1
0.279	2
0.279	2
0.279	1
0.279	1
0.279	2
0.279	1
0.279	1
0.279	1
0.279	1
0.279	1
0.279	1
0.279	1
0.28	2
0.28	2
0.28	3
0.28	2
0.28	3
0.28	2
0.28	2
0.28	1
0.28	1
0.28	1
0.28	2
0.28	2
0.28	1
0.28	2
0.28	1
0.28	2
0.28	2
0.28	1
0.28	1
0.28	1
0.28	1
0.28	1
0.28	2
0.28	1
0.28	1
0.28	1
0.28	2
0.28	2
0.28	2
0.28	2
0.28	1
0.28	1
0.28	1
0.28	2
0.28	2
0.28	1
0.28	1
0.28	1
0.281	3
0.281	4
0.281	2
0.281	2
0.281	1
0.281	1
0.281	1
0.281	1
0.281	1
0.281	2
0.281	2
0.281	1
0.281	1
0.281	1
0.281	2
0.281	1
0.281	1
0.281	1
0.281	1
0.281	2
0.281	1
0.281	1
0.282	4
0.282	2
0.282	2
0.282	2
0.282	1
0.282	2
0.282	1
0.282	1
0.282	1
0.282	1
0.282	1
0.282	2
0.282	3
0.282	3
0.282	1
0.282	1
0.282	1
0.282	1
0.282	1
0.282	1
0.282	1
0.282	1
0.282	1
0.282	2
0.282	2
0.282	2
0.282	2
0.282	3
0.282	1
0.283	3
0.283	4
0.283	2
0.283	2
0.283	2
0.283	3
0.283	1
0.283	1
0.283	1
0.283	1
0.283	1
0.283	1
0.283	1
0.283	1
0.283	2
0.283	4
0.283	1
0.283	1
0.283	1
0.283	2
0.283	1
0.283	2
0.283	2
0.283	1
0.283	1
0.283	1
0.283	1
0.283	2
0.283	2
0.283	3
0.283	1
0.284	3
0.284	4
0.284	4
0.284	4
0.284	2
0.284	2
0.284	3
0.284	2
0.284	1
0.284	1
0.284	1
0.284	1
0.284	1
0.284	1
0.284	1
0.284	1
0.284	1
0.284	1
0.284	1
0.284	1
0.284	1
0.284	1
0.284	1
0.284	1
0.284	2
0.284	1
0.284	2
0.284	1
0.284	2
0.284	2
0.284	1
0.284	1
0.284	1
0.284	1
0.284	1
0.284	1
0.284	1
0.284	1
0.284	1
0.284	1
0.284	1
0.284	1
0.284	1
0.284	2
0.285	3
0.285	3
0.285	4
0.285	2
0.285	2
0.285	2
0.285	1
0.285	1
0.285	1
0.285	1
0.285	1
0.285	1
0.285	1
0.285	1
0.285	1
0.285	1
0.285	1
0.285	1
0.285	1
0.285	1
0.285	1
0.285	2
0.285	2
0.285	1
0.285	2
0.285	1
0.285	1
0.285	1
0.285	2
0.285	1
0.285	1
0.285	1
0.285	1
0.285	1
0.285	1
0.285	2
0.285	2
0.285	1
0.285	1
0.285	1
0.285	1
0.285	1
0.285	3
0.285	2
0.286	2
0.286	2
0.286	2
0.286	2
0.286	1
0.286	1
0.286	1
0.286	1
0.286	3
0.286	1
0.286	1
0.286	1
0.286	2
0.286	3
0.286	1
0.286	1
0.286	3
0.286	1
0.286	1
0.286	1
0.286	2
0.286	3
0.286	1
0.286	1
0.286	2
0.286	2
0.286	2
0.286	2
0.286	1
0.286	1
0.286	2
0.286	2
0.286	1
0.286	2
0.287	3
0.287	3
0.287	2
0.287	2
0.287	3
0.287	1
0.287	1
0.287	1
0.287	1
0.287	1
0.287	2
0.287	1
0.287	2
0.287	1
0.287	1
0.287	1
0.287	1
0.287	1
0.287	1
0.287	2
0.287	1
0.287	1
0.287	1
0.287	1
0.287	1
0.287	1
0.287	2
0.287	2
0.287	1
0.287	3
0.287	1
0.287	2
0.287	2
0.287	2
0.287	1
0.287	1
0.287	1
0.287	1
0.287	1
0.287	1
0.287	1
0.288	3
0.288	4
0.288	4
0.288	3
0.288	2
0.288	3
0.288	2
0.288	2
0.288	2
0.288	1
0.288	2
0.288	2
0.288	2
0.288	1
0.288	1
0.288	1
0.288	1
0.288	2
0.288	1
0.288	1
0.288	1
0.288	1
0.288	1
0.288	1
0.288	2
0.288	2
0.288	1
0.288	1
0.288	2
0.288	2
0.288	3
0.288	1
0.289	3
0.289	4
0.289	4
0.289	2
0.289	2
0.289	4
0.289	2
0.289	3
0.289	2
0.289	2
0.289	2
0.289	2
0.289	1
0.289	1
0.289	1
0.289	1
0.289	1
0.289	1
0.289	1
0.289	1
0.289	1
0.289	1
0.289	1
0.289	2
0.289	2
0.289	4
0.289	3
0.289	1
0.289	2
0.289	1
0.289	1
0.289	1
0.289	1
0.289	2
0.289	2
0.289	3
0.29	4
0.29	4
0.29	3
0.29	2
0.29	2
0.29	3
0.29	1
0.29	2
0.29	1
0.29	1
0.29	1
0.29	1
0.29	2
0.29	1
0.29	1
0.29	1
0.29	1
0.29	3
0.29	1
0.29	2
0.29	1
0.29	1
0.29	1
0.29	1
0.29	1
0.29	1
0.29	1
0.29	2
0.29	2
0.29	1
0.29	1
0.29	3
0.291	2
0.291	2
0.291	2
0.291	1
0.291	1
0.291	1
0.291	1
0.291	1
0.291	1
0.291	1
0.291	1
0.291	1
0.291	1
0.291	3
0.291	1
0.291	1
0.291	1
0.291	1
0.291	1
0.291	1
0.291	1
0.291	1
0.291	1
0.291	1
0.291	1
0.291	1
0.292	4
0.292	4
0.292	2
0.292	2
0.292	3
0.292	4
0.292	2
0.292	2
0.292	1
0.292	1
0.292	1
0.292	1
0.292	1
0.292	1
0.292	1
0.292	1
0.292	1
0.292	1
0.292	1
0.292	1
0.292	1
0.292	1
0.292	3
0.292	1
0.292	2
0.292	2
0.292	1
0.292	1
0.292	1
0.292	1
0.292	1
0.292	1
0.292	1
0.293	4
0.293	2
0.293	1
0.293	1
0.293	1
0.293	3
0.293	1
0.293	2
0.293	1
0.293	2
0.293	1
0.293	1
0.293	1
0.293	1
0.293	2
0.293	1
0.293	1
0.293	1
0.293	3
0.293	3
0.293	1
0.293	1
0.293	2
0.293	1
0.293	3
0.293	1
0.293	2
0.293	2
0.293	2
0.293	1
0.293	1
0.293	1
0.293	1
0.294	3
0.294	4
0.294	4
0.294	4
0.294	4
0.294	2
0.294	2
0.294	2
0.294	2
0.294	1
0.294	1
0.294	1
0.294	1
0.294	1
0.294	1
0.294	1
0.294	1
0.294	1
0.294	1
0.294	1
0.294	1
0.294	2
0.294	1
0.294	1
0.294	1
0.294	3
0.294	1
0.294	1
0.294	2
0.294	1
0.294	3
0.294	1
0.294	2
0.294	2
0.294	2
0.294	1
0.294	1
0.294	1
0.294	1
0.295	4
0.295	4
0.295	3
0.295	3
0.295	4
0.295	1
0.295	1
0.295	2
0.295	1
0.295	1
0.295	1
0.295	1
0.295	1
0.295	1
0.295	1
0.295	2
0.295	2
0.295	1
0.295	2
0.295	1
0.295	1
0.295	1
0.295	2
0.295	1
0.295	1
0.295	2
0.295	2
0.295	3
0.295	1
0.296	4
0.296	4
0.296	2
0.296	2
0.296	2
0.296	2
0.296	3
0.296	3
0.296	2
0.296	2
0.296	2
0.296	2
0.296	1
0.296	1
0.296	1
0.296	1
0.296	1
0.296	1
0.296	1
0.296	1
0.296	2
0.296	4
0.296	1
0.296	1
0.296	1
0.296	1
0.296	1
0.296	1
0.296	1
0.296	2
0.296	2
0.296	2
0.296	1
0.296	3
0.297	4
0.297	4
0.297	4
0.297	2
0.297	3
0.297	2
0.297	2
0.297	1
0.297	2
0.297	2
0.297	1
0.297	1
0.297	2
0.297	2
0.297	1
0.297	1
0.297	1
0.297	1
0.297	1
0.297	1
0.297	1
0.297	1
0.297	1
0.297	2
0.297	2
0.297	1
0.297	1
0.297	1
0.297	1
0.297	1
0.297	1
0.297	1
0.297	1
0.297	1
0.297	1
0.297	1
0.297	1
0.297	3
0.298	4
0.298	2
0.298	3
0.298	2
0.298	2
0.298	1
0.298	2
0.298	1
0.298	1
0.298	1
0.298	1
0.298	1
0.298	1
0.298	1
0.298	1
0.298	1
0.298	1
0.298	2
0.298	1
0.298	1
0.298	1
0.298	1
0.298	1
0.298	1
0.298	1
0.298	1
0.298	2
0.298	2
0.298	1
0.298	2
0.298	2
0.298	1
0.298	1
0.298	1
0.298	1
0.298	1
0.299	2
0.299	4
0.299	1
0.299	1
0.299	1
0.299	3
0.299	1
0.299	2
0.299	1
0.299	2
0.299	1
0.299	1
0.299	1
0.299	1
0.299	3
0.299	2
0.299	1
0.299	1
0.299	1
0.299	1
0.299	1
0.299	2
0.299	1
0.299	1
0.299	3
0.299	1
0.299	2
0.299	2
0.299	1
0.299	1
0.299	2
0.299	2
0.299	1
0.299	1
0.299	1
0.299	1
0.299	1
0.299	2
0.3	4
0.3	4
0.3	4
0.3	4
0.3	4
0.3	2
0.3	2
0.3	2
0.3	2
0.3	2
0.3	2
0.3	1
0.3	1
0.3	1
0.3	1
0.3	1
0.3	2
0.3	3
0.3	2
0.3	1
0.3	1
0.3	3
0.3	1
0.3	2
0.3	1
0.3	2
0.3	1
0.3	3
0.3	1
0.3	2
0.3	2
0.3	1
0.3	1
0.3	1
0.3	1
0.3	2
0.3	2
0.3	2
0.301	2
0.301	4
0.301	4
0.301	1
0.301	1
0.301	1
0.301	3
0.301	1
0.301	1
0.301	1
0.301	1
0.301	1
0.301	3
0.301	1
0.301	1
0.301	1
0.301	2
0.301	1
0.302	4
0.302	4
0.302	4
0.302	4
0.302	2
0.302	2
0.302	2
0.302	2
0.302	2
0.302	2
0.302	2
0.302	2
0.302	2
0.302	1
0.302	1
0.302	1
0.302	1
0.302	1
0.302	1
0.302	1
0.302	1
0.302	1
0.302	2
0.302	2
0.302	2
0.302	2
0.302	2
0.302	1
0.302	1
0.302	1
0.302	1
0.302	1
0.302	1
0.302	1
0.302	3
0.302	1
0.302	2
0.302	2
0.302	1
0.303	4
0.303	4
0.303	4
0.303	2
0.303	2
0.303	2
0.303	3
0.303	1
0.303	1
0.303	1
0.303	1
0.303	1
0.303	3
0.303	3
0.303	1
0.303	1
0.303	2
0.303	1
0.303	2
0.303	1
0.303	1
0.303	2
0.303	3
0.303	1
0.303	2
0.303	3
0.303	3
0.303	2
0.303	1
0.303	1
0.303	1
0.303	1
0.303	1
0.303	2
0.303	1
0.303	3
0.304	4
0.304	3
0.304	3
0.304	2
0.304	2
0.304	2
0.304	2
0.304	2
0.304	1
0.304	1
0.304	1
0.304	1
0.304	1
0.304	1
0.304	1
0.304	1
0.304	1
0.304	3
0.304	1
0.304	3
0.304	1
0.304	2
0.304	1
0.304	1
0.304	1
0.304	1
0.304	1
0.304	1
0.304	1
0.304	3
0.305	4
0.305	3
0.305	2
0.305	2
0.305	2
0.305	2
0.305	3
0.305	1
0.305	2
0.305	1
0.305	3
0.305	1
0.305	1
0.305	1
0.305	1
0.305	1
0.305	1
0.305	1
0.305	1
0.305	2
0.305	2
0.305	1
0.305	2
0.305	2
0.305	1
0.305	1
0.305	1
0.305	1
0.306	4
0.306	2
0.306	2
0.306	2
0.306	2
0.306	1
0.306	1
0.306	1
0.306	1
0.306	1
0.306	1
0.306	1
0.306	1
0.306	1
0.306	1
0.306	3
0.306	3
0.306	1
0.306	1
0.306	2
0.306	1
0.306	3
0.306	1
0.306	2
0.306	1
0.306	1
0.306	2
0.306	1
0.306	1
0.306	1
0.306	2
0.307	2
0.307	2
0.307	1
0.307	2
0.307	1
0.307	2
0.307	1
0.307	1
0.307	1
0.307	1
0.307	1
0.307	1
0.307	3
0.307	1
0.307	1
0.307	1
0.307	3
0.307	1
0.307	1
0.307	2
0.307	1
0.307	1
0.308	2
0.308	4
0.308	4
0.308	2
0.308	2
0.308	2
0.308	1
0.308	1
0.308	1
0.308	1
0.308	1
0.308	1
0.308	1
0.308	1
0.308	1
0.308	1
0.308	1
0.308	1
0.308	1
0.308	1
0.308	1
0.308	1
0.308	1
0.308	1
0.308	1
0.308	1
0.308	2
0.308	1
0.308	1
0.308	2
0.308	2
0.308	2
0.308	1
0.308	1
0.308	1
0.308	1
0.309	3
0.309	2
0.309	4
0.309	2
0.309	2
0.309	2
0.309	3
0.309	1
0.309	1
0.309	1
0.309	1
0.309	3
0.309	1
0.309	1
0.309	1
0.309	1
0.309	1
0.309	2
0.309	1
0.309	1
0.309	1
0.309	1
0.309	3
0.309	1
0.309	1
0.309	1
0.309	1
0.309	2
0.309	2
0.309	1
0.31	4
0.31	4
0.31	4
0.31	2
0.31	4
0.31	2
0.31	1
0.31	2
0.31	1
0.31	1
0.31	1
0.31	1
0.31	1
0.31	4
0.31	1
0.31	1
0.31	1
0.31	1
0.31	3
0.31	2
0.31	1
0.31	1
0.31	2
0.31	1
0.31	2
0.31	1
0.31	1
0.31	1
0.31	1
0.31	1
0.31	2
0.31	2
0.31	2
0.31	3
0.31	3
0.311	2
0.311	2
0.311	3
0.311	2
0.311	3
0.311	2
0.311	1
0.311	1
0.311	1
0.311	1
0.311	1
0.311	1
0.311	1
0.311	4
0.311	1
0.311	1
0.311	1
0.311	1
0.311	1
0.311	1
0.311	3
0.311	1
0.311	2
0.311	1
0.311	1
0.311	1
0.311	1
0.311	3
0.312	2
0.312	2
0.312	2
0.312	2
0.312	2
0.312	2
0.312	2
0.312	2
0.312	2
0.312	2
0.312	2
0.312	3
0.312	1
0.312	1
0.312	1
0.312	1
0.312	1
0.312	1
0.312	1
0.312	1
0.312	1
0.312	1
0.312	1
0.312	1
0.312	1
0.312	1
0.312	2
0.312	1
0.312	1
0.312	1
0.312	3
0.312	1
0.312	2
0.312	2
0.312	1
0.312	1
0.312	1
0.312	1
0.312	1
0.312	1
0.312	1
0.312	1
0.312	1
0.313	3
0.313	2
0.313	3
0.313	1
0.313	1
0.313	1
0.313	3
0.313	1
0.313	2
0.313	1
0.313	2
0.313	1
0.313	3
0.313	1
0.313	4
0.313	4
0.313	3
0.313	1
0.313	2
0.313	1
0.313	1
0.313	2
0.313	1
0.313	2
0.313	1
0.313	3
0.313	1
0.313	2
0.313	2
0.313	1
0.313	2
0.313	2
0.313	1
0.313	1
0.313	1
0.313	1
0.313	1
0.314	4
0.314	3
0.314	2
0.314	2
0.314	2
0.314	2
0.314	2
0.314	1
0.314	1
0.314	1
0.314	1
0.314	2
0.314	3
0.314	1
0.314	1
0.314	1
0.314	1
0.314	4
0.314	1
0.314	1
0.314	3
0.314	1
0.314	1
0.314	1
0.314	1
0.314	1
0.314	2
0.314	1
0.314	3
0.314	1
0.314	2
0.314	2
0.314	1
0.314	2
0.314	2
0.314	1
0.315	4
0.315	2
0.315	4
0.315	4
0.315	2
0.315	1
0.315	1
0.315	2
0.315	2
0.315	1
0.315	1
0.315	2
0.315	1
0.315	1
0.315	1
0.315	1
0.315	1
0.315	1
0.315	1
0.315	1
0.315	2
0.315	1
0.315	1
0.315	1
0.315	1
0.315	1
0.315	1
0.315	2
0.315	1
0.316	2
0.316	2
0.316	4
0.316	1
0.316	1
0.316	2
0.316	2
0.316	3
0.316	3
0.316	1
0.316	1
0.316	1
0.316	3
0.316	2
0.316	1
0.316	1
0.316	1
0.316	1
0.316	2
0.317	2
0.317	2
0.317	2
0.317	2
0.317	2
0.317	1
0.317	1
0.317	2
0.317	2
0.317	2
0.317	2
0.317	2
0.317	3
0.317	1
0.317	1
0.317	3
0.317	1
0.317	1
0.317	1
0.317	1
0.317	1
0.317	3
0.318	3
0.318	3
0.318	2
0.318	4
0.318	2
0.318	1
0.318	1
0.318	1
0.318	1
0.318	1
0.318	2
0.318	2
0.318	1
0.318	1
0.318	1
0.318	1
0.318	2
0.318	2
0.318	1
0.318	2
0.318	1
0.318	1
0.318	1
0.318	1
0.318	1
0.319	4
0.319	2
0.319	3
0.319	2
0.319	2
0.319	2
0.319	3
0.319	3
0.319	3
0.319	2
0.319	2
0.319	2
0.319	3
0.319	1
0.319	1
0.319	1
0.319	1
0.319	1
0.319	1
0.319	3
0.319	1
0.319	1
0.319	1
0.319	2
0.319	2
0.319	2
0.319	2
0.319	1
0.319	1
0.319	3
0.319	1
0.319	2
0.319	3
0.319	3
0.319	1
0.319	2
0.319	1
0.319	1
0.319	1
0.319	1
0.319	1
0.319	1
0.319	1
0.319	1
0.32	4
0.32	4
0.32	2
0.32	2
0.32	2
0.32	1
0.32	1
0.32	1
0.32	1
0.32	2
0.32	1
0.32	2
0.32	1
0.32	1
0.32	2
0.32	2
0.32	2
0.32	2
0.32	4
0.32	1
0.32	1
0.32	3
0.32	1
0.32	2
0.32	3
0.32	1
0.32	2
0.32	1
0.32	1
0.32	2
0.32	2
0.32	3
0.321	3
0.321	3
0.321	3
0.321	2
0.321	3
0.321	2
0.321	3
0.321	1
0.321	1
0.321	2
0.321	1
0.321	1
0.321	1
0.321	1
0.321	1
0.321	1
0.321	2
0.321	1
0.321	1
0.321	4
0.321	1
0.321	1
0.321	1
0.321	1
0.321	2
0.321	2
0.321	3
0.321	1
0.321	2
0.321	1
0.322	3
0.322	4
0.322	2
0.322	3
0.322	2
0.322	1
0.322	1
0.322	1
0.322	1
0.322	1
0.322	1
0.322	1
0.322	1
0.322	1
0.322	1
0.322	1
0.322	3
0.322	1
0.322	1
0.322	2
0.322	2
0.322	1
0.322	1
0.323	4
0.323	4
0.323	3
0.323	2
0.323	2
0.323	2
0.323	1
0.323	1
0.323	1
0.323	1
0.323	1
0.323	1
0.323	1
0.323	3
0.323	1
0.323	1
0.323	1
0.323	1
0.323	1
0.323	1
0.323	2
0.323	1
0.323	1
0.323	2
0.323	2
0.323	2
0.323	2
0.324	4
0.324	3
0.324	2
0.324	4
0.324	2
0.324	4
0.324	4
0.324	4
0.324	1
0.324	1
0.324	1
0.324	1
0.324	2
0.324	3
0.324	1
0.324	1
0.324	1
0.324	1
0.324	1
0.324	1
0.324	1
0.324	2
0.324	1
0.324	1
0.324	1
0.324	2
0.324	2
0.324	2
0.324	1
0.325	3
0.325	2
0.325	2
0.325	3
0.325	1
0.325	1
0.325	1
0.325	2
0.325	1
0.325	1
0.325	1
0.325	1
0.325	1
0.325	1
0.325	1
0.325	2
0.325	1
0.325	1
0.325	1
0.325	1
0.325	2
0.325	1
0.325	1
0.325	1
0.325	1
0.325	1
0.325	1
0.325	1
0.326	4
0.326	2
0.326	2
0.326	4
0.326	2
0.326	3
0.326	1
0.326	1
0.326	3
0.326	1
0.326	1
0.326	1
0.326	1
0.326	1
0.326	2
0.326	2
0.326	4
0.326	1
0.326	1
0.326	1
0.326	1
0.326	1
0.326	1
0.326	1
0.327	4
0.327	3
0.327	2
0.327	3
0.327	3
0.327	3
0.327	2
0.327	2
0.327	2
0.327	1
0.327	1
0.327	1
0.327	1
0.327	1
0.327	1
0.327	1
0.327	1
0.327	1
0.327	2
0.327	2
0.327	2
0.327	1
0.327	1
0.327	4
0.327	1
0.327	1
0.327	1
0.327	1
0.327	1
0.327	1
0.327	3
0.327	1
0.327	2
0.327	2
0.327	3
0.327	3
0.327	2
0.328	4
0.328	4
0.328	3
0.328	3
0.328	1
0.328	1
0.328	1
0.328	1
0.328	1
0.328	1
0.328	1
0.328	1
0.328	2
0.328	1
0.328	1
0.328	1
0.328	2
0.328	1
0.328	1
0.328	1
0.328	1
0.328	2
0.328	1
0.328	3
0.328	1
0.328	2
0.328	2
0.328	2
0.328	1
0.329	4
0.329	4
0.329	4
0.329	2
0.329	3
0.329	2
0.329	3
0.329	3
0.329	2
0.329	2
0.329	2
0.329	3
0.329	3
0.329	2
0.329	1
0.329	1
0.329	1
0.329	1
0.329	1
0.329	1
0.329	1
0.329	1
0.329	1
0.329	1
0.329	1
0.329	3
0.329	1
0.329	4
0.329	3
0.329	2
0.329	1
0.329	1
0.329	1
0.329	1
0.329	1
0.329	2
0.329	1
0.329	1
0.329	1
0.329	1
0.329	1
0.329	1
0.329	1
0.33	4
0.33	3
0.33	3
0.33	2
0.33	3
0.33	4
0.33	2
0.33	1
0.33	1
0.33	1
0.33	1
0.33	1
0.33	1
0.33	1
0.33	1
0.33	1
0.33	1
0.33	2
0.33	3
0.33	1
0.33	1
0.33	3
0.33	2
0.33	1
0.33	1
0.33	1
0.33	2
0.33	2
0.33	2
0.33	1
0.33	2
0.33	2
0.331	4
0.331	4
0.331	2
0.331	2
0.331	3
0.331	2
0.331	1
0.331	1
0.331	1
0.331	1
0.331	2
0.331	1
0.331	2
0.331	3
0.331	1
0.331	1
0.331	1
0.331	1
0.331	3
0.332	4
0.332	2
0.332	2
0.332	4
0.332	2
0.332	2
0.332	2
0.332	1
0.332	1
0.332	1
0.332	1
0.332	1
0.332	1
0.332	1
0.332	2
0.332	2
0.332	3
0.332	3
0.332	1
0.332	2
0.332	1
0.332	1
0.332	1
0.332	2
0.332	1
0.332	1
0.332	1
0.333	4
0.333	4
0.333	4
0.333	4
0.333	2
0.333	1
0.333	1
0.333	1
0.333	1
0.333	1
0.333	2
0.333	2
0.333	2
0.333	2
0.333	1
0.333	1
0.333	3
0.333	1
0.333	2
0.333	2
0.333	1
0.333	1
0.334	4
0.334	3
0.334	3
0.334	2
0.334	2
0.334	3
0.334	4
0.334	1
0.334	2
0.334	1
0.334	2
0.334	1
0.334	1
0.334	1
0.334	1
0.334	1
0.334	1
0.334	2
0.334	1
0.334	1
0.334	1
0.334	1
0.334	3
0.334	1
0.334	3
0.334	1
0.334	2
0.334	1
0.334	3
0.334	1
0.334	2
0.334	2
0.334	3
0.335	4
0.335	4
0.335	2
0.335	2
0.335	2
0.335	3
0.335	2
0.335	2
0.335	2
0.335	2
0.335	3
0.335	1
0.335	1
0.335	1
0.335	1
0.335	1
0.335	2
0.335	1
0.335	2
0.335	1
0.335	1
0.335	1
0.335	1
0.335	1
0.335	1
0.335	1
0.335	2
0.335	2
0.335	1
0.335	1
0.335	1
0.335	1
0.335	3
0.335	3
0.335	1
0.335	1
0.335	2
0.335	1
0.335	1
0.335	2
0.336	4
0.336	4
0.336	3
0.336	2
0.336	3
0.336	1
0.336	1
0.336	1
0.336	1
0.336	1
0.336	1
0.336	1
0.336	1
0.336	1
0.336	1
0.336	1
0.336	2
0.336	1
0.336	1
0.336	1
0.336	1
0.336	3
0.336	1
0.336	1
0.336	1
0.336	1
0.336	1
0.336	1
0.336	1
0.336	1
0.337	3
0.337	2
0.337	3
0.337	2
0.337	2
0.337	2
0.337	2
0.337	2
0.337	1
0.337	1
0.337	2
0.337	2
0.337	1
0.337	1
0.337	1
0.337	1
0.337	1
0.337	1
0.337	1
0.337	1
0.337	1
0.337	1
0.337	1
0.337	1
0.337	1
0.337	2
0.337	2
0.337	1
0.337	2
0.338	4
0.338	4
0.338	2
0.338	3
0.338	4
0.338	4
0.338	4
0.338	2
0.338	1
0.338	1
0.338	2
0.338	1
0.338	2
0.338	1
0.338	1
0.338	1
0.338	1
0.338	1
0.338	1
0.338	1
0.338	2
0.338	1
0.338	1
0.338	1
0.338	2
0.338	1
0.338	3
0.339	4
0.339	4
0.339	4
0.339	4
0.339	3
0.339	2
0.339	3
0.339	3
0.339	2
0.339	2
0.339	2
0.339	3
0.339	1
0.339	1
0.339	1
0.339	2
0.339	1
0.339	1
0.339	1
0.339	4
0.339	1
0.339	1
0.339	1
0.339	2
0.339	1
0.339	3
0.339	1
0.34	4
0.34	4
0.34	2
0.34	2
0.34	2
0.34	2
0.34	4
0.34	1
0.34	3
0.34	1
0.34	1
0.34	2
0.34	1
0.34	1
0.34	1
0.34	1
0.34	4
0.34	1
0.34	2
0.34	1
0.34	2
0.34	2
0.34	2
0.34	1
0.34	1
0.34	1
0.34	1
0.34	1
0.341	3
0.341	4
0.341	3
0.341	2
0.341	2
0.341	1
0.341	3
0.341	1
0.341	1
0.341	1
0.341	1
0.341	1
0.341	1
0.341	1
0.341	2
0.341	1
0.341	4
0.341	1
0.341	3
0.341	1
0.341	1
0.341	1
0.341	2
0.341	2
0.341	1
0.341	3
0.341	2
0.342	4
0.342	2
0.342	2
0.342	2
0.342	2
0.342	3
0.342	1
0.342	1
0.342	1
0.342	1
0.342	1
0.342	1
0.342	1
0.342	1
0.342	1
0.342	1
0.342	3
0.342	1
0.342	2
0.342	1
0.342	1
0.342	1
0.342	3
0.342	2
0.342	1
0.342	1
0.342	1
0.343	3
0.343	2
0.343	2
0.343	1
0.343	1
0.343	3
0.343	3
0.343	1
0.343	1
0.343	1
0.343	1
0.343	1
0.343	1
0.343	1
0.343	1
0.343	1
0.343	1
0.343	2
0.343	3
0.343	1
0.343	2
0.343	1
0.343	1
0.343	1
0.343	1
0.343	1
0.343	1
0.343	1
0.344	4
0.344	3
0.344	3
0.344	3
0.344	3
0.344	1
0.344	1
0.344	1
0.344	3
0.344	1
0.344	2
0.344	1
0.344	2
0.344	1
0.344	1
0.344	1
0.344	2
0.344	3
0.344	3
0.344	2
0.344	1
0.344	1
0.344	1
0.344	3
0.344	1
0.344	2
0.344	2
0.344	1
0.345	4
0.345	4
0.345	4
0.345	4
0.345	3
0.345	4
0.345	2
0.345	3
0.345	2
0.345	2
0.345	2
0.345	3
0.345	1
0.345	1
0.345	2
0.345	1
0.345	2
0.345	2
0.345	1
0.345	1
0.345	2
0.345	2
0.345	2
0.345	3
0.345	1
0.345	2
0.345	1
0.345	2
0.345	2
0.345	1
0.345	1
0.345	3
0.346	4
0.346	2
0.346	2
0.346	2
0.346	3
0.346	2
0.346	2
0.346	3
0.346	3
0.346	1
0.346	1
0.346	1
0.346	2
0.346	2
0.346	1
0.346	2
0.346	1
0.346	2
0.346	2
0.346	2
0.346	2
0.346	1
0.346	1
0.346	3
0.346	1
0.347	4
0.347	3
0.347	2
0.347	4
0.347	2
0.347	2
0.347	1
0.347	2
0.347	1
0.347	1
0.347	2
0.347	2
0.347	2
0.347	3
0.347	1
0.347	2
0.347	1
0.347	1
0.347	2
0.347	2
0.347	2
0.347	1
0.347	1
0.348	4
0.348	2
0.348	4
0.348	2
0.348	3
0.348	1
0.348	1
0.348	1
0.348	2
0.348	1
0.348	2
0.348	1
0.348	1
0.348	3
0.348	1
0.348	1
0.348	1
0.348	1
0.348	1
0.348	1
0.348	1
0.348	1
0.348	1
0.348	3
0.349	4
0.349	3
0.349	2
0.349	2
0.349	3
0.349	2
0.349	1
0.349	1
0.349	1
0.349	1
0.349	1
0.349	1
0.349	1
0.349	1
0.349	1
0.349	1
0.349	1
0.349	1
0.349	1
0.349	1
0.349	1
0.349	1
0.349	1
0.349	1
0.349	2
0.349	1
0.349	1
0.349	2
0.349	1
0.349	1
0.349	2
0.349	2
0.349	1
0.349	2
0.349	2
0.35	4
0.35	2
0.35	3
0.35	2
0.35	1
0.35	1
0.35	1
0.35	3
0.35	1
0.35	1
0.35	2
0.35	1
0.35	2
0.35	1
0.35	1
0.35	1
0.35	1
0.35	1
0.35	1
0.35	2
0.35	1
0.35	2
0.35	1
0.35	1
0.35	1
0.35	1
0.35	1
0.35	1
0.351	3
0.351	3
0.351	4
0.351	4
0.351	2
0.351	1
0.351	1
0.351	1
0.351	3
0.351	1
0.351	1
0.351	2
0.351	1
0.351	2
0.351	1
0.351	1
0.351	1
0.351	1
0.351	1
0.351	1
0.351	3
0.351	3
0.351	1
0.351	1
0.351	3
0.351	1
0.351	2
0.351	2
0.351	1
0.351	2
0.351	2
0.351	2
0.351	1
0.351	2
0.351	2
0.351	1
0.351	1
0.352	4
0.352	4
0.352	4
0.352	2
0.352	2
0.352	3
0.352	2
0.352	3
0.352	2
0.352	1
0.352	1
0.352	1
0.352	1
0.352	1
0.352	1
0.352	1
0.352	1
0.352	1
0.352	1
0.352	1
0.352	1
0.352	1
0.352	3
0.352	1
0.352	2
0.352	1
0.352	3
0.353	3
0.353	3
0.353	3
0.353	2
0.353	4
0.353	2
0.353	1
0.353	2
0.353	1
0.353	1
0.353	2
0.353	2
0.353	1
0.353	2
0.353	1
0.353	1
0.353	1
0.353	1
0.353	1
0.353	2
0.353	1
0.353	2
0.353	1
0.353	1
0.353	3
0.353	3
0.354	4
0.354	4
0.354	4
0.354	3
0.354	3
0.354	3
0.354	2
0.354	1
0.354	1
0.354	1
0.354	1
0.354	4
0.354	3
0.354	1
0.354	1
0.354	1
0.354	1
0.354	1
0.354	1
0.354	1
0.354	1
0.355	4
0.355	3
0.355	4
0.355	2
0.355	3
0.355	2
0.355	2
0.355	2
0.355	1
0.355	1
0.355	1
0.355	1
0.355	1
0.355	1
0.355	2
0.355	1
0.355	4
0.355	1
0.355	1
0.355	1
0.355	2
0.355	1
0.355	1
0.355	1
0.355	3
0.355	1
0.355	2
0.355	2
0.355	1
0.355	1
0.355	2
0.355	2
0.355	1
0.355	1
0.356	4
0.356	2
0.356	3
0.356	2
0.356	3
0.356	1
0.356	1
0.356	2
0.356	1
0.356	3
0.356	1
0.356	1
0.356	1
0.356	1
0.356	1
0.356	1
0.356	1
0.356	2
0.356	1
0.356	1
0.356	1
0.356	1
0.356	1
0.356	2
0.356	1
0.356	2
0.357	4
0.357	3
0.357	3
0.357	3
0.357	2
0.357	4
0.357	2
0.357	1
0.357	1
0.357	1
0.357	1
0.357	1
0.357	3
0.357	1
0.357	1
0.357	1
0.357	1
0.357	3
0.357	1
0.357	1
0.357	2
0.357	1
0.357	2
0.357	1
0.357	1
0.357	1
0.357	1
0.358	4
0.358	4
0.358	4
0.358	2
0.358	2
0.358	1
0.358	1
0.358	1
0.358	1
0.358	2
0.358	1
0.358	2
0.358	3
0.358	1
0.358	1
0.358	3
0.358	1
0.358	1
0.358	1
0.358	1
0.359	3
0.359	2
0.359	2
0.359	1
0.359	1
0.359	1
0.359	1
0.359	1
0.359	1
0.359	1
0.359	2
0.359	3
0.359	1
0.359	2
0.359	2
0.359	1
0.359	1
0.359	1
0.359	1
0.359	3
0.359	1
0.359	1
0.359	1
0.359	2
0.359	2
0.359	2
0.359	2
0.359	1
0.36	4
0.36	4
0.36	4
0.36	3
0.36	3
0.36	1
0.36	1
0.36	1
0.36	1
0.36	1
0.36	1
0.36	1
0.36	2
0.36	1
0.36	1
0.36	2
0.36	2
0.36	2
0.36	2
0.36	1
0.36	1
0.36	1
0.36	1
0.36	3
0.36	3
0.36	3
0.361	3
0.361	4
0.361	2
0.361	4
0.361	1
0.361	1
0.361	1
0.361	1
0.361	2
0.361	2
0.361	2
0.361	4
0.361	3
0.361	1
0.361	2
0.361	2
0.361	1
0.361	1
0.361	1
0.361	2
0.361	2
0.361	2
0.361	1
0.361	2
0.362	4
0.362	4
0.362	4
0.362	4
0.362	4
0.362	2
0.362	2
0.362	2
0.362	3
0.362	3
0.362	2
0.362	2
0.362	1
0.362	2
0.362	1
0.362	1
0.362	1
0.362	1
0.362	2
0.362	2
0.362	1
0.362	1
0.362	2
0.362	3
0.362	1
0.362	1
0.362	1
0.362	1
0.362	1
0.362	1
0.362	1
0.362	1
0.362	1
0.362	1
0.362	1
0.362	1
0.362	1
0.363	4
0.363	4
0.363	4
0.363	3
0.363	2
0.363	2
0.363	2
0.363	1
0.363	1
0.363	2
0.363	1
0.363	2
0.363	1
0.363	2
0.363	1
0.363	1
0.363	1
0.363	1
0.363	2
0.363	3
0.363	1
0.363	3
0.363	1
0.363	2
0.363	2
0.363	2
0.363	1
0.363	1
0.363	2
0.363	1
0.363	1
0.363	1
0.363	2
0.363	2
0.363	2
0.363	2
0.363	1
0.364	4
0.364	3
0.364	2
0.364	3
0.364	2
0.364	1
0.364	1
0.364	1
0.364	2
0.364	1
0.364	2
0.364	1
0.364	1
0.364	1
0.364	3
0.364	3
0.364	1
0.364	1
0.364	1
0.364	2
0.364	1
0.365	4
0.365	4
0.365	4
0.365	4
0.365	2
0.365	2
0.365	1
0.365	1
0.365	1
0.365	1
0.365	1
0.365	2
0.365	1
0.365	2
0.365	1
0.365	1
0.365	2
0.365	1
0.365	1
0.365	1
0.365	1
0.365	1
0.365	3
0.365	1
0.365	2
0.365	2
0.365	1
0.365	2
0.365	2
0.365	2
0.365	1
0.365	3
0.366	2
0.366	3
0.366	1
0.366	1
0.366	1
0.366	1
0.366	1
0.366	1
0.366	1
0.366	1
0.366	1
0.366	1
0.366	1
0.366	2
0.366	1
0.366	2
0.366	1
0.366	2
0.367	3
0.367	3
0.367	2
0.367	2
0.367	4
0.367	4
0.367	1
0.367	2
0.367	3
0.367	2
0.367	2
0.367	1
0.367	1
0.367	1
0.367	1
0.367	1
0.367	2
0.367	2
0.367	2
0.367	1
0.367	1
0.367	1
0.367	1
0.367	2
0.367	1
0.367	1
0.367	3
0.367	1
0.368	4
0.368	4
0.368	4
0.368	4
0.368	4
0.368	4
0.368	4
0.368	2
0.368	1
0.368	2
0.368	1
0.368	2
0.368	1
0.368	1
0.368	1
0.368	1
0.368	1
0.368	2
0.368	1
0.368	1
0.368	3
0.368	1
0.368	1
0.368	1
0.368	1
0.368	1
0.368	2
0.369	4
0.369	2
0.369	2
0.369	2
0.369	2
0.369	3
0.369	2
0.369	2
0.369	3
0.369	3
0.369	2
0.369	4
0.369	1
0.369	1
0.369	1
0.369	1
0.369	1
0.369	1
0.369	1
0.369	1
0.369	2
0.369	1
0.369	1
0.369	1
0.369	3
0.369	1
0.369	2
0.369	2
0.369	1
0.369	1
0.369	1
0.369	1
0.369	1
0.369	1
0.369	1
0.369	1
0.37	4
0.37	4
0.37	4
0.37	3
0.37	3
0.37	2
0.37	1
0.37	1
0.37	2
0.37	3
0.37	1
0.37	1
0.37	4
0.37	1
0.37	1
0.37	1
0.37	1
0.37	1
0.37	2
0.37	1
0.37	1
0.37	3
0.37	1
0.37	1
0.37	1
0.37	2
0.37	1
0.37	2
0.37	2
0.37	1
0.37	3
0.37	1
0.37	2
0.371	3
0.371	3
0.371	4
0.371	1
0.371	1
0.371	2
0.371	1
0.371	4
0.371	1
0.371	1
0.371	1
0.371	1
0.371	1
0.371	1
0.371	4
0.371	3
0.371	1
0.371	2
0.371	1
0.371	3
0.371	2
0.371	1
0.371	2
0.371	2
0.371	1
0.371	1
0.372	4
0.372	2
0.372	2
0.372	1
0.372	1
0.372	2
0.372	1
0.372	1
0.372	2
0.372	1
0.372	1
0.372	1
0.372	3
0.372	3
0.372	1
0.372	3
0.372	1
0.372	3
0.372	1
0.373	4
0.373	2
0.373	2
0.373	3
0.373	2
0.373	2
0.373	1
0.373	1
0.373	1
0.373	2
0.373	2
0.373	1
0.373	1
0.373	1
0.373	1
0.373	1
0.373	3
0.373	1
0.373	1
0.373	1
0.373	1
0.373	2
0.373	2
0.373	2
0.373	2
0.373	2
0.373	2
0.373	2
0.374	3
0.374	4
0.374	2
0.374	1
0.374	2
0.374	2
0.374	3
0.374	2
0.374	1
0.374	2
0.374	1
0.374	1
0.374	1
0.374	1
0.374	1
0.374	1
0.374	1
0.374	1
0.374	2
0.374	1
0.374	3
0.374	2
0.375	4
0.375	4
0.375	4
0.375	2
0.375	4
0.375	2
0.375	2
0.375	2
0.375	2
0.375	1
0.375	1
0.375	1
0.375	1
0.375	1
0.375	1
0.375	2
0.375	1
0.375	1
0.375	3
0.375	1
0.375	1
0.375	2
0.375	2
0.375	2
0.375	1
0.375	1
0.375	1
0.375	1
0.375	1
0.375	1
0.375	2
0.375	2
0.375	1
0.375	1
0.375	2
0.376	3
0.376	3
0.376	2
0.376	2
0.376	2
0.376	3
0.376	1
0.376	1
0.376	1
0.376	1
0.376	1
0.376	1
0.376	1
0.376	1
0.376	1
0.376	1
0.376	1
0.376	1
0.376	2
0.376	3
0.376	1
0.376	1
0.376	2
0.376	1
0.376	1
0.377	3
0.377	2
0.377	3
0.377	3
0.377	2
0.377	1
0.377	2
0.377	3
0.377	1
0.377	1
0.377	1
0.377	1
0.377	1
0.377	1
0.377	1
0.377	2
0.377	2
0.377	1
0.377	1
0.377	3
0.377	1
0.377	1
0.377	3
0.377	3
0.377	2
0.377	2
0.377	2
0.377	2
0.377	2
0.377	2
0.377	3
0.377	1
0.377	3
0.377	1
0.378	4
0.378	4
0.378	2
0.378	1
0.378	1
0.378	1
0.378	1
0.378	2
0.378	1
0.378	2
0.378	1
0.378	1
0.378	2
0.378	4
0.378	1
0.378	1
0.378	1
0.378	1
0.378	1
0.378	2
0.378	2
0.378	2
0.378	1
0.378	2
0.378	3
0.379	4
0.379	2
0.379	3
0.379	3
0.379	2
0.379	2
0.379	1
0.379	1
0.379	1
0.379	1
0.379	1
0.379	2
0.379	1
0.379	2
0.379	1
0.379	2
0.379	1
0.379	1
0.379	1
0.379	2
0.379	1
0.379	1
0.379	1
0.379	1
0.379	1
0.379	1
0.379	1
0.379	1
0.379	1
0.379	3
0.379	1
0.379	1
0.379	3
0.379	2
0.38	4
0.38	3
0.38	3
0.38	3
0.38	3
0.38	2
0.38	2
0.38	1
0.38	1
0.38	1
0.38	2
0.38	1
0.38	1
0.38	1
0.38	3
0.38	1
0.38	1
0.38	1
0.38	2
0.38	1
0.38	2
0.38	2
0.38	2
0.38	1
0.38	1
0.38	2
0.38	2
0.38	1
0.381	4
0.381	3
0.381	4
0.381	2
0.381	2
0.381	1
0.381	1
0.381	3
0.381	2
0.381	1
0.381	1
0.381	1
0.381	1
0.381	1
0.381	1
0.381	1
0.381	1
0.381	1
0.381	1
0.381	1
0.381	1
0.381	3
0.381	2
0.381	1
0.381	1
0.381	2
0.381	2
0.382	3
0.382	2
0.382	2
0.382	3
0.382	3
0.382	2
0.382	1
0.382	2
0.382	4
0.382	2
0.382	3
0.382	1
0.382	1
0.382	1
0.382	2
0.382	1
0.382	1
0.382	1
0.382	2
0.382	2
0.382	1
0.382	2
0.383	2
0.383	2
0.383	2
0.383	3
0.383	2
0.383	1
0.383	3
0.383	3
0.383	2
0.383	2
0.383	1
0.383	1
0.383	1
0.383	2
0.383	1
0.383	3
0.383	1
0.383	2
0.383	2
0.383	2
0.383	1
0.383	1
0.383	1
0.383	1
0.383	1
0.383	1
0.383	1
0.383	2
0.383	3
0.383	1
0.383	1
0.384	3
0.384	3
0.384	2
0.384	2
0.384	3
0.384	1
0.384	4
0.384	1
0.384	1
0.384	1
0.384	2
0.384	2
0.384	1
0.384	1
0.384	1
0.384	2
0.384	1
0.384	1
0.384	3
0.384	3
0.384	1
0.384	1
0.384	1
0.384	3
0.384	2
0.384	2
0.384	2
0.384	1
0.384	2
0.384	2
0.384	3
0.384	1
0.385	4
0.385	4
0.385	4
0.385	4
0.385	4
0.385	2
0.385	2
0.385	3
0.385	3
0.385	1
0.385	1
0.385	1
0.385	4
0.385	1
0.385	2
0.385	1
0.385	2
0.385	1
0.385	1
0.385	2
0.385	3
0.385	1
0.385	1
0.385	3
0.385	1
0.385	2
0.385	1
0.385	3
0.385	3
0.385	1
0.385	2
0.385	1
0.385	2
0.385	2
0.385	2
0.385	1
0.385	3
0.385	1
0.385	3
0.385	3
0.386	4
0.386	3
0.386	3
0.386	2
0.386	2
0.386	3
0.386	3
0.386	3
0.386	2
0.386	1
0.386	1
0.386	1
0.386	1
0.386	1
0.386	1
0.386	1
0.386	1
0.386	2
0.386	1
0.386	1
0.386	3
0.386	1
0.386	1
0.386	1
0.386	1
0.386	1
0.386	1
0.386	1
0.386	1
0.386	3
0.387	4
0.387	3
0.387	2
0.387	2
0.387	2
0.387	3
0.387	3
0.387	2
0.387	1
0.387	1
0.387	1
0.387	2
0.387	1
0.387	1
0.387	1
0.387	1
0.387	1
0.387	1
0.387	1
0.387	1
0.387	2
0.387	1
0.387	1
0.387	1
0.387	1
0.387	2
0.387	2
0.387	1
0.387	1
0.387	1
0.387	1
0.387	1
0.387	2
0.387	1
0.387	1
0.388	4
0.388	4
0.388	2
0.388	2
0.388	1
0.388	2
0.388	1
0.388	1
0.388	1
0.388	2
0.388	2
0.388	1
0.388	1
0.388	2
0.388	1
0.388	1
0.388	2
0.388	2
0.388	1
0.388	1
0.388	2
0.388	1
0.388	1
0.388	1
0.388	2
0.388	2
0.388	1
0.388	1
0.388	1
0.388	1
0.388	1
0.388	1
0.389	4
0.389	4
0.389	2
0.389	4
0.389	2
0.389	1
0.389	2
0.389	1
0.389	1
0.389	3
0.389	1
0.389	1
0.389	1
0.389	3
0.389	2
0.389	2
0.389	2
0.389	1
0.389	1
0.389	2
0.389	2
0.389	2
0.389	2
0.389	2
0.39	4
0.39	4
0.39	3
0.39	3
0.39	2
0.39	1
0.39	1
0.39	1
0.39	2
0.39	1
0.39	1
0.39	4
0.39	1
0.39	1
0.39	1
0.39	1
0.39	1
0.39	1
0.39	2
0.39	1
0.39	2
0.39	1
0.39	2
0.39	2
0.39	2
0.39	2
0.39	1
0.39	1
0.39	3
0.39	1
0.39	1
0.391	4
0.391	4
0.391	4
0.391	4
0.391	3
0.391	4
0.391	4
0.391	2
0.391	1
0.391	1
0.391	4
0.391	1
0.391	2
0.391	1
0.391	1
0.391	1
0.391	3
0.391	1
0.391	1
0.391	1
0.391	1
0.391	2
0.392	4
0.392	3
0.392	4
0.392	3
0.392	2
0.392	1
0.392	1
0.392	1
0.392	1
0.392	1
0.392	1
0.392	1
0.392	1
0.392	4
0.392	1
0.392	1
0.392	1
0.392	1
0.392	3
0.392	2
0.392	1
0.392	1
0.392	1
0.392	2
0.392	2
0.392	2
0.392	2
0.392	1
0.392	1
0.392	1
0.392	1
0.392	1
0.392	1
0.392	1
0.392	3
0.392	3
0.393	2
0.393	3
0.393	3
0.393	2
0.393	2
0.393	1
0.393	1
0.393	1
0.393	1
0.393	1
0.393	3
0.393	2
0.393	1
0.393	1
0.393	1
0.393	2
0.393	2
0.393	1
0.393	1
0.393	1
0.393	1
0.393	1
0.393	1
0.393	1
0.393	1
0.393	2
0.393	2
0.393	3
0.393	1
0.394	3
0.394	3
0.394	3
0.394	3
0.394	2
0.394	2
0.394	3
0.394	2
0.394	1
0.394	1
0.394	2
0.394	1
0.394	1
0.394	1
0.394	1
0.394	2
0.394	1
0.394	1
0.394	1
0.394	3
0.394	3
0.394	1
0.394	1
0.394	1
0.394	3
0.394	2
0.394	2
0.394	2
0.394	3
0.394	1
0.394	1
0.394	1
0.394	2
0.394	2
0.394	2
0.394	1
0.394	1
0.394	1
0.394	1
0.394	1
0.394	1
0.394	1
0.394	1
0.394	1
0.394	1
0.394	1
0.394	1
0.394	2
0.394	2
0.395	4
0.395	4
0.395	4
0.395	4
0.395	4
0.395	4
0.395	3
0.395	2
0.395	3
0.395	2
0.395	3
0.395	3
0.395	2
0.395	2
0.395	1
0.395	2
0.395	1
0.395	3
0.395	1
0.395	2
0.395	2
0.395	1
0.395	2
0.395	1
0.395	2
0.395	1
0.395	1
0.395	1
0.395	1
0.395	2
0.395	2
0.395	2
0.395	2
0.395	1
0.395	3
0.396	4
0.396	3
0.396	2
0.396	2
0.396	1
0.396	3
0.396	3
0.396	2
0.396	1
0.396	1
0.396	1
0.396	2
0.396	2
0.396	2
0.396	4
0.396	2
0.396	2
0.396	3
0.396	1
0.396	1
0.396	1
0.396	3
0.396	2
0.396	2
0.396	2
0.396	3
0.396	1
0.396	1
0.396	2
0.396	1
0.396	1
0.396	1
0.396	2
0.397	4
0.397	4
0.397	2
0.397	1
0.397	3
0.397	3
0.397	2
0.397	1
0.397	2
0.397	1
0.397	2
0.397	2
0.397	1
0.397	3
0.397	3
0.397	1
0.397	1
0.397	1
0.397	3
0.397	1
0.397	2
0.397	1
0.397	2
0.397	2
0.397	2
0.397	2
0.397	1
0.397	2
0.397	1
0.397	2
0.398	4
0.398	1
0.398	1
0.398	1
0.398	1
0.398	2
0.398	2
0.398	1
0.398	1
0.398	1
0.398	1
0.398	1
0.398	1
0.398	1
0.398	1
0.398	1
0.398	3
0.398	2
0.398	2
0.398	2
0.398	1
0.398	1
0.398	2
0.398	2
0.398	2
0.398	1
0.398	1
0.398	3
0.398	3
0.398	1
0.398	2
0.398	2
0.399	4
0.399	2
0.399	2
0.399	2
0.399	4
0.399	2
0.399	3
0.399	1
0.399	1
0.399	1
0.399	2
0.399	3
0.399	1
0.399	1
0.399	1
0.399	1
0.399	1
0.399	1
0.399	1
0.399	1
0.399	1
0.399	2
0.399	3
0.399	1
0.399	1
0.399	1
0.399	1
0.399	2
0.399	2
0.399	2
0.399	1
0.399	2
0.399	1
0.399	2
0.4	4
0.4	3
0.4	2
0.4	2
0.4	2
0.4	2
0.4	3
0.4	1
0.4	1
0.4	1
0.4	1
0.4	1
0.4	1
0.4	1
0.4	1
0.4	1
0.4	2
0.4	2
0.4	1
0.4	1
0.4	2
0.4	2
0.4	1
0.4	1
0.4	1
0.4	3
0.4	1
0.4	1
0.4	1
0.4	1
0.4	1
0.4	3
0.4	1
0.4	1
0.4	1
0.4	3
0.4	1
0.4	1
0.401	4
0.401	4
0.401	4
0.401	3
0.401	2
0.401	2
0.401	1
0.401	1
0.401	1
0.401	4
0.401	1
0.401	1
0.401	2
0.401	1
0.401	1
0.401	1
0.401	1
0.401	3
0.401	3
0.401	1
0.401	1
0.401	1
0.401	3
0.401	2
0.401	2
0.401	2
0.401	3
0.401	1
0.401	1
0.401	2
0.401	1
0.401	1
0.401	1
0.401	3
0.401	1
0.402	4
0.402	2
0.402	2
0.402	3
0.402	2
0.402	3
0.402	2
0.402	1
0.402	1
0.402	2
0.402	1
0.402	2
0.402	1
0.402	1
0.402	1
0.402	2
0.402	2
0.402	1
0.402	1
0.402	1
0.402	1
0.402	1
0.402	3
0.402	2
0.402	1
0.402	1
0.402	1
0.402	2
0.402	1
0.402	3
0.402	2
0.402	2
0.402	2
0.402	1
0.402	1
0.402	1
0.402	1
0.402	1
0.402	3
0.402	2
0.402	2
0.402	1
0.402	3
0.402	3
0.403	3
0.403	4
0.403	2
0.403	2
0.403	2
0.403	2
0.403	1
0.403	1
0.403	2
0.403	2
0.403	3
0.403	1
0.403	1
0.403	1
0.403	2
0.403	2
0.403	1
0.403	3
0.403	2
0.403	2
0.403	2
0.403	1
0.403	2
0.403	2
0.403	2
0.403	2
0.403	2
0.403	1
0.403	1
0.403	1
0.403	2
0.403	2
0.403	1
0.403	1
0.403	1
0.403	3
0.404	2
0.404	4
0.404	1
0.404	3
0.404	1
0.404	1
0.404	1
0.404	1
0.404	1
0.404	4
0.404	4
0.404	3
0.404	1
0.404	1
0.404	1
0.404	1
0.404	3
0.404	2
0.404	1
0.404	2
0.404	2
0.404	1
0.404	1
0.404	1
0.404	1
0.404	1
0.404	1
0.404	2
0.404	1
0.404	1
0.405	4
0.405	4
0.405	4
0.405	2
0.405	4
0.405	4
0.405	4
0.405	3
0.405	2
0.405	2
0.405	1
0.405	1
0.405	2
0.405	2
0.405	1
0.405	1
0.405	1
0.405	1
0.405	2
0.405	1
0.405	1
0.405	2
0.405	3
0.405	1
0.405	1
0.405	1
0.405	1
0.405	3
0.405	1
0.405	1
0.405	1
0.405	1
0.405	2
0.405	2
0.405	2
0.405	2
0.405	2
0.405	2
0.405	1
0.405	2
0.405	2
0.405	3
0.405	3
0.405	1
0.405	2
0.405	1
0.405	2
0.406	4
0.406	4
0.406	2
0.406	3
0.406	2
0.406	2
0.406	1
0.406	2
0.406	1
0.406	1
0.406	1
0.406	1
0.406	1
0.406	1
0.406	1
0.406	1
0.406	1
0.406	1
0.406	3
0.406	1
0.406	3
0.406	1
0.406	1
0.406	1
0.406	1
0.406	1
0.406	1
0.406	2
0.406	2
0.407	3
0.407	2
0.407	2
0.407	2
0.407	3
0.407	4
0.407	3
0.407	2
0.407	1
0.407	1
0.407	1
0.407	1
0.407	1
0.407	1
0.407	1
0.407	3
0.407	3
0.407	1
0.407	1
0.407	2
0.407	2
0.407	1
0.407	1
0.407	1
0.407	1
0.407	3
0.407	2
0.407	2
0.407	2
0.407	3
0.407	3
0.407	1
0.407	1
0.407	1
0.407	1
0.407	1
0.407	1
0.407	1
0.407	1
0.407	1
0.407	1
0.407	1
0.407	1
0.407	1
0.407	1
0.407	3
0.407	1
0.407	1
0.407	2
0.407	1
0.408	4
0.408	3
0.408	2
0.408	3
0.408	2
0.408	1
0.408	4
0.408	1
0.408	2
0.408	1
0.408	1
0.408	2
0.408	2
0.408	1
0.408	1
0.408	2
0.408	1
0.408	3
0.408	1
0.408	2
0.408	1
0.408	3
0.408	2
0.408	1
0.408	1
0.408	1
0.408	2
0.408	2
0.408	2
0.408	2
0.408	3
0.408	1
0.409	3
0.409	2
0.409	2
0.409	1
0.409	1
0.409	2
0.409	1
0.409	1
0.409	1
0.409	3
0.409	1
0.409	1
0.409	1
0.409	1
0.409	1
0.409	2
0.409	3
0.409	3
0.409	1
0.409	2
0.409	1
0.409	1
0.409	1
0.409	3
0.409	3
0.409	2
0.409	2
0.409	2
0.409	2
0.409	2
0.409	2
0.409	1
0.409	1
0.409	1
0.409	1
0.409	1
0.409	1
0.409	3
0.409	3
0.409	3
0.41	2
0.41	2
0.41	3
0.41	3
0.41	3
0.41	1
0.41	1
0.41	1
0.41	1
0.41	2
0.41	2
0.41	2
0.41	2
0.41	1
0.41	1
0.41	2
0.41	1
0.41	3
0.41	3
0.41	1
0.41	3
0.41	3
0.41	2
0.41	2
0.41	1
0.41	1
0.41	2
0.41	2
0.41	1
0.41	1
0.41	1
0.41	1
0.41	1
0.41	3
0.411	4
0.411	4
0.411	2
0.411	3
0.411	3
0.411	1
0.411	3
0.411	3
0.411	2
0.411	3
0.411	1
0.411	1
0.411	2
0.411	1
0.411	2
0.411	2
0.411	4
0.411	1
0.411	1
0.411	3
0.411	1
0.411	1
0.411	1
0.411	1
0.411	3
0.411	1
0.411	1
0.411	1
0.411	1
0.411	2
0.411	1
0.411	1
0.411	1
0.411	2
0.411	2
0.411	1
0.411	1
0.411	1
0.411	1
0.411	1
0.411	1
0.411	1
0.411	1
0.411	1
0.411	1
0.411	1
0.412	4
0.412	3
0.412	4
0.412	2
0.412	2
0.412	3
0.412	1
0.412	4
0.412	1
0.412	1
0.412	2
0.412	1
0.412	1
0.412	1
0.412	2
0.412	1
0.412	2
0.412	1
0.412	1
0.412	2
0.412	1
0.412	1
0.412	1
0.412	1
0.412	2
0.412	2
0.412	2
0.412	2
0.412	1
0.412	1
0.412	1
0.412	1
0.412	1
0.413	4
0.413	2
0.413	2
0.413	4
0.413	2
0.413	2
0.413	2
0.413	3
0.413	2
0.413	2
0.413	1
0.413	1
0.413	1
0.413	1
0.413	1
0.413	1
0.413	2
0.413	3
0.413	1
0.413	1
0.413	1
0.413	2
0.413	1
0.413	2
0.413	1
0.413	1
0.413	1
0.413	1
0.413	1
0.413	2
0.413	2
0.413	2
0.413	2
0.413	1
0.413	1
0.413	1
0.413	1
0.413	2
0.413	2
0.413	2
0.414	2
0.414	2
0.414	2
0.414	2
0.414	3
0.414	1
0.414	2
0.414	1
0.414	2
0.414	1
0.414	1
0.414	1
0.414	1
0.414	1
0.414	3
0.414	1
0.414	1
0.414	3
0.414	1
0.414	2
0.414	1
0.414	1
0.414	1
0.414	2
0.414	3
0.414	1
0.414	1
0.414	1
0.414	1
0.414	1
0.414	1
0.414	1
0.414	2
0.415	2
0.415	2
0.415	2
0.415	2
0.415	2
0.415	3
0.415	1
0.415	1
0.415	2
0.415	2
0.415	1
0.415	1
0.415	2
0.415	3
0.415	1
0.415	3
0.415	2
0.415	2
0.415	3
0.415	1
0.415	1
0.415	1
0.415	2
0.415	2
0.415	2
0.415	1
0.416	2
0.416	2
0.416	1
0.416	2
0.416	1
0.416	2
0.416	1
0.416	1
0.416	4
0.416	1
0.416	1
0.416	3
0.416	1
0.416	1
0.416	1
0.416	1
0.416	3
0.416	3
0.416	1
0.416	1
0.416	1
0.416	2
0.416	2
0.416	1
0.416	1
0.416	1
0.416	1
0.416	3
0.416	1
0.417	3
0.417	4
0.417	2
0.417	3
0.417	3
0.417	1
0.417	1
0.417	1
0.417	1
0.417	1
0.417	1
0.417	2
0.417	2
0.417	2
0.417	1
0.417	1
0.417	1
0.417	2
0.417	2
0.417	1
0.417	1
0.417	1
0.417	1
0.417	3
0.417	3
0.417	1
0.417	3
0.417	2
0.417	2
0.417	2
0.417	3
0.417	1
0.417	1
0.417	1
0.417	1
0.417	1
0.418	4
0.418	4
0.418	3
0.418	3
0.418	4
0.418	2
0.418	4
0.418	1
0.418	1
0.418	1
0.418	1
0.418	1
0.418	1
0.418	1
0.418	1
0.418	2
0.418	1
0.418	1
0.418	1
0.418	1
0.418	1
0.418	3
0.418	1
0.418	3
0.418	2
0.418	1
0.418	1
0.418	1
0.418	1
0.418	2
0.418	3
0.418	2
0.418	1
0.418	1
0.418	2
0.418	2
0.418	2
0.418	2
0.418	2
0.418	2
0.418	2
0.418	1
0.418	1
0.418	1
0.418	1
0.418	1
0.418	1
0.418	1
0.418	1
0.418	1
0.418	3
0.419	3
0.419	4
0.419	4
0.419	1
0.419	1
0.419	1
0.419	2
0.419	1
0.419	3
0.419	1
0.419	1
0.419	1
0.419	1
0.419	3
0.419	2
0.419	1
0.419	1
0.419	1
0.419	1
0.419	1
0.419	3
0.419	2
0.419	2
0.419	2
0.419	1
0.419	1
0.419	2
0.419	2
0.419	1
0.419	1
0.419	2
0.419	2
0.419	2
0.42	3
0.42	3
0.42	2
0.42	2
0.42	3
0.42	3
0.42	2
0.42	2
0.42	1
0.42	4
0.42	1
0.42	2
0.42	1
0.42	2
0.42	2
0.42	2
0.42	1
0.42	1
0.42	2
0.42	1
0.42	1
0.42	1
0.42	1
0.42	2
0.42	3
0.42	1
0.42	1
0.42	1
0.42	2
0.42	2
0.42	3
0.42	2
0.42	3
0.42	3
0.42	1
0.42	1
0.42	1
0.42	1
0.42	1
0.42	2
0.42	2
0.42	2
0.42	2
0.42	2
0.42	2
0.42	2
0.42	1
0.421	3
0.421	3
0.421	2
0.421	2
0.421	4
0.421	3
0.421	3
0.421	2
0.421	2
0.421	1
0.421	1
0.421	2
0.421	1
0.421	1
0.421	1
0.421	1
0.421	1
0.421	1
0.421	4
0.421	1
0.421	1
0.421	3
0.421	1
0.421	2
0.421	1
0.421	1
0.421	1
0.421	1
0.421	1
0.421	2
0.421	2
0.421	2
0.421	2
0.421	2
0.421	1
0.422	4
0.422	3
0.422	3
0.422	4
0.422	1
0.422	2
0.422	2
0.422	2
0.422	1
0.422	1
0.422	1
0.422	1
0.422	1
0.422	3
0.422	1
0.422	2
0.422	1
0.422	1
0.422	1
0.422	1
0.422	1
0.422	1
0.422	1
0.422	3
0.422	3
0.422	2
0.422	2
0.422	2
0.422	2
0.422	2
0.422	2
0.422	3
0.422	1
0.422	1
0.422	1
0.422	1
0.422	1
0.422	2
0.422	2
0.422	2
0.422	2
0.422	2
0.422	2
0.422	2
0.423	4
0.423	2
0.423	2
0.423	3
0.423	2
0.423	2
0.423	2
0.423	1
0.423	2
0.423	1
0.423	4
0.423	1
0.423	1
0.423	1
0.423	1
0.423	1
0.423	1
0.423	3
0.423	1
0.423	2
0.423	1
0.423	2
0.423	1
0.423	1
0.423	3
0.423	3
0.423	2
0.423	2
0.423	3
0.423	1
0.423	1
0.423	1
0.423	1
0.423	1
0.423	2
0.423	2
0.423	2
0.423	1
0.423	3
0.424	3
0.424	3
0.424	3
0.424	1
0.424	1
0.424	2
0.424	1
0.424	3
0.424	2
0.424	1
0.424	1
0.424	1
0.424	1
0.424	1
0.424	3
0.424	2
0.424	2
0.424	1
0.424	1
0.424	3
0.424	1
0.424	1
0.424	1
0.424	1
0.424	1
0.424	3
0.424	2
0.424	2
0.424	2
0.424	3
0.424	3
0.424	1
0.424	1
0.424	1
0.424	1
0.424	1
0.424	1
0.425	4
0.425	4
0.425	3
0.425	3
0.425	2
0.425	2
0.425	1
0.425	3
0.425	1
0.425	1
0.425	1
0.425	1
0.425	1
0.425	2
0.425	1
0.425	4
0.425	1
0.425	1
0.425	1
0.425	1
0.425	2
0.425	2
0.425	1
0.425	1
0.425	3
0.425	2
0.425	3
0.425	2
0.425	1
0.425	3
0.425	2
0.425	2
0.425	2
0.425	3
0.425	1
0.425	1
0.425	1
0.425	3
0.425	1
0.425	2
0.426	4
0.426	4
0.426	2
0.426	2
0.426	1
0.426	4
0.426	1
0.426	1
0.426	1
0.426	2
0.426	1
0.426	1
0.426	3
0.426	2
0.426	1
0.426	1
0.426	1
0.426	1
0.426	1
0.426	2
0.426	3
0.426	3
0.426	3
0.426	1
0.426	1
0.426	1
0.426	1
0.426	1
0.426	1
0.426	3
0.426	2
0.426	1
0.426	1
0.426	3
0.426	3
0.426	2
0.426	2
0.426	2
0.426	2
0.426	2
0.426	2
0.427	4
0.427	4
0.427	3
0.427	2
0.427	3
0.427	2
0.427	2
0.427	3
0.427	3
0.427	2
0.427	3
0.427	3
0.427	2
0.427	1
0.427	1
0.427	2
0.427	1
0.427	2
0.427	2
0.427	2
0.427	1
0.427	1
0.427	1
0.427	1
0.427	1
0.427	3
0.427	1
0.427	1
0.427	3
0.427	1
0.427	1
0.427	1
0.427	3
0.427	3
0.427	2
0.427	2
0.427	1
0.427	3
0.427	2
0.427	2
0.427	2
0.427	2
0.427	2
0.427	1
0.427	1
0.427	1
0.427	1
0.427	1
0.427	2
0.427	1
0.428	4
0.428	3
0.428	2
0.428	2
0.428	2
0.428	3
0.428	1
0.428	2
0.428	1
0.428	1
0.428	2
0.428	1
0.428	2
0.428	2
0.428	1
0.428	1
0.428	2
0.428	2
0.428	1
0.428	1
0.428	2
0.428	3
0.428	4
0.428	1
0.428	1
0.428	1
0.428	1
0.428	2
0.428	2
0.428	1
0.428	2
0.428	2
0.428	2
0.428	1
0.428	1
0.428	2
0.428	2
0.428	3
0.428	2
0.428	1
0.428	2
0.428	2
0.428	1
0.429	4
0.429	4
0.429	2
0.429	2
0.429	2
0.429	1
0.429	1
0.429	1
0.429	3
0.429	1
0.429	1
0.429	1
0.429	2
0.429	2
0.429	2
0.429	2
0.429	1
0.429	4
0.429	1
0.429	1
0.429	3
0.429	3
0.429	1
0.429	1
0.429	1
0.429	3
0.429	3
0.429	1
0.429	1
0.429	1
0.429	1
0.429	1
0.429	2
0.429	1
0.429	2
0.429	2
0.429	2
0.429	3
0.429	2
0.43	4
0.43	4
0.43	4
0.43	2
0.43	2
0.43	2
0.43	1
0.43	1
0.43	2
0.43	1
0.43	2
0.43	1
0.43	4
0.43	1
0.43	1
0.43	1
0.43	1
0.43	1
0.43	1
0.43	2
0.43	3
0.43	3
0.43	2
0.43	1
0.43	1
0.43	1
0.43	1
0.43	1
0.43	1
0.43	3
0.431	4
0.431	3
0.431	4
0.431	1
0.431	1
0.431	2
0.431	1
0.431	1
0.431	1
0.431	2
0.431	2
0.431	3
0.431	1
0.431	2
0.431	1
0.431	1
0.431	1
0.431	1
0.431	1
0.431	1
0.431	1
0.431	3
0.431	1
0.431	2
0.431	1
0.431	1
0.431	1
0.431	1
0.431	3
0.431	1
0.431	1
0.431	1
0.431	1
0.432	4
0.432	4
0.432	4
0.432	3
0.432	4
0.432	4
0.432	3
0.432	2
0.432	2
0.432	1
0.432	1
0.432	2
0.432	1
0.432	2
0.432	2
0.432	3
0.432	1
0.432	1
0.432	1
0.432	2
0.432	1
0.432	1
0.432	1
0.432	1
0.432	3
0.432	3
0.432	1
0.432	2
0.432	2
0.432	1
0.432	1
0.432	1
0.432	1
0.432	1
0.432	1
0.432	2
0.433	4
0.433	4
0.433	4
0.433	3
0.433	2
0.433	4
0.433	4
0.433	2
0.433	1
0.433	1
0.433	1
0.433	1
0.433	1
0.433	1
0.433	1
0.433	1
0.433	2
0.433	3
0.433	1
0.433	1
0.433	1
0.433	1
0.433	2
0.433	1
0.433	1
0.433	1
0.433	2
0.433	2
0.433	3
0.433	3
0.433	3
0.433	1
0.433	1
0.433	2
0.433	1
0.433	3
0.433	2
0.433	2
0.433	2
0.433	1
0.433	1
0.433	2
0.433	2
0.433	2
0.433	3
0.433	2
0.434	3
0.434	2
0.434	2
0.434	3
0.434	3
0.434	3
0.434	2
0.434	2
0.434	4
0.434	4
0.434	1
0.434	1
0.434	1
0.434	2
0.434	2
0.434	2
0.434	4
0.434	1
0.434	1
0.434	1
0.434	1
0.434	3
0.434	2
0.434	1
0.434	1
0.434	3
0.434	3
0.434	3
0.434	1
0.434	3
0.434	2
0.434	1
0.434	1
0.434	1
0.435	4
0.435	4
0.435	4
0.435	4
0.435	2
0.435	3
0.435	2
0.435	1
0.435	1
0.435	1
0.435	2
0.435	2
0.435	2
0.435	1
0.435	2
0.435	2
0.435	1
0.435	1
0.435	1
0.435	1
0.435	1
0.435	2
0.435	2
0.435	2
0.435	2
0.435	1
0.435	2
0.435	1
0.435	1
0.435	1
0.435	1
0.435	2
0.435	1
0.435	3
0.435	2
0.435	1
0.435	1
0.436	4
0.436	4
0.436	4
0.436	3
0.436	3
0.436	3
0.436	1
0.436	1
0.436	1
0.436	2
0.436	1
0.436	2
0.436	2
0.436	2
0.436	1
0.436	4
0.436	4
0.436	2
0.436	3
0.436	1
0.436	2
0.436	1
0.436	1
0.436	2
0.436	2
0.436	3
0.436	3
0.437	4
0.437	4
0.437	3
0.437	3
0.437	3
0.437	2
0.437	1
0.437	3
0.437	3
0.437	1
0.437	2
0.437	1
0.437	1
0.437	1
0.437	1
0.437	1
0.437	2
0.437	3
0.437	2
0.437	2
0.437	1
0.437	1
0.437	3
0.437	1
0.437	2
0.437	2
0.437	1
0.437	1
0.437	1
0.437	1
0.437	1
0.437	2
0.437	2
0.437	1
0.437	1
0.437	1
0.437	2
0.437	3
0.438	4
0.438	4
0.438	3
0.438	3
0.438	3
0.438	3
0.438	1
0.438	1
0.438	2
0.438	1
0.438	1
0.438	2
0.438	1
0.438	1
0.438	1
0.438	2
0.438	1
0.438	1
0.438	1
0.438	1
0.438	2
0.438	2
0.438	2
0.438	1
0.438	1
0.438	1
0.438	1
0.438	2
0.438	1
0.438	1
0.438	2
0.438	2
0.438	2
0.438	1
0.438	1
0.438	1
0.438	1
0.438	1
0.438	1
0.438	1
0.438	1
0.438	2
0.438	2
0.439	4
0.439	2
0.439	3
0.439	4
0.439	1
0.439	1
0.439	1
0.439	2
0.439	1
0.439	1
0.439	1
0.439	1
0.439	1
0.439	3
0.439	3
0.439	1
0.439	1
0.439	3
0.439	1
0.439	3
0.439	3
0.439	2
0.439	1
0.439	1
0.439	1
0.439	2
0.439	1
0.439	1
0.439	1
0.439	2
0.439	2
0.439	1
0.439	2
0.44	3
0.44	2
0.44	2
0.44	2
0.44	2
0.44	1
0.44	1
0.44	1
0.44	2
0.44	1
0.44	2
0.44	2
0.44	1
0.44	2
0.44	1
0.44	1
0.44	1
0.44	2
0.44	2
0.44	2
0.44	2
0.44	1
0.44	1
0.44	2
0.44	1
0.44	2
0.44	1
0.44	1
0.44	3
0.44	1
0.44	3
0.44	1
0.44	1
0.44	3
0.44	2
0.44	1
0.44	1
0.44	2
0.44	2
0.441	4
0.441	2
0.441	2
0.441	4
0.441	1
0.441	1
0.441	2
0.441	1
0.441	1
0.441	2
0.441	1
0.441	1
0.441	1
0.441	1
0.441	3
0.441	3
0.441	3
0.441	2
0.441	1
0.441	2
0.441	2
0.441	1
0.441	1
0.441	3
0.441	2
0.441	2
0.441	1
0.441	2
0.441	1
0.442	4
0.442	4
0.442	4
0.442	3
0.442	2
0.442	1
0.442	1
0.442	2
0.442	2
0.442	2
0.442	1
0.442	2
0.442	1
0.442	1
0.442	1
0.442	1
0.442	1
0.442	2
0.442	2
0.442	2
0.442	2
0.442	1
0.442	1
0.442	3
0.442	3
0.442	1
0.442	1
0.442	3
0.442	2
0.442	2
0.442	1
0.442	1
0.442	2
0.442	1
0.442	1
0.442	3
0.442	2
0.442	2
0.442	2
0.442	1
0.442	1
0.442	1
0.442	1
0.442	1
0.442	1
0.442	3
0.442	3
0.442	1
0.442	1
0.443	4
0.443	4
0.443	4
0.443	4
0.443	2
0.443	1
0.443	1
0.443	1
0.443	1
0.443	1
0.443	1
0.443	2
0.443	1
0.443	1
0.443	2
0.443	2
0.443	1
0.443	1
0.443	1
0.443	1
0.443	1
0.443	1
0.443	3
0.443	3
0.443	3
0.443	2
0.443	1
0.443	1
0.443	3
0.443	2
0.443	1
0.443	2
0.443	2
0.443	2
0.443	1
0.443	2
0.443	2
0.443	3
0.443	3
0.444	4
0.444	2
0.444	2
0.444	3
0.444	3
0.444	2
0.444	2
0.444	3
0.444	3
0.444	1
0.444	1
0.444	2
0.444	2
0.444	1
0.444	2
0.444	1
0.444	1
0.444	1
0.444	1
0.444	1
0.444	1
0.444	4
0.444	1
0.444	1
0.444	1
0.444	1
0.444	1
0.444	1
0.444	3
0.444	1
0.444	3
0.444	3
0.444	1
0.444	2
0.444	2
0.444	1
0.444	1
0.444	3
0.444	1
0.444	1
0.444	3
0.444	3
0.444	2
0.444	2
0.445	4
0.445	2
0.445	1
0.445	2
0.445	1
0.445	2
0.445	1
0.445	1
0.445	2
0.445	1
0.445	2
0.445	2
0.445	1
0.445	1
0.445	1
0.445	3
0.445	1
0.445	3
0.445	3
0.445	4
0.445	1
0.445	1
0.445	1
0.445	1
0.445	1
0.445	1
0.445	1
0.445	1
0.445	1
0.446	4
0.446	3
0.446	4
0.446	3
0.446	3
0.446	3
0.446	2
0.446	2
0.446	2
0.446	4
0.446	1
0.446	1
0.446	1
0.446	1
0.446	1
0.446	2
0.446	1
0.446	1
0.446	1
0.446	1
0.446	1
0.446	1
0.446	1
0.446	4
0.446	1
0.446	1
0.446	1
0.446	1
0.446	1
0.446	1
0.446	1
0.446	1
0.446	3
0.446	3
0.446	1
0.446	1
0.446	3
0.446	1
0.446	1
0.446	1
0.446	1
0.446	2
0.446	2
0.446	1
0.446	1
0.446	1
0.446	1
0.446	1
0.446	2
0.446	2
0.446	1
0.446	1
0.446	1
0.446	1
0.447	3
0.447	4
0.447	2
0.447	1
0.447	1
0.447	2
0.447	2
0.447	1
0.447	2
0.447	1
0.447	2
0.447	1
0.447	3
0.447	2
0.447	1
0.447	1
0.447	1
0.447	1
0.447	1
0.447	1
0.447	1
0.447	1
0.447	1
0.447	1
0.447	1
0.447	3
0.447	1
0.447	1
0.447	1
0.447	3
0.447	2
0.447	2
0.447	2
0.447	2
0.447	2
0.447	1
0.447	2
0.447	2
0.447	1
0.447	1
0.447	2
0.447	2
0.448	4
0.448	4
0.448	3
0.448	2
0.448	3
0.448	2
0.448	3
0.448	3
0.448	1
0.448	1
0.448	2
0.448	1
0.448	1
0.448	1
0.448	1
0.448	2
0.448	1
0.448	1
0.448	1
0.448	1
0.448	1
0.448	1
0.448	1
0.448	1
0.448	1
0.448	2
0.448	1
0.448	2
0.448	3
0.448	2
0.448	1
0.448	1
0.448	2
0.448	2
0.448	3
0.448	3
0.449	4
0.449	4
0.449	2
0.449	4
0.449	1
0.449	2
0.449	3
0.449	2
0.449	1
0.449	2
0.449	1
0.449	2
0.449	2
0.449	3
0.449	4
0.449	4
0.449	1
0.449	1
0.449	1
0.449	1
0.449	1
0.449	1
0.449	2
0.449	1
0.449	3
0.449	1
0.449	2
0.449	1
0.449	2
0.449	2
0.449	2
0.449	1
0.449	3
0.449	3
0.449	1
0.449	1
0.449	1
0.45	3
0.45	2
0.45	3
0.45	1
0.45	1
0.45	1
0.45	1
0.45	1
0.45	2
0.45	1
0.45	1
0.45	1
0.45	1
0.45	2
0.45	1
0.45	1
0.45	1
0.45	1
0.45	1
0.45	2
0.45	2
0.45	2
0.45	2
0.45	2
0.45	1
0.45	1
0.45	1
0.45	1
0.45	1
0.45	1
0.45	1
0.45	1
0.45	3
0.45	3
0.45	1
0.45	3
0.45	1
0.45	1
0.451	4
0.451	4
0.451	4
0.451	3
0.451	2
0.451	3
0.451	1
0.451	1
0.451	4
0.451	1
0.451	1
0.451	1
0.451	1
0.451	1
0.451	2
0.451	2
0.451	2
0.451	1
0.451	1
0.451	4
0.451	1
0.451	1
0.451	1
0.451	1
0.451	1
0.451	1
0.451	1
0.451	1
0.451	4
0.451	1
0.451	1
0.451	2
0.451	2
0.451	1
0.451	1
0.451	1
0.451	1
0.451	1
0.451	1
0.451	1
0.451	1
0.451	1
0.451	1
0.451	1
0.451	3
0.451	3
0.451	3
0.452	4
0.452	3
0.452	3
0.452	3
0.452	2
0.452	2
0.452	3
0.452	3
0.452	2
0.452	2
0.452	1
0.452	2
0.452	1
0.452	2
0.452	1
0.452	1
0.452	2
0.452	2
0.452	1
0.452	1
0.452	1
0.452	2
0.452	2
0.452	3
0.452	3
0.452	2
0.452	1
0.452	4
0.452	1
0.452	1
0.452	3
0.452	1
0.452	1
0.452	1
0.452	1
0.452	1
0.452	1
0.452	3
0.452	3
0.452	2
0.452	2
0.452	1
0.452	1
0.452	1
0.452	1
0.452	1
0.452	2
0.452	2
0.453	4
0.453	3
0.453	4
0.453	1
0.453	2
0.453	4
0.453	1
0.453	1
0.453	2
0.453	1
0.453	2
0.453	1
0.453	2
0.453	1
0.453	1
0.453	2
0.453	2
0.453	2
0.453	1
0.453	2
0.453	1
0.453	4
0.453	4
0.453	3
0.453	1
0.453	1
0.453	2
0.453	2
0.453	1
0.453	3
0.453	2
0.453	2
0.453	2
0.453	1
0.453	2
0.453	2
0.453	2
0.453	1
0.453	1
0.453	3
0.453	2
0.453	1
0.453	1
0.453	1
0.453	1
0.453	1
0.453	1
0.453	1
0.453	1
0.453	1
0.453	1
0.453	1
0.453	1
0.453	1
0.454	2
0.454	2
0.454	2
0.454	2
0.454	2
0.454	3
0.454	2
0.454	1
0.454	1
0.454	2
0.454	1
0.454	2
0.454	1
0.454	1
0.454	1
0.454	3
0.454	1
0.454	2
0.454	2
0.454	1
0.454	1
0.454	4
0.454	1
0.454	1
0.454	3
0.454	1
0.454	3
0.454	2
0.454	1
0.454	2
0.454	2
0.454	1
0.454	1
0.454	3
0.454	3
0.454	2
0.454	2
0.455	4
0.455	2
0.455	2
0.455	2
0.455	3
0.455	1
0.455	2
0.455	4
0.455	1
0.455	1
0.455	1
0.455	2
0.455	2
0.455	2
0.455	2
0.455	2
0.455	2
0.455	2
0.455	3
0.455	1
0.455	1
0.455	2
0.455	1
0.455	1
0.455	1
0.455	1
0.455	3
0.455	2
0.455	4
0.455	1
0.455	1
0.455	2
0.455	2
0.455	3
0.455	3
0.455	2
0.456	4
0.456	4
0.456	4
0.456	2
0.456	3
0.456	2
0.456	3
0.456	2
0.456	1
0.456	1
0.456	1
0.456	1
0.456	2
0.456	2
0.456	2
0.456	3
0.456	3
0.456	1
0.456	1
0.456	2
0.456	3
0.456	2
0.456	1
0.457	4
0.457	4
0.457	2
0.457	1
0.457	1
0.457	2
0.457	1
0.457	1
0.457	1
0.457	1
0.457	1
0.457	1
0.457	2
0.457	2
0.457	2
0.457	2
0.457	3
0.457	1
0.457	1
0.457	2
0.457	1
0.457	1
0.457	1
0.457	1
0.457	1
0.457	3
0.457	2
0.457	2
0.457	2
0.457	1
0.457	1
0.457	2
0.457	3
0.457	2
0.457	1
0.457	1
0.457	1
0.457	1
0.457	1
0.457	1
0.457	1
0.457	1
0.457	1
0.457	1
0.457	1
0.457	1
0.458	4
0.458	3
0.458	2
0.458	2
0.458	3
0.458	3
0.458	1
0.458	2
0.458	3
0.458	4
0.458	1
0.458	1
0.458	2
0.458	1
0.458	2
0.458	1
0.458	1
0.458	1
0.458	1
0.458	1
0.458	2
0.458	2
0.458	2
0.458	2
0.458	1
0.458	1
0.458	2
0.458	1
0.458	1
0.458	2
0.458	1
0.458	3
0.458	2
0.458	4
0.458	1
0.458	1
0.458	1
0.458	1
0.458	1
0.458	1
0.458	1
0.458	1
0.458	3
0.458	3
0.458	2
0.458	2
0.458	3
0.459	3
0.459	3
0.459	2
0.459	2
0.459	2
0.459	4
0.459	1
0.459	1
0.459	1
0.459	1
0.459	1
0.459	2
0.459	1
0.459	1
0.459	1
0.459	1
0.459	2
0.459	2
0.459	2
0.459	2
0.459	2
0.459	2
0.459	3
0.459	2
0.459	2
0.459	4
0.459	1
0.459	1
0.459	1
0.459	1
0.459	1
0.46	2
0.46	4
0.46	3
0.46	3
0.46	3
0.46	3
0.46	1
0.46	2
0.46	2
0.46	4
0.46	1
0.46	2
0.46	2
0.46	1
0.46	2
0.46	2
0.46	2
0.46	2
0.46	1
0.46	1
0.46	1
0.46	2
0.46	2
0.46	2
0.46	2
0.46	2
0.46	4
0.46	1
0.46	3
0.46	1
0.46	1
0.46	3
0.46	2
0.46	2
0.46	2
0.46	2
0.46	2
0.46	2
0.46	2
0.46	1
0.46	1
0.46	1
0.46	1
0.46	1
0.46	1
0.46	1
0.46	2
0.461	4
0.461	4
0.461	3
0.461	2
0.461	1
0.461	1
0.461	2
0.461	2
0.461	2
0.461	3
0.461	2
0.461	1
0.461	1
0.461	1
0.461	2
0.461	1
0.461	2
0.461	1
0.461	1
0.461	2
0.461	2
0.461	2
0.461	2
0.461	1
0.461	3
0.461	3
0.461	1
0.461	1
0.461	3
0.461	2
0.461	1
0.461	3
0.461	2
0.461	2
0.461	2
0.461	2
0.461	2
0.461	1
0.461	3
0.461	2
0.462	4
0.462	4
0.462	3
0.462	3
0.462	2
0.462	1
0.462	1
0.462	1
0.462	2
0.462	3
0.462	2
0.462	1
0.462	1
0.462	1
0.462	2
0.462	1
0.462	3
0.462	1
0.462	2
0.462	1
0.462	1
0.462	2
0.462	3
0.462	2
0.462	1
0.462	1
0.462	2
0.462	2
0.462	3
0.462	3
0.462	2
0.462	2
0.462	2
0.462	2
0.462	2
0.462	2
0.462	1
0.462	2
0.462	2
0.463	4
0.463	4
0.463	4
0.463	3
0.463	2
0.463	3
0.463	1
0.463	2
0.463	2
0.463	3
0.463	1
0.463	2
0.463	1
0.463	1
0.463	1
0.463	1
0.463	1
0.463	2
0.463	1
0.463	1
0.463	1
0.463	1
0.463	3
0.463	1
0.463	1
0.463	2
0.463	1
0.463	1
0.463	2
0.463	2
0.463	1
0.463	1
0.463	2
0.463	2
0.463	3
0.463	2
0.463	1
0.463	1
0.463	2
0.464	2
0.464	2
0.464	1
0.464	2
0.464	3
0.464	4
0.464	1
0.464	2
0.464	2
0.464	2
0.464	1
0.464	1
0.464	2
0.464	1
0.464	1
0.464	3
0.464	1
0.464	2
0.464	3
0.464	1
0.464	1
0.464	1
0.464	4
0.464	4
0.464	1
0.464	1
0.464	1
0.464	1
0.464	1
0.464	2
0.464	2
0.464	2
0.464	2
0.464	3
0.464	3
0.464	2
0.464	2
0.464	1
0.464	1
0.464	3
0.464	1
0.464	1
0.464	2
0.464	2
0.464	2
0.465	3
0.465	2
0.465	2
0.465	3
0.465	3
0.465	2
0.465	3
0.465	2
0.465	1
0.465	1
0.465	1
0.465	2
0.465	2
0.465	2
0.465	1
0.465	1
0.465	1
0.465	1
0.465	2
0.465	2
0.465	3
0.465	1
0.465	1
0.465	1
0.465	4
0.465	1
0.465	1
0.465	1
0.465	1
0.465	1
0.465	2
0.466	4
0.466	3
0.466	2
0.466	2
0.466	2
0.466	2
0.466	2
0.466	3
0.466	4
0.466	4
0.466	1
0.466	1
0.466	1
0.466	1
0.466	1
0.466	2
0.466	1
0.466	1
0.466	2
0.466	2
0.466	2
0.466	1
0.466	1
0.466	3
0.466	1
0.466	2
0.466	1
0.466	1
0.466	1
0.466	3
0.466	3
0.466	2
0.466	2
0.466	2
0.466	2
0.466	2
0.466	2
0.466	4
0.466	4
0.466	1
0.466	1
0.466	1
0.466	1
0.466	2
0.466	2
0.466	2
0.466	2
0.466	1
0.466	1
0.466	3
0.466	3
0.466	1
0.466	1
0.466	1
0.466	2
0.466	2
0.467	4
0.467	2
0.467	3
0.467	3
0.467	1
0.467	1
0.467	3
0.467	1
0.467	2
0.467	2
0.467	3
0.467	2
0.467	2
0.467	1
0.467	1
0.467	2
0.467	1
0.467	2
0.467	1
0.467	1
0.467	1
0.467	1
0.467	2
0.467	1
0.467	1
0.467	3
0.467	1
0.467	1
0.467	3
0.467	1
0.467	2
0.467	3
0.467	3
0.467	2
0.467	2
0.467	1
0.467	3
0.467	2
0.467	2
0.467	2
0.467	1
0.467	3
0.467	1
0.468	3
0.468	2
0.468	4
0.468	1
0.468	1
0.468	1
0.468	2
0.468	2
0.468	2
0.468	2
0.468	2
0.468	1
0.468	2
0.468	2
0.468	1
0.468	2
0.468	1
0.468	2
0.468	2
0.468	1
0.468	1
0.468	2
0.468	1
0.468	1
0.468	2
0.468	1
0.468	1
0.468	2
0.468	3
0.468	3
0.468	1
0.468	2
0.468	2
0.468	3
0.468	2
0.468	1
0.468	1
0.468	3
0.468	3
0.468	2
0.468	2
0.468	2
0.468	2
0.468	2
0.468	2
0.468	2
0.468	2
0.468	2
0.468	2
0.468	3
0.468	3
0.468	2
0.468	2
0.468	2
0.468	1
0.468	1
0.468	3
0.468	3
0.468	3
0.468	1
0.468	1
0.468	2
0.469	3
0.469	2
0.469	3
0.469	1
0.469	1
0.469	1
0.469	2
0.469	3
0.469	3
0.469	1
0.469	1
0.469	1
0.469	2
0.469	2
0.469	1
0.469	1
0.469	2
0.469	4
0.469	1
0.469	1
0.469	2
0.469	1
0.469	3
0.469	2
0.469	3
0.469	3
0.469	2
0.469	2
0.469	1
0.469	1
0.469	2
0.469	2
0.469	1
0.469	1
0.469	3
0.47	4
0.47	4
0.47	4
0.47	2
0.47	3
0.47	3
0.47	2
0.47	2
0.47	3
0.47	1
0.47	3
0.47	3
0.47	2
0.47	2
0.47	2
0.47	1
0.47	1
0.47	2
0.47	1
0.47	1
0.47	2
0.47	1
0.47	1
0.47	1
0.47	2
0.47	1
0.47	3
0.47	1
0.47	1
0.47	1
0.47	1
0.47	1
0.47	1
0.47	2
0.47	2
0.47	4
0.47	4
0.47	1
0.47	1
0.47	1
0.47	1
0.47	2
0.47	2
0.47	1
0.47	1
0.47	1
0.47	3
0.47	3
0.47	1
0.471	4
0.471	4
0.471	2
0.471	2
0.471	3
0.471	2
0.471	1
0.471	1
0.471	3
0.471	1
0.471	1
0.471	1
0.471	2
0.471	1
0.471	1
0.471	1
0.471	1
0.471	1
0.471	2
0.471	1
0.471	1
0.471	1
0.471	1
0.471	1
0.471	2
0.471	2
0.471	3
0.471	2
0.471	3
0.471	1
0.471	1
0.471	2
0.471	1
0.471	2
0.471	2
0.472	4
0.472	3
0.472	2
0.472	3
0.472	3
0.472	1
0.472	3
0.472	2
0.472	3
0.472	3
0.472	1
0.472	1
0.472	1
0.472	2
0.472	2
0.472	2
0.472	3
0.472	1
0.472	1
0.472	3
0.472	2
0.472	1
0.472	2
0.472	2
0.472	2
0.472	2
0.472	1
0.472	1
0.472	1
0.472	1
0.472	1
0.472	1
0.472	1
0.472	3
0.472	3
0.472	2
0.472	2
0.472	2
0.472	2
0.472	2
0.472	2
0.472	1
0.472	1
0.472	2
0.472	2
0.472	2
0.472	1
0.472	1
0.472	3
0.472	2
0.473	4
0.473	3
0.473	2
0.473	1
0.473	2
0.473	1
0.473	2
0.473	1
0.473	2
0.473	2
0.473	2
0.473	2
0.473	2
0.473	2
0.473	1
0.473	1
0.473	2
0.473	2
0.473	3
0.473	1
0.473	2
0.473	1
0.473	1
0.473	3
0.473	3
0.473	1
0.473	1
0.473	2
0.473	1
0.473	1
0.473	3
0.473	3
0.473	2
0.473	2
0.473	4
0.473	1
0.473	1
0.473	1
0.473	1
0.473	1
0.473	1
0.473	1
0.473	3
0.473	3
0.473	1
0.473	1
0.473	1
0.473	2
0.473	1
0.473	1
0.473	2
0.474	4
0.474	4
0.474	1
0.474	1
0.474	2
0.474	2
0.474	4
0.474	1
0.474	1
0.474	1
0.474	1
0.474	1
0.474	1
0.474	1
0.474	1
0.474	1
0.474	4
0.474	1
0.474	1
0.474	3
0.474	1
0.474	3
0.474	3
0.474	3
0.474	1
0.474	2
0.474	2
0.474	2
0.474	2
0.474	1
0.474	3
0.474	2
0.474	3
0.474	1
0.474	2
0.474	2
0.474	1
0.474	1
0.475	3
0.475	2
0.475	1
0.475	1
0.475	1
0.475	1
0.475	1
0.475	2
0.475	2
0.475	2
0.475	1
0.475	2
0.475	2
0.475	2
0.475	1
0.475	1
0.475	1
0.475	1
0.475	2
0.475	2
0.475	2
0.475	2
0.475	1
0.475	1
0.475	1
0.475	2
0.475	1
0.475	3
0.475	3
0.475	3
0.475	1
0.475	1
0.475	1
0.475	3
0.475	2
0.475	2
0.475	2
0.475	1
0.475	1
0.475	1
0.475	1
0.475	1
0.475	1
0.475	1
0.475	1
0.475	1
0.475	1
0.475	3
0.475	3
0.475	3
0.475	1
0.475	1
0.475	3
0.475	3
0.475	1
0.475	2
0.476	4
0.476	4
0.476	3
0.476	2
0.476	2
0.476	1
0.476	1
0.476	1
0.476	3
0.476	4
0.476	1
0.476	1
0.476	2
0.476	2
0.476	2
0.476	1
0.476	1
0.476	1
0.476	2
0.476	1
0.476	2
0.476	1
0.476	3
0.476	2
0.476	1
0.476	2
0.476	1
0.476	1
0.476	1
0.476	3
0.476	3
0.476	1
0.476	1
0.476	1
0.476	1
0.476	3
0.476	2
0.476	1
0.476	1
0.476	3
0.476	3
0.476	2
0.476	2
0.476	1
0.476	1
0.476	1
0.476	1
0.476	1
0.476	3
0.476	2
0.476	3
0.476	2
0.477	4
0.477	4
0.477	4
0.477	3
0.477	2
0.477	2
0.477	3
0.477	3
0.477	3
0.477	2
0.477	3
0.477	3
0.477	3
0.477	1
0.477	3
0.477	3
0.477	1
0.477	2
0.477	2
0.477	2
0.477	2
0.477	2
0.477	2
0.477	1
0.477	1
0.477	2
0.477	3
0.477	1
0.477	1
0.477	3
0.477	1
0.477	3
0.477	2
0.477	1
0.477	2
0.477	2
0.477	2
0.477	2
0.477	1
0.477	1
0.477	1
0.477	2
0.477	1
0.477	3
0.477	2
0.477	1
0.477	1
0.477	1
0.477	1
0.477	1
0.477	1
0.477	1
0.477	1
0.477	1
0.477	1
0.477	1
0.477	1
0.477	1
0.477	1
0.477	1
0.477	3
0.477	3
0.477	1
0.477	1
0.477	1
0.477	3
0.477	1
0.478	4
0.478	3
0.478	2
0.478	2
0.478	2
0.478	2
0.478	2
0.478	1
0.478	2
0.478	3
0.478	3
0.478	1
0.478	1
0.478	1
0.478	1
0.478	2
0.478	2
0.478	2
0.478	2
0.478	1
0.478	1
0.478	1
0.478	1
0.478	3
0.478	2
0.478	2
0.478	1
0.478	1
0.478	2
0.478	2
0.478	1
0.478	1
0.478	1
0.478	3
0.478	3
0.478	3
0.478	2
0.478	2
0.478	2
0.478	1
0.478	1
0.478	1
0.478	1
0.478	1
0.478	1
0.478	1
0.479	2
0.479	3
0.479	3
0.479	3
0.479	2
0.479	3
0.479	4
0.479	4
0.479	1
0.479	1
0.479	1
0.479	2
0.479	1
0.479	1
0.479	1
0.479	1
0.479	3
0.479	1
0.479	1
0.479	2
0.479	2
0.479	2
0.479	2
0.479	3
0.479	3
0.479	1
0.479	1
0.479	1
0.479	1
0.479	1
0.479	1
0.479	3
0.479	2
0.479	1
0.479	1
0.479	1
0.479	1
0.479	1
0.479	1
0.479	1
0.479	1
0.479	1
0.479	1
0.479	3
0.479	2
0.479	2
0.479	1
0.479	3
0.48	3
0.48	1
0.48	2
0.48	1
0.48	1
0.48	3
0.48	3
0.48	3
0.48	1
0.48	2
0.48	2
0.48	4
0.48	3
0.48	1
0.48	3
0.48	1
0.48	3
0.48	3
0.48	1
0.48	1
0.48	1
0.48	1
0.48	3
0.48	3
0.48	2
0.48	2
0.48	1
0.48	1
0.48	2
0.48	3
0.48	2
0.48	2
0.481	2
0.481	3
0.481	3
0.481	1
0.481	4
0.481	1
0.481	1
0.481	1
0.481	2
0.481	2
0.481	2
0.481	1
0.481	1
0.481	1
0.481	1
0.481	1
0.481	3
0.481	1
0.481	2
0.481	2
0.481	1
0.481	1
0.481	1
0.481	1
0.481	2
0.481	1
0.481	1
0.481	1
0.481	1
0.481	1
0.481	1
0.481	1
0.481	1
0.481	2
0.481	1
0.482	3
0.482	2
0.482	4
0.482	2
0.482	4
0.482	4
0.482	3
0.482	2
0.482	1
0.482	3
0.482	1
0.482	1
0.482	1
0.482	1
0.482	2
0.482	3
0.482	3
0.482	3
0.482	3
0.482	4
0.482	1
0.482	1
0.482	1
0.482	1
0.482	2
0.482	1
0.482	1
0.482	1
0.482	1
0.482	1
0.482	1
0.482	1
0.482	2
0.482	2
0.482	1
0.482	1
0.482	2
0.482	1
0.482	1
0.482	1
0.482	3
0.482	1
0.482	2
0.482	2
0.482	1
0.482	1
0.482	1
0.482	1
0.482	3
0.482	2
0.482	3
0.482	3
0.482	1
0.482	1
0.482	1
0.482	1
0.483	4
0.483	4
0.483	4
0.483	2
0.483	3
0.483	1
0.483	1
0.483	1
0.483	2
0.483	3
0.483	4
0.483	4
0.483	1
0.483	1
0.483	1
0.483	1
0.483	1
0.483	1
0.483	3
0.483	1
0.483	1
0.483	3
0.483	3
0.483	2
0.483	1
0.483	2
0.483	2
0.483	1
0.483	1
0.483	2
0.483	2
0.483	2
0.483	2
0.483	3
0.483	1
0.483	1
0.483	1
0.483	1
0.483	3
0.483	2
0.484	2
0.484	4
0.484	2
0.484	3
0.484	3
0.484	3
0.484	3
0.484	2
0.484	2
0.484	3
0.484	3
0.484	3
0.484	4
0.484	1
0.484	2
0.484	2
0.484	2
0.484	2
0.484	1
0.484	1
0.484	2
0.484	4
0.484	1
0.484	1
0.484	3
0.484	2
0.484	2
0.484	1
0.484	1
0.484	2
0.484	2
0.484	3
0.484	2
0.484	2
0.484	2
0.484	2
0.484	2
0.484	1
0.484	1
0.484	1
0.484	1
0.484	1
0.484	1
0.484	1
0.484	1
0.484	1
0.484	1
0.484	1
0.484	1
0.484	1
0.484	1
0.484	3
0.484	1
0.484	2
0.484	3
0.484	3
0.484	2
0.485	3
0.485	2
0.485	3
0.485	3
0.485	2
0.485	2
0.485	1
0.485	3
0.485	3
0.485	1
0.485	2
0.485	3
0.485	3
0.485	3
0.485	3
0.485	1
0.485	2
0.485	1
0.485	2
0.485	1
0.485	1
0.485	1
0.485	1
0.485	1
0.485	3
0.485	3
0.485	3
0.485	3
0.485	1
0.485	1
0.485	1
0.485	1
0.485	2
0.485	2
0.485	1
0.485	1
0.485	1
0.485	1
0.485	1
0.485	3
0.485	3
0.485	2
0.485	2
0.485	1
0.485	1
0.485	1
0.485	1
0.485	1
0.485	1
0.486	2
0.486	1
0.486	3
0.486	3
0.486	2
0.486	2
0.486	3
0.486	3
0.486	3
0.486	1
0.486	2
0.486	2
0.486	2
0.486	1
0.486	1
0.486	1
0.486	3
0.486	3
0.486	1
0.486	1
0.486	3
0.486	2
0.486	2
0.486	4
0.486	1
0.486	1
0.486	2
0.486	2
0.486	2
0.486	2
0.486	3
0.486	3
0.486	2
0.486	2
0.486	2
0.486	2
0.486	2
0.486	2
0.486	2
0.486	2
0.486	1
0.486	1
0.486	1
0.486	3
0.486	2
0.486	1
0.486	1
0.486	1
0.486	1
0.486	1
0.486	3
0.486	1
0.486	1
0.486	1
0.487	4
0.487	3
0.487	2
0.487	2
0.487	1
0.487	2
0.487	2
0.487	3
0.487	3
0.487	2
0.487	3
0.487	4
0.487	1
0.487	1
0.487	1
0.487	1
0.487	3
0.487	1
0.487	3
0.487	3
0.487	2
0.487	2
0.487	1
0.487	1
0.487	1
0.487	1
0.487	2
0.487	2
0.487	3
0.487	2
0.487	2
0.487	2
0.487	1
0.487	1
0.487	3
0.487	2
0.487	3
0.487	2
0.488	4
0.488	3
0.488	4
0.488	3
0.488	3
0.488	1
0.488	1
0.488	2
0.488	2
0.488	3
0.488	2
0.488	1
0.488	1
0.488	2
0.488	2
0.488	2
0.488	1
0.488	4
0.488	1
0.488	1
0.488	1
0.488	1
0.488	1
0.488	1
0.488	3
0.488	3
0.488	1
0.488	1
0.488	2
0.488	2
0.488	1
0.488	1
0.488	1
0.488	1
0.488	3
0.488	2
0.488	2
0.488	2
0.488	4
0.488	4
0.488	1
0.488	1
0.488	1
0.488	1
0.488	1
0.488	2
0.488	2
0.488	2
0.488	2
0.488	2
0.488	2
0.488	3
0.488	3
0.488	3
0.488	2
0.488	2
0.488	2
0.488	2
0.488	2
0.488	2
0.488	2
0.488	1
0.488	1
0.488	1
0.488	1
0.488	1
0.488	1
0.488	2
0.488	2
0.488	3
0.489	3
0.489	3
0.489	4
0.489	2
0.489	3
0.489	3
0.489	2
0.489	2
0.489	3
0.489	3
0.489	1
0.489	2
0.489	1
0.489	2
0.489	1
0.489	1
0.489	1
0.489	1
0.489	1
0.489	1
0.489	1
0.489	3
0.489	3
0.489	3
0.489	2
0.489	4
0.489	1
0.489	1
0.489	1
0.489	1
0.489	1
0.489	2
0.489	2
0.489	3
0.489	2
0.489	1
0.489	3
0.489	2
0.489	1
0.489	1
0.489	1
0.489	1
0.489	1
0.489	1
0.489	1
0.489	1
0.49	4
0.49	2
0.49	3
0.49	3
0.49	2
0.49	2
0.49	2
0.49	2
0.49	3
0.49	3
0.49	3
0.49	3
0.49	1
0.49	1
0.49	1
0.49	2
0.49	2
0.49	3
0.49	4
0.49	1
0.49	1
0.49	2
0.49	1
0.49	1
0.49	1
0.49	2
0.49	2
0.49	3
0.49	1
0.49	1
0.49	1
0.49	1
0.49	1
0.49	1
0.49	1
0.49	1
0.49	1
0.49	2
0.49	1
0.49	2
0.49	1
0.49	1
0.49	3
0.49	3
0.49	2
0.49	2
0.49	2
0.49	2
0.49	2
0.49	2
0.49	4
0.49	4
0.49	4
0.49	1
0.49	1
0.49	1
0.49	1
0.49	1
0.49	1
0.49	1
0.49	2
0.49	2
0.49	2
0.49	2
0.49	3
0.49	3
0.49	2
0.49	2
0.49	2
0.49	2
0.49	1
0.49	1
0.49	1
0.49	3
0.49	2
0.49	1
0.491	3
0.491	2
0.491	2
0.491	1
0.491	1
0.491	3
0.491	3
0.491	1
0.491	2
0.491	2
0.491	2
0.491	3
0.491	1
0.491	1
0.491	2
0.491	2
0.491	3
0.491	1
0.491	1
0.491	1
0.491	1
0.491	1
0.491	1
0.491	3
0.491	3
0.491	2
0.491	1
0.491	3
0.491	3
0.491	2
0.491	2
0.491	1
0.491	3
0.491	3
0.491	2
0.491	2
0.491	4
0.491	1
0.491	1
0.491	1
0.491	1
0.491	1
0.491	1
0.491	1
0.491	3
0.491	3
0.491	3
0.492	2
0.492	3
0.492	2
0.492	3
0.492	3
0.492	3
0.492	3
0.492	1
0.492	1
0.492	1
0.492	1
0.492	2
0.492	2
0.492	2
0.492	1
0.492	2
0.492	2
0.492	2
0.492	1
0.492	1
0.492	1
0.492	1
0.492	1
0.492	1
0.492	3
0.492	3
0.492	1
0.492	1
0.492	3
0.492	1
0.492	1
0.492	2
0.492	2
0.492	3
0.492	2
0.492	1
0.492	1
0.492	1
0.492	3
0.492	3
0.492	3
0.492	3
0.492	3
0.492	3
0.492	2
0.492	3
0.492	3
0.492	2
0.492	2
0.492	2
0.492	4
0.492	4
0.492	1
0.492	1
0.492	1
0.492	1
0.492	2
0.492	2
0.492	3
0.492	2
0.492	1
0.492	1
0.492	2
0.492	2
0.493	4
0.493	4
0.493	3
0.493	2
0.493	2
0.493	1
0.493	1
0.493	1
0.493	3
0.493	1
0.493	2
0.493	3
0.493	2
0.493	2
0.493	2
0.493	2
0.493	2
0.493	2
0.493	4
0.493	4
0.493	1
0.493	1
0.493	1
0.493	1
0.493	1
0.493	1
0.493	1
0.493	1
0.493	1
0.493	2
0.493	3
0.493	3
0.493	3
0.493	2
0.493	2
0.493	2
0.493	1
0.493	3
0.493	3
0.493	3
0.493	2
0.493	1
0.493	2
0.493	2
0.493	2
0.493	2
0.493	1
0.493	1
0.493	1
0.493	1
0.493	1
0.493	1
0.493	1
0.493	1
0.493	1
0.493	1
0.493	1
0.493	1
0.493	1
0.494	4
0.494	4
0.494	3
0.494	4
0.494	2
0.494	3
0.494	3
0.494	2
0.494	2
0.494	3
0.494	1
0.494	1
0.494	1
0.494	1
0.494	1
0.494	2
0.494	2
0.494	2
0.494	2
0.494	2
0.494	1
0.494	1
0.494	4
0.494	1
0.494	1
0.494	1
0.494	1
0.494	3
0.494	2
0.494	1
0.494	1
0.494	1
0.494	1
0.494	2
0.494	2
0.494	2
0.494	3
0.494	2
0.494	1
0.494	1
0.494	3
0.494	3
0.494	3
0.494	3
0.494	3
0.494	3
0.494	2
0.494	2
0.494	4
0.494	1
0.494	1
0.494	2
0.494	2
0.494	1
0.494	1
0.494	1
0.494	3
0.494	3
0.494	2
0.494	2
0.494	1
0.494	2
0.494	2
0.495	4
0.495	2
0.495	3
0.495	2
0.495	1
0.495	1
0.495	1
0.495	1
0.495	3
0.495	3
0.495	1
0.495	2
0.495	2
0.495	2
0.495	1
0.495	1
0.495	2
0.495	1
0.495	4
0.495	4
0.495	3
0.495	2
0.495	3
0.495	1
0.495	1
0.495	1
0.495	1
0.495	1
0.495	2
0.495	3
0.495	3
0.495	2
0.495	2
0.495	2
0.495	2
0.495	2
0.495	2
0.495	3
0.495	3
0.495	2
0.495	2
0.495	2
0.495	2
0.495	1
0.495	1
0.495	3
0.495	2
0.496	2
0.496	4
0.496	4
0.496	2
0.496	3
0.496	3
0.496	2
0.496	2
0.496	2
0.496	1
0.496	1
0.496	3
0.496	3
0.496	1
0.496	2
0.496	1
0.496	2
0.496	2
0.496	3
0.496	3
0.496	1
0.496	2
0.496	2
0.496	1
0.496	1
0.496	1
0.496	1
0.496	1
0.496	1
0.496	1
0.496	1
0.496	3
0.496	2
0.496	2
0.496	1
0.496	1
0.496	1
0.496	1
0.496	1
0.496	1
0.496	1
0.496	2
0.496	2
0.496	1
0.496	3
0.496	3
0.496	3
0.496	2
0.496	1
0.496	1
0.496	2
0.496	2
0.496	3
0.496	2
0.496	1
0.496	1
0.496	3
0.496	1
0.496	1
0.497	3
0.497	2
0.497	3
0.497	2
0.497	1
0.497	1
0.497	1
0.497	1
0.497	1
0.497	1
0.497	2
0.497	2
0.497	3
0.497	1
0.497	1
0.497	1
0.497	1
0.497	1
0.497	1
0.497	1
0.497	1
0.497	3
0.497	3
0.497	1
0.497	1
0.497	2
0.497	1
0.497	1
0.497	1
0.497	1
0.497	1
0.497	3
0.497	2
0.497	4
0.497	4
0.497	1
0.497	1
0.497	1
0.497	1
0.497	1
0.497	2
0.497	2
0.497	3
0.497	2
0.497	2
0.497	2
0.497	1
0.497	1
0.497	1
0.497	1
0.497	1
0.498	4
0.498	3
0.498	3
0.498	2
0.498	3
0.498	2
0.498	2
0.498	3
0.498	1
0.498	1
0.498	1
0.498	2
0.498	1
0.498	2
0.498	2
0.498	2
0.498	1
0.498	1
0.498	1
0.498	1
0.498	2
0.498	3
0.498	3
0.498	1
0.498	3
0.498	3
0.498	3
0.498	1
0.498	2
0.498	2
0.498	2
0.498	1
0.498	1
0.498	1
0.498	1
0.498	1
0.498	2
0.498	4
0.498	1
0.498	1
0.498	1
0.498	2
0.498	2
0.498	1
0.498	3
0.498	2
0.498	3
0.498	1
0.498	3
0.498	3
0.499	4
0.499	3
0.499	4
0.499	2
0.499	2
0.499	2
0.499	1
0.499	1
0.499	1
0.499	1
0.499	1
0.499	1
0.499	2
0.499	4
0.499	1
0.499	1
0.499	2
0.499	2
0.499	2
0.499	2
0.499	2
0.499	2
0.499	3
0.499	2
0.499	2
0.499	4
0.499	4
0.499	1
0.499	1
0.499	2
0.499	2
0.499	3
0.499	3
0.499	3
0.499	3
0.499	1
0.499	1
0.499	1
0.499	2
0.499	1
0.499	1
0.499	1
0.499	1
0.499	3
0.499	3
0.499	3
0.499	3
0.499	3
0.499	3
0.499	2
0.499	2
0.499	4
0.499	1
0.499	1
0.499	2
0.499	2
0.499	3
0.499	2
0.499	1
0.499	1
0.5	4
0.5	4
0.5	2
0.5	3
0.5	2
0.5	3
0.5	3
0.5	3
0.5	1
0.5	1
0.5	2
0.5	1
0.5	3
0.5	2
0.5	1
0.5	2
0.5	2
0.5	2
0.5	2
0.5	3
0.5	2
0.5	2
0.5	1
0.5	1
0.5	1
0.5	1
0.5	1
0.5	1
0.5	3
0.5	3
0.5	3
0.5	3
0.5	1
0.5	2
0.5	2
0.5	1
0.5	1
0.5	3
0.5	3
0.5	2
0.5	2
0.5	1
0.5	3
0.5	3
0.5	3
0.5	2
0.5	1
0.5	2
0.5	2
0.5	3
0.5	2
0.5	1
0.5	1
0.5	1
0.5	1
0.5	1
0.5	1
0.5	1
0.5	2
0.5	1
0.5	1
0.501	3
0.501	4
0.501	2
0.501	3
0.501	2
0.501	2
0.501	1
0.501	1
0.501	1
0.501	1
0.501	1
0.501	2
0.501	2
0.501	2
0.501	2
0.501	2
0.501	3
0.501	3
0.501	1
0.501	1
0.501	1
0.501	2
0.501	2
0.501	2
0.501	2
0.501	1
0.501	3
0.501	3
0.501	3
0.501	1
0.501	1
0.501	1
0.501	2
0.501	2
0.501	3
0.501	2
0.501	1
0.501	3
0.501	3
0.501	3
0.501	2
0.501	4
0.501	1
0.501	1
0.501	1
0.501	1
0.501	3
0.501	2
0.501	1
0.502	4
0.502	3
0.502	3
0.502	2
0.502	3
0.502	2
0.502	2
0.502	3
0.502	3
0.502	3
0.502	2
0.502	2
0.502	3
0.502	3
0.502	2
0.502	3
0.502	3
0.502	1
0.502	2
0.502	1
0.502	1
0.502	2
0.502	2
0.502	2
0.502	3
0.502	3
0.502	4
0.502	2
0.502	2
0.502	1
0.502	1
0.502	1
0.502	3
0.502	3
0.502	3
0.502	2
0.502	3
0.502	2
0.502	4
0.502	1
0.502	1
0.502	2
0.502	2
0.502	2
0.502	2
0.502	2
0.502	2
0.502	2
0.503	3
0.503	3
0.503	4
0.503	4
0.503	2
0.503	2
0.503	3
0.503	2
0.503	3
0.503	3
0.503	2
0.503	2
0.503	1
0.503	1
0.503	2
0.503	2
0.503	1
0.503	2
0.503	1
0.503	1
0.503	1
0.503	1
0.503	2
0.503	2
0.503	3
0.503	3
0.503	2
0.503	1
0.503	2
0.503	1
0.503	1
0.503	1
0.503	2
0.503	2
0.503	2
0.503	2
0.503	2
0.503	2
0.503	1
0.503	3
0.503	1
0.503	1
0.503	1
0.503	1
0.503	1
0.503	2
0.503	1
0.503	3
0.503	3
0.503	3
0.503	2
0.503	1
0.503	3
0.503	1
0.503	1
0.504	4
0.504	4
0.504	4
0.504	2
0.504	2
0.504	3
0.504	2
0.504	2
0.504	4
0.504	1
0.504	2
0.504	2
0.504	2
0.504	1
0.504	2
0.504	1
0.504	1
0.504	1
0.504	1
0.504	2
0.504	1
0.504	1
0.504	2
0.504	2
0.504	1
0.504	1
0.504	3
0.504	1
0.504	1
0.504	1
0.504	1
0.504	3
0.504	2
0.504	1
0.504	3
0.504	3
0.504	3
0.504	2
0.504	2
0.504	2
0.504	2
0.504	2
0.504	3
0.504	3
0.504	2
0.504	3
0.504	1
0.504	1
0.505	3
0.505	2
0.505	3
0.505	3
0.505	3
0.505	3
0.505	3
0.505	3
0.505	3
0.505	1
0.505	1
0.505	1
0.505	2
0.505	2
0.505	1
0.505	1
0.505	1
0.505	1
0.505	2
0.505	2
0.505	3
0.505	3
0.505	3
0.505	3
0.505	2
0.505	2
0.505	1
0.505	1
0.505	1
0.505	1
0.505	1
0.505	2
0.505	2
0.505	2
0.505	2
0.505	3
0.505	3
0.505	1
0.505	1
0.505	1
0.505	2
0.505	3
0.505	2
0.505	1
0.505	1
0.505	1
0.505	1
0.505	1
0.505	1
0.505	1
0.505	3
0.505	3
0.505	2
0.506	4
0.506	3
0.506	4
0.506	2
0.506	2
0.506	2
0.506	3
0.506	2
0.506	1
0.506	1
0.506	2
0.506	2
0.506	2
0.506	3
0.506	3
0.506	2
0.506	2
0.506	1
0.506	1
0.506	2
0.506	1
0.506	1
0.506	1
0.506	3
0.506	3
0.506	1
0.506	1
0.506	3
0.506	1
0.506	2
0.506	4
0.506	4
0.506	1
0.506	1
0.506	1
0.506	1
0.506	2
0.506	2
0.506	1
0.506	1
0.506	3
0.506	2
0.506	3
0.507	4
0.507	3
0.507	2
0.507	4
0.507	2
0.507	3
0.507	3
0.507	3
0.507	3
0.507	3
0.507	1
0.507	2
0.507	3
0.507	1
0.507	2
0.507	1
0.507	1
0.507	1
0.507	1
0.507	2
0.507	2
0.507	2
0.507	2
0.507	3
0.507	3
0.507	4
0.507	2
0.507	1
0.507	2
0.507	2
0.507	2
0.507	1
0.507	1
0.507	1
0.507	1
0.507	1
0.507	2
0.507	2
0.507	3
0.507	3
0.507	3
0.507	1
0.507	3
0.507	1
0.507	1
0.507	1
0.507	1
0.507	1
0.507	1
0.507	1
0.507	1
0.507	1
0.507	1
0.507	1
0.507	1
0.507	1
0.507	1
0.507	2
0.508	4
0.508	4
0.508	4
0.508	4
0.508	2
0.508	2
0.508	2
0.508	3
0.508	3
0.508	3
0.508	1
0.508	2
0.508	2
0.508	2
0.508	2
0.508	1
0.508	2
0.508	2
0.508	1
0.508	1
0.508	2
0.508	3
0.508	3
0.508	2
0.508	4
0.508	2
0.508	2
0.508	2
0.508	1
0.508	1
0.508	1
0.508	2
0.508	1
0.508	3
0.508	3
0.508	1
0.508	1
0.508	1
0.508	1
0.508	1
0.508	1
0.508	3
0.508	3
0.508	3
0.508	3
0.508	3
0.508	3
0.508	2
0.508	2
0.508	2
0.508	2
0.508	3
0.508	3
0.508	1
0.508	1
0.508	3
0.508	3
0.508	2
0.508	2
0.508	1
0.509	4
0.509	3
0.509	2
0.509	3
0.509	2
0.509	2
0.509	3
0.509	3
0.509	2
0.509	3
0.509	3
0.509	3
0.509	3
0.509	1
0.509	1
0.509	1
0.509	1
0.509	2
0.509	2
0.509	1
0.509	1
0.509	2
0.509	1
0.509	1
0.509	1
0.509	1
0.509	1
0.509	1
0.509	1
0.509	1
0.509	3
0.509	1
0.509	1
0.509	3
0.509	3
0.509	4
0.509	4
0.509	4
0.509	2
0.509	1
0.509	2
0.509	2
0.509	1
0.509	1
0.509	1
0.509	1
0.509	1
0.509	3
0.509	3
0.509	1
0.509	3
0.509	3
0.509	2
0.509	2
0.509	1
0.509	2
0.509	2
0.509	3
0.509	1
0.51	3
0.51	2
0.51	3
0.51	2
0.51	2
0.51	3
0.51	2
0.51	2
0.51	2
0.51	3
0.51	3
0.51	2
0.51	3
0.51	4
0.51	1
0.51	1
0.51	1
0.51	1
0.51	1
0.51	2
0.51	1
0.51	2
0.51	2
0.51	2
0.51	1
0.51	1
0.51	3
0.51	3
0.51	2
0.51	2
0.51	3
0.51	4
0.51	2
0.51	2
0.51	1
0.51	2
0.51	2
0.51	2
0.51	2
0.51	2
0.51	1
0.51	3
0.51	1
0.51	3
0.51	2
0.51	2
0.51	4
0.51	1
0.51	1
0.51	2
0.51	2
0.51	2
0.511	3
0.511	3
0.511	2
0.511	2
0.511	3
0.511	2
0.511	2
0.511	2
0.511	3
0.511	3
0.511	2
0.511	2
0.511	2
0.511	1
0.511	1
0.511	2
0.511	2
0.511	1
0.511	1
0.511	2
0.511	2
0.511	1
0.511	1
0.511	1
0.511	1
0.511	3
0.511	2
0.511	3
0.511	3
0.511	3
0.511	4
0.511	4
0.511	2
0.511	1
0.511	2
0.511	2
0.511	1
0.511	3
0.511	3
0.511	1
0.511	2
0.511	2
0.511	3
0.511	3
0.511	1
0.511	1
0.511	1
0.511	3
0.512	4
0.512	4
0.512	4
0.512	2
0.512	4
0.512	3
0.512	2
0.512	2
0.512	1
0.512	2
0.512	2
0.512	2
0.512	2
0.512	2
0.512	1
0.512	1
0.512	1
0.512	1
0.512	1
0.512	1
0.512	1
0.512	1
0.512	1
0.512	1
0.512	1
0.512	1
0.512	3
0.512	3
0.512	3
0.512	2
0.512	2
0.512	2
0.512	3
0.512	2
0.512	2
0.512	1
0.512	1
0.512	2
0.512	2
0.512	4
0.512	1
0.512	1
0.512	1
0.512	1
0.512	1
0.512	3
0.512	3
0.512	3
0.512	2
0.512	1
0.512	1
0.512	1
0.512	1
0.513	4
0.513	4
0.513	2
0.513	1
0.513	2
0.513	3
0.513	1
0.513	1
0.513	2
0.513	1
0.513	1
0.513	1
0.513	1
0.513	1
0.513	1
0.513	1
0.513	1
0.513	1
0.513	1
0.513	1
0.513	1
0.513	1
0.513	1
0.513	3
0.513	2
0.513	3
0.513	3
0.513	4
0.513	1
0.513	1
0.513	1
0.513	1
0.513	3
0.513	2
0.513	4
0.513	1
0.513	1
0.513	1
0.513	1
0.513	3
0.513	2
0.513	1
0.514	4
0.514	4
0.514	3
0.514	2
0.514	2
0.514	4
0.514	4
0.514	2
0.514	3
0.514	4
0.514	1
0.514	1
0.514	1
0.514	2
0.514	2
0.514	2
0.514	2
0.514	2
0.514	1
0.514	1
0.514	1
0.514	1
0.514	1
0.514	1
0.514	1
0.514	1
0.514	1
0.514	1
0.514	1
0.514	1
0.514	3
0.514	3
0.514	2
0.514	2
0.514	2
0.514	2
0.514	1
0.514	1
0.514	1
0.514	2
0.514	2
0.514	1
0.514	3
0.514	3
0.514	2
0.514	2
0.514	2
0.514	1
0.514	1
0.514	1
0.514	3
0.514	3
0.515	3
0.515	3
0.515	3
0.515	4
0.515	2
0.515	3
0.515	3
0.515	3
0.515	2
0.515	2
0.515	2
0.515	2
0.515	3
0.515	1
0.515	3
0.515	1
0.515	1
0.515	1
0.515	2
0.515	2
0.515	1
0.515	1
0.515	4
0.515	1
0.515	1
0.515	1
0.515	1
0.515	1
0.515	1
0.515	1
0.515	1
0.515	1
0.515	1
0.515	1
0.515	1
0.515	3
0.515	2
0.515	2
0.515	2
0.515	2
0.515	2
0.515	1
0.515	2
0.515	2
0.515	3
0.515	3
0.515	1
0.515	1
0.515	1
0.515	3
0.515	3
0.515	3
0.515	2
0.515	1
0.515	1
0.515	1
0.515	1
0.515	1
0.515	2
0.516	4
0.516	4
0.516	2
0.516	2
0.516	2
0.516	3
0.516	3
0.516	1
0.516	3
0.516	3
0.516	1
0.516	1
0.516	1
0.516	1
0.516	1
0.516	1
0.516	1
0.516	1
0.516	1
0.516	1
0.516	2
0.516	1
0.516	1
0.516	1
0.516	1
0.516	1
0.516	1
0.516	1
0.516	1
0.516	1
0.516	1
0.516	1
0.516	1
0.516	1
0.516	3
0.516	2
0.516	4
0.516	4
0.516	2
0.516	2
0.516	2
0.516	1
0.516	1
0.516	4
0.516	4
0.516	1
0.516	1
0.516	3
0.516	2
0.516	2
0.516	2
0.516	3
0.516	3
0.516	2
0.516	2
0.516	2
0.516	2
0.516	1
0.516	3
0.516	2
0.516	3
0.516	1
0.516	1
0.516	1
0.517	3
0.517	4
0.517	2
0.517	3
0.517	3
0.517	2
0.517	3
0.517	3
0.517	2
0.517	2
0.517	3
0.517	4
0.517	1
0.517	1
0.517	2
0.517	2
0.517	2
0.517	2
0.517	2
0.517	2
0.517	1
0.517	1
0.517	1
0.517	2
0.517	1
0.517	4
0.517	4
0.517	1
0.517	1
0.517	1
0.517	1
0.517	1
0.517	1
0.517	1
0.517	1
0.517	1
0.517	1
0.517	4
0.517	2
0.517	2
0.517	1
0.517	1
0.517	2
0.517	1
0.518	4
0.518	4
0.518	3
0.518	2
0.518	2
0.518	3
0.518	2
0.518	2
0.518	3
0.518	4
0.518	1
0.518	1
0.518	1
0.518	2
0.518	2
0.518	2
0.518	1
0.518	1
0.518	2
0.518	2
0.518	2
0.518	1
0.518	3
0.518	2
0.518	2
0.518	1
0.518	1
0.518	4
0.518	1
0.518	1
0.518	1
0.518	1
0.518	1
0.518	1
0.518	1
0.518	1
0.518	3
0.518	3
0.518	4
0.518	2
0.518	1
0.518	1
0.518	1
0.518	3
0.518	4
0.518	1
0.518	1
0.518	2
0.518	2
0.518	2
0.518	2
0.518	3
0.518	3
0.518	3
0.518	3
0.518	1
0.518	1
0.518	1
0.518	1
0.518	1
0.518	3
0.518	2
0.518	2
0.519	3
0.519	3
0.519	2
0.519	2
0.519	3
0.519	3
0.519	3
0.519	2
0.519	2
0.519	2
0.519	1
0.519	2
0.519	3
0.519	1
0.519	2
0.519	2
0.519	2
0.519	2
0.519	2
0.519	2
0.519	1
0.519	3
0.519	1
0.519	1
0.519	2
0.519	1
0.519	4
0.519	4
0.519	4
0.519	1
0.519	1
0.519	1
0.519	1
0.519	3
0.519	3
0.519	2
0.519	2
0.519	3
0.519	2
0.519	2
0.519	2
0.519	1
0.519	2
0.519	2
0.519	2
0.519	2
0.519	3
0.519	1
0.519	1
0.519	1
0.519	1
0.519	1
0.519	1
0.519	3
0.519	2
0.519	1
0.519	1
0.519	2
0.519	2
0.519	2
0.52	4
0.52	4
0.52	4
0.52	2
0.52	2
0.52	3
0.52	2
0.52	3
0.52	1
0.52	3
0.52	3
0.52	1
0.52	1
0.52	1
0.52	1
0.52	3
0.52	3
0.52	1
0.52	2
0.52	2
0.52	2
0.52	1
0.52	1
0.52	1
0.52	4
0.52	1
0.52	1
0.52	1
0.52	1
0.52	1
0.52	1
0.52	3
0.52	2
0.52	3
0.52	4
0.52	2
0.52	2
0.52	4
0.52	1
0.52	1
0.52	3
0.52	3
0.52	3
0.52	2
0.52	4
0.52	4
0.52	1
0.52	1
0.52	1
0.52	1
0.52	1
0.52	1
0.52	1
0.52	1
0.52	1
0.52	2
0.521	4
0.521	4
0.521	2
0.521	3
0.521	4
0.521	1
0.521	3
0.521	1
0.521	1
0.521	2
0.521	2
0.521	3
0.521	3
0.521	3
0.521	3
0.521	1
0.521	1
0.521	1
0.521	2
0.521	1
0.521	4
0.521	4
0.521	1
0.521	1
0.521	1
0.521	1
0.521	1
0.521	1
0.521	1
0.521	1
0.521	3
0.521	2
0.521	4
0.521	1
0.521	1
0.521	3
0.521	3
0.521	2
0.521	1
0.521	1
0.521	3
0.521	2
0.521	3
0.521	3
0.521	1
0.521	1
0.521	1
0.521	2
0.522	3
0.522	3
0.522	4
0.522	2
0.522	2
0.522	4
0.522	2
0.522	2
0.522	3
0.522	3
0.522	2
0.522	3
0.522	2
0.522	1
0.522	1
0.522	1
0.522	1
0.522	3
0.522	3
0.522	3
0.522	3
0.522	3
0.522	1
0.522	2
0.522	2
0.522	1
0.522	1
0.522	1
0.522	2
0.522	1
0.522	2
0.522	3
0.522	1
0.522	3
0.522	1
0.522	2
0.522	1
0.522	1
0.522	3
0.522	3
0.522	3
0.522	3
0.522	3
0.522	3
0.522	2
0.522	2
0.522	1
0.522	1
0.523	4
0.523	3
0.523	2
0.523	3
0.523	3
0.523	2
0.523	2
0.523	2
0.523	3
0.523	1
0.523	2
0.523	3
0.523	4
0.523	4
0.523	1
0.523	1
0.523	1
0.523	2
0.523	2
0.523	2
0.523	2
0.523	2
0.523	2
0.523	1
0.523	2
0.523	2
0.523	2
0.523	3
0.523	3
0.523	3
0.523	3
0.523	3
0.523	3
0.523	1
0.523	1
0.523	4
0.523	1
0.523	1
0.523	1
0.523	1
0.523	1
0.523	2
0.523	3
0.523	2
0.523	3
0.523	2
0.523	2
0.523	1
0.523	1
0.523	2
0.523	2
0.523	4
0.523	3
0.523	3
0.523	2
0.523	2
0.523	1
0.523	1
0.523	1
0.523	1
0.523	1
0.523	1
0.523	1
0.523	1
0.523	1
0.523	1
0.523	3
0.523	3
0.523	3
0.523	1
0.524	3
0.524	4
0.524	2
0.524	3
0.524	2
0.524	3
0.524	3
0.524	3
0.524	4
0.524	1
0.524	1
0.524	1
0.524	1
0.524	1
0.524	1
0.524	3
0.524	3
0.524	2
0.524	3
0.524	3
0.524	3
0.524	3
0.524	2
0.524	1
0.524	1
0.524	1
0.524	1
0.524	1
0.524	1
0.524	1
0.524	1
0.524	2
0.524	3
0.524	2
0.524	2
0.524	2
0.524	2
0.524	2
0.524	1
0.524	1
0.524	2
0.524	2
0.524	2
0.524	2
0.524	1
0.524	1
0.524	1
0.524	3
0.524	3
0.524	2
0.524	2
0.524	3
0.525	2
0.525	2
0.525	2
0.525	3
0.525	2
0.525	2
0.525	3
0.525	3
0.525	3
0.525	2
0.525	3
0.525	4
0.525	4
0.525	1
0.525	1
0.525	1
0.525	1
0.525	1
0.525	2
0.525	2
0.525	3
0.525	2
0.525	2
0.525	2
0.525	3
0.525	3
0.525	3
0.525	3
0.525	3
0.525	1
0.525	1
0.525	1
0.525	1
0.525	1
0.525	1
0.525	2
0.525	1
0.525	2
0.525	4
0.525	4
0.525	1
0.525	1
0.525	1
0.525	1
0.525	1
0.525	1
0.525	1
0.525	3
0.526	4
0.526	4
0.526	4
0.526	4
0.526	3
0.526	4
0.526	2
0.526	2
0.526	2
0.526	3
0.526	3
0.526	3
0.526	2
0.526	2
0.526	3
0.526	1
0.526	3
0.526	1
0.526	2
0.526	2
0.526	3
0.526	3
0.526	3
0.526	3
0.526	2
0.526	2
0.526	2
0.526	2
0.526	3
0.526	3
0.526	3
0.526	2
0.526	3
0.526	3
0.526	4
0.526	4
0.526	1
0.526	1
0.526	1
0.526	2
0.526	2
0.526	2
0.526	3
0.526	1
0.526	1
0.526	1
0.526	1
0.526	2
0.526	2
0.526	3
0.526	3
0.526	1
0.526	1
0.526	2
0.527	4
0.527	3
0.527	3
0.527	3
0.527	4
0.527	4
0.527	2
0.527	2
0.527	2
0.527	3
0.527	1
0.527	1
0.527	2
0.527	3
0.527	1
0.527	2
0.527	1
0.527	1
0.527	1
0.527	1
0.527	2
0.527	2
0.527	2
0.527	3
0.527	2
0.527	2
0.527	3
0.527	3
0.527	3
0.527	2
0.527	2
0.527	1
0.527	1
0.527	4
0.527	1
0.527	1
0.527	3
0.527	3
0.527	2
0.527	1
0.527	3
0.527	1
0.527	1
0.527	1
0.527	1
0.527	2
0.527	2
0.527	1
0.527	2
0.527	2
0.527	2
0.527	1
0.528	4
0.528	4
0.528	3
0.528	2
0.528	3
0.528	3
0.528	4
0.528	4
0.528	2
0.528	3
0.528	3
0.528	3
0.528	1
0.528	1
0.528	1
0.528	1
0.528	2
0.528	3
0.528	3
0.528	1
0.528	1
0.528	2
0.528	1
0.528	4
0.528	1
0.528	1
0.528	1
0.528	1
0.528	3
0.528	3
0.528	2
0.528	2
0.528	2
0.528	2
0.528	1
0.528	4
0.528	3
0.528	3
0.528	4
0.528	1
0.528	1
0.528	1
0.528	1
0.528	1
0.528	2
0.528	1
0.528	2
0.528	2
0.529	2
0.529	4
0.529	3
0.529	3
0.529	3
0.529	4
0.529	4
0.529	1
0.529	1
0.529	1
0.529	1
0.529	2
0.529	2
0.529	1
0.529	1
0.529	1
0.529	1
0.529	1
0.529	1
0.529	2
0.529	2
0.529	2
0.529	3
0.529	3
0.529	3
0.529	1
0.529	2
0.529	1
0.529	1
0.529	1
0.529	1
0.529	1
0.529	2
0.529	2
0.529	4
0.529	3
0.529	3
0.529	1
0.529	1
0.529	2
0.529	2
0.529	3
0.529	3
0.529	2
0.529	2
0.529	1
0.529	1
0.529	1
0.529	2
0.529	2
0.529	2
0.53	3
0.53	3
0.53	3
0.53	3
0.53	2
0.53	3
0.53	3
0.53	4
0.53	3
0.53	3
0.53	2
0.53	3
0.53	1
0.53	3
0.53	3
0.53	3
0.53	3
0.53	2
0.53	2
0.53	1
0.53	1
0.53	3
0.53	3
0.53	3
0.53	3
0.53	1
0.53	4
0.53	1
0.53	1
0.53	2
0.53	2
0.53	2
0.53	1
0.53	1
0.53	4
0.53	4
0.53	1
0.53	3
0.53	3
0.53	3
0.53	2
0.53	1
0.53	1
0.53	1
0.53	3
0.53	3
0.53	3
0.53	1
0.53	3
0.53	1
0.53	1
0.531	4
0.531	4
0.531	2
0.531	2
0.531	1
0.531	2
0.531	2
0.531	3
0.531	3
0.531	1
0.531	2
0.531	1
0.531	1
0.531	1
0.531	1
0.531	1
0.531	2
0.531	2
0.531	2
0.531	1
0.531	1
0.531	1
0.531	1
0.531	2
0.531	3
0.531	3
0.531	2
0.531	1
0.531	4
0.531	3
0.531	2
0.531	3
0.531	2
0.531	2
0.531	3
0.531	2
0.531	4
0.531	1
0.531	1
0.531	2
0.531	2
0.531	3
0.531	3
0.531	3
0.531	1
0.531	1
0.531	2
0.532	4
0.532	3
0.532	3
0.532	3
0.532	2
0.532	3
0.532	4
0.532	1
0.532	1
0.532	2
0.532	2
0.532	2
0.532	3
0.532	3
0.532	4
0.532	1
0.532	1
0.532	2
0.532	2
0.532	1
0.532	1
0.532	2
0.532	2
0.532	2
0.532	3
0.532	3
0.532	3
0.532	1
0.532	2
0.532	1
0.532	1
0.532	1
0.532	1
0.532	1
0.532	3
0.532	2
0.532	4
0.532	1
0.532	1
0.532	2
0.532	1
0.532	2
0.532	2
0.532	2
0.532	2
0.532	1
0.532	2
0.532	2
0.532	1
0.532	1
0.532	1
0.532	1
0.532	1
0.532	1
0.532	1
0.532	1
0.532	1
0.532	1
0.532	1
0.532	1
0.532	3
0.532	1
0.532	3
0.532	3
0.533	4
0.533	4
0.533	4
0.533	4
0.533	2
0.533	3
0.533	2
0.533	3
0.533	3
0.533	1
0.533	1
0.533	2
0.533	2
0.533	2
0.533	3
0.533	2
0.533	2
0.533	1
0.533	1
0.533	2
0.533	1
0.533	1
0.533	1
0.533	1
0.533	1
0.533	1
0.533	2
0.533	2
0.533	1
0.533	1
0.533	3
0.533	3
0.533	2
0.533	3
0.533	3
0.533	1
0.533	1
0.533	1
0.533	1
0.533	1
0.533	1
0.533	3
0.533	1
0.533	2
0.533	2
0.533	2
0.533	2
0.533	1
0.533	3
0.533	3
0.533	3
0.533	2
0.533	4
0.533	1
0.533	1
0.533	1
0.533	1
0.533	1
0.533	3
0.533	3
0.533	3
0.533	2
0.533	2
0.533	2
0.533	2
0.533	1
0.533	1
0.533	1
0.533	1
0.533	3
0.533	3
0.533	1
0.533	2
0.534	3
0.534	3
0.534	3
0.534	3
0.534	3
0.534	4
0.534	2
0.534	3
0.534	3
0.534	1
0.534	3
0.534	1
0.534	1
0.534	1
0.534	2
0.534	2
0.534	2
0.534	1
0.534	1
0.534	2
0.534	1
0.534	2
0.534	2
0.534	2
0.534	1
0.534	1
0.534	2
0.534	2
0.534	3
0.534	2
0.534	3
0.534	3
0.534	3
0.534	1
0.534	2
0.534	3
0.534	1
0.534	1
0.534	3
0.534	2
0.534	2
0.534	2
0.534	2
0.534	2
0.534	3
0.534	3
0.534	3
0.534	3
0.534	1
0.534	3
0.534	2
0.534	2
0.534	1
0.534	1
0.534	1
0.534	1
0.534	2
0.534	1
0.534	1
0.534	2
0.535	4
0.535	3
0.535	2
0.535	2
0.535	2
0.535	4
0.535	3
0.535	2
0.535	1
0.535	3
0.535	3
0.535	3
0.535	3
0.535	3
0.535	1
0.535	2
0.535	2
0.535	2
0.535	1
0.535	1
0.535	1
0.535	2
0.535	1
0.535	1
0.535	1
0.535	1
0.535	2
0.535	2
0.535	3
0.535	3
0.535	4
0.535	4
0.535	3
0.535	2
0.535	2
0.535	1
0.535	1
0.535	1
0.535	1
0.535	2
0.535	1
0.535	3
0.535	3
0.535	3
0.535	2
0.535	1
0.535	1
0.535	1
0.535	3
0.535	2
0.535	1
0.535	1
0.535	1
0.535	3
0.535	1
0.536	3
0.536	3
0.536	3
0.536	3
0.536	4
0.536	2
0.536	3
0.536	3
0.536	3
0.536	1
0.536	2
0.536	2
0.536	1
0.536	1
0.536	1
0.536	2
0.536	1
0.536	2
0.536	2
0.536	1
0.536	1
0.536	1
0.536	1
0.536	2
0.536	2
0.536	3
0.536	2
0.536	2
0.536	1
0.536	1
0.536	1
0.536	1
0.536	1
0.536	3
0.536	2
0.536	3
0.536	3
0.536	3
0.536	2
0.536	4
0.536	4
0.536	1
0.536	1
0.536	1
0.536	1
0.536	2
0.536	2
0.536	1
0.536	2
0.537	4
0.537	4
0.537	3
0.537	2
0.537	2
0.537	3
0.537	3
0.537	3
0.537	2
0.537	2
0.537	1
0.537	2
0.537	1
0.537	2
0.537	2
0.537	1
0.537	1
0.537	1
0.537	1
0.537	1
0.537	1
0.537	3
0.537	2
0.537	3
0.537	1
0.537	1
0.537	1
0.537	1
0.537	1
0.537	2
0.537	4
0.537	2
0.537	2
0.537	1
0.537	1
0.537	3
0.537	1
0.537	1
0.537	1
0.537	2
0.537	3
0.537	1
0.537	1
0.537	2
0.537	2
0.537	1
0.537	3
0.538	4
0.538	4
0.538	4
0.538	3
0.538	4
0.538	2
0.538	2
0.538	2
0.538	4
0.538	3
0.538	3
0.538	1
0.538	1
0.538	2
0.538	2
0.538	3
0.538	1
0.538	1
0.538	1
0.538	2
0.538	2
0.538	2
0.538	1
0.538	1
0.538	2
0.538	2
0.538	2
0.538	1
0.538	1
0.538	2
0.538	3
0.538	3
0.538	3
0.538	2
0.538	2
0.538	3
0.538	3
0.538	4
0.538	1
0.538	1
0.538	1
0.538	3
0.538	3
0.538	3
0.538	4
0.538	3
0.538	3
0.538	2
0.538	2
0.538	1
0.538	1
0.538	1
0.538	1
0.538	1
0.538	3
0.538	1
0.538	2
0.538	2
0.539	4
0.539	3
0.539	2
0.539	2
0.539	3
0.539	3
0.539	1
0.539	1
0.539	2
0.539	2
0.539	2
0.539	1
0.539	1
0.539	1
0.539	2
0.539	2
0.539	1
0.539	2
0.539	2
0.539	3
0.539	3
0.539	4
0.539	1
0.539	1
0.539	3
0.539	4
0.539	4
0.539	3
0.539	1
0.539	1
0.539	3
0.539	3
0.539	2
0.539	2
0.539	1
0.539	1
0.539	1
0.539	1
0.539	2
0.539	1
0.539	1
0.539	1
0.539	1
0.539	3
0.539	3
0.539	2
0.539	1
0.54	4
0.54	4
0.54	3
0.54	3
0.54	2
0.54	2
0.54	3
0.54	2
0.54	3
0.54	3
0.54	1
0.54	1
0.54	3
0.54	1
0.54	2
0.54	1
0.54	1
0.54	1
0.54	1
0.54	1
0.54	1
0.54	1
0.54	2
0.54	2
0.54	1
0.54	1
0.54	1
0.54	1
0.54	1
0.54	2
0.54	1
0.54	1
0.54	2
0.54	1
0.54	1
0.54	1
0.54	3
0.54	2
0.54	1
0.54	3
0.54	1
0.54	1
0.54	2
0.54	2
0.54	1
0.54	1
0.54	1
0.54	3
0.54	2
0.54	3
0.54	3
0.54	1
0.54	1
0.54	3
0.54	1
0.54	1
0.541	4
0.541	4
0.541	3
0.541	3
0.541	4
0.541	4
0.541	2
0.541	4
0.541	2
0.541	3
0.541	1
0.541	3
0.541	3
0.541	1
0.541	1
0.541	3
0.541	3
0.541	1
0.541	2
0.541	2
0.541	2
0.541	2
0.541	2
0.541	2
0.541	2
0.541	1
0.541	1
0.541	1
0.541	1
0.541	1
0.541	2
0.541	2
0.541	1
0.541	1
0.541	1
0.541	1
0.541	2
0.541	2
0.541	3
0.541	3
0.541	1
0.541	1
0.541	3
0.541	3
0.541	3
0.541	2
0.541	2
0.541	4
0.541	3
0.541	2
0.541	2
0.541	2
0.541	2
0.541	2
0.541	2
0.541	1
0.541	2
0.541	2
0.541	1
0.541	1
0.541	1
0.541	1
0.541	1
0.541	1
0.541	1
0.541	1
0.541	2
0.541	2
0.542	4
0.542	4
0.542	3
0.542	2
0.542	2
0.542	2
0.542	3
0.542	2
0.542	3
0.542	1
0.542	1
0.542	1
0.542	1
0.542	2
0.542	2
0.542	2
0.542	1
0.542	1
0.542	1
0.542	1
0.542	1
0.542	1
0.542	2
0.542	2
0.542	2
0.542	1
0.542	1
0.542	2
0.542	1
0.542	1
0.542	2
0.542	3
0.542	3
0.542	3
0.542	4
0.542	1
0.542	2
0.542	3
0.542	3
0.542	2
0.542	2
0.542	3
0.542	1
0.542	1
0.542	1
0.542	1
0.542	1
0.542	2
0.542	2
0.542	1
0.542	2
0.542	3
0.542	3
0.542	2
0.542	2
0.542	2
0.542	2
0.542	1
0.542	1
0.542	1
0.542	1
0.542	1
0.542	1
0.542	1
0.542	1
0.542	3
0.542	1
0.542	2
0.542	1
0.542	3
0.542	3
0.543	4
0.543	4
0.543	3
0.543	3
0.543	3
0.543	3
0.543	4
0.543	2
0.543	2
0.543	3
0.543	3
0.543	3
0.543	3
0.543	1
0.543	2
0.543	2
0.543	2
0.543	2
0.543	2
0.543	2
0.543	2
0.543	2
0.543	2
0.543	1
0.543	1
0.543	1
0.543	1
0.543	1
0.543	2
0.543	1
0.543	2
0.543	2
0.543	2
0.543	2
0.543	3
0.543	2
0.543	1
0.543	1
0.543	1
0.543	3
0.543	3
0.543	1
0.543	1
0.543	4
0.543	1
0.543	1
0.543	2
0.543	2
0.543	2
0.543	2
0.543	2
0.543	2
0.543	3
0.543	3
0.543	3
0.543	3
0.543	3
0.543	3
0.543	2
0.543	2
0.543	2
0.543	2
0.543	3
0.543	3
0.543	2
0.543	2
0.543	1
0.543	1
0.544	4
0.544	3
0.544	3
0.544	4
0.544	2
0.544	3
0.544	3
0.544	3
0.544	3
0.544	1
0.544	1
0.544	1
0.544	1
0.544	2
0.544	2
0.544	2
0.544	1
0.544	1
0.544	1
0.544	1
0.544	2
0.544	1
0.544	1
0.544	1
0.544	1
0.544	1
0.544	1
0.544	1
0.544	1
0.544	2
0.544	2
0.544	2
0.544	2
0.544	3
0.544	3
0.544	1
0.544	1
0.544	1
0.544	2
0.544	2
0.544	3
0.544	3
0.544	2
0.544	1
0.544	1
0.544	1
0.544	1
0.544	3
0.544	2
0.544	1
0.544	1
0.545	4
0.545	4
0.545	4
0.545	4
0.545	3
0.545	3
0.545	4
0.545	4
0.545	2
0.545	3
0.545	3
0.545	3
0.545	3
0.545	1
0.545	1
0.545	4
0.545	1
0.545	1
0.545	2
0.545	2
0.545	2
0.545	2
0.545	2
0.545	2
0.545	1
0.545	2
0.545	2
0.545	1
0.545	2
0.545	1
0.545	1
0.545	1
0.545	1
0.545	1
0.545	1
0.545	2
0.545	3
0.545	3
0.545	1
0.545	1
0.545	2
0.545	1
0.545	1
0.545	3
0.545	3
0.545	1
0.545	1
0.545	4
0.545	4
0.545	4
0.545	1
0.545	1
0.545	1
0.545	1
0.545	1
0.545	1
0.545	1
0.545	2
0.545	2
0.545	3
0.545	3
0.545	1
0.545	2
0.545	3
0.545	2
0.545	3
0.545	1
0.545	3
0.545	2
0.546	4
0.546	4
0.546	4
0.546	3
0.546	3
0.546	4
0.546	2
0.546	3
0.546	2
0.546	2
0.546	1
0.546	1
0.546	3
0.546	1
0.546	1
0.546	1
0.546	1
0.546	1
0.546	2
0.546	2
0.546	1
0.546	2
0.546	3
0.546	3
0.546	1
0.546	1
0.546	1
0.546	1
0.546	2
0.546	3
0.546	1
0.546	2
0.546	2
0.546	4
0.546	4
0.546	4
0.546	1
0.546	1
0.546	1
0.546	1
0.546	2
0.546	1
0.546	1
0.546	1
0.546	1
0.546	2
0.546	2
0.546	2
0.547	4
0.547	4
0.547	4
0.547	3
0.547	3
0.547	3
0.547	3
0.547	3
0.547	3
0.547	4
0.547	2
0.547	3
0.547	3
0.547	3
0.547	4
0.547	4
0.547	1
0.547	1
0.547	1
0.547	2
0.547	2
0.547	2
0.547	1
0.547	1
0.547	2
0.547	1
0.547	2
0.547	1
0.547	2
0.547	2
0.547	2
0.547	4
0.547	1
0.547	1
0.547	1
0.547	1
0.547	4
0.547	1
0.547	1
0.547	1
0.547	4
0.547	4
0.547	4
0.547	4
0.547	4
0.547	4
0.547	3
0.547	3
0.547	3
0.547	2
0.547	2
0.547	2
0.547	4
0.547	1
0.547	1
0.547	1
0.547	1
0.547	2
0.547	3
0.547	2
0.547	2
0.547	1
0.547	1
0.547	1
0.547	1
0.547	3
0.547	1
0.547	1
0.547	1
0.547	1
0.548	4
0.548	4
0.548	3
0.548	2
0.548	3
0.548	3
0.548	1
0.548	3
0.548	3
0.548	3
0.548	4
0.548	1
0.548	1
0.548	1
0.548	1
0.548	1
0.548	1
0.548	1
0.548	1
0.548	1
0.548	2
0.548	3
0.548	2
0.548	1
0.548	2
0.548	1
0.548	1
0.548	1
0.548	1
0.548	3
0.548	3
0.548	3
0.548	2
0.548	2
0.548	2
0.548	1
0.548	4
0.548	4
0.548	3
0.548	2
0.548	2
0.548	2
0.548	1
0.548	1
0.548	1
0.548	1
0.548	2
0.548	3
0.548	2
0.548	1
0.549	3
0.549	3
0.549	3
0.549	2
0.549	2
0.549	3
0.549	3
0.549	3
0.549	3
0.549	3
0.549	3
0.549	3
0.549	3
0.549	1
0.549	3
0.549	4
0.549	4
0.549	4
0.549	1
0.549	1
0.549	1
0.549	1
0.549	1
0.549	1
0.549	1
0.549	1
0.549	2
0.549	1
0.549	1
0.549	1
0.549	1
0.549	1
0.549	1
0.549	3
0.549	1
0.549	4
0.549	4
0.549	3
0.549	2
0.549	3
0.549	2
0.549	2
0.549	2
0.549	2
0.549	2
0.549	2
0.549	2
0.549	3
0.549	2
0.549	1
0.549	4
0.549	4
0.549	3
0.549	2
0.549	1
0.549	1
0.549	2
0.549	1
0.549	1
0.549	1
0.549	1
0.549	3
0.549	3
0.549	2
0.549	3
0.55	4
0.55	4
0.55	4
0.55	3
0.55	4
0.55	3
0.55	2
0.55	2
0.55	2
0.55	2
0.55	3
0.55	3
0.55	3
0.55	3
0.55	3
0.55	3
0.55	3
0.55	4
0.55	1
0.55	1
0.55	1
0.55	2
0.55	2
0.55	2
0.55	2
0.55	2
0.55	2
0.55	1
0.55	1
0.55	2
0.55	2
0.55	2
0.55	2
0.55	3
0.55	2
0.55	2
0.55	1
0.55	1
0.55	3
0.55	2
0.55	4
0.55	2
0.55	1
0.55	2
0.55	3
0.55	2
0.55	2
0.55	2
0.55	3
0.55	3
0.55	2
0.55	2
0.55	2
0.55	2
0.55	1
0.55	2
0.55	3
0.55	2
0.55	1
0.55	3
0.551	4
0.551	4
0.551	4
0.551	3
0.551	3
0.551	3
0.551	3
0.551	2
0.551	3
0.551	3
0.551	3
0.551	3
0.551	3
0.551	3
0.551	3
0.551	4
0.551	4
0.551	1
0.551	1
0.551	1
0.551	1
0.551	2
0.551	2
0.551	2
0.551	1
0.551	1
0.551	2
0.551	2
0.551	1
0.551	1
0.551	2
0.551	3
0.551	1
0.551	1
0.551	1
0.551	3
0.551	2
0.551	3
0.551	1
0.551	1
0.551	1
0.551	1
0.551	1
0.551	1
0.551	1
0.551	1
0.551	2
0.551	1
0.551	2
0.551	2
0.551	2
0.551	2
0.551	1
0.551	2
0.551	2
0.551	1
0.551	1
0.551	1
0.551	1
0.551	1
0.551	1
0.551	1
0.551	1
0.551	1
0.551	2
0.552	4
0.552	4
0.552	4
0.552	4
0.552	3
0.552	3
0.552	4
0.552	4
0.552	2
0.552	2
0.552	3
0.552	3
0.552	3
0.552	3
0.552	3
0.552	3
0.552	1
0.552	1
0.552	2
0.552	2
0.552	2
0.552	1
0.552	1
0.552	1
0.552	1
0.552	1
0.552	1
0.552	3
0.552	3
0.552	1
0.552	2
0.552	3
0.552	4
0.552	1
0.552	1
0.552	1
0.552	1
0.552	1
0.552	4
0.552	1
0.552	1
0.552	2
0.552	2
0.552	2
0.552	2
0.552	3
0.552	3
0.552	3
0.552	3
0.552	1
0.552	2
0.552	2
0.552	3
0.552	3
0.552	2
0.552	2
0.552	3
0.552	1
0.553	4
0.553	4
0.553	3
0.553	3
0.553	3
0.553	2
0.553	3
0.553	3
0.553	2
0.553	3
0.553	3
0.553	2
0.553	3
0.553	3
0.553	3
0.553	4
0.553	1
0.553	1
0.553	1
0.553	1
0.553	1
0.553	1
0.553	2
0.553	3
0.553	3
0.553	3
0.553	3
0.553	2
0.553	2
0.553	2
0.553	1
0.553	1
0.553	3
0.553	3
0.553	3
0.553	1
0.553	1
0.553	1
0.553	1
0.553	1
0.553	2
0.553	2
0.553	2
0.553	2
0.553	3
0.553	3
0.553	3
0.553	3
0.553	2
0.553	2
0.553	1
0.553	1
0.553	2
0.553	1
0.554	3
0.554	3
0.554	2
0.554	3
0.554	2
0.554	1
0.554	2
0.554	3
0.554	3
0.554	3
0.554	3
0.554	2
0.554	2
0.554	2
0.554	1
0.554	2
0.554	2
0.554	2
0.554	2
0.554	3
0.554	1
0.554	1
0.554	1
0.554	3
0.554	3
0.554	2
0.554	2
0.554	3
0.554	3
0.554	3
0.554	3
0.554	3
0.554	1
0.554	1
0.554	1
0.554	3
0.554	1
0.554	1
0.554	4
0.554	4
0.554	3
0.554	2
0.554	4
0.554	4
0.554	1
0.554	1
0.554	1
0.554	1
0.554	1
0.554	1
0.554	1
0.554	2
0.554	1
0.554	1
0.554	1
0.554	1
0.554	1
0.554	2
0.554	2
0.555	3
0.555	2
0.555	4
0.555	2
0.555	2
0.555	3
0.555	3
0.555	3
0.555	3
0.555	2
0.555	2
0.555	3
0.555	3
0.555	3
0.555	1
0.555	1
0.555	1
0.555	2
0.555	2
0.555	2
0.555	2
0.555	1
0.555	2
0.555	2
0.555	2
0.555	3
0.555	3
0.555	1
0.555	1
0.555	1
0.555	2
0.555	3
0.555	2
0.555	4
0.555	4
0.555	4
0.555	4
0.555	4
0.555	3
0.555	1
0.555	3
0.555	3
0.555	2
0.555	4
0.555	4
0.555	1
0.555	1
0.555	1
0.555	1
0.555	2
0.555	2
0.555	3
0.555	3
0.555	2
0.555	2
0.555	1
0.555	2
0.555	3
0.555	2
0.555	1
0.555	3
0.556	4
0.556	4
0.556	4
0.556	3
0.556	3
0.556	2
0.556	2
0.556	2
0.556	3
0.556	1
0.556	1
0.556	2
0.556	2
0.556	2
0.556	3
0.556	3
0.556	4
0.556	4
0.556	2
0.556	2
0.556	1
0.556	1
0.556	1
0.556	1
0.556	1
0.556	1
0.556	1
0.556	3
0.556	3
0.556	1
0.556	3
0.556	4
0.556	3
0.556	1
0.556	2
0.556	1
0.556	1
0.556	4
0.556	4
0.556	4
0.556	4
0.556	3
0.556	3
0.556	2
0.556	2
0.556	1
0.556	2
0.556	2
0.556	1
0.556	3
0.556	1
0.556	2
0.557	3
0.557	2
0.557	3
0.557	2
0.557	2
0.557	3
0.557	1
0.557	2
0.557	2
0.557	2
0.557	2
0.557	3
0.557	3
0.557	3
0.557	3
0.557	4
0.557	2
0.557	1
0.557	1
0.557	1
0.557	2
0.557	1
0.557	1
0.557	2
0.557	2
0.557	4
0.557	1
0.557	1
0.557	1
0.557	2
0.557	3
0.557	3
0.557	1
0.557	1
0.557	1
0.557	4
0.557	3
0.557	3
0.557	2
0.557	2
0.557	1
0.557	1
0.557	4
0.557	4
0.557	4
0.557	4
0.557	3
0.557	3
0.557	2
0.557	2
0.557	4
0.557	1
0.557	1
0.557	2
0.557	2
0.557	3
0.557	3
0.557	1
0.557	1
0.557	3
0.557	1
0.557	2
0.558	4
0.558	4
0.558	4
0.558	4
0.558	4
0.558	3
0.558	3
0.558	2
0.558	4
0.558	2
0.558	3
0.558	3
0.558	1
0.558	1
0.558	1
0.558	2
0.558	2
0.558	2
0.558	2
0.558	3
0.558	4
0.558	2
0.558	1
0.558	1
0.558	2
0.558	2
0.558	1
0.558	2
0.558	1
0.558	1
0.558	1
0.558	3
0.558	3
0.558	2
0.558	2
0.558	2
0.558	2
0.558	2
0.558	2
0.558	2
0.558	2
0.558	1
0.558	1
0.558	1
0.558	2
0.558	2
0.558	3
0.558	3
0.558	2
0.558	2
0.558	1
0.558	2
0.558	2
0.558	3
0.558	3
0.558	2
0.558	2
0.558	1
0.558	1
0.558	2
0.558	1
0.558	1
0.558	1
0.558	1
0.558	3
0.558	1
0.559	3
0.559	3
0.559	3
0.559	2
0.559	2
0.559	2
0.559	3
0.559	3
0.559	1
0.559	2
0.559	2
0.559	2
0.559	3
0.559	3
0.559	3
0.559	3
0.559	1
0.559	2
0.559	2
0.559	2
0.559	2
0.559	2
0.559	2
0.559	1
0.559	2
0.559	1
0.559	1
0.559	1
0.559	1
0.559	1
0.559	1
0.559	1
0.559	1
0.559	1
0.559	3
0.559	3
0.559	2
0.559	2
0.559	1
0.559	1
0.559	2
0.559	2
0.559	1
0.559	4
0.559	4
0.559	3
0.559	2
0.559	4
0.559	1
0.559	1
0.559	1
0.559	2
0.559	3
0.559	2
0.559	2
0.559	1
0.559	1
0.559	1
0.559	1
0.559	2
0.559	1
0.559	2
0.56	4
0.56	3
0.56	3
0.56	3
0.56	3
0.56	3
0.56	2
0.56	2
0.56	3
0.56	3
0.56	2
0.56	3
0.56	1
0.56	1
0.56	2
0.56	2
0.56	3
0.56	4
0.56	2
0.56	1
0.56	1
0.56	1
0.56	1
0.56	3
0.56	4
0.56	1
0.56	1
0.56	1
0.56	1
0.56	2
0.56	2
0.56	1
0.56	1
0.56	1
0.56	3
0.56	2
0.56	3
0.56	1
0.56	1
0.56	1
0.56	1
0.56	3
0.56	2
0.56	4
0.56	1
0.56	1
0.56	2
0.56	2
0.56	3
0.56	3
0.56	2
0.56	2
0.56	2
0.56	2
0.56	1
0.56	2
0.56	3
0.56	2
0.56	1
0.56	1
0.56	3
0.56	2
0.561	4
0.561	4
0.561	4
0.561	3
0.561	4
0.561	4
0.561	2
0.561	2
0.561	3
0.561	3
0.561	3
0.561	2
0.561	2
0.561	2
0.561	2
0.561	3
0.561	1
0.561	3
0.561	3
0.561	3
0.561	2
0.561	3
0.561	3
0.561	4
0.561	2
0.561	1
0.561	2
0.561	1
0.561	1
0.561	2
0.561	2
0.561	3
0.561	2
0.561	1
0.561	1
0.561	3
0.561	1
0.561	1
0.561	1
0.561	1
0.561	1
0.561	1
0.561	1
0.561	2
0.561	1
0.561	4
0.561	4
0.561	3
0.561	2
0.561	1
0.561	1
0.561	3
0.561	1
0.562	4
0.562	3
0.562	4
0.562	2
0.562	1
0.562	4
0.562	1
0.562	2
0.562	3
0.562	3
0.562	3
0.562	1
0.562	2
0.562	1
0.562	4
0.562	1
0.562	1
0.562	1
0.562	1
0.562	2
0.562	2
0.562	2
0.562	1
0.562	1
0.562	1
0.562	1
0.562	4
0.562	3
0.562	3
0.562	1
0.562	1
0.562	3
0.562	2
0.562	1
0.562	4
0.562	4
0.562	3
0.562	2
0.562	4
0.562	1
0.562	1
0.562	2
0.562	2
0.562	2
0.562	2
0.562	3
0.562	3
0.562	3
0.562	3
0.562	3
0.562	2
0.562	1
0.562	1
0.562	2
0.563	4
0.563	4
0.563	3
0.563	3
0.563	2
0.563	3
0.563	3
0.563	1
0.563	1
0.563	4
0.563	4
0.563	3
0.563	3
0.563	2
0.563	2
0.563	2
0.563	1
0.563	2
0.563	1
0.563	1
0.563	1
0.563	1
0.563	1
0.563	2
0.563	3
0.563	3
0.563	2
0.563	1
0.563	1
0.563	1
0.563	1
0.563	1
0.563	2
0.563	2
0.563	2
0.563	3
0.563	3
0.563	3
0.563	2
0.563	1
0.563	3
0.563	3
0.563	1
0.563	1
0.563	3
0.563	3
0.563	1
0.563	1
0.563	2
0.563	3
0.563	2
0.563	1
0.563	1
0.563	2
0.563	2
0.563	1
0.563	1
0.563	3
0.564	4
0.564	3
0.564	3
0.564	2
0.564	1
0.564	1
0.564	3
0.564	1
0.564	2
0.564	2
0.564	3
0.564	3
0.564	1
0.564	1
0.564	1
0.564	1
0.564	1
0.564	2
0.564	2
0.564	3
0.564	3
0.564	1
0.564	4
0.564	4
0.564	4
0.564	2
0.564	3
0.564	2
0.564	1
0.564	1
0.564	4
0.564	4
0.564	3
0.564	3
0.564	1
0.564	1
0.564	1
0.564	2
0.564	1
0.564	4
0.564	4
0.564	3
0.564	2
0.564	4
0.564	4
0.564	1
0.564	1
0.564	1
0.564	1
0.564	1
0.564	2
0.564	1
0.564	1
0.564	1
0.564	1
0.564	2
0.564	3
0.564	1
0.565	4
0.565	4
0.565	4
0.565	4
0.565	3
0.565	4
0.565	4
0.565	3
0.565	3
0.565	2
0.565	2
0.565	3
0.565	1
0.565	3
0.565	3
0.565	3
0.565	1
0.565	1
0.565	1
0.565	4
0.565	1
0.565	2
0.565	2
0.565	2
0.565	2
0.565	4
0.565	4
0.565	2
0.565	2
0.565	1
0.565	2
0.565	2
0.565	1
0.565	1
0.565	2
0.565	3
0.565	4
0.565	4
0.565	4
0.565	2
0.565	3
0.565	3
0.565	2
0.565	4
0.565	4
0.565	3
0.565	1
0.565	1
0.565	3
0.565	3
0.565	2
0.565	2
0.565	3
0.565	3
0.565	1
0.565	1
0.565	2
0.565	3
0.565	2
0.565	3
0.565	1
0.565	2
0.565	1
0.566	4
0.566	4
0.566	4
0.566	4
0.566	4
0.566	4
0.566	2
0.566	4
0.566	2
0.566	2
0.566	3
0.566	3
0.566	1
0.566	1
0.566	1
0.566	3
0.566	1
0.566	2
0.566	2
0.566	2
0.566	4
0.566	3
0.566	3
0.566	2
0.566	2
0.566	2
0.566	2
0.566	1
0.566	1
0.566	2
0.566	3
0.566	3
0.566	2
0.566	2
0.566	1
0.566	1
0.566	3
0.566	3
0.566	3
0.566	4
0.566	1
0.566	1
0.566	3
0.566	1
0.566	1
0.566	1
0.566	1
0.566	2
0.566	1
0.566	1
0.566	4
0.566	4
0.566	4
0.566	4
0.566	3
0.566	3
0.566	2
0.566	2
0.566	1
0.566	1
0.566	1
0.566	1
0.566	3
0.566	2
0.567	4
0.567	3
0.567	3
0.567	2
0.567	2
0.567	2
0.567	3
0.567	3
0.567	3
0.567	1
0.567	3
0.567	3
0.567	1
0.567	1
0.567	2
0.567	2
0.567	4
0.567	1
0.567	1
0.567	1
0.567	3
0.567	1
0.567	1
0.567	3
0.567	3
0.567	3
0.567	2
0.567	2
0.567	2
0.567	3
0.567	1
0.567	4
0.567	4
0.567	2
0.567	2
0.567	1
0.567	1
0.567	4
0.567	3
0.567	1
0.567	3
0.567	3
0.567	3
0.567	3
0.567	4
0.567	1
0.567	1
0.567	2
0.567	2
0.567	2
0.567	1
0.567	1
0.567	1
0.567	1
0.567	3
0.567	2
0.568	4
0.568	4
0.568	4
0.568	4
0.568	3
0.568	4
0.568	2
0.568	3
0.568	3
0.568	3
0.568	3
0.568	3
0.568	2
0.568	3
0.568	1
0.568	1
0.568	4
0.568	4
0.568	2
0.568	3
0.568	3
0.568	1
0.568	1
0.568	2
0.568	2
0.568	2
0.568	2
0.568	3
0.568	3
0.568	3
0.568	1
0.568	1
0.568	1
0.568	3
0.568	3
0.568	3
0.568	3
0.568	2
0.568	3
0.568	4
0.568	4
0.568	2
0.568	2
0.568	3
0.568	1
0.568	3
0.568	1
0.568	1
0.568	2
0.568	2
0.568	2
0.568	2
0.568	2
0.568	3
0.568	2
0.568	3
0.568	1
0.568	2
0.568	1
0.568	1
0.568	2
0.569	4
0.569	4
0.569	4
0.569	3
0.569	2
0.569	4
0.569	2
0.569	3
0.569	3
0.569	3
0.569	3
0.569	3
0.569	3
0.569	1
0.569	4
0.569	2
0.569	2
0.569	2
0.569	4
0.569	2
0.569	1
0.569	2
0.569	3
0.569	3
0.569	3
0.569	1
0.569	1
0.569	1
0.569	2
0.569	2
0.569	2
0.569	1
0.569	3
0.569	3
0.569	2
0.569	2
0.569	1
0.569	1
0.569	1
0.569	1
0.569	4
0.569	3
0.569	1
0.569	1
0.569	1
0.569	4
0.569	4
0.569	3
0.569	2
0.569	2
0.569	2
0.569	3
0.569	3
0.569	2
0.569	1
0.569	1
0.569	1
0.569	1
0.569	1
0.57	4
0.57	4
0.57	4
0.57	2
0.57	3
0.57	1
0.57	4
0.57	2
0.57	2
0.57	3
0.57	1
0.57	1
0.57	1
0.57	1
0.57	1
0.57	2
0.57	1
0.57	2
0.57	1
0.57	3
0.57	2
0.57	3
0.57	1
0.57	1
0.57	4
0.57	2
0.57	4
0.57	3
0.57	1
0.57	1
0.57	1
0.57	1
0.57	3
0.57	3
0.57	1
0.57	2
0.57	2
0.57	3
0.57	3
0.57	1
0.57	2
0.57	3
0.57	2
0.57	2
0.57	1
0.57	1
0.57	1
0.57	1
0.57	3
0.57	2
0.57	3
0.57	1
0.57	2
0.57	2
0.57	2
0.57	2
0.571	4
0.571	4
0.571	4
0.571	4
0.571	4
0.571	3
0.571	4
0.571	4
0.571	3
0.571	3
0.571	3
0.571	3
0.571	3
0.571	3
0.571	4
0.571	4
0.571	1
0.571	2
0.571	2
0.571	2
0.571	1
0.571	1
0.571	1
0.571	1
0.571	2
0.571	2
0.571	3
0.571	3
0.571	1
0.571	1
0.571	1
0.571	1
0.571	1
0.571	1
0.571	1
0.571	2
0.571	4
0.571	2
0.571	2
0.571	1
0.571	1
0.571	1
0.571	3
0.571	1
0.571	1
0.571	1
0.571	2
0.571	4
0.571	1
0.571	1
0.571	1
0.571	1
0.571	2
0.571	3
0.571	2
0.571	3
0.571	1
0.571	2
0.571	2
0.571	2
0.572	5
0.572	3
0.572	4
0.572	4
0.572	3
0.572	3
0.572	3
0.572	3
0.572	2
0.572	3
0.572	3
0.572	3
0.572	1
0.572	1
0.572	4
0.572	3
0.572	4
0.572	2
0.572	1
0.572	1
0.572	1
0.572	2
0.572	2
0.572	1
0.572	1
0.572	3
0.572	3
0.572	1
0.572	1
0.572	1
0.572	1
0.572	1
0.572	1
0.572	1
0.572	1
0.572	2
0.572	2
0.572	3
0.572	3
0.572	2
0.572	2
0.572	1
0.572	1
0.572	1
0.572	4
0.572	2
0.572	1
0.572	4
0.572	3
0.572	3
0.572	4
0.572	1
0.572	1
0.572	2
0.572	1
0.572	1
0.572	1
0.572	1
0.572	1
0.572	3
0.572	1
0.572	1
0.572	1
0.572	1
0.573	4
0.573	4
0.573	2
0.573	2
0.573	4
0.573	4
0.573	3
0.573	3
0.573	4
0.573	4
0.573	3
0.573	3
0.573	3
0.573	3
0.573	3
0.573	3
0.573	1
0.573	1
0.573	3
0.573	1
0.573	4
0.573	2
0.573	2
0.573	3
0.573	2
0.573	2
0.573	2
0.573	2
0.573	2
0.573	2
0.573	2
0.573	1
0.573	2
0.573	2
0.573	1
0.573	1
0.573	1
0.573	1
0.573	3
0.573	4
0.573	4
0.573	2
0.573	2
0.573	3
0.573	3
0.573	4
0.573	2
0.573	3
0.573	3
0.573	1
0.573	1
0.573	1
0.573	1
0.573	1
0.573	4
0.573	4
0.573	3
0.573	2
0.573	2
0.573	2
0.573	1
0.573	2
0.573	3
0.573	2
0.573	2
0.573	1
0.573	1
0.573	1
0.573	1
0.573	3
0.573	1
0.573	1
0.573	1
0.574	4
0.574	4
0.574	3
0.574	3
0.574	2
0.574	4
0.574	4
0.574	2
0.574	2
0.574	4
0.574	3
0.574	3
0.574	1
0.574	3
0.574	1
0.574	2
0.574	2
0.574	2
0.574	2
0.574	1
0.574	1
0.574	1
0.574	1
0.574	1
0.574	2
0.574	4
0.574	4
0.574	4
0.574	1
0.574	1
0.574	3
0.574	2
0.574	4
0.574	4
0.574	2
0.574	1
0.574	1
0.574	1
0.574	4
0.574	4
0.574	1
0.574	3
0.574	3
0.574	2
0.574	4
0.574	4
0.574	3
0.574	2
0.574	1
0.574	2
0.574	3
0.574	2
0.574	2
0.574	1
0.574	3
0.574	3
0.574	3
0.574	3
0.574	2
0.575	4
0.575	4
0.575	4
0.575	4
0.575	4
0.575	3
0.575	3
0.575	2
0.575	4
0.575	4
0.575	4
0.575	3
0.575	3
0.575	3
0.575	3
0.575	3
0.575	1
0.575	4
0.575	3
0.575	2
0.575	1
0.575	1
0.575	1
0.575	1
0.575	2
0.575	2
0.575	2
0.575	1
0.575	1
0.575	1
0.575	4
0.575	1
0.575	3
0.575	3
0.575	3
0.575	2
0.575	3
0.575	1
0.575	4
0.575	2
0.575	3
0.575	2
0.575	3
0.575	3
0.575	2
0.575	2
0.575	3
0.575	3
0.575	1
0.575	2
0.575	1
0.575	1
0.575	1
0.575	1
0.575	1
0.575	3
0.575	3
0.575	3
0.575	2
0.575	2
0.576	4
0.576	4
0.576	4
0.576	3
0.576	4
0.576	2
0.576	4
0.576	4
0.576	3
0.576	2
0.576	2
0.576	2
0.576	4
0.576	3
0.576	3
0.576	3
0.576	3
0.576	1
0.576	1
0.576	2
0.576	2
0.576	1
0.576	1
0.576	1
0.576	1
0.576	1
0.576	1
0.576	2
0.576	1
0.576	4
0.576	1
0.576	2
0.576	3
0.576	3
0.576	2
0.576	2
0.576	3
0.576	3
0.576	4
0.576	2
0.576	1
0.576	1
0.576	1
0.576	3
0.576	1
0.576	2
0.576	1
0.576	2
0.576	2
0.576	1
0.576	1
0.576	2
0.576	3
0.576	2
0.576	2
0.576	1
0.576	1
0.576	1
0.576	1
0.576	1
0.577	4
0.577	2
0.577	4
0.577	4
0.577	2
0.577	2
0.577	4
0.577	4
0.577	3
0.577	3
0.577	3
0.577	3
0.577	1
0.577	3
0.577	1
0.577	4
0.577	4
0.577	2
0.577	4
0.577	2
0.577	2
0.577	2
0.577	2
0.577	2
0.577	3
0.577	3
0.577	3
0.577	1
0.577	2
0.577	1
0.577	1
0.577	1
0.577	3
0.577	3
0.577	3
0.577	3
0.577	2
0.577	2
0.577	2
0.577	3
0.577	2
0.577	1
0.577	1
0.577	4
0.577	4
0.577	2
0.577	2
0.577	4
0.577	1
0.577	1
0.577	4
0.577	1
0.577	1
0.577	1
0.577	3
0.577	1
0.577	1
0.577	1
0.577	1
0.577	1
0.577	1
0.578	3
0.578	3
0.578	3
0.578	3
0.578	3
0.578	1
0.578	2
0.578	2
0.578	4
0.578	3
0.578	1
0.578	1
0.578	1
0.578	2
0.578	1
0.578	3
0.578	3
0.578	3
0.578	3
0.578	1
0.578	1
0.578	1
0.578	1
0.578	1
0.578	2
0.578	2
0.578	1
0.578	1
0.578	3
0.578	3
0.578	3
0.578	4
0.578	2
0.578	3
0.578	1
0.578	1
0.578	1
0.578	2
0.578	2
0.578	3
0.578	3
0.578	2
0.578	2
0.578	1
0.578	2
0.578	2
0.578	3
0.578	3
0.578	3
0.579	4
0.579	2
0.579	2
0.579	2
0.579	2
0.579	4
0.579	3
0.579	4
0.579	4
0.579	2
0.579	2
0.579	1
0.579	2
0.579	2
0.579	1
0.579	1
0.579	2
0.579	2
0.579	3
0.579	3
0.579	1
0.579	1
0.579	1
0.579	1
0.579	2
0.579	2
0.579	3
0.579	2
0.579	4
0.579	2
0.579	1
0.579	2
0.579	2
0.579	1
0.579	3
0.579	1
0.579	2
0.579	4
0.579	4
0.579	3
0.579	2
0.579	1
0.579	2
0.579	2
0.579	1
0.579	1
0.579	2
0.579	1
0.579	1
0.579	1
0.579	1
0.579	3
0.579	1
0.579	1
0.579	1
0.579	1
0.579	3
0.579	3
0.579	3
0.579	3
0.579	3
0.58	3
0.58	3
0.58	4
0.58	2
0.58	4
0.58	4
0.58	4
0.58	2
0.58	3
0.58	3
0.58	3
0.58	3
0.58	2
0.58	3
0.58	3
0.58	3
0.58	1
0.58	2
0.58	2
0.58	2
0.58	2
0.58	2
0.58	3
0.58	3
0.58	3
0.58	3
0.58	1
0.58	1
0.58	1
0.58	1
0.58	1
0.58	3
0.58	3
0.58	2
0.58	3
0.58	4
0.58	2
0.58	3
0.58	1
0.58	3
0.58	3
0.58	3
0.58	4
0.58	1
0.58	1
0.58	2
0.58	2
0.58	3
0.58	3
0.58	1
0.58	2
0.58	3
0.58	2
0.58	1
0.58	1
0.58	1
0.58	1
0.581	5
0.581	3
0.581	3
0.581	2
0.581	2
0.581	3
0.581	2
0.581	2
0.581	2
0.581	2
0.581	3
0.581	3
0.581	3
0.581	3
0.581	1
0.581	1
0.581	4
0.581	2
0.581	2
0.581	2
0.581	2
0.581	2
0.581	1
0.581	2
0.581	2
0.581	2
0.581	1
0.581	1
0.581	3
0.581	3
0.581	3
0.581	2
0.581	3
0.581	4
0.581	1
0.581	1
0.581	1
0.581	1
0.581	1
0.581	1
0.581	1
0.581	1
0.581	1
0.581	2
0.581	3
0.581	2
0.581	3
0.581	4
0.581	2
0.581	2
0.581	1
0.581	1
0.581	4
0.581	3
0.581	1
0.581	2
0.581	1
0.581	2
0.581	2
0.581	3
0.581	3
0.581	2
0.581	2
0.581	1
0.581	2
0.581	1
0.581	1
0.581	1
0.581	1
0.581	3
0.581	3
0.581	3
0.581	3
0.581	1
0.581	1
0.582	4
0.582	4
0.582	3
0.582	3
0.582	2
0.582	2
0.582	2
0.582	4
0.582	4
0.582	3
0.582	3
0.582	3
0.582	1
0.582	1
0.582	3
0.582	3
0.582	1
0.582	1
0.582	2
0.582	2
0.582	2
0.582	2
0.582	2
0.582	3
0.582	2
0.582	3
0.582	2
0.582	1
0.582	1
0.582	1
0.582	1
0.582	1
0.582	1
0.582	3
0.582	3
0.582	2
0.582	2
0.582	2
0.582	3
0.582	3
0.582	2
0.582	4
0.582	2
0.582	4
0.582	4
0.582	3
0.582	2
0.582	4
0.582	1
0.582	1
0.582	1
0.582	2
0.582	2
0.582	1
0.582	2
0.582	3
0.582	2
0.582	3
0.582	3
0.582	3
0.582	3
0.583	2
0.583	4
0.583	3
0.583	3
0.583	2
0.583	2
0.583	2
0.583	2
0.583	3
0.583	3
0.583	4
0.583	3
0.583	4
0.583	1
0.583	1
0.583	2
0.583	3
0.583	1
0.583	4
0.583	4
0.583	1
0.583	1
0.583	1
0.583	2
0.583	1
0.583	3
0.583	3
0.583	4
0.583	4
0.583	1
0.583	1
0.583	1
0.583	3
0.583	3
0.583	4
0.583	1
0.583	1
0.583	2
0.583	2
0.583	3
0.583	3
0.583	2
0.583	2
0.583	2
0.583	2
0.583	1
0.583	1
0.583	1
0.583	1
0.583	1
0.583	1
0.583	1
0.583	1
0.583	1
0.583	1
0.583	1
0.583	1
0.583	1
0.583	1
0.583	1
0.583	1
0.583	1
0.583	3
0.583	3
0.584	3
0.584	2
0.584	2
0.584	3
0.584	2
0.584	3
0.584	4
0.584	3
0.584	3
0.584	4
0.584	2
0.584	2
0.584	2
0.584	1
0.584	2
0.584	2
0.584	1
0.584	1
0.584	1
0.584	1
0.584	1
0.584	1
0.584	2
0.584	3
0.584	2
0.584	2
0.584	1
0.584	1
0.584	4
0.584	4
0.584	1
0.584	1
0.584	1
0.584	2
0.584	3
0.584	2
0.584	2
0.584	1
0.584	4
0.584	2
0.584	1
0.584	1
0.584	2
0.584	2
0.584	4
0.584	4
0.584	3
0.584	2
0.584	1
0.584	2
0.584	2
0.584	3
0.584	3
0.584	2
0.584	2
0.584	2
0.584	2
0.584	2
0.584	2
0.584	3
0.584	3
0.584	3
0.584	3
0.584	2
0.584	2
0.584	2
0.584	2
0.584	2
0.584	2
0.584	2
0.584	1
0.584	1
0.584	1
0.584	1
0.584	1
0.584	1
0.584	1
0.584	1
0.584	1
0.584	1
0.584	1
0.584	1
0.584	1
0.584	1
0.585	4
0.585	3
0.585	3
0.585	4
0.585	4
0.585	2
0.585	2
0.585	4
0.585	4
0.585	4
0.585	2
0.585	2
0.585	2
0.585	2
0.585	3
0.585	3
0.585	3
0.585	3
0.585	3
0.585	1
0.585	2
0.585	4
0.585	4
0.585	1
0.585	1
0.585	1
0.585	1
0.585	3
0.585	1
0.585	1
0.585	2
0.585	2
0.585	1
0.585	1
0.585	1
0.585	1
0.585	1
0.585	3
0.585	3
0.585	3
0.585	2
0.585	3
0.585	4
0.585	2
0.585	3
0.585	3
0.585	3
0.585	2
0.585	4
0.585	4
0.585	3
0.585	2
0.585	4
0.585	1
0.585	1
0.585	1
0.585	1
0.585	2
0.585	2
0.585	2
0.585	3
0.585	3
0.585	3
0.585	2
0.585	2
0.585	2
0.585	3
0.585	2
0.585	2
0.586	4
0.586	5
0.586	3
0.586	4
0.586	4
0.586	2
0.586	4
0.586	3
0.586	1
0.586	2
0.586	2
0.586	2
0.586	2
0.586	2
0.586	2
0.586	1
0.586	1
0.586	2
0.586	2
0.586	2
0.586	1
0.586	1
0.586	3
0.586	3
0.586	1
0.586	1
0.586	4
0.586	1
0.586	1
0.586	1
0.586	1
0.586	1
0.586	2
0.586	3
0.586	3
0.586	2
0.586	2
0.586	4
0.586	2
0.586	3
0.586	1
0.586	1
0.586	1
0.586	2
0.586	3
0.586	3
0.586	4
0.586	1
0.586	1
0.586	2
0.586	2
0.586	3
0.586	3
0.586	1
0.586	3
0.586	3
0.587	3
0.587	3
0.587	3
0.587	3
0.587	4
0.587	4
0.587	4
0.587	4
0.587	2
0.587	2
0.587	3
0.587	4
0.587	3
0.587	2
0.587	2
0.587	4
0.587	2
0.587	1
0.587	1
0.587	1
0.587	2
0.587	2
0.587	3
0.587	3
0.587	3
0.587	3
0.587	3
0.587	2
0.587	1
0.587	1
0.587	1
0.587	1
0.587	1
0.587	3
0.587	3
0.587	2
0.587	4
0.587	1
0.587	2
0.587	2
0.587	4
0.587	4
0.587	3
0.587	2
0.587	1
0.587	1
0.587	2
0.587	1
0.587	1
0.587	1
0.587	1
0.587	1
0.587	1
0.588	3
0.588	3
0.588	2
0.588	2
0.588	2
0.588	3
0.588	3
0.588	2
0.588	2
0.588	3
0.588	3
0.588	1
0.588	2
0.588	2
0.588	2
0.588	2
0.588	3
0.588	1
0.588	1
0.588	1
0.588	1
0.588	1
0.588	2
0.588	2
0.588	2
0.588	2
0.588	4
0.588	3
0.588	3
0.588	1
0.588	4
0.588	1
0.588	1
0.588	1
0.588	1
0.588	2
0.588	2
0.588	3
0.588	2
0.588	1
0.588	3
0.588	1
0.588	1
0.588	3
0.588	3
0.588	2
0.588	4
0.588	4
0.588	3
0.588	2
0.588	5
0.588	1
0.588	1
0.588	2
0.588	2
0.588	1
0.588	2
0.588	3
0.588	2
0.588	2
0.588	2
0.588	1
0.588	1
0.588	1
0.588	1
0.588	1
0.588	1
0.588	1
0.588	1
0.588	2
0.589	3
0.589	3
0.589	4
0.589	4
0.589	2
0.589	2
0.589	3
0.589	3
0.589	3
0.589	1
0.589	4
0.589	2
0.589	2
0.589	2
0.589	2
0.589	2
0.589	2
0.589	2
0.589	2
0.589	2
0.589	2
0.589	1
0.589	2
0.589	2
0.589	2
0.589	2
0.589	3
0.589	3
0.589	3
0.589	2
0.589	1
0.589	4
0.589	1
0.589	1
0.589	3
0.589	2
0.589	2
0.589	3
0.589	2
0.589	1
0.589	1
0.589	3
0.589	1
0.589	1
0.589	1
0.589	1
0.589	2
0.589	3
0.589	3
0.589	1
0.589	1
0.589	1
0.589	1
0.589	2
0.589	2
0.589	3
0.589	3
0.589	2
0.589	2
0.589	3
0.589	3
0.59	4
0.59	3
0.59	3
0.59	3
0.59	3
0.59	2
0.59	3
0.59	4
0.59	2
0.59	1
0.59	1
0.59	2
0.59	2
0.59	2
0.59	1
0.59	1
0.59	1
0.59	2
0.59	1
0.59	2
0.59	4
0.59	4
0.59	2
0.59	2
0.59	3
0.59	3
0.59	3
0.59	1
0.59	2
0.59	1
0.59	1
0.59	1
0.59	1
0.59	1
0.59	1
0.59	3
0.59	4
0.59	2
0.59	3
0.59	4
0.59	2
0.59	4
0.59	3
0.59	1
0.59	2
0.59	2
0.59	4
0.59	4
0.59	3
0.59	2
0.59	2
0.59	2
0.59	3
0.59	3
0.59	2
0.59	3
0.59	1
0.59	1
0.59	1
0.59	1
0.59	1
0.59	1
0.59	1
0.59	1
0.591	4
0.591	4
0.591	4
0.591	4
0.591	3
0.591	3
0.591	3
0.591	4
0.591	4
0.591	2
0.591	4
0.591	4
0.591	3
0.591	3
0.591	4
0.591	4
0.591	3
0.591	3
0.591	4
0.591	4
0.591	3
0.591	2
0.591	2
0.591	2
0.591	2
0.591	2
0.591	1
0.591	2
0.591	1
0.591	1
0.591	2
0.591	2
0.591	4
0.591	4
0.591	3
0.591	1
0.591	4
0.591	1
0.591	1
0.591	1
0.591	1
0.591	1
0.591	2
0.591	4
0.591	3
0.591	1
0.591	3
0.591	1
0.591	1
0.591	3
0.591	3
0.591	1
0.591	1
0.591	1
0.591	1
0.591	1
0.591	1
0.592	5
0.592	3
0.592	4
0.592	3
0.592	3
0.592	3
0.592	3
0.592	3
0.592	3
0.592	4
0.592	4
0.592	2
0.592	2
0.592	2
0.592	3
0.592	3
0.592	3
0.592	4
0.592	2
0.592	2
0.592	2
0.592	1
0.592	3
0.592	3
0.592	2
0.592	3
0.592	3
0.592	3
0.592	2
0.592	1
0.592	3
0.592	2
0.592	1
0.592	4
0.592	3
0.592	1
0.592	1
0.592	1
0.592	1
0.592	2
0.592	5
0.592	1
0.592	1
0.592	2
0.592	2
0.592	3
0.592	3
0.592	2
0.592	2
0.592	2
0.592	2
0.592	3
0.592	3
0.592	3
0.592	3
0.592	3
0.592	2
0.593	3
0.593	3
0.593	3
0.593	3
0.593	3
0.593	3
0.593	4
0.593	4
0.593	4
0.593	4
0.593	3
0.593	3
0.593	4
0.593	2
0.593	2
0.593	3
0.593	3
0.593	1
0.593	4
0.593	3
0.593	3
0.593	2
0.593	2
0.593	2
0.593	2
0.593	2
0.593	1
0.593	1
0.593	1
0.593	1
0.593	4
0.593	3
0.593	1
0.593	4
0.593	4
0.593	1
0.593	1
0.593	3
0.593	2
0.593	3
0.593	4
0.593	2
0.593	4
0.593	3
0.593	1
0.593	1
0.593	2
0.593	2
0.593	2
0.593	3
0.593	3
0.593	3
0.593	1
0.593	3
0.593	3
0.594	3
0.594	3
0.594	4
0.594	4
0.594	3
0.594	3
0.594	3
0.594	3
0.594	4
0.594	2
0.594	1
0.594	2
0.594	2
0.594	2
0.594	1
0.594	1
0.594	1
0.594	1
0.594	3
0.594	2
0.594	3
0.594	3
0.594	2
0.594	2
0.594	1
0.594	1
0.594	1
0.594	1
0.594	1
0.594	3
0.594	3
0.594	2
0.594	2
0.594	1
0.594	1
0.594	3
0.594	1
0.594	3
0.594	1
0.594	1
0.594	2
0.594	4
0.594	4
0.594	3
0.594	2
0.594	5
0.594	1
0.594	1
0.594	2
0.594	2
0.594	2
0.594	2
0.594	2
0.594	2
0.594	2
0.594	2
0.594	3
0.594	3
0.594	3
0.594	3
0.594	3
0.594	3
0.594	3
0.594	3
0.594	1
0.594	1
0.594	1
0.594	1
0.594	1
0.594	1
0.594	1
0.595	4
0.595	3
0.595	3
0.595	3
0.595	4
0.595	4
0.595	4
0.595	4
0.595	4
0.595	3
0.595	3
0.595	3
0.595	1
0.595	1
0.595	2
0.595	3
0.595	4
0.595	4
0.595	2
0.595	2
0.595	1
0.595	1
0.595	1
0.595	2
0.595	1
0.595	2
0.595	2
0.595	2
0.595	4
0.595	2
0.595	3
0.595	3
0.595	1
0.595	1
0.595	1
0.595	2
0.595	1
0.595	3
0.595	2
0.595	3
0.595	2
0.595	4
0.595	2
0.595	1
0.595	4
0.595	3
0.595	1
0.595	1
0.595	3
0.595	3
0.595	1
0.595	1
0.595	1
0.595	1
0.595	2
0.595	2
0.595	2
0.595	2
0.595	2
0.595	2
0.595	3
0.595	3
0.595	3
0.595	3
0.595	3
0.595	3
0.595	1
0.595	1
0.595	2
0.596	4
0.596	4
0.596	4
0.596	5
0.596	3
0.596	4
0.596	4
0.596	3
0.596	3
0.596	4
0.596	2
0.596	3
0.596	3
0.596	1
0.596	1
0.596	2
0.596	2
0.596	4
0.596	3
0.596	3
0.596	1
0.596	1
0.596	1
0.596	1
0.596	2
0.596	2
0.596	2
0.596	1
0.596	1
0.596	3
0.596	4
0.596	3
0.596	3
0.596	4
0.596	1
0.596	2
0.596	4
0.596	4
0.596	2
0.596	4
0.596	3
0.596	2
0.596	2
0.596	4
0.596	4
0.596	3
0.596	2
0.596	5
0.596	5
0.596	5
0.596	5
0.596	1
0.596	1
0.596	1
0.596	1
0.596	1
0.596	1
0.596	1
0.596	1
0.596	1
0.596	1
0.596	1
0.596	2
0.596	3
0.596	3
0.596	3
0.596	3
0.596	3
0.597	4
0.597	3
0.597	3
0.597	4
0.597	4
0.597	4
0.597	4
0.597	4
0.597	2
0.597	2
0.597	2
0.597	3
0.597	1
0.597	1
0.597	1
0.597	1
0.597	1
0.597	2
0.597	1
0.597	1
0.597	1
0.597	2
0.597	2
0.597	3
0.597	2
0.597	3
0.597	3
0.597	3
0.597	2
0.597	1
0.597	1
0.597	1
0.597	2
0.597	1
0.597	2
0.597	1
0.597	3
0.597	1
0.597	3
0.597	3
0.597	5
0.597	5
0.597	5
0.597	1
0.597	1
0.597	1
0.597	1
0.597	1
0.597	1
0.597	2
0.597	2
0.597	3
0.597	3
0.597	1
0.597	1
0.597	2
0.597	2
0.598	4
0.598	4
0.598	4
0.598	4
0.598	4
0.598	3
0.598	2
0.598	4
0.598	3
0.598	3
0.598	2
0.598	2
0.598	2
0.598	2
0.598	2
0.598	2
0.598	2
0.598	2
0.598	2
0.598	1
0.598	1
0.598	2
0.598	2
0.598	2
0.598	1
0.598	1
0.598	2
0.598	2
0.598	2
0.598	1
0.598	1
0.598	4
0.598	1
0.598	1
0.598	1
0.598	1
0.598	1
0.598	3
0.598	2
0.598	3
0.598	2
0.598	4
0.598	2
0.598	1
0.598	4
0.598	1
0.598	1
0.598	2
0.598	2
0.598	2
0.598	2
0.598	2
0.598	4
0.598	4
0.598	4
0.598	4
0.598	4
0.598	4
0.598	4
0.598	4
0.598	3
0.598	3
0.598	3
0.598	3
0.598	2
0.598	2
0.598	2
0.598	2
0.598	2
0.598	2
0.598	3
0.598	3
0.598	2
0.598	2
0.598	1
0.598	1
0.598	1
0.598	1
0.598	1
0.598	1
0.598	1
0.598	1
0.598	1
0.598	2
0.599	5
0.599	4
0.599	3
0.599	3
0.599	4
0.599	4
0.599	4
0.599	3
0.599	3
0.599	3
0.599	3
0.599	3
0.599	3
0.599	3
0.599	4
0.599	2
0.599	2
0.599	1
0.599	1
0.599	1
0.599	2
0.599	2
0.599	2
0.599	1
0.599	2
0.599	2
0.599	1
0.599	1
0.599	2
0.599	2
0.599	1
0.599	1
0.599	3
0.599	2
0.599	2
0.599	3
0.599	3
0.599	3
0.599	1
0.599	1
0.599	3
0.599	2
0.599	4
0.599	2
0.599	1
0.599	4
0.599	2
0.599	1
0.599	3
0.599	3
0.599	3
0.599	3
0.599	3
0.599	3
0.599	3
0.599	3
0.599	2
0.599	2
0.599	2
0.599	4
0.599	4
0.599	4
0.599	4
0.599	4
0.599	4
0.599	3
0.599	3
0.599	3
0.599	2
0.599	2
0.599	2
0.599	1
0.599	2
0.599	2
0.599	2
0.599	2
0.599	3
0.599	3
0.599	3
0.599	3
0.599	2
0.599	2
0.599	3
0.599	3
0.599	2
0.599	2
0.599	3
0.599	3
0.599	1
0.599	1
0.599	2
0.6	4
0.6	5
0.6	3
0.6	3
0.6	3
0.6	4
0.6	4
0.6	4
0.6	4
0.6	4
0.6	3
0.6	3
0.6	2
0.6	1
0.6	2
0.6	2
0.6	2
0.6	2
0.6	2
0.6	2
0.6	2
0.6	2
0.6	1
0.6	1
0.6	1
0.6	2
0.6	2
0.6	4
0.6	4
0.6	3
0.6	4
0.6	1
0.6	3
0.6	2
0.6	3
0.6	2
0.6	1
0.6	2
0.6	1
0.6	3
0.6	1
0.6	1
0.6	2
0.6	2
0.6	2
0.6	2
0.6	3
0.6	3
0.6	3
0.6	3
0.6	3
0.6	3
0.6	5
0.6	1
0.6	1
0.6	1
0.6	1
0.6	3
0.6	1
0.601	4
0.601	3
0.601	2
0.601	4
0.601	4
0.601	4
0.601	3
0.601	3
0.601	4
0.601	4
0.601	2
0.601	2
0.601	2
0.601	3
0.601	2
0.601	2
0.601	4
0.601	4
0.601	1
0.601	2
0.601	2
0.601	2
0.601	2
0.601	1
0.601	1
0.601	3
0.601	3
0.601	2
0.601	1
0.601	4
0.601	1
0.601	2
0.601	3
0.601	4
0.601	2
0.601	3
0.601	2
0.601	4
0.601	2
0.601	3
0.601	1
0.601	1
0.601	2
0.601	2
0.601	2
0.601	5
0.601	5
0.601	1
0.601	1
0.601	1
0.601	1
0.601	2
0.601	1
0.601	1
0.601	1
0.601	1
0.601	1
0.601	1
0.601	3
0.601	3
0.601	1
0.601	2
0.602	4
0.602	4
0.602	3
0.602	3
0.602	3
0.602	4
0.602	4
0.602	4
0.602	4
0.602	1
0.602	2
0.602	2
0.602	2
0.602	1
0.602	1
0.602	2
0.602	2
0.602	3
0.602	1
0.602	2
0.602	1
0.602	3
0.602	2
0.602	4
0.602	2
0.602	1
0.602	4
0.602	3
0.602	1
0.602	1
0.602	1
0.602	1
0.602	1
0.602	1
0.602	1
0.602	1
0.602	2
0.602	4
0.602	4
0.602	3
0.602	2
0.602	2
0.602	3
0.602	2
0.602	3
0.602	2
0.603	4
0.603	2
0.603	2
0.603	3
0.603	3
0.603	4
0.603	3
0.603	3
0.603	3
0.603	3
0.603	1
0.603	2
0.603	2
0.603	2
0.603	2
0.603	2
0.603	1
0.603	2
0.603	2
0.603	2
0.603	2
0.603	1
0.603	2
0.603	2
0.603	1
0.603	1
0.603	1
0.603	1
0.603	4
0.603	3
0.603	1
0.603	1
0.603	1
0.603	1
0.603	3
0.603	3
0.603	2
0.603	3
0.603	2
0.603	1
0.603	2
0.603	3
0.603	1
0.603	1
0.603	1
0.603	1
0.603	1
0.603	1
0.603	1
0.603	1
0.603	1
0.603	1
0.603	1
0.603	3
0.603	3
0.603	2
0.603	2
0.603	4
0.603	4
0.603	4
0.603	4
0.603	3
0.603	3
0.603	2
0.603	2
0.603	3
0.603	3
0.603	1
0.603	1
0.603	3
0.603	1
0.603	2
0.604	4
0.604	4
0.604	4
0.604	4
0.604	2
0.604	2
0.604	4
0.604	4
0.604	4
0.604	4
0.604	3
0.604	3
0.604	2
0.604	3
0.604	1
0.604	4
0.604	2
0.604	2
0.604	2
0.604	2
0.604	4
0.604	4
0.604	4
0.604	2
0.604	2
0.604	2
0.604	2
0.604	1
0.604	1
0.604	1
0.604	2
0.604	1
0.604	2
0.604	3
0.604	3
0.604	3
0.604	1
0.604	1
0.604	1
0.604	2
0.604	3
0.604	2
0.604	3
0.604	4
0.604	2
0.604	3
0.604	1
0.604	4
0.604	3
0.604	3
0.604	3
0.604	3
0.604	1
0.604	1
0.604	1
0.604	2
0.604	3
0.604	3
0.604	3
0.604	3
0.604	1
0.604	1
0.604	1
0.604	1
0.604	1
0.604	3
0.604	3
0.605	4
0.605	5
0.605	5
0.605	4
0.605	2
0.605	2
0.605	2
0.605	4
0.605	4
0.605	4
0.605	2
0.605	4
0.605	4
0.605	3
0.605	3
0.605	3
0.605	3
0.605	3
0.605	4
0.605	2
0.605	2
0.605	2
0.605	2
0.605	2
0.605	1
0.605	1
0.605	1
0.605	1
0.605	2
0.605	2
0.605	2
0.605	1
0.605	1
0.605	2
0.605	2
0.605	2
0.605	3
0.605	1
0.605	3
0.605	3
0.605	2
0.605	4
0.605	2
0.605	1
0.605	4
0.605	2
0.605	3
0.605	3
0.605	3
0.605	3
0.605	1
0.605	1
0.605	1
0.605	1
0.605	3
0.605	3
0.605	3
0.605	2
0.605	2
0.605	1
0.605	1
0.605	2
0.605	1
0.605	1
0.605	1
0.605	1
0.605	3
0.605	3
0.605	1
0.605	3
0.605	1
0.605	3
0.605	3
0.606	4
0.606	4
0.606	5
0.606	4
0.606	4
0.606	3
0.606	3
0.606	2
0.606	2
0.606	2
0.606	4
0.606	3
0.606	3
0.606	3
0.606	1
0.606	3
0.606	4
0.606	2
0.606	1
0.606	1
0.606	1
0.606	1
0.606	1
0.606	2
0.606	2
0.606	1
0.606	1
0.606	2
0.606	3
0.606	4
0.606	1
0.606	1
0.606	1
0.606	2
0.606	1
0.606	3
0.606	3
0.606	2
0.606	3
0.606	1
0.606	4
0.606	4
0.606	4
0.606	4
0.606	3
0.606	3
0.606	3
0.606	1
0.606	1
0.606	1
0.606	1
0.606	1
0.606	2
0.606	3
0.606	2
0.606	3
0.606	1
0.606	1
0.606	3
0.606	3
0.606	1
0.606	1
0.607	5
0.607	5
0.607	4
0.607	2
0.607	2
0.607	2
0.607	4
0.607	4
0.607	3
0.607	1
0.607	4
0.607	4
0.607	3
0.607	3
0.607	3
0.607	3
0.607	2
0.607	2
0.607	2
0.607	2
0.607	2
0.607	2
0.607	1
0.607	1
0.607	1
0.607	2
0.607	2
0.607	1
0.607	1
0.607	1
0.607	2
0.607	2
0.607	4
0.607	2
0.607	3
0.607	2
0.607	1
0.607	1
0.607	1
0.607	1
0.607	2
0.607	3
0.607	2
0.607	3
0.607	4
0.607	2
0.607	4
0.607	2
0.607	4
0.607	4
0.607	4
0.607	1
0.607	1
0.607	1
0.607	1
0.607	1
0.607	2
0.607	2
0.607	3
0.607	3
0.607	1
0.607	1
0.607	3
0.607	1
0.607	3
0.607	1
0.607	1
0.607	3
0.608	2
0.608	2
0.608	2
0.608	4
0.608	4
0.608	3
0.608	3
0.608	3
0.608	3
0.608	4
0.608	2
0.608	3
0.608	1
0.608	3
0.608	1
0.608	1
0.608	2
0.608	2
0.608	2
0.608	2
0.608	2
0.608	2
0.608	1
0.608	2
0.608	2
0.608	2
0.608	2
0.608	2
0.608	3
0.608	4
0.608	1
0.608	1
0.608	1
0.608	1
0.608	3
0.608	3
0.608	2
0.608	1
0.608	1
0.608	1
0.608	1
0.608	3
0.608	1
0.608	1
0.608	1
0.608	2
0.608	1
0.608	1
0.608	1
0.608	1
0.608	3
0.608	3
0.608	1
0.608	1
0.608	3
0.608	3
0.609	4
0.609	4
0.609	4
0.609	4
0.609	3
0.609	3
0.609	4
0.609	4
0.609	2
0.609	2
0.609	4
0.609	4
0.609	4
0.609	4
0.609	2
0.609	1
0.609	3
0.609	1
0.609	1
0.609	1
0.609	1
0.609	2
0.609	2
0.609	1
0.609	1
0.609	3
0.609	3
0.609	4
0.609	2
0.609	1
0.609	1
0.609	1
0.609	1
0.609	2
0.609	1
0.609	3
0.609	3
0.609	2
0.609	1
0.609	2
0.609	4
0.609	4
0.609	4
0.609	4
0.609	2
0.609	2
0.609	2
0.609	2
0.609	1
0.609	1
0.609	1
0.609	3
0.609	1
0.609	3
0.609	3
0.609	2
0.609	2
0.609	2
0.609	2
0.609	3
0.609	3
0.609	3
0.609	3
0.609	2
0.609	3
0.609	2
0.609	3
0.609	3
0.609	1
0.609	3
0.609	3
0.609	1
0.61	4
0.61	4
0.61	4
0.61	4
0.61	4
0.61	4
0.61	4
0.61	4
0.61	2
0.61	2
0.61	3
0.61	4
0.61	4
0.61	4
0.61	2
0.61	2
0.61	2
0.61	2
0.61	1
0.61	1
0.61	2
0.61	2
0.61	2
0.61	1
0.61	2
0.61	1
0.61	1
0.61	3
0.61	2
0.61	1
0.61	2
0.61	1
0.61	1
0.61	2
0.61	3
0.61	2
0.61	2
0.61	3
0.61	4
0.61	4
0.61	4
0.61	2
0.61	2
0.61	2
0.61	4
0.61	3
0.61	3
0.61	1
0.61	1
0.61	1
0.61	1
0.61	2
0.61	3
0.61	2
0.61	2
0.61	1
0.61	1
0.61	1
0.61	1
0.61	1
0.61	1
0.61	1
0.61	1
0.61	3
0.61	1
0.61	3
0.61	1
0.61	1
0.611	4
0.611	4
0.611	4
0.611	5
0.611	5
0.611	3
0.611	3
0.611	4
0.611	4
0.611	5
0.611	4
0.611	2
0.611	2
0.611	3
0.611	3
0.611	3
0.611	1
0.611	1
0.611	4
0.611	4
0.611	2
0.611	1
0.611	1
0.611	1
0.611	2
0.611	1
0.611	1
0.611	1
0.611	4
0.611	1
0.611	1
0.611	1
0.611	3
0.611	4
0.611	2
0.611	1
0.611	2
0.611	2
0.611	2
0.611	2
0.611	4
0.611	4
0.611	5
0.611	5
0.611	1
0.611	1
0.611	1
0.611	1
0.611	1
0.611	2
0.611	2
0.611	3
0.611	3
0.611	2
0.611	2
0.611	2
0.611	1
0.611	1
0.611	1
0.611	1
0.611	1
0.611	3
0.611	1
0.611	1
0.611	3
0.612	4
0.612	4
0.612	3
0.612	5
0.612	2
0.612	2
0.612	2
0.612	4
0.612	3
0.612	3
0.612	3
0.612	1
0.612	1
0.612	2
0.612	2
0.612	2
0.612	4
0.612	3
0.612	2
0.612	2
0.612	2
0.612	2
0.612	2
0.612	1
0.612	1
0.612	2
0.612	2
0.612	2
0.612	1
0.612	2
0.612	2
0.612	3
0.612	3
0.612	2
0.612	1
0.612	4
0.612	2
0.612	1
0.612	1
0.612	1
0.612	1
0.612	2
0.612	2
0.612	3
0.612	2
0.612	2
0.612	2
0.612	1
0.612	2
0.612	2
0.612	3
0.612	3
0.612	1
0.612	2
0.612	3
0.612	2
0.612	2
0.612	1
0.612	1
0.612	1
0.612	1
0.612	3
0.612	1
0.612	3
0.612	3
0.612	3
0.613	4
0.613	3
0.613	3
0.613	3
0.613	3
0.613	5
0.613	5
0.613	2
0.613	4
0.613	4
0.613	4
0.613	4
0.613	2
0.613	4
0.613	3
0.613	2
0.613	2
0.613	2
0.613	2
0.613	2
0.613	2
0.613	2
0.613	4
0.613	4
0.613	2
0.613	2
0.613	2
0.613	2
0.613	1
0.613	2
0.613	2
0.613	2
0.613	1
0.613	2
0.613	2
0.613	4
0.613	3
0.613	1
0.613	2
0.613	1
0.613	2
0.613	1
0.613	3
0.613	4
0.613	2
0.613	2
0.613	2
0.613	2
0.613	1
0.613	1
0.613	1
0.613	1
0.613	4
0.613	2
0.613	1
0.613	1
0.613	2
0.613	2
0.613	4
0.613	4
0.613	4
0.613	4
0.613	3
0.613	3
0.613	2
0.613	2
0.613	1
0.613	3
0.613	3
0.613	2
0.613	3
0.613	1
0.613	1
0.613	3
0.613	3
0.613	1
0.614	5
0.614	3
0.614	2
0.614	3
0.614	3
0.614	2
0.614	2
0.614	2
0.614	3
0.614	3
0.614	3
0.614	4
0.614	4
0.614	2
0.614	2
0.614	1
0.614	1
0.614	1
0.614	1
0.614	1
0.614	2
0.614	3
0.614	3
0.614	1
0.614	4
0.614	1
0.614	1
0.614	3
0.614	2
0.614	2
0.614	2
0.614	2
0.614	2
0.614	3
0.614	3
0.614	3
0.614	3
0.614	2
0.614	2
0.614	2
0.614	1
0.614	1
0.614	1
0.614	4
0.614	4
0.614	2
0.614	2
0.614	3
0.614	3
0.614	3
0.614	3
0.614	5
0.614	1
0.614	1
0.614	2
0.614	3
0.614	1
0.614	2
0.614	1
0.614	1
0.614	1
0.614	1
0.614	3
0.614	1
0.614	1
0.614	1
0.615	4
0.615	4
0.615	4
0.615	4
0.615	4
0.615	4
0.615	3
0.615	3
0.615	3
0.615	3
0.615	3
0.615	5
0.615	2
0.615	2
0.615	3
0.615	3
0.615	4
0.615	4
0.615	2
0.615	2
0.615	3
0.615	3
0.615	2
0.615	2
0.615	3
0.615	3
0.615	2
0.615	2
0.615	2
0.615	2
0.615	1
0.615	1
0.615	2
0.615	2
0.615	1
0.615	2
0.615	2
0.615	3
0.615	3
0.615	3
0.615	2
0.615	1
0.615	4
0.615	2
0.615	1
0.615	1
0.615	3
0.615	3
0.615	4
0.615	4
0.615	4
0.615	4
0.615	2
0.615	2
0.615	2
0.615	3
0.615	3
0.615	3
0.615	2
0.615	2
0.615	2
0.615	1
0.615	3
0.615	3
0.615	2
0.615	2
0.615	2
0.615	1
0.615	1
0.615	1
0.615	3
0.615	3
0.615	3
0.616	4
0.616	4
0.616	4
0.616	4
0.616	3
0.616	2
0.616	2
0.616	4
0.616	4
0.616	4
0.616	4
0.616	3
0.616	3
0.616	4
0.616	4
0.616	4
0.616	3
0.616	3
0.616	4
0.616	2
0.616	1
0.616	1
0.616	1
0.616	2
0.616	1
0.616	2
0.616	1
0.616	1
0.616	5
0.616	3
0.616	1
0.616	2
0.616	1
0.616	1
0.616	2
0.616	3
0.616	2
0.616	4
0.616	4
0.616	4
0.616	2
0.616	2
0.616	2
0.616	4
0.616	4
0.616	3
0.616	2
0.616	2
0.616	2
0.616	3
0.616	3
0.616	1
0.616	1
0.616	3
0.616	3
0.616	2
0.616	2
0.616	2
0.616	1
0.616	1
0.616	1
0.616	3
0.616	3
0.616	1
0.616	3
0.617	4
0.617	4
0.617	4
0.617	4
0.617	3
0.617	3
0.617	3
0.617	3
0.617	3
0.617	3
0.617	2
0.617	2
0.617	4
0.617	3
0.617	4
0.617	4
0.617	3
0.617	3
0.617	3
0.617	2
0.617	2
0.617	2
0.617	2
0.617	2
0.617	2
0.617	2
0.617	1
0.617	2
0.617	2
0.617	1
0.617	3
0.617	2
0.617	3
0.617	3
0.617	1
0.617	4
0.617	1
0.617	3
0.617	3
0.617	3
0.617	3
0.617	3
0.617	2
0.617	1
0.617	1
0.617	1
0.617	1
0.617	1
0.617	3
0.617	3
0.617	1
0.617	2
0.617	3
0.617	1
0.617	1
0.617	1
0.617	3
0.617	3
0.617	2
0.617	2
0.617	2
0.617	2
0.617	2
0.617	1
0.617	1
0.617	1
0.617	1
0.617	1
0.617	1
0.618	4
0.618	3
0.618	3
0.618	5
0.618	5
0.618	4
0.618	3
0.618	4
0.618	4
0.618	2
0.618	2
0.618	1
0.618	1
0.618	1
0.618	2
0.618	2
0.618	5
0.618	2
0.618	3
0.618	3
0.618	3
0.618	2
0.618	1
0.618	1
0.618	1
0.618	1
0.618	2
0.618	3
0.618	3
0.618	3
0.618	3
0.618	2
0.618	2
0.618	2
0.618	2
0.618	3
0.618	3
0.618	3
0.618	2
0.618	3
0.618	2
0.618	2
0.618	1
0.618	1
0.618	1
0.618	1
0.618	2
0.618	5
0.618	1
0.618	1
0.618	1
0.618	1
0.618	3
0.618	3
0.618	3
0.618	3
0.618	2
0.618	2
0.618	2
0.618	2
0.618	2
0.618	2
0.618	1
0.618	1
0.618	1
0.618	1
0.618	1
0.618	1
0.618	3
0.618	1
0.619	4
0.619	3
0.619	3
0.619	3
0.619	3
0.619	3
0.619	5
0.619	2
0.619	2
0.619	3
0.619	3
0.619	3
0.619	2
0.619	4
0.619	4
0.619	3
0.619	3
0.619	4
0.619	2
0.619	1
0.619	2
0.619	1
0.619	1
0.619	3
0.619	5
0.619	3
0.619	1
0.619	2
0.619	1
0.619	1
0.619	1
0.619	1
0.619	1
0.619	3
0.619	3
0.619	3
0.619	3
0.619	3
0.619	3
0.619	3
0.619	2
0.619	2
0.619	2
0.619	4
0.619	2
0.619	2
0.619	3
0.619	3
0.619	3
0.619	3
0.619	2
0.619	2
0.619	3
0.619	3
0.619	2
0.619	2
0.619	3
0.619	3
0.619	1
0.619	3
0.619	3
0.619	3
0.619	3
0.619	2
0.619	2
0.619	3
0.62	3
0.62	3
0.62	3
0.62	5
0.62	2
0.62	4
0.62	4
0.62	3
0.62	3
0.62	3
0.62	3
0.62	3
0.62	1
0.62	1
0.62	1
0.62	2
0.62	2
0.62	4
0.62	4
0.62	3
0.62	2
0.62	2
0.62	2
0.62	2
0.62	2
0.62	1
0.62	2
0.62	3
0.62	2
0.62	3
0.62	3
0.62	1
0.62	1
0.62	1
0.62	1
0.62	1
0.62	1
0.62	2
0.62	2
0.62	2
0.62	2
0.62	1
0.62	1
0.62	2
0.62	3
0.62	3
0.62	3
0.62	4
0.62	4
0.62	3
0.62	3
0.62	1
0.62	1
0.62	1
0.62	1
0.62	2
0.62	4
0.62	4
0.62	3
0.62	2
0.62	1
0.62	2
0.62	3
0.62	1
0.62	2
0.62	2
0.62	1
0.62	1
0.62	1
0.62	3
0.621	4
0.621	4
0.621	4
0.621	4
0.621	3
0.621	3
0.621	3
0.621	3
0.621	3
0.621	3
0.621	4
0.621	4
0.621	4
0.621	3
0.621	3
0.621	1
0.621	1
0.621	1
0.621	3
0.621	1
0.621	2
0.621	2
0.621	3
0.621	4
0.621	2
0.621	1
0.621	1
0.621	2
0.621	2
0.621	1
0.621	1
0.621	5
0.621	2
0.621	3
0.621	3
0.621	4
0.621	2
0.621	1
0.621	1
0.621	1
0.621	1
0.621	2
0.621	2
0.621	2
0.621	3
0.621	4
0.621	4
0.621	1
0.621	3
0.621	3
0.621	5
0.621	1
0.621	1
0.621	2
0.621	2
0.621	2
0.621	2
0.621	3
0.621	3
0.621	3
0.621	3
0.621	2
0.621	3
0.621	1
0.621	1
0.621	3
0.621	3
0.621	2
0.621	1
0.621	1
0.622	3
0.622	3
0.622	5
0.622	3
0.622	3
0.622	3
0.622	3
0.622	2
0.622	3
0.622	3
0.622	1
0.622	3
0.622	1
0.622	2
0.622	2
0.622	2
0.622	2
0.622	2
0.622	2
0.622	4
0.622	3
0.622	3
0.622	2
0.622	2
0.622	1
0.622	1
0.622	2
0.622	1
0.622	1
0.622	1
0.622	3
0.622	5
0.622	2
0.622	1
0.622	1
0.622	1
0.622	1
0.622	1
0.622	1
0.622	1
0.622	1
0.622	1
0.622	3
0.622	2
0.622	3
0.622	3
0.622	3
0.622	2
0.622	1
0.622	2
0.622	2
0.622	2
0.622	3
0.622	3
0.622	1
0.622	1
0.622	3
0.623	3
0.623	5
0.623	4
0.623	4
0.623	4
0.623	4
0.623	2
0.623	1
0.623	4
0.623	2
0.623	2
0.623	2
0.623	2
0.623	4
0.623	4
0.623	2
0.623	2
0.623	1
0.623	1
0.623	2
0.623	1
0.623	2
0.623	2
0.623	3
0.623	2
0.623	3
0.623	1
0.623	4
0.623	2
0.623	2
0.623	2
0.623	2
0.623	1
0.623	1
0.623	1
0.623	1
0.623	1
0.623	1
0.623	1
0.623	1
0.623	1
0.623	1
0.623	2
0.623	4
0.623	3
0.623	3
0.623	2
0.623	2
0.623	1
0.623	1
0.623	3
0.623	1
0.623	2
0.623	4
0.623	4
0.623	3
0.623	2
0.623	5
0.623	5
0.623	1
0.623	1
0.623	1
0.623	1
0.623	2
0.623	2
0.623	2
0.623	3
0.623	3
0.623	2
0.623	3
0.623	1
0.623	1
0.623	1
0.623	3
0.623	3
0.624	4
0.624	4
0.624	3
0.624	3
0.624	3
0.624	3
0.624	3
0.624	2
0.624	2
0.624	2
0.624	3
0.624	3
0.624	3
0.624	3
0.624	4
0.624	3
0.624	3
0.624	3
0.624	2
0.624	2
0.624	2
0.624	1
0.624	2
0.624	2
0.624	1
0.624	1
0.624	5
0.624	3
0.624	2
0.624	1
0.624	2
0.624	2
0.624	2
0.624	1
0.624	1
0.624	1
0.624	1
0.624	2
0.624	2
0.624	2
0.624	4
0.624	4
0.624	4
0.624	4
0.624	2
0.624	2
0.624	4
0.624	1
0.624	1
0.624	3
0.624	3
0.624	5
0.624	1
0.624	1
0.624	2
0.624	2
0.624	3
0.624	1
0.624	1
0.624	1
0.624	1
0.624	1
0.625	3
0.625	3
0.625	3
0.625	3
0.625	4
0.625	3
0.625	4
0.625	4
0.625	2
0.625	2
0.625	4
0.625	2
0.625	1
0.625	2
0.625	2
0.625	2
0.625	2
0.625	2
0.625	1
0.625	1
0.625	2
0.625	1
0.625	1
0.625	3
0.625	3
0.625	1
0.625	4
0.625	4
0.625	4
0.625	4
0.625	1
0.625	1
0.625	2
0.625	2
0.625	1
0.625	2
0.625	2
0.625	2
0.625	4
0.625	4
0.625	4
0.625	4
0.625	3
0.625	3
0.625	2
0.625	2
0.625	5
0.625	1
0.625	1
0.625	2
0.625	2
0.625	3
0.625	3
0.625	2
0.625	3
0.625	1
0.625	1
0.625	2
0.625	2
0.625	1
0.625	1
0.625	1
0.625	1
0.626	4
0.626	3
0.626	3
0.626	3
0.626	3
0.626	3
0.626	3
0.626	4
0.626	2
0.626	3
0.626	4
0.626	4
0.626	3
0.626	3
0.626	3
0.626	4
0.626	2
0.626	1
0.626	2
0.626	2
0.626	1
0.626	2
0.626	2
0.626	3
0.626	2
0.626	2
0.626	2
0.626	2
0.626	1
0.626	1
0.626	1
0.626	1
0.626	4
0.626	4
0.626	4
0.626	1
0.626	1
0.626	2
0.626	2
0.626	1
0.626	3
0.626	3
0.626	3
0.626	3
0.626	3
0.626	2
0.626	4
0.626	4
0.626	3
0.626	2
0.626	2
0.626	2
0.626	2
0.626	3
0.626	3
0.626	2
0.626	2
0.626	3
0.626	3
0.626	1
0.626	3
0.626	3
0.626	2
0.626	3
0.627	5
0.627	3
0.627	3
0.627	5
0.627	5
0.627	5
0.627	5
0.627	2
0.627	2
0.627	3
0.627	1
0.627	2
0.627	2
0.627	3
0.627	4
0.627	3
0.627	1
0.627	2
0.627	1
0.627	2
0.627	2
0.627	1
0.627	1
0.627	3
0.627	3
0.627	3
0.627	1
0.627	1
0.627	1
0.627	1
0.627	2
0.627	2
0.627	2
0.627	1
0.627	1
0.627	1
0.627	2
0.627	1
0.627	1
0.627	1
0.627	1
0.627	1
0.627	4
0.627	2
0.627	3
0.627	1
0.627	1
0.627	1
0.627	2
0.627	2
0.627	3
0.627	3
0.627	2
0.627	4
0.627	4
0.627	3
0.627	2
0.627	5
0.627	1
0.627	1
0.627	2
0.627	2
0.627	2
0.627	3
0.627	3
0.627	2
0.627	2
0.627	3
0.627	3
0.627	1
0.627	3
0.628	4
0.628	4
0.628	3
0.628	3
0.628	3
0.628	3
0.628	2
0.628	3
0.628	4
0.628	4
0.628	2
0.628	3
0.628	3
0.628	3
0.628	1
0.628	4
0.628	2
0.628	2
0.628	1
0.628	2
0.628	2
0.628	2
0.628	2
0.628	1
0.628	2
0.628	5
0.628	3
0.628	3
0.628	3
0.628	3
0.628	1
0.628	1
0.628	1
0.628	2
0.628	2
0.628	1
0.628	1
0.628	2
0.628	2
0.628	1
0.628	1
0.628	4
0.628	1
0.628	2
0.628	3
0.628	3
0.628	5
0.628	1
0.628	1
0.628	2
0.628	2
0.628	2
0.628	2
0.628	2
0.628	3
0.628	3
0.628	3
0.628	3
0.628	1
0.628	1
0.629	5
0.629	5
0.629	4
0.629	3
0.629	3
0.629	3
0.629	3
0.629	3
0.629	3
0.629	1
0.629	1
0.629	3
0.629	4
0.629	4
0.629	3
0.629	2
0.629	1
0.629	2
0.629	2
0.629	1
0.629	2
0.629	2
0.629	3
0.629	3
0.629	3
0.629	3
0.629	3
0.629	3
0.629	3
0.629	3
0.629	3
0.629	3
0.629	4
0.629	2
0.629	2
0.629	3
0.629	3
0.629	2
0.629	3
0.629	1
0.629	1
0.629	1
0.629	1
0.629	2
0.629	2
0.629	4
0.629	4
0.629	3
0.629	2
0.629	5
0.629	1
0.629	1
0.629	2
0.629	2
0.629	2
0.629	2
0.629	2
0.629	2
0.629	3
0.629	3
0.629	3
0.629	3
0.629	2
0.629	3
0.63	5
0.63	4
0.63	4
0.63	4
0.63	3
0.63	3
0.63	4
0.63	4
0.63	3
0.63	3
0.63	4
0.63	4
0.63	4
0.63	3
0.63	3
0.63	3
0.63	3
0.63	1
0.63	1
0.63	3
0.63	3
0.63	1
0.63	1
0.63	4
0.63	2
0.63	2
0.63	4
0.63	2
0.63	2
0.63	2
0.63	2
0.63	2
0.63	1
0.63	2
0.63	2
0.63	2
0.63	2
0.63	5
0.63	3
0.63	3
0.63	3
0.63	2
0.63	1
0.63	4
0.63	4
0.63	4
0.63	4
0.63	1
0.63	3
0.63	1
0.63	1
0.63	1
0.63	1
0.63	1
0.63	3
0.63	3
0.63	2
0.63	4
0.63	4
0.63	3
0.63	2
0.63	5
0.63	5
0.63	1
0.63	1
0.63	1
0.63	1
0.63	2
0.63	2
0.63	3
0.63	3
0.63	3
0.631	4
0.631	5
0.631	5
0.631	5
0.631	4
0.631	3
0.631	5
0.631	2
0.631	4
0.631	4
0.631	4
0.631	2
0.631	2
0.631	3
0.631	3
0.631	3
0.631	4
0.631	3
0.631	3
0.631	1
0.631	1
0.631	4
0.631	3
0.631	3
0.631	3
0.631	4
0.631	2
0.631	1
0.631	1
0.631	2
0.631	2
0.631	2
0.631	2
0.631	1
0.631	2
0.631	1
0.631	1
0.631	3
0.631	3
0.631	4
0.631	4
0.631	4
0.631	3
0.631	3
0.631	3
0.631	3
0.631	1
0.631	2
0.631	2
0.631	1
0.631	1
0.631	2
0.631	1
0.631	4
0.631	2
0.631	4
0.631	3
0.631	3
0.631	1
0.631	1
0.631	1
0.631	2
0.631	3
0.631	3
0.631	2
0.631	4
0.631	4
0.631	3
0.631	2
0.631	5
0.631	5
0.631	1
0.631	1
0.631	1
0.631	1
0.631	2
0.631	2
0.631	3
0.631	3
0.631	1
0.631	1
0.632	4
0.632	5
0.632	4
0.632	4
0.632	3
0.632	4
0.632	3
0.632	3
0.632	1
0.632	2
0.632	2
0.632	2
0.632	2
0.632	4
0.632	3
0.632	1
0.632	1
0.632	2
0.632	2
0.632	5
0.632	5
0.632	5
0.632	5
0.632	4
0.632	4
0.632	4
0.632	3
0.632	3
0.632	3
0.632	3
0.632	1
0.632	1
0.632	3
0.632	3
0.632	2
0.632	3
0.632	3
0.632	3
0.632	1
0.632	1
0.632	3
0.632	1
0.632	2
0.632	3
0.632	3
0.632	2
0.632	2
0.632	4
0.632	4
0.632	4
0.632	4
0.632	3
0.632	3
0.632	2
0.632	2
0.632	2
0.632	1
0.632	2
0.632	2
0.632	1
0.632	1
0.632	1
0.632	1
0.633	4
0.633	4
0.633	5
0.633	5
0.633	3
0.633	3
0.633	3
0.633	3
0.633	3
0.633	3
0.633	3
0.633	3
0.633	3
0.633	3
0.633	3
0.633	1
0.633	4
0.633	3
0.633	2
0.633	2
0.633	2
0.633	1
0.633	1
0.633	2
0.633	2
0.633	2
0.633	2
0.633	1
0.633	1
0.633	3
0.633	3
0.633	3
0.633	3
0.633	5
0.633	5
0.633	5
0.633	3
0.633	3
0.633	3
0.633	3
0.633	3
0.633	2
0.633	2
0.633	4
0.633	2
0.633	1
0.633	4
0.633	4
0.633	3
0.633	1
0.633	3
0.633	1
0.633	1
0.633	2
0.633	3
0.633	3
0.633	3
0.633	3
0.633	2
0.633	2
0.633	4
0.633	4
0.633	4
0.633	4
0.633	3
0.633	3
0.633	2
0.633	2
0.633	5
0.633	1
0.633	1
0.633	3
0.633	3
0.633	2
0.633	3
0.634	4
0.634	4
0.634	4
0.634	4
0.634	3
0.634	5
0.634	4
0.634	3
0.634	3
0.634	3
0.634	1
0.634	3
0.634	3
0.634	1
0.634	1
0.634	1
0.634	2
0.634	2
0.634	3
0.634	3
0.634	3
0.634	3
0.634	3
0.634	2
0.634	2
0.634	4
0.634	4
0.634	4
0.634	2
0.634	4
0.634	3
0.634	1
0.634	1
0.634	1
0.634	1
0.634	2
0.634	2
0.634	3
0.634	3
0.634	3
0.634	3
0.634	2
0.634	3
0.634	3
0.635	4
0.635	4
0.635	4
0.635	4
0.635	5
0.635	3
0.635	3
0.635	3
0.635	3
0.635	3
0.635	5
0.635	3
0.635	3
0.635	3
0.635	1
0.635	3
0.635	1
0.635	4
0.635	4
0.635	2
0.635	2
0.635	2
0.635	2
0.635	2
0.635	2
0.635	1
0.635	1
0.635	1
0.635	2
0.635	2
0.635	1
0.635	1
0.635	1
0.635	1
0.635	1
0.635	1
0.635	1
0.635	1
0.635	4
0.635	3
0.635	1
0.635	1
0.635	2
0.635	2
0.635	3
0.635	2
0.635	1
0.635	1
0.635	1
0.635	4
0.635	3
0.635	1
0.635	1
0.635	1
0.635	2
0.635	2
0.635	2
0.635	4
0.635	5
0.635	3
0.635	2
0.635	2
0.635	2
0.635	1
0.635	1
0.635	1
0.635	3
0.636	4
0.636	4
0.636	4
0.636	4
0.636	3
0.636	2
0.636	4
0.636	2
0.636	2
0.636	2
0.636	3
0.636	1
0.636	4
0.636	4
0.636	2
0.636	1
0.636	2
0.636	2
0.636	2
0.636	1
0.636	1
0.636	2
0.636	2
0.636	1
0.636	1
0.636	1
0.636	1
0.636	1
0.636	1
0.636	5
0.636	4
0.636	4
0.636	3
0.636	3
0.636	3
0.636	2
0.636	2
0.636	3
0.636	2
0.636	4
0.636	4
0.636	2
0.636	2
0.636	1
0.636	3
0.636	1
0.636	3
0.636	1
0.636	1
0.636	1
0.636	1
0.636	1
0.636	3
0.636	3
0.636	2
0.636	2
0.636	3
0.636	3
0.636	3
0.636	3
0.636	2
0.636	1
0.636	3
0.637	4
0.637	4
0.637	4
0.637	4
0.637	4
0.637	4
0.637	4
0.637	3
0.637	3
0.637	3
0.637	4
0.637	3
0.637	3
0.637	3
0.637	3
0.637	1
0.637	4
0.637	3
0.637	1
0.637	1
0.637	1
0.637	2
0.637	2
0.637	1
0.637	2
0.637	2
0.637	2
0.637	2
0.637	2
0.637	3
0.637	5
0.637	5
0.637	1
0.637	1
0.637	1
0.637	1
0.637	2
0.637	4
0.637	4
0.637	4
0.637	2
0.637	1
0.637	4
0.637	3
0.637	1
0.637	3
0.637	1
0.637	1
0.637	1
0.637	1
0.637	1
0.637	1
0.637	2
0.637	2
0.637	1
0.638	4
0.638	4
0.638	5
0.638	5
0.638	4
0.638	3
0.638	2
0.638	2
0.638	4
0.638	5
0.638	3
0.638	3
0.638	3
0.638	3
0.638	3
0.638	3
0.638	3
0.638	3
0.638	3
0.638	1
0.638	4
0.638	3
0.638	2
0.638	2
0.638	2
0.638	2
0.638	1
0.638	1
0.638	2
0.638	2
0.638	2
0.638	2
0.638	2
0.638	3
0.638	3
0.638	2
0.638	2
0.638	1
0.638	1
0.638	1
0.638	2
0.638	2
0.638	1
0.638	2
0.638	2
0.638	4
0.638	2
0.638	4
0.638	3
0.638	1
0.638	3
0.638	3
0.638	1
0.638	1
0.638	5
0.638	1
0.638	1
0.638	1
0.638	3
0.638	1
0.638	3
0.639	4
0.639	4
0.639	4
0.639	4
0.639	4
0.639	5
0.639	4
0.639	3
0.639	5
0.639	4
0.639	4
0.639	4
0.639	4
0.639	3
0.639	3
0.639	3
0.639	3
0.639	3
0.639	1
0.639	1
0.639	2
0.639	2
0.639	3
0.639	3
0.639	4
0.639	2
0.639	1
0.639	2
0.639	2
0.639	2
0.639	1
0.639	2
0.639	2
0.639	1
0.639	1
0.639	1
0.639	1
0.639	2
0.639	2
0.639	2
0.639	2
0.639	1
0.639	1
0.639	3
0.639	2
0.639	3
0.639	2
0.639	1
0.639	4
0.639	3
0.639	3
0.639	1
0.639	1
0.639	3
0.639	3
0.639	1
0.639	1
0.639	1
0.639	1
0.639	3
0.64	4
0.64	4
0.64	4
0.64	5
0.64	3
0.64	5
0.64	4
0.64	4
0.64	4
0.64	2
0.64	2
0.64	2
0.64	3
0.64	3
0.64	4
0.64	4
0.64	3
0.64	3
0.64	3
0.64	1
0.64	1
0.64	2
0.64	2
0.64	3
0.64	2
0.64	1
0.64	1
0.64	2
0.64	2
0.64	2
0.64	2
0.64	2
0.64	2
0.64	1
0.64	1
0.64	1
0.64	2
0.64	2
0.64	2
0.64	1
0.64	1
0.64	1
0.64	1
0.64	4
0.64	4
0.64	1
0.64	1
0.64	3
0.64	2
0.64	4
0.64	2
0.64	2
0.64	1
0.64	1
0.64	2
0.64	4
0.64	2
0.64	1
0.64	4
0.64	4
0.64	3
0.64	3
0.64	1
0.64	1
0.64	1
0.64	2
0.64	4
0.64	5
0.64	3
0.64	2
0.64	3
0.64	1
0.641	4
0.641	4
0.641	4
0.641	4
0.641	4
0.641	4
0.641	4
0.641	3
0.641	5
0.641	5
0.641	4
0.641	4
0.641	2
0.641	3
0.641	3
0.641	3
0.641	4
0.641	2
0.641	2
0.641	2
0.641	2
0.641	2
0.641	2
0.641	2
0.641	2
0.641	2
0.641	2
0.641	2
0.641	2
0.641	2
0.641	2
0.641	2
0.641	2
0.641	2
0.641	2
0.641	2
0.641	1
0.641	1
0.641	2
0.641	1
0.641	2
0.641	4
0.641	2
0.641	2
0.641	3
0.641	3
0.641	2
0.641	1
0.641	4
0.641	2
0.641	1
0.641	4
0.641	4
0.641	3
0.641	3
0.641	3
0.641	2
0.641	3
0.641	1
0.641	3
0.641	1
0.642	4
0.642	4
0.642	4
0.642	4
0.642	5
0.642	4
0.642	3
0.642	3
0.642	3
0.642	4
0.642	2
0.642	4
0.642	3
0.642	3
0.642	3
0.642	1
0.642	4
0.642	4
0.642	3
0.642	3
0.642	4
0.642	2
0.642	1
0.642	1
0.642	2
0.642	2
0.642	2
0.642	2
0.642	2
0.642	2
0.642	2
0.642	2
0.642	2
0.642	2
0.642	2
0.642	2
0.642	2
0.642	1
0.642	1
0.642	1
0.642	2
0.642	3
0.642	4
0.642	4
0.642	2
0.642	3
0.642	2
0.642	1
0.642	2
0.642	4
0.642	2
0.642	1
0.642	1
0.642	3
0.642	1
0.642	2
0.642	1
0.642	1
0.642	3
0.643	4
0.643	4
0.643	4
0.643	4
0.643	4
0.643	4
0.643	4
0.643	5
0.643	3
0.643	3
0.643	3
0.643	5
0.643	5
0.643	5
0.643	3
0.643	3
0.643	3
0.643	3
0.643	3
0.643	1
0.643	4
0.643	3
0.643	2
0.643	1
0.643	2
0.643	2
0.643	2
0.643	1
0.643	2
0.643	3
0.643	3
0.643	4
0.643	3
0.643	2
0.643	4
0.643	2
0.643	3
0.643	2
0.643	4
0.643	4
0.643	2
0.643	2
0.643	1
0.643	1
0.643	4
0.643	2
0.643	2
0.643	3
0.643	3
0.643	2
0.643	2
0.643	1
0.643	1
0.643	1
0.643	3
0.643	3
0.644	4
0.644	4
0.644	4
0.644	3
0.644	3
0.644	3
0.644	4
0.644	2
0.644	2
0.644	1
0.644	1
0.644	2
0.644	2
0.644	2
0.644	2
0.644	2
0.644	1
0.644	1
0.644	2
0.644	2
0.644	3
0.644	3
0.644	2
0.644	1
0.644	1
0.644	1
0.644	2
0.644	4
0.644	3
0.644	3
0.644	4
0.644	2
0.644	1
0.644	2
0.644	4
0.644	4
0.644	2
0.644	2
0.644	1
0.644	1
0.644	2
0.644	2
0.644	3
0.644	3
0.644	3
0.644	2
0.644	1
0.644	3
0.644	1
0.645	4
0.645	4
0.645	4
0.645	3
0.645	3
0.645	3
0.645	3
0.645	4
0.645	3
0.645	3
0.645	2
0.645	2
0.645	4
0.645	3
0.645	3
0.645	4
0.645	2
0.645	2
0.645	2
0.645	2
0.645	1
0.645	2
0.645	2
0.645	2
0.645	2
0.645	2
0.645	2
0.645	2
0.645	1
0.645	3
0.645	1
0.645	1
0.645	2
0.645	3
0.645	3
0.645	2
0.645	2
0.645	3
0.645	2
0.645	3
0.645	2
0.645	1
0.645	2
0.645	2
0.645	1
0.645	1
0.645	5
0.645	1
0.645	1
0.645	1
0.645	1
0.646	4
0.646	4
0.646	4
0.646	3
0.646	2
0.646	3
0.646	5
0.646	5
0.646	3
0.646	3
0.646	3
0.646	3
0.646	3
0.646	2
0.646	3
0.646	2
0.646	1
0.646	1
0.646	1
0.646	1
0.646	1
0.646	1
0.646	2
0.646	2
0.646	2
0.646	2
0.646	2
0.646	4
0.646	4
0.646	3
0.646	3
0.646	3
0.646	2
0.646	2
0.646	4
0.646	4
0.646	3
0.646	2
0.646	3
0.646	4
0.646	2
0.646	3
0.646	2
0.646	1
0.646	2
0.646	2
0.646	4
0.646	2
0.646	3
0.646	2
0.646	2
0.646	3
0.646	3
0.646	3
0.646	3
0.647	4
0.647	4
0.647	5
0.647	5
0.647	4
0.647	3
0.647	3
0.647	3
0.647	3
0.647	3
0.647	3
0.647	3
0.647	3
0.647	4
0.647	2
0.647	4
0.647	3
0.647	3
0.647	3
0.647	1
0.647	3
0.647	2
0.647	3
0.647	4
0.647	3
0.647	4
0.647	2
0.647	2
0.647	2
0.647	2
0.647	1
0.647	1
0.647	1
0.647	2
0.647	1
0.647	1
0.647	1
0.647	2
0.647	2
0.647	5
0.647	5
0.647	3
0.647	4
0.647	1
0.647	1
0.647	1
0.647	1
0.647	2
0.647	2
0.647	2
0.647	4
0.647	3
0.647	2
0.647	4
0.647	2
0.647	3
0.647	2
0.647	2
0.647	1
0.647	1
0.647	3
0.647	1
0.647	2
0.647	4
0.647	5
0.647	3
0.647	2
0.647	2
0.647	3
0.647	1
0.647	3
0.647	3
0.648	4
0.648	4
0.648	4
0.648	4
0.648	4
0.648	3
0.648	4
0.648	4
0.648	4
0.648	3
0.648	3
0.648	3
0.648	3
0.648	1
0.648	4
0.648	2
0.648	2
0.648	4
0.648	3
0.648	3
0.648	1
0.648	1
0.648	1
0.648	1
0.648	1
0.648	2
0.648	2
0.648	2
0.648	2
0.648	3
0.648	3
0.648	2
0.648	1
0.648	3
0.648	1
0.648	1
0.648	2
0.648	2
0.648	4
0.648	3
0.648	4
0.648	2
0.648	2
0.648	3
0.648	3
0.648	2
0.648	3
0.648	1
0.648	1
0.648	2
0.648	4
0.648	3
0.648	3
0.648	5
0.648	1
0.648	1
0.648	2
0.648	2
0.648	1
0.648	1
0.648	1
0.649	4
0.649	4
0.649	3
0.649	4
0.649	4
0.649	5
0.649	2
0.649	4
0.649	3
0.649	3
0.649	4
0.649	4
0.649	2
0.649	2
0.649	4
0.649	4
0.649	3
0.649	3
0.649	3
0.649	2
0.649	2
0.649	2
0.649	2
0.649	2
0.649	2
0.649	2
0.649	2
0.649	2
0.649	2
0.649	2
0.649	2
0.649	1
0.649	1
0.649	1
0.649	2
0.649	2
0.649	4
0.649	3
0.649	1
0.649	1
0.649	1
0.649	1
0.649	1
0.649	1
0.649	2
0.649	3
0.649	2
0.649	3
0.649	4
0.649	4
0.649	2
0.649	2
0.649	3
0.649	3
0.649	2
0.649	1
0.649	3
0.649	3
0.649	2
0.649	2
0.649	2
0.649	1
0.649	1
0.649	1
0.649	3
0.649	1
0.649	1
0.65	4
0.65	4
0.65	4
0.65	4
0.65	4
0.65	4
0.65	2
0.65	2
0.65	3
0.65	3
0.65	3
0.65	3
0.65	3
0.65	2
0.65	2
0.65	3
0.65	4
0.65	3
0.65	2
0.65	1
0.65	1
0.65	1
0.65	1
0.65	2
0.65	2
0.65	2
0.65	2
0.65	2
0.65	2
0.65	2
0.65	2
0.65	2
0.65	1
0.65	1
0.65	1
0.65	2
0.65	2
0.65	5
0.65	3
0.65	4
0.65	3
0.65	3
0.65	1
0.65	1
0.65	1
0.65	1
0.65	2
0.65	4
0.65	3
0.65	2
0.65	3
0.65	4
0.65	4
0.65	3
0.65	1
0.65	1
0.65	2
0.65	4
0.65	5
0.65	3
0.65	2
0.65	2
0.65	3
0.65	3
0.65	2
0.65	3
0.651	4
0.651	4
0.651	5
0.651	3
0.651	2
0.651	3
0.651	3
0.651	3
0.651	3
0.651	4
0.651	2
0.651	2
0.651	4
0.651	4
0.651	2
0.651	1
0.651	1
0.651	1
0.651	2
0.651	1
0.651	1
0.651	3
0.651	3
0.651	2
0.651	1
0.651	3
0.651	1
0.651	1
0.651	1
0.651	1
0.651	2
0.651	2
0.651	4
0.651	3
0.651	2
0.651	3
0.651	3
0.651	2
0.651	3
0.651	4
0.651	2
0.651	1
0.651	1
0.651	3
0.651	3
0.651	2
0.651	2
0.651	1
0.651	1
0.651	1
0.651	3
0.651	3
0.651	3
0.652	4
0.652	4
0.652	4
0.652	4
0.652	5
0.652	5
0.652	5
0.652	5
0.652	4
0.652	2
0.652	4
0.652	3
0.652	3
0.652	3
0.652	3
0.652	3
0.652	2
0.652	1
0.652	2
0.652	2
0.652	2
0.652	2
0.652	1
0.652	4
0.652	4
0.652	3
0.652	1
0.652	1
0.652	2
0.652	2
0.652	4
0.652	3
0.652	3
0.652	2
0.652	2
0.652	3
0.652	3
0.652	4
0.652	1
0.652	2
0.652	2
0.652	3
0.652	3
0.652	3
0.652	2
0.652	1
0.652	1
0.653	4
0.653	4
0.653	4
0.653	5
0.653	3
0.653	3
0.653	1
0.653	4
0.653	2
0.653	2
0.653	3
0.653	4
0.653	4
0.653	2
0.653	2
0.653	2
0.653	2
0.653	1
0.653	1
0.653	1
0.653	2
0.653	4
0.653	3
0.653	3
0.653	2
0.653	2
0.653	1
0.653	1
0.653	4
0.653	1
0.653	1
0.653	1
0.653	2
0.653	2
0.653	2
0.653	4
0.653	4
0.653	3
0.653	3
0.653	2
0.653	2
0.653	2
0.653	3
0.653	1
0.653	1
0.654	5
0.654	3
0.654	3
0.654	5
0.654	2
0.654	2
0.654	5
0.654	3
0.654	3
0.654	5
0.654	2
0.654	3
0.654	4
0.654	2
0.654	2
0.654	3
0.654	3
0.654	2
0.654	2
0.654	2
0.654	2
0.654	1
0.654	2
0.654	3
0.654	2
0.654	2
0.654	2
0.654	2
0.654	1
0.654	1
0.654	2
0.654	2
0.654	5
0.654	3
0.654	1
0.654	1
0.654	2
0.654	1
0.654	4
0.654	3
0.654	1
0.654	1
0.654	1
0.654	1
0.654	1
0.654	2
0.654	2
0.654	2
0.654	2
0.654	4
0.654	4
0.654	3
0.654	3
0.654	1
0.654	1
0.654	1
0.654	2
0.654	2
0.654	3
0.654	3
0.654	1
0.654	3
0.654	3
0.655	4
0.655	3
0.655	5
0.655	5
0.655	5
0.655	4
0.655	5
0.655	2
0.655	3
0.655	3
0.655	3
0.655	3
0.655	3
0.655	3
0.655	4
0.655	4
0.655	4
0.655	4
0.655	2
0.655	2
0.655	2
0.655	2
0.655	2
0.655	3
0.655	3
0.655	1
0.655	1
0.655	2
0.655	2
0.655	2
0.655	3
0.655	3
0.655	3
0.655	1
0.655	2
0.655	1
0.655	3
0.655	1
0.655	1
0.655	1
0.655	1
0.655	1
0.655	2
0.655	2
0.655	3
0.655	2
0.655	3
0.655	1
0.655	4
0.655	1
0.655	2
0.655	3
0.655	1
0.655	3
0.655	3
0.656	4
0.656	3
0.656	3
0.656	3
0.656	5
0.656	3
0.656	3
0.656	3
0.656	3
0.656	4
0.656	3
0.656	3
0.656	1
0.656	4
0.656	2
0.656	2
0.656	3
0.656	3
0.656	3
0.656	3
0.656	3
0.656	4
0.656	4
0.656	4
0.656	2
0.656	2
0.656	2
0.656	2
0.656	2
0.656	2
0.656	2
0.656	4
0.656	3
0.656	3
0.656	3
0.656	3
0.656	1
0.656	4
0.656	3
0.656	1
0.656	1
0.656	1
0.656	1
0.656	1
0.656	2
0.656	4
0.656	2
0.656	3
0.656	3
0.656	5
0.656	1
0.656	1
0.656	3
0.656	2
0.656	2
0.656	1
0.656	1
0.656	1
0.656	1
0.656	1
0.657	4
0.657	4
0.657	4
0.657	4
0.657	4
0.657	5
0.657	5
0.657	5
0.657	4
0.657	4
0.657	3
0.657	3
0.657	3
0.657	3
0.657	5
0.657	2
0.657	3
0.657	4
0.657	3
0.657	3
0.657	3
0.657	4
0.657	4
0.657	3
0.657	3
0.657	3
0.657	2
0.657	2
0.657	1
0.657	2
0.657	1
0.657	2
0.657	5
0.657	3
0.657	3
0.657	2
0.657	1
0.657	4
0.657	3
0.657	3
0.657	1
0.657	1
0.657	1
0.657	1
0.657	1
0.657	1
0.657	1
0.657	2
0.657	4
0.657	1
0.657	3
0.657	1
0.657	2
0.657	3
0.657	1
0.657	3
0.657	3
0.657	2
0.657	1
0.658	4
0.658	4
0.658	3
0.658	4
0.658	4
0.658	3
0.658	3
0.658	1
0.658	3
0.658	3
0.658	3
0.658	3
0.658	3
0.658	3
0.658	3
0.658	2
0.658	3
0.658	4
0.658	4
0.658	3
0.658	3
0.658	3
0.658	1
0.658	2
0.658	1
0.658	4
0.658	3
0.658	3
0.658	1
0.658	1
0.658	4
0.658	2
0.658	4
0.658	2
0.658	4
0.658	5
0.658	3
0.658	2
0.658	2
0.658	4
0.658	3
0.658	3
0.658	3
0.659	4
0.659	5
0.659	3
0.659	3
0.659	5
0.659	3
0.659	3
0.659	5
0.659	5
0.659	2
0.659	2
0.659	3
0.659	1
0.659	4
0.659	3
0.659	4
0.659	3
0.659	3
0.659	3
0.659	4
0.659	2
0.659	3
0.659	3
0.659	2
0.659	2
0.659	2
0.659	2
0.659	2
0.659	5
0.659	5
0.659	4
0.659	3
0.659	3
0.659	1
0.659	2
0.659	1
0.659	4
0.659	4
0.659	1
0.659	1
0.659	3
0.659	3
0.659	3
0.659	2
0.659	2
0.659	3
0.659	3
0.659	1
0.659	3
0.66	4
0.66	4
0.66	4
0.66	3
0.66	3
0.66	3
0.66	3
0.66	4
0.66	3
0.66	4
0.66	3
0.66	2
0.66	2
0.66	3
0.66	4
0.66	4
0.66	2
0.66	2
0.66	2
0.66	1
0.66	2
0.66	3
0.66	3
0.66	5
0.66	4
0.66	3
0.66	3
0.66	3
0.66	1
0.66	2
0.66	3
0.66	1
0.66	1
0.66	4
0.66	4
0.66	3
0.66	1
0.66	3
0.66	2
0.66	2
0.66	1
0.66	2
0.66	2
0.66	2
0.66	2
0.66	3
0.66	3
0.66	2
0.66	4
0.66	2
0.66	2
0.66	1
0.66	1
0.66	1
0.66	1
0.661	4
0.661	4
0.661	5
0.661	5
0.661	3
0.661	5
0.661	5
0.661	3
0.661	3
0.661	3
0.661	1
0.661	4
0.661	3
0.661	3
0.661	4
0.661	4
0.661	4
0.661	4
0.661	3
0.661	3
0.661	1
0.661	1
0.661	1
0.661	2
0.661	3
0.661	5
0.661	3
0.661	3
0.661	1
0.661	1
0.661	3
0.661	3
0.661	1
0.661	1
0.661	2
0.661	4
0.661	4
0.661	2
0.661	5
0.661	1
0.661	1
0.661	2
0.661	3
0.661	3
0.661	2
0.661	3
0.662	4
0.662	3
0.662	5
0.662	5
0.662	5
0.662	4
0.662	3
0.662	3
0.662	5
0.662	2
0.662	3
0.662	4
0.662	3
0.662	3
0.662	1
0.662	2
0.662	2
0.662	4
0.662	4
0.662	4
0.662	3
0.662	2
0.662	2
0.662	2
0.662	2
0.662	2
0.662	1
0.662	1
0.662	2
0.662	2
0.662	3
0.662	4
0.662	3
0.662	3
0.662	3
0.662	3
0.662	1
0.662	1
0.662	4
0.662	1
0.662	2
0.662	3
0.662	1
0.662	1
0.662	1
0.662	5
0.662	1
0.662	1
0.662	2
0.662	2
0.662	3
0.662	3
0.662	1
0.662	3
0.662	3
0.663	4
0.663	3
0.663	3
0.663	2
0.663	2
0.663	2
0.663	4
0.663	3
0.663	3
0.663	3
0.663	4
0.663	3
0.663	4
0.663	3
0.663	3
0.663	3
0.663	3
0.663	3
0.663	3
0.663	1
0.663	1
0.663	2
0.663	2
0.663	1
0.663	2
0.663	5
0.663	4
0.663	3
0.663	3
0.663	3
0.663	3
0.663	3
0.663	3
0.663	1
0.663	2
0.663	3
0.663	2
0.663	1
0.663	2
0.663	4
0.663	5
0.663	3
0.663	2
0.663	2
0.663	3
0.663	2
0.663	2
0.663	1
0.663	1
0.663	1
0.664	4
0.664	4
0.664	4
0.664	3
0.664	2
0.664	5
0.664	5
0.664	5
0.664	3
0.664	3
0.664	3
0.664	1
0.664	2
0.664	2
0.664	2
0.664	2
0.664	2
0.664	2
0.664	2
0.664	2
0.664	3
0.664	3
0.664	3
0.664	3
0.664	3
0.664	2
0.664	2
0.664	2
0.664	2
0.664	1
0.664	2
0.664	1
0.664	2
0.664	2
0.664	2
0.664	1
0.664	2
0.664	3
0.664	5
0.664	4
0.664	3
0.664	3
0.664	3
0.664	1
0.664	1
0.664	1
0.664	4
0.664	3
0.664	3
0.664	3
0.664	2
0.664	4
0.664	5
0.664	3
0.664	2
0.664	5
0.664	1
0.664	1
0.664	3
0.664	3
0.664	2
0.664	2
0.664	2
0.664	1
0.664	1
0.664	1
0.664	1
0.665	4
0.665	4
0.665	4
0.665	4
0.665	2
0.665	5
0.665	5
0.665	4
0.665	4
0.665	3
0.665	3
0.665	3
0.665	4
0.665	2
0.665	2
0.665	2
0.665	2
0.665	2
0.665	2
0.665	4
0.665	1
0.665	1
0.665	2
0.665	2
0.665	2
0.665	3
0.665	5
0.665	4
0.665	4
0.665	3
0.665	3
0.665	3
0.665	3
0.665	1
0.665	3
0.665	1
0.665	3
0.665	1
0.665	2
0.665	3
0.665	3
0.665	2
0.665	4
0.665	3
0.665	3
0.665	2
0.665	3
0.666	4
0.666	4
0.666	5
0.666	5
0.666	5
0.666	5
0.666	3
0.666	4
0.666	3
0.666	3
0.666	5
0.666	2
0.666	3
0.666	3
0.666	4
0.666	4
0.666	1
0.666	2
0.666	2
0.666	2
0.666	1
0.666	1
0.666	2
0.666	2
0.666	2
0.666	1
0.666	2
0.666	3
0.666	5
0.666	5
0.666	4
0.666	4
0.666	3
0.666	3
0.666	3
0.666	3
0.666	2
0.666	3
0.666	4
0.666	2
0.666	2
0.666	4
0.666	5
0.666	3
0.666	2
0.666	1
0.666	3
0.667	3
0.667	5
0.667	3
0.667	5
0.667	5
0.667	4
0.667	4
0.667	5
0.667	2
0.667	4
0.667	3
0.667	3
0.667	4
0.667	3
0.667	4
0.667	4
0.667	4
0.667	4
0.667	3
0.667	3
0.667	2
0.667	2
0.667	2
0.667	2
0.667	2
0.667	1
0.667	2
0.667	1
0.667	2
0.667	3
0.667	3
0.667	5
0.667	5
0.667	4
0.667	3
0.667	2
0.667	4
0.667	1
0.667	1
0.667	3
0.667	3
0.667	2
0.667	2
0.667	3
0.667	3
0.667	4
0.667	1
0.667	3
0.668	4
0.668	3
0.668	3
0.668	3
0.668	5
0.668	3
0.668	3
0.668	4
0.668	3
0.668	3
0.668	1
0.668	4
0.668	4
0.668	4
0.668	2
0.668	2
0.668	3
0.668	3
0.668	1
0.668	1
0.668	2
0.668	2
0.668	2
0.668	2
0.668	2
0.668	1
0.668	2
0.668	2
0.668	1
0.668	2
0.668	3
0.668	3
0.668	4
0.668	3
0.668	3
0.668	1
0.668	2
0.668	4
0.668	1
0.668	1
0.668	1
0.668	1
0.668	2
0.668	2
0.668	1
0.668	3
0.669	4
0.669	4
0.669	5
0.669	3
0.669	3
0.669	3
0.669	3
0.669	5
0.669	5
0.669	4
0.669	3
0.669	3
0.669	3
0.669	4
0.669	3
0.669	2
0.669	2
0.669	2
0.669	2
0.669	3
0.669	3
0.669	2
0.669	2
0.669	2
0.669	2
0.669	2
0.669	2
0.669	2
0.669	2
0.669	1
0.669	1
0.669	2
0.669	2
0.669	5
0.669	1
0.669	1
0.669	2
0.669	3
0.669	4
0.669	2
0.669	3
0.669	1
0.669	5
0.669	1
0.669	1
0.669	2
0.669	4
0.669	1
0.669	3
0.669	1
0.67	3
0.67	2
0.67	3
0.67	4
0.67	5
0.67	4
0.67	4
0.67	3
0.67	1
0.67	4
0.67	4
0.67	2
0.67	2
0.67	1
0.67	2
0.67	2
0.67	2
0.67	1
0.67	2
0.67	2
0.67	1
0.67	1
0.67	2
0.67	2
0.67	3
0.67	3
0.67	3
0.67	2
0.67	3
0.67	1
0.67	3
0.67	1
0.67	1
0.67	4
0.67	1
0.67	3
0.67	1
0.67	3
0.671	4
0.671	5
0.671	4
0.671	4
0.671	4
0.671	5
0.671	5
0.671	3
0.671	3
0.671	4
0.671	3
0.671	3
0.671	3
0.671	4
0.671	4
0.671	4
0.671	4
0.671	3
0.671	3
0.671	3
0.671	3
0.671	4
0.671	3
0.671	3
0.671	3
0.671	2
0.671	2
0.671	1
0.671	2
0.671	2
0.671	2
0.671	2
0.671	1
0.671	2
0.671	2
0.671	2
0.671	3
0.671	1
0.671	1
0.671	2
0.671	4
0.671	2
0.671	4
0.671	3
0.671	1
0.671	1
0.671	2
0.671	4
0.671	5
0.671	3
0.671	2
0.671	2
0.671	2
0.671	3
0.671	3
0.671	4
0.671	1
0.671	1
0.671	3
0.672	5
0.672	3
0.672	3
0.672	3
0.672	3
0.672	3
0.672	2
0.672	2
0.672	4
0.672	5
0.672	5
0.672	2
0.672	3
0.672	1
0.672	1
0.672	1
0.672	1
0.672	4
0.672	4
0.672	4
0.672	3
0.672	3
0.672	3
0.672	4
0.672	4
0.672	3
0.672	1
0.672	2
0.672	2
0.672	2
0.672	2
0.672	2
0.672	1
0.672	2
0.672	2
0.672	2
0.672	1
0.672	2
0.672	3
0.672	1
0.672	1
0.672	2
0.672	4
0.672	3
0.672	3
0.672	3
0.672	2
0.672	2
0.672	4
0.672	3
0.672	1
0.673	4
0.673	4
0.673	3
0.673	5
0.673	2
0.673	2
0.673	4
0.673	3
0.673	3
0.673	4
0.673	3
0.673	3
0.673	1
0.673	1
0.673	1
0.673	3
0.673	3
0.673	4
0.673	3
0.673	1
0.673	1
0.673	1
0.673	2
0.673	2
0.673	2
0.673	2
0.673	2
0.673	1
0.673	1
0.673	2
0.673	2
0.673	4
0.673	3
0.673	3
0.673	1
0.673	1
0.673	3
0.673	1
0.673	2
0.673	5
0.673	1
0.673	1
0.673	2
0.673	4
0.673	3
0.673	3
0.673	1
0.674	4
0.674	5
0.674	4
0.674	4
0.674	4
0.674	3
0.674	4
0.674	5
0.674	5
0.674	5
0.674	4
0.674	4
0.674	3
0.674	3
0.674	3
0.674	3
0.674	3
0.674	2
0.674	2
0.674	2
0.674	2
0.674	1
0.674	2
0.674	2
0.674	2
0.674	2
0.674	2
0.674	1
0.674	1
0.674	2
0.674	2
0.674	2
0.674	5
0.674	4
0.674	1
0.674	1
0.674	2
0.674	3
0.674	4
0.674	2
0.674	1
0.674	4
0.674	2
0.674	2
0.674	3
0.674	3
0.674	1
0.674	1
0.674	3
0.675	4
0.675	3
0.675	5
0.675	5
0.675	2
0.675	5
0.675	4
0.675	5
0.675	2
0.675	3
0.675	3
0.675	3
0.675	3
0.675	3
0.675	4
0.675	3
0.675	1
0.675	1
0.675	1
0.675	2
0.675	1
0.675	2
0.675	2
0.675	2
0.675	2
0.675	2
0.675	2
0.675	2
0.675	2
0.675	3
0.675	3
0.675	1
0.675	3
0.675	1
0.675	4
0.675	4
0.675	2
0.675	1
0.675	1
0.675	2
0.675	4
0.675	5
0.675	3
0.675	2
0.675	2
0.675	2
0.675	2
0.675	3
0.675	3
0.675	2
0.675	2
0.675	1
0.675	1
0.675	1
0.675	3
0.676	4
0.676	4
0.676	4
0.676	4
0.676	5
0.676	5
0.676	3
0.676	3
0.676	3
0.676	3
0.676	1
0.676	4
0.676	4
0.676	3
0.676	3
0.676	4
0.676	4
0.676	3
0.676	3
0.676	3
0.676	3
0.676	2
0.676	2
0.676	2
0.676	2
0.676	1
0.676	2
0.676	2
0.676	2
0.676	2
0.676	2
0.676	2
0.676	2
0.676	2
0.676	1
0.676	2
0.676	1
0.676	2
0.676	1
0.676	1
0.676	3
0.676	3
0.676	5
0.676	1
0.676	1
0.676	2
0.676	3
0.676	3
0.676	2
0.676	3
0.676	1
0.676	3
0.676	1
0.677	4
0.677	5
0.677	5
0.677	3
0.677	3
0.677	2
0.677	5
0.677	5
0.677	5
0.677	2
0.677	3
0.677	4
0.677	3
0.677	3
0.677	1
0.677	1
0.677	4
0.677	3
0.677	1
0.677	1
0.677	3
0.677	2
0.677	2
0.677	1
0.677	1
0.677	2
0.677	2
0.677	2
0.677	2
0.677	1
0.677	2
0.677	3
0.677	4
0.677	3
0.677	2
0.677	4
0.677	2
0.677	3
0.677	2
0.677	5
0.677	1
0.677	1
0.677	1
0.678	4
0.678	3
0.678	3
0.678	5
0.678	2
0.678	5
0.678	5
0.678	2
0.678	3
0.678	3
0.678	3
0.678	3
0.678	1
0.678	3
0.678	2
0.678	2
0.678	2
0.678	1
0.678	2
0.678	2
0.678	2
0.678	2
0.678	3
0.678	3
0.678	1
0.678	3
0.678	2
0.678	3
0.678	1
0.678	3
0.678	1
0.678	2
0.678	4
0.678	5
0.678	3
0.678	2
0.678	2
0.678	2
0.678	1
0.678	1
0.678	1
0.678	3
0.678	3
0.678	3
0.678	3
0.679	5
0.679	4
0.679	4
0.679	3
0.679	5
0.679	5
0.679	5
0.679	4
0.679	3
0.679	3
0.679	4
0.679	3
0.679	3
0.679	3
0.679	3
0.679	3
0.679	3
0.679	2
0.679	2
0.679	2
0.679	2
0.679	4
0.679	3
0.679	1
0.679	1
0.679	2
0.679	1
0.679	2
0.679	2
0.679	2
0.679	2
0.679	1
0.679	2
0.679	4
0.679	2
0.679	3
0.679	3
0.679	1
0.679	2
0.679	4
0.679	1
0.679	1
0.679	3
0.679	3
0.679	2
0.679	4
0.679	5
0.679	3
0.679	2
0.679	3
0.679	3
0.679	2
0.679	3
0.679	1
0.679	3
0.679	3
0.68	3
0.68	5
0.68	2
0.68	4
0.68	5
0.68	2
0.68	3
0.68	3
0.68	3
0.68	3
0.68	3
0.68	3
0.68	3
0.68	4
0.68	3
0.68	3
0.68	2
0.68	2
0.68	1
0.68	2
0.68	1
0.68	1
0.68	4
0.68	3
0.68	3
0.68	1
0.68	2
0.68	4
0.68	2
0.68	3
0.68	1
0.68	2
0.68	3
0.68	3
0.68	2
0.68	2
0.68	1
0.68	1
0.68	1
0.68	1
0.68	1
0.68	3
0.681	4
0.681	4
0.681	3
0.681	3
0.681	3
0.681	4
0.681	3
0.681	3
0.681	5
0.681	5
0.681	5
0.681	3
0.681	5
0.681	5
0.681	5
0.681	5
0.681	3
0.681	3
0.681	3
0.681	3
0.681	3
0.681	3
0.681	3
0.681	3
0.681	1
0.681	3
0.681	2
0.681	2
0.681	1
0.681	2
0.681	2
0.681	1
0.681	1
0.681	2
0.681	1
0.681	2
0.681	5
0.681	3
0.681	4
0.681	3
0.681	1
0.681	1
0.681	3
0.681	2
0.681	1
0.681	3
0.681	3
0.681	2
0.681	2
0.681	2
0.681	1
0.681	1
0.681	1
0.681	3
0.681	1
0.681	1
0.682	5
0.682	4
0.682	4
0.682	4
0.682	3
0.682	3
0.682	3
0.682	3
0.682	2
0.682	2
0.682	5
0.682	5
0.682	4
0.682	3
0.682	3
0.682	3
0.682	3
0.682	3
0.682	5
0.682	5
0.682	5
0.682	3
0.682	3
0.682	3
0.682	4
0.682	4
0.682	2
0.682	2
0.682	4
0.682	4
0.682	3
0.682	3
0.682	3
0.682	1
0.682	3
0.682	2
0.682	2
0.682	1
0.682	1
0.682	2
0.682	2
0.682	2
0.682	3
0.682	1
0.682	1
0.682	3
0.682	2
0.682	3
0.682	4
0.682	2
0.682	3
0.682	1
0.682	1
0.682	1
0.682	4
0.682	3
0.682	3
0.682	2
0.682	3
0.682	3
0.682	1
0.683	3
0.683	4
0.683	4
0.683	3
0.683	5
0.683	4
0.683	5
0.683	3
0.683	3
0.683	3
0.683	3
0.683	3
0.683	3
0.683	4
0.683	3
0.683	3
0.683	3
0.683	4
0.683	3
0.683	3
0.683	1
0.683	3
0.683	3
0.683	2
0.683	2
0.683	2
0.683	2
0.683	1
0.683	1
0.683	1
0.683	2
0.683	2
0.683	4
0.683	3
0.683	3
0.683	1
0.683	3
0.683	2
0.683	3
0.683	4
0.683	4
0.683	1
0.683	1
0.683	1
0.683	2
0.683	2
0.683	1
0.683	1
0.683	1
0.683	3
0.683	3
0.683	3
0.684	5
0.684	4
0.684	4
0.684	4
0.684	3
0.684	5
0.684	4
0.684	3
0.684	3
0.684	3
0.684	3
0.684	4
0.684	3
0.684	1
0.684	1
0.684	3
0.684	3
0.684	2
0.684	2
0.684	2
0.684	2
0.684	2
0.684	2
0.684	1
0.684	2
0.684	5
0.684	2
0.684	4
0.684	3
0.684	2
0.684	2
0.684	3
0.684	1
0.684	2
0.684	4
0.684	1
0.684	3
0.684	3
0.684	2
0.684	1
0.684	1
0.684	3
0.685	4
0.685	4
0.685	4
0.685	3
0.685	5
0.685	5
0.685	2
0.685	4
0.685	4
0.685	3
0.685	3
0.685	5
0.685	3
0.685	4
0.685	3
0.685	3
0.685	3
0.685	3
0.685	3
0.685	1
0.685	1
0.685	1
0.685	3
0.685	4
0.685	1
0.685	2
0.685	2
0.685	4
0.685	3
0.685	1
0.685	3
0.685	1
0.685	3
0.685	4
0.685	1
0.685	1
0.685	1
0.686	5
0.686	5
0.686	5
0.686	4
0.686	4
0.686	3
0.686	5
0.686	4
0.686	3
0.686	5
0.686	5
0.686	3
0.686	3
0.686	4
0.686	4
0.686	3
0.686	3
0.686	2
0.686	2
0.686	4
0.686	3
0.686	4
0.686	3
0.686	3
0.686	3
0.686	2
0.686	2
0.686	2
0.686	2
0.686	3
0.686	1
0.686	1
0.686	2
0.686	3
0.686	2
0.686	3
0.686	1
0.686	4
0.686	2
0.686	4
0.686	3
0.686	2
0.686	2
0.686	2
0.686	3
0.686	3
0.686	1
0.686	3
0.686	3
0.686	1
0.687	5
0.687	5
0.687	4
0.687	4
0.687	5
0.687	4
0.687	3
0.687	3
0.687	3
0.687	5
0.687	5
0.687	5
0.687	4
0.687	3
0.687	5
0.687	3
0.687	3
0.687	3
0.687	3
0.687	3
0.687	3
0.687	3
0.687	1
0.687	1
0.687	3
0.687	3
0.687	4
0.687	3
0.687	3
0.687	1
0.687	1
0.687	2
0.687	1
0.687	1
0.687	1
0.687	2
0.687	4
0.687	2
0.687	3
0.687	4
0.687	2
0.687	2
0.687	4
0.687	4
0.687	1
0.687	1
0.687	1
0.687	3
0.687	3
0.687	3
0.688	5
0.688	3
0.688	4
0.688	6
0.688	4
0.688	4
0.688	3
0.688	3
0.688	3
0.688	3
0.688	3
0.688	4
0.688	4
0.688	3
0.688	4
0.688	3
0.688	3
0.688	3
0.688	1
0.688	1
0.688	2
0.688	3
0.688	3
0.688	1
0.688	1
0.688	1
0.688	1
0.688	2
0.688	4
0.688	2
0.688	1
0.688	5
0.688	1
0.688	1
0.688	4
0.688	1
0.688	1
0.688	3
0.689	4
0.689	3
0.689	2
0.689	5
0.689	4
0.689	5
0.689	3
0.689	4
0.689	3
0.689	4
0.689	2
0.689	2
0.689	4
0.689	3
0.689	3
0.689	4
0.689	4
0.689	3
0.689	3
0.689	3
0.689	3
0.689	2
0.689	2
0.689	2
0.689	3
0.689	3
0.689	1
0.689	4
0.689	2
0.689	1
0.689	2
0.689	2
0.689	3
0.689	3
0.689	2
0.689	4
0.689	1
0.689	3
0.689	3
0.689	1
0.689	1
0.69	4
0.69	4
0.69	5
0.69	3
0.69	3
0.69	3
0.69	2
0.69	5
0.69	5
0.69	4
0.69	3
0.69	3
0.69	3
0.69	1
0.69	3
0.69	3
0.69	4
0.69	3
0.69	3
0.69	3
0.69	4
0.69	4
0.69	3
0.69	3
0.69	1
0.69	2
0.69	3
0.69	4
0.69	1
0.69	1
0.69	3
0.69	3
0.69	1
0.69	4
0.69	2
0.69	2
0.69	4
0.69	5
0.69	3
0.69	2
0.69	2
0.69	2
0.69	4
0.69	4
0.69	3
0.69	3
0.691	4
0.691	4
0.691	4
0.691	5
0.691	3
0.691	3
0.691	4
0.691	3
0.691	3
0.691	4
0.691	5
0.691	5
0.691	5
0.691	5
0.691	3
0.691	3
0.691	3
0.691	3
0.691	3
0.691	2
0.691	2
0.691	2
0.691	2
0.691	3
0.691	3
0.691	3
0.691	3
0.691	3
0.691	3
0.691	2
0.691	2
0.691	2
0.691	1
0.691	2
0.691	4
0.691	3
0.691	3
0.691	1
0.691	4
0.691	3
0.691	1
0.691	3
0.691	2
0.691	2
0.691	3
0.691	2
0.691	3
0.691	3
0.691	5
0.691	1
0.691	1
0.691	2
0.691	2
0.691	3
0.691	3
0.691	2
0.691	2
0.691	2
0.691	2
0.691	1
0.691	1
0.691	1
0.691	2
0.691	1
0.691	1
0.691	3
0.691	3
0.692	4
0.692	5
0.692	4
0.692	6
0.692	5
0.692	5
0.692	5
0.692	5
0.692	5
0.692	5
0.692	3
0.692	3
0.692	3
0.692	3
0.692	3
0.692	4
0.692	2
0.692	2
0.692	3
0.692	4
0.692	3
0.692	3
0.692	4
0.692	3
0.692	1
0.692	2
0.692	5
0.692	1
0.692	3
0.692	1
0.692	2
0.692	4
0.692	4
0.692	2
0.692	2
0.692	2
0.692	2
0.692	2
0.692	3
0.692	3
0.692	2
0.692	4
0.692	3
0.692	3
0.692	3
0.692	3
0.692	2
0.692	2
0.692	2
0.692	2
0.692	2
0.692	2
0.692	1
0.692	1
0.692	2
0.692	2
0.692	1
0.692	1
0.692	1
0.692	3
0.692	3
0.693	4
0.693	5
0.693	3
0.693	4
0.693	4
0.693	6
0.693	5
0.693	5
0.693	3
0.693	4
0.693	3
0.693	2
0.693	2
0.693	4
0.693	3
0.693	3
0.693	3
0.693	2
0.693	2
0.693	3
0.693	3
0.693	3
0.693	1
0.693	4
0.693	1
0.693	2
0.693	3
0.693	1
0.693	2
0.693	4
0.693	5
0.693	3
0.693	2
0.693	5
0.693	1
0.693	1
0.693	2
0.693	3
0.693	3
0.693	3
0.693	3
0.693	2
0.693	2
0.693	2
0.693	2
0.693	1
0.693	2
0.693	1
0.694	4
0.694	4
0.694	3
0.694	3
0.694	4
0.694	3
0.694	3
0.694	3
0.694	1
0.694	4
0.694	4
0.694	3
0.694	4
0.694	2
0.694	3
0.694	3
0.694	3
0.694	1
0.694	3
0.694	2
0.694	3
0.694	3
0.694	1
0.694	1
0.694	1
0.694	3
0.694	3
0.694	5
0.694	1
0.694	1
0.694	2
0.694	2
0.694	3
0.694	3
0.694	3
0.694	3
0.694	2
0.694	3
0.694	1
0.694	1
0.695	5
0.695	5
0.695	4
0.695	4
0.695	3
0.695	3
0.695	2
0.695	5
0.695	5
0.695	5
0.695	4
0.695	5
0.695	3
0.695	4
0.695	2
0.695	2
0.695	3
0.695	4
0.695	4
0.695	3
0.695	1
0.695	1
0.695	2
0.695	3
0.695	1
0.695	1
0.695	1
0.695	3
0.695	2
0.695	4
0.695	2
0.695	3
0.695	1
0.695	2
0.695	2
0.695	4
0.695	5
0.695	3
0.695	2
0.695	2
0.696	5
0.696	5
0.696	5
0.696	4
0.696	4
0.696	4
0.696	5
0.696	5
0.696	3
0.696	4
0.696	5
0.696	4
0.696	3
0.696	5
0.696	5
0.696	3
0.696	3
0.696	5
0.696	5
0.696	3
0.696	3
0.696	4
0.696	3
0.696	4
0.696	2
0.696	2
0.696	3
0.696	4
0.696	4
0.696	3
0.696	2
0.696	2
0.696	4
0.696	3
0.696	3
0.696	3
0.696	1
0.696	2
0.696	4
0.696	4
0.696	3
0.696	3
0.696	3
0.696	2
0.696	4
0.696	5
0.696	3
0.696	2
0.696	5
0.696	1
0.696	1
0.696	2
0.696	2
0.696	1
0.696	2
0.696	1
0.696	3
0.696	3
0.697	5
0.697	4
0.697	5
0.697	4
0.697	5
0.697	4
0.697	3
0.697	4
0.697	3
0.697	3
0.697	1
0.697	2
0.697	2
0.697	3
0.697	3
0.697	4
0.697	4
0.697	1
0.697	2
0.697	5
0.697	4
0.697	3
0.697	3
0.697	1
0.697	2
0.697	3
0.697	3
0.697	2
0.697	1
0.697	1
0.697	2
0.697	3
0.697	3
0.697	1
0.697	1
0.697	3
0.697	3
0.697	2
0.698	5
0.698	4
0.698	4
0.698	5
0.698	3
0.698	3
0.698	6
0.698	2
0.698	5
0.698	5
0.698	4
0.698	4
0.698	4
0.698	4
0.698	3
0.698	3
0.698	3
0.698	3
0.698	4
0.698	4
0.698	3
0.698	3
0.698	4
0.698	2
0.698	2
0.698	2
0.698	2
0.698	3
0.698	3
0.698	4
0.698	3
0.698	3
0.698	2
0.698	2
0.698	1
0.698	3
0.698	5
0.698	4
0.698	3
0.698	2
0.698	3
0.698	4
0.698	1
0.698	2
0.698	2
0.698	4
0.698	5
0.698	3
0.698	2
0.698	4
0.698	4
0.698	1
0.698	1
0.698	1
0.698	1
0.699	5
0.699	5
0.699	4
0.699	3
0.699	5
0.699	4
0.699	4
0.699	4
0.699	4
0.699	4
0.699	4
0.699	4
0.699	3
0.699	3
0.699	3
0.699	5
0.699	3
0.699	1
0.699	1
0.699	4
0.699	3
0.699	4
0.699	2
0.699	2
0.699	2
0.699	2
0.699	1
0.699	2
0.699	1
0.699	2
0.699	3
0.699	4
0.699	3
0.699	3
0.699	1
0.699	1
0.699	1
0.699	2
0.699	4
0.699	3
0.699	2
0.699	3
0.699	1
0.699	1
0.699	3
0.699	3
0.699	4
0.699	4
0.699	1
0.7	4
0.7	4
0.7	5
0.7	5
0.7	5
0.7	4
0.7	3
0.7	3
0.7	4
0.7	3
0.7	2
0.7	5
0.7	4
0.7	4
0.7	4
0.7	4
0.7	3
0.7	1
0.7	4
0.7	3
0.7	4
0.7	3
0.7	3
0.7	1
0.7	2
0.7	1
0.7	2
0.7	5
0.7	1
0.7	3
0.7	1
0.7	1
0.7	2
0.7	2
0.7	4
0.7	1
0.7	3
0.7	2
0.7	1
0.7	1
0.7	1
0.7	2
0.7	2
0.7	2
0.7	4
0.7	4
0.7	4
0.7	3
0.7	3
0.701	4
0.701	4
0.701	5
0.701	4
0.701	6
0.701	2
0.701	5
0.701	5
0.701	3
0.701	1
0.701	4
0.701	4
0.701	2
0.701	2
0.701	3
0.701	2
0.701	2
0.701	2
0.701	3
0.701	1
0.701	2
0.701	3
0.701	3
0.701	1
0.701	2
0.701	4
0.701	2
0.701	4
0.701	3
0.701	1
0.701	2
0.701	2
0.701	4
0.701	4
0.701	1
0.701	1
0.702	5
0.702	4
0.702	5
0.702	4
0.702	3
0.702	3
0.702	3
0.702	3
0.702	3
0.702	5
0.702	3
0.702	4
0.702	4
0.702	1
0.702	2
0.702	2
0.702	3
0.702	4
0.702	1
0.702	1
0.702	3
0.702	2
0.702	3
0.702	1
0.702	1
0.702	2
0.702	2
0.702	2
0.702	2
0.702	3
0.702	3
0.702	3
0.702	3
0.702	2
0.702	4
0.702	1
0.703	5
0.703	4
0.703	4
0.703	5
0.703	3
0.703	3
0.703	6
0.703	2
0.703	5
0.703	5
0.703	5
0.703	5
0.703	5
0.703	4
0.703	4
0.703	4
0.703	3
0.703	3
0.703	5
0.703	3
0.703	3
0.703	1
0.703	5
0.703	3
0.703	4
0.703	3
0.703	2
0.703	1
0.703	2
0.703	3
0.703	1
0.703	3
0.703	1
0.703	1
0.703	1
0.703	2
0.703	1
0.703	4
0.703	3
0.703	2
0.703	1
0.703	2
0.703	2
0.703	2
0.703	2
0.703	2
0.703	2
0.703	3
0.703	3
0.703	3
0.703	3
0.703	4
0.703	3
0.703	3
0.703	3
0.703	3
0.704	5
0.704	4
0.704	4
0.704	3
0.704	6
0.704	2
0.704	5
0.704	5
0.704	5
0.704	5
0.704	4
0.704	4
0.704	4
0.704	3
0.704	3
0.704	1
0.704	5
0.704	3
0.704	4
0.704	4
0.704	4
0.704	2
0.704	1
0.704	2
0.704	4
0.704	3
0.704	1
0.704	3
0.704	1
0.704	4
0.704	2
0.704	4
0.704	3
0.704	5
0.704	5
0.704	1
0.704	1
0.704	1
0.704	1
0.704	2
0.704	2
0.704	2
0.704	2
0.704	3
0.704	3
0.704	3
0.705	5
0.705	5
0.705	4
0.705	4
0.705	4
0.705	5
0.705	5
0.705	5
0.705	3
0.705	3
0.705	1
0.705	5
0.705	5
0.705	3
0.705	3
0.705	3
0.705	3
0.705	2
0.705	1
0.705	2
0.705	2
0.705	5
0.705	3
0.705	4
0.705	3
0.705	1
0.705	1
0.705	3
0.705	2
0.705	5
0.705	5
0.705	1
0.705	1
0.705	1
0.705	1
0.705	2
0.705	2
0.705	4
0.705	2
0.705	2
0.705	2
0.705	2
0.705	1
0.705	1
0.705	2
0.705	2
0.705	1
0.705	1
0.705	1
0.705	1
0.706	5
0.706	5
0.706	4
0.706	4
0.706	4
0.706	4
0.706	3
0.706	6
0.706	2
0.706	5
0.706	5
0.706	5
0.706	5
0.706	5
0.706	5
0.706	3
0.706	3
0.706	5
0.706	3
0.706	3
0.706	3
0.706	3
0.706	1
0.706	1
0.706	5
0.706	5
0.706	3
0.706	3
0.706	2
0.706	2
0.706	3
0.706	1
0.706	2
0.706	3
0.706	2
0.706	3
0.706	3
0.706	3
0.706	1
0.706	4
0.706	2
0.706	3
0.706	2
0.706	4
0.706	2
0.706	1
0.706	4
0.706	2
0.706	2
0.706	4
0.706	4
0.706	5
0.706	5
0.706	3
0.706	3
0.706	2
0.706	2
0.706	5
0.706	1
0.706	1
0.706	3
0.706	3
0.706	3
0.706	3
0.706	2
0.706	2
0.706	1
0.707	5
0.707	4
0.707	3
0.707	3
0.707	6
0.707	5
0.707	6
0.707	6
0.707	6
0.707	5
0.707	4
0.707	3
0.707	3
0.707	1
0.707	1
0.707	3
0.707	4
0.707	4
0.707	2
0.707	2
0.707	2
0.707	3
0.707	1
0.707	2
0.707	1
0.707	3
0.707	1
0.707	4
0.707	4
0.707	2
0.707	3
0.707	3
0.707	3
0.707	3
0.707	2
0.707	2
0.707	4
0.707	4
0.707	5
0.707	5
0.707	3
0.707	3
0.707	2
0.707	2
0.707	2
0.707	2
0.707	3
0.707	3
0.707	3
0.707	3
0.708	5
0.708	4
0.708	4
0.708	5
0.708	3
0.708	3
0.708	5
0.708	5
0.708	5
0.708	5
0.708	3
0.708	3
0.708	3
0.708	3
0.708	5
0.708	3
0.708	3
0.708	1
0.708	2
0.708	2
0.708	1
0.708	2
0.708	4
0.708	3
0.708	3
0.708	1
0.708	3
0.708	1
0.708	2
0.708	1
0.708	2
0.708	2
0.708	3
0.708	3
0.708	3
0.708	3
0.708	2
0.708	4
0.708	5
0.708	3
0.708	2
0.708	2
0.708	3
0.709	5
0.709	5
0.709	4
0.709	3
0.709	3
0.709	6
0.709	5
0.709	5
0.709	3
0.709	3
0.709	4
0.709	4
0.709	5
0.709	3
0.709	3
0.709	3
0.709	1
0.709	4
0.709	3
0.709	2
0.709	2
0.709	2
0.709	2
0.709	3
0.709	5
0.709	3
0.709	3
0.709	3
0.709	2
0.709	3
0.709	2
0.709	4
0.709	2
0.709	2
0.709	2
0.709	3
0.709	3
0.709	5
0.709	1
0.709	1
0.709	1
0.709	1
0.709	3
0.71	5
0.71	4
0.71	4
0.71	4
0.71	3
0.71	2
0.71	6
0.71	4
0.71	5
0.71	3
0.71	3
0.71	3
0.71	3
0.71	4
0.71	3
0.71	1
0.71	2
0.71	2
0.71	2
0.71	3
0.71	3
0.71	3
0.71	2
0.71	4
0.71	3
0.71	1
0.71	1
0.71	1
0.71	1
0.71	1
0.71	2
0.71	1
0.711	5
0.711	4
0.711	4
0.711	4
0.711	3
0.711	5
0.711	5
0.711	5
0.711	5
0.711	6
0.711	6
0.711	4
0.711	3
0.711	1
0.711	4
0.711	3
0.711	2
0.711	4
0.711	2
0.711	3
0.711	3
0.711	1
0.711	2
0.711	1
0.711	1
0.711	1
0.711	1
0.711	1
0.711	1
0.711	2
0.711	4
0.711	5
0.711	3
0.711	2
0.711	1
0.711	1
0.711	3
0.711	3
0.711	1
0.711	3
0.712	5
0.712	5
0.712	4
0.712	4
0.712	3
0.712	2
0.712	5
0.712	5
0.712	5
0.712	3
0.712	5
0.712	3
0.712	3
0.712	3
0.712	3
0.712	2
0.712	1
0.712	2
0.712	1
0.712	2
0.712	1
0.712	2
0.712	5
0.712	4
0.712	3
0.712	1
0.712	2
0.712	3
0.712	4
0.712	2
0.712	3
0.712	3
0.712	3
0.712	1
0.712	1
0.712	1
0.712	1
0.712	3
0.712	3
0.712	4
0.712	4
0.712	1
0.712	1
0.712	3
0.713	5
0.713	4
0.713	4
0.713	5
0.713	3
0.713	3
0.713	6
0.713	4
0.713	4
0.713	3
0.713	3
0.713	5
0.713	3
0.713	4
0.713	5
0.713	3
0.713	3
0.713	3
0.713	5
0.713	3
0.713	2
0.713	2
0.713	4
0.713	1
0.713	2
0.713	2
0.713	3
0.713	5
0.713	3
0.713	2
0.713	4
0.713	3
0.713	1
0.713	3
0.713	3
0.713	2
0.713	2
0.713	3
0.713	3
0.713	1
0.713	2
0.713	1
0.713	3
0.713	1
0.714	4
0.714	2
0.714	2
0.714	2
0.714	2
0.714	4
0.714	4
0.714	3
0.714	3
0.714	4
0.714	5
0.714	3
0.714	4
0.714	4
0.714	1
0.714	3
0.714	3
0.714	2
0.714	2
0.714	1
0.714	1
0.714	2
0.714	3
0.714	2
0.714	3
0.714	1
0.714	1
0.714	2
0.714	4
0.714	3
0.714	2
0.714	3
0.714	4
0.714	4
0.714	3
0.714	3
0.714	2
0.714	2
0.714	3
0.714	2
0.714	2
0.714	4
0.714	4
0.714	3
0.714	3
0.715	5
0.715	5
0.715	4
0.715	4
0.715	4
0.715	3
0.715	3
0.715	6
0.715	2
0.715	2
0.715	2
0.715	5
0.715	3
0.715	4
0.715	5
0.715	5
0.715	3
0.715	3
0.715	3
0.715	4
0.715	4
0.715	1
0.715	3
0.715	2
0.715	2
0.715	2
0.715	2
0.715	1
0.715	2
0.715	3
0.715	1
0.715	1
0.715	2
0.715	3
0.715	2
0.715	3
0.715	4
0.715	4
0.715	4
0.715	3
0.715	2
0.715	1
0.715	1
0.715	3
0.715	1
0.715	3
0.716	5
0.716	3
0.716	5
0.716	5
0.716	4
0.716	3
0.716	5
0.716	3
0.716	3
0.716	4
0.716	4
0.716	5
0.716	5
0.716	3
0.716	3
0.716	4
0.716	4
0.716	2
0.716	2
0.716	3
0.716	1
0.716	1
0.716	1
0.716	2
0.716	1
0.716	2
0.716	2
0.716	4
0.716	3
0.716	2
0.716	1
0.716	1
0.716	4
0.716	1
0.716	2
0.716	2
0.716	2
0.716	2
0.716	3
0.716	3
0.716	3
0.716	3
0.716	2
0.716	2
0.716	2
0.716	2
0.716	1
0.716	1
0.716	2
0.716	2
0.716	1
0.716	1
0.717	4
0.717	5
0.717	4
0.717	4
0.717	3
0.717	6
0.717	6
0.717	6
0.717	6
0.717	4
0.717	4
0.717	4
0.717	3
0.717	3
0.717	2
0.717	2
0.717	2
0.717	2
0.717	3
0.717	4
0.717	1
0.717	1
0.717	1
0.717	2
0.717	2
0.717	4
0.717	3
0.717	4
0.717	4
0.717	2
0.717	2
0.717	1
0.717	1
0.717	3
0.717	2
0.717	2
0.717	3
0.717	3
0.717	3
0.717	3
0.717	2
0.717	2
0.717	2
0.717	2
0.717	1
0.717	2
0.717	1
0.717	3
0.717	1
0.718	5
0.718	4
0.718	4
0.718	5
0.718	3
0.718	6
0.718	6
0.718	6
0.718	2
0.718	5
0.718	5
0.718	5
0.718	5
0.718	3
0.718	3
0.718	3
0.718	5
0.718	3
0.718	3
0.718	1
0.718	2
0.718	3
0.718	3
0.718	3
0.718	1
0.718	3
0.718	1
0.718	1
0.718	2
0.718	3
0.718	2
0.718	4
0.718	4
0.718	2
0.718	2
0.718	1
0.718	3
0.718	2
0.718	5
0.718	5
0.718	1
0.718	1
0.718	1
0.718	1
0.718	3
0.718	3
0.718	2
0.718	1
0.719	3
0.719	3
0.719	3
0.719	3
0.719	3
0.719	3
0.719	3
0.719	3
0.719	5
0.719	3
0.719	3
0.719	4
0.719	4
0.719	3
0.719	1
0.719	2
0.719	1
0.719	2
0.719	1
0.719	1
0.719	1
0.719	2
0.719	4
0.719	2
0.719	2
0.719	4
0.719	2
0.719	4
0.719	3
0.719	3
0.72	4
0.72	3
0.72	3
0.72	3
0.72	4
0.72	3
0.72	5
0.72	3
0.72	3
0.72	5
0.72	3
0.72	4
0.72	4
0.72	3
0.72	2
0.72	2
0.72	1
0.72	2
0.72	3
0.72	4
0.72	3
0.72	1
0.72	1
0.72	1
0.72	1
0.72	2
0.72	2
0.72	2
0.72	2
0.72	2
0.72	4
0.72	4
0.72	5
0.72	5
0.72	3
0.72	3
0.72	2
0.72	2
0.72	3
0.72	1
0.72	3
0.721	5
0.721	3
0.721	4
0.721	3
0.721	6
0.721	6
0.721	6
0.721	5
0.721	4
0.721	3
0.721	3
0.721	4
0.721	1
0.721	4
0.721	3
0.721	4
0.721	4
0.721	1
0.721	2
0.721	2
0.721	3
0.721	2
0.721	3
0.721	3
0.721	1
0.721	3
0.721	1
0.721	3
0.721	3
0.721	1
0.721	1
0.721	2
0.721	1
0.721	3
0.721	3
0.721	3
0.721	3
0.721	1
0.721	3
0.722	5
0.722	4
0.722	5
0.722	4
0.722	3
0.722	6
0.722	6
0.722	5
0.722	3
0.722	3
0.722	3
0.722	3
0.722	3
0.722	3
0.722	2
0.722	2
0.722	2
0.722	2
0.722	3
0.722	1
0.722	4
0.722	1
0.722	1
0.722	2
0.722	2
0.722	3
0.722	3
0.722	3
0.722	3
0.722	1
0.722	1
0.722	4
0.722	2
0.722	2
0.722	2
0.722	1
0.722	1
0.722	2
0.722	2
0.722	1
0.722	2
0.722	1
0.722	3
0.722	1
0.723	5
0.723	4
0.723	4
0.723	5
0.723	4
0.723	4
0.723	3
0.723	3
0.723	3
0.723	3
0.723	3
0.723	5
0.723	3
0.723	5
0.723	3
0.723	5
0.723	3
0.723	5
0.723	3
0.723	3
0.723	3
0.723	4
0.723	4
0.723	1
0.723	1
0.723	2
0.723	4
0.723	3
0.723	3
0.723	3
0.723	1
0.723	4
0.723	3
0.723	1
0.723	4
0.723	4
0.723	2
0.723	2
0.723	3
0.723	3
0.723	3
0.723	1
0.723	4
0.723	4
0.723	1
0.723	3
0.723	3
0.723	2
0.723	3
0.723	1
0.723	3
0.724	5
0.724	3
0.724	3
0.724	3
0.724	3
0.724	3
0.724	3
0.724	6
0.724	4
0.724	5
0.724	3
0.724	3
0.724	4
0.724	3
0.724	1
0.724	2
0.724	2
0.724	3
0.724	3
0.724	2
0.724	2
0.724	5
0.724	3
0.724	1
0.724	3
0.724	1
0.724	4
0.724	4
0.724	2
0.724	3
0.724	2
0.724	1
0.724	1
0.724	1
0.724	1
0.724	4
0.724	2
0.724	2
0.724	1
0.724	2
0.724	1
0.724	3
0.725	5
0.725	4
0.725	4
0.725	4
0.725	4
0.725	4
0.725	5
0.725	5
0.725	5
0.725	3
0.725	3
0.725	5
0.725	5
0.725	3
0.725	3
0.725	1
0.725	2
0.725	3
0.725	3
0.725	1
0.725	4
0.725	3
0.725	3
0.725	4
0.725	1
0.725	1
0.725	2
0.725	2
0.725	4
0.725	4
0.725	3
0.725	3
0.725	2
0.725	1
0.725	3
0.725	1
0.726	4
0.726	5
0.726	4
0.726	4
0.726	4
0.726	4
0.726	5
0.726	5
0.726	4
0.726	4
0.726	5
0.726	3
0.726	5
0.726	5
0.726	3
0.726	3
0.726	4
0.726	3
0.726	3
0.726	2
0.726	2
0.726	1
0.726	4
0.726	3
0.726	3
0.726	3
0.726	3
0.726	1
0.726	3
0.726	3
0.726	2
0.726	2
0.726	3
0.726	3
0.726	3
0.726	1
0.726	3
0.726	3
0.726	2
0.726	4
0.726	1
0.727	5
0.727	5
0.727	3
0.727	4
0.727	5
0.727	3
0.727	3
0.727	4
0.727	4
0.727	3
0.727	1
0.727	2
0.727	1
0.727	1
0.727	2
0.727	5
0.727	3
0.727	1
0.727	2
0.727	2
0.727	4
0.727	4
0.727	3
0.727	3
0.727	2
0.727	2
0.727	3
0.727	2
0.727	3
0.727	3
0.727	3
0.727	2
0.727	2
0.727	2
0.727	2
0.727	2
0.727	2
0.727	3
0.727	3
0.727	3
0.727	3
0.727	3
0.727	1
0.727	3
0.728	5
0.728	4
0.728	4
0.728	5
0.728	4
0.728	3
0.728	3
0.728	3
0.728	6
0.728	5
0.728	4
0.728	5
0.728	3
0.728	4
0.728	3
0.728	4
0.728	4
0.728	1
0.728	2
0.728	3
0.728	4
0.728	3
0.728	3
0.728	1
0.728	1
0.728	2
0.728	2
0.728	2
0.728	2
0.728	4
0.728	4
0.728	3
0.728	2
0.728	4
0.728	4
0.728	4
0.728	2
0.728	2
0.728	2
0.728	2
0.728	3
0.728	3
0.728	1
0.728	1
0.728	3
0.729	4
0.729	5
0.729	4
0.729	3
0.729	3
0.729	5
0.729	5
0.729	3
0.729	3
0.729	2
0.729	2
0.729	3
0.729	4
0.729	3
0.729	3
0.729	2
0.729	2
0.729	1
0.729	3
0.729	5
0.729	4
0.729	3
0.729	3
0.729	1
0.729	1
0.729	2
0.729	2
0.729	2
0.729	4
0.729	5
0.729	5
0.729	1
0.729	1
0.729	1
0.729	1
0.729	2
0.729	4
0.729	1
0.729	3
0.729	1
0.73	5
0.73	3
0.73	4
0.73	4
0.73	5
0.73	5
0.73	4
0.73	5
0.73	3
0.73	5
0.73	3
0.73	2
0.73	2
0.73	1
0.73	3
0.73	2
0.73	2
0.73	1
0.73	2
0.73	3
0.73	5
0.73	1
0.73	1
0.73	1
0.73	1
0.73	1
0.73	2
0.73	3
0.73	1
0.73	1
0.73	5
0.73	1
0.73	1
0.73	1
0.73	3
0.73	1
0.73	3
0.73	3
0.731	5
0.731	4
0.731	4
0.731	5
0.731	6
0.731	5
0.731	4
0.731	5
0.731	3
0.731	4
0.731	4
0.731	5
0.731	3
0.731	3
0.731	3
0.731	3
0.731	1
0.731	1
0.731	2
0.731	3
0.731	4
0.731	3
0.731	3
0.731	3
0.731	1
0.731	1
0.731	1
0.731	1
0.731	1
0.731	1
0.731	3
0.731	2
0.731	4
0.731	4
0.731	2
0.731	2
0.731	2
0.731	2
0.731	4
0.731	4
0.731	5
0.731	5
0.731	3
0.731	3
0.731	2
0.731	2
0.731	2
0.731	4
0.731	4
0.731	3
0.731	3
0.732	4
0.732	4
0.732	3
0.732	3
0.732	3
0.732	3
0.732	6
0.732	6
0.732	3
0.732	5
0.732	4
0.732	5
0.732	5
0.732	3
0.732	3
0.732	1
0.732	4
0.732	2
0.732	2
0.732	4
0.732	4
0.732	2
0.732	3
0.732	1
0.732	2
0.732	5
0.732	3
0.732	3
0.732	1
0.732	1
0.732	1
0.732	1
0.732	2
0.732	4
0.732	3
0.732	3
0.732	3
0.732	3
0.732	2
0.732	4
0.732	5
0.732	3
0.732	2
0.732	2
0.732	2
0.732	1
0.732	2
0.732	1
0.732	3
0.732	1
0.732	1
0.732	1
0.733	5
0.733	4
0.733	5
0.733	5
0.733	3
0.733	3
0.733	3
0.733	5
0.733	6
0.733	6
0.733	4
0.733	4
0.733	5
0.733	5
0.733	3
0.733	3
0.733	5
0.733	3
0.733	5
0.733	3
0.733	4
0.733	3
0.733	2
0.733	3
0.733	1
0.733	2
0.733	3
0.733	4
0.733	4
0.733	3
0.733	1
0.733	1
0.733	2
0.733	2
0.733	2
0.733	2
0.733	2
0.733	3
0.733	3
0.733	2
0.733	2
0.733	3
0.733	3
0.733	2
0.733	4
0.733	3
0.733	3
0.733	2
0.733	2
0.733	2
0.733	1
0.733	2
0.733	1
0.733	3
0.734	5
0.734	4
0.734	4
0.734	4
0.734	3
0.734	3
0.734	6
0.734	5
0.734	4
0.734	4
0.734	4
0.734	4
0.734	3
0.734	2
0.734	1
0.734	2
0.734	3
0.734	3
0.734	3
0.734	1
0.734	1
0.734	4
0.734	4
0.734	3
0.734	2
0.734	3
0.734	3
0.734	2
0.734	2
0.734	2
0.734	1
0.734	2
0.734	1
0.734	3
0.734	3
0.734	3
0.734	3
0.735	5
0.735	6
0.735	6
0.735	5
0.735	5
0.735	3
0.735	3
0.735	4
0.735	3
0.735	4
0.735	4
0.735	3
0.735	2
0.735	3
0.735	1
0.735	2
0.735	1
0.735	1
0.735	3
0.735	3
0.735	1
0.735	1
0.735	4
0.735	1
0.735	1
0.735	3
0.735	3
0.735	1
0.735	1
0.735	1
0.735	1
0.735	1
0.735	1
0.735	5
0.735	1
0.735	1
0.735	2
0.735	2
0.735	3
0.735	3
0.735	3
0.735	3
0.735	2
0.735	1
0.736	5
0.736	4
0.736	4
0.736	4
0.736	4
0.736	4
0.736	3
0.736	3
0.736	5
0.736	5
0.736	4
0.736	3
0.736	5
0.736	3
0.736	3
0.736	3
0.736	4
0.736	4
0.736	2
0.736	2
0.736	3
0.736	1
0.736	2
0.736	3
0.736	3
0.736	1
0.736	1
0.736	3
0.736	1
0.736	3
0.736	1
0.736	2
0.736	2
0.736	3
0.736	3
0.736	1
0.736	1
0.736	1
0.736	1
0.736	2
0.736	2
0.736	2
0.736	1
0.736	2
0.736	1
0.736	1
0.736	1
0.736	1
0.736	3
0.737	5
0.737	4
0.737	5
0.737	5
0.737	5
0.737	5
0.737	5
0.737	4
0.737	4
0.737	4
0.737	3
0.737	3
0.737	3
0.737	6
0.737	5
0.737	5
0.737	1
0.737	5
0.737	3
0.737	2
0.737	2
0.737	3
0.737	2
0.737	2
0.737	1
0.737	2
0.737	3
0.737	3
0.737	3
0.737	3
0.737	3
0.737	1
0.737	4
0.737	4
0.737	3
0.737	3
0.737	1
0.737	2
0.737	4
0.737	5
0.737	3
0.737	2
0.737	5
0.737	1
0.737	1
0.737	3
0.737	3
0.737	2
0.737	3
0.737	3
0.738	4
0.738	5
0.738	5
0.738	5
0.738	3
0.738	3
0.738	5
0.738	5
0.738	6
0.738	5
0.738	5
0.738	1
0.738	4
0.738	3
0.738	1
0.738	2
0.738	3
0.738	2
0.738	3
0.738	3
0.738	3
0.738	4
0.738	3
0.738	3
0.738	2
0.738	2
0.738	3
0.738	3
0.738	3
0.738	1
0.738	3
0.738	3
0.738	3
0.738	1
0.739	5
0.739	4
0.739	5
0.739	6
0.739	3
0.739	5
0.739	6
0.739	3
0.739	4
0.739	5
0.739	3
0.739	3
0.739	2
0.739	2
0.739	2
0.739	2
0.739	3
0.739	1
0.739	2
0.739	4
0.739	4
0.739	3
0.739	3
0.739	3
0.739	3
0.739	1
0.739	3
0.739	3
0.739	4
0.739	4
0.739	3
0.739	2
0.739	3
0.739	2
0.739	4
0.739	5
0.739	3
0.739	2
0.739	4
0.739	1
0.739	1
0.739	1
0.739	1
0.739	1
0.74	4
0.74	4
0.74	4
0.74	4
0.74	5
0.74	6
0.74	6
0.74	5
0.74	5
0.74	3
0.74	5
0.74	3
0.74	3
0.74	1
0.74	4
0.74	3
0.74	1
0.74	2
0.74	2
0.74	5
0.74	5
0.74	4
0.74	4
0.74	3
0.74	3
0.74	1
0.74	3
0.74	3
0.74	2
0.74	2
0.74	4
0.74	3
0.74	3
0.74	4
0.74	1
0.74	1
0.74	3
0.741	5
0.741	5
0.741	5
0.741	5
0.741	5
0.741	4
0.741	4
0.741	3
0.741	3
0.741	3
0.741	3
0.741	6
0.741	6
0.741	4
0.741	5
0.741	3
0.741	3
0.741	2
0.741	2
0.741	4
0.741	3
0.741	2
0.741	2
0.741	1
0.741	2
0.741	2
0.741	3
0.741	3
0.741	3
0.741	5
0.741	5
0.741	4
0.741	3
0.741	3
0.741	2
0.741	2
0.741	4
0.741	4
0.741	1
0.741	1
0.741	1
0.741	1
0.741	3
0.741	2
0.741	4
0.741	4
0.741	3
0.741	3
0.741	3
0.741	3
0.742	4
0.742	4
0.742	4
0.742	4
0.742	5
0.742	5
0.742	5
0.742	5
0.742	5
0.742	6
0.742	3
0.742	5
0.742	4
0.742	4
0.742	1
0.742	2
0.742	2
0.742	2
0.742	4
0.742	4
0.742	5
0.742	3
0.742	1
0.742	1
0.742	2
0.742	2
0.742	4
0.742	4
0.742	2
0.742	2
0.742	1
0.742	1
0.742	2
0.742	4
0.742	1
0.742	1
0.742	3
0.742	1
0.743	5
0.743	4
0.743	4
0.743	4
0.743	4
0.743	4
0.743	3
0.743	5
0.743	6
0.743	5
0.743	3
0.743	3
0.743	3
0.743	1
0.743	1
0.743	1
0.743	1
0.743	2
0.743	2
0.743	4
0.743	4
0.743	2
0.743	3
0.743	1
0.743	1
0.743	2
0.743	2
0.743	4
0.743	3
0.743	2
0.743	4
0.743	4
0.743	2
0.743	2
0.743	2
0.743	2
0.743	1
0.743	1
0.743	2
0.743	2
0.743	1
0.743	1
0.743	1
0.743	1
0.744	3
0.744	6
0.744	6
0.744	5
0.744	4
0.744	5
0.744	3
0.744	4
0.744	2
0.744	2
0.744	3
0.744	3
0.744	2
0.744	2
0.744	2
0.744	1
0.744	2
0.744	1
0.744	1
0.744	2
0.744	3
0.744	4
0.744	3
0.744	1
0.744	1
0.744	1
0.744	1
0.744	2
0.744	2
0.744	3
0.744	2
0.744	1
0.744	2
0.744	2
0.744	2
0.744	4
0.744	3
0.744	3
0.744	3
0.744	3
0.744	3
0.744	2
0.744	2
0.744	3
0.744	3
0.745	5
0.745	4
0.745	5
0.745	3
0.745	6
0.745	3
0.745	5
0.745	5
0.745	5
0.745	4
0.745	1
0.745	2
0.745	2
0.745	1
0.745	1
0.745	2
0.745	3
0.745	3
0.745	1
0.745	3
0.745	5
0.745	3
0.745	3
0.745	1
0.745	1
0.745	2
0.745	4
0.745	3
0.745	5
0.745	1
0.745	1
0.745	2
0.745	2
0.745	2
0.745	4
0.745	3
0.745	2
0.745	4
0.745	3
0.745	1
0.745	3
0.746	4
0.746	5
0.746	5
0.746	3
0.746	3
0.746	6
0.746	3
0.746	5
0.746	5
0.746	5
0.746	3
0.746	3
0.746	3
0.746	2
0.746	2
0.746	1
0.746	1
0.746	3
0.746	3
0.746	4
0.746	3
0.746	3
0.746	1
0.746	1
0.746	3
0.746	2
0.746	5
0.746	1
0.746	1
0.746	2
0.746	2
0.746	2
0.746	1
0.746	2
0.746	1
0.746	1
0.747	5
0.747	5
0.747	5
0.747	5
0.747	4
0.747	4
0.747	4
0.747	4
0.747	4
0.747	4
0.747	3
0.747	3
0.747	4
0.747	3
0.747	3
0.747	5
0.747	3
0.747	3
0.747	4
0.747	5
0.747	3
0.747	4
0.747	4
0.747	4
0.747	4
0.747	1
0.747	4
0.747	2
0.747	2
0.747	2
0.747	1
0.747	1
0.747	3
0.747	3
0.747	3
0.747	4
0.747	4
0.747	2
0.747	2
0.747	3
0.747	3
0.747	3
0.747	1
0.747	1
0.747	4
0.747	2
0.747	4
0.747	5
0.747	3
0.747	2
0.747	5
0.747	1
0.747	1
0.747	2
0.747	2
0.747	4
0.747	3
0.747	3
0.747	3
0.747	2
0.747	2
0.747	2
0.747	1
0.747	2
0.747	1
0.747	3
0.747	3
0.748	5
0.748	5
0.748	5
0.748	4
0.748	4
0.748	4
0.748	3
0.748	3
0.748	6
0.748	3
0.748	3
0.748	5
0.748	6
0.748	4
0.748	4
0.748	3
0.748	5
0.748	3
0.748	4
0.748	3
0.748	1
0.748	2
0.748	2
0.748	2
0.748	1
0.748	1
0.748	3
0.748	3
0.748	1
0.748	3
0.748	3
0.748	3
0.748	1
0.748	1
0.748	4
0.748	4
0.748	2
0.748	3
0.748	4
0.748	2
0.748	3
0.748	3
0.748	2
0.748	4
0.748	5
0.748	3
0.748	2
0.748	2
0.748	3
0.748	3
0.748	2
0.748	3
0.748	3
0.749	6
0.749	3
0.749	3
0.749	5
0.749	3
0.749	1
0.749	3
0.749	4
0.749	2
0.749	2
0.749	2
0.749	2
0.749	3
0.749	3
0.749	2
0.749	2
0.749	1
0.749	3
0.749	1
0.749	1
0.749	4
0.749	1
0.749	3
0.749	3
0.749	3
0.749	2
0.749	4
0.749	5
0.749	3
0.749	2
0.749	5
0.749	1
0.749	1
0.749	1
0.749	1
0.749	2
0.749	2
0.749	1
0.749	2
0.749	1
0.749	1
0.749	3
0.75	3
0.75	4
0.75	3
0.75	3
0.75	3
0.75	6
0.75	6
0.75	3
0.75	4
0.75	3
0.75	4
0.75	4
0.75	1
0.75	2
0.75	2
0.75	2
0.75	2
0.75	3
0.75	3
0.75	3
0.75	3
0.75	3
0.75	3
0.75	3
0.75	3
0.75	2
0.75	4
0.75	2
0.75	3
0.75	3
0.75	3
0.75	4
0.75	4
0.75	3
0.75	3
0.75	2
0.75	2
0.75	2
0.75	1
0.75	2
0.75	1
0.75	1
0.75	3
0.75	3
0.751	5
0.751	4
0.751	4
0.751	4
0.751	4
0.751	3
0.751	6
0.751	6
0.751	3
0.751	4
0.751	5
0.751	3
0.751	5
0.751	3
0.751	3
0.751	3
0.751	2
0.751	2
0.751	2
0.751	3
0.751	3
0.751	3
0.751	3
0.751	3
0.751	2
0.751	2
0.751	3
0.751	1
0.751	1
0.751	3
0.751	2
0.751	4
0.751	5
0.751	3
0.751	2
0.751	3
0.751	3
0.751	2
0.751	3
0.751	1
0.752	5
0.752	5
0.752	4
0.752	4
0.752	5
0.752	5
0.752	4
0.752	4
0.752	4
0.752	3
0.752	6
0.752	6
0.752	5
0.752	3
0.752	4
0.752	3
0.752	1
0.752	5
0.752	3
0.752	4
0.752	4
0.752	3
0.752	2
0.752	2
0.752	2
0.752	1
0.752	4
0.752	2
0.752	2
0.752	4
0.752	4
0.752	3
0.752	2
0.752	3
0.752	1
0.752	2
0.752	1
0.752	1
0.752	1
0.752	3
0.752	3
0.752	2
0.752	2
0.752	4
0.752	4
0.752	1
0.752	3
0.752	1
0.752	1
0.752	3
0.753	4
0.753	3
0.753	3
0.753	5
0.753	3
0.753	1
0.753	5
0.753	3
0.753	3
0.753	4
0.753	4
0.753	2
0.753	2
0.753	3
0.753	4
0.753	4
0.753	3
0.753	3
0.753	1
0.753	1
0.753	2
0.753	2
0.753	2
0.753	4
0.753	2
0.753	3
0.753	3
0.753	1
0.753	1
0.753	1
0.753	3
0.753	4
0.753	1
0.753	1
0.753	3
0.754	4
0.754	3
0.754	4
0.754	4
0.754	3
0.754	3
0.754	6
0.754	5
0.754	3
0.754	3
0.754	3
0.754	1
0.754	1
0.754	2
0.754	2
0.754	3
0.754	5
0.754	5
0.754	1
0.754	2
0.754	4
0.754	4
0.754	1
0.754	3
0.754	2
0.754	3
0.754	1
0.754	2
0.754	2
0.754	3
0.754	3
0.754	4
0.754	4
0.754	3
0.754	3
0.754	4
0.754	1
0.754	3
0.754	3
0.754	1
0.755	5
0.755	4
0.755	6
0.755	5
0.755	3
0.755	4
0.755	3
0.755	3
0.755	3
0.755	4
0.755	4
0.755	2
0.755	2
0.755	1
0.755	1
0.755	2
0.755	4
0.755	4
0.755	1
0.755	1
0.755	1
0.755	1
0.755	2
0.755	3
0.755	4
0.755	3
0.755	2
0.755	3
0.755	1
0.755	1
0.755	2
0.755	2
0.755	2
0.755	4
0.755	1
0.755	3
0.755	1
0.756	5
0.756	5
0.756	4
0.756	4
0.756	3
0.756	3
0.756	5
0.756	3
0.756	4
0.756	3
0.756	2
0.756	2
0.756	5
0.756	3
0.756	3
0.756	2
0.756	2
0.756	2
0.756	2
0.756	1
0.756	3
0.756	3
0.756	1
0.756	1
0.756	1
0.756	1
0.756	3
0.756	4
0.756	4
0.756	3
0.756	2
0.756	1
0.756	5
0.756	5
0.756	1
0.756	1
0.756	1
0.756	1
0.756	3
0.756	4
0.756	4
0.756	1
0.756	1
0.756	3
0.756	1
0.756	1
0.756	3
0.757	4
0.757	4
0.757	3
0.757	4
0.757	4
0.757	4
0.757	5
0.757	3
0.757	4
0.757	4
0.757	2
0.757	2
0.757	2
0.757	2
0.757	2
0.757	2
0.757	2
0.757	2
0.757	1
0.757	1
0.757	3
0.757	3
0.757	3
0.757	1
0.757	3
0.757	2
0.757	1
0.757	4
0.757	3
0.757	2
0.757	3
0.757	4
0.757	3
0.757	4
0.757	1
0.757	3
0.757	3
0.758	4
0.758	4
0.758	4
0.758	4
0.758	6
0.758	6
0.758	3
0.758	5
0.758	3
0.758	3
0.758	5
0.758	3
0.758	1
0.758	1
0.758	4
0.758	4
0.758	2
0.758	2
0.758	2
0.758	2
0.758	2
0.758	4
0.758	4
0.758	2
0.758	4
0.758	3
0.758	4
0.758	2
0.758	1
0.758	3
0.758	2
0.758	2
0.758	2
0.758	4
0.758	4
0.758	5
0.758	5
0.758	3
0.758	3
0.758	2
0.758	2
0.758	2
0.758	2
0.758	3
0.758	4
0.758	3
0.758	3
0.758	4
0.758	3
0.758	1
0.758	3
0.758	3
0.758	1
0.759	5
0.759	5
0.759	3
0.759	3
0.759	4
0.759	4
0.759	6
0.759	4
0.759	5
0.759	4
0.759	4
0.759	4
0.759	4
0.759	2
0.759	2
0.759	5
0.759	1
0.759	1
0.759	4
0.759	2
0.759	2
0.759	1
0.759	3
0.759	3
0.759	3
0.759	3
0.759	1
0.759	1
0.759	4
0.759	1
0.759	2
0.759	3
0.759	2
0.759	4
0.759	2
0.759	1
0.759	4
0.759	3
0.759	3
0.759	3
0.759	3
0.759	5
0.759	1
0.759	1
0.759	2
0.759	3
0.759	4
0.759	3
0.759	1
0.759	1
0.759	1
0.76	4
0.76	3
0.76	4
0.76	4
0.76	4
0.76	5
0.76	3
0.76	4
0.76	3
0.76	1
0.76	2
0.76	1
0.76	1
0.76	3
0.76	1
0.76	2
0.76	4
0.76	2
0.76	4
0.76	2
0.76	3
0.76	3
0.76	5
0.76	1
0.76	1
0.76	2
0.76	3
0.76	4
0.76	3
0.76	2
0.76	2
0.76	1
0.76	2
0.76	1
0.76	3
0.76	3
0.761	4
0.761	3
0.761	3
0.761	5
0.761	3
0.761	2
0.761	2
0.761	3
0.761	5
0.761	2
0.761	1
0.761	1
0.761	4
0.761	4
0.761	3
0.761	3
0.761	1
0.761	1
0.761	1
0.761	1
0.761	2
0.761	2
0.761	1
0.761	2
0.761	4
0.761	5
0.761	3
0.761	2
0.761	2
0.761	2
0.761	3
0.761	4
0.761	3
0.761	3
0.761	3
0.761	2
0.761	2
0.761	2
0.761	1
0.761	2
0.761	1
0.761	3
0.761	3
0.761	1
0.761	3
0.762	5
0.762	5
0.762	4
0.762	4
0.762	5
0.762	4
0.762	4
0.762	5
0.762	3
0.762	4
0.762	2
0.762	2
0.762	3
0.762	3
0.762	4
0.762	2
0.762	2
0.762	3
0.762	3
0.762	3
0.762	3
0.762	3
0.762	3
0.762	2
0.762	4
0.762	1
0.762	2
0.762	4
0.762	2
0.762	1
0.762	1
0.762	1
0.762	1
0.762	3
0.762	3
0.762	2
0.762	4
0.762	5
0.762	3
0.762	2
0.762	5
0.762	1
0.762	1
0.762	2
0.762	3
0.762	3
0.762	2
0.762	2
0.762	2
0.762	1
0.762	2
0.762	1
0.763	5
0.763	4
0.763	4
0.763	3
0.763	3
0.763	5
0.763	5
0.763	6
0.763	3
0.763	4
0.763	5
0.763	3
0.763	3
0.763	4
0.763	4
0.763	4
0.763	4
0.763	3
0.763	3
0.763	1
0.763	2
0.763	2
0.763	3
0.763	3
0.763	3
0.763	1
0.763	1
0.763	2
0.763	3
0.763	4
0.763	1
0.763	1
0.763	1
0.763	3
0.763	3
0.763	3
0.763	5
0.763	1
0.763	1
0.763	3
0.763	3
0.763	2
0.763	2
0.763	2
0.763	2
0.763	2
0.763	1
0.763	1
0.763	2
0.763	2
0.763	1
0.763	1
0.763	3
0.763	1
0.764	4
0.764	5
0.764	5
0.764	4
0.764	3
0.764	4
0.764	6
0.764	3
0.764	5
0.764	5
0.764	3
0.764	1
0.764	4
0.764	2
0.764	2
0.764	3
0.764	3
0.764	4
0.764	4
0.764	4
0.764	4
0.764	3
0.764	2
0.764	2
0.764	4
0.764	4
0.764	3
0.764	3
0.764	4
0.764	3
0.764	2
0.764	4
0.764	2
0.764	3
0.764	4
0.764	1
0.764	2
0.764	3
0.764	3
0.764	3
0.764	2
0.764	4
0.764	5
0.764	3
0.764	2
0.764	3
0.764	3
0.764	3
0.764	3
0.764	2
0.764	2
0.765	5
0.765	4
0.765	5
0.765	4
0.765	3
0.765	4
0.765	4
0.765	4
0.765	3
0.765	3
0.765	4
0.765	4
0.765	5
0.765	5
0.765	4
0.765	3
0.765	3
0.765	1
0.765	4
0.765	2
0.765	3
0.765	3
0.765	3
0.765	2
0.765	2
0.765	1
0.765	1
0.765	3
0.765	3
0.765	2
0.765	4
0.765	5
0.765	4
0.765	2
0.765	2
0.765	2
0.765	1
0.765	2
0.765	1
0.765	3
0.765	3
0.766	5
0.766	5
0.766	3
0.766	3
0.766	6
0.766	3
0.766	6
0.766	6
0.766	3
0.766	5
0.766	3
0.766	3
0.766	3
0.766	3
0.766	2
0.766	2
0.766	4
0.766	4
0.766	5
0.766	1
0.766	4
0.766	3
0.766	4
0.766	4
0.766	1
0.766	4
0.766	4
0.766	1
0.766	1
0.766	1
0.766	3
0.766	3
0.766	3
0.766	1
0.766	3
0.766	3
0.766	2
0.766	1
0.767	4
0.767	4
0.767	3
0.767	3
0.767	4
0.767	4
0.767	3
0.767	3
0.767	1
0.767	4
0.767	3
0.767	3
0.767	3
0.767	4
0.767	3
0.767	3
0.767	1
0.767	3
0.767	2
0.767	3
0.767	2
0.767	3
0.767	3
0.767	1
0.767	3
0.767	4
0.767	1
0.767	1
0.768	6
0.768	6
0.768	5
0.768	4
0.768	3
0.768	5
0.768	5
0.768	5
0.768	3
0.768	5
0.768	3
0.768	3
0.768	4
0.768	4
0.768	1
0.768	1
0.768	1
0.768	1
0.768	3
0.768	3
0.768	3
0.768	1
0.768	2
0.768	4
0.768	3
0.768	2
0.768	3
0.768	4
0.768	1
0.768	1
0.768	3
0.768	2
0.768	3
0.768	1
0.768	1
0.768	4
0.768	1
0.768	3
0.769	5
0.769	4
0.769	4
0.769	4
0.769	6
0.769	5
0.769	4
0.769	3
0.769	6
0.769	5
0.769	1
0.769	5
0.769	3
0.769	5
0.769	5
0.769	3
0.769	2
0.769	2
0.769	1
0.769	3
0.769	3
0.769	1
0.769	2
0.769	2
0.769	4
0.769	3
0.769	2
0.769	4
0.769	4
0.769	2
0.769	2
0.769	4
0.769	3
0.769	2
0.769	1
0.769	1
0.769	1
0.769	3
0.769	4
0.769	4
0.769	1
0.769	1
0.769	3
0.77	4
0.77	6
0.77	5
0.77	4
0.77	4
0.77	3
0.77	1
0.77	5
0.77	5
0.77	2
0.77	2
0.77	3
0.77	3
0.77	4
0.77	3
0.77	3
0.77	1
0.77	2
0.77	2
0.77	4
0.77	3
0.77	4
0.77	3
0.77	1
0.77	3
0.77	4
0.77	4
0.77	4
0.77	2
0.77	2
0.77	1
0.77	2
0.77	1
0.77	3
0.771	4
0.771	5
0.771	5
0.771	4
0.771	4
0.771	3
0.771	5
0.771	6
0.771	5
0.771	6
0.771	3
0.771	5
0.771	5
0.771	4
0.771	5
0.771	3
0.771	3
0.771	3
0.771	5
0.771	3
0.771	4
0.771	4
0.771	2
0.771	2
0.771	2
0.771	2
0.771	3
0.771	5
0.771	1
0.771	1
0.771	1
0.771	2
0.771	3
0.771	2
0.771	2
0.771	2
0.771	1
0.771	3
0.771	2
0.771	3
0.771	2
0.771	3
0.771	4
0.771	3
0.771	3
0.771	4
0.771	1
0.771	3
0.771	3
0.771	2
0.771	1
0.772	5
0.772	4
0.772	6
0.772	5
0.772	5
0.772	4
0.772	6
0.772	4
0.772	5
0.772	5
0.772	3
0.772	1
0.772	2
0.772	2
0.772	2
0.772	2
0.772	3
0.772	3
0.772	1
0.772	1
0.772	1
0.772	1
0.772	4
0.772	4
0.772	4
0.772	4
0.772	3
0.772	3
0.772	2
0.772	1
0.772	1
0.772	2
0.772	4
0.772	4
0.772	2
0.772	1
0.772	4
0.772	3
0.772	2
0.772	2
0.772	2
0.772	3
0.772	4
0.772	3
0.772	3
0.772	3
0.772	4
0.772	4
0.772	4
0.772	1
0.773	4
0.773	6
0.773	4
0.773	5
0.773	3
0.773	3
0.773	2
0.773	2
0.773	2
0.773	2
0.773	3
0.773	3
0.773	4
0.773	1
0.773	4
0.773	5
0.773	3
0.773	2
0.773	1
0.773	1
0.773	1
0.773	2
0.773	4
0.773	4
0.773	1
0.773	1
0.773	4
0.773	2
0.773	4
0.773	5
0.773	1
0.773	1
0.773	2
0.773	2
0.773	3
0.773	4
0.773	3
0.773	3
0.773	3
0.774	5
0.774	5
0.774	4
0.774	4
0.774	4
0.774	6
0.774	5
0.774	3
0.774	4
0.774	3
0.774	6
0.774	4
0.774	4
0.774	2
0.774	2
0.774	5
0.774	2
0.774	2
0.774	3
0.774	3
0.774	4
0.774	1
0.774	3
0.774	4
0.774	4
0.774	3
0.774	2
0.774	2
0.774	2
0.774	3
0.774	3
0.774	2
0.774	1
0.774	5
0.774	1
0.774	1
0.774	2
0.774	2
0.774	2
0.774	3
0.774	3
0.774	4
0.774	4
0.774	3
0.774	3
0.774	3
0.774	4
0.774	1
0.774	3
0.775	5
0.775	4
0.775	5
0.775	6
0.775	6
0.775	4
0.775	6
0.775	3
0.775	3
0.775	4
0.775	4
0.775	2
0.775	2
0.775	2
0.775	3
0.775	3
0.775	1
0.775	4
0.775	1
0.775	1
0.775	4
0.775	4
0.775	2
0.775	4
0.775	2
0.775	1
0.775	2
0.775	4
0.775	5
0.775	4
0.775	2
0.775	5
0.775	1
0.775	1
0.775	2
0.775	2
0.775	1
0.776	5
0.776	4
0.776	5
0.776	5
0.776	6
0.776	6
0.776	5
0.776	5
0.776	4
0.776	6
0.776	3
0.776	4
0.776	4
0.776	4
0.776	3
0.776	3
0.776	3
0.776	2
0.776	3
0.776	1
0.776	3
0.776	1
0.776	3
0.776	1
0.776	4
0.776	3
0.776	2
0.776	4
0.776	1
0.776	4
0.776	2
0.776	3
0.776	3
0.776	2
0.776	4
0.776	5
0.776	4
0.776	2
0.776	5
0.776	6
0.776	1
0.776	1
0.776	1
0.776	1
0.776	2
0.776	3
0.776	4
0.776	3
0.776	1
0.776	3
0.776	1
0.777	5
0.777	5
0.777	4
0.777	6
0.777	5
0.777	4
0.777	4
0.777	4
0.777	2
0.777	2
0.777	4
0.777	4
0.777	4
0.777	4
0.777	2
0.777	2
0.777	3
0.777	1
0.777	3
0.777	1
0.777	3
0.777	3
0.777	2
0.777	3
0.777	4
0.777	1
0.777	2
0.777	3
0.777	3
0.777	3
0.777	2
0.777	4
0.777	5
0.777	4
0.777	2
0.777	2
0.777	4
0.777	3
0.778	5
0.778	4
0.778	6
0.778	4
0.778	6
0.778	3
0.778	6
0.778	3
0.778	3
0.778	3
0.778	2
0.778	1
0.778	4
0.778	3
0.778	3
0.778	3
0.778	1
0.778	4
0.778	3
0.778	3
0.778	2
0.778	2
0.778	4
0.778	2
0.778	3
0.778	2
0.778	3
0.778	3
0.778	3
0.778	2
0.778	2
0.778	4
0.778	4
0.778	5
0.778	5
0.778	4
0.778	4
0.778	2
0.778	2
0.778	6
0.778	1
0.778	1
0.778	2
0.778	2
0.778	1
0.778	2
0.778	1
0.778	3
0.779	5
0.779	4
0.779	5
0.779	5
0.779	3
0.779	3
0.779	5
0.779	6
0.779	4
0.779	6
0.779	3
0.779	3
0.779	4
0.779	6
0.779	3
0.779	4
0.779	5
0.779	5
0.779	3
0.779	3
0.779	1
0.779	1
0.779	4
0.779	3
0.779	3
0.779	3
0.779	1
0.779	2
0.779	2
0.779	4
0.779	4
0.779	4
0.779	4
0.779	1
0.779	1
0.779	1
0.779	3
0.779	3
0.779	3
0.779	3
0.779	3
0.779	3
0.779	4
0.779	3
0.779	3
0.779	2
0.779	1
0.779	1
0.78	5
0.78	4
0.78	3
0.78	5
0.78	4
0.78	4
0.78	1
0.78	1
0.78	5
0.78	5
0.78	3
0.78	3
0.78	4
0.78	3
0.78	3
0.78	3
0.78	3
0.78	1
0.78	2
0.78	3
0.78	1
0.78	4
0.78	4
0.78	3
0.78	3
0.78	1
0.78	1
0.78	1
0.78	2
0.78	3
0.78	3
0.78	2
0.78	3
0.78	4
0.78	1
0.78	1
0.78	1
0.78	1
0.78	3
0.78	3
0.78	2
0.78	4
0.78	5
0.78	4
0.78	2
0.781	5
0.781	5
0.781	4
0.781	4
0.781	3
0.781	6
0.781	3
0.781	1
0.781	1
0.781	5
0.781	3
0.781	2
0.781	2
0.781	3
0.781	2
0.781	4
0.781	5
0.781	4
0.781	3
0.781	3
0.781	3
0.781	2
0.781	3
0.781	4
0.781	2
0.781	3
0.781	3
0.781	1
0.781	1
0.781	1
0.781	3
0.781	3
0.781	2
0.781	3
0.781	4
0.781	3
0.781	3
0.781	3
0.781	3
0.782	5
0.782	5
0.782	4
0.782	4
0.782	6
0.782	3
0.782	3
0.782	4
0.782	1
0.782	4
0.782	4
0.782	2
0.782	2
0.782	2
0.782	2
0.782	2
0.782	2
0.782	3
0.782	4
0.782	5
0.782	4
0.782	3
0.782	3
0.782	1
0.782	1
0.782	1
0.782	1
0.782	2
0.782	4
0.782	3
0.782	2
0.782	4
0.782	3
0.782	2
0.782	3
0.782	1
0.782	1
0.782	1
0.782	1
0.782	1
0.782	3
0.782	2
0.782	1
0.782	3
0.783	6
0.783	4
0.783	6
0.783	6
0.783	5
0.783	5
0.783	5
0.783	3
0.783	3
0.783	5
0.783	6
0.783	1
0.783	1
0.783	4
0.783	2
0.783	2
0.783	2
0.783	2
0.783	4
0.783	5
0.783	3
0.783	3
0.783	2
0.783	2
0.783	1
0.783	3
0.783	2
0.783	4
0.783	3
0.783	4
0.783	3
0.783	2
0.783	3
0.783	1
0.783	1
0.783	6
0.783	1
0.783	1
0.783	2
0.783	2
0.783	1
0.783	2
0.783	1
0.783	1
0.783	3
0.784	5
0.784	4
0.784	5
0.784	3
0.784	3
0.784	5
0.784	5
0.784	3
0.784	3
0.784	3
0.784	5
0.784	3
0.784	1
0.784	1
0.784	3
0.784	4
0.784	4
0.784	3
0.784	1
0.784	3
0.784	3
0.784	2
0.784	3
0.784	4
0.784	3
0.784	2
0.784	3
0.784	3
0.784	1
0.784	1
0.784	1
0.784	3
0.784	3
0.784	2
0.784	3
0.784	1
0.785	4
0.785	4
0.785	3
0.785	6
0.785	3
0.785	3
0.785	1
0.785	4
0.785	4
0.785	1
0.785	2
0.785	1
0.785	3
0.785	5
0.785	4
0.785	4
0.785	1
0.785	1
0.785	2
0.785	4
0.785	3
0.785	2
0.785	1
0.785	4
0.785	3
0.785	3
0.785	2
0.785	2
0.785	1
0.785	2
0.785	4
0.785	5
0.785	4
0.785	2
0.785	4
0.785	3
0.785	1
0.785	4
0.785	4
0.786	5
0.786	6
0.786	5
0.786	5
0.786	2
0.786	2
0.786	2
0.786	2
0.786	3
0.786	3
0.786	1
0.786	3
0.786	4
0.786	3
0.786	3
0.786	1
0.786	1
0.786	3
0.786	2
0.786	1
0.786	1
0.786	1
0.786	3
0.786	2
0.786	4
0.786	4
0.786	2
0.786	1
0.786	4
0.786	4
0.786	3
0.786	3
0.786	3
0.786	2
0.786	2
0.786	1
0.786	2
0.786	1
0.786	3
0.786	4
0.787	3
0.787	3
0.787	6
0.787	3
0.787	4
0.787	4
0.787	3
0.787	3
0.787	2
0.787	1
0.787	3
0.787	1
0.787	1
0.787	3
0.787	2
0.787	1
0.787	3
0.787	4
0.787	2
0.787	1
0.787	3
0.787	2
0.787	3
0.787	3
0.787	4
0.787	3
0.787	3
0.787	2
0.787	1
0.787	3
0.787	1
0.787	1
0.787	4
0.788	4
0.788	4
0.788	5
0.788	5
0.788	5
0.788	4
0.788	4
0.788	3
0.788	4
0.788	4
0.788	4
0.788	4
0.788	3
0.788	4
0.788	2
0.788	2
0.788	3
0.788	1
0.788	4
0.788	3
0.788	1
0.788	3
0.788	3
0.788	3
0.788	4
0.788	1
0.788	1
0.788	2
0.788	4
0.788	2
0.788	1
0.788	1
0.788	4
0.788	1
0.788	1
0.789	5
0.789	4
0.789	5
0.789	4
0.789	5
0.789	5
0.789	6
0.789	6
0.789	3
0.789	3
0.789	4
0.789	4
0.789	4
0.789	3
0.789	3
0.789	4
0.789	4
0.789	1
0.789	2
0.789	4
0.789	2
0.789	4
0.789	3
0.789	3
0.789	3
0.789	1
0.789	4
0.789	3
0.789	2
0.789	1
0.789	1
0.789	2
0.789	4
0.789	4
0.789	2
0.789	2
0.789	1
0.789	1
0.789	2
0.789	3
0.789	4
0.789	3
0.789	1
0.789	3
0.789	1
0.789	3
0.789	3
0.789	1
0.79	6
0.79	4
0.79	6
0.79	6
0.79	3
0.79	4
0.79	4
0.79	6
0.79	6
0.79	3
0.79	3
0.79	3
0.79	4
0.79	2
0.79	2
0.79	2
0.79	3
0.79	4
0.79	2
0.79	4
0.79	3
0.79	1
0.79	3
0.79	1
0.79	3
0.79	2
0.79	4
0.79	1
0.79	2
0.79	1
0.79	1
0.79	2
0.79	4
0.79	1
0.79	3
0.79	3
0.791	5
0.791	4
0.791	4
0.791	3
0.791	5
0.791	4
0.791	5
0.791	5
0.791	4
0.791	4
0.791	6
0.791	3
0.791	3
0.791	3
0.791	1
0.791	2
0.791	2
0.791	3
0.791	4
0.791	4
0.791	4
0.791	3
0.791	3
0.791	3
0.791	1
0.791	4
0.791	2
0.791	3
0.791	4
0.791	1
0.791	2
0.791	2
0.791	4
0.791	2
0.791	3
0.791	6
0.791	1
0.791	1
0.791	1
0.791	3
0.791	1
0.791	1
0.791	3
0.791	4
0.791	4
0.792	3
0.792	3
0.792	5
0.792	4
0.792	4
0.792	3
0.792	2
0.792	2
0.792	3
0.792	2
0.792	4
0.792	5
0.792	5
0.792	3
0.792	3
0.792	3
0.792	1
0.792	4
0.792	4
0.792	3
0.792	3
0.792	4
0.792	1
0.792	3
0.792	2
0.792	3
0.792	4
0.792	1
0.792	3
0.792	1
0.792	1
0.793	6
0.793	4
0.793	6
0.793	3
0.793	5
0.793	5
0.793	3
0.793	3
0.793	3
0.793	2
0.793	3
0.793	4
0.793	4
0.793	4
0.793	3
0.793	1
0.793	3
0.793	1
0.793	4
0.793	3
0.793	3
0.793	4
0.793	4
0.793	1
0.793	1
0.793	2
0.793	4
0.793	2
0.793	4
0.793	5
0.793	4
0.793	2
0.793	4
0.793	3
0.793	3
0.793	3
0.793	1
0.793	1
0.793	1
0.794	5
0.794	6
0.794	3
0.794	4
0.794	6
0.794	3
0.794	1
0.794	1
0.794	6
0.794	6
0.794	4
0.794	4
0.794	2
0.794	2
0.794	3
0.794	4
0.794	3
0.794	3
0.794	1
0.794	3
0.794	4
0.794	3
0.794	3
0.794	3
0.794	3
0.794	3
0.794	3
0.794	2
0.794	3
0.794	4
0.794	3
0.794	2
0.794	2
0.794	1
0.794	2
0.794	1
0.794	3
0.794	1
0.794	1
0.794	3
0.795	3
0.795	5
0.795	6
0.795	3
0.795	3
0.795	3
0.795	4
0.795	6
0.795	3
0.795	3
0.795	1
0.795	2
0.795	3
0.795	1
0.795	1
0.795	3
0.795	3
0.795	5
0.795	4
0.795	3
0.795	3
0.795	3
0.795	3
0.795	2
0.795	3
0.795	4
0.795	4
0.795	4
0.795	1
0.795	1
0.795	3
0.795	2
0.795	3
0.795	4
0.795	3
0.795	3
0.795	2
0.795	2
0.795	2
0.795	1
0.795	2
0.795	1
0.795	1
0.795	3
0.795	3
0.795	3
0.796	5
0.796	4
0.796	4
0.796	4
0.796	3
0.796	4
0.796	6
0.796	3
0.796	3
0.796	3
0.796	4
0.796	4
0.796	4
0.796	4
0.796	3
0.796	1
0.796	4
0.796	5
0.796	3
0.796	2
0.796	4
0.796	3
0.796	2
0.796	3
0.796	3
0.796	3
0.796	4
0.796	2
0.796	6
0.796	1
0.796	1
0.796	3
0.796	3
0.796	2
0.796	2
0.796	2
0.796	1
0.796	2
0.796	1
0.796	3
0.796	3
0.796	1
0.797	5
0.797	3
0.797	6
0.797	4
0.797	3
0.797	3
0.797	3
0.797	2
0.797	2
0.797	2
0.797	2
0.797	4
0.797	3
0.797	3
0.797	2
0.797	3
0.797	1
0.797	2
0.797	3
0.797	3
0.797	4
0.797	4
0.797	3
0.797	1
0.797	3
0.797	2
0.797	4
0.797	3
0.797	2
0.797	3
0.797	3
0.797	4
0.797	1
0.797	1
0.797	2
0.797	3
0.797	4
0.797	3
0.797	3
0.797	3
0.797	2
0.797	3
0.797	1
0.797	1
0.798	3
0.798	4
0.798	6
0.798	6
0.798	5
0.798	6
0.798	3
0.798	2
0.798	2
0.798	4
0.798	2
0.798	2
0.798	2
0.798	3
0.798	1
0.798	3
0.798	5
0.798	4
0.798	3
0.798	1
0.798	3
0.798	2
0.798	4
0.798	3
0.798	3
0.798	2
0.798	2
0.798	2
0.798	1
0.798	2
0.798	4
0.798	5
0.798	4
0.798	2
0.798	2
0.798	2
0.798	2
0.798	2
0.798	2
0.798	1
0.798	1
0.798	2
0.798	2
0.798	1
0.798	1
0.798	3
0.799	5
0.799	4
0.799	3
0.799	4
0.799	5
0.799	5
0.799	5
0.799	5
0.799	3
0.799	1
0.799	4
0.799	2
0.799	2
0.799	2
0.799	1
0.799	2
0.799	2
0.799	4
0.799	4
0.799	1
0.799	3
0.799	4
0.799	5
0.799	1
0.799	1
0.799	1
0.799	3
0.799	2
0.799	2
0.799	4
0.799	4
0.799	3
0.799	3
0.799	3
0.799	3
0.799	6
0.799	1
0.799	1
0.799	3
0.799	3
0.799	3
0.799	3
0.799	2
0.799	2
0.799	2
0.799	2
0.799	1
0.799	2
0.799	1
0.799	3
0.799	3
0.799	4
0.8	3
0.8	4
0.8	3
0.8	5
0.8	5
0.8	5
0.8	5
0.8	5
0.8	3
0.8	4
0.8	4
0.8	6
0.8	1
0.8	4
0.8	2
0.8	2
0.8	3
0.8	4
0.8	4
0.8	3
0.8	4
0.8	3
0.8	2
0.8	1
0.8	1
0.8	1
0.8	1
0.8	3
0.8	3
0.8	3
0.8	2
0.8	4
0.8	1
0.8	3
0.8	2
0.8	3
0.8	1
0.8	3
0.8	3
0.8	2
0.8	2
0.8	2
0.8	1
0.8	2
0.8	1
0.8	1
0.8	1
0.801	6
0.801	4
0.801	6
0.801	5
0.801	5
0.801	5
0.801	4
0.801	4
0.801	4
0.801	1
0.801	2
0.801	2
0.801	2
0.801	3
0.801	3
0.801	3
0.801	1
0.801	3
0.801	3
0.801	2
0.801	1
0.801	1
0.801	2
0.801	4
0.801	3
0.801	3
0.801	4
0.801	2
0.801	4
0.801	5
0.801	4
0.801	2
0.801	4
0.801	1
0.801	3
0.801	3
0.801	2
0.801	1
0.801	4
0.802	5
0.802	5
0.802	4
0.802	4
0.802	4
0.802	6
0.802	4
0.802	2
0.802	2
0.802	3
0.802	3
0.802	2
0.802	4
0.802	1
0.802	3
0.802	4
0.802	3
0.802	2
0.802	1
0.802	1
0.802	1
0.802	1
0.802	1
0.802	3
0.802	4
0.802	1
0.802	1
0.802	3
0.802	3
0.802	4
0.802	1
0.802	3
0.802	3
0.802	4
0.803	5
0.803	4
0.803	5
0.803	6
0.803	5
0.803	6
0.803	6
0.803	3
0.803	3
0.803	2
0.803	2
0.803	3
0.803	1
0.803	4
0.803	2
0.803	4
0.803	3
0.803	3
0.803	1
0.803	4
0.803	3
0.803	3
0.803	2
0.803	2
0.803	1
0.803	1
0.803	3
0.803	3
0.803	4
0.803	4
0.803	3
0.803	1
0.803	4
0.803	4
0.804	4
0.804	4
0.804	6
0.804	5
0.804	5
0.804	4
0.804	4
0.804	5
0.804	5
0.804	3
0.804	3
0.804	4
0.804	4
0.804	4
0.804	3
0.804	2
0.804	2
0.804	2
0.804	3
0.804	4
0.804	3
0.804	1
0.804	3
0.804	1
0.804	4
0.804	1
0.804	1
0.804	3
0.804	4
0.804	2
0.804	3
0.804	3
0.804	4
0.804	1
0.804	1
0.804	2
0.804	2
0.804	2
0.804	2
0.804	1
0.804	1
0.804	2
0.804	2
0.804	1
0.804	1
0.804	1
0.805	5
0.805	3
0.805	4
0.805	1
0.805	1
0.805	5
0.805	3
0.805	2
0.805	2
0.805	3
0.805	4
0.805	4
0.805	3
0.805	3
0.805	2
0.805	3
0.805	2
0.805	4
0.805	3
0.805	1
0.805	3
0.805	1
0.805	4
0.805	4
0.805	3
0.805	2
0.805	3
0.805	2
0.805	3
0.805	2
0.805	1
0.805	1
0.805	2
0.805	3
0.805	4
0.805	3
0.805	3
0.805	4
0.805	4
0.805	4
0.805	1
0.805	3
0.805	3
0.805	3
0.805	3
0.805	2
0.805	2
0.805	1
0.805	3
0.805	1
0.805	1
0.806	6
0.806	4
0.806	3
0.806	5
0.806	6
0.806	6
0.806	6
0.806	3
0.806	3
0.806	1
0.806	4
0.806	3
0.806	4
0.806	4
0.806	1
0.806	1
0.806	3
0.806	4
0.806	2
0.806	4
0.806	3
0.806	3
0.806	1
0.806	3
0.806	3
0.806	1
0.806	1
0.806	2
0.806	4
0.806	2
0.806	4
0.806	1
0.806	2
0.806	2
0.806	4
0.806	4
0.806	3
0.806	4
0.806	1
0.806	3
0.807	5
0.807	4
0.807	5
0.807	6
0.807	4
0.807	4
0.807	6
0.807	6
0.807	3
0.807	3
0.807	3
0.807	3
0.807	3
0.807	3
0.807	3
0.807	2
0.807	2
0.807	3
0.807	4
0.807	3
0.807	3
0.807	1
0.807	1
0.807	4
0.807	1
0.807	3
0.807	3
0.807	6
0.807	1
0.807	1
0.807	2
0.807	2
0.807	4
0.807	4
0.807	3
0.807	3
0.807	3
0.807	4
0.807	4
0.807	4
0.807	3
0.807	1
0.807	3
0.807	3
0.807	4
0.808	5
0.808	5
0.808	4
0.808	4
0.808	6
0.808	3
0.808	3
0.808	3
0.808	4
0.808	3
0.808	4
0.808	4
0.808	2
0.808	2
0.808	2
0.808	3
0.808	2
0.808	3
0.808	4
0.808	3
0.808	3
0.808	3
0.808	3
0.808	3
0.808	1
0.808	4
0.808	1
0.808	1
0.808	3
0.808	2
0.808	6
0.808	1
0.808	1
0.808	2
0.808	3
0.808	4
0.808	1
0.808	1
0.808	4
0.809	6
0.809	4
0.809	3
0.809	6
0.809	3
0.809	5
0.809	4
0.809	3
0.809	3
0.809	3
0.809	3
0.809	3
0.809	4
0.809	4
0.809	2
0.809	2
0.809	2
0.809	2
0.809	1
0.809	3
0.809	5
0.809	4
0.809	3
0.809	3
0.809	3
0.809	1
0.809	1
0.809	1
0.809	3
0.809	3
0.809	4
0.809	2
0.809	4
0.809	2
0.809	4
0.809	5
0.809	4
0.809	2
0.809	6
0.809	1
0.809	1
0.809	2
0.809	2
0.809	4
0.809	4
0.809	4
0.809	4
0.809	3
0.809	3
0.809	3
0.809	4
0.809	3
0.809	1
0.809	1
0.809	1
0.81	5
0.81	5
0.81	5
0.81	3
0.81	6
0.81	1
0.81	1
0.81	3
0.81	1
0.81	2
0.81	4
0.81	5
0.81	4
0.81	3
0.81	3
0.81	3
0.81	2
0.81	4
0.81	3
0.81	3
0.81	2
0.81	4
0.81	5
0.81	4
0.81	2
0.81	2
0.81	2
0.81	2
0.81	4
0.81	4
0.81	3
0.81	1
0.81	1
0.81	3
0.81	1
0.81	3
0.81	1
0.81	4
0.811	3
0.811	3
0.811	5
0.811	5
0.811	5
0.811	6
0.811	3
0.811	1
0.811	6
0.811	3
0.811	2
0.811	3
0.811	2
0.811	4
0.811	5
0.811	4
0.811	4
0.811	3
0.811	3
0.811	3
0.811	2
0.811	1
0.811	3
0.811	3
0.811	3
0.811	2
0.811	4
0.811	5
0.811	4
0.811	2
0.811	6
0.811	6
0.811	1
0.811	1
0.811	1
0.811	1
0.811	2
0.811	2
0.811	4
0.811	4
0.811	3
0.811	4
0.811	4
0.811	1
0.811	3
0.811	3
0.811	3
0.811	4
0.812	5
0.812	4
0.812	3
0.812	6
0.812	3
0.812	5
0.812	5
0.812	4
0.812	4
0.812	4
0.812	5
0.812	3
0.812	4
0.812	6
0.812	4
0.812	2
0.812	2
0.812	2
0.812	1
0.812	1
0.812	3
0.812	4
0.812	5
0.812	5
0.812	4
0.812	3
0.812	4
0.812	2
0.812	3
0.812	3
0.812	3
0.812	6
0.812	1
0.812	1
0.812	2
0.812	2
0.812	2
0.812	1
0.812	2
0.812	1
0.812	3
0.812	1
0.812	1
0.812	3
0.812	1
0.813	5
0.813	4
0.813	4
0.813	3
0.813	5
0.813	5
0.813	5
0.813	5
0.813	5
0.813	4
0.813	1
0.813	2
0.813	2
0.813	4
0.813	1
0.813	4
0.813	2
0.813	2
0.813	3
0.813	1
0.813	1
0.813	3
0.813	4
0.813	4
0.813	5
0.813	3
0.813	3
0.813	1
0.813	3
0.813	2
0.813	4
0.813	1
0.813	1
0.813	1
0.813	3
0.813	2
0.813	2
0.813	4
0.813	4
0.813	5
0.813	5
0.813	4
0.813	4
0.813	2
0.813	2
0.813	6
0.813	1
0.813	1
0.813	3
0.813	3
0.813	4
0.813	4
0.813	3
0.813	3
0.813	2
0.813	3
0.813	1
0.813	1
0.814	6
0.814	5
0.814	3
0.814	6
0.814	3
0.814	6
0.814	6
0.814	6
0.814	6
0.814	3
0.814	3
0.814	3
0.814	2
0.814	2
0.814	4
0.814	6
0.814	3
0.814	3
0.814	1
0.814	2
0.814	3
0.814	3
0.814	1
0.814	3
0.814	5
0.814	1
0.814	2
0.814	4
0.814	3
0.814	3
0.814	2
0.814	1
0.814	1
0.814	1
0.814	3
0.814	3
0.814	3
0.814	3
0.814	2
0.814	4
0.814	5
0.814	4
0.814	2
0.814	2
0.814	2
0.814	1
0.814	2
0.814	1
0.814	3
0.814	3
0.814	1
0.814	4
0.815	5
0.815	4
0.815	5
0.815	4
0.815	6
0.815	6
0.815	6
0.815	4
0.815	4
0.815	6
0.815	3
0.815	2
0.815	2
0.815	4
0.815	4
0.815	4
0.815	4
0.815	4
0.815	2
0.815	2
0.815	2
0.815	3
0.815	1
0.815	1
0.815	3
0.815	3
0.815	4
0.815	3
0.815	1
0.815	3
0.815	4
0.815	3
0.815	1
0.815	1
0.815	1
0.815	3
0.815	3
0.815	3
0.815	3
0.815	2
0.815	4
0.815	5
0.815	4
0.815	2
0.815	2
0.815	2
0.815	4
0.815	4
0.815	4
0.815	4
0.815	3
0.815	3
0.815	3
0.815	3
0.815	2
0.815	2
0.815	2
0.815	1
0.815	2
0.815	1
0.815	3
0.815	4
0.816	4
0.816	3
0.816	6
0.816	5
0.816	4
0.816	3
0.816	4
0.816	4
0.816	3
0.816	3
0.816	1
0.816	4
0.816	2
0.816	2
0.816	2
0.816	4
0.816	3
0.816	3
0.816	4
0.816	1
0.816	3
0.816	2
0.816	3
0.816	1
0.816	3
0.816	3
0.816	3
0.816	2
0.816	2
0.816	3
0.816	3
0.816	2
0.816	2
0.816	2
0.816	2
0.816	2
0.816	1
0.816	1
0.816	2
0.816	2
0.816	1
0.816	1
0.816	1
0.816	3
0.816	1
0.817	5
0.817	4
0.817	4
0.817	3
0.817	6
0.817	4
0.817	2
0.817	2
0.817	3
0.817	1
0.817	5
0.817	2
0.817	4
0.817	3
0.817	3
0.817	1
0.817	3
0.817	1
0.817	1
0.817	3
0.817	3
0.817	3
0.817	4
0.817	3
0.817	2
0.817	3
0.817	1
0.817	1
0.817	1
0.817	1
0.817	3
0.817	6
0.817	6
0.817	1
0.817	1
0.817	1
0.817	1
0.817	3
0.817	3
0.817	3
0.817	3
0.817	2
0.817	2
0.817	1
0.817	1
0.818	6
0.818	5
0.818	4
0.818	4
0.818	4
0.818	3
0.818	3
0.818	4
0.818	4
0.818	3
0.818	2
0.818	3
0.818	5
0.818	2
0.818	4
0.818	5
0.818	3
0.818	3
0.818	2
0.818	3
0.818	2
0.818	4
0.818	4
0.818	3
0.818	2
0.818	1
0.818	1
0.818	1
0.818	1
0.818	1
0.818	3
0.818	3
0.818	4
0.818	4
0.819	5
0.819	3
0.819	5
0.819	5
0.819	6
0.819	3
0.819	4
0.819	4
0.819	3
0.819	2
0.819	3
0.819	5
0.819	2
0.819	2
0.819	4
0.819	4
0.819	3
0.819	5
0.819	2
0.819	4
0.819	1
0.819	4
0.819	3
0.819	3
0.819	1
0.819	1
0.819	1
0.819	2
0.819	2
0.819	4
0.819	4
0.819	5
0.819	5
0.819	4
0.819	4
0.819	2
0.819	2
0.819	4
0.819	3
0.819	1
0.819	3
0.82	5
0.82	4
0.82	4
0.82	4
0.82	5
0.82	5
0.82	6
0.82	6
0.82	3
0.82	3
0.82	3
0.82	3
0.82	6
0.82	3
0.82	4
0.82	5
0.82	3
0.82	5
0.82	3
0.82	3
0.82	3
0.82	2
0.82	3
0.82	5
0.82	5
0.82	4
0.82	4
0.82	1
0.82	3
0.82	3
0.82	4
0.82	2
0.82	1
0.82	3
0.82	3
0.82	2
0.82	2
0.82	3
0.82	1
0.82	3
0.82	3
0.82	3
0.82	3
0.82	1
0.82	2
0.82	2
0.82	1
0.82	2
0.82	1
0.82	1
0.82	1
0.82	1
0.821	6
0.821	4
0.821	5
0.821	4
0.821	4
0.821	3
0.821	4
0.821	1
0.821	5
0.821	3
0.821	6
0.821	6
0.821	3
0.821	4
0.821	4
0.821	3
0.821	2
0.821	3
0.821	2
0.821	2
0.821	3
0.821	3
0.821	2
0.821	4
0.821	3
0.821	1
0.821	4
0.821	2
0.821	4
0.821	2
0.821	1
0.821	4
0.821	4
0.821	3
0.821	2
0.821	3
0.821	3
0.821	3
0.821	3
0.821	4
0.821	4
0.821	1
0.821	3
0.821	3
0.821	2
0.821	2
0.821	2
0.821	1
0.821	2
0.821	1
0.821	3
0.821	5
0.821	5
0.822	5
0.822	6
0.822	5
0.822	3
0.822	3
0.822	6
0.822	3
0.822	1
0.822	5
0.822	3
0.822	3
0.822	3
0.822	4
0.822	4
0.822	2
0.822	3
0.822	3
0.822	5
0.822	1
0.822	3
0.822	1
0.822	1
0.822	1
0.822	2
0.822	4
0.822	2
0.822	4
0.822	2
0.822	4
0.822	3
0.822	2
0.822	4
0.822	1
0.822	1
0.822	3
0.822	3
0.822	2
0.822	3
0.822	4
0.822	4
0.823	5
0.823	5
0.823	4
0.823	3
0.823	3
0.823	4
0.823	1
0.823	4
0.823	4
0.823	3
0.823	1
0.823	2
0.823	2
0.823	3
0.823	3
0.823	3
0.823	2
0.823	1
0.823	3
0.823	2
0.823	1
0.823	1
0.823	4
0.823	1
0.823	1
0.823	1
0.823	1
0.823	2
0.823	4
0.823	4
0.823	3
0.823	3
0.823	4
0.823	4
0.823	4
0.823	2
0.823	2
0.823	1
0.823	2
0.823	1
0.823	1
0.823	1
0.823	5
0.824	5
0.824	4
0.824	3
0.824	3
0.824	5
0.824	5
0.824	5
0.824	5
0.824	5
0.824	3
0.824	5
0.824	3
0.824	2
0.824	2
0.824	2
0.824	2
0.824	6
0.824	3
0.824	3
0.824	1
0.824	2
0.824	2
0.824	3
0.824	3
0.824	3
0.824	4
0.824	1
0.824	2
0.824	4
0.824	4
0.824	2
0.824	2
0.824	1
0.824	1
0.824	1
0.824	2
0.824	3
0.824	4
0.824	3
0.824	3
0.824	2
0.824	2
0.824	2
0.824	1
0.824	2
0.824	1
0.824	1
0.824	1
0.824	5
0.824	5
0.825	5
0.825	6
0.825	6
0.825	5
0.825	5
0.825	5
0.825	5
0.825	3
0.825	1
0.825	6
0.825	3
0.825	2
0.825	3
0.825	1
0.825	4
0.825	1
0.825	1
0.825	3
0.825	3
0.825	4
0.825	1
0.825	4
0.825	2
0.825	1
0.825	3
0.825	3
0.825	6
0.825	1
0.825	1
0.825	2
0.825	4
0.825	4
0.825	3
0.825	3
0.825	3
0.825	4
0.825	4
0.825	3
0.825	3
0.825	2
0.825	4
0.825	4
0.825	1
0.826	6
0.826	6
0.826	3
0.826	3
0.826	4
0.826	4
0.826	2
0.826	2
0.826	2
0.826	3
0.826	1
0.826	1
0.826	2
0.826	2
0.826	4
0.826	5
0.826	3
0.826	3
0.826	1
0.826	3
0.826	2
0.826	4
0.826	3
0.826	3
0.826	4
0.826	1
0.826	2
0.826	2
0.826	4
0.826	2
0.826	3
0.826	3
0.826	2
0.826	2
0.826	2
0.826	2
0.826	4
0.826	4
0.826	3
0.826	1
0.826	3
0.826	3
0.826	1
0.826	1
0.827	5
0.827	4
0.827	3
0.827	3
0.827	3
0.827	6
0.827	3
0.827	5
0.827	5
0.827	2
0.827	2
0.827	4
0.827	6
0.827	1
0.827	4
0.827	2
0.827	2
0.827	2
0.827	3
0.827	3
0.827	5
0.827	5
0.827	1
0.827	4
0.827	3
0.827	3
0.827	2
0.827	4
0.827	4
0.827	2
0.827	4
0.827	5
0.827	4
0.827	2
0.827	6
0.827	1
0.827	1
0.827	2
0.827	2
0.827	2
0.827	4
0.827	4
0.827	4
0.827	4
0.827	3
0.827	3
0.827	4
0.827	1
0.827	1
0.827	1
0.827	1
0.827	1
0.827	4
0.827	5
0.828	5
0.828	4
0.828	4
0.828	3
0.828	3
0.828	6
0.828	6
0.828	3
0.828	4
0.828	3
0.828	2
0.828	2
0.828	6
0.828	1
0.828	4
0.828	2
0.828	2
0.828	2
0.828	2
0.828	1
0.828	2
0.828	3
0.828	4
0.828	3
0.828	4
0.828	3
0.828	4
0.828	4
0.828	4
0.828	1
0.828	1
0.828	2
0.828	3
0.828	3
0.828	7
0.828	1
0.828	1
0.828	2
0.828	2
0.828	4
0.828	4
0.828	4
0.828	5
0.828	5
0.828	5
0.829	5
0.829	3
0.829	3
0.829	4
0.829	4
0.829	1
0.829	4
0.829	4
0.829	2
0.829	2
0.829	2
0.829	2
0.829	3
0.829	3
0.829	3
0.829	3
0.829	1
0.829	4
0.829	2
0.829	3
0.829	3
0.829	3
0.829	3
0.829	3
0.829	4
0.829	1
0.829	1
0.829	1
0.829	3
0.829	2
0.829	4
0.829	5
0.829	4
0.829	2
0.829	7
0.829	7
0.829	1
0.829	1
0.829	1
0.829	1
0.829	3
0.829	4
0.829	1
0.829	3
0.829	3
0.829	3
0.829	3
0.829	1
0.829	1
0.83	3
0.83	6
0.83	5
0.83	5
0.83	6
0.83	3
0.83	4
0.83	5
0.83	2
0.83	2
0.83	4
0.83	1
0.83	1
0.83	2
0.83	1
0.83	3
0.83	1
0.83	2
0.83	4
0.83	4
0.83	2
0.83	3
0.83	4
0.83	4
0.83	3
0.83	3
0.83	4
0.83	1
0.83	4
0.83	4
0.83	2
0.83	2
0.83	3
0.83	3
0.83	2
0.83	4
0.83	5
0.83	4
0.83	2
0.83	3
0.83	4
0.83	4
0.83	1
0.83	1
0.83	1
0.83	1
0.83	1
0.83	1
0.83	1
0.83	1
0.831	4
0.831	4
0.831	4
0.831	6
0.831	6
0.831	3
0.831	3
0.831	4
0.831	6
0.831	3
0.831	5
0.831	5
0.831	3
0.831	3
0.831	5
0.831	2
0.831	2
0.831	3
0.831	4
0.831	2
0.831	2
0.831	2
0.831	5
0.831	3
0.831	3
0.831	1
0.831	3
0.831	2
0.831	4
0.831	4
0.831	2
0.831	4
0.831	3
0.831	3
0.831	1
0.831	1
0.831	3
0.831	3
0.831	3
0.831	2
0.831	2
0.831	4
0.831	4
0.831	5
0.831	5
0.831	4
0.831	4
0.831	2
0.831	2
0.831	2
0.831	4
0.831	4
0.831	3
0.831	4
0.831	2
0.831	2
0.831	2
0.831	2
0.831	1
0.831	1
0.831	2
0.831	2
0.831	1
0.831	1
0.831	3
0.831	4
0.832	5
0.832	3
0.832	4
0.832	4
0.832	3
0.832	4
0.832	4
0.832	6
0.832	3
0.832	5
0.832	5
0.832	4
0.832	6
0.832	3
0.832	4
0.832	1
0.832	1
0.832	4
0.832	4
0.832	3
0.832	1
0.832	3
0.832	5
0.832	3
0.832	1
0.832	3
0.832	2
0.832	4
0.832	3
0.832	3
0.832	4
0.832	2
0.832	2
0.832	1
0.832	3
0.832	3
0.832	3
0.832	3
0.832	3
0.832	2
0.832	2
0.832	4
0.832	4
0.832	3
0.832	3
0.832	4
0.832	3
0.832	3
0.832	3
0.832	3
0.832	2
0.832	2
0.832	3
0.832	3
0.832	1
0.832	3
0.832	3
0.832	4
0.832	4
0.832	4
0.832	5
0.833	6
0.833	4
0.833	5
0.833	5
0.833	4
0.833	5
0.833	5
0.833	4
0.833	4
0.833	5
0.833	3
0.833	4
0.833	4
0.833	3
0.833	1
0.833	4
0.833	1
0.833	1
0.833	1
0.833	3
0.833	4
0.833	4
0.833	2
0.833	2
0.833	3
0.833	3
0.833	1
0.833	1
0.833	3
0.833	3
0.833	7
0.833	1
0.833	1
0.833	2
0.833	3
0.833	4
0.833	1
0.833	1
0.833	1
0.834	5
0.834	5
0.834	4
0.834	5
0.834	5
0.834	6
0.834	3
0.834	5
0.834	3
0.834	5
0.834	3
0.834	4
0.834	4
0.834	3
0.834	3
0.834	3
0.834	2
0.834	4
0.834	5
0.834	3
0.834	3
0.834	2
0.834	1
0.834	1
0.834	2
0.834	2
0.834	4
0.834	4
0.834	4
0.834	2
0.834	3
0.834	4
0.834	4
0.834	1
0.834	1
0.834	3
0.834	2
0.834	1
0.834	1
0.834	1
0.834	7
0.834	1
0.834	1
0.834	2
0.834	4
0.834	4
0.834	3
0.834	2
0.834	2
0.834	2
0.834	2
0.834	1
0.834	1
0.834	2
0.834	2
0.834	1
0.834	1
0.834	3
0.834	1
0.834	1
0.834	1
0.834	1
0.834	5
0.834	5
0.835	5
0.835	5
0.835	4
0.835	3
0.835	3
0.835	1
0.835	5
0.835	3
0.835	3
0.835	3
0.835	4
0.835	4
0.835	4
0.835	4
0.835	2
0.835	5
0.835	1
0.835	3
0.835	5
0.835	3
0.835	2
0.835	1
0.835	1
0.835	1
0.835	1
0.835	3
0.835	3
0.835	2
0.835	4
0.835	4
0.835	2
0.835	3
0.835	3
0.835	3
0.835	3
0.835	4
0.835	3
0.835	1
0.835	2
0.835	2
0.835	1
0.835	1
0.835	2
0.835	4
0.835	5
0.835	4
0.835	2
0.835	2
0.835	2
0.835	4
0.835	4
0.835	3
0.835	3
0.835	3
0.835	3
0.835	3
0.835	2
0.835	2
0.835	3
0.835	3
0.835	3
0.836	6
0.836	4
0.836	4
0.836	3
0.836	3
0.836	5
0.836	5
0.836	3
0.836	1
0.836	3
0.836	3
0.836	3
0.836	3
0.836	4
0.836	2
0.836	2
0.836	2
0.836	3
0.836	4
0.836	4
0.836	3
0.836	2
0.836	1
0.836	3
0.836	2
0.836	4
0.836	4
0.836	4
0.836	3
0.836	2
0.836	3
0.836	1
0.836	1
0.836	3
0.836	3
0.836	2
0.836	4
0.836	5
0.836	4
0.836	2
0.836	7
0.836	1
0.836	1
0.836	2
0.836	2
0.836	2
0.836	1
0.836	2
0.836	1
0.836	1
0.836	3
0.836	3
0.836	3
0.836	4
0.836	1
0.836	1
0.836	5
0.837	5
0.837	5
0.837	5
0.837	6
0.837	3
0.837	3
0.837	5
0.837	3
0.837	3
0.837	4
0.837	4
0.837	1
0.837	3
0.837	3
0.837	3
0.837	1
0.837	4
0.837	1
0.837	1
0.837	1
0.837	1
0.837	1
0.837	3
0.837	1
0.837	4
0.837	3
0.837	2
0.837	3
0.837	3
0.837	3
0.837	3
0.837	3
0.837	7
0.837	1
0.837	1
0.837	1
0.837	1
0.837	3
0.837	3
0.837	2
0.837	2
0.837	2
0.837	2
0.837	2
0.837	1
0.837	1
0.837	2
0.837	2
0.837	1
0.837	1
0.837	1
0.837	1
0.837	1
0.837	6
0.838	6
0.838	5
0.838	4
0.838	3
0.838	3
0.838	1
0.838	5
0.838	3
0.838	6
0.838	4
0.838	4
0.838	3
0.838	1
0.838	3
0.838	1
0.838	3
0.838	1
0.838	4
0.838	3
0.838	3
0.838	2
0.838	2
0.838	1
0.838	1
0.838	3
0.838	3
0.838	4
0.838	2
0.838	4
0.838	3
0.838	3
0.838	2
0.838	2
0.838	3
0.838	2
0.838	4
0.838	5
0.838	4
0.838	2
0.838	4
0.838	4
0.838	3
0.838	3
0.838	3
0.838	3
0.838	2
0.838	2
0.838	3
0.838	1
0.838	4
0.838	4
0.838	1
0.839	5
0.839	4
0.839	5
0.839	6
0.839	6
0.839	6
0.839	6
0.839	6
0.839	6
0.839	3
0.839	4
0.839	4
0.839	3
0.839	1
0.839	6
0.839	2
0.839	2
0.839	4
0.839	3
0.839	1
0.839	3
0.839	1
0.839	3
0.839	2
0.839	1
0.839	1
0.839	4
0.839	4
0.839	2
0.839	2
0.839	1
0.839	4
0.839	4
0.839	2
0.839	1
0.839	3
0.839	3
0.839	2
0.839	4
0.839	5
0.839	4
0.839	2
0.839	3
0.839	3
0.839	3
0.839	1
0.84	5
0.84	3
0.84	3
0.84	6
0.84	4
0.84	5
0.84	5
0.84	3
0.84	4
0.84	6
0.84	4
0.84	5
0.84	3
0.84	3
0.84	3
0.84	1
0.84	4
0.84	4
0.84	3
0.84	2
0.84	2
0.84	2
0.84	4
0.84	4
0.84	2
0.84	4
0.84	2
0.84	1
0.84	1
0.84	2
0.84	1
0.84	3
0.84	3
0.84	3
0.84	3
0.84	3
0.84	4
0.84	4
0.84	1
0.84	1
0.84	2
0.84	2
0.84	1
0.84	2
0.84	1
0.84	3
0.84	1
0.84	1
0.84	4
0.84	6
0.841	6
0.841	3
0.841	3
0.841	3
0.841	3
0.841	5
0.841	5
0.841	6
0.841	6
0.841	3
0.841	3
0.841	3
0.841	2
0.841	2
0.841	4
0.841	6
0.841	6
0.841	3
0.841	1
0.841	2
0.841	3
0.841	3
0.841	3
0.841	3
0.841	3
0.841	1
0.841	1
0.841	4
0.841	1
0.841	1
0.841	3
0.841	3
0.841	4
0.841	2
0.841	1
0.841	1
0.841	3
0.841	1
0.841	3
0.841	4
0.841	4
0.841	3
0.841	3
0.841	2
0.841	2
0.841	2
0.841	2
0.841	2
0.841	2
0.841	2
0.841	1
0.841	1
0.841	1
0.841	2
0.841	2
0.841	2
0.841	1
0.841	1
0.841	1
0.841	1
0.841	4
0.842	5
0.842	4
0.842	5
0.842	3
0.842	5
0.842	5
0.842	5
0.842	4
0.842	4
0.842	4
0.842	3
0.842	2
0.842	2
0.842	4
0.842	4
0.842	4
0.842	3
0.842	3
0.842	2
0.842	4
0.842	5
0.842	3
0.842	3
0.842	1
0.842	1
0.842	3
0.842	1
0.842	4
0.842	4
0.842	1
0.842	2
0.842	4
0.842	4
0.842	2
0.842	2
0.842	3
0.842	2
0.842	3
0.842	2
0.842	1
0.842	2
0.842	2
0.842	4
0.842	4
0.842	4
0.842	4
0.842	3
0.842	3
0.842	1
0.842	3
0.842	3
0.842	3
0.842	3
0.842	3
0.842	3
0.842	2
0.842	2
0.842	2
0.842	3
0.842	3
0.842	1
0.842	1
0.843	4
0.843	2
0.843	2
0.843	4
0.843	4
0.843	6
0.843	3
0.843	2
0.843	5
0.843	5
0.843	5
0.843	3
0.843	3
0.843	3
0.843	1
0.843	3
0.843	1
0.843	1
0.843	1
0.843	1
0.843	1
0.843	3
0.843	3
0.843	2
0.843	4
0.843	3
0.843	2
0.843	1
0.843	2
0.843	1
0.843	2
0.843	2
0.843	3
0.843	3
0.843	4
0.843	4
0.843	4
0.843	1
0.843	1
0.843	3
0.843	1
0.843	1
0.843	1
0.844	5
0.844	4
0.844	4
0.844	4
0.844	5
0.844	5
0.844	5
0.844	5
0.844	5
0.844	6
0.844	3
0.844	5
0.844	2
0.844	2
0.844	2
0.844	2
0.844	4
0.844	2
0.844	2
0.844	2
0.844	2
0.844	3
0.844	4
0.844	5
0.844	5
0.844	3
0.844	3
0.844	3
0.844	3
0.844	1
0.844	3
0.844	4
0.844	2
0.844	2
0.844	4
0.844	4
0.844	1
0.844	2
0.844	2
0.844	4
0.844	3
0.844	1
0.844	7
0.844	7
0.844	1
0.844	1
0.844	1
0.844	1
0.844	4
0.844	4
0.844	3
0.844	4
0.845	5
0.845	4
0.845	5
0.845	5
0.845	4
0.845	4
0.845	3
0.845	4
0.845	4
0.845	5
0.845	6
0.845	4
0.845	6
0.845	3
0.845	4
0.845	5
0.845	4
0.845	4
0.845	1
0.845	3
0.845	4
0.845	5
0.845	3
0.845	3
0.845	3
0.845	3
0.845	4
0.845	1
0.845	1
0.845	3
0.845	2
0.845	3
0.845	2
0.845	2
0.845	4
0.845	4
0.845	4
0.845	4
0.845	3
0.845	3
0.845	3
0.845	4
0.845	2
0.845	2
0.845	1
0.845	2
0.845	1
0.845	3
0.845	3
0.845	1
0.845	3
0.846	5
0.846	5
0.846	4
0.846	4
0.846	4
0.846	5
0.846	2
0.846	2
0.846	1
0.846	1
0.846	3
0.846	4
0.846	5
0.846	5
0.846	3
0.846	3
0.846	3
0.846	4
0.846	4
0.846	3
0.846	4
0.846	3
0.846	3
0.846	4
0.846	4
0.846	1
0.846	1
0.846	4
0.846	2
0.846	1
0.846	4
0.846	3
0.846	2
0.846	2
0.846	2
0.846	4
0.846	4
0.846	5
0.846	5
0.846	4
0.846	4
0.846	2
0.846	2
0.846	2
0.846	2
0.846	3
0.846	3
0.846	4
0.846	4
0.846	1
0.846	3
0.846	3
0.846	2
0.846	1
0.846	1
0.847	5
0.847	4
0.847	5
0.847	5
0.847	5
0.847	3
0.847	3
0.847	6
0.847	6
0.847	3
0.847	3
0.847	3
0.847	6
0.847	3
0.847	5
0.847	5
0.847	3
0.847	2
0.847	1
0.847	3
0.847	5
0.847	5
0.847	5
0.847	3
0.847	3
0.847	3
0.847	1
0.847	1
0.847	4
0.847	2
0.847	4
0.847	3
0.847	3
0.847	3
0.847	3
0.847	4
0.847	2
0.847	4
0.847	3
0.847	3
0.847	3
0.847	3
0.847	7
0.847	7
0.847	1
0.847	1
0.847	1
0.847	1
0.847	2
0.847	4
0.847	4
0.847	3
0.847	4
0.847	1
0.847	1
0.847	1
0.847	2
0.847	2
0.847	2
0.847	2
0.847	1
0.847	1
0.847	2
0.847	2
0.847	1
0.847	1
0.847	3
0.848	3
0.848	4
0.848	6
0.848	3
0.848	4
0.848	6
0.848	3
0.848	5
0.848	3
0.848	6
0.848	2
0.848	3
0.848	1
0.848	3
0.848	4
0.848	4
0.848	5
0.848	5
0.848	3
0.848	2
0.848	2
0.848	2
0.848	4
0.848	3
0.848	4
0.848	4
0.848	2
0.848	1
0.848	3
0.848	3
0.848	3
0.848	2
0.848	2
0.848	4
0.848	4
0.848	4
0.848	4
0.848	3
0.848	3
0.848	4
0.848	4
0.848	4
0.848	3
0.848	3
0.848	3
0.848	3
0.848	2
0.848	2
0.848	3
0.848	3
0.849	6
0.849	6
0.849	4
0.849	4
0.849	6
0.849	3
0.849	4
0.849	1
0.849	5
0.849	3
0.849	5
0.849	3
0.849	4
0.849	2
0.849	2
0.849	1
0.849	3
0.849	4
0.849	5
0.849	3
0.849	3
0.849	1
0.849	3
0.849	4
0.849	2
0.849	3
0.849	2
0.849	4
0.849	2
0.849	1
0.849	2
0.849	2
0.849	4
0.849	4
0.849	5
0.849	5
0.849	4
0.849	4
0.849	2
0.849	2
0.849	7
0.849	1
0.849	1
0.849	3
0.849	3
0.849	3
0.849	4
0.849	2
0.849	2
0.849	1
0.849	2
0.849	1
0.849	1
0.85	5
0.85	5
0.85	6
0.85	6
0.85	5
0.85	6
0.85	6
0.85	5
0.85	4
0.85	3
0.85	1
0.85	5
0.85	3
0.85	4
0.85	4
0.85	4
0.85	1
0.85	3
0.85	2
0.85	4
0.85	3
0.85	1
0.85	1
0.85	3
0.85	3
0.85	4
0.85	3
0.85	3
0.85	2
0.85	4
0.85	4
0.85	2
0.85	3
0.85	3
0.85	4
0.85	1
0.85	4
0.85	2
0.85	2
0.85	2
0.85	1
0.85	1
0.85	3
0.85	3
0.85	3
0.85	3
0.85	7
0.85	7
0.85	1
0.85	1
0.85	1
0.85	1
0.85	3
0.85	3
0.85	3
0.85	4
0.85	4
0.85	4
0.85	3
0.85	3
0.85	2
0.85	2
0.85	2
0.85	1
0.85	2
0.85	1
0.851	5
0.851	5
0.851	6
0.851	6
0.851	6
0.851	3
0.851	5
0.851	5
0.851	5
0.851	5
0.851	3
0.851	1
0.851	5
0.851	5
0.851	3
0.851	3
0.851	2
0.851	2
0.851	3
0.851	2
0.851	5
0.851	2
0.851	4
0.851	1
0.851	3
0.851	1
0.851	1
0.851	1
0.851	3
0.851	2
0.851	4
0.851	4
0.851	4
0.851	2
0.851	2
0.851	3
0.851	3
0.851	4
0.851	1
0.851	2
0.851	1
0.851	1
0.851	3
0.851	3
0.851	2
0.851	4
0.851	5
0.851	4
0.851	2
0.851	2
0.851	4
0.851	4
0.851	3
0.851	1
0.851	3
0.851	3
0.851	2
0.851	3
0.852	5
0.852	3
0.852	3
0.852	5
0.852	5
0.852	4
0.852	3
0.852	1
0.852	1
0.852	4
0.852	2
0.852	2
0.852	2
0.852	3
0.852	5
0.852	2
0.852	4
0.852	3
0.852	3
0.852	1
0.852	3
0.852	5
0.852	5
0.852	3
0.852	3
0.852	4
0.852	2
0.852	1
0.852	3
0.852	2
0.852	2
0.852	4
0.852	4
0.852	4
0.852	3
0.852	3
0.852	2
0.852	3
0.852	3
0.852	3
0.852	3
0.852	2
0.852	2
0.852	4
0.852	4
0.852	5
0.852	5
0.852	4
0.852	4
0.852	2
0.852	2
0.852	3
0.852	2
0.852	2
0.852	2
0.852	4
0.852	4
0.852	4
0.852	4
0.852	4
0.852	4
0.852	3
0.852	3
0.852	3
0.852	4
0.853	3
0.853	3
0.853	5
0.853	3
0.853	3
0.853	5
0.853	3
0.853	4
0.853	1
0.853	3
0.853	2
0.853	3
0.853	5
0.853	3
0.853	5
0.853	5
0.853	1
0.853	1
0.853	1
0.853	1
0.853	3
0.853	3
0.853	4
0.853	4
0.853	1
0.853	3
0.853	3
0.853	2
0.853	2
0.853	2
0.853	2
0.853	1
0.853	1
0.853	3
0.853	3
0.853	3
0.853	3
0.853	3
0.853	7
0.853	1
0.853	1
0.853	3
0.853	3
0.853	3
0.853	1
0.853	1
0.853	2
0.853	2
0.853	1
0.853	2
0.853	1
0.854	6
0.854	3
0.854	3
0.854	5
0.854	5
0.854	5
0.854	3
0.854	3
0.854	1
0.854	5
0.854	3
0.854	3
0.854	2
0.854	3
0.854	2
0.854	2
0.854	4
0.854	4
0.854	3
0.854	4
0.854	4
0.854	4
0.854	4
0.854	2
0.854	1
0.854	1
0.854	3
0.854	3
0.854	3
0.854	4
0.854	1
0.854	4
0.854	4
0.854	1
0.854	1
0.854	3
0.854	3
0.854	7
0.854	7
0.854	7
0.854	1
0.854	1
0.854	1
0.854	1
0.854	1
0.854	1
0.854	3
0.854	4
0.854	4
0.854	4
0.854	3
0.854	3
0.854	2
0.854	6
0.855	5
0.855	5
0.855	4
0.855	4
0.855	5
0.855	3
0.855	6
0.855	5
0.855	5
0.855	3
0.855	3
0.855	4
0.855	4
0.855	2
0.855	3
0.855	5
0.855	5
0.855	2
0.855	4
0.855	3
0.855	1
0.855	4
0.855	2
0.855	1
0.855	1
0.855	1
0.855	1
0.855	4
0.855	2
0.855	3
0.855	4
0.855	3
0.855	3
0.855	3
0.855	3
0.855	2
0.855	1
0.855	3
0.855	4
0.855	5
0.855	4
0.855	2
0.855	1
0.856	5
0.856	5
0.856	4
0.856	4
0.856	4
0.856	4
0.856	6
0.856	6
0.856	5
0.856	4
0.856	6
0.856	3
0.856	2
0.856	2
0.856	2
0.856	3
0.856	3
0.856	5
0.856	2
0.856	4
0.856	1
0.856	1
0.856	3
0.856	3
0.856	2
0.856	4
0.856	4
0.856	4
0.856	2
0.856	2
0.856	2
0.856	4
0.856	4
0.856	2
0.856	4
0.856	1
0.856	1
0.856	3
0.856	3
0.856	2
0.856	2
0.856	1
0.856	2
0.856	2
0.856	1
0.856	1
0.856	3
0.856	3
0.856	3
0.856	3
0.856	3
0.856	4
0.856	4
0.856	4
0.856	5
0.856	5
0.856	5
0.856	4
0.856	4
0.856	4
0.856	2
0.856	2
0.856	2
0.856	2
0.856	4
0.856	4
0.856	3
0.856	3
0.856	3
0.856	4
0.856	4
0.856	4
0.856	1
0.856	1
0.857	5
0.857	4
0.857	4
0.857	6
0.857	5
0.857	5
0.857	4
0.857	3
0.857	3
0.857	1
0.857	2
0.857	3
0.857	3
0.857	2
0.857	3
0.857	5
0.857	3
0.857	3
0.857	1
0.857	4
0.857	1
0.857	3
0.857	2
0.857	4
0.857	3
0.857	4
0.857	4
0.857	2
0.857	2
0.857	4
0.857	4
0.857	3
0.857	1
0.857	1
0.857	3
0.857	3
0.857	3
0.857	3
0.857	3
0.857	3
0.857	3
0.857	3
0.857	4
0.858	4
0.858	4
0.858	5
0.858	5
0.858	3
0.858	6
0.858	6
0.858	6
0.858	3
0.858	3
0.858	5
0.858	5
0.858	6
0.858	3
0.858	4
0.858	5
0.858	3
0.858	4
0.858	4
0.858	4
0.858	4
0.858	3
0.858	1
0.858	3
0.858	2
0.858	3
0.858	3
0.858	3
0.858	3
0.858	2
0.858	3
0.858	1
0.858	4
0.858	4
0.858	1
0.858	3
0.858	4
0.858	2
0.858	3
0.858	3
0.858	2
0.858	3
0.858	3
0.858	3
0.858	3
0.858	3
0.858	7
0.858	1
0.858	1
0.858	2
0.858	2
0.858	4
0.858	4
0.858	4
0.858	4
0.858	3
0.858	3
0.858	4
0.858	4
0.858	4
0.858	6
0.858	6
0.858	6
0.859	5
0.859	5
0.859	5
0.859	6
0.859	4
0.859	4
0.859	4
0.859	6
0.859	3
0.859	4
0.859	4
0.859	1
0.859	2
0.859	2
0.859	3
0.859	2
0.859	3
0.859	1
0.859	2
0.859	2
0.859	3
0.859	3
0.859	2
0.859	3
0.859	3
0.859	1
0.859	1
0.859	1
0.859	1
0.859	2
0.859	4
0.859	4
0.859	2
0.859	2
0.859	2
0.859	1
0.859	1
0.859	4
0.859	3
0.859	3
0.859	2
0.859	2
0.859	2
0.859	1
0.859	3
0.859	3
0.859	4
0.859	4
0.859	2
0.86	5
0.86	4
0.86	3
0.86	5
0.86	4
0.86	6
0.86	3
0.86	4
0.86	2
0.86	2
0.86	2
0.86	3
0.86	2
0.86	2
0.86	2
0.86	4
0.86	4
0.86	5
0.86	3
0.86	3
0.86	3
0.86	2
0.86	2
0.86	4
0.86	2
0.86	1
0.86	1
0.86	1
0.86	3
0.86	2
0.86	4
0.86	4
0.86	4
0.86	2
0.86	2
0.86	4
0.86	4
0.86	1
0.86	2
0.86	2
0.86	2
0.86	1
0.86	1
0.86	1
0.86	3
0.86	4
0.86	5
0.86	4
0.86	2
0.86	7
0.86	7
0.86	1
0.86	1
0.86	1
0.86	1
0.86	2
0.86	4
0.86	4
0.86	3
0.86	4
0.86	1
0.86	1
0.86	1
0.86	1
0.861	5
0.861	6
0.861	3
0.861	4
0.861	6
0.861	6
0.861	3
0.861	3
0.861	4
0.861	6
0.861	4
0.861	1
0.861	4
0.861	2
0.861	2
0.861	2
0.861	1
0.861	1
0.861	2
0.861	5
0.861	5
0.861	5
0.861	3
0.861	3
0.861	3
0.861	4
0.861	2
0.861	1
0.861	3
0.861	4
0.861	4
0.861	1
0.861	1
0.861	1
0.861	3
0.861	1
0.861	1
0.861	1
0.861	3
0.861	3
0.861	3
0.861	2
0.861	4
0.861	4
0.861	3
0.862	4
0.862	5
0.862	5
0.862	6
0.862	3
0.862	4
0.862	4
0.862	3
0.862	5
0.862	1
0.862	4
0.862	2
0.862	2
0.862	3
0.862	3
0.862	1
0.862	2
0.862	2
0.862	3
0.862	3
0.862	4
0.862	5
0.862	3
0.862	3
0.862	3
0.862	4
0.862	1
0.862	1
0.862	3
0.862	3
0.862	3
0.862	3
0.862	2
0.862	2
0.862	4
0.862	2
0.862	1
0.862	1
0.862	3
0.862	2
0.862	3
0.862	3
0.862	3
0.862	3
0.862	3
0.862	3
0.862	4
0.862	4
0.862	5
0.862	5
0.862	4
0.862	4
0.862	2
0.862	2
0.862	7
0.862	1
0.862	1
0.862	3
0.862	4
0.862	4
0.862	3
0.862	4
0.862	4
0.862	4
0.863	6
0.863	6
0.863	3
0.863	5
0.863	5
0.863	5
0.863	6
0.863	3
0.863	4
0.863	1
0.863	2
0.863	2
0.863	3
0.863	1
0.863	3
0.863	3
0.863	5
0.863	5
0.863	3
0.863	3
0.863	1
0.863	4
0.863	4
0.863	2
0.863	1
0.863	1
0.863	4
0.863	4
0.863	4
0.863	4
0.863	2
0.863	2
0.863	4
0.863	3
0.863	3
0.863	3
0.863	2
0.863	2
0.863	2
0.863	3
0.863	3
0.863	3
0.863	3
0.863	7
0.863	1
0.863	1
0.863	1
0.864	5
0.864	5
0.864	5
0.864	4
0.864	3
0.864	5
0.864	6
0.864	3
0.864	3
0.864	4
0.864	2
0.864	2
0.864	6
0.864	4
0.864	4
0.864	2
0.864	2
0.864	2
0.864	2
0.864	2
0.864	3
0.864	1
0.864	3
0.864	4
0.864	5
0.864	5
0.864	5
0.864	3
0.864	3
0.864	2
0.864	3
0.864	1
0.864	4
0.864	2
0.864	4
0.864	4
0.864	1
0.864	1
0.864	2
0.864	4
0.864	4
0.864	4
0.864	2
0.864	1
0.864	3
0.864	3
0.864	3
0.864	4
0.864	5
0.864	4
0.864	2
0.864	2
0.864	4
0.864	4
0.864	3
0.864	1
0.864	1
0.864	1
0.865	3
0.865	3
0.865	3
0.865	5
0.865	6
0.865	3
0.865	3
0.865	3
0.865	1
0.865	1
0.865	4
0.865	2
0.865	2
0.865	2
0.865	2
0.865	2
0.865	4
0.865	5
0.865	5
0.865	3
0.865	2
0.865	4
0.865	3
0.865	3
0.865	3
0.865	3
0.865	3
0.865	3
0.865	2
0.865	2
0.865	1
0.865	1
0.865	3
0.865	3
0.865	3
0.865	4
0.865	5
0.865	4
0.865	2
0.865	3
0.865	3
0.866	3
0.866	5
0.866	6
0.866	6
0.866	6
0.866	5
0.866	5
0.866	3
0.866	4
0.866	5
0.866	3
0.866	4
0.866	4
0.866	4
0.866	3
0.866	1
0.866	4
0.866	2
0.866	2
0.866	3
0.866	1
0.866	3
0.866	4
0.866	4
0.866	3
0.866	3
0.866	3
0.866	1
0.866	4
0.866	4
0.866	4
0.866	2
0.866	2
0.866	4
0.866	4
0.866	4
0.866	1
0.866	4
0.866	2
0.866	1
0.866	1
0.866	1
0.866	3
0.866	2
0.866	2
0.866	1
0.866	1
0.866	3
0.866	3
0.866	3
0.866	7
0.866	1
0.866	1
0.866	3
0.866	3
0.866	3
0.867	6
0.867	3
0.867	5
0.867	3
0.867	3
0.867	2
0.867	5
0.867	2
0.867	2
0.867	3
0.867	4
0.867	4
0.867	3
0.867	1
0.867	1
0.867	1
0.867	1
0.867	3
0.867	3
0.867	2
0.867	3
0.867	1
0.867	2
0.867	2
0.867	4
0.867	4
0.867	3
0.867	3
0.867	4
0.867	4
0.867	1
0.867	1
0.867	4
0.867	4
0.867	4
0.867	2
0.867	2
0.867	2
0.867	3
0.867	2
0.867	1
0.867	1
0.867	3
0.867	2
0.867	2
0.867	1
0.867	2
0.867	1
0.867	1
0.867	1
0.867	1
0.867	6
0.868	3
0.868	6
0.868	5
0.868	5
0.868	6
0.868	3
0.868	3
0.868	4
0.868	4
0.868	3
0.868	3
0.868	2
0.868	4
0.868	3
0.868	1
0.868	1
0.868	3
0.868	3
0.868	5
0.868	3
0.868	3
0.868	2
0.868	1
0.868	1
0.868	3
0.868	3
0.868	3
0.868	3
0.868	4
0.868	3
0.868	3
0.868	3
0.868	3
0.868	2
0.868	4
0.868	3
0.868	3
0.868	2
0.868	1
0.868	3
0.868	4
0.868	5
0.868	4
0.868	2
0.868	3
0.868	3
0.868	2
0.868	6
0.869	5
0.869	5
0.869	4
0.869	4
0.869	4
0.869	4
0.869	3
0.869	6
0.869	5
0.869	5
0.869	5
0.869	3
0.869	4
0.869	4
0.869	3
0.869	3
0.869	3
0.869	2
0.869	2
0.869	5
0.869	3
0.869	5
0.869	5
0.869	3
0.869	3
0.869	3
0.869	4
0.869	4
0.869	2
0.869	2
0.869	4
0.869	4
0.869	2
0.869	2
0.869	2
0.869	3
0.869	3
0.869	2
0.869	2
0.869	1
0.869	2
0.869	1
0.869	3
0.869	3
0.869	3
0.869	3
0.869	3
0.869	1
0.869	6
0.87	5
0.87	5
0.87	4
0.87	3
0.87	6
0.87	6
0.87	5
0.87	5
0.87	5
0.87	3
0.87	5
0.87	4
0.87	4
0.87	4
0.87	4
0.87	4
0.87	3
0.87	4
0.87	4
0.87	2
0.87	2
0.87	2
0.87	2
0.87	2
0.87	3
0.87	2
0.87	4
0.87	3
0.87	3
0.87	4
0.87	5
0.87	3
0.87	1
0.87	1
0.87	1
0.87	1
0.87	2
0.87	2
0.87	4
0.87	4
0.87	3
0.87	4
0.87	1
0.87	1
0.87	4
0.87	4
0.87	3
0.87	1
0.87	3
0.87	1
0.871	5
0.871	3
0.871	5
0.871	5
0.871	5
0.871	5
0.871	5
0.871	5
0.871	5
0.871	3
0.871	4
0.871	3
0.871	3
0.871	4
0.871	4
0.871	3
0.871	1
0.871	1
0.871	3
0.871	5
0.871	2
0.871	4
0.871	4
0.871	5
0.871	3
0.871	4
0.871	4
0.871	2
0.871	2
0.871	1
0.871	1
0.871	3
0.871	3
0.871	4
0.871	2
0.871	3
0.871	3
0.871	3
0.871	3
0.871	4
0.871	4
0.871	4
0.871	1
0.871	1
0.871	1
0.871	4
0.871	2
0.871	3
0.871	2
0.871	3
0.871	2
0.871	2
0.871	2
0.871	2
0.871	2
0.871	2
0.871	1
0.871	1
0.871	1
0.871	2
0.871	2
0.871	2
0.871	1
0.871	1
0.871	1
0.871	4
0.871	1
0.872	4
0.872	3
0.872	6
0.872	2
0.872	6
0.872	3
0.872	4
0.872	4
0.872	2
0.872	3
0.872	5
0.872	2
0.872	2
0.872	4
0.872	4
0.872	1
0.872	3
0.872	5
0.872	5
0.872	3
0.872	2
0.872	4
0.872	4
0.872	4
0.872	2
0.872	2
0.872	4
0.872	3
0.872	3
0.872	3
0.872	3
0.872	3
0.872	3
0.872	1
0.872	1
0.872	4
0.872	3
0.872	2
0.872	2
0.872	1
0.872	3
0.872	3
0.872	3
0.872	3
0.872	3
0.872	3
0.872	2
0.872	2
0.872	2
0.872	4
0.873	3
0.873	4
0.873	6
0.873	5
0.873	5
0.873	6
0.873	4
0.873	4
0.873	3
0.873	3
0.873	3
0.873	2
0.873	3
0.873	5
0.873	6
0.873	1
0.873	3
0.873	4
0.873	5
0.873	4
0.873	4
0.873	1
0.873	1
0.873	1
0.873	1
0.873	1
0.873	3
0.873	2
0.873	2
0.873	4
0.873	4
0.873	4
0.873	4
0.873	4
0.873	2
0.873	4
0.873	4
0.873	2
0.873	2
0.873	4
0.873	1
0.873	2
0.873	1
0.873	4
0.873	6
0.874	6
0.874	6
0.874	5
0.874	4
0.874	3
0.874	3
0.874	5
0.874	3
0.874	4
0.874	5
0.874	3
0.874	4
0.874	6
0.874	4
0.874	3
0.874	2
0.874	2
0.874	3
0.874	3
0.874	3
0.874	4
0.874	3
0.874	3
0.874	2
0.874	2
0.874	4
0.874	4
0.874	2
0.874	2
0.874	1
0.874	1
0.874	3
0.874	3
0.874	3
0.874	1
0.874	3
0.874	4
0.874	1
0.875	5
0.875	5
0.875	6
0.875	4
0.875	5
0.875	5
0.875	6
0.875	3
0.875	3
0.875	2
0.875	2
0.875	2
0.875	4
0.875	4
0.875	3
0.875	3
0.875	1
0.875	3
0.875	3
0.875	3
0.875	3
0.875	1
0.875	3
0.875	2
0.875	2
0.875	1
0.875	1
0.875	4
0.875	2
0.875	3
0.875	3
0.875	3
0.875	4
0.875	1
0.875	2
0.875	2
0.875	4
0.875	2
0.875	1
0.875	3
0.875	2
0.875	3
0.875	1
0.875	1
0.876	5
0.876	5
0.876	5
0.876	4
0.876	5
0.876	6
0.876	3
0.876	6
0.876	3
0.876	2
0.876	2
0.876	4
0.876	6
0.876	6
0.876	4
0.876	4
0.876	4
0.876	4
0.876	3
0.876	3
0.876	2
0.876	4
0.876	1
0.876	3
0.876	3
0.876	3
0.876	4
0.876	4
0.876	4
0.876	2
0.876	1
0.876	1
0.876	1
0.876	1
0.876	2
0.876	4
0.876	4
0.876	4
0.876	4
0.876	2
0.876	2
0.876	2
0.876	3
0.876	3
0.876	4
0.876	2
0.876	4
0.876	4
0.876	4
0.876	1
0.876	3
0.877	4
0.877	6
0.877	6
0.877	3
0.877	5
0.877	5
0.877	6
0.877	3
0.877	4
0.877	2
0.877	2
0.877	6
0.877	3
0.877	3
0.877	2
0.877	1
0.877	3
0.877	3
0.877	7
0.877	2
0.877	4
0.877	3
0.877	3
0.877	3
0.877	3
0.877	3
0.877	2
0.877	2
0.877	4
0.877	4
0.877	2
0.877	2
0.877	1
0.877	3
0.877	2
0.877	2
0.877	2
0.877	4
0.877	4
0.877	4
0.877	4
0.877	4
0.877	4
0.877	1
0.877	1
0.877	2
0.877	2
0.877	2
0.877	2
0.877	1
0.877	3
0.877	4
0.877	6
0.878	5
0.878	5
0.878	3
0.878	5
0.878	5
0.878	6
0.878	6
0.878	3
0.878	3
0.878	6
0.878	5
0.878	3
0.878	5
0.878	4
0.878	4
0.878	6
0.878	4
0.878	2
0.878	2
0.878	3
0.878	1
0.878	2
0.878	3
0.878	7
0.878	3
0.878	2
0.878	2
0.878	4
0.878	1
0.878	1
0.878	1
0.878	3
0.878	3
0.878	3
0.878	3
0.878	3
0.878	3
0.878	3
0.878	2
0.878	1
0.878	2
0.878	4
0.878	4
0.878	3
0.878	4
0.878	4
0.878	4
0.878	3
0.878	1
0.879	3
0.879	3
0.879	5
0.879	5
0.879	4
0.879	5
0.879	2
0.879	2
0.879	2
0.879	2
0.879	4
0.879	4
0.879	4
0.879	1
0.879	2
0.879	3
0.879	1
0.879	1
0.879	3
0.879	2
0.879	3
0.879	2
0.879	4
0.879	5
0.879	5
0.879	3
0.879	3
0.879	3
0.879	3
0.879	3
0.879	2
0.879	4
0.879	4
0.879	1
0.879	1
0.879	3
0.879	4
0.879	4
0.879	4
0.879	1
0.879	4
0.879	2
0.879	3
0.879	3
0.879	1
0.879	1
0.879	6
0.879	6
0.88	5
0.88	5
0.88	4
0.88	4
0.88	6
0.88	6
0.88	3
0.88	5
0.88	6
0.88	3
0.88	5
0.88	2
0.88	3
0.88	4
0.88	4
0.88	2
0.88	2
0.88	2
0.88	3
0.88	3
0.88	3
0.88	7
0.88	2
0.88	4
0.88	5
0.88	5
0.88	3
0.88	3
0.88	2
0.88	3
0.88	3
0.88	2
0.88	2
0.88	4
0.88	2
0.88	1
0.88	1
0.88	1
0.88	1
0.88	1
0.88	1
0.88	4
0.88	2
0.88	3
0.88	3
0.88	4
0.88	1
0.88	7
0.88	1
0.88	1
0.88	4
0.88	4
0.88	4
0.88	4
0.88	4
0.88	4
0.88	2
0.88	2
0.88	1
0.88	2
0.88	1
0.88	3
0.881	5
0.881	4
0.881	5
0.881	3
0.881	6
0.881	3
0.881	5
0.881	5
0.881	6
0.881	3
0.881	2
0.881	3
0.881	1
0.881	4
0.881	2
0.881	2
0.881	2
0.881	2
0.881	3
0.881	2
0.881	3
0.881	7
0.881	4
0.881	4
0.881	3
0.881	2
0.881	2
0.881	4
0.881	4
0.881	4
0.881	2
0.881	2
0.881	2
0.881	2
0.881	4
0.881	3
0.881	3
0.881	4
0.881	3
0.881	3
0.881	2
0.881	3
0.881	3
0.881	2
0.881	2
0.881	2
0.881	1
0.881	2
0.881	1
0.881	3
0.881	4
0.881	1
0.881	1
0.881	6
0.882	6
0.882	3
0.882	3
0.882	5
0.882	3
0.882	4
0.882	4
0.882	5
0.882	3
0.882	5
0.882	5
0.882	6
0.882	6
0.882	1
0.882	4
0.882	4
0.882	2
0.882	2
0.882	2
0.882	2
0.882	3
0.882	3
0.882	2
0.882	3
0.882	5
0.882	5
0.882	3
0.882	3
0.882	3
0.882	3
0.882	3
0.882	4
0.882	1
0.882	3
0.882	4
0.882	4
0.882	2
0.882	2
0.882	4
0.882	3
0.882	4
0.882	5
0.882	4
0.882	2
0.882	2
0.882	2
0.882	2
0.882	4
0.882	4
0.882	4
0.882	4
0.882	4
0.882	4
0.882	3
0.882	3
0.882	3
0.882	3
0.882	3
0.882	2
0.882	2
0.882	2
0.882	1
0.882	2
0.882	1
0.882	1
0.883	5
0.883	3
0.883	4
0.883	4
0.883	3
0.883	6
0.883	6
0.883	5
0.883	5
0.883	2
0.883	5
0.883	3
0.883	5
0.883	3
0.883	1
0.883	1
0.883	1
0.883	3
0.883	1
0.883	1
0.883	3
0.883	3
0.883	5
0.883	5
0.883	3
0.883	3
0.883	3
0.883	2
0.883	4
0.883	4
0.883	4
0.883	2
0.883	2
0.883	4
0.883	4
0.883	3
0.883	4
0.883	1
0.883	3
0.883	3
0.883	3
0.883	3
0.883	3
0.883	3
0.883	3
0.883	2
0.883	1
0.883	4
0.883	4
0.883	1
0.884	6
0.884	6
0.884	6
0.884	3
0.884	2
0.884	5
0.884	3
0.884	5
0.884	4
0.884	4
0.884	4
0.884	4
0.884	3
0.884	1
0.884	3
0.884	4
0.884	4
0.884	5
0.884	3
0.884	2
0.884	3
0.884	3
0.884	3
0.884	2
0.884	2
0.884	2
0.884	1
0.884	1
0.884	1
0.884	1
0.884	3
0.884	3
0.884	4
0.884	2
0.884	3
0.884	3
0.884	3
0.884	3
0.884	7
0.884	7
0.884	7
0.884	1
0.884	1
0.884	1
0.884	1
0.884	1
0.884	1
0.884	3
0.885	4
0.885	3
0.885	5
0.885	5
0.885	4
0.885	6
0.885	5
0.885	6
0.885	3
0.885	4
0.885	2
0.885	2
0.885	2
0.885	3
0.885	3
0.885	3
0.885	3
0.885	2
0.885	3
0.885	3
0.885	3
0.885	3
0.885	5
0.885	5
0.885	5
0.885	3
0.885	3
0.885	3
0.885	2
0.885	2
0.885	2
0.885	4
0.885	2
0.885	2
0.885	4
0.885	4
0.885	2
0.885	4
0.885	3
0.885	1
0.885	1
0.885	4
0.886	5
0.886	4
0.886	5
0.886	4
0.886	4
0.886	4
0.886	6
0.886	6
0.886	5
0.886	6
0.886	5
0.886	3
0.886	5
0.886	5
0.886	3
0.886	3
0.886	4
0.886	4
0.886	3
0.886	4
0.886	2
0.886	2
0.886	2
0.886	1
0.886	1
0.886	1
0.886	3
0.886	3
0.886	4
0.886	5
0.886	5
0.886	3
0.886	3
0.886	3
0.886	3
0.886	1
0.886	1
0.886	1
0.886	1
0.886	1
0.886	3
0.886	2
0.886	4
0.886	2
0.886	1
0.886	3
0.886	3
0.886	3
0.886	4
0.886	4
0.886	4
0.886	5
0.886	5
0.886	5
0.886	4
0.886	4
0.886	4
0.886	2
0.886	2
0.886	2
0.886	2
0.886	2
0.886	2
0.886	1
0.886	2
0.886	1
0.886	1
0.887	5
0.887	4
0.887	4
0.887	3
0.887	3
0.887	2
0.887	2
0.887	5
0.887	3
0.887	4
0.887	3
0.887	4
0.887	4
0.887	3
0.887	3
0.887	1
0.887	4
0.887	2
0.887	2
0.887	3
0.887	2
0.887	2
0.887	2
0.887	4
0.887	4
0.887	4
0.887	4
0.887	3
0.887	3
0.887	3
0.887	4
0.887	5
0.887	5
0.887	2
0.887	2
0.887	1
0.887	3
0.887	3
0.887	1
0.887	3
0.887	3
0.887	3
0.887	3
0.887	3
0.887	3
0.887	4
0.887	2
0.887	3
0.887	3
0.887	2
0.887	3
0.887	3
0.887	1
0.888	5
0.888	4
0.888	5
0.888	5
0.888	5
0.888	6
0.888	3
0.888	2
0.888	5
0.888	3
0.888	5
0.888	5
0.888	3
0.888	4
0.888	4
0.888	4
0.888	4
0.888	1
0.888	2
0.888	3
0.888	7
0.888	7
0.888	3
0.888	3
0.888	1
0.888	3
0.888	5
0.888	3
0.888	3
0.888	2
0.888	1
0.888	1
0.888	4
0.888	2
0.888	3
0.888	3
0.888	3
0.888	3
0.888	4
0.888	2
0.888	3
0.888	1
0.888	1
0.888	6
0.889	4
0.889	5
0.889	4
0.889	5
0.889	2
0.889	4
0.889	3
0.889	3
0.889	4
0.889	2
0.889	2
0.889	2
0.889	2
0.889	2
0.889	3
0.889	3
0.889	1
0.889	1
0.889	3
0.889	3
0.889	5
0.889	5
0.889	5
0.889	5
0.889	3
0.889	3
0.889	3
0.889	2
0.889	4
0.889	4
0.889	5
0.889	2
0.889	1
0.889	1
0.889	2
0.889	4
0.889	3
0.889	2
0.889	4
0.889	4
0.889	4
0.889	3
0.89	6
0.89	5
0.89	4
0.89	5
0.89	5
0.89	3
0.89	4
0.89	3
0.89	3
0.89	6
0.89	4
0.89	1
0.89	4
0.89	2
0.89	2
0.89	3
0.89	3
0.89	2
0.89	2
0.89	4
0.89	4
0.89	3
0.89	4
0.89	5
0.89	5
0.89	5
0.89	3
0.89	3
0.89	3
0.89	2
0.89	2
0.89	5
0.89	2
0.89	1
0.89	3
0.89	4
0.89	2
0.89	2
0.89	2
0.89	1
0.89	1
0.89	1
0.89	4
0.89	4
0.89	2
0.89	2
0.89	1
0.89	2
0.89	1
0.89	3
0.89	3
0.89	1
0.89	1
0.891	5
0.891	6
0.891	5
0.891	3
0.891	5
0.891	5
0.891	6
0.891	6
0.891	4
0.891	3
0.891	4
0.891	4
0.891	3
0.891	1
0.891	7
0.891	7
0.891	4
0.891	4
0.891	4
0.891	4
0.891	4
0.891	3
0.891	2
0.891	2
0.891	4
0.891	1
0.891	1
0.891	1
0.891	2
0.891	4
0.891	4
0.891	3
0.891	4
0.891	4
0.891	3
0.891	3
0.891	2
0.892	5
0.892	6
0.892	3
0.892	3
0.892	5
0.892	3
0.892	6
0.892	3
0.892	4
0.892	3
0.892	5
0.892	5
0.892	3
0.892	3
0.892	4
0.892	6
0.892	4
0.892	4
0.892	4
0.892	3
0.892	3
0.892	2
0.892	2
0.892	3
0.892	3
0.892	2
0.892	4
0.892	1
0.892	3
0.892	3
0.892	3
0.892	3
0.892	2
0.892	4
0.892	1
0.892	1
0.892	1
0.892	3
0.892	3
0.892	3
0.892	3
0.892	2
0.892	4
0.892	4
0.892	3
0.892	2
0.892	2
0.892	2
0.892	2
0.892	2
0.892	1
0.892	1
0.892	2
0.892	2
0.892	1
0.892	1
0.892	3
0.892	4
0.893	5
0.893	3
0.893	5
0.893	6
0.893	6
0.893	3
0.893	5
0.893	6
0.893	3
0.893	2
0.893	2
0.893	2
0.893	3
0.893	6
0.893	3
0.893	4
0.893	4
0.893	3
0.893	3
0.893	7
0.893	2
0.893	2
0.893	4
0.893	4
0.893	1
0.893	1
0.893	1
0.893	3
0.893	3
0.893	3
0.893	5
0.893	3
0.893	3
0.893	3
0.893	2
0.893	3
0.893	2
0.893	5
0.893	2
0.893	4
0.893	2
0.893	3
0.893	3
0.893	3
0.893	2
0.893	2
0.893	2
0.893	7
0.893	1
0.893	1
0.893	3
0.893	2
0.893	4
0.893	4
0.893	3
0.893	4
0.893	3
0.893	3
0.893	3
0.893	3
0.893	2
0.893	2
0.893	6
0.894	6
0.894	6
0.894	3
0.894	3
0.894	5
0.894	6
0.894	6
0.894	5
0.894	6
0.894	3
0.894	4
0.894	4
0.894	4
0.894	6
0.894	6
0.894	3
0.894	4
0.894	2
0.894	2
0.894	2
0.894	3
0.894	7
0.894	7
0.894	4
0.894	5
0.894	3
0.894	2
0.894	4
0.894	4
0.894	4
0.894	7
0.894	1
0.894	1
0.894	3
0.894	2
0.894	2
0.894	1
0.894	2
0.894	1
0.894	1
0.895	5
0.895	3
0.895	6
0.895	5
0.895	4
0.895	2
0.895	3
0.895	4
0.895	4
0.895	4
0.895	4
0.895	4
0.895	3
0.895	3
0.895	3
0.895	3
0.895	3
0.895	2
0.895	2
0.895	3
0.895	3
0.895	4
0.895	4
0.895	4
0.895	4
0.895	5
0.895	5
0.895	3
0.895	3
0.895	3
0.895	3
0.895	4
0.895	2
0.895	3
0.895	4
0.895	5
0.895	4
0.895	2
0.895	7
0.895	1
0.895	1
0.895	4
0.895	4
0.895	3
0.895	3
0.895	2
0.895	1
0.895	6
0.896	5
0.896	4
0.896	4
0.896	4
0.896	3
0.896	4
0.896	6
0.896	3
0.896	6
0.896	6
0.896	3
0.896	3
0.896	4
0.896	3
0.896	3
0.896	5
0.896	2
0.896	3
0.896	4
0.896	4
0.896	4
0.896	3
0.896	4
0.896	4
0.896	2
0.896	2
0.896	3
0.896	3
0.896	2
0.896	4
0.896	5
0.896	5
0.896	3
0.896	3
0.896	2
0.896	1
0.896	2
0.896	2
0.896	3
0.896	3
0.896	3
0.896	4
0.896	5
0.896	4
0.896	2
0.896	2
0.896	3
0.897	5
0.897	4
0.897	5
0.897	5
0.897	4
0.897	6
0.897	6
0.897	5
0.897	6
0.897	6
0.897	3
0.897	2
0.897	2
0.897	3
0.897	3
0.897	3
0.897	4
0.897	4
0.897	2
0.897	2
0.897	2
0.897	2
0.897	2
0.897	3
0.897	3
0.897	7
0.897	2
0.897	2
0.897	2
0.897	4
0.897	4
0.897	4
0.897	2
0.897	3
0.897	4
0.897	4
0.897	5
0.897	3
0.897	2
0.897	4
0.897	1
0.897	4
0.897	4
0.897	4
0.897	2
0.897	2
0.897	2
0.897	3
0.897	3
0.897	3
0.897	3
0.897	4
0.897	5
0.897	4
0.897	2
0.897	2
0.897	4
0.897	4
0.897	3
0.897	4
0.897	1
0.897	4
0.897	1
0.898	5
0.898	4
0.898	3
0.898	4
0.898	5
0.898	5
0.898	6
0.898	3
0.898	3
0.898	6
0.898	6
0.898	3
0.898	5
0.898	6
0.898	4
0.898	1
0.898	1
0.898	3
0.898	3
0.898	3
0.898	3
0.898	2
0.898	3
0.898	7
0.898	7
0.898	7
0.898	5
0.898	5
0.898	3
0.898	3
0.898	3
0.898	3
0.898	3
0.898	3
0.898	3
0.898	3
0.898	2
0.898	2
0.898	6
0.899	4
0.899	3
0.899	4
0.899	4
0.899	6
0.899	5
0.899	3
0.899	6
0.899	5
0.899	6
0.899	4
0.899	2
0.899	2
0.899	3
0.899	3
0.899	2
0.899	2
0.899	2
0.899	3
0.899	3
0.899	3
0.899	4
0.899	2
0.899	2
0.899	3
0.899	3
0.899	4
0.899	5
0.899	3
0.899	4
0.899	2
0.899	2
0.899	2
0.899	2
0.899	1
0.899	3
0.899	7
0.899	1
0.899	1
0.899	4
0.899	4
0.899	4
0.899	4
0.899	3
0.899	1
0.899	4
0.9	5
0.9	4
0.9	5
0.9	4
0.9	4
0.9	4
0.9	4
0.9	4
0.9	5
0.9	3
0.9	5
0.9	5
0.9	4
0.9	4
0.9	4
0.9	2
0.9	2
0.9	2
0.9	2
0.9	3
0.9	3
0.9	3
0.9	3
0.9	3
0.9	3
0.9	4
0.9	1
0.9	2
0.9	1
0.9	2
0.9	1
0.901	6
0.901	6
0.901	5
0.901	4
0.901	4
0.901	3
0.901	6
0.901	6
0.901	3
0.901	2
0.901	2
0.901	3
0.901	4
0.901	6
0.901	1
0.901	1
0.901	2
0.901	3
0.901	3
0.901	3
0.901	2
0.901	4
0.901	4
0.901	4
0.901	2
0.901	3
0.901	5
0.901	3
0.901	3
0.901	4
0.901	4
0.901	4
0.901	1
0.901	1
0.901	1
0.901	3
0.901	1
0.901	2
0.901	1
0.901	3
0.901	4
0.901	5
0.901	4
0.901	2
0.901	2
0.901	4
0.901	4
0.901	3
0.901	4
0.901	4
0.901	4
0.901	4
0.901	4
0.901	2
0.901	2
0.901	1
0.901	3
0.901	1
0.901	3
0.901	1
0.901	6
0.902	5
0.902	5
0.902	4
0.902	5
0.902	4
0.902	5
0.902	6
0.902	6
0.902	4
0.902	4
0.902	6
0.902	6
0.902	3
0.902	3
0.902	5
0.902	3
0.902	2
0.902	3
0.902	6
0.902	4
0.902	4
0.902	4
0.902	2
0.902	2
0.902	2
0.902	2
0.902	4
0.902	4
0.902	4
0.902	7
0.902	2
0.902	3
0.902	5
0.902	4
0.902	2
0.902	3
0.902	3
0.902	3
0.902	3
0.902	3
0.902	3
0.902	3
0.902	2
0.902	3
0.902	1
0.902	3
0.902	3
0.902	3
0.902	3
0.902	3
0.902	2
0.902	1
0.902	4
0.903	5
0.903	4
0.903	5
0.903	4
0.903	4
0.903	5
0.903	6
0.903	6
0.903	4
0.903	6
0.903	6
0.903	2
0.903	5
0.903	3
0.903	4
0.903	4
0.903	4
0.903	4
0.903	4
0.903	1
0.903	4
0.903	4
0.903	2
0.903	2
0.903	2
0.903	2
0.903	3
0.903	2
0.903	3
0.903	2
0.903	2
0.903	4
0.903	4
0.903	4
0.903	4
0.903	2
0.903	4
0.903	4
0.903	4
0.903	4
0.903	4
0.903	3
0.903	2
0.903	3
0.903	3
0.903	7
0.903	1
0.903	1
0.903	2
0.903	2
0.903	4
0.903	4
0.903	4
0.903	4
0.903	3
0.903	3
0.903	4
0.903	4
0.903	3
0.903	1
0.904	6
0.904	5
0.904	5
0.904	6
0.904	6
0.904	6
0.904	4
0.904	3
0.904	2
0.904	5
0.904	5
0.904	3
0.904	3
0.904	5
0.904	2
0.904	3
0.904	4
0.904	3
0.904	3
0.904	1
0.904	1
0.904	3
0.904	3
0.904	3
0.904	3
0.904	3
0.904	7
0.904	7
0.904	4
0.904	1
0.904	3
0.904	4
0.904	3
0.904	2
0.904	3
0.904	3
0.904	3
0.904	1
0.904	1
0.904	6
0.904	6
0.905	5
0.905	6
0.905	5
0.905	5
0.905	4
0.905	2
0.905	2
0.905	5
0.905	2
0.905	3
0.905	4
0.905	4
0.905	2
0.905	3
0.905	3
0.905	3
0.905	2
0.905	2
0.905	3
0.905	3
0.905	2
0.905	4
0.905	2
0.905	3
0.905	3
0.905	3
0.905	3
0.905	2
0.905	4
0.905	2
0.905	1
0.905	3
0.905	4
0.905	5
0.905	4
0.905	2
0.905	7
0.905	7
0.905	1
0.905	1
0.905	1
0.905	1
0.905	2
0.905	4
0.905	4
0.905	3
0.905	4
0.906	5
0.906	4
0.906	5
0.906	6
0.906	5
0.906	6
0.906	6
0.906	6
0.906	6
0.906	3
0.906	4
0.906	4
0.906	4
0.906	4
0.906	4
0.906	4
0.906	4
0.906	2
0.906	2
0.906	2
0.906	2
0.906	2
0.906	4
0.906	3
0.906	3
0.906	7
0.906	2
0.906	4
0.906	1
0.906	1
0.906	4
0.906	4
0.906	4
0.906	2
0.906	2
0.906	2
0.906	4
0.906	2
0.906	2
0.906	1
0.906	3
0.906	3
0.906	3
0.906	2
0.906	2
0.906	1
0.906	3
0.906	1
0.906	3
0.906	3
0.906	1
0.906	1
0.907	5
0.907	5
0.907	4
0.907	4
0.907	6
0.907	5
0.907	6
0.907	6
0.907	3
0.907	5
0.907	3
0.907	3
0.907	4
0.907	1
0.907	4
0.907	4
0.907	4
0.907	2
0.907	2
0.907	2
0.907	2
0.907	2
0.907	2
0.907	2
0.907	3
0.907	7
0.907	4
0.907	5
0.907	2
0.907	2
0.907	2
0.907	3
0.907	4
0.907	4
0.907	4
0.907	4
0.907	2
0.907	2
0.907	3
0.907	3
0.907	3
0.907	3
0.907	4
0.907	4
0.907	5
0.907	5
0.907	4
0.907	4
0.907	2
0.907	3
0.907	7
0.907	1
0.907	1
0.907	2
0.907	3
0.907	3
0.907	2
0.907	1
0.907	1
0.908	5
0.908	6
0.908	6
0.908	6
0.908	4
0.908	4
0.908	4
0.908	3
0.908	3
0.908	5
0.908	3
0.908	5
0.908	4
0.908	4
0.908	4
0.908	4
0.908	1
0.908	1
0.908	1
0.908	3
0.908	4
0.908	4
0.908	3
0.908	2
0.908	3
0.908	1
0.908	1
0.908	1
0.908	3
0.908	3
0.908	3
0.908	2
0.908	4
0.908	2
0.908	3
0.908	2
0.908	3
0.908	3
0.908	3
0.908	3
0.908	4
0.908	2
0.908	2
0.908	2
0.908	3
0.908	1
0.908	4
0.908	4
0.909	5
0.909	3
0.909	3
0.909	6
0.909	6
0.909	3
0.909	2
0.909	5
0.909	3
0.909	6
0.909	6
0.909	4
0.909	4
0.909	3
0.909	4
0.909	4
0.909	4
0.909	4
0.909	3
0.909	3
0.909	2
0.909	4
0.909	4
0.909	2
0.909	4
0.909	2
0.909	1
0.909	3
0.909	3
0.909	3
0.909	4
0.909	5
0.909	4
0.909	3
0.909	3
0.909	3
0.909	2
0.909	3
0.909	3
0.91	5
0.91	4
0.91	3
0.91	4
0.91	5
0.91	6
0.91	3
0.91	6
0.91	3
0.91	5
0.91	2
0.91	3
0.91	3
0.91	2
0.91	3
0.91	3
0.91	4
0.91	7
0.91	3
0.91	2
0.91	1
0.91	1
0.91	1
0.91	1
0.91	1
0.91	1
0.91	4
0.91	1
0.91	3
0.91	1
0.91	3
0.91	3
0.91	4
0.91	4
0.91	1
0.91	1
0.91	1
0.911	5
0.911	4
0.911	3
0.911	5
0.911	5
0.911	6
0.911	3
0.911	6
0.911	5
0.911	5
0.911	3
0.911	4
0.911	4
0.911	4
0.911	4
0.911	4
0.911	2
0.911	2
0.911	3
0.911	3
0.911	4
0.911	2
0.911	3
0.911	2
0.911	5
0.911	5
0.911	5
0.911	2
0.911	2
0.911	2
0.911	3
0.911	3
0.911	4
0.911	1
0.911	2
0.911	3
0.911	2
0.911	2
0.911	1
0.911	1
0.911	3
0.911	2
0.911	2
0.911	2
0.911	3
0.911	1
0.912	3
0.912	3
0.912	5
0.912	6
0.912	5
0.912	6
0.912	6
0.912	6
0.912	6
0.912	6
0.912	3
0.912	5
0.912	5
0.912	3
0.912	2
0.912	5
0.912	3
0.912	2
0.912	2
0.912	3
0.912	3
0.912	6
0.912	6
0.912	4
0.912	4
0.912	4
0.912	4
0.912	4
0.912	4
0.912	4
0.912	1
0.912	2
0.912	2
0.912	3
0.912	3
0.912	3
0.912	4
0.912	3
0.912	3
0.912	4
0.912	1
0.912	4
0.912	2
0.912	3
0.912	2
0.912	1
0.912	1
0.912	2
0.912	4
0.912	4
0.912	3
0.912	2
0.912	3
0.912	3
0.912	2
0.912	3
0.912	3
0.912	3
0.912	6
0.913	5
0.913	4
0.913	4
0.913	6
0.913	6
0.913	3
0.913	3
0.913	6
0.913	6
0.913	3
0.913	3
0.913	2
0.913	3
0.913	4
0.913	4
0.913	4
0.913	4
0.913	4
0.913	4
0.913	4
0.913	4
0.913	2
0.913	2
0.913	2
0.913	2
0.913	3
0.913	3
0.913	3
0.913	4
0.913	4
0.913	4
0.913	4
0.913	3
0.913	3
0.913	4
0.913	3
0.913	3
0.913	2
0.913	1
0.913	3
0.913	4
0.913	1
0.913	1
0.914	5
0.914	4
0.914	5
0.914	4
0.914	3
0.914	4
0.914	3
0.914	5
0.914	5
0.914	5
0.914	5
0.914	6
0.914	3
0.914	6
0.914	6
0.914	6
0.914	3
0.914	3
0.914	4
0.914	4
0.914	6
0.914	3
0.914	3
0.914	3
0.914	1
0.914	1
0.914	2
0.914	3
0.914	4
0.914	3
0.914	3
0.914	3
0.914	2
0.914	2
0.914	2
0.914	3
0.914	4
0.914	3
0.914	3
0.914	3
0.914	2
0.914	2
0.914	1
0.914	7
0.914	1
0.914	1
0.914	2
0.914	2
0.914	2
0.914	2
0.914	3
0.914	1
0.914	1
0.915	5
0.915	4
0.915	5
0.915	5
0.915	6
0.915	3
0.915	6
0.915	6
0.915	3
0.915	5
0.915	5
0.915	2
0.915	2
0.915	3
0.915	3
0.915	6
0.915	6
0.915	4
0.915	4
0.915	2
0.915	2
0.915	2
0.915	5
0.915	3
0.915	2
0.915	2
0.915	2
0.915	4
0.915	2
0.915	3
0.915	2
0.915	4
0.915	4
0.915	3
0.915	4
0.915	4
0.915	4
0.915	3
0.915	3
0.915	2
0.915	3
0.915	3
0.916	5
0.916	4
0.916	4
0.916	5
0.916	5
0.916	4
0.916	5
0.916	3
0.916	4
0.916	4
0.916	4
0.916	4
0.916	4
0.916	1
0.916	4
0.916	2
0.916	2
0.916	3
0.916	5
0.916	3
0.916	3
0.916	3
0.916	3
0.916	4
0.916	4
0.916	3
0.916	3
0.916	4
0.916	1
0.916	4
0.916	3
0.916	3
0.916	2
0.916	3
0.916	4
0.916	5
0.916	4
0.916	3
0.916	4
0.917	5
0.917	5
0.917	6
0.917	3
0.917	6
0.917	5
0.917	2
0.917	3
0.917	4
0.917	4
0.917	4
0.917	4
0.917	1
0.917	3
0.917	4
0.917	3
0.917	3
0.917	3
0.917	1
0.917	3
0.917	3
0.917	4
0.917	4
0.917	3
0.917	3
0.917	3
0.917	2
0.917	2
0.917	4
0.917	3
0.917	3
0.917	2
0.917	4
0.917	4
0.917	3
0.917	4
0.917	4
0.917	2
0.917	2
0.917	2
0.917	2
0.917	2
0.917	2
0.917	2
0.917	3
0.917	3
0.917	1
0.917	1
0.917	6
0.918	6
0.918	4
0.918	4
0.918	6
0.918	5
0.918	5
0.918	4
0.918	6
0.918	3
0.918	5
0.918	5
0.918	2
0.918	2
0.918	3
0.918	3
0.918	6
0.918	3
0.918	4
0.918	4
0.918	2
0.918	1
0.918	3
0.918	3
0.918	4
0.918	4
0.918	3
0.918	4
0.918	4
0.918	3
0.918	3
0.918	3
0.918	3
0.918	4
0.918	3
0.918	3
0.918	3
0.918	3
0.918	2
0.918	2
0.918	1
0.919	5
0.919	6
0.919	5
0.919	3
0.919	4
0.919	6
0.919	5
0.919	6
0.919	6
0.919	3
0.919	3
0.919	4
0.919	6
0.919	6
0.919	3
0.919	5
0.919	5
0.919	5
0.919	3
0.919	3
0.919	6
0.919	6
0.919	6
0.919	4
0.919	4
0.919	4
0.919	4
0.919	4
0.919	2
0.919	2
0.919	2
0.919	3
0.919	5
0.919	5
0.919	5
0.919	3
0.919	3
0.919	3
0.919	1
0.919	1
0.919	1
0.919	3
0.919	2
0.919	7
0.919	1
0.919	1
0.919	2
0.919	4
0.919	4
0.919	3
0.919	1
0.92	5
0.92	6
0.92	5
0.92	6
0.92	5
0.92	5
0.92	5
0.92	6
0.92	6
0.92	4
0.92	4
0.92	6
0.92	5
0.92	2
0.92	2
0.92	5
0.92	4
0.92	4
0.92	3
0.92	3
0.92	4
0.92	1
0.92	5
0.92	5
0.92	5
0.92	5
0.92	2
0.92	1
0.92	1
0.92	3
0.92	4
0.92	1
0.92	3
0.92	3
0.92	4
0.92	3
0.92	2
0.92	1
0.92	3
0.92	4
0.92	4
0.92	2
0.92	3
0.92	6
0.921	5
0.921	6
0.921	6
0.921	6
0.921	6
0.921	6
0.921	3
0.921	5
0.921	5
0.921	2
0.921	3
0.921	4
0.921	4
0.921	4
0.921	4
0.921	4
0.921	4
0.921	4
0.921	4
0.921	4
0.921	4
0.921	5
0.921	2
0.921	1
0.921	1
0.921	4
0.921	3
0.921	3
0.921	3
0.921	1
0.921	3
0.921	4
0.921	5
0.921	4
0.921	3
0.921	7
0.921	1
0.921	1
0.921	4
0.921	1
0.921	4
0.921	6
0.922	5
0.922	5
0.922	4
0.922	5
0.922	6
0.922	6
0.922	6
0.922	6
0.922	6
0.922	3
0.922	5
0.922	5
0.922	3
0.922	3
0.922	2
0.922	2
0.922	2
0.922	3
0.922	3
0.922	3
0.922	4
0.922	4
0.922	3
0.922	4
0.922	4
0.922	4
0.922	5
0.922	2
0.922	3
0.922	4
0.922	4
0.922	4
0.922	4
0.922	1
0.922	1
0.922	3
0.922	3
0.922	3
0.922	3
0.922	2
0.922	4
0.922	4
0.922	3
0.922	1
0.923	6
0.923	4
0.923	4
0.923	5
0.923	6
0.923	6
0.923	6
0.923	6
0.923	3
0.923	3
0.923	2
0.923	2
0.923	6
0.923	3
0.923	2
0.923	4
0.923	2
0.923	2
0.923	2
0.923	3
0.923	3
0.923	3
0.923	3
0.923	2
0.923	4
0.923	1
0.923	3
0.923	3
0.923	3
0.923	3
0.923	3
0.923	3
0.923	2
0.923	3
0.923	3
0.923	4
0.923	5
0.923	4
0.923	3
0.923	3
0.923	4
0.923	4
0.923	2
0.923	2
0.923	3
0.923	1
0.923	1
0.923	6
0.924	5
0.924	4
0.924	5
0.924	5
0.924	5
0.924	5
0.924	5
0.924	6
0.924	6
0.924	6
0.924	6
0.924	4
0.924	5
0.924	3
0.924	5
0.924	4
0.924	4
0.924	7
0.924	2
0.924	3
0.924	2
0.924	4
0.924	3
0.924	4
0.924	4
0.924	4
0.924	1
0.924	4
0.924	3
0.924	3
0.924	7
0.924	1
0.924	1
0.924	4
0.924	4
0.924	4
0.925	5
0.925	4
0.925	5
0.925	3
0.925	4
0.925	2
0.925	5
0.925	5
0.925	3
0.925	3
0.925	5
0.925	5
0.925	5
0.925	4
0.925	6
0.925	6
0.925	4
0.925	4
0.925	4
0.925	2
0.925	3
0.925	4
0.925	4
0.925	4
0.925	3
0.925	2
0.925	3
0.925	2
0.925	1
0.925	2
0.925	4
0.925	3
0.925	3
0.925	3
0.925	2
0.925	1
0.925	3
0.925	2
0.925	4
0.925	4
0.925	3
0.925	2
0.925	2
0.925	2
0.925	3
0.925	1
0.925	3
0.925	4
0.925	1
0.926	5
0.926	5
0.926	4
0.926	3
0.926	5
0.926	5
0.926	3
0.926	3
0.926	2
0.926	2
0.926	2
0.926	3
0.926	3
0.926	3
0.926	3
0.926	3
0.926	2
0.926	5
0.926	2
0.926	3
0.926	4
0.926	3
0.926	3
0.926	4
0.926	2
0.926	1
0.926	3
0.926	4
0.926	5
0.926	4
0.926	3
0.926	3
0.926	4
0.926	4
0.926	4
0.926	4
0.926	3
0.926	3
0.926	2
0.926	1
0.926	1
0.926	6
0.927	5
0.927	5
0.927	5
0.927	5
0.927	3
0.927	3
0.927	5
0.927	6
0.927	6
0.927	6
0.927	3
0.927	4
0.927	5
0.927	5
0.927	4
0.927	4
0.927	6
0.927	2
0.927	2
0.927	2
0.927	4
0.927	4
0.927	4
0.927	3
0.927	3
0.927	1
0.927	3
0.927	4
0.927	4
0.927	3
0.927	3
0.927	4
0.927	3
0.927	3
0.927	2
0.927	1
0.927	3
0.927	3
0.927	7
0.927	1
0.927	1
0.927	1
0.927	4
0.928	6
0.928	5
0.928	6
0.928	5
0.928	5
0.928	6
0.928	6
0.928	4
0.928	3
0.928	5
0.928	3
0.928	2
0.928	2
0.928	3
0.928	3
0.928	6
0.928	4
0.928	4
0.928	7
0.928	7
0.928	7
0.928	5
0.928	3
0.928	3
0.928	4
0.928	3
0.928	3
0.928	4
0.928	4
0.928	3
0.928	3
0.928	2
0.928	1
0.928	3
0.928	2
0.928	2
0.928	4
0.928	4
0.928	4
0.928	4
0.928	3
0.928	3
0.928	3
0.928	3
0.928	1
0.928	6
0.929	5
0.929	5
0.929	5
0.929	6
0.929	3
0.929	3
0.929	6
0.929	3
0.929	6
0.929	6
0.929	6
0.929	6
0.929	3
0.929	3
0.929	3
0.929	3
0.929	2
0.929	5
0.929	5
0.929	5
0.929	3
0.929	4
0.929	4
0.929	5
0.929	4
0.929	2
0.929	2
0.929	2
0.929	3
0.929	3
0.929	3
0.929	5
0.929	5
0.929	3
0.929	3
0.929	2
0.929	1
0.929	2
0.929	1
0.929	1
0.929	3
0.929	3
0.929	4
0.929	3
0.929	3
0.929	4
0.929	3
0.929	3
0.929	4
0.929	5
0.929	4
0.929	3
0.929	3
0.929	3
0.929	1
0.929	3
0.929	1
0.93	4
0.93	6
0.93	3
0.93	5
0.93	6
0.93	3
0.93	6
0.93	6
0.93	5
0.93	5
0.93	2
0.93	2
0.93	2
0.93	2
0.93	3
0.93	4
0.93	3
0.93	3
0.93	3
0.93	3
0.93	4
0.93	5
0.93	5
0.93	3
0.93	2
0.93	5
0.93	2
0.93	3
0.93	4
0.93	3
0.93	2
0.93	2
0.93	1
0.93	3
0.93	3
0.93	7
0.93	7
0.93	1
0.93	1
0.93	1
0.93	1
0.93	2
0.93	2
0.93	2
0.93	3
0.93	1
0.93	1
0.93	4
0.93	1
0.931	4
0.931	4
0.931	3
0.931	5
0.931	6
0.931	6
0.931	3
0.931	3
0.931	6
0.931	6
0.931	5
0.931	5
0.931	2
0.931	3
0.931	6
0.931	3
0.931	4
0.931	5
0.931	3
0.931	1
0.931	1
0.931	2
0.931	2
0.931	1
0.931	3
0.931	4
0.931	1
0.931	2
0.931	4
0.931	1
0.931	3
0.931	2
0.931	3
0.931	3
0.931	2
0.931	3
0.931	3
0.932	5
0.932	3
0.932	4
0.932	6
0.932	6
0.932	5
0.932	5
0.932	5
0.932	5
0.932	5
0.932	6
0.932	6
0.932	6
0.932	6
0.932	3
0.932	3
0.932	5
0.932	3
0.932	2
0.932	4
0.932	4
0.932	4
0.932	2
0.932	3
0.932	4
0.932	3
0.932	4
0.932	5
0.932	5
0.932	2
0.932	2
0.932	3
0.932	3
0.932	4
0.932	3
0.932	3
0.932	3
0.932	3
0.932	4
0.932	4
0.932	5
0.932	5
0.932	4
0.932	4
0.932	3
0.932	3
0.932	4
0.932	3
0.932	1
0.932	1
0.932	4
0.932	6
0.933	6
0.933	6
0.933	6
0.933	5
0.933	5
0.933	3
0.933	3
0.933	3
0.933	5
0.933	4
0.933	5
0.933	4
0.933	4
0.933	2
0.933	2
0.933	2
0.933	3
0.933	3
0.933	2
0.933	1
0.933	2
0.933	4
0.933	2
0.933	3
0.933	2
0.933	2
0.933	1
0.933	3
0.933	3
0.933	3
0.933	3
0.933	2
0.933	2
0.933	2
0.933	3
0.933	1
0.934	5
0.934	5
0.934	4
0.934	4
0.934	4
0.934	6
0.934	5
0.934	6
0.934	3
0.934	2
0.934	5
0.934	2
0.934	3
0.934	1
0.934	3
0.934	3
0.934	3
0.934	4
0.934	2
0.934	3
0.934	5
0.934	3
0.934	2
0.934	4
0.934	4
0.934	5
0.934	2
0.934	3
0.934	4
0.934	3
0.934	4
0.934	1
0.934	3
0.934	3
0.934	4
0.934	4
0.934	3
0.934	3
0.934	2
0.934	2
0.934	2
0.934	2
0.934	3
0.934	1
0.934	3
0.934	3
0.934	1
0.934	1
0.934	6
0.935	3
0.935	4
0.935	4
0.935	3
0.935	3
0.935	6
0.935	5
0.935	6
0.935	3
0.935	4
0.935	5
0.935	6
0.935	6
0.935	6
0.935	3
0.935	3
0.935	5
0.935	5
0.935	4
0.935	5
0.935	4
0.935	4
0.935	4
0.935	4
0.935	5
0.935	3
0.935	3
0.935	3
0.935	2
0.935	2
0.935	3
0.935	3
0.935	3
0.935	3
0.935	2
0.935	1
0.936	6
0.936	4
0.936	5
0.936	4
0.936	4
0.936	5
0.936	5
0.936	5
0.936	6
0.936	3
0.936	6
0.936	6
0.936	5
0.936	2
0.936	2
0.936	2
0.936	2
0.936	2
0.936	2
0.936	4
0.936	4
0.936	4
0.936	3
0.936	2
0.936	2
0.936	4
0.936	4
0.936	3
0.936	4
0.936	1
0.936	3
0.936	2
0.936	3
0.936	2
0.936	2
0.936	2
0.936	1
0.936	1
0.936	2
0.936	4
0.936	4
0.936	3
0.936	2
0.936	2
0.936	2
0.936	2
0.936	3
0.936	1
0.936	3
0.936	4
0.936	1
0.936	6
0.936	6
0.937	5
0.937	5
0.937	5
0.937	6
0.937	5
0.937	5
0.937	5
0.937	5
0.937	3
0.937	5
0.937	5
0.937	5
0.937	4
0.937	4
0.937	4
0.937	2
0.937	2
0.937	2
0.937	2
0.937	2
0.937	2
0.937	7
0.937	2
0.937	4
0.937	3
0.937	3
0.937	3
0.937	2
0.937	3
0.937	4
0.937	3
0.937	3
0.937	4
0.937	3
0.937	4
0.937	1
0.937	1
0.937	3
0.937	4
0.937	3
0.937	3
0.937	2
0.937	3
0.937	1
0.938	5
0.938	4
0.938	4
0.938	6
0.938	6
0.938	6
0.938	6
0.938	3
0.938	5
0.938	5
0.938	6
0.938	3
0.938	2
0.938	5
0.938	5
0.938	4
0.938	1
0.938	1
0.938	1
0.938	2
0.938	3
0.938	7
0.938	2
0.938	4
0.938	2
0.938	3
0.938	5
0.938	3
0.938	3
0.938	3
0.938	2
0.938	1
0.938	3
0.938	4
0.938	4
0.938	1
0.938	3
0.938	3
0.938	7
0.938	1
0.938	1
0.938	1
0.938	4
0.938	1
0.938	1
0.939	4
0.939	4
0.939	6
0.939	6
0.939	5
0.939	6
0.939	3
0.939	6
0.939	6
0.939	6
0.939	6
0.939	6
0.939	6
0.939	6
0.939	6
0.939	3
0.939	3
0.939	3
0.939	3
0.939	3
0.939	2
0.939	4
0.939	4
0.939	3
0.939	2
0.939	3
0.939	7
0.939	5
0.939	3
0.939	3
0.939	3
0.939	3
0.939	2
0.939	3
0.939	3
0.939	2
0.939	2
0.939	4
0.939	4
0.939	2
0.939	2
0.939	2
0.939	2
0.939	3
0.939	1
0.939	3
0.94	5
0.94	5
0.94	5
0.94	4
0.94	4
0.94	4
0.94	5
0.94	5
0.94	5
0.94	5
0.94	6
0.94	6
0.94	6
0.94	3
0.94	3
0.94	2
0.94	3
0.94	4
0.94	4
0.94	5
0.94	5
0.94	3
0.94	3
0.94	3
0.94	1
0.94	2
0.94	3
0.94	4
0.94	4
0.94	3
0.94	4
0.94	4
0.94	3
0.94	4
0.94	5
0.94	4
0.94	3
0.94	4
0.94	2
0.94	3
0.94	3
0.94	2
0.94	3
0.94	1
0.94	4
0.94	4
0.941	6
0.941	5
0.941	5
0.941	5
0.941	5
0.941	5
0.941	3
0.941	5
0.941	5
0.941	4
0.941	3
0.941	5
0.941	5
0.941	5
0.941	2
0.941	4
0.941	3
0.941	4
0.941	1
0.941	3
0.941	3
0.941	2
0.941	4
0.941	4
0.941	3
0.941	4
0.941	2
0.941	2
0.941	2
0.941	3
0.941	1
0.941	1
0.942	5
0.942	5
0.942	5
0.942	6
0.942	5
0.942	6
0.942	6
0.942	6
0.942	6
0.942	3
0.942	2
0.942	4
0.942	4
0.942	4
0.942	4
0.942	4
0.942	2
0.942	4
0.942	2
0.942	3
0.942	4
0.942	4
0.942	5
0.942	3
0.942	3
0.942	4
0.942	3
0.942	3
0.942	3
0.942	3
0.942	2
0.942	2
0.942	3
0.942	3
0.942	4
0.942	4
0.942	2
0.942	3
0.942	3
0.942	2
0.942	3
0.942	1
0.942	1
0.943	3
0.943	3
0.943	5
0.943	6
0.943	5
0.943	6
0.943	3
0.943	5
0.943	5
0.943	4
0.943	4
0.943	4
0.943	4
0.943	4
0.943	4
0.943	3
0.943	4
0.943	7
0.943	6
0.943	4
0.943	1
0.943	3
0.943	4
0.943	3
0.943	4
0.943	4
0.943	4
0.943	3
0.943	3
0.943	7
0.943	1
0.943	1
0.943	4
0.943	4
0.943	4
0.943	3
0.943	1
0.944	6
0.944	3
0.944	4
0.944	4
0.944	5
0.944	5
0.944	6
0.944	5
0.944	6
0.944	6
0.944	5
0.944	6
0.944	3
0.944	3
0.944	3
0.944	4
0.944	3
0.944	2
0.944	3
0.944	4
0.944	2
0.944	2
0.944	3
0.944	3
0.944	4
0.944	3
0.944	2
0.944	3
0.944	4
0.944	4
0.944	1
0.944	2
0.944	1
0.944	2
0.944	4
0.944	4
0.944	3
0.944	3
0.944	3
0.945	5
0.945	3
0.945	3
0.945	6
0.945	6
0.945	6
0.945	6
0.945	5
0.945	5
0.945	5
0.945	6
0.945	6
0.945	3
0.945	3
0.945	5
0.945	3
0.945	6
0.945	2
0.945	4
0.945	3
0.945	3
0.945	2
0.945	1
0.945	2
0.945	1
0.945	3
0.945	3
0.945	3
0.945	3
0.945	3
0.945	3
0.945	1
0.945	3
0.945	4
0.945	5
0.945	4
0.945	3
0.945	3
0.945	2
0.945	4
0.945	4
0.945	3
0.945	4
0.945	4
0.945	2
0.945	2
0.945	2
0.945	2
0.945	3
0.945	1
0.945	3
0.945	1
0.945	1
0.946	6
0.946	6
0.946	6
0.946	3
0.946	6
0.946	6
0.946	6
0.946	3
0.946	3
0.946	6
0.946	6
0.946	5
0.946	4
0.946	4
0.946	4
0.946	4
0.946	2
0.946	2
0.946	2
0.946	4
0.946	2
0.946	4
0.946	4
0.946	4
0.946	2
0.946	3
0.946	3
0.946	5
0.946	2
0.946	4
0.946	3
0.946	4
0.946	3
0.946	3
0.946	3
0.946	7
0.946	1
0.946	1
0.946	3
0.946	4
0.946	3
0.946	3
0.946	2
0.947	5
0.947	5
0.947	4
0.947	3
0.947	3
0.947	3
0.947	3
0.947	6
0.947	5
0.947	5
0.947	6
0.947	3
0.947	4
0.947	1
0.947	4
0.947	2
0.947	2
0.947	2
0.947	4
0.947	7
0.947	3
0.947	1
0.947	2
0.947	3
0.947	4
0.947	4
0.947	4
0.947	1
0.947	1
0.947	3
0.947	2
0.947	3
0.947	7
0.947	1
0.947	1
0.947	3
0.947	4
0.947	4
0.947	3
0.947	2
0.947	2
0.947	2
0.947	2
0.947	3
0.947	1
0.947	3
0.947	3
0.948	5
0.948	4
0.948	3
0.948	4
0.948	6
0.948	5
0.948	6
0.948	6
0.948	6
0.948	6
0.948	3
0.948	2
0.948	3
0.948	1
0.948	4
0.948	2
0.948	2
0.948	2
0.948	3
0.948	2
0.948	2
0.948	4
0.948	4
0.948	4
0.948	4
0.948	5
0.948	2
0.948	1
0.948	3
0.948	3
0.948	3
0.948	3
0.948	3
0.948	3
0.948	4
0.948	3
0.948	4
0.948	5
0.948	4
0.948	3
0.948	3
0.948	4
0.948	4
0.948	4
0.948	3
0.948	3
0.948	2
0.948	6
0.949	5
0.949	4
0.949	3
0.949	6
0.949	5
0.949	6
0.949	6
0.949	3
0.949	3
0.949	6
0.949	6
0.949	6
0.949	6
0.949	6
0.949	6
0.949	5
0.949	6
0.949	5
0.949	6
0.949	6
0.949	6
0.949	1
0.949	3
0.949	3
0.949	7
0.949	7
0.949	5
0.949	3
0.949	3
0.949	2
0.949	4
0.949	3
0.949	4
0.949	4
0.949	2
0.949	1
0.949	3
0.949	3
0.949	3
0.949	4
0.949	5
0.949	4
0.949	3
0.949	7
0.949	1
0.949	1
0.949	2
0.949	2
0.949	2
0.949	2
0.949	2
0.949	2
0.949	3
0.949	3
0.949	1
0.949	1
0.95	5
0.95	5
0.95	5
0.95	4
0.95	6
0.95	6
0.95	5
0.95	5
0.95	4
0.95	2
0.95	2
0.95	3
0.95	3
0.95	2
0.95	4
0.95	6
0.95	2
0.95	4
0.95	1
0.95	2
0.95	3
0.95	4
0.95	2
0.95	1
0.95	3
0.95	3
0.95	3
0.95	3
0.95	4
0.95	4
0.95	3
0.95	4
0.95	4
0.95	3
0.95	3
0.95	3
0.95	3
0.95	2
0.95	2
0.95	1
0.95	6
0.951	4
0.951	4
0.951	4
0.951	3
0.951	5
0.951	5
0.951	5
0.951	6
0.951	3
0.951	5
0.951	5
0.951	6
0.951	3
0.951	5
0.951	4
0.951	4
0.951	4
0.951	4
0.951	2
0.951	4
0.951	3
0.951	3
0.951	7
0.951	4
0.951	3
0.951	3
0.951	2
0.951	5
0.951	2
0.951	2
0.951	3
0.951	3
0.951	3
0.951	4
0.951	3
0.951	3
0.951	3
0.951	3
0.951	4
0.951	5
0.951	4
0.951	3
0.951	3
0.951	2
0.951	6
0.952	6
0.952	5
0.952	5
0.952	4
0.952	4
0.952	4
0.952	4
0.952	3
0.952	5
0.952	5
0.952	6
0.952	6
0.952	3
0.952	3
0.952	6
0.952	2
0.952	2
0.952	2
0.952	3
0.952	3
0.952	3
0.952	4
0.952	4
0.952	4
0.952	4
0.952	2
0.952	2
0.952	2
0.952	3
0.952	3
0.952	2
0.952	4
0.952	4
0.952	3
0.952	3
0.952	3
0.952	2
0.952	2
0.952	1
0.952	3
0.952	3
0.952	7
0.952	1
0.952	1
0.952	3
0.952	4
0.952	4
0.952	3
0.952	4
0.952	4
0.952	1
0.953	5
0.953	6
0.953	5
0.953	4
0.953	3
0.953	3
0.953	5
0.953	5
0.953	6
0.953	6
0.953	5
0.953	3
0.953	4
0.953	4
0.953	4
0.953	1
0.953	3
0.953	4
0.953	4
0.953	3
0.953	2
0.953	3
0.953	3
0.953	4
0.953	1
0.953	2
0.953	3
0.953	3
0.953	4
0.953	4
0.953	3
0.953	4
0.953	1
0.953	2
0.953	1
0.953	3
0.953	3
0.953	2
0.953	1
0.954	5
0.954	6
0.954	5
0.954	6
0.954	4
0.954	6
0.954	3
0.954	6
0.954	6
0.954	5
0.954	5
0.954	5
0.954	3
0.954	4
0.954	4
0.954	4
0.954	5
0.954	3
0.954	3
0.954	3
0.954	2
0.954	5
0.954	2
0.954	2
0.954	2
0.954	3
0.954	3
0.954	3
0.954	1
0.954	3
0.954	4
0.954	5
0.954	4
0.954	3
0.954	7
0.954	1
0.954	1
0.954	4
0.954	4
0.954	4
0.954	1
0.954	4
0.955	5
0.955	4
0.955	6
0.955	3
0.955	6
0.955	3
0.955	6
0.955	6
0.955	6
0.955	6
0.955	5
0.955	5
0.955	5
0.955	5
0.955	5
0.955	4
0.955	3
0.955	2
0.955	3
0.955	3
0.955	4
0.955	4
0.955	6
0.955	2
0.955	4
0.955	1
0.955	2
0.955	3
0.955	2
0.955	3
0.955	2
0.955	1
0.955	3
0.955	3
0.955	2
0.955	2
0.955	4
0.956	6
0.956	6
0.956	6
0.956	4
0.956	4
0.956	4
0.956	5
0.956	5
0.956	6
0.956	6
0.956	6
0.956	3
0.956	3
0.956	3
0.956	2
0.956	4
0.956	4
0.956	2
0.956	2
0.956	4
0.956	4
0.956	4
0.956	5
0.956	3
0.956	3
0.956	4
0.956	1
0.956	1
0.956	2
0.956	2
0.956	3
0.956	3
0.956	4
0.956	3
0.956	4
0.956	3
0.956	2
0.956	1
0.956	3
0.956	3
0.956	4
0.956	5
0.956	4
0.956	3
0.956	3
0.956	4
0.956	4
0.956	3
0.956	4
0.956	4
0.956	4
0.956	4
0.956	3
0.956	1
0.957	5
0.957	5
0.957	6
0.957	4
0.957	4
0.957	6
0.957	4
0.957	6
0.957	6
0.957	6
0.957	5
0.957	5
0.957	5
0.957	5
0.957	5
0.957	6
0.957	6
0.957	5
0.957	4
0.957	4
0.957	1
0.957	2
0.957	2
0.957	3
0.957	2
0.957	4
0.957	6
0.957	3
0.957	3
0.957	2
0.957	5
0.957	5
0.957	2
0.957	2
0.957	4
0.957	4
0.957	3
0.957	3
0.957	3
0.957	3
0.957	1
0.957	1
0.958	5
0.958	5
0.958	5
0.958	6
0.958	5
0.958	5
0.958	6
0.958	6
0.958	6
0.958	6
0.958	6
0.958	6
0.958	4
0.958	4
0.958	4
0.958	4
0.958	2
0.958	2
0.958	2
0.958	2
0.958	4
0.958	7
0.958	2
0.958	3
0.958	4
0.958	2
0.958	3
0.958	2
0.958	3
0.958	2
0.958	2
0.958	1
0.958	3
0.958	7
0.958	1
0.958	1
0.958	3
0.958	4
0.958	4
0.958	3
0.958	4
0.958	4
0.958	4
0.958	4
0.958	3
0.958	6
0.959	5
0.959	5
0.959	5
0.959	4
0.959	5
0.959	5
0.959	6
0.959	3
0.959	5
0.959	5
0.959	5
0.959	5
0.959	5
0.959	5
0.959	6
0.959	3
0.959	1
0.959	1
0.959	2
0.959	2
0.959	3
0.959	5
0.959	3
0.959	3
0.959	4
0.959	4
0.959	3
0.959	4
0.959	3
0.959	2
0.959	4
0.959	1
0.959	3
0.959	3
0.959	1
0.959	3
0.96	5
0.96	5
0.96	4
0.96	4
0.96	6
0.96	6
0.96	5
0.96	6
0.96	3
0.96	2
0.96	2
0.96	2
0.96	4
0.96	6
0.96	4
0.96	2
0.96	2
0.96	3
0.96	4
0.96	2
0.96	3
0.96	6
0.96	3
0.96	3
0.96	3
0.96	2
0.96	2
0.96	4
0.96	3
0.96	4
0.96	1
0.96	4
0.96	3
0.96	3
0.96	2
0.96	1
0.96	3
0.96	4
0.96	5
0.96	4
0.96	3
0.96	7
0.96	1
0.96	1
0.96	3
0.96	3
0.96	4
0.96	4
0.96	4
0.96	4
0.96	3
0.96	3
0.96	1
0.96	1
0.96	6
0.961	3
0.961	4
0.961	5
0.961	5
0.961	5
0.961	5
0.961	6
0.961	6
0.961	2
0.961	4
0.961	4
0.961	4
0.961	4
0.961	1
0.961	4
0.961	2
0.961	2
0.961	3
0.961	4
0.961	3
0.961	3
0.961	3
0.961	2
0.961	3
0.961	2
0.961	1
0.961	3
0.961	3
0.961	3
0.961	3
0.961	2
0.961	2
0.961	2
0.961	3
0.961	1
0.961	3
0.962	5
0.962	5
0.962	5
0.962	5
0.962	6
0.962	6
0.962	6
0.962	3
0.962	3
0.962	5
0.962	5
0.962	6
0.962	6
0.962	3
0.962	3
0.962	2
0.962	4
0.962	4
0.962	4
0.962	4
0.962	4
0.962	2
0.962	4
0.962	4
0.962	5
0.962	3
0.962	3
0.962	3
0.962	2
0.962	3
0.962	4
0.962	3
0.962	4
0.962	3
0.962	4
0.962	3
0.962	3
0.962	3
0.962	4
0.962	5
0.962	4
0.962	3
0.962	7
0.962	7
0.962	1
0.962	1
0.962	1
0.962	1
0.962	3
0.962	3
0.962	2
0.962	3
0.962	4
0.962	1
0.963	5
0.963	5
0.963	5
0.963	5
0.963	3
0.963	6
0.963	4
0.963	6
0.963	5
0.963	5
0.963	5
0.963	3
0.963	3
0.963	3
0.963	2
0.963	4
0.963	3
0.963	4
0.963	4
0.963	7
0.963	2
0.963	3
0.963	6
0.963	3
0.963	3
0.963	4
0.963	1
0.963	3
0.963	2
0.963	3
0.963	3
0.963	2
0.963	2
0.963	2
0.963	3
0.963	1
0.964	5
0.964	5
0.964	3
0.964	4
0.964	5
0.964	6
0.964	6
0.964	6
0.964	6
0.964	3
0.964	5
0.964	6
0.964	4
0.964	4
0.964	4
0.964	4
0.964	3
0.964	2
0.964	3
0.964	2
0.964	4
0.964	4
0.964	1
0.964	3
0.964	3
0.964	3
0.964	3
0.964	4
0.964	1
0.964	3
0.964	2
0.964	4
0.964	2
0.964	1
0.964	3
0.964	3
0.964	3
0.964	4
0.964	4
0.964	5
0.964	5
0.964	4
0.964	4
0.964	3
0.964	3
0.964	3
0.964	3
0.964	2
0.964	2
0.964	2
0.964	2
0.964	3
0.964	1
0.964	1
0.964	4
0.965	4
0.965	3
0.965	3
0.965	6
0.965	6
0.965	6
0.965	3
0.965	3
0.965	5
0.965	5
0.965	5
0.965	5
0.965	6
0.965	3
0.965	6
0.965	3
0.965	5
0.965	4
0.965	3
0.965	3
0.965	4
0.965	4
0.965	3
0.965	7
0.965	4
0.965	5
0.965	5
0.965	3
0.965	3
0.965	5
0.965	2
0.965	4
0.965	3
0.965	4
0.965	3
0.965	3
0.965	4
0.965	3
0.965	1
0.965	3
0.965	3
0.965	3
0.965	3
0.965	3
0.965	3
0.965	2
0.966	5
0.966	6
0.966	5
0.966	6
0.966	5
0.966	4
0.966	4
0.966	4
0.966	2
0.966	2
0.966	3
0.966	2
0.966	3
0.966	6
0.966	6
0.966	3
0.966	4
0.966	4
0.966	4
0.966	1
0.966	2
0.966	3
0.966	2
0.966	1
0.966	3
0.966	3
0.966	3
0.966	1
0.966	6
0.967	4
0.967	4
0.967	4
0.967	3
0.967	5
0.967	5
0.967	5
0.967	5
0.967	5
0.967	2
0.967	4
0.967	4
0.967	4
0.967	3
0.967	4
0.967	2
0.967	2
0.967	4
0.967	3
0.967	2
0.967	4
0.967	4
0.967	4
0.967	4
0.967	2
0.967	3
0.967	3
0.967	3
0.967	3
0.967	3
0.967	4
0.967	3
0.967	3
0.967	2
0.967	1
0.967	2
0.967	1
0.968	5
0.968	5
0.968	5
0.968	5
0.968	5
0.968	4
0.968	6
0.968	6
0.968	3
0.968	3
0.968	5
0.968	6
0.968	6
0.968	3
0.968	5
0.968	5
0.968	6
0.968	1
0.968	7
0.968	4
0.968	3
0.968	2
0.968	4
0.968	3
0.968	3
0.968	4
0.968	4
0.968	3
0.968	2
0.968	2
0.968	1
0.968	2
0.968	4
0.968	3
0.968	1
0.969	5
0.969	4
0.969	4
0.969	3
0.969	5
0.969	5
0.969	6
0.969	5
0.969	5
0.969	6
0.969	6
0.969	6
0.969	3
0.969	3
0.969	3
0.969	2
0.969	5
0.969	5
0.969	4
0.969	3
0.969	4
0.969	2
0.969	3
0.969	2
0.969	2
0.969	3
0.969	3
0.969	2
0.969	1
0.969	3
0.969	3
0.969	4
0.969	4
0.969	3
0.969	4
0.969	1
0.969	3
0.969	3
0.969	2
0.969	1
0.969	1
0.969	2
0.969	3
0.969	1
0.97	6
0.97	5
0.97	5
0.97	3
0.97	4
0.97	4
0.97	6
0.97	6
0.97	6
0.97	5
0.97	6
0.97	6
0.97	6
0.97	2
0.97	5
0.97	5
0.97	5
0.97	4
0.97	6
0.97	6
0.97	4
0.97	3
0.97	2
0.97	4
0.97	3
0.97	5
0.97	2
0.97	2
0.97	3
0.97	3
0.97	4
0.97	3
0.97	3
0.97	3
0.97	2
0.97	4
0.97	3
0.97	3
0.97	4
0.97	4
0.97	4
0.97	2
0.97	4
0.97	6
0.971	5
0.971	4
0.971	4
0.971	6
0.971	6
0.971	3
0.971	5
0.971	2
0.971	2
0.971	4
0.971	2
0.971	3
0.971	7
0.971	4
0.971	4
0.971	3
0.971	2
0.971	3
0.971	4
0.971	3
0.971	4
0.971	4
0.971	1
0.971	4
0.971	3
0.971	3
0.971	3
0.971	2
0.971	2
0.971	4
0.971	2
0.971	2
0.971	2
0.971	3
0.971	1
0.971	3
0.972	6
0.972	3
0.972	4
0.972	3
0.972	3
0.972	3
0.972	6
0.972	3
0.972	4
0.972	4
0.972	6
0.972	4
0.972	4
0.972	2
0.972	2
0.972	4
0.972	4
0.972	2
0.972	3
0.972	4
0.972	1
0.972	3
0.972	3
0.972	4
0.972	3
0.972	3
0.972	2
0.972	4
0.972	4
0.972	3
0.972	4
0.972	4
0.972	3
0.972	4
0.972	4
0.972	4
0.972	3
0.972	2
0.972	1
0.972	1
0.973	5
0.973	6
0.973	4
0.973	3
0.973	6
0.973	6
0.973	4
0.973	4
0.973	6
0.973	6
0.973	5
0.973	3
0.973	3
0.973	3
0.973	4
0.973	4
0.973	4
0.973	4
0.973	1
0.973	2
0.973	3
0.973	2
0.973	2
0.973	4
0.973	5
0.973	5
0.973	3
0.973	3
0.973	2
0.973	5
0.973	2
0.973	1
0.973	3
0.973	2
0.973	3
0.973	3
0.973	4
0.973	3
0.973	4
0.973	3
0.973	3
0.973	4
0.973	4
0.973	2
0.973	2
0.973	2
0.973	3
0.973	1
0.974	5
0.974	6
0.974	6
0.974	5
0.974	4
0.974	4
0.974	4
0.974	6
0.974	3
0.974	5
0.974	5
0.974	5
0.974	4
0.974	3
0.974	4
0.974	2
0.974	2
0.974	3
0.974	7
0.974	7
0.974	6
0.974	2
0.974	5
0.974	2
0.974	4
0.974	3
0.974	2
0.974	2
0.974	7
0.974	1
0.974	1
0.974	3
0.974	4
0.974	4
0.974	3
0.974	4
0.974	3
0.974	2
0.974	3
0.974	4
0.975	5
0.975	5
0.975	5
0.975	6
0.975	6
0.975	6
0.975	6
0.975	6
0.975	6
0.975	6
0.975	5
0.975	5
0.975	5
0.975	2
0.975	3
0.975	4
0.975	1
0.975	5
0.975	4
0.975	2
0.975	2
0.975	3
0.975	3
0.975	4
0.975	3
0.975	4
0.975	1
0.975	3
0.975	3
0.975	4
0.975	3
0.975	4
0.975	1
0.975	3
0.975	4
0.975	4
0.975	3
0.975	3
0.975	3
0.975	3
0.975	4
0.975	4
0.975	3
0.975	1
0.975	6
0.976	5
0.976	5
0.976	4
0.976	6
0.976	6
0.976	4
0.976	4
0.976	3
0.976	6
0.976	5
0.976	5
0.976	5
0.976	4
0.976	2
0.976	3
0.976	3
0.976	3
0.976	3
0.976	2
0.976	4
0.976	5
0.976	2
0.976	2
0.976	3
0.976	4
0.976	3
0.976	3
0.976	3
0.976	3
0.976	4
0.976	5
0.976	4
0.976	3
0.976	7
0.976	1
0.976	1
0.976	3
0.976	1
0.977	5
0.977	4
0.977	4
0.977	4
0.977	4
0.977	4
0.977	4
0.977	6
0.977	5
0.977	4
0.977	4
0.977	2
0.977	2
0.977	3
0.977	2
0.977	3
0.977	2
0.977	3
0.977	2
0.977	4
0.977	4
0.977	4
0.977	4
0.977	1
0.977	3
0.977	3
0.977	3
0.977	3
0.977	7
0.977	1
0.977	1
0.977	2
0.977	3
0.977	1
0.978	5
0.978	5
0.978	6
0.978	5
0.978	6
0.978	3
0.978	3
0.978	6
0.978	6
0.978	3
0.978	5
0.978	3
0.978	5
0.978	5
0.978	5
0.978	4
0.978	4
0.978	1
0.978	5
0.978	4
0.978	4
0.978	5
0.978	3
0.978	3
0.978	2
0.978	4
0.978	1
0.978	3
0.978	2
0.978	3
0.978	3
0.978	3
0.978	3
0.978	3
0.978	4
0.978	5
0.978	4
0.978	3
0.978	4
0.978	3
0.979	5
0.979	5
0.979	5
0.979	6
0.979	6
0.979	6
0.979	6
0.979	6
0.979	6
0.979	6
0.979	6
0.979	6
0.979	6
0.979	6
0.979	6
0.979	3
0.979	2
0.979	6
0.979	3
0.979	4
0.979	2
0.979	4
0.979	6
0.979	3
0.979	3
0.979	3
0.979	2
0.979	5
0.979	2
0.979	3
0.979	4
0.979	4
0.979	4
0.979	1
0.979	1
0.979	3
0.979	3
0.979	3
0.979	4
0.979	5
0.979	4
0.979	3
0.979	2
0.979	2
0.979	2
0.979	2
0.979	3
0.979	1
0.979	1
0.979	4
0.979	6
0.979	6
0.98	5
0.98	5
0.98	5
0.98	5
0.98	5
0.98	3
0.98	3
0.98	4
0.98	3
0.98	6
0.98	6
0.98	3
0.98	5
0.98	5
0.98	5
0.98	5
0.98	4
0.98	4
0.98	4
0.98	2
0.98	2
0.98	3
0.98	3
0.98	4
0.98	3
0.98	2
0.98	1
0.98	3
0.98	4
0.98	3
0.98	3
0.98	3
0.98	4
0.98	4
0.98	2
0.98	2
0.98	3
0.98	3
0.98	3
0.98	4
0.98	4
0.98	4
0.98	4
0.98	3
0.98	2
0.981	6
0.981	4
0.981	4
0.981	4
0.981	4
0.981	6
0.981	6
0.981	3
0.981	6
0.981	6
0.981	2
0.981	2
0.981	4
0.981	4
0.981	3
0.981	1
0.981	5
0.981	5
0.981	2
0.981	5
0.981	5
0.981	3
0.981	3
0.981	4
0.981	5
0.981	2
0.981	4
0.981	4
0.981	3
0.981	4
0.981	4
0.981	1
0.981	3
0.981	3
0.981	1
0.981	1
0.981	1
0.982	5
0.982	6
0.982	6
0.982	6
0.982	3
0.982	5
0.982	3
0.982	5
0.982	5
0.982	3
0.982	4
0.982	4
0.982	2
0.982	2
0.982	7
0.982	2
0.982	3
0.982	6
0.982	5
0.982	3
0.982	3
0.982	3
0.982	2
0.982	2
0.982	3
0.982	4
0.982	3
0.982	3
0.982	2
0.982	2
0.982	3
0.982	4
0.982	4
0.982	3
0.982	4
0.982	4
0.983	5
0.983	3
0.983	3
0.983	6
0.983	6
0.983	6
0.983	4
0.983	4
0.983	6
0.983	5
0.983	2
0.983	4
0.983	4
0.983	4
0.983	4
0.983	4
0.983	2
0.983	2
0.983	2
0.983	2
0.983	2
0.983	3
0.983	4
0.983	6
0.983	2
0.983	4
0.983	4
0.983	4
0.983	3
0.983	3
0.983	3
0.983	2
0.983	1
0.983	2
0.983	2
0.983	3
0.983	2
0.983	2
0.983	2
0.983	3
0.983	1
0.983	3
0.983	4
0.983	4
0.983	6
0.984	5
0.984	5
0.984	4
0.984	4
0.984	6
0.984	3
0.984	5
0.984	6
0.984	3
0.984	3
0.984	3
0.984	6
0.984	3
0.984	1
0.984	1
0.984	3
0.984	4
0.984	4
0.984	5
0.984	3
0.984	3
0.984	3
0.984	2
0.984	1
0.984	3
0.984	2
0.984	3
0.984	4
0.984	4
0.984	3
0.984	3
0.984	4
0.984	3
0.984	1
0.984	7
0.984	1
0.984	1
0.984	3
0.984	4
0.984	4
0.984	3
0.984	4
0.984	3
0.984	2
0.984	1
0.985	5
0.985	5
0.985	5
0.985	5
0.985	3
0.985	4
0.985	4
0.985	5
0.985	6
0.985	5
0.985	4
0.985	2
0.985	3
0.985	6
0.985	3
0.985	2
0.985	5
0.985	3
0.985	4
0.985	4
0.985	4
0.985	4
0.985	3
0.985	2
0.985	3
0.985	3
0.985	2
0.985	1
0.985	1
0.985	1
0.985	6
0.986	3
0.986	3
0.986	4
0.986	6
0.986	6
0.986	6
0.986	3
0.986	3
0.986	3
0.986	5
0.986	5
0.986	3
0.986	5
0.986	6
0.986	4
0.986	4
0.986	4
0.986	4
0.986	2
0.986	5
0.986	2
0.986	3
0.986	4
0.986	3
0.986	1
0.986	3
0.986	2
0.986	2
0.986	3
0.986	3
0.986	2
0.986	4
0.986	3
0.986	2
0.986	3
0.986	4
0.986	5
0.986	4
0.986	3
0.986	7
0.986	1
0.986	1
0.986	4
0.986	3
0.986	6
0.987	5
0.987	5
0.987	4
0.987	4
0.987	6
0.987	4
0.987	4
0.987	6
0.987	5
0.987	5
0.987	5
0.987	5
0.987	3
0.987	4
0.987	3
0.987	7
0.987	4
0.987	5
0.987	3
0.987	3
0.987	4
0.987	5
0.987	3
0.987	4
0.987	3
0.987	4
0.987	3
0.987	3
0.987	3
0.987	3
0.987	4
0.987	1
0.987	6
0.987	6
0.988	5
0.988	5
0.988	5
0.988	5
0.988	6
0.988	6
0.988	6
0.988	3
0.988	5
0.988	5
0.988	5
0.988	4
0.988	4
0.988	3
0.988	2
0.988	3
0.988	4
0.988	2
0.988	3
0.988	6
0.988	3
0.988	2
0.988	1
0.988	1
0.988	3
0.988	3
0.988	2
0.988	3
0.988	3
0.988	4
0.988	5
0.988	4
0.988	3
0.988	4
0.988	4
0.988	2
0.988	2
0.988	2
0.988	3
0.988	1
0.988	1
0.988	1
0.988	1
0.989	6
0.989	6
0.989	4
0.989	3
0.989	6
0.989	6
0.989	4
0.989	4
0.989	6
0.989	6
0.989	6
0.989	5
0.989	5
0.989	3
0.989	4
0.989	6
0.989	4
0.989	4
0.989	4
0.989	4
0.989	4
0.989	5
0.989	3
0.989	2
0.989	5
0.989	4
0.989	5
0.989	3
0.989	2
0.989	4
0.989	5
0.989	5
0.989	3
0.989	3
0.989	3
0.989	4
0.989	3
0.989	2
0.989	3
0.989	3
0.989	2
0.989	4
0.989	3
0.989	2
0.989	1
0.989	4
0.989	1
0.989	1
0.99	5
0.99	5
0.99	5
0.99	4
0.99	5
0.99	3
0.99	3
0.99	3
0.99	4
0.99	6
0.99	6
0.99	6
0.99	5
0.99	6
0.99	6
0.99	3
0.99	3
0.99	5
0.99	2
0.99	5
0.99	3
0.99	3
0.99	2
0.99	7
0.99	2
0.99	5
0.99	4
0.99	6
0.99	3
0.99	3
0.99	2
0.99	4
0.99	3
0.99	2
0.99	2
0.99	3
0.99	3
0.99	4
0.99	4
0.99	3
0.99	4
0.99	3
0.99	3
0.99	4
0.991	5
0.991	5
0.991	6
0.991	5
0.991	5
0.991	5
0.991	6
0.991	6
0.991	5
0.991	4
0.991	2
0.991	2
0.991	4
0.991	2
0.991	3
0.991	7
0.991	2
0.991	3
0.991	4
0.991	3
0.991	2
0.991	4
0.991	4
0.991	4
0.991	1
0.991	3
0.991	1
0.991	3
0.991	3
0.991	1
0.991	4
0.991	4
0.992	6
0.992	6
0.992	6
0.992	6
0.992	3
0.992	5
0.992	3
0.992	4
0.992	6
0.992	4
0.992	4
0.992	1
0.992	3
0.992	2
0.992	3
0.992	2
0.992	5
0.992	3
0.992	3
0.992	3
0.992	2
0.992	2
0.992	3
0.992	4
0.992	3
0.992	3
0.992	2
0.992	2
0.992	7
0.992	1
0.992	1
0.992	4
0.992	4
0.992	2
0.992	2
0.992	2
0.992	2
0.992	2
0.992	2
0.992	3
0.992	3
0.992	1
0.992	1
0.992	1
0.992	1
0.992	6
0.993	5
0.993	5
0.993	5
0.993	4
0.993	6
0.993	3
0.993	3
0.993	3
0.993	7
0.993	4
0.993	2
0.993	3
0.993	5
0.993	3
0.993	3
0.993	2
0.993	2
0.993	4
0.993	4
0.993	1
0.993	3
0.993	2
0.993	1
0.993	4
0.993	4
0.993	3
0.993	3
0.993	2
0.993	2
0.993	3
0.993	1
0.993	1
0.994	6
0.994	5
0.994	5
0.994	5
0.994	5
0.994	3
0.994	6
0.994	6
0.994	6
0.994	6
0.994	6
0.994	5
0.994	5
0.994	5
0.994	5
0.994	5
0.994	4
0.994	2
0.994	3
0.994	6
0.994	3
0.994	3
0.994	3
0.994	4
0.994	4
0.994	1
0.994	4
0.994	3
0.994	3
0.994	4
0.994	5
0.994	4
0.994	3
0.994	3
0.994	4
0.994	4
0.994	3
0.994	2
0.994	3
0.994	1
0.994	3
0.994	1
0.994	6
0.995	5
0.995	5
0.995	5
0.995	5
0.995	5
0.995	6
0.995	6
0.995	5
0.995	5
0.995	5
0.995	6
0.995	7
0.995	6
0.995	3
0.995	2
0.995	5
0.995	3
0.995	4
0.995	6
0.995	6
0.995	2
0.995	4
0.995	3
0.995	2
0.995	5
0.995	4
0.995	4
0.995	5
0.995	3
0.995	3
0.995	3
0.995	3
0.995	4
0.995	3
0.995	4
0.995	3
0.995	2
0.995	3
0.995	3
0.995	3
0.995	4
0.995	1
0.995	3
0.995	3
0.996	5
0.996	5
0.996	3
0.996	3
0.996	5
0.996	6
0.996	3
0.996	5
0.996	5
0.996	5
0.996	5
0.996	4
0.996	4
0.996	2
0.996	2
0.996	3
0.996	7
0.996	6
0.996	4
0.996	3
0.996	4
0.996	2
0.996	4
0.996	3
0.996	7
0.996	1
0.996	1
0.996	2
0.996	2
0.996	2
0.996	3
0.996	1
0.996	3
0.996	1
0.996	1
0.996	4
0.996	1
0.997	5
0.997	6
0.997	3
0.997	5
0.997	2
0.997	5
0.997	5
0.997	4
0.997	4
0.997	1
0.997	5
0.997	4
0.997	4
0.997	2
0.997	3
0.997	2
0.997	5
0.997	2
0.997	3
0.997	4
0.997	5
0.997	5
0.997	3
0.997	3
0.997	4
0.997	4
0.997	3
0.997	4
0.997	3
0.997	4
0.997	4
0.997	4
0.997	3
0.997	2
0.997	3
0.998	5
0.998	5
0.998	5
0.998	5
0.998	6
0.998	5
0.998	3
0.998	3
0.998	5
0.998	6
0.998	6
0.998	5
0.998	3
0.998	5
0.998	4
0.998	4
0.998	4
0.998	4
0.998	3
0.998	2
0.998	5
0.998	3
0.998	7
0.998	6
0.998	6
0.998	2
0.998	3
0.998	4
0.998	3
0.998	3
0.998	2
0.998	2
0.998	2
0.998	3
0.998	4
0.998	5
0.998	4
0.998	3
0.998	2
0.998	2
0.998	2
0.998	2
0.998	2
0.998	3
0.998	1
0.998	3
0.998	3
0.998	1
0.998	4
0.999	5
0.999	6
0.999	6
0.999	6
0.999	5
0.999	3
0.999	7
0.999	7
0.999	7
0.999	6
0.999	3
0.999	5
0.999	5
0.999	4
0.999	2
0.999	2
0.999	2
0.999	4
0.999	2
0.999	3
0.999	4
0.999	2
0.999	4
0.999	4
0.999	4
0.999	4
0.999	4
0.999	4
0.999	3
0.999	3
0.999	4
0.999	3
0.999	1
0.999	3
0.999	3
0.999	3
0.999	4
0.999	4
0.999	3
0.999	4
0.999	4
0.999	4
0.999	3
0.999	2
0.999	2
0.999	2
0.999	2
0.999	3
0.999	1
1.0	5
1.0	5
1.0	5
1.0	5
1.0	5
1.0	5
1.0	5
1.0	5
1.0	6
1.0	6
1.0	6
1.0	6
1.0	6
1.0	3
1.0	2
1.0	4
1.0	2
1.0	4
1.0	2
1.0	2
1.0	5
1.0	4
1.0	3
1.0	1
1.0	3
1.0	2
1.0	3
1.0	4
1.0	4
1.0	3
1.0	3
1.0	3
1.0	4
1.0	3
1.0	2
1.0	2
1.0	2
1.0	2
1.0	2
1.0	2
1.0	2
1.0	3
1.0	3
1.0	1
1.0	1
1.0	3
1.0	1
1.001	5
1.001	5
1.001	5
1.001	5
1.001	5
1.001	5
1.001	6
1.001	5
1.001	6
1.001	3
1.001	5
1.001	5
1.001	4
1.001	2
1.001	2
1.001	2
1.001	5
1.001	4
1.001	2
1.001	2
1.001	4
1.001	4
1.001	5
1.001	3
1.001	2
1.001	3
1.001	4
1.001	1
1.001	3
1.001	3
1.001	2
1.001	7
1.001	1
1.001	1
1.001	4
1.001	4
1.001	4
1.001	4
1.001	4
1.001	4
1.001	3
1.001	3
1.001	2
1.001	2
1.001	1
1.002	5
1.002	3
1.002	3
1.002	3
1.002	3
1.002	5
1.002	5
1.002	6
1.002	6
1.002	5
1.002	5
1.002	5
1.002	4
1.002	4
1.002	4
1.002	2
1.002	2
1.002	4
1.002	4
1.002	7
1.002	1
1.002	3
1.002	3
1.002	4
1.002	4
1.002	2
1.002	2
1.002	2
1.002	3
1.003	6
1.003	5
1.003	5
1.003	4
1.003	6
1.003	3
1.003	2
1.003	6
1.003	3
1.003	2
1.003	5
1.003	2
1.003	3
1.003	2
1.003	5
1.003	4
1.003	4
1.003	4
1.003	5
1.003	3
1.003	1
1.003	3
1.003	4
1.003	4
1.003	1
1.003	1
1.003	3
1.003	4
1.003	5
1.003	4
1.003	3
1.003	3
1.003	3
1.003	4
1.003	4
1.003	4
1.003	4
1.003	3
1.003	3
1.003	4
1.003	3
1.003	1
1.004	5
1.004	5
1.004	5
1.004	5
1.004	6
1.004	6
1.004	3
1.004	5
1.004	4
1.004	2
1.004	4
1.004	3
1.004	7
1.004	3
1.004	2
1.004	5
1.004	3
1.004	3
1.004	4
1.004	2
1.004	3
1.004	3
1.004	3
1.004	3
1.004	3
1.004	2
1.004	6
1.005	5
1.005	5
1.005	5
1.005	5
1.005	5
1.005	5
1.005	6
1.005	6
1.005	6
1.005	6
1.005	6
1.005	6
1.005	6
1.005	3
1.005	5
1.005	6
1.005	5
1.005	5
1.005	5
1.005	5
1.005	5
1.005	4
1.005	4
1.005	4
1.005	4
1.005	4
1.005	2
1.005	2
1.005	5
1.005	2
1.005	3
1.005	2
1.005	2
1.005	5
1.005	5
1.005	2
1.005	4
1.005	3
1.005	4
1.005	4
1.005	3
1.005	3
1.005	2
1.005	3
1.005	7
1.005	7
1.005	1
1.005	1
1.005	1
1.005	1
1.005	4
1.005	4
1.005	4
1.005	2
1.005	2
1.005	2
1.005	2
1.005	3
1.005	1
1.005	3
1.006	5
1.006	5
1.006	5
1.006	5
1.006	5
1.006	6
1.006	3
1.006	3
1.006	2
1.006	2
1.006	4
1.006	4
1.006	3
1.006	4
1.006	4
1.006	2
1.006	2
1.006	4
1.006	3
1.006	7
1.006	7
1.006	3
1.006	3
1.006	2
1.006	4
1.006	4
1.006	3
1.006	4
1.006	4
1.006	2
1.006	2
1.006	4
1.006	3
1.006	2
1.006	1
1.007	6
1.007	5
1.007	4
1.007	4
1.007	4
1.007	4
1.007	6
1.007	6
1.007	3
1.007	3
1.007	6
1.007	5
1.007	3
1.007	4
1.007	4
1.007	2
1.007	2
1.007	2
1.007	2
1.007	3
1.007	3
1.007	3
1.007	2
1.007	3
1.007	2
1.007	4
1.007	4
1.007	3
1.007	3
1.007	2
1.007	2
1.007	3
1.007	3
1.007	4
1.007	4
1.007	5
1.007	5
1.007	4
1.007	4
1.007	3
1.007	3
1.007	3
1.007	4
1.007	4
1.007	3
1.007	4
1.007	4
1.007	4
1.007	4
1.007	2
1.007	2
1.007	2
1.007	3
1.007	1
1.008	5
1.008	6
1.008	7
1.008	5
1.008	5
1.008	6
1.008	4
1.008	4
1.008	4
1.008	2
1.008	4
1.008	4
1.008	3
1.008	3
1.008	3
1.008	2
1.008	2
1.008	3
1.008	4
1.008	3
1.008	2
1.008	1
1.008	3
1.008	3
1.008	3
1.008	3
1.008	3
1.008	4
1.008	4
1.008	4
1.008	3
1.008	2
1.008	4
1.009	5
1.009	5
1.009	5
1.009	6
1.009	7
1.009	6
1.009	6
1.009	3
1.009	6
1.009	6
1.009	6
1.009	3
1.009	3
1.009	3
1.009	5
1.009	4
1.009	3
1.009	5
1.009	5
1.009	3
1.009	3
1.009	3
1.009	4
1.009	4
1.009	4
1.009	1
1.009	4
1.009	3
1.009	3
1.009	3
1.009	3
1.009	7
1.009	1
1.009	1
1.009	3
1.009	4
1.009	4
1.009	3
1.009	4
1.009	4
1.009	4
1.009	4
1.01	7
1.01	5
1.01	5
1.01	5
1.01	6
1.01	5
1.01	6
1.01	4
1.01	2
1.01	4
1.01	4
1.01	4
1.01	6
1.01	3
1.01	1
1.01	3
1.01	2
1.01	3
1.01	3
1.01	4
1.01	3
1.01	2
1.01	3
1.01	3
1.01	4
1.01	4
1.01	3
1.01	1
1.011	5
1.011	5
1.011	5
1.011	5
1.011	6
1.011	4
1.011	4
1.011	4
1.011	3
1.011	4
1.011	4
1.011	6
1.011	4
1.011	4
1.011	4
1.011	4
1.011	2
1.011	2
1.011	5
1.011	4
1.011	5
1.011	3
1.011	5
1.011	3
1.011	4
1.011	3
1.011	4
1.011	2
1.011	2
1.011	2
1.011	2
1.011	3
1.011	4
1.011	5
1.011	4
1.011	3
1.011	7
1.011	1
1.011	1
1.011	3
1.011	3
1.011	3
1.011	4
1.011	4
1.011	4
1.011	4
1.011	3
1.011	4
1.011	2
1.012	5
1.012	3
1.012	5
1.012	5
1.012	5
1.012	6
1.012	3
1.012	6
1.012	3
1.012	4
1.012	2
1.012	2
1.012	4
1.012	4
1.012	6
1.012	5
1.012	3
1.012	1
1.012	3
1.012	1
1.012	1
1.012	3
1.012	3
1.012	7
1.012	1
1.012	1
1.012	3
1.012	3
1.012	4
1.012	3
1.013	5
1.013	5
1.013	6
1.013	6
1.013	6
1.013	3
1.013	6
1.013	6
1.013	5
1.013	5
1.013	5
1.013	5
1.013	6
1.013	4
1.013	4
1.013	4
1.013	2
1.013	2
1.013	5
1.013	5
1.013	2
1.013	4
1.013	4
1.013	6
1.013	4
1.013	5
1.013	3
1.013	3
1.013	4
1.013	1
1.013	2
1.013	3
1.013	3
1.013	3
1.013	3
1.013	4
1.013	5
1.013	4
1.013	3
1.013	7
1.013	7
1.013	1
1.013	1
1.013	1
1.013	1
1.013	2
1.013	1
1.014	5
1.014	5
1.014	6
1.014	7
1.014	5
1.014	6
1.014	6
1.014	2
1.014	5
1.014	4
1.014	4
1.014	6
1.014	6
1.014	4
1.014	3
1.014	2
1.014	2
1.014	2
1.014	4
1.014	3
1.014	2
1.014	4
1.014	3
1.014	3
1.014	4
1.014	4
1.014	3
1.014	3
1.014	3
1.014	2
1.014	2
1.014	3
1.014	3
1.014	3
1.014	4
1.014	5
1.014	4
1.014	3
1.014	4
1.014	4
1.014	4
1.015	6
1.015	6
1.015	6
1.015	5
1.015	6
1.015	6
1.015	3
1.015	3
1.015	4
1.015	4
1.015	4
1.015	4
1.015	2
1.015	2
1.015	2
1.015	2
1.015	4
1.015	2
1.015	4
1.015	2
1.015	4
1.015	4
1.015	4
1.015	4
1.015	4
1.015	4
1.015	2
1.015	2
1.015	3
1.015	3
1.015	3
1.015	3
1.015	3
1.015	4
1.015	4
1.015	5
1.015	5
1.015	4
1.015	4
1.015	4
1.015	4
1.015	3
1.016	3
1.016	4
1.016	6
1.016	6
1.016	3
1.016	6
1.016	6
1.016	6
1.016	6
1.016	6
1.016	4
1.016	4
1.016	2
1.016	2
1.016	2
1.016	4
1.016	3
1.016	3
1.016	2
1.016	2
1.016	3
1.016	3
1.016	1
1.016	3
1.016	3
1.016	3
1.016	3
1.016	3
1.016	3
1.016	4
1.016	4
1.016	4
1.016	4
1.016	4
1.017	5
1.017	5
1.017	4
1.017	3
1.017	6
1.017	5
1.017	3
1.017	5
1.017	4
1.017	4
1.017	6
1.017	4
1.017	4
1.017	2
1.017	5
1.017	4
1.017	3
1.017	2
1.017	3
1.017	2
1.017	2
1.017	3
1.017	2
1.017	2
1.017	3
1.017	3
1.017	3
1.017	2
1.017	2
1.017	2
1.017	3
1.017	1
1.018	4
1.018	7
1.018	5
1.018	5
1.018	5
1.018	5
1.018	3
1.018	4
1.018	7
1.018	4
1.018	3
1.018	1
1.018	3
1.018	4
1.018	3
1.018	4
1.018	1
1.018	4
1.018	4
1.018	3
1.018	3
1.018	3
1.018	2
1.018	1
1.018	2
1.018	2
1.018	7
1.018	1
1.018	1
1.018	3
1.018	4
1.018	4
1.018	4
1.018	4
1.018	3
1.018	2
1.018	6
1.019	6
1.019	6
1.019	2
1.019	6
1.019	6
1.019	4
1.019	4
1.019	2
1.019	3
1.019	2
1.019	5
1.019	5
1.019	3
1.019	3
1.019	5
1.019	3
1.019	4
1.019	4
1.019	3
1.019	4
1.019	4
1.019	3
1.019	1
1.019	2
1.019	2
1.019	2
1.019	2
1.019	3
1.02	5
1.02	3
1.02	3
1.02	3
1.02	4
1.02	6
1.02	7
1.02	7
1.02	5
1.02	4
1.02	4
1.02	4
1.02	3
1.02	4
1.02	4
1.02	3
1.02	7
1.02	2
1.02	5
1.02	6
1.02	2
1.02	3
1.02	4
1.02	3
1.02	4
1.02	3
1.02	2
1.02	3
1.02	1
1.02	1
1.02	3
1.02	4
1.02	5
1.02	4
1.02	4
1.02	7
1.02	1
1.02	1
1.02	1
1.02	6
1.021	5
1.021	4
1.021	3
1.021	5
1.021	6
1.021	3
1.021	5
1.021	5
1.021	5
1.021	5
1.021	5
1.021	6
1.021	4
1.021	4
1.021	4
1.021	4
1.021	2
1.021	3
1.021	7
1.021	4
1.021	5
1.021	3
1.021	4
1.021	3
1.021	4
1.021	3
1.021	2
1.021	3
1.021	3
1.021	3
1.021	3
1.022	6
1.022	4
1.022	4
1.022	7
1.022	5
1.022	6
1.022	6
1.022	3
1.022	2
1.022	5
1.022	5
1.022	4
1.022	4
1.022	4
1.022	3
1.022	3
1.022	4
1.022	3
1.022	2
1.022	3
1.022	6
1.022	3
1.022	2
1.022	1
1.022	3
1.022	3
1.022	4
1.022	4
1.022	1
1.022	1
1.022	4
1.022	3
1.022	4
1.022	3
1.022	3
1.022	2
1.022	2
1.022	3
1.022	3
1.022	4
1.022	5
1.022	4
1.022	4
1.022	4
1.022	1
1.023	6
1.023	3
1.023	3
1.023	6
1.023	3
1.023	6
1.023	3
1.023	2
1.023	5
1.023	6
1.023	3
1.023	2
1.023	4
1.023	4
1.023	2
1.023	5
1.023	3
1.023	4
1.023	3
1.023	3
1.023	3
1.023	4
1.023	4
1.023	3
1.023	4
1.023	4
1.023	3
1.023	3
1.023	2
1.024	5
1.024	5
1.024	5
1.024	6
1.024	6
1.024	6
1.024	5
1.024	6
1.024	5
1.024	5
1.024	4
1.024	4
1.024	4
1.024	4
1.024	3
1.024	4
1.024	4
1.024	4
1.024	4
1.024	4
1.024	4
1.024	3
1.024	3
1.024	2
1.024	2
1.024	3
1.024	4
1.024	1
1.024	4
1.025	6
1.025	5
1.025	5
1.025	5
1.025	3
1.025	6
1.025	6
1.025	6
1.025	6
1.025	3
1.025	2
1.025	5
1.025	6
1.025	6
1.025	5
1.025	4
1.025	4
1.025	2
1.025	4
1.025	3
1.025	4
1.025	2
1.025	3
1.025	4
1.025	3
1.025	3
1.025	3
1.025	1
1.025	6
1.026	5
1.026	4
1.026	4
1.026	6
1.026	6
1.026	5
1.026	6
1.026	3
1.026	5
1.026	3
1.026	4
1.026	4
1.026	2
1.026	4
1.026	3
1.026	2
1.026	3
1.026	3
1.026	4
1.026	1
1.026	4
1.026	4
1.026	4
1.026	3
1.026	3
1.026	3
1.026	2
1.026	2
1.026	4
1.026	4
1.026	3
1.026	1
1.027	5
1.027	5
1.027	5
1.027	6
1.027	6
1.027	6
1.027	4
1.027	2
1.027	2
1.027	5
1.027	4
1.027	2
1.027	5
1.027	4
1.027	5
1.027	3
1.027	2
1.027	1
1.027	3
1.027	4
1.027	4
1.027	3
1.027	3
1.027	3
1.027	4
1.027	4
1.027	3
1.027	2
1.027	1
1.027	1
1.027	1
1.028	6
1.028	4
1.028	4
1.028	6
1.028	5
1.028	6
1.028	3
1.028	3
1.028	2
1.028	4
1.028	4
1.028	2
1.028	2
1.028	5
1.028	7
1.028	6
1.028	3
1.028	5
1.028	3
1.028	4
1.028	4
1.028	4
1.028	4
1.028	4
1.028	4
1.028	1
1.028	4
1.028	4
1.028	4
1.028	3
1.028	3
1.028	4
1.028	4
1.028	4
1.028	3
1.029	6
1.029	6
1.029	6
1.029	3
1.029	7
1.029	6
1.029	6
1.029	3
1.029	5
1.029	6
1.029	5
1.029	5
1.029	5
1.029	5
1.029	6
1.029	6
1.029	4
1.029	2
1.029	2
1.029	2
1.029	2
1.029	3
1.029	3
1.029	5
1.029	4
1.029	3
1.029	2
1.029	2
1.029	3
1.029	3
1.029	3
1.029	4
1.029	4
1.029	1
1.029	3
1.029	2
1.029	3
1.029	3
1.029	1
1.029	4
1.03	5
1.03	5
1.03	5
1.03	3
1.03	4
1.03	4
1.03	5
1.03	5
1.03	2
1.03	4
1.03	4
1.03	4
1.03	4
1.03	2
1.03	4
1.03	2
1.03	2
1.03	3
1.03	7
1.03	4
1.03	3
1.03	4
1.03	3
1.03	4
1.03	4
1.03	4
1.03	1
1.03	1
1.03	3
1.03	4
1.03	7
1.03	1
1.03	1
1.03	6
1.031	5
1.031	5
1.031	3
1.031	6
1.031	5
1.031	6
1.031	3
1.031	3
1.031	5
1.031	2
1.031	2
1.031	3
1.031	2
1.031	4
1.031	5
1.031	3
1.031	3
1.031	2
1.031	1
1.031	1
1.031	3
1.031	3
1.031	4
1.031	3
1.031	4
1.031	3
1.031	3
1.031	4
1.031	4
1.031	4
1.031	3
1.031	2
1.031	2
1.031	2
1.031	3
1.031	1
1.031	3
1.031	1
1.031	6
1.031	6
1.032	6
1.032	4
1.032	4
1.032	3
1.032	6
1.032	6
1.032	3
1.032	3
1.032	6
1.032	6
1.032	3
1.032	5
1.032	4
1.032	4
1.032	3
1.032	6
1.032	3
1.032	5
1.032	5
1.032	3
1.032	3
1.032	4
1.032	4
1.032	4
1.032	4
1.032	4
1.032	3
1.032	3
1.032	4
1.032	5
1.032	4
1.032	4
1.032	4
1.032	3
1.032	2
1.032	1
1.033	5
1.033	5
1.033	5
1.033	6
1.033	6
1.033	6
1.033	3
1.033	5
1.033	5
1.033	5
1.033	5
1.033	4
1.033	4
1.033	4
1.033	4
1.033	3
1.033	2
1.033	3
1.033	4
1.033	3
1.033	4
1.033	4
1.033	4
1.033	3
1.033	3
1.033	3
1.033	2
1.033	2
1.033	2
1.033	3
1.033	1
1.033	3
1.033	1
1.033	1
1.034	5
1.034	5
1.034	6
1.034	6
1.034	4
1.034	7
1.034	6
1.034	5
1.034	5
1.034	6
1.034	3
1.034	2
1.034	3
1.034	4
1.034	4
1.034	4
1.034	3
1.034	4
1.034	4
1.034	4
1.034	4
1.034	4
1.034	3
1.034	4
1.034	4
1.034	3
1.034	4
1.034	3
1.034	2
1.034	1
1.034	4
1.035	5
1.035	5
1.035	5
1.035	5
1.035	5
1.035	5
1.035	5
1.035	5
1.035	3
1.035	6
1.035	6
1.035	5
1.035	5
1.035	5
1.035	4
1.035	4
1.035	4
1.035	5
1.035	3
1.035	5
1.035	2
1.035	4
1.035	3
1.035	3
1.035	2
1.035	2
1.035	1
1.035	3
1.035	2
1.035	3
1.035	4
1.035	4
1.035	4
1.035	4
1.035	3
1.035	3
1.035	4
1.035	1
1.035	4
1.035	4
1.035	4
1.035	6
1.036	5
1.036	6
1.036	7
1.036	2
1.036	4
1.036	3
1.036	4
1.036	4
1.036	2
1.036	4
1.036	7
1.036	5
1.036	3
1.036	3
1.036	3
1.036	5
1.036	3
1.036	2
1.036	3
1.036	4
1.036	4
1.036	4
1.036	4
1.036	3
1.036	4
1.036	2
1.036	2
1.036	3
1.036	1
1.037	4
1.037	3
1.037	6
1.037	5
1.037	5
1.037	5
1.037	6
1.037	3
1.037	5
1.037	3
1.037	5
1.037	5
1.037	5
1.037	5
1.037	3
1.037	4
1.037	2
1.037	2
1.037	5
1.037	2
1.037	3
1.037	4
1.037	6
1.037	3
1.037	3
1.037	1
1.037	3
1.037	2
1.037	2
1.037	3
1.037	3
1.037	4
1.037	4
1.037	1
1.037	1
1.037	3
1.037	1
1.037	1
1.037	1
1.038	6
1.038	6
1.038	6
1.038	5
1.038	6
1.038	2
1.038	2
1.038	4
1.038	2
1.038	2
1.038	3
1.038	4
1.038	3
1.038	3
1.038	4
1.038	5
1.038	3
1.038	1
1.038	3
1.038	3
1.038	4
1.038	3
1.038	4
1.038	2
1.038	2
1.038	2
1.038	3
1.038	1
1.038	3
1.039	5
1.039	6
1.039	5
1.039	3
1.039	3
1.039	7
1.039	6
1.039	3
1.039	3
1.039	6
1.039	5
1.039	4
1.039	2
1.039	2
1.039	3
1.039	5
1.039	3
1.039	2
1.039	5
1.039	3
1.039	1
1.039	1
1.039	3
1.039	3
1.039	4
1.039	4
1.039	3
1.039	2
1.039	3
1.039	4
1.039	3
1.039	2
1.039	1
1.039	3
1.039	3
1.039	4
1.04	5
1.04	6
1.04	5
1.04	6
1.04	6
1.04	6
1.04	6
1.04	3
1.04	5
1.04	6
1.04	2
1.04	5
1.04	7
1.04	2
1.04	4
1.04	5
1.04	5
1.04	3
1.04	3
1.04	3
1.04	4
1.04	5
1.04	5
1.04	3
1.04	3
1.04	4
1.04	3
1.04	4
1.04	4
1.04	4
1.04	4
1.04	1
1.04	1
1.041	5
1.041	3
1.041	3
1.041	4
1.041	5
1.041	6
1.041	6
1.041	5
1.041	3
1.041	3
1.041	6
1.041	6
1.041	2
1.041	3
1.041	6
1.041	6
1.041	3
1.041	3
1.041	2
1.041	4
1.041	4
1.041	4
1.041	4
1.041	3
1.041	1
1.042	4
1.042	6
1.042	3
1.042	7
1.042	6
1.042	6
1.042	4
1.042	4
1.042	6
1.042	4
1.042	4
1.042	3
1.042	4
1.042	4
1.042	4
1.042	3
1.042	3
1.042	3
1.042	2
1.042	4
1.042	4
1.042	2
1.042	3
1.042	4
1.042	4
1.042	3
1.042	3
1.042	4
1.042	4
1.042	4
1.042	4
1.042	4
1.042	3
1.042	3
1.043	5
1.043	3
1.043	6
1.043	5
1.043	6
1.043	3
1.043	5
1.043	6
1.043	4
1.043	4
1.043	5
1.043	3
1.043	3
1.043	3
1.043	3
1.043	2
1.043	2
1.043	4
1.043	4
1.043	4
1.043	3
1.043	3
1.043	2
1.043	2
1.043	2
1.043	3
1.043	1
1.043	3
1.044	5
1.044	5
1.044	6
1.044	5
1.044	4
1.044	6
1.044	6
1.044	6
1.044	4
1.044	4
1.044	6
1.044	3
1.044	4
1.044	2
1.044	5
1.044	3
1.044	5
1.044	2
1.044	2
1.044	4
1.044	4
1.044	5
1.044	3
1.044	3
1.044	3
1.044	3
1.044	3
1.044	1
1.044	3
1.044	2
1.044	3
1.044	7
1.044	1
1.044	1
1.044	3
1.044	4
1.044	4
1.044	4
1.044	3
1.044	4
1.044	3
1.044	2
1.044	2
1.044	2
1.044	2
1.044	2
1.044	2
1.044	2
1.044	3
1.044	3
1.044	1
1.044	1
1.044	1
1.045	5
1.045	5
1.045	5
1.045	5
1.045	5
1.045	6
1.045	3
1.045	7
1.045	7
1.045	5
1.045	6
1.045	3
1.045	5
1.045	6
1.045	3
1.045	5
1.045	5
1.045	5
1.045	4
1.045	4
1.045	4
1.045	4
1.045	4
1.045	2
1.045	2
1.045	7
1.045	6
1.045	3
1.045	3
1.045	3
1.045	5
1.045	3
1.045	4
1.045	3
1.045	4
1.045	4
1.045	4
1.045	3
1.045	3
1.045	2
1.045	2
1.046	5
1.046	5
1.046	5
1.046	5
1.046	4
1.046	5
1.046	6
1.046	5
1.046	3
1.046	2
1.046	4
1.046	2
1.046	3
1.046	4
1.046	4
1.046	4
1.046	5
1.046	3
1.046	3
1.046	3
1.046	1
1.046	3
1.046	3
1.046	4
1.046	5
1.046	4
1.046	4
1.046	7
1.046	1
1.046	1
1.046	3
1.047	5
1.047	4
1.047	6
1.047	6
1.047	6
1.047	6
1.047	3
1.047	3
1.047	5
1.047	6
1.047	3
1.047	6
1.047	5
1.047	3
1.047	4
1.047	5
1.047	3
1.047	4
1.047	1
1.047	3
1.047	3
1.047	4
1.047	4
1.048	6
1.048	5
1.048	6
1.048	4
1.048	6
1.048	3
1.048	3
1.048	6
1.048	6
1.048	3
1.048	6
1.048	6
1.048	5
1.048	5
1.048	2
1.048	3
1.048	3
1.048	5
1.048	5
1.048	2
1.048	4
1.048	4
1.048	6
1.048	5
1.048	5
1.048	3
1.048	3
1.048	3
1.048	2
1.048	3
1.048	4
1.048	3
1.048	3
1.048	4
1.048	5
1.048	4
1.048	4
1.048	2
1.048	2
1.048	2
1.048	3
1.048	1
1.049	5
1.049	5
1.049	6
1.049	3
1.049	6
1.049	6
1.049	5
1.049	5
1.049	5
1.049	6
1.049	4
1.049	2
1.049	2
1.049	5
1.049	7
1.049	7
1.049	4
1.049	6
1.049	6
1.049	3
1.049	4
1.049	4
1.049	3
1.049	3
1.049	3
1.049	4
1.049	4
1.049	4
1.049	3
1.049	4
1.049	3
1.049	2
1.05	5
1.05	5
1.05	6
1.05	6
1.05	3
1.05	6
1.05	4
1.05	5
1.05	5
1.05	2
1.05	4
1.05	2
1.05	3
1.05	3
1.05	3
1.05	3
1.05	4
1.05	2
1.05	4
1.05	4
1.05	4
1.05	3
1.05	3
1.05	2
1.05	2
1.05	2
1.05	3
1.05	3
1.05	4
1.05	3
1.05	3
1.051	5
1.051	5
1.051	4
1.051	6
1.051	6
1.051	6
1.051	3
1.051	5
1.051	5
1.051	5
1.051	6
1.051	6
1.051	4
1.051	4
1.051	4
1.051	3
1.051	3
1.051	2
1.051	5
1.051	3
1.051	3
1.051	4
1.051	1
1.051	7
1.051	1
1.051	1
1.051	4
1.051	4
1.051	6
1.052	6
1.052	5
1.052	3
1.052	5
1.052	5
1.052	4
1.052	4
1.052	3
1.052	6
1.052	3
1.052	5
1.052	4
1.052	2
1.052	2
1.052	5
1.052	5
1.052	3
1.052	4
1.052	4
1.052	3
1.052	2
1.052	2
1.052	4
1.052	4
1.053	5
1.053	6
1.053	4
1.053	4
1.053	7
1.053	6
1.053	5
1.053	6
1.053	6
1.053	5
1.053	5
1.053	3
1.053	3
1.053	6
1.053	2
1.053	5
1.053	5
1.053	7
1.053	4
1.053	5
1.053	3
1.053	3
1.053	4
1.053	4
1.053	3
1.053	2
1.053	1
1.053	3
1.053	4
1.053	5
1.053	4
1.053	4
1.053	4
1.053	4
1.053	4
1.053	4
1.053	1
1.054	5
1.054	5
1.054	5
1.054	4
1.054	5
1.054	6
1.054	3
1.054	4
1.054	4
1.054	5
1.054	4
1.054	4
1.054	2
1.054	2
1.054	3
1.054	3
1.054	3
1.054	5
1.054	4
1.054	4
1.054	6
1.054	2
1.054	3
1.054	4
1.054	3
1.054	3
1.054	3
1.054	3
1.054	4
1.054	4
1.054	4
1.054	3
1.055	5
1.055	3
1.055	5
1.055	6
1.055	6
1.055	3
1.055	5
1.055	4
1.055	4
1.055	2
1.055	4
1.055	4
1.055	3
1.055	7
1.055	3
1.055	5
1.055	4
1.055	5
1.055	3
1.055	3
1.055	2
1.055	3
1.055	3
1.055	3
1.055	3
1.055	4
1.055	4
1.055	4
1.055	4
1.055	4
1.055	4
1.055	4
1.055	4
1.055	6
1.056	5
1.056	5
1.056	5
1.056	5
1.056	6
1.056	3
1.056	6
1.056	5
1.056	6
1.056	3
1.056	3
1.056	3
1.056	6
1.056	6
1.056	3
1.056	3
1.056	7
1.056	3
1.056	3
1.056	5
1.056	5
1.056	6
1.056	1
1.056	3
1.056	3
1.056	4
1.056	7
1.056	1
1.056	1
1.056	3
1.056	3
1.057	3
1.057	4
1.057	4
1.057	6
1.057	5
1.057	6
1.057	6
1.057	6
1.057	6
1.057	5
1.057	5
1.057	6
1.057	2
1.057	2
1.057	5
1.057	3
1.057	3
1.057	3
1.057	7
1.057	7
1.057	2
1.057	5
1.057	4
1.057	5
1.057	3
1.057	4
1.057	3
1.057	2
1.057	2
1.057	7
1.057	7
1.057	1
1.057	1
1.057	1
1.057	1
1.057	4
1.057	4
1.057	1
1.057	1
1.058	5
1.058	5
1.058	7
1.058	5
1.058	4
1.058	4
1.058	2
1.058	2
1.058	2
1.058	2
1.058	3
1.058	3
1.058	3
1.058	3
1.058	3
1.058	3
1.058	1
1.058	3
1.058	4
1.058	5
1.058	4
1.058	4
1.059	6
1.059	5
1.059	6
1.059	6
1.059	6
1.059	6
1.059	5
1.059	6
1.059	3
1.059	5
1.059	5
1.059	5
1.059	6
1.059	4
1.059	2
1.059	2
1.059	4
1.059	5
1.059	3
1.059	3
1.059	4
1.059	2
1.059	5
1.059	4
1.059	4
1.059	4
1.059	3
1.059	3
1.059	3
1.059	3
1.059	3
1.059	3
1.059	4
1.059	4
1.059	5
1.059	5
1.059	4
1.059	4
1.059	4
1.059	4
1.059	3
1.059	4
1.059	4
1.059	4
1.059	3
1.059	4
1.06	5
1.06	5
1.06	3
1.06	6
1.06	3
1.06	6
1.06	5
1.06	3
1.06	4
1.06	4
1.06	4
1.06	4
1.06	6
1.06	5
1.06	3
1.06	2
1.06	3
1.06	2
1.06	3
1.06	3
1.06	3
1.06	3
1.06	3
1.06	3
1.06	1
1.061	5
1.061	4
1.061	3
1.061	7
1.061	5
1.061	5
1.061	6
1.061	3
1.061	5
1.061	5
1.061	6
1.061	3
1.061	2
1.061	4
1.061	5
1.061	5
1.061	3
1.061	5
1.061	4
1.061	3
1.061	4
1.061	1
1.061	4
1.061	4
1.061	3
1.061	3
1.061	7
1.061	1
1.061	1
1.061	1
1.062	5
1.062	7
1.062	6
1.062	6
1.062	3
1.062	6
1.062	6
1.062	3
1.062	3
1.062	4
1.062	2
1.062	2
1.062	6
1.062	4
1.062	8
1.062	3
1.062	3
1.062	4
1.062	2
1.062	2
1.062	3
1.063	3
1.063	5
1.063	6
1.063	3
1.063	5
1.063	6
1.063	5
1.063	4
1.063	4
1.063	2
1.063	2
1.063	6
1.063	4
1.063	4
1.063	3
1.063	3
1.063	3
1.063	5
1.063	3
1.063	4
1.063	4
1.063	1
1.063	3
1.063	1
1.063	2
1.063	2
1.063	2
1.063	2
1.063	3
1.063	4
1.063	5
1.063	4
1.063	4
1.063	3
1.064	6
1.064	5
1.064	6
1.064	3
1.064	7
1.064	6
1.064	6
1.064	6
1.064	3
1.064	3
1.064	4
1.064	4
1.064	4
1.064	4
1.064	4
1.064	4
1.064	4
1.064	2
1.064	2
1.064	2
1.064	6
1.064	6
1.064	3
1.064	8
1.064	3
1.064	4
1.064	4
1.064	3
1.064	3
1.064	1
1.064	1
1.064	3
1.064	3
1.064	2
1.064	2
1.064	2
1.064	3
1.064	1
1.064	1
1.065	5
1.065	5
1.065	5
1.065	5
1.065	4
1.065	3
1.065	5
1.065	5
1.065	5
1.065	6
1.065	3
1.065	3
1.065	3
1.065	2
1.065	4
1.065	2
1.065	2
1.065	2
1.065	2
1.065	3
1.065	3
1.065	5
1.065	3
1.065	4
1.065	4
1.065	3
1.065	2
1.065	3
1.065	3
1.065	3
1.065	4
1.065	3
1.065	2
1.066	6
1.066	3
1.066	3
1.066	4
1.066	6
1.066	2
1.066	4
1.066	4
1.066	2
1.066	2
1.066	2
1.066	2
1.066	5
1.066	3
1.066	6
1.066	4
1.066	4
1.066	4
1.066	4
1.066	3
1.066	3
1.066	2
1.066	2
1.066	3
1.067	5
1.067	5
1.067	6
1.067	6
1.067	3
1.067	8
1.067	5
1.067	6
1.067	5
1.067	5
1.067	5
1.067	5
1.067	5
1.067	5
1.067	4
1.067	2
1.067	2
1.067	4
1.067	4
1.067	4
1.067	4
1.067	4
1.067	4
1.067	2
1.067	2
1.067	6
1.068	5
1.068	6
1.068	6
1.068	6
1.068	3
1.068	6
1.068	4
1.068	4
1.068	4
1.068	5
1.068	2
1.068	3
1.068	4
1.068	4
1.068	4
1.068	1
1.068	3
1.068	1
1.068	2
1.068	2
1.068	2
1.068	3
1.068	1
1.069	6
1.069	4
1.069	8
1.069	5
1.069	5
1.069	6
1.069	6
1.069	6
1.069	3
1.069	5
1.069	4
1.069	4
1.069	3
1.069	4
1.069	6
1.069	2
1.069	5
1.069	4
1.069	4
1.069	3
1.069	4
1.069	4
1.069	3
1.069	3
1.069	3
1.069	3
1.069	4
1.069	3
1.069	2
1.069	1
1.07	5
1.07	5
1.07	5
1.07	5
1.07	5
1.07	4
1.07	4
1.07	6
1.07	3
1.07	6
1.07	6
1.07	6
1.07	6
1.07	4
1.07	4
1.07	4
1.07	2
1.07	4
1.07	1
1.07	3
1.07	2
1.07	3
1.07	4
1.07	4
1.07	4
1.07	3
1.07	3
1.07	3
1.07	2
1.07	3
1.07	6
1.071	5
1.071	5
1.071	6
1.071	6
1.071	6
1.071	3
1.071	3
1.071	5
1.071	5
1.071	5
1.071	3
1.071	4
1.071	4
1.071	4
1.071	4
1.071	4
1.071	2
1.071	2
1.071	6
1.071	4
1.071	5
1.071	3
1.071	4
1.071	4
1.071	4
1.071	4
1.071	6
1.071	6
1.072	5
1.072	5
1.072	6
1.072	6
1.072	4
1.072	3
1.072	6
1.072	6
1.072	6
1.072	6
1.072	6
1.072	3
1.072	5
1.072	6
1.072	6
1.072	3
1.072	4
1.072	4
1.072	4
1.072	4
1.072	2
1.072	2
1.072	1
1.072	3
1.072	4
1.072	4
1.072	4
1.072	1
1.073	5
1.073	4
1.073	6
1.073	8
1.073	4
1.073	4
1.073	4
1.073	4
1.073	5
1.073	3
1.073	3
1.073	4
1.073	2
1.073	2
1.073	3
1.073	5
1.073	4
1.073	5
1.073	3
1.073	4
1.073	4
1.073	4
1.073	1
1.073	3
1.073	4
1.073	4
1.073	1
1.073	1
1.073	1
1.073	6
1.074	3
1.074	4
1.074	6
1.074	5
1.074	2
1.074	8
1.074	3
1.074	2
1.074	4
1.074	4
1.074	3
1.074	4
1.074	4
1.074	4
1.074	1
1.074	1
1.074	4
1.074	3
1.074	3
1.074	4
1.075	5
1.075	5
1.075	6
1.075	6
1.075	6
1.075	4
1.075	6
1.075	8
1.075	6
1.075	5
1.075	3
1.075	5
1.075	5
1.075	3
1.075	3
1.075	3
1.075	4
1.075	2
1.075	3
1.075	4
1.075	3
1.075	3
1.075	4
1.075	4
1.075	3
1.075	4
1.075	4
1.075	4
1.075	4
1.075	3
1.075	4
1.075	4
1.075	1
1.075	6
1.076	5
1.076	5
1.076	6
1.076	4
1.076	3
1.076	6
1.076	3
1.076	5
1.076	5
1.076	5
1.076	5
1.076	6
1.076	6
1.076	4
1.076	3
1.076	3
1.076	3
1.076	2
1.076	4
1.076	4
1.076	4
1.076	3
1.076	1
1.076	1
1.077	4
1.077	8
1.077	8
1.077	5
1.077	6
1.077	6
1.077	3
1.077	3
1.077	4
1.077	4
1.077	6
1.077	4
1.077	4
1.077	3
1.077	3
1.077	1
1.077	3
1.077	4
1.077	7
1.077	1
1.077	1
1.077	4
1.077	4
1.077	1
1.077	1
1.077	4
1.077	1
1.078	5
1.078	5
1.078	5
1.078	6
1.078	3
1.078	6
1.078	3
1.078	6
1.078	6
1.078	6
1.078	6
1.078	3
1.078	4
1.078	5
1.078	3
1.078	5
1.078	3
1.078	4
1.078	4
1.078	4
1.078	4
1.078	4
1.078	1
1.078	3
1.078	3
1.079	5
1.079	3
1.079	4
1.079	6
1.079	5
1.079	6
1.079	3
1.079	6
1.079	6
1.079	5
1.079	4
1.079	4
1.079	6
1.079	4
1.079	4
1.079	5
1.079	3
1.079	3
1.079	4
1.079	4
1.079	4
1.079	4
1.079	4
1.079	4
1.079	3
1.079	4
1.079	3
1.079	4
1.079	5
1.079	4
1.079	4
1.079	3
1.079	4
1.079	4
1.079	4
1.079	1
1.079	3
1.079	3
1.079	1
1.079	4
1.079	6
1.08	3
1.08	3
1.08	5
1.08	3
1.08	5
1.08	5
1.08	5
1.08	5
1.08	5
1.08	4
1.08	4
1.08	6
1.08	6
1.08	5
1.08	3
1.08	4
1.08	6
1.08	4
1.08	3
1.08	3
1.08	4
1.08	4
1.08	4
1.08	4
1.08	4
1.08	3
1.08	3
1.08	3
1.08	2
1.08	2
1.08	2
1.08	3
1.08	1
1.08	1
1.08	1
1.081	5
1.081	5
1.081	5
1.081	5
1.081	6
1.081	4
1.081	4
1.081	6
1.081	5
1.081	6
1.081	6
1.081	6
1.081	3
1.081	3
1.081	3
1.081	4
1.081	4
1.081	4
1.081	4
1.081	6
1.081	4
1.081	5
1.081	3
1.081	3
1.081	2
1.081	3
1.081	3
1.081	3
1.081	3
1.081	3
1.081	7
1.081	1
1.081	1
1.081	4
1.081	3
1.081	2
1.081	3
1.081	3
1.081	1
1.081	1
1.082	3
1.082	6
1.082	5
1.082	5
1.082	2
1.082	6
1.082	3
1.082	1
1.082	3
1.082	4
1.082	3
1.082	3
1.082	1
1.083	6
1.083	5
1.083	3
1.083	6
1.083	4
1.083	6
1.083	6
1.083	5
1.083	6
1.083	5
1.083	6
1.083	4
1.083	2
1.083	2
1.083	2
1.083	5
1.083	4
1.083	3
1.083	5
1.083	3
1.083	1
1.083	1
1.083	3
1.083	3
1.083	4
1.083	4
1.083	2
1.083	2
1.083	3
1.083	4
1.083	5
1.083	4
1.083	4
1.083	2
1.083	2
1.083	2
1.083	3
1.083	1
1.083	3
1.083	4
1.084	5
1.084	5
1.084	6
1.084	5
1.084	5
1.084	3
1.084	3
1.084	5
1.084	5
1.084	5
1.084	5
1.084	2
1.084	3
1.084	5
1.084	5
1.084	3
1.084	3
1.084	4
1.084	4
1.084	1
1.084	3
1.084	3
1.084	4
1.084	3
1.084	2
1.084	2
1.084	2
1.084	2
1.084	2
1.084	2
1.084	2
1.084	3
1.084	3
1.084	1
1.084	1
1.084	3
1.084	1
1.084	6
1.085	3
1.085	4
1.085	4
1.085	4
1.085	3
1.085	6
1.085	6
1.085	4
1.085	2
1.085	5
1.085	4
1.085	3
1.085	3
1.085	3
1.085	3
1.085	4
1.085	4
1.085	3
1.085	3
1.085	2
1.085	2
1.085	1
1.086	5
1.086	6
1.086	6
1.086	3
1.086	6
1.086	3
1.086	5
1.086	5
1.086	4
1.086	4
1.086	5
1.086	3
1.086	3
1.086	2
1.086	4
1.086	4
1.086	3
1.086	2
1.086	3
1.086	2
1.086	2
1.086	2
1.086	3
1.086	2
1.086	3
1.086	1
1.087	5
1.087	5
1.087	6
1.087	4
1.087	6
1.087	5
1.087	6
1.087	6
1.087	6
1.087	6
1.087	3
1.087	5
1.087	5
1.087	6
1.087	3
1.087	5
1.087	4
1.087	6
1.087	3
1.087	3
1.087	3
1.087	2
1.087	2
1.087	1
1.087	3
1.087	4
1.087	2
1.087	2
1.087	4
1.087	4
1.087	3
1.087	2
1.087	3
1.088	6
1.088	5
1.088	3
1.088	6
1.088	3
1.088	5
1.088	5
1.088	3
1.088	3
1.088	5
1.088	5
1.088	5
1.088	5
1.088	4
1.088	4
1.088	4
1.088	8
1.088	4
1.088	3
1.088	3
1.088	3
1.088	5
1.088	4
1.088	1
1.088	2
1.088	2
1.088	2
1.088	3
1.088	2
1.088	1
1.088	4
1.089	5
1.089	5
1.089	5
1.089	5
1.089	6
1.089	4
1.089	4
1.089	8
1.089	5
1.089	3
1.089	3
1.089	5
1.089	4
1.089	4
1.089	3
1.089	3
1.089	3
1.089	5
1.089	3
1.089	3
1.089	3
1.089	3
1.089	3
1.089	4
1.089	4
1.089	3
1.089	4
1.089	3
1.089	2
1.09	5
1.09	3
1.09	6
1.09	6
1.09	3
1.09	3
1.09	3
1.09	3
1.09	3
1.09	8
1.09	2
1.09	5
1.09	3
1.09	3
1.09	4
1.09	4
1.09	3
1.09	3
1.09	2
1.09	4
1.09	3
1.09	3
1.09	3
1.09	1
1.09	6
1.091	6
1.091	6
1.091	6
1.091	8
1.091	5
1.091	6
1.091	6
1.091	6
1.091	6
1.091	3
1.091	5
1.091	3
1.091	3
1.091	5
1.091	3
1.091	3
1.091	2
1.091	4
1.091	3
1.091	4
1.091	4
1.091	4
1.091	4
1.091	4
1.092	5
1.092	6
1.092	5
1.092	3
1.092	8
1.092	6
1.092	5
1.092	3
1.092	3
1.092	5
1.092	5
1.092	3
1.092	4
1.092	6
1.092	5
1.092	5
1.092	3
1.092	3
1.092	3
1.092	4
1.092	3
1.092	4
1.092	4
1.092	3
1.092	2
1.092	2
1.092	2
1.092	3
1.092	2
1.092	3
1.092	1
1.093	5
1.093	5
1.093	5
1.093	5
1.093	5
1.093	4
1.093	6
1.093	6
1.093	3
1.093	3
1.093	7
1.093	1
1.093	1
1.093	4
1.093	4
1.093	4
1.093	4
1.093	4
1.093	4
1.093	3
1.093	2
1.093	1
1.094	5
1.094	5
1.094	6
1.094	5
1.094	3
1.094	3
1.094	6
1.094	6
1.094	3
1.094	6
1.094	3
1.094	5
1.094	3
1.094	4
1.094	5
1.094	3
1.094	5
1.094	4
1.094	4
1.094	3
1.094	4
1.094	1
1.094	4
1.094	3
1.094	3
1.094	4
1.094	4
1.094	4
1.094	3
1.094	4
1.095	5
1.095	5
1.095	6
1.095	3
1.095	5
1.095	6
1.095	5
1.095	5
1.095	5
1.095	6
1.095	6
1.095	8
1.095	2
1.095	5
1.095	3
1.095	4
1.095	3
1.095	4
1.095	5
1.095	4
1.095	4
1.095	3
1.095	3
1.095	3
1.095	4
1.095	4
1.095	4
1.095	4
1.095	4
1.095	4
1.095	4
1.095	4
1.095	4
1.095	3
1.096	3
1.096	6
1.096	6
1.096	6
1.096	6
1.096	6
1.096	6
1.096	3
1.096	5
1.096	5
1.096	3
1.096	2
1.096	4
1.096	3
1.096	3
1.096	2
1.096	3
1.096	5
1.096	5
1.096	5
1.096	3
1.096	4
1.096	4
1.096	3
1.096	3
1.096	7
1.096	1
1.096	1
1.096	3
1.096	3
1.096	1
1.097	5
1.097	5
1.097	6
1.097	4
1.097	6
1.097	6
1.097	6
1.097	3
1.097	3
1.097	6
1.097	4
1.097	2
1.097	2
1.097	6
1.097	3
1.097	4
1.097	6
1.097	3
1.097	7
1.097	7
1.097	1
1.097	1
1.097	1
1.097	1
1.097	3
1.097	4
1.097	4
1.097	4
1.097	4
1.097	4
1.097	2
1.097	2
1.097	2
1.097	3
1.097	2
1.097	6
1.098	5
1.098	5
1.098	5
1.098	5
1.098	3
1.098	3
1.098	6
1.098	6
1.098	3
1.098	6
1.098	6
1.098	6
1.098	3
1.098	3
1.098	4
1.098	4
1.098	2
1.098	2
1.098	4
1.098	4
1.098	4
1.098	4
1.098	4
1.098	1
1.098	4
1.098	4
1.098	5
1.098	4
1.098	4
1.098	3
1.098	3
1.098	4
1.098	3
1.098	2
1.098	3
1.099	6
1.099	5
1.099	4
1.099	8
1.099	5
1.099	5
1.099	6
1.099	6
1.099	3
1.099	4
1.099	2
1.099	2
1.099	5
1.099	3
1.099	5
1.099	4
1.099	4
1.099	3
1.099	4
1.099	2
1.099	2
1.099	3
1.099	3
1.099	4
1.099	4
1.099	4
1.099	4
1.099	5
1.099	5
1.099	4
1.099	4
1.099	4
1.099	4
1.099	7
1.099	1
1.099	1
1.099	3
1.099	4
1.099	4
1.099	4
1.099	4
1.099	1
1.099	1
1.099	6
1.1	5
1.1	5
1.1	5
1.1	5
1.1	4
1.1	6
1.1	6
1.1	6
1.1	6
1.1	6
1.1	3
1.1	8
1.1	3
1.1	3
1.1	5
1.1	5
1.1	3
1.1	5
1.1	4
1.1	4
1.1	4
1.1	1
1.1	3
1.1	3
1.1	3
1.1	3
1.1	3
1.1	3
1.101	5
1.101	4
1.101	8
1.101	5
1.101	5
1.101	4
1.101	3
1.101	3
1.101	8
1.101	8
1.101	3
1.101	3
1.101	3
1.101	3
1.101	3
1.101	4
1.101	4
1.101	5
1.101	4
1.101	4
1.101	7
1.101	1
1.101	1
1.101	5
1.101	4
1.101	3
1.101	4
1.101	1
1.102	5
1.102	5
1.102	3
1.102	6
1.102	6
1.102	4
1.102	6
1.102	3
1.102	3
1.102	3
1.102	3
1.102	3
1.102	4
1.102	4
1.102	3
1.102	2
1.102	2
1.102	2
1.102	3
1.102	3
1.103	5
1.103	5
1.103	6
1.103	5
1.103	5
1.103	6
1.103	4
1.103	5
1.103	6
1.103	3
1.103	6
1.103	6
1.103	3
1.103	5
1.103	4
1.103	4
1.103	2
1.103	3
1.103	3
1.103	1
1.103	3
1.103	4
1.103	4
1.103	4
1.103	1
1.103	2
1.103	2
1.103	2
1.103	2
1.103	3
1.103	4
1.103	4
1.103	5
1.103	4
1.103	4
1.103	3
1.103	4
1.103	4
1.103	4
1.103	3
1.103	2
1.103	2
1.103	2
1.103	3
1.103	2
1.103	1
1.103	4
1.104	5
1.104	4
1.104	3
1.104	5
1.104	6
1.104	6
1.104	6
1.104	6
1.104	6
1.104	3
1.104	4
1.104	4
1.104	2
1.104	2
1.104	5
1.104	3
1.104	5
1.104	5
1.104	4
1.104	4
1.104	4
1.104	3
1.104	1
1.104	1
1.104	3
1.104	3
1.104	3
1.104	4
1.104	4
1.104	3
1.104	2
1.105	5
1.105	5
1.105	6
1.105	6
1.105	6
1.105	6
1.105	3
1.105	5
1.105	5
1.105	4
1.105	4
1.105	3
1.105	5
1.105	5
1.105	8
1.105	3
1.105	3
1.105	3
1.105	3
1.105	2
1.105	3
1.105	3
1.105	2
1.105	2
1.105	3
1.105	7
1.105	1
1.105	1
1.105	3
1.105	1
1.105	6
1.106	5
1.106	6
1.106	6
1.106	6
1.106	6
1.106	6
1.106	3
1.106	5
1.106	3
1.106	4
1.106	3
1.106	3
1.106	4
1.106	4
1.106	3
1.106	4
1.106	3
1.106	3
1.106	2
1.106	2
1.106	1
1.106	5
1.106	4
1.106	1
1.107	6
1.107	6
1.107	4
1.107	6
1.107	8
1.107	6
1.107	6
1.107	3
1.107	3
1.107	6
1.107	6
1.107	6
1.107	4
1.107	4
1.107	3
1.107	3
1.107	2
1.107	1
1.107	3
1.107	4
1.107	4
1.107	3
1.107	2
1.107	2
1.107	4
1.107	4
1.107	5
1.107	4
1.107	4
1.107	3
1.107	1
1.107	6
1.107	6
1.108	5
1.108	5
1.108	5
1.108	5
1.108	5
1.108	6
1.108	6
1.108	6
1.108	6
1.108	5
1.108	2
1.108	6
1.108	6
1.108	3
1.108	5
1.108	5
1.108	4
1.108	3
1.108	3
1.108	2
1.108	1
1.108	3
1.108	3
1.108	3
1.108	4
1.108	4
1.108	4
1.108	3
1.108	1
1.109	5
1.109	5
1.109	4
1.109	6
1.109	3
1.109	6
1.109	4
1.109	4
1.109	2
1.109	2
1.109	2
1.109	2
1.109	5
1.109	3
1.109	4
1.109	3
1.109	3
1.109	3
1.109	4
1.109	3
1.109	3
1.109	3
1.109	3
1.109	4
1.109	1
1.109	1
1.11	3
1.11	3
1.11	4
1.11	4
1.11	3
1.11	4
1.11	4
1.11	2
1.11	2
1.11	2
1.11	2
1.11	3
1.11	4
1.11	4
1.11	1
1.11	4
1.11	4
1.11	3
1.11	3
1.11	3
1.11	2
1.11	7
1.11	1
1.11	1
1.11	4
1.11	2
1.11	2
1.11	2
1.11	3
1.11	2
1.11	3
1.111	5
1.111	5
1.111	4
1.111	8
1.111	6
1.111	6
1.111	3
1.111	6
1.111	6
1.111	6
1.111	3
1.111	3
1.111	3
1.111	4
1.111	3
1.111	2
1.111	3
1.111	4
1.111	4
1.111	3
1.111	4
1.111	2
1.111	2
1.111	4
1.111	3
1.111	2
1.111	1
1.111	4
1.111	4
1.112	3
1.112	5
1.112	5
1.112	5
1.112	4
1.112	4
1.112	6
1.112	5
1.112	3
1.112	3
1.112	4
1.112	4
1.112	4
1.112	4
1.112	3
1.112	1
1.112	4
1.112	4
1.112	5
1.112	4
1.112	4
1.112	5
1.112	4
1.112	2
1.112	2
1.112	2
1.112	3
1.112	2
1.112	6
1.113	5
1.113	5
1.113	5
1.113	5
1.113	3
1.113	6
1.113	4
1.113	6
1.113	6
1.113	3
1.113	6
1.113	6
1.113	5
1.113	6
1.113	5
1.113	2
1.113	6
1.113	3
1.113	4
1.113	1
1.113	3
1.113	3
1.113	3
1.113	3
1.113	4
1.113	3
1.113	2
1.113	3
1.113	1
1.113	1
1.114	5
1.114	3
1.114	5
1.114	6
1.114	3
1.114	4
1.114	4
1.114	4
1.114	4
1.114	2
1.114	2
1.114	4
1.114	3
1.114	4
1.114	3
1.114	4
1.114	4
1.114	4
1.114	1
1.114	1
1.114	4
1.114	4
1.114	3
1.114	3
1.114	2
1.114	3
1.114	3
1.114	4
1.114	4
1.114	4
1.114	1
1.114	1
1.114	6
1.114	6
1.115	5
1.115	6
1.115	4
1.115	6
1.115	6
1.115	5
1.115	6
1.115	6
1.115	3
1.115	3
1.115	6
1.115	6
1.115	6
1.115	3
1.115	5
1.115	4
1.115	4
1.115	4
1.115	4
1.115	3
1.115	4
1.115	4
1.115	4
1.115	3
1.115	3
1.115	4
1.115	4
1.115	4
1.115	4
1.115	3
1.115	3
1.115	6
1.115	6
1.116	5
1.116	8
1.116	5
1.116	5
1.116	5
1.116	6
1.116	6
1.116	3
1.116	4
1.116	4
1.116	4
1.116	4
1.116	3
1.116	5
1.116	5
1.116	3
1.116	4
1.116	4
1.116	4
1.116	4
1.116	4
1.116	1
1.116	4
1.116	2
1.116	2
1.116	7
1.116	1
1.116	1
1.116	3
1.116	3
1.116	1
1.116	1
1.116	4
1.116	1
1.116	1
1.117	5
1.117	5
1.117	6
1.117	5
1.117	3
1.117	3
1.117	6
1.117	3
1.117	3
1.117	4
1.117	3
1.117	4
1.117	3
1.117	1
1.117	4
1.117	1
1.117	1
1.118	5
1.118	5
1.118	6
1.118	5
1.118	4
1.118	4
1.118	4
1.118	4
1.118	4
1.118	4
1.118	4
1.118	4
1.118	1
1.118	4
1.118	3
1.118	3
1.118	4
1.118	4
1.118	5
1.118	4
1.118	4
1.118	3
1.118	2
1.118	2
1.118	2
1.118	3
1.118	2
1.118	3
1.118	3
1.118	1
1.118	4
1.118	4
1.118	6
1.119	6
1.119	4
1.119	4
1.119	3
1.119	6
1.119	5
1.119	5
1.119	5
1.119	4
1.119	4
1.119	5
1.119	5
1.119	4
1.119	1
1.119	3
1.119	4
1.119	4
1.119	4
1.119	4
1.119	4
1.119	4
1.119	3
1.119	4
1.119	3
1.119	2
1.119	3
1.119	3
1.119	5
1.119	4
1.119	4
1.119	4
1.119	3
1.119	2
1.119	4
1.119	4
1.12	5
1.12	3
1.12	8
1.12	8
1.12	5
1.12	5
1.12	6
1.12	3
1.12	3
1.12	4
1.12	4
1.12	3
1.12	5
1.12	3
1.12	5
1.12	5
1.12	5
1.12	3
1.12	3
1.12	4
1.12	4
1.12	3
1.12	3
1.12	4
1.12	4
1.12	4
1.12	4
1.12	3
1.12	2
1.12	3
1.12	2
1.12	2
1.12	2
1.12	2
1.12	3
1.12	3
1.12	2
1.12	2
1.12	3
1.12	1
1.12	1
1.12	1
1.12	6
1.12	6
1.121	6
1.121	6
1.121	6
1.121	5
1.121	6
1.121	5
1.121	5
1.121	6
1.121	3
1.121	8
1.121	3
1.121	3
1.121	3
1.121	3
1.121	4
1.121	4
1.121	3
1.121	4
1.121	4
1.121	4
1.121	5
1.121	4
1.121	4
1.121	4
1.121	3
1.121	3
1.121	2
1.121	2
1.121	1
1.121	1
1.121	1
1.122	5
1.122	6
1.122	3
1.122	6
1.122	6
1.122	6
1.122	3
1.122	3
1.122	5
1.122	6
1.122	6
1.122	3
1.122	3
1.122	4
1.122	4
1.122	1
1.122	3
1.122	4
1.122	3
1.122	4
1.122	4
1.122	1
1.122	3
1.122	2
1.122	2
1.122	4
1.122	3
1.122	3
1.122	4
1.122	1
1.122	1
1.122	6
1.123	5
1.123	4
1.123	3
1.123	3
1.123	6
1.123	6
1.123	5
1.123	3
1.123	6
1.123	5
1.123	3
1.123	3
1.123	2
1.123	5
1.123	5
1.123	1
1.123	1
1.123	3
1.123	3
1.123	3
1.123	3
1.123	4
1.123	4
1.123	3
1.123	4
1.123	4
1.123	3
1.123	1
1.123	7
1.123	1
1.123	1
1.123	3
1.123	4
1.123	4
1.123	4
1.123	3
1.123	1
1.123	1
1.123	3
1.123	3
1.124	5
1.124	4
1.124	8
1.124	4
1.124	4
1.124	6
1.124	6
1.124	3
1.124	5
1.124	3
1.124	5
1.124	5
1.124	5
1.124	5
1.124	4
1.124	3
1.124	4
1.124	3
1.124	4
1.124	3
1.124	1
1.124	1
1.124	1
1.124	4
1.124	4
1.124	1
1.125	5
1.125	5
1.125	5
1.125	6
1.125	5
1.125	5
1.125	6
1.125	3
1.125	4
1.125	4
1.125	4
1.125	4
1.125	5
1.125	8
1.125	3
1.125	4
1.125	1
1.125	3
1.125	3
1.125	3
1.125	4
1.125	3
1.125	2
1.125	4
1.125	4
1.125	5
1.125	4
1.125	4
1.125	7
1.125	1
1.125	1
1.125	4
1.125	3
1.125	2
1.125	2
1.125	3
1.125	2
1.125	3
1.125	3
1.125	6
1.126	5
1.126	6
1.126	6
1.126	8
1.126	5
1.126	5
1.126	6
1.126	3
1.126	3
1.126	3
1.126	3
1.126	2
1.126	4
1.126	4
1.126	5
1.126	5
1.126	4
1.126	4
1.126	3
1.126	3
1.126	3
1.126	3
1.126	4
1.126	3
1.126	2
1.126	3
1.126	3
1.126	3
1.126	1
1.126	1
1.126	4
1.126	6
1.127	5
1.127	5
1.127	5
1.127	3
1.127	8
1.127	5
1.127	5
1.127	3
1.127	5
1.127	4
1.127	3
1.127	3
1.127	3
1.127	3
1.127	2
1.127	2
1.127	1
1.127	3
1.127	4
1.127	4
1.127	4
1.127	1
1.127	3
1.127	4
1.127	4
1.127	5
1.127	4
1.127	4
1.127	5
1.127	4
1.127	4
1.127	4
1.127	3
1.127	3
1.127	2
1.127	2
1.127	2
1.127	2
1.127	3
1.127	3
1.127	2
1.127	2
1.127	1
1.127	1
1.128	5
1.128	5
1.128	3
1.128	4
1.128	4
1.128	4
1.128	8
1.128	8
1.128	6
1.128	5
1.128	5
1.128	6
1.128	6
1.128	5
1.128	3
1.128	3
1.128	3
1.128	3
1.128	4
1.128	5
1.128	5
1.128	4
1.128	3
1.128	3
1.128	4
1.128	3
1.128	3
1.128	3
1.128	4
1.128	4
1.128	3
1.128	3
1.128	2
1.128	2
1.128	3
1.128	3
1.128	2
1.128	2
1.128	2
1.128	2
1.128	3
1.128	3
1.128	2
1.128	2
1.128	3
1.128	3
1.128	1
1.128	1
1.129	6
1.129	3
1.129	6
1.129	3
1.129	5
1.129	4
1.129	4
1.129	2
1.129	5
1.129	6
1.129	3
1.129	3
1.129	3
1.129	3
1.129	2
1.129	3
1.129	3
1.129	4
1.129	4
1.129	3
1.129	2
1.129	2
1.129	3
1.129	3
1.129	4
1.129	4
1.129	4
1.129	5
1.129	5
1.129	4
1.129	4
1.129	4
1.129	4
1.129	3
1.129	3
1.129	2
1.129	2
1.129	3
1.129	1
1.129	1
1.129	4
1.129	6
1.13	5
1.13	6
1.13	6
1.13	3
1.13	6
1.13	6
1.13	3
1.13	4
1.13	2
1.13	2
1.13	4
1.13	3
1.13	3
1.13	3
1.13	4
1.13	1
1.13	4
1.13	3
1.13	4
1.131	6
1.131	3
1.131	3
1.131	6
1.131	3
1.131	5
1.131	5
1.131	3
1.131	4
1.131	5
1.131	3
1.131	3
1.131	3
1.131	2
1.131	1
1.131	3
1.131	4
1.131	4
1.131	3
1.131	2
1.131	2
1.131	7
1.131	1
1.131	1
1.131	3
1.131	3
1.131	4
1.131	4
1.131	4
1.131	4
1.131	4
1.131	4
1.131	3
1.131	3
1.131	2
1.131	2
1.131	3
1.131	2
1.131	3
1.131	3
1.131	1
1.131	1
1.131	1
1.132	5
1.132	5
1.132	3
1.132	4
1.132	4
1.132	4
1.132	6
1.132	6
1.132	3
1.132	6
1.132	3
1.132	5
1.132	5
1.132	6
1.132	6
1.132	5
1.132	6
1.132	3
1.132	5
1.132	6
1.132	5
1.132	5
1.132	3
1.132	3
1.132	3
1.132	3
1.132	5
1.132	5
1.132	4
1.132	4
1.132	3
1.132	2
1.132	1
1.132	4
1.132	4
1.132	4
1.132	4
1.132	3
1.132	2
1.132	1
1.133	5
1.133	6
1.133	8
1.133	5
1.133	3
1.133	3
1.133	2
1.133	4
1.133	6
1.133	6
1.133	3
1.133	4
1.133	3
1.133	4
1.133	1
1.133	4
1.133	3
1.133	4
1.133	4
1.133	5
1.133	4
1.133	4
1.133	7
1.133	7
1.133	1
1.133	1
1.133	1
1.133	1
1.133	3
1.133	3
1.133	3
1.133	3
1.133	2
1.133	2
1.133	2
1.133	2
1.133	3
1.133	3
1.133	2
1.133	2
1.133	3
1.133	3
1.133	4
1.134	6
1.134	6
1.134	4
1.134	6
1.134	6
1.134	5
1.134	4
1.134	2
1.134	2
1.134	4
1.134	4
1.134	4
1.134	5
1.134	3
1.134	3
1.134	4
1.134	3
1.134	3
1.134	3
1.134	4
1.134	3
1.134	2
1.134	3
1.134	3
1.134	5
1.134	4
1.134	4
1.134	4
1.134	3
1.134	3
1.134	4
1.134	4
1.134	3
1.134	3
1.134	2
1.134	2
1.134	1
1.134	3
1.135	5
1.135	5
1.135	4
1.135	8
1.135	6
1.135	3
1.135	4
1.135	3
1.135	3
1.135	5
1.135	6
1.135	3
1.135	2
1.135	4
1.135	3
1.135	4
1.135	3
1.135	4
1.135	4
1.135	4
1.135	4
1.135	5
1.135	5
1.135	4
1.135	4
1.135	4
1.135	4
1.135	4
1.135	4
1.135	3
1.135	2
1.135	2
1.135	3
1.135	2
1.135	1
1.135	1
1.136	5
1.136	4
1.136	4
1.136	4
1.136	3
1.136	6
1.136	3
1.136	3
1.136	3
1.136	5
1.136	6
1.136	4
1.136	4
1.136	3
1.136	5
1.136	3
1.136	3
1.136	5
1.136	5
1.136	4
1.136	5
1.136	3
1.136	3
1.136	1
1.136	3
1.136	4
1.136	3
1.136	3
1.136	3
1.136	3
1.136	3
1.136	3
1.136	4
1.136	4
1.136	4
1.136	5
1.136	5
1.136	4
1.136	4
1.136	4
1.136	3
1.136	2
1.136	3
1.136	6
1.137	5
1.137	5
1.137	6
1.137	5
1.137	3
1.137	5
1.137	6
1.137	6
1.137	3
1.137	3
1.137	8
1.137	4
1.137	6
1.137	3
1.137	5
1.137	5
1.137	4
1.137	3
1.137	2
1.137	2
1.137	3
1.137	3
1.137	4
1.137	5
1.137	5
1.137	4
1.137	4
1.137	3
1.137	3
1.137	3
1.137	6
1.138	5
1.138	6
1.138	4
1.138	3
1.138	3
1.138	3
1.138	4
1.138	4
1.138	3
1.138	5
1.138	4
1.138	3
1.138	4
1.138	4
1.138	4
1.138	4
1.138	3
1.138	1
1.138	7
1.138	1
1.138	1
1.138	3
1.138	3
1.138	4
1.138	4
1.138	4
1.138	4
1.138	4
1.138	4
1.138	4
1.138	3
1.138	2
1.138	2
1.138	3
1.138	2
1.138	1
1.138	1
1.139	4
1.139	6
1.139	5
1.139	6
1.139	5
1.139	5
1.139	4
1.139	3
1.139	3
1.139	5
1.139	4
1.139	4
1.139	3
1.139	3
1.139	2
1.139	2
1.139	2
1.139	2
1.139	4
1.139	4
1.139	3
1.139	3
1.139	4
1.139	4
1.139	4
1.139	4
1.139	4
1.139	4
1.139	3
1.139	3
1.139	4
1.139	3
1.139	2
1.139	3
1.139	2
1.139	2
1.139	3
1.139	2
1.139	1
1.14	6
1.14	4
1.14	4
1.14	6
1.14	5
1.14	5
1.14	3
1.14	4
1.14	4
1.14	8
1.14	3
1.14	3
1.14	5
1.14	5
1.14	4
1.14	3
1.14	5
1.14	5
1.14	3
1.14	3
1.14	2
1.14	3
1.14	3
1.14	4
1.14	1
1.14	4
1.14	3
1.14	2
1.14	1
1.14	1
1.14	4
1.14	4
1.14	5
1.14	4
1.14	4
1.14	7
1.14	7
1.14	1
1.14	1
1.14	1
1.14	1
1.14	4
1.14	4
1.14	5
1.14	4
1.14	4
1.14	4
1.14	4
1.14	3
1.14	2
1.14	3
1.14	4
1.141	6
1.141	5
1.141	3
1.141	3
1.141	6
1.141	4
1.141	6
1.141	5
1.141	6
1.141	6
1.141	3
1.141	3
1.141	5
1.141	3
1.141	3
1.141	8
1.141	8
1.141	6
1.141	3
1.141	3
1.141	4
1.141	4
1.141	3
1.141	3
1.141	3
1.141	3
1.141	7
1.141	7
1.141	1
1.141	1
1.141	1
1.141	1
1.141	3
1.141	4
1.142	5
1.142	5
1.142	6
1.142	6
1.142	7
1.142	6
1.142	6
1.142	6
1.142	3
1.142	3
1.142	6
1.142	3
1.142	3
1.142	3
1.142	3
1.142	3
1.142	3
1.142	5
1.142	4
1.142	4
1.142	3
1.142	1
1.142	3
1.142	4
1.142	4
1.142	1
1.142	3
1.142	3
1.142	2
1.142	2
1.142	3
1.142	4
1.142	4
1.142	3
1.142	3
1.142	5
1.142	5
1.142	4
1.142	4
1.142	4
1.142	4
1.142	3
1.142	4
1.142	4
1.142	4
1.142	5
1.142	5
1.142	4
1.142	4
1.142	4
1.142	3
1.142	2
1.142	2
1.142	3
1.142	2
1.142	1
1.143	5
1.143	5
1.143	4
1.143	6
1.143	6
1.143	5
1.143	4
1.143	3
1.143	3
1.143	8
1.143	3
1.143	5
1.143	5
1.143	3
1.143	4
1.143	3
1.143	4
1.143	4
1.143	3
1.143	3
1.143	3
1.143	3
1.143	4
1.143	4
1.143	3
1.143	3
1.143	5
1.143	5
1.143	4
1.143	4
1.143	4
1.143	4
1.143	4
1.143	4
1.143	3
1.143	2
1.143	2
1.144	5
1.144	6
1.144	6
1.144	5
1.144	3
1.144	3
1.144	3
1.144	5
1.144	3
1.144	5
1.144	4
1.144	4
1.144	4
1.144	3
1.144	2
1.144	2
1.144	3
1.144	3
1.144	3
1.144	3
1.144	3
1.144	3
1.144	7
1.144	1
1.144	1
1.144	3
1.144	3
1.144	4
1.144	4
1.144	4
1.144	4
1.144	4
1.144	4
1.144	5
1.144	4
1.144	3
1.144	3
1.145	5
1.145	5
1.145	3
1.145	4
1.145	8
1.145	4
1.145	4
1.145	2
1.145	5
1.145	5
1.145	3
1.145	8
1.145	5
1.145	3
1.145	4
1.145	4
1.145	4
1.145	3
1.145	3
1.145	1
1.145	3
1.145	3
1.145	4
1.145	4
1.145	4
1.145	3
1.145	1
1.145	3
1.146	6
1.146	5
1.146	5
1.146	6
1.146	3
1.146	5
1.146	6
1.146	6
1.146	3
1.146	6
1.146	4
1.146	2
1.146	2
1.146	4
1.146	3
1.146	3
1.146	4
1.146	6
1.146	3
1.146	2
1.146	4
1.146	3
1.146	4
1.146	4
1.146	4
1.146	4
1.146	3
1.146	3
1.146	3
1.146	2
1.146	2
1.146	2
1.146	2
1.146	4
1.146	3
1.146	5
1.146	4
1.146	4
1.146	7
1.146	7
1.146	1
1.146	1
1.146	1
1.146	1
1.146	3
1.146	4
1.146	4
1.146	4
1.146	4
1.146	1
1.147	5
1.147	5
1.147	5
1.147	3
1.147	6
1.147	4
1.147	5
1.147	7
1.147	6
1.147	3
1.147	6
1.147	4
1.147	5
1.147	5
1.147	3
1.147	4
1.147	3
1.147	3
1.147	3
1.147	4
1.147	4
1.147	3
1.147	2
1.147	1
1.147	1
1.147	2
1.147	2
1.147	2
1.147	2
1.147	3
1.147	3
1.147	4
1.147	5
1.147	4
1.147	3
1.148	3
1.148	3
1.148	6
1.148	3
1.148	7
1.148	7
1.148	5
1.148	6
1.148	2
1.148	6
1.148	6
1.148	3
1.148	5
1.148	3
1.148	4
1.148	3
1.148	4
1.148	1
1.148	4
1.148	4
1.148	4
1.148	3
1.148	3
1.148	1
1.148	1
1.148	3
1.148	4
1.148	4
1.148	3
1.148	3
1.148	4
1.148	4
1.148	4
1.148	4
1.148	4
1.148	4
1.148	7
1.148	1
1.148	1
1.148	5
1.148	4
1.148	3
1.148	3
1.149	5
1.149	3
1.149	3
1.149	6
1.149	5
1.149	4
1.149	4
1.149	4
1.149	2
1.149	2
1.149	2
1.149	2
1.149	5
1.149	5
1.149	8
1.149	3
1.149	5
1.149	3
1.149	1
1.149	3
1.149	3
1.149	3
1.149	3
1.149	4
1.149	3
1.149	3
1.149	2
1.149	2
1.149	3
1.149	3
1.149	3
1.149	3
1.149	3
1.149	3
1.149	3
1.149	4
1.149	4
1.149	4
1.149	4
1.149	3
1.149	2
1.149	2
1.149	3
1.149	2
1.15	6
1.15	6
1.15	5
1.15	3
1.15	4
1.15	4
1.15	2
1.15	2
1.15	2
1.15	2
1.15	6
1.15	3
1.15	3
1.15	5
1.15	5
1.15	4
1.15	4
1.15	4
1.15	1
1.15	1
1.15	4
1.15	4
1.15	4
1.15	3
1.15	3
1.15	2
1.15	2
1.15	2
1.15	2
1.15	3
1.15	3
1.15	4
1.15	3
1.15	4
1.15	4
1.15	4
1.15	4
1.15	3
1.15	4
1.15	4
1.15	4
1.15	4
1.15	3
1.15	2
1.15	3
1.15	2
1.15	2
1.15	3
1.15	2
1.151	5
1.151	5
1.151	5
1.151	6
1.151	5
1.151	5
1.151	6
1.151	4
1.151	3
1.151	3
1.151	2
1.151	5
1.151	3
1.151	4
1.151	5
1.151	3
1.151	1
1.151	3
1.151	3
1.151	3
1.151	4
1.151	4
1.151	4
1.151	3
1.151	4
1.151	4
1.151	1
1.151	3
1.151	3
1.151	7
1.151	1
1.151	1
1.151	4
1.151	5
1.151	4
1.151	4
1.151	3
1.151	2
1.152	5
1.152	5
1.152	5
1.152	5
1.152	5
1.152	5
1.152	6
1.152	6
1.152	7
1.152	5
1.152	6
1.152	5
1.152	4
1.152	4
1.152	4
1.152	2
1.152	2
1.152	6
1.152	6
1.152	4
1.152	5
1.152	6
1.152	4
1.152	4
1.152	4
1.152	4
1.152	4
1.152	3
1.152	2
1.152	2
1.152	2
1.152	2
1.152	3
1.152	7
1.152	1
1.152	1
1.153	5
1.153	5
1.153	5
1.153	4
1.153	5
1.153	6
1.153	3
1.153	3
1.153	3
1.153	3
1.153	2
1.153	5
1.153	3
1.153	5
1.153	4
1.153	3
1.153	2
1.153	4
1.153	4
1.153	4
1.153	4
1.153	4
1.153	3
1.153	3
1.153	4
1.153	4
1.153	3
1.153	2
1.153	1
1.153	1
1.153	4
1.153	3
1.153	4
1.153	4
1.153	4
1.153	3
1.153	4
1.153	4
1.153	4
1.153	6
1.154	6
1.154	5
1.154	5
1.154	3
1.154	6
1.154	5
1.154	4
1.154	4
1.154	3
1.154	2
1.154	8
1.154	3
1.154	4
1.154	4
1.154	3
1.154	4
1.154	4
1.154	4
1.154	4
1.154	3
1.154	3
1.154	4
1.154	3
1.154	3
1.154	2
1.154	2
1.154	3
1.154	3
1.154	4
1.154	3
1.154	4
1.154	4
1.154	4
1.154	4
1.155	5
1.155	5
1.155	4
1.155	4
1.155	4
1.155	4
1.155	3
1.155	5
1.155	3
1.155	3
1.155	3
1.155	5
1.155	3
1.155	3
1.155	2
1.155	3
1.155	3
1.155	4
1.155	4
1.155	4
1.155	4
1.155	4
1.155	1
1.155	4
1.155	4
1.155	3
1.155	3
1.155	2
1.155	2
1.155	1
1.155	3
1.155	3
1.155	3
1.155	7
1.155	1
1.155	1
1.155	3
1.155	1
1.156	5
1.156	5
1.156	5
1.156	5
1.156	6
1.156	3
1.156	6
1.156	5
1.156	6
1.156	3
1.156	5
1.156	6
1.156	3
1.156	4
1.156	4
1.156	4
1.156	4
1.156	6
1.156	3
1.156	3
1.156	3
1.156	4
1.156	4
1.156	3
1.156	3
1.156	3
1.156	4
1.156	4
1.156	4
1.156	4
1.156	4
1.156	4
1.156	3
1.156	3
1.156	4
1.156	3
1.156	6
1.157	5
1.157	6
1.157	4
1.157	3
1.157	3
1.157	3
1.157	4
1.157	2
1.157	4
1.157	3
1.157	1
1.157	3
1.157	3
1.157	3
1.157	3
1.157	3
1.157	4
1.157	4
1.157	4
1.157	1
1.157	1
1.157	4
1.157	3
1.157	3
1.157	2
1.157	2
1.157	2
1.157	4
1.157	3
1.157	4
1.157	4
1.157	4
1.157	4
1.157	4
1.157	6
1.158	5
1.158	6
1.158	6
1.158	5
1.158	5
1.158	6
1.158	3
1.158	6
1.158	5
1.158	4
1.158	4
1.158	4
1.158	3
1.158	2
1.158	5
1.158	5
1.158	3
1.158	3
1.158	5
1.158	6
1.158	3
1.158	3
1.158	4
1.158	4
1.158	4
1.158	4
1.158	1
1.158	1
1.158	4
1.158	4
1.158	4
1.158	1
1.158	2
1.158	2
1.158	3
1.158	3
1.158	6
1.158	4
1.158	1
1.159	5
1.159	5
1.159	5
1.159	6
1.159	8
1.159	5
1.159	6
1.159	6
1.159	3
1.159	3
1.159	5
1.159	5
1.159	3
1.159	4
1.159	3
1.159	3
1.159	5
1.159	6
1.159	1
1.159	1
1.159	3
1.159	3
1.159	4
1.159	4
1.159	4
1.159	3
1.159	3
1.159	4
1.159	4
1.159	4
1.159	4
1.159	4
1.159	3
1.159	3
1.159	3
1.159	1
1.159	3
1.159	6
1.159	4
1.159	2
1.159	1
1.159	6
1.159	6
1.16	5
1.16	5
1.16	5
1.16	5
1.16	5
1.16	5
1.16	3
1.16	6
1.16	4
1.16	4
1.16	5
1.16	8
1.16	4
1.16	5
1.16	3
1.16	4
1.16	5
1.16	5
1.16	6
1.16	6
1.16	4
1.16	4
1.16	4
1.16	4
1.16	4
1.16	3
1.16	2
1.16	3
1.16	3
1.16	4
1.16	4
1.16	4
1.16	4
1.161	5
1.161	8
1.161	6
1.161	4
1.161	4
1.161	6
1.161	5
1.161	3
1.161	6
1.161	3
1.161	3
1.161	6
1.161	3
1.161	2
1.161	4
1.161	3
1.161	4
1.161	4
1.161	4
1.161	1
1.161	4
1.161	4
1.161	4
1.161	3
1.161	4
1.161	3
1.161	2
1.161	2
1.161	2
1.161	4
1.161	3
1.161	4
1.161	4
1.161	4
1.161	3
1.161	4
1.161	1
1.161	1
1.162	5
1.162	5
1.162	3
1.162	6
1.162	3
1.162	6
1.162	6
1.162	2
1.162	3
1.162	3
1.162	5
1.162	4
1.162	3
1.162	4
1.162	4
1.162	3
1.162	3
1.162	4
1.162	4
1.162	4
1.162	4
1.162	4
1.162	4
1.162	3
1.162	4
1.162	4
1.162	1
1.162	7
1.162	1
1.162	1
1.162	4
1.162	1
1.162	2
1.163	5
1.163	5
1.163	6
1.163	5
1.163	6
1.163	3
1.163	7
1.163	6
1.163	5
1.163	4
1.163	4
1.163	3
1.163	2
1.163	3
1.163	3
1.163	3
1.163	3
1.163	3
1.163	4
1.163	4
1.163	3
1.163	3
1.163	4
1.163	4
1.163	4
1.163	5
1.163	4
1.163	4
1.163	4
1.163	1
1.163	1
1.163	4
1.163	4
1.163	3
1.163	7
1.163	1
1.163	1
1.163	2
1.163	4
1.163	4
1.164	5
1.164	5
1.164	5
1.164	5
1.164	5
1.164	3
1.164	5
1.164	5
1.164	5
1.164	5
1.164	5
1.164	4
1.164	4
1.164	6
1.164	6
1.164	6
1.164	4
1.164	4
1.164	3
1.164	5
1.164	4
1.164	3
1.164	5
1.164	3
1.164	3
1.164	3
1.164	1
1.164	3
1.164	3
1.164	3
1.164	3
1.164	3
1.164	4
1.164	4
1.164	3
1.164	3
1.164	3
1.164	3
1.164	4
1.164	4
1.164	4
1.164	3
1.164	4
1.164	3
1.164	2
1.164	4
1.164	3
1.164	4
1.164	4
1.164	4
1.164	3
1.164	3
1.164	6
1.165	6
1.165	6
1.165	4
1.165	4
1.165	4
1.165	4
1.165	3
1.165	3
1.165	3
1.165	5
1.165	6
1.165	3
1.165	3
1.165	3
1.165	3
1.165	4
1.165	4
1.165	4
1.165	4
1.165	1
1.165	4
1.165	3
1.165	4
1.165	3
1.165	3
1.165	4
1.165	3
1.165	4
1.165	4
1.165	4
1.165	1
1.165	3
1.165	2
1.165	2
1.166	5
1.166	3
1.166	8
1.166	6
1.166	6
1.166	3
1.166	6
1.166	6
1.166	5
1.166	3
1.166	5
1.166	4
1.166	5
1.166	3
1.166	3
1.166	3
1.166	1
1.166	1
1.166	3
1.166	3
1.166	4
1.166	5
1.166	3
1.166	4
1.166	4
1.166	3
1.166	3
1.166	3
1.166	3
1.166	2
1.166	2
1.166	3
1.166	2
1.166	1
1.166	2
1.167	4
1.167	6
1.167	6
1.167	6
1.167	7
1.167	5
1.167	4
1.167	4
1.167	5
1.167	6
1.167	8
1.167	6
1.167	4
1.167	5
1.167	6
1.167	6
1.167	6
1.167	1
1.167	1
1.167	3
1.167	3
1.167	4
1.167	3
1.167	4
1.167	4
1.167	4
1.167	4
1.167	4
1.167	3
1.167	4
1.167	3
1.167	2
1.167	3
1.167	3
1.167	3
1.168	5
1.168	7
1.168	5
1.168	6
1.168	5
1.168	5
1.168	6
1.168	4
1.168	2
1.168	3
1.168	3
1.168	3
1.168	5
1.168	4
1.168	5
1.168	5
1.168	3
1.168	3
1.168	3
1.168	3
1.168	6
1.168	6
1.168	6
1.168	6
1.168	3
1.168	3
1.168	4
1.168	4
1.168	5
1.168	5
1.168	4
1.168	1
1.168	4
1.168	3
1.168	2
1.168	2
1.168	3
1.168	1
1.168	1
1.168	4
1.168	6
1.169	5
1.169	5
1.169	4
1.169	3
1.169	3
1.169	4
1.169	4
1.169	4
1.169	4
1.169	4
1.169	3
1.169	2
1.169	3
1.169	8
1.169	6
1.169	6
1.169	3
1.169	4
1.169	4
1.169	4
1.169	4
1.169	3
1.169	3
1.169	4
1.169	3
1.169	4
1.169	4
1.169	1
1.169	1
1.169	2
1.169	2
1.169	3
1.169	2
1.169	3
1.169	3
1.169	2
1.17	5
1.17	5
1.17	6
1.17	3
1.17	3
1.17	3
1.17	3
1.17	3
1.17	5
1.17	4
1.17	4
1.17	3
1.17	3
1.17	3
1.17	3
1.17	3
1.17	4
1.17	4
1.17	1
1.17	3
1.17	3
1.17	3
1.17	3
1.17	3
1.17	4
1.17	5
1.17	4
1.17	3
1.17	4
1.17	4
1.17	3
1.17	1
1.17	4
1.17	3
1.17	2
1.17	3
1.17	2
1.17	3
1.17	3
1.17	2
1.17	3
1.17	3
1.17	2
1.17	2
1.171	5
1.171	5
1.171	5
1.171	4
1.171	8
1.171	6
1.171	5
1.171	6
1.171	5
1.171	3
1.171	3
1.171	3
1.171	3
1.171	3
1.171	3
1.171	3
1.171	3
1.171	6
1.171	6
1.171	4
1.171	3
1.171	4
1.171	3
1.171	2
1.171	3
1.171	4
1.171	3
1.171	2
1.172	6
1.172	8
1.172	8
1.172	5
1.172	6
1.172	7
1.172	3
1.172	3
1.172	5
1.172	5
1.172	6
1.172	6
1.172	5
1.172	6
1.172	5
1.172	4
1.172	3
1.172	3
1.172	5
1.172	5
1.172	3
1.172	3
1.172	3
1.172	3
1.172	1
1.172	1
1.172	3
1.172	3
1.172	3
1.172	3
1.172	4
1.172	4
1.172	1
1.172	4
1.172	3
1.172	2
1.172	3
1.172	3
1.172	3
1.172	2
1.172	2
1.172	3
1.172	3
1.172	3
1.172	3
1.172	2
1.172	2
1.172	3
1.172	4
1.173	6
1.173	4
1.173	3
1.173	3
1.173	4
1.173	4
1.173	5
1.173	5
1.173	5
1.173	3
1.173	3
1.173	3
1.173	3
1.173	3
1.173	4
1.173	6
1.173	6
1.173	6
1.173	6
1.173	4
1.173	5
1.173	4
1.173	3
1.173	4
1.173	4
1.173	4
1.173	4
1.173	4
1.173	3
1.173	3
1.173	3
1.173	3
1.173	1
1.174	4
1.174	3
1.174	5
1.174	6
1.174	4
1.174	6
1.174	3
1.174	5
1.174	4
1.174	4
1.174	6
1.174	3
1.174	3
1.174	3
1.174	3
1.174	1
1.174	3
1.174	4
1.174	3
1.174	4
1.174	5
1.174	4
1.174	4
1.174	2
1.175	6
1.175	6
1.175	3
1.175	3
1.175	3
1.175	3
1.175	6
1.175	4
1.175	4
1.175	2
1.175	5
1.175	8
1.175	4
1.175	5
1.175	5
1.175	3
1.175	3
1.175	3
1.175	4
1.175	4
1.175	6
1.175	6
1.175	3
1.175	3
1.175	4
1.175	3
1.175	4
1.175	3
1.175	4
1.175	6
1.175	4
1.175	3
1.175	3
1.176	5
1.176	8
1.176	5
1.176	6
1.176	5
1.176	3
1.176	3
1.176	5
1.176	6
1.176	5
1.176	3
1.176	5
1.176	3
1.176	2
1.176	6
1.176	3
1.176	3
1.176	3
1.176	3
1.176	5
1.176	5
1.176	6
1.176	6
1.176	5
1.176	5
1.176	3
1.176	3
1.176	3
1.176	3
1.176	3
1.176	3
1.176	3
1.176	3
1.176	3
1.176	4
1.176	4
1.176	3
1.176	4
1.176	3
1.176	3
1.177	6
1.177	3
1.177	6
1.177	3
1.177	2
1.177	3
1.177	8
1.177	8
1.177	3
1.177	5
1.177	4
1.177	4
1.177	6
1.177	6
1.177	3
1.177	3
1.177	3
1.177	4
1.177	1
1.177	3
1.177	4
1.177	5
1.177	4
1.177	3
1.177	4
1.177	4
1.177	4
1.177	4
1.177	3
1.177	2
1.177	3
1.177	3
1.177	2
1.177	1
1.178	4
1.178	6
1.178	6
1.178	6
1.178	3
1.178	3
1.178	4
1.178	4
1.178	5
1.178	5
1.178	3
1.178	2
1.178	3
1.178	3
1.178	3
1.178	3
1.178	4
1.178	4
1.178	3
1.178	3
1.178	3
1.178	3
1.178	6
1.178	6
1.178	1
1.178	3
1.178	4
1.178	3
1.178	4
1.178	4
1.178	6
1.178	4
1.178	3
1.178	3
1.178	4
1.178	3
1.178	3
1.179	4
1.179	3
1.179	6
1.179	3
1.179	7
1.179	5
1.179	3
1.179	5
1.179	3
1.179	3
1.179	4
1.179	3
1.179	3
1.179	5
1.179	5
1.179	5
1.179	3
1.179	3
1.179	3
1.179	3
1.179	6
1.179	6
1.179	3
1.179	3
1.179	4
1.179	1
1.179	7
1.179	1
1.179	1
1.179	6
1.179	4
1.179	4
1.179	4
1.179	3
1.18	3
1.18	6
1.18	4
1.18	4
1.18	5
1.18	5
1.18	5
1.18	3
1.18	5
1.18	6
1.18	3
1.18	3
1.18	5
1.18	5
1.18	6
1.18	3
1.18	4
1.18	3
1.18	4
1.18	4
1.18	1
1.18	3
1.18	4
1.18	4
1.18	4
1.181	5
1.181	5
1.181	6
1.181	3
1.181	3
1.181	5
1.181	6
1.181	4
1.181	5
1.181	5
1.181	5
1.181	3
1.181	5
1.181	4
1.181	4
1.181	4
1.181	5
1.181	5
1.181	3
1.181	3
1.181	3
1.181	3
1.181	3
1.181	4
1.181	1
1.181	3
1.181	4
1.181	3
1.181	4
1.181	4
1.181	3
1.181	4
1.181	4
1.181	4
1.181	4
1.181	3
1.181	4
1.181	4
1.181	4
1.181	6
1.181	6
1.181	4
1.181	4
1.181	3
1.181	2
1.181	3
1.181	3
1.181	2
1.181	6
1.181	6
1.182	3
1.182	6
1.182	7
1.182	6
1.182	6
1.182	3
1.182	3
1.182	5
1.182	4
1.182	4
1.182	6
1.182	8
1.182	4
1.182	4
1.182	6
1.182	6
1.182	3
1.182	3
1.182	3
1.182	6
1.182	6
1.182	4
1.182	3
1.182	3
1.182	7
1.182	1
1.182	1
1.182	4
1.182	4
1.182	3
1.182	3
1.183	4
1.183	6
1.183	3
1.183	7
1.183	7
1.183	6
1.183	3
1.183	4
1.183	2
1.183	5
1.183	5
1.183	3
1.183	3
1.183	3
1.183	3
1.183	5
1.183	5
1.183	3
1.183	5
1.183	4
1.183	4
1.183	5
1.183	3
1.183	3
1.183	3
1.183	4
1.183	3
1.183	7
1.183	1
1.183	2
1.183	3
1.183	3
1.183	4
1.183	4
1.183	4
1.183	4
1.183	4
1.183	4
1.183	3
1.183	2
1.183	2
1.184	5
1.184	4
1.184	4
1.184	4
1.184	5
1.184	5
1.184	7
1.184	6
1.184	3
1.184	5
1.184	3
1.184	4
1.184	4
1.184	4
1.184	4
1.184	5
1.184	3
1.184	2
1.184	6
1.184	6
1.184	3
1.184	8
1.184	8
1.184	3
1.184	3
1.184	5
1.184	5
1.184	6
1.184	3
1.184	3
1.184	4
1.184	4
1.184	5
1.184	4
1.184	4
1.184	3
1.184	4
1.184	4
1.184	4
1.184	4
1.184	4
1.184	4
1.185	5
1.185	6
1.185	7
1.185	4
1.185	6
1.185	5
1.185	3
1.185	3
1.185	2
1.185	2
1.185	3
1.185	3
1.185	3
1.185	3
1.185	8
1.185	8
1.185	4
1.185	3
1.185	3
1.185	5
1.185	5
1.185	4
1.185	3
1.185	3
1.185	3
1.185	4
1.185	3
1.185	4
1.185	5
1.185	2
1.185	2
1.185	3
1.185	3
1.185	4
1.185	3
1.185	4
1.185	4
1.185	4
1.185	7
1.185	7
1.185	1
1.185	1
1.185	2
1.185	2
1.185	4
1.185	4
1.186	5
1.186	6
1.186	6
1.186	6
1.186	3
1.186	3
1.186	5
1.186	5
1.186	3
1.186	3
1.186	2
1.186	2
1.186	5
1.186	3
1.186	3
1.186	3
1.186	3
1.186	3
1.186	3
1.186	5
1.186	3
1.186	4
1.186	3
1.186	3
1.186	4
1.186	3
1.186	1
1.186	3
1.186	3
1.186	3
1.186	6
1.186	4
1.187	5
1.187	3
1.187	6
1.187	7
1.187	7
1.187	5
1.187	5
1.187	3
1.187	3
1.187	4
1.187	4
1.187	3
1.187	5
1.187	4
1.187	4
1.187	3
1.187	5
1.187	6
1.187	5
1.187	3
1.187	3
1.187	3
1.187	3
1.187	3
1.187	3
1.187	4
1.187	4
1.187	3
1.187	3
1.187	4
1.187	4
1.187	4
1.187	4
1.187	4
1.187	4
1.187	3
1.187	2
1.187	2
1.188	4
1.188	5
1.188	5
1.188	6
1.188	7
1.188	7
1.188	5
1.188	6
1.188	5
1.188	5
1.188	5
1.188	8
1.188	4
1.188	6
1.188	3
1.188	1
1.188	3
1.188	3
1.188	2
1.188	2
1.188	2
1.188	3
1.188	3
1.188	3
1.188	3
1.188	3
1.188	4
1.188	4
1.188	4
1.188	4
1.189	6
1.189	3
1.189	4
1.189	6
1.189	5
1.189	5
1.189	3
1.189	3
1.189	3
1.189	3
1.189	5
1.189	5
1.189	4
1.189	4
1.189	6
1.189	6
1.189	1
1.189	3
1.189	4
1.189	1
1.189	2
1.189	2
1.189	3
1.189	3
1.189	4
1.189	3
1.189	3
1.19	5
1.19	6
1.19	7
1.19	6
1.19	3
1.19	6
1.19	6
1.19	4
1.19	4
1.19	2
1.19	5
1.19	5
1.19	4
1.19	8
1.19	9
1.19	3
1.19	5
1.19	5
1.19	3
1.19	6
1.19	6
1.19	3
1.19	1
1.19	7
1.19	1
1.19	2
1.19	6
1.19	4
1.19	1
1.19	1
1.191	6
1.191	5
1.191	6
1.191	5
1.191	6
1.191	7
1.191	4
1.191	6
1.191	4
1.191	4
1.191	3
1.191	4
1.191	4
1.191	5
1.191	3
1.191	2
1.191	6
1.191	6
1.191	5
1.191	5
1.191	3
1.191	3
1.191	3
1.191	3
1.191	3
1.191	5
1.191	3
1.191	5
1.191	6
1.191	4
1.191	4
1.191	3
1.191	2
1.191	3
1.191	2
1.191	2
1.191	2
1.191	2
1.192	5
1.192	5
1.192	3
1.192	8
1.192	5
1.192	5
1.192	6
1.192	6
1.192	7
1.192	3
1.192	6
1.192	4
1.192	4
1.192	4
1.192	4
1.192	3
1.192	2
1.192	2
1.192	6
1.192	6
1.192	5
1.192	4
1.192	4
1.192	9
1.192	4
1.192	4
1.192	3
1.192	3
1.192	4
1.192	4
1.192	3
1.192	4
1.192	3
1.192	2
1.192	1
1.192	1
1.192	4
1.192	3
1.192	4
1.192	4
1.192	4
1.192	3
1.192	4
1.192	4
1.192	4
1.192	3
1.192	3
1.193	3
1.193	3
1.193	5
1.193	4
1.193	4
1.193	5
1.193	3
1.193	3
1.193	5
1.193	5
1.193	3
1.193	3
1.193	2
1.193	2
1.193	2
1.193	2
1.193	3
1.193	3
1.193	4
1.193	4
1.193	3
1.193	3
1.193	4
1.193	3
1.193	3
1.193	3
1.193	3
1.193	4
1.193	6
1.193	6
1.194	5
1.194	6
1.194	5
1.194	3
1.194	3
1.194	5
1.194	5
1.194	3
1.194	3
1.194	2
1.194	2
1.194	5
1.194	5
1.194	5
1.194	4
1.194	4
1.194	5
1.194	3
1.194	5
1.194	3
1.194	4
1.194	4
1.194	4
1.194	3
1.194	3
1.194	2
1.194	2
1.194	3
1.194	7
1.194	1
1.194	2
1.194	3
1.194	3
1.194	2
1.194	2
1.194	3
1.194	3
1.194	3
1.194	3
1.194	2
1.194	2
1.195	5
1.195	5
1.195	3
1.195	6
1.195	3
1.195	6
1.195	3
1.195	3
1.195	5
1.195	5
1.195	3
1.195	3
1.195	6
1.195	9
1.195	4
1.195	5
1.195	3
1.195	3
1.195	4
1.195	3
1.195	4
1.195	4
1.195	3
1.195	4
1.195	4
1.195	3
1.195	3
1.195	3
1.195	3
1.195	2
1.195	2
1.196	6
1.196	5
1.196	8
1.196	5
1.196	5
1.196	6
1.196	7
1.196	7
1.196	5
1.196	6
1.196	4
1.196	2
1.196	5
1.196	5
1.196	5
1.196	3
1.196	3
1.196	9
1.196	4
1.196	3
1.196	4
1.196	1
1.196	4
1.196	3
1.196	2
1.196	2
1.196	4
1.196	3
1.196	4
1.196	4
1.196	4
1.197	5
1.197	5
1.197	5
1.197	5
1.197	5
1.197	5
1.197	3
1.197	4
1.197	4
1.197	5
1.197	3
1.197	2
1.197	6
1.197	6
1.197	4
1.197	3
1.197	3
1.197	5
1.197	3
1.197	3
1.197	4
1.197	4
1.197	4
1.197	4
1.197	1
1.197	3
1.197	3
1.197	4
1.197	4
1.198	5
1.198	5
1.198	6
1.198	6
1.198	3
1.198	4
1.198	6
1.198	6
1.198	6
1.198	6
1.198	3
1.198	4
1.198	4
1.198	3
1.198	2
1.198	2
1.198	5
1.198	4
1.198	4
1.198	5
1.198	6
1.198	5
1.198	3
1.198	4
1.198	4
1.198	4
1.198	4
1.198	3
1.198	3
1.198	3
1.198	3
1.199	3
1.199	5
1.199	6
1.199	6
1.199	3
1.199	3
1.199	5
1.199	3
1.199	4
1.199	4
1.199	4
1.199	4
1.199	4
1.199	4
1.199	4
1.199	4
1.199	5
1.199	5
1.199	3
1.199	3
1.199	2
1.199	2
1.199	7
1.199	5
1.199	9
1.199	4
1.199	6
1.199	4
1.199	1
1.199	3
1.199	2
1.199	2
1.199	2
1.2	4
1.2	5
1.2	5
1.2	5
1.2	5
1.2	6
1.2	4
1.2	6
1.2	6
1.2	6
1.2	5
1.2	3
1.2	3
1.2	4
1.2	4
1.2	4
1.2	4
1.2	3
1.2	3
1.2	2
1.2	5
1.2	3
1.2	3
1.2	4
1.2	4
1.2	3
1.2	4
1.2	4
1.2	1
1.2	4
1.2	4
1.2	3
1.2	2
1.2	2
1.2	3
1.2	3
1.201	6
1.201	5
1.201	6
1.201	3
1.201	7
1.201	6
1.201	3
1.201	3
1.201	4
1.201	4
1.201	4
1.201	4
1.201	3
1.201	3
1.201	5
1.201	3
1.201	2
1.201	5
1.201	4
1.201	3
1.201	5
1.201	4
1.201	5
1.201	4
1.201	3
1.201	4
1.201	1
1.201	4
1.201	4
1.201	3
1.201	3
1.201	6
1.202	5
1.202	5
1.202	5
1.202	6
1.202	6
1.202	5
1.202	6
1.202	5
1.202	7
1.202	3
1.202	5
1.202	5
1.202	5
1.202	4
1.202	3
1.202	7
1.202	5
1.202	3
1.202	5
1.202	4
1.202	3
1.202	4
1.202	4
1.202	4
1.202	1
1.202	1
1.202	4
1.202	3
1.202	1
1.202	1
1.203	5
1.203	5
1.203	6
1.203	5
1.203	6
1.203	3
1.203	6
1.203	5
1.203	5
1.203	4
1.203	4
1.203	2
1.203	7
1.203	5
1.203	4
1.203	3
1.203	3
1.203	4
1.203	3
1.203	3
1.203	4
1.203	4
1.203	4
1.203	3
1.203	3
1.203	2
1.203	6
1.203	6
1.203	4
1.203	4
1.203	2
1.204	4
1.204	4
1.204	5
1.204	5
1.204	5
1.204	3
1.204	5
1.204	5
1.204	3
1.204	4
1.204	4
1.204	5
1.204	3
1.204	2
1.204	2
1.204	4
1.204	4
1.204	5
1.204	4
1.204	4
1.204	4
1.204	3
1.204	3
1.204	3
1.204	6
1.205	5
1.205	6
1.205	6
1.205	6
1.205	6
1.205	4
1.205	4
1.205	4
1.205	4
1.205	3
1.205	5
1.205	3
1.205	2
1.205	5
1.205	4
1.205	5
1.205	1
1.205	3
1.205	4
1.205	3
1.205	4
1.205	5
1.205	4
1.205	3
1.205	3
1.205	4
1.205	4
1.205	4
1.205	4
1.205	4
1.205	4
1.205	4
1.206	6
1.206	6
1.206	6
1.206	5
1.206	5
1.206	4
1.206	6
1.206	4
1.206	4
1.206	6
1.206	6
1.206	5
1.206	3
1.206	3
1.206	4
1.206	3
1.206	7
1.206	9
1.206	4
1.206	5
1.206	6
1.206	6
1.206	3
1.206	3
1.206	4
1.206	3
1.206	4
1.206	4
1.206	4
1.206	4
1.206	4
1.206	3
1.206	3
1.206	2
1.206	2
1.206	3
1.206	3
1.206	3
1.206	3
1.206	2
1.206	2
1.206	2
1.207	5
1.207	5
1.207	5
1.207	6
1.207	6
1.207	6
1.207	3
1.207	7
1.207	3
1.207	6
1.207	6
1.207	4
1.207	4
1.207	2
1.207	3
1.207	3
1.207	9
1.207	3
1.207	3
1.207	4
1.207	4
1.207	5
1.207	5
1.207	4
1.207	1
1.207	4
1.207	3
1.207	7
1.207	7
1.207	1
1.207	1
1.207	3
1.207	3
1.207	4
1.207	4
1.207	3
1.207	3
1.207	3
1.207	3
1.207	2
1.208	5
1.208	5
1.208	5
1.208	5
1.208	4
1.208	8
1.208	5
1.208	5
1.208	6
1.208	3
1.208	5
1.208	4
1.208	4
1.208	6
1.208	6
1.208	4
1.208	4
1.208	4
1.208	4
1.208	6
1.208	6
1.208	5
1.208	5
1.208	3
1.208	5
1.208	3
1.208	2
1.208	4
1.208	3
1.208	3
1.208	4
1.208	1
1.208	3
1.208	4
1.208	4
1.208	3
1.208	3
1.208	3
1.208	4
1.208	4
1.209	6
1.209	7
1.209	3
1.209	3
1.209	5
1.209	4
1.209	4
1.209	4
1.209	4
1.209	6
1.209	4
1.209	3
1.209	4
1.209	3
1.209	3
1.209	6
1.209	6
1.209	1
1.209	3
1.209	3
1.209	3
1.209	3
1.209	3
1.209	4
1.209	4
1.209	4
1.209	4
1.209	3
1.209	3
1.209	4
1.209	4
1.209	4
1.209	4
1.209	4
1.209	4
1.209	3
1.21	6
1.21	6
1.21	3
1.21	3
1.21	5
1.21	4
1.21	4
1.21	4
1.21	5
1.21	4
1.21	6
1.21	6
1.21	3
1.21	3
1.21	3
1.21	3
1.21	1
1.21	2
1.211	4
1.211	8
1.211	6
1.211	5
1.211	6
1.211	7
1.211	5
1.211	5
1.211	6
1.211	6
1.211	6
1.211	3
1.211	4
1.211	4
1.211	5
1.211	3
1.211	4
1.211	1
1.211	1
1.211	3
1.211	3
1.211	4
1.211	4
1.211	1
1.211	3
1.211	3
1.212	5
1.212	5
1.212	8
1.212	8
1.212	5
1.212	6
1.212	3
1.212	3
1.212	3
1.212	5
1.212	5
1.212	4
1.212	4
1.212	3
1.212	5
1.212	3
1.212	3
1.212	3
1.212	4
1.212	6
1.212	6
1.212	6
1.212	6
1.212	4
1.212	5
1.212	3
1.212	4
1.212	3
1.212	3
1.212	3
1.212	3
1.213	3
1.213	5
1.213	4
1.213	6
1.213	6
1.213	6
1.213	6
1.213	5
1.213	4
1.213	7
1.213	5
1.213	4
1.213	3
1.213	3
1.213	4
1.213	3
1.213	4
1.213	2
1.213	3
1.213	2
1.213	2
1.213	4
1.213	4
1.213	1
1.213	6
1.214	6
1.214	4
1.214	8
1.214	7
1.214	5
1.214	3
1.214	4
1.214	4
1.214	4
1.214	4
1.214	5
1.214	4
1.214	4
1.214	2
1.214	7
1.214	5
1.214	3
1.214	3
1.214	4
1.214	4
1.214	4
1.214	3
1.214	3
1.214	1
1.214	1
1.214	3
1.214	2
1.214	3
1.214	3
1.214	2
1.215	4
1.215	4
1.215	6
1.215	4
1.215	4
1.215	6
1.215	6
1.215	5
1.215	6
1.215	3
1.215	5
1.215	3
1.215	2
1.215	2
1.215	6
1.215	3
1.215	3
1.215	3
1.215	3
1.215	3
1.215	3
1.215	4
1.215	3
1.215	3
1.215	6
1.215	6
1.215	4
1.215	4
1.215	4
1.215	3
1.215	3
1.215	3
1.215	2
1.216	4
1.216	8
1.216	7
1.216	5
1.216	3
1.216	5
1.216	5
1.216	3
1.216	3
1.216	4
1.216	4
1.216	6
1.216	6
1.216	4
1.216	4
1.216	6
1.216	3
1.216	5
1.216	3
1.216	2
1.216	4
1.216	3
1.216	4
1.216	4
1.216	1
1.216	3
1.216	4
1.216	5
1.216	3
1.216	3
1.216	2
1.216	2
1.216	6
1.217	5
1.217	3
1.217	6
1.217	4
1.217	5
1.217	7
1.217	3
1.217	3
1.217	3
1.217	5
1.217	5
1.217	5
1.217	5
1.217	3
1.217	5
1.217	3
1.217	3
1.217	3
1.217	6
1.217	6
1.217	4
1.217	3
1.217	3
1.217	3
1.217	3
1.217	3
1.217	4
1.217	4
1.217	4
1.217	4
1.217	4
1.217	4
1.217	3
1.217	2
1.217	3
1.217	3
1.217	2
1.217	4
1.218	5
1.218	6
1.218	6
1.218	6
1.218	3
1.218	5
1.218	6
1.218	5
1.218	5
1.218	3
1.218	3
1.218	6
1.218	3
1.218	5
1.218	6
1.218	5
1.218	3
1.218	3
1.218	3
1.218	3
1.218	3
1.218	4
1.218	4
1.218	4
1.218	3
1.218	3
1.218	2
1.218	6
1.219	4
1.219	4
1.219	5
1.219	7
1.219	7
1.219	3
1.219	3
1.219	4
1.219	6
1.219	5
1.219	4
1.219	4
1.219	6
1.219	4
1.219	6
1.219	4
1.219	4
1.219	4
1.219	7
1.219	7
1.219	1
1.219	1
1.219	3
1.219	3
1.219	2
1.22	4
1.22	4
1.22	4
1.22	6
1.22	8
1.22	6
1.22	5
1.22	6
1.22	3
1.22	3
1.22	3
1.22	4
1.22	4
1.22	5
1.22	4
1.22	4
1.22	4
1.22	5
1.22	5
1.22	3
1.22	3
1.22	3
1.22	3
1.22	1
1.22	3
1.22	4
1.22	4
1.22	3
1.22	3
1.22	3
1.22	4
1.22	2
1.221	5
1.221	5
1.221	4
1.221	4
1.221	6
1.221	6
1.221	4
1.221	4
1.221	4
1.221	3
1.221	5
1.221	6
1.221	6
1.221	4
1.221	6
1.221	6
1.221	4
1.221	4
1.221	3
1.221	3
1.221	4
1.221	4
1.221	4
1.221	4
1.221	4
1.221	4
1.221	4
1.221	3
1.222	6
1.222	5
1.222	6
1.222	4
1.222	6
1.222	7
1.222	3
1.222	3
1.222	5
1.222	6
1.222	3
1.222	4
1.222	4
1.222	4
1.222	5
1.222	3
1.222	5
1.222	4
1.222	4
1.222	3
1.222	4
1.222	4
1.222	3
1.222	3
1.222	3
1.222	3
1.222	1
1.222	2
1.222	4
1.223	5
1.223	4
1.223	4
1.223	5
1.223	5
1.223	3
1.223	5
1.223	5
1.223	3
1.223	4
1.223	6
1.223	5
1.223	4
1.223	4
1.223	3
1.223	9
1.223	4
1.223	3
1.223	4
1.223	3
1.223	3
1.223	6
1.223	4
1.223	3
1.224	4
1.224	4
1.224	4
1.224	7
1.224	7
1.224	7
1.224	5
1.224	5
1.224	3
1.224	5
1.224	3
1.224	3
1.224	4
1.224	3
1.224	3
1.224	5
1.224	5
1.224	3
1.224	3
1.224	4
1.224	4
1.224	1
1.224	1
1.224	4
1.224	3
1.224	3
1.224	2
1.225	6
1.225	8
1.225	6
1.225	3
1.225	5
1.225	5
1.225	3
1.225	3
1.225	3
1.225	3
1.225	5
1.225	4
1.225	4
1.225	5
1.225	5
1.225	3
1.225	4
1.225	3
1.225	3
1.225	4
1.225	4
1.225	3
1.225	3
1.225	2
1.225	2
1.225	3
1.225	4
1.225	4
1.225	4
1.225	1
1.225	6
1.226	6
1.226	6
1.226	6
1.226	4
1.226	6
1.226	6
1.226	5
1.226	5
1.226	6
1.226	7
1.226	7
1.226	5
1.226	5
1.226	3
1.226	3
1.226	4
1.226	6
1.226	5
1.226	9
1.226	4
1.226	5
1.226	4
1.226	4
1.226	6
1.226	3
1.226	4
1.226	4
1.226	1
1.226	1
1.226	4
1.226	6
1.226	4
1.226	3
1.226	2
1.226	3
1.226	3
1.226	2
1.226	3
1.227	5
1.227	6
1.227	3
1.227	7
1.227	7
1.227	5
1.227	3
1.227	3
1.227	4
1.227	6
1.227	5
1.227	5
1.227	3
1.227	3
1.227	9
1.227	4
1.227	3
1.227	3
1.227	3
1.227	7
1.227	1
1.227	3
1.227	4
1.227	3
1.227	3
1.227	3
1.227	1
1.227	2
1.228	5
1.228	5
1.228	6
1.228	4
1.228	4
1.228	4
1.228	5
1.228	5
1.228	5
1.228	6
1.228	6
1.228	3
1.228	5
1.228	4
1.228	3
1.228	3
1.228	4
1.228	4
1.228	5
1.228	5
1.228	4
1.228	4
1.228	3
1.228	3
1.228	2
1.228	2
1.228	3
1.228	4
1.228	4
1.228	4
1.228	6
1.228	6
1.229	3
1.229	7
1.229	5
1.229	3
1.229	5
1.229	5
1.229	6
1.229	6
1.229	4
1.229	9
1.229	9
1.229	3
1.229	5
1.229	5
1.229	3
1.229	4
1.229	4
1.229	5
1.229	5
1.229	3
1.229	3
1.229	4
1.229	3
1.229	4
1.229	4
1.229	4
1.229	4
1.229	3
1.229	2
1.229	3
1.229	3
1.229	2
1.229	3
1.229	4
1.23	6
1.23	5
1.23	7
1.23	3
1.23	4
1.23	6
1.23	4
1.23	4
1.23	6
1.23	7
1.23	5
1.23	3
1.23	3
1.23	3
1.23	3
1.23	6
1.23	4
1.23	4
1.23	3
1.23	3
1.23	3
1.23	3
1.23	7
1.23	1
1.23	3
1.23	4
1.23	3
1.23	3
1.23	2
1.23	2
1.231	6
1.231	8
1.231	7
1.231	7
1.231	5
1.231	5
1.231	3
1.231	3
1.231	5
1.231	3
1.231	3
1.231	4
1.231	4
1.231	2
1.231	5
1.231	4
1.231	4
1.231	4
1.231	4
1.231	3
1.231	3
1.231	3
1.231	3
1.231	4
1.231	4
1.231	3
1.231	3
1.231	2
1.231	3
1.231	3
1.231	3
1.231	2
1.232	5
1.232	5
1.232	3
1.232	4
1.232	5
1.232	7
1.232	7
1.232	7
1.232	7
1.232	5
1.232	3
1.232	2
1.232	6
1.232	4
1.232	4
1.232	3
1.232	3
1.232	4
1.232	3
1.232	4
1.232	4
1.232	4
1.232	3
1.232	4
1.232	3
1.232	3
1.232	4
1.232	4
1.233	5
1.233	3
1.233	3
1.233	4
1.233	6
1.233	6
1.233	3
1.233	5
1.233	6
1.233	5
1.233	3
1.233	5
1.233	3
1.233	7
1.233	6
1.233	5
1.233	5
1.233	4
1.233	5
1.233	3
1.233	5
1.233	1
1.233	1
1.233	3
1.233	3
1.233	3
1.233	2
1.233	3
1.233	3
1.233	4
1.233	3
1.233	6
1.234	5
1.234	6
1.234	4
1.234	5
1.234	7
1.234	5
1.234	3
1.234	5
1.234	2
1.234	7
1.234	9
1.234	6
1.234	6
1.234	6
1.234	6
1.234	4
1.234	5
1.234	1
1.234	3
1.234	1
1.234	2
1.234	2
1.234	6
1.235	3
1.235	6
1.235	6
1.235	6
1.235	3
1.235	3
1.235	5
1.235	5
1.235	6
1.235	6
1.235	7
1.235	5
1.235	5
1.235	3
1.235	2
1.235	2
1.235	6
1.235	6
1.235	3
1.235	3
1.235	4
1.235	3
1.235	6
1.235	4
1.235	3
1.235	2
1.236	5
1.236	5
1.236	5
1.236	5
1.236	5
1.236	6
1.236	6
1.236	5
1.236	3
1.236	3
1.236	5
1.236	3
1.236	2
1.236	7
1.236	7
1.236	4
1.236	4
1.236	4
1.236	4
1.236	4
1.236	1
1.236	1
1.236	3
1.236	2
1.236	4
1.236	2
1.236	4
1.236	3
1.236	3
1.236	3
1.236	2
1.236	6
1.237	5
1.237	5
1.237	5
1.237	3
1.237	4
1.237	6
1.237	7
1.237	7
1.237	7
1.237	5
1.237	3
1.237	4
1.237	6
1.237	4
1.237	3
1.237	2
1.237	2
1.237	4
1.237	5
1.237	3
1.237	3
1.237	3
1.237	3
1.237	3
1.237	3
1.237	4
1.237	4
1.237	3
1.237	1
1.237	3
1.237	4
1.237	4
1.237	4
1.237	3
1.237	1
1.237	1
1.237	4
1.238	6
1.238	5
1.238	5
1.238	8
1.238	5
1.238	7
1.238	5
1.238	3
1.238	4
1.238	6
1.238	4
1.238	4
1.238	5
1.238	5
1.238	3
1.238	3
1.238	2
1.238	2
1.238	5
1.238	9
1.238	4
1.238	4
1.238	4
1.238	4
1.238	3
1.238	4
1.238	6
1.238	4
1.238	4
1.238	3
1.238	2
1.238	3
1.238	3
1.238	3
1.238	4
1.238	2
1.239	5
1.239	5
1.239	6
1.239	4
1.239	5
1.239	6
1.239	7
1.239	3
1.239	3
1.239	3
1.239	3
1.239	3
1.239	3
1.239	3
1.239	3
1.239	4
1.239	3
1.239	2
1.239	7
1.239	1
1.239	3
1.239	4
1.239	3
1.239	3
1.239	3
1.239	3
1.239	2
1.24	5
1.24	8
1.24	5
1.24	5
1.24	6
1.24	3
1.24	5
1.24	3
1.24	4
1.24	6
1.24	4
1.24	3
1.24	3
1.24	4
1.24	4
1.24	4
1.24	3
1.24	3
1.24	3
1.24	4
1.24	4
1.24	4
1.24	6
1.24	4
1.24	2
1.24	4
1.241	6
1.241	5
1.241	3
1.241	4
1.241	6
1.241	5
1.241	5
1.241	5
1.241	6
1.241	6
1.241	7
1.241	3
1.241	5
1.241	4
1.241	4
1.241	4
1.241	7
1.241	4
1.241	4
1.241	5
1.241	5
1.241	4
1.241	3
1.241	4
1.241	4
1.241	4
1.241	4
1.241	3
1.241	3
1.241	2
1.241	2
1.241	3
1.241	3
1.241	3
1.241	3
1.241	3
1.241	3
1.241	3
1.242	5
1.242	6
1.242	6
1.242	5
1.242	6
1.242	6
1.242	3
1.242	3
1.242	7
1.242	3
1.242	3
1.242	4
1.242	4
1.242	2
1.242	5
1.242	5
1.242	5
1.242	3
1.242	3
1.242	4
1.242	4
1.242	3
1.242	3
1.242	5
1.242	4
1.242	3
1.242	3
1.242	7
1.242	1
1.242	3
1.242	3
1.242	4
1.242	4
1.242	4
1.242	4
1.242	4
1.242	3
1.242	3
1.242	3
1.242	3
1.242	1
1.242	3
1.242	2
1.243	5
1.243	5
1.243	4
1.243	4
1.243	6
1.243	6
1.243	5
1.243	5
1.243	6
1.243	6
1.243	3
1.243	3
1.243	5
1.243	6
1.243	7
1.243	3
1.243	4
1.243	4
1.243	5
1.243	3
1.243	2
1.243	6
1.243	6
1.243	3
1.243	3
1.243	3
1.243	3
1.243	4
1.243	3
1.243	3
1.243	4
1.243	1
1.243	6
1.244	5
1.244	5
1.244	6
1.244	6
1.244	5
1.244	5
1.244	5
1.244	5
1.244	4
1.244	4
1.244	4
1.244	4
1.244	3
1.244	6
1.244	4
1.244	4
1.244	4
1.244	1
1.244	4
1.244	3
1.244	4
1.244	4
1.244	4
1.244	7
1.244	1
1.244	3
1.244	3
1.244	3
1.244	3
1.244	6
1.245	5
1.245	5
1.245	6
1.245	5
1.245	5
1.245	5
1.245	3
1.245	3
1.245	7
1.245	1
1.245	1
1.245	3
1.245	3
1.245	3
1.245	4
1.245	5
1.245	4
1.245	2
1.245	3
1.245	3
1.245	4
1.245	3
1.245	1
1.245	2
1.246	6
1.246	5
1.246	3
1.246	4
1.246	6
1.246	8
1.246	6
1.246	3
1.246	5
1.246	6
1.246	7
1.246	5
1.246	6
1.246	3
1.246	3
1.246	3
1.246	5
1.246	5
1.246	6
1.246	6
1.246	6
1.246	6
1.246	4
1.246	1
1.246	3
1.246	4
1.246	3
1.246	4
1.246	4
1.246	4
1.246	3
1.246	2
1.246	4
1.246	3
1.246	3
1.246	2
1.247	5
1.247	5
1.247	5
1.247	5
1.247	5
1.247	5
1.247	5
1.247	6
1.247	5
1.247	3
1.247	4
1.247	4
1.247	5
1.247	5
1.247	5
1.247	5
1.247	3
1.247	2
1.247	4
1.247	1
1.247	3
1.247	3
1.247	3
1.247	6
1.247	4
1.247	3
1.247	3
1.247	4
1.247	3
1.247	3
1.247	3
1.247	2
1.247	4
1.247	3
1.247	3
1.247	3
1.247	4
1.248	5
1.248	5
1.248	5
1.248	5
1.248	4
1.248	8
1.248	8
1.248	6
1.248	5
1.248	5
1.248	6
1.248	6
1.248	3
1.248	3
1.248	7
1.248	5
1.248	3
1.248	5
1.248	4
1.248	3
1.248	4
1.248	4
1.248	4
1.248	4
1.248	4
1.248	3
1.248	4
1.248	3
1.248	2
1.248	4
1.248	2
1.248	3
1.248	4
1.248	4
1.248	4
1.248	3
1.248	3
1.248	4
1.249	4
1.249	5
1.249	5
1.249	7
1.249	6
1.249	4
1.249	4
1.249	3
1.249	3
1.249	3
1.249	3
1.249	4
1.249	5
1.249	4
1.249	3
1.249	1
1.249	3
1.249	4
1.249	4
1.249	4
1.249	3
1.249	2
1.249	4
1.249	3
1.249	3
1.249	2
1.249	6
1.25	5
1.25	5
1.25	6
1.25	5
1.25	4
1.25	6
1.25	6
1.25	6
1.25	3
1.25	5
1.25	6
1.25	5
1.25	4
1.25	4
1.25	6
1.25	5
1.25	5
1.25	3
1.25	4
1.25	4
1.25	5
1.25	5
1.25	4
1.25	4
1.25	4
1.25	3
1.25	3
1.25	4
1.25	2
1.25	4
1.25	6
1.25	6
1.25	4
1.25	4
1.25	4
1.25	3
1.25	3
1.25	2
1.251	5
1.251	5
1.251	4
1.251	4
1.251	6
1.251	6
1.251	5
1.251	5
1.251	4
1.251	4
1.251	9
1.251	9
1.251	3
1.251	3
1.251	3
1.251	3
1.251	4
1.251	4
1.251	3
1.251	2
1.251	1
1.251	7
1.251	1
1.251	3
1.251	3
1.251	2
1.252	5
1.252	5
1.252	3
1.252	6
1.252	4
1.252	6
1.252	6
1.252	6
1.252	5
1.252	4
1.252	3
1.252	3
1.252	3
1.252	3
1.252	3
1.252	3
1.252	4
1.252	5
1.252	4
1.252	3
1.252	3
1.252	3
1.252	3
1.252	3
1.252	4
1.252	4
1.252	4
1.252	4
1.252	4
1.252	4
1.252	3
1.252	1
1.252	3
1.253	8
1.253	5
1.253	5
1.253	6
1.253	3
1.253	7
1.253	5
1.253	4
1.253	4
1.253	4
1.253	4
1.253	4
1.253	4
1.253	4
1.253	4
1.253	1
1.253	3
1.253	4
1.253	3
1.253	3
1.253	2
1.253	4
1.253	3
1.253	4
1.253	4
1.253	4
1.253	4
1.253	4
1.253	4
1.253	3
1.253	1
1.253	4
1.253	6
1.254	6
1.254	4
1.254	6
1.254	6
1.254	6
1.254	5
1.254	6
1.254	3
1.254	7
1.254	4
1.254	6
1.254	5
1.254	3
1.254	5
1.254	5
1.254	3
1.254	3
1.254	6
1.254	6
1.254	3
1.254	3
1.254	5
1.254	4
1.254	3
1.254	3
1.254	3
1.254	7
1.254	7
1.254	1
1.254	1
1.254	3
1.254	3
1.254	4
1.254	3
1.254	6
1.255	6
1.255	8
1.255	8
1.255	5
1.255	5
1.255	3
1.255	5
1.255	5
1.255	5
1.255	6
1.255	6
1.255	4
1.255	3
1.255	3
1.255	6
1.255	4
1.255	3
1.255	3
1.255	2
1.255	2
1.256	5
1.256	5
1.256	5
1.256	5
1.256	4
1.256	4
1.256	4
1.256	8
1.256	8
1.256	6
1.256	6
1.256	5
1.256	5
1.256	5
1.256	4
1.256	4
1.256	4
1.256	1
1.256	3
1.256	4
1.256	1
1.256	4
1.256	4
1.256	4
1.256	3
1.256	3
1.256	4
1.256	4
1.256	4
1.256	4
1.256	4
1.256	4
1.256	6
1.256	4
1.256	4
1.256	3
1.256	2
1.256	4
1.256	3
1.256	3
1.256	2
1.257	5
1.257	6
1.257	3
1.257	5
1.257	6
1.257	4
1.257	6
1.257	6
1.257	6
1.257	6
1.257	3
1.257	3
1.257	6
1.257	6
1.257	3
1.257	4
1.257	5
1.257	4
1.257	3
1.257	4
1.257	2
1.257	3
1.257	3
1.257	3
1.257	3
1.257	3
1.257	4
1.257	4
1.257	4
1.257	4
1.257	3
1.257	3
1.257	3
1.257	2
1.257	4
1.257	3
1.257	3
1.257	3
1.257	4
1.258	4
1.258	4
1.258	4
1.258	6
1.258	5
1.258	5
1.258	5
1.258	6
1.258	3
1.258	3
1.258	4
1.258	6
1.258	4
1.258	4
1.258	7
1.258	7
1.258	3
1.258	3
1.258	5
1.258	5
1.258	4
1.258	4
1.258	1
1.258	3
1.258	3
1.258	4
1.258	3
1.258	4
1.258	4
1.258	4
1.258	7
1.258	4
1.258	4
1.258	3
1.258	3
1.258	1
1.258	4
1.259	3
1.259	6
1.259	4
1.259	4
1.259	8
1.259	5
1.259	3
1.259	5
1.259	3
1.259	3
1.259	3
1.259	4
1.259	4
1.259	1
1.259	5
1.259	3
1.259	7
1.259	1
1.259	3
1.259	4
1.259	2
1.259	6
1.259	6
1.26	6
1.26	4
1.26	4
1.26	4
1.26	4
1.26	6
1.26	6
1.26	5
1.26	5
1.26	3
1.26	3
1.26	2
1.26	2
1.26	4
1.26	4
1.26	3
1.26	3
1.26	3
1.26	4
1.26	3
1.26	4
1.26	3
1.26	2
1.26	4
1.26	4
1.26	2
1.26	2
1.26	7
1.26	1
1.26	4
1.26	3
1.26	4
1.26	4
1.26	4
1.26	3
1.26	2
1.261	5
1.261	5
1.261	6
1.261	3
1.261	4
1.261	6
1.261	6
1.261	8
1.261	8
1.261	6
1.261	3
1.261	3
1.261	3
1.261	5
1.261	6
1.261	3
1.261	3
1.261	4
1.261	4
1.261	5
1.261	4
1.261	4
1.261	1
1.261	3
1.261	2
1.261	2
1.261	4
1.261	3
1.261	4
1.261	4
1.261	4
1.261	4
1.261	3
1.261	2
1.261	2
1.262	5
1.262	6
1.262	6
1.262	6
1.262	6
1.262	5
1.262	6
1.262	5
1.262	5
1.262	3
1.262	4
1.262	4
1.262	4
1.262	4
1.262	5
1.262	5
1.262	5
1.262	3
1.262	3
1.262	4
1.262	3
1.262	3
1.262	4
1.262	3
1.262	3
1.262	3
1.262	3
1.262	4
1.262	3
1.262	4
1.262	4
1.262	4
1.262	7
1.262	1
1.262	4
1.262	3
1.262	3
1.262	2
1.262	4
1.262	3
1.262	3
1.262	1
1.262	3
1.263	5
1.263	4
1.263	4
1.263	8
1.263	9
1.263	9
1.263	6
1.263	3
1.263	3
1.263	3
1.263	4
1.263	4
1.263	4
1.263	3
1.263	3
1.263	2
1.263	2
1.263	3
1.263	3
1.263	3
1.263	4
1.263	3
1.263	4
1.263	3
1.263	3
1.263	1
1.263	4
1.263	4
1.264	5
1.264	4
1.264	4
1.264	5
1.264	5
1.264	6
1.264	3
1.264	5
1.264	3
1.264	3
1.264	3
1.264	3
1.264	3
1.264	3
1.264	3
1.264	4
1.264	4
1.264	5
1.264	4
1.264	3
1.264	3
1.264	3
1.264	3
1.264	4
1.264	3
1.264	4
1.264	4
1.264	4
1.264	4
1.264	3
1.265	5
1.265	4
1.265	6
1.265	6
1.265	5
1.265	6
1.265	3
1.265	7
1.265	5
1.265	4
1.265	6
1.265	5
1.265	4
1.265	4
1.265	4
1.265	4
1.265	5
1.265	3
1.265	1
1.265	3
1.265	4
1.265	3
1.265	4
1.265	4
1.265	2
1.265	3
1.265	3
1.265	7
1.265	4
1.265	3
1.265	2
1.265	2
1.266	5
1.266	5
1.266	8
1.266	5
1.266	5
1.266	3
1.266	4
1.266	4
1.266	4
1.266	4
1.266	3
1.266	6
1.266	6
1.266	6
1.266	6
1.266	4
1.266	3
1.266	4
1.266	5
1.266	5
1.266	4
1.266	4
1.266	2
1.266	4
1.266	2
1.266	3
1.266	7
1.266	4
1.266	3
1.266	2
1.266	4
1.266	3
1.266	3
1.266	6
1.267	5
1.267	5
1.267	3
1.267	6
1.267	4
1.267	4
1.267	4
1.267	6
1.267	6
1.267	8
1.267	5
1.267	3
1.267	3
1.267	3
1.267	5
1.267	5
1.267	4
1.267	4
1.267	3
1.267	4
1.267	4
1.267	3
1.267	3
1.267	3
1.267	2
1.267	3
1.267	4
1.267	4
1.267	4
1.267	4
1.267	3
1.267	3
1.267	3
1.267	2
1.267	4
1.267	3
1.267	3
1.267	3
1.267	3
1.268	6
1.268	4
1.268	4
1.268	7
1.268	5
1.268	3
1.268	5
1.268	5
1.268	4
1.268	4
1.268	1
1.268	3
1.268	4
1.268	3
1.268	4
1.268	1
1.268	3
1.268	2
1.268	3
1.268	4
1.268	2
1.268	4
1.268	3
1.268	4
1.268	4
1.268	4
1.268	3
1.268	4
1.268	3
1.268	3
1.268	1
1.268	1
1.268	2
1.268	6
1.269	5
1.269	3
1.269	3
1.269	6
1.269	6
1.269	4
1.269	4
1.269	6
1.269	5
1.269	5
1.269	7
1.269	3
1.269	4
1.269	6
1.269	5
1.269	5
1.269	6
1.269	6
1.269	3
1.269	6
1.269	3
1.269	3
1.269	6
1.269	6
1.269	3
1.269	4
1.269	5
1.269	5
1.269	3
1.269	3
1.269	2
1.269	2
1.269	7
1.269	1
1.269	4
1.269	4
1.269	4
1.27	6
1.27	6
1.27	6
1.27	5
1.27	8
1.27	5
1.27	7
1.27	5
1.27	5
1.27	3
1.27	3
1.27	3
1.27	7
1.27	7
1.27	4
1.27	5
1.27	4
1.27	1
1.27	3
1.27	4
1.27	3
1.27	3
1.27	7
1.27	1
1.27	4
1.27	3
1.27	3
1.27	4
1.27	2
1.271	5
1.271	5
1.271	4
1.271	4
1.271	7
1.271	7
1.271	3
1.271	3
1.271	9
1.271	4
1.271	3
1.271	4
1.271	6
1.271	6
1.271	4
1.271	4
1.271	1
1.271	1
1.271	4
1.271	3
1.271	2
1.271	4
1.271	3
1.271	4
1.271	4
1.271	4
1.271	7
1.271	4
1.272	5
1.272	6
1.272	6
1.272	5
1.272	5
1.272	5
1.272	5
1.272	3
1.272	3
1.272	2
1.272	2
1.272	3
1.272	3
1.272	3
1.272	3
1.272	3
1.272	4
1.272	3
1.272	3
1.272	4
1.272	4
1.272	4
1.272	3
1.272	4
1.272	3
1.272	3
1.272	3
1.272	4
1.272	3
1.272	4
1.272	4
1.272	4
1.272	4
1.272	3
1.272	3
1.272	2
1.272	2
1.272	4
1.272	4
1.272	3
1.272	3
1.272	3
1.272	3
1.272	2
1.272	4
1.273	5
1.273	5
1.273	6
1.273	4
1.273	4
1.273	6
1.273	5
1.273	6
1.273	7
1.273	5
1.273	3
1.273	4
1.273	4
1.273	4
1.273	4
1.273	5
1.273	4
1.273	4
1.273	4
1.273	5
1.273	4
1.273	4
1.273	4
1.273	3
1.273	3
1.273	3
1.273	3
1.273	3
1.273	4
1.273	4
1.273	4
1.273	4
1.273	4
1.273	4
1.273	4
1.273	3
1.273	3
1.273	3
1.273	3
1.273	6
1.274	5
1.274	5
1.274	5
1.274	5
1.274	3
1.274	4
1.274	5
1.274	6
1.274	7
1.274	6
1.274	6
1.274	9
1.274	5
1.274	3
1.274	3
1.274	3
1.274	3
1.274	4
1.274	3
1.274	5
1.274	4
1.274	3
1.274	4
1.274	4
1.274	3
1.274	2
1.274	6
1.275	6
1.275	6
1.275	4
1.275	4
1.275	5
1.275	3
1.275	4
1.275	4
1.275	4
1.275	4
1.275	5
1.275	3
1.275	3
1.275	6
1.275	3
1.275	4
1.275	4
1.275	3
1.275	4
1.275	4
1.275	5
1.275	4
1.275	3
1.275	4
1.275	2
1.275	7
1.275	1
1.275	4
1.275	7
1.275	4
1.275	1
1.275	2
1.276	5
1.276	5
1.276	6
1.276	3
1.276	3
1.276	6
1.276	7
1.276	7
1.276	7
1.276	4
1.276	4
1.276	3
1.276	4
1.276	4
1.276	5
1.276	5
1.276	4
1.276	1
1.276	2
1.276	4
1.276	2
1.276	7
1.276	4
1.276	3
1.276	2
1.277	5
1.277	3
1.277	3
1.277	6
1.277	8
1.277	5
1.277	6
1.277	5
1.277	4
1.277	4
1.277	6
1.277	5
1.277	3
1.277	3
1.277	1
1.277	3
1.277	4
1.277	4
1.277	3
1.277	3
1.277	3
1.277	4
1.277	4
1.277	1
1.277	5
1.277	3
1.277	2
1.277	4
1.277	3
1.277	4
1.277	4
1.277	4
1.277	3
1.277	4
1.277	4
1.277	4
1.277	3
1.277	1
1.277	4
1.278	6
1.278	6
1.278	5
1.278	4
1.278	4
1.278	8
1.278	5
1.278	6
1.278	5
1.278	5
1.278	4
1.278	4
1.278	4
1.278	4
1.278	7
1.278	5
1.278	3
1.278	6
1.278	6
1.278	6
1.278	6
1.278	4
1.278	4
1.278	3
1.278	3
1.278	4
1.278	3
1.278	4
1.278	3
1.278	2
1.278	3
1.278	3
1.278	3
1.278	4
1.278	3
1.278	4
1.278	4
1.278	4
1.278	4
1.278	4
1.278	4
1.279	5
1.279	5
1.279	5
1.279	4
1.279	5
1.279	3
1.279	3
1.279	3
1.279	3
1.279	4
1.279	5
1.279	3
1.279	4
1.279	4
1.279	1
1.279	3
1.279	3
1.279	2
1.279	3
1.279	7
1.279	1
1.279	4
1.279	4
1.279	4
1.279	4
1.279	3
1.279	2
1.279	4
1.279	3
1.279	3
1.279	3
1.279	2
1.28	5
1.28	5
1.28	3
1.28	6
1.28	5
1.28	5
1.28	5
1.28	6
1.28	6
1.28	7
1.28	5
1.28	3
1.28	2
1.28	6
1.28	4
1.28	6
1.28	4
1.28	1
1.28	1
1.28	3
1.28	3
1.28	4
1.28	3
1.28	4
1.28	3
1.28	7
1.28	1
1.28	4
1.28	4
1.28	3
1.28	3
1.28	2
1.28	6
1.281	5
1.281	5
1.281	5
1.281	5
1.281	6
1.281	5
1.281	6
1.281	3
1.281	7
1.281	5
1.281	5
1.281	4
1.281	7
1.281	3
1.281	6
1.281	4
1.281	3
1.281	3
1.281	6
1.281	6
1.281	6
1.281	6
1.281	4
1.281	5
1.281	4
1.281	4
1.281	4
1.281	4
1.281	2
1.281	4
1.281	3
1.281	4
1.281	4
1.281	4
1.281	7
1.281	7
1.281	4
1.281	4
1.281	3
1.281	2
1.281	4
1.281	3
1.281	3
1.281	3
1.282	5
1.282	5
1.282	5
1.282	5
1.282	3
1.282	3
1.282	4
1.282	5
1.282	4
1.282	4
1.282	6
1.282	6
1.282	3
1.282	4
1.282	5
1.282	4
1.282	4
1.282	3
1.282	4
1.282	5
1.282	4
1.282	3
1.282	4
1.282	2
1.282	3
1.282	3
1.282	4
1.282	3
1.282	4
1.282	4
1.282	4
1.282	4
1.282	3
1.282	3
1.282	1
1.282	3
1.282	2
1.283	6
1.283	6
1.283	3
1.283	3
1.283	5
1.283	3
1.283	2
1.283	9
1.283	4
1.283	3
1.283	6
1.283	3
1.283	4
1.283	4
1.283	4
1.283	3
1.283	4
1.283	3
1.283	4
1.283	4
1.283	3
1.283	3
1.283	3
1.283	3
1.283	3
1.283	3
1.283	3
1.283	4
1.283	4
1.283	4
1.283	4
1.283	4
1.283	4
1.283	1
1.283	6
1.284	5
1.284	5
1.284	5
1.284	5
1.284	5
1.284	5
1.284	3
1.284	6
1.284	6
1.284	6
1.284	3
1.284	5
1.284	5
1.284	4
1.284	3
1.284	3
1.284	3
1.284	3
1.284	3
1.284	3
1.284	3
1.284	4
1.284	3
1.284	4
1.284	5
1.284	5
1.284	3
1.284	2
1.284	3
1.284	4
1.284	4
1.284	3
1.284	4
1.285	6
1.285	6
1.285	5
1.285	4
1.285	5
1.285	6
1.285	3
1.285	5
1.285	6
1.285	7
1.285	4
1.285	4
1.285	4
1.285	5
1.285	4
1.285	4
1.285	4
1.285	1
1.285	3
1.285	4
1.285	3
1.285	5
1.285	3
1.285	4
1.285	2
1.285	7
1.285	7
1.285	1
1.285	1
1.285	4
1.285	4
1.285	4
1.285	3
1.285	2
1.286	5
1.286	5
1.286	6
1.286	6
1.286	5
1.286	5
1.286	4
1.286	5
1.286	5
1.286	3
1.286	3
1.286	6
1.286	6
1.286	4
1.286	4
1.286	9
1.286	5
1.286	3
1.286	3
1.286	3
1.286	6
1.286	6
1.286	1
1.286	3
1.286	4
1.286	3
1.286	4
1.286	1
1.286	2
1.286	4
1.286	2
1.286	4
1.286	3
1.286	2
1.286	4
1.286	3
1.286	3
1.286	2
1.287	5
1.287	5
1.287	5
1.287	5
1.287	3
1.287	6
1.287	6
1.287	3
1.287	3
1.287	4
1.287	4
1.287	4
1.287	4
1.287	3
1.287	5
1.287	3
1.287	3
1.287	4
1.287	5
1.287	6
1.287	3
1.287	3
1.287	6
1.287	6
1.287	3
1.287	4
1.287	4
1.287	1
1.287	4
1.287	3
1.287	2
1.287	4
1.287	4
1.287	3
1.287	3
1.287	4
1.287	4
1.287	4
1.287	4
1.287	4
1.287	4
1.287	4
1.287	4
1.287	3
1.287	3
1.287	3
1.287	2
1.287	4
1.287	3
1.287	3
1.287	4
1.288	5
1.288	3
1.288	5
1.288	5
1.288	4
1.288	4
1.288	9
1.288	4
1.288	4
1.288	1
1.288	3
1.288	4
1.288	3
1.288	4
1.288	4
1.288	3
1.288	3
1.288	2
1.288	3
1.288	3
1.288	3
1.288	3
1.288	3
1.288	7
1.288	4
1.288	4
1.288	4
1.288	3
1.288	3
1.288	3
1.289	5
1.289	5
1.289	6
1.289	5
1.289	4
1.289	6
1.289	5
1.289	5
1.289	6
1.289	5
1.289	4
1.289	4
1.289	6
1.289	3
1.289	3
1.289	5
1.289	5
1.289	3
1.289	3
1.289	3
1.289	3
1.289	4
1.289	6
1.289	6
1.289	4
1.289	3
1.289	3
1.289	2
1.289	3
1.289	3
1.289	1
1.289	2
1.289	6
1.29	5
1.29	4
1.29	5
1.29	5
1.29	5
1.29	5
1.29	5
1.29	3
1.29	7
1.29	5
1.29	4
1.29	3
1.29	6
1.29	6
1.29	6
1.29	4
1.29	3
1.29	3
1.29	4
1.29	5
1.29	3
1.29	3
1.29	4
1.29	4
1.29	4
1.29	7
1.29	4
1.29	6
1.291	5
1.291	5
1.291	5
1.291	5
1.291	6
1.291	6
1.291	5
1.291	3
1.291	6
1.291	4
1.291	4
1.291	4
1.291	3
1.291	4
1.291	4
1.291	4
1.291	5
1.291	4
1.291	4
1.291	4
1.291	4
1.291	2
1.291	2
1.291	4
1.291	3
1.291	3
1.291	2
1.292	5
1.292	5
1.292	5
1.292	5
1.292	5
1.292	5
1.292	5
1.292	5
1.292	6
1.292	6
1.292	5
1.292	5
1.292	6
1.292	3
1.292	5
1.292	5
1.292	3
1.292	3
1.292	5
1.292	5
1.292	5
1.292	3
1.292	2
1.292	6
1.292	5
1.292	4
1.292	3
1.292	3
1.292	3
1.292	3
1.292	4
1.292	3
1.292	4
1.292	5
1.292	4
1.292	2
1.292	4
1.292	3
1.292	4
1.292	2
1.292	2
1.292	7
1.292	1
1.292	4
1.292	3
1.292	4
1.292	4
1.292	4
1.292	4
1.292	1
1.292	2
1.293	6
1.293	5
1.293	6
1.293	5
1.293	7
1.293	7
1.293	4
1.293	7
1.293	3
1.293	3
1.293	6
1.293	6
1.293	3
1.293	4
1.293	4
1.293	3
1.293	4
1.293	3
1.293	3
1.293	4
1.293	4
1.293	3
1.293	3
1.293	3
1.293	4
1.293	4
1.293	4
1.293	3
1.293	2
1.293	4
1.293	3
1.293	3
1.293	4
1.294	5
1.294	8
1.294	4
1.294	4
1.294	6
1.294	6
1.294	6
1.294	4
1.294	6
1.294	4
1.294	5
1.294	5
1.294	3
1.294	3
1.294	4
1.294	3
1.294	4
1.294	5
1.294	3
1.294	3
1.294	2
1.294	2
1.294	4
1.294	3
1.294	4
1.294	4
1.294	4
1.294	7
1.294	1
1.294	4
1.294	4
1.294	4
1.294	3
1.294	3
1.294	3
1.294	4
1.295	5
1.295	5
1.295	5
1.295	6
1.295	6
1.295	3
1.295	3
1.295	4
1.295	4
1.295	5
1.295	5
1.295	3
1.295	2
1.295	7
1.295	9
1.295	4
1.295	4
1.295	6
1.295	5
1.295	3
1.295	3
1.295	1
1.295	3
1.295	5
1.295	3
1.295	3
1.295	3
1.295	3
1.295	7
1.295	4
1.295	2
1.296	6
1.296	5
1.296	6
1.296	3
1.296	4
1.296	4
1.296	3
1.296	3
1.296	4
1.296	6
1.296	6
1.296	6
1.296	1
1.296	3
1.296	4
1.296	4
1.296	2
1.296	3
1.296	4
1.296	3
1.296	4
1.296	4
1.296	4
1.296	7
1.296	4
1.296	3
1.296	2
1.296	4
1.296	3
1.296	3
1.296	2
1.297	5
1.297	5
1.297	5
1.297	5
1.297	5
1.297	6
1.297	5
1.297	8
1.297	5
1.297	5
1.297	6
1.297	4
1.297	5
1.297	3
1.297	2
1.297	4
1.297	4
1.297	4
1.297	5
1.297	5
1.297	4
1.297	5
1.297	3
1.297	6
1.297	6
1.297	4
1.297	5
1.297	3
1.297	4
1.297	4
1.297	2
1.297	4
1.297	4
1.297	3
1.297	3
1.297	3
1.297	4
1.297	4
1.297	4
1.297	4
1.297	3
1.297	3
1.297	3
1.298	5
1.298	3
1.298	8
1.298	7
1.298	7
1.298	3
1.298	3
1.298	5
1.298	4
1.298	4
1.298	4
1.298	4
1.298	4
1.298	9
1.298	9
1.298	3
1.298	6
1.298	6
1.298	4
1.298	4
1.298	3
1.298	4
1.298	3
1.298	4
1.298	4
1.298	4
1.298	3
1.298	3
1.298	4
1.298	2
1.298	3
1.298	4
1.298	4
1.298	4
1.298	4
1.298	4
1.298	1
1.298	3
1.299	5
1.299	5
1.299	3
1.299	3
1.299	5
1.299	3
1.299	4
1.299	3
1.299	3
1.299	3
1.299	6
1.299	4
1.299	3
1.299	3
1.299	4
1.299	4
1.299	3
1.299	4
1.299	2
1.299	7
1.299	1
1.299	4
1.299	4
1.299	4
1.299	1
1.3	6
1.3	6
1.3	5
1.3	8
1.3	8
1.3	6
1.3	4
1.3	4
1.3	4
1.3	4
1.3	4
1.3	4
1.3	3
1.3	4
1.3	5
1.3	5
1.3	3
1.3	4
1.3	2
1.3	7
1.3	1
1.3	4
1.3	4
1.3	3
1.301	5
1.301	5
1.301	5
1.301	5
1.301	5
1.301	4
1.301	4
1.301	6
1.301	4
1.301	3
1.301	6
1.301	3
1.301	4
1.301	1
1.301	3
1.301	4
1.301	5
1.301	4
1.301	3
1.301	2
1.301	2
1.301	4
1.301	3
1.301	4
1.301	4
1.301	4
1.301	3
1.302	5
1.302	5
1.302	5
1.302	4
1.302	5
1.302	5
1.302	6
1.302	6
1.302	5
1.302	5
1.302	4
1.302	6
1.302	3
1.302	4
1.302	7
1.302	5
1.302	5
1.302	4
1.302	5
1.302	3
1.302	3
1.302	6
1.302	6
1.302	4
1.302	3
1.302	4
1.302	5
1.302	4
1.302	4
1.302	2
1.302	2
1.302	3
1.302	3
1.302	3
1.302	3
1.302	4
1.302	3
1.302	4
1.302	4
1.302	4
1.302	7
1.302	4
1.302	4
1.302	3
1.302	2
1.302	4
1.302	3
1.302	3
1.302	6
1.303	5
1.303	5
1.303	5
1.303	5
1.303	6
1.303	5
1.303	5
1.303	3
1.303	4
1.303	4
1.303	4
1.303	9
1.303	4
1.303	5
1.303	4
1.303	3
1.303	4
1.303	3
1.303	4
1.303	3
1.303	3
1.303	3
1.303	4
1.303	4
1.303	3
1.303	2
1.303	3
1.303	3
1.303	3
1.303	4
1.303	4
1.303	3
1.303	3
1.303	3
1.303	2
1.303	4
1.303	3
1.303	3
1.304	5
1.304	6
1.304	6
1.304	5
1.304	5
1.304	3
1.304	3
1.304	5
1.304	5
1.304	3
1.304	5
1.304	3
1.304	2
1.304	6
1.304	6
1.304	4
1.304	3
1.304	9
1.304	5
1.304	3
1.304	4
1.304	4
1.304	3
1.304	4
1.304	4
1.304	4
1.304	3
1.304	3
1.304	4
1.304	4
1.304	4
1.304	4
1.304	4
1.304	3
1.304	3
1.304	2
1.305	4
1.305	8
1.305	7
1.305	7
1.305	4
1.305	6
1.305	5
1.305	7
1.305	7
1.305	4
1.305	4
1.305	3
1.305	4
1.305	5
1.305	6
1.305	5
1.305	3
1.305	4
1.305	3
1.305	1
1.305	3
1.305	4
1.305	3
1.305	4
1.305	2
1.305	4
1.305	7
1.305	4
1.306	5
1.306	5
1.306	4
1.306	4
1.306	6
1.306	6
1.306	3
1.306	3
1.306	6
1.306	5
1.306	4
1.306	4
1.306	4
1.306	9
1.306	4
1.306	6
1.306	4
1.306	6
1.306	6
1.306	1
1.306	3
1.306	4
1.306	4
1.306	4
1.306	2
1.306	4
1.306	2
1.306	7
1.306	1
1.306	4
1.306	4
1.307	6
1.307	4
1.307	4
1.307	5
1.307	5
1.307	5
1.307	3
1.307	3
1.307	2
1.307	2
1.307	5
1.307	4
1.307	3
1.307	4
1.307	3
1.307	6
1.307	6
1.307	4
1.307	4
1.307	5
1.307	5
1.307	5
1.307	4
1.307	3
1.307	3
1.307	2
1.307	4
1.307	4
1.307	4
1.307	4
1.307	6
1.308	5
1.308	6
1.308	6
1.308	4
1.308	4
1.308	5
1.308	5
1.308	5
1.308	5
1.308	4
1.308	3
1.308	6
1.308	3
1.308	4
1.308	4
1.308	4
1.308	3
1.308	3
1.308	3
1.308	2
1.308	3
1.308	4
1.308	3
1.308	4
1.308	4
1.308	4
1.308	4
1.308	4
1.308	2
1.309	5
1.309	4
1.309	8
1.309	6
1.309	6
1.309	3
1.309	3
1.309	3
1.309	6
1.309	5
1.309	4
1.309	6
1.309	3
1.309	6
1.309	4
1.309	3
1.309	4
1.309	4
1.309	4
1.309	3
1.309	3
1.309	4
1.309	2
1.309	5
1.309	3
1.309	3
1.309	2
1.309	3
1.309	3
1.309	7
1.309	1
1.309	5
1.309	4
1.309	4
1.309	2
1.31	4
1.31	5
1.31	5
1.31	7
1.31	7
1.31	5
1.31	5
1.31	4
1.31	4
1.31	4
1.31	4
1.31	7
1.31	6
1.31	5
1.31	4
1.31	5
1.31	3
1.31	4
1.31	4
1.31	3
1.31	3
1.31	4
1.31	3
1.31	3
1.31	4
1.31	3
1.311	6
1.311	6
1.311	6
1.311	3
1.311	4
1.311	7
1.311	4
1.311	6
1.311	3
1.311	4
1.311	1
1.311	1
1.311	3
1.311	3
1.311	4
1.311	4
1.311	2
1.311	4
1.311	4
1.311	3
1.311	4
1.311	4
1.311	4
1.311	7
1.311	4
1.311	1
1.311	4
1.312	6
1.312	4
1.312	4
1.312	5
1.312	5
1.312	3
1.312	4
1.312	4
1.312	4
1.312	4
1.312	5
1.312	3
1.312	2
1.312	4
1.312	6
1.312	4
1.312	5
1.312	4
1.312	3
1.312	3
1.312	6
1.312	6
1.312	6
1.312	6
1.312	3
1.312	4
1.312	4
1.312	3
1.312	4
1.312	4
1.312	2
1.312	3
1.312	3
1.312	7
1.312	4
1.313	5
1.313	5
1.313	4
1.313	7
1.313	5
1.313	5
1.313	5
1.313	4
1.313	4
1.313	4
1.313	4
1.313	5
1.313	5
1.313	3
1.313	2
1.313	7
1.313	9
1.313	4
1.313	5
1.313	3
1.313	4
1.313	4
1.313	4
1.313	3
1.313	2
1.313	3
1.313	4
1.313	4
1.313	4
1.313	4
1.313	3
1.313	2
1.314	5
1.314	5
1.314	6
1.314	6
1.314	5
1.314	5
1.314	5
1.314	5
1.314	6
1.314	6
1.314	4
1.314	6
1.314	3
1.314	3
1.314	5
1.314	4
1.314	4
1.314	3
1.314	9
1.314	3
1.314	6
1.314	5
1.314	3
1.314	4
1.314	4
1.314	4
1.314	5
1.314	5
1.314	3
1.314	4
1.314	4
1.314	4
1.314	4
1.314	4
1.315	3
1.315	6
1.315	5
1.315	3
1.315	3
1.315	5
1.315	5
1.315	3
1.315	2
1.315	4
1.315	4
1.315	3
1.315	6
1.315	5
1.315	3
1.315	4
1.315	4
1.315	3
1.315	3
1.315	4
1.315	3
1.315	4
1.315	5
1.315	3
1.315	2
1.315	4
1.315	2
1.315	7
1.315	1
1.315	5
1.315	4
1.315	3
1.315	2
1.315	4
1.315	3
1.315	3
1.315	3
1.316	7
1.316	5
1.316	5
1.316	5
1.316	5
1.316	4
1.316	4
1.316	4
1.316	6
1.316	4
1.316	4
1.316	4
1.316	3
1.316	4
1.316	5
1.316	4
1.316	2
1.316	3
1.316	2
1.316	7
1.316	1
1.316	5
1.316	4
1.316	3
1.316	3
1.316	1
1.317	4
1.317	4
1.317	6
1.317	6
1.317	4
1.317	6
1.317	4
1.317	5
1.317	4
1.317	3
1.317	3
1.317	4
1.317	3
1.317	3
1.317	4
1.317	4
1.317	2
1.317	3
1.317	4
1.317	3
1.317	4
1.317	4
1.317	4
1.318	3
1.318	7
1.318	3
1.318	3
1.318	6
1.318	4
1.318	4
1.318	4
1.318	5
1.318	4
1.318	5
1.318	3
1.318	6
1.318	3
1.318	3
1.318	1
1.318	3
1.318	4
1.318	3
1.318	4
1.318	3
1.318	4
1.318	4
1.318	3
1.318	2
1.318	3
1.318	3
1.318	4
1.318	3
1.318	4
1.318	4
1.318	4
1.318	3
1.319	5
1.319	3
1.319	6
1.319	4
1.319	6
1.319	4
1.319	4
1.319	5
1.319	5
1.319	3
1.319	4
1.319	4
1.319	6
1.319	9
1.319	3
1.319	6
1.319	6
1.319	6
1.319	4
1.319	4
1.319	3
1.319	3
1.319	3
1.319	3
1.319	3
1.32	5
1.32	3
1.32	3
1.32	4
1.32	7
1.32	6
1.32	4
1.32	3
1.32	4
1.32	5
1.32	5
1.32	3
1.32	3
1.32	1
1.32	3
1.32	4
1.32	4
1.32	3
1.32	2
1.32	5
1.32	3
1.32	3
1.321	3
1.321	3
1.321	4
1.321	6
1.321	6
1.321	3
1.321	3
1.321	7
1.321	3
1.321	6
1.321	6
1.321	5
1.321	4
1.321	4
1.321	4
1.321	7
1.321	4
1.321	4
1.321	6
1.321	6
1.321	4
1.321	6
1.321	6
1.321	4
1.321	5
1.321	4
1.321	5
1.321	4
1.321	4
1.321	2
1.321	4
1.321	4
1.321	3
1.321	3
1.322	5
1.322	8
1.322	8
1.322	5
1.322	5
1.322	5
1.322	6
1.322	5
1.322	5
1.322	4
1.322	4
1.322	4
1.322	4
1.322	5
1.322	3
1.322	5
1.322	3
1.322	2
1.322	4
1.322	4
1.322	5
1.322	4
1.322	4
1.322	4
1.322	3
1.322	4
1.322	3
1.322	4
1.322	5
1.322	4
1.322	3
1.322	2
1.322	4
1.322	2
1.322	4
1.323	5
1.323	5
1.323	6
1.323	3
1.323	5
1.323	5
1.323	3
1.323	2
1.323	5
1.323	9
1.323	4
1.323	5
1.323	4
1.323	4
1.323	4
1.323	3
1.323	4
1.323	3
1.323	4
1.323	3
1.323	3
1.323	2
1.323	6
1.324	6
1.324	5
1.324	5
1.324	3
1.324	5
1.324	5
1.324	5
1.324	4
1.324	3
1.324	9
1.324	3
1.324	3
1.324	6
1.324	6
1.324	3
1.324	4
1.324	3
1.324	4
1.324	3
1.324	3
1.324	4
1.324	5
1.324	3
1.324	2
1.324	3
1.324	7
1.324	4
1.325	5
1.325	5
1.325	5
1.325	5
1.325	5
1.325	5
1.325	6
1.325	7
1.325	5
1.325	5
1.325	5
1.325	5
1.325	6
1.325	4
1.325	5
1.325	3
1.325	3
1.325	4
1.325	1
1.325	3
1.325	4
1.325	3
1.325	3
1.325	2
1.325	2
1.326	5
1.326	5
1.326	3
1.326	5
1.326	5
1.326	4
1.326	6
1.326	6
1.326	7
1.326	4
1.326	4
1.326	4
1.326	3
1.326	6
1.326	6
1.326	1
1.326	3
1.326	4
1.326	3
1.326	3
1.326	4
1.326	4
1.326	4
1.326	4
1.326	4
1.327	6
1.327	5
1.327	3
1.327	5
1.327	3
1.327	4
1.327	4
1.327	6
1.327	5
1.327	4
1.327	4
1.327	5
1.327	5
1.327	3
1.327	3
1.327	6
1.327	6
1.327	4
1.327	3
1.327	4
1.327	4
1.327	4
1.327	4
1.327	4
1.328	5
1.328	6
1.328	6
1.328	6
1.328	7
1.328	4
1.328	4
1.328	4
1.328	4
1.328	4
1.328	5
1.328	3
1.328	2
1.328	5
1.328	4
1.328	4
1.328	5
1.328	5
1.328	6
1.328	4
1.328	4
1.328	5
1.328	4
1.328	4
1.328	3
1.328	4
1.328	7
1.328	1
1.328	5
1.329	5
1.329	6
1.329	6
1.329	6
1.329	3
1.329	5
1.329	3
1.329	4
1.329	4
1.329	6
1.329	6
1.329	6
1.329	3
1.329	4
1.329	4
1.329	5
1.329	6
1.329	9
1.329	9
1.329	4
1.329	5
1.329	3
1.329	4
1.329	3
1.329	4
1.329	4
1.329	3
1.329	4
1.329	3
1.329	7
1.329	4
1.329	2
1.33	5
1.33	5
1.33	6
1.33	6
1.33	5
1.33	3
1.33	4
1.33	4
1.33	5
1.33	7
1.33	7
1.33	3
1.33	3
1.33	3
1.33	5
1.33	4
1.33	4
1.33	3
1.33	7
1.33	6
1.33	5
1.33	5
1.33	3
1.33	3
1.33	6
1.33	4
1.33	4
1.33	3
1.33	4
1.33	3
1.33	4
1.33	5
1.33	4
1.33	3
1.33	4
1.33	4
1.33	4
1.331	5
1.331	5
1.331	5
1.331	5
1.331	5
1.331	4
1.331	7
1.331	4
1.331	4
1.331	3
1.331	6
1.331	4
1.331	3
1.331	4
1.331	4
1.331	5
1.331	5
1.331	3
1.331	3
1.331	4
1.331	4
1.331	4
1.331	4
1.331	3
1.332	6
1.332	3
1.332	5
1.332	5
1.332	3
1.332	2
1.332	4
1.332	3
1.332	3
1.332	1
1.332	3
1.332	4
1.332	3
1.332	4
1.332	3
1.332	4
1.332	4
1.332	1
1.332	6
1.333	5
1.333	5
1.333	5
1.333	7
1.333	3
1.333	3
1.333	5
1.333	4
1.333	5
1.333	5
1.333	3
1.333	2
1.333	5
1.333	5
1.333	4
1.333	3
1.333	6
1.333	3
1.333	6
1.333	6
1.333	4
1.333	3
1.333	3
1.333	4
1.333	4
1.333	3
1.333	7
1.333	1
1.333	5
1.334	5
1.334	5
1.334	5
1.334	4
1.334	4
1.334	8
1.334	8
1.334	5
1.334	5
1.334	6
1.334	5
1.334	4
1.334	6
1.334	5
1.334	4
1.334	4
1.334	5
1.334	5
1.334	3
1.334	4
1.334	3
1.334	4
1.334	4
1.334	2
1.334	3
1.334	2
1.335	6
1.335	5
1.335	7
1.335	3
1.335	4
1.335	6
1.335	5
1.335	3
1.335	6
1.335	6
1.335	4
1.335	5
1.335	4
1.335	6
1.335	5
1.335	3
1.335	4
1.335	1
1.335	3
1.335	4
1.335	2
1.335	4
1.335	3
1.335	4
1.335	4
1.335	4
1.336	5
1.336	5
1.336	5
1.336	5
1.336	5
1.336	6
1.336	6
1.336	5
1.336	3
1.336	3
1.336	6
1.336	7
1.336	7
1.336	9
1.336	4
1.336	6
1.336	4
1.336	3
1.336	6
1.336	6
1.336	4
1.336	3
1.336	3
1.336	3
1.336	3
1.336	2
1.336	5
1.336	3
1.336	3
1.336	4
1.337	5
1.337	5
1.337	6
1.337	5
1.337	5
1.337	6
1.337	7
1.337	5
1.337	5
1.337	4
1.337	6
1.337	5
1.337	4
1.337	6
1.337	5
1.337	4
1.337	4
1.337	4
1.337	5
1.337	3
1.337	4
1.337	5
1.337	4
1.337	4
1.337	4
1.337	5
1.337	4
1.337	3
1.337	2
1.337	4
1.337	4
1.337	3
1.337	3
1.338	3
1.338	3
1.338	5
1.338	4
1.338	4
1.338	4
1.338	4
1.338	5
1.338	5
1.338	4
1.338	4
1.338	2
1.338	2
1.338	4
1.338	9
1.338	3
1.338	6
1.338	3
1.338	4
1.338	4
1.338	3
1.338	4
1.338	5
1.338	3
1.338	2
1.339	6
1.339	5
1.339	6
1.339	5
1.339	5
1.339	3
1.339	3
1.339	3
1.339	3
1.339	4
1.339	4
1.339	5
1.339	5
1.339	5
1.339	3
1.339	3
1.339	6
1.339	3
1.339	4
1.339	3
1.339	4
1.339	3
1.339	4
1.339	3
1.339	4
1.339	2
1.339	6
1.34	5
1.34	6
1.34	6
1.34	6
1.34	7
1.34	7
1.34	5
1.34	5
1.34	3
1.34	5
1.34	4
1.34	4
1.34	4
1.34	4
1.34	3
1.34	4
1.34	2
1.34	3
1.341	5
1.341	5
1.341	6
1.341	3
1.341	3
1.341	5
1.341	5
1.341	4
1.341	5
1.341	3
1.341	3
1.341	1
1.341	3
1.341	4
1.341	3
1.341	3
1.341	1
1.341	2
1.342	4
1.342	4
1.342	8
1.342	5
1.342	7
1.342	5
1.342	6
1.342	5
1.342	6
1.342	5
1.342	4
1.342	5
1.342	6
1.342	3
1.342	6
1.342	6
1.342	1
1.342	3
1.342	3
1.342	2
1.342	4
1.343	3
1.343	3
1.343	5
1.343	5
1.343	4
1.343	4
1.343	4
1.343	7
1.343	9
1.343	4
1.343	5
1.343	4
1.343	6
1.343	6
1.343	5
1.343	3
1.343	4
1.343	3
1.343	4
1.343	6
1.344	6
1.344	3
1.344	5
1.344	3
1.344	4
1.344	6
1.344	5
1.344	4
1.344	4
1.344	4
1.344	4
1.344	5
1.344	6
1.344	4
1.344	3
1.344	9
1.344	5
1.344	3
1.344	4
1.345	5
1.345	5
1.345	5
1.345	8
1.345	5
1.345	7
1.345	7
1.345	7
1.345	5
1.345	3
1.345	5
1.345	3
1.345	4
1.345	6
1.345	5
1.345	3
1.345	3
1.345	5
1.345	4
1.345	2
1.345	7
1.345	4
1.345	4
1.345	3
1.345	3
1.345	6
1.345	6
1.345	4
1.345	3
1.345	4
1.345	4
1.345	3
1.345	4
1.345	7
1.345	4
1.345	3
1.345	2
1.345	5
1.345	3
1.345	3
1.345	2
1.345	2
1.346	4
1.346	4
1.346	5
1.346	6
1.346	3
1.346	5
1.346	6
1.346	7
1.346	3
1.346	5
1.346	6
1.346	5
1.346	5
1.346	4
1.346	4
1.346	4
1.346	4
1.346	3
1.346	3
1.346	4
1.346	4
1.346	3
1.346	4
1.346	3
1.346	3
1.347	5
1.347	5
1.347	5
1.347	5
1.347	3
1.347	5
1.347	4
1.347	6
1.347	5
1.347	5
1.347	5
1.347	4
1.347	3
1.347	5
1.347	4
1.347	3
1.347	4
1.347	4
1.347	4
1.347	4
1.347	4
1.347	4
1.347	3
1.347	4
1.348	5
1.348	5
1.348	6
1.348	6
1.348	6
1.348	5
1.348	7
1.348	3
1.348	5
1.348	4
1.348	5
1.348	5
1.348	3
1.348	6
1.348	3
1.348	3
1.348	5
1.348	4
1.348	1
1.348	6
1.349	6
1.349	5
1.349	5
1.349	5
1.349	6
1.349	6
1.349	3
1.349	6
1.349	4
1.349	5
1.349	3
1.349	4
1.349	7
1.349	1
1.349	5
1.349	2
1.35	4
1.35	7
1.35	4
1.35	6
1.35	5
1.35	5
1.35	5
1.35	4
1.35	7
1.35	6
1.35	9
1.35	4
1.35	5
1.35	3
1.35	4
1.35	5
1.35	4
1.35	3
1.35	3
1.35	2
1.351	6
1.351	5
1.351	7
1.351	3
1.351	5
1.351	4
1.351	4
1.351	5
1.351	7
1.351	4
1.351	3
1.351	6
1.351	5
1.351	3
1.351	4
1.351	3
1.351	3
1.351	4
1.351	4
1.351	3
1.351	4
1.351	4
1.351	4
1.351	4
1.351	3
1.352	6
1.352	6
1.352	6
1.352	5
1.352	6
1.352	6
1.352	3
1.352	4
1.352	5
1.352	4
1.352	3
1.352	5
1.352	4
1.352	4
1.352	5
1.352	4
1.352	6
1.352	4
1.352	3
1.352	4
1.352	3
1.352	3
1.352	4
1.352	3
1.352	2
1.352	5
1.352	3
1.352	3
1.352	1
1.352	4
1.353	5
1.353	5
1.353	4
1.353	6
1.353	3
1.353	7
1.353	5
1.353	5
1.353	5
1.353	4
1.353	4
1.353	4
1.353	4
1.353	5
1.353	5
1.353	4
1.353	3
1.353	9
1.353	4
1.353	4
1.353	4
1.353	3
1.353	3
1.354	4
1.354	8
1.354	6
1.354	5
1.354	5
1.354	6
1.354	5
1.354	3
1.354	3
1.354	4
1.354	6
1.354	5
1.354	3
1.354	5
1.354	5
1.354	4
1.354	3
1.354	3
1.354	6
1.354	1
1.354	3
1.354	4
1.354	7
1.354	4
1.354	3
1.354	2
1.355	3
1.355	3
1.355	5
1.355	6
1.355	7
1.355	5
1.355	3
1.355	3
1.355	4
1.355	6
1.355	4
1.355	3
1.355	6
1.355	6
1.355	6
1.355	4
1.355	5
1.355	4
1.355	2
1.356	6
1.356	6
1.356	6
1.356	3
1.356	3
1.356	7
1.356	3
1.356	5
1.356	5
1.356	5
1.356	6
1.356	3
1.356	4
1.356	3
1.356	2
1.356	4
1.356	4
1.356	4
1.356	4
1.356	3
1.356	2
1.356	5
1.356	3
1.356	3
1.356	3
1.356	6
1.357	4
1.357	5
1.357	8
1.357	5
1.357	5
1.357	5
1.357	6
1.357	5
1.357	4
1.357	7
1.357	5
1.357	3
1.357	4
1.357	4
1.357	3
1.357	3
1.357	4
1.357	4
1.357	3
1.357	3
1.357	1
1.358	5
1.358	5
1.358	5
1.358	5
1.358	5
1.358	5
1.358	3
1.358	4
1.358	4
1.358	4
1.358	5
1.358	4
1.358	5
1.358	4
1.358	3
1.358	3
1.358	2
1.358	7
1.358	1
1.358	5
1.358	4
1.358	2
1.359	5
1.359	5
1.359	6
1.359	8
1.359	3
1.359	6
1.359	5
1.359	3
1.359	4
1.359	4
1.359	5
1.359	4
1.359	3
1.359	6
1.359	9
1.359	4
1.359	5
1.359	4
1.359	1
1.359	3
1.359	3
1.359	4
1.359	3
1.359	6
1.36	5
1.36	5
1.36	6
1.36	5
1.36	7
1.36	5
1.36	3
1.36	4
1.36	4
1.36	6
1.36	6
1.36	5
1.36	4
1.36	3
1.36	5
1.36	7
1.36	4
1.36	3
1.36	9
1.36	3
1.36	6
1.36	6
1.36	4
1.36	3
1.36	4
1.36	4
1.36	4
1.36	4
1.361	6
1.361	5
1.361	5
1.361	6
1.361	3
1.361	7
1.361	7
1.361	3
1.361	3
1.361	6
1.361	5
1.361	5
1.361	4
1.361	4
1.361	3
1.361	3
1.361	4
1.361	3
1.361	3
1.361	7
1.361	4
1.361	3
1.361	2
1.361	5
1.361	3
1.361	3
1.361	2
1.362	4
1.362	5
1.362	5
1.362	6
1.362	3
1.362	5
1.362	5
1.362	4
1.362	5
1.362	5
1.362	4
1.362	3
1.362	4
1.362	4
1.362	4
1.362	3
1.362	4
1.362	4
1.362	4
1.362	3
1.362	3
1.362	2
1.363	3
1.363	6
1.363	5
1.363	5
1.363	5
1.363	5
1.363	5
1.363	5
1.363	3
1.363	4
1.363	3
1.363	4
1.363	4
1.363	4
1.363	4
1.363	4
1.363	4
1.364	6
1.364	6
1.364	6
1.364	6
1.364	6
1.364	3
1.364	5
1.364	6
1.364	5
1.364	3
1.364	3
1.364	3
1.364	5
1.364	4
1.364	5
1.364	6
1.364	4
1.364	5
1.364	4
1.364	2
1.364	4
1.364	3
1.365	5
1.365	5
1.365	4
1.365	6
1.365	5
1.365	5
1.365	6
1.365	7
1.365	5
1.365	3
1.365	5
1.365	5
1.365	4
1.365	4
1.365	6
1.365	4
1.365	3
1.365	2
1.365	7
1.365	1
1.365	5
1.365	7
1.365	3
1.365	1
1.365	2
1.366	3
1.366	4
1.366	8
1.366	5
1.366	7
1.366	7
1.366	6
1.366	3
1.366	7
1.366	6
1.366	3
1.366	4
1.366	3
1.366	3
1.367	5
1.367	4
1.367	5
1.367	4
1.367	6
1.367	5
1.367	4
1.367	6
1.367	4
1.367	5
1.367	7
1.367	3
1.367	6
1.367	3
1.367	4
1.367	3
1.367	2
1.367	4
1.367	3
1.367	4
1.367	4
1.367	4
1.367	4
1.367	4
1.367	4
1.367	4
1.367	4
1.367	3
1.367	3
1.368	5
1.368	6
1.368	5
1.368	5
1.368	3
1.368	5
1.368	4
1.368	5
1.368	4
1.368	4
1.368	5
1.368	4
1.368	3
1.368	5
1.368	5
1.368	3
1.368	4
1.368	3
1.368	3
1.368	3
1.368	4
1.368	4
1.368	1
1.369	4
1.369	5
1.369	8
1.369	8
1.369	6
1.369	5
1.369	4
1.369	6
1.369	3
1.369	5
1.369	5
1.369	4
1.369	3
1.369	3
1.369	6
1.369	4
1.369	7
1.369	1
1.369	5
1.369	3
1.369	2
1.369	5
1.369	3
1.369	3
1.37	5
1.37	5
1.37	5
1.37	5
1.37	5
1.37	6
1.37	5
1.37	6
1.37	7
1.37	5
1.37	5
1.37	3
1.37	3
1.37	3
1.37	5
1.37	5
1.37	4
1.37	4
1.37	4
1.37	7
1.37	3
1.37	4
1.37	3
1.37	3
1.37	3
1.371	5
1.371	6
1.371	4
1.371	6
1.371	3
1.371	7
1.371	7
1.371	7
1.371	3
1.371	5
1.371	5
1.371	5
1.371	4
1.371	5
1.371	4
1.371	5
1.371	4
1.371	3
1.371	4
1.371	2
1.371	4
1.371	3
1.371	4
1.371	4
1.371	4
1.372	6
1.372	6
1.372	5
1.372	5
1.372	6
1.372	5
1.372	6
1.372	3
1.372	9
1.372	3
1.372	6
1.372	4
1.372	3
1.372	2
1.372	3
1.372	3
1.372	4
1.372	4
1.372	4
1.372	4
1.372	3
1.372	2
1.372	5
1.372	3
1.372	3
1.373	5
1.373	6
1.373	5
1.373	3
1.373	6
1.373	4
1.373	4
1.373	3
1.373	4
1.373	3
1.373	5
1.373	3
1.373	4
1.373	4
1.373	4
1.373	3
1.373	3
1.374	4
1.374	8
1.374	5
1.374	6
1.374	4
1.374	6
1.374	5
1.374	4
1.374	5
1.374	4
1.374	4
1.374	4
1.374	4
1.374	3
1.374	3
1.374	3
1.374	7
1.374	1
1.374	5
1.374	6
1.375	6
1.375	3
1.375	6
1.375	6
1.375	8
1.375	5
1.375	6
1.375	5
1.375	3
1.375	4
1.375	6
1.375	3
1.375	4
1.375	4
1.375	1
1.375	3
1.375	4
1.375	3
1.375	3
1.375	4
1.375	2
1.375	4
1.375	6
1.376	5
1.376	5
1.376	7
1.376	7
1.376	3
1.376	6
1.376	3
1.376	5
1.376	4
1.376	5
1.376	6
1.376	6
1.376	3
1.376	4
1.376	2
1.376	4
1.376	3
1.376	4
1.376	4
1.376	4
1.376	4
1.376	2
1.377	4
1.377	4
1.377	5
1.377	8
1.377	5
1.377	6
1.377	3
1.377	5
1.377	3
1.377	5
1.377	5
1.377	5
1.377	4
1.377	5
1.377	9
1.377	4
1.377	4
1.377	3
1.377	3
1.377	3
1.377	2
1.378	5
1.378	5
1.378	3
1.378	4
1.378	5
1.378	5
1.378	7
1.378	3
1.378	5
1.378	6
1.378	4
1.378	3
1.378	4
1.378	4
1.378	3
1.378	3
1.378	3
1.378	4
1.378	7
1.378	3
1.378	4
1.378	4
1.379	5
1.379	6
1.379	5
1.379	3
1.379	3
1.379	7
1.379	4
1.379	4
1.379	3
1.379	4
1.379	3
1.379	4
1.379	4
1.38	5
1.38	3
1.38	6
1.38	6
1.38	5
1.38	6
1.38	5
1.38	5
1.38	6
1.38	6
1.38	7
1.38	5
1.38	5
1.38	5
1.38	4
1.38	4
1.38	5
1.38	5
1.38	4
1.38	2
1.38	4
1.38	4
1.38	4
1.38	4
1.38	2
1.381	5
1.381	5
1.381	4
1.381	4
1.381	6
1.381	6
1.381	3
1.381	4
1.381	6
1.381	5
1.381	5
1.381	5
1.381	3
1.381	5
1.381	3
1.381	4
1.381	3
1.381	4
1.381	2
1.381	4
1.381	7
1.381	3
1.381	2
1.381	6
1.382	5
1.382	4
1.382	5
1.382	5
1.382	6
1.382	3
1.382	5
1.382	3
1.382	6
1.382	5
1.382	3
1.382	4
1.382	3
1.382	4
1.382	3
1.382	4
1.382	3
1.382	3
1.382	7
1.382	1
1.382	5
1.382	3
1.383	5
1.383	6
1.383	6
1.383	4
1.383	6
1.383	5
1.383	7
1.383	5
1.383	5
1.383	4
1.383	6
1.383	6
1.383	3
1.383	4
1.383	3
1.383	3
1.383	4
1.383	4
1.383	4
1.383	4
1.383	1
1.383	3
1.383	2
1.384	6
1.384	5
1.384	8
1.384	5
1.384	3
1.384	4
1.384	6
1.384	5
1.384	4
1.384	7
1.384	5
1.384	3
1.384	1
1.384	3
1.384	4
1.384	5
1.384	3
1.384	4
1.384	3
1.384	4
1.384	4
1.384	4
1.384	4
1.384	1
1.385	5
1.385	5
1.385	4
1.385	8
1.385	6
1.385	7
1.385	7
1.385	5
1.385	3
1.385	3
1.385	3
1.385	5
1.385	6
1.385	6
1.385	6
1.385	3
1.385	3
1.385	7
1.385	1
1.385	5
1.385	3
1.385	4
1.386	4
1.386	5
1.386	7
1.386	5
1.386	4
1.386	5
1.386	5
1.386	3
1.386	4
1.386	4
1.386	4
1.386	3
1.386	4
1.386	4
1.386	3
1.387	6
1.387	3
1.387	4
1.387	5
1.387	5
1.387	6
1.387	6
1.387	3
1.387	3
1.387	5
1.387	6
1.387	5
1.387	4
1.387	4
1.387	5
1.387	4
1.387	4
1.387	5
1.387	3
1.387	4
1.387	4
1.387	3
1.387	4
1.387	3
1.387	4
1.387	4
1.387	4
1.387	3
1.387	2
1.387	5
1.387	3
1.387	3
1.387	2
1.388	5
1.388	6
1.388	5
1.388	5
1.388	5
1.388	3
1.388	3
1.388	3
1.388	6
1.388	4
1.388	3
1.388	4
1.388	3
1.388	4
1.388	4
1.388	2
1.388	3
1.388	3
1.388	4
1.388	3
1.388	3
1.388	3
1.388	2
1.388	5
1.388	3
1.388	3
1.388	6
1.389	6
1.389	6
1.389	4
1.389	6
1.389	5
1.389	6
1.389	5
1.389	4
1.389	4
1.389	3
1.389	5
1.389	2
1.389	4
1.389	4
1.389	3
1.389	3
1.389	3
1.39	5
1.39	5
1.39	5
1.39	3
1.39	3
1.39	6
1.39	8
1.39	6
1.39	7
1.39	4
1.39	6
1.39	5
1.39	3
1.39	3
1.39	4
1.39	3
1.39	1
1.39	2
1.391	5
1.391	6
1.391	6
1.391	7
1.391	5
1.391	3
1.391	3
1.391	4
1.391	6
1.391	4
1.391	3
1.391	1
1.391	3
1.391	4
1.391	5
1.391	4
1.391	3
1.391	3
1.391	3
1.391	4
1.391	2
1.392	5
1.392	4
1.392	5
1.392	5
1.392	7
1.392	5
1.392	3
1.392	4
1.392	4
1.392	4
1.392	5
1.392	6
1.392	6
1.392	4
1.392	3
1.392	3
1.392	4
1.392	3
1.392	2
1.392	3
1.392	4
1.392	6
1.393	5
1.393	5
1.393	4
1.393	5
1.393	5
1.393	3
1.393	9
1.393	5
1.393	3
1.393	4
1.393	3
1.393	4
1.393	3
1.393	4
1.394	5
1.394	5
1.394	8
1.394	6
1.394	3
1.394	5
1.394	6
1.394	5
1.394	3
1.394	3
1.394	4
1.394	3
1.394	6
1.394	4
1.394	4
1.394	3
1.394	3
1.394	4
1.394	4
1.394	3
1.394	2
1.394	5
1.394	3
1.394	3
1.394	2
1.394	2
1.395	5
1.395	5
1.395	5
1.395	5
1.395	3
1.395	8
1.395	6
1.395	6
1.395	5
1.395	5
1.395	6
1.395	7
1.395	3
1.395	6
1.395	5
1.395	4
1.395	4
1.395	4
1.395	3
1.395	1
1.395	3
1.395	4
1.395	4
1.395	3
1.395	3
1.395	4
1.395	4
1.395	3
1.395	3
1.395	6
1.395	6
1.396	6
1.396	3
1.396	4
1.396	6
1.396	6
1.396	3
1.396	5
1.396	4
1.396	4
1.396	6
1.396	6
1.396	4
1.396	5
1.396	6
1.396	3
1.396	3
1.396	4
1.396	6
1.397	5
1.397	4
1.397	5
1.397	5
1.397	7
1.397	5
1.397	3
1.397	6
1.397	3
1.397	4
1.397	3
1.397	5
1.397	4
1.397	6
1.397	3
1.397	1
1.397	2
1.397	2
1.398	3
1.398	6
1.398	4
1.398	5
1.398	5
1.398	5
1.398	3
1.398	4
1.398	4
1.398	3
1.398	4
1.398	3
1.398	4
1.398	4
1.398	4
1.398	4
1.398	2
1.398	2
1.399	6
1.399	6
1.399	5
1.399	6
1.399	5
1.399	5
1.399	5
1.399	6
1.399	3
1.399	4
1.399	3
1.399	4
1.399	3
1.399	4
1.399	4
1.399	4
1.399	4
1.399	4
1.399	3
1.399	4
1.399	4
1.4	5
1.4	5
1.4	5
1.4	5
1.4	6
1.4	8
1.4	8
1.4	7
1.4	5
1.4	3
1.4	6
1.4	7
1.4	5
1.4	3
1.4	4
1.4	1
1.4	3
1.4	3
1.4	4
1.4	5
1.4	7
1.4	1
1.4	5
1.4	4
1.4	4
1.4	3
1.4	4
1.401	5
1.401	6
1.401	5
1.401	6
1.401	3
1.401	5
1.401	6
1.401	7
1.401	5
1.401	3
1.401	5
1.401	4
1.401	6
1.401	4
1.401	5
1.401	6
1.401	3
1.401	6
1.401	6
1.401	4
1.401	7
1.401	1
1.401	5
1.401	4
1.401	3
1.401	2
1.401	5
1.401	3
1.401	3
1.401	1
1.401	2
1.401	2
1.402	5
1.402	5
1.402	5
1.402	4
1.402	4
1.402	6
1.402	5
1.402	6
1.402	3
1.402	7
1.402	5
1.402	5
1.402	3
1.402	9
1.402	4
1.402	3
1.402	4
1.402	3
1.402	4
1.402	3
1.402	4
1.402	4
1.402	4
1.402	4
1.402	3
1.402	3
1.402	2
1.403	5
1.403	4
1.403	5
1.403	5
1.403	5
1.403	4
1.403	6
1.403	5
1.403	4
1.403	3
1.403	4
1.403	4
1.403	3
1.403	4
1.403	3
1.403	3
1.403	4
1.403	3
1.403	4
1.403	4
1.403	4
1.403	6
1.403	3
1.403	3
1.403	3
1.403	3
1.404	6
1.404	6
1.404	6
1.404	5
1.404	6
1.404	3
1.404	5
1.404	3
1.404	3
1.404	6
1.404	5
1.404	3
1.404	4
1.404	3
1.404	4
1.404	5
1.404	4
1.404	4
1.404	3
1.404	3
1.404	1
1.404	1
1.404	3
1.405	5
1.405	5
1.405	5
1.405	5
1.405	5
1.405	6
1.405	3
1.405	6
1.405	4
1.405	4
1.405	3
1.405	4
1.405	4
1.405	4
1.405	4
1.405	4
1.405	3
1.405	2
1.405	5
1.405	3
1.405	3
1.405	1
1.406	5
1.406	3
1.406	4
1.406	6
1.406	6
1.406	5
1.406	7
1.406	5
1.406	3
1.406	4
1.406	3
1.406	4
1.406	3
1.406	4
1.406	4
1.406	2
1.406	4
1.406	4
1.406	3
1.406	3
1.406	3
1.406	3
1.407	6
1.407	4
1.407	8
1.407	5
1.407	7
1.407	3
1.407	4
1.407	3
1.407	4
1.407	5
1.407	2
1.407	4
1.407	2
1.407	7
1.407	1
1.407	5
1.407	4
1.407	3
1.408	5
1.408	6
1.408	4
1.408	4
1.408	6
1.408	3
1.408	4
1.408	6
1.408	4
1.408	4
1.408	6
1.408	4
1.408	5
1.408	3
1.408	6
1.408	1
1.408	3
1.408	4
1.408	3
1.408	3
1.408	2
1.408	4
1.408	3
1.408	3
1.408	2
1.408	2
1.408	5
1.408	5
1.408	3
1.408	3
1.408	3
1.408	3
1.409	5
1.409	6
1.409	8
1.409	6
1.409	5
1.409	3
1.409	3
1.409	7
1.409	9
1.409	5
1.409	3
1.409	6
1.409	6
1.409	4
1.409	3
1.409	3
1.409	3
1.409	3
1.409	4
1.409	3
1.409	4
1.409	4
1.409	4
1.409	4
1.409	4
1.409	3
1.409	3
1.409	3
1.409	3
1.409	3
1.409	2
1.409	5
1.409	3
1.409	3
1.41	5
1.41	5
1.41	5
1.41	5
1.41	5
1.41	6
1.41	5
1.41	6
1.41	6
1.41	4
1.41	3
1.41	3
1.41	6
1.41	3
1.41	3
1.41	4
1.41	3
1.41	3
1.41	6
1.41	3
1.41	4
1.41	3
1.41	3
1.411	5
1.411	5
1.411	5
1.411	3
1.411	6
1.411	3
1.411	5
1.411	6
1.411	5
1.411	5
1.411	5
1.411	5
1.411	3
1.411	3
1.411	4
1.411	4
1.411	1
1.411	3
1.411	3
1.411	4
1.411	4
1.412	4
1.412	4
1.412	5
1.412	5
1.412	3
1.412	5
1.412	4
1.412	5
1.412	4
1.412	3
1.412	6
1.412	6
1.412	4
1.412	4
1.412	4
1.412	4
1.412	4
1.412	4
1.413	5
1.413	5
1.413	6
1.413	5
1.413	5
1.413	3
1.413	5
1.413	9
1.413	4
1.413	6
1.413	4
1.413	4
1.413	3
1.413	4
1.413	4
1.413	2
1.413	4
1.413	6
1.414	6
1.414	6
1.414	6
1.414	8
1.414	7
1.414	5
1.414	4
1.414	3
1.414	3
1.414	4
1.414	4
1.414	3
1.414	2
1.414	7
1.414	1
1.414	5
1.414	6
1.414	3
1.414	4
1.414	4
1.415	5
1.415	6
1.415	5
1.415	3
1.415	4
1.415	6
1.415	8
1.415	6
1.415	3
1.415	3
1.415	3
1.415	4
1.415	3
1.415	5
1.415	3
1.415	4
1.415	4
1.415	4
1.415	2
1.416	5
1.416	5
1.416	3
1.416	6
1.416	5
1.416	5
1.416	6
1.416	4
1.416	7
1.416	4
1.416	5
1.416	3
1.416	4
1.416	4
1.416	3
1.416	4
1.416	4
1.416	4
1.416	4
1.416	4
1.416	4
1.416	4
1.416	4
1.417	4
1.417	5
1.417	6
1.417	3
1.417	5
1.417	4
1.417	4
1.417	4
1.417	6
1.417	5
1.417	4
1.417	5
1.417	5
1.417	3
1.417	3
1.417	4
1.417	3
1.417	3
1.417	3
1.417	3
1.417	4
1.417	6
1.417	6
1.417	3
1.417	3
1.417	4
1.418	5
1.418	5
1.418	6
1.418	3
1.418	5
1.418	3
1.418	3
1.418	5
1.418	5
1.418	3
1.418	9
1.418	6
1.418	3
1.418	3
1.418	4
1.418	4
1.418	3
1.418	4
1.418	7
1.418	1
1.418	5
1.418	6
1.418	3
1.419	5
1.419	4
1.419	6
1.419	5
1.419	7
1.419	7
1.419	5
1.419	6
1.419	4
1.419	3
1.419	4
1.419	4
1.419	3
1.419	4
1.419	4
1.419	4
1.419	4
1.419	4
1.419	4
1.419	4
1.419	4
1.419	4
1.419	4
1.419	2
1.42	5
1.42	5
1.42	6
1.42	5
1.42	5
1.42	6
1.42	5
1.42	5
1.42	7
1.42	3
1.42	5
1.42	3
1.42	4
1.42	4
1.42	3
1.42	4
1.42	2
1.42	4
1.42	3
1.42	4
1.42	4
1.42	4
1.42	4
1.42	4
1.42	4
1.42	4
1.42	4
1.42	4
1.421	5
1.421	5
1.421	5
1.421	5
1.421	3
1.421	3
1.421	6
1.421	4
1.421	6
1.421	8
1.421	6
1.421	4
1.421	6
1.421	6
1.421	4
1.421	2
1.421	3
1.421	3
1.421	7
1.421	7
1.421	1
1.421	1
1.421	5
1.421	5
1.421	4
1.421	3
1.422	4
1.422	5
1.422	5
1.422	5
1.422	3
1.422	5
1.422	4
1.422	4
1.422	5
1.422	4
1.422	5
1.422	3
1.422	4
1.422	7
1.422	1
1.422	5
1.422	1
1.423	6
1.423	4
1.423	5
1.423	5
1.423	6
1.423	5
1.423	4
1.423	5
1.423	3
1.423	4
1.423	3
1.423	4
1.423	5
1.423	3
1.423	4
1.423	4
1.423	4
1.423	3
1.423	3
1.423	4
1.423	4
1.423	4
1.423	4
1.423	4
1.423	4
1.424	6
1.424	5
1.424	8
1.424	7
1.424	4
1.424	6
1.424	4
1.424	4
1.424	6
1.424	4
1.424	6
1.424	4
1.424	3
1.424	4
1.424	3
1.424	4
1.424	3
1.424	3
1.424	4
1.424	2
1.424	3
1.424	3
1.424	3
1.424	3
1.424	4
1.424	3
1.424	4
1.424	4
1.424	4
1.424	3
1.425	5
1.425	6
1.425	5
1.425	5
1.425	6
1.425	3
1.425	6
1.425	3
1.425	7
1.425	4
1.425	5
1.425	4
1.425	3
1.425	3
1.425	4
1.425	2
1.425	4
1.425	4
1.425	3
1.425	3
1.426	5
1.426	5
1.426	5
1.426	5
1.426	5
1.426	4
1.426	6
1.426	5
1.426	4
1.426	6
1.426	9
1.426	3
1.426	1
1.426	3
1.426	4
1.426	4
1.426	3
1.426	4
1.426	3
1.426	2
1.426	5
1.426	3
1.426	3
1.426	6
1.427	4
1.427	6
1.427	5
1.427	5
1.427	4
1.427	5
1.427	5
1.427	3
1.427	4
1.427	3
1.427	6
1.427	6
1.427	1
1.427	3
1.427	4
1.427	3
1.427	3
1.427	4
1.427	4
1.427	4
1.427	2
1.427	2
1.427	4
1.427	3
1.427	3
1.428	3
1.428	6
1.428	5
1.428	6
1.428	3
1.428	4
1.428	4
1.428	5
1.428	4
1.428	4
1.428	5
1.428	6
1.428	6
1.428	4
1.428	3
1.428	2
1.428	2
1.428	4
1.428	2
1.428	2
1.428	6
1.429	6
1.429	4
1.429	5
1.429	3
1.429	9
1.429	4
1.429	4
1.429	4
1.429	5
1.429	3
1.429	3
1.429	2
1.43	5
1.43	5
1.43	6
1.43	6
1.43	3
1.43	6
1.43	8
1.43	6
1.43	3
1.43	5
1.43	5
1.43	4
1.43	3
1.43	4
1.43	3
1.43	4
1.43	4
1.43	3
1.43	4
1.43	3
1.43	3
1.43	4
1.43	4
1.43	3
1.43	4
1.43	2
1.431	5
1.431	5
1.431	5
1.431	4
1.431	8
1.431	5
1.431	5
1.431	5
1.431	4
1.431	4
1.431	3
1.431	4
1.431	3
1.431	4
1.431	3
1.431	4
1.431	3
1.431	3
1.431	3
1.431	3
1.431	4
1.432	5
1.432	4
1.432	5
1.432	6
1.432	4
1.432	6
1.432	3
1.432	4
1.432	3
1.432	4
1.432	3
1.432	4
1.432	2
1.432	4
1.432	6
1.433	5
1.433	4
1.433	5
1.433	4
1.433	6
1.433	5
1.433	4
1.433	4
1.433	4
1.433	7
1.433	5
1.433	3
1.433	3
1.433	1
1.433	3
1.433	4
1.433	5
1.433	4
1.433	4
1.433	4
1.434	5
1.434	5
1.434	5
1.434	3
1.434	3
1.434	5
1.434	3
1.434	6
1.434	3
1.434	6
1.434	6
1.434	4
1.434	4
1.434	3
1.434	3
1.434	4
1.434	3
1.434	2
1.434	2
1.435	5
1.435	3
1.435	6
1.435	5
1.435	6
1.435	3
1.435	7
1.435	5
1.435	5
1.435	3
1.435	6
1.435	5
1.435	3
1.435	4
1.435	4
1.435	3
1.435	4
1.435	3
1.435	6
1.435	3
1.435	1
1.436	5
1.436	5
1.436	5
1.436	5
1.436	3
1.436	4
1.436	6
1.436	5
1.436	5
1.436	6
1.436	5
1.436	5
1.436	7
1.436	6
1.436	5
1.436	3
1.436	4
1.436	4
1.436	4
1.436	3
1.436	4
1.436	5
1.436	5
1.436	3
1.436	4
1.437	6
1.437	6
1.437	3
1.437	5
1.437	4
1.437	6
1.437	4
1.437	6
1.437	4
1.437	3
1.437	4
1.437	3
1.437	4
1.437	5
1.437	4
1.437	4
1.437	4
1.437	4
1.437	3
1.437	1
1.438	4
1.438	6
1.438	4
1.438	6
1.438	5
1.438	5
1.438	3
1.438	4
1.438	4
1.438	4
1.438	3
1.438	4
1.438	4
1.438	3
1.438	3
1.438	4
1.438	2
1.439	6
1.439	5
1.439	4
1.439	5
1.439	5
1.439	4
1.439	6
1.439	3
1.439	4
1.439	3
1.439	3
1.439	4
1.439	4
1.439	4
1.439	3
1.439	7
1.439	1
1.439	5
1.439	3
1.439	2
1.439	5
1.439	3
1.439	3
1.439	3
1.44	4
1.44	5
1.44	5
1.44	5
1.44	7
1.44	4
1.44	6
1.44	5
1.44	4
1.44	4
1.44	6
1.44	3
1.44	1
1.44	3
1.44	4
1.44	4
1.44	4
1.44	4
1.44	3
1.44	4
1.44	4
1.44	3
1.44	3
1.44	3
1.441	5
1.441	5
1.441	3
1.441	6
1.441	4
1.441	4
1.441	3
1.441	6
1.441	6
1.441	4
1.441	3
1.441	4
1.441	4
1.441	3
1.441	4
1.441	4
1.441	4
1.441	3
1.441	2
1.441	5
1.441	3
1.441	3
1.441	1
1.442	3
1.442	4
1.442	5
1.442	4
1.442	3
1.442	3
1.442	5
1.442	3
1.442	4
1.442	3
1.442	4
1.442	4
1.442	3
1.442	3
1.442	4
1.442	3
1.442	3
1.443	5
1.443	5
1.443	4
1.443	8
1.443	6
1.443	5
1.443	3
1.443	4
1.443	4
1.443	5
1.443	6
1.443	4
1.443	4
1.443	4
1.443	4
1.443	4
1.443	4
1.443	4
1.443	3
1.444	6
1.444	6
1.444	5
1.444	6
1.444	7
1.444	3
1.444	4
1.444	6
1.444	5
1.444	4
1.444	4
1.444	9
1.444	4
1.444	5
1.444	4
1.444	4
1.444	3
1.444	1
1.444	3
1.444	4
1.444	4
1.444	3
1.444	3
1.444	4
1.444	4
1.445	5
1.445	5
1.445	4
1.445	6
1.445	3
1.445	6
1.445	3
1.445	5
1.445	3
1.445	4
1.445	3
1.445	9
1.445	4
1.445	6
1.445	6
1.445	4
1.445	4
1.445	3
1.445	3
1.445	4
1.445	3
1.445	4
1.445	2
1.445	4
1.445	3
1.445	2
1.445	5
1.445	3
1.445	3
1.446	4
1.446	5
1.446	5
1.446	5
1.446	4
1.446	3
1.446	4
1.446	6
1.446	3
1.446	4
1.446	3
1.446	2
1.446	4
1.446	4
1.446	3
1.446	3
1.447	5
1.447	5
1.447	5
1.447	5
1.447	3
1.447	4
1.447	1
1.447	1
1.447	3
1.447	4
1.447	3
1.447	4
1.448	8
1.448	5
1.448	3
1.448	5
1.448	3
1.448	4
1.448	3
1.448	6
1.448	6
1.448	6
1.448	6
1.448	1
1.448	4
1.448	3
1.448	4
1.448	6
1.448	3
1.448	4
1.449	5
1.449	6
1.449	7
1.449	4
1.449	6
1.449	6
1.449	5
1.449	5
1.449	3
1.449	4
1.449	5
1.449	6
1.449	3
1.45	5
1.45	5
1.45	5
1.45	5
1.45	3
1.45	3
1.45	5
1.45	4
1.45	5
1.45	6
1.45	4
1.45	5
1.45	6
1.45	3
1.45	4
1.45	4
1.45	4
1.45	4
1.45	4
1.45	4
1.45	6
1.45	3
1.451	5
1.451	5
1.451	6
1.451	3
1.451	4
1.451	5
1.451	6
1.451	3
1.451	7
1.451	7
1.451	6
1.451	9
1.451	4
1.451	3
1.451	4
1.451	4
1.451	3
1.451	3
1.451	4
1.451	4
1.451	4
1.451	4
1.451	6
1.452	4
1.452	3
1.452	5
1.452	5
1.452	6
1.452	6
1.452	7
1.452	4
1.452	3
1.452	4
1.452	4
1.452	4
1.452	3
1.452	4
1.452	3
1.452	7
1.452	1
1.452	5
1.452	4
1.452	4
1.452	4
1.452	4
1.452	4
1.453	5
1.453	6
1.453	3
1.453	5
1.453	5
1.453	4
1.453	5
1.453	5
1.453	3
1.453	6
1.453	5
1.453	4
1.453	6
1.453	5
1.453	3
1.453	3
1.453	3
1.453	4
1.453	4
1.453	2
1.454	6
1.454	6
1.454	5
1.454	3
1.454	5
1.454	5
1.454	5
1.454	3
1.454	6
1.454	3
1.454	3
1.454	3
1.454	5
1.454	4
1.454	3
1.454	4
1.454	4
1.454	4
1.454	7
1.454	1
1.454	5
1.454	6
1.454	3
1.455	4
1.455	5
1.455	4
1.455	7
1.455	5
1.455	5
1.455	3
1.455	4
1.455	3
1.455	3
1.455	3
1.455	4
1.456	5
1.456	5
1.456	4
1.456	5
1.456	7
1.456	5
1.456	5
1.456	5
1.456	3
1.456	3
1.456	4
1.456	3
1.456	4
1.456	4
1.456	3
1.456	4
1.456	4
1.456	4
1.456	4
1.456	4
1.456	4
1.456	4
1.457	5
1.457	5
1.457	5
1.457	6
1.457	5
1.457	4
1.457	6
1.457	6
1.457	4
1.457	5
1.457	4
1.457	6
1.457	6
1.457	6
1.457	5
1.457	3
1.457	3
1.457	4
1.457	3
1.457	3
1.457	4
1.457	2
1.458	3
1.458	4
1.458	7
1.458	9
1.458	4
1.458	4
1.458	6
1.458	4
1.458	4
1.458	2
1.458	4
1.458	7
1.458	1
1.458	5
1.459	6
1.459	5
1.459	3
1.459	4
1.459	4
1.459	4
1.459	6
1.459	4
1.459	3
1.459	3
1.459	4
1.459	2
1.459	3
1.459	6
1.46	5
1.46	5
1.46	6
1.46	4
1.46	6
1.46	3
1.46	5
1.46	6
1.46	7
1.46	7
1.46	4
1.46	6
1.46	3
1.46	4
1.46	4
1.46	5
1.46	5
1.46	3
1.46	5
1.46	4
1.46	4
1.46	6
1.46	6
1.46	4
1.46	3
1.46	4
1.46	2
1.46	4
1.46	3
1.46	4
1.46	4
1.46	4
1.46	1
1.461	4
1.461	6
1.461	5
1.461	3
1.461	3
1.461	3
1.461	5
1.461	5
1.461	5
1.461	4
1.461	6
1.461	4
1.461	4
1.461	3
1.461	4
1.461	2
1.461	3
1.461	3
1.461	2
1.462	4
1.462	6
1.462	5
1.462	5
1.462	9
1.462	3
1.462	3
1.462	4
1.462	3
1.462	3
1.462	3
1.462	4
1.462	3
1.463	5
1.463	4
1.463	3
1.463	3
1.463	4
1.463	3
1.463	3
1.463	4
1.463	4
1.464	3
1.464	8
1.464	5
1.464	6
1.464	3
1.464	6
1.464	5
1.464	5
1.464	5
1.464	5
1.464	5
1.464	4
1.464	3
1.464	4
1.464	2
1.464	3
1.464	2
1.464	5
1.464	3
1.464	3
1.465	5
1.465	7
1.465	5
1.465	5
1.465	4
1.465	7
1.465	9
1.465	9
1.465	5
1.465	5
1.465	1
1.465	4
1.465	4
1.465	3
1.465	2
1.465	4
1.465	3
1.465	3
1.465	2
1.466	5
1.466	5
1.466	5
1.466	4
1.466	4
1.466	6
1.466	5
1.466	4
1.466	4
1.466	3
1.466	3
1.466	9
1.466	5
1.466	6
1.466	4
1.466	3
1.466	6
1.467	5
1.467	5
1.467	5
1.467	6
1.467	3
1.467	5
1.467	3
1.467	6
1.467	3
1.467	5
1.467	6
1.467	3
1.467	5
1.467	5
1.467	4
1.467	3
1.467	5
1.467	4
1.467	3
1.467	3
1.467	4
1.467	3
1.468	5
1.468	6
1.468	5
1.468	7
1.468	5
1.468	5
1.468	4
1.468	6
1.468	5
1.468	6
1.468	5
1.468	4
1.468	3
1.468	1
1.468	2
1.469	5
1.469	3
1.469	5
1.469	6
1.469	5
1.469	4
1.469	5
1.469	7
1.469	5
1.469	5
1.469	4
1.469	3
1.469	4
1.469	3
1.469	5
1.47	6
1.47	5
1.47	3
1.47	6
1.47	5
1.47	4
1.47	3
1.47	4
1.47	4
1.47	4
1.47	3
1.47	4
1.47	6
1.471	6
1.471	3
1.471	7
1.471	5
1.471	5
1.471	6
1.471	3
1.471	6
1.471	6
1.471	3
1.471	4
1.471	4
1.471	4
1.471	4
1.471	3
1.471	4
1.472	4
1.472	5
1.472	5
1.472	5
1.472	5
1.472	4
1.472	5
1.472	7
1.472	7
1.472	6
1.472	3
1.472	3
1.472	4
1.472	3
1.472	2
1.472	5
1.472	3
1.472	3
1.472	2
1.472	2
1.473	6
1.473	5
1.473	8
1.473	7
1.473	4
1.473	4
1.473	6
1.473	6
1.473	7
1.473	4
1.473	4
1.473	5
1.473	6
1.473	3
1.473	4
1.473	3
1.473	3
1.474	4
1.474	5
1.474	6
1.474	3
1.474	5
1.474	5
1.474	6
1.474	6
1.474	3
1.474	3
1.474	6
1.474	5
1.474	3
1.474	4
1.474	4
1.474	3
1.474	4
1.475	6
1.475	4
1.475	6
1.475	5
1.475	4
1.475	5
1.475	5
1.475	5
1.475	6
1.475	3
1.475	6
1.475	4
1.475	3
1.475	4
1.475	4
1.475	4
1.475	4
1.475	4
1.475	4
1.475	4
1.475	1
1.476	4
1.476	5
1.476	5
1.476	6
1.476	3
1.476	7
1.476	3
1.476	4
1.476	6
1.476	5
1.476	4
1.476	5
1.476	4
1.476	5
1.476	3
1.476	4
1.476	4
1.476	3
1.476	4
1.476	4
1.476	2
1.477	5
1.477	5
1.477	6
1.477	3
1.477	4
1.477	4
1.477	4
1.477	3
1.477	4
1.477	7
1.477	1
1.477	5
1.477	3
1.478	6
1.478	6
1.478	5
1.478	3
1.478	5
1.478	6
1.478	1
1.478	4
1.478	5
1.478	3
1.478	4
1.478	3
1.479	5
1.479	5
1.479	4
1.479	6
1.479	6
1.479	3
1.479	5
1.479	4
1.479	4
1.479	5
1.479	6
1.479	4
1.479	4
1.479	3
1.479	4
1.479	4
1.479	4
1.479	4
1.479	3
1.479	2
1.479	5
1.479	3
1.479	3
1.479	1
1.48	8
1.48	5
1.48	6
1.48	3
1.48	5
1.48	4
1.48	4
1.48	4
1.48	4
1.48	4
1.48	3
1.48	1
1.48	4
1.48	4
1.48	4
1.48	3
1.48	3
1.48	4
1.48	3
1.48	3
1.481	4
1.481	5
1.481	6
1.481	3
1.481	3
1.481	4
1.481	4
1.481	4
1.481	5
1.481	6
1.481	4
1.481	3
1.481	4
1.481	6
1.481	3
1.481	3
1.482	4
1.482	6
1.482	5
1.482	4
1.482	3
1.482	5
1.482	5
1.482	4
1.482	3
1.482	5
1.482	3
1.482	6
1.483	5
1.483	5
1.483	3
1.483	5
1.483	5
1.483	5
1.483	9
1.483	4
1.483	4
1.483	4
1.483	2
1.483	4
1.483	4
1.483	4
1.483	4
1.483	3
1.483	2
1.483	5
1.483	3
1.483	3
1.484	5
1.484	5
1.484	8
1.484	6
1.484	6
1.484	3
1.484	5
1.484	5
1.484	4
1.484	3
1.484	3
1.484	4
1.484	3
1.484	1
1.484	4
1.484	2
1.484	4
1.484	4
1.484	3
1.484	3
1.484	2
1.485	3
1.485	4
1.485	5
1.485	5
1.485	3
1.485	5
1.485	6
1.485	5
1.485	3
1.485	4
1.485	5
1.485	6
1.485	3
1.485	7
1.485	2
1.485	5
1.485	4
1.486	6
1.486	7
1.486	5
1.486	3
1.486	3
1.486	5
1.486	4
1.486	5
1.486	5
1.486	3
1.486	3
1.486	4
1.486	4
1.486	4
1.487	6
1.487	5
1.487	6
1.487	3
1.487	7
1.487	5
1.487	5
1.487	5
1.487	3
1.487	3
1.487	4
1.487	3
1.487	4
1.487	3
1.487	4
1.487	4
1.487	4
1.488	4
1.488	5
1.488	6
1.488	6
1.488	6
1.488	4
1.488	3
1.488	3
1.488	3
1.488	6
1.488	3
1.488	2
1.489	5
1.489	8
1.489	5
1.489	4
1.489	6
1.489	5
1.489	5
1.489	5
1.489	4
1.489	4
1.489	6
1.489	6
1.489	4
1.489	5
1.489	3
1.489	4
1.489	5
1.489	4
1.489	4
1.49	5
1.49	6
1.49	5
1.49	3
1.49	5
1.49	4
1.49	7
1.49	6
1.49	3
1.49	4
1.49	3
1.49	4
1.49	4
1.49	4
1.49	4
1.49	4
1.49	3
1.49	6
1.491	7
1.491	6
1.491	5
1.491	6
1.491	4
1.491	3
1.491	4
1.491	2
1.491	4
1.491	1
1.492	4
1.492	4
1.492	5
1.492	6
1.492	5
1.492	7
1.492	5
1.492	3
1.492	5
1.492	5
1.492	5
1.492	6
1.492	3
1.492	5
1.492	2
1.492	7
1.492	2
1.492	5
1.492	6
1.492	3
1.492	2
1.493	7
1.493	3
1.493	4
1.493	6
1.493	5
1.493	5
1.493	3
1.493	5
1.493	6
1.493	5
1.493	3
1.493	3
1.493	3
1.494	6
1.494	3
1.494	6
1.494	3
1.494	6
1.494	4
1.494	4
1.494	3
1.494	4
1.494	4
1.494	3
1.494	4
1.494	4
1.494	4
1.494	4
1.494	4
1.494	4
1.494	4
1.494	4
1.495	4
1.495	6
1.495	6
1.495	5
1.495	6
1.495	5
1.495	5
1.495	3
1.495	4
1.495	3
1.495	4
1.495	3
1.495	3
1.495	3
1.495	4
1.495	3
1.495	2
1.495	5
1.495	3
1.495	3
1.495	6
1.496	4
1.496	5
1.496	6
1.496	4
1.496	4
1.496	6
1.496	6
1.496	9
1.496	4
1.496	4
1.496	7
1.496	2
1.496	5
1.496	4
1.496	3
1.496	3
1.496	2
1.497	4
1.497	8
1.497	5
1.497	3
1.497	3
1.497	3
1.497	4
1.497	6
1.497	4
1.497	4
1.497	3
1.497	5
1.497	5
1.497	5
1.497	6
1.497	5
1.497	2
1.498	5
1.498	6
1.498	7
1.498	3
1.498	4
1.498	4
1.498	5
1.498	9
1.498	4
1.498	4
1.498	3
1.498	4
1.498	2
1.498	4
1.498	3
1.498	4
1.498	4
1.498	4
1.498	3
1.499	5
1.499	5
1.499	3
1.499	3
1.499	4
1.499	3
1.499	3
1.499	4
1.499	4
1.499	2
1.499	3
1.499	3
1.499	1
1.499	4
1.5	5
1.5	5
1.5	5
1.5	8
1.5	7
1.5	3
1.5	3
1.5	5
1.5	5
1.5	4
1.5	3
1.5	5
1.5	3
1.5	4
1.501	3
1.501	4
1.501	5
1.501	3
1.501	5
1.501	5
1.501	5
1.501	5
1.501	3
1.501	3
1.501	4
1.501	4
1.501	3
1.501	2
1.502	6
1.502	3
1.502	5
1.502	6
1.502	6
1.502	5
1.502	8
1.502	4
1.502	4
1.502	3
1.502	4
1.502	2
1.502	4
1.503	6
1.503	6
1.503	6
1.503	5
1.503	5
1.503	6
1.503	3
1.503	5
1.503	3
1.503	7
1.503	4
1.503	3
1.503	1
1.503	4
1.503	3
1.503	4
1.503	2
1.503	3
1.503	2
1.503	5
1.503	3
1.503	3
1.503	3
1.504	4
1.504	5
1.504	7
1.504	5
1.504	5
1.504	5
1.504	6
1.504	6
1.504	5
1.504	5
1.504	6
1.504	4
1.504	5
1.504	3
1.504	6
1.504	3
1.504	4
1.504	3
1.504	3
1.504	1
1.505	5
1.505	3
1.505	4
1.505	7
1.505	5
1.505	5
1.505	6
1.505	3
1.505	7
1.505	4
1.505	3
1.505	3
1.505	4
1.506	5
1.506	6
1.506	5
1.506	5
1.506	3
1.506	3
1.506	6
1.506	5
1.506	6
1.506	5
1.506	4
1.506	4
1.506	3
1.506	4
1.506	4
1.506	4
1.506	4
1.506	3
1.507	5
1.507	7
1.507	7
1.507	5
1.507	3
1.507	5
1.507	4
1.507	5
1.507	6
1.507	3
1.507	4
1.507	3
1.507	4
1.507	4
1.507	5
1.507	4
1.508	4
1.508	5
1.508	7
1.508	5
1.508	6
1.508	4
1.508	4
1.508	3
1.508	5
1.508	7
1.508	2
1.508	5
1.508	3
1.508	2
1.508	5
1.508	3
1.508	3
1.509	5
1.509	5
1.509	5
1.509	4
1.509	6
1.509	3
1.509	5
1.509	6
1.509	7
1.509	7
1.509	3
1.509	5
1.509	3
1.509	4
1.509	4
1.509	4
1.509	3
1.509	4
1.509	4
1.509	3
1.509	3
1.51	6
1.51	5
1.51	3
1.51	6
1.51	5
1.51	5
1.51	4
1.51	6
1.51	3
1.51	3
1.51	4
1.51	4
1.51	3
1.51	4
1.51	4
1.51	4
1.51	4
1.511	4
1.511	6
1.511	6
1.511	4
1.511	4
1.511	5
1.511	6
1.511	3
1.511	1
1.511	4
1.511	4
1.511	5
1.511	3
1.511	3
1.512	4
1.512	7
1.512	7
1.512	3
1.512	4
1.512	5
1.512	5
1.512	3
1.512	5
1.512	6
1.512	4
1.512	6
1.512	3
1.513	5
1.513	6
1.513	7
1.513	4
1.513	4
1.513	6
1.513	4
1.513	4
1.513	4
1.514	6
1.514	5
1.514	6
1.514	5
1.514	4
1.514	6
1.514	5
1.514	3
1.514	4
1.514	4
1.514	4
1.514	4
1.514	3
1.514	4
1.514	4
1.514	2
1.514	4
1.514	4
1.514	4
1.514	4
1.514	4
1.515	4
1.515	5
1.515	8
1.515	3
1.515	4
1.515	3
1.515	4
1.515	3
1.515	4
1.515	2
1.515	4
1.515	4
1.516	5
1.516	5
1.516	8
1.516	6
1.516	3
1.516	5
1.516	5
1.516	6
1.516	6
1.516	5
1.516	4
1.516	5
1.516	6
1.516	4
1.516	5
1.516	3
1.516	3
1.516	7
1.516	2
1.516	5
1.517	6
1.517	5
1.517	5
1.517	6
1.517	5
1.517	4
1.517	4
1.517	3
1.517	4
1.517	3
1.517	4
1.517	6
1.517	3
1.518	3
1.518	5
1.518	3
1.518	3
1.518	3
1.518	3
1.518	1
1.518	4
1.518	4
1.518	4
1.518	3
1.518	4
1.518	3
1.518	4
1.518	4
1.518	4
1.519	6
1.519	5
1.519	6
1.519	5
1.519	5
1.519	6
1.519	4
1.519	3
1.519	3
1.519	3
1.519	4
1.519	4
1.519	4
1.519	4
1.52	5
1.52	5
1.52	4
1.52	6
1.52	3
1.52	5
1.52	4
1.52	5
1.52	5
1.52	5
1.52	5
1.52	3
1.52	5
1.52	3
1.52	5
1.52	4
1.52	4
1.521	3
1.521	6
1.521	5
1.521	5
1.521	6
1.521	8
1.521	6
1.521	4
1.521	4
1.521	3
1.521	7
1.521	2
1.521	5
1.522	5
1.522	6
1.522	8
1.522	5
1.522	5
1.522	4
1.522	4
1.522	3
1.522	4
1.522	4
1.522	3
1.522	2
1.522	4
1.522	4
1.522	2
1.523	5
1.523	4
1.523	5
1.523	5
1.523	3
1.523	3
1.523	5
1.523	5
1.523	5
1.523	4
1.523	5
1.523	6
1.523	5
1.523	2
1.523	4
1.523	3
1.523	4
1.523	4
1.523	4
1.524	4
1.524	6
1.524	5
1.524	5
1.524	5
1.524	3
1.524	5
1.524	3
1.524	5
1.524	6
1.524	3
1.524	3
1.524	3
1.524	3
1.525	5
1.525	5
1.525	5
1.525	5
1.525	5
1.525	5
1.525	7
1.525	5
1.525	6
1.525	5
1.525	3
1.525	4
1.525	4
1.525	4
1.525	3
1.525	5
1.525	4
1.526	5
1.526	5
1.526	4
1.526	3
1.526	4
1.526	3
1.526	3
1.526	4
1.526	3
1.527	6
1.527	4
1.527	4
1.527	6
1.527	6
1.527	5
1.527	3
1.527	4
1.527	4
1.527	4
1.527	2
1.528	4
1.528	4
1.528	6
1.528	6
1.528	5
1.528	5
1.528	3
1.528	7
1.528	5
1.528	5
1.528	6
1.528	3
1.528	5
1.528	2
1.529	6
1.529	8
1.529	5
1.529	4
1.529	6
1.529	5
1.529	6
1.529	8
1.529	4
1.529	3
1.529	4
1.529	4
1.529	3
1.529	3
1.53	6
1.53	6
1.53	4
1.53	7
1.53	3
1.53	5
1.53	6
1.53	3
1.53	4
1.53	3
1.53	4
1.53	4
1.53	3
1.53	5
1.531	4
1.531	6
1.531	6
1.531	3
1.531	5
1.531	5
1.531	6
1.531	6
1.531	5
1.531	3
1.531	4
1.531	3
1.531	5
1.531	3
1.532	5
1.532	6
1.532	6
1.532	5
1.532	3
1.533	5
1.533	5
1.533	8
1.533	3
1.533	4
1.533	6
1.533	5
1.533	3
1.533	4
1.533	4
1.533	4
1.533	5
1.534	4
1.534	5
1.534	6
1.534	3
1.534	2
1.534	4
1.534	3
1.534	4
1.534	4
1.534	3
1.535	6
1.535	5
1.535	4
1.535	6
1.535	5
1.535	5
1.535	6
1.535	6
1.535	5
1.535	6
1.535	4
1.536	5
1.536	5
1.536	3
1.536	6
1.536	5
1.536	8
1.536	8
1.536	4
1.536	4
1.536	7
1.536	8
1.536	5
1.537	3
1.537	4
1.537	8
1.537	5
1.537	3
1.537	5
1.537	3
1.537	3
1.537	6
1.537	4
1.537	3
1.537	3
1.537	4
1.537	4
1.538	7
1.538	5
1.538	6
1.538	3
1.538	5
1.538	4
1.538	3
1.538	4
1.538	4
1.538	4
1.538	4
1.539	6
1.539	5
1.539	5
1.539	5
1.539	3
1.539	5
1.539	5
1.539	5
1.539	5
1.539	4
1.539	4
1.539	3
1.539	3
1.539	4
1.54	5
1.54	5
1.54	7
1.54	5
1.54	8
1.54	3
1.54	5
1.54	3
1.54	4
1.541	5
1.541	5
1.541	4
1.541	4
1.541	5
1.541	3
1.541	5
1.541	4
1.541	3
1.541	3
1.542	5
1.542	6
1.542	6
1.542	5
1.542	5
1.542	6
1.542	5
1.542	2
1.542	4
1.542	4
1.543	3
1.543	6
1.543	6
1.543	7
1.543	5
1.543	3
1.543	4
1.543	7
1.543	5
1.543	3
1.543	5
1.543	6
1.543	4
1.543	4
1.544	4
1.544	4
1.544	7
1.544	6
1.544	4
1.544	4
1.544	6
1.544	5
1.544	6
1.544	4
1.544	3
1.545	6
1.545	4
1.545	4
1.545	7
1.545	5
1.545	4
1.545	3
1.545	5
1.545	6
1.545	3
1.545	4
1.545	4
1.545	5
1.545	3
1.546	4
1.546	6
1.546	5
1.546	5
1.546	6
1.546	4
1.546	3
1.547	4
1.547	5
1.547	6
1.547	5
1.547	6
1.547	5
1.547	7
1.547	6
1.547	6
1.547	4
1.547	2
1.547	4
1.548	5
1.548	4
1.548	4
1.548	5
1.548	6
1.548	3
1.548	5
1.548	6
1.549	4
1.549	6
1.549	5
1.549	6
1.549	7
1.549	5
1.549	6
1.549	3
1.549	3
1.549	3
1.55	3
1.55	6
1.55	6
1.55	5
1.55	4
1.55	5
1.55	4
1.551	5
1.551	5
1.551	6
1.551	4
1.551	4
1.551	5
1.551	5
1.551	5
1.551	3
1.551	4
1.551	3
1.552	5
1.552	5
1.552	6
1.552	4
1.552	6
1.552	6
1.552	3
1.552	8
1.552	6
1.552	4
1.553	4
1.553	5
1.553	6
1.553	3
1.553	5
1.553	4
1.553	4
1.553	3
1.553	4
1.553	3
1.554	5
1.554	3
1.554	8
1.554	5
1.554	3
1.554	5
1.554	4
1.554	5
1.554	3
1.555	5
1.555	5
1.555	4
1.555	4
1.555	6
1.555	6
1.556	5
1.556	3
1.556	3
1.556	5
1.556	3
1.556	5
1.556	5
1.556	3
1.557	3
1.557	3
1.557	5
1.557	5
1.557	5
1.557	3
1.557	6
1.558	5
1.558	5
1.558	5
1.558	3
1.558	5
1.558	6
1.558	4
1.559	6
1.559	5
1.559	5
1.559	6
1.559	7
1.559	5
1.559	5
1.56	4
1.56	6
1.56	5
1.56	3
1.56	5
1.56	4
1.56	6
1.56	5
1.56	4
1.56	6
1.56	8
1.56	6
1.56	6
1.561	5
1.561	5
1.561	5
1.561	5
1.561	3
1.561	5
1.561	5
1.561	6
1.561	3
1.561	4
1.561	3
1.562	5
1.562	5
1.562	5
1.562	4
1.562	6
1.562	5
1.562	3
1.562	5
1.562	5
1.562	3
1.563	6
1.563	5
1.563	7
1.563	5
1.563	6
1.564	4
1.564	6
1.564	3
1.564	5
1.564	4
1.564	5
1.564	5
1.564	5
1.565	5
1.565	5
1.565	5
1.565	8
1.566	6
1.566	6
1.566	4
1.566	4
1.566	6
1.566	4
1.566	3
1.567	4
1.567	4
1.567	6
1.567	8
1.567	4
1.567	6
1.567	5
1.567	4
1.567	4
1.567	7
1.567	5
1.568	4
1.568	6
1.568	6
1.568	7
1.568	5
1.568	3
1.568	3
1.568	6
1.569	5
1.569	5
1.569	8
1.569	5
1.569	6
1.569	3
1.569	5
1.57	5
1.57	5
1.57	3
1.57	4
1.57	5
1.571	7
1.571	3
1.571	4
1.571	6
1.571	6
1.571	6
1.572	5
1.572	5
1.572	5
1.572	5
1.572	5
1.572	5
1.572	6
1.572	3
1.572	7
1.572	6
1.573	5
1.573	5
1.573	6
1.573	8
1.573	5
1.573	6
1.573	2
1.574	4
1.574	5
1.574	6
1.574	3
1.574	2
1.574	6
1.575	3
1.575	4
1.575	6
1.575	5
1.575	3
1.575	6
1.575	4
1.575	4
1.575	5
1.575	4
1.576	5
1.576	7
1.576	5
1.576	4
1.576	3
1.576	4
1.576	2
1.577	4
1.577	5
1.577	3
1.577	2
1.578	7
1.578	4
1.578	3
1.578	4
1.579	5
1.579	4
1.579	6
1.579	5
1.579	3
1.579	5
1.579	5
1.579	4
1.579	3
1.58	5
1.58	5
1.58	5
1.58	6
1.58	4
1.58	4
1.58	1
1.58	3
1.58	3
1.58	6
1.581	6
1.581	4
1.581	4
1.581	5
1.581	3
1.581	5
1.581	3
1.581	1
1.582	7
1.582	3
1.582	3
1.582	2
1.583	6
1.583	7
1.583	4
1.583	6
1.583	6
1.583	4
1.583	3
1.583	1
1.584	6
1.584	5
1.584	3
1.584	5
1.584	4
1.584	3
1.584	2
1.584	5
1.584	3
1.584	3
1.584	4
1.584	6
1.585	4
1.585	4
1.585	4
1.585	3
1.585	3
1.585	3
1.585	2
1.585	5
1.585	3
1.585	3
1.585	3
1.586	5
1.586	4
1.586	3
1.586	3
1.586	3
1.586	2
1.587	6
1.587	6
1.587	5
1.587	3
1.587	5
1.587	6
1.587	7
1.587	3
1.587	5
1.587	3
1.587	2
1.587	5
1.587	3
1.587	3
1.588	3
1.588	5
1.588	6
1.588	4
1.588	3
1.588	3
1.588	3
1.588	4
1.589	5
1.589	4
1.589	1
1.59	5
1.59	5
1.59	3
1.59	4
1.59	3
1.591	5
1.591	6
1.591	5
1.591	4
1.591	6
1.591	4
1.591	4
1.591	3
1.591	6
1.592	5
1.592	8
1.592	5
1.592	3
1.592	5
1.592	4
1.592	3
1.593	5
1.593	5
1.593	3
1.593	6
1.593	3
1.593	4
1.593	3
1.593	2
1.593	5
1.593	3
1.593	3
1.593	1
1.593	2
1.594	5
1.594	3
1.594	5
1.594	3
1.594	7
1.594	6
1.594	3
1.594	4
1.594	4
1.594	3
1.594	3
1.595	5
1.595	5
1.595	6
1.595	5
1.595	3
1.595	4
1.595	4
1.595	4
1.595	4
1.595	3
1.595	4
1.596	4
1.596	6
1.596	4
1.596	4
1.596	4
1.596	4
1.596	4
1.596	6
1.596	3
1.597	6
1.597	3
1.597	7
1.597	2
1.597	5
1.597	4
1.597	3
1.597	2
1.597	5
1.597	3
1.597	3
1.597	3
1.598	4
1.598	5
1.598	6
1.598	5
1.598	3
1.598	7
1.598	2
1.598	5
1.598	4
1.598	4
1.598	4
1.598	4
1.598	4
1.598	3
1.598	3
1.599	6
1.599	5
1.599	5
1.599	5
1.599	7
1.599	5
1.599	4
1.599	3
1.599	4
1.599	4
1.599	4
1.599	4
1.599	4
1.599	3
1.6	4
1.6	4
1.6	8
1.6	3
1.6	3
1.6	3
1.6	4
1.6	3
1.6	4
1.6	4
1.6	4
1.6	7
1.6	2
1.6	5
1.6	4
1.6	1
1.601	5
1.601	3
1.601	4
1.601	3
1.601	3
1.602	6
1.602	7
1.602	4
1.602	4
1.602	3
1.602	4
1.602	4
1.602	4
1.602	6
1.602	3
1.602	3
1.603	5
1.603	5
1.603	6
1.603	5
1.603	5
1.603	5
1.603	6
1.603	4
1.603	2
1.603	3
1.603	3
1.603	4
1.603	6
1.604	4
1.604	4
1.604	5
1.604	2
1.604	4
1.604	2
1.604	4
1.604	4
1.604	4
1.604	4
1.604	4
1.604	4
1.604	3
1.604	2
1.604	5
1.604	3
1.604	3
1.605	5
1.605	5
1.605	3
1.605	2
1.605	4
1.605	4
1.605	3
1.605	3
1.605	2
1.606	6
1.606	6
1.606	6
1.606	5
1.606	3
1.606	3
1.606	5
1.606	3
1.606	4
1.606	2
1.606	7
1.606	2
1.606	5
1.606	6
1.606	3
1.607	8
1.607	7
1.607	7
1.607	3
1.607	3
1.607	5
1.607	2
1.607	4
1.608	4
1.608	3
1.608	3
1.608	4
1.608	3
1.608	4
1.608	4
1.608	4
1.608	4
1.608	4
1.608	4
1.608	4
1.609	5
1.609	5
1.609	5
1.609	3
1.609	5
1.609	3
1.609	3
1.609	4
1.609	3
1.61	5
1.61	5
1.61	3
1.61	4
1.61	3
1.61	5
1.61	3
1.61	4
1.61	7
1.61	3
1.61	5
1.61	4
1.611	8
1.611	5
1.611	5
1.611	6
1.611	4
1.611	3
1.611	4
1.611	3
1.611	6
1.612	4
1.612	7
1.612	5
1.612	5
1.612	4
1.612	2
1.612	4
1.612	3
1.612	4
1.612	4
1.612	4
1.612	1
1.613	3
1.613	6
1.613	5
1.613	4
1.613	3
1.613	2
1.613	3
1.613	3
1.613	6
1.613	3
1.613	2
1.614	6
1.614	5
1.614	4
1.614	4
1.614	3
1.614	4
1.614	3
1.615	4
1.615	5
1.615	3
1.615	4
1.615	4
1.615	4
1.615	5
1.615	3
1.615	5
1.615	4
1.615	4
1.615	4
1.615	4
1.615	4
1.616	5
1.616	6
1.616	4
1.616	3
1.616	4
1.616	3
1.616	4
1.616	2
1.616	4
1.616	3
1.616	2
1.616	5
1.616	3
1.616	3
1.617	5
1.617	6
1.617	4
1.617	4
1.617	4
1.617	2
1.617	7
1.617	3
1.617	5
1.617	4
1.617	3
1.617	3
1.617	3
1.618	5
1.618	6
1.618	5
1.618	3
1.618	4
1.618	3
1.618	4
1.618	5
1.618	3
1.619	4
1.619	4
1.619	5
1.619	4
1.619	4
1.619	4
1.619	4
1.619	4
1.619	3
1.619	3
1.619	5
1.619	4
1.619	3
1.619	4
1.619	4
1.619	4
1.619	3
1.62	4
1.62	3
1.62	4
1.62	4
1.62	3
1.62	3
1.62	3
1.62	1
1.621	3
1.621	6
1.621	5
1.621	3
1.621	4
1.621	3
1.621	4
1.621	5
1.621	4
1.621	6
1.622	6
1.622	5
1.622	3
1.622	4
1.622	4
1.622	5
1.622	4
1.622	3
1.623	4
1.623	4
1.623	8
1.623	5
1.623	5
1.623	3
1.623	2
1.623	4
1.623	4
1.623	3
1.623	4
1.623	4
1.623	4
1.623	3
1.623	4
1.623	2
1.623	4
1.623	2
1.624	5
1.624	5
1.624	6
1.624	2
1.624	4
1.624	5
1.624	3
1.624	3
1.624	4
1.624	2
1.624	3
1.624	2
1.624	5
1.624	3
1.624	3
1.624	6
1.625	5
1.625	6
1.625	5
1.625	6
1.625	4
1.625	5
1.625	3
1.625	6
1.625	3
1.625	4
1.625	3
1.625	3
1.625	4
1.626	5
1.626	5
1.626	6
1.626	4
1.626	2
1.626	4
1.626	3
1.626	5
1.626	2
1.627	4
1.627	3
1.627	4
1.627	5
1.627	6
1.627	4
1.627	4
1.627	4
1.627	3
1.627	4
1.627	4
1.627	4
1.627	4
1.627	3
1.627	6
1.628	5
1.628	5
1.628	3
1.628	5
1.628	4
1.628	4
1.628	3
1.628	4
1.628	4
1.628	3
1.628	4
1.628	4
1.628	4
1.629	6
1.629	3
1.629	4
1.629	4
1.629	4
1.629	3
1.629	4
1.629	5
1.629	7
1.629	3
1.629	5
1.629	3
1.629	2
1.63	6
1.63	3
1.63	3
1.63	4
1.63	3
1.63	6
1.63	3
1.63	4
1.63	3
1.63	4
1.63	1
1.63	3
1.631	4
1.631	4
1.631	8
1.631	6
1.631	3
1.631	3
1.631	4
1.631	4
1.631	3
1.631	4
1.631	4
1.631	4
1.631	4
1.631	4
1.632	5
1.632	3
1.632	5
1.632	3
1.632	3
1.632	2
1.632	4
1.632	4
1.632	4
1.632	5
1.632	3
1.632	3
1.632	3
1.632	3
1.633	5
1.633	6
1.633	5
1.633	3
1.633	3
1.633	5
1.633	6
1.633	4
1.633	3
1.633	4
1.633	6
1.633	3
1.633	1
1.633	3
1.634	5
1.634	4
1.634	6
1.634	6
1.634	3
1.634	4
1.634	4
1.634	3
1.634	2
1.634	5
1.634	3
1.634	3
1.635	4
1.635	4
1.635	5
1.635	3
1.635	4
1.635	3
1.635	4
1.635	4
1.635	2
1.635	4
1.635	4
1.635	4
1.635	4
1.635	4
1.635	3
1.635	3
1.635	3
1.635	3
1.636	5
1.636	5
1.636	5
1.636	8
1.636	6
1.636	6
1.636	6
1.636	4
1.636	3
1.636	2
1.636	4
1.636	4
1.636	2
1.636	4
1.636	1
1.637	6
1.637	5
1.637	6
1.637	6
1.637	6
1.637	6
1.637	4
1.637	3
1.637	5
1.637	6
1.637	3
1.637	7
1.637	3
1.637	5
1.637	3
1.637	2
1.637	5
1.637	3
1.637	3
1.638	4
1.638	3
1.638	3
1.638	4
1.638	3
1.638	5
1.638	4
1.638	3
1.638	3
1.638	3
1.639	4
1.639	5
1.639	3
1.639	6
1.639	6
1.639	3
1.639	4
1.639	4
1.639	4
1.639	3
1.639	4
1.639	3
1.639	4
1.639	4
1.639	4
1.64	5
1.64	5
1.64	4
1.64	3
1.64	4
1.64	3
1.64	3
1.64	3
1.64	4
1.64	3
1.64	2
1.64	5
1.64	3
1.64	3
1.641	6
1.641	8
1.641	5
1.641	5
1.641	3
1.641	5
1.641	3
1.641	3
1.641	6
1.641	3
1.641	5
1.641	4
1.641	4
1.641	4
1.641	3
1.641	3
1.642	4
1.642	6
1.642	4
1.642	3
1.642	8
1.642	6
1.642	3
1.642	4
1.642	3
1.643	5
1.643	5
1.643	4
1.643	5
1.643	4
1.643	3
1.643	5
1.643	5
1.643	4
1.643	3
1.643	2
1.643	4
1.643	4
1.643	2
1.643	6
1.643	3
1.643	4
1.644	3
1.644	4
1.644	5
1.644	8
1.644	5
1.644	6
1.644	5
1.644	3
1.644	4
1.645	6
1.645	5
1.645	4
1.645	3
1.645	6
1.645	6
1.645	5
1.645	3
1.645	3
1.645	4
1.645	4
1.645	4
1.645	4
1.646	5
1.646	5
1.646	6
1.646	4
1.646	4
1.646	4
1.646	3
1.646	5
1.646	4
1.646	6
1.646	3
1.646	4
1.646	6
1.647	5
1.647	5
1.647	6
1.647	3
1.647	4
1.647	4
1.647	3
1.647	3
1.647	4
1.647	3
1.647	7
1.647	3
1.647	5
1.647	4
1.648	5
1.648	4
1.648	7
1.648	6
1.648	5
1.648	4
1.648	4
1.648	4
1.648	4
1.648	4
1.648	3
1.648	2
1.649	5
1.649	6
1.649	7
1.649	5
1.649	5
1.649	6
1.649	6
1.649	3
1.649	5
1.649	4
1.649	3
1.649	4
1.649	4
1.649	4
1.649	4
1.649	6
1.649	3
1.65	5
1.65	5
1.65	5
1.65	3
1.65	6
1.65	6
1.65	8
1.65	3
1.65	4
1.65	4
1.65	3
1.65	3
1.65	3
1.65	7
1.65	3
1.65	5
1.65	4
1.651	5
1.651	5
1.651	5
1.651	3
1.651	7
1.651	4
1.651	3
1.651	3
1.651	4
1.651	4
1.651	4
1.651	4
1.651	4
1.651	4
1.651	3
1.652	3
1.652	5
1.652	6
1.652	5
1.652	5
1.652	3
1.652	4
1.652	3
1.652	5
1.652	4
1.652	3
1.652	4
1.652	4
1.652	4
1.652	4
1.652	3
1.653	6
1.653	5
1.653	5
1.653	3
1.653	5
1.653	5
1.653	6
1.653	6
1.653	3
1.653	4
1.653	2
1.653	3
1.653	3
1.653	7
1.653	3
1.653	5
1.654	4
1.654	5
1.654	5
1.654	8
1.654	4
1.654	4
1.654	4
1.654	4
1.654	4
1.654	3
1.655	4
1.655	4
1.655	3
1.655	2
1.655	4
1.655	3
1.655	4
1.655	3
1.655	4
1.655	3
1.655	4
1.655	4
1.655	4
1.655	1
1.656	5
1.656	4
1.656	4
1.656	4
1.656	6
1.656	5
1.656	6
1.656	6
1.656	5
1.656	6
1.656	4
1.656	3
1.656	5
1.656	4
1.656	2
1.656	3
1.656	3
1.657	5
1.657	3
1.657	3
1.657	4
1.657	4
1.657	7
1.657	3
1.657	4
1.657	4
1.657	3
1.658	3
1.658	4
1.658	6
1.658	5
1.658	3
1.658	4
1.658	4
1.658	3
1.659	5
1.659	5
1.659	4
1.659	4
1.659	4
1.659	5
1.659	5
1.659	3
1.659	4
1.659	3
1.659	4
1.659	4
1.659	5
1.659	3
1.659	5
1.659	4
1.659	2
1.659	3
1.659	2
1.659	5
1.659	3
1.659	3
1.66	4
1.66	3
1.66	5
1.66	6
1.66	5
1.66	5
1.66	4
1.66	4
1.66	3
1.66	4
1.66	3
1.66	3
1.66	4
1.66	4
1.66	3
1.66	3
1.661	6
1.661	5
1.661	7
1.661	8
1.661	3
1.661	6
1.661	3
1.661	3
1.662	4
1.662	5
1.662	5
1.662	4
1.662	6
1.662	4
1.662	3
1.662	3
1.662	5
1.662	5
1.662	3
1.662	5
1.663	5
1.663	5
1.663	5
1.663	3
1.663	5
1.663	2
1.663	4
1.663	4
1.663	3
1.663	3
1.663	6
1.664	6
1.664	4
1.664	5
1.664	5
1.664	3
1.664	5
1.664	6
1.664	4
1.664	4
1.665	5
1.665	4
1.665	6
1.665	5
1.665	4
1.665	4
1.665	5
1.665	6
1.665	3
1.665	4
1.665	5
1.665	5
1.665	4
1.665	2
1.666	6
1.666	5
1.666	4
1.666	3
1.666	4
1.666	4
1.666	4
1.666	4
1.666	3
1.666	4
1.667	5
1.667	5
1.667	4
1.667	6
1.667	6
1.667	4
1.667	3
1.667	4
1.667	4
1.667	4
1.668	5
1.668	5
1.668	4
1.668	4
1.668	4
1.668	7
1.668	6
1.668	6
1.668	4
1.668	4
1.668	3
1.668	4
1.668	5
1.668	6
1.668	3
1.668	6
1.669	5
1.669	4
1.669	4
1.669	6
1.669	3
1.669	4
1.669	4
1.669	4
1.669	3
1.67	3
1.67	5
1.67	5
1.67	3
1.67	3
1.67	3
1.67	4
1.67	3
1.67	4
1.67	4
1.67	4
1.67	4
1.67	4
1.67	3
1.67	2
1.671	5
1.671	5
1.671	5
1.671	6
1.671	3
1.671	4
1.671	3
1.671	4
1.671	4
1.671	3
1.672	5
1.672	5
1.672	4
1.672	6
1.672	4
1.672	5
1.672	5
1.672	5
1.672	3
1.672	4
1.672	4
1.672	4
1.672	7
1.672	3
1.672	5
1.672	1
1.672	4
1.673	3
1.673	4
1.673	6
1.673	6
1.673	8
1.673	6
1.673	2
1.673	4
1.673	4
1.673	3
1.674	3
1.674	5
1.674	4
1.674	4
1.674	3
1.674	4
1.674	5
1.674	6
1.674	6
1.674	3
1.674	4
1.674	4
1.674	3
1.674	4
1.674	4
1.674	4
1.674	3
1.674	3
1.675	4
1.675	6
1.675	5
1.675	4
1.675	5
1.675	4
1.675	4
1.675	3
1.675	3
1.676	3
1.676	3
1.676	4
1.676	4
1.676	6
1.676	6
1.676	4
1.676	2
1.676	4
1.676	4
1.676	3
1.676	4
1.676	3
1.676	3
1.676	5
1.676	3
1.676	3
1.676	3
1.677	3
1.677	5
1.677	6
1.677	3
1.677	5
1.677	4
1.677	3
1.677	5
1.677	6
1.677	6
1.677	3
1.677	4
1.677	3
1.677	3
1.677	1
1.678	5
1.678	4
1.678	3
1.678	4
1.678	4
1.678	2
1.679	3
1.679	4
1.679	6
1.679	3
1.679	4
1.679	2
1.679	4
1.679	4
1.679	3
1.68	5
1.68	7
1.68	5
1.68	5
1.68	3
1.68	4
1.68	3
1.68	5
1.68	6
1.68	3
1.681	5
1.681	4
1.681	6
1.681	5
1.681	6
1.681	8
1.681	4
1.681	3
1.681	5
1.681	3
1.681	3
1.681	5
1.681	3
1.681	3
1.682	5
1.682	3
1.682	3
1.682	5
1.682	5
1.682	5
1.682	4
1.682	4
1.682	3
1.682	5
1.682	3
1.682	3
1.682	4
1.682	3
1.682	4
1.682	4
1.682	3
1.682	3
1.683	7
1.683	5
1.683	3
1.683	5
1.683	5
1.683	5
1.683	6
1.683	3
1.683	4
1.683	3
1.683	4
1.684	7
1.684	6
1.684	4
1.684	4
1.684	5
1.685	5
1.685	3
1.685	3
1.685	4
1.685	6
1.685	5
1.685	4
1.685	5
1.685	5
1.685	3
1.685	3
1.685	4
1.685	3
1.685	6
1.685	3
1.686	7
1.686	3
1.686	6
1.686	6
1.686	6
1.686	3
1.686	6
1.687	4
1.687	6
1.687	4
1.687	5
1.687	4
1.687	4
1.687	4
1.687	3
1.687	4
1.688	7
1.688	5
1.688	4
1.688	4
1.688	7
1.688	3
1.688	5
1.688	3
1.688	4
1.688	4
1.688	2
1.689	7
1.689	5
1.689	3
1.689	3
1.689	6
1.689	6
1.689	6
1.689	6
1.689	4
1.689	4
1.689	7
1.689	3
1.689	5
1.69	5
1.69	5
1.69	4
1.69	5
1.69	5
1.69	4
1.69	3
1.69	4
1.69	6
1.69	3
1.69	4
1.69	6
1.691	7
1.691	5
1.691	3
1.691	4
1.691	5
1.691	8
1.691	3
1.691	4
1.691	4
1.691	3
1.691	4
1.691	4
1.691	4
1.692	5
1.692	6
1.692	7
1.692	4
1.692	6
1.692	4
1.692	3
1.692	6
1.692	6
1.692	3
1.692	3
1.692	4
1.692	4
1.692	4
1.692	3
1.692	3
1.692	2
1.693	5
1.693	6
1.693	5
1.693	3
1.693	5
1.693	5
1.693	5
1.693	4
1.693	4
1.693	4
1.694	5
1.694	8
1.694	3
1.694	4
1.694	4
1.694	7
1.694	3
1.694	5
1.694	3
1.694	4
1.695	5
1.695	6
1.695	5
1.695	3
1.695	4
1.695	5
1.695	4
1.695	3
1.695	4
1.695	3
1.695	4
1.695	2
1.695	1
1.696	7
1.696	3
1.696	6
1.696	4
1.696	4
1.696	5
1.696	5
1.696	5
1.696	6
1.696	3
1.696	4
1.696	4
1.696	3
1.696	4
1.696	4
1.696	3
1.696	3
1.697	7
1.697	5
1.697	4
1.697	3
1.697	6
1.697	8
1.697	3
1.697	3
1.697	3
1.697	3
1.698	7
1.698	5
1.698	4
1.698	3
1.698	2
1.698	4
1.698	3
1.698	5
1.698	4
1.698	3
1.698	6
1.699	5
1.699	3
1.699	4
1.699	6
1.699	5
1.699	5
1.699	6
1.699	3
1.699	3
1.699	3
1.699	5
1.699	3
1.699	3
1.699	1
1.7	5
1.7	5
1.7	3
1.7	5
1.7	5
1.7	5
1.7	5
1.7	4
1.7	6
1.7	4
1.7	2
1.7	4
1.7	3
1.7	3
1.7	2
1.701	5
1.701	5
1.701	6
1.701	7
1.701	5
1.701	7
1.701	5
1.701	4
1.701	5
1.701	4
1.701	3
1.702	5
1.702	3
1.702	5
1.702	3
1.702	5
1.702	6
1.702	4
1.702	3
1.702	4
1.702	3
1.702	3
1.702	4
1.703	5
1.703	7
1.703	5
1.703	5
1.703	4
1.703	5
1.703	4
1.703	3
1.703	5
1.703	3
1.703	3
1.703	5
1.703	3
1.703	3
1.704	5
1.704	4
1.704	6
1.704	6
1.704	5
1.704	7
1.704	3
1.704	5
1.704	3
1.704	4
1.704	3
1.704	4
1.704	3
1.705	5
1.705	5
1.705	6
1.705	3
1.705	5
1.705	4
1.705	4
1.705	6
1.705	3
1.705	4
1.706	4
1.706	4
1.706	5
1.706	5
1.706	4
1.706	4
1.706	4
1.706	5
1.706	4
1.706	3
1.707	6
1.707	5
1.707	3
1.707	5
1.707	5
1.707	3
1.707	3
1.707	4
1.707	4
1.707	3
1.707	1
1.708	6
1.708	5
1.708	3
1.708	7
1.708	3
1.708	5
1.708	4
1.708	6
1.708	4
1.708	6
1.708	3
1.709	5
1.709	4
1.709	4
1.709	4
1.709	4
1.709	5
1.709	4
1.709	3
1.71	6
1.71	3
1.71	4
1.71	4
1.71	4
1.71	4
1.71	3
1.71	4
1.711	4
1.711	6
1.711	6
1.711	4
1.711	4
1.711	4
1.711	4
1.711	4
1.711	3
1.711	3
1.711	5
1.711	3
1.711	3
1.712	8
1.712	5
1.712	3
1.712	5
1.712	6
1.712	5
1.712	4
1.712	6
1.712	5
1.712	4
1.712	4
1.712	4
1.712	4
1.712	3
1.712	3
1.712	4
1.712	7
1.712	3
1.712	5
1.712	6
1.712	3
1.712	4
1.712	3
1.712	4
1.713	8
1.713	5
1.713	5
1.713	3
1.713	3
1.713	3
1.713	6
1.713	3
1.713	4
1.714	5
1.714	3
1.714	6
1.714	4
1.714	3
1.714	4
1.714	4
1.714	3
1.714	4
1.714	4
1.714	4
1.714	3
1.715	5
1.715	8
1.715	7
1.715	5
1.715	4
1.715	5
1.715	4
1.715	5
1.715	5
1.715	2
1.715	4
1.715	4
1.715	3
1.715	3
1.715	4
1.716	5
1.716	6
1.716	3
1.716	8
1.716	5
1.716	6
1.716	4
1.716	4
1.716	4
1.716	7
1.716	3
1.716	5
1.717	5
1.717	6
1.717	4
1.717	3
1.717	4
1.717	3
1.717	4
1.717	6
1.718	6
1.718	5
1.718	5
1.718	5
1.718	4
1.718	5
1.718	5
1.718	4
1.718	6
1.718	3
1.718	4
1.718	2
1.718	4
1.718	3
1.718	4
1.718	4
1.718	3
1.718	4
1.719	6
1.719	5
1.719	3
1.719	4
1.719	3
1.719	4
1.719	3
1.719	3
1.719	2
1.72	4
1.72	6
1.72	5
1.72	7
1.72	5
1.72	6
1.72	5
1.72	4
1.72	2
1.72	4
1.72	3
1.72	4
1.72	6
1.72	3
1.721	4
1.721	6
1.721	8
1.721	5
1.721	5
1.721	4
1.721	3
1.721	5
1.721	6
1.721	3
1.721	5
1.721	4
1.722	5
1.722	3
1.722	4
1.722	6
1.722	5
1.722	3
1.722	3
1.722	4
1.722	2
1.722	4
1.722	4
1.722	4
1.722	3
1.723	4
1.723	7
1.723	3
1.723	7
1.723	4
1.723	4
1.723	4
1.723	3
1.724	4
1.724	5
1.724	5
1.724	5
1.724	6
1.724	5
1.724	6
1.724	5
1.724	3
1.724	4
1.724	3
1.724	5
1.724	3
1.724	7
1.724	4
1.724	5
1.724	6
1.724	6
1.725	4
1.725	8
1.725	4
1.725	6
1.725	5
1.725	5
1.725	4
1.725	6
1.725	4
1.725	4
1.725	3
1.725	3
1.725	5
1.725	3
1.726	5
1.726	3
1.726	3
1.726	5
1.726	4
1.726	3
1.726	3
1.726	4
1.726	3
1.726	4
1.726	4
1.726	3
1.726	1
1.726	2
1.726	2
1.727	5
1.727	4
1.727	6
1.727	6
1.727	3
1.727	5
1.727	3
1.727	3
1.728	5
1.728	7
1.728	4
1.728	6
1.728	6
1.728	6
1.728	5
1.728	4
1.728	3
1.728	4
1.728	4
1.729	5
1.729	4
1.729	3
1.729	3
1.729	5
1.729	3
1.729	4
1.729	4
1.729	4
1.729	3
1.73	5
1.73	3
1.73	3
1.73	6
1.73	3
1.73	4
1.73	4
1.73	2
1.73	3
1.73	3
1.73	5
1.73	3
1.73	3
1.73	3
1.73	3
1.731	6
1.731	5
1.731	3
1.731	4
1.731	4
1.731	4
1.731	4
1.731	5
1.731	4
1.731	4
1.731	3
1.731	4
1.732	8
1.732	5
1.732	5
1.732	6
1.732	5
1.732	3
1.732	3
1.732	3
1.732	5
1.732	5
1.732	3
1.732	3
1.732	3
1.732	6
1.733	3
1.733	4
1.733	4
1.733	7
1.733	5
1.733	8
1.733	6
1.733	6
1.733	4
1.733	4
1.733	4
1.733	3
1.733	5
1.733	1
1.733	1
1.734	3
1.734	4
1.734	4
1.734	3
1.734	4
1.734	4
1.734	3
1.734	4
1.734	3
1.734	2
1.735	5
1.735	5
1.735	5
1.735	3
1.735	5
1.735	3
1.735	4
1.735	3
1.735	4
1.735	3
1.735	3
1.736	3
1.736	5
1.736	7
1.736	5
1.736	6
1.736	3
1.736	5
1.736	3
1.736	4
1.737	5
1.737	4
1.737	5
1.737	5
1.737	5
1.737	5
1.737	4
1.737	4
1.737	3
1.737	4
1.737	3
1.737	3
1.737	3
1.737	3
1.737	5
1.737	5
1.737	3
1.737	3
1.737	3
1.737	3
1.738	5
1.738	5
1.738	6
1.738	7
1.738	5
1.738	3
1.738	8
1.738	2
1.738	4
1.738	4
1.738	4
1.738	4
1.738	4
1.738	3
1.738	3
1.738	4
1.738	4
1.738	3
1.739	5
1.739	5
1.739	6
1.739	5
1.739	3
1.739	7
1.739	6
1.739	5
1.739	4
1.739	3
1.739	5
1.739	6
1.739	4
1.739	3
1.739	5
1.739	6
1.739	3
1.74	5
1.74	4
1.74	5
1.74	5
1.74	4
1.74	7
1.74	5
1.74	6
1.74	3
1.74	3
1.741	5
1.741	7
1.741	6
1.741	4
1.741	4
1.741	4
1.741	4
1.741	4
1.741	4
1.741	3
1.741	1
1.742	6
1.742	3
1.742	5
1.742	6
1.742	5
1.742	5
1.742	4
1.742	5
1.742	4
1.742	3
1.742	2
1.742	4
1.742	3
1.742	4
1.742	4
1.742	6
1.743	4
1.743	6
1.743	5
1.743	5
1.743	4
1.743	5
1.743	6
1.743	4
1.743	7
1.743	4
1.743	5
1.743	3
1.743	3
1.743	3
1.744	4
1.744	4
1.744	8
1.744	5
1.744	7
1.744	5
1.744	3
1.744	4
1.744	4
1.744	2
1.745	6
1.745	5
1.745	6
1.745	7
1.745	3
1.745	4
1.745	4
1.745	4
1.745	3
1.745	4
1.745	4
1.745	3
1.745	3
1.745	3
1.745	5
1.745	3
1.745	3
1.745	6
1.746	4
1.746	5
1.746	3
1.746	5
1.746	6
1.746	4
1.746	3
1.746	4
1.746	4
1.746	3
1.746	3
1.746	6
1.746	6
1.746	3
1.746	3
1.746	4
1.746	3
1.746	4
1.746	4
1.747	5
1.747	5
1.747	6
1.747	4
1.747	6
1.747	3
1.747	5
1.747	5
1.747	4
1.747	5
1.747	3
1.747	4
1.747	4
1.747	3
1.747	4
1.747	2
1.748	5
1.748	5
1.748	5
1.748	6
1.748	3
1.748	4
1.748	4
1.748	5
1.748	6
1.748	3
1.748	6
1.748	3
1.748	4
1.748	4
1.748	4
1.748	4
1.748	4
1.748	4
1.748	3
1.748	3
1.748	3
1.749	5
1.749	5
1.749	5
1.749	3
1.749	3
1.749	4
1.749	3
1.749	4
1.749	2
1.749	4
1.749	4
1.749	4
1.75	5
1.75	6
1.75	5
1.75	2
1.75	4
1.75	4
1.75	6
1.75	6
1.75	4
1.75	4
1.75	5
1.75	5
1.75	3
1.751	5
1.751	5
1.751	6
1.751	5
1.751	3
1.751	4
1.751	6
1.751	6
1.751	5
1.751	3
1.751	5
1.751	6
1.751	3
1.751	3
1.751	1
1.751	3
1.752	4
1.752	4
1.752	8
1.752	5
1.752	3
1.752	3
1.752	6
1.752	3
1.752	5
1.752	4
1.752	4
1.752	3
1.752	3
1.752	4
1.752	4
1.752	4
1.752	4
1.752	3
1.752	3
1.752	4
1.753	3
1.753	5
1.753	4
1.753	4
1.753	3
1.753	4
1.753	4
1.753	3
1.753	3
1.753	3
1.753	3
1.753	3
1.753	3
1.753	3
1.754	5
1.754	5
1.754	3
1.754	4
1.754	3
1.754	4
1.754	4
1.754	6
1.754	3
1.754	1
1.755	6
1.755	5
1.755	5
1.755	3
1.755	5
1.755	5
1.755	5
1.755	6
1.755	6
1.755	4
1.755	5
1.755	3
1.755	3
1.755	5
1.755	3
1.755	3
1.756	4
1.756	4
1.756	5
1.756	6
1.756	4
1.756	8
1.756	3
1.756	4
1.756	3
1.756	4
1.756	4
1.756	2
1.756	2
1.756	4
1.756	4
1.756	4
1.756	3
1.756	4
1.756	3
1.756	4
1.756	3
1.757	5
1.757	5
1.757	5
1.757	6
1.757	5
1.757	5
1.757	3
1.757	5
1.757	4
1.757	4
1.757	3
1.757	3
1.757	3
1.757	4
1.757	4
1.757	4
1.757	6
1.758	5
1.758	5
1.758	6
1.758	7
1.758	5
1.758	5
1.758	3
1.758	3
1.758	6
1.758	4
1.758	5
1.758	3
1.758	3
1.758	5
1.758	3
1.758	3
1.759	5
1.759	5
1.759	5
1.759	5
1.759	3
1.759	3
1.759	3
1.759	5
1.759	5
1.759	4
1.759	3
1.759	4
1.759	2
1.759	6
1.76	4
1.76	6
1.76	5
1.76	5
1.76	5
1.76	8
1.76	6
1.76	4
1.76	4
1.76	3
1.76	3
1.76	4
1.76	3
1.76	4
1.76	4
1.76	3
1.761	5
1.761	5
1.761	6
1.761	4
1.761	3
1.761	4
1.761	3
1.761	4
1.761	3
1.761	3
1.761	3
1.761	4
1.761	2
1.762	6
1.762	8
1.762	5
1.762	4
1.762	5
1.762	5
1.762	4
1.762	5
1.762	5
1.762	4
1.762	4
1.763	4
1.763	6
1.763	7
1.763	6
1.763	6
1.763	6
1.763	4
1.763	4
1.763	3
1.763	3
1.763	3
1.763	4
1.764	4
1.764	4
1.764	6
1.764	6
1.764	5
1.764	4
1.764	4
1.764	2
1.764	6
1.764	3
1.764	3
1.764	6
1.765	3
1.765	5
1.765	8
1.765	3
1.765	5
1.765	5
1.765	5
1.765	4
1.765	3
1.765	4
1.765	4
1.765	5
1.765	5
1.765	4
1.765	4
1.765	3
1.765	3
1.766	5
1.766	5
1.766	5
1.766	4
1.766	3
1.766	3
1.766	4
1.766	4
1.766	4
1.766	3
1.766	1
1.766	2
1.767	5
1.767	6
1.767	6
1.767	5
1.767	5
1.767	6
1.767	3
1.767	4
1.767	4
1.767	4
1.767	4
1.767	3
1.767	5
1.767	4
1.767	6
1.767	3
1.767	3
1.768	5
1.768	5
1.768	6
1.768	5
1.768	8
1.768	3
1.768	6
1.768	8
1.768	3
1.768	3
1.768	4
1.768	4
1.768	3
1.768	6
1.768	5
1.768	5
1.768	3
1.768	1
1.768	4
1.769	5
1.769	4
1.769	6
1.769	5
1.769	5
1.769	4
1.769	4
1.769	3
1.769	2
1.769	4
1.769	4
1.769	4
1.769	4
1.769	4
1.769	4
1.769	3
1.77	5
1.77	4
1.77	3
1.77	3
1.77	5
1.77	5
1.77	5
1.77	6
1.77	5
1.77	4
1.77	3
1.77	4
1.77	4
1.77	3
1.77	4
1.77	3
1.77	3
1.77	5
1.77	3
1.77	3
1.77	3
1.77	3
1.771	6
1.771	5
1.771	4
1.771	4
1.771	4
1.771	4
1.771	4
1.771	3
1.771	3
1.771	3
1.771	6
1.771	5
1.771	5
1.771	4
1.771	3
1.771	4
1.772	5
1.772	3
1.772	5
1.772	4
1.772	4
1.772	4
1.772	4
1.772	4
1.772	4
1.772	3
1.772	3
1.772	5
1.772	3
1.772	3
1.772	3
1.773	3
1.773	4
1.773	3
1.773	4
1.773	3
1.773	4
1.773	4
1.773	3
1.773	3
1.773	5
1.773	4
1.773	3
1.773	4
1.773	4
1.773	3
1.773	4
1.773	3
1.773	4
1.773	1
1.774	6
1.774	4
1.774	6
1.774	5
1.774	3
1.774	5
1.774	3
1.774	4
1.774	3
1.774	5
1.774	4
1.774	6
1.774	6
1.774	3
1.774	3
1.774	4
1.774	2
1.774	3
1.774	3
1.775	4
1.775	5
1.775	7
1.775	4
1.775	4
1.775	6
1.775	3
1.775	4
1.775	4
1.775	4
1.775	4
1.775	3
1.776	5
1.776	4
1.776	3
1.776	6
1.776	3
1.776	2
1.776	2
1.776	4
1.776	4
1.776	3
1.776	4
1.776	3
1.776	3
1.776	6
1.777	5
1.777	4
1.777	5
1.777	5
1.777	5
1.777	5
1.777	4
1.777	5
1.777	5
1.777	6
1.777	6
1.777	4
1.777	3
1.777	5
1.777	4
1.777	2
1.777	4
1.777	3
1.777	3
1.777	5
1.777	3
1.777	3
1.778	5
1.778	4
1.778	5
1.778	5
1.778	3
1.778	3
1.778	4
1.778	3
1.778	4
1.778	3
1.778	4
1.778	2
1.779	5
1.779	5
1.779	5
1.779	3
1.779	6
1.779	6
1.779	4
1.779	4
1.779	4
1.779	3
1.779	6
1.779	3
1.779	4
1.78	5
1.78	5
1.78	4
1.78	7
1.78	7
1.78	5
1.78	4
1.78	4
1.78	4
1.78	4
1.78	3
1.78	3
1.78	4
1.78	4
1.78	5
1.78	3
1.78	5
1.78	4
1.781	5
1.781	4
1.781	4
1.781	4
1.781	3
1.781	4
1.781	3
1.781	3
1.781	4
1.781	4
1.781	4
1.781	3
1.781	6
1.781	3
1.782	6
1.782	5
1.782	6
1.782	3
1.782	6
1.782	6
1.782	3
1.782	3
1.782	6
1.782	3
1.782	4
1.782	3
1.783	4
1.783	3
1.783	5
1.783	6
1.783	4
1.783	4
1.783	3
1.783	3
1.783	5
1.783	5
1.783	6
1.783	5
1.783	5
1.783	4
1.783	4
1.783	4
1.783	3
1.783	3
1.784	5
1.784	6
1.784	5
1.784	4
1.784	3
1.784	3
1.784	2
1.784	4
1.784	4
1.784	3
1.784	4
1.784	4
1.784	3
1.785	7
1.785	5
1.785	5
1.785	3
1.785	3
1.785	5
1.785	6
1.785	4
1.785	4
1.785	4
1.785	3
1.785	4
1.785	4
1.785	3
1.785	6
1.785	5
1.785	5
1.785	1
1.786	3
1.786	4
1.786	5
1.786	5
1.786	6
1.786	5
1.786	3
1.786	4
1.786	5
1.786	3
1.786	3
1.786	6
1.786	3
1.787	5
1.787	8
1.787	4
1.787	6
1.787	5
1.787	8
1.787	4
1.787	4
1.787	4
1.787	4
1.787	4
1.787	4
1.787	3
1.787	4
1.787	4
1.787	3
1.787	3
1.788	5
1.788	5
1.788	5
1.788	3
1.788	4
1.788	3
1.788	4
1.788	3
1.788	4
1.788	4
1.788	3
1.788	3
1.788	4
1.788	4
1.788	4
1.788	3
1.789	3
1.789	5
1.789	6
1.789	5
1.789	5
1.789	6
1.789	6
1.789	6
1.789	6
1.789	4
1.789	4
1.789	3
1.789	4
1.789	4
1.789	2
1.789	4
1.789	4
1.789	3
1.789	3
1.789	5
1.789	3
1.789	3
1.79	5
1.79	5
1.79	3
1.79	4
1.79	4
1.79	4
1.79	4
1.79	6
1.79	5
1.79	5
1.79	4
1.79	3
1.79	4
1.791	5
1.791	5
1.791	3
1.791	3
1.791	4
1.791	6
1.791	6
1.791	5
1.791	3
1.791	3
1.791	3
1.791	4
1.791	3
1.791	3
1.791	4
1.791	2
1.792	6
1.792	5
1.792	3
1.792	5
1.792	4
1.792	6
1.792	3
1.792	4
1.792	3
1.792	5
1.792	5
1.792	4
1.792	3
1.792	4
1.792	4
1.792	3
1.793	4
1.793	5
1.793	6
1.793	5
1.793	5
1.793	5
1.793	5
1.793	5
1.793	4
1.793	3
1.793	4
1.793	4
1.793	3
1.793	3
1.793	3
1.793	3
1.794	5
1.794	6
1.794	8
1.794	8
1.794	5
1.794	2
1.794	4
1.794	4
1.794	3
1.794	3
1.794	5
1.794	4
1.795	6
1.795	4
1.795	5
1.795	3
1.795	5
1.795	6
1.795	4
1.795	4
1.795	3
1.795	3
1.795	4
1.795	5
1.795	6
1.795	6
1.795	3
1.795	5
1.795	3
1.795	3
1.796	4
1.796	5
1.796	5
1.796	3
1.796	5
1.796	5
1.796	4
1.796	5
1.796	5
1.796	4
1.796	3
1.796	4
1.796	2
1.796	4
1.797	5
1.797	5
1.797	3
1.797	5
1.797	6
1.797	6
1.797	4
1.797	2
1.797	4
1.797	5
1.797	5
1.798	5
1.798	5
1.798	6
1.798	7
1.798	5
1.798	5
1.798	4
1.798	3
1.798	5
1.798	6
1.798	5
1.798	4
1.798	3
1.798	3
1.798	6
1.798	3
1.799	4
1.799	4
1.799	6
1.799	5
1.799	4
1.799	6
1.799	3
1.799	4
1.799	3
1.799	5
1.8	3
1.8	5
1.8	5
1.8	3
1.8	4
1.8	4
1.8	4
1.8	5
1.8	3
1.8	4
1.8	4
1.8	4
1.8	3
1.801	5
1.801	5
1.801	5
1.801	5
1.801	5
1.801	3
1.801	3
1.801	6
1.801	6
1.801	5
1.801	5
1.801	3
1.801	4
1.801	3
1.801	3
1.801	4
1.801	4
1.802	7
1.802	4
1.802	4
1.802	6
1.802	6
1.802	8
1.802	4
1.802	4
1.802	4
1.802	4
1.802	5
1.802	6
1.802	5
1.802	5
1.803	7
1.803	3
1.803	3
1.803	5
1.803	5
1.803	5
1.803	5
1.803	4
1.803	4
1.803	4
1.803	3
1.803	4
1.803	3
1.803	3
1.803	3
1.803	4
1.803	4
1.803	3
1.804	5
1.804	5
1.804	8
1.804	6
1.804	5
1.804	5
1.804	5
1.804	5
1.804	3
1.804	4
1.804	4
1.804	4
1.804	3
1.804	4
1.804	4
1.804	3
1.805	4
1.805	4
1.805	4
1.805	4
1.805	5
1.805	3
1.805	3
1.806	5
1.806	4
1.806	3
1.806	4
1.806	3
1.806	4
1.806	4
1.807	5
1.807	5
1.807	6
1.807	7
1.807	5
1.807	6
1.807	6
1.807	5
1.807	6
1.807	3
1.807	4
1.807	4
1.807	4
1.807	4
1.808	3
1.808	5
1.808	3
1.808	3
1.808	5
1.808	4
1.808	4
1.808	3
1.808	3
1.808	4
1.808	4
1.808	2
1.809	8
1.809	5
1.809	3
1.809	4
1.809	4
1.809	4
1.809	4
1.809	6
1.809	3
1.809	2
1.809	4
1.809	6
1.809	3
1.809	4
1.809	5
1.81	6
1.81	7
1.81	6
1.81	3
1.81	3
1.81	6
1.81	6
1.81	6
1.81	5
1.81	6
1.81	3
1.81	6
1.811	5
1.811	6
1.811	5
1.811	4
1.811	5
1.811	5
1.811	4
1.811	5
1.811	5
1.811	2
1.811	4
1.811	4
1.811	3
1.811	5
1.812	5
1.812	4
1.812	5
1.812	4
1.812	4
1.812	5
1.812	8
1.812	3
1.812	4
1.812	5
1.812	6
1.812	4
1.812	4
1.812	3
1.812	2
1.813	5
1.813	4
1.813	3
1.813	4
1.813	3
1.813	4
1.813	3
1.814	5
1.814	3
1.814	5
1.814	5
1.814	5
1.814	5
1.814	4
1.814	4
1.814	6
1.814	3
1.814	5
1.814	4
1.815	6
1.815	5
1.815	7
1.815	5
1.815	5
1.815	8
1.815	3
1.815	4
1.815	3
1.815	4
1.815	3
1.816	4
1.816	3
1.816	5
1.816	4
1.816	3
1.816	3
1.816	4
1.816	3
1.816	4
1.816	3
1.817	6
1.817	4
1.817	6
1.817	6
1.817	4
1.817	4
1.817	5
1.817	3
1.817	5
1.817	6
1.817	5
1.818	4
1.818	5
1.818	5
1.818	3
1.818	4
1.818	6
1.818	5
1.818	5
1.818	4
1.818	4
1.818	3
1.818	5
1.818	4
1.818	3
1.818	3
1.818	3
1.819	5
1.819	5
1.819	5
1.819	6
1.819	3
1.819	6
1.819	5
1.819	5
1.819	4
1.819	4
1.819	4
1.819	1
1.82	4
1.82	6
1.82	4
1.82	4
1.82	3
1.82	4
1.82	3
1.82	3
1.82	4
1.821	4
1.821	5
1.821	5
1.821	5
1.821	5
1.821	4
1.821	5
1.821	5
1.821	4
1.821	4
1.821	3
1.822	6
1.822	3
1.822	5
1.822	6
1.822	6
1.822	6
1.822	4
1.822	3
1.823	5
1.823	5
1.823	5
1.823	5
1.823	5
1.823	6
1.823	3
1.823	4
1.823	3
1.823	3
1.823	5
1.823	3
1.823	3
1.824	5
1.824	5
1.824	4
1.824	3
1.824	6
1.824	6
1.824	4
1.824	4
1.824	4
1.824	3
1.824	4
1.825	3
1.825	4
1.825	4
1.825	6
1.825	6
1.825	6
1.825	5
1.825	4
1.825	3
1.825	4
1.825	3
1.826	6
1.826	5
1.826	3
1.826	5
1.826	3
1.826	3
1.826	5
1.826	4
1.826	3
1.826	5
1.826	5
1.826	3
1.826	5
1.826	6
1.826	3
1.827	8
1.827	5
1.827	4
1.827	4
1.827	8
1.827	4
1.828	5
1.828	3
1.828	3
1.828	4
1.828	3
1.828	5
1.828	5
1.828	3
1.828	4
1.829	5
1.829	7
1.829	3
1.829	3
1.829	5
1.829	3
1.829	5
1.829	8
1.829	6
1.829	6
1.829	5
1.829	6
1.829	3
1.83	5
1.83	3
1.83	5
1.83	4
1.83	4
1.83	4
1.83	4
1.83	3
1.83	3
1.83	6
1.831	8
1.831	5
1.831	3
1.831	5
1.831	5
1.831	3
1.831	4
1.831	6
1.832	4
1.832	3
1.832	6
1.832	3
1.832	2
1.833	6
1.833	5
1.833	5
1.833	4
1.833	6
1.833	5
1.833	4
1.833	5
1.833	5
1.833	5
1.833	5
1.833	4
1.833	2
1.833	6
1.834	6
1.834	5
1.834	5
1.834	6
1.834	7
1.834	3
1.834	6
1.834	8
1.834	3
1.834	4
1.834	4
1.834	4
1.834	3
1.834	4
1.835	4
1.835	5
1.835	4
1.835	5
1.835	5
1.835	3
1.835	3
1.835	6
1.835	6
1.835	5
1.835	4
1.835	3
1.835	3
1.835	4
1.835	4
1.835	2
1.836	7
1.836	7
1.836	5
1.836	4
1.836	5
1.836	5
1.836	5
1.836	4
1.836	6
1.836	5
1.836	6
1.836	5
1.836	5
1.836	3
1.836	6
1.837	6
1.837	3
1.837	5
1.837	6
1.837	4
1.837	3
1.837	3
1.837	4
1.838	5
1.838	6
1.838	6
1.838	5
1.838	5
1.838	4
1.838	5
1.838	5
1.838	4
1.838	3
1.838	4
1.838	4
1.838	3
1.838	3
1.838	2
1.838	6
1.839	6
1.839	4
1.839	4
1.839	8
1.839	5
1.839	5
1.839	4
1.839	5
1.839	4
1.839	3
1.839	3
1.839	1
1.839	3
1.839	3
1.84	5
1.84	5
1.84	4
1.84	5
1.84	4
1.84	1
1.84	4
1.84	2
1.841	5
1.841	7
1.841	7
1.841	5
1.841	3
1.841	6
1.841	6
1.841	6
1.841	3
1.841	3
1.842	5
1.842	5
1.842	4
1.842	4
1.842	6
1.842	4
1.842	2
1.842	3
1.842	1
1.842	3
1.842	4
1.843	4
1.843	5
1.843	3
1.843	4
1.843	6
1.843	3
1.843	3
1.843	5
1.843	5
1.843	4
1.843	3
1.843	5
1.843	3
1.843	3
1.843	5
1.843	3
1.843	3
1.844	7
1.844	3
1.844	4
1.844	4
1.844	5
1.844	3
1.844	4
1.844	3
1.844	4
1.844	3
1.844	3
1.844	5
1.844	3
1.844	3
1.844	3
1.844	3
1.844	3
1.845	5
1.845	5
1.845	5
1.845	6
1.845	5
1.845	3
1.845	5
1.845	5
1.845	6
1.845	6
1.845	4
1.845	3
1.845	5
1.845	5
1.845	3
1.845	5
1.845	4
1.845	3
1.845	4
1.845	1
1.846	5
1.846	4
1.846	5
1.846	8
1.846	3
1.846	3
1.846	3
1.846	5
1.846	3
1.846	3
1.846	3
1.847	4
1.847	3
1.847	3
1.847	4
1.847	4
1.847	3
1.847	4
1.847	3
1.847	4
1.847	3
1.847	1
1.848	3
1.848	5
1.848	3
1.848	4
1.848	5
1.849	7
1.849	4
1.849	4
1.849	4
1.849	3
1.849	3
1.849	3
1.849	3
1.849	5
1.849	3
1.849	3
1.849	3
1.85	5
1.85	3
1.85	6
1.85	5
1.85	3
1.85	5
1.85	3
1.85	3
1.85	4
1.85	3
1.85	4
1.851	4
1.851	5
1.851	5
1.851	4
1.851	5
1.851	3
1.851	3
1.851	3
1.851	5
1.851	3
1.851	3
1.852	5
1.852	3
1.852	5
1.852	5
1.852	3
1.852	3
1.852	6
1.852	4
1.852	5
1.852	6
1.852	3
1.852	3
1.852	4
1.852	3
1.852	4
1.853	5
1.853	5
1.853	6
1.853	5
1.853	5
1.853	5
1.853	6
1.853	5
1.853	3
1.853	5
1.853	4
1.853	6
1.853	4
1.853	4
1.853	6
1.853	3
1.853	3
1.854	7
1.854	5
1.854	5
1.854	6
1.854	3
1.854	4
1.854	4
1.854	4
1.854	4
1.854	3
1.855	5
1.855	5
1.855	5
1.855	4
1.855	4
1.855	4
1.855	4
1.855	4
1.855	4
1.855	3
1.855	6
1.855	3
1.855	3
1.856	5
1.856	5
1.856	3
1.856	5
1.856	5
1.856	6
1.856	5
1.856	5
1.856	4
1.856	3
1.857	6
1.857	5
1.857	5
1.857	5
1.857	7
1.857	6
1.857	4
1.857	6
1.857	5
1.857	4
1.857	4
1.857	4
1.857	4
1.857	3
1.857	3
1.858	4
1.858	8
1.858	4
1.858	5
1.858	5
1.858	4
1.858	4
1.858	4
1.858	4
1.858	3
1.858	4
1.858	4
1.858	3
1.858	4
1.858	6
1.858	3
1.858	3
1.859	7
1.859	3
1.859	4
1.859	3
1.859	3
1.859	3
1.859	4
1.859	3
1.859	4
1.859	4
1.859	3
1.859	6
1.859	5
1.859	4
1.86	3
1.86	6
1.86	6
1.86	5
1.86	3
1.86	4
1.86	5
1.86	3
1.86	6
1.86	3
1.86	4
1.86	3
1.86	3
1.86	4
1.86	4
1.86	4
1.86	3
1.86	6
1.86	3
1.861	6
1.861	5
1.861	5
1.861	3
1.861	5
1.861	4
1.861	4
1.861	4
1.861	4
1.861	3
1.861	4
1.861	4
1.861	3
1.861	4
1.862	4
1.862	7
1.862	3
1.862	3
1.862	3
1.862	4
1.862	4
1.862	2
1.862	3
1.862	3
1.862	6
1.862	5
1.862	4
1.862	4
1.862	4
1.862	4
1.862	3
1.863	5
1.863	5
1.863	5
1.863	6
1.863	5
1.863	6
1.863	5
1.863	4
1.863	2
1.863	4
1.863	4
1.864	5
1.864	6
1.864	3
1.864	4
1.864	3
1.864	5
1.864	4
1.864	3
1.864	4
1.864	4
1.864	3
1.864	6
1.864	5
1.864	4
1.865	5
1.865	8
1.865	8
1.865	5
1.865	4
1.865	5
1.865	4
1.865	3
1.865	4
1.865	3
1.865	4
1.865	3
1.865	3
1.865	3
1.865	6
1.866	4
1.866	5
1.866	6
1.866	5
1.866	3
1.866	4
1.866	3
1.866	3
1.866	3
1.866	4
1.866	5
1.866	4
1.866	4
1.866	3
1.866	4
1.866	4
1.866	3
1.867	5
1.867	5
1.867	5
1.867	4
1.867	3
1.867	3
1.867	3
1.867	3
1.867	2
1.868	5
1.868	5
1.868	6
1.868	5
1.868	3
1.868	5
1.868	3
1.868	5
1.868	3
1.868	4
1.868	4
1.868	3
1.868	4
1.869	6
1.869	7
1.869	3
1.869	6
1.869	3
1.869	4
1.869	3
1.869	5
1.869	3
1.869	5
1.869	4
1.87	4
1.87	4
1.87	5
1.87	3
1.87	5
1.87	3
1.87	5
1.87	4
1.87	4
1.87	3
1.87	3
1.87	4
1.87	3
1.871	6
1.871	6
1.871	5
1.871	7
1.871	4
1.871	3
1.871	5
1.871	5
1.871	3
1.871	4
1.871	5
1.871	3
1.872	5
1.872	5
1.872	5
1.872	4
1.872	3
1.872	3
1.872	3
1.872	6
1.873	4
1.873	4
1.873	8
1.873	5
1.873	3
1.873	5
1.873	5
1.873	4
1.873	4
1.873	4
1.873	3
1.873	4
1.873	3
1.874	5
1.874	7
1.874	3
1.874	4
1.874	4
1.874	4
1.874	5
1.874	5
1.874	3
1.874	1
1.874	2
1.875	5
1.875	5
1.875	5
1.875	5
1.875	3
1.875	6
1.875	6
1.875	4
1.875	3
1.875	4
1.875	4
1.875	3
1.876	5
1.876	7
1.876	7
1.876	4
1.876	4
1.876	4
1.876	5
1.876	3
1.876	4
1.877	4
1.877	4
1.877	4
1.877	5
1.877	3
1.877	4
1.877	3
1.877	4
1.877	5
1.877	4
1.877	3
1.878	6
1.878	5
1.878	5
1.878	6
1.878	3
1.878	4
1.878	4
1.878	4
1.878	4
1.878	3
1.878	3
1.878	5
1.878	3
1.878	3
1.878	3
1.879	3
1.879	5
1.879	5
1.879	6
1.879	5
1.879	5
1.879	4
1.879	3
1.879	4
1.879	4
1.879	4
1.879	4
1.879	5
1.879	4
1.879	3
1.879	4
1.88	5
1.88	6
1.88	8
1.88	6
1.88	3
1.88	4
1.88	3
1.88	4
1.88	3
1.88	4
1.88	3
1.881	4
1.881	6
1.881	7
1.881	3
1.881	4
1.881	3
1.881	6
1.881	3
1.881	4
1.881	4
1.881	4
1.881	4
1.881	4
1.881	1
1.882	4
1.882	3
1.882	4
1.882	4
1.882	3
1.882	3
1.882	4
1.883	5
1.883	8
1.883	5
1.883	6
1.883	3
1.883	4
1.883	6
1.883	3
1.883	4
1.883	4
1.883	3
1.884	5
1.884	5
1.884	5
1.884	6
1.884	4
1.884	4
1.884	3
1.885	4
1.885	5
1.885	3
1.885	5
1.885	6
1.885	5
1.885	4
1.885	3
1.885	4
1.885	4
1.885	3
1.885	4
1.885	3
1.885	3
1.885	3
1.885	5
1.885	3
1.885	3
1.886	3
1.886	3
1.886	5
1.886	8
1.886	5
1.886	5
1.886	4
1.886	3
1.886	4
1.886	5
1.886	6
1.886	6
1.886	3
1.886	4
1.886	3
1.886	4
1.886	3
1.886	4
1.886	6
1.887	5
1.887	5
1.887	3
1.887	5
1.887	3
1.887	6
1.887	4
1.887	4
1.887	3
1.887	4
1.887	3
1.887	6
1.887	3
1.888	6
1.888	5
1.888	7
1.888	6
1.888	3
1.888	4
1.888	4
1.888	3
1.888	4
1.888	6
1.888	3
1.888	2
1.889	4
1.889	6
1.889	5
1.889	5
1.889	5
1.889	4
1.889	3
1.889	3
1.889	4
1.889	3
1.889	5
1.889	6
1.889	4
1.889	4
1.889	4
1.889	3
1.89	5
1.89	5
1.89	5
1.89	5
1.89	3
1.89	4
1.89	3
1.89	4
1.89	4
1.89	4
1.891	5
1.891	5
1.891	4
1.891	4
1.891	3
1.891	3
1.891	4
1.891	5
1.891	6
1.891	6
1.891	5
1.891	4
1.891	3
1.892	6
1.892	5
1.892	5
1.892	3
1.892	5
1.892	4
1.892	3
1.892	3
1.892	4
1.892	3
1.892	3
1.892	3
1.893	6
1.893	5
1.893	7
1.893	4
1.893	5
1.893	4
1.893	4
1.893	4
1.893	3
1.893	4
1.893	4
1.893	3
1.894	5
1.894	5
1.894	3
1.894	4
1.894	3
1.894	4
1.894	4
1.894	3
1.894	3
1.894	4
1.894	3
1.894	3
1.894	3
1.894	6
1.894	3
1.894	3
1.895	6
1.895	6
1.895	4
1.895	6
1.895	4
1.895	4
1.895	6
1.895	6
1.895	5
1.895	3
1.895	4
1.895	4
1.895	1
1.896	4
1.896	4
1.896	3
1.896	6
1.896	6
1.896	4
1.896	3
1.896	4
1.896	4
1.896	4
1.896	3
1.897	5
1.897	5
1.897	5
1.897	6
1.897	3
1.897	4
1.897	3
1.897	3
1.897	4
1.897	3
1.897	4
1.897	3
1.897	6
1.898	5
1.898	4
1.898	7
1.898	4
1.898	3
1.898	6
1.898	6
1.898	5
1.898	5
1.898	6
1.898	5
1.898	4
1.899	5
1.899	5
1.899	5
1.899	4
1.899	4
1.899	3
1.899	3
1.899	3
1.899	3
1.899	5
1.899	3
1.899	3
1.899	2
1.899	6
1.9	5
1.9	7
1.9	6
1.9	8
1.9	5
1.9	5
1.9	3
1.9	5
1.9	3
1.9	4
1.9	4
1.9	3
1.9	4
1.9	4
1.9	3
1.9	4
1.9	3
1.9	4
1.901	5
1.901	5
1.901	5
1.901	5
1.901	5
1.901	5
1.901	4
1.901	3
1.901	8
1.901	6
1.901	6
1.901	4
1.901	3
1.901	3
1.901	3
1.901	4
1.901	2
1.902	4
1.902	4
1.902	3
1.902	5
1.902	5
1.902	4
1.903	6
1.903	5
1.903	6
1.903	4
1.903	8
1.903	3
1.903	6
1.903	6
1.903	5
1.903	3
1.903	4
1.904	4
1.904	3
1.904	6
1.904	5
1.904	3
1.904	5
1.904	4
1.904	5
1.904	4
1.904	3
1.904	4
1.904	3
1.904	4
1.904	4
1.905	7
1.905	5
1.905	5
1.905	4
1.905	5
1.905	5
1.905	3
1.905	5
1.905	3
1.905	3
1.905	3
1.906	4
1.906	6
1.906	5
1.906	8
1.906	5
1.906	3
1.906	3
1.906	1
1.907	3
1.907	5
1.907	6
1.907	5
1.907	5
1.907	4
1.907	3
1.907	5
1.907	5
1.907	3
1.907	4
1.907	3
1.908	5
1.908	4
1.908	5
1.908	6
1.908	6
1.908	4
1.908	8
1.908	4
1.908	4
1.908	3
1.908	6
1.908	3
1.908	3
1.908	1
1.909	5
1.909	5
1.909	5
1.909	5
1.909	5
1.909	5
1.909	4
1.909	6
1.909	5
1.909	4
1.909	3
1.909	3
1.909	4
1.91	4
1.91	5
1.91	5
1.91	5
1.91	4
1.91	6
1.91	5
1.91	4
1.91	4
1.91	5
1.91	4
1.91	4
1.91	4
1.91	3
1.91	3
1.91	3
1.91	5
1.91	3
1.91	3
1.91	3
1.911	5
1.911	6
1.911	4
1.911	5
1.911	5
1.911	6
1.911	4
1.911	3
1.911	4
1.911	4
1.911	3
1.911	4
1.912	5
1.912	5
1.912	4
1.912	6
1.912	3
1.912	5
1.912	5
1.912	4
1.912	5
1.912	5
1.912	4
1.912	6
1.912	5
1.912	4
1.912	3
1.912	3
1.912	5
1.912	3
1.912	3
1.913	6
1.913	4
1.913	5
1.913	6
1.913	4
1.913	3
1.913	5
1.913	4
1.913	3
1.913	4
1.914	4
1.914	5
1.914	3
1.914	6
1.914	5
1.914	4
1.914	3
1.914	4
1.914	3
1.914	4
1.914	4
1.914	3
1.915	3
1.915	4
1.915	4
1.915	3
1.915	5
1.915	5
1.915	4
1.915	6
1.915	6
1.915	3
1.915	4
1.915	4
1.915	3
1.915	3
1.916	6
1.916	3
1.916	4
1.916	4
1.916	5
1.916	6
1.916	3
1.916	4
1.916	4
1.916	3
1.916	6
1.917	4
1.917	4
1.917	7
1.917	3
1.917	3
1.917	5
1.917	5
1.917	4
1.917	4
1.917	4
1.917	4
1.917	3
1.918	4
1.918	4
1.918	4
1.918	5
1.918	5
1.918	6
1.918	4
1.918	4
1.918	3
1.918	2
1.919	5
1.919	5
1.919	3
1.919	5
1.919	5
1.919	4
1.919	3
1.919	4
1.919	5
1.919	6
1.919	3
1.919	3
1.919	6
1.92	5
1.92	3
1.92	4
1.92	4
1.92	3
1.92	3
1.92	4
1.921	3
1.921	5
1.921	3
1.921	5
1.921	4
1.921	4
1.921	4
1.921	4
1.921	3
1.921	4
1.921	3
1.921	3
1.921	4
1.921	4
1.921	4
1.921	4
1.921	3
1.921	6
1.921	3
1.921	2
1.922	5
1.922	5
1.922	7
1.922	5
1.922	3
1.922	3
1.922	4
1.922	6
1.922	3
1.922	3
1.922	4
1.922	3
1.923	5
1.923	6
1.923	6
1.923	4
1.923	4
1.923	3
1.923	6
1.923	5
1.923	4
1.923	4
1.923	4
1.923	4
1.923	3
1.923	4
1.924	5
1.924	5
1.924	4
1.924	6
1.924	5
1.924	4
1.924	3
1.924	3
1.924	4
1.924	4
1.924	5
1.924	4
1.924	3
1.925	5
1.925	4
1.925	5
1.925	4
1.925	5
1.925	6
1.925	4
1.925	3
1.925	4
1.925	3
1.925	4
1.925	4
1.925	3
1.925	6
1.925	5
1.925	4
1.925	1
1.925	3
1.926	5
1.926	3
1.926	6
1.926	4
1.926	4
1.926	3
1.926	3
1.926	3
1.927	7
1.927	5
1.927	5
1.927	4
1.927	5
1.927	5
1.927	4
1.927	5
1.927	4
1.927	4
1.927	3
1.927	4
1.927	4
1.927	3
1.927	3
1.927	3
1.928	6
1.928	5
1.928	4
1.928	4
1.928	3
1.928	3
1.928	3
1.928	1
1.929	4
1.929	4
1.929	6
1.929	5
1.929	4
1.929	4
1.929	4
1.929	4
1.929	4
1.929	4
1.929	3
1.929	3
1.929	5
1.929	3
1.929	3
1.93	6
1.93	5
1.93	5
1.93	5
1.93	4
1.93	6
1.93	6
1.93	3
1.93	3
1.93	4
1.93	5
1.93	4
1.93	3
1.93	4
1.93	3
1.931	4
1.931	5
1.931	5
1.931	5
1.931	6
1.931	4
1.931	5
1.931	6
1.931	3
1.931	4
1.931	3
1.931	4
1.931	4
1.932	3
1.932	4
1.932	5
1.932	5
1.932	4
1.932	3
1.932	3
1.932	4
1.932	5
1.932	3
1.932	3
1.932	5
1.932	3
1.932	3
1.933	3
1.933	5
1.933	4
1.933	3
1.933	4
1.933	3
1.933	3
1.933	4
1.933	3
1.933	4
1.934	5
1.934	5
1.934	4
1.934	5
1.934	5
1.934	5
1.934	5
1.934	4
1.934	3
1.934	3
1.934	4
1.935	6
1.935	3
1.935	3
1.935	5
1.935	8
1.935	4
1.935	4
1.935	3
1.935	5
1.935	3
1.935	3
1.936	5
1.936	5
1.936	4
1.936	3
1.936	4
1.936	3
1.936	6
1.936	3
1.936	4
1.936	3
1.936	3
1.937	4
1.937	5
1.937	4
1.937	6
1.937	6
1.937	5
1.937	6
1.938	3
1.938	5
1.938	3
1.938	3
1.938	3
1.938	4
1.938	4
1.938	5
1.938	4
1.938	3
1.938	6
1.938	3
1.938	3
1.939	5
1.939	5
1.939	4
1.939	5
1.939	5
1.939	3
1.939	5
1.939	6
1.939	3
1.939	2
1.94	5
1.94	3
1.94	4
1.94	4
1.94	5
1.94	4
1.94	4
1.94	4
1.94	3
1.941	5
1.941	5
1.941	5
1.941	3
1.941	3
1.941	5
1.941	5
1.941	5
1.941	4
1.941	3
1.941	4
1.941	4
1.941	6
1.941	3
1.941	4
1.942	5
1.942	7
1.942	5
1.942	3
1.942	5
1.942	6
1.942	8
1.942	4
1.942	3
1.942	4
1.942	4
1.942	4
1.942	6
1.942	5
1.942	4
1.943	5
1.943	5
1.943	7
1.943	3
1.943	6
1.943	4
1.943	3
1.943	4
1.943	3
1.943	4
1.943	4
1.943	4
1.943	4
1.943	3
1.943	4
1.944	5
1.944	3
1.944	5
1.944	5
1.944	4
1.944	4
1.944	3
1.944	4
1.944	4
1.944	4
1.944	3
1.944	4
1.944	4
1.944	3
1.944	4
1.945	7
1.945	5
1.945	5
1.945	3
1.945	4
1.945	3
1.945	3
1.945	3
1.945	6
1.945	6
1.945	4
1.945	3
1.946	6
1.946	5
1.946	4
1.946	3
1.946	4
1.946	4
1.946	1
1.947	6
1.947	7
1.947	5
1.947	3
1.947	5
1.947	4
1.947	3
1.947	6
1.947	3
1.947	4
1.947	3
1.947	4
1.947	3
1.947	4
1.947	4
1.947	3
1.948	4
1.948	7
1.948	7
1.948	5
1.948	5
1.948	3
1.948	3
1.948	4
1.948	4
1.948	3
1.948	3
1.948	3
1.948	6
1.948	6
1.949	5
1.949	3
1.949	3
1.949	6
1.949	4
1.949	4
1.949	4
1.949	6
1.949	3
1.949	5
1.949	4
1.95	7
1.95	7
1.95	4
1.95	4
1.95	6
1.95	5
1.95	6
1.95	3
1.95	3
1.95	3
1.95	5
1.95	3
1.95	3
1.95	2
1.95	2
1.951	7
1.951	5
1.951	6
1.951	3
1.951	5
1.951	5
1.951	4
1.951	6
1.951	6
1.951	4
1.951	4
1.951	3
1.951	4
1.951	4
1.951	4
1.951	4
1.951	3
1.951	4
1.952	5
1.952	6
1.952	5
1.952	4
1.952	5
1.952	6
1.952	3
1.952	5
1.952	4
1.952	4
1.953	5
1.953	5
1.953	7
1.953	4
1.953	3
1.953	4
1.953	3
1.953	3
1.954	5
1.954	5
1.954	6
1.954	3
1.954	4
1.954	5
1.954	3
1.954	4
1.954	4
1.954	4
1.955	7
1.955	5
1.955	5
1.955	3
1.955	4
1.955	3
1.955	4
1.955	3
1.955	3
1.956	5
1.956	3
1.956	8
1.956	3
1.956	3
1.956	3
1.956	3
1.956	3
1.957	6
1.957	5
1.957	6
1.957	4
1.957	4
1.957	4
1.957	3
1.957	3
1.957	5
1.957	5
1.957	3
1.957	1
1.957	1
1.958	5
1.958	3
1.958	6
1.958	3
1.958	4
1.958	4
1.958	3
1.958	3
1.958	4
1.958	3
1.959	4
1.959	5
1.959	5
1.959	3
1.959	5
1.959	6
1.959	5
1.959	4
1.959	5
1.959	4
1.959	3
1.959	6
1.959	3
1.959	3
1.959	3
1.96	5
1.96	4
1.96	5
1.96	4
1.96	4
1.96	3
1.96	3
1.96	4
1.96	5
1.961	5
1.961	3
1.961	5
1.961	4
1.961	4
1.961	4
1.961	4
1.961	3
1.961	3
1.961	3
1.961	3
1.961	3
1.961	5
1.961	5
1.961	3
1.961	3
1.961	3
1.961	3
1.962	5
1.962	5
1.962	5
1.962	6
1.962	6
1.962	4
1.962	4
1.962	3
1.962	4
1.962	4
1.962	4
1.962	3
1.962	3
1.962	4
1.962	4
1.963	4
1.963	5
1.963	5
1.963	6
1.963	4
1.963	3
1.963	4
1.963	6
1.963	6
1.963	4
1.964	5
1.964	4
1.964	3
1.964	6
1.964	3
1.964	6
1.964	6
1.964	4
1.964	3
1.964	4
1.965	5
1.965	5
1.965	6
1.965	5
1.965	5
1.965	4
1.965	3
1.965	3
1.965	4
1.965	3
1.965	4
1.965	4
1.965	3
1.966	6
1.966	5
1.966	4
1.966	3
1.966	4
1.966	5
1.966	5
1.966	4
1.966	5
1.966	5
1.966	5
1.966	3
1.966	6
1.966	3
1.966	4
1.966	3
1.966	3
1.967	6
1.967	5
1.967	3
1.967	8
1.967	4
1.967	3
1.967	4
1.967	3
1.967	3
1.968	4
1.968	3
1.968	5
1.968	5
1.968	4
1.968	4
1.968	3
1.968	3
1.968	3
1.968	3
1.969	6
1.969	5
1.969	5
1.969	4
1.969	8
1.969	5
1.969	6
1.969	6
1.969	3
1.969	4
1.969	4
1.97	3
1.97	3
1.97	4
1.97	3
1.97	5
1.97	6
1.97	5
1.97	3
1.97	3
1.971	7
1.971	5
1.971	4
1.971	4
1.971	5
1.971	4
1.971	4
1.971	4
1.971	4
1.971	3
1.972	3
1.972	7
1.972	6
1.972	3
1.972	4
1.972	3
1.972	5
1.972	6
1.972	3
1.972	4
1.972	4
1.972	4
1.972	4
1.972	4
1.972	4
1.972	4
1.972	3
1.972	3
1.973	4
1.973	5
1.973	5
1.973	5
1.973	3
1.973	3
1.973	4
1.973	4
1.973	6
1.974	5
1.974	7
1.974	6
1.974	5
1.974	3
1.974	4
1.974	6
1.974	3
1.974	4
1.974	6
1.974	6
1.974	6
1.974	6
1.974	4
1.974	4
1.975	5
1.975	6
1.975	5
1.975	3
1.975	4
1.975	3
1.975	5
1.975	2
1.976	5
1.976	5
1.976	3
1.976	5
1.976	5
1.976	4
1.976	6
1.976	3
1.976	4
1.976	3
1.976	4
1.976	4
1.976	3
1.976	3
1.976	4
1.976	4
1.976	4
1.976	4
1.976	3
1.976	3
1.977	5
1.977	6
1.977	5
1.977	7
1.977	7
1.977	3
1.977	5
1.977	5
1.977	6
1.977	4
1.977	3
1.977	3
1.977	3
1.977	3
1.977	3
1.977	3
1.977	4
1.978	6
1.978	5
1.978	5
1.978	4
1.978	5
1.978	3
1.978	5
1.978	4
1.978	4
1.979	4
1.979	7
1.979	5
1.979	5
1.979	4
1.979	4
1.98	4
1.98	6
1.98	5
1.98	5
1.98	4
1.98	4
1.98	3
1.98	4
1.98	3
1.98	4
1.98	4
1.98	4
1.98	4
1.981	6
1.981	5
1.981	3
1.981	6
1.981	6
1.981	5
1.981	3
1.981	4
1.981	5
1.981	5
1.981	3
1.982	4
1.982	4
1.982	5
1.982	7
1.982	4
1.982	4
1.982	4
1.982	4
1.982	3
1.982	3
1.982	1
1.983	4
1.983	6
1.983	5
1.983	3
1.983	5
1.983	3
1.983	3
1.983	3
1.983	3
1.983	3
1.983	4
1.983	4
1.984	4
1.984	7
1.984	4
1.984	4
1.984	6
1.984	6
1.984	4
1.984	3
1.984	3
1.984	3
1.984	6
1.985	5
1.985	4
1.985	6
1.985	4
1.985	3
1.985	5
1.985	5
1.985	4
1.985	3
1.986	5
1.986	4
1.986	5
1.986	6
1.986	8
1.986	3
1.986	3
1.986	3
1.986	5
1.986	5
1.986	3
1.986	3
1.986	5
1.986	3
1.986	3
1.986	2
1.987	5
1.987	5
1.987	4
1.987	4
1.987	5
1.987	4
1.987	4
1.987	3
1.987	6
1.987	3
1.987	4
1.987	4
1.987	3
1.987	3
1.987	4
1.987	3
1.987	4
1.988	5
1.988	3
1.988	5
1.988	4
1.988	5
1.988	5
1.988	4
1.989	4
1.989	7
1.989	8
1.989	4
1.989	4
1.989	5
1.989	5
1.99	5
1.99	5
1.99	5
1.99	4
1.99	3
1.99	5
1.99	6
1.99	4
1.991	5
1.991	4
1.991	3
1.991	5
1.991	4
1.991	4
1.991	4
1.991	4
1.991	3
1.991	3
1.991	6
1.992	3
1.992	5
1.992	5
1.992	4
1.992	3
1.992	3
1.992	4
1.992	4
1.992	3
1.992	3
1.993	3
1.993	5
1.993	4
1.993	3
1.993	5
1.993	6
1.993	5
1.993	4
1.993	6
1.993	5
1.993	4
1.993	3
1.993	4
1.993	4
1.993	3
1.993	1
1.993	2
1.994	5
1.994	5
1.994	6
1.994	3
1.994	6
1.995	3
1.995	5
1.995	5
1.995	5
1.995	4
1.995	5
1.995	3
1.995	4
1.995	4
1.995	5
1.995	3
1.995	3
1.995	4
1.996	5
1.996	5
1.996	5
1.996	6
1.996	3
1.996	4
1.996	4
1.996	3
1.996	3
1.996	2
1.997	5
1.997	5
1.997	5
1.997	3
1.997	6
1.997	3
1.997	3
1.997	3
1.997	3
1.997	4
1.997	4
1.997	4
1.997	3
1.997	3
1.997	3
1.997	5
1.997	3
1.997	3
1.997	4
1.998	5
1.998	3
1.998	5
1.998	7
1.998	4
1.998	5
1.998	5
1.998	5
1.998	4
1.998	4
1.998	3
1.998	6
1.998	6
1.998	3
1.998	3
1.998	4
1.998	4
1.998	3
1.998	4
1.998	4
1.999	5
1.999	3
1.999	5
1.999	5
1.999	6
1.999	6
1.999	4
1.999	3
2.0	5
2.0	3
2.0	4
2.0	3
2.0	4
2.0	5
2.0	3
2.0	4
2.0	4
2.0	4
2.0	4
2.0	4
2.0	1
2.0	4
2.001	6
2.001	6
2.001	5
2.001	3
2.001	4
2.001	4
2.001	5
2.001	5
2.001	6
2.001	6
2.001	4
2.001	3
2.001	4
2.001	4
2.001	3
2.002	4
2.002	6
2.002	5
2.002	3
2.002	3
2.002	6
2.002	6
2.002	3
2.002	3
2.002	3
2.002	3
2.003	4
2.003	5
2.003	7
2.003	3
2.003	4
2.003	4
2.003	4
2.003	3
2.003	1
2.004	6
2.004	5
2.004	3
2.004	4
2.004	4
2.004	4
2.004	3
2.004	4
2.004	4
2.004	3
2.004	3
2.004	3
2.004	3
2.004	3
2.004	5
2.004	3
2.004	3
2.005	4
2.005	5
2.005	5
2.005	3
2.005	3
2.005	3
2.005	4
2.005	4
2.005	4
2.005	3
2.005	4
2.005	3
2.006	7
2.006	5
2.006	5
2.006	5
2.006	3
2.006	3
2.006	5
2.006	5
2.006	3
2.007	5
2.007	5
2.007	6
2.007	5
2.007	6
2.007	5
2.007	4
2.007	8
2.007	3
2.007	3
2.007	3
2.007	3
2.007	3
2.007	5
2.007	3
2.007	3
2.008	5
2.008	5
2.008	4
2.008	6
2.008	5
2.008	3
2.008	5
2.008	4
2.008	3
2.008	3
2.008	4
2.008	4
2.008	4
2.008	4
2.008	3
2.008	4
2.008	3
2.008	4
2.009	6
2.009	5
2.009	7
2.009	5
2.009	4
2.009	4
2.009	4
2.009	3
2.009	3
2.009	3
2.009	4
2.01	5
2.01	5
2.01	4
2.01	5
2.01	3
2.01	5
2.01	4
2.01	5
2.01	5
2.01	5
2.01	6
2.01	6
2.01	4
2.01	3
2.011	7
2.011	5
2.011	4
2.011	4
2.011	5
2.011	3
2.012	6
2.012	5
2.012	4
2.012	3
2.012	4
2.012	3
2.012	4
2.012	4
2.012	3
2.013	5
2.013	5
2.013	7
2.013	5
2.013	5
2.013	4
2.013	5
2.013	6
2.013	6
2.013	6
2.013	6
2.013	3
2.013	3
2.013	5
2.013	3
2.013	3
2.014	4
2.014	4
2.014	3
2.014	7
2.014	6
2.014	5
2.014	4
2.014	3
2.015	5
2.015	5
2.015	5
2.015	6
2.015	3
2.015	3
2.015	4
2.015	4
2.015	4
2.015	3
2.016	5
2.016	7
2.016	5
2.016	5
2.016	5
2.016	4
2.016	4
2.016	3
2.016	4
2.016	4
2.016	4
2.016	5
2.016	3
2.017	4
2.017	5
2.017	5
2.017	5
2.017	5
2.017	5
2.017	5
2.017	3
2.017	4
2.017	5
2.017	6
2.017	6
2.017	4
2.018	4
2.018	5
2.018	6
2.018	3
2.018	8
2.018	8
2.018	4
2.018	3
2.018	4
2.018	4
2.018	4
2.018	3
2.019	6
2.019	5
2.019	4
2.019	4
2.019	3
2.019	3
2.019	3
2.019	4
2.019	4
2.019	3
2.019	4
2.019	4
2.019	3
2.019	4
2.019	6
2.02	5
2.02	5
2.02	6
2.02	4
2.02	5
2.02	4
2.02	4
2.02	4
2.02	3
2.02	3
2.02	3
2.02	6
2.02	6
2.02	4
2.021	4
2.021	3
2.021	3
2.021	3
2.021	4
2.021	3
2.021	4
2.021	2
2.022	6
2.022	4
2.022	4
2.022	4
2.022	4
2.022	3
2.022	3
2.022	5
2.022	4
2.022	3
2.022	4
2.022	4
2.022	3
2.023	3
2.023	6
2.023	3
2.023	4
2.023	3
2.023	4
2.023	4
2.023	3
2.023	3
2.023	4
2.024	3
2.024	5
2.024	5
2.024	5
2.024	4
2.025	4
2.025	4
2.025	3
2.025	5
2.025	4
2.025	6
2.025	6
2.025	4
2.025	4
2.025	5
2.025	3
2.025	4
2.026	5
2.026	6
2.026	6
2.026	4
2.026	6
2.026	3
2.026	4
2.026	4
2.026	4
2.027	3
2.027	5
2.027	7
2.027	4
2.027	3
2.027	5
2.027	3
2.027	5
2.027	5
2.027	5
2.027	5
2.027	4
2.027	4
2.027	4
2.027	3
2.027	3
2.027	5
2.027	3
2.028	5
2.028	7
2.028	5
2.028	5
2.028	5
2.028	5
2.028	4
2.028	3
2.028	4
2.028	3
2.028	1
2.029	4
2.029	3
2.029	4
2.029	5
2.029	3
2.029	4
2.03	5
2.03	5
2.03	5
2.03	3
2.03	5
2.03	3
2.03	4
2.03	3
2.03	3
2.03	3
2.031	5
2.031	7
2.031	5
2.031	4
2.031	3
2.031	4
2.031	6
2.032	5
2.032	5
2.032	3
2.032	3
2.032	3
2.032	4
2.032	3
2.032	5
2.032	5
2.032	3
2.032	3
2.032	5
2.032	3
2.032	3
2.033	6
2.033	6
2.033	7
2.033	4
2.033	4
2.033	4
2.033	4
2.033	3
2.033	3
2.033	4
2.033	3
2.033	4
2.033	3
2.033	4
2.033	2
2.034	3
2.034	5
2.034	3
2.034	3
2.034	4
2.034	3
2.034	6
2.034	3
2.034	4
2.034	3
2.035	4
2.035	6
2.035	5
2.035	3
2.035	4
2.035	5
2.035	4
2.036	6
2.036	7
2.036	4
2.036	4
2.036	4
2.036	4
2.036	4
2.036	4
2.037	4
2.037	5
2.037	6
2.037	4
2.037	6
2.037	4
2.037	3
2.037	4
2.038	5
2.038	7
2.038	4
2.038	5
2.038	6
2.038	6
2.038	4
2.038	3
2.038	4
2.038	3
2.039	5
2.039	4
2.039	3
2.039	5
2.039	5
2.039	4
2.039	4
2.039	3
2.039	4
2.039	3
2.039	3
2.04	7
2.04	5
2.04	6
2.04	3
2.04	4
2.04	3
2.04	3
2.04	3
2.04	1
2.041	5
2.041	5
2.041	5
2.041	5
2.041	3
2.041	6
2.041	3
2.041	4
2.041	5
2.041	3
2.041	6
2.042	5
2.042	5
2.042	3
2.042	5
2.042	5
2.042	4
2.042	4
2.042	5
2.042	5
2.042	3
2.042	4
2.042	3
2.042	3
2.043	6
2.043	5
2.043	8
2.043	3
2.043	4
2.043	4
2.043	3
2.043	3
2.043	4
2.043	4
2.043	4
2.043	3
2.043	2
2.044	4
2.044	6
2.044	4
2.044	3
2.044	4
2.044	3
2.044	4
2.044	6
2.044	6
2.044	3
2.044	4
2.044	3
2.044	3
2.044	5
2.044	3
2.044	3
2.045	5
2.045	5
2.045	5
2.045	4
2.045	4
2.045	3
2.045	6
2.045	6
2.045	4
2.045	4
2.045	3
2.045	4
2.045	4
2.046	4
2.046	6
2.046	5
2.046	5
2.046	4
2.046	4
2.046	4
2.047	4
2.047	3
2.047	4
2.047	4
2.047	4
2.047	3
2.047	4
2.047	6
2.047	4
2.047	3
2.047	4
2.047	4
2.047	3
2.047	4
2.048	3
2.048	4
2.048	5
2.048	5
2.048	3
2.048	3
2.048	3
2.048	3
2.049	5
2.049	5
2.049	5
2.049	7
2.049	4
2.049	4
2.049	5
2.049	5
2.049	5
2.049	6
2.049	6
2.049	3
2.049	4
2.049	4
2.049	3
2.05	4
2.05	3
2.05	3
2.05	6
2.05	3
2.05	4
2.05	3
2.05	3
2.05	1
2.051	6
2.051	3
2.051	3
2.051	4
2.051	4
2.051	3
2.052	5
2.052	5
2.052	4
2.052	6
2.052	5
2.052	5
2.052	5
2.052	4
2.052	4
2.052	3
2.052	3
2.052	5
2.052	3
2.053	5
2.053	3
2.053	3
2.053	5
2.053	5
2.053	5
2.053	5
2.053	3
2.053	3
2.053	5
2.053	3
2.054	5
2.054	7
2.054	8
2.054	4
2.054	3
2.054	4
2.054	3
2.054	3
2.054	5
2.054	3
2.054	3
2.055	6
2.055	4
2.055	3
2.055	4
2.055	3
2.055	3
2.055	4
2.055	4
2.055	4
2.055	3
2.055	4
2.055	3
2.055	4
2.056	4
2.056	6
2.056	6
2.056	5
2.056	4
2.057	6
2.057	7
2.057	5
2.057	5
2.057	3
2.057	4
2.057	5
2.057	6
2.057	6
2.057	4
2.058	4
2.058	5
2.058	6
2.058	4
2.058	4
2.058	4
2.058	3
2.058	4
2.058	3
2.059	3
2.059	5
2.059	5
2.059	3
2.059	3
2.059	3
2.059	6
2.059	6
2.059	4
2.059	3
2.059	4
2.059	4
2.059	3
2.06	5
2.06	7
2.06	7
2.06	7
2.06	5
2.06	5
2.06	5
2.06	5
2.06	3
2.06	3
2.06	3
2.061	3
2.061	4
2.061	6
2.061	8
2.061	3
2.061	4
2.061	3
2.062	6
2.062	4
2.062	3
2.062	4
2.062	3
2.063	5
2.063	5
2.063	5
2.063	6
2.063	5
2.063	5
2.063	5
2.063	4
2.063	4
2.063	5
2.063	5
2.063	3
2.063	3
2.063	4
2.063	4
2.063	5
2.063	3
2.064	5
2.064	5
2.064	5
2.064	8
2.064	4
2.064	5
2.065	5
2.065	4
2.065	4
2.065	3
2.065	7
2.065	7
2.065	4
2.065	4
2.065	3
2.065	3
2.065	4
2.065	4
2.065	4
2.065	3
2.066	5
2.066	6
2.066	5
2.066	5
2.066	4
2.066	4
2.066	3
2.066	4
2.066	4
2.067	5
2.067	4
2.067	5
2.067	4
2.067	3
2.067	3
2.067	6
2.067	6
2.067	4
2.068	6
2.068	4
2.068	3
2.068	6
2.068	4
2.068	3
2.068	3
2.069	4
2.069	4
2.069	5
2.069	5
2.069	6
2.069	6
2.069	4
2.069	4
2.069	5
2.069	6
2.069	3
2.069	5
2.069	4
2.069	3
2.069	4
2.069	4
2.069	3
2.07	6
2.07	5
2.07	5
2.07	3
2.07	5
2.07	5
2.07	4
2.07	5
2.07	4
2.07	3
2.07	3
2.07	3
2.071	4
2.071	5
2.071	5
2.071	6
2.071	4
2.071	4
2.071	4
2.072	4
2.072	4
2.072	4
2.072	4
2.072	6
2.072	5
2.073	6
2.073	5
2.073	5
2.073	4
2.073	4
2.073	4
2.074	5
2.074	5
2.074	5
2.074	4
2.074	5
2.074	5
2.074	4
2.074	4
2.074	3
2.074	5
2.075	3
2.075	5
2.075	3
2.075	4
2.075	3
2.075	3
2.075	3
2.075	3
2.076	5
2.076	5
2.076	4
2.076	4
2.076	3
2.076	3
2.076	4
2.076	4
2.076	3
2.076	4
2.076	3
2.076	4
2.077	5
2.077	5
2.077	5
2.077	3
2.077	3
2.077	3
2.078	3
2.078	7
2.078	3
2.078	5
2.078	4
2.078	3
2.078	3
2.078	4
2.079	4
2.079	4
2.079	4
2.079	4
2.079	3
2.079	5
2.079	6
2.08	3
2.08	4
2.08	3
2.08	3
2.08	3
2.08	4
2.08	3
2.081	3
2.081	5
2.081	5
2.081	5
2.081	5
2.081	5
2.081	6
2.081	3
2.081	2
2.082	5
2.082	5
2.082	5
2.082	4
2.082	4
2.082	5
2.083	5
2.083	4
2.083	4
2.083	4
2.084	6
2.084	6
2.084	6
2.084	5
2.084	3
2.084	5
2.084	6
2.084	6
2.084	4
2.084	6
2.084	4
2.084	3
2.085	5
2.085	7
2.085	4
2.085	5
2.085	5
2.085	4
2.085	5
2.085	3
2.085	3
2.085	5
2.086	5
2.086	4
2.086	3
2.086	3
2.086	4
2.086	4
2.087	6
2.087	5
2.087	3
2.087	3
2.087	3
2.088	4
2.088	5
2.088	5
2.088	4
2.088	5
2.088	5
2.088	3
2.088	4
2.088	1
2.089	7
2.089	7
2.089	3
2.089	8
2.089	3
2.089	4
2.089	3
2.09	6
2.09	4
2.09	7
2.09	4
2.09	3
2.09	3
2.09	2
2.09	3
2.09	3
2.091	4
2.091	5
2.091	4
2.091	6
2.091	3
2.092	5
2.092	5
2.092	5
2.092	4
2.092	5
2.092	4
2.092	3
2.092	3
2.092	3
2.092	5
2.092	3
2.092	3
2.093	5
2.093	5
2.093	5
2.093	3
2.093	4
2.093	5
2.093	4
2.093	4
2.093	4
2.093	3
2.093	4
2.094	5
2.094	6
2.094	4
2.094	4
2.094	6
2.095	6
2.095	6
2.095	5
2.095	3
2.095	4
2.095	5
2.095	5
2.096	5
2.096	5
2.096	7
2.096	3
2.096	3
2.096	6
2.096	6
2.096	6
2.096	4
2.097	4
2.097	4
2.097	4
2.097	3
2.097	3
2.098	5
2.098	5
2.098	4
2.098	3
2.098	3
2.098	3
2.099	3
2.099	3
2.099	5
2.099	3
2.099	3
2.1	5
2.1	5
2.1	5
2.1	3
2.101	4
2.101	4
2.101	4
2.101	3
2.101	7
2.101	8
2.101	5
2.101	3
2.102	5
2.102	5
2.102	3
2.102	4
2.102	3
2.102	4
2.102	3
2.103	5
2.103	5
2.103	5
2.103	7
2.103	5
2.103	3
2.103	4
2.103	5
2.103	4
2.103	4
2.103	4
2.103	3
2.104	5
2.104	4
2.104	4
2.104	4
2.104	4
2.105	5
2.105	6
2.105	5
2.105	3
2.105	3
2.105	4
2.105	6
2.105	6
2.105	4
2.106	5
2.106	7
2.106	6
2.106	6
2.107	4
2.107	5
2.107	4
2.107	3
2.107	4
2.107	4
2.107	3
2.108	6
2.108	7
2.108	6
2.108	3
2.108	3
2.108	3
2.109	4
2.109	6
2.109	4
2.109	4
2.11	3
2.11	3
2.11	5
2.11	5
2.11	5
2.11	4
2.11	5
2.11	5
2.111	7
2.111	5
2.111	8
2.111	4
2.111	4
2.112	4
2.112	3
2.112	5
2.112	6
2.112	5
2.112	4
2.112	3
2.112	5
2.113	5
2.113	5
2.113	4
2.113	4
2.113	3
2.114	5
2.114	5
2.114	5
2.114	5
2.114	7
2.114	3
2.114	4
2.115	5
2.115	5
2.115	5
2.115	6
2.115	3
2.115	4
2.115	3
2.116	5
2.116	4
2.116	4
2.117	5
2.117	5
2.117	3
2.117	5
2.117	5
2.118	6
2.118	4
2.118	3
2.119	6
2.119	6
2.119	4
2.119	3
2.119	4
2.119	4
2.12	4
2.12	4
2.12	6
2.12	6
2.12	5
2.12	4
2.12	5
2.12	5
2.12	5
2.12	4
2.12	5
2.121	3
2.121	5
2.122	4
2.122	4
2.122	3
2.122	5
2.122	4
2.122	3
2.123	5
2.123	3
2.123	3
2.124	5
2.124	3
2.124	5
2.124	4
2.125	5
2.125	5
2.125	5
2.125	5
2.125	7
2.125	5
2.125	4
2.125	3
2.126	4
2.126	4
2.126	4
2.126	4
2.127	6
2.127	5
2.127	3
2.127	4
2.127	3
2.128	5
2.128	5
2.128	5
2.128	5
2.128	2
2.128	3
2.129	4
2.129	6
2.129	3
2.13	6
2.13	5
2.13	3
2.131	6
2.131	7
2.131	4
2.131	4
2.132	7
2.132	4
2.132	5
2.132	5
2.132	4
2.132	6
2.133	4
2.133	3
2.134	5
2.134	4
2.135	3
2.135	5
2.135	7
2.135	5
2.135	4
2.135	3
2.135	3
2.136	7
2.136	3
2.136	3
2.137	3
2.137	3
2.138	6
2.138	5
2.138	5
2.138	3
2.139	5
2.139	5
2.14	5
2.14	4
2.14	5
2.14	6
2.14	5
2.14	4
2.14	3
2.141	6
2.141	5
2.142	5
2.142	3
2.142	4
2.142	5
2.142	4
2.142	6
2.143	4
2.143	7
2.143	3
2.144	6
2.144	3
2.144	6
2.144	6
2.144	2
2.145	4
2.146	3
2.146	5
2.146	3
2.146	3
2.146	4
2.147	3
2.147	4
2.147	3
2.148	5
2.148	7
2.148	5
2.148	5
2.148	5
2.149	5
2.149	8
2.15	5
2.15	5
2.15	5
2.15	5
2.15	4
2.15	3
2.15	3
2.151	5
2.151	4
2.151	1
2.152	5
2.152	5
2.152	6
2.152	5
2.152	3
2.153	3
2.153	7
2.153	4
2.153	3
2.153	6
2.155	6
2.155	6
2.155	5
2.155	3
2.155	3
2.155	5
2.155	3
2.155	3
2.155	2
2.156	4
2.156	3
2.156	6
2.156	4
2.156	3
2.156	4
2.157	5
2.157	4
2.157	4
2.158	5
2.158	7
2.158	5
2.158	5
2.158	4
2.159	4
2.159	3
2.159	5
2.159	5
2.16	5
2.16	7
2.16	5
2.161	5
2.161	5
2.161	5
2.161	3
2.161	3
2.162	6
2.162	5
2.162	6
2.162	3
2.162	1
2.163	4
2.163	5
2.163	3
2.164	5
2.164	4
2.164	4
2.164	5
2.164	3
2.164	3
2.165	6
2.165	3
2.166	4
2.166	6
2.166	4
2.166	4
2.166	4
2.166	3
2.166	3
2.166	3
2.166	5
2.166	3
2.166	3
2.167	6
2.167	4
2.167	4
2.167	4
2.167	3
2.167	4
2.168	5
2.168	5
2.168	4
2.168	6
2.168	6
2.168	4
2.169	4
2.169	3
2.17	5
2.17	5
2.17	4
2.17	3
2.17	4
2.17	4
2.17	3
2.171	5
2.171	5
2.171	3
2.171	3
2.172	3
2.172	7
2.172	5
2.172	4
2.172	3
2.173	5
2.173	4
2.173	3
2.173	6
2.174	5
2.174	5
2.174	4
2.174	4
2.175	5
2.175	5
2.175	5
2.175	3
2.175	2
2.176	5
2.176	3
2.177	6
2.177	3
2.177	4
2.177	4
2.177	4
2.177	4
2.177	3
2.177	4
2.178	6
2.178	3
2.178	4
2.179	6
2.179	6
2.179	4
2.179	5
2.18	4
2.18	4
2.18	5
2.18	5
2.181	3
2.181	3
2.181	4
2.181	3
2.181	4
2.181	3
2.181	4
2.181	4
2.181	3
2.181	3
2.182	7
2.182	3
2.182	3
2.182	2
2.182	6
2.183	5
2.183	4
2.184	3
2.184	3
2.184	3
2.184	3
2.185	5
2.185	5
2.185	3
2.185	3
2.185	4
2.185	4
2.186	5
2.186	5
2.186	3
2.186	3
2.186	5
2.186	3
2.186	3
2.186	5
2.186	3
2.186	3
2.186	4
2.187	4
2.187	3
2.187	4
2.187	3
2.187	4
2.188	6
2.188	5
2.188	3
2.188	4
2.188	5
2.189	4
2.189	3
2.189	6
2.19	6
2.19	4
2.19	5
2.19	3
2.19	4
2.19	3
2.19	3
2.191	4
2.191	7
2.191	2
2.191	3
2.191	5
2.191	2
2.191	3
2.192	6
2.192	3
2.192	4
2.192	3
2.192	3
2.193	3
2.193	3
2.193	3
2.193	4
2.194	3
2.194	4
2.194	4
2.194	5
2.195	4
2.195	6
2.195	5
2.195	3
2.195	3
2.195	3
2.195	5
2.195	3
2.195	3
2.195	5
2.196	5
2.196	5
2.196	5
2.196	7
2.196	3
2.196	3
2.196	4
2.196	3
2.196	4
2.197	5
2.197	4
2.197	3
2.197	3
2.197	4
2.197	4
2.197	4
2.197	3
2.197	3
2.198	5
2.198	3
2.198	3
2.198	4
2.198	4
2.198	2
2.199	3
2.199	6
2.199	6
2.199	4
2.2	5
2.2	6
2.2	3
2.2	4
2.2	3
2.201	3
2.201	4
2.201	3
2.201	4
2.201	3
2.201	4
2.201	4
2.201	3
2.201	3
2.202	6
2.202	2
2.202	3
2.202	3
2.202	3
2.202	3
2.202	3
2.202	3
2.202	5
2.202	3
2.202	3
2.203	4
2.203	3
2.203	4
2.203	3
2.203	6
2.203	3
2.203	4
2.203	4
2.203	3
2.203	4
2.204	5
2.204	5
2.204	3
2.205	4
2.205	4
2.205	4
2.205	4
2.205	4
2.206	4
2.206	6
2.206	5
2.206	4
2.206	4
2.206	4
2.206	3
2.207	5
2.207	4
2.207	3
2.207	6
2.207	6
2.207	3
2.207	4
2.208	5
2.208	5
2.208	5
2.208	5
2.208	4
2.208	3
2.208	4
2.208	6
2.208	6
2.208	4
2.208	3
2.209	3
2.209	3
2.209	3
2.209	3
2.209	3
2.21	3
2.21	4
2.21	3
2.21	4
2.21	4
2.21	3
2.211	5
2.211	5
2.211	3
2.211	5
2.211	3
2.211	3
2.211	5
2.211	3
2.212	6
2.212	5
2.212	8
2.212	3
2.212	4
2.212	3
2.212	4
2.213	4
2.213	4
2.213	3
2.213	4
2.213	4
2.213	4
2.213	3
2.214	4
2.214	4
2.214	3
2.214	5
2.214	4
2.214	4
2.214	4
2.215	6
2.215	5
2.215	5
2.215	6
2.215	6
2.215	4
2.216	4
2.216	4
2.216	3
2.216	3
2.216	3
2.217	3
2.217	3
2.217	3
2.217	4
2.217	4
2.217	3
2.217	4
2.217	4
2.217	3
2.218	5
2.218	5
2.218	5
2.218	6
2.218	6
2.218	4
2.218	3
2.218	3
2.218	3
2.219	6
2.219	4
2.22	7
2.22	4
2.22	3
2.22	4
2.22	5
2.221	5
2.221	5
2.221	4
2.221	4
2.221	3
2.221	4
2.221	3
2.221	4
2.221	4
2.222	5
2.222	5
2.222	5
2.222	2
2.222	3
2.222	5
2.223	5
2.223	8
2.223	6
2.223	3
2.223	5
2.223	3
2.224	4
2.224	3
2.224	3
2.224	4
2.225	4
2.225	4
2.225	4
2.225	3
2.225	3
2.225	3
2.226	6
2.226	3
2.226	4
2.226	6
2.226	3
2.226	3
2.227	4
2.227	4
2.227	4
2.227	4
2.227	4
2.228	4
2.228	3
2.228	4
2.228	4
2.228	3
2.229	5
2.229	3
2.229	3
2.229	4
2.23	4
2.23	6
2.23	3
2.23	4
2.23	3
2.23	5
2.231	4
2.231	3
2.231	2
2.231	3
2.232	3
2.232	5
2.232	5
2.232	4
2.232	3
2.232	6
2.232	3
2.232	3
2.232	3
2.233	5
2.233	5
2.233	3
2.233	3
2.233	6
2.234	5
2.234	4
2.234	3
2.234	4
2.234	4
2.234	4
2.235	5
2.235	5
2.235	4
2.235	6
2.235	4
2.236	5
2.236	4
2.236	4
2.236	4
2.237	3
2.237	4
2.237	4
2.237	3
2.237	4
2.238	4
2.238	4
2.238	6
2.238	6
2.238	3
2.238	3
2.238	2
2.238	3
2.239	5
2.239	3
2.239	3
2.239	6
2.239	3
2.239	5
2.24	3
2.24	3
2.241	3
2.241	4
2.241	3
2.241	4
2.241	4
2.241	3
2.242	5
2.242	5
2.242	4
2.242	6
2.242	2
2.243	4
2.243	5
2.243	8
2.243	4
2.243	3
2.244	3
2.244	5
2.244	4
2.244	3
2.244	5
2.244	4
2.244	3
2.245	5
2.245	4
2.245	4
2.245	3
2.245	3
2.246	5
2.246	5
2.246	3
2.246	3
2.246	3
2.246	5
2.246	3
2.246	3
2.247	3
2.247	5
2.247	4
2.247	4
2.247	6
2.247	6
2.247	3
2.247	4
2.247	3
2.247	4
2.248	3
2.249	5
2.249	3
2.25	6
2.25	5
2.25	6
2.25	4
2.25	3
2.251	4
2.251	5
2.251	4
2.251	5
2.251	5
2.251	5
2.252	5
2.252	5
2.252	4
2.252	8
2.252	4
2.252	3
2.253	5
2.253	3
2.253	5
2.253	4
2.253	3
2.253	3
2.254	7
2.254	4
2.254	5
2.254	4
2.254	6
2.254	6
2.255	3
2.255	5
2.255	3
2.256	5
2.256	5
2.256	4
2.256	3
2.257	3
2.257	4
2.257	4
2.257	4
2.257	3
2.258	3
2.258	4
2.258	4
2.258	5
2.258	5
2.258	5
2.258	4
2.259	7
2.259	3
2.259	6
2.259	8
2.259	6
2.259	6
2.259	4
2.26	4
2.26	4
2.26	3
2.261	4
2.261	5
2.261	5
2.261	4
2.261	4
2.261	4
2.261	3
2.261	4
2.261	4
2.261	3
2.262	5
2.262	5
2.262	3
2.262	3
2.263	5
2.263	6
2.263	4
2.263	4
2.264	5
2.264	3
2.264	5
2.265	7
2.265	5
2.265	4
2.265	4
2.266	5
2.266	3
2.266	6
2.266	5
2.267	5
2.267	4
2.267	4
2.267	4
2.267	4
2.267	3
2.268	3
2.268	5
2.268	5
2.268	4
2.268	3
2.268	4
2.269	5
2.269	3
2.27	4
2.27	3
2.27	7
2.27	5
2.27	4
2.271	5
2.271	4
2.272	4
2.272	3
2.273	5
2.273	3
2.274	5
2.274	5
2.274	4
2.274	5
2.274	4
2.274	4
2.274	5
2.275	5
2.275	3
2.275	5
2.275	3
2.276	5
2.276	4
2.276	3
2.276	3
2.277	4
2.277	3
2.277	3
2.278	6
2.278	3
2.278	4
2.279	5
2.28	5
2.28	4
2.281	4
2.281	3
2.281	4
2.281	3
2.282	5
2.282	5
2.282	5
2.282	2
2.282	3
2.283	7
2.283	4
2.283	5
2.283	5
2.283	4
2.283	6
2.283	3
2.284	5
2.284	3
2.284	3
2.285	7
2.285	4
2.285	4
2.286	5
2.286	5
2.286	5
2.286	4
2.286	6
2.287	3
2.288	4
2.288	6
2.289	6
2.289	6
2.289	3
2.289	3
2.29	7
2.29	4
2.29	5
2.29	3
2.29	4
2.291	4
2.291	5
2.291	3
2.291	3
2.291	6
2.292	3
2.292	4
2.293	5
2.293	3
2.293	4
2.294	7
2.294	5
2.294	5
2.294	7
2.294	3
2.294	4
2.294	3
2.294	5
2.295	3
2.295	5
2.295	4
2.296	4
2.296	3
2.297	5
2.297	5
2.297	2
2.297	5
2.298	5
2.298	6
2.298	6
2.299	7
2.299	3
2.299	3
2.3	6
2.3	5
2.3	3
2.3	3
2.3	2
2.301	4
2.301	3
2.301	7
2.301	3
2.301	3
2.301	5
2.301	3
2.301	3
2.302	4
2.302	5
2.302	5
2.302	5
2.302	4
2.302	3
2.302	4
2.302	3
2.303	5
2.303	5
2.303	8
2.304	3
2.304	4
2.304	3
2.304	3
2.304	3
2.304	5
2.304	3
2.304	3
2.305	4
2.305	4
2.305	3
2.305	4
2.306	3
2.306	5
2.306	7
2.307	4
2.307	3
2.308	5
2.308	5
2.308	3
2.309	5
2.309	6
2.309	5
2.31	4
2.31	3
2.31	5
2.31	5
2.31	6
2.31	5
2.31	3
2.31	3
2.311	5
2.311	4
2.311	3
2.312	5
2.312	5
2.312	4
2.312	4
2.312	4
2.312	4
2.312	3
2.313	6
2.313	5
2.313	4
2.313	5
2.313	3
2.314	4
2.314	7
2.314	6
2.314	6
2.314	4
2.315	3
2.315	5
2.315	4
2.315	4
2.315	4
2.315	3
2.316	4
2.316	3
2.316	4
2.316	4
2.316	3
2.316	4
2.317	5
2.317	4
2.317	3
2.317	3
2.317	3
2.317	3
2.317	6
2.317	6
2.317	4
2.318	6
2.318	5
2.318	4
2.318	4
2.318	4
2.319	5
2.319	5
2.319	5
2.319	3
2.319	4
2.319	3
2.319	4
2.319	4
2.319	3
2.32	5
2.32	6
2.32	4
2.32	4
2.32	3
2.32	3
2.321	4
2.321	5
2.321	4
2.322	4
2.322	5
2.322	3
2.323	7
2.323	3
2.323	4
2.323	4
2.323	5
2.324	6
2.324	5
2.324	3
2.324	5
2.325	4
2.325	6
2.325	3
2.326	3
2.326	5
2.326	5
2.326	4
2.326	3
2.326	4
2.327	5
2.327	4
2.327	4
2.327	3
2.327	3
2.328	5
2.329	6
2.329	5
2.329	4
2.33	5
2.33	5
2.33	7
2.33	5
2.33	4
2.33	3
2.331	4
2.331	3
2.331	3
2.332	3
2.332	3
2.332	5
2.333	5
2.333	4
2.334	4
2.334	5
2.334	3
2.334	3
2.335	3
2.335	3
2.335	3
2.335	4
2.335	3
2.335	3
2.336	6
2.336	4
2.336	3
2.336	4
2.337	5
2.337	2
2.337	3
2.338	4
2.338	3
2.338	6
2.338	3
2.338	4
2.339	5
2.339	4
2.339	3
2.34	5
2.34	4
2.34	4
2.34	2
2.34	3
2.341	4
2.341	6
2.341	6
2.341	3
2.342	3
2.342	5
2.343	4
2.343	4
2.343	4
2.344	6
2.344	3
2.344	5
2.344	5
2.344	3
2.344	3
2.344	3
2.344	4
2.344	6
2.345	4
2.345	7
2.345	3
2.346	3
2.346	4
2.347	3
2.347	3
2.347	3
2.348	5
2.348	3
2.349	5
2.349	4
2.349	3
2.349	3
2.349	6
2.35	5
2.35	5
2.35	7
2.35	5
2.35	3
2.351	3
2.351	4
2.351	4
2.352	4
2.352	3
2.353	6
2.353	6
2.353	6
2.353	5
2.353	4
2.354	4
2.354	5
2.354	5
2.354	4
2.355	5
2.355	3
2.355	5
2.355	6
2.355	6
2.356	5
2.356	6
2.356	6
2.357	5
2.357	5
2.357	3
2.357	4
2.357	4
2.358	8
2.358	3
2.358	2
2.359	5
2.359	5
2.359	4
2.359	3
2.359	4
2.359	4
2.36	6
2.36	4
2.36	5
2.36	5
2.36	3
2.36	6
2.361	4
2.361	4
2.361	3
2.361	8
2.361	5
2.361	5
2.362	5
2.362	4
2.362	4
2.362	3
2.362	3
2.362	3
2.362	5
2.362	3
2.362	3
2.362	4
2.363	4
2.363	4
2.363	3
2.363	4
2.363	3
2.363	3
2.364	5
2.364	2
2.364	2
2.364	4
2.365	6
2.365	4
2.366	5
2.366	5
2.366	5
2.366	3
2.366	3
2.366	3
2.366	5
2.367	5
2.367	5
2.367	4
2.367	5
2.368	5
2.368	6
2.368	3
2.368	3
2.368	3
2.368	3
2.368	3
2.368	5
2.368	5
2.368	3
2.368	3
2.368	3
2.368	3
2.368	3
2.369	6
2.369	3
2.369	3
2.369	4
2.369	4
2.369	3
2.369	3
2.369	4
2.369	4
2.369	2
2.37	5
2.37	5
2.37	4
2.371	5
2.371	5
2.371	3
2.371	3
2.371	6
2.372	3
2.373	4
2.373	4
2.373	4
2.373	4
2.373	4
2.373	3
2.373	3
2.373	3
2.373	5
2.373	3
2.373	3
2.373	4
2.374	7
2.374	3
2.374	4
2.374	3
2.374	3
2.374	4
2.374	3
2.374	4
2.375	3
2.375	6
2.375	6
2.375	4
2.375	3
2.375	3
2.375	4
2.376	4
2.376	4
2.376	4
2.377	5
2.377	3
2.377	4
2.377	3
2.377	4
2.377	4
2.377	3
2.377	4
2.377	4
2.377	3
2.377	3
2.377	5
2.378	3
2.378	3
2.379	5
2.379	4
2.379	4
2.379	4
2.379	4
2.379	4
2.379	4
2.379	4
2.379	4
2.379	3
2.379	3
2.379	3
2.379	3
2.38	6
2.38	4
2.38	4
2.38	3
2.38	2
2.381	5
2.381	4
2.381	5
2.381	6
2.381	6
2.381	6
2.381	6
2.381	4
2.381	4
2.382	4
2.382	5
2.382	4
2.382	5
2.382	5
2.382	4
2.382	3
2.382	3
2.383	3
2.383	4
2.383	4
2.383	3
2.383	3
2.383	4
2.383	4
2.383	4
2.383	4
2.383	3
2.383	3
2.383	6
2.384	5
2.384	3
2.384	4
2.384	3
2.384	3
2.384	3
2.384	3
2.384	4
2.384	4
2.384	4
2.384	3
2.384	3
2.384	3
2.384	5
2.384	3
2.384	3
2.385	5
2.385	5
2.385	4
2.385	3
2.385	4
2.385	4
2.385	4
2.385	4
2.385	3
2.385	4
2.385	4
2.386	3
2.386	6
2.386	6
2.386	4
2.386	6
2.387	4
2.387	4
2.387	4
2.387	5
2.387	5
2.387	4
2.388	5
2.388	5
2.388	4
2.388	3
2.388	5
2.388	5
2.388	4
2.388	3
2.388	4
2.388	4
2.388	3
2.388	4
2.389	4
2.389	5
2.389	3
2.389	3
2.389	3
2.389	3
2.389	5
2.39	3
2.39	5
2.39	3
2.39	3
2.39	4
2.39	4
2.39	4
2.39	3
2.39	4
2.391	3
2.391	3
2.391	3
2.391	3
2.392	4
2.392	5
2.392	3
2.392	3
2.392	4
2.392	5
2.392	2
2.392	5
2.393	3
2.393	3
2.393	3
2.393	3
2.393	4
2.393	4
2.393	5
2.393	4
2.393	3
2.393	6
2.394	4
2.394	4
2.394	4
2.394	3
2.394	3
2.394	3
2.394	3
2.394	3
2.395	3
2.395	3
2.395	4
2.395	4
2.395	4
2.395	4
2.395	3
2.395	2
2.395	4
2.396	3
2.396	4
2.396	5
2.396	5
2.396	3
2.396	4
2.396	3
2.396	3
2.396	5
2.396	3
2.396	3
2.396	6
2.397	5
2.397	4
2.397	3
2.397	6
2.397	6
2.397	4
2.397	4
2.397	3
2.397	4
2.397	3
2.397	4
2.398	2
2.398	3
2.398	3
2.398	3
2.398	3
2.398	3
2.398	4
2.398	4
2.399	5
2.399	5
2.399	3
2.399	6
2.399	3
2.399	3
2.399	3
2.399	3
2.399	3
2.399	4
2.399	3
2.399	4
2.399	3
2.399	4
2.399	4
2.399	3
2.399	3
2.399	3
2.399	5
2.399	3
2.399	3
2.399	5
2.4	5
2.4	7
2.4	5
2.4	4
2.4	4
2.4	3
2.4	3
2.4	4
2.4	3
2.4	4
2.4	4
2.401	4
2.401	4
2.401	5
2.401	4
2.401	3
2.402	5
2.402	3
2.402	4
2.402	6
2.402	4
2.402	4
2.402	3
2.402	2
2.402	5
2.403	7
2.403	4
2.403	4
2.403	3
2.403	3
2.403	3
2.403	3
2.403	4
2.403	5
2.403	2
2.404	6
2.404	4
2.404	2
2.404	2
2.404	3
2.404	3
2.404	3
2.404	3
2.404	5
2.404	3
2.404	3
2.405	4
2.405	7
2.405	3
2.405	3
2.405	6
2.405	6
2.405	3
2.405	3
2.405	4
2.405	3
2.405	4
2.405	3
2.405	3
2.405	2
2.406	3
2.406	3
2.406	4
2.406	2
2.406	3
2.406	3
2.406	5
2.406	3
2.406	3
2.407	3
2.407	4
2.407	4
2.407	4
2.407	4
2.407	4
2.407	3
2.407	4
2.407	4
2.407	4
2.407	3
2.407	4
2.407	3
2.407	4
2.407	3
2.408	7
2.408	3
2.408	4
2.408	4
2.408	6
2.408	6
2.408	4
2.408	3
2.408	4
2.408	4
2.408	3
2.409	5
2.409	5
2.409	2
2.409	3
2.409	4
2.409	6
2.409	6
2.409	4
2.409	3
2.409	3
2.409	5
2.409	3
2.409	3
2.409	6
2.41	5
2.41	5
2.41	4
2.41	3
2.41	4
2.41	4
2.41	6
2.41	3
2.41	4
2.41	3
2.41	4
2.41	4
2.41	4
2.41	3
2.41	3
2.41	3
2.41	4
2.411	5
2.411	3
2.411	3
2.411	3
2.411	3
2.411	4
2.411	3
2.411	4
2.411	4
2.411	3
2.411	4
2.411	4
2.412	5
2.412	5
2.412	4
2.412	3
2.412	3
2.412	4
2.412	4
2.412	5
2.412	3
2.412	3
2.412	6
2.412	6
2.412	4
2.412	3
2.412	6
2.413	3
2.413	3
2.413	4
2.413	6
2.413	4
2.413	2
2.413	4
2.414	6
2.414	6
2.414	3
2.414	3
2.414	3
2.414	3
2.414	4
2.414	3
2.414	4
2.414	4
2.414	3
2.414	4
2.415	4
2.415	3
2.415	3
2.415	4
2.415	5
2.415	3
2.415	3
2.415	4
2.415	3
2.415	3
2.415	5
2.416	4
2.416	3
2.416	3
2.416	4
2.416	4
2.416	3
2.416	3
2.416	3
2.416	3
2.416	4
2.416	5
2.416	4
2.416	2
2.416	4
2.417	5
2.417	5
2.417	5
2.417	3
2.417	3
2.417	4
2.417	4
2.417	4
2.417	3
2.417	3
2.418	5
2.418	5
2.418	4
2.418	4
2.418	3
2.418	4
2.418	3
2.418	4
2.418	4
2.418	5
2.418	4
2.418	4
2.418	3
2.418	2
2.418	5
2.418	6
2.419	4
2.419	3
2.419	8
2.419	3
2.419	4
2.419	3
2.419	3
2.419	5
2.419	6
2.419	6
2.419	4
2.42	5
2.42	4
2.42	3
2.42	6
2.42	6
2.42	6
2.42	6
2.42	2
2.42	3
2.42	3
2.42	4
2.42	4
2.42	4
2.42	3
2.42	3
2.42	3
2.42	4
2.421	5
2.421	4
2.421	4
2.421	3
2.421	6
2.421	3
2.421	4
2.421	3
2.421	4
2.421	4
2.421	3
2.421	4
2.421	4
2.421	3
2.421	4
2.421	2
2.422	3
2.422	3
2.422	5
2.422	4
2.422	3
2.422	3
2.422	3
2.422	3
2.422	6
2.422	6
2.422	4
2.422	3
2.422	3
2.422	5
2.422	3
2.422	3
2.422	4
2.423	4
2.423	4
2.423	4
2.423	4
2.423	4
2.423	3
2.423	3
2.423	4
2.423	3
2.424	6
2.424	5
2.424	5
2.424	5
2.424	5
2.424	5
2.424	4
2.424	6
2.424	5
2.424	4
2.424	4
2.424	3
2.424	4
2.424	4
2.424	3
2.424	5
2.425	5
2.425	8
2.425	8
2.425	6
2.425	6
2.425	4
2.425	3
2.425	4
2.425	5
2.425	3
2.425	3
2.425	3
2.425	3
2.425	5
2.425	3
2.425	3
2.426	6
2.426	4
2.426	4
2.426	3
2.426	3
2.426	4
2.426	3
2.426	3
2.426	5
2.426	4
2.426	3
2.426	3
2.426	4
2.426	3
2.427	6
2.427	3
2.427	4
2.427	4
2.427	3
2.427	3
2.427	3
2.427	3
2.427	3
2.427	5
2.427	3
2.427	2
2.428	5
2.428	4
2.428	4
2.428	3
2.428	4
2.428	3
2.428	4
2.428	4
2.428	5
2.428	3
2.429	7
2.429	5
2.429	4
2.429	3
2.429	5
2.429	5
2.429	3
2.429	3
2.429	3
2.429	3
2.429	5
2.429	2
2.429	3
2.43	8
2.43	3
2.43	4
2.43	3
2.43	3
2.43	3
2.431	5
2.431	5
2.431	4
2.431	3
2.431	4
2.431	3
2.431	4
2.431	4
2.431	3
2.431	4
2.431	4
2.431	3
2.431	3
2.431	3
2.431	3
2.431	5
2.431	3
2.431	3
2.432	5
2.432	7
2.432	6
2.432	6
2.432	4
2.432	4
2.432	3
2.432	2
2.432	3
2.432	4
2.432	3
2.432	3
2.432	2
2.432	3
2.432	3
2.432	4
2.433	3
2.433	3
2.433	3
2.433	5
2.433	6
2.433	3
2.433	4
2.433	4
2.433	4
2.433	4
2.433	3
2.434	4
2.434	4
2.434	5
2.434	5
2.434	4
2.434	4
2.434	4
2.434	4
2.434	3
2.434	4
2.434	4
2.434	3
2.434	5
2.434	4
2.434	4
2.434	4
2.434	3
2.435	6
2.435	5
2.435	3
2.435	5
2.435	5
2.435	4
2.435	4
2.435	2
2.435	3
2.435	4
2.435	3
2.435	6
2.435	6
2.435	4
2.436	5
2.436	6
2.436	6
2.436	4
2.436	6
2.436	5
2.436	3
2.436	3
2.436	3
2.436	4
2.436	4
2.436	4
2.436	3
2.437	4
2.437	4
2.437	6
2.437	3
2.437	3
2.437	5
2.437	4
2.437	3
2.437	4
2.437	4
2.437	3
2.437	4
2.437	3
2.438	6
2.438	3
2.438	3
2.438	4
2.438	4
2.438	4
2.438	4
2.438	3
2.438	3
2.438	6
2.438	6
2.438	4
2.438	2
2.439	3
2.439	3
2.439	5
2.439	4
2.439	4
2.439	3
2.439	3
2.439	4
2.439	6
2.439	3
2.439	3
2.439	4
2.44	4
2.44	5
2.44	4
2.44	4
2.44	4
2.44	4
2.44	5
2.44	5
2.44	5
2.44	3
2.44	4
2.44	3
2.44	3
2.44	4
2.44	3
2.44	4
2.44	4
2.44	3
2.44	4
2.44	3
2.441	3
2.441	3
2.441	3
2.441	8
2.441	3
2.441	4
2.441	4
2.441	3
2.441	4
2.441	4
2.441	5
2.441	3
2.441	3
2.442	5
2.442	4
2.442	3
2.442	3
2.442	3
2.442	3
2.442	2
2.442	3
2.442	5
2.442	4
2.442	4
2.442	4
2.442	4
2.442	3
2.443	5
2.443	5
2.443	4
2.443	4
2.443	4
2.443	4
2.443	3
2.443	5
2.443	3
2.443	4
2.443	3
2.443	4
2.444	3
2.444	3
2.444	4
2.444	3
2.444	3
2.444	4
2.444	3
2.444	3
2.444	4
2.444	4
2.444	5
2.444	6
2.444	6
2.444	4
2.445	4
2.445	4
2.445	3
2.445	5
2.445	3
2.445	4
2.445	4
2.445	2
2.445	3
2.445	3
2.445	5
2.446	5
2.446	5
2.446	5
2.446	5
2.446	3
2.446	4
2.446	4
2.446	6
2.446	5
2.446	3
2.446	3
2.446	4
2.446	3
2.446	4
2.446	4
2.446	3
2.447	5
2.447	4
2.447	3
2.447	4
2.447	3
2.447	4
2.447	3
2.447	3
2.448	5
2.448	5
2.448	4
2.448	6
2.448	6
2.448	6
2.448	5
2.448	4
2.448	4
2.448	4
2.448	4
2.448	3
2.448	3
2.448	4
2.449	5
2.449	5
2.449	4
2.449	4
2.449	3
2.449	4
2.449	3
2.449	3
2.449	4
2.449	6
2.45	3
2.45	4
2.45	5
2.45	5
2.45	4
2.45	4
2.45	3
2.45	3
2.45	5
2.45	4
2.45	4
2.45	5
2.451	3
2.451	5
2.451	5
2.451	6
2.451	6
2.451	3
2.451	4
2.451	4
2.451	3
2.451	5
2.451	6
2.452	5
2.452	5
2.452	5
2.452	5
2.452	3
2.452	3
2.452	3
2.452	3
2.452	3
2.452	3
2.453	3
2.453	5
2.453	8
2.453	3
2.453	3
2.453	3
2.453	3
2.453	5
2.453	3
2.453	4
2.453	4
2.454	5
2.454	3
2.454	5
2.454	4
2.454	4
2.454	3
2.454	4
2.454	3
2.454	3
2.454	4
2.454	3
2.455	5
2.455	3
2.455	4
2.455	5
2.455	5
2.455	5
2.455	3
2.455	3
2.455	3
2.455	4
2.456	4
2.456	4
2.456	5
2.456	5
2.456	4
2.456	4
2.456	8
2.456	4
2.456	4
2.456	3
2.456	3
2.456	4
2.457	5
2.457	3
2.457	3
2.457	5
2.457	3
2.457	3
2.457	4
2.457	3
2.457	4
2.457	3
2.457	4
2.457	3
2.457	4
2.457	4
2.457	3
2.457	5
2.458	5
2.458	5
2.458	4
2.458	5
2.458	6
2.458	5
2.458	2
2.458	3
2.459	6
2.459	4
2.459	5
2.459	4
2.459	5
2.459	3
2.459	4
2.459	5
2.459	3
2.46	4
2.46	5
2.46	3
2.46	3
2.46	3
2.46	6
2.46	3
2.46	3
2.46	4
2.46	3
2.46	2
2.461	7
2.461	4
2.461	5
2.461	3
2.461	5
2.461	6
2.461	4
2.461	4
2.461	2
2.461	3
2.461	3
2.461	3
2.462	6
2.462	3
2.462	5
2.462	5
2.462	4
2.462	4
2.462	5
2.462	5
2.462	5
2.462	4
2.462	6
2.462	5
2.462	3
2.462	3
2.462	3
2.462	3
2.463	4
2.463	5
2.463	6
2.463	8
2.463	3
2.463	4
2.464	5
2.464	5
2.464	5
2.464	3
2.464	4
2.464	3
2.464	4
2.464	4
2.464	4
2.464	3
2.464	3
2.464	5
2.464	3
2.464	3
2.465	5
2.465	5
2.465	3
2.465	4
2.465	4
2.465	5
2.465	4
2.465	4
2.465	4
2.465	5
2.465	5
2.465	3
2.465	3
2.465	4
2.465	6
2.465	4
2.465	3
2.465	3
2.465	4
2.466	7
2.466	5
2.466	5
2.466	3
2.466	3
2.466	5
2.466	8
2.466	3
2.466	4
2.466	3
2.467	7
2.467	7
2.467	3
2.467	3
2.467	4
2.467	3
2.467	3
2.467	4
2.467	2
2.467	3
2.468	5
2.468	5
2.468	5
2.468	4
2.468	4
2.468	4
2.468	3
2.468	3
2.468	3
2.468	5
2.468	3
2.468	6
2.469	5
2.469	3
2.469	5
2.469	3
2.47	5
2.47	5
2.47	3
2.47	6
2.47	3
2.47	4
2.47	3
2.47	3
2.47	4
2.47	4
2.47	3
2.47	4
2.471	5
2.471	3
2.471	4
2.471	4
2.471	4
2.471	3
2.471	5
2.471	3
2.471	4
2.471	6
2.471	2
2.472	7
2.472	7
2.472	7
2.472	4
2.472	5
2.472	3
2.472	5
2.472	4
2.472	4
2.472	5
2.472	3
2.472	4
2.473	3
2.473	5
2.473	6
2.473	4
2.473	3
2.473	4
2.473	4
2.473	3
2.474	5
2.474	4
2.474	3
2.474	5
2.474	6
2.474	5
2.474	3
2.474	3
2.474	5
2.475	5
2.475	4
2.475	4
2.475	3
2.475	3
2.475	4
2.475	4
2.475	4
2.475	3
2.476	5
2.476	5
2.476	5
2.476	5
2.476	3
2.476	5
2.476	5
2.476	3
2.476	3
2.476	4
2.476	3
2.477	4
2.477	3
2.477	7
2.477	4
2.477	4
2.477	5
2.477	3
2.477	5
2.477	6
2.477	3
2.477	6
2.477	6
2.477	4
2.477	2
2.478	5
2.478	4
2.478	4
2.478	5
2.478	5
2.479	5
2.479	3
2.479	8
2.479	3
2.479	4
2.479	3
2.479	4
2.479	3
2.479	4
2.479	4
2.479	3
2.479	3
2.48	5
2.48	5
2.48	4
2.48	4
2.48	3
2.48	4
2.48	3
2.48	5
2.48	3
2.48	3
2.481	5
2.481	5
2.481	4
2.481	4
2.481	4
2.481	4
2.481	5
2.481	5
2.481	3
2.481	4
2.481	3
2.481	3
2.481	5
2.481	3
2.481	3
2.482	5
2.482	5
2.482	3
2.482	3
2.482	8
2.482	3
2.482	3
2.482	4
2.482	6
2.483	4
2.483	4
2.483	3
2.483	3
2.483	7
2.483	5
2.483	3
2.483	4
2.483	3
2.483	5
2.483	6
2.483	4
2.483	5
2.484	5
2.484	5
2.484	4
2.484	5
2.484	5
2.484	4
2.484	4
2.484	5
2.484	4
2.485	6
2.485	3
2.485	5
2.485	3
2.485	3
2.486	5
2.486	6
2.486	3
2.486	3
2.486	4
2.486	4
2.486	6
2.487	4
2.487	5
2.487	4
2.487	4
2.487	5
2.487	3
2.487	5
2.487	5
2.487	3
2.487	3
2.488	5
2.488	5
2.488	4
2.488	3
2.488	7
2.488	3
2.488	3
2.488	5
2.488	4
2.488	4
2.488	4
2.488	8
2.488	2
2.488	5
2.488	4
2.489	5
2.489	5
2.489	5
2.489	6
2.489	4
2.489	3
2.489	4
2.49	7
2.49	5
2.49	4
2.49	4
2.49	3
2.49	4
2.49	4
2.49	3
2.49	4
2.49	3
2.49	3
2.49	4
2.491	6
2.491	6
2.491	3
2.491	5
2.491	4
2.491	4
2.491	2
2.492	5
2.492	5
2.492	5
2.492	5
2.492	3
2.492	5
2.492	4
2.492	4
2.492	4
2.492	3
2.492	5
2.493	5
2.493	5
2.493	5
2.493	3
2.493	4
2.493	3
2.494	5
2.494	3
2.494	4
2.494	5
2.494	4
2.494	4
2.494	4
2.494	3
2.494	3
2.494	6
2.494	6
2.494	4
2.494	3
2.495	7
2.495	5
2.495	3
2.495	3
2.495	6
2.495	3
2.495	3
2.495	3
2.495	3
2.495	5
2.495	3
2.495	3
2.495	2
2.496	6
2.496	7
2.496	7
2.496	6
2.496	3
2.496	3
2.496	4
2.496	4
2.496	3
2.496	4
2.496	4
2.496	3
2.496	3
2.496	3
2.496	4
2.496	6
2.497	5
2.497	3
2.497	4
2.497	5
2.497	4
2.497	4
2.497	4
2.497	5
2.497	4
2.497	4
2.497	3
2.497	3
2.497	3
2.497	6
2.498	4
2.498	7
2.498	3
2.498	3
2.498	3
2.498	5
2.498	4
2.498	4
2.498	4
2.499	5
2.499	5
2.499	4
2.499	3
2.499	4
2.499	3
2.499	3
2.499	3
2.499	5
2.499	3
2.499	3
2.499	4
2.5	5
2.5	7
2.5	5
2.5	4
2.5	2
2.5	3
2.5	4
2.5	5
2.5	3
2.5	3
2.5	4
2.5	4
2.501	7
2.501	3
2.501	5
2.501	3
2.501	5
2.501	3
2.501	4
2.502	3
2.502	6
2.502	6
2.502	5
2.502	5
2.502	3
2.502	3
2.502	2
2.502	5
2.503	7
2.503	4
2.503	4
2.503	5
2.503	4
2.503	4
2.503	4
2.503	4
2.503	3
2.503	4
2.503	5
2.504	5
2.504	4
2.504	4
2.504	5
2.504	5
2.504	5
2.504	5
2.504	5
2.504	3
2.504	3
2.504	4
2.504	6
2.504	3
2.504	4
2.504	3
2.504	3
2.505	7
2.505	5
2.505	5
2.505	3
2.505	3
2.505	3
2.506	5
2.506	4
2.506	4
2.506	4
2.506	4
2.506	4
2.506	3
2.506	4
2.506	4
2.506	3
2.506	2
2.506	3
2.507	6
2.507	6
2.507	5
2.507	5
2.507	5
2.507	3
2.507	3
2.507	3
2.507	4
2.507	3
2.507	4
2.507	3
2.508	3
2.508	3
2.508	7
2.508	3
2.508	6
2.508	6
2.508	4
2.508	3
2.508	3
2.508	3
2.509	4
2.509	5
2.509	5
2.509	3
2.509	5
2.509	3
2.509	3
2.509	5
2.509	3
2.509	3
2.51	5
2.51	5
2.51	7
2.51	4
2.51	5
2.51	3
2.51	4
2.51	3
2.51	4
2.51	4
2.51	3
2.51	3
2.51	4
2.51	4
2.51	3
2.51	3
2.51	3
2.51	4
2.51	3
2.51	3
2.51	5
2.51	3
2.51	3
2.511	3
2.511	4
2.511	3
2.511	3
2.511	5
2.511	3
2.511	3
2.511	3
2.511	3
2.511	4
2.511	3
2.511	3
2.511	4
2.512	7
2.512	5
2.512	3
2.512	4
2.512	4
2.512	3
2.512	3
2.512	3
2.512	4
2.512	6
2.512	6
2.512	4
2.513	3
2.513	7
2.513	4
2.513	5
2.513	5
2.513	4
2.514	4
2.514	3
2.514	5
2.514	5
2.514	3
2.514	3
2.514	3
2.514	4
2.514	5
2.514	4
2.514	3
2.514	4
2.514	4
2.514	3
2.515	5
2.515	5
2.515	5
2.515	5
2.515	5
2.515	4
2.515	5
2.515	3
2.515	3
2.515	3
2.516	5
2.516	5
2.516	5
2.516	6
2.516	4
2.516	3
2.516	3
2.516	4
2.516	2
2.516	3
2.517	3
2.517	3
2.517	5
2.517	5
2.517	3
2.517	2
2.517	3
2.517	3
2.517	4
2.517	2
2.518	6
2.518	5
2.518	3
2.518	5
2.518	3
2.518	3
2.518	4
2.518	5
2.518	3
2.518	3
2.519	6
2.519	5
2.519	4
2.519	5
2.519	5
2.519	3
2.519	3
2.52	6
2.52	4
2.52	5
2.52	3
2.52	3
2.52	5
2.52	5
2.52	4
2.52	4
2.52	4
2.52	3
2.52	3
2.52	4
2.52	4
2.52	3
2.521	4
2.521	5
2.521	5
2.521	4
2.521	3
2.521	7
2.521	5
2.521	8
2.521	4
2.521	6
2.521	4
2.521	3
2.521	3
2.521	4
2.521	4
2.521	3
2.521	4
2.521	4
2.521	3
2.522	5
2.522	5
2.522	3
2.522	6
2.522	5
2.522	4
2.522	3
2.522	3
2.522	6
2.522	6
2.522	4
2.522	4
2.523	5
2.523	3
2.523	3
2.523	4
2.523	4
2.523	5
2.523	6
2.523	6
2.523	4
2.524	3
2.524	7
2.524	4
2.524	3
2.524	7
2.524	3
2.524	3
2.524	4
2.524	4
2.524	3
2.524	4
2.524	4
2.524	3
2.525	5
2.525	3
2.525	3
2.525	3
2.525	3
2.525	4
2.525	3
2.525	3
2.525	3
2.525	4
2.525	3
2.525	4
2.525	4
2.525	3
2.526	5
2.526	5
2.526	6
2.526	6
2.526	4
2.526	5
2.526	5
2.526	7
2.526	3
2.526	3
2.526	3
2.526	4
2.526	3
2.526	3
2.527	4
2.527	4
2.527	5
2.527	5
2.527	7
2.527	5
2.527	4
2.527	3
2.527	4
2.527	5
2.527	4
2.527	6
2.528	6
2.528	4
2.528	5
2.529	6
2.529	5
2.529	7
2.529	5
2.529	3
2.529	2
2.529	3
2.529	3
2.529	4
2.529	3
2.529	3
2.529	5
2.529	4
2.529	5
2.529	4
2.53	6
2.53	5
2.53	5
2.53	5
2.53	7
2.53	5
2.53	4
2.53	4
2.53	5
2.53	4
2.53	3
2.53	3
2.53	3
2.53	3
2.53	5
2.531	6
2.531	5
2.531	3
2.531	2
2.531	3
2.531	4
2.531	3
2.531	4
2.531	3
2.531	4
2.532	5
2.532	5
2.532	5
2.532	5
2.532	4
2.532	4
2.532	6
2.532	5
2.532	3
2.532	3
2.532	3
2.532	4
2.533	3
2.533	6
2.533	5
2.533	5
2.533	5
2.533	6
2.533	4
2.533	3
2.533	5
2.534	7
2.534	4
2.534	4
2.534	4
2.534	3
2.534	4
2.535	4
2.535	7
2.535	3
2.535	3
2.535	4
2.535	6
2.535	2
2.535	3
2.535	4
2.535	3
2.535	4
2.535	3
2.536	3
2.536	4
2.536	4
2.536	5
2.536	3
2.536	4
2.536	3
2.536	3
2.536	6
2.537	5
2.537	5
2.537	4
2.537	5
2.537	7
2.537	4
2.537	3
2.537	3
2.537	5
2.537	5
2.537	4
2.537	5
2.538	5
2.538	5
2.538	5
2.538	8
2.538	3
2.538	3
2.538	4
2.538	4
2.538	5
2.538	3
2.538	4
2.539	3
2.539	5
2.539	5
2.539	4
2.539	4
2.539	3
2.539	3
2.539	4
2.539	6
2.539	3
2.539	3
2.54	6
2.54	5
2.54	4
2.54	3
2.54	4
2.54	3
2.54	3
2.54	3
2.54	3
2.54	3
2.54	3
2.54	3
2.54	5
2.54	3
2.54	3
2.54	4
2.541	5
2.541	5
2.541	3
2.541	4
2.541	4
2.541	3
2.541	3
2.541	3
2.541	3
2.541	4
2.542	6
2.542	4
2.542	5
2.542	5
2.542	3
2.542	3
2.542	3
2.542	4
2.542	5
2.543	4
2.543	6
2.543	3
2.543	3
2.543	3
2.543	4
2.544	5
2.544	4
2.544	5
2.544	3
2.544	4
2.544	3
2.544	4
2.544	3
2.545	3
2.545	4
2.545	6
2.545	5
2.545	3
2.545	4
2.545	6
2.545	3
2.545	3
2.545	2
2.545	3
2.545	4
2.545	3
2.545	3
2.546	3
2.546	4
2.546	3
2.546	2
2.546	5
2.546	3
2.546	2
2.546	3
2.546	3
2.547	5
2.547	5
2.547	4
2.547	4
2.547	5
2.547	6
2.547	3
2.547	3
2.547	4
2.547	3
2.547	2
2.547	3
2.548	5
2.548	5
2.548	3
2.548	5
2.548	6
2.548	5
2.548	5
2.548	5
2.548	4
2.548	4
2.549	4
2.549	3
2.549	3
2.549	3
2.549	4
2.549	6
2.549	4
2.549	4
2.549	3
2.549	3
2.549	3
2.549	3
2.549	4
2.549	3
2.549	3
2.55	5
2.55	7
2.55	4
2.55	6
2.55	3
2.55	3
2.55	4
2.551	5
2.551	5
2.551	5
2.551	5
2.551	5
2.551	6
2.551	4
2.551	3
2.551	4
2.551	4
2.551	3
2.551	6
2.552	4
2.552	4
2.552	5
2.552	3
2.552	8
2.552	3
2.552	3
2.552	4
2.552	4
2.553	5
2.553	5
2.553	7
2.553	3
2.553	4
2.553	4
2.553	4
2.553	3
2.553	3
2.553	3
2.553	3
2.553	3
2.553	6
2.553	6
2.553	4
2.553	4
2.554	6
2.554	6
2.554	3
2.554	4
2.554	3
2.554	3
2.555	4
2.555	3
2.555	5
2.555	5
2.555	3
2.555	3
2.555	4
2.555	3
2.555	4
2.555	4
2.555	3
2.555	3
2.555	4
2.556	6
2.556	5
2.556	3
2.556	4
2.556	3
2.556	8
2.556	3
2.556	3
2.556	3
2.556	2
2.557	6
2.557	4
2.557	3
2.557	3
2.557	3
2.557	4
2.557	5
2.558	4
2.558	3
2.558	4
2.558	4
2.558	4
2.558	5
2.558	3
2.558	3
2.558	3
2.558	3
2.559	4
2.559	6
2.559	7
2.559	5
2.559	6
2.559	3
2.559	5
2.559	4
2.559	5
2.559	3
2.56	5
2.56	5
2.56	5
2.56	5
2.56	2
2.56	3
2.56	3
2.56	5
2.56	3
2.56	4
2.56	4
2.56	3
2.56	3
2.561	4
2.561	5
2.561	5
2.561	4
2.561	4
2.561	5
2.561	6
2.561	3
2.561	4
2.562	4
2.562	3
2.562	5
2.562	5
2.562	3
2.562	3
2.562	4
2.562	5
2.562	4
2.562	5
2.562	6
2.562	3
2.562	4
2.562	6
2.562	6
2.562	4
2.562	3
2.563	5
2.563	5
2.563	5
2.563	7
2.563	6
2.563	3
2.563	3
2.564	6
2.564	5
2.564	2
2.564	3
2.564	4
2.564	3
2.564	4
2.564	4
2.564	3
2.564	3
2.564	3
2.564	4
2.564	3
2.564	3
2.565	4
2.565	3
2.565	6
2.565	5
2.565	5
2.565	4
2.565	4
2.565	5
2.565	5
2.565	4
2.565	3
2.565	3
2.565	3
2.565	3
2.565	4
2.566	3
2.566	5
2.566	8
2.566	5
2.566	5
2.566	4
2.566	3
2.566	4
2.567	6
2.567	5
2.567	4
2.567	4
2.567	4
2.567	4
2.567	3
2.567	8
2.567	6
2.568	4
2.568	7
2.568	3
2.568	4
2.568	4
2.568	3
2.568	5
2.568	4
2.568	5
2.569	4
2.569	5
2.569	4
2.569	5
2.569	4
2.57	5
2.57	5
2.57	3
2.57	4
2.57	3
2.57	3
2.57	3
2.57	3
2.57	3
2.57	3
2.57	6
2.571	3
2.571	3
2.571	4
2.571	4
2.571	3
2.571	3
2.571	3
2.571	3
2.571	4
2.571	2
2.571	4
2.572	5
2.572	5
2.572	3
2.572	4
2.572	4
2.572	3
2.572	4
2.573	5
2.573	5
2.573	5
2.573	3
2.573	5
2.573	6
2.573	4
2.573	3
2.573	3
2.573	5
2.574	3
2.574	4
2.574	2
2.574	6
2.574	4
2.574	4
2.574	4
2.575	4
2.575	5
2.575	5
2.575	4
2.575	4
2.575	2
2.575	4
2.575	3
2.575	4
2.575	3
2.575	3
2.575	4
2.575	4
2.575	3
2.575	3
2.576	5
2.576	3
2.576	4
2.576	5
2.576	5
2.576	4
2.576	4
2.576	2
2.576	3
2.576	4
2.576	3
2.576	5
2.577	5
2.577	5
2.577	5
2.577	4
2.577	3
2.577	5
2.577	6
2.577	6
2.577	4
2.578	4
2.578	3
2.578	3
2.579	5
2.579	4
2.579	3
2.579	5
2.579	3
2.579	5
2.579	5
2.579	4
2.579	4
2.579	3
2.579	3
2.579	4
2.579	3
2.579	4
2.579	4
2.579	3
2.579	4
2.58	6
2.58	3
2.58	5
2.58	7
2.58	3
2.58	4
2.58	3
2.58	4
2.58	6
2.58	3
2.58	3
2.58	3
2.58	3
2.58	3
2.58	3
2.58	4
2.58	3
2.58	3
2.581	4
2.581	4
2.581	4
2.581	3
2.581	4
2.581	4
2.581	3
2.581	3
2.581	4
2.581	3
2.582	3
2.582	4
2.582	4
2.582	4
2.583	6
2.583	4
2.583	5
2.583	5
2.583	3
2.583	3
2.583	3
2.583	4
2.583	4
2.583	5
2.583	3
2.583	3
2.583	4
2.583	3
2.583	3
2.584	4
2.584	4
2.584	5
2.584	3
2.584	4
2.584	3
2.584	4
2.584	3
2.584	5
2.584	3
2.584	3
2.584	4
2.585	5
2.585	7
2.585	4
2.585	3
2.585	2
2.585	3
2.585	3
2.586	5
2.586	5
2.586	3
2.586	4
2.586	3
2.586	3
2.586	4
2.586	3
2.587	6
2.587	3
2.587	4
2.587	5
2.587	5
2.587	3
2.587	2
2.588	3
2.588	5
2.588	3
2.588	3
2.588	4
2.588	4
2.589	5
2.589	5
2.589	6
2.589	5
2.589	5
2.589	5
2.589	5
2.589	4
2.589	6
2.589	4
2.589	3
2.589	3
2.589	3
2.59	4
2.59	3
2.59	4
2.59	5
2.59	3
2.59	4
2.59	3
2.59	2
2.591	5
2.591	3
2.591	3
2.591	4
2.591	4
2.591	3
2.591	4
2.591	4
2.591	3
2.592	7
2.592	5
2.592	6
2.592	3
2.592	3
2.592	5
2.592	4
2.592	3
2.592	3
2.593	5
2.593	3
2.593	5
2.593	3
2.593	6
2.593	6
2.593	4
2.594	7
2.594	5
2.594	3
2.594	3
2.594	3
2.594	3
2.594	3
2.594	4
2.594	4
2.594	3
2.595	5
2.595	5
2.595	5
2.595	5
2.595	3
2.595	3
2.595	3
2.595	4
2.595	3
2.595	4
2.595	4
2.595	3
2.595	4
2.596	4
2.596	3
2.596	5
2.596	5
2.596	4
2.596	3
2.596	3
2.596	6
2.596	6
2.596	4
2.597	5
2.597	5
2.597	3
2.597	4
2.597	5
2.597	8
2.597	3
2.597	3
2.597	4
2.598	6
2.598	7
2.598	3
2.598	4
2.598	5
2.598	4
2.598	3
2.598	5
2.598	4
2.598	4
2.598	3
2.598	4
2.598	4
2.598	3
2.599	7
2.599	3
2.599	4
2.599	3
2.599	4
2.599	3
2.599	4
2.599	5
2.599	3
2.599	3
2.6	4
2.6	2
2.6	3
2.6	5
2.6	4
2.601	5
2.601	3
2.601	3
2.601	5
2.601	6
2.601	4
2.601	3
2.601	3
2.602	3
2.602	3
2.602	4
2.602	4
2.602	5
2.603	5
2.603	5
2.603	7
2.603	4
2.603	3
2.603	4
2.603	4
2.603	3
2.603	5
2.604	3
2.604	6
2.604	6
2.604	4
2.604	5
2.604	3
2.605	5
2.605	2
2.605	5
2.605	5
2.605	4
2.605	3
2.605	4
2.606	5
2.606	5
2.606	4
2.606	4
2.606	4
2.606	8
2.606	4
2.606	4
2.606	3
2.606	3
2.607	5
2.607	5
2.607	5
2.607	3
2.607	5
2.607	4
2.607	3
2.607	3
2.607	3
2.607	6
2.608	7
2.608	5
2.608	3
2.608	4
2.608	3
2.608	5
2.608	4
2.609	7
2.609	7
2.609	3
2.609	4
2.609	3
2.609	4
2.61	4
2.61	3
2.61	3
2.61	3
2.61	3
2.61	3
2.611	5
2.611	3
2.611	3
2.611	3
2.611	5
2.611	4
2.612	5
2.612	4
2.612	4
2.612	4
2.612	3
2.612	3
2.612	4
2.613	3
2.613	7
2.613	3
2.613	6
2.613	5
2.613	3
2.613	3
2.613	5
2.614	4
2.614	3
2.614	7
2.614	2
2.614	3
2.614	4
2.614	3
2.614	3
2.615	6
2.615	5
2.615	5
2.615	4
2.615	4
2.615	4
2.615	4
2.615	4
2.615	3
2.615	4
2.615	3
2.616	5
2.616	5
2.616	6
2.616	2
2.616	3
2.616	4
2.617	4
2.617	4
2.617	5
2.617	5
2.617	4
2.617	3
2.617	4
2.618	5
2.618	6
2.618	5
2.618	5
2.618	5
2.618	3
2.618	4
2.618	3
2.618	3
2.619	5
2.619	4
2.619	4
2.619	2
2.619	3
2.62	5
2.62	3
2.62	5
2.62	5
2.62	4
2.62	4
2.62	4
2.62	3
2.62	3
2.62	3
2.62	4
2.62	3
2.62	3
2.621	3
2.621	3
2.621	4
2.621	4
2.621	4
2.621	8
2.621	2
2.621	3
2.621	4
2.622	6
2.622	6
2.622	3
2.622	4
2.622	3
2.622	4
2.622	4
2.622	4
2.623	4
2.623	5
2.623	7
2.623	4
2.623	3
2.623	3
2.623	4
2.623	4
2.624	4
2.624	3
2.624	5
2.624	4
2.624	3
2.625	5
2.625	4
2.625	3
2.625	3
2.625	3
2.625	4
2.626	5
2.626	5
2.626	3
2.626	3
2.626	3
2.626	3
2.627	7
2.627	5
2.627	4
2.627	3
2.627	2
2.628	5
2.628	5
2.628	4
2.628	5
2.628	6
2.628	3
2.628	3
2.628	3
2.629	6
2.629	5
2.629	3
2.629	5
2.629	2
2.629	5
2.629	3
2.629	3
2.629	3
2.629	6
2.63	3
2.63	5
2.63	5
2.63	3
2.63	4
2.63	4
2.63	4
2.63	4
2.63	3
2.631	4
2.631	5
2.631	3
2.631	3
2.631	3
2.631	4
2.631	4
2.631	3
2.631	4
2.632	6
2.632	3
2.632	5
2.632	6
2.632	5
2.632	4
2.633	6
2.633	6
2.633	5
2.633	3
2.633	6
2.633	6
2.633	4
2.633	4
2.634	4
2.634	3
2.635	5
2.635	3
2.635	4
2.635	3
2.635	5
2.635	6
2.635	4
2.635	3
2.635	4
2.635	4
2.635	3
2.635	5
2.636	5
2.636	4
2.636	4
2.636	5
2.636	5
2.636	3
2.636	3
2.636	6
2.637	5
2.637	7
2.637	4
2.637	5
2.637	3
2.637	8
2.637	3
2.637	4
2.637	3
2.638	7
2.638	5
2.638	3
2.638	3
2.638	4
2.638	3
2.638	4
2.638	4
2.639	6
2.639	3
2.639	7
2.639	4
2.639	4
2.639	5
2.639	5
2.639	4
2.639	5
2.64	4
2.64	5
2.64	8
2.64	5
2.64	3
2.64	4
2.641	5
2.641	5
2.641	3
2.641	3
2.641	4
2.641	3
2.641	3
2.642	5
2.642	4
2.642	3
2.642	4
2.642	3
2.642	3
2.642	4
2.642	3
2.642	3
2.642	5
2.643	6
2.643	4
2.643	3
2.643	2
2.643	3
2.643	4
2.644	3
2.644	6
2.644	7
2.644	5
2.644	6
2.644	3
2.644	3
2.645	5
2.645	5
2.645	4
2.645	5
2.645	3
2.645	4
2.645	2
2.645	4
2.645	4
2.645	6
2.646	4
2.646	4
2.646	4
2.646	4
2.646	4
2.646	4
2.646	3
2.647	5
2.647	3
2.647	5
2.647	6
2.647	3
2.647	4
2.648	4
2.648	3
2.648	5
2.648	5
2.648	7
2.648	5
2.648	2
2.648	5
2.648	3
2.649	5
2.649	3
2.649	4
2.649	4
2.649	4
2.649	2
2.649	3
2.649	3
2.649	4
2.649	3
2.649	3
2.649	4
2.649	6
2.649	6
2.649	6
2.65	3
2.65	5
2.65	3
2.65	3
2.65	2
2.65	3
2.65	4
2.651	5
2.651	3
2.651	3
2.651	3
2.651	3
2.651	3
2.651	5
2.651	4
2.651	4
2.651	4
2.652	4
2.652	5
2.652	4
2.652	5
2.652	4
2.652	4
2.652	4
2.653	6
2.653	5
2.653	7
2.653	3
2.653	3
2.653	3
2.653	4
2.653	4
2.653	3
2.653	3
2.653	4
2.653	4
2.653	4
2.654	4
2.654	3
2.654	4
2.654	4
2.654	4
2.655	4
2.655	3
2.655	4
2.655	4
2.655	4
2.655	4
2.655	3
2.655	6
2.655	6
2.655	4
2.655	3
2.655	5
2.655	5
2.655	5
2.656	5
2.656	3
2.656	3
2.656	2
2.656	3
2.656	2
2.656	3
2.657	6
2.657	5
2.657	5
2.657	4
2.657	3
2.657	4
2.657	3
2.657	4
2.657	4
2.657	3
2.657	3
2.657	3
2.657	3
2.658	4
2.658	3
2.658	5
2.658	4
2.658	3
2.658	3
2.658	3
2.658	3
2.658	3
2.658	3
2.658	3
2.658	3
2.658	3
2.658	4
2.658	4
2.658	4
2.659	5
2.659	5
2.659	3
2.659	4
2.659	4
2.659	4
2.659	2
2.659	3
2.659	4
2.66	5
2.66	5
2.66	5
2.66	4
2.66	4
2.66	3
2.66	4
2.66	4
2.66	3
2.66	3
2.66	3
2.66	3
2.661	3
2.661	4
2.661	5
2.661	4
2.661	5
2.661	4
2.662	4
2.662	5
2.662	3
2.662	4
2.662	5
2.662	6
2.662	6
2.662	4
2.662	3
2.662	3
2.662	3
2.662	3
2.662	3
2.662	3
2.662	3
2.662	3
2.662	3
2.662	3
2.662	3
2.662	3
2.662	3
2.662	3
2.662	3
2.662	6
2.663	5
2.663	5
2.663	5
2.663	4
2.663	6
2.663	7
2.663	5
2.663	3
2.663	3
2.663	3
2.663	2
2.663	2
2.663	2
2.663	3
2.663	3
2.663	3
2.663	4
2.663	4
2.663	4
2.664	5
2.664	4
2.664	3
2.664	5
2.664	3
2.664	4
2.664	3
2.664	3
2.664	4
2.664	4
2.664	3
2.664	4
2.664	4
2.664	3
2.664	3
2.664	4
2.664	6
2.665	5
2.665	3
2.665	3
2.665	3
2.665	3
2.665	2
2.665	6
2.666	3
2.666	4
2.666	4
2.666	4
2.667	6
2.667	5
2.667	4
2.667	3
2.667	3
2.667	4
2.668	4
2.668	6
2.668	7
2.668	7
2.668	4
2.668	5
2.668	3
2.668	3
2.668	4
2.668	3
2.668	4
2.668	5
2.668	3
2.668	3
2.668	3
2.668	5
2.668	4
2.668	6
2.669	4
2.669	5
2.669	3
2.669	5
2.669	5
2.669	3
2.669	4
2.669	4
2.669	3
2.669	2
2.669	2
2.669	2
2.669	4
2.67	3
2.67	5
2.67	3
2.67	4
2.67	3
2.67	5
2.67	4
2.671	5
2.671	4
2.671	5
2.671	3
2.671	4
2.671	6
2.671	6
2.671	4
2.671	3
2.671	3
2.671	3
2.671	3
2.671	3
2.671	3
2.671	4
2.671	5
2.672	6
2.672	5
2.672	5
2.672	3
2.672	3
2.672	5
2.672	6
2.672	3
2.672	3
2.672	3
2.672	3
2.672	4
2.673	5
2.673	5
2.673	3
2.673	3
2.673	4
2.673	3
2.673	4
2.673	4
2.673	3
2.673	3
2.673	3
2.673	3
2.673	4
2.673	4
2.673	4
2.673	4
2.673	4
2.673	4
2.673	3
2.673	3
2.673	3
2.673	3
2.673	4
2.673	3
2.674	5
2.674	5
2.674	6
2.674	3
2.674	4
2.674	4
2.674	3
2.674	3
2.674	4
2.674	4
2.674	4
2.674	4
2.674	5
2.675	3
2.675	4
2.675	3
2.675	4
2.675	6
2.675	6
2.675	6
2.675	6
2.675	6
2.675	6
2.675	4
2.675	4
2.675	4
2.675	3
2.675	3
2.675	3
2.675	3
2.675	3
2.675	3
2.676	4
2.676	5
2.676	5
2.676	5
2.676	4
2.676	2
2.676	3
2.676	4
2.676	3
2.676	3
2.677	7
2.677	8
2.677	4
2.677	3
2.677	5
2.677	4
2.677	5
2.677	4
2.677	4
2.677	4
2.677	3
2.677	3
2.677	3
2.677	4
2.677	4
2.677	4
2.677	4
2.677	4
2.677	4
2.677	3
2.677	3
2.677	3
2.677	3
2.677	3
2.677	3
2.677	3
2.677	3
2.677	4
2.678	5
2.678	3
2.678	4
2.678	3
2.678	2
2.678	3
2.678	5
2.678	3
2.678	3
2.678	3
2.678	3
2.678	3
2.678	3
2.678	1
2.678	3
2.678	4
2.678	3
2.678	3
2.678	3
2.678	3
2.678	3
2.679	4
2.679	3
2.679	7
2.679	5
2.679	4
2.679	4
2.679	3
2.679	3
2.679	3
2.679	3
2.679	4
2.679	4
2.679	4
2.679	1
2.679	3
2.679	4
2.679	3
2.68	3
2.68	5
2.68	5
2.68	3
2.68	3
2.68	3
2.68	4
2.681	5
2.681	3
2.681	3
2.681	4
2.681	4
2.681	4
2.681	3
2.681	4
2.681	4
2.681	4
2.681	5
2.681	5
2.681	5
2.681	3
2.681	3
2.681	3
2.681	3
2.681	3
2.681	3
2.682	5
2.682	7
2.682	4
2.682	4
2.682	5
2.682	5
2.682	5
2.682	2
2.682	1
2.682	3
2.682	4
2.683	6
2.683	4
2.683	4
2.683	4
2.683	3
2.683	3
2.683	3
2.683	3
2.684	5
2.684	7
2.684	6
2.684	4
2.684	4
2.684	3
2.684	4
2.684	3
2.684	3
2.684	3
2.684	3
2.684	4
2.684	4
2.684	4
2.684	3
2.684	3
2.684	2
2.684	3
2.685	4
2.685	2
2.685	3
2.685	3
2.685	2
2.685	3
2.685	3
2.685	3
2.685	3
2.685	2
2.686	4
2.686	4
2.686	4
2.686	3
2.686	4
2.686	3
2.686	5
2.686	3
2.686	4
2.686	4
2.686	3
2.686	3
2.686	3
2.687	6
2.687	7
2.687	5
2.687	3
2.687	4
2.687	4
2.687	4
2.687	4
2.687	3
2.687	3
2.687	3
2.688	5
2.688	5
2.688	3
2.688	4
2.688	4
2.688	3
2.688	3
2.688	4
2.688	4
2.688	4
2.688	3
2.688	3
2.688	3
2.688	6
2.688	6
2.688	4
2.688	3
2.688	4
2.688	4
2.688	3
2.688	2
2.689	3
2.689	3
2.689	4
2.689	3
2.689	3
2.689	3
2.689	4
2.689	3
2.689	4
2.689	4
2.689	3
2.69	3
2.69	3
2.69	4
2.69	5
2.69	5
2.69	5
2.69	4
2.69	3
2.69	4
2.69	4
2.69	3
2.69	6
2.69	6
2.69	4
2.69	4
2.69	3
2.69	3
2.691	5
2.691	5
2.691	5
2.691	3
2.691	5
2.691	4
2.691	3
2.691	3
2.691	6
2.691	6
2.691	4
2.692	7
2.692	4
2.692	4
2.692	3
2.692	3
2.692	3
2.692	4
2.692	3
2.692	3
2.692	3
2.692	3
2.692	3
2.692	3
2.692	4
2.692	4
2.692	3
2.692	4
2.692	4
2.692	3
2.692	3
2.692	4
2.692	4
2.692	3
2.693	4
2.693	3
2.693	3
2.693	4
2.693	3
2.693	3
2.693	3
2.693	3
2.693	3
2.693	3
2.693	3
2.693	3
2.693	3
2.693	4
2.693	3
2.693	4
2.693	4
2.693	3
2.693	4
2.694	5
2.694	5
2.694	6
2.694	3
2.694	2
2.694	3
2.694	4
2.694	4
2.694	4
2.694	4
2.694	5
2.694	4
2.694	3
2.694	3
2.694	6
2.694	6
2.694	4
2.695	5
2.695	4
2.695	3
2.695	4
2.695	3
2.695	4
2.695	3
2.695	5
2.695	4
2.696	5
2.696	3
2.696	4
2.696	4
2.696	4
2.696	3
2.696	4
2.696	5
2.696	4
2.696	3
2.696	4
2.696	4
2.696	3
2.697	3
2.697	3
2.697	4
2.697	4
2.697	4
2.697	4
2.697	4
2.697	3
2.697	3
2.697	3
2.697	3
2.697	4
2.697	5
2.697	4
2.697	5
2.697	3
2.697	3
2.698	6
2.698	3
2.698	6
2.698	4
2.698	3
2.698	5
2.698	5
2.698	4
2.698	5
2.698	4
2.698	3
2.698	2
2.698	2
2.698	2
2.698	3
2.698	3
2.698	3
2.698	3
2.698	3
2.698	5
2.698	4
2.699	4
2.699	5
2.699	8
2.699	3
2.699	4
2.699	4
2.699	4
2.699	3
2.699	3
2.699	3
2.699	3
2.699	4
2.699	3
2.7	4
2.7	5
2.7	5
2.7	4
2.7	3
2.7	4
2.7	4
2.7	3
2.7	3
2.7	4
2.7	4
2.7	5
2.701	3
2.701	4
2.701	4
2.701	5
2.701	6
2.701	3
2.701	3
2.701	4
2.701	4
2.701	4
2.701	4
2.701	4
2.701	4
2.701	4
2.701	3
2.701	3
2.701	5
2.702	4
2.702	3
2.702	4
2.702	4
2.702	4
2.702	2
2.702	2
2.702	2
2.702	4
2.702	3
2.703	5
2.703	6
2.703	5
2.703	3
2.703	3
2.703	3
2.703	5
2.703	4
2.703	3
2.703	4
2.703	3
2.703	4
2.704	5
2.704	5
2.704	3
2.704	5
2.704	3
2.704	4
2.704	4
2.704	4
2.704	4
2.704	3
2.704	3
2.705	4
2.705	5
2.705	4
2.705	3
2.705	3
2.705	3
2.705	3
2.705	3
2.705	3
2.705	3
2.705	3
2.705	5
2.706	5
2.706	6
2.706	6
2.706	8
2.706	3
2.706	3
2.706	3
2.706	3
2.706	3
2.706	3
2.706	3
2.706	5
2.706	4
2.706	6
2.707	6
2.707	2
2.707	4
2.707	3
2.707	5
2.707	3
2.707	3
2.707	3
2.707	4
2.707	3
2.707	3
2.707	4
2.707	3
2.708	4
2.708	7
2.708	4
2.708	5
2.708	4
2.708	4
2.708	4
2.708	4
2.708	3
2.708	3
2.708	3
2.708	3
2.708	3
2.708	3
2.708	3
2.708	3
2.708	4
2.709	3
2.709	5
2.709	4
2.709	4
2.709	3
2.709	3
2.709	5
2.71	3
2.71	5
2.71	6
2.71	3
2.71	3
2.71	3
2.71	3
2.71	3
2.71	3
2.71	4
2.71	3
2.71	4
2.71	4
2.711	5
2.711	7
2.711	5
2.711	5
2.711	5
2.711	2
2.711	3
2.711	4
2.711	3
2.711	3
2.712	3
2.712	4
2.712	3
2.712	3
2.712	3
2.712	3
2.712	4
2.712	3
2.712	4
2.712	3
2.712	4
2.712	3
2.712	3
2.712	5
2.713	5
2.713	5
2.713	3
2.713	3
2.713	6
2.713	2
2.713	3
2.713	4
2.713	3
2.713	4
2.714	6
2.714	5
2.714	4
2.714	4
2.714	2
2.714	5
2.714	4
2.714	5
2.714	5
2.714	5
2.714	6
2.714	6
2.714	6
2.714	4
2.714	4
2.714	4
2.714	3
2.714	2
2.714	3
2.714	3
2.715	3
2.715	4
2.715	4
2.715	4
2.715	8
2.715	4
2.715	2
2.715	4
2.715	3
2.715	4
2.715	4
2.716	4
2.716	5
2.716	5
2.716	4
2.716	3
2.716	3
2.716	3
2.716	3
2.716	4
2.716	4
2.716	4
2.716	3
2.717	4
2.717	6
2.717	4
2.717	4
2.717	4
2.717	4
2.717	2
2.717	4
2.717	4
2.717	2
2.717	3
2.717	3
2.718	5
2.718	5
2.718	3
2.718	5
2.718	4
2.718	4
2.718	4
2.718	4
2.718	4
2.718	3
2.718	3
2.718	4
2.718	2
2.718	4
2.718	3
2.719	4
2.719	7
2.719	3
2.719	8
2.719	8
2.719	7
2.719	3
2.719	4
2.719	3
2.719	3
2.719	3
2.719	3
2.719	3
2.72	3
2.72	5
2.72	3
2.72	4
2.72	4
2.72	4
2.72	3
2.72	3
2.72	3
2.72	3
2.72	3
2.72	3
2.72	4
2.72	4
2.72	4
2.72	1
2.72	3
2.72	4
2.72	6
2.721	4
2.721	4
2.721	4
2.721	4
2.721	4
2.721	4
2.721	3
2.721	3
2.721	3
2.721	3
2.721	4
2.721	2
2.722	6
2.722	5
2.722	5
2.722	3
2.722	6
2.722	3
2.722	3
2.722	4
2.723	4
2.723	3
2.723	3
2.723	4
2.723	2
2.723	3
2.723	3
2.723	3
2.723	3
2.723	3
2.723	3
2.723	3
2.723	4
2.724	7
2.724	4
2.724	4
2.724	4
2.724	4
2.724	5
2.724	3
2.724	3
2.724	3
2.724	4
2.724	6
2.725	5
2.725	5
2.725	4
2.725	4
2.725	4
2.725	3
2.725	3
2.725	3
2.725	3
2.725	3
2.726	5
2.726	6
2.726	6
2.726	6
2.726	5
2.726	3
2.726	3
2.726	3
2.726	2
2.726	5
2.726	4
2.727	5
2.727	2
2.727	2
2.727	2
2.727	5
2.727	6
2.727	3
2.727	5
2.727	3
2.728	5
2.728	5
2.728	5
2.728	5
2.728	4
2.728	4
2.728	4
2.728	4
2.728	4
2.728	4
2.728	4
2.728	4
2.728	4
2.728	3
2.728	3
2.728	3
2.728	3
2.728	4
2.729	3
2.729	5
2.729	3
2.729	5
2.729	5
2.729	5
2.729	3
2.729	5
2.729	6
2.729	3
2.729	3
2.729	4
2.73	4
2.73	5
2.73	3
2.73	4
2.73	4
2.73	4
2.73	5
2.73	6
2.73	5
2.73	3
2.73	4
2.73	4
2.73	3
2.73	5
2.731	3
2.731	3
2.731	4
2.731	4
2.731	3
2.731	3
2.731	4
2.731	3
2.732	3
2.732	7
2.732	3
2.732	6
2.732	6
2.732	4
2.732	3
2.733	4
2.733	5
2.733	4
2.733	3
2.733	3
2.733	3
2.733	4
2.733	3
2.733	4
2.733	4
2.733	5
2.733	6
2.733	3
2.733	3
2.733	3
2.733	3
2.733	3
2.733	4
2.734	5
2.734	3
2.734	4
2.734	4
2.734	4
2.734	4
2.734	4
2.734	4
2.734	4
2.734	7
2.734	4
2.734	4
2.734	4
2.734	3
2.734	4
2.734	4
2.734	3
2.734	1
2.734	3
2.734	4
2.735	4
2.735	3
2.735	3
2.735	3
2.735	3
2.735	4
2.735	3
2.735	7
2.735	3
2.735	3
2.735	3
2.735	3
2.736	4
2.736	5
2.736	5
2.736	3
2.736	4
2.736	4
2.736	3
2.736	4
2.737	5
2.737	4
2.737	5
2.737	4
2.737	4
2.737	4
2.737	4
2.737	4
2.737	4
2.737	3
2.737	3
2.737	3
2.737	3
2.737	3
2.738	6
2.738	5
2.738	3
2.738	5
2.738	4
2.738	3
2.738	7
2.738	4
2.738	5
2.738	1
2.738	3
2.738	4
2.739	4
2.739	3
2.739	4
2.739	6
2.739	3
2.739	4
2.739	3
2.739	5
2.739	3
2.74	5
2.74	5
2.74	3
2.74	5
2.74	5
2.74	5
2.74	2
2.74	4
2.74	4
2.74	3
2.74	3
2.741	6
2.741	7
2.741	3
2.741	4
2.741	4
2.741	4
2.741	6
2.741	4
2.741	3
2.741	4
2.742	4
2.742	5
2.742	5
2.742	5
2.742	5
2.742	5
2.742	2
2.742	6
2.742	3
2.742	3
2.742	3
2.742	3
2.743	6
2.743	3
2.743	3
2.743	3
2.743	4
2.743	4
2.743	4
2.743	4
2.743	4
2.743	4
2.743	2
2.743	3
2.744	5
2.744	5
2.744	5
2.744	4
2.744	4
2.744	4
2.744	4
2.744	4
2.744	3
2.744	4
2.744	4
2.744	3
2.744	3
2.745	5
2.745	5
2.745	5
2.745	4
2.745	3
2.745	4
2.745	6
2.746	7
2.746	4
2.746	5
2.746	5
2.746	5
2.746	5
2.746	3
2.746	2
2.746	6
2.746	6
2.746	4
2.746	3
2.746	3
2.747	5
2.747	5
2.747	5
2.747	3
2.747	3
2.747	4
2.747	4
2.747	4
2.747	4
2.747	4
2.747	5
2.747	4
2.748	7
2.748	7
2.748	3
2.748	3
2.748	5
2.748	4
2.748	3
2.748	4
2.748	4
2.748	3
2.748	3
2.748	4
2.748	4
2.748	3
2.749	4
2.749	4
2.749	3
2.749	3
2.749	3
2.749	3
2.749	3
2.749	4
2.749	4
2.75	5
2.75	5
2.75	3
2.75	4
2.75	4
2.75	4
2.75	5
2.75	5
2.75	5
2.75	4
2.75	3
2.75	4
2.75	4
2.75	3
2.75	3
2.75	4
2.75	6
2.75	6
2.75	4
2.751	5
2.751	3
2.751	3
2.751	3
2.751	3
2.751	4
2.751	5
2.752	4
2.752	3
2.752	4
2.752	5
2.752	4
2.752	3
2.752	4
2.752	4
2.752	3
2.753	7
2.753	5
2.753	4
2.753	4
2.753	4
2.753	4
2.753	5
2.753	3
2.753	3
2.753	3
2.754	6
2.754	5
2.754	3
2.754	3
2.754	3
2.754	3
2.754	4
2.754	3
2.754	3
2.754	4
2.754	4
2.755	5
2.755	5
2.755	2
2.755	3
2.755	3
2.755	4
2.756	4
2.756	5
2.756	3
2.756	3
2.756	4
2.756	5
2.756	4
2.756	4
2.756	3
2.756	3
2.756	4
2.756	5
2.756	3
2.757	4
2.757	3
2.757	5
2.757	5
2.757	7
2.757	5
2.757	5
2.758	5
2.758	5
2.758	5
2.758	5
2.758	3
2.758	4
2.758	5
2.758	4
2.758	4
2.758	4
2.758	3
2.758	3
2.758	3
2.758	3
2.758	3
2.758	3
2.759	5
2.759	3
2.759	4
2.759	5
2.759	4
2.759	2
2.759	4
2.759	3
2.759	3
2.759	4
2.759	1
2.759	3
2.759	4
2.76	3
2.76	5
2.76	5
2.76	5
2.76	3
2.76	3
2.76	3
2.76	3
2.761	7
2.761	7
2.761	7
2.761	5
2.761	5
2.761	4
2.761	5
2.762	5
2.762	5
2.762	7
2.762	5
2.762	3
2.762	4
2.762	3
2.762	3
2.762	4
2.763	4
2.763	5
2.763	3
2.763	3
2.763	3
2.763	4
2.763	3
2.764	4
2.764	3
2.764	3
2.764	3
2.764	3
2.764	3
2.764	3
2.765	6
2.765	5
2.765	4
2.765	5
2.765	5
2.765	3
2.765	4
2.765	5
2.765	3
2.766	5
2.766	5
2.766	7
2.766	7
2.766	7
2.766	3
2.766	4
2.766	5
2.767	3
2.767	3
2.767	3
2.767	3
2.767	4
2.767	3
2.767	3
2.767	3
2.767	3
2.768	5
2.768	4
2.768	3
2.768	3
2.768	3
2.769	3
2.769	5
2.769	3
2.769	4
2.769	5
2.769	3
2.769	2
2.769	3
2.769	4
2.769	3
2.769	4
2.769	4
2.769	3
2.77	7
2.77	5
2.77	5
2.77	5
2.77	5
2.77	5
2.77	5
2.77	3
2.77	3
2.77	4
2.77	3
2.77	4
2.771	5
2.771	5
2.771	6
2.771	4
2.771	6
2.771	6
2.771	4
2.772	6
2.772	4
2.772	4
2.772	4
2.772	3
2.773	4
2.773	5
2.773	4
2.773	3
2.773	5
2.773	3
2.773	5
2.773	3
2.773	3
2.773	4
2.773	2
2.773	2
2.773	3
2.773	4
2.773	3
2.773	4
2.773	4
2.773	3
2.774	5
2.774	5
2.774	7
2.774	5
2.774	3
2.774	3
2.774	3
2.774	3
2.775	5
2.775	3
2.775	4
2.775	4
2.775	4
2.775	4
2.776	6
2.776	7
2.776	5
2.776	3
2.776	7
2.776	3
2.776	3
2.776	4
2.776	4
2.777	7
2.777	4
2.777	4
2.777	4
2.777	3
2.777	3
2.777	3
2.777	7
2.777	5
2.777	4
2.777	3
2.777	3
2.777	4
2.777	2
2.777	4
2.777	5
2.778	6
2.778	4
2.778	5
2.778	5
2.778	5
2.778	5
2.778	4
2.778	3
2.778	5
2.779	4
2.779	7
2.779	5
2.779	3
2.779	3
2.779	4
2.779	3
2.78	5
2.78	7
2.78	3
2.78	3
2.78	3
2.78	3
2.78	4
2.781	6
2.781	7
2.781	3
2.781	3
2.781	3
2.781	3
2.782	3
2.782	5
2.782	5
2.782	5
2.782	7
2.782	4
2.782	5
2.782	3
2.782	6
2.783	6
2.783	5
2.783	5
2.783	5
2.783	3
2.783	3
2.783	3
2.784	5
2.784	5
2.784	5
2.784	2
2.784	4
2.784	3
2.784	4
2.785	4
2.785	6
2.785	6
2.785	6
2.785	5
2.785	5
2.785	7
2.785	4
2.785	4
2.785	4
2.785	5
2.785	6
2.785	3
2.785	3
2.786	7
2.786	5
2.786	5
2.786	4
2.786	5
2.786	5
2.786	4
2.787	3
2.787	3
2.788	3
2.788	3
2.788	5
2.789	3
2.789	5
2.789	5
2.789	5
2.789	4
2.789	4
2.789	5
2.789	6
2.789	3
2.789	3
2.79	7
2.79	7
2.79	7
2.79	4
2.79	3
2.79	3
2.79	7
2.79	4
2.79	3
2.791	3
2.791	5
2.791	4
2.791	4
2.791	4
2.791	4
2.791	3
2.791	3
2.791	4
2.792	6
2.792	4
2.792	3
2.792	3
2.792	4
2.792	4
2.793	5
2.793	5
2.793	5
2.793	4
2.793	4
2.793	3
2.793	4
2.793	4
2.793	4
2.793	3
2.793	3
2.794	4
2.794	4
2.794	4
2.794	3
2.794	7
2.794	2
2.794	3
2.795	4
2.795	5
2.795	4
2.795	3
2.795	3
2.795	3
2.795	3
2.795	3
2.795	3
2.795	3
2.795	3
2.796	5
2.796	6
2.796	6
2.796	6
2.796	4
2.796	3
2.796	4
2.796	4
2.796	1
2.796	3
2.796	3
2.797	5
2.797	4
2.797	5
2.797	5
2.797	4
2.797	4
2.798	3
2.798	3
2.798	4
2.798	4
2.798	4
2.798	6
2.798	5
2.798	2
2.798	3
2.798	4
2.798	2
2.799	5
2.799	4
2.799	4
2.799	4
2.8	6
2.8	5
2.8	6
2.8	3
2.8	4
2.8	4
2.8	4
2.8	4
2.801	4
2.801	6
2.801	5
2.801	5
2.801	3
2.801	3
2.801	3
2.802	4
2.802	3
2.802	3
2.802	3
2.802	2
2.802	3
2.802	3
2.803	5
2.803	7
2.803	5
2.803	4
2.803	4
2.803	4
2.803	3
2.804	5
2.804	5
2.804	5
2.804	6
2.804	3
2.804	4
2.804	3
2.804	3
2.804	3
2.805	7
2.805	4
2.805	4
2.806	5
2.806	5
2.806	5
2.806	7
2.806	3
2.806	3
2.806	3
2.806	3
2.806	4
2.806	4
2.806	3
2.807	6
2.807	3
2.807	4
2.807	5
2.807	5
2.807	4
2.808	4
2.808	5
2.808	3
2.808	4
2.808	3
2.808	3
2.808	6
2.808	6
2.808	4
2.809	6
2.809	5
2.809	7
2.809	4
2.809	4
2.81	3
2.81	5
2.81	6
2.81	4
2.81	3
2.81	4
2.81	4
2.81	3
2.811	4
2.811	3
2.811	3
2.811	3
2.811	4
2.811	6
2.811	3
2.811	5
2.811	3
2.811	3
2.812	5
2.812	6
2.812	5
2.812	4
2.812	3
2.812	4
2.813	5
2.813	5
2.813	4
2.813	5
2.814	4
2.814	3
2.814	4
2.814	4
2.814	4
2.814	4
2.814	5
2.814	6
2.815	4
2.815	4
2.815	4
2.815	3
2.815	6
2.815	5
2.815	5
2.815	7
2.815	5
2.816	6
2.816	5
2.816	5
2.816	5
2.816	4
2.816	3
2.816	3
2.816	4
2.817	4
2.817	5
2.817	3
2.817	4
2.817	5
2.817	3
2.817	5
2.817	5
2.817	4
2.817	3
2.817	4
2.817	6
2.818	3
2.818	7
2.818	3
2.818	4
2.818	3
2.818	4
2.819	5
2.819	3
2.819	4
2.82	6
2.82	6
2.82	6
2.82	5
2.82	3
2.82	5
2.821	4
2.821	4
2.821	4
2.821	3
2.821	4
2.821	5
2.821	5
2.821	4
2.821	4
2.821	3
2.821	4
2.822	5
2.822	5
2.822	3
2.822	5
2.822	3
2.823	5
2.823	7
2.823	2
2.823	5
2.823	4
2.823	5
2.824	3
2.824	4
2.824	4
2.824	4
2.825	3
2.825	4
2.825	5
2.825	4
2.825	3
2.825	3
2.825	3
2.825	3
2.826	5
2.826	5
2.826	5
2.826	5
2.826	5
2.826	5
2.826	3
2.826	3
2.826	3
2.826	3
2.826	4
2.827	3
2.827	5
2.827	5
2.827	4
2.827	3
2.827	3
2.827	3
2.827	3
2.827	3
2.828	4
2.828	1
2.828	3
2.828	3
2.828	3
2.829	5
2.829	5
2.829	3
2.829	3
2.829	4
2.83	4
2.83	3
2.83	4
2.83	4
2.83	4
2.83	3
2.83	3
2.83	3
2.83	3
2.83	3
2.83	3
2.831	5
2.831	4
2.831	5
2.831	3
2.831	3
2.831	2
2.831	3
2.831	1
2.831	3
2.831	3
2.831	6
2.832	4
2.832	7
2.832	3
2.832	3
2.833	6
2.833	5
2.833	4
2.833	3
2.833	4
2.834	4
2.834	4
2.834	4
2.834	3
2.834	4
2.834	4
2.834	3
2.835	6
2.835	4
2.835	4
2.835	5
2.835	3
2.835	4
2.835	2
2.835	4
2.836	4
2.836	6
2.836	7
2.836	5
2.836	3
2.836	3
2.836	3
2.837	4
2.837	7
2.837	4
2.837	3
2.837	5
2.838	5
2.838	3
2.838	3
2.838	3
2.838	4
2.838	4
2.838	3
2.839	5
2.839	5
2.839	6
2.839	5
2.839	3
2.839	4
2.839	3
2.839	4
2.839	3
2.839	3
2.839	3
2.84	4
2.84	3
2.84	6
2.84	6
2.84	4
2.84	4
2.841	5
2.841	5
2.841	5
2.841	5
2.841	7
2.841	3
2.841	3
2.841	4
2.841	4
2.841	3
2.842	5
2.842	5
2.842	6
2.842	5
2.842	4
2.842	3
2.842	4
2.842	4
2.842	3
2.842	4
2.842	3
2.843	3
2.843	3
2.843	3
2.843	3
2.843	6
2.843	6
2.843	4
2.844	5
2.844	4
2.844	3
2.844	3
2.844	3
2.844	3
2.844	3
2.845	5
2.845	5
2.845	5
2.845	5
2.845	3
2.845	4
2.845	3
2.845	4
2.845	4
2.845	3
2.845	1
2.845	3
2.845	3
2.846	4
2.846	5
2.846	4
2.846	5
2.846	3
2.846	3
2.847	7
2.847	3
2.847	5
2.847	6
2.847	5
2.847	4
2.848	4
2.848	3
2.848	3
2.849	4
2.849	3
2.849	3
2.849	4
2.849	4
2.849	5
2.85	5
2.85	3
2.85	3
2.85	5
2.85	3
2.851	4
2.851	4
2.851	3
2.851	3
2.852	4
2.852	3
2.852	7
2.852	3
2.852	3
2.852	4
2.853	6
2.853	5
2.853	4
2.853	4
2.853	3
2.853	4
2.853	3
2.853	3
2.853	3
2.853	3
2.854	5
2.854	4
2.855	4
2.855	5
2.855	3
2.855	3
2.855	4
2.855	4
2.855	3
2.856	6
2.856	5
2.856	3
2.856	3
2.856	4
2.856	3
2.856	4
2.857	5
2.857	7
2.857	3
2.857	3
2.857	6
2.857	6
2.857	4
2.858	4
2.858	3
2.858	3
2.858	5
2.859	3
2.859	5
2.859	4
2.859	4
2.859	3
2.859	4
2.859	4
2.859	3
2.86	6
2.86	2
2.86	3
2.86	3
2.86	3
2.86	3
2.86	6
2.861	5
2.861	7
2.861	4
2.861	4
2.861	4
2.861	4
2.861	3
2.861	3
2.861	4
2.862	7
2.862	4
2.862	4
2.862	3
2.862	4
2.862	4
2.863	2
2.863	3
2.863	4
2.863	5
2.863	6
2.864	5
2.864	3
2.864	3
2.864	4
2.864	5
2.864	4
2.865	7
2.865	4
2.865	3
2.865	3
2.865	4
2.866	5
2.866	5
2.866	3
2.866	4
2.866	4
2.866	2
2.866	3
2.866	3
2.866	4
2.866	5
2.867	6
2.867	4
2.867	4
2.867	4
2.867	2
2.867	3
2.867	3
2.867	3
2.867	4
2.868	3
2.868	5
2.868	3
2.868	3
2.869	4
2.869	4
2.869	4
2.869	4
2.869	3
2.869	4
2.869	5
2.87	4
2.87	3
2.87	3
2.87	4
2.87	2
2.87	4
2.87	3
2.871	6
2.871	3
2.871	3
2.871	3
2.872	4
2.872	3
2.872	4
2.872	5
2.872	4
2.873	4
2.873	3
2.873	4
2.873	4
2.873	3
2.873	5
2.873	3
2.873	3
2.873	3
2.873	3
2.873	3
2.873	3
2.873	3
2.873	3
2.874	4
2.874	3
2.874	3
2.874	3
2.874	1
2.874	3
2.874	3
2.874	3
2.875	5
2.875	5
2.875	3
2.875	3
2.875	3
2.875	3
2.875	3
2.876	3
2.876	4
2.876	5
2.876	3
2.876	4
2.876	3
2.876	3
2.876	3
2.876	3
2.876	3
2.877	6
2.877	3
2.877	3
2.877	1
2.877	3
2.877	3
2.878	4
2.878	5
2.878	3
2.878	3
2.878	4
2.879	5
2.879	5
2.879	5
2.879	6
2.879	5
2.879	4
2.879	3
2.879	3
2.88	3
2.88	2
2.88	3
2.88	3
2.881	6
2.881	3
2.881	3
2.881	3
2.882	3
2.882	5
2.882	6
2.882	3
2.882	3
2.882	3
2.883	5
2.883	5
2.883	4
2.883	5
2.883	4
2.883	4
2.883	4
2.883	4
2.883	3
2.884	3
2.884	7
2.884	3
2.884	4
2.884	2
2.884	3
2.884	4
2.884	4
2.884	3
2.885	4
2.885	3
2.885	4
2.885	3
2.885	3
2.886	4
2.886	3
2.886	7
2.886	4
2.886	4
2.886	4
2.886	4
2.886	6
2.886	6
2.886	4
2.887	4
2.887	3
2.887	7
2.887	3
2.887	3
2.887	3
2.887	4
2.887	4
2.887	3
2.888	3
2.888	4
2.888	3
2.888	3
2.888	4
2.888	3
2.888	4
2.888	4
2.888	3
2.888	3
2.889	5
2.889	4
2.889	3
2.889	3
2.889	3
2.889	6
2.889	6
2.889	4
2.89	4
2.89	4
2.89	3
2.89	4
2.891	6
2.891	4
2.891	5
2.891	5
2.891	3
2.891	4
2.891	3
2.891	4
2.891	4
2.891	3
2.892	4
2.892	6
2.892	2
2.892	3
2.892	3
2.892	4
2.892	5
2.892	3
2.892	3
2.893	5
2.893	3
2.893	4
2.893	4
2.893	4
2.893	4
2.893	5
2.893	5
2.893	4
2.894	4
2.894	7
2.894	4
2.894	5
2.894	3
2.894	3
2.895	6
2.895	2
2.895	3
2.895	4
2.895	4
2.895	5
2.896	4
2.896	3
2.896	4
2.896	4
2.896	5
2.896	6
2.896	3
2.896	5
2.897	5
2.897	5
2.897	4
2.897	3
2.898	3
2.898	3
2.898	3
2.898	3
2.898	3
2.898	4
2.899	7
2.899	4
2.899	4
2.899	4
2.899	3
2.899	3
2.9	5
2.9	3
2.9	4
2.9	4
2.901	5
2.901	5
2.901	3
2.901	7
2.901	5
2.901	3
2.902	4
2.902	4
2.902	4
2.902	4
2.902	3
2.902	4
2.902	3
2.903	5
2.903	5
2.903	3
2.903	4
2.903	3
2.903	3
2.904	3
2.904	3
2.904	5
2.905	5
2.905	4
2.905	3
2.905	4
2.906	3
2.906	3
2.907	3
2.907	5
2.907	4
2.907	4
2.907	3
2.907	3
2.908	3
2.908	3
2.908	5
2.908	5
2.908	4
2.908	3
2.908	4
2.909	2
2.909	2
2.909	3
2.91	4
2.91	3
2.91	5
2.91	3
2.91	4
2.91	4
2.91	3
2.91	3
2.91	4
2.911	4
2.911	4
2.911	5
2.911	3
2.911	3
2.911	4
2.911	4
2.911	3
2.912	4
2.912	4
2.912	4
2.912	2
2.912	3
2.913	4
2.913	2
2.913	3
2.913	3
2.914	5
2.915	5
2.915	4
2.915	5
2.915	3
2.915	4
2.915	4
2.915	4
2.916	6
2.916	3
2.916	4
2.916	4
2.916	3
2.916	3
2.916	4
2.916	2
2.917	4
2.917	3
2.917	3
2.918	6
2.918	4
2.918	5
2.918	3
2.918	4
2.919	3
2.919	3
2.919	4
2.919	3
2.919	3
2.919	3
2.92	3
2.921	3
2.921	3
2.921	3
2.922	5
2.922	5
2.922	3
2.922	5
2.922	5
2.922	3
2.923	7
2.923	5
2.923	3
2.924	5
2.924	3
2.924	3
2.925	5
2.925	3
2.925	3
2.925	3
2.925	5
2.925	6
2.925	5
2.926	5
2.926	7
2.926	5
2.926	3
2.926	6
2.927	3
2.928	5
2.928	3
2.928	5
2.928	5
2.928	6
2.928	4
2.929	6
2.929	7
2.929	4
2.929	4
2.929	6
2.93	7
2.93	3
2.93	4
2.931	4
2.931	7
2.931	4
2.931	3
2.931	4
2.932	4
2.932	5
2.932	4
2.932	4
2.932	4
2.932	5
2.933	3
2.933	7
2.933	4
2.933	6
2.934	7
2.934	3
2.934	4
2.934	3
2.934	3
2.935	3
2.935	5
2.935	5
2.935	4
2.935	4
2.935	5
2.935	4
2.936	3
2.936	4
2.937	5
2.937	5
2.937	3
2.937	3
2.937	3
2.937	4
2.938	5
2.938	5
2.938	2
2.938	5
2.939	3
2.939	4
2.939	4
2.939	4
2.939	3
2.939	3
2.939	3
2.939	3
2.939	3
2.939	5
2.94	5
2.94	3
2.94	5
2.94	1
2.94	3
2.94	3
2.94	3
2.941	2
2.941	3
2.942	4
2.942	3
2.942	5
2.942	3
2.942	3
2.942	4
2.942	4
2.942	3
2.942	3
2.942	3
2.942	3
2.942	3
2.942	5
2.943	4
2.943	7
2.943	3
2.943	1
2.943	3
2.943	3
2.944	3
2.944	3
2.944	3
2.945	4
2.945	3
2.945	4
2.945	4
2.945	3
2.946	4
2.946	3
2.946	4
2.946	3
2.946	3
2.946	3
2.946	3
2.946	3
2.947	5
2.947	3
2.947	1
2.947	3
2.947	3
2.948	4
2.948	7
2.948	4
2.948	4
2.948	4
2.948	3
2.948	3
2.948	3
2.949	4
2.949	3
2.949	4
2.95	6
2.95	5
2.95	3
2.95	4
2.95	4
2.95	3
2.951	5
2.951	4
2.951	3
2.951	3
2.951	3
2.952	5
2.952	5
2.952	6
2.952	6
2.952	4
2.952	3
2.953	6
2.953	6
2.953	5
2.953	3
2.953	4
2.953	4
2.953	3
2.953	4
2.954	4
2.954	3
2.954	3
2.954	5
2.954	4
2.954	3
2.954	4
2.954	4
2.954	3
2.954	3
2.955	7
2.955	3
2.955	3
2.955	6
2.955	6
2.955	4
2.955	3
2.955	3
2.955	6
2.956	5
2.956	4
2.957	5
2.957	3
2.957	3
2.957	4
2.957	3
2.957	4
2.957	4
2.957	3
2.957	3
2.957	4
2.957	4
2.957	3
2.957	4
2.958	5
2.958	7
2.958	4
2.958	5
2.958	3
2.958	3
2.958	3
2.959	5
2.959	5
2.959	4
2.959	3
2.959	5
2.959	4
2.959	6
2.959	6
2.959	4
2.959	4
2.96	4
2.96	5
2.96	3
2.961	6
2.961	5
2.961	4
2.961	5
2.961	3
2.961	4
2.961	4
2.961	5
2.961	4
2.961	3
2.961	4
2.961	4
2.961	3
2.961	5
2.962	3
2.962	3
2.962	5
2.962	3
2.962	3
2.963	4
2.963	3
2.963	4
2.963	3
2.964	6
2.964	5
2.964	4
2.964	5
2.964	3
2.964	3
2.964	4
2.964	5
2.965	3
2.965	3
2.965	4
2.965	3
2.965	3
2.965	4
2.965	5
2.966	4
2.966	5
2.966	3
2.967	3
2.967	5
2.967	5
2.967	3
2.967	3
2.967	5
2.968	3
2.968	4
2.968	3
2.968	3
2.968	4
2.968	3
2.968	3
2.968	3
2.968	3
2.968	3
2.969	5
2.969	5
2.969	3
2.969	3
2.969	3
2.969	1
2.969	3
2.969	3
2.969	4
2.97	3
2.97	3
2.97	3
2.97	5
2.971	5
2.971	3
2.971	4
2.971	3
2.971	4
2.972	5
2.972	7
2.972	7
2.972	5
2.972	3
2.972	3
2.972	4
2.972	3
2.973	4
2.973	3
2.973	3
2.973	5
2.974	5
2.974	3
2.974	4
2.974	3
2.974	4
2.974	5
2.974	3
2.975	5
2.975	7
2.975	2
2.975	3
2.975	4
2.975	3
2.976	3
2.976	3
2.976	3
2.976	4
2.976	3
2.976	3
2.976	5
2.977	7
2.977	4
2.977	3
2.977	3
2.977	3
2.977	3
2.977	3
2.977	5
2.978	6
2.978	4
2.978	4
2.978	2
2.978	3
2.978	4
2.978	3
2.979	3
2.979	4
2.979	2
2.979	3
2.979	3
2.979	3
2.979	4
2.979	4
2.979	3
2.979	4
2.98	4
2.98	4
2.98	7
2.98	4
2.98	3
2.98	3
2.98	3
2.98	3
2.98	3
2.98	3
2.981	4
2.981	5
2.981	5
2.981	4
2.981	4
2.981	4
2.981	4
2.981	3
2.981	6
2.981	6
2.981	4
2.981	1
2.981	3
2.981	3
2.981	4
2.982	3
2.982	3
2.982	4
2.982	2
2.982	2
2.982	3
2.983	4
2.983	3
2.983	3
2.983	3
2.983	4
2.983	3
2.983	4
2.983	4
2.983	3
2.983	5
2.984	4
2.984	3
2.984	5
2.984	5
2.984	3
2.984	4
2.984	3
2.984	3
2.985	6
2.985	3
2.985	3
2.985	3
2.985	4
2.985	4
2.985	4
2.985	3
2.986	4
2.986	5
2.986	3
2.986	4
2.986	2
2.986	3
2.986	5
2.986	5
2.987	3
2.987	3
2.987	3
2.987	4
2.987	5
2.987	4
2.988	6
2.988	4
2.988	3
2.988	5
2.988	3
2.988	4
2.988	5
2.988	3
2.988	4
2.989	4
2.989	4
2.989	3
2.989	3
2.989	3
2.989	3
2.989	3
2.989	3
2.99	3
2.99	3
2.99	3
2.99	3
2.99	4
2.99	3
2.99	3
2.99	3
2.99	3
2.99	3
2.99	4
2.991	5
2.991	5
2.991	4
2.991	3
2.991	5
2.991	6
2.991	5
2.991	3
2.991	3
2.991	3
2.991	4
2.991	4
2.991	3
2.991	1
2.991	3
2.991	3
2.992	4
2.992	3
2.992	3
2.992	3
2.992	5
2.992	5
2.993	3
2.993	5
2.993	3
2.993	3
2.993	6
2.993	6
2.993	4
2.994	5
2.994	5
2.994	5
2.994	6
2.994	3
2.994	3
2.994	4
2.994	3
2.994	3
2.994	4
2.995	4
2.995	4
2.995	5
2.995	4
2.995	3
2.995	4
2.995	4
2.995	3
2.995	5
2.996	5
2.996	5
2.996	7
2.996	3
2.996	3
2.996	5
2.996	3
2.996	3
2.996	3
2.996	4
2.996	5
2.997	4
2.997	4
2.997	3
2.997	4
2.997	4
2.997	3
2.998	4
2.998	4
2.998	4
2.998	4
2.998	5
2.998	6
2.998	3
2.998	3
2.998	5
2.998	4
2.999	5
2.999	7
2.999	3
2.999	3
2.999	4
2.999	5
2.999	3
2.999	3
2.999	3
2.999	3
2.999	3
2.999	3
2.999	3
2.999	5
3.0	3
3.0	4
3.0	3
3.0	3
3.0	4
3.0	5
3.0	1
3.0	3
3.0	3
3.0	3
3.0	4
3.001	7
3.001	4
3.001	3
3.001	3
3.001	4
3.001	4
3.001	3
3.001	5
3.001	4
3.001	5
3.002	6
3.002	4
3.002	4
3.002	4
3.002	4
3.002	3
3.002	4
3.002	3
3.002	5
3.002	5
3.003	4
3.003	5
3.003	3
3.003	7
3.003	4
3.003	3
3.003	3
3.003	6
3.003	6
3.003	4
3.003	3
3.003	4
3.003	4
3.004	5
3.004	7
3.004	2
3.004	4
3.004	3
3.004	2
3.004	3
3.004	3
3.004	4
3.005	3
3.005	4
3.005	4
3.005	4
3.005	4
3.005	3
3.005	3
3.005	3
3.005	4
3.005	3
3.005	4
3.005	4
3.005	3
3.005	3
3.005	3
3.005	3
3.005	3
3.005	3
3.005	3
3.005	5
3.005	5
3.005	4
3.006	3
3.006	5
3.006	4
3.006	3
3.006	3
3.006	3
3.006	4
3.006	1
3.006	3
3.006	3
3.006	4
3.007	6
3.007	5
3.007	2
3.007	3
3.007	4
3.007	4
3.007	4
3.007	3
3.007	3
3.007	5
3.008	5
3.008	5
3.008	3
3.008	4
3.008	4
3.008	4
3.008	2
3.008	5
3.008	3
3.008	3
3.008	5
3.008	5
3.009	4
3.009	3
3.009	4
3.009	4
3.009	5
3.009	3
3.009	3
3.009	3
3.009	3
3.009	3
3.009	3
3.01	6
3.01	3
3.01	5
3.01	4
3.01	3
3.01	3
3.01	5
3.01	3
3.01	4
3.01	4
3.01	3
3.01	1
3.01	3
3.01	3
3.01	3
3.01	5
3.01	3
3.011	4
3.011	4
3.011	2
3.011	3
3.011	3
3.011	3
3.011	3
3.011	3
3.011	3
3.011	3
3.011	5
3.012	4
3.012	3
3.012	3
3.012	4
3.012	4
3.012	3
3.012	4
3.012	3
3.012	4
3.012	6
3.012	6
3.012	4
3.012	4
3.012	3
3.012	3
3.012	3
3.012	3
3.012	3
3.012	3
3.013	3
3.013	3
3.013	3
3.013	3
3.013	3
3.013	1
3.013	3
3.013	3
3.013	3
3.014	4
3.014	4
3.014	4
3.014	3
3.014	4
3.014	4
3.014	3
3.014	4
3.014	4
3.014	3
3.014	3
3.014	3
3.014	3
3.014	3
3.014	3
3.014	3
3.014	3
3.015	5
3.015	3
3.015	4
3.015	3
3.015	3
3.015	3
3.015	3
3.015	3
3.015	1
3.015	3
3.015	3
3.015	3
3.015	3
3.015	3
3.015	3
3.015	3
3.016	3
3.016	3
3.016	3
3.016	2
3.016	3
3.016	4
3.016	3
3.016	4
3.016	3
3.016	4
3.016	4
3.016	3
3.016	4
3.016	1
3.016	3
3.016	2
3.017	5
3.017	4
3.017	3
3.017	5
3.017	3
3.017	3
3.017	3
3.018	5
3.018	4
3.018	4
3.018	3
3.018	5
3.018	4
3.018	5
3.018	6
3.018	6
3.018	4
3.018	3
3.018	3
3.018	3
3.019	5
3.019	3
3.019	4
3.019	4
3.019	5
3.019	4
3.02	3
3.02	3
3.02	5
3.02	5
3.02	6
3.02	4
3.02	2
3.02	3
3.02	3
3.02	3
3.02	4
3.02	3
3.02	4
3.02	4
3.02	3
3.02	3
3.02	4
3.02	4
3.02	3
3.02	3
3.021	4
3.021	3
3.021	3
3.021	3
3.021	4
3.021	3
3.021	3
3.021	3
3.021	3
3.021	3
3.021	4
3.021	3
3.022	3
3.022	5
3.022	3
3.022	4
3.022	4
3.022	3
3.022	4
3.022	6
3.022	6
3.022	4
3.022	4
3.023	5
3.023	3
3.023	3
3.023	3
3.023	3
3.023	3
3.023	3
3.023	4
3.023	3
3.023	3
3.023	3
3.024	5
3.024	4
3.024	4
3.024	3
3.024	4
3.024	3
3.024	4
3.024	5
3.024	4
3.024	3
3.024	4
3.024	4
3.024	3
3.024	3
3.024	3
3.024	3
3.025	3
3.025	7
3.025	3
3.025	4
3.025	3
3.025	4
3.025	3
3.025	5
3.025	3
3.025	3
3.025	6
3.025	6
3.025	4
3.025	3
3.025	3
3.025	4
3.025	3
3.026	4
3.026	5
3.026	5
3.026	4
3.026	3
3.026	3
3.026	2
3.026	3
3.026	3
3.026	4
3.026	2
3.026	3
3.026	3
3.026	4
3.026	3
3.027	4
3.027	4
3.027	5
3.027	3
3.027	3
3.027	4
3.027	3
3.027	3
3.027	5
3.027	3
3.027	4
3.027	4
3.027	3
3.027	4
3.027	4
3.027	3
3.027	6
3.027	6
3.027	4
3.027	2
3.028	3
3.028	3
3.028	3
3.028	3
3.028	3
3.028	5
3.028	3
3.028	3
3.028	6
3.028	6
3.028	4
3.029	4
3.029	3
3.029	5
3.029	4
3.029	4
3.029	3
3.029	3
3.029	5
3.029	4
3.029	4
3.029	3
3.029	4
3.029	4
3.029	3
3.03	4
3.03	4
3.03	5
3.03	5
3.03	3
3.03	4
3.03	2
3.03	3
3.03	3
3.03	3
3.03	3
3.03	3
3.03	3
3.03	4
3.03	3
3.03	4
3.03	4
3.03	3
3.031	6
3.031	3
3.031	3
3.031	4
3.031	4
3.031	4
3.031	3
3.031	3
3.031	4
3.031	3
3.031	5
3.031	4
3.031	3
3.031	3
3.032	4
3.032	5
3.032	5
3.032	6
3.032	4
3.032	3
3.032	5
3.032	4
3.033	2
3.033	3
3.033	3
3.033	4
3.033	5
3.033	3
3.033	3
3.033	5
3.034	6
3.034	3
3.034	4
3.034	5
3.034	3
3.034	4
3.034	4
3.034	3
3.034	3
3.034	4
3.034	3
3.034	3
3.034	3
3.034	4
3.034	5
3.034	3
3.034	5
3.035	4
3.035	5
3.035	3
3.035	3
3.035	3
3.035	2
3.035	3
3.035	3
3.035	3
3.035	4
3.035	3
3.035	3
3.035	3
3.035	5
3.036	4
3.036	4
3.036	3
3.036	3
3.036	3
3.036	3
3.036	3
3.036	3
3.036	4
3.036	3
3.037	5
3.037	5
3.037	5
3.037	3
3.037	7
3.037	4
3.037	5
3.037	3
3.037	3
3.037	3
3.037	4
3.038	7
3.038	5
3.038	3
3.038	4
3.038	3
3.038	3
3.038	3
3.038	4
3.038	4
3.038	4
3.038	3
3.038	3
3.039	3
3.039	4
3.039	5
3.039	3
3.039	2
3.039	4
3.039	3
3.039	3
3.039	3
3.039	5
3.04	5
3.04	5
3.04	5
3.04	3
3.04	4
3.04	4
3.04	3
3.04	4
3.04	3
3.04	3
3.04	3
3.04	5
3.04	4
3.04	3
3.04	3
3.04	5
3.041	7
3.041	3
3.041	3
3.041	4
3.041	2
3.041	3
3.041	4
3.041	4
3.041	3
3.041	4
3.042	5
3.042	5
3.042	6
3.042	3
3.042	3
3.042	3
3.042	3
3.042	3
3.042	3
3.042	5
3.042	4
3.043	7
3.043	4
3.043	4
3.043	3
3.043	4
3.043	3
3.043	3
3.043	5
3.043	4
3.044	5
3.044	3
3.044	5
3.044	3
3.044	3
3.044	4
3.044	4
3.044	4
3.044	3
3.044	4
3.044	3
3.044	3
3.044	4
3.045	7
3.045	2
3.045	3
3.045	3
3.045	2
3.045	2
3.045	3
3.045	3
3.045	3
3.045	3
3.045	3
3.045	5
3.046	7
3.046	5
3.046	3
3.046	4
3.046	4
3.046	4
3.046	4
3.046	3
3.046	3
3.046	4
3.046	4
3.046	3
3.046	3
3.046	5
3.047	5
3.047	5
3.047	3
3.047	7
3.047	3
3.047	3
3.047	4
3.047	4
3.047	3
3.047	4
3.047	3
3.048	5
3.048	4
3.048	3
3.048	5
3.048	3
3.048	3
3.048	4
3.048	4
3.048	2
3.048	3
3.048	4
3.048	5
3.048	3
3.049	3
3.049	3
3.049	4
3.049	3
3.049	3
3.049	3
3.049	2
3.049	3
3.049	3
3.049	4
3.049	3
3.049	4
3.049	5
3.05	5
3.05	5
3.05	6
3.05	3
3.05	2
3.05	3
3.05	4
3.05	3
3.05	3
3.051	3
3.051	3
3.051	5
3.051	6
3.051	3
3.051	4
3.051	4
3.051	4
3.051	3
3.051	3
3.051	2
3.051	3
3.051	3
3.052	5
3.052	4
3.052	4
3.052	3
3.052	3
3.052	3
3.052	2
3.052	3
3.052	3
3.052	3
3.052	3
3.052	3
3.052	3
3.052	3
3.053	3
3.053	4
3.053	3
3.053	3
3.053	3
3.053	3
3.053	4
3.053	4
3.053	2
3.053	3
3.053	2
3.053	3
3.053	3
3.053	3
3.053	3
3.053	3
3.054	4
3.054	3
3.054	5
3.054	5
3.054	5
3.054	5
3.054	3
3.054	4
3.054	3
3.054	2
3.054	4
3.054	4
3.054	2
3.054	3
3.054	2
3.055	4
3.055	4
3.055	2
3.055	4
3.055	4
3.055	3
3.055	3
3.055	3
3.055	3
3.055	3
3.055	2
3.056	4
3.056	5
3.056	3
3.056	4
3.056	4
3.056	7
3.056	3
3.056	4
3.057	4
3.057	3
3.057	3
3.057	3
3.057	4
3.057	3
3.057	5
3.057	6
3.057	3
3.057	3
3.057	3
3.057	3
3.057	3
3.057	4
3.058	4
3.058	5
3.058	4
3.058	5
3.058	3
3.058	3
3.058	3
3.058	3
3.058	3
3.059	5
3.059	3
3.059	3
3.059	3
3.059	3
3.059	4
3.059	3
3.06	3
3.06	5
3.06	3
3.06	3
3.06	3
3.06	3
3.06	3
3.06	4
3.061	4
3.061	3
3.061	3
3.061	3
3.061	3
3.061	4
3.061	4
3.061	5
3.061	6
3.061	5
3.061	3
3.061	3
3.061	3
3.062	5
3.062	5
3.062	4
3.062	4
3.062	4
3.062	4
3.062	7
3.062	3
3.062	3
3.062	3
3.062	3
3.062	3
3.063	3
3.063	5
3.063	4
3.063	3
3.063	3
3.063	5
3.063	3
3.063	3
3.063	3
3.063	3
3.063	4
3.063	3
3.064	5
3.064	5
3.064	2
3.064	4
3.064	5
3.064	6
3.064	3
3.064	5
3.064	2
3.064	3
3.064	3
3.064	4
3.064	3
3.065	5
3.065	4
3.065	3
3.065	4
3.065	4
3.065	4
3.065	4
3.065	3
3.065	6
3.065	6
3.065	4
3.065	2
3.066	5
3.066	5
3.066	3
3.066	3
3.066	3
3.066	7
3.066	3
3.066	5
3.066	6
3.066	6
3.066	6
3.066	4
3.067	7
3.067	7
3.067	4
3.067	3
3.067	5
3.067	6
3.067	4
3.067	3
3.067	4
3.067	4
3.067	3
3.068	4
3.068	5
3.068	5
3.068	4
3.068	4
3.068	4
3.068	4
3.068	3
3.068	3
3.068	3
3.068	4
3.068	3
3.068	4
3.068	3
3.068	3
3.069	5
3.069	3
3.069	5
3.069	7
3.069	3
3.069	4
3.069	3
3.069	3
3.07	5
3.07	7
3.07	5
3.07	3
3.07	2
3.07	3
3.07	4
3.07	3
3.07	4
3.07	4
3.07	4
3.071	3
3.071	3
3.071	4
3.071	4
3.071	3
3.071	4
3.071	4
3.071	4
3.071	7
3.071	4
3.071	4
3.071	3
3.071	5
3.072	6
3.072	3
3.072	3
3.072	3
3.072	4
3.072	4
3.072	3
3.072	7
3.072	5
3.072	3
3.072	5
3.073	6
3.073	5
3.073	5
3.073	3
3.073	4
3.073	4
3.073	3
3.073	3
3.073	5
3.074	7
3.074	5
3.074	4
3.074	2
3.074	4
3.074	3
3.074	4
3.074	3
3.075	4
3.075	3
3.075	4
3.075	4
3.075	4
3.075	3
3.075	3
3.075	3
3.075	4
3.076	6
3.076	5
3.076	5
3.076	5
3.076	3
3.076	3
3.076	5
3.076	3
3.076	3
3.077	5
3.077	5
3.077	4
3.077	4
3.077	2
3.077	4
3.077	3
3.078	4
3.078	5
3.078	3
3.078	4
3.078	5
3.078	3
3.078	3
3.078	4
3.078	4
3.078	5
3.078	4
3.078	4
3.078	3
3.078	3
3.079	3
3.079	7
3.079	3
3.079	5
3.079	3
3.079	2
3.079	5
3.079	4
3.079	3
3.08	6
3.08	3
3.08	3
3.08	4
3.08	3
3.08	3
3.08	4
3.08	4
3.08	2
3.08	5
3.081	5
3.081	4
3.081	4
3.081	3
3.081	3
3.081	4
3.081	4
3.081	5
3.082	3
3.082	4
3.082	3
3.082	3
3.082	3
3.082	3
3.082	3
3.083	4
3.083	3
3.083	5
3.083	5
3.083	3
3.083	3
3.083	3
3.083	3
3.083	3
3.083	5
3.084	5
3.084	4
3.084	6
3.084	4
3.084	4
3.084	4
3.084	4
3.084	3
3.084	3
3.085	5
3.085	3
3.085	3
3.085	4
3.085	4
3.086	3
3.086	5
3.086	3
3.086	3
3.086	4
3.086	4
3.086	3
3.086	4
3.087	4
3.087	5
3.087	5
3.087	4
3.087	3
3.087	4
3.087	4
3.087	4
3.087	3
3.087	4
3.087	4
3.088	3
3.088	5
3.088	5
3.088	5
3.088	5
3.088	5
3.088	3
3.088	3
3.088	3
3.088	2
3.088	3
3.088	4
3.088	3
3.089	7
3.089	5
3.089	5
3.089	4
3.089	3
3.089	3
3.089	2
3.089	3
3.089	5
3.09	3
3.09	3
3.09	5
3.09	4
3.09	3
3.09	3
3.091	3
3.091	5
3.091	3
3.091	4
3.091	4
3.091	3
3.092	4
3.092	5
3.092	5
3.092	3
3.092	2
3.092	4
3.092	4
3.092	5
3.093	4
3.093	4
3.093	4
3.093	5
3.093	3
3.093	3
3.093	5
3.093	3
3.093	2
3.094	6
3.094	3
3.094	5
3.094	4
3.094	3
3.095	4
3.095	3
3.095	4
3.095	3
3.095	5
3.095	3
3.095	3
3.095	5
3.095	3
3.095	3
3.095	4
3.096	4
3.096	7
3.096	4
3.096	5
3.096	3
3.096	3
3.096	3
3.096	3
3.096	3
3.096	3
3.096	3
3.096	3
3.096	3
3.096	3
3.097	6
3.097	5
3.097	3
3.097	3
3.097	4
3.097	4
3.097	3
3.097	3
3.097	2
3.097	3
3.097	2
3.098	4
3.098	5
3.098	5
3.098	7
3.098	3
3.098	5
3.098	3
3.098	3
3.099	4
3.099	5
3.099	5
3.099	3
3.1	6
3.1	4
3.1	5
3.1	4
3.1	4
3.1	3
3.1	3
3.101	4
3.101	5
3.101	3
3.101	3
3.101	5
3.101	3
3.101	3
3.102	6
3.102	4
3.102	4
3.102	3
3.102	5
3.102	3
3.102	5
3.103	5
3.103	5
3.103	5
3.103	6
3.103	5
3.103	3
3.103	3
3.103	4
3.103	4
3.103	3
3.103	4
3.104	6
3.104	4
3.104	7
3.104	3
3.104	3
3.104	5
3.104	6
3.104	4
3.104	5
3.105	4
3.105	4
3.105	3
3.105	5
3.105	5
3.105	6
3.105	3
3.105	3
3.105	5
3.106	5
3.106	5
3.106	4
3.106	3
3.106	3
3.106	4
3.106	4
3.107	5
3.107	5
3.107	5
3.107	3
3.107	3
3.107	3
3.107	3
3.107	3
3.107	4
3.107	3
3.107	4
3.108	3
3.108	7
3.108	7
3.108	5
3.108	4
3.108	4
3.108	2
3.108	5
3.108	4
3.109	6
3.109	7
3.109	4
3.109	4
3.109	6
3.109	6
3.109	4
3.109	4
3.11	5
3.11	5
3.11	5
3.11	5
3.11	5
3.11	3
3.11	5
3.11	4
3.11	3
3.11	7
3.11	3
3.11	5
3.111	5
3.111	7
3.111	5
3.111	4
3.111	4
3.111	3
3.111	4
3.111	3
3.111	4
3.111	3
3.111	3
3.111	5
3.111	5
3.112	5
3.112	3
3.112	4
3.112	3
3.112	3
3.112	3
3.113	4
3.113	5
3.113	5
3.113	6
3.113	7
3.113	5
3.113	3
3.113	3
3.113	4
3.113	3
3.113	5
3.113	3
3.114	6
3.114	4
3.114	3
3.114	7
3.114	3
3.114	5
3.115	4
3.115	4
3.115	3
3.115	5
3.115	3
3.115	3
3.115	3
3.115	3
3.115	3
3.115	3
3.116	4
3.116	6
3.116	5
3.116	4
3.116	5
3.116	2
3.116	3
3.116	2
3.116	3
3.117	3
3.117	5
3.117	5
3.117	2
3.117	5
3.117	3
3.117	3
3.117	3
3.117	3
3.117	3
3.117	3
3.118	7
3.118	6
3.118	3
3.118	4
3.118	4
3.118	2
3.118	3
3.118	4
3.118	2
3.118	3
3.118	2
3.118	3
3.118	3
3.118	3
3.118	3
3.118	3
3.119	5
3.119	6
3.119	3
3.119	3
3.119	4
3.119	4
3.119	3
3.119	2
3.119	3
3.119	2
3.12	3
3.12	4
3.12	3
3.12	5
3.12	5
3.12	3
3.121	4
3.121	5
3.121	4
3.121	3
3.121	3
3.122	4
3.122	5
3.122	4
3.122	5
3.122	5
3.122	4
3.122	3
3.122	4
3.123	5
3.123	5
3.123	3
3.123	3
3.124	6
3.124	4
3.124	3
3.124	4
3.124	4
3.124	3
3.124	5
3.124	3
3.124	3
3.124	4
3.124	3
3.125	5
3.125	4
3.125	3
3.125	4
3.125	4
3.125	4
3.126	5
3.126	4
3.126	3
3.126	3
3.126	3
3.126	3
3.126	3
3.126	4
3.126	3
3.126	3
3.126	3
3.127	4
3.127	7
3.127	4
3.127	3
3.127	4
3.127	3
3.127	3
3.127	2
3.127	3
3.127	3
3.128	4
3.128	4
3.128	4
3.128	4
3.128	6
3.128	6
3.128	4
3.128	3
3.128	3
3.128	4
3.128	3
3.129	3
3.129	5
3.129	4
3.129	3
3.129	2
3.129	3
3.129	3
3.129	4
3.129	3
3.13	3
3.13	5
3.13	4
3.13	4
3.13	3
3.13	5
3.13	4
3.13	4
3.13	3
3.13	4
3.13	3
3.13	3
3.13	6
3.13	6
3.13	4
3.13	2
3.131	4
3.131	5
3.131	4
3.131	3
3.131	3
3.131	3
3.131	6
3.131	6
3.131	4
3.132	5
3.132	5
3.132	5
3.132	4
3.132	5
3.132	5
3.132	2
3.132	3
3.132	4
3.132	4
3.132	3
3.132	4
3.132	3
3.132	3
3.133	4
3.133	6
3.133	7
3.133	3
3.133	3
3.133	5
3.133	3
3.133	3
3.133	3
3.133	3
3.133	4
3.133	3
3.133	4
3.133	3
3.133	3
3.134	4
3.134	5
3.134	3
3.134	3
3.134	3
3.134	5
3.134	4
3.134	3
3.134	3
3.135	4
3.135	4
3.135	5
3.135	4
3.135	4
3.135	5
3.135	4
3.136	5
3.136	5
3.136	3
3.136	2
3.136	3
3.136	3
3.136	5
3.137	7
3.137	4
3.137	5
3.137	3
3.137	4
3.137	5
3.137	3
3.137	5
3.138	5
3.138	4
3.138	4
3.138	3
3.138	3
3.138	5
3.139	4
3.139	3
3.139	3
3.139	6
3.139	3
3.139	3
3.139	3
3.139	4
3.139	3
3.14	5
3.14	7
3.14	4
3.14	4
3.14	3
3.14	3
3.14	3
3.14	3
3.14	4
3.141	5
3.141	4
3.141	3
3.141	4
3.141	4
3.141	3
3.141	4
3.141	3
3.141	3
3.142	7
3.142	3
3.142	3
3.142	3
3.143	4
3.143	6
3.143	5
3.143	7
3.143	5
3.143	4
3.143	3
3.143	3
3.144	5
3.144	5
3.144	4
3.144	3
3.144	3
3.144	3
3.144	4
3.144	3
3.145	3
3.145	4
3.145	5
3.145	3
3.145	5
3.145	3
3.145	3
3.145	5
3.146	6
3.146	5
3.146	3
3.146	3
3.146	3
3.146	5
3.147	5
3.147	4
3.147	3
3.147	3
3.148	5
3.148	3
3.148	4
3.148	6
3.148	5
3.148	5
3.148	5
3.148	3
3.148	3
3.148	3
3.148	3
3.149	4
3.149	3
3.149	6
3.149	5
3.149	4
3.149	4
3.149	3
3.149	3
3.15	4
3.15	5
3.15	3
3.15	3
3.15	3
3.15	3
3.15	4
3.15	5
3.151	5
3.151	4
3.151	7
3.151	5
3.151	3
3.151	2
3.151	3
3.151	4
3.152	4
3.152	3
3.152	7
3.152	4
3.152	4
3.152	3
3.152	3
3.152	3
3.152	3
3.152	4
3.152	4
3.153	4
3.153	7
3.153	2
3.153	3
3.153	3
3.153	3
3.154	5
3.154	5
3.154	3
3.154	5
3.154	3
3.154	4
3.154	3
3.154	4
3.154	4
3.154	3
3.154	3
3.154	2
3.154	3
3.154	4
3.155	3
3.155	4
3.155	3
3.155	2
3.155	3
3.155	3
3.156	5
3.156	6
3.156	4
3.156	4
3.156	5
3.157	5
3.157	5
3.157	6
3.157	3
3.157	4
3.157	3
3.157	2
3.157	4
3.157	4
3.158	4
3.158	4
3.158	3
3.158	3
3.158	3
3.158	3
3.158	2
3.158	3
3.159	4
3.159	4
3.159	3
3.159	4
3.159	5
3.16	5
3.16	5
3.16	5
3.16	3
3.16	3
3.16	3
3.16	4
3.161	3
3.161	5
3.161	5
3.161	2
3.161	3
3.161	3
3.161	3
3.161	3
3.161	3
3.162	4
3.162	3
3.162	4
3.162	4
3.162	3
3.162	3
3.163	5
3.163	5
3.163	5
3.163	4
3.163	3
3.163	3
3.163	3
3.163	3
3.163	3
3.163	3
3.163	3
3.163	3
3.163	3
3.163	3
3.163	3
3.164	4
3.164	3
3.164	5
3.164	3
3.164	2
3.164	3
3.164	2
3.165	4
3.165	3
3.165	3
3.165	3
3.165	5
3.166	4
3.166	5
3.166	3
3.166	3
3.167	5
3.167	4
3.167	4
3.167	3
3.167	3
3.167	5
3.167	5
3.167	3
3.167	5
3.167	4
3.168	4
3.168	4
3.168	4
3.168	4
3.168	4
3.168	3
3.168	4
3.168	4
3.168	3
3.169	5
3.169	5
3.169	4
3.169	4
3.169	3
3.169	3
3.169	5
3.169	5
3.169	3
3.169	4
3.17	5
3.17	5
3.17	5
3.17	4
3.171	4
3.171	4
3.171	4
3.171	4
3.171	3
3.171	5
3.172	5
3.172	5
3.172	7
3.172	3
3.172	3
3.172	3
3.173	5
3.173	5
3.173	4
3.173	5
3.173	5
3.173	4
3.173	3
3.173	4
3.173	4
3.173	3
3.174	4
3.174	5
3.174	4
3.174	7
3.174	4
3.174	4
3.174	3
3.174	3
3.174	4
3.174	3
3.174	5
3.175	4
3.175	4
3.175	3
3.175	7
3.175	2
3.176	5
3.176	5
3.176	4
3.176	5
3.176	3
3.176	4
3.176	4
3.176	3
3.176	6
3.176	6
3.176	4
3.176	3
3.177	3
3.177	3
3.177	4
3.178	5
3.178	5
3.178	4
3.178	3
3.178	4
3.178	3
3.178	4
3.178	3
3.178	3
3.178	3
3.178	3
3.178	2
3.178	3
3.178	3
3.179	5
3.179	5
3.179	5
3.179	3
3.179	3
3.179	3
3.179	2
3.179	3
3.179	2
3.18	7
3.18	5
3.18	2
3.18	4
3.18	4
3.181	7
3.181	3
3.181	4
3.181	4
3.181	5
3.181	4
3.182	3
3.182	2
3.182	5
3.182	3
3.182	5
3.182	5
3.183	5
3.183	2
3.183	4
3.183	4
3.183	2
3.183	5
3.184	5
3.184	4
3.184	4
3.184	3
3.184	2
3.184	4
3.184	4
3.184	3
3.184	3
3.184	4
3.185	3
3.185	3
3.185	3
3.185	4
3.185	4
3.186	6
3.186	3
3.186	3
3.186	4
3.187	6
3.187	4
3.187	4
3.187	3
3.187	3
3.188	4
3.188	3
3.188	3
3.188	3
3.188	3
3.188	5
3.189	4
3.189	4
3.189	4
3.189	3
3.189	4
3.189	3
3.189	3
3.189	3
3.189	4
3.189	3
3.19	4
3.19	3
3.19	4
3.19	4
3.19	2
3.19	3
3.191	3
3.191	5
3.191	6
3.191	6
3.191	4
3.191	5
3.192	3
3.192	5
3.192	4
3.193	3
3.193	5
3.193	4
3.193	3
3.193	3
3.193	4
3.193	3
3.193	4
3.193	3
3.193	3
3.193	3
3.194	5
3.194	5
3.194	3
3.194	3
3.194	3
3.194	3
3.194	3
3.195	5
3.195	7
3.195	5
3.195	5
3.195	4
3.195	4
3.195	3
3.195	3
3.195	2
3.195	3
3.195	3
3.196	3
3.196	3
3.196	5
3.196	2
3.196	3
3.196	2
3.197	5
3.197	4
3.197	3
3.197	5
3.198	3
3.198	3
3.198	5
3.198	3
3.198	3
3.198	5
3.199	5
3.199	3
3.199	3
3.199	2
3.199	3
3.199	3
3.2	6
3.2	3
3.2	3
3.2	3
3.2	4
3.201	3
3.201	5
3.201	3
3.201	3
3.202	3
3.202	5
3.202	4
3.202	4
3.202	4
3.203	4
3.203	4
3.203	3
3.203	1
3.203	3
3.204	5
3.204	5
3.204	3
3.204	4
3.204	3
3.204	3
3.204	3
3.205	4
3.205	4
3.205	4
3.205	4
3.206	4
3.206	4
3.206	3
3.206	4
3.206	4
3.206	3
3.206	3
3.206	5
3.206	3
3.206	3
3.206	4
3.206	3
3.207	4
3.207	3
3.207	3
3.207	3
3.207	2
3.208	3
3.208	3
3.208	3
3.208	6
3.208	6
3.208	4
3.209	3
3.209	3
3.209	3
3.209	3
3.21	5
3.21	3
3.21	4
3.21	4
3.21	3
3.21	4
3.21	3
3.21	3
3.211	4
3.211	5
3.211	4
3.211	3
3.211	5
3.211	3
3.211	3
3.211	3
3.211	3
3.212	4
3.212	4
3.212	5
3.212	4
3.212	4
3.213	5
3.213	3
3.213	5
3.213	3
3.213	3
3.213	3
3.214	7
3.214	5
3.214	2
3.214	3
3.214	3
3.214	5
3.215	5
3.215	3
3.215	5
3.215	5
3.215	3
3.215	3
3.215	5
3.216	5
3.216	5
3.216	5
3.216	7
3.216	5
3.216	3
3.216	3
3.217	5
3.217	5
3.217	7
3.217	3
3.217	4
3.217	4
3.217	3
3.217	4
3.218	3
3.218	1
3.218	3
3.219	4
3.219	6
3.219	4
3.219	4
3.22	7
3.22	4
3.22	3
3.221	6
3.221	4
3.221	3
3.221	3
3.221	3
3.221	4
3.221	3
3.222	6
3.222	4
3.222	3
3.223	5
3.223	5
3.223	3
3.223	5
3.224	7
3.224	3
3.224	3
3.225	5
3.225	5
3.225	3
3.225	3
3.226	5
3.226	5
3.226	4
3.226	3
3.226	3
3.226	3
3.226	3
3.227	5
3.227	5
3.227	5
3.227	4
3.228	2
3.228	3
3.229	2
3.229	4
3.229	4
3.229	4
3.23	6
3.23	4
3.23	3
3.23	3
3.23	5
3.23	5
3.23	3
3.23	3
3.231	4
3.231	2
3.231	3
3.232	4
3.232	4
3.232	3
3.232	3
3.232	3
3.232	3
3.233	4
3.233	4
3.233	3
3.233	5
3.234	4
3.234	3
3.234	4
3.234	4
3.234	4
3.234	4
3.235	5
3.235	4
3.235	4
3.235	7
3.235	3
3.235	1
3.235	4
3.236	3
3.236	3
3.236	4
3.236	3
3.237	5
3.237	4
3.237	4
3.237	4
3.238	5
3.238	4
3.238	5
3.238	4
3.238	3
3.238	3
3.239	3
3.239	3
3.239	5
3.24	4
3.24	3
3.241	4
3.241	5
3.241	4
3.241	3
3.241	3
3.242	5
3.242	5
3.243	7
3.243	5
3.243	2
3.243	3
3.243	3
3.244	3
3.244	3
3.244	2
3.244	4
3.244	4
3.244	5
3.244	3
3.245	3
3.245	7
3.245	3
3.245	3
3.246	5
3.246	7
3.246	3
3.246	3
3.246	2
3.246	3
3.246	3
3.247	5
3.247	5
3.247	5
3.247	2
3.247	3
3.247	2
3.248	5
3.249	4
3.249	6
3.249	5
3.249	3
3.249	3
3.25	4
3.25	4
3.25	4
3.251	4
3.251	6
3.251	4
3.251	4
3.251	3
3.251	4
3.251	4
3.252	6
3.252	3
3.252	7
3.252	3
3.253	4
3.253	4
3.253	4
3.253	3
3.253	4
3.254	5
3.254	4
3.254	4
3.255	4
3.255	3
3.255	3
3.255	3
3.255	3
3.256	5
3.256	3
3.257	5
3.257	3
3.257	3
3.257	3
3.257	4
3.257	3
3.258	3
3.258	5
3.258	4
3.258	2
3.259	5
3.259	5
3.259	3
3.259	3
3.259	5
3.259	6
3.259	6
3.259	4
3.26	5
3.26	5
3.26	5
3.26	2
3.261	5
3.261	3
3.261	2
3.261	4
3.261	3
3.261	4
3.261	3
3.261	4
3.261	3
3.261	3
3.262	7
3.262	5
3.262	3
3.262	3
3.262	3
3.263	4
3.264	3
3.265	3
3.265	5
3.265	5
3.266	3
3.266	4
3.266	4
3.266	3
3.266	5
3.267	3
3.267	6
3.267	3
3.267	4
3.267	4
3.267	3
3.267	4
3.268	4
3.268	3
3.268	3
3.268	4
3.269	4
3.269	3
3.269	4
3.27	4
3.27	3
3.27	4
3.271	4
3.271	4
3.271	5
3.271	5
3.271	3
3.271	5
3.272	4
3.272	4
3.272	3
3.273	5
3.273	5
3.273	3
3.274	4
3.274	5
3.274	5
3.274	5
3.275	5
3.275	5
3.276	4
3.276	5
3.276	5
3.276	3
3.276	3
3.276	3
3.276	3
3.276	3
3.276	3
3.277	3
3.277	7
3.277	3
3.277	3
3.278	4
3.278	3
3.278	4
3.278	3
3.278	3
3.278	2
3.278	3
3.278	3
3.279	5
3.279	5
3.279	4
3.279	5
3.279	2
3.279	3
3.279	2
3.28	4
3.281	5
3.281	5
3.281	3
3.281	3
3.282	5
3.282	5
3.282	6
3.282	2
3.282	3
3.283	5
3.283	4
3.283	4
3.283	3
3.283	3
3.284	3
3.284	3
3.285	4
3.285	4
3.285	4
3.286	4
3.286	5
3.286	5
3.286	3
3.286	1
3.287	3
3.287	3
3.287	3
3.288	4
3.289	3
3.289	3
3.289	3
3.289	3
3.289	4
3.289	3
3.29	3
3.29	2
3.291	7
3.291	5
3.291	3
3.291	6
3.291	6
3.291	4
3.292	3
3.293	4
3.293	3
3.293	5
3.293	3
3.293	4
3.293	3
3.293	4
3.293	3
3.293	3
3.294	5
3.294	4
3.294	7
3.294	3
3.294	3
3.294	3
3.294	3
3.295	5
3.295	4
3.296	3
3.297	6
3.297	3
3.297	5
3.298	5
3.298	5
3.298	5
3.298	5
3.299	4
3.299	6
3.299	3
3.3	3
3.3	3
3.3	4
3.301	4
3.301	3
3.302	4
3.302	4
3.303	3
3.303	5
3.303	5
3.303	6
3.303	3
3.304	4
3.304	3
3.304	4
3.304	3
3.305	5
3.305	4
3.306	7
3.306	5
3.307	3
3.308	3
3.308	3
3.309	5
3.309	4
3.309	3
3.309	3
3.31	4
3.31	3
3.31	5
3.31	4
3.311	4
3.311	2
3.312	3
3.312	6
3.312	2
3.312	4
3.312	3
3.312	4
3.313	3
3.313	3
3.313	3
3.314	4
3.314	2
3.314	3
3.315	5
3.315	3
3.315	3
3.316	4
3.317	4
3.317	3
3.317	4
3.317	4
3.318	3
3.318	4
3.318	4
3.318	4
3.318	3
3.318	1
3.319	3
3.32	5
3.32	4
3.321	5
3.321	4
3.321	3
3.321	3
3.322	3
3.322	3
3.323	7
3.323	3
3.324	5
3.324	3
3.325	5
3.326	5
3.326	5
3.326	3
3.326	3
3.327	5
3.327	5
3.327	3
3.327	3
3.327	3
3.327	5
3.327	4
3.328	3
3.329	6
3.329	4
3.33	5
3.33	5
3.33	5
3.331	4
3.331	4
3.331	5
3.332	4
3.332	3
3.333	3
3.334	4
3.334	4
3.334	4
3.334	4
3.334	5
3.335	3
3.335	3
3.335	6
3.336	5
3.336	4
3.336	3
3.336	3
3.337	3
3.337	5
3.337	4
3.338	3
3.338	3
3.338	3
3.338	2
3.338	3
3.338	3
3.339	3
3.339	2
3.339	3
3.339	2
3.341	4
3.342	5
3.342	5
3.342	5
3.342	5
3.343	2
3.344	3
3.344	5
3.344	3
3.344	2
3.344	3
3.344	3
3.344	3
3.345	7
3.345	3
3.345	4
3.347	3
3.347	3
3.348	4
3.348	5
3.349	4
3.349	3
3.349	3
3.349	3
3.349	4
3.349	3
3.35	6
3.35	4
3.35	4
3.35	2
3.35	4
3.351	3
3.351	6
3.351	6
3.351	4
3.352	4
3.353	5
3.353	4
3.353	4
3.353	3
3.353	4
3.353	3
3.353	3
3.354	3
3.354	5
3.354	5
3.354	3
3.354	3
3.354	5
3.355	4
3.356	5
3.356	3
3.357	2
3.357	5
3.357	5
3.358	5
3.358	5
3.359	5
3.359	5
3.359	3
3.359	3
3.359	3
3.359	3
3.36	3
3.36	4
3.361	4
3.361	3
3.361	3
3.361	3
3.361	3
3.361	2
3.361	3
3.361	3
3.362	4
3.362	5
3.362	2
3.362	3
3.362	2
3.363	3
3.364	4
3.364	3
3.366	5
3.366	4
3.366	4
3.366	5
3.367	3
3.367	3
3.368	3
3.368	3
3.368	4
3.369	4
3.369	3
3.369	3
3.37	3
3.37	4
3.37	3
3.37	3
3.372	4
3.372	3
3.372	3
3.372	4
3.372	3
3.373	3
3.373	3
3.373	2
3.374	7
3.374	5
3.374	2
3.374	3
3.374	6
3.374	6
3.374	4
3.375	3
3.375	3
3.376	5
3.376	3
3.376	4
3.376	3
3.376	4
3.376	3
3.376	3
3.377	5
3.377	7
3.377	4
3.377	4
3.377	3
3.377	3
3.378	3
3.378	1
3.378	4
3.38	6
3.38	4
3.38	2
3.38	5
3.381	3
3.381	3
3.381	5
3.382	4
3.382	6
3.382	3
3.382	3
3.383	3
3.383	3
3.383	4
3.384	3
3.384	3
3.386	3
3.386	5
3.386	5
3.386	3
3.386	3
3.386	3
3.387	5
3.387	4
3.387	3
3.388	5
3.388	3
3.389	5
3.39	5
3.39	5
3.391	3
3.391	3
3.392	3
3.392	3
3.392	3
3.393	4
3.393	3
3.393	4
3.394	4
3.394	4
3.394	4
3.395	3
3.395	6
3.395	4
3.396	4
3.396	3
3.396	3
3.396	3
3.397	4
3.397	2
3.397	3
3.398	5
3.398	3
3.398	3
3.399	4
3.399	3
3.4	4
3.4	4
3.4	4
3.401	4
3.401	4
3.401	3
3.401	1
3.402	5
3.403	2
3.403	4
3.404	5
3.404	2
3.404	3
3.404	3
3.404	3
3.404	3
3.405	3
3.405	3
3.405	3
3.406	7
3.406	3
3.407	3
3.409	5
3.409	3
3.409	3
3.409	3
3.41	5
3.41	5
3.41	4
3.41	4
3.41	5
3.411	3
3.411	3
3.412	6
3.413	4
3.413	5
3.413	5
3.414	4
3.415	3
3.416	5
3.417	4
3.417	4
3.418	3
3.418	5
3.418	6
3.419	3
3.419	3
3.419	4
3.419	3
3.42	5
3.42	4
3.422	5
3.422	3
3.424	4
3.425	5
3.426	4
3.426	4
3.426	2
3.427	3
3.427	3
3.427	2
3.427	3
3.427	3
3.428	3
3.43	3
3.431	4
3.432	4
3.432	3
3.433	4
3.433	4
3.434	5
3.434	3
3.436	5
3.436	5
3.436	3
3.436	4
3.437	3
3.437	7
3.439	5
3.439	5
3.441	5
3.441	4
3.442	5
3.442	5
3.442	6
3.442	3
3.442	3
3.443	4
3.445	5
3.445	5
3.446	5
3.446	5
3.447	3
3.448	5
3.449	4
3.449	4
3.45	3
3.45	3
3.452	3
3.452	3
3.452	2
3.452	3
3.452	3
3.453	4
3.453	3
3.453	3
3.453	2
3.453	3
3.453	2
3.454	4
3.456	5
3.457	5
3.458	5
3.458	3
3.458	4
3.459	5
3.459	3
3.459	4
3.46	7
3.46	4
3.461	4
3.461	3
3.461	3
3.462	5
3.463	3
3.463	3
3.463	4
3.463	3
3.463	5
3.464	2
3.464	3
3.465	6
3.465	6
3.465	6
3.465	4
3.465	5
3.465	4
3.466	7
3.467	4
3.467	3
3.467	4
3.467	3
3.467	3
3.467	3
3.467	4
3.468	3
3.468	3
3.469	5
3.469	5
3.469	5
3.469	4
3.469	3
3.469	3
3.469	2
3.469	3
3.469	3
3.469	5
3.47	2
3.47	3
3.47	2
3.471	2
3.471	5
3.471	3
3.471	5
3.472	6
3.472	5
3.472	5
3.473	3
3.473	3
3.474	4
3.474	3
3.474	4
3.474	3
3.475	3
3.475	3
3.475	4
3.476	4
3.476	3
3.476	4
3.476	3
3.476	3
3.476	2
3.476	3
3.476	3
3.477	4
3.477	3
3.477	2
3.477	3
3.477	2
3.477	5
3.478	3
3.478	4
3.478	3
3.478	3
3.478	3
3.479	3
3.48	5
3.48	5
3.48	3
3.48	3
3.48	4
3.48	3
3.48	5
3.481	5
3.481	2
3.482	3
3.482	3
3.482	6
3.482	6
3.482	4
3.482	3
3.482	3
3.483	3
3.483	3
3.483	4
3.484	4
3.484	4
3.484	4
3.484	3
3.484	4
3.484	3
3.484	3
3.484	3
3.484	3
3.484	2
3.484	3
3.484	3
3.485	3
3.485	3
3.485	2
3.485	3
3.485	2
3.485	3
3.485	2
3.486	4
3.486	4
3.486	5
3.487	3
3.487	3
3.487	3
3.487	3
3.487	3
3.487	4
3.487	3
3.487	5
3.488	2
3.488	3
3.488	2
3.488	5
3.488	2
3.488	3
3.489	7
3.489	3
3.489	3
3.489	5
3.489	6
3.489	6
3.489	4
3.489	3
3.49	3
3.49	3
3.49	4
3.491	4
3.491	4
3.491	4
3.491	3
3.491	4
3.491	4
3.491	3
3.491	4
3.491	3
3.491	3
3.491	4
3.491	4
3.492	4
3.492	5
3.492	3
3.492	1
3.492	3
3.492	3
3.492	3
3.492	5
3.493	4
3.493	2
3.493	3
3.493	5
3.494	4
3.494	3
3.494	3
3.494	5
3.495	6
3.495	3
3.495	3
3.495	4
3.495	3
3.495	2
3.495	5
3.495	3
3.495	3
3.495	4
3.495	3
3.495	5
3.495	3
3.496	5
3.496	3
3.496	5
3.496	2
3.496	5
3.496	3
3.497	3
3.497	3
3.497	3
3.497	5
3.497	3
3.497	6
3.497	6
3.497	4
3.497	3
3.498	3
3.498	3
3.498	4
3.498	3
3.498	4
3.499	3
3.499	3
3.499	3
3.499	4
3.499	3
3.499	4
3.499	3
3.499	3
3.499	3
3.499	3
3.499	2
3.499	3
3.499	3
3.5	3
3.5	3
3.5	3
3.5	3
3.5	3
3.5	3
3.5	2
3.5	3
3.5	2
3.5	3
3.5	3
3.5	2
3.5	3
3.5	3
3.5	5
3.501	3
3.501	5
3.501	4
3.501	3
3.501	4
3.501	2
3.501	3
3.501	2
3.502	5
3.502	5
3.502	3
3.502	4
3.502	3
3.502	3
3.503	5
3.503	4
3.503	2
3.503	5
3.503	5
3.504	4
3.504	5
3.504	3
3.504	3
3.504	5
3.504	5
3.505	2
3.505	3
3.505	3
3.505	3
3.505	3
3.506	3
3.506	3
3.506	3
3.506	3
3.506	3
3.506	3
3.506	4
3.506	4
3.506	3
3.507	3
3.507	3
3.507	3
3.507	4
3.507	3
3.507	3
3.507	2
3.507	3
3.507	3
3.508	4
3.508	4
3.508	4
3.508	4
3.508	4
3.508	2
3.508	3
3.508	2
3.508	3
3.508	2
3.509	6
3.509	3
3.509	1
3.509	3
3.509	2
3.509	3
3.51	3
3.51	4
3.51	3
3.51	4
3.51	4
3.51	3
3.51	3
3.51	3
3.51	4
3.51	3
3.511	4
3.511	4
3.511	3
3.511	3
3.511	2
3.511	3
3.511	3
3.511	4
3.511	3
3.512	3
3.512	3
3.512	2
3.512	3
3.512	5
3.512	6
3.512	6
3.512	4
3.512	2
3.513	3
3.513	3
3.513	3
3.513	3
3.513	6
3.513	6
3.513	4
3.513	3
3.514	4
3.514	3
3.514	3
3.514	3
3.514	4
3.514	3
3.514	4
3.514	3
3.514	3
3.514	4
3.515	4
3.515	4
3.515	3
3.515	4
3.515	4
3.515	3
3.515	3
3.515	3
3.515	3
3.515	4
3.515	3
3.515	4
3.515	3
3.515	3
3.516	5
3.516	3
3.516	1
3.516	4
3.516	4
3.516	3
3.516	3
3.516	2
3.516	3
3.517	2
3.517	3
3.517	3
3.517	4
3.518	2
3.518	3
3.518	3
3.518	5
3.518	4
3.518	4
3.518	2
3.518	5
3.518	3
3.518	3
3.518	4
3.518	3
3.519	5
3.519	3
3.519	3
3.519	3
3.519	3
3.519	3
3.519	3
3.519	5
3.519	2
3.519	5
3.519	2
3.52	3
3.52	3
3.52	2
3.52	3
3.52	3
3.52	5
3.52	6
3.52	5
3.52	4
3.521	4
3.521	4
3.521	3
3.521	3
3.521	3
3.521	3
3.521	4
3.521	3
3.522	3
3.522	3
3.522	3
3.522	4
3.522	4
3.522	3
3.522	4
3.522	3
3.522	3
3.523	3
3.523	3
3.523	4
3.523	4
3.523	3
3.523	3
3.523	3
3.524	4
3.524	4
3.524	3
3.524	3
3.524	3
3.524	1
3.524	3
3.524	4
3.525	5
3.525	5
3.525	3
3.525	4
3.525	4
3.525	5
3.525	4
3.525	3
3.525	3
3.526	6
3.526	3
3.526	4
3.526	4
3.526	3
3.526	2
3.526	5
3.527	4
3.527	4
3.527	3
3.527	3
3.527	3
3.527	5
3.527	5
3.528	4
3.528	4
3.528	4
3.528	3
3.528	5
3.528	3
3.529	3
3.529	3
3.529	3
3.529	3
3.529	4
3.53	5
3.53	3
3.53	3
3.53	3
3.53	3
3.53	3
3.53	3
3.53	3
3.53	3
3.531	4
3.531	3
3.531	3
3.532	5
3.532	4
3.532	4
3.532	4
3.532	3
3.532	3
3.532	4
3.532	3
3.533	3
3.533	3
3.533	5
3.533	6
3.533	5
3.533	4
3.533	4
3.533	3
3.534	2
3.534	4
3.534	3
3.534	3
3.534	3
3.534	3
3.534	4
3.535	2
3.535	3
3.535	3
3.535	4
3.535	2
3.535	3
3.535	3
3.535	3
3.535	5
3.536	5
3.536	3
3.536	4
3.536	4
3.536	3
3.536	3
3.536	2
3.536	3
3.537	3
3.537	3
3.537	3
3.537	3
3.537	3
3.538	3
3.538	4
3.538	4
3.538	3
3.538	3
3.539	4
3.539	3
3.539	1
3.539	4
3.539	4
3.539	4
3.54	4
3.54	4
3.54	3
3.54	5
3.54	4
3.54	4
3.54	3
3.54	1
3.541	3
3.541	4
3.541	4
3.541	2
3.541	6
3.541	4
3.541	4
3.542	3
3.542	2
3.542	3
3.542	3
3.542	4
3.542	3
3.542	3
3.542	3
3.542	4
3.542	3
3.542	3
3.543	3
3.543	4
3.543	3
3.543	3
3.543	3
3.543	2
3.543	3
3.544	3
3.544	4
3.544	3
3.544	3
3.544	3
3.544	3
3.545	3
3.545	3
3.545	3
3.546	3
3.546	4
3.546	4
3.547	5
3.547	3
3.547	4
3.547	3
3.547	3
3.547	3
3.547	1
3.548	5
3.548	4
3.548	4
3.548	5
3.548	5
3.548	3
3.548	3
3.549	5
3.549	3
3.549	2
3.549	3
3.549	4
3.549	4
3.55	5
3.55	3
3.55	3
3.55	3
3.55	2
3.55	3
3.55	3
3.55	3
3.55	3
3.55	3
3.551	7
3.551	4
3.551	3
3.551	4
3.551	4
3.551	3
3.552	4
3.552	4
3.552	3
3.553	5
3.553	3
3.553	3
3.554	5
3.554	3
3.555	3
3.555	4
3.555	4
3.555	3
3.555	3
3.556	6
3.556	5
3.556	4
3.556	4
3.556	6
3.556	4
3.556	4
3.556	4
3.557	4
3.557	4
3.557	3
3.557	3
3.557	3
3.557	4
3.557	3
3.557	6
3.557	3
3.558	3
3.558	4
3.558	4
3.558	3
3.559	4
3.559	4
3.559	4
3.559	4
3.56	5
3.56	5
3.56	5
3.56	3
3.561	3
3.561	3
3.561	3
3.562	5
3.562	4
3.563	5
3.563	4
3.563	4
3.563	4
3.564	4
3.564	4
3.564	5
3.564	2
3.564	5
3.564	6
3.565	5
3.565	3
3.565	3
3.565	3
3.565	2
3.565	3
3.565	3
3.565	2
3.565	4
3.565	3
3.566	3
3.566	2
3.566	3
3.566	3
3.566	4
3.567	4
3.567	3
3.567	5
3.567	3
3.567	3
3.568	4
3.568	7
3.568	3
3.568	5
3.568	3
3.57	3
3.57	4
3.57	5
3.571	4
3.571	4
3.571	3
3.571	5
3.572	5
3.572	5
3.572	4
3.572	4
3.572	3
3.572	4
3.572	4
3.572	2
3.572	3
3.572	5
3.573	6
3.573	3
3.573	3
3.573	2
3.573	3
3.573	3
3.574	5
3.574	3
3.574	4
3.574	3
3.574	4
3.574	3
3.575	4
3.575	7
3.575	4
3.576	3
3.576	5
3.576	4
3.577	5
3.577	5
3.577	5
3.578	5
3.578	3
3.578	3
3.578	5
3.579	5
3.579	4
3.579	4
3.579	5
3.58	7
3.58	6
3.58	5
3.58	3
3.58	3
3.58	5
3.58	3
3.58	3
3.581	3
3.581	3
3.581	3
3.581	5
3.582	5
3.582	3
3.582	4
3.583	5
3.583	7
3.583	5
3.583	3
3.583	3
3.583	2
3.583	3
3.583	3
3.583	3
3.584	4
3.584	3
3.584	5
3.584	5
3.584	5
3.584	2
3.584	3
3.584	2
3.585	4
3.585	5
3.585	3
3.585	3
3.585	2
3.585	3
3.585	3
3.586	6
3.586	2
3.586	3
3.586	2
3.587	4
3.587	4
3.587	5
3.588	3
3.588	6
3.588	3
3.588	4
3.588	4
3.588	3
3.588	3
3.589	5
3.589	3
3.589	3
3.59	4
3.591	4
3.591	3
3.591	3
3.591	5
3.591	3
3.592	3
3.592	4
3.592	4
3.592	5
3.592	5
3.592	3
3.592	2
3.592	3
3.592	4
3.594	5
3.594	3
3.594	3
3.594	4
3.594	3
3.594	2
3.594	3
3.595	5
3.595	4
3.595	4
3.595	2
3.595	5
3.596	5
3.596	5
3.596	3
3.596	6
3.596	5
3.596	4
3.596	3
3.596	3
3.596	4
3.596	3
3.597	7
3.597	5
3.597	3
3.597	2
3.597	3
3.598	7
3.598	5
3.598	3
3.598	4
3.598	3
3.598	4
3.598	3
3.598	3
3.598	6
3.598	5
3.598	4
3.599	4
3.599	4
3.599	3
3.599	7
3.599	3
3.599	3
3.599	3
3.599	4
3.6	5
3.6	4
3.6	4
3.6	4
3.6	3
3.6	4
3.6	3
3.6	3
3.601	3
3.601	3
3.601	3
3.601	5
3.602	2
3.602	5
3.602	4
3.603	6
3.603	6
3.603	5
3.603	5
3.603	3
3.604	7
3.604	5
3.604	6
3.604	3
3.604	2
3.604	5
3.604	5
3.605	4
3.605	3
3.605	5
3.605	3
3.605	3
3.605	4
3.605	5
3.606	4
3.606	7
3.606	3
3.606	3
3.606	3
3.607	5
3.607	4
3.607	5
3.607	5
3.607	3
3.607	4
3.608	5
3.608	5
3.608	3
3.608	3
3.608	3
3.608	3
3.608	2
3.608	3
3.608	3
3.609	3
3.609	4
3.609	3
3.609	2
3.609	3
3.609	2
3.61	5
3.61	6
3.61	3
3.611	3
3.611	5
3.611	6
3.611	5
3.611	4
3.611	3
3.612	3
3.612	7
3.613	3
3.613	3
3.613	5
3.614	4
3.614	3
3.614	3
3.614	3
3.614	3
3.615	5
3.615	4
3.615	4
3.615	3
3.615	5
3.615	5
3.615	4
3.615	3
3.615	3
3.615	4
3.616	5
3.616	5
3.616	3
3.616	4
3.616	3
3.616	3
3.617	4
3.617	4
3.617	2
3.617	3
3.618	3
3.618	5
3.618	6
3.618	3
3.618	3
3.619	5
3.619	2
3.619	3
3.619	4
3.619	3
3.619	3
3.619	4
3.619	3
3.62	3
3.62	5
3.62	3
3.62	3
3.62	3
3.62	3
3.62	3
3.621	2
3.621	3
3.621	6
3.621	5
3.621	4
3.622	4
3.622	4
3.622	4
3.622	3
3.622	4
3.622	4
3.622	3
3.622	3
3.623	4
3.623	4
3.623	4
3.623	3
3.623	1
3.623	4
3.623	3
3.623	4
3.623	3
3.623	3
3.624	3
3.624	4
3.624	4
3.624	3
3.624	3
3.625	3
3.625	4
3.625	3
3.625	1
3.625	4
3.626	5
3.626	3
3.626	3
3.627	5
3.627	6
3.627	5
3.627	3
3.627	4
3.627	2
3.627	5
3.628	3
3.628	6
3.628	3
3.628	3
3.628	3
3.628	5
3.629	4
3.629	3
3.629	3
3.629	3
3.63	4
3.63	5
3.63	4
3.63	3
3.63	3
3.63	4
3.631	5
3.631	3
3.631	3
3.631	3
3.631	3
3.632	4
3.633	5
3.633	5
3.633	3
3.633	6
3.633	3
3.633	3
3.633	3
3.633	3
3.634	5
3.634	6
3.634	4
3.634	4
3.634	3
3.635	3
3.635	3
3.635	6
3.635	4
3.635	4
3.635	3
3.636	3
3.636	5
3.637	4
3.637	3
3.637	4
3.637	4
3.638	4
3.638	5
3.638	3
3.638	3
3.639	3
3.639	4
3.639	4
3.639	3
3.639	3
3.639	3
3.64	5
3.64	5
3.64	3
3.64	6
3.64	4
3.641	5
3.641	6
3.641	4
3.641	3
3.641	4
3.641	4
3.642	5
3.642	5
3.642	4
3.642	6
3.642	4
3.643	3
3.643	3
3.643	4
3.643	3
3.643	3
3.643	3
3.644	3
3.644	4
3.644	2
3.644	3
3.645	3
3.645	3
3.646	4
3.646	3
3.647	3
3.647	5
3.647	4
3.647	4
3.648	5
3.648	5
3.648	3
3.648	2
3.648	4
3.648	3
3.648	1
3.649	3
3.649	5
3.649	2
3.649	3
3.649	3
3.649	5
3.65	3
3.65	2
3.65	4
3.651	2
3.651	3
3.651	3
3.651	3
3.651	3
3.652	4
3.652	3
3.652	3
3.652	5
3.653	4
3.653	4
3.653	3
3.654	4
3.654	3
3.654	3
3.654	3
3.655	4
3.655	4
3.656	3
3.656	3
3.656	3
3.656	3
3.656	3
3.656	4
3.657	5
3.657	4
3.657	4
3.657	4
3.658	3
3.658	5
3.658	4
3.658	3
3.658	3
3.658	5
3.659	3
3.66	4
3.66	4
3.66	4
3.66	4
3.66	3
3.661	4
3.661	5
3.661	5
3.662	3
3.663	5
3.663	5
3.663	5
3.663	5
3.663	3
3.664	5
3.664	5
3.664	3
3.664	3
3.664	4
3.664	4
3.665	5
3.665	5
3.665	6
3.665	3
3.665	3
3.665	2
3.665	3
3.665	3
3.666	3
3.666	3
3.666	3
3.666	4
3.666	3
3.666	2
3.666	3
3.666	2
3.667	5
3.667	4
3.669	5
3.669	3
3.669	5
3.669	5
3.671	5
3.671	5
3.671	4
3.671	4
3.671	4
3.671	3
3.671	3
3.671	3
3.672	3
3.672	5
3.672	4
3.673	4
3.673	4
3.673	2
3.673	4
3.673	4
3.674	3
3.674	2
3.674	3
3.674	3
3.674	2
3.674	3
3.675	3
3.675	3
3.675	5
3.675	5
3.676	3
3.676	3
3.676	4
3.676	3
3.677	3
3.677	3
3.677	3
3.677	3
3.678	6
3.678	5
3.678	4
3.678	5
3.678	5
3.679	5
3.679	3
3.68	4
3.68	4
3.68	4
3.68	3
3.68	4
3.68	3
3.68	3
3.68	3
3.68	3
3.681	5
3.681	3
3.681	5
3.681	3
3.681	3
3.681	3
3.682	7
3.682	4
3.682	3
3.682	3
3.682	3
3.682	3
3.682	2
3.682	2
3.682	3
3.682	3
3.682	3
3.682	3
3.683	5
3.683	3
3.683	4
3.683	2
3.683	2
3.683	3
3.683	3
3.683	2
3.683	2
3.684	7
3.684	2
3.684	5
3.685	5
3.686	5
3.686	3
3.687	6
3.687	3
3.687	4
3.688	5
3.688	3
3.688	3
3.688	3
3.689	6
3.689	3
3.689	3
3.689	4
3.689	4
3.69	3
3.691	5
3.691	5
3.691	4
3.691	3
3.691	2
3.691	2
3.691	3
3.691	3
3.692	5
3.693	5
3.693	5
3.693	4
3.693	3
3.693	3
3.693	3
3.693	3
3.693	4
3.693	4
3.693	3
3.693	3
3.693	5
3.694	3
3.694	3
3.695	3
3.695	3
3.695	6
3.695	6
3.695	4
3.695	4
3.695	4
3.695	3
3.695	3
3.696	4
3.696	4
3.696	3
3.696	3
3.697	3
3.697	4
3.697	4
3.697	4
3.697	3
3.697	3
3.697	4
3.697	4
3.697	3
3.697	3
3.697	3
3.697	3
3.697	4
3.698	4
3.698	3
3.698	3
3.698	3
3.698	3
3.698	3
3.699	4
3.699	4
3.699	4
3.699	4
3.699	5
3.7	4
3.7	3
3.7	3
3.7	3
3.7	3
3.701	4
3.701	2
3.701	3
3.701	2
3.701	2
3.701	5
3.701	5
3.701	3
3.702	3
3.702	3
3.702	5
3.702	5
3.702	5
3.703	5
3.703	3
3.703	3
3.704	5
3.704	4
3.704	4
3.704	3
3.704	3
3.704	4
3.704	4
3.704	3
3.705	5
3.705	3
3.705	1
3.705	3
3.705	3
3.706	3
3.706	5
3.706	3
3.706	3
3.706	3
3.706	2
3.706	3
3.706	3
3.707	7
3.707	4
3.707	3
3.707	3
3.707	2
3.707	3
3.707	2
3.708	3
3.708	3
3.708	3
3.708	4
3.708	4
3.708	3
3.708	3
3.709	3
3.71	3
3.71	4
3.71	4
3.711	6
3.711	3
3.712	6
3.712	3
3.712	3
3.712	3
3.712	3
3.712	3
3.713	6
3.713	3
3.713	3
3.713	3
3.713	3
3.713	3
3.713	3
3.713	4
3.714	5
3.714	4
3.714	4
3.714	4
3.715	3
3.715	2
3.715	3
3.716	5
3.716	5
3.716	5
3.716	4
3.716	4
3.717	6
3.717	4
3.717	4
3.717	3
3.717	3
3.717	3
3.717	3
3.717	3
3.717	3
3.717	4
3.717	3
3.718	2
3.718	2
3.718	3
3.718	3
3.718	3
3.719	3
3.719	6
3.719	3
3.719	3
3.719	3
3.719	3
3.719	3
3.719	6
3.719	4
3.719	3
3.721	3
3.721	4
3.721	4
3.721	4
3.721	4
3.721	4
3.721	4
3.721	4
3.721	3
3.721	4
3.721	3
3.721	3
3.722	6
3.722	3
3.722	3
3.722	1
3.722	1
3.722	3
3.722	3
3.723	3
3.723	4
3.723	3
3.723	4
3.723	3
3.723	4
3.724	4
3.724	4
3.724	4
3.724	4
3.725	5
3.725	3
3.725	3
3.725	3
3.725	3
3.725	3
3.725	2
3.725	5
3.726	3
3.726	3
3.726	3
3.726	5
3.727	4
3.727	3
3.727	3
3.727	3
3.728	5
3.728	4
3.728	3
3.728	3
3.728	3
3.728	4
3.729	5
3.729	3
3.73	2
3.73	3
3.73	3
3.73	3
3.73	3
3.731	3
3.731	2
3.731	3
3.731	3
3.731	4
3.731	4
3.731	3
3.732	3
3.732	3
3.732	3
3.732	3
3.732	4
3.732	3
3.734	3
3.734	4
3.734	4
3.734	4
3.734	4
3.734	4
3.736	4
3.736	6
3.736	3
3.736	3
3.736	3
3.736	3
3.736	3
3.737	4
3.737	4
3.737	4
3.737	3
3.737	3
3.737	5
3.738	4
3.738	3
3.738	4
3.738	4
3.738	4
3.738	4
3.738	4
3.739	4
3.739	5
3.739	6
3.739	6
3.739	3
3.74	4
3.74	4
3.74	4
3.74	3
3.74	3
3.74	4
3.741	5
3.741	4
3.741	4
3.741	3
3.741	3
3.741	4
3.742	3
3.742	6
3.742	2
3.742	3
3.743	5
3.743	5
3.743	3
3.743	3
3.743	3
3.743	3
3.743	5
3.744	3
3.744	3
3.745	5
3.745	4
3.745	4
3.745	4
3.745	4
3.745	3
3.746	3
3.746	3
3.746	5
3.746	5
3.746	3
3.746	1
3.746	5
3.747	5
3.747	5
3.747	2
3.747	2
3.748	3
3.748	2
3.748	2
3.748	3
3.748	3
3.748	3
3.748	3
3.748	4
3.748	3
3.749	5
3.749	5
3.749	5
3.749	3
3.749	3
3.749	3
3.749	3
3.75	4
3.75	3
3.75	3
3.75	3
3.75	2
3.75	3
3.75	3
3.751	3
3.751	2
3.751	3
3.751	2
3.752	3
3.753	4
3.753	4
3.753	3
3.753	3
3.754	3
3.754	4
3.754	4
3.754	4
3.754	4
3.754	3
3.754	3
3.755	3
3.755	3
3.755	4
3.756	3
3.756	3
3.757	3
3.757	3
3.757	4
3.757	4
3.757	4
3.758	4
3.758	4
3.759	2
3.759	3
3.76	5
3.76	5
3.76	3
3.761	4
3.761	5
3.761	3
3.761	3
3.761	4
3.761	3
3.762	4
3.762	5
3.762	5
3.762	4
3.762	4
3.762	3
3.763	5
3.763	3
3.763	3
3.763	3
3.763	3
3.763	3
3.763	6
3.763	6
3.763	4
3.763	3
3.764	7
3.764	4
3.764	3
3.765	4
3.765	4
3.765	3
3.765	4
3.765	3
3.765	3
3.766	5
3.766	5
3.766	5
3.766	3
3.766	3
3.767	3
3.767	3
3.767	4
3.769	6
3.769	4
3.769	2
3.769	5
3.769	5
3.77	4
3.77	4
3.77	4
3.77	4
3.77	5
3.77	5
3.771	3
3.771	3
3.771	2
3.771	3
3.771	3
3.772	5
3.772	5
3.772	2
3.772	3
3.772	3
3.772	3
3.772	4
3.773	5
3.773	5
3.773	3
3.773	3
3.773	4
3.774	3
3.774	3
3.775	3
3.775	5
3.776	4
3.776	3
3.777	3
3.777	3
3.778	5
3.778	5
3.778	4
3.778	4
3.778	4
3.778	5
3.779	3
3.78	4
3.78	3
3.78	5
3.78	5
3.78	3
3.78	3
3.78	3
3.78	3
3.78	3
3.781	4
3.781	7
3.781	7
3.781	4
3.781	3
3.781	3
3.782	4
3.782	3
3.782	3
3.782	2
3.782	3
3.782	3
3.783	2
3.783	3
3.783	2
3.784	5
3.784	4
3.785	5
3.785	3
3.785	3
3.786	6
3.786	6
3.786	5
3.786	2
3.786	3
3.787	3
3.787	3
3.787	3
3.787	3
3.788	3
3.788	3
3.789	4
3.789	4
3.789	4
3.79	5
3.79	5
3.79	5
3.79	5
3.79	5
3.79	3
3.79	1
3.791	2
3.791	3
3.792	4
3.793	6
3.793	3
3.793	3
3.793	3
3.793	3
3.793	4
3.793	3
3.794	4
3.794	4
3.794	3
3.794	3
3.795	3
3.795	3
3.795	6
3.795	4
3.795	3
3.796	5
3.796	3
3.797	4
3.797	4
3.797	3
3.797	3
3.797	4
3.797	3
3.797	4
3.797	3
3.797	3
3.798	4
3.798	4
3.798	3
3.798	3
3.798	3
3.798	3
3.798	3
3.799	6
3.799	4
3.799	4
3.8	3
3.801	3
3.801	2
3.801	5
3.802	5
3.802	5
3.802	5
3.802	4
3.802	4
3.802	5
3.803	3
3.804	5
3.804	3
3.804	3
3.804	3
3.804	4
3.805	3
3.805	3
3.805	3
3.805	7
3.805	3
3.806	4
3.806	4
3.807	4
3.807	6
3.807	3
3.808	4
3.808	3
3.808	4
3.808	3
3.808	5
3.809	3
3.81	6
3.81	6
3.81	6
3.81	4
3.81	3
3.811	3
3.812	3
3.812	3
3.812	4
3.813	5
3.813	5
3.813	4
3.813	3
3.813	3
3.814	3
3.814	4
3.814	5
3.814	5
3.814	4
3.814	5
3.815	2
3.816	6
3.816	6
3.816	2
3.816	3
3.816	3
3.816	4
3.816	3
3.817	3
3.817	3
3.817	3
3.817	5
3.818	4
3.818	3
3.818	3
3.818	2
3.818	3
3.819	4
3.819	3
3.819	3
3.819	3
3.821	4
3.821	3
3.821	3
3.821	4
3.821	4
3.821	3
3.821	3
3.821	2
3.821	3
3.821	3
3.822	3
3.822	3
3.822	4
3.822	4
3.822	4
3.822	3
3.822	1
3.822	2
3.822	3
3.822	2
3.823	5
3.823	3
3.824	3
3.824	4
3.824	4
3.824	4
3.825	4
3.825	3
3.825	3
3.826	5
3.826	3
3.827	3
3.827	3
3.828	5
3.828	3
3.828	4
3.829	5
3.829	5
3.829	3
3.83	5
3.83	3
3.83	3
3.83	2
3.83	3
3.831	3
3.831	3
3.831	3
3.831	3
3.831	4
3.832	3
3.832	3
3.832	3
3.832	4
3.832	3
3.833	3
3.834	6
3.834	5
3.834	4
3.834	4
3.834	6
3.834	4
3.834	3
3.835	4
3.835	4
3.836	4
3.836	4
3.836	3
3.836	4
3.836	3
3.836	4
3.836	3
3.836	3
3.837	5
3.837	3
3.837	3
3.838	4
3.838	4
3.838	3
3.838	4
3.838	4
3.839	3
3.839	6
3.84	5
3.84	5
3.84	6
3.84	4
3.84	3
3.84	2
3.84	5
3.841	3
3.841	3
3.841	3
3.841	5
3.842	3
3.842	3
3.842	3
3.842	5
3.843	3
3.843	3
3.843	4
3.844	3
3.844	3
3.845	4
3.846	5
3.846	5
3.846	5
3.846	5
3.846	3
3.846	5
3.846	5
3.846	3
3.846	4
3.847	2
3.847	4
3.847	3
3.848	4
3.848	5
3.848	3
3.848	2
3.848	3
3.848	3
3.848	5
3.849	7
3.849	3
3.849	4
3.85	3
3.851	3
3.851	3
3.851	5
3.852	3
3.852	3
3.853	3
3.853	4
3.853	3
3.854	6
3.854	4
3.854	4
3.855	3
3.855	3
3.855	4
3.855	3
3.855	3
3.855	2
3.855	3
3.855	3
3.856	3
3.856	3
3.856	2
3.856	3
3.856	2
3.857	4
3.857	2
3.857	3
3.858	4
3.858	5
3.858	3
3.858	3
3.859	4
3.86	4
3.86	5
3.86	4
3.86	4
3.861	3
3.861	1
3.861	3
3.862	5
3.862	4
3.863	3
3.863	3
3.863	4
3.864	5
3.864	3
3.864	3
3.864	2
3.864	3
3.865	3
3.865	4
3.865	3
3.865	3
3.866	4
3.866	5
3.866	3
3.866	3
3.866	3
3.866	4
3.866	3
3.867	3
3.867	3
3.868	6
3.868	4
3.868	3
3.869	3
3.869	3
3.87	5
3.87	5
3.87	5
3.87	4
3.87	4
3.87	4
3.87	4
3.87	3
3.87	4
3.87	3
3.87	3
3.871	3
3.871	3
3.871	3
3.871	3
3.872	4
3.873	3
3.873	4
3.873	4
3.874	3
3.874	2
3.874	5
3.875	3
3.875	4
3.876	3
3.877	3
3.877	4
3.877	3
3.877	4
3.878	6
3.878	5
3.878	6
3.878	3
3.879	4
3.879	3
3.88	5
3.88	3
3.88	3
3.88	3
3.881	5
3.881	7
3.881	4
3.881	3
3.882	3
3.883	4
3.884	6
3.884	4
3.885	5
3.885	3
3.885	3
3.886	3
3.886	6
3.886	2
3.886	3
3.886	3
3.887	3
3.887	3
3.887	3
3.887	4
3.887	5
3.888	3
3.889	4
3.889	3
3.89	3
3.89	4
3.89	5
3.89	3
3.89	3
3.891	2
3.891	3
3.891	4
3.892	4
3.892	3
3.892	3
3.892	3
3.893	4
3.893	4
3.893	5
3.894	3
3.894	4
3.894	4
3.895	3
3.895	1
3.895	3
3.896	4
3.896	5
3.897	4
3.897	3
3.897	4
3.898	4
3.898	3
3.898	3
3.898	3
3.899	3
3.899	5
3.899	3
3.9	3
3.9	3
3.9	3
3.9	2
3.9	3
3.9	3
3.901	5
3.901	3
3.901	2
3.901	3
3.901	2
3.901	5
3.902	5
3.902	3
3.902	3
3.903	4
3.903	3
3.903	3
3.903	3
3.904	4
3.904	4
3.905	3
3.905	5
3.905	3
3.905	4
3.906	3
3.907	4
3.907	4
3.907	4
3.907	5
3.908	5
3.909	3
3.909	4
3.909	4
3.909	3
3.909	2
3.909	3
3.909	3
3.91	6
3.91	3
3.91	5
3.911	3
3.911	4
3.911	3
3.911	3
3.911	4
3.911	3
3.912	6
3.912	3
3.912	3
3.913	5
3.913	3
3.913	4
3.913	3
3.913	6
3.913	4
3.913	3
3.914	5
3.914	5
3.914	3
3.914	3
3.914	3
3.914	2
3.914	3
3.914	3
3.915	4
3.915	3
3.915	4
3.915	3
3.915	3
3.915	2
3.915	3
3.915	2
3.916	6
3.916	3
3.916	3
3.916	3
3.917	5
3.917	4
3.918	3
3.918	4
3.919	5
3.919	3
3.919	5
3.919	2
3.919	5
3.92	7
3.92	2
3.92	3
3.92	3
3.921	3
3.921	3
3.921	3
3.921	3
3.921	4
3.922	3
3.922	3
3.922	3
3.922	4
3.923	3
3.923	2
3.923	3
3.924	4
3.924	5
3.925	6
3.925	3
3.925	3
3.925	3
3.925	4
3.925	3
3.926	3
3.926	4
3.926	3
3.926	3
3.926	3
3.927	4
3.927	4
3.927	6
3.927	4
3.927	3
3.928	3
3.928	4
3.928	4
3.929	4
3.929	5
3.929	4
3.929	3
3.929	4
3.929	3
3.929	3
3.93	4
3.93	3
3.93	3
3.93	3
3.93	3
3.93	5
3.931	3
3.931	3
3.931	3
3.931	4
3.932	4
3.932	3
3.933	5
3.933	2
3.933	5
3.933	5
3.934	4
3.934	3
3.935	4
3.935	5
3.935	3
3.935	3
3.935	3
3.935	3
3.936	4
3.936	4
3.936	3
3.936	3
3.936	3
3.936	2
3.936	3
3.936	3
3.936	4
3.937	4
3.937	3
3.937	3
3.937	3
3.937	3
3.937	3
3.937	2
3.937	3
3.937	3
3.938	2
3.938	3
3.938	2
3.939	5
3.939	4
3.939	4
3.939	3
3.94	5
3.94	3
3.94	1
3.94	4
3.94	3
3.941	3
3.941	5
3.942	4
3.942	4
3.943	4
3.943	4
3.943	3
3.943	3
3.943	3
3.944	3
3.944	3
3.944	3
3.944	3
3.944	3
3.944	4
3.945	3
3.945	3
3.945	3
3.946	5
3.946	5
3.946	3
3.946	4
3.946	2
3.946	3
3.947	3
3.948	3
3.948	3
3.948	4
3.948	3
3.948	3
3.948	4
3.948	3
3.949	6
3.949	4
3.949	3
3.949	3
3.949	3
3.949	5
3.95	3
3.95	2
3.95	3
3.95	6
3.95	4
3.95	3
3.951	5
3.951	3
3.951	3
3.951	3
3.952	5
3.952	4
3.952	4
3.952	4
3.952	3
3.952	4
3.952	3
3.952	3
3.953	5
3.953	3
3.953	4
3.953	4
3.953	3
3.953	3
3.953	4
3.954	7
3.954	3
3.954	3
3.954	1
3.954	4
3.955	6
3.955	5
3.956	3
3.956	4
3.956	4
3.956	2
3.956	5
3.957	3
3.957	6
3.957	3
3.957	3
3.957	3
3.957	3
3.958	4
3.958	3
3.958	3
3.958	3
3.958	5
3.959	6
3.959	3
3.959	3
3.959	3
3.959	3
3.96	3
3.96	3
3.96	3
3.961	3
3.961	3
3.962	3
3.962	3
3.962	3
3.962	3
3.962	3
3.962	3
3.962	3
3.962	3
3.963	4
3.963	4
3.963	5
3.963	4
3.963	4
3.963	4
3.963	3
3.963	2
3.963	3
3.963	2
3.964	5
3.964	3
3.965	2
3.965	4
3.966	3
3.966	3
3.966	3
3.966	4
3.966	4
3.967	3
3.967	3
3.967	3
3.968	3
3.968	3
3.968	3
3.968	3
3.969	4
3.969	4
3.97	3
3.97	4
3.97	3
3.97	3
3.97	4
3.971	4
3.971	3
3.971	6
3.971	4
3.971	2
3.971	3
3.972	4
3.972	4
3.972	4
3.972	3
3.972	3
3.972	3
3.973	3
3.973	3
3.973	2
3.973	3
3.973	3
3.973	3
3.973	4
3.973	3
3.974	4
3.974	3
3.974	3
3.974	3
3.975	4
3.975	5
3.975	4
3.975	3
3.975	6
3.975	4
3.975	3
3.976	4
3.976	4
3.977	4
3.977	3
3.977	1
3.977	4
3.977	3
3.977	4
3.977	3
3.977	3
3.978	3
3.978	5
3.978	5
3.978	3
3.978	3
3.979	5
3.979	2
3.979	4
3.979	4
3.98	3
3.98	5
3.98	3
3.98	3
3.98	3
3.98	3
3.98	3
3.98	5
3.981	3
3.981	3
3.981	3
3.981	3
3.981	2
3.981	5
3.982	3
3.982	3
3.982	3
3.983	6
3.983	3
3.983	3
3.984	5
3.984	3
3.984	3
3.984	4
3.984	5
3.985	5
3.985	5
3.985	3
3.985	3
3.985	3
3.985	3
3.986	5
3.986	4
3.986	4
3.986	4
3.986	5
3.986	3
3.987	3
3.987	3
3.987	3
3.988	4
3.988	4
3.988	4
3.988	3
3.988	3
3.988	4
3.989	6
3.989	3
3.989	3
3.989	4
3.989	4
3.989	5
3.99	4
3.99	5
3.991	3
3.991	3
3.991	3
3.992	3
3.992	5
3.992	3
3.992	3
3.992	3
3.993	3
3.993	4
3.993	3
3.993	3
3.993	3
3.993	3
3.993	3
3.993	3
3.993	3
3.993	5
3.994	5
3.994	6
3.994	4
3.994	2
3.994	3
3.994	2
3.995	3
3.995	3
3.995	3
3.995	4
3.995	3
3.995	3
3.996	5
3.996	3
3.996	4
3.997	4
3.997	3
3.997	3
3.997	3
3.997	3
3.997	3
3.997	3
3.997	3
3.998	5
3.998	3
3.998	5
3.998	3
3.998	2
3.998	3
3.998	2
3.998	3
3.998	2
3.999	7
3.999	3
3.999	3
3.999	3
4.0	4
4.0	4
4.001	5
4.001	4
4.001	4
4.001	5
4.001	5
4.002	4
4.002	4
4.002	2
4.002	3
4.002	1
4.002	2
4.002	3
4.003	3
4.003	3
4.003	3
4.003	3
4.003	3
4.003	3
4.003	3
4.004	3
4.004	6
4.004	3
4.004	4
4.004	3
4.004	3
4.004	4
4.004	3
4.004	4
4.005	3
4.005	3
4.005	3
4.005	4
4.005	4
4.006	3
4.006	3
4.006	6
4.006	4
4.006	3
4.006	2
4.006	3
4.007	3
4.007	5
4.007	5
4.008	4
4.008	4
4.008	5
4.008	3
4.008	3
4.008	4
4.008	3
4.008	4
4.008	3
4.008	3
4.008	3
4.008	3
4.008	4
4.008	3
4.009	4
4.009	4
4.009	4
4.009	3
4.009	3
4.009	3
4.009	3
4.009	3
4.01	5
4.01	3
4.01	3
4.01	3
4.01	4
4.01	5
4.01	4
4.01	3
4.01	5
4.01	5
4.011	4
4.012	5
4.012	3
4.012	3
4.012	3
4.012	2
4.012	5
4.012	4
4.012	3
4.012	4
4.012	3
4.012	3
4.012	3
4.012	3
4.013	5
4.013	7
4.013	3
4.013	3
4.013	3
4.014	3
4.014	4
4.014	4
4.014	3
4.014	4
4.014	3
4.014	3
4.014	3
4.014	3
4.014	3
4.014	3
4.014	3
4.014	3
4.014	3
4.014	3
4.015	4
4.015	3
4.015	5
4.015	3
4.015	3
4.015	2
4.015	2
4.015	3
4.015	3
4.015	2
4.015	2
4.016	4
4.016	3
4.016	3
4.016	2
4.016	5
4.017	5
4.017	3
4.018	6
4.018	3
4.018	3
4.018	3
4.018	4
4.018	3
4.018	3
4.019	5
4.019	5
4.019	6
4.019	4
4.019	3
4.019	3
4.019	3
4.02	5
4.02	4
4.02	3
4.02	3
4.02	3
4.02	3
4.021	5
4.021	3
4.021	4
4.021	4
4.021	4
4.022	4
4.022	5
4.022	3
4.023	3
4.023	3
4.023	3
4.023	3
4.023	4
4.023	3
4.023	2
4.023	2
4.023	3
4.023	3
4.024	3
4.024	3
4.025	4
4.025	4
4.025	4
4.025	4
4.025	4
4.025	3
4.025	3
4.025	3
4.025	3
4.025	4
4.025	4
4.025	3
4.025	3
4.026	3
4.026	5
4.026	3
4.026	3
4.027	2
4.027	4
4.027	3
4.027	3
4.027	5
4.027	5
4.027	4
4.027	4
4.027	3
4.027	3
4.028	6
4.028	3
4.028	3
4.028	3
4.028	3
4.028	3
4.028	3
4.028	3
4.029	4
4.029	3
4.029	3
4.029	3
4.029	2
4.029	3
4.029	4
4.029	3
4.029	3
4.029	3
4.029	3
4.029	4
4.029	4
4.029	3
4.029	3
4.029	3
4.029	3
4.03	4
4.03	3
4.03	3
4.03	3
4.03	3
4.03	3
4.03	3
4.031	5
4.031	4
4.031	4
4.031	4
4.032	4
4.032	4
4.032	3
4.032	3
4.033	5
4.033	3
4.033	3
4.033	1
4.033	2
4.033	3
4.033	2
4.033	3
4.033	5
4.033	5
4.034	6
4.034	5
4.034	4
4.034	4
4.034	3
4.034	3
4.034	3
4.034	3
4.035	5
4.035	3
4.035	3
4.035	4
4.035	3
4.035	3
4.035	5
4.036	3
4.036	7
4.036	3
4.036	3
4.036	4
4.036	4
4.036	3
4.036	3
4.036	3
4.036	3
4.037	3
4.037	3
4.037	3
4.037	3
4.037	1
4.037	3
4.037	3
4.037	3
4.038	3
4.039	3
4.039	4
4.039	3
4.039	3
4.039	4
4.04	3
4.04	5
4.04	3
4.04	3
4.04	4
4.04	4
4.04	3
4.04	3
4.041	6
4.041	3
4.041	3
4.041	3
4.041	5
4.042	4
4.042	6
4.042	5
4.042	4
4.042	3
4.042	4
4.042	4
4.043	3
4.043	3
4.043	3
4.043	3
4.043	3
4.044	3
4.044	3
4.044	3
4.044	3
4.044	5
4.045	5
4.045	4
4.045	5
4.045	4
4.045	4
4.045	3
4.045	3
4.045	3
4.045	3
4.045	3
4.045	3
4.046	5
4.046	4
4.046	4
4.046	4
4.046	3
4.047	3
4.047	3
4.047	5
4.048	6
4.048	4
4.048	4
4.048	3
4.048	3
4.048	3
4.048	3
4.048	3
4.049	3
4.049	2
4.049	4
4.049	4
4.049	4
4.049	3
4.049	3
4.049	3
4.049	3
4.049	2
4.049	3
4.049	2
4.049	3
4.05	3
4.05	4
4.05	4
4.05	6
4.05	2
4.05	2
4.05	3
4.05	3
4.051	3
4.051	4
4.051	3
4.051	3
4.051	3
4.051	3
4.051	3
4.051	3
4.051	4
4.052	4
4.052	3
4.052	3
4.053	4
4.053	4
4.053	2
4.053	4
4.053	4
4.053	4
4.053	4
4.053	4
4.053	5
4.054	4
4.054	3
4.054	3
4.054	3
4.054	6
4.054	3
4.054	3
4.054	1
4.054	1
4.054	3
4.055	4
4.055	3
4.055	4
4.055	3
4.056	4
4.056	4
4.056	3
4.056	4
4.056	4
4.056	5
4.057	5
4.057	5
4.057	3
4.057	3
4.057	3
4.057	3
4.057	2
4.057	3
4.058	5
4.058	5
4.058	2
4.058	3
4.058	3
4.058	3
4.058	3
4.059	3
4.059	3
4.059	3
4.059	3
4.059	3
4.059	3
4.059	3
4.059	3
4.059	4
4.059	3
4.06	3
4.06	5
4.06	3
4.06	3
4.06	4
4.06	3
4.06	3
4.06	3
4.06	3
4.06	3
4.06	3
4.06	3
4.06	3
4.061	7
4.061	5
4.061	5
4.061	4
4.061	3
4.061	2
4.061	3
4.061	2
4.062	2
4.062	3
4.062	3
4.062	3
4.062	3
4.063	3
4.063	3
4.063	3
4.063	3
4.063	4
4.063	4
4.063	3
4.063	3
4.063	4
4.063	3
4.063	3
4.064	5
4.064	5
4.064	3
4.064	3
4.064	3
4.064	3
4.064	3
4.064	3
4.065	6
4.065	4
4.065	4
4.065	4
4.066	6
4.066	3
4.066	4
4.066	4
4.066	4
4.066	4
4.066	3
4.067	4
4.067	3
4.067	5
4.067	4
4.068	4
4.068	5
4.068	3
4.068	3
4.068	3
4.068	3
4.068	2
4.069	4
4.069	4
4.069	3
4.069	2
4.069	3
4.07	4
4.07	5
4.07	3
4.07	2
4.07	2
4.07	4
4.07	4
4.07	3
4.07	3
4.071	6
4.071	5
4.071	6
4.071	6
4.071	3
4.071	3
4.071	3
4.071	4
4.071	3
4.072	5
4.072	3
4.072	4
4.072	4
4.072	3
4.072	3
4.072	3
4.073	3
4.073	3
4.073	5
4.073	3
4.073	3
4.073	3
4.073	5
4.073	4
4.073	3
4.074	3
4.074	3
4.074	4
4.074	3
4.075	5
4.075	3
4.075	3
4.075	3
4.075	3
4.075	4
4.075	3
4.075	3
4.076	4
4.076	3
4.076	3
4.077	3
4.077	4
4.077	3
4.077	5
4.077	5
4.077	4
4.077	4
4.077	4
4.078	5
4.078	5
4.078	4
4.078	3
4.078	3
4.078	5
4.078	5
4.078	3
4.078	3
4.079	4
4.079	2
4.079	2
4.079	3
4.079	3
4.079	3
4.079	5
4.079	5
4.08	3
4.08	3
4.08	3
4.08	3
4.08	3
4.08	3
4.08	4
4.08	2
4.081	4
4.081	4
4.081	5
4.081	3
4.081	3
4.081	3
4.081	3
4.082	5
4.082	3
4.082	4
4.082	3
4.082	3
4.083	3
4.083	3
4.083	3
4.083	4
4.084	2
4.084	3
4.085	3
4.085	3
4.085	4
4.085	4
4.085	3
4.085	3
4.085	3
4.085	3
4.085	3
4.085	5
4.086	3
4.086	3
4.086	4
4.086	4
4.086	4
4.086	4
4.086	4
4.086	3
4.087	3
4.087	3
4.087	4
4.087	4
4.087	3
4.088	3
4.088	1
4.088	4
4.088	5
4.089	5
4.089	3
4.089	3
4.089	3
4.09	4
4.09	6
4.09	4
4.09	3
4.09	3
4.09	3
4.091	4
4.091	5
4.091	3
4.091	3
4.091	3
4.091	3
4.091	3
4.092	7
4.092	5
4.092	5
4.092	3
4.092	4
4.092	3
4.092	3
4.092	3
4.092	3
4.092	3
4.093	5
4.093	5
4.093	3
4.093	2
4.093	3
4.093	2
4.094	5
4.094	5
4.094	3
4.094	4
4.095	5
4.095	5
4.095	3
4.095	3
4.095	3
4.095	3
4.095	3
4.095	3
4.095	3
4.096	3
4.096	6
4.096	7
4.096	3
4.096	3
4.096	2
4.096	3
4.097	6
4.097	4
4.097	3
4.097	3
4.097	5
4.098	3
4.098	5
4.098	5
4.098	3
4.098	3
4.099	4
4.099	4
4.099	4
4.099	3
4.1	4
4.1	4
4.1	3
4.1	1
4.101	5
4.101	5
4.101	4
4.101	5
4.101	6
4.101	2
4.101	3
4.101	4
4.102	3
4.102	4
4.102	4
4.102	4
4.102	4
4.102	3
4.102	4
4.103	3
4.103	3
4.103	3
4.103	3
4.103	3
4.103	3
4.103	4
4.103	3
4.103	5
4.104	4
4.104	2
4.104	4
4.104	3
4.104	3
4.105	4
4.105	5
4.105	6
4.105	3
4.105	5
4.105	4
4.105	3
4.105	3
4.106	3
4.106	3
4.106	4
4.106	3
4.106	3
4.106	5
4.107	3
4.107	3
4.107	3
4.107	4
4.107	3
4.107	3
4.108	4
4.108	3
4.108	3
4.108	3
4.108	3
4.108	3
4.108	3
4.109	4
4.109	3
4.109	4
4.109	4
4.11	5
4.11	5
4.11	3
4.11	3
4.11	3
4.11	3
4.11	3
4.11	3
4.111	3
4.111	4
4.111	3
4.111	5
4.111	2
4.111	3
4.111	2
4.112	4
4.112	3
4.112	5
4.112	5
4.112	3
4.112	3
4.112	5
4.112	4
4.112	4
4.112	2
4.113	5
4.113	4
4.113	7
4.113	7
4.113	2
4.113	3
4.114	3
4.114	3
4.114	3
4.114	3
4.114	3
4.114	3
4.115	4
4.115	3
4.115	3
4.116	4
4.116	3
4.116	2
4.116	4
4.116	3
4.117	5
4.117	6
4.117	3
4.117	4
4.118	6
4.118	6
4.118	4
4.118	3
4.118	4
4.118	3
4.119	3
4.119	3
4.119	2
4.119	3
4.12	5
4.12	3
4.12	4
4.12	4
4.12	4
4.121	3
4.121	6
4.121	3
4.121	3
4.121	3
4.121	3
4.121	4
4.121	3
4.122	4
4.122	4
4.122	5
4.122	5
4.122	3
4.122	3
4.122	3
4.122	5
4.123	3
4.123	4
4.123	3
4.123	3
4.123	5
4.123	3
4.123	3
4.124	5
4.124	5
4.124	4
4.124	3
4.125	6
4.125	2
4.125	3
4.125	3
4.125	4
4.125	3
4.125	3
4.126	5
4.126	5
4.126	5
4.126	3
4.126	3
4.126	3
4.126	4
4.126	3
4.126	3
4.126	4
4.127	6
4.127	3
4.127	3
4.127	3
4.127	4
4.128	5
4.128	5
4.128	2
4.128	3
4.128	5
4.129	3
4.129	4
4.129	4
4.129	3
4.129	3
4.129	3
4.129	3
4.129	3
4.129	3
4.129	3
4.129	5
4.13	4
4.13	4
4.13	2
4.13	3
4.131	6
4.131	3
4.131	3
4.131	4
4.131	3
4.131	5
4.131	5
4.132	5
4.132	4
4.132	4
4.132	3
4.132	1
4.132	3
4.132	3
4.133	3
4.133	3
4.133	3
4.133	3
4.133	3
4.133	3
4.134	5
4.134	5
4.134	4
4.135	4
4.135	3
4.135	3
4.135	3
4.135	3
4.135	3
4.135	3
4.135	3
4.135	3
4.135	3
4.135	4
4.136	4
4.136	4
4.136	3
4.136	4
4.136	3
4.136	2
4.136	3
4.136	2
4.137	3
4.137	3
4.137	3
4.137	3
4.137	3
4.137	4
4.138	5
4.138	3
4.138	4
4.139	4
4.139	3
4.14	3
4.14	5
4.14	3
4.14	3
4.14	3
4.14	3
4.14	5
4.141	3
4.141	3
4.141	4
4.141	3
4.141	3
4.141	3
4.142	3
4.142	6
4.142	6
4.142	3
4.142	4
4.142	4
4.142	3
4.144	5
4.144	5
4.144	4
4.144	4
4.144	4
4.144	2
4.144	3
4.144	3
4.144	3
4.144	3
4.144	3
4.144	3
4.145	5
4.145	5
4.145	3
4.145	3
4.145	2
4.145	3
4.145	2
4.146	4
4.146	3
4.146	5
4.146	3
4.146	3
4.146	2
4.146	3
4.146	3
4.146	3
4.146	4
4.146	3
4.147	4
4.147	7
4.147	3
4.147	3
4.147	3
4.148	6
4.148	6
4.148	4
4.148	4
4.148	2
4.148	4
4.148	5
4.148	3
4.148	3
4.149	3
4.149	6
4.149	3
4.149	4
4.15	4
4.15	3
4.15	3
4.15	4
4.15	3
4.15	3
4.15	1
4.15	3
4.15	3
4.15	4
4.15	3
4.15	3
4.15	3
4.151	5
4.151	4
4.151	3
4.151	3
4.151	3
4.151	4
4.152	3
4.152	6
4.152	3
4.152	4
4.152	4
4.153	3
4.153	3
4.153	3
4.153	2
4.153	3
4.154	3
4.154	3
4.154	3
4.154	3
4.154	5
4.155	5
4.155	4
4.155	3
4.155	2
4.155	3
4.155	3
4.155	4
4.155	3
4.156	3
4.156	4
4.156	4
4.156	4
4.156	5
4.156	5
4.156	5
4.156	3
4.156	3
4.156	3
4.157	5
4.157	5
4.157	2
4.157	3
4.157	2
4.157	5
4.157	3
4.157	3
4.158	5
4.158	3
4.158	3
4.158	3
4.158	3
4.158	3
4.158	3
4.158	3
4.159	7
4.159	3
4.159	4
4.159	3
4.159	3
4.159	4
4.159	3
4.159	3
4.16	3
4.16	3
4.16	3
4.16	3
4.161	5
4.161	5
4.161	4
4.161	3
4.161	4
4.162	4
4.162	4
4.163	3
4.163	3
4.163	4
4.163	3
4.163	3
4.163	4
4.163	3
4.163	5
4.164	4
4.164	6
4.164	4
4.164	4
4.164	3
4.164	2
4.165	3
4.165	3
4.165	3
4.165	3
4.166	2
4.166	4
4.166	3
4.166	3
4.166	3
4.166	2
4.167	4
4.167	4
4.167	3
4.167	6
4.167	4
4.167	3
4.168	4
4.168	4
4.168	5
4.168	4
4.168	5
4.168	4
4.168	3
4.169	3
4.169	4
4.169	3
4.17	5
4.17	3
4.17	3
4.17	4
4.17	3
4.171	3
4.171	3
4.171	2
4.171	3
4.172	5
4.172	5
4.172	5
4.172	3
4.172	3
4.172	4
4.173	3
4.173	3
4.173	3
4.173	3
4.173	4
4.174	5
4.174	3
4.174	4
4.174	3
4.174	3
4.175	3
4.175	3
4.175	2
4.175	3
4.175	1
4.175	3
4.175	3
4.176	6
4.176	4
4.176	5
4.176	3
4.176	3
4.176	3
4.176	4
4.177	3
4.177	4
4.178	5
4.178	5
4.178	5
4.178	5
4.178	3
4.178	3
4.178	4
4.179	5
4.179	3
4.179	3
4.179	3
4.18	5
4.18	4
4.18	4
4.18	3
4.18	2
4.18	3
4.181	3
4.181	3
4.181	3
4.181	3
4.181	3
4.182	6
4.182	4
4.182	4
4.183	3
4.183	3
4.183	3
4.183	3
4.183	3
4.183	4
4.184	3
4.184	3
4.184	4
4.184	3
4.184	1
4.185	3
4.185	3
4.186	4
4.187	4
4.187	4
4.187	3
4.187	3
4.188	3
4.188	6
4.188	5
4.188	5
4.188	3
4.189	3
4.189	3
4.19	4
4.19	5
4.19	3
4.19	5
4.19	3
4.191	5
4.191	7
4.191	3
4.191	3
4.191	2
4.191	4
4.192	6
4.192	3
4.192	3
4.193	4
4.193	3
4.193	4
4.194	6
4.194	5
4.194	3
4.194	3
4.196	3
4.196	6
4.196	3
4.196	4
4.196	4
4.197	3
4.198	4
4.198	4
4.198	4
4.198	3
4.199	3
4.199	5
4.2	3
4.2	4
4.2	5
4.2	2
4.2	2
4.2	4
4.201	4
4.201	3
4.201	3
4.201	3
4.201	6
4.202	4
4.202	4
4.202	3
4.202	3
4.202	4
4.202	3
4.203	3
4.205	3
4.206	5
4.206	5
4.206	3
4.207	3
4.207	3
4.207	3
4.207	4
4.207	4
4.207	4
4.208	4
4.208	5
4.208	3
4.208	3
4.208	5
4.209	3
4.209	7
4.209	2
4.21	3
4.21	3
4.21	3
4.21	3
4.211	3
4.212	5
4.212	5
4.212	5
4.213	4
4.213	5
4.214	4
4.214	6
4.215	3
4.215	5
4.215	3
4.216	3
4.216	3
4.216	4
4.216	4
4.217	3
4.218	5
4.218	4
4.218	5
4.219	3
4.219	5
4.219	3
4.22	6
4.22	5
4.221	5
4.222	5
4.222	3
4.223	5
4.223	4
4.223	4
4.223	3
4.224	5
4.224	5
4.224	3
4.224	5
4.224	4
4.225	3
4.225	3
4.225	3
4.225	3
4.225	4
4.226	6
4.226	4
4.226	4
4.227	3
4.227	3
4.228	3
4.228	5
4.228	3
4.228	5
4.229	5
4.229	3
4.23	5
4.23	5
4.23	3
4.231	5
4.231	3
4.232	3
4.232	4
4.232	4
4.232	3
4.232	4
4.233	3
4.233	5
4.233	3
4.233	3
4.233	3
4.233	3
4.233	3
4.233	3
4.233	3
4.234	4
4.234	7
4.234	2
4.234	3
4.234	2
4.234	3
4.234	3
4.234	3
4.234	3
4.234	3
4.234	3
4.235	2
4.235	3
4.235	2
4.236	3
4.236	3
4.237	5
4.238	6
4.239	6
4.239	3
4.239	3
4.24	5
4.24	3
4.24	3
4.241	3
4.241	5
4.241	3
4.241	3
4.241	3
4.241	3
4.241	3
4.241	3
4.242	5
4.242	3
4.242	2
4.242	3
4.242	2
4.242	3
4.242	2
4.243	4
4.243	5
4.243	7
4.243	2
4.243	3
4.244	6
4.244	3
4.244	3
4.244	4
4.244	3
4.245	4
4.245	3
4.245	3
4.245	3
4.245	4
4.245	3
4.246	4
4.246	3
4.246	5
4.246	3
4.246	3
4.246	3
4.247	5
4.247	3
4.247	3
4.247	3
4.248	6
4.248	3
4.248	3
4.248	4
4.248	3
4.248	3
4.248	3
4.249	3
4.249	3
4.249	3
4.249	3
4.249	4
4.249	3
4.249	3
4.25	5
4.25	3
4.25	3
4.25	3
4.25	4
4.25	3
4.25	3
4.25	2
4.25	3
4.251	3
4.251	4
4.251	4
4.252	4
4.252	4
4.252	5
4.252	3
4.252	5
4.252	3
4.252	3
4.252	4
4.252	3
4.253	2
4.253	3
4.253	5
4.253	3
4.254	3
4.254	2
4.254	5
4.254	3
4.254	3
4.255	5
4.255	3
4.255	2
4.255	3
4.256	5
4.256	5
4.256	3
4.256	3
4.256	2
4.256	3
4.256	3
4.256	4
4.256	3
4.256	3
4.256	5
4.257	3
4.257	3
4.257	3
4.258	3
4.258	3
4.258	4
4.258	3
4.259	3
4.259	3
4.259	3
4.259	4
4.259	3
4.259	3
4.26	4
4.26	4
4.26	3
4.26	3
4.26	5
4.26	4
4.261	4
4.261	1
4.262	4
4.262	3
4.262	3
4.263	4
4.263	6
4.263	3
4.263	3
4.263	3
4.263	2
4.264	4
4.264	5
4.264	3
4.264	3
4.264	3
4.264	3
4.264	3
4.264	3
4.265	4
4.265	3
4.265	3
4.265	5
4.266	5
4.266	4
4.266	3
4.267	3
4.267	4
4.267	4
4.267	3
4.267	3
4.268	5
4.268	3
4.268	3
4.268	4
4.269	3
4.269	6
4.269	2
4.269	3
4.269	3
4.269	3
4.269	4
4.269	3
4.269	3
4.269	3
4.269	3
4.269	3
4.27	3
4.27	3
4.27	2
4.27	3
4.27	2
4.27	3
4.27	2
4.271	3
4.271	3
4.271	3
4.271	3
4.271	3
4.272	6
4.272	3
4.272	4
4.272	3
4.272	3
4.273	3
4.273	1
4.273	3
4.273	4
4.273	4
4.273	5
4.274	5
4.274	5
4.274	3
4.274	1
4.275	3
4.275	5
4.275	4
4.275	4
4.275	3
4.275	3
4.276	3
4.276	3
4.276	4
4.276	3
4.276	3
4.276	3
4.277	4
4.277	3
4.277	3
4.277	3
4.277	2
4.277	3
4.277	4
4.278	6
4.278	3
4.278	3
4.278	3
4.278	3
4.278	2
4.278	3
4.279	3
4.279	3
4.279	3
4.28	3
4.28	3
4.28	3
4.28	4
4.28	3
4.28	3
4.28	4
4.28	3
4.281	3
4.281	3
4.281	3
4.281	1
4.281	3
4.281	3
4.282	4
4.282	3
4.282	3
4.282	5
4.282	3
4.282	3
4.282	5
4.283	3
4.283	4
4.283	4
4.284	3
4.284	3
4.284	3
4.284	3
4.284	3
4.284	3
4.284	3
4.284	4
4.284	3
4.284	3
4.284	3
4.285	4
4.285	4
4.285	3
4.285	3
4.285	3
4.286	4
4.286	4
4.286	4
4.286	3
4.286	4
4.286	3
4.286	3
4.286	3
4.286	3
4.286	3
4.287	3
4.287	3
4.287	2
4.287	3
4.287	2
4.288	4
4.288	3
4.288	3
4.288	5
4.289	4
4.289	2
4.289	4
4.289	3
4.289	3
4.289	1
4.29	6
4.29	2
4.29	4
4.29	4
4.29	3
4.291	4
4.291	3
4.291	6
4.291	3
4.291	3
4.291	2
4.292	3
4.292	4
4.292	3
4.292	3
4.292	3
4.293	5
4.293	3
4.293	3
4.293	4
4.293	4
4.293	3
4.294	3
4.294	3
4.294	3
4.295	3
4.295	3
4.295	4
4.295	3
4.295	2
4.295	3
4.296	4
4.297	4
4.297	5
4.297	4
4.297	2
4.297	4
4.297	4
4.297	3
4.297	3
4.297	4
4.297	3
4.298	4
4.298	2
4.298	5
4.298	6
4.298	3
4.299	5
4.299	5
4.299	3
4.299	3
4.299	3
4.299	2
4.299	4
4.299	3
4.299	3
4.299	3
4.299	5
4.299	3
4.299	3
4.3	3
4.3	3
4.3	3
4.3	3
4.3	3
4.3	3
4.3	3
4.301	3
4.301	4
4.301	2
4.301	3
4.301	4
4.301	3
4.301	3
4.302	5
4.302	3
4.302	3
4.302	3
4.303	3
4.303	4
4.303	4
4.304	3
4.304	4
4.304	3
4.304	3
4.305	4
4.305	4
4.305	3
4.305	5
4.305	2
4.305	3
4.305	3
4.305	5
4.306	3
4.306	4
4.306	4
4.306	2
4.306	3
4.306	3
4.306	1
4.307	3
4.307	3
4.307	3
4.307	3
4.307	3
4.308	5
4.308	5
4.308	3
4.308	3
4.308	3
4.308	4
4.308	3
4.308	2
4.309	3
4.309	3
4.309	1
4.309	3
4.311	5
4.311	4
4.311	3
4.311	5
4.311	5
4.312	5
4.312	3
4.312	3
4.312	3
4.312	4
4.312	3
4.313	5
4.313	4
4.313	4
4.313	3
4.313	3
4.313	3
4.314	3
4.314	3
4.314	5
4.314	3
4.314	3
4.314	4
4.315	3
4.315	3
4.315	3
4.315	4
4.315	4
4.316	3
4.316	3
4.316	3
4.317	5
4.317	3
4.317	3
4.317	3
4.317	3
4.317	3
4.317	3
4.318	5
4.318	4
4.318	4
4.319	5
4.319	3
4.319	3
4.319	3
4.32	4
4.32	5
4.32	5
4.32	5
4.321	4
4.321	4
4.321	5
4.321	4
4.321	4
4.321	3
4.321	3
4.322	3
4.322	4
4.322	4
4.322	3
4.322	3
4.322	2
4.322	3
4.322	3
4.322	3
4.322	3
4.323	3
4.323	3
4.323	3
4.323	3
4.324	3
4.324	3
4.324	3
4.324	3
4.324	4
4.324	4
4.324	3
4.324	3
4.324	3
4.324	3
4.324	4
4.325	3
4.325	5
4.325	2
4.325	4
4.325	3
4.325	4
4.325	2
4.325	2
4.325	3
4.325	3
4.325	2
4.325	2
4.326	3
4.326	6
4.326	3
4.326	1
4.326	2
4.327	4
4.327	3
4.328	3
4.328	4
4.328	3
4.329	5
4.329	4
4.329	4
4.329	3
4.329	3
4.329	5
4.33	5
4.33	3
4.33	3
4.33	3
4.33	3
4.33	3
4.331	5
4.331	3
4.331	3
4.331	3
4.331	3
4.331	3
4.332	7
4.332	5
4.332	3
4.332	4
4.332	3
4.333	7
4.333	3
4.333	5
4.333	2
4.333	2
4.333	3
4.333	3
4.333	3
4.333	3
4.333	4
4.333	3
4.333	3
4.334	2
4.334	3
4.334	3
4.334	2
4.334	3
4.334	2
4.335	3
4.335	3
4.335	3
4.335	4
4.335	3
4.335	3
4.335	3
4.335	3
4.335	4
4.335	4
4.335	3
4.335	3
4.336	3
4.336	3
4.336	3
4.336	3
4.337	6
4.337	5
4.337	5
4.337	5
4.337	3
4.337	3
4.337	3
4.337	3
4.338	6
4.338	4
4.338	4
4.339	5
4.339	3
4.339	2
4.339	2
4.339	3
4.339	3
4.339	4
4.339	4
4.339	3
4.339	3
4.339	3
4.339	3
4.339	3
4.34	7
4.34	3
4.34	3
4.34	3
4.34	3
4.34	3
4.34	3
4.34	3
4.341	4
4.341	5
4.341	4
4.341	4
4.341	4
4.341	4
4.342	4
4.342	5
4.342	3
4.342	2
4.342	4
4.342	2
4.342	3
4.343	6
4.343	3
4.343	3
4.343	5
4.343	5
4.344	3
4.344	4
4.344	3
4.344	1
4.344	1
4.344	3
4.344	3
4.344	4
4.344	3
4.345	6
4.345	3
4.345	3
4.345	3
4.345	3
4.345	5
4.346	3
4.346	3
4.346	2
4.346	2
4.346	5
4.346	3
4.346	3
4.347	4
4.347	3
4.347	3
4.347	3
4.347	3
4.348	3
4.348	3
4.348	2
4.348	3
4.348	4
4.348	3
4.348	3
4.349	4
4.349	3
4.349	3
4.349	4
4.349	5
4.349	5
4.349	4
4.349	3
4.349	3
4.349	3
4.349	3
4.349	4
4.35	4
4.35	3
4.35	3
4.35	5
4.35	4
4.35	4
4.35	3
4.35	3
4.35	4
4.351	2
4.351	2
4.352	3
4.352	3
4.352	3
4.352	4
4.352	4
4.352	3
4.352	5
4.353	5
4.353	5
4.353	3
4.353	1
4.353	3
4.354	5
4.354	3
4.354	3
4.354	3
4.354	3
4.354	3
4.354	5
4.355	3
4.355	3
4.355	3
4.355	3
4.355	3
4.355	2
4.356	3
4.356	3
4.356	3
4.356	4
4.356	4
4.356	3
4.356	3
4.357	3
4.357	4
4.357	4
4.357	4
4.357	3
4.358	3
4.358	4
4.358	4
4.358	4
4.358	4
4.358	3
4.358	3
4.358	3
4.358	4
4.358	3
4.358	3
4.359	3
4.359	3
4.359	3
4.359	3
4.359	3
4.359	4
4.359	3
4.359	2
4.359	3
4.359	2
4.36	2
4.36	2
4.36	3
4.36	3
4.361	6
4.361	5
4.361	3
4.361	3
4.361	3
4.361	3
4.361	3
4.361	3
4.361	4
4.362	6
4.363	3
4.363	3
4.363	4
4.363	4
4.363	3
4.363	3
4.364	5
4.364	3
4.364	4
4.364	3
4.364	3
4.364	1
4.364	1
4.364	3
4.364	3
4.364	3
4.365	5
4.365	5
4.365	4
4.365	3
4.366	5
4.366	4
4.366	4
4.367	6
4.367	5
4.367	3
4.367	3
4.367	3
4.367	3
4.367	3
4.367	3
4.367	3
4.367	4
4.367	2
4.367	3
4.367	5
4.368	6
4.368	7
4.368	3
4.368	3
4.368	3
4.368	3
4.369	3
4.369	6
4.369	3
4.369	3
4.369	2
4.369	3
4.369	3
4.369	3
4.369	4
4.369	3
4.369	3
4.37	3
4.37	5
4.37	3
4.37	3
4.37	3
4.37	3
4.37	3
4.371	5
4.371	3
4.371	3
4.371	4
4.372	5
4.372	3
4.372	3
4.372	3
4.372	3
4.372	3
4.372	4
4.373	3
4.373	6
4.373	4
4.373	4
4.373	3
4.373	1
4.373	2
4.373	3
4.373	4
4.373	3
4.373	3
4.373	2
4.374	3
4.374	4
4.374	4
4.374	3
4.374	3
4.374	3
4.374	3
4.375	4
4.375	6
4.375	3
4.375	4
4.375	4
4.375	3
4.375	5
4.376	4
4.376	4
4.376	4
4.376	4
4.376	4
4.376	3
4.376	3
4.376	5
4.377	3
4.377	4
4.377	5
4.377	3
4.377	3
4.377	5
4.377	3
4.378	3
4.378	3
4.378	3
4.378	3
4.378	1
4.378	3
4.379	3
4.379	3
4.379	4
4.38	2
4.38	2
4.38	4
4.38	4
4.38	3
4.38	2
4.38	3
4.38	3
4.38	4
4.38	3
4.38	3
4.38	5
4.381	3
4.381	6
4.381	6
4.381	3
4.381	3
4.381	3
4.381	2
4.381	3
4.381	2
4.381	2
4.382	3
4.382	5
4.382	4
4.382	4
4.382	3
4.382	3
4.382	4
4.382	3
4.383	3
4.383	4
4.383	3
4.383	3
4.383	3
4.383	3
4.383	3
4.384	3
4.384	3
4.384	5
4.384	3
4.384	4
4.384	3
4.384	5
4.384	4
4.385	4
4.385	7
4.385	3
4.385	3
4.385	4
4.385	4
4.386	4
4.386	4
4.386	3
4.386	3
4.386	2
4.387	4
4.387	4
4.387	4
4.387	4
4.387	3
4.387	3
4.388	4
4.388	5
4.388	5
4.388	3
4.388	3
4.388	3
4.388	3
4.388	4
4.388	3
4.388	3
4.388	3
4.389	5
4.389	2
4.389	2
4.389	2
4.389	4
4.389	3
4.389	3
4.389	2
4.389	3
4.389	2
4.389	3
4.389	2
4.389	5
4.39	3
4.39	6
4.39	3
4.39	3
4.39	3
4.39	3
4.39	3
4.39	3
4.39	6
4.39	4
4.391	5
4.391	3
4.391	3
4.391	4
4.391	3
4.391	3
4.391	3
4.391	4
4.391	3
4.391	3
4.392	3
4.392	5
4.392	3
4.392	3
4.392	4
4.392	3
4.393	3
4.393	3
4.393	3
4.393	5
4.393	3
4.393	3
4.393	3
4.393	3
4.393	4
4.393	3
4.393	3
4.394	4
4.394	4
4.394	5
4.394	3
4.394	2
4.394	3
4.394	3
4.394	2
4.394	3
4.394	2
4.395	4
4.395	3
4.395	3
4.395	3
4.395	3
4.395	2
4.395	3
4.395	4
4.395	3
4.395	3
4.395	3
4.395	5
4.396	4
4.396	4
4.396	4
4.396	4
4.396	4
4.396	3
4.396	3
4.397	5
4.397	5
4.397	6
4.397	3
4.397	3
4.397	5
4.397	3
4.397	4
4.397	4
4.397	2
4.397	3
4.397	3
4.398	5
4.398	5
4.398	2
4.398	3
4.398	1
4.399	5
4.399	3
4.399	3
4.399	3
4.399	3
4.399	3
4.399	3
4.399	5
4.399	3
4.399	3
4.399	4
4.399	3
4.399	3
4.399	4
4.4	3
4.4	5
4.4	3
4.4	4
4.4	1
4.4	3
4.4	3
4.401	3
4.401	3
4.401	3
4.401	3
4.401	3
4.401	5
4.401	3
4.401	3
4.401	2
4.402	4
4.402	4
4.402	4
4.402	3
4.402	3
4.402	2
4.402	2
4.402	3
4.403	6
4.403	3
4.403	3
4.403	2
4.403	3
4.403	4
4.403	3
4.403	3
4.403	3
4.404	5
4.404	5
4.404	3
4.404	3
4.404	3
4.404	3
4.404	3
4.404	3
4.404	4
4.404	3
4.404	5
4.405	5
4.405	5
4.405	3
4.405	3
4.405	3
4.405	3
4.405	3
4.405	4
4.405	4
4.405	3
4.405	4
4.405	3
4.406	5
4.406	3
4.406	3
4.406	3
4.406	4
4.406	3
4.406	5
4.406	3
4.406	3
4.406	3
4.407	4
4.407	3
4.407	5
4.408	5
4.408	5
4.408	3
4.408	3
4.408	4
4.408	1
4.408	2
4.408	3
4.408	4
4.408	3
4.408	3
4.408	3
4.408	3
4.408	4
4.408	3
4.408	3
4.409	3
4.409	3
4.409	3
4.409	3
4.409	3
4.409	2
4.409	3
4.409	2
4.41	4
4.41	4
4.41	3
4.41	3
4.41	3
4.41	2
4.41	4
4.411	4
4.411	4
4.411	3
4.411	3
4.411	3
4.412	4
4.412	4
4.412	4
4.412	4
4.412	3
4.412	4
4.412	3
4.412	5
4.413	3
4.413	3
4.413	5
4.413	3
4.413	1
4.414	6
4.414	3
4.414	3
4.414	2
4.414	4
4.414	4
4.414	4
4.414	3
4.414	3
4.414	3
4.414	5
4.415	6
4.415	3
4.415	3
4.415	3
4.415	2
4.415	3
4.416	3
4.416	3
4.416	4
4.416	3
4.416	2
4.416	3
4.416	4
4.416	3
4.416	3
4.417	5
4.417	5
4.417	3
4.417	3
4.417	3
4.417	2
4.417	3
4.418	3
4.418	3
4.418	3
4.418	3
4.418	4
4.419	3
4.419	3
4.419	4
4.419	3
4.419	3
4.419	4
4.419	3
4.419	3
4.419	3
4.419	4
4.419	3
4.42	6
4.42	5
4.42	5
4.42	3
4.42	1
4.42	4
4.42	3
4.42	2
4.421	4
4.421	4
4.421	4
4.421	4
4.421	5
4.421	3
4.421	3
4.422	4
4.422	3
4.422	5
4.422	5
4.422	3
4.422	3
4.422	3
4.422	5
4.422	4
4.422	4
4.422	3
4.423	4
4.423	7
4.423	7
4.423	3
4.423	3
4.423	3
4.423	3
4.423	3
4.423	3
4.423	3
4.423	2
4.423	3
4.423	4
4.423	3
4.423	3
4.423	5
4.424	3
4.424	3
4.424	3
4.424	3
4.424	3
4.424	3
4.424	3
4.424	3
4.424	3
4.424	3
4.425	3
4.425	3
4.425	3
4.425	3
4.425	3
4.425	4
4.425	4
4.425	3
4.426	3
4.426	3
4.427	5
4.427	3
4.427	4
4.427	4
4.427	3
4.427	5
4.427	3
4.427	3
4.427	4
4.427	3
4.427	3
4.428	3
4.428	4
4.428	6
4.428	6
4.428	3
4.428	3
4.428	3
4.428	1
4.428	3
4.428	3
4.428	1
4.428	2
4.428	3
4.428	2
4.429	5
4.429	3
4.429	4
4.429	3
4.429	3
4.429	3
4.43	4
4.43	4
4.43	3
4.43	4
4.43	3
4.43	3
4.43	3
4.43	2
4.431	5
4.431	3
4.431	3
4.431	3
4.431	3
4.431	3
4.432	4
4.432	4
4.432	5
4.432	4
4.432	7
4.432	4
4.432	4
4.432	3
4.432	3
4.432	4
4.433	5
4.433	5
4.433	3
4.433	3
4.433	3
4.433	1
4.433	3
4.433	3
4.434	3
4.434	3
4.434	4
4.434	3
4.434	3
4.435	3
4.435	4
4.436	4
4.436	2
4.436	4
4.436	3
4.436	3
4.436	3
4.436	3
4.436	4
4.436	2
4.436	3
4.437	6
4.437	6
4.437	4
4.437	3
4.438	5
4.438	3
4.438	3
4.438	3
4.438	3
4.438	3
4.438	3
4.438	3
4.438	3
4.438	4
4.438	3
4.439	4
4.439	3
4.439	3
4.439	3
4.439	3
4.439	3
4.439	3
4.439	3
4.439	3
4.439	3
4.439	3
4.439	3
4.44	4
4.44	4
4.44	4
4.44	4
4.44	4
4.44	4
4.44	5
4.44	3
4.44	3
4.441	4
4.441	4
4.441	3
4.441	3
4.441	3
4.442	5
4.442	3
4.442	4
4.442	4
4.442	2
4.442	3
4.442	4
4.442	3
4.442	3
4.443	4
4.443	3
4.443	3
4.443	3
4.443	3
4.443	3
4.444	5
4.444	5
4.444	5
4.444	5
4.444	2
4.444	4
4.444	3
4.444	3
4.444	4
4.445	3
4.445	3
4.445	6
4.445	4
4.445	4
4.445	3
4.445	3
4.446	4
4.446	4
4.446	3
4.446	3
4.446	3
4.446	3
4.446	3
4.446	3
4.446	5
4.447	3
4.447	3
4.447	3
4.447	3
4.447	3
4.447	3
4.447	3
4.447	4
4.447	1
4.448	3
4.448	3
4.448	3
4.448	1
4.448	3
4.449	4
4.449	3
4.449	2
4.449	4
4.449	3
4.449	2
4.45	5
4.45	5
4.45	3
4.45	6
4.45	4
4.45	3
4.451	3
4.451	4
4.451	3
4.451	3
4.451	3
4.451	3
4.452	6
4.452	6
4.452	4
4.452	4
4.452	5
4.452	3
4.452	3
4.452	3
4.453	5
4.453	3
4.453	3
4.453	3
4.453	4
4.453	3
4.454	5
4.454	3
4.454	3
4.454	3
4.454	3
4.454	3
4.455	5
4.455	5
4.455	3
4.455	3
4.455	4
4.456	3
4.456	5
4.456	3
4.456	4
4.456	3
4.456	3
4.457	7
4.457	5
4.457	4
4.457	3
4.457	3
4.458	6
4.458	6
4.458	4
4.458	3
4.458	3
4.458	3
4.458	3
4.459	3
4.459	3
4.459	3
4.459	3
4.459	4
4.459	5
4.46	3
4.46	3
4.46	5
4.46	4
4.46	4
4.46	3
4.46	4
4.46	4
4.461	6
4.461	3
4.461	3
4.461	3
4.461	4
4.461	3
4.462	6
4.462	3
4.462	3
4.462	3
4.463	3
4.463	3
4.463	3
4.463	4
4.464	3
4.464	3
4.464	5
4.464	5
4.464	3
4.464	2
4.464	4
4.464	3
4.464	3
4.465	4
4.465	4
4.465	6
4.465	2
4.466	4
4.466	4
4.466	4
4.466	4
4.466	4
4.466	3
4.466	3
4.466	3
4.466	3
4.466	4
4.467	6
4.467	3
4.467	3
4.467	2
4.467	3
4.468	4
4.468	4
4.468	5
4.468	2
4.468	5
4.469	3
4.469	3
4.469	3
4.469	3
4.469	3
4.469	4
4.47	3
4.47	3
4.47	3
4.471	4
4.471	4
4.471	3
4.472	3
4.472	5
4.472	5
4.472	3
4.472	3
4.472	3
4.472	4
4.472	3
4.472	3
4.473	3
4.473	3
4.473	3
4.473	3
4.473	3
4.473	5
4.473	3
4.473	3
4.473	2
4.473	3
4.473	2
4.474	4
4.474	3
4.474	3
4.474	3
4.474	3
4.474	3
4.475	4
4.475	3
4.475	3
4.475	3
4.476	5
4.476	4
4.476	4
4.476	4
4.477	4
4.477	4
4.477	3
4.477	5
4.477	3
4.478	4
4.478	4
4.478	5
4.478	5
4.478	3
4.478	3
4.479	7
4.479	3
4.479	4
4.479	4
4.479	3
4.48	3
4.48	4
4.48	4
4.481	3
4.481	4
4.481	4
4.481	3
4.481	3
4.481	2
4.481	3
4.482	5
4.482	5
4.482	3
4.482	3
4.483	3
4.483	3
4.483	2
4.483	2
4.483	4
4.483	3
4.483	3
4.483	4
4.483	3
4.484	6
4.484	5
4.484	6
4.484	3
4.485	3
4.485	3
4.485	3
4.485	5
4.485	3
4.485	3
4.486	4
4.486	6
4.486	5
4.486	3
4.486	4
4.486	3
4.487	4
4.487	7
4.487	2
4.487	3
4.487	4
4.487	3
4.487	3
4.488	5
4.488	5
4.488	5
4.488	5
4.488	4
4.488	4
4.488	5
4.488	3
4.488	3
4.488	3
4.489	5
4.489	5
4.489	3
4.489	3
4.489	4
4.489	5
4.49	4
4.491	5
4.491	5
4.491	3
4.491	5
4.491	3
4.491	5
4.491	3
4.492	3
4.492	6
4.492	6
4.492	7
4.492	4
4.492	3
4.492	1
4.493	3
4.493	3
4.493	3
4.493	3
4.493	4
4.494	3
4.494	3
4.494	3
4.494	2
4.495	3
4.495	3
4.495	3
4.495	2
4.496	4
4.496	4
4.496	4
4.496	4
4.496	4
4.497	5
4.497	5
4.497	6
4.497	3
4.497	3
4.497	3
4.498	3
4.498	3
4.498	4
4.498	3
4.498	5
4.499	4
4.499	4
4.5	4
4.5	5
4.5	3
4.5	3
4.5	4
4.5	3
4.501	4
4.501	4
4.502	2
4.502	3
4.502	3
4.502	3
4.502	3
4.502	4
4.502	3
4.502	3
4.503	3
4.503	3
4.503	3
4.503	3
4.503	3
4.503	2
4.503	3
4.503	2
4.504	4
4.504	5
4.504	4
4.505	4
4.506	5
4.506	3
4.506	4
4.507	3
4.507	7
4.507	5
4.507	3
4.507	3
4.508	6
4.508	5
4.508	3
4.508	3
4.508	3
4.508	3
4.508	3
4.508	3
4.508	3
4.509	4
4.509	3
4.509	3
4.509	3
4.511	4
4.511	5
4.511	3
4.511	4
4.511	3
4.511	4
4.511	2
4.511	3
4.512	4
4.512	6
4.512	3
4.512	2
4.513	5
4.513	3
4.513	3
4.513	4
4.513	3
4.514	6
4.514	4
4.514	3
4.515	4
4.515	4
4.515	3
4.515	3
4.515	5
4.515	3
4.515	3
4.516	5
4.516	3
4.516	6
4.516	3
4.516	4
4.516	4
4.516	3
4.516	3
4.517	3
4.517	3
4.517	2
4.517	3
4.517	4
4.517	3
4.517	3
4.518	3
4.518	3
4.518	3
4.519	5
4.519	3
4.519	4
4.519	5
4.52	3
4.52	3
4.52	3
4.521	6
4.521	4
4.521	3
4.521	5
4.521	3
4.522	5
4.522	5
4.522	4
4.522	6
4.522	3
4.522	1
4.523	3
4.523	3
4.523	5
4.523	3
4.523	4
4.524	3
4.524	5
4.524	4
4.524	4
4.524	4
4.524	3
4.524	2
4.525	5
4.525	3
4.525	3
4.525	2
4.526	7
4.526	3
4.527	6
4.527	3
4.527	3
4.528	3
4.528	5
4.528	2
4.528	3
4.528	4
4.528	3
4.528	5
4.529	3
4.529	3
4.529	6
4.53	4
4.53	3
4.53	3
4.53	4
4.53	3
4.531	3
4.531	6
4.531	3
4.532	3
4.532	3
4.532	3
4.532	3
4.532	4
4.532	3
4.532	3
4.533	4
4.533	3
4.533	3
4.533	3
4.533	3
4.533	2
4.533	3
4.533	2
4.534	4
4.534	4
4.535	4
4.535	4
4.535	4
4.535	4
4.536	6
4.536	5
4.536	4
4.537	3
4.537	3
4.537	3
4.537	3
4.538	5
4.538	3
4.538	3
4.538	3
4.538	3
4.538	3
4.538	3
4.539	3
4.539	5
4.539	3
4.539	3
4.539	3
4.539	3
4.541	4
4.541	3
4.541	4
4.541	2
4.541	3
4.542	4
4.542	3
4.542	6
4.542	3
4.542	3
4.542	3
4.542	2
4.543	4
4.543	3
4.543	3
4.543	3
4.543	4
4.543	3
4.544	5
4.544	5
4.544	3
4.544	4
4.544	4
4.544	4
4.544	3
4.545	3
4.545	3
4.545	3
4.545	5
4.545	3
4.545	3
4.546	5
4.546	4
4.546	3
4.547	3
4.547	4
4.547	5
4.547	2
4.547	3
4.547	2
4.547	3
4.547	4
4.547	3
4.547	3
4.548	3
4.548	3
4.548	3
4.548	3
4.549	4
4.55	4
4.55	3
4.55	4
4.55	3
4.55	3
4.551	5
4.551	4
4.551	3
4.551	5
4.552	5
4.552	5
4.552	3
4.552	5
4.552	3
4.552	1
4.553	3
4.553	3
4.553	3
4.554	4
4.554	4
4.554	3
4.554	2
4.555	6
4.555	3
4.556	4
4.556	3
4.557	5
4.557	5
4.557	3
4.557	3
4.558	5
4.558	2
4.558	3
4.558	4
4.558	3
4.559	6
4.56	4
4.56	4
4.56	3
4.56	3
4.56	4
4.561	4
4.561	6
4.561	3
4.561	3
4.562	4
4.562	3
4.562	3
4.563	3
4.563	3
4.563	3
4.563	3
4.564	3
4.564	4
4.564	5
4.565	4
4.566	5
4.566	5
4.566	4
4.566	3
4.567	3
4.567	3
4.567	3
4.567	3
4.567	3
4.568	5
4.568	3
4.568	3
4.568	3
4.568	3
4.568	3
4.568	4
4.568	5
4.569	4
4.569	3
4.569	3
4.569	3
4.57	5
4.57	3
4.57	2
4.57	3
4.571	7
4.571	3
4.571	4
4.572	5
4.572	5
4.572	3
4.572	2
4.572	3
4.572	4
4.573	3
4.573	5
4.574	4
4.574	4
4.574	4
4.574	2
4.575	3
4.575	3
4.575	3
4.575	3
4.576	3
4.576	6
4.576	3
4.576	3
4.577	2
4.577	3
4.577	3
4.577	3
4.577	4
4.577	3
4.577	3
4.577	5
4.578	3
4.578	3
4.578	3
4.578	2
4.579	3
4.58	4
4.58	4
4.58	4
4.58	4
4.58	3
4.58	3
4.581	4
4.581	4
4.581	3
4.581	3
4.581	4
4.581	3
4.581	3
4.582	5
4.582	3
4.582	3
4.582	3
4.582	2
4.583	3
4.583	3
4.583	3
4.584	4
4.584	4
4.584	3
4.585	5
4.586	3
4.586	3
4.586	3
4.586	2
4.586	3
4.587	3
4.587	3
4.587	3
4.588	4
4.588	2
4.588	3
4.588	3
4.588	3
4.588	4
4.588	3
4.588	3
4.589	6
4.589	3
4.59	4
4.59	4
4.59	3
4.59	3
4.59	5
4.59	3
4.59	3
4.59	2
4.59	3
4.591	5
4.591	5
4.591	3
4.591	3
4.592	5
4.592	2
4.592	3
4.592	4
4.592	3
4.592	3
4.592	3
4.592	3
4.592	4
4.592	3
4.593	3
4.593	3
4.593	3
4.593	3
4.594	3
4.594	4
4.594	5
4.594	3
4.594	3
4.595	3
4.595	3
4.596	5
4.596	3
4.596	5
4.596	2
4.596	3
4.596	4
4.596	3
4.596	3
4.597	3
4.597	1
4.597	3
4.597	3
4.598	5
4.598	3
4.598	3
4.598	3
4.598	3
4.598	4
4.599	3
4.599	3
4.599	2
4.6	6
4.6	5
4.6	3
4.6	3
4.6	3
4.6	5
4.601	7
4.601	1
4.601	5
4.602	3
4.602	3
4.603	5
4.603	3
4.603	4
4.603	3
4.603	3
4.603	2
4.603	3
4.604	4
4.604	4
4.604	3
4.605	3
4.605	4
4.605	4
4.606	6
4.606	6
4.606	3
4.607	2
4.607	3
4.607	3
4.607	4
4.607	3
4.607	2
4.608	3
4.608	3
4.608	3
4.609	4
4.609	4
4.609	3
4.61	4
4.61	4
4.61	4
4.61	5
4.611	4
4.611	3
4.611	3
4.612	3
4.612	5
4.612	3
4.612	3
4.612	3
4.612	3
4.612	3
4.613	3
4.613	3
4.613	3
4.613	3
4.613	4
4.614	4
4.614	3
4.614	3
4.614	3
4.614	3
4.614	4
4.614	3
4.614	3
4.615	4
4.615	3
4.615	3
4.615	2
4.616	3
4.616	3
4.616	4
4.616	3
4.616	3
4.616	5
4.617	3
4.617	3
4.617	3
4.617	2
4.617	3
4.617	3
4.618	4
4.618	3
4.618	3
4.618	3
4.619	4
4.619	5
4.62	4
4.62	4
4.62	3
4.62	3
4.62	3
4.62	4
4.62	3
4.62	4
4.621	3
4.621	3
4.621	3
4.621	3
4.621	2
4.621	3
4.621	3
4.622	5
4.622	3
4.622	2
4.623	3
4.623	4
4.623	2
4.623	3
4.623	4
4.624	3
4.624	3
4.624	3
4.624	3
4.625	4
4.625	3
4.625	3
4.625	3
4.625	3
4.625	3
4.625	3
4.625	4
4.625	3
4.625	5
4.625	2
4.626	4
4.626	4
4.626	3
4.626	3
4.627	3
4.627	3
4.627	5
4.627	3
4.627	3
4.627	3
4.627	3
4.628	5
4.628	5
4.629	4
4.629	4
4.629	3
4.629	3
4.629	2
4.629	3
4.629	4
4.629	3
4.629	3
4.629	3
4.629	3
4.629	4
4.629	3
4.629	3
4.63	5
4.63	6
4.63	5
4.63	3
4.63	4
4.63	3
4.63	3
4.63	3
4.63	3
4.63	2
4.63	3
4.631	3
4.631	7
4.631	3
4.631	3
4.631	4
4.632	3
4.632	3
4.632	4
4.632	3
4.632	3
4.633	5
4.633	2
4.633	3
4.633	4
4.633	4
4.633	3
4.633	5
4.633	3
4.633	3
4.633	2
4.634	6
4.634	1
4.635	3
4.635	3
4.635	3
4.635	3
4.635	3
4.636	5
4.636	5
4.636	6
4.636	6
4.636	3
4.636	3
4.636	2
4.636	3
4.637	2
4.637	3
4.637	3
4.638	3
4.638	3
4.638	6
4.638	2
4.638	3
4.638	3
4.639	3
4.639	3
4.639	3
4.639	3
4.64	4
4.64	4
4.64	3
4.64	3
4.64	4
4.64	3
4.64	3
4.64	3
4.64	4
4.64	3
4.641	5
4.641	3
4.641	2
4.641	3
4.642	3
4.642	3
4.642	3
4.642	4
4.642	5
4.642	3
4.642	3
4.643	3
4.643	3
4.643	3
4.643	3
4.643	3
4.643	4
4.643	3
4.644	4
4.644	3
4.644	3
4.644	3
4.644	3
4.644	2
4.644	3
4.644	4
4.644	3
4.644	3
4.644	3
4.645	5
4.645	3
4.645	3
4.645	3
4.645	3
4.645	5
4.645	3
4.645	3
4.646	3
4.646	4
4.646	4
4.647	3
4.647	3
4.647	3
4.647	3
4.647	3
4.647	2
4.647	3
4.647	4
4.647	3
4.647	3
4.648	4
4.648	3
4.648	3
4.648	4
4.648	3
4.648	5
4.648	3
4.648	3
4.649	4
4.649	4
4.649	3
4.649	3
4.649	1
4.649	4
4.65	3
4.65	3
4.65	3
4.65	3
4.651	3
4.651	3
4.651	3
4.651	3
4.651	2
4.651	3
4.651	5
4.652	5
4.652	2
4.652	3
4.652	3
4.652	1
4.653	4
4.653	4
4.653	3
4.653	4
4.653	3
4.654	3
4.654	3
4.654	2
4.654	3
4.654	3
4.654	2
4.655	4
4.655	3
4.655	4
4.655	4
4.655	3
4.655	3
4.656	4
4.656	2
4.656	4
4.657	5
4.657	3
4.657	3
4.657	4
4.657	3
4.658	3
4.658	3
4.658	3
4.658	4
4.658	3
4.659	4
4.659	3
4.659	3
4.659	3
4.66	5
4.66	6
4.66	3
4.66	3
4.66	3
4.66	4
4.661	3
4.661	3
4.661	5
4.661	4
4.662	3
4.662	3
4.662	3
4.662	3
4.662	3
4.662	3
4.663	5
4.663	4
4.663	4
4.663	3
4.663	3
4.664	3
4.664	3
4.664	3
4.664	4
4.665	4
4.665	4
4.665	3
4.665	3
4.665	3
4.666	5
4.666	5
4.666	6
4.666	3
4.666	4
4.666	4
4.666	3
4.666	3
4.666	4
4.666	5
4.667	3
4.667	3
4.668	3
4.668	3
4.668	3
4.668	4
4.668	3
4.668	3
4.668	3
4.669	3
4.669	4
4.669	4
4.669	3
4.669	2
4.669	3
4.669	3
4.67	3
4.67	2
4.67	3
4.67	4
4.671	6
4.671	4
4.671	3
4.671	4
4.672	3
4.672	3
4.672	3
4.672	3
4.672	3
4.672	3
4.672	2
4.672	2
4.673	5
4.673	3
4.673	3
4.673	3
4.674	4
4.674	3
4.674	4
4.674	3
4.675	5
4.675	3
4.675	3
4.675	3
4.675	3
4.675	3
4.675	5
4.676	7
4.676	3
4.677	5
4.677	3
4.677	3
4.677	3
4.677	3
4.677	3
4.678	5
4.678	4
4.678	3
4.679	5
4.679	3
4.679	3
4.679	3
4.679	3
4.679	3
4.679	4
4.679	3
4.679	3
4.68	7
4.68	3
4.68	3
4.68	3
4.68	3
4.68	3
4.68	3
4.68	3
4.68	2
4.681	3
4.681	6
4.681	3
4.681	4
4.681	4
4.681	4
4.682	3
4.683	3
4.684	4
4.684	4
4.685	4
4.685	4
4.685	4
4.685	6
4.685	3
4.685	2
4.685	3
4.685	3
4.686	4
4.686	4
4.686	4
4.686	6
4.686	3
4.686	3
4.687	3
4.687	3
4.687	3
4.688	3
4.688	2
4.688	3
4.688	2
4.688	3
4.689	3
4.689	4
4.689	2
4.689	6
4.69	5
4.69	3
4.69	3
4.69	3
4.69	3
4.69	3
4.69	4
4.69	3
4.691	3
4.691	3
4.691	3
4.692	3
4.692	3
4.692	4
4.692	3
4.692	5
4.692	3
4.692	3
4.693	4
4.693	4
4.693	3
4.694	5
4.694	3
4.694	2
4.694	3
4.694	4
4.694	3
4.694	3
4.695	3
4.695	3
4.695	3
4.695	3
4.695	3
4.695	3
4.695	3
4.695	3
4.696	5
4.696	5
4.696	3
4.696	3
4.696	3
4.696	4
4.696	4
4.697	5
4.697	4
4.697	3
4.698	3
4.698	3
4.698	3
4.698	3
4.698	3
4.698	5
4.699	3
4.699	1
4.7	3
4.7	3
4.7	3
4.701	5
4.701	4
4.701	4
4.701	3
4.701	2
4.702	4
4.702	4
4.702	3
4.702	3
4.703	3
4.703	3
4.704	3
4.704	2
4.704	4
4.704	4
4.704	3
4.705	6
4.705	3
4.705	4
4.705	3
4.706	3
4.707	4
4.707	2
4.707	4
4.708	5
4.709	6
4.709	5
4.709	3
4.709	3
4.71	5
4.71	3
4.71	3
4.71	4
4.71	3
4.71	3
4.711	6
4.711	4
4.712	5
4.712	5
4.712	3
4.712	5
4.713	3
4.713	7
4.713	3
4.713	3
4.713	3
4.713	4
4.714	3
4.714	3
4.715	6
4.715	3
4.715	3
4.716	3
4.716	3
4.716	3
4.717	3
4.717	3
4.717	4
4.717	4
4.718	6
4.718	3
4.718	3
4.718	4
4.719	4
4.719	3
4.719	2
4.72	4
4.72	4
4.721	3
4.721	3
4.721	3
4.721	4
4.722	3
4.722	4
4.722	3
4.722	3
4.723	4
4.723	3
4.724	3
4.724	3
4.725	5
4.725	3
4.726	3
4.727	5
4.727	3
4.727	3
4.727	3
4.728	7
4.728	5
4.728	4
4.729	3
4.729	3
4.729	3
4.73	4
4.73	3
4.73	4
4.73	5
4.73	3
4.731	4
4.731	7
4.731	4
4.731	4
4.733	6
4.733	3
4.734	4
4.734	5
4.735	5
4.735	4
4.735	2
4.735	3
4.736	3
4.736	5
4.736	6
4.737	3
4.737	3
4.737	4
4.737	2
4.737	3
4.738	3
4.739	5
4.74	3
4.74	3
4.74	4
4.74	3
4.741	5
4.741	5
4.742	6
4.742	3
4.743	4
4.744	3
4.744	3
4.744	3
4.745	5
4.745	5
4.745	4
4.745	4
4.745	3
4.745	3
4.745	3
4.746	3
4.747	3
4.747	3
4.747	5
4.748	6
4.748	4
4.749	5
4.749	3
4.75	3
4.75	3
4.751	4
4.751	4
4.751	4
4.752	3
4.752	5
4.752	3
4.753	2
4.754	3
4.754	2
4.755	3
4.755	3
4.756	4
4.756	5
4.757	6
4.757	4
4.758	3
4.759	5
4.76	4
4.76	6
4.76	3
4.76	3
4.76	3
4.76	3
4.76	4
4.76	3
4.76	3
4.761	3
4.761	3
4.761	2
4.763	3
4.763	6
4.763	4
4.763	3
4.765	3
4.766	6
4.766	3
4.767	4
4.767	4
4.767	4
4.767	3
4.768	4
4.768	3
4.768	3
4.769	3
4.769	2
4.769	3
4.771	4
4.771	3
4.771	3
4.771	3
4.771	4
4.771	3
4.772	5
4.772	3
4.772	3
4.772	5
4.773	3
4.773	5
4.773	3
4.773	3
4.774	4
4.774	3
4.775	5
4.775	2
4.775	3
4.775	4
4.775	3
4.775	3
4.776	3
4.776	3
4.776	4
4.777	5
4.777	3
4.777	4
4.778	5
4.778	5
4.778	3
4.778	7
4.778	2
4.779	3
4.779	5
4.78	1
4.78	3
4.781	3
4.781	3
4.781	5
4.782	4
4.782	3
4.782	2
4.783	4
4.783	5
4.783	3
4.783	3
4.785	4
4.785	3
4.785	3
4.785	3
4.785	4
4.785	3
4.785	3
4.786	4
4.786	4
4.786	3
4.786	3
4.786	3
4.786	2
4.787	5
4.787	3
4.787	4
4.788	3
4.788	4
4.79	5
4.79	3
4.79	3
4.791	3
4.791	3
4.791	3
4.791	3
4.792	4
4.792	3
4.793	5
4.793	5
4.794	3
4.794	3
4.794	4
4.794	2
4.794	3
4.795	4
4.795	3
4.795	3
4.796	5
4.796	5
4.796	3
4.796	3
4.796	3
4.796	3
4.796	4
4.796	3
4.797	3
4.797	3
4.797	3
4.798	5
4.798	3
4.798	3
4.799	5
4.799	3
4.799	4
4.8	3
4.8	2
4.8	2
4.8	3
4.8	4
4.8	3
4.8	3
4.801	3
4.801	3
4.802	3
4.802	4
4.802	4
4.803	3
4.803	3
4.804	3
4.804	3
4.804	5
4.805	3
4.805	1
4.806	3
4.806	3
4.807	6
4.807	3
4.807	2
4.808	3
4.808	3
4.808	3
4.809	4
4.81	4
4.81	3
4.81	3
4.811	4
4.811	3
4.812	4
4.812	4
4.813	6
4.813	4
4.814	3
4.815	3
4.815	3
4.815	3
4.816	2
4.816	3
4.816	3
4.816	3
4.817	6
4.817	4
4.817	5
4.818	2
4.818	3
4.819	3
4.819	3
4.819	4
4.819	3
4.82	3
4.82	3
4.821	4
4.821	3
4.821	3
4.821	3
4.821	4
4.822	3
4.822	3
4.823	3
4.823	2
4.824	4
4.824	3
4.824	4
4.824	5
4.825	3
4.825	3
4.825	2
4.825	3
4.825	5
4.826	3
4.826	3
4.826	3
4.826	5
4.826	3
4.827	3
4.827	4
4.827	3
4.828	3
4.828	3
4.828	3
4.828	3
4.828	4
4.829	3
4.829	4
4.83	3
4.83	3
4.83	3
4.83	4
4.83	3
4.83	3
4.83	2
4.831	3
4.831	3
4.831	3
4.831	3
4.831	2
4.831	2
4.832	4
4.832	4
4.832	4
4.832	3
4.833	4
4.833	3
4.833	3
4.833	3
4.833	5
4.833	3
4.834	4
4.834	5
4.835	3
4.835	3
4.835	3
4.835	5
4.836	3
4.836	3
4.837	5
4.837	4
4.837	4
4.837	3
4.837	3
4.837	3
4.837	4
4.837	3
4.837	3
4.837	3
4.838	3
4.838	4
4.838	3
4.838	3
4.838	2
4.838	3
4.838	3
4.838	4
4.838	3
4.838	3
4.839	3
4.839	2
4.839	3
4.839	3
4.839	3
4.839	2
4.839	4
4.84	5
4.841	3
4.841	3
4.841	2
4.841	3
4.841	3
4.841	3
4.841	4
4.841	3
4.841	2
4.842	6
4.842	3
4.843	5
4.843	5
4.843	2
4.843	3
4.843	5
4.843	3
4.843	3
4.843	3
4.843	3
4.844	3
4.844	3
4.844	3
4.844	3
4.844	5
4.845	2
4.845	3
4.845	4
4.845	3
4.845	3
4.845	3
4.846	3
4.846	3
4.846	3
4.846	2
4.846	3
4.846	3
4.847	4
4.847	2
4.847	3
4.848	4
4.848	4
4.848	3
4.848	3
4.848	3
4.848	4
4.848	3
4.848	3
4.848	3
4.848	4
4.848	3
4.848	3
4.849	3
4.849	4
4.849	3
4.849	5
4.849	3
4.849	3
4.849	3
4.849	4
4.849	3
4.849	3
4.849	3
4.849	2
4.85	3
4.85	1
4.85	5
4.85	3
4.85	3
4.85	3
4.851	3
4.851	3
4.851	3
4.851	3
4.851	5
4.851	3
4.851	3
4.852	3
4.852	3
4.852	3
4.852	2
4.852	2
4.852	3
4.852	4
4.852	3
4.852	3
4.853	3
4.853	3
4.853	3
4.853	2
4.853	3
4.853	4
4.853	3
4.853	3
4.854	3
4.854	3
4.854	3
4.854	3
4.855	3
4.855	3
4.855	3
4.856	5
4.856	3
4.856	4
4.856	3
4.856	3
4.856	5
4.857	4
4.857	4
4.857	1
4.857	3
4.857	5
4.857	2
4.857	3
4.858	5
4.858	3
4.858	3
4.858	4
4.858	3
4.858	1
4.859	7
4.859	3
4.859	2
4.859	3
4.859	3
4.859	3
4.859	4
4.859	3
4.86	3
4.86	3
4.86	3
4.86	3
4.86	3
4.86	2
4.86	3
4.861	3
4.861	3
4.861	3
4.861	5
4.861	3
4.861	3
4.861	5
4.862	4
4.862	3
4.863	4
4.863	4
4.863	3
4.863	3
4.863	2
4.863	3
4.863	4
4.863	3
4.863	3
4.863	3
4.864	5
4.864	4
4.864	4
4.864	3
4.864	3
4.864	3
4.865	5
4.865	3
4.865	3
4.865	4
4.865	3
4.865	4
4.865	5
4.866	3
4.866	3
4.866	3
4.866	3
4.866	4
4.867	3
4.867	3
4.867	3
4.867	3
4.867	3
4.867	4
4.867	2
4.867	3
4.868	3
4.868	4
4.868	3
4.868	3
4.868	3
4.868	3
4.868	1
4.869	3
4.869	3
4.869	4
4.869	4
4.869	3
4.869	3
4.869	3
4.869	3
4.869	4
4.87	3
4.87	2
4.87	4
4.87	3
4.87	2
4.87	5
4.871	4
4.871	3
4.871	2
4.871	5
4.872	4
4.872	3
4.872	3
4.872	4
4.872	3
4.873	4
4.873	4
4.873	3
4.873	3
4.873	3
4.873	3
4.873	3
4.873	3
4.873	3
4.873	3
4.873	3
4.874	3
4.874	3
4.874	3
4.874	3
4.874	3
4.874	3
4.874	4
4.874	3
4.874	3
4.874	3
4.874	4
4.874	3
4.874	3
4.874	5
4.875	3
4.875	3
4.875	3
4.875	3
4.875	3
4.875	3
4.875	3
4.875	2
4.875	4
4.876	4
4.876	3
4.876	3
4.876	4
4.876	4
4.876	3
4.877	3
4.877	3
4.877	2
4.877	3
4.877	4
4.877	2
4.878	3
4.878	3
4.878	3
4.878	2
4.878	3
4.878	3
4.878	3
4.878	3
4.878	4
4.878	3
4.878	3
4.879	4
4.879	4
4.879	3
4.879	3
4.879	3
4.879	3
4.879	2
4.879	3
4.879	5
4.88	5
4.88	3
4.88	3
4.88	3
4.88	4
4.88	4
4.88	3
4.88	5
4.881	5
4.881	3
4.881	3
4.881	3
4.881	3
4.881	3
4.882	4
4.882	4
4.882	3
4.882	3
4.882	4
4.882	3
4.883	3
4.883	5
4.883	3
4.883	3
4.883	3
4.883	3
4.883	3
4.883	2
4.883	3
4.883	4
4.884	7
4.884	3
4.884	3
4.884	3
4.884	3
4.884	3
4.884	3
4.884	3
4.884	4
4.884	3
4.884	3
4.885	3
4.885	3
4.885	3
4.885	3
4.885	3
4.885	3
4.885	4
4.885	3
4.885	3
4.885	3
4.885	3
4.885	2
4.885	2
4.886	2
4.886	3
4.886	4
4.886	3
4.886	3
4.886	3
4.887	6
4.887	3
4.887	4
4.887	3
4.887	4
4.887	5
4.887	3
4.887	3
4.887	2
4.887	3
4.887	3
4.887	5
4.888	6
4.888	2
4.888	3
4.888	3
4.888	3
4.888	2
4.888	5
4.889	5
4.889	3
4.889	4
4.889	4
4.889	2
4.889	3
4.889	4
4.889	3
4.889	3
4.889	3
4.889	3
4.889	4
4.889	3
4.889	3
4.89	4
4.89	4
4.89	4
4.89	3
4.89	3
4.89	3
4.89	3
4.89	3
4.89	5
4.891	4
4.891	3
4.891	3
4.891	3
4.891	3
4.891	3
4.891	5
4.891	3
4.891	3
4.891	3
4.891	4
4.892	3
4.892	3
4.892	3
4.892	3
4.892	4
4.892	3
4.892	3
4.892	3
4.893	2
4.893	4
4.893	3
4.893	2
4.893	3
4.893	3
4.893	3
4.893	4
4.893	2
4.893	3
4.893	4
4.893	3
4.893	3
4.893	2
4.893	3
4.893	3
4.893	3
4.893	2
4.893	2
4.894	6
4.894	4
4.894	6
4.894	2
4.894	3
4.894	3
4.894	1
4.894	3
4.894	3
4.894	4
4.895	3
4.895	2
4.895	3
4.895	6
4.895	3
4.895	3
4.895	3
4.895	3
4.895	4
4.895	3
4.895	3
4.896	3
4.896	3
4.896	3
4.896	3
4.896	3
4.896	2
4.896	3
4.896	3
4.896	3
4.896	3
4.896	2
4.896	3
4.896	5
4.896	3
4.897	3
4.897	3
4.897	4
4.897	3
4.897	3
4.897	4
4.897	5
4.897	3
4.897	3
4.898	3
4.898	3
4.898	1
4.898	3
4.898	3
4.898	3
4.899	3
4.899	3
4.899	3
4.899	2
4.899	3
4.899	4
4.899	3
4.899	3
4.899	3
4.899	5
4.9	3
4.9	3
4.9	3
4.9	3
4.9	4
4.9	4
4.9	4
4.9	3
4.9	3
4.9	2
4.9	3
4.9	3
4.9	3
4.9	3
4.9	4
4.9	3
4.9	3
4.901	4
4.901	3
4.901	4
4.901	3
4.901	3
4.901	3
4.901	2
4.901	3
4.901	3
4.901	3
4.901	2
4.901	3
4.902	4
4.902	4
4.902	4
4.902	3
4.902	4
4.902	3
4.902	4
4.903	3
4.903	3
4.903	3
4.903	3
4.903	3
4.903	3
4.903	3
4.903	4
4.903	3
4.903	3
4.903	4
4.903	3
4.903	3
4.903	3
4.903	4
4.903	3
4.903	3
4.904	3
4.904	3
4.904	3
4.904	3
4.904	2
4.904	3
4.904	3
4.904	3
4.904	4
4.904	3
4.904	1
4.904	3
4.904	3
4.904	3
4.904	2
4.905	5
4.905	3
4.905	3
4.905	6
4.905	3
4.905	3
4.905	3
4.905	5
4.905	3
4.905	3
4.906	2
4.906	3
4.906	4
4.906	4
4.906	3
4.906	2
4.906	3
4.907	3
4.907	3
4.907	2
4.907	3
4.907	4
4.907	3
4.907	3
4.907	3
4.908	3
4.908	4
4.908	3
4.908	4
4.908	3
4.908	3
4.908	3
4.908	3
4.908	5
4.909	3
4.909	4
4.909	4
4.909	3
4.909	3
4.909	3
4.909	3
4.909	3
4.909	3
4.909	3
4.909	3
4.909	2
4.909	3
4.909	3
4.91	5
4.91	3
4.91	4
4.91	4
4.91	3
4.91	3
4.91	4
4.91	4
4.91	3
4.91	3
4.91	3
4.911	3
4.911	3
4.911	3
4.911	3
4.911	3
4.911	3
4.911	3
4.911	4
4.911	3
4.911	3
4.911	4
4.911	3
4.912	3
4.912	4
4.912	4
4.912	4
4.912	1
4.912	3
4.912	2
4.912	3
4.912	4
4.913	4
4.913	6
4.913	3
4.913	3
4.913	3
4.913	4
4.913	3
4.913	3
4.913	3
4.913	5
4.913	3
4.913	3
4.914	4
4.914	3
4.914	3
4.914	3
4.914	3
4.914	3
4.914	2
4.914	3
4.914	3
4.914	3
4.914	3
4.914	3
4.914	2
4.914	3
4.914	3
4.914	4
4.914	3
4.914	3
4.914	5
4.915	4
4.915	3
4.915	3
4.915	3
4.915	3
4.915	3
4.915	3
4.915	2
4.915	3
4.915	4
4.915	3
4.915	3
4.915	3
4.916	4
4.916	4
4.916	4
4.916	4
4.916	3
4.916	3
4.916	5
4.916	3
4.916	3
4.916	3
4.916	3
4.917	5
4.917	3
4.917	3
4.917	3
4.917	4
4.917	3
4.917	3
4.917	5
4.918	5
4.918	4
4.918	4
4.918	3
4.918	3
4.918	5
4.918	3
4.918	3
4.918	2
4.918	4
4.918	4
4.918	3
4.918	2
4.918	3
4.918	4
4.918	3
4.918	3
4.918	4
4.919	3
4.919	6
4.919	3
4.919	3
4.919	3
4.919	3
4.919	3
4.919	3
4.919	3
4.919	3
4.919	4
4.919	3
4.919	3
4.919	3
4.92	4
4.92	4
4.92	3
4.92	4
4.92	3
4.92	3
4.92	4
4.92	1
4.92	3
4.92	3
4.921	3
4.921	3
4.921	3
4.921	3
4.921	3
4.921	3
4.921	3
4.921	3
4.921	3
4.921	3
4.921	4
4.921	3
4.921	3
4.922	3
4.922	3
4.922	3
4.922	3
4.922	3
4.922	3
4.922	3
4.922	3
4.922	2
4.922	3
4.922	4
4.922	3
4.922	3
4.922	2
4.922	3
4.923	3
4.923	4
4.923	3
4.923	3
4.923	4
4.923	3
4.923	3
4.923	3
4.923	1
4.923	5
4.924	5
4.924	5
4.924	3
4.924	3
4.924	3
4.924	2
4.924	4
4.924	3
4.925	3
4.925	4
4.925	4
4.925	3
4.925	3
4.925	2
4.925	3
4.926	5
4.926	3
4.926	4
4.926	4
4.926	4
4.926	4
4.926	4
4.926	3
4.926	3
4.926	4
4.926	4
4.926	4
4.926	3
4.926	3
4.927	4
4.927	3
4.927	4
4.927	3
4.927	3
4.927	3
4.927	3
4.927	3
4.927	3
4.927	3
4.927	4
4.927	3
4.927	3
4.928	5
4.928	3
4.928	5
4.928	3
4.928	3
4.928	3
4.928	3
4.928	3
4.928	4
4.928	3
4.928	3
4.928	3
4.928	3
4.928	2
4.929	7
4.929	3
4.929	3
4.929	3
4.929	3
4.929	3
4.929	3
4.929	4
4.929	3
4.93	3
4.93	2
4.93	3
4.93	3
4.93	4
4.93	3
4.93	3
4.93	3
4.93	2
4.93	3
4.931	6
4.931	3
4.931	4
4.931	3
4.931	3
4.931	4
4.932	3
4.932	2
4.932	3
4.932	3
4.932	3
4.932	3
4.932	3
4.932	2
4.932	4
4.932	3
4.932	3
4.932	4
4.932	3
4.933	5
4.933	3
4.933	4
4.933	3
4.933	3
4.933	3
4.933	3
4.934	3
4.934	5
4.934	5
4.934	2
4.934	3
4.934	3
4.934	4
4.934	4
4.934	3
4.934	3
4.934	5
4.934	3
4.934	3
4.934	3
4.934	5
4.935	5
4.935	3
4.935	3
4.935	6
4.935	3
4.935	3
4.935	3
4.935	3
4.935	4
4.936	7
4.936	5
4.936	3
4.936	4
4.936	4
4.936	2
4.936	3
4.936	3
4.936	4
4.936	3
4.936	3
4.936	3
4.936	3
4.936	3
4.936	4
4.936	3
4.936	3
4.936	2
4.936	3
4.936	3
4.937	6
4.937	3
4.937	2
4.937	3
4.937	3
4.937	3
4.937	3
4.937	4
4.937	3
4.937	3
4.938	4
4.938	2
4.938	4
4.938	4
4.938	3
4.938	3
4.938	3
4.938	3
4.938	3
4.938	3
4.938	3
4.938	4
4.938	3
4.938	4
4.939	4
4.939	3
4.939	3
4.939	3
4.939	4
4.939	3
4.939	3
4.939	3
4.94	3
4.94	3
4.94	3
4.94	3
4.94	2
4.94	3
4.94	3
4.94	3
4.94	3
4.94	2
4.94	3
4.94	3
4.94	3
4.94	4
4.94	5
4.94	3
4.94	3
4.94	3
4.941	5
4.941	3
4.941	2
4.941	6
4.941	4
4.941	1
4.942	5
4.942	4
4.942	2
4.942	3
4.942	3
4.942	4
4.942	3
4.942	4
4.942	3
4.942	3
4.942	3
4.942	4
4.942	3
4.942	3
4.942	3
4.943	5
4.943	3
4.943	3
4.943	3
4.943	3
4.943	3
4.943	2
4.943	3
4.943	2
4.943	3
4.943	3
4.943	5
4.944	3
4.944	5
4.944	3
4.944	3
4.944	3
4.944	3
4.944	4
4.944	3
4.944	3
4.944	3
4.945	3
4.945	3
4.945	2
4.945	4
4.945	3
4.945	3
4.945	3
4.945	3
4.945	4
4.945	3
4.946	3
4.946	2
4.946	4
4.946	5
4.946	3
4.946	4
4.946	4
4.946	3
4.946	3
4.946	3
4.946	3
4.946	3
4.946	3
4.946	3
4.947	6
4.947	3
4.947	2
4.947	3
4.947	4
4.947	3
4.947	1
4.947	3
4.947	3
4.947	4
4.947	3
4.947	3
4.948	4
4.948	2
4.948	3
4.948	3
4.948	3
4.948	3
4.948	3
4.948	3
4.948	3
4.948	2
4.949	5
4.949	5
4.949	3
4.949	3
4.949	3
4.949	6
4.949	4
4.949	3
4.949	4
4.949	3
4.949	2
4.95	5
4.95	4
4.95	4
4.95	3
4.95	3
4.95	3
4.95	2
4.95	3
4.95	3
4.95	3
4.951	3
4.951	3
4.951	3
4.951	3
4.951	3
4.951	3
4.951	3
4.952	3
4.952	3
4.952	5
4.952	4
4.952	3
4.952	4
4.952	4
4.952	3
4.952	3
4.952	3
4.953	3
4.953	3
4.953	3
4.953	3
4.953	3
4.953	3
4.953	3
4.953	4
4.953	4
4.953	3
4.953	3
4.954	3
4.954	5
4.954	3
4.954	3
4.954	5
4.955	3
4.955	3
4.955	3
4.955	2
4.955	3
4.955	4
4.955	4
4.955	4
4.956	2
4.956	4
4.956	4
4.956	4
4.956	4
4.956	4
4.956	2
4.956	3
4.956	3
4.956	3
4.956	2
4.956	3
4.956	3
4.957	5
4.957	3
4.957	3
4.957	6
4.957	3
4.957	3
4.957	3
4.957	3
4.957	3
4.958	6
4.958	5
4.958	3
4.958	5
4.958	3
4.958	3
4.958	3
4.958	2
4.958	3
4.958	3
4.958	3
4.958	3
4.958	3
4.958	3
4.958	3
4.958	4
4.958	3
4.958	4
4.959	3
4.959	3
4.959	3
4.959	3
4.959	3
4.959	2
4.959	3
4.959	4
4.959	3
4.96	3
4.96	6
4.96	3
4.96	4
4.96	5
4.96	3
4.96	3
4.96	3
4.961	4
4.961	3
4.961	3
4.961	2
4.961	3
4.961	3
4.961	2
4.961	4
4.962	4
4.962	4
4.962	3
4.962	4
4.962	3
4.962	3
4.962	3
4.962	3
4.962	3
4.962	4
4.962	3
4.962	3
4.962	3
4.963	3
4.963	3
4.963	3
4.963	3
4.963	2
4.963	4
4.963	3
4.963	3
4.963	3
4.963	3
4.963	5
4.964	6
4.964	3
4.964	5
4.964	4
4.964	4
4.964	4
4.964	3
4.964	3
4.964	3
4.964	3
4.964	3
4.964	3
4.965	6
4.965	3
4.965	3
4.965	3
4.965	3
4.965	3
4.965	3
4.966	3
4.966	6
4.966	3
4.966	4
4.966	4
4.966	3
4.966	3
4.966	3
4.966	2
4.966	3
4.966	3
4.966	4
4.966	3
4.966	3
4.967	3
4.967	3
4.967	3
4.967	4
4.967	3
4.967	3
4.967	2
4.967	1
4.967	3
4.967	3
4.967	4
4.967	3
4.967	3
4.968	4
4.968	5
4.968	3
4.968	3
4.968	3
4.968	3
4.968	3
4.968	2
4.969	4
4.969	3
4.969	3
4.969	3
4.969	3
4.969	3
4.969	4
4.969	3
4.969	2
4.97	3
4.97	5
4.97	3
4.97	4
4.97	3
4.97	4
4.97	3
4.97	3
4.97	3
4.971	6
4.971	3
4.971	3
4.971	3
4.971	3
4.972	4
4.972	6
4.972	5
4.972	3
4.972	4
4.972	4
4.972	5
4.972	4
4.972	4
4.972	3
4.972	3
4.973	3
4.973	6
4.973	3
4.973	3
4.973	3
4.973	3
4.973	3
4.973	4
4.973	3
4.973	4
4.973	3
4.973	3
4.974	3
4.974	5
4.974	3
4.974	3
4.975	3
4.975	4
4.975	4
4.975	3
4.975	3
4.975	3
4.975	4
4.976	6
4.976	5
4.976	3
4.976	3
4.976	3
4.976	3
4.976	4
4.976	2
4.976	3
4.976	5
4.977	3
4.977	6
4.977	2
4.977	3
4.977	3
4.977	3
4.977	3
4.978	3
4.978	5
4.978	4
4.978	3
4.978	6
4.978	3
4.978	3
4.978	3
4.978	3
4.978	4
4.978	3
4.978	3
4.979	3
4.979	4
4.979	4
4.979	2
4.979	3
4.979	3
4.979	4
4.979	4
4.979	3
4.98	4
4.98	5
4.98	4
4.98	4
4.98	5
4.98	3
4.98	5
4.98	3
4.98	3
4.98	4
4.981	3
4.981	3
4.981	3
4.981	4
4.981	3
4.981	4
4.982	6
4.982	2
4.982	4
4.982	5
4.982	5
4.982	3
4.982	3
4.982	3
4.982	3
4.982	3
4.982	3
4.982	4
4.982	3
4.982	3
4.982	3
4.983	4
4.983	6
4.983	5
4.983	2
4.983	3
4.983	3
4.983	3
4.983	3
4.983	3
4.984	4
4.984	3
4.984	3
4.984	3
4.984	3
4.984	3
4.984	2
4.984	6
4.984	3
4.984	3
4.984	2
4.984	3
4.985	4
4.985	2
4.985	3
4.985	5
4.986	3
4.986	2
4.986	4
4.986	3
4.986	3
4.986	3
4.986	4
4.986	3
4.986	3
4.986	5
4.987	3
4.987	3
4.987	3
4.987	3
4.987	3
4.987	3
4.987	2
4.987	1
4.987	3
4.988	5
4.988	3
4.988	4
4.988	5
4.988	4
4.988	4
4.988	3
4.988	3
4.988	3
4.988	3
4.989	3
4.989	3
4.989	3
4.989	3
4.989	4
4.989	3
4.989	2
4.989	3
4.989	3
4.989	4
4.989	3
4.989	3
4.99	4
4.99	4
4.99	3
4.99	5
4.99	3
4.99	2
4.99	3
4.99	3
4.99	3
4.99	3
4.99	3
4.99	2
4.99	4
4.991	4
4.991	4
4.991	6
4.991	4
4.991	4
4.991	4
4.991	3
4.992	4
4.992	2
4.992	4
4.992	3
4.992	3
4.992	3
4.992	3
4.992	3
4.992	3
4.992	3
4.993	3
4.993	3
4.993	4
4.993	4
4.993	3
4.993	3
4.993	3
4.993	3
4.993	4
4.993	3
4.994	5
4.994	5
4.994	5
4.994	3
4.994	3
4.994	3
4.994	3
4.995	5
4.995	3
4.995	3
4.995	3
4.995	4
4.995	3
4.995	5
4.996	3
4.996	5
4.996	4
4.996	4
4.996	3
4.996	4
4.996	3
4.997	3
4.997	3
4.997	3
4.997	3
4.997	3
4.997	3
4.997	3
4.998	5
4.998	5
4.998	3
4.998	3
4.998	3
4.998	3
4.998	2
4.998	3
4.999	3
4.999	3
4.999	6
4.999	4
4.999	4
4.999	4
4.999	4
4.999	3
4.999	4
4.999	4
4.999	3
4.999	3
4.999	4
4.999	3
4.999	3
5.0	3
5.0	2
5.0	4
5.0	3
5.0	3
5.0	3
5.0	4
5.0	3
5.0	3
5.0	3
5.0	2
5.001	5
5.001	5
5.001	4
5.001	3
5.001	5
5.001	3
5.001	5
5.001	3
5.001	4
5.001	3
5.002	5
5.002	5
5.002	4
5.002	6
5.002	6
5.002	3
5.002	3
5.002	3
5.002	3
5.002	3
5.002	5
5.002	3
5.002	3
5.003	2
5.003	3
5.003	3
5.003	3
5.004	5
5.004	4
5.004	6
5.004	3
5.004	3
5.004	3
5.004	3
5.004	4
5.004	3
5.004	3
5.005	4
5.005	3
5.005	4
5.005	2
5.005	3
5.005	3
5.005	3
5.005	3
5.006	5
5.006	6
5.006	3
5.006	3
5.006	4
5.006	2
5.006	3
5.007	3
5.007	3
5.007	3
5.007	3
5.007	4
5.007	5
5.007	3
5.007	2
5.008	6
5.008	3
5.008	2
5.008	4
5.008	3
5.008	3
5.008	3
5.008	3
5.008	3
5.008	2
5.008	3
5.009	4
5.009	4
5.009	4
5.009	4
5.009	1
5.01	3
5.01	3
5.01	2
5.01	3
5.01	3
5.01	3
5.01	3
5.01	3
5.01	4
5.01	3
5.011	2
5.011	4
5.011	3
5.011	3
5.011	3
5.011	3
5.011	2
5.011	3
5.012	5
5.012	5
5.012	6
5.012	6
5.012	5
5.012	3
5.012	3
5.012	3
5.012	5
5.012	3
5.012	3
5.013	3
5.013	3
5.013	3
5.013	3
5.013	3
5.013	5
5.014	3
5.014	3
5.014	3
5.014	3
5.014	3
5.014	3
5.014	4
5.014	3
5.014	3
5.015	4
5.015	3
5.015	3
5.015	3
5.015	4
5.015	4
5.015	3
5.015	3
5.015	4
5.015	3
5.015	3
5.015	3
5.015	3
5.016	4
5.016	3
5.016	3
5.016	4
5.016	2
5.017	4
5.017	3
5.017	4
5.017	3
5.018	3
5.018	6
5.018	3
5.018	3
5.018	3
5.018	3
5.018	3
5.019	3
5.019	5
5.019	3
5.019	3
5.019	4
5.019	4
5.019	3
5.019	4
5.019	3
5.019	3
5.019	1
5.019	3
5.02	4
5.02	3
5.02	6
5.02	5
5.02	6
5.02	3
5.02	3
5.02	3
5.02	3
5.021	3
5.021	4
5.021	3
5.021	2
5.021	3
5.022	3
5.022	3
5.022	5
5.023	3
5.023	4
5.023	3
5.023	5
5.023	4
5.023	2
5.023	3
5.023	4
5.024	3
5.024	6
5.024	3
5.024	3
5.024	3
5.024	3
5.025	4
5.025	5
5.025	3
5.025	4
5.025	2
5.025	3
5.025	3
5.025	3
5.025	4
5.025	3
5.026	4
5.026	6
5.026	3
5.026	6
5.026	3
5.026	3
5.026	3
5.026	3
5.026	3
5.026	4
5.026	3
5.026	3
5.027	4
5.027	3
5.027	5
5.027	4
5.027	3
5.027	3
5.027	2
5.028	4
5.028	3
5.028	6
5.028	3
5.028	3
5.028	3
5.028	3
5.028	3
5.029	2
5.029	4
5.029	3
5.029	2
5.029	3
5.029	3
5.03	2
5.03	3
5.03	3
5.03	5
5.031	4
5.031	4
5.031	6
5.031	4
5.031	3
5.031	3
5.031	4
5.031	4
5.032	5
5.032	4
5.032	3
5.032	3
5.032	3
5.032	3
5.032	3
5.032	3
5.033	3
5.033	3
5.033	3
5.033	3
5.033	3
5.033	3
5.033	4
5.033	3
5.034	4
5.034	6
5.034	4
5.034	3
5.034	3
5.034	3
5.034	3
5.034	3
5.035	2
5.035	4
5.035	4
5.035	4
5.035	3
5.035	3
5.035	3
5.035	2
5.035	3
5.036	5
5.036	3
5.036	3
5.036	3
5.036	3
5.036	3
5.036	3
5.036	3
5.037	3
5.037	4
5.037	6
5.037	3
5.037	3
5.037	3
5.037	3
5.037	3
5.037	4
5.037	3
5.038	5
5.038	5
5.038	4
5.038	3
5.038	4
5.038	3
5.038	3
5.038	3
5.038	3
5.039	3
5.039	3
5.039	4
5.039	4
5.039	3
5.039	3
5.039	2
5.039	5
5.039	3
5.039	3
5.039	5
5.04	3
5.04	3
5.041	3
5.041	5
5.041	3
5.041	4
5.041	4
5.041	3
5.041	3
5.041	4
5.041	3
5.041	3
5.041	3
5.042	5
5.042	5
5.042	5
5.042	4
5.042	3
5.042	3
5.042	3
5.042	3
5.042	3
5.042	3
5.042	3
5.043	3
5.043	3
5.043	3
5.043	4
5.043	3
5.043	3
5.043	2
5.043	3
5.043	3
5.043	4
5.043	3
5.043	3
5.044	3
5.044	3
5.044	3
5.044	3
5.044	2
5.045	4
5.045	4
5.045	5
5.045	3
5.045	4
5.045	2
5.045	3
5.045	3
5.045	3
5.045	3
5.046	4
5.046	6
5.046	6
5.046	1
5.047	5
5.047	5
5.047	2
5.047	3
5.047	3
5.047	3
5.047	3
5.048	5
5.048	5
5.048	3
5.048	3
5.048	3
5.048	4
5.048	3
5.048	2
5.049	3
5.049	6
5.049	3
5.049	3
5.049	3
5.05	5
5.05	3
5.05	3
5.05	3
5.051	3
5.051	4
5.051	3
5.051	3
5.051	4
5.051	3
5.052	3
5.052	4
5.052	2
5.052	4
5.052	3
5.052	2
5.052	3
5.053	4
5.053	3
5.053	3
5.054	4
5.054	3
5.054	4
5.054	3
5.054	3
5.054	4
5.054	3
5.055	6
5.055	6
5.055	2
5.055	4
5.055	4
5.055	4
5.055	3
5.055	3
5.055	3
5.055	2
5.055	3
5.055	3
5.056	5
5.056	4
5.056	4
5.056	3
5.056	3
5.056	6
5.056	3
5.056	3
5.056	5
5.056	3
5.056	3
5.057	4
5.057	3
5.057	2
5.057	3
5.057	3
5.057	3
5.058	5
5.058	4
5.058	3
5.058	4
5.058	3
5.058	3
5.058	4
5.058	3
5.058	3
5.059	3
5.059	3
5.059	3
5.059	3
5.06	3
5.06	3
5.06	4
5.06	2
5.061	5
5.061	3
5.061	6
5.061	4
5.061	4
5.061	3
5.061	3
5.062	3
5.062	3
5.062	3
5.062	3
5.062	2
5.062	3
5.062	3
5.062	3
5.062	3
5.063	4
5.063	3
5.063	3
5.063	4
5.063	3
5.063	3
5.063	3
5.063	1
5.063	5
5.064	5
5.064	4
5.064	3
5.064	3
5.064	3
5.065	5
5.065	3
5.065	3
5.065	3
5.065	3
5.065	3
5.065	3
5.065	3
5.065	2
5.065	3
5.066	6
5.066	3
5.066	3
5.066	2
5.066	3
5.067	5
5.067	4
5.067	3
5.067	5
5.067	4
5.067	3
5.068	4
5.068	3
5.069	4
5.069	5
5.069	3
5.069	3
5.069	4
5.069	3
5.069	4
5.07	3
5.07	3
5.07	3
5.07	3
5.07	3
5.07	3
5.071	4
5.071	4
5.071	4
5.071	3
5.071	4
5.071	3
5.072	3
5.072	3
5.072	5
5.073	3
5.073	3
5.073	3
5.074	4
5.074	3
5.074	3
5.074	3
5.074	3
5.074	3
5.074	3
5.075	4
5.075	6
5.075	2
5.075	4
5.075	4
5.075	4
5.076	3
5.076	3
5.076	3
5.076	3
5.076	4
5.076	3
5.076	3
5.077	4
5.077	4
5.077	4
5.077	4
5.077	3
5.077	3
5.077	2
5.078	4
5.078	3
5.078	3
5.078	4
5.078	3
5.078	3
5.079	5
5.079	5
5.079	3
5.079	3
5.08	3
5.08	4
5.08	3
5.08	3
5.08	3
5.08	3
5.08	3
5.081	4
5.081	6
5.081	3
5.082	3
5.082	3
5.082	2
5.082	3
5.082	3
5.082	3
5.082	3
5.083	3
5.083	3
5.083	3
5.083	6
5.083	3
5.083	2
5.083	3
5.084	2
5.084	3
5.085	5
5.085	4
5.085	5
5.085	4
5.085	3
5.085	4
5.085	2
5.085	3
5.086	3
5.086	3
5.086	3
5.087	3
5.087	5
5.087	5
5.087	3
5.087	4
5.087	4
5.087	3
5.087	3
5.087	3
5.087	3
5.087	4
5.087	3
5.088	6
5.088	3
5.088	3
5.088	3
5.089	4
5.089	2
5.089	3
5.089	5
5.089	3
5.089	3
5.09	3
5.09	3
5.091	5
5.091	4
5.091	3
5.091	3
5.091	3
5.091	3
5.091	3
5.091	3
5.091	4
5.091	3
5.091	3
5.092	3
5.092	3
5.092	3
5.092	4
5.092	3
5.092	3
5.093	4
5.093	3
5.093	3
5.093	2
5.095	6
5.095	4
5.095	3
5.095	4
5.095	3
5.095	3
5.096	3
5.096	1
5.097	2
5.097	4
5.097	5
5.097	3
5.097	3
5.097	3
5.097	3
5.098	4
5.098	6
5.098	4
5.098	4
5.098	3
5.098	2
5.099	3
5.099	2
5.099	3
5.099	3
5.1	4
5.1	6
5.101	4
5.101	6
5.101	3
5.101	2
5.101	3
5.101	3
5.102	3
5.102	4
5.102	3
5.103	3
5.103	4
5.104	3
5.104	3
5.104	4
5.104	3
5.104	4
5.105	5
5.105	3
5.106	3
5.106	5
5.106	2
5.106	3
5.106	3
5.107	3
5.107	2
5.107	4
5.107	3
5.107	3
5.107	3
5.107	3
5.107	3
5.108	3
5.108	4
5.109	4
5.109	5
5.109	3
5.109	3
5.109	3
5.11	3
5.11	3
5.11	4
5.111	5
5.111	4
5.111	3
5.111	3
5.112	3
5.112	3
5.112	3
5.113	3
5.113	3
5.114	3
5.114	3
5.114	4
5.114	4
5.114	3
5.115	3
5.115	3
5.115	4
5.115	4
5.115	3
5.115	3
5.116	3
5.116	3
5.116	3
5.116	2
5.117	6
5.118	3
5.118	4
5.118	4
5.119	5
5.119	3
5.119	3
5.12	4
5.12	4
5.12	3
5.121	4
5.121	4
5.121	3
5.122	3
5.122	4
5.122	3
5.123	6
5.123	5
5.124	5
5.124	3
5.124	3
5.124	3
5.124	3
5.124	3
5.125	5
5.125	3
5.125	6
5.125	4
5.126	3
5.126	3
5.127	5
5.127	3
5.128	3
5.128	4
5.129	3
5.13	4
5.13	4
5.13	3
5.131	5
5.131	4
5.131	4
5.131	4
5.131	4
5.132	3
5.132	2
5.132	3
5.133	6
5.133	6
5.134	2
5.134	4
5.134	2
5.134	3
5.135	3
5.135	3
5.135	3
5.137	3
5.138	3
5.139	3
5.139	4
5.139	2
5.14	3
5.141	4
5.141	3
5.141	3
5.141	5
5.141	3
5.141	3
5.141	5
5.142	4
5.142	3
5.142	6
5.142	3
5.142	3
5.142	3
5.143	4
5.143	3
5.143	3
5.145	3
5.146	5
5.147	5
5.147	4
5.147	3
5.147	4
5.148	3
5.148	3
5.148	4
5.148	4
5.149	3
5.149	3
5.149	3
5.15	5
5.151	2
5.151	4
5.151	4
5.152	4
5.152	3
5.153	5
5.153	4
5.153	4
5.154	5
5.154	4
5.154	3
5.154	3
5.154	4
5.154	3
5.154	3
5.155	3
5.155	3
5.155	2
5.156	5
5.157	5
5.157	4
5.157	3
5.157	3
5.158	3
5.158	3
5.158	3
5.159	3
5.16	6
5.16	3
5.16	3
5.161	3
5.162	3
5.163	5
5.163	4
5.163	5
5.163	2
5.163	3
5.164	4
5.164	4
5.165	3
5.165	3
5.165	3
5.165	4
5.165	3
5.166	3
5.166	3
5.166	3
5.167	5
5.167	3
5.167	3
5.168	4
5.168	3
5.169	3
5.169	3
5.169	4
5.169	3
5.169	3
5.17	3
5.17	3
5.171	5
5.171	2
5.172	4
5.173	3
5.173	2
5.174	4
5.174	5
5.174	3
5.174	1
5.175	3
5.175	6
5.175	3
5.176	3
5.176	2
5.177	6
5.177	3
5.179	4
5.179	3
5.179	3
5.18	4
5.18	4
5.18	4
5.18	3
5.182	4
5.183	3
5.184	5
5.184	2
5.184	4
5.184	3
5.184	3
5.185	3
5.185	4
5.185	3
5.185	3
5.186	4
5.188	4
5.189	3
5.189	3
5.19	5
5.19	4
5.19	3
5.19	3
5.191	3
5.191	3
5.191	3
5.191	3
5.192	3
5.192	3
5.193	3
5.193	3
5.194	3
5.194	2
5.195	5
5.196	4
5.196	5
5.196	4
5.197	4
5.197	3
5.197	3
5.197	3
5.198	3
5.199	3
5.199	3
5.199	3
5.2	3
5.201	5
5.201	4
5.202	3
5.202	3
5.202	3
5.203	4
5.203	3
5.204	5
5.204	3
5.204	5
5.206	3
5.206	4
5.206	3
5.207	5
5.207	4
5.207	4
5.208	3
5.208	3
5.208	3
5.208	4
5.208	3
5.208	3
5.209	3
5.209	3
5.209	2
5.21	6
5.21	2
5.21	3
5.211	6
5.212	3
5.212	2
5.212	3
5.213	3
5.214	3
5.215	3
5.215	3
5.216	3
5.217	2
5.217	2
5.217	3
5.218	4
5.218	3
5.219	3
5.219	3
5.219	3
5.219	4
5.219	3
5.22	3
5.22	3
5.22	3
5.22	3
5.221	3
5.221	5
5.221	3
5.221	3
5.223	3
5.223	3
5.223	4
5.223	3
5.223	3
5.224	3
5.224	3
5.225	3
5.225	3
5.225	2
5.226	4
5.226	4
5.227	3
5.227	3
5.227	2
5.228	2
5.229	4
5.229	4
5.229	3
5.23	4
5.23	3
5.23	2
5.23	5
5.231	3
5.232	4
5.232	3
5.233	3
5.234	5
5.234	5
5.234	4
5.234	3
5.234	3
5.235	3
5.235	3
5.235	3
5.236	4
5.236	4
5.237	5
5.238	3
5.238	3
5.238	3
5.238	3
5.239	3
5.239	3
5.239	5
5.239	3
5.239	5
5.24	5
5.24	4
5.24	4
5.241	3
5.241	3
5.241	3
5.242	4
5.242	4
5.242	4
5.243	3
5.243	3
5.243	3
5.243	3
5.243	3
5.243	4
5.243	3
5.243	3
5.243	4
5.243	3
5.244	3
5.244	3
5.244	3
5.244	3
5.244	2
5.245	3
5.245	3
5.245	3
5.245	4
5.245	5
5.246	3
5.246	5
5.247	3
5.247	3
5.247	3
5.247	3
5.248	3
5.248	2
5.248	3
5.248	5
5.249	3
5.249	3
5.25	4
5.25	4
5.25	3
5.25	3
5.25	3
5.25	4
5.25	3
5.25	3
5.25	3
5.251	3
5.251	3
5.251	3
5.251	3
5.251	2
5.251	4
5.252	5
5.252	3
5.252	3
5.252	2
5.252	3
5.252	3
5.252	3
5.252	4
5.252	3
5.252	3
5.253	6
5.253	3
5.253	3
5.253	3
5.253	2
5.253	3
5.254	3
5.254	3
5.254	3
5.254	4
5.254	3
5.254	5
5.255	3
5.256	3
5.256	3
5.256	5
5.256	3
5.256	3
5.256	3
5.256	3
5.257	4
5.257	3
5.258	4
5.258	3
5.258	3
5.258	3
5.258	4
5.258	3
5.258	3
5.258	3
5.258	3
5.258	3
5.258	4
5.258	3
5.258	3
5.259	3
5.259	3
5.259	2
5.259	3
5.259	3
5.259	3
5.259	3
5.259	2
5.26	3
5.26	4
5.26	2
5.261	3
5.261	3
5.261	4
5.261	3
5.261	2
5.261	3
5.262	2
5.262	4
5.262	3
5.262	3
5.262	2
5.262	3
5.263	2
5.263	5
5.263	3
5.263	3
5.263	3
5.263	3
5.263	4
5.263	3
5.264	2
5.264	3
5.264	3
5.264	3
5.264	3
5.265	6
5.265	3
5.265	2
5.265	3
5.265	3
5.265	4
5.265	3
5.265	3
5.265	5
5.265	3
5.265	3
5.265	3
5.266	2
5.266	3
5.266	3
5.266	3
5.266	3
5.267	3
5.267	2
5.267	3
5.267	3
5.267	4
5.267	3
5.267	3
5.267	3
5.267	3
5.268	3
5.268	3
5.268	3
5.269	3
5.269	3
5.269	3
5.269	4
5.269	3
5.269	3
5.269	2
5.269	2
5.269	3
5.269	3
5.269	4
5.269	3
5.269	5
5.27	3
5.27	2
5.27	3
5.271	2
5.271	4
5.271	3
5.271	3
5.271	2
5.271	5
5.271	3
5.271	3
5.271	3
5.272	3
5.272	3
5.272	2
5.272	2
5.272	5
5.273	3
5.273	3
5.273	3
5.273	3
5.273	3
5.273	3
5.273	3
5.273	4
5.273	3
5.273	3
5.273	3
5.274	5
5.274	3
5.274	3
5.274	3
5.274	3
5.274	3
5.274	3
5.274	2
5.274	3
5.274	3
5.274	3
5.275	3
5.275	4
5.275	3
5.275	3
5.275	2
5.275	4
5.276	4
5.276	3
5.276	3
5.277	3
5.277	4
5.277	3
5.277	3
5.277	2
5.277	3
5.278	3
5.278	3
5.278	3
5.278	4
5.278	3
5.278	2
5.278	5
5.278	4
5.279	3
5.279	3
5.279	3
5.279	3
5.28	4
5.28	4
5.28	3
5.28	3
5.28	3
5.28	3
5.28	3
5.28	3
5.28	2
5.28	3
5.28	3
5.281	3
5.281	3
5.281	3
5.281	3
5.281	5
5.282	5
5.282	3
5.282	3
5.282	4
5.282	3
5.282	3
5.282	3
5.282	3
5.282	4
5.282	3
5.282	3
5.283	4
5.283	3
5.283	2
5.283	3
5.283	3
5.283	3
5.283	3
5.283	3
5.283	2
5.283	3
5.284	4
5.284	4
5.284	4
5.284	3
5.285	4
5.285	4
5.285	3
5.285	3
5.285	3
5.285	3
5.285	4
5.285	3
5.285	3
5.286	4
5.286	3
5.286	3
5.286	3
5.286	3
5.286	4
5.286	3
5.286	3
5.286	3
5.286	2
5.287	3
5.287	3
5.287	3
5.287	3
5.287	3
5.288	6
5.288	5
5.288	3
5.288	3
5.288	3
5.288	3
5.288	3
5.288	3
5.289	3
5.289	3
5.289	3
5.289	3
5.289	3
5.289	3
5.289	3
5.289	3
5.289	3
5.289	3
5.29	3
5.29	3
5.29	2
5.29	4
5.291	3
5.291	3
5.291	3
5.291	3
5.291	3
5.291	3
5.291	3
5.292	3
5.292	4
5.292	4
5.292	3
5.292	2
5.292	4
5.292	3
5.292	5
5.293	3
5.293	3
5.293	3
5.293	3
5.293	3
5.293	3
5.293	3
5.293	4
5.293	3
5.294	3
5.294	3
5.294	4
5.294	3
5.294	3
5.294	3
5.294	3
5.294	3
5.294	3
5.295	3
5.295	4
5.295	3
5.295	3
5.295	3
5.295	3
5.295	3
5.295	5
5.295	3
5.295	3
5.296	4
5.296	4
5.296	4
5.296	3
5.296	3
5.296	3
5.296	3
5.296	4
5.296	3
5.296	3
5.297	3
5.297	3
5.297	3
5.297	3
5.297	3
5.297	3
5.297	3
5.297	4
5.297	3
5.297	3
5.297	3
5.298	3
5.298	3
5.298	3
5.298	3
5.298	2
5.298	3
5.298	3
5.298	5
5.298	3
5.298	3
5.298	4
5.299	2
5.299	3
5.299	4
5.299	2
5.3	3
5.3	5
5.3	3
5.3	3
5.3	3
5.3	4
5.3	3
5.3	3
5.3	4
5.3	3
5.3	3
5.3	3
5.301	2
5.301	3
5.301	4
5.301	3
5.301	3
5.301	3
5.301	2
5.301	3
5.301	3
5.301	5
5.302	3
5.302	3
5.302	4
5.302	3
5.302	3
5.302	2
5.302	2
5.303	3
5.303	3
5.303	3
5.303	3
5.304	4
5.304	3
5.304	3
5.304	3
5.304	4
5.304	3
5.304	3
5.304	2
5.304	3
5.304	2
5.305	3
5.305	2
5.305	3
5.305	3
5.305	4
5.305	3
5.305	3
5.306	5
5.306	3
5.306	2
5.306	2
5.306	3
5.306	3
5.306	3
5.306	3
5.306	3
5.306	3
5.306	3
5.306	3
5.307	4
5.307	6
5.307	3
5.307	5
5.307	4
5.307	3
5.307	3
5.307	2
5.308	4
5.308	3
5.308	2
5.308	3
5.308	2
5.308	3
5.308	3
5.308	4
5.308	3
5.308	3
5.309	3
5.309	3
5.309	3
5.309	3
5.309	5
5.31	3
5.31	2
5.31	3
5.31	3
5.31	4
5.31	3
5.31	3
5.311	3
5.311	3
5.311	4
5.311	3
5.311	3
5.312	5
5.312	4
5.312	3
5.312	3
5.312	3
5.312	3
5.312	5
5.313	3
5.313	2
5.313	3
5.313	3
5.313	3
5.313	3
5.314	3
5.314	3
5.314	2
5.314	3
5.314	4
5.314	3
5.314	3
5.314	3
5.315	4
5.315	4
5.315	3
5.315	2
5.315	5
5.315	3
5.315	3
5.316	2
5.316	4
5.316	3
5.316	3
5.316	3
5.316	3
5.316	3
5.316	2
5.316	3
5.316	4
5.316	3
5.316	3
5.316	3
5.316	3
5.316	4
5.316	3
5.316	3
5.317	3
5.317	3
5.317	3
5.317	3
5.317	3
5.317	4
5.317	3
5.318	5
5.318	4
5.318	4
5.318	3
5.318	3
5.318	3
5.318	3
5.318	3
5.318	5
5.318	3
5.318	3
5.318	4
5.319	3
5.319	3
5.319	3
5.319	3
5.319	4
5.32	3
5.32	3
5.32	3
5.32	3
5.32	4
5.32	3
5.32	3
5.32	3
5.321	4
5.321	3
5.321	2
5.321	3
5.321	3
5.321	3
5.321	3
5.321	3
5.321	3
5.321	5
5.321	5
5.322	4
5.322	4
5.322	3
5.322	3
5.322	2
5.322	3
5.322	3
5.322	2
5.323	3
5.323	3
5.323	5
5.323	3
5.323	3
5.323	3
5.323	3
5.323	3
5.324	3
5.324	3
5.324	3
5.324	4
5.324	4
5.324	3
5.324	3
5.324	3
5.324	4
5.324	3
5.324	3
5.324	3
5.324	2
5.325	4
5.325	3
5.325	3
5.325	3
5.325	3
5.325	3
5.325	2
5.325	2
5.325	3
5.325	3
5.325	4
5.325	3
5.325	3
5.325	3
5.326	3
5.326	3
5.326	3
5.326	3
5.326	3
5.327	3
5.327	4
5.327	3
5.327	4
5.327	3
5.327	2
5.327	4
5.328	5
5.328	4
5.328	3
5.328	3
5.328	3
5.328	3
5.329	3
5.329	3
5.329	3
5.33	5
5.33	4
5.33	4
5.33	4
5.33	3
5.33	3
5.33	3
5.33	3
5.33	5
5.331	3
5.331	4
5.331	4
5.331	3
5.331	3
5.331	3
5.331	4
5.331	3
5.331	4
5.331	3
5.331	3
5.332	3
5.332	5
5.332	3
5.332	3
5.332	3
5.333	3
5.333	3
5.333	4
5.333	3
5.333	3
5.333	3
5.334	3
5.334	3
5.334	4
5.334	4
5.334	3
5.334	3
5.334	3
5.334	3
5.334	4
5.334	3
5.334	3
5.335	3
5.335	3
5.335	3
5.335	3
5.335	3
5.335	3
5.335	3
5.336	5
5.336	3
5.336	4
5.336	3
5.336	3
5.336	3
5.336	3
5.336	3
5.336	4
5.336	3
5.337	3
5.337	4
5.337	4
5.337	3
5.338	4
5.338	4
5.338	5
5.338	2
5.338	3
5.338	5
5.338	3
5.338	3
5.339	4
5.339	4
5.339	3
5.339	3
5.339	3
5.339	5
5.339	3
5.339	4
5.34	4
5.34	4
5.34	2
5.34	3
5.34	3
5.34	3
5.34	3
5.34	3
5.34	4
5.34	3
5.34	3
5.34	3
5.341	5
5.341	3
5.341	3
5.341	3
5.341	2
5.341	3
5.341	3
5.341	3
5.341	3
5.341	3
5.341	3
5.342	6
5.342	6
5.342	3
5.342	3
5.342	5
5.342	3
5.342	3
5.342	2
5.343	3
5.343	2
5.343	3
5.343	3
5.343	3
5.344	3
5.344	3
5.344	3
5.344	3
5.344	3
5.344	3
5.344	2
5.345	2
5.345	3
5.345	2
5.345	2
5.345	3
5.345	3
5.345	4
5.345	3
5.346	4
5.346	4
5.346	4
5.346	3
5.346	3
5.346	3
5.346	3
5.347	4
5.347	3
5.347	3
5.347	4
5.347	3
5.347	2
5.347	5
5.347	3
5.347	3
5.347	5
5.348	3
5.348	5
5.348	3
5.348	3
5.348	3
5.348	3
5.348	3
5.348	2
5.348	3
5.348	3
5.348	3
5.349	6
5.349	3
5.349	3
5.349	3
5.349	3
5.349	3
5.349	4
5.349	3
5.349	3
5.349	3
5.35	4
5.35	5
5.35	3
5.35	3
5.35	3
5.35	3
5.35	3
5.35	3
5.35	3
5.351	2
5.351	4
5.351	6
5.351	3
5.351	3
5.351	3
5.351	3
5.351	4
5.351	3
5.351	2
5.351	3
5.352	3
5.353	3
5.353	3
5.353	3
5.353	3
5.353	3
5.353	2
5.353	4
5.354	4
5.354	3
5.354	4
5.354	4
5.354	4
5.354	2
5.355	3
5.355	3
5.355	3
5.355	3
5.355	3
5.355	3
5.356	4
5.356	5
5.356	3
5.356	3
5.356	3
5.356	3
5.356	3
5.356	2
5.356	5
5.357	3
5.357	6
5.357	4
5.357	4
5.357	4
5.357	3
5.357	4
5.357	4
5.357	3
5.358	3
5.358	3
5.358	2
5.358	4
5.358	3
5.358	3
5.359	3
5.359	3
5.359	4
5.359	3
5.36	2
5.36	4
5.36	3
5.36	4
5.36	3
5.36	3
5.36	4
5.36	3
5.36	3
5.36	3
5.36	4
5.36	3
5.36	3
5.361	4
5.361	2
5.361	3
5.361	3
5.361	3
5.361	3
5.361	3
5.361	3
5.362	4
5.362	4
5.362	5
5.362	5
5.362	3
5.362	3
5.362	3
5.363	5
5.363	3
5.363	3
5.363	3
5.363	2
5.363	3
5.364	3
5.364	3
5.364	3
5.364	3
5.364	3
5.365	3
5.365	3
5.365	4
5.365	3
5.365	2
5.365	3
5.365	3
5.366	5
5.366	3
5.366	3
5.366	2
5.366	4
5.366	3
5.366	3
5.366	3
5.366	3
5.366	4
5.366	3
5.367	3
5.367	3
5.367	3
5.367	4
5.367	3
5.368	3
5.368	2
5.368	3
5.368	3
5.368	4
5.369	3
5.369	3
5.369	3
5.369	3
5.369	3
5.369	3
5.369	3
5.37	5
5.37	4
5.37	4
5.37	3
5.37	3
5.37	3
5.37	3
5.371	5
5.371	3
5.371	3
5.371	3
5.371	3
5.371	3
5.371	3
5.371	3
5.371	3
5.371	3
5.371	4
5.371	3
5.372	5
5.372	4
5.372	5
5.372	3
5.372	3
5.373	3
5.373	3
5.373	3
5.373	4
5.373	4
5.373	3
5.373	3
5.373	3
5.373	3
5.373	5
5.373	3
5.373	3
5.374	4
5.374	3
5.374	3
5.374	3
5.374	4
5.374	3
5.374	2
5.375	3
5.375	3
5.375	3
5.375	3
5.375	4
5.375	3
5.375	3
5.376	3
5.376	4
5.376	3
5.376	3
5.377	6
5.377	3
5.377	4
5.377	4
5.377	3
5.377	3
5.377	3
5.377	3
5.377	2
5.378	5
5.378	5
5.378	3
5.378	3
5.378	3
5.379	3
5.379	3
5.379	3
5.379	3
5.379	2
5.38	5
5.38	5
5.38	3
5.38	4
5.38	3
5.38	2
5.381	4
5.381	3
5.381	6
5.381	3
5.381	2
5.381	3
5.381	3
5.382	5
5.382	3
5.382	3
5.382	3
5.382	2
5.383	3
5.383	4
5.383	5
5.383	3
5.383	3
5.383	2
5.383	3
5.383	4
5.383	3
5.384	6
5.384	6
5.384	3
5.384	3
5.385	4
5.385	4
5.385	3
5.385	5
5.386	3
5.386	6
5.386	5
5.386	4
5.386	3
5.386	3
5.386	3
5.386	3
5.386	3
5.386	4
5.386	3
5.387	3
5.388	3
5.388	2
5.388	3
5.388	3
5.389	4
5.389	4
5.389	3
5.389	3
5.389	3
5.39	3
5.39	2
5.39	4
5.39	3
5.39	2
5.39	3
5.39	3
5.39	3
5.391	3
5.391	3
5.391	3
5.391	4
5.391	3
5.391	3
5.391	4
5.392	3
5.392	4
5.392	3
5.392	6
5.392	3
5.392	2
5.392	3
5.392	4
5.393	2
5.393	4
5.393	4
5.393	4
5.393	3
5.393	3
5.394	4
5.394	3
5.394	3
5.394	4
5.394	5
5.395	3
5.395	3
5.395	3
5.396	4
5.396	3
5.396	3
5.396	3
5.396	3
5.397	4
5.397	3
5.397	3
5.397	3
5.397	4
5.397	4
5.397	2
5.397	3
5.397	3
5.398	3
5.398	3
5.398	3
5.398	3
5.398	3
5.398	3
5.398	4
5.398	3
5.398	3
5.399	3
5.399	3
5.399	3
5.399	3
5.399	3
5.399	3
5.399	4
5.4	4
5.4	3
5.4	3
5.4	4
5.4	3
5.4	3
5.4	3
5.4	3
5.4	2
5.401	5
5.401	3
5.401	3
5.401	3
5.401	3
5.402	3
5.402	5
5.402	4
5.403	4
5.403	5
5.403	3
5.403	3
5.403	3
5.403	3
5.404	4
5.404	6
5.404	3
5.404	3
5.405	4
5.405	3
5.405	5
5.405	4
5.405	3
5.405	3
5.405	3
5.406	4
5.406	3
5.406	3
5.406	4
5.406	4
5.406	3
5.407	5
5.407	4
5.407	3
5.407	3
5.407	3
5.407	3
5.408	5
5.408	3
5.408	3
5.408	3
5.409	3
5.409	4
5.409	3
5.409	4
5.409	4
5.409	3
5.409	3
5.409	4
5.409	3
5.41	5
5.41	5
5.41	3
5.41	3
5.411	3
5.411	4
5.411	5
5.411	3
5.411	3
5.412	4
5.412	3
5.412	3
5.412	3
5.413	4
5.413	5
5.413	2
5.413	4
5.413	4
5.413	4
5.413	3
5.413	3
5.413	4
5.413	3
5.413	3
5.414	5
5.414	4
5.414	3
5.414	4
5.414	3
5.414	3
5.414	3
5.415	3
5.415	3
5.415	2
5.416	5
5.416	4
5.416	5
5.416	6
5.416	4
5.416	2
5.416	3
5.417	3
5.417	3
5.417	4
5.417	3
5.417	2
5.418	3
5.418	3
5.418	2
5.418	3
5.418	2
5.419	6
5.419	3
5.419	3
5.42	3
5.42	3
5.42	3
5.42	2
5.421	3
5.421	3
5.421	3
5.421	3
5.421	3
5.422	5
5.422	4
5.422	3
5.422	4
5.422	4
5.423	5
5.423	3
5.423	3
5.423	2
5.423	3
5.424	4
5.424	6
5.424	3
5.424	4
5.424	3
5.425	3
5.425	5
5.425	3
5.426	3
5.426	3
5.426	3
5.426	3
5.426	3
5.427	4
5.427	3
5.428	3
5.428	3
5.428	3
5.429	4
5.429	3
5.429	3
5.43	3
5.43	4
5.431	3
5.431	3
5.432	5
5.432	3
5.432	4
5.432	4
5.432	4
5.433	5
5.433	2
5.433	4
5.433	6
5.433	3
5.433	3
5.433	3
5.434	3
5.434	3
5.434	3
5.434	5
5.435	4
5.435	4
5.435	3
5.435	3
5.436	4
5.436	4
5.436	3
5.437	3
5.437	3
5.438	4
5.438	4
5.438	3
5.438	3
5.438	2
5.438	3
5.439	4
5.439	6
5.44	5
5.44	3
5.44	3
5.44	4
5.44	4
5.44	4
5.441	3
5.441	3
5.441	3
5.441	3
5.441	3
5.441	3
5.441	3
5.442	2
5.442	4
5.442	3
5.442	3
5.443	5
5.443	3
5.443	5
5.444	3
5.444	3
5.444	3
5.445	3
5.445	5
5.445	3
5.446	5
5.446	4
5.446	3
5.446	3
5.447	4
5.447	4
5.447	3
5.447	3
5.447	4
5.447	3
5.447	3
5.448	3
5.448	4
5.448	4
5.448	3
5.448	3
5.448	3
5.448	4
5.449	5
5.449	4
5.449	3
5.449	3
5.449	3
5.45	3
5.45	3
5.45	3
5.452	3
5.452	3
5.453	5
5.453	3
5.454	3
5.454	5
5.454	2
5.454	3
5.454	3
5.454	5
5.455	4
5.456	4
5.456	3
5.456	2
5.456	3
5.456	3
5.456	3
5.456	3
5.457	3
5.457	3
5.458	4
5.458	5
5.458	3
5.458	3
5.458	3
5.458	4
5.458	3
5.458	3
5.459	4
5.459	6
5.459	6
5.459	3
5.459	3
5.46	5
5.46	3
5.46	3
5.46	4
5.461	3
5.461	2
5.462	5
5.462	3
5.462	3
5.462	3
5.462	4
5.462	3
5.462	3
5.462	3
5.463	5
5.463	3
5.463	3
5.463	3
5.463	5
5.464	3
5.464	4
5.464	3
5.464	3
5.464	3
5.464	2
5.465	3
5.465	4
5.465	3
5.465	3
5.466	3
5.466	2
5.467	4
5.467	2
5.467	3
5.467	3
5.467	4
5.467	3
5.467	3
5.468	6
5.468	2
5.468	4
5.468	3
5.468	3
5.468	3
5.468	4
5.469	5
5.469	4
5.469	3
5.469	3
5.469	2
5.47	3
5.47	4
5.47	4
5.47	3
5.471	3
5.472	3
5.473	4
5.473	4
5.473	3
5.473	3
5.474	3
5.474	3
5.474	3
5.475	3
5.475	3
5.475	3
5.476	4
5.476	3
5.476	3
5.476	3
5.476	3
5.477	3
5.477	3
5.478	4
5.478	4
5.478	3
5.478	3
5.478	3
5.478	3
5.478	4
5.478	3
5.479	4
5.479	3
5.479	3
5.479	4
5.479	3
5.48	4
5.48	5
5.48	3
5.48	3
5.481	4
5.482	3
5.482	3
5.482	3
5.482	3
5.482	3
5.482	4
5.482	3
5.482	3
5.483	5
5.483	3
5.483	3
5.483	3
5.483	3
5.483	3
5.483	3
5.484	3
5.484	3
5.484	3
5.484	3
5.486	4
5.486	4
5.486	3
5.486	3
5.486	3
5.486	2
5.487	4
5.487	3
5.487	3
5.487	2
5.487	2
5.487	5
5.488	4
5.488	5
5.488	3
5.489	5
5.489	4
5.489	4
5.489	3
5.489	2
5.489	3
5.49	3
5.49	3
5.49	3
5.49	3
5.491	4
5.491	3
5.491	3
5.492	5
5.492	3
5.492	3
5.493	3
5.493	3
5.493	4
5.493	3
5.493	4
5.494	6
5.494	3
5.495	3
5.495	3
5.495	3
5.495	3
5.496	3
5.496	5
5.496	3
5.496	4
5.496	5
5.497	6
5.497	3
5.497	3
5.497	3
5.498	5
5.498	4
5.498	3
5.498	3
5.498	3
5.499	3
5.499	3
5.499	4
5.5	3
5.5	3
5.5	3
5.5	4
5.5	3
5.5	3
5.501	3
5.501	4
5.501	3
5.501	3
5.501	4
5.502	4
5.502	4
5.502	3
5.502	3
5.503	2
5.503	3
5.503	3
5.503	3
5.504	4
5.504	3
5.504	3
5.505	2
5.505	3
5.506	2
5.506	4
5.506	3
5.506	3
5.506	3
5.506	3
5.507	3
5.507	2
5.507	3
5.508	3
5.509	3
5.509	4
5.509	3
5.509	3
5.51	2
5.51	3
5.51	3
5.511	3
5.511	3
5.511	3
5.511	3
5.511	4
5.511	3
5.512	3
5.512	3
5.512	3
5.513	4
5.513	3
5.513	3
5.513	3
5.513	3
5.513	3
5.513	3
5.513	5
5.513	3
5.513	3
5.514	4
5.514	3
5.514	3
5.515	3
5.515	3
5.515	3
5.515	3
5.515	4
5.515	3
5.515	3
5.516	4
5.516	3
5.516	3
5.517	3
5.517	3
5.518	5
5.518	4
5.518	3
5.519	3
5.519	4
5.519	4
5.519	3
5.519	3
5.519	3
5.519	2
5.52	3
5.52	2
5.521	3
5.521	3
5.521	3
5.522	4
5.522	3
5.522	2
5.523	2
5.523	3
5.523	3
5.524	5
5.524	4
5.524	4
5.525	3
5.525	2
5.525	3
5.525	3
5.526	5
5.526	3
5.526	4
5.526	3
5.527	4
5.528	3
5.528	3
5.528	3
5.528	3
5.529	4
5.53	2
5.53	3
5.53	3
5.531	3
5.531	3
5.531	3
5.531	3
5.532	6
5.532	3
5.532	4
5.533	3
5.533	3
5.533	3
5.534	3
5.534	3
5.534	4
5.535	4
5.535	4
5.535	3
5.535	3
5.536	3
5.536	3
5.536	3
5.537	3
5.537	3
5.538	3
5.538	3
5.539	3
5.539	4
5.539	4
5.539	3
5.539	3
5.54	4
5.54	3
5.54	3
5.54	2
5.542	4
5.542	4
5.543	3
5.543	3
5.543	3
5.544	3
5.545	4
5.545	3
5.545	3
5.545	3
5.546	6
5.546	3
5.547	3
5.547	4
5.548	3
5.548	3
5.548	3
5.548	3
5.549	4
5.55	3
5.551	4
5.551	4
5.551	3
5.552	4
5.552	3
5.552	3
5.554	3
5.555	2
5.555	4
5.555	4
5.555	4
5.556	5
5.556	3
5.556	2
5.556	3
5.557	3
5.557	4
5.558	2
5.558	3
5.559	3
5.559	3
5.561	3
5.562	5
5.562	4
5.562	3
5.562	3
5.563	3
5.563	3
5.563	2
5.563	5
5.564	3
5.565	4
5.565	3
5.565	3
5.565	3
5.566	6
5.566	3
5.566	3
5.566	3
5.567	4
5.567	3
5.567	3
5.569	4
5.57	3
5.571	4
5.571	3
5.571	3
5.572	4
5.572	4
5.572	5
5.573	3
5.574	3
5.575	5
5.575	2
5.575	4
5.575	4
5.576	3
5.576	3
5.576	4
5.576	3
5.576	3
5.577	3
5.577	3
5.577	4
5.578	4
5.578	3
5.58	3
5.581	6
5.581	3
5.581	3
5.582	3
5.582	3
5.582	3
5.583	3
5.583	3
5.583	3
5.584	3
5.585	3
5.585	3
5.587	3
5.587	4
5.587	3
5.587	3
5.587	4
5.587	3
5.588	4
5.588	4
5.588	3
5.589	4
5.589	3
5.589	5
5.589	3
5.589	3
5.59	3
5.591	3
5.591	3
5.591	4
5.591	3
5.591	3
5.592	3
5.592	3
5.592	3
5.593	3
5.595	5
5.595	3
5.595	2
5.596	3
5.596	3
5.596	2
5.597	3
5.598	4
5.598	4
5.598	3
5.598	3
5.598	2
5.599	6
5.599	3
5.6	4
5.601	4
5.601	6
5.601	3
5.602	4
5.602	3
5.603	3
5.604	4
5.604	2
5.605	5
5.606	3
5.606	3
5.606	3
5.607	3
5.607	3
5.607	3
5.608	2
5.608	4
5.608	4
5.609	4
5.61	4
5.611	5
5.611	4
5.611	3
5.611	3
5.612	3
5.612	3
5.613	3
5.613	3
5.615	3
5.615	3
5.615	3
5.615	3
5.616	3
5.616	3
5.616	3
5.616	2
5.618	4
5.619	3
5.619	3
5.62	4
5.62	4
5.62	3
5.621	4
5.621	3
5.622	3
5.623	3
5.624	3
5.624	3
5.625	5
5.625	4
5.626	3
5.626	3
5.628	5
5.628	3
5.628	3
5.63	3
5.631	5
5.631	4
5.631	4
5.632	2
5.632	3
5.633	4
5.634	6
5.634	2
5.634	3
5.635	3
5.636	3
5.637	3
5.639	2
5.64	3
5.64	3
5.641	3
5.642	4
5.642	3
5.642	3
5.642	3
5.642	5
5.643	3
5.644	3
5.646	3
5.647	3
5.648	4
5.648	4
5.648	4
5.649	3
5.649	3
5.65	3
5.651	4
5.651	5
5.653	4
5.653	3
5.654	4
5.654	3
5.655	3
5.655	3
5.655	4
5.655	3
5.655	3
5.656	3
5.656	3
5.656	3
5.656	4
5.657	3
5.657	3
5.658	5
5.659	3
5.66	3
5.661	3
5.662	3
5.664	5
5.664	4
5.664	4
5.664	4
5.664	3
5.664	3
5.665	3
5.666	3
5.666	3
5.666	4
5.666	3
5.667	3
5.668	3
5.668	5
5.668	3
5.668	3
5.67	3
5.67	3
5.67	4
5.67	3
5.67	3
5.671	3
5.671	3
5.672	3
5.672	3
5.674	4
5.674	3
5.674	3
5.674	2
5.675	6
5.675	2
5.676	3
5.677	3
5.677	2
5.678	3
5.68	4
5.68	3
5.681	4
5.681	3
5.683	2
5.684	2
5.684	4
5.685	3
5.685	3
5.686	3
5.686	3
5.687	3
5.689	4
5.69	3
5.69	3
5.691	3
5.691	3
5.691	3
5.691	3
5.692	3
5.692	3
5.692	3
5.694	3
5.694	3
5.695	3
5.695	2
5.696	4
5.697	4
5.698	3
5.698	3
5.699	3
5.699	3
5.7	3
5.701	3
5.703	3
5.703	3
5.704	5
5.704	4
5.705	3
5.707	4
5.707	3
5.707	3
5.709	3
5.71	6
5.711	2
5.711	3
5.712	3
5.712	4
5.713	2
5.713	3
5.714	3
5.716	3
5.716	3
5.718	4
5.718	2
5.719	3
5.72	3
5.721	3
5.721	3
5.721	3
5.722	3
5.725	3
5.726	3
5.727	4
5.727	4
5.728	3
5.729	4
5.73	4
5.73	4
5.733	3
5.734	5
5.735	3
5.735	3
5.736	3
5.736	3
5.739	3
5.74	5
5.74	4
5.74	4
5.742	3
5.743	4
5.743	4
5.744	3
5.744	3
5.746	4
5.747	3
5.748	3
5.749	5
5.751	3
5.751	3
5.753	4
5.753	3
5.753	3
5.753	3
5.753	4
5.753	3
5.753	3
5.754	6
5.754	3
5.754	3
5.754	4
5.759	4
5.759	3
5.76	3
5.762	3
5.762	3
5.763	2
5.763	4
5.764	3
5.764	3
5.764	4
5.764	3
5.765	3
5.766	5
5.766	3
5.766	3
5.768	3
5.768	3
5.768	4
5.768	3
5.768	3
5.769	3
5.769	3
5.769	4
5.77	3
5.77	3
5.77	3
5.771	3
5.771	3
5.772	3
5.772	2
5.773	2
5.773	3
5.774	3
5.775	4
5.775	3
5.775	2
5.775	4
5.776	3
5.777	3
5.778	3
5.778	3
5.778	5
5.779	4
5.779	3
5.78	3
5.781	2
5.782	3
5.782	3
5.782	4
5.782	3
5.782	3
5.783	5
5.783	3
5.783	3
5.783	3
5.783	3
5.783	4
5.784	3
5.784	3
5.785	3
5.786	4
5.787	4
5.788	3
5.788	3
5.788	3
5.789	6
5.789	3
5.789	3
5.789	3
5.79	3
5.79	3
5.791	3
5.791	3
5.791	3
5.792	3
5.792	3
5.793	3
5.793	2
5.793	3
5.793	3
5.793	4
5.793	3
5.794	3
5.795	3
5.795	4
5.795	5
5.795	3
5.795	3
5.796	3
5.796	3
5.797	4
5.797	3
5.797	3
5.797	3
5.797	4
5.797	3
5.797	3
5.798	3
5.798	3
5.798	3
5.799	3
5.799	3
5.801	3
5.801	3
5.801	3
5.801	2
5.802	4
5.802	2
5.803	3
5.803	3
5.804	3
5.804	3
5.804	2
5.805	3
5.805	3
5.805	3
5.807	3
5.807	3
5.808	4
5.808	4
5.808	3
5.809	4
5.809	2
5.809	3
5.81	4
5.81	2
5.81	4
5.81	4
5.811	2
5.811	3
5.812	3
5.812	3
5.812	3
5.812	3
5.812	3
5.813	5
5.813	3
5.813	3
5.814	3
5.814	3
5.814	3
5.814	3
5.814	3
5.816	2
5.816	4
5.816	4
5.816	4
5.817	3
5.817	3
5.817	3
5.818	3
5.818	3
5.818	3
5.818	3
5.818	3
5.819	5
5.819	4
5.819	3
5.819	3
5.819	3
5.819	3
5.819	3
5.819	5
5.819	5
5.82	3
5.821	3
5.821	3
5.821	3
5.821	3
5.822	3
5.822	2
5.823	3
5.823	3
5.823	3
5.823	3
5.823	4
5.823	4
5.823	3
5.823	3
5.823	3
5.823	3
5.824	3
5.824	4
5.824	3
5.824	3
5.824	3
5.824	3
5.824	4
5.824	4
5.825	4
5.825	4
5.825	3
5.825	3
5.826	3
5.826	3
5.827	3
5.828	4
5.828	3
5.829	3
5.829	3
5.83	3
5.83	3
5.83	3
5.83	3
5.831	3
5.831	4
5.832	3
5.832	3
5.832	3
5.832	3
5.832	3
5.833	3
5.834	3
5.834	3
5.834	3
5.834	3
5.834	3
5.834	3
5.834	3
5.834	3
5.834	4
5.834	4
5.834	3
5.834	3
5.835	3
5.835	3
5.836	3
5.836	5
5.836	5
5.836	3
5.836	3
5.836	3
5.836	3
5.837	3
5.838	2
5.838	3
5.838	3
5.838	3
5.838	3
5.838	3
5.838	4
5.838	4
5.838	3
5.838	3
5.838	3
5.838	3
5.839	4
5.839	3
5.839	3
5.839	3
5.839	3
5.84	3
5.84	3
5.84	3
5.84	3
5.841	4
5.841	4
5.841	3
5.842	3
5.842	3
5.842	3
5.842	2
5.842	2
5.843	3
5.843	2
5.843	2
5.844	3
5.844	3
5.845	3
5.845	2
5.845	3
5.845	3
5.845	2
5.845	2
5.846	3
5.846	3
5.846	3
5.847	3
5.848	3
5.848	3
5.848	3
5.848	3
5.848	3
5.849	3
5.849	3
5.849	4
5.849	4
5.849	3
5.849	3
5.851	4
5.851	3
5.851	2
5.851	2
5.852	6
5.853	3
5.853	3
5.853	3
5.853	3
5.853	3
5.854	4
5.854	4
5.854	3
5.854	3
5.854	3
5.854	3
5.855	3
5.855	3
5.855	3
5.857	4
5.857	4
5.857	4
5.857	4
5.858	3
5.858	3
5.858	3
5.858	3
5.859	3
5.859	3
5.859	3
5.859	3
5.86	3
5.86	3
5.86	3
5.86	3
5.86	3
5.861	2
5.861	4
5.862	3
5.862	3
5.862	3
5.862	3
5.862	3
5.863	3
5.863	3
5.863	3
5.863	3
5.863	2
5.863	2
5.865	4
5.865	4
5.866	3
5.866	3
5.866	3
5.866	3
5.866	3
5.867	3
5.867	3
5.868	3
5.868	3
5.868	3
5.868	3
5.868	4
5.869	3
5.869	3
5.869	3
5.87	4
5.87	4
5.87	3
5.871	3
5.871	3
5.871	3
5.871	3
5.871	3
5.872	4
5.872	3
5.872	3
5.873	4
5.873	3
5.873	3
5.874	3
5.874	4
5.875	3
5.875	3
5.875	3
5.875	3
5.876	3
5.876	3
5.877	3
5.877	3
5.877	4
5.878	3
5.879	3
5.879	3
5.879	3
5.879	3
5.879	3
5.88	4
5.88	3
5.88	4
5.88	4
5.881	5
5.881	6
5.881	3
5.881	3
5.881	3
5.881	3
5.881	3
5.881	3
5.881	4
5.881	3
5.881	3
5.882	3
5.882	3
5.882	3
5.882	3
5.882	4
5.884	4
5.884	3
5.884	3
5.886	4
5.886	2
5.886	2
5.887	6
5.887	3
5.887	3
5.887	3
5.888	3
5.888	3
5.888	3
5.889	3
5.889	3
5.889	3
5.889	3
5.889	3
5.889	3
5.889	3
5.89	2
5.89	4
5.89	3
5.89	3
5.89	3
5.89	3
5.892	3
5.892	3
5.892	4
5.892	3
5.893	3
5.893	3
5.894	3
5.894	3
5.894	5
5.894	3
5.894	3
5.895	4
5.895	4
5.895	4
5.895	4
5.895	4
5.896	3
5.896	3
5.896	3
5.896	3
5.896	4
5.896	3
5.896	3
5.897	3
5.897	3
5.897	3
5.897	3
5.898	3
5.898	4
5.898	4
5.898	3
5.9	3
5.9	2
5.901	3
5.901	3
5.901	2
5.902	3
5.902	4
5.902	3
5.903	3
5.903	3
5.903	3
5.903	2
5.904	3
5.904	3
5.904	3
5.904	3
5.904	3
5.905	3
5.906	4
5.906	3
5.907	4
5.907	3
5.907	3
5.907	4
5.907	3
5.909	2
5.91	5
5.911	5
5.911	4
5.911	4
5.911	4
5.911	4
5.911	3
5.911	3
5.912	3
5.912	3
5.912	3
5.912	3
5.912	3
5.913	4
5.913	3
5.915	3
5.915	3
5.915	4
5.915	4
5.916	6
5.916	3
5.916	3
5.917	5
5.917	4
5.917	3
5.917	3
5.917	3
5.918	3
5.918	3
5.918	3
5.919	3
5.919	3
5.919	3
5.92	3
5.92	3
5.921	4
5.921	4
5.921	3
5.921	3
5.921	3
5.921	2
5.921	4
5.922	3
5.922	6
5.922	6
5.923	4
5.923	3
5.924	4
5.924	3
5.924	3
5.924	4
5.925	3
5.926	3
5.926	3
5.927	4
5.927	4
5.927	3
5.928	3
5.928	3
5.928	4
5.928	3
5.928	3
5.929	3
5.929	3
5.929	3
5.929	3
5.929	4
5.93	3
5.931	3
5.931	2
5.931	2
5.931	4
5.931	4
5.931	3
5.933	3
5.933	3
5.934	3
5.935	4
5.935	3
5.935	3
5.936	4
5.937	3
5.937	3
5.937	3
5.937	3
5.938	3
5.938	3
5.938	3
5.938	3
5.938	4
5.939	3
5.939	3
5.939	3
5.939	3
5.939	3
5.939	3
5.939	4
5.939	3
5.94	5
5.94	3
5.94	3
5.941	3
5.941	5
5.941	3
5.941	3
5.942	3
5.943	4
5.943	4
5.943	3
5.943	3
5.943	4
5.943	3
5.943	3
5.944	2
5.944	3
5.944	3
5.945	3
5.945	3
5.946	5
5.946	4
5.946	3
5.946	3
5.946	3
5.947	3
5.947	3
5.947	3
5.947	3
5.947	2
5.948	3
5.948	2
5.949	3
5.95	3
5.95	3
5.951	5
5.951	5
5.951	3
5.952	3
5.953	4
5.953	4
5.953	3
5.954	4
5.954	4
5.954	3
5.954	4
5.954	3
5.956	4
5.956	2
5.957	6
5.957	6
5.958	3
5.958	3
5.959	3
5.959	3
5.959	3
5.959	3
5.959	3
5.96	3
5.961	3
5.962	3
5.962	3
5.962	4
5.963	3
5.963	3
5.963	3
5.963	3
5.964	3
5.964	3
5.965	4
5.965	4
5.965	3
5.965	3
5.965	3
5.967	3
5.967	3
5.968	3
5.968	2
5.969	4
5.969	4
5.97	3
5.97	4
5.971	3
5.971	3
5.972	3
5.972	3
5.972	3
5.973	3
5.973	3
5.974	3
5.976	4
5.976	4
5.976	3
5.976	3
5.977	4
5.977	4
5.977	3
5.977	3
5.978	3
5.979	4
5.979	3
5.98	6
5.98	3
5.98	3
5.981	5
5.981	5
5.982	3
5.982	3
5.982	3
5.984	3
5.984	3
5.985	4
5.985	4
5.986	3
5.986	3
5.987	5
5.987	5
5.987	4
5.987	4
5.987	3
5.989	2
5.989	4
5.989	3
5.991	2
5.992	3
5.993	3
5.994	3
5.994	3
5.994	3
5.995	3
5.996	3
5.996	3
5.997	3
5.999	3
6.0	4
6.0	4
6.001	4
6.001	3
6.003	4
6.004	3
6.006	3
6.008	3
6.009	5
6.009	3
6.009	3
6.012	4
6.012	3
6.015	6
6.016	4
6.016	4
6.017	3
6.017	3
6.017	4
6.019	3
6.02	3
6.021	3
6.021	3
6.023	4
6.023	4
6.023	4
6.024	3
6.025	3
6.025	3
6.026	4
6.026	3
6.026	4
6.027	6
6.027	3
6.028	3
6.029	4
6.03	3
6.03	3
6.03	3
6.03	4
6.03	3
6.03	3
6.031	3
6.031	3
6.031	4
6.031	3
6.032	4
6.032	4
6.034	4
6.034	3
6.035	4
6.036	2
6.036	4
6.036	3
6.036	3
6.036	3
6.036	4
6.036	3
6.036	3
6.037	3
6.037	3
6.037	3
6.037	4
6.038	4
6.039	5
6.039	3
6.039	3
6.04	3
6.04	3
6.041	3
6.041	3
6.041	4
6.041	3
6.042	3
6.042	3
6.042	3
6.043	3
6.043	3
6.043	5
6.043	3
6.043	3
6.043	3
6.044	3
6.044	4
6.045	5
6.045	4
6.045	3
6.045	3
6.045	4
6.045	3
6.045	3
6.045	3
6.045	3
6.046	3
6.046	3
6.046	3
6.047	3
6.047	3
6.047	3
6.047	4
6.047	3
6.047	4
6.048	4
6.048	3
6.049	3
6.049	2
6.049	5
6.049	3
6.049	3
6.049	3
6.05	2
6.051	3
6.051	3
6.051	3
6.051	3
6.051	4
6.051	3
6.051	3
6.051	3
6.051	3
6.051	4
6.051	3
6.051	3
6.052	3
6.052	3
6.052	3
6.052	3
6.052	3
6.052	3
6.052	4
6.053	3
6.053	3
6.055	3
6.055	3
6.055	2
6.056	5
6.056	4
6.056	3
6.056	2
6.057	3
6.057	3
6.058	2
6.058	3
6.058	3
6.058	3
6.059	4
6.059	3
6.06	3
6.06	3
6.06	3
6.06	3
6.061	3
6.061	3
6.061	3
6.062	6
6.062	3
6.062	4
6.062	3
6.062	3
6.062	3
6.062	4
6.062	3
6.063	3
6.064	3
6.064	4
6.064	2
6.064	5
6.064	3
6.064	3
6.065	3
6.065	3
6.066	3
6.066	3
6.066	3
6.066	3
6.066	3
6.066	3
6.066	4
6.066	3
6.066	3
6.067	3
6.067	3
6.067	3
6.067	3
6.067	3
6.067	3
6.068	3
6.068	3
6.068	3
6.069	3
6.069	3
6.07	4
6.07	3
6.07	2
6.07	4
6.07	3
6.07	2
6.071	3
6.071	3
6.071	2
6.072	4
6.072	3
6.072	3
6.072	3
6.073	3
6.073	3
6.073	3
6.073	3
6.073	3
6.073	3
6.074	3
6.074	3
6.075	3
6.075	3
6.075	3
6.076	3
6.076	3
6.076	2
6.076	3
6.077	3
6.077	4
6.077	3
6.078	3
6.078	3
6.078	4
6.079	3
6.079	3
6.079	3
6.079	2
6.08	3
6.08	3
6.081	4
6.081	3
6.081	3
6.081	3
6.082	4
6.082	3
6.082	3
6.082	3
6.082	3
6.082	3
6.083	3
6.084	3
6.084	3
6.084	3
6.085	3
6.085	4
6.086	5
6.086	3
6.086	3
6.086	3
6.086	3
6.086	3
6.087	3
6.087	4
6.087	3
6.087	3
6.088	3
6.088	3
6.088	3
6.088	3
6.088	3
6.088	3
6.089	3
6.09	3
6.09	3
6.09	3
6.091	3
6.091	3
6.091	2
6.092	5
6.092	4
6.092	4
6.092	3
6.093	2
6.093	4
6.093	4
6.094	3
6.094	3
6.094	3
6.094	3
6.094	3
6.095	3
6.095	3
6.095	3
6.096	3
6.096	3
6.096	3
6.096	3
6.097	3
6.097	3
6.097	3
6.099	2
6.099	3
6.099	3
6.1	3
6.1	3
6.101	3
6.101	3
6.101	3
6.102	4
6.102	4
6.102	3
6.102	3
6.102	3
6.103	3
6.103	3
6.103	3
6.103	3
6.105	4
6.105	3
6.107	3
6.107	4
6.107	3
6.108	3
6.108	4
6.108	4
6.108	4
6.109	3
6.109	3
6.109	3
6.11	3
6.11	3
6.111	3
6.111	3
6.111	4
6.112	3
6.114	3
6.114	3
6.114	2
6.115	3
6.116	3
6.116	3
6.117	3
6.117	3
6.117	3
6.117	3
6.117	3
6.118	4
6.118	4
6.118	3
6.119	3
6.12	3
6.122	3
6.122	3
6.123	4
6.123	4
6.124	4
6.124	4
6.124	3
6.125	3
6.126	3
6.126	4
6.128	4
6.128	3
6.128	3
6.129	6
6.129	3
6.131	3
6.132	3
6.132	3
6.132	3
6.134	4
6.134	4
6.134	3
6.135	6
6.135	3
6.138	2
6.138	4
6.139	4
6.139	4
6.14	4
6.14	3
6.142	4
6.143	3
6.144	2
6.144	4
6.144	3
6.145	3
6.145	3
6.146	3
6.146	3
6.147	3
6.148	4
6.149	4
6.149	3
6.15	4
6.15	6
6.15	3
6.151	3
6.151	3
6.151	4
6.152	3
6.153	3
6.153	3
6.155	3
6.155	3
6.155	3
6.155	4
6.155	3
6.155	3
6.156	4
6.156	3
6.156	3
6.156	4
6.158	5
6.159	3
6.159	2
6.159	4
6.161	4
6.161	3
6.162	3
6.164	6
6.164	5
6.164	3
6.164	3
6.166	3
6.166	3
6.166	3
6.166	3
6.166	3
6.166	4
6.166	3
6.167	4
6.167	3
6.167	3
6.168	5
6.168	3
6.168	3
6.17	3
6.17	6
6.17	3
6.17	3
6.17	4
6.17	3
6.17	3
6.171	4
6.171	3
6.171	3
6.172	3
6.172	3
6.172	3
6.174	3
6.174	3
6.174	2
6.175	2
6.176	3
6.176	3
6.177	3
6.177	3
6.178	3
6.178	3
6.179	3
6.179	5
6.18	3
6.181	4
6.181	3
6.182	4
6.183	4
6.183	2
6.184	4
6.185	3
6.185	6
6.185	3
6.185	3
6.186	3
6.186	3
6.187	3
6.187	3
6.188	5
6.189	3
6.189	4
6.189	4
6.19	4
6.19	3
6.19	3
6.191	3
6.191	3
6.191	3
6.192	3
6.192	3
6.193	3
6.194	5
6.194	4
6.194	5
6.194	3
6.194	3
6.195	3
6.195	3
6.195	2
6.197	4
6.198	3
6.198	3
6.199	3
6.2	5
6.2	4
6.2	3
6.2	3
6.201	3
6.203	3
6.203	3
6.204	4
6.204	3
6.205	4
6.205	3
6.207	3
6.207	3
6.209	5
6.209	3
6.21	3
6.211	4
6.211	3
6.212	4
6.213	3
6.213	3
6.214	3
6.215	5
6.215	4
6.216	3
6.218	2
6.219	3
6.22	3
6.221	3
6.221	3
6.221	3
6.222	3
6.226	3
6.227	4
6.227	4
6.228	3
6.23	4
6.233	3
6.235	3
6.236	3
6.236	3
6.239	3
6.243	4
6.243	4
6.244	3
6.247	3
6.251	3
6.253	4
6.253	3
6.254	6
6.259	3
6.263	2
6.263	4
6.27	3
6.27	3
6.271	3
6.275	4
6.278	3
6.283	5
6.286	3
6.289	6
6.291	3
6.295	3
6.297	3
6.304	3
6.308	4
6.309	4
6.313	5
6.314	3
6.319	5
6.319	4
6.38	4
6.382	3
6.384	3
6.386	4
6.388	3
6.389	4
6.391	3
6.393	3
6.393	3
6.393	4
6.393	3
6.393	3
6.394	3
6.394	3
6.394	4
6.399	3
6.4	3
6.402	3
6.402	3
6.404	3
6.404	3
6.404	4
6.404	3
6.405	3
6.406	5
6.406	3
6.406	3
6.407	4
6.408	3
6.408	3
6.408	4
6.408	3
6.408	3
6.409	3
6.409	3
6.409	3
6.41	3
6.411	3
6.412	3
6.412	3
6.413	2
6.413	4
6.414	3
6.415	3
6.415	3
6.415	3
6.416	3
6.416	4
6.418	3
6.418	3
6.419	4
6.419	3
6.42	3
6.42	3
6.42	4
6.42	3
6.42	3
6.421	2
6.421	3
6.421	3
6.421	4
6.423	3
6.423	3
6.424	3
6.424	3
6.425	3
6.426	3
6.427	4
6.427	3
6.428	3
6.428	3
6.429	3
6.429	3
6.429	3
6.429	3
6.43	3
6.43	3
6.431	3
6.431	3
6.431	4
6.431	3
6.432	3
6.432	3
6.432	3
6.433	3
6.433	2
6.433	5
6.433	3
6.433	3
6.435	4
6.435	3
6.435	3
6.435	4
6.435	3
6.435	3
6.436	3
6.436	3
6.436	3
6.436	3
6.437	3
6.437	3
6.438	3
6.439	3
6.439	3
6.439	3
6.44	2
6.441	3
6.441	3
6.441	3
6.442	3
6.442	3
6.442	3
6.443	3
6.443	3
6.445	3
6.445	3
6.445	3
6.446	4
6.446	3
6.447	3
6.448	2
6.449	4
6.449	3
6.45	4
6.45	3
6.45	3
6.451	3
6.451	3
6.451	3
6.451	3
6.452	3
6.452	3
6.454	3
6.454	4
6.455	3
6.455	3
6.456	2
6.456	3
6.456	3
6.457	3
6.457	3
6.457	3
6.457	4
6.458	3
6.459	3
6.459	3
6.459	3
6.459	3
6.459	3
6.459	3
6.46	3
6.46	3
6.46	3
6.461	3
6.462	4
6.463	3
6.463	3
6.463	4
6.464	3
6.464	3
6.465	4
6.465	4
6.465	3
6.465	3
6.466	3
6.466	3
6.466	4
6.468	4
6.468	3
6.468	3
6.468	3
6.469	3
6.47	3
6.47	3
6.47	3
6.47	4
6.47	3
6.47	3
6.471	3
6.471	3
6.471	3
6.471	4
6.472	3
6.472	3
6.473	3
6.474	3
6.474	3
6.474	3
6.476	4
6.476	3
6.476	3
6.477	3
6.477	4
6.477	3
6.478	3
6.478	3
6.479	3
6.479	3
6.479	3
6.481	4
6.481	4
6.481	3
6.481	3
6.481	3
6.481	4
6.481	3
6.482	3
6.482	3
6.483	2
6.483	5
6.483	3
6.483	3
6.484	3
6.485	3
6.485	3
6.485	3
6.485	3
6.485	4
6.485	3
6.485	3
6.486	3
6.486	3
6.486	3
6.486	3
6.486	3
6.487	3
6.487	3
6.489	3
6.489	3
6.489	4
6.49	2
6.491	4
6.491	3
6.491	3
6.491	3
6.492	6
6.492	4
6.492	4
6.492	3
6.492	3
6.493	3
6.493	3
6.495	4
6.495	3
6.496	4
6.496	3
6.497	3
6.498	3
6.498	2
6.5	3
6.5	3
6.5	3
6.501	2
6.501	4
6.501	3
6.501	3
6.501	3
6.501	3
6.502	3
6.504	3
6.504	4
6.505	3
6.505	3
6.506	3
6.506	3
6.507	3
6.507	3
6.508	3
6.508	3
6.508	4
6.508	4
6.509	3
6.509	3
6.509	3
6.509	3
6.51	3
6.51	3
6.512	3
6.512	4
6.513	4
6.513	3
6.513	3
6.514	3
6.515	3
6.516	3
6.516	3
6.516	3
6.518	4
6.518	3
6.518	3
6.518	3
6.519	6
6.519	3
6.52	3
6.521	5
6.522	3
6.522	3
6.524	3
6.524	3
6.524	3
6.526	4
6.526	3
6.527	6
6.527	4
6.528	2
6.528	4
6.528	3
6.528	3
6.529	3
6.529	3
6.531	3
6.533	3
6.533	2
6.534	3
6.535	3
6.535	3
6.535	3
6.535	3
6.535	4
6.536	3
6.536	3
6.536	3
6.536	3
6.537	3
6.537	3
6.539	3
6.54	4
6.541	3
6.541	4
6.542	3
6.542	4
6.542	4
6.543	3
6.543	3
6.543	3
6.544	4
6.545	4
6.546	4
6.546	3
6.547	4
6.548	5
6.548	3
6.548	3
6.548	3
6.548	4
6.548	3
6.548	3
6.549	3
6.549	3
6.549	4
6.55	3
6.551	5
6.551	3
6.551	3
6.551	3
6.552	3
6.554	6
6.554	3
6.554	3
6.555	3
6.556	3
6.557	5
6.557	4
6.557	3
6.557	3
6.558	4
6.558	4
6.559	3
6.559	3
6.559	3
6.559	4
6.559	3
6.56	3
6.56	3
6.561	5
6.561	3
6.561	3
6.562	3
6.562	3
6.563	3
6.563	3
6.563	4
6.563	3
6.563	3
6.564	3
6.564	3
6.565	3
6.566	3
6.567	3
6.567	4
6.568	4
6.568	3
6.568	2
6.569	3
6.569	6
6.569	3
6.57	3
6.57	3
6.571	3
6.573	4
6.573	3
6.574	4
6.574	3
6.574	4
6.574	3
6.576	2
6.578	5
6.578	2
6.578	4
6.578	3
6.578	3
6.579	3
6.579	3
6.579	3
6.58	3
6.582	4
6.583	3
6.583	3
6.584	5
6.584	4
6.584	3
6.584	3
6.585	3
6.585	3
6.585	3
6.585	3
6.586	3
6.587	3
6.587	3
6.588	3
6.588	3
6.59	4
6.59	4
6.591	3
6.591	3
6.592	3
6.593	3
6.593	3
6.594	3
6.596	3
6.596	3
6.597	3
6.598	5
6.598	3
6.6	3
6.6	3
6.601	3
6.602	3
6.604	6
6.604	4
6.604	3
6.605	4
6.606	3
6.606	3
6.606	3
6.607	3
6.609	3
6.61	3
6.611	2
6.612	3
6.612	3
6.613	3
6.614	3
6.614	3
6.614	3
6.615	3
6.619	3
6.619	3
6.62	4
6.62	4
6.621	3
6.623	4
6.623	4
6.624	4
6.626	3
6.628	5
6.628	3
6.629	3
6.629	3
6.629	3
6.632	3
6.634	5
6.634	4
6.636	4
6.636	4
6.637	3
6.64	3
6.644	3
6.646	4
6.646	3
6.647	6
6.652	3
6.656	2
6.656	4
6.663	3
6.663	3
6.664	3
6.668	4
6.671	3
6.676	4
6.679	3
6.682	6
6.684	3
6.688	3
6.69	3
6.697	3
6.701	4
6.702	4
6.706	5
6.707	3
6.712	5
6.712	4
6.713	4
6.715	3
6.717	3
6.719	4
6.721	3
6.722	4
6.724	3
6.724	4
6.726	3
6.726	3
6.726	4
6.726	3
6.726	3
6.726	3
6.727	3
6.727	3
6.727	4
6.728	3
6.73	4
6.732	3
6.732	3
6.733	3
6.733	4
6.735	3
6.735	3
6.735	3
6.735	4
6.737	3
6.737	3
6.737	4
6.737	3
6.737	3
6.737	3
6.737	4
6.737	3
6.737	3
6.737	3
6.738	3
6.738	3
6.738	3
6.738	4
6.739	5
6.739	3
6.739	3
6.739	3
6.741	3
6.741	3
6.741	4
6.741	3
6.741	3
6.741	4
6.742	3
6.742	3
6.743	3
6.743	3
6.743	3
6.744	3
6.744	4
6.745	3
6.745	4
6.746	2
6.746	3
6.746	3
6.746	3
6.747	3
6.748	3
6.748	3
6.748	3
6.748	3
6.748	4
6.748	3
6.748	3
6.748	3
6.748	4
6.748	3
6.748	3
6.749	3
6.749	3
6.749	3
6.749	3
6.749	4
6.75	5
6.75	3
6.75	3
6.751	3
6.752	4
6.752	3
6.752	3
6.752	3
6.752	4
6.752	3
6.752	3
6.753	3
6.753	3
6.754	2
6.754	3
6.754	3
6.755	3
6.756	3
6.756	3
6.756	3
6.756	4
6.757	3
6.757	3
6.757	2
6.757	3
6.757	3
6.758	3
6.758	3
6.759	3
6.759	3
6.759	3
6.759	3
6.759	4
6.759	3
6.76	4
6.76	3
6.76	3
6.761	3
6.761	3
6.761	5
6.761	3
6.761	3
6.762	3
6.762	3
6.762	3
6.763	3
6.763	3
6.763	4
6.763	3
6.763	3
6.763	3
6.763	4
6.763	3
6.763	3
6.764	3
6.764	3
6.765	3
6.765	3
6.765	2
6.765	3
6.766	3
6.766	3
6.767	3
6.767	3
6.767	3
6.767	4
6.767	4
6.768	4
6.768	3
6.768	3
6.768	2
6.769	3
6.769	3
6.769	3
6.769	3
6.769	3
6.77	3
6.77	3
6.77	3
6.771	3
6.771	4
6.771	3
6.771	3
6.772	3
6.772	3
6.772	3
6.773	3
6.773	3
6.773	3
6.773	4
6.774	3
6.774	3
6.774	3
6.774	3
6.774	4
6.774	3
6.775	3
6.775	3
6.776	3
6.776	3
6.776	3
6.776	2
6.776	4
6.777	3
6.777	3
6.778	3
6.778	3
6.778	3
6.778	3
6.778	3
6.779	4
6.779	3
6.779	3
6.78	3
6.78	3
6.78	3
6.78	3
6.78	3
6.78	3
6.78	4
6.78	3
6.78	3
6.781	3
6.781	3
6.781	3
6.781	4
6.782	4
6.782	3
6.782	3
6.782	4
6.783	4
6.783	3
6.783	3
6.783	3
6.784	3
6.784	3
6.784	3
6.784	3
6.785	3
6.785	3
6.785	3
6.785	3
6.785	3
6.786	3
6.786	3
6.787	3
6.787	3
6.787	3
6.787	3
6.787	3
6.788	3
6.788	3
6.789	2
6.789	3
6.789	3
6.789	3
6.789	3
6.79	3
6.79	4
6.791	3
6.791	3
6.791	3
6.791	3
6.791	3
6.791	3
6.791	4
6.791	3
6.792	3
6.792	3
6.792	3
6.792	3
6.792	3
6.793	3
6.793	4
6.793	3
6.793	3
6.793	5
6.793	3
6.793	3
6.794	4
6.794	3
6.795	3
6.795	3
6.795	3
6.795	3
6.795	4
6.795	3
6.795	3
6.796	3
6.796	3
6.796	3
6.796	3
6.796	3
6.797	3
6.797	3
6.797	3
6.798	4
6.798	4
6.798	3
6.798	3
6.799	3
6.799	3
6.799	4
6.8	2
6.8	3
6.8	3
6.8	2
6.801	4
6.801	3
6.801	3
6.802	3
6.802	3
6.802	3
6.802	3
6.803	3
6.803	3
6.803	3
6.803	3
6.804	3
6.804	3
6.804	4
6.804	3
6.805	4
6.805	3
6.806	3
6.806	3
6.806	3
6.806	4
6.806	3
6.807	3
6.807	3
6.807	3
6.808	3
6.808	2
6.809	4
6.809	4
6.809	3
6.81	3
6.81	3
6.81	3
6.81	3
6.811	2
6.811	3
6.811	3
6.812	4
6.812	3
6.812	3
6.813	3
6.814	4
6.814	4
6.814	3
6.814	3
6.814	3
6.814	4
6.815	3
6.815	3
6.815	3
6.815	3
6.815	3
6.816	3
6.816	3
6.817	3
6.817	3
6.817	3
6.818	3
6.818	3
6.818	3
6.819	3
6.819	3
6.819	3
6.82	4
6.82	4
6.82	3
6.82	4
6.821	3
6.821	3
6.822	3
6.822	4
6.823	4
6.823	3
6.823	3
6.824	4
6.824	3
6.824	3
6.825	6
6.825	4
6.825	4
6.825	3
6.826	3
6.826	3
6.826	3
6.828	3
6.828	3
6.828	3
6.829	3
6.829	3
6.829	3
6.829	3
6.83	3
6.83	3
6.832	3
6.832	3
6.832	3
6.833	3
6.834	3
6.834	4
6.834	3
6.835	4
6.835	3
6.836	6
6.836	4
6.836	4
6.836	4
6.836	3
6.837	3
6.837	4
6.838	3
6.838	3
6.839	3
6.84	3
6.841	3
6.841	3
6.841	3
6.841	3
6.842	3
6.843	2
6.844	3
6.844	3
6.845	4
6.845	4
6.845	3
6.846	4
6.846	4
6.846	3
6.846	3
6.846	3
6.846	3
6.847	6
6.847	3
6.848	4
6.849	3
6.85	3
6.851	3
6.852	3
6.852	3
6.852	3
6.852	4
6.852	4
6.852	3
6.853	3
6.853	3
6.854	4
6.854	4
6.855	4
6.856	5
6.856	4
6.856	3
6.857	3
6.857	4
6.857	4
6.858	3
6.859	3
6.86	6
6.86	3
6.86	3
6.861	3
6.861	3
6.861	3
6.861	3
6.861	3
6.861	3
6.861	3
6.862	3
6.862	3
6.862	3
6.862	4
6.863	3
6.863	3
6.864	3
6.864	3
6.865	4
6.866	3
6.867	3
6.868	3
6.868	3
6.868	4
6.868	4
6.868	4
6.868	3
6.869	3
6.87	3
6.87	3
6.87	4
6.871	6
6.871	3
6.872	3
6.872	3
6.872	3
6.872	4
6.872	3
6.872	3
6.873	3
6.873	3
6.874	5
6.874	3
6.874	3
6.874	3
6.875	3
6.876	4
6.876	3
6.876	3
6.876	3
6.876	4
6.876	3
6.876	3
6.876	4
6.877	3
6.877	3
6.877	3
6.878	4
6.878	3
6.878	3
6.878	3
6.879	4
6.879	3
6.879	3
6.879	6
6.879	4
6.88	4
6.88	3
6.88	4
6.881	2
6.881	3
6.882	6
6.882	3
6.883	3
6.883	3
6.883	3
6.883	3
6.883	3
6.883	3
6.883	3
6.884	5
6.884	3
6.884	3
6.884	3
6.884	3
6.884	3
6.884	4
6.885	3
6.886	3
6.886	3
6.887	4
6.887	3
6.888	3
6.888	5
6.888	4
6.889	2
6.889	3
6.89	5
6.89	4
6.89	4
6.89	3
6.89	3
6.891	4
6.891	3
6.891	3
6.892	3
6.892	3
6.892	3
6.892	3
6.893	3
6.894	3
6.894	3
6.894	4
6.894	3
6.895	5
6.895	3
6.895	3
6.895	4
6.895	3
6.896	3
6.896	3
6.896	3
6.896	3
6.896	5
6.896	3
6.896	3
6.897	3
6.897	3
6.897	3
6.898	3
6.898	3
6.898	3
6.898	3
6.898	4
6.898	3
6.898	3
6.899	3
6.899	3
6.9	4
6.9	3
6.9	3
6.9	3
6.901	5
6.901	4
6.901	4
6.901	3
6.901	4
6.902	4
6.902	3
6.902	4
6.903	3
6.903	4
6.903	2
6.904	3
6.904	3
6.904	3
6.905	3
6.905	3
6.905	3
6.906	5
6.906	3
6.906	3
6.907	3
6.907	3
6.908	4
6.908	3
6.909	3
6.909	3
6.909	4
6.909	3
6.91	3
6.911	3
6.911	3
6.911	2
6.912	5
6.912	4
6.913	3
6.913	3
6.913	3
6.913	3
6.914	6
6.914	3
6.914	3
6.915	3
6.915	3
6.916	3
6.917	4
6.917	3
6.917	4
6.918	4
6.918	3
6.918	3
6.919	3
6.919	3
6.919	3
6.919	3
6.92	3
6.92	3
6.92	3
6.92	3
6.922	3
6.922	3
6.922	3
6.922	3
6.923	3
6.923	4
6.924	2
6.925	3
6.925	4
6.926	3
6.926	3
6.926	3
6.927	3
6.927	3
6.927	3
6.927	3
6.928	3
6.928	3
6.929	3
6.929	3
6.931	3
6.931	3
6.932	3
6.932	3
6.933	4
6.933	4
6.933	4
6.933	3
6.934	4
6.934	3
6.935	3
6.935	3
6.935	4
6.936	4
6.937	3
6.937	3
6.938	5
6.939	3
6.939	3
6.939	4
6.939	3
6.939	3
6.94	4
6.941	3
6.941	3
6.941	3
6.941	4
6.942	3
6.942	3
6.942	3
6.943	3
6.944	5
6.944	4
6.944	3
6.944	4
6.945	3
6.946	2
6.946	3
6.947	3
6.948	3
6.948	3
6.948	3
6.948	3
6.948	3
6.948	3
6.949	4
6.949	4
6.949	3
6.949	3
6.949	3
6.949	3
6.949	3
6.949	4
6.95	3
6.95	3
6.953	3
6.954	3
6.954	3
6.955	4
6.955	4
6.955	3
6.956	3
6.957	3
6.957	3
6.957	3
6.958	4
6.959	4
6.959	3
6.959	3
6.959	3
6.959	4
6.959	3
6.96	6
6.96	3
6.961	3
6.961	5
6.961	3
6.961	3
6.963	3
6.963	3
6.963	3
6.963	4
6.963	3
6.963	3
6.964	3
6.964	3
6.964	3
6.964	3
6.965	3
6.965	3
6.967	3
6.967	3
6.967	4
6.968	2
6.969	5
6.969	4
6.969	3
6.97	3
6.97	3
6.971	4
6.971	4
6.971	3
6.972	3
6.973	3
6.974	4
6.974	3
6.975	3
6.976	3
6.976	3
6.976	2
6.977	3
6.978	3
6.978	3
6.979	3
6.979	3
6.979	3
6.98	3
6.981	4
6.981	4
6.981	3
6.982	6
6.982	4
6.983	3
6.983	3
6.984	3
6.984	3
6.984	3
6.985	3
6.985	3
6.987	3
6.987	3
6.987	3
6.988	3
6.988	4
6.989	4
6.99	4
6.991	5
6.991	3
6.991	3
6.991	3
6.992	3
6.992	3
6.993	3
6.994	3
6.995	6
6.996	3
6.996	3
6.997	3
6.997	3
6.998	3
6.998	3
6.998	3
6.999	3
7.0	3
7.0	3
7.001	3
7.002	3
7.003	3
7.003	4
7.004	4
7.004	3
7.005	4
7.006	3
7.006	3
7.006	3
7.007	3
7.009	3
7.01	3
7.011	4
7.011	3
7.012	3
7.013	3
7.014	4
7.014	3
7.014	3
7.014	3
7.014	3
7.015	4
7.015	3
7.017	6
7.019	5
7.019	3
7.019	3
7.02	3
7.02	4
7.02	4
7.021	3
7.023	3
7.023	4
7.025	5
7.025	4
7.025	3
7.026	3
7.028	3
7.029	3
7.029	3
7.032	3
7.032	3
7.036	4
7.036	4
7.036	4
7.037	4
7.037	3
7.04	3
7.041	5
7.042	3
7.044	3
7.046	4
7.046	3
7.047	5
7.047	4
7.047	6
7.052	3
7.056	5
7.056	3
7.063	3
7.063	3
7.064	3
7.068	4
7.071	3
7.076	4
7.079	3
7.082	6
7.084	3
7.088	3
7.09	3
7.097	3
7.101	4
7.102	4
7.106	5
7.107	3
7.112	5
7.112	4
7.229	4
7.231	3
7.233	3
7.235	4
7.237	3
7.238	4
7.24	3
7.242	3
7.242	3
7.242	3
7.242	3
7.242	3
7.243	3
7.243	3
7.243	4
7.248	3
7.249	3
7.251	3
7.251	3
7.253	3
7.253	3
7.253	4
7.253	3
7.254	3
7.255	5
7.255	3
7.255	3
7.257	3
7.257	3
7.257	4
7.257	3
7.257	3
7.258	3
7.258	3
7.259	3
7.26	4
7.261	3
7.261	4
7.262	2
7.262	3
7.263	3
7.264	3
7.264	3
7.264	3
7.265	3
7.266	4
7.267	3
7.268	4
7.268	3
7.268	3
7.269	4
7.27	2
7.271	3
7.272	3
7.272	3
7.273	3
7.273	3
7.273	3
7.273	3
7.273	3
7.273	3
7.273	3
7.274	3
7.274	3
7.274	3
7.274	4
7.276	4
7.277	3
7.277	3
7.278	3
7.278	3
7.278	4
7.279	3
7.279	3
7.279	3
7.28	3
7.28	3
7.281	3
7.281	3
7.282	3
7.282	4
7.282	3
7.282	3
7.282	3
7.284	4
7.284	3
7.284	3
7.284	4
7.284	3
7.284	4
7.285	3
7.285	3
7.285	3
7.286	3
7.286	5
7.286	3
7.286	3
7.286	3
7.287	3
7.287	4
7.288	3
7.288	3
7.288	3
7.288	4
7.288	3
7.288	3
7.289	3
7.289	3
7.289	3
7.29	3
7.29	3
7.29	3
7.291	3
7.291	3
7.291	3
7.291	3
7.291	3
7.291	3
7.292	3
7.292	3
7.292	4
7.292	3
7.292	3
7.292	4
7.293	2
7.294	3
7.294	3
7.294	3
7.295	3
7.295	3
7.296	3
7.296	3
7.297	3
7.298	4
7.298	3
7.298	3
7.298	3
7.299	4
7.299	4
7.299	3
7.3	3
7.3	3
7.3	3
7.3	3
7.301	3
7.301	2
7.302	3
7.302	3
7.302	4
7.302	3
7.303	3
7.303	3
7.303	3
7.303	3
7.304	3
7.304	3
7.304	5
7.304	3
7.304	3
7.305	3
7.305	3
7.306	3
7.306	3
7.306	3
7.306	4
7.306	3
7.306	3
7.307	3
7.307	4
7.307	3
7.307	3
7.308	3
7.308	3
7.308	3
7.308	3
7.308	3
7.308	3
7.309	3
7.309	3
7.309	3
7.31	3
7.31	3
7.31	3
7.31	4
7.311	2
7.312	3
7.312	3
7.312	3
7.313	3
7.313	3
7.313	4
7.313	3
7.313	3
7.314	4
7.314	4
7.314	3
7.315	3
7.315	4
7.316	3
7.316	3
7.316	3
7.317	4
7.317	3
7.317	4
7.317	3
7.318	3
7.319	3
7.319	2
7.32	3
7.321	3
7.321	3
7.321	3
7.321	3
7.322	3
7.322	3
7.322	3
7.322	3
7.323	3
7.323	3
7.323	3
7.323	3
7.325	3
7.325	3
7.325	4
7.326	3
7.326	3
7.326	3
7.327	3
7.327	3
7.327	3
7.328	3
7.328	3
7.329	4
7.329	3
7.33	4
7.33	4
7.33	4
7.33	3
7.33	3
7.331	3
7.331	3
7.331	3
7.331	3
7.331	4
7.332	3
7.333	4
7.334	3
7.334	3
7.334	3
7.334	3
7.335	3
7.336	3
7.336	3
7.337	3
7.337	3
7.338	3
7.338	3
7.339	3
7.339	3
7.339	3
7.339	3
7.339	3
7.34	4
7.34	3
7.34	3
7.34	3
7.341	6
7.341	3
7.343	3
7.343	3
7.344	3
7.345	4
7.345	4
7.345	3
7.346	3
7.346	3
7.347	4
7.347	3
7.348	4
7.348	3
7.349	3
7.349	3
7.35	5
7.35	3
7.35	3
7.351	3
7.352	3
7.353	3
7.354	3
7.354	3
7.354	3
7.355	3
7.356	3
7.357	3
7.357	3
7.357	3
7.357	3
7.357	3
7.357	3
7.358	3
7.358	3
7.358	4
7.36	3
7.361	4
7.361	4
7.362	4
7.362	3
7.362	3
7.362	3
7.363	4
7.363	4
7.364	3
7.364	4
7.365	3
7.365	3
7.366	4
7.366	3
7.367	4
7.369	3
7.369	3
7.369	3
7.37	4
7.371	3
7.371	3
7.371	3
7.371	3
7.371	3
7.371	3
7.371	3
7.371	3
7.372	6
7.372	3
7.372	3
7.372	3
7.372	3
7.372	4
7.373	3
7.375	3
7.376	6
7.377	3
7.377	3
7.378	3
7.378	3
7.379	4
7.379	4
7.38	3
7.38	3
7.38	3
7.381	5
7.381	3
7.382	3
7.382	3
7.382	3
7.382	4
7.382	3
7.383	3
7.383	3
7.384	3
7.384	5
7.384	3
7.384	3
7.386	3
7.386	3
7.386	4
7.386	3
7.386	3
7.387	3
7.387	3
7.387	3
7.388	3
7.388	3
7.388	3
7.389	3
7.389	3
7.389	3
7.39	6
7.39	3
7.39	4
7.391	3
7.391	2
7.392	3
7.393	4
7.393	3
7.393	3
7.394	3
7.395	4
7.395	3
7.396	3
7.396	3
7.396	3
7.397	4
7.397	3
7.399	5
7.399	3
7.399	2
7.4	5
7.401	3
7.401	4
7.401	3
7.401	3
7.402	3
7.402	3
7.403	3
7.404	3
7.405	4
7.406	5
7.406	4
7.406	3
7.406	3
7.406	3
7.406	3
7.407	6
7.407	3
7.407	3
7.407	3
7.408	3
7.408	3
7.409	3
7.41	3
7.41	3
7.411	4
7.411	3
7.411	4
7.413	3
7.413	4
7.414	3
7.414	3
7.414	3
7.415	3
7.415	3
7.416	3
7.417	3
7.419	4
7.419	3
7.419	3
7.42	3
7.421	3
7.422	3
7.422	3
7.423	3
7.423	3
7.425	6
7.425	3
7.426	4
7.427	3
7.427	3
7.427	4
7.427	3
7.428	3
7.429	3
7.429	3
7.43	3
7.431	5
7.431	3
7.432	3
7.432	3
7.433	3
7.434	4
7.435	3
7.436	3
7.437	5
7.437	4
7.437	3
7.437	3
7.437	3
7.438	3
7.44	3
7.442	3
7.443	4
7.443	4
7.444	4
7.444	3
7.445	3
7.446	4
7.449	5
7.449	3
7.45	3
7.451	3
7.452	3
7.452	3
7.455	5
7.455	4
7.455	3
7.459	4
7.459	4
7.46	3
7.46	4
7.462	3
7.463	3
7.464	3
7.466	4
7.467	3
7.468	3
7.469	3
7.469	3
7.469	4
7.47	6
7.471	3
7.473	3
7.473	3
7.473	3
7.473	3
7.473	3
7.474	3
7.474	3
7.474	4
7.475	3
7.479	5
7.479	3
7.479	3
7.48	3
7.482	3
7.482	3
7.484	3
7.484	3
7.484	4
7.484	3
7.485	3
7.486	3
7.486	3
7.486	5
7.486	3
7.486	3
7.487	3
7.488	3
7.488	3
7.488	4
7.488	3
7.488	3
7.489	3
7.489	3
7.49	3
7.491	4
7.492	3
7.492	4
7.493	2
7.494	3
7.494	3
7.495	3
7.495	3
7.495	4
7.496	3
7.497	3
7.498	3
7.499	4
7.499	4
7.499	3
7.499	3
7.501	2
7.501	4
7.502	3
7.503	3
7.503	3
7.503	3
7.504	3
7.504	3
7.504	4
7.505	6
7.505	3
7.506	3
7.507	3
7.507	4
7.508	3
7.508	3
7.508	3
7.508	3
7.508	3
7.508	3
7.508	3
7.509	3
7.509	3
7.509	3
7.509	3
7.509	4
7.51	3
7.51	3
7.511	3
7.512	3
7.512	3
7.513	3
7.513	3
7.513	4
7.514	3
7.515	4
7.515	3
7.516	3
7.516	3
7.517	3
7.517	3
7.517	3
7.518	3
7.519	3
7.519	3
7.519	3
7.519	4
7.519	3
7.52	3
7.52	3
7.521	3
7.521	3
7.521	5
7.521	3
7.521	3
7.522	3
7.523	3
7.523	3
7.523	3
7.523	4
7.523	3
7.523	3
7.524	4
7.524	3
7.524	3
7.525	3
7.525	3
7.525	3
7.525	3
7.527	3
7.527	3
7.527	4
7.528	2
7.529	5
7.529	4
7.529	3
7.529	3
7.53	3
7.53	3
7.53	3
7.53	3
7.531	3
7.531	3
7.531	3
7.532	3
7.533	3
7.534	3
7.534	4
7.534	3
7.535	5
7.535	4
7.536	4
7.536	2
7.537	3
7.538	3
7.538	3
7.538	3
7.539	3
7.539	3
7.539	3
7.539	3
7.539	3
7.539	4
7.54	3
7.54	3
7.541	3
7.542	4
7.543	3
7.543	3
7.543	3
7.544	3
7.544	3
7.544	3
7.545	4
7.545	4
7.545	3
7.545	3
7.545	4
7.546	3
7.547	3
7.547	3
7.547	3
7.548	4
7.548	3
7.548	4
7.548	4
7.55	4
7.55	3
7.551	3
7.551	3
7.551	3
7.552	3
7.552	3
7.552	3
7.552	3
7.552	3
7.552	3
7.553	3
7.553	3
7.553	3
7.553	3
7.553	4
7.554	3
7.554	3
7.554	3
7.556	3
7.556	3
7.557	3
7.557	3
7.558	3
7.558	3
7.559	3
7.56	3
7.56	3
7.561	4
7.561	4
7.561	3
7.561	3
7.562	3
7.562	3
7.563	3
7.563	3
7.563	4
7.563	3
7.564	4
7.564	3
7.564	3
7.565	3
7.565	2
7.565	5
7.565	3
7.565	3
7.566	3
7.566	3
7.567	3
7.567	3
7.567	3
7.567	4
7.567	3
7.567	3
7.568	3
7.568	3
7.569	3
7.569	3
7.569	3
7.571	3
7.571	3
7.571	4
7.571	3
7.571	4
7.572	6
7.572	3
7.572	2
7.573	3
7.573	3
7.574	3
7.574	3
7.574	3
7.574	3
7.574	3
7.575	3
7.575	3
7.577	3
7.577	3
7.578	4
7.578	3
7.579	3
7.58	4
7.58	4
7.58	2
7.581	5
7.581	3
7.581	3
7.582	3
7.582	3
7.583	4
7.583	3
7.583	3
7.584	3
7.586	3
7.586	4
7.587	3
7.587	3
7.588	3
7.588	3
7.588	3
7.588	3
7.588	3
7.589	3
7.589	3
7.589	3
7.589	3
7.589	3
7.591	3
7.591	3
7.592	3
7.592	3
7.592	4
7.593	4
7.594	4
7.595	3
7.595	3
7.596	3
7.596	4
7.596	4
7.596	3
7.597	3
7.597	3
7.598	3
7.6	3
7.6	3
7.6	3
7.601	3
7.601	3
7.602	3
7.604	3
7.604	3
7.604	3
7.604	3
7.606	3
7.606	3
7.606	3
7.607	6
7.607	6
7.608	4
7.608	3
7.609	3
7.609	2
7.609	3
7.61	3
7.61	3
7.611	3
7.611	3
7.612	3
7.613	3
7.613	3
7.613	3
7.615	3
7.615	4
7.615	4
7.616	5
7.616	3
7.616	3
7.617	3
7.617	3
7.618	3
7.618	3
7.618	3
7.618	4
7.619	3
7.62	3
7.622	3
7.622	3
7.622	3
7.622	3
7.622	3
7.622	3
7.623	3
7.623	3
7.623	3
7.623	3
7.623	3
7.623	4
7.624	3
7.624	4
7.624	4
7.625	3
7.626	4
7.627	3
7.627	4
7.628	4
7.628	3
7.629	3
7.63	3
7.631	5
7.631	3
7.631	3
7.631	3
7.631	3
7.632	3
7.632	3
7.633	3
7.633	3
7.633	3
7.633	3
7.633	4
7.633	3
7.633	3
7.634	3
7.635	5
7.635	3
7.635	3
7.635	3
7.636	3
7.636	3
7.637	5
7.637	4
7.637	3
7.637	3
7.637	4
7.637	3
7.637	3
7.637	4
7.638	3
7.638	3
7.639	3
7.639	3
7.639	3
7.64	4
7.64	4
7.64	4
7.641	3
7.641	3
7.641	4
7.642	6
7.642	2
7.642	3
7.643	3
7.644	3
7.644	3
7.644	3
7.644	3
7.644	3
7.644	3
7.644	3
7.644	3
7.644	3
7.645	3
7.645	3
7.645	3
7.645	4
7.647	3
7.648	3
7.648	3
7.648	4
7.648	3
7.65	3
7.65	3
7.65	3
7.65	2
7.65	3
7.651	5
7.651	3
7.652	3
7.652	3
7.653	3
7.653	3
7.653	3
7.653	3
7.654	3
7.655	3
7.655	3
7.655	4
7.655	3
7.656	3
7.656	4
7.656	3
7.657	3
7.657	3
7.657	3
7.657	5
7.657	3
7.657	3
7.658	3
7.658	3
7.659	3
7.659	3
7.659	3
7.659	3
7.659	4
7.659	3
7.659	3
7.66	5
7.66	3
7.66	3
7.66	3
7.66	3
7.661	4
7.661	3
7.661	3
7.661	3
7.662	3
7.662	3
7.662	4
7.662	3
7.663	3
7.663	4
7.664	4
7.664	2
7.664	3
7.665	3
7.665	3
7.665	3
7.666	5
7.666	3
7.666	3
7.666	3
7.666	4
7.667	3
7.667	3
7.667	3
7.667	3
7.667	3
7.668	3
7.668	3
7.668	3
7.669	3
7.669	4
7.67	3
7.67	3
7.67	4
7.67	3
7.671	3
7.671	3
7.672	5
7.672	4
7.672	4
7.672	3
7.672	2
7.673	3
7.673	3
7.673	3
7.673	3
7.673	3
7.674	3
7.674	3
7.674	3
7.674	3
7.674	3
7.674	3
7.674	4
7.675	3
7.675	3
7.675	3
7.676	3
7.676	3
7.678	4
7.678	3
7.678	4
7.679	2
7.679	3
7.679	3
7.679	3
7.68	3
7.68	3
7.68	3
7.68	3
7.68	3
7.68	3
7.681	3
7.681	3
7.681	3
7.682	3
7.682	3
7.683	3
7.683	3
7.683	3
7.683	3
7.684	3
7.684	4
7.684	3
7.684	3
7.684	4
7.684	3
7.685	4
7.685	3
7.686	6
7.686	3
7.686	4
7.686	5
7.686	3
7.686	3
7.687	3
7.687	3
7.687	3
7.688	3
7.688	3
7.688	3
7.688	3
7.688	3
7.688	3
7.688	3
7.688	4
7.688	3
7.688	3
7.689	3
7.689	3
7.689	3
7.689	3
7.69	3
7.69	3
7.692	3
7.692	3
7.692	3
7.692	3
7.692	4
7.693	3
7.693	3
7.693	2
7.694	3
7.694	4
7.694	4
7.694	3
7.694	3
7.695	3
7.695	3
7.695	3
7.696	3
7.696	3
7.696	3
7.697	4
7.698	3
7.698	3
7.699	4
7.699	3
7.7	3
7.7	3
7.7	3
7.701	3
7.701	2
7.701	3
7.702	3
7.702	3
7.702	3
7.703	3
7.703	3
7.703	3
7.703	3
7.703	3
7.704	3
7.704	3
7.705	4
7.705	3
7.705	3
7.706	3
7.706	3
7.707	4
7.707	4
7.708	3
7.708	3
7.708	3
7.709	3
7.709	3
7.709	3
7.71	5
7.71	4
7.71	4
7.71	3
7.71	3
7.71	3
7.71	3
7.71	3
7.711	3
7.711	3
7.711	3
7.712	3
7.712	3
7.713	3
7.713	4
7.714	3
7.715	3
7.715	4
7.716	5
7.716	4
7.716	4
7.716	4
7.716	3
7.716	3
7.717	3
7.717	3
7.718	3
7.718	3
7.719	4
7.719	3
7.72	3
7.72	3
7.721	5
7.721	3
7.721	3
7.722	3
7.722	3
7.723	3
7.724	3
7.725	3
7.725	3
7.725	3
7.725	3
7.726	3
7.727	3
7.728	3
7.729	3
7.729	3
7.73	5
7.73	3
7.73	2
7.731	3
7.731	3
7.732	4
7.732	4
7.732	3
7.733	3
7.734	3
7.736	3
7.736	4
7.737	3
7.737	3
7.737	3
7.738	3
7.738	3
7.739	3
7.739	3
7.739	3
7.74	3
7.74	3
7.742	4
7.742	3
7.742	3
7.743	5
7.744	3
7.745	3
7.745	4
7.745	4
7.746	3
7.748	3
7.748	4
7.75	3
7.751	3
7.752	5
7.752	3
7.753	3
7.753	3
7.754	3
7.754	3
7.756	6
7.757	3
7.758	3
7.759	3
7.759	3
7.76	3
7.761	4
7.761	4
7.762	3
7.762	3
7.764	3
7.764	4
7.765	3
7.767	3
7.769	3
7.771	3
7.771	3
7.771	3
7.772	3
7.772	5
7.775	4
7.775	3
7.776	3
7.777	3
7.778	6
7.78	5
7.78	3
7.781	3
7.781	5
7.781	3
7.784	3
7.786	5
7.786	4
7.786	3
7.788	3
7.788	3
7.789	3
7.793	3
7.793	4
7.796	3
7.797	4
7.798	3
7.801	3
7.802	5
7.803	3
7.804	3
7.807	6
7.808	5
7.808	4
7.809	3
7.813	3
7.815	3
7.819	3
7.821	3
7.822	3
7.823	3
7.825	4
7.826	4
7.827	3
7.827	3
7.828	4
7.83	3
7.831	5
7.832	3
7.832	3
7.832	3
7.832	3
7.832	3
7.832	3
7.833	3
7.833	3
7.833	4
7.837	5
7.837	4
7.838	3
7.839	3
7.841	3
7.841	3
7.843	3
7.843	3
7.843	4
7.843	3
7.844	3
7.845	5
7.845	3
7.845	3
7.847	3
7.847	3
7.847	3
7.847	3
7.847	3
7.848	3
7.848	3
7.849	3
7.851	3
7.851	4
7.852	2
7.853	3
7.854	3
7.854	3
7.855	3
7.857	3
7.858	4
7.858	3
7.86	3
7.862	3
7.862	3
7.863	3
7.863	3
7.864	3
7.866	4
7.867	3
7.867	3
7.868	3
7.868	3
7.869	3
7.869	3
7.871	3
7.871	3
7.872	3
7.872	4
7.874	4
7.875	3
7.875	3
7.876	3
7.877	3
7.878	3
7.88	3
7.88	3
7.881	3
7.882	3
7.884	3
7.884	3
7.886	3
7.888	3
7.888	3
7.889	2
7.89	3
7.89	3
7.891	3
7.893	3
7.895	4
7.896	3
7.897	3
7.898	3
7.898	3
7.898	3
7.899	3
7.903	3
7.904	4
7.904	4
7.905	3
7.907	4
7.91	3
7.912	3
7.913	3
7.913	3
7.916	3
7.92	4
7.92	4
7.921	3
7.924	3
7.928	3
7.93	3
7.93	3
7.931	5
7.936	3
7.94	5
7.94	3
7.947	3
7.947	3
7.948	3
7.948	3
7.95	3
7.952	4
7.952	3
7.954	4
7.955	3
7.956	3
7.957	4
7.959	3
7.96	3
7.961	3
7.961	3
7.961	3
7.961	3
7.961	3
7.962	3
7.962	3
7.962	4
7.963	3
7.966	6
7.967	3
7.968	3
7.968	3
7.97	3
7.97	3
7.972	3
7.972	3
7.972	3
7.972	4
7.972	3
7.973	3
7.974	3
7.974	5
7.974	3
7.974	3
7.976	3
7.976	3
7.976	3
7.976	3
7.976	3
7.977	3
7.977	3
7.978	3
7.98	3
7.98	4
7.981	3
7.981	2
7.982	3
7.983	3
7.983	3
7.984	3
7.985	4
7.986	3
7.986	3
7.986	3
7.987	4
7.987	3
7.988	3
7.989	3
7.99	5
7.99	3
7.991	3
7.991	3
7.991	3
7.992	3
7.992	3
7.992	4
7.993	3
7.993	3
7.994	3
7.995	4
7.995	4
7.995	3
7.996	5
7.996	4
7.996	3
7.996	3
7.997	3
7.997	3
7.997	3
7.997	3
7.998	3
7.998	3
7.999	3
7.999	3
7.999	3
7.999	3
7.999	3
7.999	4
8.0	3
8.0	3
8.0	3
8.0	3
8.0	4
8.0	3
8.001	3
8.001	4
8.001	3
8.002	3
8.002	3
8.003	4
8.004	3
8.004	3
8.004	3
8.004	3
8.005	3
8.005	3
8.006	3
8.006	3
8.006	3
8.006	3
8.006	3
8.006	3
8.006	3
8.006	4
8.007	3
8.007	3
8.007	3
8.007	4
8.008	3
8.008	3
8.008	3
8.009	3
8.009	3
8.009	3
8.01	3
8.01	3
8.01	3
8.01	4
8.01	3
8.011	3
8.011	3
8.011	3
8.012	5
8.012	3
8.012	3
8.012	3
8.013	3
8.013	3
8.013	3
8.013	3
8.013	3
8.013	3
8.013	3
8.013	3
8.014	3
8.014	3
8.014	3
8.014	3
8.014	3
8.014	3
8.014	3
8.014	4
8.015	3
8.015	3
8.015	3
8.015	3
8.015	3
8.016	3
8.017	3
8.017	3
8.017	3
8.017	3
8.017	4
8.017	3
8.018	2
8.018	3
8.018	4
8.018	3
8.019	3
8.019	3
8.019	2
8.019	5
8.019	3
8.019	3
8.019	3
8.02	3
8.02	3
8.02	3
8.02	3
8.021	3
8.021	3
8.021	3
8.021	3
8.021	3
8.021	3
8.021	3
8.022	3
8.022	3
8.022	3
8.022	3
8.022	3
8.022	3
8.022	3
8.023	3
8.024	4
8.024	3
8.024	3
8.024	3
8.024	4
8.024	3
8.024	3
8.025	3
8.025	4
8.025	3
8.025	3
8.025	4
8.025	3
8.026	3
8.026	2
8.026	5
8.026	3
8.026	3
8.026	4
8.027	3
8.027	3
8.027	3
8.027	3
8.027	3
8.028	3
8.028	3
8.028	3
8.028	3
8.028	3
8.028	3
8.028	3
8.028	3
8.028	3
8.029	3
8.029	3
8.029	3
8.029	3
8.029	3
8.029	3
8.03	3
8.03	3
8.03	3
8.031	3
8.031	3
8.031	3
8.032	3
8.032	4
8.032	3
8.032	3
8.032	4
8.033	4
8.033	4
8.033	4
8.033	2
8.033	3
8.033	3
8.033	3
8.033	3
8.033	3
8.034	3
8.034	3
8.034	3
8.034	3
8.034	3
8.034	3
8.034	3
8.034	4
8.035	3
8.035	3
8.035	3
8.035	3
8.036	3
8.036	3
8.036	3
8.036	3
8.036	3
8.036	3
8.037	3
8.037	3
8.038	3
8.038	3
8.038	3
8.038	3
8.039	3
8.039	3
8.039	4
8.039	4
8.039	3
8.039	3
8.04	4
8.04	3
8.041	3
8.041	4
8.041	3
8.041	3
8.041	3
8.042	3
8.042	3
8.042	3
8.042	3
8.042	3
8.042	3
8.042	3
8.042	3
8.043	3
8.043	3
8.043	3
8.043	3
8.043	3
8.044	3
8.044	3
8.044	3
8.044	3
8.044	3
8.044	4
8.044	3
8.045	3
8.045	3
8.045	3
8.045	3
8.045	3
8.045	3
8.046	3
8.046	4
8.046	5
8.046	3
8.046	3
8.047	3
8.047	3
8.047	4
8.048	3
8.048	4
8.048	3
8.048	3
8.048	3
8.048	3
8.048	3
8.048	3
8.048	3
8.049	4
8.049	4
8.049	3
8.049	3
8.049	3
8.049	3
8.049	3
8.049	3
8.049	3
8.05	3
8.05	3
8.05	3
8.05	3
8.05	3
8.051	3
8.051	3
8.051	3
8.052	3
8.052	3
8.052	3
8.052	3
8.052	4
8.053	3
8.053	3
8.053	3
8.053	4
8.053	2
8.054	3
8.054	3
8.054	3
8.055	3
8.055	3
8.055	3
8.055	4
8.055	3
8.055	3
8.056	2
8.056	3
8.056	3
8.056	3
8.056	3
8.057	3
8.057	3
8.057	3
8.057	3
8.058	3
8.058	3
8.058	3
8.058	3
8.058	3
8.059	3
8.059	3
8.059	3
8.059	3
8.059	3
8.06	5
8.06	3
8.06	3
8.061	3
8.061	3
8.061	3
8.062	4
8.062	3
8.062	3
8.062	3
8.063	3
8.063	2
8.063	3
8.063	3
8.063	3
8.064	3
8.064	3
8.064	3
8.064	3
8.064	3
8.065	3
8.065	3
8.065	3
8.065	3
8.065	3
8.065	3
8.065	3
8.065	3
8.066	3
8.067	3
8.067	3
8.067	4
8.068	3
8.068	3
8.069	5
8.069	3
8.069	4
8.069	3
8.069	3
8.069	3
8.069	3
8.07	3
8.07	3
8.07	2
8.07	3
8.07	3
8.071	4
8.071	4
8.071	3
8.071	3
8.071	3
8.072	3
8.072	3
8.072	3
8.072	3
8.072	3
8.072	3
8.072	3
8.073	3
8.073	3
8.073	4
8.074	3
8.074	3
8.075	4
8.076	3
8.076	3
8.076	4
8.076	3
8.076	3
8.077	3
8.077	3
8.077	3
8.077	3
8.077	3
8.078	4
8.078	4
8.078	3
8.078	3
8.079	3
8.079	3
8.079	3
8.079	3
8.079	3
8.079	3
8.08	3
8.08	3
8.08	3
8.08	3
8.081	4
8.081	3
8.081	3
8.081	3
8.082	3
8.082	3
8.083	3
8.083	3
8.084	3
8.084	3
8.084	3
8.084	3
8.085	4
8.085	4
8.085	3
8.085	3
8.086	3
8.086	3
8.086	4
8.087	4
8.087	4
8.087	3
8.087	3
8.087	3
8.088	3
8.088	3
8.088	3
8.089	3
8.089	3
8.089	3
8.089	3
8.09	3
8.09	2
8.091	3
8.091	3
8.091	3
8.091	3
8.091	3
8.092	3
8.092	3
8.093	3
8.093	3
8.093	3
8.093	3
8.093	3
8.093	3
8.094	4
8.094	4
8.094	3
8.094	3
8.094	3
8.094	3
8.094	3
8.094	4
8.095	6
8.095	3
8.095	3
8.096	4
8.097	3
8.097	3
8.097	3
8.097	3
8.097	3
8.098	5
8.098	3
8.098	3
8.099	3
8.099	3
8.099	3
8.099	3
8.1	3
8.1	3
8.101	3
8.101	4
8.101	4
8.102	3
8.102	3
8.102	3
8.102	3
8.103	3
8.103	3
8.104	3
8.104	3
8.104	3
8.104	3
8.104	3
8.104	4
8.104	3
8.105	5
8.105	3
8.105	4
8.105	4
8.105	3
8.106	3
8.106	5
8.106	3
8.106	3
8.107	5
8.107	3
8.108	3
8.108	3
8.108	3
8.108	3
8.108	3
8.108	3
8.109	3
8.109	3
8.109	3
8.11	3
8.11	3
8.11	3
8.111	3
8.111	3
8.111	3
8.112	5
8.112	3
8.112	4
8.113	3
8.113	2
8.114	4
8.114	3
8.114	3
8.114	5
8.114	3
8.114	3
8.114	3
8.114	3
8.115	3
8.115	3
8.115	3
8.115	3
8.116	3
8.117	3
8.117	3
8.118	3
8.119	5
8.119	4
8.119	3
8.119	3
8.12	3
8.121	3
8.121	3
8.121	5
8.121	3
8.121	4
8.121	4
8.121	3
8.122	3
8.122	3
8.122	3
8.123	3
8.123	3
8.124	3
8.124	3
8.125	5
8.125	4
8.125	3
8.125	3
8.126	4
8.127	3
8.127	4
8.128	3
8.128	3
8.128	3
8.128	3
8.129	3
8.129	3
8.129	3
8.129	3
8.129	3
8.13	3
8.13	3
8.13	3
8.131	3
8.131	3
8.132	5
8.132	3
8.132	3
8.133	6
8.133	3
8.133	3
8.133	4
8.134	3
8.135	3
8.135	4
8.136	3
8.136	3
8.136	3
8.137	3
8.137	3
8.137	3
8.138	3
8.139	3
8.139	3
8.14	6
8.141	3
8.141	3
8.141	5
8.141	3
8.141	3
8.141	3
8.142	3
8.142	3
8.143	3
8.144	3
8.145	3
8.145	3
8.146	3
8.147	6
8.147	3
8.148	3
8.148	3
8.148	3
8.148	3
8.149	3
8.149	3
8.149	3
8.149	3
8.15	2
8.15	3
8.151	3
8.151	3
8.152	4
8.152	3
8.152	3
8.153	3
8.153	3
8.153	3
8.154	3
8.154	3
8.155	3
8.155	3
8.156	3
8.156	4
8.156	4
8.157	4
8.157	3
8.158	3
8.158	3
8.158	3
8.159	4
8.159	3
8.159	3
8.159	3
8.159	3
8.16	3
8.16	3
8.161	3
8.161	3
8.162	3
8.163	5
8.163	4
8.163	3
8.163	3
8.163	3
8.163	3
8.163	3
8.164	4
8.164	3
8.164	3
8.164	3
8.164	3
8.164	4
8.165	3
8.165	4
8.165	4
8.166	4
8.166	3
8.167	3
8.167	6
8.168	3
8.169	3
8.169	3
8.17	5
8.17	4
8.17	3
8.171	4
8.171	3
8.172	3
8.172	3
8.172	3
8.173	3
8.173	3
8.174	3
8.174	3
8.174	3
8.174	3
8.174	4
8.174	3
8.175	3
8.175	3
8.176	5
8.176	3
8.176	3
8.177	5
8.177	4
8.177	3
8.178	3
8.178	3
8.178	3
8.178	3
8.178	3
8.179	3
8.179	3
8.18	3
8.181	4
8.181	4
8.182	3
8.182	3
8.182	3
8.182	4
8.183	2
8.184	3
8.185	3
8.185	3
8.185	3
8.186	4
8.186	3
8.187	3
8.188	3
8.189	3
8.189	3
8.189	3
8.191	4
8.191	3
8.191	3
8.191	3
8.192	3
8.192	4
8.193	3
8.193	3
8.194	3
8.194	3
8.195	3
8.197	5
8.197	4
8.197	3
8.197	4
8.198	3
8.198	3
8.199	3
8.199	3
8.2	3
8.2	3
8.201	5
8.201	3
8.202	3
8.202	3
8.203	3
8.203	4
8.205	4
8.206	3
8.206	3
8.207	3
8.208	3
8.208	3
8.208	3
8.209	3
8.209	3
8.211	3
8.211	3
8.212	3
8.213	3
8.213	3
8.215	3
8.215	3
8.216	3
8.217	3
8.219	3
8.219	3
8.22	3
8.221	3
8.221	3
8.221	3
8.222	3
8.224	3
8.224	3
8.226	4
8.227	6
8.227	3
8.228	3
8.229	3
8.229	3
8.229	3
8.229	3
8.23	3
8.233	3
8.234	3
8.235	3
8.235	4
8.235	4
8.236	3
8.238	3
8.241	3
8.242	3
8.243	3
8.244	3
8.244	3
8.246	4
8.247	3
8.247	3
8.251	4
8.251	4
8.251	4
8.252	3
8.252	3
8.255	3
8.257	5
8.257	4
8.259	3
8.261	3
8.261	3
8.262	4
8.267	3
8.271	5
8.271	3
8.278	3
8.278	3
8.279	3
8.283	3
8.286	3
8.291	3
8.294	3
8.297	6
8.299	3
8.303	3
8.304	3
8.305	3
8.306	3
8.308	3
8.31	4
8.312	3
8.312	3
8.313	3
8.315	3
8.316	4
8.317	3
8.317	3
8.317	3
8.317	3
8.317	3
8.317	3
8.318	3
8.318	3
8.318	4
8.321	4
8.322	3
8.323	3
8.324	3
8.326	3
8.326	3
8.327	5
8.327	4
8.328	3
8.328	3
8.328	3
8.328	3
8.329	3
8.33	5
8.33	3
8.33	3
8.332	3
8.332	3
8.332	3
8.332	3
8.332	3
8.333	3
8.333	3
8.334	3
8.336	3
8.336	4
8.337	2
8.338	3
8.339	3
8.339	3
8.34	3
8.342	3
8.343	3
8.343	3
8.345	3
8.347	3
8.347	3
8.348	3
8.348	3
8.349	3
8.351	4
8.352	3
8.352	3
8.353	3
8.353	3
8.354	3
8.354	3
8.356	3
8.356	3
8.357	3
8.357	4
8.359	4
8.36	3
8.36	3
8.361	3
8.362	3
8.363	3
8.365	3
8.365	3
8.366	3
8.367	3
8.369	3
8.369	3
8.371	3
8.373	3
8.373	3
8.374	3
8.375	3
8.375	3
8.376	3
8.378	3
8.38	4
8.381	3
8.382	3
8.383	3
8.383	3
8.383	3
8.384	3
8.388	3
8.389	4
8.389	4
8.39	3
8.392	3
8.395	3
8.397	3
8.398	3
8.398	3
8.401	3
8.405	4
8.405	4
8.406	3
8.409	3
8.413	3
8.415	3
8.415	3
8.416	4
8.421	3
8.425	5
8.425	3
8.432	3
8.432	3
8.433	3
8.437	3
8.44	3
8.445	3
8.448	3
8.451	6
8.453	3
8.457	3
8.459	3
8.459	3
8.461	3
8.463	3
8.465	4
8.466	3
8.467	3
8.468	3
8.47	4
8.47	3
8.471	3
8.472	3
8.472	3
8.472	3
8.472	3
8.472	3
8.473	3
8.473	3
8.473	4
8.475	4
8.476	3
8.478	3
8.479	3
8.481	5
8.481	4
8.481	3
8.481	3
8.483	3
8.483	3
8.483	3
8.483	3
8.484	3
8.485	5
8.485	3
8.485	3
8.487	3
8.487	3
8.487	3
8.487	3
8.487	3
8.488	3
8.488	3
8.489	3
8.491	3
8.491	4
8.492	3
8.493	3
8.494	3
8.494	3
8.495	3
8.497	3
8.498	3
8.498	3
8.5	3
8.501	3
8.502	3
8.502	3
8.503	3
8.503	3
8.503	3
8.504	3
8.505	3
8.506	4
8.507	3
8.507	3
8.507	4
8.508	3
8.508	3
8.509	3
8.509	3
8.509	3
8.51	3
8.511	3
8.511	3
8.512	3
8.512	4
8.512	3
8.514	4
8.514	3
8.514	3
8.514	3
8.514	3
8.514	3
8.515	3
8.515	3
8.515	3
8.515	3
8.515	4
8.516	3
8.517	3
8.518	3
8.52	3
8.52	3
8.52	3
8.521	3
8.521	3
8.522	3
8.523	3
8.523	3
8.524	3
8.524	3
8.525	3
8.525	3
8.525	3
8.525	3
8.526	3
8.526	3
8.527	5
8.527	3
8.527	3
8.528	3
8.528	3
8.529	3
8.529	3
8.529	3
8.529	3
8.529	3
8.529	3
8.53	3
8.53	3
8.53	3
8.53	3
8.531	3
8.531	3
8.533	3
8.533	3
8.533	4
8.534	3
8.535	4
8.535	3
8.536	3
8.536	3
8.536	3
8.537	3
8.537	3
8.538	3
8.538	3
8.538	3
8.539	3
8.539	3
8.54	3
8.54	3
8.542	3
8.543	3
8.544	4
8.544	4
8.544	3
8.544	3
8.545	3
8.545	3
8.545	3
8.546	3
8.547	3
8.548	4
8.549	3
8.549	3
8.55	3
8.55	3
8.55	3
8.551	3
8.551	3
8.552	3
8.553	3
8.553	3
8.553	3
8.553	3
8.554	3
8.554	4
8.556	3
8.556	4
8.557	3
8.557	3
8.558	3
8.559	3
8.56	4
8.56	4
8.56	3
8.561	3
8.562	3
8.562	3
8.563	3
8.564	3
8.564	3
8.566	3
8.566	3
8.568	3
8.568	3
8.57	3
8.57	3
8.57	3
8.57	3
8.571	4
8.571	3
8.572	3
8.572	3
8.573	3
8.575	3
8.576	3
8.577	4
8.578	3
8.579	3
8.58	5
8.58	3
8.58	3
8.58	3
8.58	3
8.581	3
8.585	3
8.586	4
8.586	4
8.587	3
8.587	3
8.587	3
8.588	3
8.589	3
8.592	3
8.592	3
8.594	3
8.595	3
8.595	3
8.595	3
8.597	3
8.598	3
8.599	3
8.6	3
8.601	3
8.602	3
8.602	4
8.603	3
8.603	3
8.603	4
8.605	3
8.606	6
8.606	3
8.606	3
8.608	3
8.608	3
8.61	3
8.61	3
8.61	3
8.61	3
8.61	3
8.61	3
8.611	3
8.611	3
8.611	4
8.612	3
8.612	3
8.612	3
8.613	4
8.614	3
8.616	3
8.617	3
8.618	3
8.619	3
8.619	3
8.621	3
8.621	3
8.621	3
8.621	3
8.621	3
8.622	5
8.622	3
8.622	3
8.623	5
8.623	3
8.623	3
8.625	4
8.625	3
8.625	3
8.625	3
8.625	3
8.625	3
8.626	3
8.626	3
8.626	3
8.627	3
8.629	3
8.629	3
8.629	3
8.629	4
8.63	4
8.63	3
8.63	3
8.631	3
8.631	3
8.632	3
8.632	3
8.633	3
8.634	3
8.635	3
8.636	5
8.636	4
8.636	3
8.636	3
8.637	3
8.638	3
8.64	3
8.64	3
8.641	3
8.641	3
8.642	3
8.642	3
8.644	4
8.645	3
8.645	3
8.645	3
8.646	3
8.646	3
8.647	3
8.647	3
8.648	6
8.649	3
8.649	3
8.65	3
8.65	3
8.65	4
8.652	4
8.653	3
8.653	3
8.654	3
8.654	3
8.655	3
8.656	3
8.656	3
8.658	3
8.658	3
8.659	3
8.66	3
8.662	3
8.662	3
8.663	3
8.664	3
8.666	3
8.666	3
8.667	4
8.667	3
8.668	3
8.668	3
8.668	3
8.669	3
8.671	3
8.672	4
8.673	3
8.673	4
8.674	3
8.675	3
8.676	3
8.676	3
8.676	3
8.677	3
8.678	5
8.678	4
8.681	3
8.682	4
8.682	3
8.683	3
8.685	3
8.688	3
8.69	3
8.691	3
8.691	3
8.694	3
8.698	3
8.698	4
8.699	3
8.702	3
8.706	3
8.708	3
8.708	3
8.709	4
8.714	3
8.718	5
8.718	3
8.725	3
8.725	3
8.726	3
8.73	3
8.733	3
8.738	3
8.741	3
8.744	6
8.746	3
8.75	3
8.752	3
8.759	3
8.763	4
8.764	3
8.768	4
8.769	3
8.772	3
8.774	5
8.774	4
8.774	3
8.776	3
8.778	4
8.78	3
8.781	3
8.783	3
8.785	3
8.785	3
8.785	3
8.785	3
8.785	3
8.786	3
8.786	3
8.786	4
8.791	3
8.792	3
8.794	3
8.794	3
8.796	3
8.796	3
8.796	3
8.796	3
8.797	3
8.798	5
8.798	3
8.798	3
8.8	3
8.8	3
8.8	3
8.8	3
8.8	3
8.801	3
8.801	3
8.802	3
8.804	3
8.804	4
8.805	3
8.806	3
8.807	3
8.807	3
8.808	3
8.81	3
8.811	3
8.811	3
8.813	3
8.815	3
8.815	3
8.816	3
8.816	3
8.817	3
8.819	3
8.82	3
8.82	3
8.821	3
8.821	3
8.822	3
8.822	3
8.824	3
8.824	3
8.825	3
8.825	4
8.827	4
8.828	3
8.828	3
8.829	3
8.83	3
8.831	3
8.833	3
8.833	3
8.834	3
8.835	3
8.837	3
8.837	3
8.839	3
8.841	3
8.841	3
8.842	3
8.843	3
8.843	3
8.844	3
8.846	3
8.848	4
8.849	3
8.85	3
8.851	3
8.851	3
8.851	3
8.852	3
8.856	3
8.857	4
8.857	3
8.858	3
8.86	3
8.863	3
8.865	3
8.866	3
8.866	3
8.869	3
8.873	3
8.873	4
8.874	3
8.877	3
8.881	3
8.883	3
8.883	3
8.884	4
8.889	3
8.893	5
8.893	3
8.9	3
8.9	3
8.901	3
8.905	3
8.908	3
8.912	3
8.913	3
8.914	3
8.916	3
8.916	3
8.918	4
8.919	6
8.919	3
8.92	3
8.921	3
8.921	3
8.921	3
8.923	3
8.923	3
8.925	3
8.925	3
8.925	3
8.925	3
8.925	3
8.925	3
8.925	4
8.926	3
8.926	3
8.926	4
8.927	3
8.927	3
8.928	3
8.93	3
8.931	3
8.932	3
8.932	3
8.932	3
8.932	3
8.932	3
8.932	3
8.933	3
8.933	3
8.933	4
8.934	3
8.934	3
8.934	3
8.936	3
8.936	3
8.936	3
8.936	3
8.937	3
8.938	4
8.938	5
8.938	3
8.938	3
8.938	3
8.939	3
8.939	3
8.94	3
8.94	3
8.94	3
8.94	3
8.94	3
8.941	3
8.941	3
8.941	3
8.941	3
8.942	3
8.943	4
8.943	3
8.943	3
8.943	3
8.943	3
8.944	3
8.944	3
8.944	4
8.944	3
8.945	4
8.945	4
8.945	3
8.945	3
8.946	3
8.947	3
8.947	3
8.947	3
8.947	3
8.947	3
8.947	3
8.947	3
8.948	3
8.948	3
8.948	3
8.949	5
8.949	4
8.949	3
8.95	3
8.951	3
8.951	3
8.951	3
8.951	4
8.952	4
8.953	3
8.953	3
8.954	3
8.954	3
8.955	3
8.955	3
8.955	3
8.956	3
8.956	3
8.957	3
8.957	3
8.958	3
8.958	3
8.959	3
8.96	3
8.96	3
8.96	3
8.961	3
8.961	3
8.962	3
8.962	3
8.962	3
8.962	3
8.963	3
8.963	3
8.964	3
8.964	3
8.964	3
8.965	3
8.965	4
8.966	3
8.967	4
8.967	3
8.967	3
8.968	3
8.968	3
8.968	3
8.968	3
8.969	3
8.969	3
8.969	3
8.97	3
8.971	3
8.971	3
8.971	3
8.972	3
8.972	4
8.973	3
8.973	3
8.974	3
8.974	4
8.975	3
8.975	3
8.975	3
8.976	3
8.977	3
8.977	3
8.977	3
8.978	3
8.979	3
8.98	3
8.98	3
8.981	3
8.981	3
8.981	3
8.982	3
8.982	3
8.983	3
8.983	3
8.984	3
8.984	3
8.984	3
8.986	3
8.986	3
8.988	4
8.988	3
8.988	3
8.989	3
8.989	3
8.99	3
8.99	3
8.99	3
8.991	3
8.991	3
8.991	3
8.991	3
8.992	3
8.993	3
8.995	4
8.996	3
8.996	3
8.997	4
8.997	3
8.997	3
8.998	3
8.998	3
8.998	3
8.998	3
8.999	3
9.0	3
9.003	3
9.003	3
9.004	4
9.004	3
9.005	3
9.005	3
9.006	3
9.006	3
9.007	3
9.009	3
9.01	3
9.012	3
9.013	3
9.013	4
9.013	3
9.013	3
9.014	3
9.016	3
9.017	3
9.02	3
9.02	4
9.021	3
9.021	3
9.023	3
9.023	3
9.024	4
9.024	3
9.028	3
9.029	3
9.03	3
9.03	3
9.031	4
9.033	5
9.033	3
9.036	3
9.04	3
9.04	3
9.04	5
9.04	3
9.041	3
9.045	3
9.047	3
9.047	3
9.048	3
9.048	3
9.052	3
9.053	3
9.055	3
9.056	3
9.059	6
9.06	3
9.061	3
9.063	3
9.065	3
9.066	6
9.067	3
9.068	3
9.072	3
9.074	3
9.074	3
9.074	3
9.076	3
9.078	4
9.078	3
9.079	3
9.08	4
9.081	3
9.082	3
9.083	4
9.083	3
9.084	3
9.085	4
9.085	3
9.086	3
9.087	3
9.087	3
9.087	3
9.087	3
9.087	3
9.088	3
9.088	3
9.088	4
9.089	5
9.089	4
9.09	4
9.091	3
9.093	3
9.094	3
9.096	5
9.096	4
9.096	3
9.096	3
9.098	3
9.098	3
9.098	3
9.098	3
9.099	3
9.1	4
9.1	3
9.1	3
9.102	3
9.102	3
9.102	3
9.102	3
9.102	3
9.103	3
9.103	3
9.104	3
9.106	3
9.106	4
9.107	4
9.108	3
9.109	3
9.109	3
9.11	3
9.112	3
9.113	3
9.113	3
9.115	3
9.117	3
9.117	3
9.118	3
9.118	3
9.119	3
9.121	3
9.122	3
9.122	3
9.123	3
9.123	3
9.124	3
9.124	3
9.126	3
9.126	3
9.127	3
9.127	4
9.129	4
9.13	3
9.13	3
9.131	3
9.132	3
9.133	3
9.135	3
9.135	3
9.136	3
9.137	3
9.139	3
9.139	3
9.141	3
9.143	3
9.143	3
9.144	3
9.145	3
9.145	3
9.146	3
9.148	3
9.15	4
9.151	3
9.152	3
9.153	3
9.153	3
9.153	3
9.154	3
9.158	3
9.159	4
9.159	3
9.16	3
9.162	3
9.165	3
9.167	3
9.168	3
9.168	3
9.171	3
9.175	3
9.175	4
9.176	3
9.179	3
9.183	3
9.185	3
9.185	3
9.186	4
9.191	3
9.195	4
9.195	3
9.202	3
9.202	3
9.203	3
9.207	3
9.21	3
9.215	3
9.218	3
9.221	6
9.223	3
9.227	3
9.229	3
9.236	3
9.24	4
9.241	3
9.245	4
9.246	3
9.251	5
9.251	4
9.386	3
9.388	3
9.39	3
9.392	4
9.394	3
9.395	3
9.397	3
9.399	3
9.399	3
9.399	3
9.399	3
9.399	3
9.4	3
9.4	3
9.4	3
9.405	3
9.406	3
9.408	3
9.408	3
9.41	3
9.41	3
9.41	3
9.41	3
9.411	3
9.412	4
9.412	3
9.412	3
9.414	3
9.414	3
9.414	3
9.414	3
9.414	3
9.415	3
9.415	3
9.416	3
9.418	3
9.418	4
9.419	4
9.42	3
9.421	3
9.421	3
9.422	3
9.424	3
9.425	3
9.425	3
9.427	3
9.429	3
9.429	3
9.43	3
9.43	3
9.431	3
9.433	3
9.434	3
9.434	3
9.435	3
9.435	3
9.436	3
9.436	3
9.438	3
9.438	3
9.439	3
9.439	4
9.441	4
9.442	3
9.442	3
9.443	3
9.444	3
9.445	3
9.447	3
9.447	3
9.448	3
9.449	3
9.451	3
9.451	3
9.453	3
9.455	3
9.455	3
9.456	3
9.457	3
9.457	3
9.458	3
9.46	3
9.462	4
9.463	3
9.464	3
9.465	3
9.465	3
9.465	3
9.466	3
9.47	3
9.471	4
9.471	3
9.472	3
9.474	3
9.477	3
9.479	3
9.48	3
9.48	3
9.483	3
9.484	3
9.486	3
9.487	3
9.487	4
9.488	3
9.488	3
9.49	4
9.491	3
9.492	3
9.493	3
9.495	3
9.495	3
9.497	3
9.497	3
9.497	3
9.497	3
9.497	3
9.497	3
9.497	3
9.498	4
9.498	3
9.498	3
9.498	3
9.503	3
9.503	3
9.504	3
9.506	3
9.506	3
9.507	4
9.507	3
9.508	3
9.508	3
9.508	3
9.508	3
9.509	3
9.51	4
9.51	3
9.51	3
9.512	3
9.512	3
9.512	3
9.512	3
9.512	3
9.513	3
9.513	3
9.514	3
9.514	3
9.514	3
9.515	3
9.516	3
9.516	4
9.517	4
9.518	3
9.519	3
9.519	3
9.519	3
9.52	3
9.522	3
9.522	3
9.523	3
9.523	3
9.525	3
9.527	3
9.527	3
9.527	3
9.528	3
9.528	3
9.529	3
9.53	3
9.531	3
9.532	3
9.532	3
9.533	6
9.533	3
9.533	3
9.534	3
9.534	3
9.535	3
9.536	3
9.536	3
9.537	3
9.537	4
9.539	3
9.539	4
9.54	3
9.54	3
9.541	3
9.541	3
9.542	3
9.543	3
9.545	3
9.545	3
9.546	3
9.547	3
9.548	3
9.549	3
9.549	3
9.551	3
9.552	4
9.553	3
9.553	3
9.553	3
9.554	3
9.555	3
9.555	3
9.556	3
9.557	4
9.558	3
9.558	3
9.56	4
9.561	3
9.562	3
9.563	5
9.563	4
9.563	3
9.563	3
9.563	3
9.564	3
9.568	3
9.569	4
9.569	3
9.57	3
9.572	3
9.575	3
9.577	3
9.578	3
9.578	3
9.581	3
9.585	3
9.585	3
9.586	3
9.589	3
9.593	3
9.595	3
9.595	3
9.596	4
9.601	3
9.605	4
9.605	3
9.612	3
9.612	3
9.613	3
9.617	3
9.62	3
9.625	3
9.628	3
9.631	6
9.633	3
9.637	3
9.639	3
9.646	3
9.65	4
9.651	3
9.655	4
9.656	3
9.661	5
9.661	4
9.676	3
9.678	3
9.68	3
9.682	4
9.684	3
9.685	3
9.687	3
9.689	3
9.689	3
9.689	3
9.689	3
9.689	3
9.69	3
9.69	3
9.69	3
9.695	3
9.696	3
9.698	3
9.698	3
9.7	3
9.7	3
9.7	3
9.7	3
9.701	3
9.702	4
9.702	3
9.702	3
9.704	3
9.704	3
9.704	3
9.704	3
9.704	3
9.705	3
9.705	3
9.706	3
9.708	3
9.708	4
9.709	4
9.71	3
9.711	3
9.711	3
9.712	3
9.714	3
9.715	3
9.715	3
9.717	3
9.719	3
9.719	3
9.72	3
9.72	3
9.721	3
9.723	3
9.724	3
9.724	3
9.725	3
9.725	3
9.726	3
9.726	3
9.728	3
9.728	3
9.729	3
9.729	4
9.731	4
9.732	3
9.732	3
9.733	3
9.734	3
9.735	3
9.737	3
9.737	3
9.738	3
9.739	3
9.741	3
9.741	3
9.743	3
9.745	3
9.745	3
9.746	3
9.747	3
9.747	3
9.748	3
9.75	3
9.752	4
9.753	3
9.754	3
9.755	3
9.755	3
9.755	3
9.756	3
9.76	3
9.761	4
9.761	3
9.762	3
9.764	3
9.767	3
9.769	3
9.77	3
9.77	3
9.773	3
9.774	3
9.776	3
9.777	3
9.777	3
9.778	3
9.778	3
9.78	4
9.781	3
9.782	3
9.783	3
9.785	3
9.785	3
9.787	3
9.787	3
9.787	3
9.787	3
9.787	3
9.787	3
9.787	3
9.788	3
9.788	3
9.788	3
9.788	3
9.793	3
9.793	3
9.794	3
9.796	3
9.796	3
9.797	4
9.797	3
9.798	3
9.798	3
9.798	3
9.798	3
9.799	3
9.8	4
9.8	3
9.8	3
9.802	3
9.802	3
9.802	3
9.802	3
9.802	3
9.803	3
9.803	3
9.804	3
9.804	3
9.804	3
9.805	3
9.806	3
9.806	4
9.807	4
9.808	3
9.809	3
9.809	3
9.809	3
9.81	3
9.812	3
9.812	3
9.813	3
9.813	3
9.815	3
9.817	3
9.817	3
9.817	3
9.818	3
9.818	3
9.819	3
9.82	3
9.821	3
9.822	3
9.822	3
9.823	6
9.823	3
9.823	3
9.824	3
9.824	3
9.825	3
9.826	3
9.826	3
9.827	3
9.827	4
9.829	3
9.829	4
9.83	3
9.83	3
9.831	3
9.831	3
9.832	3
9.833	3
9.835	3
9.835	3
9.836	3
9.837	3
9.838	3
9.839	3
9.839	3
9.841	3
9.842	4
9.843	3
9.843	3
9.843	3
9.844	3
9.845	3
9.845	3
9.846	3
9.847	4
9.848	3
9.848	3
9.85	4
9.851	3
9.852	3
9.853	5
9.853	4
9.853	3
9.853	3
9.853	3
9.854	3
9.858	3
9.859	4
9.859	3
9.86	3
9.862	3
9.865	3
9.867	3
9.868	3
9.868	3
9.871	3
9.875	3
9.875	3
9.876	3
9.879	3
9.883	3
9.885	3
9.885	3
9.886	3
9.891	3
9.895	4
9.895	3
9.9	3
9.902	3
9.902	3
9.902	3
9.903	3
9.904	3
9.906	4
9.907	3
9.908	3
9.909	3
9.91	3
9.911	3
9.913	3
9.913	3
9.913	3
9.913	3
9.913	3
9.914	3
9.914	3
9.914	3
9.915	3
9.918	3
9.919	3
9.92	3
9.921	6
9.922	3
9.922	3
9.923	3
9.924	3
9.924	3
9.924	3
9.924	3
9.925	3
9.926	4
9.926	3
9.926	3
9.927	3
9.928	3
9.928	3
9.928	3
9.928	3
9.928	3
9.929	3
9.929	3
9.929	3
9.93	3
9.932	3
9.932	4
9.933	4
9.934	3
9.935	3
9.935	3
9.936	3
9.936	3
9.938	3
9.939	3
9.939	3
9.94	3
9.941	3
9.941	3
9.943	3
9.943	3
9.944	3
9.944	3
9.945	4
9.945	3
9.946	3
9.947	3
9.948	3
9.948	3
9.949	3
9.949	3
9.95	3
9.95	3
9.951	5
9.951	4
9.952	3
9.952	3
9.953	3
9.953	4
9.955	4
9.956	3
9.956	3
9.957	3
9.958	3
9.959	3
9.961	3
9.961	3
9.962	3
9.963	3
9.965	3
9.965	3
9.967	3
9.969	3
9.969	3
9.97	3
9.971	3
9.971	3
9.972	3
9.974	3
9.976	4
9.977	3
9.978	3
9.979	3
9.979	3
9.979	3
9.98	3
9.984	3
9.985	3
9.985	3
9.986	3
9.988	3
9.991	3
9.993	3
9.994	3
9.994	3
9.997	3
10.001	3
10.001	3
10.002	3
10.005	3
10.009	3
10.011	3
10.011	3
10.012	3
10.017	3
10.021	4
10.021	3
10.028	3
10.028	3
10.029	3
10.033	3
10.036	3
10.041	3
10.044	3
10.047	6
10.049	3
10.053	3
10.055	3
10.062	3
10.066	3
10.067	3
10.071	4
10.072	3
10.077	5
10.077	4
10.192	3
10.194	3
10.196	3
10.198	4
10.2	3
10.201	3
10.203	3
10.205	3
10.205	3
10.205	3
10.205	3
10.205	3
10.206	3
10.206	3
10.206	3
10.211	3
10.212	3
10.214	3
10.214	3
10.216	3
10.216	3
10.216	3
10.216	3
10.217	3
10.218	4
10.218	3
10.218	3
10.22	3
10.22	3
10.22	3
10.22	3
10.22	3
10.221	3
10.221	3
10.222	3
10.224	3
10.224	4
10.225	4
10.226	3
10.227	3
10.227	3
10.228	3
10.23	3
10.231	3
10.231	3
10.233	3
10.235	3
10.235	3
10.236	3
10.236	3
10.237	3
10.239	3
10.24	3
10.24	3
10.241	3
10.241	3
10.242	3
10.242	3
10.244	3
10.244	3
10.245	3
10.245	3
10.247	4
10.248	3
10.248	3
10.249	3
10.25	3
10.251	3
10.253	3
10.253	3
10.254	3
10.255	3
10.257	3
10.257	3
10.259	3
10.261	3
10.261	3
10.262	3
10.263	3
10.263	3
10.264	3
10.266	3
10.268	4
10.269	3
10.27	3
10.271	3
10.271	3
10.271	3
10.272	3
10.276	3
10.277	3
10.277	3
10.278	3
10.28	3
10.283	3
10.285	3
10.286	3
10.286	3
10.289	3
10.293	3
10.293	3
10.294	3
10.297	3
10.301	3
10.303	3
10.303	3
10.304	3
10.309	3
10.313	4
10.313	3
10.314	3
10.316	3
10.318	3
10.32	3
10.32	3
10.32	3
10.321	3
10.322	3
10.323	3
10.325	3
10.325	3
10.327	3
10.327	3
10.327	3
10.327	3
10.327	3
10.328	3
10.328	3
10.328	3
10.328	3
10.333	3
10.333	3
10.334	3
10.336	3
10.336	3
10.336	3
10.338	3
10.338	3
10.338	3
10.338	3
10.339	6
10.339	3
10.34	4
10.34	3
10.34	3
10.341	3
10.342	3
10.342	3
10.342	3
10.342	3
10.342	3
10.343	3
10.343	3
10.344	3
10.345	3
10.346	3
10.346	4
10.347	3
10.347	4
10.348	3
10.349	3
10.349	3
10.35	3
10.352	3
10.353	3
10.353	3
10.354	3
10.355	3
10.357	3
10.357	3
10.358	3
10.358	3
10.358	3
10.359	3
10.359	3
10.361	3
10.362	3
10.362	3
10.363	4
10.363	3
10.363	3
10.364	3
10.364	3
10.364	3
10.366	3
10.366	3
10.367	3
10.367	3
10.369	5
10.369	4
10.369	4
10.37	3
10.37	3
10.371	3
10.372	3
10.373	3
10.375	3
10.375	3
10.376	3
10.377	3
10.379	3
10.379	3
10.381	3
10.383	3
10.383	3
10.384	3
10.385	3
10.385	3
10.386	3
10.388	3
10.39	4
10.391	3
10.392	3
10.393	3
10.393	3
10.393	3
10.394	3
10.398	3
10.399	3
10.399	3
10.4	3
10.402	3
10.405	3
10.407	3
10.408	3
10.408	3
10.411	3
10.415	3
10.415	3
10.416	3
10.419	3
10.423	3
10.425	3
10.425	3
10.426	3
10.431	3
10.435	4
10.435	3
10.442	3
10.442	3
10.443	3
10.447	3
10.45	3
10.455	3
10.458	3
10.461	6
10.463	3
10.467	3
10.469	3
10.476	3
10.48	3
10.481	3
10.485	4
10.486	3
10.491	5
10.491	4
10.527	3
10.529	3
10.531	3
10.533	3
10.535	3
10.536	3
10.538	3
10.54	3
10.54	3
10.54	3
10.54	3
10.54	3
10.541	3
10.541	3
10.541	3
10.546	3
10.547	3
10.549	3
10.549	3
10.551	3
10.551	3
10.551	3
10.551	3
10.552	3
10.553	4
10.553	3
10.553	3
10.555	3
10.555	3
10.555	3
10.555	3
10.555	3
10.556	3
10.556	3
10.557	3
10.559	3
10.559	4
10.56	3
10.561	3
10.562	3
10.562	3
10.563	3
10.565	3
10.566	3
10.566	3
10.568	3
10.57	3
10.57	3
10.571	3
10.571	3
10.572	3
10.574	3
10.575	3
10.575	3
10.576	3
10.576	3
10.577	3
10.577	3
10.579	3
10.579	3
10.58	3
10.58	3
10.582	4
10.583	3
10.583	3
10.584	3
10.585	3
10.586	3
10.588	3
10.588	3
10.589	3
10.59	3
10.592	3
10.592	3
10.594	3
10.596	3
10.596	3
10.597	3
10.598	3
10.598	3
10.599	3
10.601	3
10.603	4
10.604	3
10.605	3
10.606	3
10.606	3
10.606	3
10.607	3
10.611	3
10.612	3
10.612	3
10.613	3
10.615	3
10.618	3
10.62	3
10.621	3
10.621	3
10.624	3
10.628	3
10.628	3
10.629	3
10.632	3
10.636	3
10.638	3
10.638	3
10.639	3
10.644	3
10.648	4
10.648	3
10.655	3
10.655	3
10.656	3
10.66	3
10.663	3
10.668	3
10.671	3
10.674	6
10.676	3
10.68	3
10.682	3
10.689	3
10.693	3
10.694	3
10.698	4
10.699	3
10.704	5
10.704	4
10.813	3
10.815	3
10.817	3
10.819	3
10.821	3
10.822	3
10.824	3
10.826	3
10.826	3
10.826	3
10.826	3
10.826	3
10.827	3
10.827	3
10.827	3
10.832	3
10.833	3
10.835	3
10.835	3
10.837	3
10.837	3
10.837	3
10.837	3
10.838	3
10.839	4
10.839	3
10.839	3
10.841	3
10.841	3
10.841	3
10.841	3
10.841	3
10.842	3
10.842	3
10.843	3
10.845	3
10.845	4
10.846	3
10.847	3
10.848	3
10.848	3
10.849	3
10.851	3
10.852	3
10.852	3
10.854	3
10.856	3
10.856	3
10.857	3
10.857	3
10.858	3
10.86	3
10.861	3
10.861	3
10.862	3
10.862	3
10.863	3
10.863	3
10.865	3
10.865	3
10.866	3
10.866	3
10.868	4
10.869	3
10.869	3
10.87	3
10.871	3
10.872	3
10.874	3
10.874	3
10.875	3
10.876	3
10.878	3
10.878	3
10.88	3
10.882	3
10.882	3
10.883	3
10.884	3
10.884	3
10.885	3
10.887	3
10.889	4
10.89	3
10.891	3
10.892	3
10.892	3
10.892	3
10.893	3
10.897	3
10.898	3
10.898	3
10.899	3
10.901	3
10.904	3
10.906	3
10.907	3
10.907	3
10.91	3
10.914	3
10.914	3
10.915	3
10.918	3
10.922	3
10.924	3
10.924	3
10.925	3
10.93	3
10.934	4
10.934	3
10.941	3
10.941	3
10.942	3
10.946	3
10.949	3
10.954	3
10.957	3
10.96	6
10.962	3
10.966	3
10.968	3
10.975	3
10.979	3
10.98	3
10.984	4
10.985	3
10.99	4
10.99	4
11.008	3
11.01	3
11.012	3
11.014	3
11.016	3
11.017	3
11.019	3
11.021	3
11.021	3
11.021	3
11.021	3
11.021	3
11.022	3
11.022	3
11.022	3
11.027	3
11.028	3
11.03	3
11.03	3
11.032	3
11.032	3
11.032	3
11.032	3
11.033	3
11.034	3
11.034	3
11.034	3
11.036	3
11.036	3
11.036	3
11.036	3
11.036	3
11.037	3
11.037	3
11.038	3
11.04	3
11.04	4
11.041	3
11.042	3
11.043	3
11.043	3
11.044	3
11.046	3
11.047	3
11.047	3
11.049	3
11.051	3
11.051	3
11.052	3
11.052	3
11.053	3
11.055	3
11.056	3
11.056	3
11.057	3
11.057	3
11.058	3
11.058	3
11.06	3
11.06	3
11.061	3
11.061	3
11.063	4
11.064	3
11.064	3
11.065	3
11.066	3
11.067	3
11.069	3
11.069	3
11.07	3
11.071	3
11.073	3
11.073	3
11.075	3
11.077	3
11.077	3
11.078	3
11.079	3
11.079	3
11.08	3
11.082	3
11.084	4
11.085	3
11.086	3
11.087	3
11.087	3
11.087	3
11.088	3
11.092	3
11.093	3
11.093	3
11.094	3
11.096	3
11.099	3
11.101	3
11.102	3
11.102	3
11.105	3
11.109	3
11.109	3
11.11	3
11.113	3
11.117	3
11.119	3
11.119	3
11.12	3
11.125	3
11.129	4
11.129	3
11.136	3
11.136	3
11.137	3
11.141	3
11.144	3
11.149	3
11.152	3
11.155	6
11.157	3
11.161	3
11.163	3
11.17	3
11.174	3
11.175	3
11.179	4
11.18	3
11.185	4
11.185	4
11.99	3
11.992	3
11.994	3
11.996	3
11.998	3
11.999	3
12.001	3
12.003	3
12.003	3
12.003	3
12.003	3
12.003	3
12.004	3
12.004	3
12.004	3
12.009	3
12.01	3
12.012	3
12.012	3
12.014	3
12.014	3
12.014	3
12.014	3
12.015	3
12.016	3
12.016	3
12.016	3
12.018	3
12.018	3
12.018	3
12.018	3
12.018	3
12.019	3
12.019	3
12.02	3
12.022	3
12.022	4
12.023	3
12.024	3
12.025	3
12.025	3
12.026	3
12.028	3
12.029	3
12.029	3
12.031	3
12.033	3
12.033	3
12.034	3
12.034	3
12.035	3
12.037	3
12.038	3
12.038	3
12.039	3
12.039	3
12.04	3
12.04	3
12.042	3
12.042	3
12.043	3
12.043	3
12.045	4
12.046	3
12.046	3
12.047	3
12.048	3
12.049	3
12.051	3
12.051	3
12.052	3
12.053	3
12.055	3
12.055	3
12.057	3
12.059	3
12.059	3
12.06	3
12.061	3
12.061	3
12.062	3
12.064	3
12.066	4
12.067	3
12.068	3
12.069	3
12.069	3
12.069	3
12.07	3
12.074	3
12.075	3
12.075	3
12.076	3
12.078	3
12.081	3
12.083	3
12.084	3
12.084	3
12.087	3
12.091	3
12.091	3
12.092	3
12.095	3
12.099	3
12.101	3
12.101	3
12.102	3
12.107	3
12.111	3
12.111	3
12.118	3
12.118	3
12.119	3
12.123	3
12.126	3
12.131	3
12.134	3
12.137	6
12.139	3
12.143	3
12.145	3
12.152	3
12.156	3
12.157	3
12.161	4
12.162	3
12.167	4
12.167	4
12.179	3
12.181	3
12.183	3
12.185	3
12.187	3
12.188	3
12.19	3
12.192	3
12.192	3
12.192	3
12.192	3
12.192	3
12.193	3
12.193	3
12.193	3
12.198	3
12.199	3
12.201	3
12.201	3
12.203	3
12.203	3
12.203	3
12.203	3
12.204	3
12.205	3
12.205	3
12.205	3
12.207	3
12.207	3
12.207	3
12.207	3
12.207	3
12.208	3
12.208	3
12.209	3
12.211	3
12.211	4
12.212	3
12.213	3
12.214	3
12.214	3
12.215	3
12.217	3
12.218	3
12.218	3
12.22	3
12.222	3
12.222	3
12.223	3
12.223	3
12.224	3
12.226	3
12.227	3
12.227	3
12.228	3
12.228	3
12.229	3
12.229	3
12.231	3
12.231	3
12.232	3
12.232	3
12.234	4
12.235	3
12.235	3
12.236	3
12.237	3
12.238	3
12.24	3
12.24	3
12.241	3
12.242	3
12.244	3
12.244	3
12.246	3
12.248	3
12.248	3
12.249	3
12.25	3
12.25	3
12.251	3
12.253	3
12.255	3
12.256	3
12.257	3
12.258	3
12.258	3
12.258	3
12.259	3
12.263	3
12.264	3
12.264	3
12.265	3
12.267	3
12.27	3
12.272	3
12.273	3
12.273	3
12.276	3
12.28	3
12.28	3
12.281	3
12.284	3
12.288	3
12.29	3
12.29	3
12.291	3
12.296	3
12.3	3
12.3	3
12.307	3
12.307	3
12.308	3
12.312	3
12.315	3
12.32	3
12.323	3
12.326	6
12.328	3
12.332	3
12.334	3
12.341	3
12.345	3
12.346	3
12.35	4
12.351	3
12.356	4
12.356	4
12.438	3
12.44	3
12.442	3
12.444	3
12.446	3
12.447	3
12.449	3
12.451	3
12.451	3
12.451	3
12.451	3
12.451	3
12.452	3
12.452	3
12.452	3
12.457	3
12.458	3
12.46	3
12.46	3
12.462	3
12.462	3
12.462	3
12.462	3
12.463	3
12.464	3
12.464	3
12.464	3
12.466	3
12.466	3
12.466	3
12.466	3
12.466	3
12.467	3
12.467	3
12.468	3
12.47	3
12.47	4
12.471	3
12.472	3
12.473	3
12.473	3
12.474	3
12.476	3
12.477	3
12.477	3
12.479	3
12.481	3
12.481	3
12.482	3
12.482	3
12.483	3
12.485	3
12.486	3
12.486	3
12.487	3
12.487	3
12.488	3
12.488	3
12.49	3
12.49	3
12.491	3
12.491	3
12.493	4
12.494	3
12.494	3
12.495	3
12.496	3
12.497	3
12.499	3
12.499	3
12.5	3
12.501	3
12.503	3
12.503	3
12.505	3
12.507	3
12.507	3
12.508	3
12.509	3
12.509	3
12.51	3
12.512	3
12.514	3
12.515	3
12.516	3
12.517	3
12.517	3
12.517	3
12.518	3
12.522	3
12.523	3
12.523	3
12.524	3
12.526	3
12.529	3
12.531	3
12.532	3
12.532	3
12.535	3
12.539	3
12.539	3
12.54	3
12.543	3
12.547	3
12.549	3
12.549	3
12.55	3
12.555	3
12.559	3
12.559	3
12.566	3
12.566	3
12.567	3
12.571	3
12.572	3
12.574	3
12.574	3
12.576	3
12.578	3
12.579	3
12.58	3
12.581	3
12.582	3
12.583	3
12.585	5
12.585	3
12.585	3
12.585	3
12.585	3
12.585	3
12.586	3
12.586	3
12.586	3
12.587	3
12.591	3
12.591	3
12.592	3
12.593	3
12.594	3
12.594	3
12.596	3
12.596	3
12.596	3
12.596	3
12.597	3
12.598	3
12.598	3
12.598	3
12.6	3
12.6	3
12.6	3
12.6	3
12.6	3
12.6	3
12.601	3
12.601	3
12.602	3
12.604	3
12.604	3
12.604	3
12.605	3
12.605	3
12.606	3
12.607	3
12.607	3
12.608	3
12.609	4
12.61	3
12.61	3
12.611	3
12.611	3
12.613	3
12.615	4
12.615	4
12.615	3
12.615	3
12.616	3
12.616	3
12.617	3
12.619	3
12.62	3
12.62	3
12.621	3
12.621	3
12.622	3
12.622	3
12.624	3
12.624	3
12.625	3
12.625	3
12.627	4
12.628	3
12.628	3
12.629	3
12.63	3
12.631	3
12.633	3
12.633	3
12.634	3
12.635	3
12.637	3
12.637	3
12.639	3
12.641	3
12.641	3
12.642	3
12.643	3
12.643	3
12.644	3
12.646	3
12.648	3
12.649	3
12.65	3
12.651	3
12.651	3
12.651	3
12.652	3
12.656	3
12.657	3
12.657	3
12.658	3
12.66	3
12.663	3
12.665	3
12.666	3
12.666	3
12.669	3
12.673	3
12.673	3
12.674	3
12.677	3
12.681	3
12.683	3
12.683	3
12.684	3
12.689	3
12.693	3
12.693	3
12.7	3
12.7	3
12.701	3
12.705	3
12.708	3
12.713	3
12.716	3
12.719	5
12.721	3
12.725	3
12.727	3
12.734	3
12.738	3
12.739	3
12.743	4
12.744	3
12.749	4
12.749	4
14.418	3
14.42	3
14.422	3
14.424	3
14.426	3
14.427	3
14.429	3
14.431	3
14.431	3
14.431	3
14.431	3
14.431	3
14.432	3
14.432	3
14.432	3
14.437	3
14.438	3
14.44	3
14.44	3
14.442	3
14.442	3
14.442	3
14.442	3
14.443	3
14.444	3
14.444	3
14.444	3
14.446	3
14.446	3
14.446	3
14.446	3
14.446	3
14.447	3
14.447	3
14.448	3
14.45	3
14.45	3
14.451	3
14.452	3
14.453	3
14.453	3
14.454	3
14.456	3
14.457	3
14.457	3
14.459	3
14.461	3
14.461	3
14.462	3
14.462	3
14.463	3
14.465	3
14.466	3
14.466	3
14.467	3
14.467	3
14.468	3
14.468	3
14.47	3
14.47	3
14.471	3
14.471	3
14.473	3
14.474	3
14.474	3
14.475	3
14.476	3
14.477	3
14.479	3
14.479	3
14.48	3
14.481	3
14.483	3
14.483	3
14.485	3
14.487	3
14.487	3
14.488	3
14.489	3
14.489	3
14.49	3
14.492	3
14.494	3
14.495	3
14.496	3
14.497	3
14.497	3
14.497	3
14.498	3
14.502	3
14.503	3
14.503	3
14.504	3
14.506	3
14.509	3
14.511	3
14.512	3
14.512	3
14.515	3
14.519	3
14.519	3
14.52	3
14.523	3
14.527	3
14.529	3
14.529	3
14.53	3
14.535	3
14.539	3
14.539	3
14.546	3
14.546	3
14.547	3
14.551	3
14.554	3
14.559	3
14.562	3
14.565	5
14.567	3
14.571	3
14.573	3
14.58	3
14.584	3
14.585	3
14.589	4
14.59	3
14.595	4
14.595	4
14.717	3
14.719	3
14.721	3
14.723	3
14.725	3
14.726	3
14.728	3
14.73	3
14.73	3
14.73	3
14.73	3
14.73	3
14.731	3
14.731	3
14.731	3
14.736	3
14.737	3
14.739	3
14.739	3
14.741	3
14.741	3
14.741	3
14.741	3
14.742	3
14.743	3
14.743	3
14.743	3
14.745	3
14.745	3
14.745	3
14.745	3
14.745	3
14.746	3
14.746	3
14.747	3
14.749	3
14.749	3
14.75	3
14.751	3
14.752	3
14.752	3
14.753	3
14.755	3
14.756	3
14.756	3
14.758	3
14.76	3
14.76	3
14.761	3
14.761	3
14.762	3
14.764	3
14.765	3
14.765	3
14.766	3
14.766	3
14.767	3
14.767	3
14.769	3
14.769	3
14.77	3
14.77	3
14.772	3
14.773	3
14.773	3
14.774	3
14.775	3
14.776	3
14.778	3
14.778	3
14.779	3
14.78	3
14.782	3
14.782	3
14.784	3
14.786	3
14.786	3
14.787	3
14.788	3
14.788	3
14.789	3
14.791	3
14.793	3
14.794	3
14.795	3
14.796	3
14.796	3
14.796	3
14.797	3
14.801	3
14.802	3
14.802	3
14.803	3
14.805	3
14.808	3
14.81	3
14.811	3
14.811	3
14.814	3
14.818	3
14.818	3
14.819	3
14.822	3
14.826	3
14.828	3
14.828	3
14.829	3
14.834	3
14.838	3
14.838	3
14.845	3
14.845	3
14.846	3
14.85	3
14.853	3
14.858	3
14.861	3
14.864	5
14.866	3
14.87	3
14.872	3
14.879	3
14.883	3
14.884	3
14.888	3
14.889	3
14.894	4
14.894	4
15.774	3
15.776	3
15.778	3
15.78	3
15.782	3
15.783	3
15.785	3
15.787	3
15.787	3
15.787	3
15.787	3
15.787	3
15.788	3
15.788	3
15.788	3
15.793	3
15.794	3
15.796	3
15.796	3
15.798	3
15.798	3
15.798	3
15.798	3
15.799	3
15.8	3
15.8	3
15.8	3
15.802	3
15.802	3
15.802	3
15.802	3
15.802	3
15.803	3
15.803	3
15.804	3
15.806	3
15.806	3
15.807	3
15.808	3
15.809	3
15.809	3
15.81	3
15.812	3
15.813	3
15.813	3
15.815	3
15.817	3
15.817	3
15.818	3
15.818	3
15.819	3
15.821	3
15.822	3
15.822	3
15.823	3
15.823	3
15.824	3
15.824	3
15.826	3
15.826	3
15.827	3
15.827	3
15.829	3
15.83	3
15.83	3
15.831	3
15.832	3
15.833	3
15.835	3
15.835	3
15.836	3
15.837	3
15.839	3
15.839	3
15.841	3
15.843	3
15.843	3
15.844	3
15.845	3
15.845	3
15.846	3
15.848	3
15.85	3
15.851	3
15.852	3
15.853	3
15.853	3
15.853	3
15.854	3
15.858	3
15.859	3
15.859	3
15.86	3
15.862	3
15.865	3
15.867	3
15.868	3
15.868	3
15.871	3
15.875	3
15.875	3
15.876	3
15.879	3
15.883	3
15.885	3
15.885	3
15.886	3
15.891	3
15.895	3
15.895	3
15.902	3
15.902	3
15.903	3
15.907	3
15.91	3
15.915	3
15.918	3
15.921	4
15.923	3
15.927	3
15.929	3
15.936	3
15.94	3
15.941	3
15.945	3
15.946	3
15.951	4
15.951	4
16.843	3
16.845	3
16.847	3
16.849	3
16.851	3
16.852	3
16.854	3
16.856	3
16.856	3
16.856	3
16.856	3
16.856	3
16.857	3
16.857	3
16.857	3
16.862	3
16.863	3
16.865	3
16.865	3
16.867	3
16.867	3
16.867	3
16.867	3
16.868	3
16.869	3
16.869	3
16.869	3
16.871	3
16.871	3
16.871	3
16.871	3
16.871	3
16.872	3
16.872	3
16.873	3
16.875	3
16.875	3
16.876	3
16.877	3
16.878	3
16.878	3
16.879	3
16.881	3
16.882	3
16.882	3
16.884	3
16.886	3
16.886	3
16.887	3
16.887	3
16.888	3
16.89	3
16.891	3
16.891	3
16.892	3
16.892	3
16.893	3
16.893	3
16.895	3
16.895	3
16.896	3
16.896	3
16.898	3
16.899	3
16.899	3
16.9	3
16.901	3
16.902	3
16.904	3
16.904	3
16.905	3
16.906	3
16.908	3
16.908	3
16.91	3
16.912	3
16.912	3
16.913	3
16.914	3
16.914	3
16.915	3
16.917	3
16.919	3
16.92	3
16.921	3
16.922	3
16.922	3
16.922	3
16.923	3
16.927	3
16.928	3
16.928	3
16.929	3
16.931	3
16.934	3
16.936	3
16.937	3
16.937	3
16.94	3
16.944	3
16.944	3
16.945	3
16.948	3
16.952	3
16.954	3
16.954	3
16.955	3
16.96	3
16.964	3
16.964	3
16.971	3
16.971	3
16.972	3
16.976	3
16.979	3
16.984	3
16.987	3
16.99	4
16.992	3
16.996	3
16.998	3
17.005	3
17.009	3
17.01	3
17.014	3
17.015	3
17.02	3
17.02	4
17.458	3
17.46	3
17.462	3
17.464	3
17.466	3
17.467	3
17.469	3
17.471	3
17.471	3
17.471	3
17.471	3
17.471	3
17.472	3
17.472	3
17.472	3
17.477	3
17.478	3
17.48	3
17.48	3
17.482	3
17.482	3
17.482	3
17.482	3
17.483	3
17.484	3
17.484	3
17.484	3
17.486	3
17.486	3
17.486	3
17.486	3
17.486	3
17.487	3
17.487	3
17.488	3
17.49	3
17.49	3
17.491	3
17.492	3
17.493	3
17.493	3
17.494	3
17.496	3
17.497	3
17.497	3
17.499	3
17.501	3
17.501	3
17.502	3
17.502	3
17.503	3
17.505	3
17.506	3
17.506	3
17.507	3
17.507	3
17.508	3
17.508	3
17.51	3
17.51	3
17.511	3
17.511	3
17.513	3
17.514	3
17.514	3
17.515	3
17.516	3
17.517	3
17.519	3
17.519	3
17.52	3
17.521	3
17.523	3
17.523	3
17.525	3
17.527	3
17.527	3
17.528	3
17.529	3
17.529	3
17.53	3
17.532	3
17.534	3
17.535	3
17.536	3
17.537	3
17.537	3
17.537	3
17.538	3
17.542	3
17.543	3
17.543	3
17.544	3
17.546	3
17.549	3
17.551	3
17.552	3
17.552	3
17.555	3
17.559	3
17.559	3
17.56	3
17.563	3
17.567	3
17.569	3
17.569	3
17.57	3
17.575	3
17.579	3
17.579	3
17.586	3
17.586	3
17.587	3
17.591	3
17.594	3
17.599	3
17.602	3
17.605	3
17.607	3
17.611	3
17.613	3
17.62	3
17.624	3
17.625	3
17.629	3
17.63	3
17.635	3
17.635	4
18.223	3
18.225	3
18.227	3
18.229	3
18.231	3
18.232	3
18.234	3
18.236	3
18.236	3
18.236	3
18.236	3
18.236	3
18.237	3
18.237	3
18.237	3
18.242	3
18.243	3
18.245	3
18.245	3
18.247	3
18.247	3
18.247	3
18.247	3
18.248	3
18.249	3
18.249	3
18.249	3
18.251	3
18.251	3
18.251	3
18.251	3
18.251	3
18.252	3
18.252	3
18.253	3
18.255	3
18.255	3
18.256	3
18.257	3
18.258	3
18.258	3
18.259	3
18.261	3
18.262	3
18.262	3
18.264	3
18.266	3
18.266	3
18.267	3
18.267	3
18.268	3
18.27	3
18.271	3
18.271	3
18.272	3
18.272	3
18.273	3
18.273	3
18.275	3
18.275	3
18.276	3
18.276	3
18.278	3
18.279	3
18.279	3
18.28	3
18.281	3
18.282	3
18.284	3
18.284	3
18.285	3
18.286	3
18.288	3
18.288	3
18.29	3
18.292	3
18.292	3
18.293	3
18.294	3
18.294	3
18.295	3
18.297	3
18.299	3
18.3	3
18.301	3
18.302	3
18.302	3
18.302	3
18.303	3
18.307	3
18.308	3
18.308	3
18.309	3
18.311	3
18.314	3
18.316	3
18.317	3
18.317	3
18.32	3
18.324	3
18.324	3
18.325	3
18.328	3
18.332	3
18.334	3
18.334	3
18.335	3
18.34	3
18.344	3
18.344	3
18.351	3
18.351	3
18.352	3
18.356	3
18.359	3
18.364	3
18.367	3
18.37	3
18.372	3
18.376	3
18.378	3
18.385	3
18.389	3
18.39	3
18.394	3
18.395	3
18.4	3
18.4	3
18.688	3
18.69	3
18.692	3
18.694	3
18.696	3
18.697	3
18.699	3
18.701	3
18.701	3
18.701	3
18.701	3
18.701	3
18.702	3
18.702	3
18.702	3
18.707	3
18.708	3
18.71	3
18.71	3
18.712	3
18.712	3
18.712	3
18.712	3
18.713	3
18.714	3
18.714	3
18.714	3
18.716	3
18.716	3
18.716	3
18.716	3
18.716	3
18.717	3
18.717	3
18.718	3
18.72	3
18.72	3
18.721	3
18.722	3
18.723	3
18.723	3
18.724	3
18.726	3
18.727	3
18.727	3
18.729	3
18.731	3
18.731	3
18.732	3
18.732	3
18.733	3
18.735	3
18.736	3
18.736	3
18.737	3
18.737	3
18.738	3
18.738	3
18.74	3
18.74	3
18.741	3
18.741	3
18.743	3
18.744	3
18.744	3
18.745	3
18.746	3
18.747	3
18.749	3
18.749	3
18.75	3
18.751	3
18.753	3
18.753	3
18.755	3
18.757	3
18.757	3
18.758	3
18.759	3
18.759	3
18.76	3
18.762	3
18.764	3
18.765	3
18.766	3
18.767	3
18.767	3
18.767	3
18.768	3
18.772	3
18.773	3
18.773	3
18.774	3
18.776	3
18.779	3
18.781	3
18.782	3
18.782	3
18.785	3
18.789	3
18.789	3
18.79	3
18.793	3
18.797	3
18.799	3
18.799	3
18.8	3
18.805	3
18.809	3
18.809	3
18.816	3
18.816	3
18.817	3
18.821	3
18.824	3
18.829	3
18.832	3
18.835	3
18.837	3
18.841	3
18.843	3
18.85	3
18.854	3
18.855	3
18.859	3
18.86	3
18.865	3
18.865	2
18.866	3
18.868	3
18.87	3
18.872	3
18.874	3
18.875	3
18.877	3
18.879	3
18.879	3
18.879	3
18.879	3
18.879	3
18.88	3
18.88	3
18.88	3
18.885	3
18.886	3
18.888	3
18.888	3
18.89	3
18.89	3
18.89	3
18.89	3
18.891	3
18.892	3
18.892	3
18.892	3
18.894	3
18.894	3
18.894	3
18.894	3
18.894	3
18.895	3
18.895	3
18.896	3
18.898	3
18.898	3
18.899	3
18.9	3
18.901	3
18.901	3
18.902	3
18.904	3
18.905	3
18.905	3
18.907	3
18.909	3
18.909	3
18.91	3
18.91	3
18.911	3
18.913	3
18.914	3
18.914	3
18.915	3
18.915	3
18.916	3
18.916	3
18.918	3
18.918	3
18.919	3
18.919	3
18.921	3
18.922	3
18.922	3
18.923	3
18.924	3
18.925	3
18.927	3
18.927	3
18.928	3
18.929	3
18.931	3
18.931	3
18.933	3
18.935	3
18.935	3
18.936	3
18.937	3
18.937	3
18.938	3
18.94	3
18.942	3
18.943	3
18.944	3
18.945	3
18.945	3
18.945	3
18.946	3
18.95	3
18.951	3
18.951	3
18.952	3
18.954	3
18.957	3
18.959	3
18.96	3
18.96	3
18.963	3
18.967	3
18.967	3
18.968	3
18.971	3
18.975	3
18.977	3
18.977	3
18.978	3
18.983	3
18.987	3
18.987	3
18.994	3
18.994	3
18.995	3
18.999	3
19.002	3
19.007	3
19.01	3
19.013	3
19.015	3
19.019	3
19.021	3
19.028	3
19.032	3
19.033	3
19.037	3
19.038	3
19.043	3
19.043	3
77.17	3
77.172	3
77.174	2
77.176	3
77.178	2
77.179	2
77.181	2
77.183	3
77.183	3
77.183	3
77.183	2
77.183	3
77.184	3
77.184	3
77.184	3
77.189	3
77.19	2
77.192	3
77.192	3
77.194	3
77.194	3
77.194	3
77.194	3
77.195	3
77.196	3
77.196	2
77.196	3
77.198	3
77.198	3
77.198	3
77.198	3
77.198	3
77.199	3
77.199	3
77.2	2
77.202	3
77.202	2
77.203	3
77.204	3
77.205	3
77.205	3
77.206	3
77.208	3
77.209	3
77.209	2
77.211	3
77.213	3
77.213	3
77.214	3
77.214	3
77.215	3
77.217	3
77.218	2
77.218	3
77.219	3
77.219	2
77.22	3
77.22	3
77.222	3
77.222	3
77.223	3
77.223	3
77.225	3
77.226	3
77.226	3
77.227	3
77.228	2
77.229	3
77.231	3
77.231	2
77.232	3
77.233	3
77.235	3
77.235	3
77.237	3
77.239	3
77.239	3
77.24	3
77.241	3
77.241	3
77.242	3
77.244	3
77.246	3
77.247	3
77.248	3
77.249	3
77.249	3
77.249	3
77.25	2
77.254	3
77.255	3
77.255	3
77.256	3
77.258	2
77.261	3
77.263	2
77.264	3
77.264	3
77.267	2
77.271	3
77.271	3
77.272	3
77.275	2
77.279	3
77.281	3
77.281	3
77.282	3
77.287	3
77.291	2
77.291	3
77.298	2
77.298	3
77.299	3
77.303	3
77.306	2
77.311	2
77.314	3
77.317	2
77.319	3
77.323	2
77.325	2
77.332	3
77.336	2
77.337	3
77.341	3
77.342	2
77.347	2
77.347	2
96.833	3
96.835	3
96.837	2
96.839	3
96.841	2
96.842	2
96.843	3
96.844	2
96.845	3
96.846	3
96.846	3
96.846	3
96.846	2
96.846	3
96.847	3
96.847	3
96.847	3
96.847	2
96.849	3
96.851	2
96.852	3
96.852	2
96.853	2
96.854	2
96.855	3
96.855	3
96.856	3
96.856	3
96.856	3
96.856	2
96.856	3
96.857	3
96.857	3
96.857	3
96.857	3
96.857	3
96.857	3
96.857	3
96.858	3
96.859	3
96.859	2
96.859	3
96.861	3
96.861	3
96.861	3
96.861	3
96.861	3
96.862	3
96.862	3
96.862	3
96.863	2
96.863	2
96.865	3
96.865	2
96.865	3
96.865	3
96.866	3
96.867	3
96.867	3
96.867	3
96.867	3
96.867	3
96.868	3
96.868	3
96.868	3
96.869	3
96.869	3
96.869	3
96.869	3
96.871	3
96.871	3
96.871	3
96.871	3
96.871	3
96.871	3
96.872	3
96.872	2
96.872	3
96.872	3
96.873	2
96.874	3
96.875	3
96.875	2
96.876	3
96.876	3
96.876	3
96.877	3
96.877	3
96.877	3
96.878	3
96.878	3
96.878	3
96.879	3
96.88	3
96.881	2
96.881	3
96.881	3
96.882	3
96.882	2
96.882	3
96.882	2
96.883	3
96.883	3
96.884	3
96.885	3
96.885	3
96.886	3
96.886	3
96.886	3
96.886	3
96.887	3
96.887	3
96.888	3
96.888	3
96.889	3
96.889	3
96.89	3
96.89	3
96.891	2
96.891	2
96.891	3
96.892	3
96.892	3
96.892	2
96.893	3
96.893	3
96.894	3
96.894	2
96.895	3
96.895	3
96.895	3
96.896	3
96.896	3
96.896	3
96.898	3
96.898	3
96.898	3
96.899	3
96.899	3
96.9	3
96.9	3
96.901	2
96.902	3
96.902	3
96.902	3
96.903	3
96.904	3
96.904	3
96.904	3
96.904	2
96.905	3
96.905	3
96.906	3
96.907	3
96.908	3
96.908	3
96.909	3
96.91	3
96.91	3
96.911	3
96.912	3
96.912	3
96.912	3
96.912	3
96.912	3
96.913	3
96.913	3
96.914	3
96.914	3
96.915	3
96.917	3
96.917	3
96.918	3
96.918	3
96.919	3
96.919	3
96.92	3
96.921	2
96.921	3
96.922	3
96.922	3
96.922	3
96.923	3
96.924	3
96.926	2
96.927	3
96.927	3
96.927	3
96.928	3
96.928	3
96.929	3
96.93	2
96.931	2
96.934	3
96.934	3
96.934	3
96.935	3
96.936	2
96.937	3
96.937	3
96.938	2
96.94	2
96.942	3
96.944	3
96.944	3
96.944	3
96.944	3
96.945	3
96.945	3
96.948	2
96.95	3
96.952	3
96.954	2
96.954	3
96.954	3
96.954	3
96.955	3
96.96	3
96.961	2
96.961	3
96.962	3
96.964	2
96.964	3
96.966	3
96.969	2
96.971	2
96.971	3
96.972	3
96.974	2
96.976	3
96.977	3
96.979	2
96.98	2
96.982	3
96.984	2
96.986	2
96.987	3
96.988	2
96.99	2
96.992	3
96.995	3
96.996	2
96.998	2
96.999	2
96.999	3
97.0	3
97.001	3
97.003	2
97.004	3
97.005	2
97.005	3
97.005	3
97.007	2
97.008	2
97.008	3
97.009	2
97.01	2
97.01	2
97.01	3
97.01	2
97.01	3
97.012	3
97.012	3
97.012	3
97.012	2
97.012	3
97.012	2
97.013	3
97.013	3
97.013	3
97.014	3
97.014	3
97.015	2
97.016	2
97.017	2
97.018	3
97.019	2
97.019	2
97.02	2
97.02	2
97.021	3
97.021	3
97.021	3
97.021	3
97.021	3
97.021	2
97.021	3
97.021	3
97.022	3
97.022	3
97.022	3
97.023	3
97.023	3
97.023	3
97.023	3
97.023	3
97.024	3
97.025	3
97.025	3
97.025	3
97.025	2
97.027	3
97.027	3
97.027	3
97.027	3
97.027	3
97.027	3
97.027	3
97.028	3
97.028	3
97.028	2
97.029	2
97.029	2
97.03	3
97.03	3
97.03	2
97.031	3
97.031	2
97.032	3
97.032	3
97.032	3
97.032	3
97.032	3
97.032	2
97.033	3
97.033	3
97.034	3
97.034	3
97.034	3
97.034	3
97.034	3
97.034	3
97.034	3
97.034	3
97.034	2
97.034	3
97.035	3
97.035	3
97.035	3
97.035	3
97.036	3
97.036	3
97.036	3
97.036	3
97.036	3
97.037	3
97.037	3
97.037	3
97.038	3
97.038	2
97.038	2
97.04	3
97.04	3
97.04	2
97.04	3
97.041	3
97.041	2
97.042	3
97.042	3
97.042	3
97.043	3
97.043	3
97.043	3
97.043	3
97.043	3
97.043	3
97.044	3
97.044	3
97.045	3
97.045	3
97.045	3
97.045	3
97.046	3
97.046	3
97.046	3
97.047	2
97.047	3
97.047	3
97.047	2
97.047	3
97.047	4
97.047	3
97.048	3
97.048	2
97.049	3
97.049	3
97.049	3
97.049	3
97.049	3
97.049	3
97.049	3
97.049	3
97.05	3
97.05	3
97.051	3
97.051	3
97.051	3
97.051	3
97.051	2
97.052	3
97.052	3
97.052	3
97.052	3
97.053	3
97.053	3
97.053	2
97.054	3
97.054	3
97.055	3
97.055	3
97.055	3
97.055	3
97.056	3
97.056	2
97.056	3
97.056	3
97.056	3
97.057	2
97.057	3
97.057	2
97.057	3
97.058	3
97.058	3
97.058	3
97.059	3
97.06	3
97.06	2
97.06	3
97.06	3
97.06	3
97.06	2
97.061	3
97.061	3
97.061	3
97.062	3
97.062	3
97.063	3
97.064	3
97.064	3
97.064	3
97.064	3
97.064	3
97.064	3
97.065	3
97.065	3
97.065	3
97.066	3
97.066	2
97.066	3
97.067	3
97.068	3
97.068	3
97.068	3
97.069	3
97.069	3
97.069	2
97.069	2
97.069	3
97.07	3
97.07	3
97.07	3
97.07	3
97.07	2
97.071	3
97.071	3
97.071	3
97.071	3
97.073	3
97.073	3
97.073	3
97.073	3
97.073	3
97.074	3
97.074	3
97.075	3
97.075	3
97.076	3
97.076	3
97.077	3
97.077	3
97.077	3
97.077	3
97.077	3
97.078	3
97.078	3
97.078	3
97.078	3
97.078	3
97.079	3
97.079	3
97.079	3
97.079	2
97.079	3
97.08	3
97.08	3
97.081	3
97.082	3
97.082	3
97.082	2
97.083	3
97.083	3
97.083	2
97.084	3
97.084	3
97.084	3
97.084	3
97.085	3
97.085	3
97.085	3
97.086	3
97.086	3
97.086	3
97.087	2
97.087	3
97.087	3
97.087	3
97.087	2
97.088	4
97.088	3
97.088	2
97.09	3
97.09	3
97.09	3
97.09	2
97.091	3
97.092	2
97.092	3
97.092	3
97.092	3
97.092	3
97.092	3
97.092	3
97.092	2
97.092	3
97.093	3
97.093	3
97.093	3
97.093	3
97.093	3
97.093	3
97.093	3
97.093	3
97.093	3
97.094	3
97.095	3
97.095	3
97.096	2
97.096	2
97.097	3
97.097	2
97.098	3
97.098	3
97.099	3
97.099	3
97.099	2
97.099	3
97.1	3
97.1	3
97.1	3
97.1	3
97.1	3
97.101	3
97.101	2
97.101	4
97.101	3
97.101	3
97.101	2
97.102	3
97.102	3
97.102	2
97.103	3
97.103	3
97.103	3
97.103	3
97.104	2
97.104	3
97.104	2
97.105	2
97.105	3
97.105	3
97.105	4
97.105	3
97.106	3
97.106	3
97.106	3
97.106	3
97.106	3
97.106	2
97.106	3
97.107	3
97.107	3
97.107	3
97.107	3
97.107	3
97.107	3
97.107	3
97.107	3
97.107	3
97.108	3
97.108	3
97.108	3
97.109	3
97.109	3
97.109	2
97.109	2
97.11	3
97.11	3
97.11	3
97.111	3
97.111	3
97.111	2
97.112	3
97.112	3
97.112	3
97.113	2
97.113	3
97.113	2
97.114	2
97.114	3
97.114	3
97.115	3
97.115	3
97.115	3
97.115	3
97.115	3
97.116	3
97.117	3
97.117	3
97.117	3
97.117	3
97.117	3
97.117	3
97.117	3
97.118	2
97.118	3
97.118	2
97.118	3
97.119	3
97.119	3
97.119	3
97.119	4
97.119	3
97.119	3
97.12	2
97.12	3
97.12	3
97.12	3
97.121	3
97.121	3
97.121	3
97.121	3
97.121	3
97.121	2
97.122	3
97.122	3
97.122	3
97.122	3
97.122	3
97.122	3
97.123	3
97.123	3
97.123	3
97.123	2
97.123	3
97.124	3
97.125	3
97.125	3
97.125	2
97.125	2
97.125	3
97.126	2
97.126	3
97.126	3
97.126	2
97.127	2
97.127	3
97.127	2
97.127	3
97.127	3
97.127	3
97.128	3
97.128	3
97.128	2
97.128	3
97.128	3
97.128	2
97.129	2
97.129	3
97.129	3
97.129	3
97.129	3
97.129	2
97.13	3
97.13	3
97.13	3
97.13	3
97.13	2
97.13	3
97.131	3
97.131	3
97.131	3
97.131	3
97.131	3
97.131	3
97.131	3
97.132	3
97.132	3
97.132	3
97.132	3
97.132	3
97.132	3
97.132	2
97.133	3
97.133	2
97.133	3
97.134	3
97.134	3
97.134	2
97.135	3
97.135	3
97.135	3
97.135	3
97.136	2
97.136	3
97.136	3
97.136	3
97.136	3
97.136	3
97.136	2
97.137	3
97.137	2
97.137	3
97.137	3
97.137	2
97.137	2
97.138	3
97.138	3
97.138	3
97.138	3
97.138	3
97.138	3
97.138	2
97.138	3
97.139	3
97.139	3
97.139	3
97.139	3
97.139	3
97.139	3
97.14	2
97.14	3
97.14	2
97.14	3
97.141	3
97.141	3
97.141	2
97.141	3
97.141	3
97.141	3
97.141	3
97.141	3
97.141	2
97.142	2
97.142	3
97.142	3
97.142	3
97.142	2
97.142	3
97.142	2
97.143	3
97.143	3
97.143	3
97.143	3
97.143	4
97.143	3
97.144	3
97.144	3
97.144	3
97.144	3
97.144	2
97.145	3
97.145	3
97.145	3
97.145	3
97.145	3
97.145	3
97.145	3
97.145	2
97.146	2
97.146	3
97.146	3
97.146	3
97.146	3
97.146	3
97.146	3
97.146	3
97.146	3
97.146	2
97.146	3
97.147	2
97.147	3
97.147	3
97.147	3
97.147	3
97.147	3
97.148	3
97.148	3
97.148	3
97.148	3
97.149	2
97.149	2
97.149	3
97.149	3
97.149	3
97.149	3
97.149	3
97.149	2
97.149	3
97.149	3
97.149	3
97.149	3
97.15	3
97.15	3
97.15	3
97.15	3
97.15	3
97.15	3
97.151	3
97.151	2
97.151	3
97.151	3
97.151	4
97.151	3
97.152	2
97.152	3
97.152	3
97.152	3
97.152	3
97.152	3
97.153	3
97.153	3
97.153	3
97.153	3
97.153	3
97.153	3
97.153	3
97.153	2
97.154	2
97.154	3
97.154	3
97.154	2
97.154	3
97.154	3
97.155	2
97.155	3
97.155	3
97.155	3
97.155	2
97.155	3
97.155	3
97.156	3
97.156	3
97.156	3
97.156	2
97.157	3
97.157	3
97.157	3
97.157	3
97.157	2
97.157	3
97.157	3
97.157	3
97.157	3
97.158	3
97.158	3
97.158	3
97.158	3
97.158	3
97.158	3
97.158	3
97.158	3
97.159	4
97.159	3
97.159	3
97.159	4
97.159	3
97.16	3
97.16	3
97.16	3
97.16	3
97.16	3
97.161	3
97.161	2
97.161	3
97.161	3
97.161	3
97.161	3
97.161	3
97.161	3
97.161	3
97.161	3
97.162	2
97.162	3
97.162	3
97.162	3
97.162	3
97.162	3
97.163	2
97.163	3
97.163	3
97.163	3
97.163	2
97.164	3
97.164	3
97.164	3
97.164	3
97.164	3
97.164	3
97.164	2
97.165	2
97.165	3
97.165	3
97.165	3
97.165	2
97.165	3
97.165	3
97.165	2
97.166	3
97.166	3
97.166	2
97.166	3
97.166	3
97.167	2
97.167	3
97.167	3
97.167	3
97.167	3
97.168	2
97.168	3
97.168	3
97.168	3
97.168	3
97.169	3
97.169	3
97.169	3
97.169	3
97.169	3
97.169	3
97.17	3
97.17	3
97.17	3
97.17	3
97.17	3
97.17	3
97.17	3
97.17	3
97.171	2
97.171	3
97.171	3
97.172	2
97.172	3
97.172	3
97.172	3
97.172	3
97.172	3
97.172	3
97.172	2
97.173	3
97.173	3
97.173	4
97.173	3
97.173	3
97.173	2
97.173	3
97.174	2
97.174	2
97.174	3
97.174	3
97.174	2
97.174	3
97.175	3
97.175	2
97.175	3
97.175	3
97.176	2
97.176	2
97.176	2
97.176	2
97.176	3
97.176	3
97.176	3
97.177	3
97.177	3
97.177	3
97.177	3
97.177	3
97.178	3
97.178	3
97.178	3
97.178	2
97.178	3
97.178	3
97.178	3
97.179	3
97.179	3
97.179	3
97.18	2
97.18	3
97.18	3
97.18	3
97.18	3
97.18	3
97.181	3
97.181	2
97.181	3
97.181	3
97.181	2
97.181	3
97.182	3
97.182	3
97.182	3
97.182	3
97.182	2
97.183	3
97.183	2
97.183	3
97.183	3
97.184	2
97.184	3
97.184	3
97.184	3
97.185	2
97.185	2
97.185	3
97.185	3
97.186	2
97.186	3
97.186	3
97.186	3
97.186	2
97.186	3
97.186	3
97.187	2
97.187	3
97.187	3
97.187	3
97.187	3
97.188	3
97.188	3
97.188	3
97.188	3
97.188	3
97.188	3
97.189	3
97.189	3
97.189	3
97.19	3
97.19	3
97.19	2
97.19	3
97.19	3
97.19	3
97.191	3
97.191	3
97.191	2
97.192	3
97.192	3
97.192	3
97.193	2
97.193	3
97.194	3
97.194	3
97.194	3
97.194	3
97.194	3
97.194	3
97.194	2
97.195	3
97.195	3
97.195	3
97.195	3
97.196	3
97.196	3
97.196	3
97.196	3
97.196	3
97.196	3
97.196	3
97.197	4
97.197	3
97.198	2
97.198	2
97.198	2
97.198	3
97.198	3
97.199	3
97.199	3
97.2	2
97.2	3
97.2	3
97.201	3
97.201	3
97.201	3
97.202	3
97.202	3
97.202	3
97.202	3
97.202	3
97.202	3
97.203	3
97.203	3
97.203	3
97.203	2
97.204	3
97.204	3
97.204	3
97.204	3
97.204	3
97.204	3
97.204	3
97.205	3
97.205	2
97.205	4
97.205	3
97.205	3
97.207	2
97.207	3
97.207	3
97.207	2
97.208	3
97.208	3
97.208	2
97.209	3
97.209	3
97.21	3
97.21	2
97.21	3
97.21	3
97.21	3
97.21	2
97.211	3
97.211	3
97.211	3
97.211	3
97.212	3
97.212	3
97.212	3
97.212	3
97.212	3
97.212	3
97.212	3
97.212	2
97.212	3
97.213	2
97.213	4
97.213	3
97.213	3
97.213	3
97.214	2
97.214	3
97.214	2
97.215	3
97.216	3
97.217	3
97.218	3
97.218	3
97.218	2
97.218	3
97.218	3
97.218	3
97.219	3
97.219	3
97.219	3
97.219	3
97.219	3
97.22	2
97.221	2
97.221	3
97.221	2
97.221	3
97.221	3
97.222	3
97.222	2
97.222	2
97.223	3
97.223	3
97.223	3
97.223	3
97.223	3
97.224	3
97.224	3
97.225	3
97.225	4
97.225	3
97.226	2
97.226	3
97.226	3
97.226	3
97.226	3
97.226	2
97.227	3
97.227	3
97.227	3
97.227	3
97.227	3
97.227	3
97.227	3
97.227	3
97.228	3
97.228	3
97.228	3
97.228	3
97.228	3
97.229	3
97.229	3
97.229	2
97.23	2
97.23	2
97.231	3
97.231	2
97.232	2
97.232	3
97.233	3
97.234	2
97.234	2
97.234	3
97.234	3
97.234	3
97.234	3
97.234	3
97.234	3
97.235	3
97.235	3
97.236	3
97.236	3
97.237	3
97.237	3
97.237	3
97.238	2
97.238	3
97.238	2
97.238	3
97.238	2
97.24	2
97.24	3
97.241	3
97.241	3
97.242	3
97.242	3
97.242	3
97.242	3
97.242	3
97.243	3
97.243	3
97.243	3
97.244	3
97.244	3
97.244	3
97.245	2
97.245	2
97.245	3
97.245	3
97.245	2
97.246	3
97.246	3
97.246	3
97.246	2
97.246	3
97.246	3
97.247	2
97.247	3
97.247	3
97.248	2
97.248	3
97.248	2
97.249	3
97.249	3
97.249	2
97.25	3
97.25	3
97.25	3
97.25	2
97.251	3
97.251	3
97.251	3
97.252	3
97.252	3
97.252	2
97.253	3
97.253	2
97.253	3
97.254	3
97.254	2
97.254	3
97.254	3
97.254	3
97.254	3
97.254	3
97.254	2
97.254	3
97.255	3
97.255	3
97.255	3
97.255	3
97.255	3
97.255	3
97.255	3
97.256	2
97.256	2
97.256	3
97.257	2
97.257	3
97.258	2
97.258	3
97.258	3
97.259	2
97.259	2
97.26	3
97.26	3
97.26	2
97.26	3
97.261	3
97.261	3
97.261	2
97.261	3
97.261	3
97.261	3
97.261	3
97.262	3
97.262	3
97.263	3
97.263	3
97.263	2
97.264	3
97.264	2
97.264	3
97.264	3
97.264	2
97.265	3
97.265	3
97.265	3
97.265	3
97.265	3
97.266	3
97.266	2
97.266	3
97.266	3
97.266	3
97.266	2
97.267	3
97.267	4
97.267	3
97.268	3
97.268	3
97.268	3
97.268	3
97.268	3
97.268	2
97.268	3
97.269	3
97.269	3
97.269	3
97.269	3
97.269	3
97.269	3
97.269	3
97.269	3
97.269	3
97.269	3
97.269	3
97.27	2
97.27	2
97.27	3
97.27	3
97.27	3
97.27	3
97.27	3
97.271	3
97.271	2
97.272	2
97.272	2
97.273	3
97.273	3
97.273	2
97.274	3
97.274	2
97.274	3
97.274	3
97.275	3
97.275	3
97.275	3
97.275	3
97.276	3
97.276	3
97.276	3
97.277	3
97.277	3
97.277	3
97.277	3
97.277	3
97.277	3
97.278	3
97.278	3
97.278	3
97.278	3
97.279	3
97.279	4
97.279	3
97.279	3
97.279	3
97.279	3
97.279	3
97.279	2
97.28	2
97.28	2
97.28	3
97.28	2
97.28	3
97.281	3
97.281	4
97.281	3
97.281	3
97.282	3
97.282	3
97.283	3
97.283	3
97.283	3
97.283	3
97.283	3
97.283	3
97.283	3
97.283	2
97.284	3
97.284	3
97.284	3
97.284	3
97.284	3
97.284	3
97.284	3
97.284	2
97.284	3
97.285	3
97.285	3
97.285	3
97.285	3
97.286	3
97.286	3
97.286	3
97.286	3
97.287	3
97.287	2
97.287	3
97.287	2
97.288	3
97.288	2
97.288	3
97.288	3
97.288	3
97.288	3
97.288	3
97.288	2
97.288	3
97.288	2
97.289	3
97.289	2
97.289	3
97.289	3
97.289	3
97.289	3
97.289	3
97.29	3
97.29	3
97.29	2
97.29	3
97.29	3
97.29	3
97.291	3
97.291	3
97.291	3
97.291	3
97.292	3
97.292	2
97.292	2
97.292	3
97.293	3
97.293	3
97.293	3
97.293	3
97.293	3
97.293	2
97.294	2
97.294	2
97.294	3
97.294	3
97.294	3
97.294	2
97.294	3
97.294	3
97.295	3
97.295	3
97.295	3
97.296	3
97.296	2
97.296	3
97.296	3
97.296	2
97.297	4
97.297	3
97.297	3
97.297	3
97.297	3
97.297	3
97.297	3
97.297	3
97.297	2
97.297	3
97.298	3
97.298	3
97.298	3
97.298	3
97.298	3
97.298	3
97.298	3
97.299	3
97.299	2
97.299	3
97.299	3
97.299	3
97.299	3
97.299	3
97.299	3
97.3	3
97.3	3
97.3	3
97.3	3
97.3	3
97.3	3
97.3	3
97.301	3
97.301	3
97.301	4
97.301	3
97.301	2
97.302	2
97.302	2
97.302	3
97.302	3
97.302	3
97.303	3
97.303	2
97.303	3
97.303	3
97.303	3
97.303	3
97.303	3
97.303	3
97.303	3
97.303	3
97.304	3
97.304	2
97.304	3
97.304	3
97.304	2
97.304	3
97.304	3
97.304	4
97.305	4
97.305	3
97.305	3
97.305	3
97.305	3
97.305	3
97.305	3
97.305	2
97.305	3
97.306	3
97.306	3
97.306	3
97.306	3
97.306	3
97.306	3
97.306	3
97.307	3
97.307	3
97.307	3
97.307	2
97.308	3
97.308	3
97.308	3
97.308	3
97.308	3
97.308	3
97.308	3
97.308	3
97.308	3
97.309	3
97.309	3
97.31	3
97.31	2
97.31	3
97.31	3
97.31	3
97.31	3
97.31	3
97.31	3
97.31	3
97.31	3
97.31	4
97.31	3
97.311	3
97.311	3
97.311	3
97.311	3
97.311	3
97.311	3
97.312	3
97.312	3
97.312	3
97.312	3
97.312	3
97.312	3
97.312	3
97.312	3
97.312	4
97.313	3
97.313	2
97.313	3
97.313	3
97.313	3
97.314	3
97.314	3
97.314	2
97.314	3
97.314	3
97.314	3
97.315	3
97.316	3
97.316	3
97.316	3
97.316	3
97.316	3
97.316	2
97.316	3
97.316	3
97.316	3
97.316	3
97.317	3
97.317	3
97.317	3
97.317	3
97.318	3
97.318	3
97.318	3
97.318	3
97.318	3
97.318	3
97.318	4
97.318	3
97.319	3
97.319	3
97.319	3
97.319	3
97.319	3
97.32	2
97.32	3
97.32	3
97.32	3
97.32	3
97.32	3
97.32	3
97.32	3
97.32	3
97.32	3
97.32	3
97.32	3
97.32	3
97.32	3
97.32	3
97.321	4
97.321	3
97.321	3
97.322	3
97.322	3
97.322	3
97.322	3
97.322	3
97.323	2
97.323	3
97.323	3
97.323	2
97.324	3
97.324	3
97.324	3
97.324	2
97.324	3
97.324	2
97.324	2
97.325	3
97.325	3
97.325	3
97.325	3
97.325	3
97.325	3
97.326	3
97.326	3
97.326	3
97.326	3
97.326	3
97.326	3
97.327	2
97.327	3
97.327	3
97.327	3
97.327	3
97.327	3
97.327	3
97.327	3
97.327	3
97.327	3
97.328	3
97.328	3
97.328	3
97.328	3
97.328	3
97.328	3
97.328	3
97.329	2
97.329	3
97.329	3
97.329	2
97.33	3
97.33	3
97.331	3
97.331	3
97.331	3
97.331	3
97.331	3
97.331	2
97.331	3
97.332	3
97.332	3
97.332	3
97.332	3
97.332	2
97.332	3
97.333	3
97.333	2
97.333	3
97.333	2
97.333	3
97.333	3
97.333	3
97.333	3
97.333	2
97.333	3
97.334	2
97.334	3
97.334	3
97.334	3
97.334	3
97.334	3
97.334	3
97.334	3
97.334	3
97.334	3
97.335	3
97.335	3
97.335	3
97.335	4
97.335	3
97.335	3
97.336	3
97.336	3
97.336	3
97.336	3
97.336	3
97.336	3
97.337	3
97.337	3
97.337	3
97.337	3
97.338	2
97.338	3
97.339	3
97.339	3
97.339	3
97.339	3
97.34	2
97.34	3
97.34	3
97.34	3
97.34	3
97.34	3
97.34	3
97.34	2
97.34	3
97.34	4
97.341	3
97.341	3
97.341	3
97.341	2
97.342	3
97.342	3
97.342	3
97.342	2
97.342	3
97.342	3
97.342	3
97.342	3
97.343	3
97.343	3
97.343	2
97.343	3
97.344	3
97.344	3
97.344	3
97.344	3
97.344	3
97.344	3
97.344	3
97.344	3
97.345	3
97.345	3
97.345	3
97.345	3
97.345	3
97.345	3
97.346	2
97.346	2
97.346	3
97.346	3
97.346	3
97.346	3
97.346	3
97.346	4
97.346	3
97.347	3
97.347	3
97.347	3
97.347	3
97.348	3
97.348	2
97.348	3
97.348	3
97.348	3
97.348	3
97.348	3
97.348	3
97.348	3
97.349	3
97.349	3
97.349	3
97.349	3
97.349	3
97.349	3
97.349	3
97.349	3
97.349	3
97.35	3
97.35	2
97.35	3
97.351	3
97.351	3
97.351	3
97.351	2
97.352	3
97.352	3
97.352	3
97.352	2
97.352	3
97.352	3
97.352	2
97.353	3
97.353	3
97.353	3
97.353	3
97.353	3
97.353	3
97.353	3
97.353	3
97.354	2
97.354	3
97.354	3
97.354	3
97.354	3
97.354	3
97.354	3
97.355	4
97.355	3
97.355	3
97.355	3
97.355	3
97.355	3
97.355	3
97.356	3
97.356	3
97.356	3
97.356	3
97.356	2
97.357	3
97.357	3
97.357	3
97.358	3
97.358	3
97.358	3
97.358	3
97.359	3
97.359	3
97.359	3
97.359	2
97.36	2
97.36	3
97.36	3
97.36	3
97.36	3
97.36	3
97.36	3
97.36	2
97.36	3
97.361	3
97.361	3
97.361	3
97.361	3
97.361	3
97.361	3
97.361	3
97.361	3
97.361	3
97.362	2
97.362	3
97.362	3
97.362	3
97.363	2
97.363	3
97.363	3
97.363	3
97.363	3
97.363	3
97.363	3
97.363	3
97.364	3
97.364	4
97.364	3
97.364	3
97.364	3
97.365	3
97.365	3
97.366	3
97.366	3
97.366	3
97.366	3
97.366	3
97.366	3
97.367	3
97.367	3
97.367	4
97.368	2
97.368	3
97.368	3
97.368	2
97.368	3
97.369	2
97.369	3
97.369	3
97.369	3
97.369	3
97.369	3
97.369	3
97.369	3
97.369	2
97.369	3
97.369	3
97.37	3
97.37	3
97.37	3
97.37	3
97.37	3
97.37	3
97.371	4
97.371	3
97.371	3
97.371	3
97.371	3
97.371	3
97.371	3
97.371	3
97.372	3
97.372	2
97.372	2
97.372	4
97.372	3
97.372	3
97.372	3
97.373	3
97.373	3
97.373	3
97.373	4
97.373	3
97.374	3
97.375	3
97.375	3
97.375	3
97.375	3
97.375	3
97.375	3
97.375	3
97.375	3
97.376	3
97.376	2
97.376	2
97.376	3
97.376	3
97.376	3
97.376	3
97.376	3
97.376	3
97.376	3
97.376	3
97.377	3
97.377	3
97.377	2
97.377	3
97.377	3
97.377	3
97.377	3
97.377	3
97.378	3
97.378	3
97.378	3
97.378	2
97.379	3
97.379	3
97.379	2
97.379	2
97.38	2
97.38	2
97.38	3
97.381	2
97.381	3
97.381	3
97.381	3
97.381	3
97.382	2
97.382	3
97.382	3
97.382	3
97.383	2
97.383	3
97.383	3
97.383	3
97.383	3
97.383	3
97.384	3
97.384	3
97.384	2
97.385	3
97.385	3
97.385	3
97.385	2
97.385	3
97.385	3
97.385	3
97.386	3
97.386	3
97.386	3
97.386	3
97.386	3
97.386	3
97.386	2
97.386	3
97.387	3
97.387	3
97.388	2
97.388	3
97.388	3
97.388	3
97.388	3
97.388	3
97.388	2
97.388	3
97.389	2
97.389	2
97.389	3
97.389	3
97.389	3
97.389	3
97.389	3
97.39	3
97.39	3
97.39	3
97.39	3
97.391	3
97.391	3
97.391	3
97.391	3
97.391	3
97.392	3
97.392	3
97.392	3
97.393	3
97.393	3
97.393	3
97.394	3
97.394	3
97.394	3
97.394	3
97.394	3
97.395	3
97.395	3
97.395	2
97.395	3
97.395	4
97.396	2
97.396	2
97.396	2
97.396	3
97.396	3
97.396	3
97.396	3
97.396	2
97.397	2
97.397	3
97.397	3
97.397	3
97.397	3
97.397	3
97.398	3
97.399	3
97.399	3
97.399	3
97.399	3
97.399	3
97.399	3
97.399	3
97.399	3
97.399	3
97.399	3
97.4	4
97.4	3
97.4	3
97.4	3
97.401	3
97.401	3
97.401	3
97.401	4
97.401	3
97.402	2
97.402	3
97.403	3
97.403	2
97.403	3
97.403	3
97.403	3
97.403	3
97.403	3
97.403	3
97.403	3
97.403	3
97.403	3
97.403	3
97.404	3
97.404	3
97.404	3
97.404	3
97.404	3
97.404	3
97.404	3
97.405	2
97.405	3
97.405	3
97.405	3
97.405	2
97.405	3
97.406	3
97.406	3
97.407	3
97.407	3
97.407	2
97.408	3
97.408	3
97.408	3
97.408	2
97.408	3
97.408	3
97.408	3
97.409	3
97.409	3
97.409	3
97.41	2
97.41	3
97.41	3
97.41	3
97.411	3
97.411	3
97.411	3
97.412	3
97.412	2
97.412	3
97.412	3
97.412	3
97.413	4
97.413	3
97.413	2
97.413	3
97.413	2
97.413	3
97.414	3
97.414	3
97.414	3
97.414	3
97.414	2
97.414	3
97.416	2
97.416	3
97.416	3
97.416	3
97.416	3
97.417	3
97.417	3
97.417	2
97.417	3
97.418	3
97.418	2
97.418	3
97.418	3
97.418	3
97.418	3
97.418	2
97.419	3
97.419	3
97.419	3
97.419	3
97.42	3
97.42	2
97.42	3
97.42	3
97.42	3
97.421	3
97.421	3
97.421	3
97.421	3
97.421	3
97.422	3
97.422	2
97.422	3
97.422	3
97.422	3
97.423	3
97.423	2
97.423	3
97.423	3
97.424	3
97.424	3
97.424	3
97.424	2
97.425	2
97.425	3
97.425	2
97.425	3
97.425	3
97.425	3
97.425	3
97.426	3
97.426	3
97.426	3
97.426	3
97.427	4
97.427	4
97.427	3
97.427	3
97.427	3
97.427	3
97.427	3
97.427	2
97.427	3
97.428	3
97.428	3
97.428	3
97.428	3
97.428	3
97.428	3
97.428	3
97.428	3
97.429	3
97.43	2
97.43	3
97.43	3
97.431	2
97.431	3
97.431	3
97.431	3
97.431	3
97.431	3
97.432	3
97.432	2
97.432	3
97.432	3
97.432	3
97.432	3
97.432	3
97.433	3
97.433	2
97.433	3
97.433	2
97.433	3
97.434	3
97.434	4
97.434	2
97.435	2
97.436	3
97.436	3
97.436	4
97.436	3
97.436	3
97.436	3
97.437	3
97.437	3
97.437	3
97.437	3
97.438	3
97.438	3
97.438	3
97.438	3
97.438	3
97.438	3
97.438	3
97.439	2
97.439	2
97.439	3
97.439	3
97.44	2
97.44	3
97.44	3
97.44	3
97.44	4
97.44	3
97.441	3
97.441	3
97.441	2
97.441	3
97.441	3
97.441	3
97.441	3
97.442	3
97.442	3
97.442	3
97.442	3
97.442	3
97.442	3
97.442	3
97.443	3
97.443	3
97.443	3
97.443	3
97.443	3
97.443	2
97.443	3
97.444	2
97.444	3
97.444	3
97.444	3
97.444	3
97.444	3
97.444	3
97.445	3
97.445	3
97.446	3
97.446	3
97.446	3
97.446	3
97.446	3
97.446	2
97.447	4
97.447	2
97.447	3
97.447	3
97.448	2
97.448	3
97.448	3
97.448	3
97.448	3
97.449	3
97.449	3
97.449	3
97.449	3
97.449	3
97.449	3
97.45	3
97.45	3
97.45	4
97.451	3
97.451	3
97.452	3
97.452	2
97.452	2
97.452	3
97.452	3
97.452	3
97.452	3
97.452	3
97.453	3
97.453	3
97.453	3
97.453	2
97.454	3
97.454	3
97.454	3
97.454	3
97.454	3
97.454	3
97.454	3
97.454	3
97.454	3
97.455	3
97.455	4
97.455	3
97.455	3
97.456	4
97.456	3
97.456	3
97.456	3
97.456	4
97.456	3
97.456	2
97.457	3
97.457	3
97.458	3
97.458	3
97.458	3
97.458	3
97.458	3
97.458	3
97.458	3
97.458	3
97.458	3
97.458	3
97.458	3
97.459	3
97.459	3
97.459	3
97.459	3
97.459	3
97.459	3
97.46	3
97.46	3
97.46	3
97.46	3
97.461	3
97.461	2
97.461	2
97.461	3
97.461	3
97.461	3
97.462	2
97.462	3
97.462	3
97.462	2
97.463	3
97.463	2
97.463	3
97.463	2
97.463	3
97.463	3
97.464	4
97.464	3
97.464	3
97.464	3
97.464	3
97.464	3
97.465	3
97.465	3
97.465	3
97.465	3
97.465	3
97.465	2
97.465	3
97.466	3
97.466	3
97.466	3
97.466	3
97.466	3
97.466	3
97.466	3
97.467	2
97.467	3
97.467	3
97.468	2
97.468	3
97.468	2
97.468	3
97.469	3
97.469	2
97.469	3
97.469	3
97.469	3
97.469	3
97.469	3
97.469	2
97.47	3
97.47	3
97.471	3
97.471	3
97.471	3
97.472	2
97.472	2
97.472	4
97.473	3
97.473	3
97.473	3
97.473	3
97.474	3
97.474	3
97.474	3
97.474	3
97.475	2
97.475	2
97.475	3
97.475	3
97.475	4
97.475	3
97.476	3
97.476	3
97.476	3
97.476	3
97.476	3
97.476	3
97.476	3
97.476	3
97.477	3
97.477	3
97.477	3
97.477	3
97.478	2
97.478	3
97.478	3
97.478	4
97.478	3
97.479	3
97.479	3
97.479	3
97.479	2
97.48	3
97.48	2
97.48	3
97.48	3
97.48	3
97.48	3
97.48	3
97.48	3
97.48	3
97.481	3
97.481	3
97.481	3
97.481	3
97.482	3
97.482	3
97.482	3
97.482	3
97.483	3
97.483	3
97.483	3
97.483	3
97.483	3
97.483	3
97.484	3
97.484	3
97.484	3
97.484	2
97.485	3
97.485	3
97.485	3
97.485	3
97.485	2
97.486	3
97.486	3
97.486	3
97.486	3
97.486	3
97.486	3
97.486	3
97.487	3
97.487	3
97.487	3
97.487	3
97.487	3
97.487	3
97.488	3
97.488	3
97.488	2
97.488	3
97.489	3
97.489	3
97.49	3
97.49	3
97.49	3
97.491	3
97.491	3
97.491	3
97.491	3
97.491	4
97.491	3
97.491	2
97.492	5
97.492	3
97.492	3
97.492	3
97.492	3
97.493	3
97.493	3
97.493	3
97.493	3
97.493	3
97.494	2
97.494	4
97.494	3
97.494	3
97.494	3
97.494	2
97.494	3
97.495	3
97.495	3
97.495	3
97.495	3
97.495	3
97.495	3
97.495	3
97.496	3
97.496	2
97.496	3
97.496	3
97.496	3
97.497	3
97.497	2
97.497	3
97.497	3
97.498	3
97.499	3
97.499	3
97.499	3
97.499	3
97.499	3
97.5	3
97.5	3
97.5	3
97.5	2
97.5	3
97.5	3
97.501	3
97.501	3
97.501	3
97.501	2
97.501	4
97.502	2
97.502	2
97.502	3
97.502	3
97.502	3
97.503	2
97.503	3
97.503	3
97.503	3
97.504	3
97.504	3
97.504	3
97.504	3
97.505	3
97.505	3
97.505	3
97.505	3
97.505	3
97.505	3
97.505	3
97.506	3
97.506	3
97.507	2
97.507	3
97.507	3
97.507	3
97.507	4
97.507	3
97.508	3
97.508	3
97.508	3
97.508	3
97.508	3
97.508	3
97.509	3
97.509	3
97.509	3
97.509	3
97.509	3
97.509	3
97.509	3
97.509	3
97.509	3
97.509	3
97.51	4
97.51	2
97.51	3
97.51	3
97.511	3
97.511	2
97.511	3
97.511	3
97.513	3
97.513	3
97.513	4
97.513	3
97.513	2
97.514	3
97.514	3
97.514	3
97.514	3
97.515	3
97.515	3
97.515	3
97.515	3
97.515	3
97.515	3
97.516	3
97.516	3
97.516	3
97.516	3
97.516	3
97.517	3
97.517	3
97.517	3
97.518	3
97.518	3
97.519	5
97.519	3
97.519	2
97.519	3
97.519	3
97.52	3
97.52	2
97.521	3
97.521	3
97.521	3
97.522	2
97.522	3
97.522	3
97.523	3
97.523	2
97.523	3
97.523	3
97.524	3
97.524	2
97.524	3
97.524	3
97.524	3
97.524	3
97.524	3
97.524	3
97.525	3
97.525	3
97.525	3
97.525	3
97.526	3
97.526	3
97.526	3
97.527	2
97.528	3
97.528	3
97.528	3
97.529	3
97.529	3
97.529	3
97.53	2
97.53	3
97.53	3
97.53	2
97.53	3
97.531	3
97.531	3
97.531	3
97.531	3
97.531	3
97.531	3
97.531	3
97.531	3
97.532	3
97.532	4
97.532	3
97.533	3
97.533	3
97.534	3
97.534	3
97.534	2
97.535	2
97.535	3
97.535	2
97.536	3
97.536	3
97.536	3
97.537	3
97.537	3
97.537	3
97.537	3
97.537	3
97.538	3
97.538	3
97.538	3
97.539	3
97.539	2
97.539	3
97.54	3
97.54	3
97.541	3
97.541	3
97.541	3
97.541	3
97.542	3
97.542	2
97.542	3
97.542	3
97.542	3
97.542	4
97.543	3
97.543	3
97.543	3
97.543	3
97.543	3
97.543	3
97.543	2
97.543	3
97.544	3
97.544	3
97.544	3
97.544	3
97.545	2
97.546	3
97.546	3
97.546	3
97.546	3
97.546	3
97.547	5
97.547	3
97.547	3
97.548	3
97.549	2
97.549	3
97.55	3
97.55	3
97.55	3
97.55	4
97.551	2
97.551	3
97.551	3
97.552	3
97.552	2
97.552	3
97.552	3
97.552	3
97.552	3
97.553	3
97.553	3
97.553	3
97.553	3
97.554	3
97.554	3
97.554	3
97.554	3
97.554	3
97.555	3
97.555	3
97.555	3
97.555	3
97.556	3
97.556	4
97.556	3
97.557	2
97.557	3
97.557	2
97.558	3
97.558	2
97.558	3
97.558	3
97.558	3
97.558	3
97.558	3
97.558	3
97.558	3
97.559	3
97.559	3
97.559	3
97.559	3
97.559	3
97.559	3
97.56	3
97.56	3
97.56	3
97.56	3
97.561	2
97.561	3
97.561	4
97.561	3
97.561	3
97.562	3
97.562	2
97.562	3
97.563	3
97.563	3
97.563	3
97.563	3
97.563	3
97.563	2
97.564	3
97.564	3
97.564	3
97.565	3
97.565	3
97.565	3
97.565	3
97.566	3
97.566	3
97.566	3
97.566	3
97.566	3
97.566	3
97.566	3
97.566	2
97.566	3
97.567	3
97.567	3
97.567	3
97.567	3
97.567	3
97.567	3
97.568	3
97.568	3
97.569	2
97.569	3
97.569	3
97.569	3
97.569	2
97.57	3
97.571	3
97.571	3
97.572	3
97.572	3
97.572	3
97.572	3
97.572	3
97.572	2
97.572	3
97.573	2
97.573	3
97.573	3
97.573	3
97.573	4
97.573	3
97.573	3
97.573	3
97.574	3
97.574	2
97.574	3
97.574	3
97.575	3
97.575	3
97.575	3
97.575	3
97.575	3
97.576	3
97.577	2
97.577	3
97.577	3
97.577	3
97.577	3
97.577	3
97.578	2
97.578	3
97.578	3
97.578	3
97.578	3
97.579	3
97.579	3
97.579	2
97.579	3
97.579	4
97.579	3
97.579	4
97.58	3
97.58	2
97.58	3
97.58	3
97.58	3
97.581	3
97.581	3
97.581	3
97.581	3
97.581	3
97.581	3
97.581	3
97.581	3
97.581	3
97.582	3
97.582	3
97.582	3
97.582	3
97.582	3
97.582	3
97.583	3
97.583	3
97.583	3
97.583	3
97.583	3
97.583	3
97.583	3
97.583	3
97.583	3
97.584	3
97.585	3
97.585	2
97.585	3
97.585	3
97.585	3
97.585	2
97.585	3
97.585	4
97.585	3
97.586	5
97.586	2
97.586	3
97.586	3
97.586	3
97.587	3
97.587	3
97.587	3
97.587	3
97.587	3
97.587	3
97.587	3
97.588	3
97.588	2
97.588	3
97.588	3
97.588	3
97.588	3
97.589	3
97.589	3
97.589	3
97.59	3
97.591	3
97.591	2
97.591	3
97.591	4
97.591	3
97.591	3
97.591	2
97.592	3
97.592	3
97.592	3
97.592	3
97.592	3
97.592	2
97.592	3
97.593	3
97.593	3
97.593	3
97.593	3
97.594	3
97.594	3
97.594	3
97.595	3
97.595	3
97.595	3
97.596	3
97.596	3
97.596	3
97.596	3
97.597	3
97.597	3
97.597	3
97.597	3
97.597	3
97.598	3
97.598	3
97.598	3
97.598	2
97.599	2
97.599	3
97.599	3
97.6	3
97.6	3
97.6	3
97.601	3
97.601	3
97.601	3
97.601	3
97.601	3
97.601	3
97.602	5
97.602	2
97.602	3
97.602	3
97.602	3
97.602	2
97.602	3
97.602	3
97.603	3
97.603	3
97.603	3
97.603	3
97.604	3
97.604	3
97.605	3
97.605	3
97.605	3
97.606	3
97.606	3
97.606	3
97.606	3
97.607	3
97.607	2
97.607	2
97.607	3
97.607	3
97.607	3
97.608	3
97.608	3
97.608	3
97.608	2
97.609	2
97.609	3
97.609	3
97.609	3
97.609	3
97.609	3
97.609	3
97.609	3
97.609	3
97.61	3
97.61	4
97.61	3
97.611	3
97.611	3
97.611	3
97.612	3
97.612	3
97.612	3
97.614	3
97.614	3
97.614	3
97.614	3
97.614	4
97.614	3
97.615	3
97.615	3
97.615	3
97.615	3
97.615	3
97.616	3
97.616	3
97.616	3
97.617	3
97.617	3
97.618	4
97.618	3
97.618	3
97.618	3
97.618	3
97.619	3
97.619	3
97.62	3
97.62	3
97.62	4
97.621	3
97.621	3
97.621	3
97.622	3
97.622	3
97.622	3
97.622	3
97.622	3
97.623	3
97.623	2
97.623	3
97.623	2
97.624	5
97.624	3
97.624	3
97.624	3
97.624	3
97.624	3
97.624	3
97.624	3
97.625	3
97.625	3
97.625	3
97.626	3
97.626	2
97.627	2
97.627	3
97.627	3
97.628	2
97.628	3
97.628	3
97.628	3
97.628	3
97.629	3
97.629	2
97.629	3
97.629	3
97.63	3
97.63	3
97.63	3
97.63	3
97.63	3
97.63	3
97.631	3
97.631	3
97.631	3
97.631	3
97.631	3
97.632	3
97.632	3
97.632	3
97.632	3
97.632	3
97.632	3
97.632	3
97.632	2
97.632	3
97.633	4
97.633	3
97.633	3
97.633	3
97.633	3
97.633	3
97.634	3
97.635	2
97.635	3
97.635	3
97.635	3
97.635	3
97.635	2
97.635	3
97.636	2
97.636	3
97.636	3
97.636	3
97.636	3
97.637	3
97.637	3
97.638	3
97.638	3
97.638	3
97.638	3
97.638	3
97.638	3
97.639	3
97.639	3
97.639	4
97.639	4
97.641	3
97.641	3
97.641	3
97.641	3
97.641	3
97.641	3
97.642	3
97.642	4
97.643	3
97.643	3
97.643	3
97.643	3
97.643	3
97.643	3
97.644	3
97.644	3
97.644	3
97.644	3
97.644	3
97.644	3
97.645	3
97.645	3
97.645	4
97.645	3
97.646	2
97.646	3
97.646	3
97.646	3
97.646	3
97.647	4
97.647	3
97.647	3
97.647	3
97.647	3
97.647	3
97.647	3
97.647	3
97.647	3
97.647	3
97.647	3
97.648	3
97.648	3
97.648	3
97.648	3
97.648	4
97.648	3
97.649	4
97.65	2
97.65	3
97.65	3
97.65	3
97.65	3
97.65	3
97.65	3
97.651	2
97.651	3
97.651	3
97.651	2
97.651	3
97.651	3
97.652	3
97.652	2
97.652	3
97.652	4
97.653	5
97.653	3
97.653	3
97.653	3
97.654	3
97.654	3
97.654	3
97.654	3
97.654	3
97.654	2
97.655	3
97.655	3
97.655	3
97.655	3
97.656	2
97.656	3
97.657	3
97.657	3
97.657	3
97.657	3
97.658	3
97.658	2
97.658	2
97.658	3
97.658	2
97.658	3
97.658	2
97.658	3
97.659	3
97.659	2
97.66	3
97.66	3
97.66	3
97.66	3
97.661	3
97.661	3
97.661	2
97.661	3
97.662	3
97.662	3
97.662	3
97.663	3
97.663	3
97.663	3
97.663	3
97.663	3
97.664	3
97.664	3
97.664	2
97.664	3
97.664	3
97.665	3
97.665	3
97.665	3
97.666	3
97.666	3
97.666	3
97.666	3
97.666	3
97.667	3
97.667	3
97.667	3
97.668	3
97.668	3
97.668	2
97.668	3
97.668	3
97.668	3
97.668	2
97.668	3
97.669	3
97.669	3
97.669	3
97.669	3
97.669	3
97.669	3
97.669	3
97.67	3
97.67	3
97.67	3
97.67	3
97.67	3
97.671	3
97.671	3
97.671	3
97.671	3
97.671	3
97.671	2
97.671	3
97.672	3
97.672	3
97.672	3
97.672	3
97.673	2
97.674	3
97.674	2
97.674	3
97.674	3
97.674	3
97.674	3
97.674	3
97.675	3
97.675	3
97.675	3
97.675	3
97.675	4
97.675	3
97.676	3
97.676	3
97.677	2
97.677	3
97.677	3
97.677	3
97.677	3
97.677	3
97.678	3
97.678	3
97.678	3
97.678	3
97.679	3
97.679	3
97.679	3
97.679	3
97.679	3
97.679	3
97.68	2
97.68	3
97.68	3
97.68	4
97.68	3
97.68	3
97.68	3
97.681	2
97.681	3
97.681	3
97.681	3
97.681	3
97.681	4
97.681	3
97.682	3
97.682	3
97.682	3
97.682	3
97.682	3
97.682	2
97.682	3
97.683	3
97.683	3
97.683	4
97.683	3
97.683	3
97.683	3
97.683	3
97.683	3
97.683	3
97.683	3
97.683	3
97.684	3
97.684	3
97.684	3
97.684	3
97.684	3
97.685	3
97.685	3
97.685	4
97.686	3
97.686	3
97.686	3
97.687	2
97.687	3
97.687	3
97.687	3
97.687	3
97.687	2
97.687	3
97.688	3
97.688	3
97.688	3
97.688	3
97.688	3
97.688	3
97.689	3
97.689	3
97.689	3
97.689	3
97.689	4
97.689	3
97.69	3
97.69	3
97.69	3
97.69	3
97.69	2
97.691	3
97.691	3
97.691	3
97.691	3
97.691	3
97.691	3
97.691	2
97.692	3
97.692	3
97.692	3
97.692	3
97.693	3
97.693	3
97.693	3
97.693	3
97.693	3
97.693	3
97.693	3
97.693	3
97.693	3
97.694	3
97.694	3
97.694	3
97.694	2
97.694	3
97.694	3
97.695	3
97.695	3
97.695	3
97.695	4
97.695	3
97.695	3
97.695	3
97.696	4
97.696	3
97.696	3
97.696	3
97.696	3
97.697	3
97.697	3
97.697	3
97.697	3
97.697	3
97.697	3
97.697	3
97.697	3
97.697	3
97.698	3
97.698	3
97.698	3
97.698	3
97.698	3
97.698	3
97.698	3
97.698	3
97.698	3
97.699	4
97.699	3
97.699	3
97.699	3
97.699	4
97.699	3
97.699	3
97.699	3
97.699	2
97.699	3
97.7	2
97.7	3
97.7	3
97.7	3
97.7	3
97.7	3
97.7	3
97.7	3
97.7	3
97.7	3
97.7	2
97.7	3
97.701	3
97.701	3
97.701	3
97.701	3
97.701	3
97.701	2
97.701	3
97.701	3
97.701	3
97.702	5
97.702	3
97.702	4
97.702	3
97.702	3
97.703	3
97.703	3
97.703	3
97.703	3
97.703	3
97.704	3
97.704	3
97.704	3
97.704	2
97.704	3
97.704	3
97.705	3
97.705	3
97.705	3
97.705	3
97.705	3
97.706	3
97.706	2
97.706	3
97.706	4
97.706	3
97.707	3
97.707	2
97.707	3
97.707	3
97.707	3
97.707	3
97.707	3
97.707	3
97.707	4
97.708	3
97.708	3
97.708	3
97.708	3
97.708	3
97.708	3
97.708	2
97.708	3
97.708	3
97.709	3
97.709	3
97.71	3
97.71	3
97.71	3
97.71	3
97.71	3
97.71	3
97.71	3
97.71	3
97.71	3
97.711	3
97.711	3
97.711	3
97.711	3
97.711	3
97.711	3
97.711	3
97.712	3
97.712	2
97.712	3
97.712	3
97.712	3
97.712	3
97.712	4
97.712	3
97.712	3
97.712	3
97.713	3
97.713	3
97.713	3
97.713	3
97.713	3
97.713	3
97.713	3
97.713	4
97.713	3
97.714	4
97.714	3
97.714	3
97.714	3
97.714	3
97.714	3
97.714	3
97.714	3
97.714	2
97.715	3
97.715	2
97.715	3
97.715	3
97.715	3
97.715	3
97.715	3
97.715	3
97.715	3
97.716	2
97.716	3
97.716	3
97.716	3
97.716	4
97.716	3
97.716	4
97.716	3
97.716	3
97.716	3
97.717	3
97.717	3
97.717	3
97.717	4
97.717	3
97.718	3
97.718	3
97.718	2
97.718	3
97.718	3
97.718	3
97.719	4
97.719	2
97.719	3
97.719	3
97.719	3
97.719	3
97.719	3
97.719	3
97.719	3
97.72	3
97.72	3
97.72	3
97.72	3
97.72	3
97.72	3
97.72	3
97.721	3
97.721	3
97.721	3
97.721	3
97.721	3
97.721	3
97.721	3
97.721	3
97.721	2
97.722	3
97.722	3
97.722	3
97.722	3
97.722	3
97.722	3
97.723	3
97.723	3
97.723	3
97.723	3
97.723	3
97.723	3
97.723	2
97.723	3
97.723	3
97.724	3
97.724	2
97.724	3
97.724	3
97.724	3
97.724	3
97.724	3
97.724	3
97.724	3
97.724	3
97.725	5
97.725	4
97.725	3
97.725	3
97.725	3
97.725	3
97.725	2
97.725	3
97.725	3
97.725	3
97.726	3
97.726	3
97.726	3
97.726	3
97.726	3
97.726	2
97.726	3
97.727	2
97.727	3
97.727	3
97.727	3
97.727	3
97.728	3
97.728	3
97.728	3
97.728	3
97.729	3
97.729	3
97.729	3
97.729	3
97.729	2
97.73	3
97.73	2
97.73	3
97.73	3
97.73	3
97.73	3
97.73	4
97.73	3
97.73	3
97.73	3
97.73	3
97.73	5
97.73	3
97.73	3
97.73	3
97.73	2
97.73	3
97.731	5
97.731	3
97.731	3
97.731	3
97.731	3
97.731	3
97.731	3
97.731	3
97.731	3
97.731	3
97.731	3
97.731	3
97.732	3
97.732	3
97.732	3
97.732	3
97.732	3
97.733	3
97.733	3
97.733	3
97.733	3
97.733	3
97.734	3
97.734	3
97.734	3
97.734	3
97.734	3
97.734	3
97.734	3
97.734	3
97.734	3
97.734	3
97.734	3
97.734	3
97.734	3
97.734	3
97.735	4
97.735	3
97.735	2
97.735	3
97.735	3
97.735	3
97.736	3
97.736	2
97.736	3
97.736	3
97.736	3
97.736	3
97.736	3
97.736	2
97.736	3
97.736	4
97.736	3
97.736	3
97.736	3
97.737	3
97.737	3
97.737	5
97.738	3
97.738	3
97.738	3
97.738	3
97.738	3
97.738	3
97.738	3
97.738	3
97.738	3
97.738	3
97.738	3
97.738	3
97.738	2
97.738	3
97.739	3
97.739	3
97.739	3
97.739	3
97.739	3
97.739	3
97.739	3
97.739	3
97.739	3
97.739	3
97.739	3
97.739	3
97.739	3
97.739	3
97.74	2
97.74	3
97.74	3
97.74	3
97.74	3
97.74	3
97.74	3
97.74	3
97.74	4
97.741	3
97.741	3
97.741	3
97.741	3
97.741	3
97.741	3
97.741	3
97.742	3
97.742	3
97.742	3
97.742	3
97.742	3
97.742	3
97.743	2
97.743	3
97.743	3
97.743	3
97.743	3
97.743	3
97.743	3
97.743	3
97.743	3
97.743	4
97.743	3
97.744	3
97.744	3
97.744	3
97.744	3
97.745	3
97.745	3
97.745	3
97.745	3
97.745	3
97.745	3
97.745	3
97.745	3
97.745	3
97.745	3
97.745	5
97.746	3
97.746	3
97.746	3
97.746	3
97.746	3
97.746	3
97.747	2
97.747	3
97.747	3
97.747	3
97.747	4
97.747	4
97.747	3
97.747	3
97.748	3
97.748	2
97.748	3
97.748	3
97.748	3
97.748	3
97.748	3
97.748	4
97.748	3
97.749	3
97.749	3
97.749	4
97.749	3
97.749	3
97.749	3
97.749	2
97.749	3
97.749	3
97.749	3
97.749	3
97.749	3
97.749	3
97.749	3
97.75	2
97.75	3
97.75	3
97.75	3
97.75	3
97.751	3
97.751	3
97.751	3
97.751	3
97.751	3
97.751	3
97.751	4
97.751	3
97.751	3
97.752	3
97.752	3
97.752	3
97.752	3
97.752	3
97.752	3
97.753	3
97.753	3
97.753	3
97.753	3
97.753	3
97.753	3
97.753	3
97.753	3
97.753	3
97.753	3
97.753	3
97.754	3
97.754	3
97.754	3
97.754	3
97.754	3
97.754	3
97.754	3
97.755	3
97.755	3
97.755	3
97.755	3
97.755	3
97.755	3
97.755	3
97.755	4
97.755	3
97.755	3
97.756	3
97.756	3
97.756	3
97.756	3
97.756	3
97.756	3
97.756	2
97.757	3
97.757	3
97.757	3
97.757	3
97.757	3
97.757	3
97.757	3
97.757	3
97.757	3
97.757	3
97.758	3
97.758	3
97.758	3
97.758	3
97.758	3
97.758	3
97.758	3
97.758	3
97.758	3
97.759	3
97.759	3
97.759	2
97.759	3
97.759	3
97.76	3
97.76	2
97.76	3
97.76	3
97.76	3
97.76	3
97.76	3
97.76	3
97.76	3
97.76	3
97.76	3
97.761	3
97.761	3
97.761	3
97.761	3
97.761	3
97.762	2
97.762	3
97.762	3
97.762	3
97.762	3
97.762	3
97.762	3
97.762	3
97.762	2
97.762	3
97.763	3
97.763	3
97.763	3
97.763	3
97.763	3
97.763	3
97.763	3
97.763	3
97.763	3
97.763	3
97.763	3
97.763	3
97.763	3
97.764	3
97.764	3
97.764	3
97.764	3
97.764	3
97.764	2
97.764	3
97.765	3
97.765	3
97.765	3
97.765	3
97.765	3
97.765	3
97.765	3
97.766	2
97.766	3
97.766	3
97.766	3
97.766	3
97.766	4
97.766	3
97.766	3
97.766	3
97.766	3
97.766	3
97.766	3
97.766	2
97.766	3
97.766	3
97.767	3
97.767	4
97.767	3
97.767	3
97.767	3
97.768	3
97.768	3
97.768	3
97.768	3
97.768	3
97.768	3
97.768	3
97.768	3
97.768	2
97.768	3
97.769	2
97.769	3
97.769	3
97.769	3
97.769	3
97.769	3
97.769	5
97.769	3
97.769	3
97.769	3
97.77	3
97.77	3
97.77	3
97.77	3
97.77	3
97.77	3
97.771	3
97.771	3
97.771	3
97.771	3
97.771	3
97.771	3
97.771	4
97.771	3
97.771	3
97.772	3
97.772	3
97.772	3
97.772	3
97.772	3
97.772	3
97.772	3
97.772	3
97.773	3
97.773	3
97.773	3
97.773	3
97.773	3
97.773	3
97.773	3
97.773	3
97.773	3
97.773	3
97.774	4
97.774	2
97.774	3
97.774	3
97.774	3
97.774	2
97.774	3
97.774	3
97.775	3
97.775	3
97.775	3
97.775	3
97.775	3
97.775	3
97.775	3
97.775	3
97.775	4
97.775	3
97.775	5
97.776	2
97.776	3
97.776	3
97.777	4
97.777	3
97.777	3
97.777	3
97.777	3
97.777	3
97.777	3
97.777	3
97.777	3
97.777	3
97.777	3
97.777	3
97.778	3
97.778	3
97.778	3
97.778	4
97.778	3
97.778	3
97.778	3
97.778	3
97.779	2
97.779	3
97.779	3
97.779	3
97.779	4
97.779	3
97.779	3
97.779	3
97.779	3
97.779	3
97.78	3
97.78	3
97.78	3
97.78	3
97.78	2
97.78	3
97.78	3
97.78	3
97.78	3
97.781	3
97.781	3
97.781	3
97.781	3
97.781	3
97.781	3
97.781	3
97.781	3
97.781	3
97.781	3
97.781	3
97.781	4
97.781	3
97.781	3
97.782	3
97.782	3
97.782	3
97.782	3
97.782	3
97.783	2
97.783	3
97.783	3
97.783	3
97.783	3
97.783	3
97.783	3
97.783	3
97.783	3
97.783	3
97.783	3
97.784	3
97.784	3
97.784	3
97.784	3
97.784	3
97.784	3
97.784	3
97.784	3
97.784	3
97.784	3
97.785	4
97.785	3
97.785	4
97.785	3
97.786	3
97.786	3
97.786	3
97.786	3
97.786	3
97.786	3
97.786	5
97.787	3
97.787	3
97.787	3
97.787	3
97.787	3
97.787	3
97.787	3
97.787	3
97.787	3
97.788	4
97.788	3
97.788	3
97.788	3
97.788	3
97.788	3
97.788	3
97.788	3
97.788	3
97.788	3
97.788	2
97.788	3
97.788	4
97.789	3
97.789	3
97.789	3
97.789	3
97.789	3
97.789	3
97.789	3
97.789	3
97.79	3
97.79	2
97.79	3
97.79	4
97.79	3
97.79	3
97.79	3
97.79	3
97.79	3
97.79	3
97.791	5
97.791	3
97.791	2
97.791	3
97.791	3
97.791	3
97.792	2
97.792	3
97.792	3
97.792	3
97.792	3
97.792	3
97.792	3
97.792	2
97.792	3
97.793	3
97.793	3
97.793	3
97.793	3
97.793	3
97.793	3
97.793	3
97.793	3
97.793	3
97.794	5
97.794	3
97.794	3
97.794	3
97.794	3
97.794	3
97.794	3
97.794	2
97.795	3
97.795	3
97.795	3
97.795	3
97.795	3
97.795	3
97.796	3
97.796	2
97.796	3
97.796	3
97.796	3
97.796	3
97.796	3
97.796	3
97.796	3
97.796	3
97.796	3
97.796	3
97.797	2
97.797	3
97.797	3
97.797	3
97.797	4
97.797	3
97.797	3
97.797	3
97.797	3
97.798	3
97.798	3
97.798	3
97.798	3
97.798	3
97.798	3
97.798	2
97.798	3
97.798	3
97.798	3
97.798	4
97.799	4
97.799	2
97.799	3
97.799	3
97.799	3
97.799	3
97.799	3
97.799	3
97.799	3
97.799	5
97.8	3
97.8	3
97.801	3
97.801	3
97.801	3
97.801	3
97.801	3
97.801	3
97.801	3
97.802	2
97.802	3
97.802	3
97.802	3
97.802	3
97.802	3
97.802	3
97.802	3
97.802	3
97.802	3
97.802	3
97.802	2
97.802	3
97.803	3
97.803	2
97.803	3
97.803	3
97.803	3
97.803	3
97.803	3
97.803	3
97.803	3
97.803	3
97.803	3
97.803	3
97.803	3
97.804	3
97.804	3
97.804	3
97.804	3
97.804	3
97.804	3
97.804	3
97.804	3
97.804	3
97.804	2
97.804	3
97.805	3
97.805	3
97.805	4
97.805	3
97.805	3
97.805	3
97.805	3
97.805	3
97.805	4
97.805	3
97.806	3
97.807	2
97.807	3
97.807	3
97.807	3
97.807	3
97.807	3
97.807	3
97.807	3
97.807	3
97.807	3
97.807	3
97.808	3
97.808	2
97.808	3
97.808	3
97.808	3
97.808	3
97.808	3
97.808	3
97.808	3
97.808	3
97.809	3
97.809	4
97.809	5
97.81	4
97.81	3
97.81	3
97.81	3
97.81	3
97.81	3
97.81	5
97.81	3
97.811	3
97.811	3
97.811	3
97.811	3
97.811	3
97.811	3
97.811	3
97.811	3
97.811	3
97.811	3
97.811	3
97.811	3
97.812	3
97.812	3
97.812	3
97.812	3
97.813	3
97.813	3
97.813	3
97.813	3
97.813	3
97.813	3
97.813	3
97.813	3
97.814	2
97.814	3
97.814	3
97.814	3
97.814	3
97.814	3
97.814	3
97.814	3
97.814	3
97.815	3
97.815	2
97.815	3
97.815	2
97.815	3
97.815	3
97.815	4
97.815	3
97.816	3
97.816	3
97.816	3
97.816	3
97.816	3
97.816	5
97.817	3
97.817	3
97.817	3
97.817	3
97.817	3
97.817	3
97.817	3
97.817	3
97.818	3
97.818	3
97.818	3
97.818	3
97.818	3
97.818	3
97.818	3
97.818	3
97.818	2
97.818	3
97.818	3
97.819	3
97.819	3
97.819	3
97.819	3
97.819	3
97.819	3
97.819	5
97.82	3
97.82	3
97.82	3
97.82	3
97.82	3
97.82	3
97.821	4
97.821	3
97.821	3
97.821	3
97.821	3
97.821	3
97.822	3
97.822	3
97.822	3
97.822	3
97.822	2
97.822	3
97.822	3
97.822	3
97.822	3
97.822	3
97.823	3
97.823	3
97.823	3
97.823	3
97.823	3
97.824	4
97.824	3
97.824	3
97.824	3
97.824	3
97.824	3
97.825	3
97.825	3
97.825	3
97.826	3
97.826	3
97.826	3
97.826	3
97.826	3
97.826	3
97.826	3
97.826	3
97.827	5
97.827	3
97.827	3
97.827	3
97.827	3
97.827	3
97.827	3
97.827	3
97.827	3
97.828	3
97.828	3
97.828	3
97.828	3
97.828	3
97.828	3
97.828	3
97.828	2
97.828	3
97.828	2
97.829	3
97.829	4
97.829	3
97.829	3
97.829	3
97.83	3
97.83	2
97.83	3
97.831	3
97.831	3
97.831	2
97.831	3
97.831	3
97.831	3
97.831	3
97.832	4
97.832	2
97.832	3
97.832	3
97.832	3
97.832	3
97.832	3
97.833	3
97.833	3
97.833	3
97.833	3
97.833	3
97.834	3
97.834	3
97.834	3
97.834	3
97.834	3
97.834	3
97.834	3
97.834	3
97.834	3
97.834	3
97.835	4
97.835	3
97.835	3
97.835	4
97.835	3
97.835	3
97.836	3
97.836	3
97.836	3
97.836	3
97.836	3
97.836	3
97.837	3
97.837	3
97.837	3
97.837	3
97.837	3
97.838	2
97.838	3
97.838	2
97.838	3
97.838	3
97.838	3
97.838	2
97.839	3
97.839	3
97.839	3
97.839	3
97.839	3
97.84	3
97.84	3
97.84	3
97.84	3
97.84	3
97.84	3
97.84	5
97.841	5
97.841	4
97.841	3
97.841	3
97.841	3
97.841	3
97.842	4
97.842	3
97.842	3
97.842	3
97.842	3
97.842	3
97.843	3
97.843	3
97.843	3
97.843	3
97.844	3
97.844	3
97.844	3
97.845	2
97.845	3
97.845	3
97.845	3
97.846	4
97.846	2
97.846	3
97.846	3
97.846	2
97.846	3
97.846	3
97.846	3
97.846	3
97.846	3
97.847	3
97.848	3
97.848	3
97.848	3
97.848	3
97.848	3
97.849	3
97.849	3
97.849	3
97.849	3
97.85	3
97.85	3
97.85	3
97.85	3
97.85	3
97.85	3
97.85	5
97.851	3
97.851	3
97.851	3
97.851	3
97.852	4
97.852	3
97.852	3
97.853	3
97.853	4
97.853	3
97.853	2
97.853	3
97.853	3
97.854	3
97.854	3
97.854	3
97.854	2
97.854	3
97.854	3
97.855	3
97.856	3
97.856	3
97.856	3
97.856	3
97.857	3
97.857	3
97.857	3
97.857	3
97.858	5
97.858	3
97.858	3
97.858	3
97.858	3
97.858	3
97.858	3
97.858	3
97.858	3
97.858	3
97.859	4
97.859	3
97.859	4
97.859	3
97.86	3
97.86	3
97.86	3
97.86	3
97.86	3
97.861	3
97.861	3
97.861	3
97.861	3
97.863	4
97.863	2
97.863	3
97.863	3
97.863	3
97.864	4
97.864	2
97.864	3
97.864	3
97.864	3
97.864	3
97.865	4
97.865	3
97.865	3
97.866	3
97.866	3
97.866	3
97.866	3
97.866	3
97.866	3
97.867	3
97.867	3
97.867	3
97.868	3
97.868	3
97.868	3
97.869	3
97.869	4
97.87	3
97.87	2
97.87	3
97.87	3
97.872	3
97.872	4
97.872	3
97.872	3
97.872	3
97.873	3
97.873	3
97.873	3
97.874	3
97.874	3
97.874	3
97.875	3
97.876	4
97.876	2
97.876	3
97.876	3
97.877	3
97.877	2
97.877	3
97.877	3
97.878	3
97.878	3
97.879	3
97.88	4
97.88	3
97.88	3
97.88	3
97.881	3
97.881	3
97.882	4
97.882	3
97.882	3
97.883	4
97.883	2
97.883	3
97.883	3
97.883	3
97.884	3
97.884	3
97.884	3
97.885	3
97.886	3
97.887	4
97.887	2
97.887	3
97.888	3
97.888	3
97.888	3
97.889	4
97.89	3
97.89	3
97.89	3
97.89	3
97.89	3
97.891	4
97.891	3
97.891	3
97.891	3
97.892	3
97.893	3
97.894	4
97.894	2
97.894	3
97.896	3
97.896	3
97.896	3
97.896	3
97.897	4
97.898	3
97.898	3
97.899	3
97.9	2
97.9	3
97.9	3
97.9	3
97.901	3
97.902	4
97.902	2
97.902	3
97.902	3
97.904	4
97.904	3
97.906	3
97.907	2
97.907	3
97.907	3
97.908	3
97.908	3
97.909	3
97.91	4
97.91	2
97.91	3
97.911	3
97.911	3
97.912	3
97.913	3
97.915	4
97.915	3
97.915	3
97.916	3
97.916	4
97.917	3
97.917	2
97.917	3
97.918	3
97.918	3
97.92	3
97.92	3
97.92	3
97.92	3
97.92	3
97.92	3
97.92	3
97.921	4
97.921	4
97.921	3
97.921	3
97.921	3
97.922	3
97.922	3
97.923	3
97.925	3
97.926	4
97.926	2
97.926	3
97.926	3
97.926	3
97.927	4
97.927	5
97.928	3
97.929	3
97.929	3
97.93	3
97.931	3
97.931	3
97.931	3
97.931	3
97.932	4
97.932	2
97.932	3
97.932	3
97.933	3
97.933	3
97.933	4
97.933	3
97.934	4
97.935	3
97.935	3
97.935	3
97.935	3
97.935	3
97.936	3
97.936	3
97.936	3
97.937	5
97.938	3
97.939	3
97.939	3
97.94	3
97.941	3
97.941	3
97.942	3
97.942	3
97.942	3
97.943	3
97.944	4
97.945	4
97.945	3
97.946	3
97.946	3
97.946	2
97.948	3
97.95	3
97.95	3
97.95	3
97.951	4
97.951	3
97.951	3
97.951	3
97.952	3
97.954	3
97.955	4
97.955	3
97.955	3
97.956	4
97.956	2
97.956	3
97.956	3
97.956	2
97.957	3
97.957	3
97.959	3
97.959	3
97.96	3
97.96	3
97.96	3
97.961	4
97.962	3
97.963	3
97.963	3
97.964	3
97.965	3
97.966	4
97.966	2
97.966	3
97.968	3
97.968	5
97.969	3
97.97	3
97.972	3
97.972	3
97.974	3
97.976	3
97.976	3
97.977	3
97.978	3
97.978	3
97.979	3
97.981	3
97.983	3
97.984	3
97.985	3
97.986	3
97.986	3
97.986	3
97.987	4
97.99	3
97.991	3
97.992	3
97.992	3
97.992	3
97.993	3
97.994	3
97.995	3
97.996	3
97.998	3
97.998	3
97.999	4
98.0	3
98.001	3
98.001	3
98.001	3
98.003	3
98.003	3
98.003	3
98.003	3
98.003	3
98.004	3
98.004	3
98.004	3
98.004	3
98.008	3
98.008	3
98.009	3
98.009	3
98.01	5
98.012	3
98.012	3
98.012	3
98.014	3
98.014	3
98.014	3
98.014	3
98.015	3
98.016	3
98.016	3
98.016	4
98.016	3
98.018	3
98.018	3
98.018	3
98.018	3
98.018	3
98.018	3
98.018	3
98.019	3
98.019	3
98.019	3
98.02	5
98.022	3
98.022	3
98.023	3
98.024	3
98.024	3
98.025	3
98.025	3
98.026	3
98.028	2
98.028	3
98.028	3
98.029	3
98.029	2
98.031	3
98.033	3
98.033	3
98.034	3
98.034	3
98.035	2
98.035	3
98.035	3
98.036	3
98.037	3
98.038	3
98.038	3
98.039	3
98.039	2
98.04	3
98.04	3
98.04	3
98.042	3
98.042	3
98.043	3
98.043	3
98.043	3
98.045	3
98.046	3
98.046	3
98.047	3
98.048	3
98.048	3
98.049	3
98.051	3
98.051	3
98.051	5
98.052	3
98.053	3
98.054	3
98.055	3
98.055	3
98.056	3
98.057	3
98.059	3
98.059	3
98.06	3
98.06	3
98.061	3
98.061	3
98.062	4
98.062	3
98.064	3
98.066	3
98.067	3
98.068	3
98.069	3
98.069	3
98.069	3
98.069	3
98.07	4
98.073	4
98.074	3
98.074	3
98.075	3
98.075	3
98.076	3
98.078	3
98.078	3
98.079	4
98.081	3
98.083	3
98.084	4
98.084	2
98.084	3
98.084	3
98.085	3
98.087	3
98.087	3
98.089	3
98.091	3
98.091	3
98.091	3
98.092	3
98.093	3
98.094	4
98.095	3
98.096	3
98.098	3
98.098	3
98.098	3
98.098	3
98.098	3
98.099	3
98.099	3
98.099	3
98.099	3
98.101	3
98.101	3
98.102	3
98.104	3
98.105	5
98.107	3
98.107	3
98.107	3
98.109	3
98.109	3
98.109	3
98.109	3
98.11	3
98.111	2
98.111	3
98.111	3
98.111	4
98.111	3
98.113	3
98.113	3
98.113	3
98.113	3
98.113	3
98.114	3
98.114	3
98.115	5
98.117	3
98.117	3
98.118	2
98.118	3
98.118	3
98.119	3
98.119	3
98.12	3
98.12	3
98.121	3
98.123	3
98.123	3
98.124	3
98.124	2
98.126	3
98.126	3
98.128	3
98.128	3
98.129	3
98.129	3
98.13	3
98.131	3
98.132	3
98.133	3
98.133	3
98.134	3
98.134	3
98.134	2
98.135	3
98.135	3
98.137	3
98.137	3
98.137	3
98.138	3
98.138	3
98.139	3
98.14	3
98.141	3
98.141	3
98.142	3
98.143	3
98.143	3
98.144	3
98.145	4
98.146	3
98.146	5
98.147	3
98.148	3
98.15	3
98.15	3
98.152	3
98.152	3
98.154	3
98.154	3
98.155	3
98.156	4
98.156	3
98.156	3
98.157	3
98.157	3
98.159	3
98.161	3
98.161	3
98.162	4
98.162	3
98.163	3
98.164	3
98.164	3
98.164	3
98.165	4
98.167	4
98.167	3
98.169	3
98.17	3
98.17	3
98.171	3
98.173	3
98.176	3
98.178	4
98.179	3
98.179	3
98.182	3
98.186	3
98.186	3
98.187	3
98.19	3
98.194	3
98.196	3
98.196	3
98.197	3
98.202	3
98.206	2
98.206	3
98.213	2
98.213	3
98.214	3
98.218	3
98.221	3
98.226	3
98.229	3
98.232	3
98.234	3
98.238	3
98.24	4
98.247	3
98.251	4
98.252	3
98.256	3
98.257	4
98.262	4
98.262	3
98.341	3
98.343	3
98.345	3
98.347	3
98.349	3
98.35	4
98.352	3
98.354	3
98.354	3
98.354	3
98.354	3
98.354	3
98.355	3
98.355	3
98.355	3
98.36	3
98.361	5
98.363	3
98.363	3
98.365	3
98.365	3
98.365	3
98.365	3
98.366	3
98.367	3
98.367	4
98.367	3
98.369	3
98.369	3
98.369	3
98.369	3
98.369	3
98.37	3
98.37	3
98.371	5
98.373	3
98.373	3
98.374	3
98.375	3
98.376	3
98.376	3
98.377	3
98.379	3
98.38	3
98.38	3
98.382	3
98.384	3
98.384	3
98.385	3
98.385	3
98.386	3
98.388	3
98.389	3
98.389	3
98.39	3
98.39	2
98.391	3
98.391	3
98.393	3
98.393	3
98.394	3
98.394	3
98.396	3
98.397	3
98.397	3
98.398	3
98.399	3
98.4	3
98.402	3
98.402	5
98.403	3
98.404	3
98.406	3
98.406	3
98.408	3
98.41	3
98.41	3
98.411	3
98.412	3
98.412	3
98.413	3
98.415	3
98.417	3
98.418	3
98.419	3
98.42	3
98.42	3
98.42	3
98.421	4
98.425	3
98.426	3
98.426	3
98.427	3
98.429	3
98.432	3
98.434	4
98.435	3
98.435	3
98.438	3
98.442	3
98.442	3
98.443	3
98.446	3
98.45	3
98.452	3
98.452	3
98.453	3
98.458	3
98.462	2
98.462	3
98.469	2
98.469	3
98.47	3
98.474	3
98.477	3
98.482	3
98.485	3
98.488	3
98.49	3
98.494	3
98.496	4
98.503	3
98.507	4
98.508	3
98.512	3
98.513	4
98.518	4
98.518	3
98.729	3
98.731	3
98.733	3
98.735	3
98.737	3
98.738	4
98.74	3
98.742	3
98.742	3
98.742	3
98.742	3
98.742	3
98.743	3
98.743	3
98.743	3
98.748	3
98.749	5
98.751	3
98.751	3
98.753	3
98.753	3
98.753	3
98.753	3
98.754	3
98.755	3
98.755	4
98.755	3
98.757	3
98.757	3
98.757	3
98.757	3
98.757	3
98.758	3
98.758	3
98.759	5
98.761	3
98.761	3
98.762	3
98.763	3
98.764	3
98.764	3
98.765	3
98.767	3
98.768	3
98.768	3
98.77	3
98.772	3
98.772	3
98.773	3
98.773	3
98.774	3
98.776	3
98.777	3
98.777	3
98.778	3
98.778	3
98.779	3
98.779	3
98.781	3
98.781	3
98.782	3
98.782	3
98.784	3
98.785	3
98.785	3
98.786	3
98.787	3
98.788	3
98.79	3
98.79	5
98.791	3
98.792	3
98.794	3
98.794	3
98.796	3
98.798	3
98.798	3
98.799	3
98.8	3
98.8	3
98.801	3
98.803	3
98.805	3
98.806	3
98.807	3
98.808	3
98.808	3
98.808	3
98.809	4
98.813	3
98.814	3
98.814	3
98.815	3
98.817	3
98.82	3
98.822	4
98.823	3
98.823	3
98.826	3
98.83	3
98.83	3
98.831	3
98.834	3
98.834	3
98.836	3
98.838	3
98.838	3
98.84	3
98.84	3
98.84	3
98.841	3
98.842	3
98.843	4
98.845	3
98.846	3
98.847	3
98.847	3
98.847	3
98.847	3
98.847	3
98.848	3
98.848	3
98.848	3
98.85	2
98.85	3
98.853	3
98.854	5
98.856	3
98.856	3
98.857	2
98.857	3
98.857	3
98.858	3
98.858	3
98.858	3
98.858	3
98.858	3
98.859	3
98.859	3
98.86	3
98.86	4
98.86	3
98.861	3
98.862	3
98.862	3
98.862	3
98.862	3
98.862	3
98.862	3
98.863	3
98.863	3
98.863	3
98.864	4
98.865	3
98.865	3
98.866	3
98.866	3
98.866	4
98.867	3
98.868	3
98.868	3
98.869	3
98.869	3
98.87	3
98.87	3
98.87	3
98.87	3
98.87	3
98.87	3
98.87	3
98.871	3
98.871	3
98.871	3
98.872	3
98.873	3
98.873	3
98.873	3
98.875	3
98.876	3
98.876	3
98.877	3
98.877	3
98.877	4
98.878	3
98.878	3
98.878	3
98.879	3
98.879	3
98.879	3
98.881	3
98.881	3
98.881	3
98.881	3
98.881	3
98.882	3
98.882	3
98.882	3
98.882	3
98.883	3
98.883	3
98.883	3
98.883	4
98.883	3
98.884	4
98.884	3
98.884	3
98.885	3
98.885	3
98.885	3
98.885	3
98.885	3
98.886	3
98.886	3
98.886	3
98.886	3
98.887	3
98.887	3
98.887	4
98.889	3
98.889	3
98.889	3
98.89	3
98.89	3
98.89	3
98.891	3
98.891	3
98.891	3
98.892	3
98.892	3
98.892	3
98.893	3
98.893	3
98.895	4
98.895	3
98.895	5
98.895	3
98.896	3
98.896	3
98.896	3
98.896	3
98.897	3
98.898	3
98.899	3
98.899	3
98.9	3
98.9	3
98.9	3
98.901	4
98.901	3
98.901	3
98.901	3
98.902	3
98.903	3
98.903	3
98.904	3
98.904	3
98.905	3
98.905	3
98.905	3
98.905	3
98.906	4
98.906	3
98.906	3
98.906	3
98.906	3
98.907	3
98.907	3
98.908	3
98.909	3
98.909	3
98.91	3
98.91	3
98.91	3
98.911	3
98.912	3
98.912	3
98.913	3
98.913	3
98.913	3
98.913	3
98.913	3
98.914	4
98.914	3
98.915	3
98.916	3
98.918	3
98.918	3
98.918	5
98.919	3
98.919	3
98.919	3
98.92	3
98.92	3
98.922	3
98.922	3
98.922	3
98.924	3
98.925	3
98.926	3
98.926	3
98.927	4
98.927	3
98.928	3
98.928	3
98.928	3
98.928	3
98.929	3
98.931	3
98.931	3
98.933	3
98.934	3
98.935	3
98.935	3
98.935	3
98.936	3
98.936	3
98.936	3
98.936	3
98.937	4
98.939	3
98.941	3
98.942	3
98.942	3
98.943	3
98.943	3
98.945	3
98.945	3
98.945	3
98.946	3
98.948	3
98.95	4
98.951	3
98.951	3
98.951	3
98.954	3
98.955	2
98.955	3
98.958	3
98.958	3
98.959	3
98.96	3
98.962	2
98.962	3
98.962	3
98.962	3
98.963	3
98.964	3
98.966	3
98.966	3
98.967	3
98.968	3
98.968	3
98.968	3
98.969	3
98.969	4
98.97	3
98.971	3
98.973	3
98.973	3
98.973	3
98.973	3
98.973	3
98.974	3
98.974	3
98.974	3
98.974	3
98.975	3
98.978	3
98.978	2
98.978	3
98.979	3
98.98	4
98.981	3
98.982	3
98.982	3
98.983	3
98.984	3
98.984	3
98.984	3
98.984	3
98.985	2
98.985	3
98.985	3
98.986	3
98.986	3
98.986	4
98.986	3
98.987	3
98.988	3
98.988	3
98.988	3
98.988	3
98.988	3
98.989	4
98.989	3
98.989	3
98.99	3
98.99	3
98.992	3
98.992	3
98.993	3
98.993	3
98.994	3
98.995	3
98.995	3
98.996	3
98.996	3
98.998	3
98.998	3
98.999	3
98.999	3
99.0	4
99.001	3
99.001	3
99.001	3
99.003	3
99.003	3
99.004	3
99.004	3
99.004	3
99.005	3
99.005	3
99.006	4
99.006	3
99.007	3
99.008	3
99.008	3
99.009	3
99.009	3
99.01	3
99.01	3
99.01	3
99.011	4
99.011	3
99.012	4
99.012	3
99.012	3
99.013	3
99.013	3
99.015	3
99.016	3
99.016	3
99.017	3
99.018	3
99.019	3
99.019	3
99.021	3
99.021	5
99.022	3
99.023	4
99.023	3
99.024	3
99.025	3
99.025	3
99.027	3
99.028	3
99.029	4
99.029	3
99.029	3
99.03	3
99.031	3
99.031	3
99.032	3
99.034	4
99.034	3
99.034	3
99.036	3
99.037	3
99.038	3
99.039	3
99.039	3
99.039	3
99.04	4
99.044	3
99.045	3
99.045	3
99.046	3
99.048	3
99.051	3
99.053	4
99.054	3
99.054	3
99.057	3
99.061	3
99.061	3
99.062	3
99.065	3
99.069	3
99.071	3
99.071	3
99.072	3
99.077	3
99.081	2
99.081	3
99.088	2
99.088	3
99.089	3
99.093	3
99.096	3
99.101	3
99.104	3
99.107	3
99.109	3
99.113	3
99.115	4
99.122	3
99.126	4
99.127	3
99.131	3
99.132	4
99.137	4
99.137	3
99.504	3
99.506	3
99.508	3
99.51	3
99.512	3
99.513	4
99.515	3
99.517	3
99.517	3
99.517	3
99.517	3
99.517	3
99.518	3
99.518	3
99.518	3
99.523	3
99.524	4
99.526	3
99.526	3
99.528	3
99.528	3
99.528	3
99.528	3
99.529	3
99.53	3
99.53	4
99.53	3
99.532	3
99.532	3
99.532	3
99.532	3
99.532	3
99.533	3
99.533	3
99.534	3
99.536	3
99.536	3
99.537	3
99.538	3
99.539	3
99.539	3
99.54	3
99.542	3
99.543	3
99.543	3
99.545	3
99.547	3
99.547	3
99.548	3
99.548	3
99.549	3
99.551	3
99.552	3
99.552	3
99.553	3
99.553	3
99.554	3
99.554	3
99.556	3
99.556	3
99.557	3
99.557	3
99.559	3
99.56	3
99.56	3
99.561	3
99.561	3
99.562	3
99.563	3
99.563	3
99.565	3
99.565	5
99.565	3
99.566	3
99.567	3
99.567	3
99.569	3
99.569	3
99.569	3
99.57	4
99.571	3
99.572	3
99.573	3
99.573	3
99.574	3
99.574	3
99.574	3
99.574	3
99.574	3
99.574	3
99.575	3
99.575	3
99.575	3
99.575	3
99.575	3
99.576	3
99.578	3
99.58	3
99.58	3
99.581	3
99.581	4
99.582	3
99.583	3
99.583	3
99.583	3
99.583	3
99.583	3
99.584	4
99.585	3
99.585	3
99.585	3
99.585	3
99.586	3
99.587	3
99.587	4
99.587	3
99.588	3
99.589	3
99.589	3
99.589	3
99.589	3
99.589	3
99.589	3
99.589	3
99.59	3
99.59	3
99.59	3
99.591	3
99.592	3
99.593	3
99.593	3
99.594	3
99.595	3
99.595	3
99.596	3
99.596	3
99.597	4
99.597	3
99.598	3
99.598	3
99.599	3
99.6	3
99.6	3
99.601	3
99.602	3
99.604	3
99.604	3
99.605	3
99.605	3
99.605	3
99.605	3
99.606	3
99.606	3
99.608	3
99.609	3
99.609	3
99.609	3
99.61	3
99.61	3
99.611	3
99.611	3
99.613	3
99.613	3
99.613	3
99.614	3
99.614	3
99.615	3
99.615	3
99.616	3
99.616	3
99.617	3
99.617	3
99.618	3
99.619	3
99.62	3
99.621	3
99.622	3
99.622	5
99.623	3
99.624	3
99.625	3
99.625	3
99.626	3
99.626	3
99.628	3
99.63	3
99.63	3
99.631	3
99.632	2
99.632	3
99.632	3
99.632	3
99.633	3
99.633	3
99.635	3
99.637	3
99.637	3
99.638	3
99.639	3
99.64	3
99.64	3
99.64	3
99.64	3
99.641	4
99.645	3
99.645	3
99.646	3
99.646	3
99.647	3
99.648	3
99.649	3
99.651	3
99.652	3
99.653	3
99.654	4
99.655	3
99.655	3
99.657	3
99.658	3
99.659	4
99.662	3
99.662	3
99.663	3
99.666	3
99.666	3
99.67	4
99.67	3
99.671	3
99.672	3
99.672	3
99.672	3
99.673	3
99.674	3
99.675	3
99.676	4
99.676	3
99.678	3
99.678	3
99.68	3
99.681	4
99.681	3
99.681	4
99.682	3
99.682	3
99.683	3
99.685	3
99.685	3
99.685	3
99.685	3
99.685	3
99.686	3
99.686	3
99.686	3
99.689	3
99.689	3
99.69	3
99.691	3
99.692	4
99.694	3
99.694	3
99.694	3
99.696	3
99.696	3
99.696	3
99.696	3
99.697	3
99.697	3
99.698	3
99.698	4
99.698	3
99.7	3
99.7	3
99.7	3
99.7	3
99.7	3
99.701	3
99.701	3
99.702	3
99.702	3
99.704	3
99.704	3
99.705	3
99.705	3
99.706	3
99.707	3
99.707	3
99.708	3
99.708	3
99.71	3
99.71	3
99.711	3
99.711	3
99.713	3
99.714	3
99.715	3
99.715	3
99.716	4
99.716	3
99.716	3
99.717	3
99.719	3
99.72	3
99.72	3
99.721	3
99.721	3
99.722	3
99.722	3
99.723	3
99.724	3
99.724	3
99.725	3
99.725	3
99.727	4
99.727	3
99.728	3
99.728	3
99.728	3
99.729	3
99.73	3
99.731	3
99.732	3
99.733	4
99.733	3
99.733	5
99.734	3
99.735	3
99.737	3
99.737	3
99.738	4
99.738	3
99.739	3
99.741	3
99.741	3
99.741	3
99.742	3
99.743	3
99.743	3
99.743	3
99.744	3
99.745	3
99.746	3
99.747	3
99.748	3
99.749	3
99.749	3
99.75	3
99.75	4
99.751	3
99.751	3
99.751	3
99.752	4
99.752	3
99.754	3
99.754	3
99.754	3
99.754	3
99.754	3
99.755	3
99.755	3
99.755	3
99.756	3
99.757	3
99.757	3
99.758	3
99.76	3
99.76	3
99.761	4
99.763	3
99.763	3
99.763	3
99.765	4
99.765	3
99.765	3
99.765	3
99.765	3
99.766	3
99.766	3
99.766	3
99.767	3
99.767	4
99.767	3
99.769	3
99.769	3
99.769	3
99.769	3
99.769	3
99.769	3
99.77	3
99.77	3
99.771	3
99.773	3
99.773	3
99.773	3
99.773	3
99.774	3
99.774	3
99.775	3
99.776	3
99.776	3
99.777	3
99.777	3
99.779	3
99.78	3
99.78	3
99.781	3
99.782	3
99.783	3
99.783	3
99.784	3
99.784	3
99.784	3
99.785	3
99.785	3
99.786	3
99.788	3
99.789	3
99.789	3
99.789	3
99.79	3
99.79	3
99.791	3
99.791	3
99.793	3
99.793	3
99.793	3
99.793	3
99.794	3
99.794	3
99.796	3
99.797	3
99.797	3
99.798	3
99.799	3
99.8	4
99.8	3
99.8	3
99.801	3
99.802	3
99.802	5
99.803	3
99.803	3
99.804	3
99.805	3
99.805	3
99.806	3
99.806	3
99.807	3
99.808	3
99.808	3
99.809	3
99.81	3
99.81	3
99.811	3
99.811	3
99.812	3
99.812	3
99.812	4
99.813	3
99.813	3
99.814	3
99.815	3
99.816	3
99.816	3
99.816	3
99.816	3
99.816	3
99.816	3
99.817	3
99.817	3
99.817	3
99.817	3
99.818	3
99.819	3
99.819	3
99.82	3
99.82	3
99.82	3
99.821	3
99.821	3
99.822	3
99.823	4
99.825	3
99.825	3
99.825	3
99.825	3
99.826	3
99.826	3
99.827	4
99.827	3
99.827	3
99.827	3
99.827	3
99.827	3
99.828	3
99.829	3
99.829	3
99.829	4
99.829	3
99.831	3
99.831	3
99.831	3
99.831	3
99.831	3
99.832	3
99.832	3
99.832	3
99.833	3
99.834	3
99.834	4
99.835	3
99.835	3
99.835	3
99.835	3
99.836	3
99.837	3
99.838	4
99.838	3
99.838	3
99.838	3
99.839	3
99.839	3
99.841	3
99.842	3
99.842	3
99.842	3
99.842	3
99.843	3
99.843	3
99.844	4
99.844	3
99.846	3
99.846	3
99.846	3
99.847	3
99.847	3
99.848	3
99.849	4
99.849	3
99.85	3
99.85	3
99.851	3
99.851	3
99.852	3
99.852	3
99.852	3
99.852	3
99.853	3
99.853	3
99.853	3
99.855	3
99.855	3
99.856	3
99.856	3
99.858	3
99.858	3
99.859	3
99.859	3
99.86	3
99.861	3
99.862	3
99.862	3
99.862	3
99.864	3
99.864	5
99.865	3
99.866	3
99.868	3
99.868	3
99.869	4
99.869	3
99.87	3
99.87	3
99.872	3
99.872	3
99.873	3
99.874	3
99.874	3
99.874	3
99.875	3
99.877	3
99.877	3
99.879	3
99.88	3
99.881	3
99.882	3
99.882	3
99.882	3
99.882	3
99.883	3
99.885	3
99.887	3
99.888	3
99.888	3
99.888	3
99.889	3
99.89	3
99.891	3
99.894	3
99.894	3
99.896	4
99.896	4
99.897	3
99.897	3
99.9	3
99.903	3
99.904	3
99.904	3
99.905	3
99.907	4
99.908	3
99.908	3
99.912	3
99.912	3
99.913	4
99.914	3
99.914	3
99.915	3
99.918	4
99.918	3
99.92	3
99.924	4
99.924	3
99.931	4
99.931	3
99.932	3
99.936	3
99.939	3
99.944	3
99.947	3
99.95	3
99.952	3
99.956	3
99.958	4
99.965	3
99.969	4
99.97	3
99.974	3
99.975	4
99.98	4
99.98	3
100.03	3
100.032	3
100.032	3
100.034	3
100.034	3
100.036	3
100.036	3
100.038	3
100.038	3
100.039	4
100.04	3
100.041	3
100.041	4
100.043	3
100.043	3
100.043	3
100.043	3
100.043	3
100.043	3
100.044	3
100.044	3
100.044	3
100.045	3
100.045	3
100.045	3
100.045	3
100.045	3
100.046	3
100.046	3
100.046	3
100.049	3
100.05	4
100.051	3
100.052	3
100.052	3
100.052	4
100.054	3
100.054	3
100.054	3
100.054	3
100.054	3
100.054	3
100.055	3
100.056	3
100.056	4
100.056	3
100.056	3
100.056	3
100.056	3
100.056	3
100.057	3
100.058	3
100.058	3
100.058	3
100.058	3
100.058	3
100.058	3
100.058	4
100.058	3
100.059	3
100.059	3
100.06	3
100.06	3
100.06	3
100.06	3
100.06	3
100.06	3
100.061	3
100.061	3
100.062	3
100.062	3
100.062	3
100.063	3
100.064	3
100.064	3
100.064	3
100.065	3
100.065	3
100.065	3
100.066	3
100.066	3
100.067	3
100.067	3
100.068	3
100.068	3
100.069	3
100.069	3
100.07	3
100.071	3
100.071	3
100.071	3
100.073	3
100.073	3
100.073	3
100.074	3
100.074	3
100.075	3
100.075	3
100.075	3
100.076	3
100.076	3
100.077	3
100.077	3
100.078	3
100.078	3
100.079	3
100.079	3
100.079	3
100.08	3
100.08	3
100.08	3
100.08	3
100.081	3
100.081	3
100.082	3
100.082	3
100.082	3
100.082	3
100.083	3
100.083	3
100.084	3
100.084	3
100.085	3
100.085	3
100.085	3
100.086	3
100.086	3
100.087	3
100.087	3
100.088	3
100.088	3
100.088	3
100.089	3
100.089	3
100.09	3
100.091	3
100.091	5
100.091	3
100.092	3
100.093	3
100.093	3
100.093	5
100.094	3
100.095	3
100.095	3
100.095	3
100.097	3
100.097	3
100.097	3
100.099	3
100.099	3
100.099	3
100.1	3
100.101	3
100.101	3
100.101	3
100.101	3
100.102	3
100.102	3
100.103	3
100.103	3
100.104	3
100.104	3
100.106	3
100.106	3
100.107	3
100.108	3
100.108	3
100.109	3
100.109	3
100.109	3
100.109	3
100.11	3
100.11	3
100.111	3
100.111	3
100.111	3
100.112	3
100.113	3
100.114	3
100.115	3
100.115	3
100.115	3
100.116	3
100.116	3
100.117	3
100.117	3
100.117	3
100.118	3
100.118	3
100.119	3
100.12	3
100.121	3
100.121	3
100.122	4
100.123	3
100.123	3
100.124	3
100.124	3
100.124	3
100.125	3
100.126	3
100.126	3
100.126	3
100.126	3
100.126	3
100.126	3
100.126	3
100.127	3
100.127	3
100.127	3
100.127	3
100.129	3
100.131	3
100.131	3
100.132	3
100.132	3
100.133	3
100.133	3
100.133	4
100.134	3
100.135	3
100.135	3
100.135	3
100.137	3
100.137	3
100.137	3
100.137	3
100.137	3
100.138	3
100.139	3
100.139	3
100.139	4
100.139	3
100.141	3
100.141	3
100.141	3
100.141	3
100.141	3
100.141	3
100.141	3
100.141	3
100.142	3
100.142	3
100.142	3
100.143	3
100.143	3
100.143	3
100.144	3
100.145	3
100.145	3
100.146	3
100.147	3
100.147	3
100.148	3
100.148	3
100.149	3
100.149	3
100.151	4
100.151	3
100.151	3
100.152	3
100.152	3
100.153	4
100.153	3
100.154	3
100.156	3
100.156	3
100.157	3
100.157	3
100.158	4
100.158	3
100.158	3
100.159	3
100.16	5
100.16	3
100.16	3
100.161	3
100.161	3
100.161	3
100.162	3
100.162	3
100.163	3
100.163	3
100.163	3
100.165	3
100.165	3
100.165	3
100.166	3
100.166	3
100.166	3
100.168	3
100.168	3
100.169	3
100.169	3
100.17	3
100.171	3
100.171	3
100.172	3
100.173	3
100.174	3
100.174	3
100.174	5
100.175	3
100.176	3
100.176	3
100.177	3
100.178	3
100.178	3
100.179	3
100.179	3
100.18	3
100.181	3
100.182	3
100.182	3
100.183	3
100.183	3
100.184	3
100.184	3
100.185	4
100.185	3
100.185	3
100.187	4
100.187	3
100.189	3
100.19	3
100.191	3
100.192	3
100.192	3
100.192	3
100.192	3
100.193	3
100.194	3
100.196	4
100.197	3
100.197	3
100.198	4
100.198	3
100.198	3
100.199	3
100.199	3
100.201	3
100.201	3
100.202	4
100.203	3
100.204	4
100.204	3
100.206	3
100.207	4
100.207	3
100.207	3
100.207	3
100.209	4
100.209	3
100.21	3
100.214	3
100.214	3
100.215	3
100.218	3
100.222	3
100.224	3
100.224	3
100.225	3
100.23	3
100.234	4
100.234	3
100.241	5
100.241	3
100.242	3
100.246	3
100.249	3
100.254	3
100.257	3
100.26	3
100.262	3
100.266	3
100.268	4
100.275	3
100.279	4
100.28	3
100.284	3
100.285	3
100.29	4
100.29	3
100.301	3
100.303	3
100.305	3
100.307	3
100.309	3
100.31	4
100.312	3
100.314	3
100.314	3
100.314	3
100.314	3
100.314	3
100.315	3
100.315	3
100.315	3
100.32	3
100.321	4
100.323	3
100.323	3
100.325	3
100.325	3
100.325	3
100.325	3
100.326	3
100.327	3
100.327	4
100.327	3
100.329	3
100.329	3
100.329	3
100.329	3
100.329	3
100.33	3
100.33	3
100.331	3
100.333	3
100.333	3
100.334	3
100.335	3
100.336	3
100.336	3
100.337	3
100.339	3
100.34	3
100.34	3
100.342	3
100.344	3
100.344	3
100.345	3
100.345	3
100.346	3
100.348	3
100.349	3
100.349	3
100.35	3
100.35	3
100.351	3
100.351	3
100.353	3
100.353	3
100.354	3
100.354	3
100.356	3
100.357	3
100.357	3
100.358	3
100.359	3
100.36	3
100.362	3
100.362	5
100.363	3
100.364	3
100.366	3
100.366	3
100.368	3
100.37	3
100.37	3
100.371	3
100.372	3
100.372	3
100.373	3
100.375	3
100.377	3
100.378	3
100.379	3
100.38	3
100.38	3
100.38	3
100.381	3
100.385	3
100.386	3
100.386	3
100.387	3
100.389	3
100.392	3
100.394	3
100.395	3
100.395	3
100.398	3
100.402	3
100.402	3
100.403	3
100.406	3
100.41	3
100.412	3
100.412	3
100.413	3
100.418	3
100.422	4
100.422	3
100.429	5
100.429	3
100.43	3
100.434	3
100.434	3
100.436	3
100.437	3
100.438	3
100.44	3
100.442	3
100.442	3
100.443	4
100.445	3
100.445	3
100.447	3
100.447	3
100.447	3
100.447	3
100.447	3
100.447	3
100.448	3
100.448	3
100.448	3
100.448	3
100.449	3
100.45	3
100.451	3
100.453	3
100.453	3
100.454	3
100.454	4
100.455	3
100.456	4
100.456	3
100.456	3
100.456	4
100.458	3
100.458	3
100.458	3
100.458	3
100.458	3
100.459	3
100.46	3
100.46	3
100.46	3
100.46	3
100.46	3
100.46	3
100.46	3
100.46	3
100.461	3
100.461	3
100.461	3
100.462	3
100.462	3
100.462	3
100.462	3
100.462	3
100.463	3
100.463	3
100.463	3
100.464	3
100.466	3
100.466	3
100.466	3
100.467	3
100.467	3
100.467	4
100.468	3
100.468	3
100.469	3
100.469	3
100.469	3
100.469	3
100.47	3
100.471	3
100.471	3
100.471	3
100.471	3
100.472	3
100.472	3
100.472	3
100.473	3
100.473	3
100.473	3
100.473	3
100.473	3
100.473	3
100.475	3
100.475	3
100.475	3
100.475	3
100.475	3
100.475	3
100.476	3
100.476	3
100.477	3
100.477	3
100.477	3
100.478	4
100.478	3
100.478	3
100.478	3
100.479	3
100.479	3
100.479	3
100.48	3
100.481	3
100.481	3
100.482	3
100.482	3
100.482	3
100.482	3
100.483	3
100.483	3
100.483	3
100.484	3
100.484	3
100.485	3
100.486	3
100.486	3
100.486	3
100.486	3
100.487	3
100.487	3
100.488	3
100.489	3
100.49	3
100.49	3
100.49	3
100.49	3
100.491	3
100.491	3
100.491	3
100.492	3
100.492	3
100.493	3
100.494	3
100.495	3
100.495	5
100.495	3
100.495	3
100.496	3
100.496	3
100.496	3
100.497	3
100.497	3
100.497	3
100.499	3
100.499	3
100.499	3
100.499	3
100.5	3
100.5	3
100.501	3
100.502	3
100.503	3
100.503	3
100.503	3
100.503	3
100.504	3
100.504	3
100.505	3
100.505	3
100.505	3
100.506	3
100.506	3
100.508	3
100.508	3
100.508	5
100.509	3
100.51	3
100.51	3
100.511	3
100.512	3
100.512	3
100.512	3
100.513	3
100.513	3
100.513	3
100.514	3
100.514	3
100.516	3
100.516	3
100.517	3
100.518	3
100.518	3
100.518	3
100.519	3
100.519	3
100.519	3
100.52	3
100.521	3
100.522	3
100.523	3
100.524	3
100.525	3
100.525	3
100.526	3
100.526	3
100.526	3
100.527	3
100.527	3
100.528	3
100.528	3
100.531	3
100.531	3
100.532	3
100.532	3
100.533	3
100.535	3
100.535	3
100.535	3
100.536	3
100.538	3
100.539	3
100.54	3
100.541	3
100.541	3
100.543	3
100.544	3
100.545	3
100.545	3
100.546	3
100.548	3
100.548	3
100.549	3
100.551	3
100.552	3
100.555	4
100.555	3
100.556	3
100.558	3
100.558	3
100.559	3
100.562	5
100.562	3
100.563	3
100.564	3
100.567	3
100.568	4
100.568	3
100.57	3
100.575	3
100.575	5
100.575	3
100.576	3
100.578	3
100.58	3
100.581	3
100.583	3
100.583	3
100.587	3
100.588	3
100.589	4
100.591	3
100.594	3
100.596	3
100.596	3
100.6	3
100.6	3
100.601	3
100.602	3
100.605	3
100.606	3
100.609	3
100.611	4
100.611	3
100.613	3
100.614	3
100.618	3
100.619	3
100.624	4
100.624	3
101.635	3
101.637	3
101.639	3
101.641	3
101.643	3
101.644	4
101.646	3
101.648	3
101.648	3
101.648	3
101.648	3
101.648	3
101.649	3
101.649	3
101.649	3
101.654	3
101.655	4
101.657	3
101.657	3
101.659	3
101.659	3
101.659	3
101.659	3
101.66	3
101.661	3
101.661	3
101.661	3
101.663	3
101.663	3
101.663	3
101.663	3
101.663	3
101.664	3
101.664	3
101.665	3
101.667	3
101.667	3
101.668	3
101.669	3
101.67	3
101.67	3
101.671	3
101.673	3
101.674	3
101.674	3
101.676	3
101.678	3
101.678	3
101.679	3
101.679	3
101.68	3
101.682	3
101.683	3
101.683	3
101.684	3
101.684	3
101.685	3
101.685	3
101.687	3
101.687	3
101.688	3
101.688	3
101.69	3
101.691	3
101.691	3
101.692	3
101.693	3
101.694	3
101.696	3
101.696	5
101.697	3
101.698	3
101.7	3
101.7	3
101.702	3
101.704	3
101.704	3
101.705	3
101.706	3
101.706	3
101.707	3
101.709	3
101.711	3
101.712	3
101.713	3
101.714	3
101.714	3
101.714	3
101.715	3
101.719	3
101.72	3
101.72	3
101.721	3
101.723	3
101.726	3
101.728	3
101.729	3
101.729	3
101.732	3
101.736	3
101.736	3
101.737	3
101.74	3
101.744	3
101.746	3
101.746	3
101.747	3
101.752	3
101.756	4
101.756	3
101.763	4
101.763	3
101.764	3
101.768	3
101.771	3
101.776	3
101.779	3
101.782	3
101.784	3
101.788	3
101.79	3
101.797	3
101.801	3
101.802	3
101.806	3
101.807	3
101.812	4
101.812	3
101.955	3
101.957	3
101.959	3
101.961	3
101.963	3
101.964	4
101.966	3
101.968	3
101.968	3
101.968	3
101.968	3
101.968	3
101.969	3
101.969	3
101.969	3
101.974	3
101.975	4
101.977	3
101.977	3
101.979	3
101.979	3
101.979	3
101.979	3
101.98	3
101.981	3
101.981	3
101.981	3
101.983	3
101.983	3
101.983	3
101.983	3
101.983	3
101.984	3
101.984	3
101.985	3
101.987	3
101.987	3
101.988	3
101.989	3
101.99	3
101.99	3
101.991	3
101.993	3
101.994	3
101.994	3
101.996	3
101.998	3
101.998	3
101.999	3
101.999	3
102.0	3
102.002	3
102.003	3
102.003	3
102.004	3
102.004	3
102.005	3
102.005	3
102.007	3
102.007	3
102.008	3
102.008	3
102.01	3
102.011	3
102.011	3
102.012	3
102.013	3
102.014	3
102.016	3
102.016	5
102.017	3
102.018	3
102.02	3
102.02	3
102.022	3
102.024	3
102.024	3
102.025	3
102.026	3
102.026	3
102.027	3
102.029	3
102.031	3
102.032	3
102.033	3
102.034	3
102.034	3
102.034	3
102.035	3
102.039	3
102.04	3
102.04	3
102.041	3
102.043	3
102.046	3
102.048	3
102.049	3
102.049	3
102.052	3
102.056	3
102.056	3
102.057	3
102.06	3
102.064	3
102.066	3
102.066	3
102.067	3
102.072	3
102.076	4
102.076	3
102.083	3
102.083	3
102.084	3
102.088	3
102.091	3
102.096	3
102.099	3
102.102	3
102.104	3
102.108	3
102.11	3
102.117	3
102.121	3
102.122	3
102.126	3
102.127	3
102.132	4
102.132	3
102.381	3
102.383	3
102.385	3
102.387	3
102.389	3
102.39	4
102.392	3
102.394	3
102.394	3
102.394	3
102.394	3
102.394	3
102.395	3
102.395	3
102.395	3
102.4	3
102.401	3
102.403	3
102.403	3
102.405	3
102.405	3
102.405	3
102.405	3
102.406	3
102.407	3
102.407	3
102.407	3
102.409	3
102.409	3
102.409	3
102.409	3
102.409	3
102.41	3
102.41	3
102.411	3
102.413	3
102.413	3
102.414	3
102.415	3
102.416	3
102.416	3
102.417	3
102.419	3
102.42	3
102.42	3
102.422	3
102.424	3
102.424	3
102.425	3
102.425	3
102.426	3
102.428	3
102.429	3
102.429	3
102.43	3
102.43	3
102.431	3
102.431	3
102.433	3
102.433	3
102.434	3
102.434	3
102.436	3
102.437	3
102.437	3
102.438	3
102.439	3
102.44	3
102.442	3
102.442	5
102.443	3
102.444	3
102.446	3
102.446	3
102.448	3
102.45	3
102.45	3
102.451	3
102.452	3
102.452	3
102.453	3
102.455	3
102.457	3
102.458	3
102.459	3
102.46	3
102.46	3
102.46	3
102.461	3
102.465	3
102.466	3
102.466	3
102.467	3
102.469	3
102.472	3
102.474	3
102.475	3
102.475	3
102.478	3
102.482	3
102.482	3
102.483	3
102.486	3
102.49	3
102.492	3
102.492	3
102.493	3
102.498	3
102.502	4
102.502	3
102.509	3
102.509	3
102.51	3
102.514	3
102.517	3
102.522	3
102.525	3
102.528	3
102.53	3
102.534	3
102.536	3
102.543	3
102.547	3
102.548	3
102.552	3
102.553	3
102.558	4
102.558	3
104.057	3
104.059	3
104.061	3
104.063	3
104.065	3
104.066	4
104.068	3
104.07	3
104.07	3
104.07	3
104.07	3
104.07	3
104.071	3
104.071	3
104.071	3
104.076	3
104.077	3
104.079	3
104.079	3
104.081	3
104.081	3
104.081	3
104.081	3
104.082	3
104.083	3
104.083	3
104.083	3
104.085	3
104.085	3
104.085	3
104.085	3
104.085	3
104.086	3
104.086	3
104.087	3
104.089	3
104.089	3
104.09	3
104.091	3
104.092	3
104.092	3
104.093	3
104.095	3
104.096	3
104.096	3
104.098	3
104.1	3
104.1	3
104.101	3
104.101	3
104.102	3
104.104	3
104.105	3
104.105	3
104.106	3
104.106	3
104.107	3
104.107	3
104.109	3
104.109	3
104.11	3
104.11	3
104.112	3
104.113	3
104.113	3
104.114	3
104.115	3
104.116	3
104.118	3
104.118	5
104.119	3
104.12	3
104.122	3
104.122	3
104.124	3
104.126	3
104.126	3
104.127	3
104.128	3
104.128	3
104.129	3
104.131	3
104.133	3
104.134	3
104.135	3
104.136	3
104.136	3
104.136	3
104.137	3
104.141	3
104.142	3
104.142	3
104.143	3
104.145	3
104.148	3
104.15	3
104.151	3
104.151	3
104.154	3
104.158	3
104.158	3
104.159	3
104.162	3
104.166	3
104.168	3
104.168	3
104.169	3
104.174	3
104.178	3
104.178	3
104.185	3
104.185	3
104.186	3
104.19	3
104.193	3
104.198	3
104.201	3
104.204	3
104.206	3
104.21	3
104.212	3
104.219	3
104.223	3
104.224	3
104.228	3
104.229	3
104.234	4
104.234	3
104.856	3
104.858	3
104.86	3
104.862	3
104.864	3
104.865	3
104.867	3
104.869	3
104.869	3
104.869	3
104.869	3
104.869	3
104.87	3
104.87	3
104.87	3
104.875	3
104.876	3
104.878	3
104.878	3
104.88	3
104.88	3
104.88	3
104.88	3
104.881	3
104.882	3
104.882	3
104.882	3
104.884	3
104.884	3
104.884	3
104.884	3
104.884	3
104.885	3
104.885	3
104.886	3
104.888	3
104.888	3
104.889	3
104.89	3
104.891	3
104.891	3
104.892	3
104.894	3
104.895	3
104.895	3
104.897	3
104.899	3
104.899	3
104.9	3
104.9	3
104.901	3
104.903	3
104.904	3
104.904	3
104.905	3
104.905	3
104.906	3
104.906	3
104.908	3
104.908	3
104.909	3
104.909	3
104.911	3
104.912	3
104.912	3
104.913	3
104.914	3
104.915	3
104.917	3
104.917	5
104.918	3
104.919	3
104.921	3
104.921	3
104.923	3
104.925	3
104.925	3
104.926	3
104.927	3
104.927	3
104.928	3
104.93	3
104.932	3
104.933	3
104.934	3
104.935	3
104.935	3
104.935	3
104.936	3
104.94	3
104.941	3
104.941	3
104.942	3
104.944	3
104.947	3
104.949	3
104.95	3
104.95	3
104.953	3
104.957	3
104.957	3
104.958	3
104.961	3
104.965	3
104.967	3
104.967	3
104.968	3
104.973	3
104.977	3
104.977	3
104.984	3
104.984	3
104.985	3
104.989	3
104.992	3
104.997	3
105.0	3
105.003	3
105.005	3
105.009	3
105.011	3
105.018	3
105.022	3
105.023	3
105.027	3
105.028	3
105.033	4
105.033	3
105.312	3
105.314	3
105.316	3
105.318	3
105.32	3
105.321	3
105.323	3
105.325	3
105.325	3
105.325	3
105.325	3
105.325	3
105.326	3
105.326	3
105.326	3
105.331	3
105.332	3
105.334	3
105.334	3
105.336	3
105.336	3
105.336	3
105.336	3
105.337	3
105.338	3
105.338	3
105.338	3
105.34	3
105.34	3
105.34	3
105.34	3
105.34	3
105.341	3
105.341	3
105.342	3
105.344	3
105.344	3
105.345	3
105.346	3
105.347	3
105.347	3
105.348	3
105.35	3
105.351	3
105.351	3
105.353	3
105.355	3
105.355	3
105.356	3
105.356	3
105.357	3
105.359	3
105.36	3
105.36	3
105.361	3
105.361	3
105.362	3
105.362	3
105.364	3
105.364	3
105.365	3
105.365	3
105.367	3
105.368	3
105.368	3
105.369	3
105.37	3
105.371	3
105.373	3
105.373	5
105.374	3
105.375	3
105.377	3
105.377	3
105.379	3
105.381	3
105.381	3
105.382	3
105.383	3
105.383	3
105.384	3
105.386	3
105.388	3
105.389	3
105.39	3
105.391	3
105.391	3
105.391	3
105.392	3
105.396	3
105.397	3
105.397	3
105.398	3
105.4	3
105.403	3
105.405	3
105.406	3
105.406	3
105.409	3
105.413	3
105.413	3
105.414	3
105.417	3
105.421	3
105.423	3
105.423	3
105.424	3
105.429	3
105.433	3
105.433	3
105.44	3
105.44	3
105.441	3
105.445	3
105.448	3
105.453	3
105.456	3
105.459	3
105.461	3
105.465	3
105.467	3
105.474	3
105.478	3
105.479	3
105.483	3
105.484	3
105.489	3
105.489	3
105.727	3
105.729	3
105.731	3
105.733	3
105.735	3
105.736	3
105.738	3
105.74	3
105.74	3
105.74	3
105.74	3
105.74	3
105.741	3
105.741	3
105.741	3
105.746	3
105.747	3
105.749	3
105.749	3
105.751	3
105.751	3
105.751	3
105.751	3
105.752	3
105.753	3
105.753	3
105.753	3
105.755	3
105.755	3
105.755	3
105.755	3
105.755	3
105.756	3
105.756	3
105.757	3
105.759	3
105.759	3
105.76	3
105.761	3
105.762	3
105.762	3
105.763	3
105.765	3
105.766	3
105.766	3
105.768	3
105.77	3
105.77	3
105.771	3
105.771	3
105.772	3
105.774	3
105.775	3
105.775	3
105.776	3
105.776	3
105.777	3
105.777	3
105.779	3
105.779	3
105.78	3
105.78	3
105.782	3
105.783	3
105.783	3
105.784	3
105.785	3
105.786	3
105.788	3
105.788	4
105.789	3
105.79	3
105.792	3
105.792	3
105.794	3
105.796	3
105.796	3
105.797	3
105.798	3
105.798	3
105.799	3
105.801	3
105.803	3
105.804	3
105.805	3
105.806	3
105.806	3
105.806	3
105.807	3
105.811	3
105.812	3
105.812	3
105.813	3
105.815	3
105.818	3
105.82	3
105.821	3
105.821	3
105.824	3
105.828	3
105.828	3
105.829	3
105.832	3
105.836	3
105.838	3
105.838	3
105.839	3
105.844	3
105.848	3
105.848	3
105.855	3
105.855	3
105.856	3
105.86	3
105.863	3
105.868	3
105.871	3
105.874	3
105.876	3
105.88	3
105.882	3
105.889	3
105.893	3
105.894	3
105.898	3
105.899	3
105.904	3
105.904	3
106.196	3
106.198	3
106.2	3
106.202	3
106.204	3
106.205	3
106.207	3
106.209	3
106.209	3
106.209	3
106.209	3
106.209	3
106.21	3
106.21	3
106.21	3
106.215	3
106.216	3
106.218	3
106.218	3
106.22	3
106.22	3
106.22	3
106.22	3
106.221	3
106.222	3
106.222	3
106.222	3
106.224	3
106.224	3
106.224	3
106.224	3
106.224	3
106.225	3
106.225	3
106.226	3
106.228	3
106.228	3
106.229	3
106.23	3
106.231	3
106.231	3
106.232	3
106.234	3
106.235	3
106.235	3
106.237	3
106.239	3
106.239	3
106.24	3
106.24	3
106.241	3
106.243	3
106.244	3
106.244	3
106.245	3
106.245	3
106.246	3
106.246	3
106.248	3
106.248	3
106.249	3
106.249	3
106.251	3
106.252	3
106.252	3
106.253	3
106.254	3
106.255	3
106.257	3
106.257	3
106.258	3
106.259	3
106.261	3
106.261	3
106.263	3
106.265	3
106.265	3
106.266	3
106.267	3
106.267	3
106.268	3
106.27	3
106.272	3
106.273	3
106.274	3
106.275	3
106.275	3
106.275	3
106.276	3
106.28	3
106.281	3
106.281	3
106.282	3
106.284	3
106.287	3
106.289	3
106.29	3
106.29	3
106.293	3
106.297	3
106.297	3
106.298	3
106.301	3
106.305	3
106.307	3
106.307	3
106.308	3
106.313	3
106.317	3
106.317	3
106.324	3
106.324	3
106.325	3
106.329	3
106.332	3
106.337	3
106.34	3
106.343	3
106.345	3
106.349	3
106.351	3
106.358	3
106.362	3
106.363	3
106.367	3
106.368	3
106.373	3
106.373	3
